uid,nightuid,namedLocation,domainID,siteID,plotID,trapCoordinate,plotType,nlcdClass,decimalLatitude,decimalLongitude,geodeticDatum,coordinateUncertainty,elevation,elevationUncertainty,trapStatus,trapType,collectDate,endDate,tagID,individualCode,taxonID,scientificName,taxonRank,identificationQualifier,identificationReferences,identificationHistoryID,voucherUpdate,nativeStatusCode,sex,recapture,fate,replacedTag,lifeStage,testes,nipples,pregnancyStatus,vagina,hindfootLength,earLength,tailLength,totalLength,weight,larvalTicksAttached,nymphalTicksAttached,adultTicksAttached,tickNumber,additionalParasites,frozenSamplePrepMethod,bloodSampleID,bloodSampleBarcode,bloodSampleMethod,fecalSampleID,fecalSampleBarcode,fecalSampleCondition,earSampleID,earSampleBarcode,hairSampleID,hairSampleBarcode,hairSampleContents,voucherSampleID,voucherSampleBarcode,measuredBy,recordedBy,remarks,dataQF,dataEntryRecordID
"c2195279-2399-49de-acc0-516b0b45082d","4a16bd33-7c6b-4cf8-a164-eca0d27abdd9","DCFS_006.mammalGrid.mam","D09","DCFS","DCFS_006","B2","distributed","grasslandHerbaceous",47.174408,-99.050112,"WGS84",45.1,496.5,0.2,"6 - trap set and empty","ShermanXLK","2018-05-08","2018-05-08",,,,,,,,,,,,,,,,,,,,,,,,,,,,,,,,,,,,,,,,,,,,,,,,
"c5529a40-27dd-4ff9-ae51-457b38920f07","4a16bd33-7c6b-4cf8-a164-eca0d27abdd9","DCFS_006.mammalGrid.mam","D09","DCFS","DCFS_006","I2","distributed","grasslandHerbaceous",47.174408,-99.050112,"WGS84",45.1,496.5,0.2,"6 - trap set and empty","ShermanXLK","2018-05-08","2018-05-08",,,,,,,,,,,,,,,,,,,,,,,,,,,,,,,,,,,,,,,,,,,,,,,,
"8547cdac-4841-4f5d-b841-bb0ebb3587f5","cb9ba6cc-6a20-4d98-9187-5c1ec737db3f","DCFS_014.mammalGrid.mam","D09","DCFS","DCFS_014","J6","distributed","grasslandHerbaceous",47.120533,-99.056896,"WGS84",45.1,569.2,0.2,"6 - trap set and empty","ShermanXLK","2018-05-08","2018-05-08",,,,,,,,,,,,,,,,,,,,,,,,,,,,,,,,,,,,,,,,,,,,"jschempf@battelleecology.org","elocke@battelleecology.org",,,
"9b2a1a14-daa0-4878-9a5b-399c44aa7773","cb9ba6cc-6a20-4d98-9187-5c1ec737db3f","DCFS_014.mammalGrid.mam","D09","DCFS","DCFS_014","B4","distributed","grasslandHerbaceous",47.120533,-99.056896,"WGS84",45.1,569.2,0.2,"6 - trap set and empty","ShermanXLK","2018-05-08","2018-05-08",,,,,,,,,,,,,,,,,,,,,,,,,,,,,,,,,,,,,,,,,,,,"jschempf@battelleecology.org","elocke@battelleecology.org",,,
"057342eb-4e61-490f-a4a8-d8c86ab20370","cb9ba6cc-6a20-4d98-9187-5c1ec737db3f","DCFS_014.mammalGrid.mam","D09","DCFS","DCFS_014","G1","distributed","grasslandHerbaceous",47.120533,-99.056896,"WGS84",45.1,569.2,0.2,"6 - trap set and empty","ShermanXLK","2018-05-08","2018-05-08",,,,,,,,,,,,,,,,,,,,,,,,,,,,,,,,,,,,,,,,,,,,"jschempf@battelleecology.org","elocke@battelleecology.org",,,
"7b88dc59-d6d4-46f8-92ed-b884e9c4f717","cb9ba6cc-6a20-4d98-9187-5c1ec737db3f","DCFS_014.mammalGrid.mam","D09","DCFS","DCFS_014","F10","distributed","grasslandHerbaceous",47.120533,-99.056896,"WGS84",45.1,569.2,0.2,"6 - trap set and empty","ShermanXLK","2018-05-08","2018-05-08",,,,,,,,,,,,,,,,,,,,,,,,,,,,,,,,,,,,,,,,,,,,"jschempf@battelleecology.org","elocke@battelleecology.org",,,
"d0843d8a-fb53-44f5-938e-8674596b4735","cb9ba6cc-6a20-4d98-9187-5c1ec737db3f","DCFS_014.mammalGrid.mam","D09","DCFS","DCFS_014","B1","distributed","grasslandHerbaceous",47.120533,-99.056896,"WGS84",45.1,569.2,0.2,"6 - trap set and empty","ShermanXLK","2018-05-08","2018-05-08",,,,,,,,,,,,,,,,,,,,,,,,,,,,,,,,,,,,,,,,,,,,"jschempf@battelleecology.org","elocke@battelleecology.org",,,
"04e92a3a-3ee1-45c9-97b4-4653b53aab82","4a16bd33-7c6b-4cf8-a164-eca0d27abdd9","DCFS_006.mammalGrid.mam","D09","DCFS","DCFS_006","F9","distributed","grasslandHerbaceous",47.174408,-99.050112,"WGS84",45.1,496.5,0.2,"6 - trap set and empty","ShermanXLK","2018-05-08","2018-05-08",,,,,,,,,,,,,,,,,,,,,,,,,,,,,,,,,,,,,,,,,,,,,,,,
"6f672a44-dcbc-48f3-b20a-66bdb456dd62","4a16bd33-7c6b-4cf8-a164-eca0d27abdd9","DCFS_006.mammalGrid.mam","D09","DCFS","DCFS_006","I8","distributed","grasslandHerbaceous",47.174408,-99.050112,"WGS84",45.1,496.5,0.2,"6 - trap set and empty","ShermanXLK","2018-05-08","2018-05-08",,,,,,,,,,,,,,,,,,,,,,,,,,,,,,,,,,,,,,,,,,,,,,,,
"c5545f3b-752e-43c1-a3ba-2d0bf6c8bd36","4a16bd33-7c6b-4cf8-a164-eca0d27abdd9","DCFS_006.mammalGrid.mam","D09","DCFS","DCFS_006","I9","distributed","grasslandHerbaceous",47.174408,-99.050112,"WGS84",45.1,496.5,0.2,"6 - trap set and empty","ShermanXLK","2018-05-08","2018-05-08",,,,,,,,,,,,,,,,,,,,,,,,,,,,,,,,,,,,,,,,,,,,,,,,
"81bdb9b1-b5d7-45ab-bdb4-8b40e88af67b","cb9ba6cc-6a20-4d98-9187-5c1ec737db3f","DCFS_014.mammalGrid.mam","D09","DCFS","DCFS_014","F4","distributed","grasslandHerbaceous",47.120533,-99.056896,"WGS84",45.1,569.2,0.2,"6 - trap set and empty","ShermanXLK","2018-05-08","2018-05-08",,,,,,,,,,,,,,,,,,,,,,,,,,,,,,,,,,,,,,,,,,,,"jschempf@battelleecology.org","elocke@battelleecology.org",,,
"d6819a77-7681-48e3-991e-69e6f54a78c6","cb9ba6cc-6a20-4d98-9187-5c1ec737db3f","DCFS_014.mammalGrid.mam","D09","DCFS","DCFS_014","J3","distributed","grasslandHerbaceous",47.120533,-99.056896,"WGS84",45.1,569.2,0.2,"6 - trap set and empty","ShermanXLK","2018-05-08","2018-05-08",,,,,,,,,,,,,,,,,,,,,,,,,,,,,,,,,,,,,,,,,,,,"jschempf@battelleecology.org","elocke@battelleecology.org",,,
"03844fc4-5260-4bf5-9e6a-110c5e5177f4","cb9ba6cc-6a20-4d98-9187-5c1ec737db3f","DCFS_014.mammalGrid.mam","D09","DCFS","DCFS_014","D2","distributed","grasslandHerbaceous",47.120533,-99.056896,"WGS84",45.1,569.2,0.2,"6 - trap set and empty","ShermanXLK","2018-05-08","2018-05-08",,,,,,,,,,,,,,,,,,,,,,,,,,,,,,,,,,,,,,,,,,,,"jschempf@battelleecology.org","elocke@battelleecology.org",,,
"aaea69e4-efdb-4a1a-b7ba-8c987e4d4e6b","4a16bd33-7c6b-4cf8-a164-eca0d27abdd9","DCFS_006.mammalGrid.mam","D09","DCFS","DCFS_006","B4","distributed","grasslandHerbaceous",47.174408,-99.050112,"WGS84",45.1,496.5,0.2,"6 - trap set and empty","ShermanXLK","2018-05-08","2018-05-08",,,,,,,,,,,,,,,,,,,,,,,,,,,,,,,,,,,,,,,,,,,,,,,,
"71247044-ce31-46d9-a720-261715acfd4e","cb9ba6cc-6a20-4d98-9187-5c1ec737db3f","DCFS_014.mammalGrid.mam","D09","DCFS","DCFS_014","A2","distributed","grasslandHerbaceous",47.120533,-99.056896,"WGS84",45.1,569.2,0.2,"6 - trap set and empty","ShermanXLK","2018-05-08","2018-05-08",,,,,,,,,,,,,,,,,,,,,,,,,,,,,,,,,,,,,,,,,,,,"jschempf@battelleecology.org","elocke@battelleecology.org",,,
"e84e5b86-a998-4109-94cf-96a3ee785246","4a16bd33-7c6b-4cf8-a164-eca0d27abdd9","DCFS_006.mammalGrid.mam","D09","DCFS","DCFS_006","H5","distributed","grasslandHerbaceous",47.174408,-99.050112,"WGS84",45.1,496.5,0.2,"6 - trap set and empty","ShermanXLK","2018-05-08","2018-05-08",,,,,,,,,,,,,,,,,,,,,,,,,,,,,,,,,,,,,,,,,,,,,,,,
"97e4eeb3-9b1f-4905-9673-a806f174f294","4a16bd33-7c6b-4cf8-a164-eca0d27abdd9","DCFS_006.mammalGrid.mam","D09","DCFS","DCFS_006","D9","distributed","grasslandHerbaceous",47.174408,-99.050112,"WGS84",45.1,496.5,0.2,"6 - trap set and empty","ShermanXLK","2018-05-08","2018-05-08",,,,,,,,,,,,,,,,,,,,,,,,,,,,,,,,,,,,,,,,,,,,,,,,
"cf2a7698-aa0e-46ec-abb6-8c1053c3f5d0","4a16bd33-7c6b-4cf8-a164-eca0d27abdd9","DCFS_006.mammalGrid.mam","D09","DCFS","DCFS_006","H1","distributed","grasslandHerbaceous",47.174408,-99.050112,"WGS84",45.1,496.5,0.2,"6 - trap set and empty","ShermanXLK","2018-05-08","2018-05-08",,,,,,,,,,,,,,,,,,,,,,,,,,,,,,,,,,,,,,,,,,,,,,,,
"ca8f7332-e592-4a25-b3d8-9aaa7d0a7ce2","cb9ba6cc-6a20-4d98-9187-5c1ec737db3f","DCFS_014.mammalGrid.mam","D09","DCFS","DCFS_014","I7","distributed","grasslandHerbaceous",47.120533,-99.056896,"WGS84",45.1,569.2,0.2,"6 - trap set and empty","ShermanXLK","2018-05-08","2018-05-08",,,,,,,,,,,,,,,,,,,,,,,,,,,,,,,,,,,,,,,,,,,,"jschempf@battelleecology.org","elocke@battelleecology.org",,,
"85eb35fa-f7bb-4673-b097-88a858119049","4a16bd33-7c6b-4cf8-a164-eca0d27abdd9","DCFS_006.mammalGrid.mam","D09","DCFS","DCFS_006","I1","distributed","grasslandHerbaceous",47.174408,-99.050112,"WGS84",45.1,496.5,0.2,"6 - trap set and empty","ShermanXLK","2018-05-08","2018-05-08",,,,,,,,,,,,,,,,,,,,,,,,,,,,,,,,,,,,,,,,,,,,,,,,
"307ec38d-ba38-405b-b9f8-f964ad0aaaae","4a16bd33-7c6b-4cf8-a164-eca0d27abdd9","DCFS_006.mammalGrid.mam","D09","DCFS","DCFS_006","J5","distributed","grasslandHerbaceous",47.174408,-99.050112,"WGS84",45.1,496.5,0.2,"6 - trap set and empty","ShermanXLK","2018-05-08","2018-05-08",,,,,,,,,,,,,,,,,,,,,,,,,,,,,,,,,,,,,,,,,,,,,,,,
"af0ea449-6582-4d07-b159-6b1f465d237f","cb9ba6cc-6a20-4d98-9187-5c1ec737db3f","DCFS_014.mammalGrid.mam","D09","DCFS","DCFS_014","J5","distributed","grasslandHerbaceous",47.120533,-99.056896,"WGS84",45.1,569.2,0.2,"6 - trap set and empty","ShermanXLK","2018-05-08","2018-05-08",,,,,,,,,,,,,,,,,,,,,,,,,,,,,,,,,,,,,,,,,,,,"jschempf@battelleecology.org","elocke@battelleecology.org",,,
"2222fe0b-3e6f-4eb4-89d9-3ae3e693e53a","cb9ba6cc-6a20-4d98-9187-5c1ec737db3f","DCFS_014.mammalGrid.mam","D09","DCFS","DCFS_014","H7","distributed","grasslandHerbaceous",47.120533,-99.056896,"WGS84",45.1,569.2,0.2,"6 - trap set and empty","ShermanXLK","2018-05-08","2018-05-08",,,,,,,,,,,,,,,,,,,,,,,,,,,,,,,,,,,,,,,,,,,,"jschempf@battelleecology.org","elocke@battelleecology.org",,,
"904dbc62-5a1c-4dd3-abf4-9c9855dff105","4a16bd33-7c6b-4cf8-a164-eca0d27abdd9","DCFS_006.mammalGrid.mam","D09","DCFS","DCFS_006","A5","distributed","grasslandHerbaceous",47.174408,-99.050112,"WGS84",45.1,496.5,0.2,"6 - trap set and empty","ShermanXLK","2018-05-08","2018-05-08",,,,,,,,,,,,,,,,,,,,,,,,,,,,,,,,,,,,,,,,,,,,,,,,
"aa9a1ef5-f896-41a9-972b-9cd6e96c35c8","4a16bd33-7c6b-4cf8-a164-eca0d27abdd9","DCFS_006.mammalGrid.mam","D09","DCFS","DCFS_006","H8","distributed","grasslandHerbaceous",47.174408,-99.050112,"WGS84",45.1,496.5,0.2,"6 - trap set and empty","ShermanXLK","2018-05-08","2018-05-08",,,,,,,,,,,,,,,,,,,,,,,,,,,,,,,,,,,,,,,,,,,,,,,,
"b8f1df9c-67aa-4a32-82d6-6b04d2142869","cb9ba6cc-6a20-4d98-9187-5c1ec737db3f","DCFS_014.mammalGrid.mam","D09","DCFS","DCFS_014","C1","distributed","grasslandHerbaceous",47.120533,-99.056896,"WGS84",45.1,569.2,0.2,"6 - trap set and empty","ShermanXLK","2018-05-08","2018-05-08",,,,,,,,,,,,,,,,,,,,,,,,,,,,,,,,,,,,,,,,,,,,"jschempf@battelleecology.org","elocke@battelleecology.org",,,
"2a47b32f-884a-4934-8106-8349d60308c7","cb9ba6cc-6a20-4d98-9187-5c1ec737db3f","DCFS_014.mammalGrid.mam","D09","DCFS","DCFS_014","E4","distributed","grasslandHerbaceous",47.120533,-99.056896,"WGS84",45.1,569.2,0.2,"2 - trap disturbed/door closed but empty","ShermanXLK","2018-05-08","2018-05-08",,,,,,,,,,,,,,,,,,,,,,,,,,,,,,,,,,,,,,,,,,,,"jschempf@battelleecology.org","elocke@battelleecology.org",,,
"4f91e0e0-a865-47b1-8eb9-80471e72d1af","cb9ba6cc-6a20-4d98-9187-5c1ec737db3f","DCFS_014.mammalGrid.mam","D09","DCFS","DCFS_014","J1","distributed","grasslandHerbaceous",47.120533,-99.056896,"WGS84",45.1,569.2,0.2,"6 - trap set and empty","ShermanXLK","2018-05-08","2018-05-08",,,,,,,,,,,,,,,,,,,,,,,,,,,,,,,,,,,,,,,,,,,,"jschempf@battelleecology.org","elocke@battelleecology.org",,,
"8884b4be-3de6-4832-9a3a-8b09b7833e4f","cb9ba6cc-6a20-4d98-9187-5c1ec737db3f","DCFS_014.mammalGrid.mam","D09","DCFS","DCFS_014","I9","distributed","grasslandHerbaceous",47.120533,-99.056896,"WGS84",45.1,569.2,0.2,"6 - trap set and empty","ShermanXLK","2018-05-08","2018-05-08",,,,,,,,,,,,,,,,,,,,,,,,,,,,,,,,,,,,,,,,,,,,"jschempf@battelleecology.org","elocke@battelleecology.org",,,
"c06310ef-030f-4d50-816f-80e8747d5522","cb9ba6cc-6a20-4d98-9187-5c1ec737db3f","DCFS_014.mammalGrid.mam","D09","DCFS","DCFS_014","I10","distributed","grasslandHerbaceous",47.120533,-99.056896,"WGS84",45.1,569.2,0.2,"6 - trap set and empty","ShermanXLK","2018-05-08","2018-05-08",,,,,,,,,,,,,,,,,,,,,,,,,,,,,,,,,,,,,,,,,,,,"jschempf@battelleecology.org","elocke@battelleecology.org",,,
"4463c777-5ac1-494a-9bbc-c20d01b94e48","4a16bd33-7c6b-4cf8-a164-eca0d27abdd9","DCFS_006.mammalGrid.mam","D09","DCFS","DCFS_006","C9","distributed","grasslandHerbaceous",47.174408,-99.050112,"WGS84",45.1,496.5,0.2,"6 - trap set and empty","ShermanXLK","2018-05-08","2018-05-08",,,,,,,,,,,,,,,,,,,,,,,,,,,,,,,,,,,,,,,,,,,,,,,,
"c0012586-0823-41eb-a3c0-69bad77035e8","4a16bd33-7c6b-4cf8-a164-eca0d27abdd9","DCFS_006.mammalGrid.mam","D09","DCFS","DCFS_006","F6","distributed","grasslandHerbaceous",47.174408,-99.050112,"WGS84",45.1,496.5,0.2,"6 - trap set and empty","ShermanXLK","2018-05-08","2018-05-08",,,,,,,,,,,,,,,,,,,,,,,,,,,,,,,,,,,,,,,,,,,,,,,,
"a209e9b6-fc1e-4f93-87d9-64f0526dcbaf","cb9ba6cc-6a20-4d98-9187-5c1ec737db3f","DCFS_014.mammalGrid.mam","D09","DCFS","DCFS_014","J9","distributed","grasslandHerbaceous",47.120533,-99.056896,"WGS84",45.1,569.2,0.2,"5 - capture","ShermanXLK","2018-05-08","2018-05-08","NEON.MAM.D09.R3866",,"PEMA","Peromyscus maniculatus","species",,,,,"N","M","N","released",,"adult","scrotal",,,,16,,,,20,"N","N","N",,,,"DCFS.20180508.R3866.B","D00000011240","mandibular - QNS","DCFS.20180508.R3866.F","D00000011171","fresh","DCFS.20180508.R3866.E","D00000011184",,,,,,"jschempf@battelleecology.org","elocke@battelleecology.org",,,
"4c44181d-b20a-42af-a226-f07d22709e56","cb9ba6cc-6a20-4d98-9187-5c1ec737db3f","DCFS_014.mammalGrid.mam","D09","DCFS","DCFS_014","G3","distributed","grasslandHerbaceous",47.120533,-99.056896,"WGS84",45.1,569.2,0.2,"6 - trap set and empty","ShermanXLK","2018-05-08","2018-05-08",,,,,,,,,,,,,,,,,,,,,,,,,,,,,,,,,,,,,,,,,,,,"jschempf@battelleecology.org","elocke@battelleecology.org",,,
"238d757a-8faa-423a-930f-ba95c6b57f3b","4a16bd33-7c6b-4cf8-a164-eca0d27abdd9","DCFS_006.mammalGrid.mam","D09","DCFS","DCFS_006","F10","distributed","grasslandHerbaceous",47.174408,-99.050112,"WGS84",45.1,496.5,0.2,"6 - trap set and empty","ShermanXLK","2018-05-08","2018-05-08",,,,,,,,,,,,,,,,,,,,,,,,,,,,,,,,,,,,,,,,,,,,,,,,
"590a175f-e3ba-44d5-9b47-6a7e082311aa","4a16bd33-7c6b-4cf8-a164-eca0d27abdd9","DCFS_006.mammalGrid.mam","D09","DCFS","DCFS_006","B10","distributed","grasslandHerbaceous",47.174408,-99.050112,"WGS84",45.1,496.5,0.2,"6 - trap set and empty","ShermanXLK","2018-05-08","2018-05-08",,,,,,,,,,,,,,,,,,,,,,,,,,,,,,,,,,,,,,,,,,,,,,,,
"1fcad11d-c710-4281-b354-1fdad0797950","cb9ba6cc-6a20-4d98-9187-5c1ec737db3f","DCFS_014.mammalGrid.mam","D09","DCFS","DCFS_014","H10","distributed","grasslandHerbaceous",47.120533,-99.056896,"WGS84",45.1,569.2,0.2,"6 - trap set and empty","ShermanXLK","2018-05-08","2018-05-08",,,,,,,,,,,,,,,,,,,,,,,,,,,,,,,,,,,,,,,,,,,,"jschempf@battelleecology.org","elocke@battelleecology.org",,,
"b5e8b4b9-8d7f-4a64-b994-cd5e9447cff4","4a16bd33-7c6b-4cf8-a164-eca0d27abdd9","DCFS_006.mammalGrid.mam","D09","DCFS","DCFS_006","J4","distributed","grasslandHerbaceous",47.174408,-99.050112,"WGS84",45.1,496.5,0.2,"6 - trap set and empty","ShermanXLK","2018-05-08","2018-05-08",,,,,,,,,,,,,,,,,,,,,,,,,,,,,,,,,,,,,,,,,,,,,,,,
"753e7d23-d62a-47b8-ae80-97fc350c7482","4a16bd33-7c6b-4cf8-a164-eca0d27abdd9","DCFS_006.mammalGrid.mam","D09","DCFS","DCFS_006","C4","distributed","grasslandHerbaceous",47.174408,-99.050112,"WGS84",45.1,496.5,0.2,"6 - trap set and empty","ShermanXLK","2018-05-08","2018-05-08",,,,,,,,,,,,,,,,,,,,,,,,,,,,,,,,,,,,,,,,,,,,,,,,
"bfa73fed-60ca-47a8-875b-4edab694fdef","cb9ba6cc-6a20-4d98-9187-5c1ec737db3f","DCFS_014.mammalGrid.mam","D09","DCFS","DCFS_014","C5","distributed","grasslandHerbaceous",47.120533,-99.056896,"WGS84",45.1,569.2,0.2,"6 - trap set and empty","ShermanXLK","2018-05-08","2018-05-08",,,,,,,,,,,,,,,,,,,,,,,,,,,,,,,,,,,,,,,,,,,,"jschempf@battelleecology.org","elocke@battelleecology.org",,,
"afad520b-1716-48b1-a742-b7fdeb3ca8f7","cb9ba6cc-6a20-4d98-9187-5c1ec737db3f","DCFS_014.mammalGrid.mam","D09","DCFS","DCFS_014","A8","distributed","grasslandHerbaceous",47.120533,-99.056896,"WGS84",45.1,569.2,0.2,"5 - capture","ShermanXLK","2018-05-08","2018-05-08","NEON.MAM.D09.R3863",,"MIPE","Microtus pennsylvanicus","species",,"Other (describe in remarks)",,,"N","M","N","released",,"adult","scrotal",,,,19,,,,33,"N","N","N",,,,"DCFS.20180508.R3863.B","D00000011187","mandibular - QNS","DCFS.20180508.R3863.F","D00000011244","fresh","DCFS.20180508.R3863.E","D00000011246","DCFS.20180508.R3863.H","A00000016606","hairAndWhisker",,,"jschempf@battelleecology.org","elocke@battelleecology.org",,,
"c40ed994-5a9a-4b6e-8267-902923d6f800","4a16bd33-7c6b-4cf8-a164-eca0d27abdd9","DCFS_006.mammalGrid.mam","D09","DCFS","DCFS_006","D8","distributed","grasslandHerbaceous",47.174408,-99.050112,"WGS84",45.1,496.5,0.2,"6 - trap set and empty","ShermanXLK","2018-05-08","2018-05-08",,,,,,,,,,,,,,,,,,,,,,,,,,,,,,,,,,,,,,,,,,,,,,,,
"2125826e-bd82-4d9b-a6be-0b549ab577f4","cb9ba6cc-6a20-4d98-9187-5c1ec737db3f","DCFS_014.mammalGrid.mam","D09","DCFS","DCFS_014","F7","distributed","grasslandHerbaceous",47.120533,-99.056896,"WGS84",45.1,569.2,0.2,"6 - trap set and empty","ShermanXLK","2018-05-08","2018-05-08",,,,,,,,,,,,,,,,,,,,,,,,,,,,,,,,,,,,,,,,,,,,"jschempf@battelleecology.org","elocke@battelleecology.org",,,
"8f98e2f4-0778-48cd-83e0-d3e671e71ebd","4a16bd33-7c6b-4cf8-a164-eca0d27abdd9","DCFS_006.mammalGrid.mam","D09","DCFS","DCFS_006","J3","distributed","grasslandHerbaceous",47.174408,-99.050112,"WGS84",45.1,496.5,0.2,"6 - trap set and empty","ShermanXLK","2018-05-08","2018-05-08",,,,,,,,,,,,,,,,,,,,,,,,,,,,,,,,,,,,,,,,,,,,,,,,
"9ec7908e-65d9-46df-8806-e5d1d21010b4","cb9ba6cc-6a20-4d98-9187-5c1ec737db3f","DCFS_014.mammalGrid.mam","D09","DCFS","DCFS_014","J7","distributed","grasslandHerbaceous",47.120533,-99.056896,"WGS84",45.1,569.2,0.2,"6 - trap set and empty","ShermanXLK","2018-05-08","2018-05-08",,,,,,,,,,,,,,,,,,,,,,,,,,,,,,,,,,,,,,,,,,,,"jschempf@battelleecology.org","elocke@battelleecology.org",,,
"5a1bdda3-b652-4d72-8148-9b87f49c5057","4a16bd33-7c6b-4cf8-a164-eca0d27abdd9","DCFS_006.mammalGrid.mam","D09","DCFS","DCFS_006","D7","distributed","grasslandHerbaceous",47.174408,-99.050112,"WGS84",45.1,496.5,0.2,"6 - trap set and empty","ShermanXLK","2018-05-08","2018-05-08",,,,,,,,,,,,,,,,,,,,,,,,,,,,,,,,,,,,,,,,,,,,,,,,
"4f271e17-6551-4263-828e-36f4c6118aaf","4a16bd33-7c6b-4cf8-a164-eca0d27abdd9","DCFS_006.mammalGrid.mam","D09","DCFS","DCFS_006","B7","distributed","grasslandHerbaceous",47.174408,-99.050112,"WGS84",45.1,496.5,0.2,"6 - trap set and empty","ShermanXLK","2018-05-08","2018-05-08",,,,,,,,,,,,,,,,,,,,,,,,,,,,,,,,,,,,,,,,,,,,,,,,
"73ceb9f2-b0d2-44b7-ab64-694742cfa1d2","cb9ba6cc-6a20-4d98-9187-5c1ec737db3f","DCFS_014.mammalGrid.mam","D09","DCFS","DCFS_014","F6","distributed","grasslandHerbaceous",47.120533,-99.056896,"WGS84",45.1,569.2,0.2,"6 - trap set and empty","ShermanXLK","2018-05-08","2018-05-08",,,,,,,,,,,,,,,,,,,,,,,,,,,,,,,,,,,,,,,,,,,,"jschempf@battelleecology.org","elocke@battelleecology.org",,,
"99cef509-2fa3-448f-9f14-e674517d2d46","4a16bd33-7c6b-4cf8-a164-eca0d27abdd9","DCFS_006.mammalGrid.mam","D09","DCFS","DCFS_006","D6","distributed","grasslandHerbaceous",47.174408,-99.050112,"WGS84",45.1,496.5,0.2,"6 - trap set and empty","ShermanXLK","2018-05-08","2018-05-08",,,,,,,,,,,,,,,,,,,,,,,,,,,,,,,,,,,,,,,,,,,,,,,,
"59c057a0-58b6-47d5-a079-e8e3ea30c80e","4a16bd33-7c6b-4cf8-a164-eca0d27abdd9","DCFS_006.mammalGrid.mam","D09","DCFS","DCFS_006","G7","distributed","grasslandHerbaceous",47.174408,-99.050112,"WGS84",45.1,496.5,0.2,"6 - trap set and empty","ShermanXLK","2018-05-08","2018-05-08",,,,,,,,,,,,,,,,,,,,,,,,,,,,,,,,,,,,,,,,,,,,,,,,
"499c0989-5149-4a6f-a02d-f011a50c8eb5","cb9ba6cc-6a20-4d98-9187-5c1ec737db3f","DCFS_014.mammalGrid.mam","D09","DCFS","DCFS_014","E7","distributed","grasslandHerbaceous",47.120533,-99.056896,"WGS84",45.1,569.2,0.2,"6 - trap set and empty","ShermanXLK","2018-05-08","2018-05-08",,,,,,,,,,,,,,,,,,,,,,,,,,,,,,,,,,,,,,,,,,,,"jschempf@battelleecology.org","elocke@battelleecology.org",,,
"d4699604-bcb5-4f3f-b021-5ad42ca101f6","4a16bd33-7c6b-4cf8-a164-eca0d27abdd9","DCFS_006.mammalGrid.mam","D09","DCFS","DCFS_006","J7","distributed","grasslandHerbaceous",47.174408,-99.050112,"WGS84",45.1,496.5,0.2,"6 - trap set and empty","ShermanXLK","2018-05-08","2018-05-08",,,,,,,,,,,,,,,,,,,,,,,,,,,,,,,,,,,,,,,,,,,,,,,,
"242b297a-e0e6-4e8b-bc34-7c8d5600c824","4a16bd33-7c6b-4cf8-a164-eca0d27abdd9","DCFS_006.mammalGrid.mam","D09","DCFS","DCFS_006","I6","distributed","grasslandHerbaceous",47.174408,-99.050112,"WGS84",45.1,496.5,0.2,"6 - trap set and empty","ShermanXLK","2018-05-08","2018-05-08",,,,,,,,,,,,,,,,,,,,,,,,,,,,,,,,,,,,,,,,,,,,,,,,
"8709d3aa-373e-4e5b-bf6b-edb89d01c7da","cb9ba6cc-6a20-4d98-9187-5c1ec737db3f","DCFS_014.mammalGrid.mam","D09","DCFS","DCFS_014","A5","distributed","grasslandHerbaceous",47.120533,-99.056896,"WGS84",45.1,569.2,0.2,"6 - trap set and empty","ShermanXLK","2018-05-08","2018-05-08",,,,,,,,,,,,,,,,,,,,,,,,,,,,,,,,,,,,,,,,,,,,"jschempf@battelleecology.org","elocke@battelleecology.org",,,
"e3cdf0ec-9ba1-43ea-a24d-e97164c00801","4a16bd33-7c6b-4cf8-a164-eca0d27abdd9","DCFS_006.mammalGrid.mam","D09","DCFS","DCFS_006","G3","distributed","grasslandHerbaceous",47.174408,-99.050112,"WGS84",45.1,496.5,0.2,"6 - trap set and empty","ShermanXLK","2018-05-08","2018-05-08",,,,,,,,,,,,,,,,,,,,,,,,,,,,,,,,,,,,,,,,,,,,,,,,
"8704ab88-440d-49e5-a0d0-df722014e24e","cb9ba6cc-6a20-4d98-9187-5c1ec737db3f","DCFS_014.mammalGrid.mam","D09","DCFS","DCFS_014","D7","distributed","grasslandHerbaceous",47.120533,-99.056896,"WGS84",45.1,569.2,0.2,"6 - trap set and empty","ShermanXLK","2018-05-08","2018-05-08",,,,,,,,,,,,,,,,,,,,,,,,,,,,,,,,,,,,,,,,,,,,"jschempf@battelleecology.org","elocke@battelleecology.org",,,
"0ad19dcf-1e5d-42f3-bb6a-bd39c86023dc","4a16bd33-7c6b-4cf8-a164-eca0d27abdd9","DCFS_006.mammalGrid.mam","D09","DCFS","DCFS_006","B8","distributed","grasslandHerbaceous",47.174408,-99.050112,"WGS84",45.1,496.5,0.2,"6 - trap set and empty","ShermanXLK","2018-05-08","2018-05-08",,,,,,,,,,,,,,,,,,,,,,,,,,,,,,,,,,,,,,,,,,,,,,,,
"9f6e9691-e9b2-4ec9-802d-49b460b0538b","cb9ba6cc-6a20-4d98-9187-5c1ec737db3f","DCFS_014.mammalGrid.mam","D09","DCFS","DCFS_014","B8","distributed","grasslandHerbaceous",47.120533,-99.056896,"WGS84",45.1,569.2,0.2,"6 - trap set and empty","ShermanXLK","2018-05-08","2018-05-08",,,,,,,,,,,,,,,,,,,,,,,,,,,,,,,,,,,,,,,,,,,,"jschempf@battelleecology.org","elocke@battelleecology.org",,,
"576836dd-3b94-45fa-ba01-876f5a125829","cb9ba6cc-6a20-4d98-9187-5c1ec737db3f","DCFS_014.mammalGrid.mam","D09","DCFS","DCFS_014","B3","distributed","grasslandHerbaceous",47.120533,-99.056896,"WGS84",45.1,569.2,0.2,"6 - trap set and empty","ShermanXLK","2018-05-08","2018-05-08",,,,,,,,,,,,,,,,,,,,,,,,,,,,,,,,,,,,,,,,,,,,"jschempf@battelleecology.org","elocke@battelleecology.org",,,
"953d9460-5d01-40a4-b045-37df2c471329","cb9ba6cc-6a20-4d98-9187-5c1ec737db3f","DCFS_014.mammalGrid.mam","D09","DCFS","DCFS_014","J2","distributed","grasslandHerbaceous",47.120533,-99.056896,"WGS84",45.1,569.2,0.2,"6 - trap set and empty","ShermanXLK","2018-05-08","2018-05-08",,,,,,,,,,,,,,,,,,,,,,,,,,,,,,,,,,,,,,,,,,,,"jschempf@battelleecology.org","elocke@battelleecology.org",,,
"1f5a8691-3958-4e39-bf32-f3513e76e9ee","4a16bd33-7c6b-4cf8-a164-eca0d27abdd9","DCFS_006.mammalGrid.mam","D09","DCFS","DCFS_006","D3","distributed","grasslandHerbaceous",47.174408,-99.050112,"WGS84",45.1,496.5,0.2,"6 - trap set and empty","ShermanXLK","2018-05-08","2018-05-08",,,,,,,,,,,,,,,,,,,,,,,,,,,,,,,,,,,,,,,,,,,,,,,,
"6095ed0e-a02e-432e-98c5-0f63bd6d1c07","4a16bd33-7c6b-4cf8-a164-eca0d27abdd9","DCFS_006.mammalGrid.mam","D09","DCFS","DCFS_006","F7","distributed","grasslandHerbaceous",47.174408,-99.050112,"WGS84",45.1,496.5,0.2,"6 - trap set and empty","ShermanXLK","2018-05-08","2018-05-08",,,,,,,,,,,,,,,,,,,,,,,,,,,,,,,,,,,,,,,,,,,,,,,,
"e2a27905-7183-48ce-aeff-b1cf4e13c75e","cb9ba6cc-6a20-4d98-9187-5c1ec737db3f","DCFS_014.mammalGrid.mam","D09","DCFS","DCFS_014","B7","distributed","grasslandHerbaceous",47.120533,-99.056896,"WGS84",45.1,569.2,0.2,"6 - trap set and empty","ShermanXLK","2018-05-08","2018-05-08",,,,,,,,,,,,,,,,,,,,,,,,,,,,,,,,,,,,,,,,,,,,"jschempf@battelleecology.org","elocke@battelleecology.org",,,
"912b1e90-2069-41dc-849e-edd27a384d29","4a16bd33-7c6b-4cf8-a164-eca0d27abdd9","DCFS_006.mammalGrid.mam","D09","DCFS","DCFS_006","D2","distributed","grasslandHerbaceous",47.174408,-99.050112,"WGS84",45.1,496.5,0.2,"6 - trap set and empty","ShermanXLK","2018-05-08","2018-05-08",,,,,,,,,,,,,,,,,,,,,,,,,,,,,,,,,,,,,,,,,,,,,,,,
"ca69fd89-cb71-43b1-bcb2-d7154467ad7c","cb9ba6cc-6a20-4d98-9187-5c1ec737db3f","DCFS_014.mammalGrid.mam","D09","DCFS","DCFS_014","E6","distributed","grasslandHerbaceous",47.120533,-99.056896,"WGS84",45.1,569.2,0.2,"6 - trap set and empty","ShermanXLK","2018-05-08","2018-05-08",,,,,,,,,,,,,,,,,,,,,,,,,,,,,,,,,,,,,,,,,,,,"jschempf@battelleecology.org","elocke@battelleecology.org",,,
"7b76a62d-3791-406b-9af8-e381c265ab3c","cb9ba6cc-6a20-4d98-9187-5c1ec737db3f","DCFS_014.mammalGrid.mam","D09","DCFS","DCFS_014","H3","distributed","grasslandHerbaceous",47.120533,-99.056896,"WGS84",45.1,569.2,0.2,"6 - trap set and empty","ShermanXLK","2018-05-08","2018-05-08",,,,,,,,,,,,,,,,,,,,,,,,,,,,,,,,,,,,,,,,,,,,"jschempf@battelleecology.org","elocke@battelleecology.org",,,
"67497cd4-9094-4be3-bbe5-cf836e9c8946","4a16bd33-7c6b-4cf8-a164-eca0d27abdd9","DCFS_006.mammalGrid.mam","D09","DCFS","DCFS_006","H7","distributed","grasslandHerbaceous",47.174408,-99.050112,"WGS84",45.1,496.5,0.2,"6 - trap set and empty","ShermanXLK","2018-05-08","2018-05-08",,,,,,,,,,,,,,,,,,,,,,,,,,,,,,,,,,,,,,,,,,,,,,,,
"ddf7599d-71be-4131-a529-b5ff63c8aa3f","4a16bd33-7c6b-4cf8-a164-eca0d27abdd9","DCFS_006.mammalGrid.mam","D09","DCFS","DCFS_006","G8","distributed","grasslandHerbaceous",47.174408,-99.050112,"WGS84",45.1,496.5,0.2,"6 - trap set and empty","ShermanXLK","2018-05-08","2018-05-08",,,,,,,,,,,,,,,,,,,,,,,,,,,,,,,,,,,,,,,,,,,,,,,,
"fa20790b-d8c3-4c19-a19e-654c3b7f2c1e","cb9ba6cc-6a20-4d98-9187-5c1ec737db3f","DCFS_014.mammalGrid.mam","D09","DCFS","DCFS_014","A9","distributed","grasslandHerbaceous",47.120533,-99.056896,"WGS84",45.1,569.2,0.2,"6 - trap set and empty","ShermanXLK","2018-05-08","2018-05-08",,,,,,,,,,,,,,,,,,,,,,,,,,,,,,,,,,,,,,,,,,,,"jschempf@battelleecology.org","elocke@battelleecology.org",,,
"bf678dd0-27af-4251-977b-f5a3f8d1a9e2","cb9ba6cc-6a20-4d98-9187-5c1ec737db3f","DCFS_014.mammalGrid.mam","D09","DCFS","DCFS_014","I2","distributed","grasslandHerbaceous",47.120533,-99.056896,"WGS84",45.1,569.2,0.2,"6 - trap set and empty","ShermanXLK","2018-05-08","2018-05-08",,,,,,,,,,,,,,,,,,,,,,,,,,,,,,,,,,,,,,,,,,,,"jschempf@battelleecology.org","elocke@battelleecology.org",,,
"bdd1eb4e-924f-4019-9ebb-cd90014bf5aa","cb9ba6cc-6a20-4d98-9187-5c1ec737db3f","DCFS_014.mammalGrid.mam","D09","DCFS","DCFS_014","B10","distributed","grasslandHerbaceous",47.120533,-99.056896,"WGS84",45.1,569.2,0.2,"5 - capture","ShermanXLK","2018-05-08","2018-05-08","NEON.MAM.D09.R3864",,"MIPE","Microtus pennsylvanicus","species",,,,,"N","F","N","released",,"adult",,"nonenlarged","not","neither",18,,,,25,"N","N","N",,,,,,"unsuccessful","DCFS.20180508.R3864.F","D00000011238","fresh","DCFS.20180508.R3864.E","D00000011247","DCFS.20180508.R3864.H","A00000016607","hairAndWhisker",,,"jschempf@battelleecology.org","elocke@battelleecology.org",,,
"43042050-a6fb-4322-86a8-0ef4fca63675","cb9ba6cc-6a20-4d98-9187-5c1ec737db3f","DCFS_014.mammalGrid.mam","D09","DCFS","DCFS_014","J8","distributed","grasslandHerbaceous",47.120533,-99.056896,"WGS84",45.1,569.2,0.2,"6 - trap set and empty","ShermanXLK","2018-05-08","2018-05-08",,,,,,,,,,,,,,,,,,,,,,,,,,,,,,,,,,,,,,,,,,,,"jschempf@battelleecology.org","elocke@battelleecology.org",,,
"cd2df8b7-10c4-4bcb-865a-d8173204ed1a","cb9ba6cc-6a20-4d98-9187-5c1ec737db3f","DCFS_014.mammalGrid.mam","D09","DCFS","DCFS_014","C6","distributed","grasslandHerbaceous",47.120533,-99.056896,"WGS84",45.1,569.2,0.2,"6 - trap set and empty","ShermanXLK","2018-05-08","2018-05-08",,,,,,,,,,,,,,,,,,,,,,,,,,,,,,,,,,,,,,,,,,,,"jschempf@battelleecology.org","elocke@battelleecology.org",,,
"6a1e22fa-f47e-4c3c-b3d9-f4db16dbdb25","4a16bd33-7c6b-4cf8-a164-eca0d27abdd9","DCFS_006.mammalGrid.mam","D09","DCFS","DCFS_006","C2","distributed","grasslandHerbaceous",47.174408,-99.050112,"WGS84",45.1,496.5,0.2,"6 - trap set and empty","ShermanXLK","2018-05-08","2018-05-08",,,,,,,,,,,,,,,,,,,,,,,,,,,,,,,,,,,,,,,,,,,,,,,,
"3b022d91-40f9-446b-8da5-fa028ddb885e","cb9ba6cc-6a20-4d98-9187-5c1ec737db3f","DCFS_014.mammalGrid.mam","D09","DCFS","DCFS_014","E10","distributed","grasslandHerbaceous",47.120533,-99.056896,"WGS84",45.1,569.2,0.2,"6 - trap set and empty","ShermanXLK","2018-05-08","2018-05-08",,,,,,,,,,,,,,,,,,,,,,,,,,,,,,,,,,,,,,,,,,,,"jschempf@battelleecology.org","elocke@battelleecology.org",,,
"551f969a-80c6-47b1-a879-54667ef27cc6","cb9ba6cc-6a20-4d98-9187-5c1ec737db3f","DCFS_014.mammalGrid.mam","D09","DCFS","DCFS_014","B2","distributed","grasslandHerbaceous",47.120533,-99.056896,"WGS84",45.1,569.2,0.2,"6 - trap set and empty","ShermanXLK","2018-05-08","2018-05-08",,,,,,,,,,,,,,,,,,,,,,,,,,,,,,,,,,,,,,,,,,,,"jschempf@battelleecology.org","elocke@battelleecology.org",,,
"d3e78c55-a1e8-4f51-8a54-53e9f6702fdf","4a16bd33-7c6b-4cf8-a164-eca0d27abdd9","DCFS_006.mammalGrid.mam","D09","DCFS","DCFS_006","I10","distributed","grasslandHerbaceous",47.174408,-99.050112,"WGS84",45.1,496.5,0.2,"6 - trap set and empty","ShermanXLK","2018-05-08","2018-05-08",,,,,,,,,,,,,,,,,,,,,,,,,,,,,,,,,,,,,,,,,,,,,,,,
"b57dd3cc-23fd-4ac7-b11d-28a864632b46","cb9ba6cc-6a20-4d98-9187-5c1ec737db3f","DCFS_014.mammalGrid.mam","D09","DCFS","DCFS_014","D1","distributed","grasslandHerbaceous",47.120533,-99.056896,"WGS84",45.1,569.2,0.2,"6 - trap set and empty","ShermanXLK","2018-05-08","2018-05-08",,,,,,,,,,,,,,,,,,,,,,,,,,,,,,,,,,,,,,,,,,,,"jschempf@battelleecology.org","elocke@battelleecology.org",,,
"26766f46-7ed3-4cb5-91ae-20717f709878","cb9ba6cc-6a20-4d98-9187-5c1ec737db3f","DCFS_014.mammalGrid.mam","D09","DCFS","DCFS_014","F9","distributed","grasslandHerbaceous",47.120533,-99.056896,"WGS84",45.1,569.2,0.2,"6 - trap set and empty","ShermanXLK","2018-05-08","2018-05-08",,,,,,,,,,,,,,,,,,,,,,,,,,,,,,,,,,,,,,,,,,,,"jschempf@battelleecology.org","elocke@battelleecology.org",,,
"41bf25cb-91a4-48e4-bc73-68a78047cb5f","cb9ba6cc-6a20-4d98-9187-5c1ec737db3f","DCFS_014.mammalGrid.mam","D09","DCFS","DCFS_014","D10","distributed","grasslandHerbaceous",47.120533,-99.056896,"WGS84",45.1,569.2,0.2,"1 - trap not set","ShermanXLK","2018-05-08","2018-05-08",,,,,,,,,,,,,,,,,,,,,,,,,,,,,,,,,,,,,,,,,,,,"jschempf@battelleecology.org","elocke@battelleecology.org","Treadle too tight",,
"38eaf062-7960-45bd-a6b0-deb310f58928","4a16bd33-7c6b-4cf8-a164-eca0d27abdd9","DCFS_006.mammalGrid.mam","D09","DCFS","DCFS_006","J8","distributed","grasslandHerbaceous",47.174408,-99.050112,"WGS84",45.1,496.5,0.2,"6 - trap set and empty","ShermanXLK","2018-05-08","2018-05-08",,,,,,,,,,,,,,,,,,,,,,,,,,,,,,,,,,,,,,,,,,,,,,,,
"d2c884ec-0d76-40c7-8d6f-33222511089f","cb9ba6cc-6a20-4d98-9187-5c1ec737db3f","DCFS_014.mammalGrid.mam","D09","DCFS","DCFS_014","H2","distributed","grasslandHerbaceous",47.120533,-99.056896,"WGS84",45.1,569.2,0.2,"6 - trap set and empty","ShermanXLK","2018-05-08","2018-05-08",,,,,,,,,,,,,,,,,,,,,,,,,,,,,,,,,,,,,,,,,,,,"jschempf@battelleecology.org","elocke@battelleecology.org",,,
"e0207348-3db1-4066-8007-7e0229aa2346","4a16bd33-7c6b-4cf8-a164-eca0d27abdd9","DCFS_006.mammalGrid.mam","D09","DCFS","DCFS_006","A3","distributed","grasslandHerbaceous",47.174408,-99.050112,"WGS84",45.1,496.5,0.2,"6 - trap set and empty","ShermanXLK","2018-05-08","2018-05-08",,,,,,,,,,,,,,,,,,,,,,,,,,,,,,,,,,,,,,,,,,,,,,,,
"2fc85abc-6fa8-4a6b-bf56-f72361e86715","cb9ba6cc-6a20-4d98-9187-5c1ec737db3f","DCFS_014.mammalGrid.mam","D09","DCFS","DCFS_014","H5","distributed","grasslandHerbaceous",47.120533,-99.056896,"WGS84",45.1,569.2,0.2,"6 - trap set and empty","ShermanXLK","2018-05-08","2018-05-08",,,,,,,,,,,,,,,,,,,,,,,,,,,,,,,,,,,,,,,,,,,,"jschempf@battelleecology.org","elocke@battelleecology.org",,,
"abfc6ced-4150-4bcc-8d00-522f858876c0","4a16bd33-7c6b-4cf8-a164-eca0d27abdd9","DCFS_006.mammalGrid.mam","D09","DCFS","DCFS_006","C7","distributed","grasslandHerbaceous",47.174408,-99.050112,"WGS84",45.1,496.5,0.2,"6 - trap set and empty","ShermanXLK","2018-05-08","2018-05-08",,,,,,,,,,,,,,,,,,,,,,,,,,,,,,,,,,,,,,,,,,,,,,,,
"1bf117cb-2571-4e55-972a-0ce846c13ee0","cb9ba6cc-6a20-4d98-9187-5c1ec737db3f","DCFS_014.mammalGrid.mam","D09","DCFS","DCFS_014","E3","distributed","grasslandHerbaceous",47.120533,-99.056896,"WGS84",45.1,569.2,0.2,"6 - trap set and empty","ShermanXLK","2018-05-08","2018-05-08",,,,,,,,,,,,,,,,,,,,,,,,,,,,,,,,,,,,,,,,,,,,"jschempf@battelleecology.org","elocke@battelleecology.org",,,
"8307d00d-76fd-408a-855d-43e8e78e3dcb","cb9ba6cc-6a20-4d98-9187-5c1ec737db3f","DCFS_014.mammalGrid.mam","D09","DCFS","DCFS_014","D5","distributed","grasslandHerbaceous",47.120533,-99.056896,"WGS84",45.1,569.2,0.2,"1 - trap not set","ShermanXLK","2018-05-08","2018-05-08",,,,,,,,,,,,,,,,,,,,,,,,,,,,,,,,,,,,,,,,,,,,"jschempf@battelleecology.org","elocke@battelleecology.org","Door wouldn't fully open",,
"49127c41-ff97-4966-b0fd-4f2f397286c7","4a16bd33-7c6b-4cf8-a164-eca0d27abdd9","DCFS_006.mammalGrid.mam","D09","DCFS","DCFS_006","I4","distributed","grasslandHerbaceous",47.174408,-99.050112,"WGS84",45.1,496.5,0.2,"6 - trap set and empty","ShermanXLK","2018-05-08","2018-05-08",,,,,,,,,,,,,,,,,,,,,,,,,,,,,,,,,,,,,,,,,,,,,,,,
"087f804a-aa40-4590-a76c-daf211c8cca1","4a16bd33-7c6b-4cf8-a164-eca0d27abdd9","DCFS_006.mammalGrid.mam","D09","DCFS","DCFS_006","G5","distributed","grasslandHerbaceous",47.174408,-99.050112,"WGS84",45.1,496.5,0.2,"6 - trap set and empty","ShermanXLK","2018-05-08","2018-05-08",,,,,,,,,,,,,,,,,,,,,,,,,,,,,,,,,,,,,,,,,,,,,,,,
"4f5076e5-a433-4e9c-b754-61ad4d1b2ead","4a16bd33-7c6b-4cf8-a164-eca0d27abdd9","DCFS_006.mammalGrid.mam","D09","DCFS","DCFS_006","H4","distributed","grasslandHerbaceous",47.174408,-99.050112,"WGS84",45.1,496.5,0.2,"6 - trap set and empty","ShermanXLK","2018-05-08","2018-05-08",,,,,,,,,,,,,,,,,,,,,,,,,,,,,,,,,,,,,,,,,,,,,,,,
"8575d7b7-4b6b-43a8-95a0-b8572df22d1d","cb9ba6cc-6a20-4d98-9187-5c1ec737db3f","DCFS_014.mammalGrid.mam","D09","DCFS","DCFS_014","E8","distributed","grasslandHerbaceous",47.120533,-99.056896,"WGS84",45.1,569.2,0.2,"6 - trap set and empty","ShermanXLK","2018-05-08","2018-05-08",,,,,,,,,,,,,,,,,,,,,,,,,,,,,,,,,,,,,,,,,,,,"jschempf@battelleecology.org","elocke@battelleecology.org",,,
"cf4e328b-08b8-457d-a0f2-53b945b159fd","cb9ba6cc-6a20-4d98-9187-5c1ec737db3f","DCFS_014.mammalGrid.mam","D09","DCFS","DCFS_014","D9","distributed","grasslandHerbaceous",47.120533,-99.056896,"WGS84",45.1,569.2,0.2,"6 - trap set and empty","ShermanXLK","2018-05-08","2018-05-08",,,,,,,,,,,,,,,,,,,,,,,,,,,,,,,,,,,,,,,,,,,,"jschempf@battelleecology.org","elocke@battelleecology.org",,,
"76762109-c4c5-40b6-bd35-0d59a7fed567","cb9ba6cc-6a20-4d98-9187-5c1ec737db3f","DCFS_014.mammalGrid.mam","D09","DCFS","DCFS_014","B6","distributed","grasslandHerbaceous",47.120533,-99.056896,"WGS84",45.1,569.2,0.2,"6 - trap set and empty","ShermanXLK","2018-05-08","2018-05-08",,,,,,,,,,,,,,,,,,,,,,,,,,,,,,,,,,,,,,,,,,,,"jschempf@battelleecology.org","elocke@battelleecology.org",,,
"ebbc39c9-394f-4731-b682-700aa5fadf69","4a16bd33-7c6b-4cf8-a164-eca0d27abdd9","DCFS_006.mammalGrid.mam","D09","DCFS","DCFS_006","F1","distributed","grasslandHerbaceous",47.174408,-99.050112,"WGS84",45.1,496.5,0.2,"6 - trap set and empty","ShermanXLK","2018-05-08","2018-05-08",,,,,,,,,,,,,,,,,,,,,,,,,,,,,,,,,,,,,,,,,,,,,,,,
"2f91d3c3-d8db-464c-8305-4526c5e87a8f","cb9ba6cc-6a20-4d98-9187-5c1ec737db3f","DCFS_014.mammalGrid.mam","D09","DCFS","DCFS_014","G7","distributed","grasslandHerbaceous",47.120533,-99.056896,"WGS84",45.1,569.2,0.2,"6 - trap set and empty","ShermanXLK","2018-05-08","2018-05-08",,,,,,,,,,,,,,,,,,,,,,,,,,,,,,,,,,,,,,,,,,,,"jschempf@battelleecology.org","elocke@battelleecology.org",,,
"056830ea-3b51-4ecb-bae7-d6385e0d7281","4a16bd33-7c6b-4cf8-a164-eca0d27abdd9","DCFS_006.mammalGrid.mam","D09","DCFS","DCFS_006","C3","distributed","grasslandHerbaceous",47.174408,-99.050112,"WGS84",45.1,496.5,0.2,"6 - trap set and empty","ShermanXLK","2018-05-08","2018-05-08",,,,,,,,,,,,,,,,,,,,,,,,,,,,,,,,,,,,,,,,,,,,,,,,
"a4ad1e23-6d73-46a0-b507-b4323a83d976","cb9ba6cc-6a20-4d98-9187-5c1ec737db3f","DCFS_014.mammalGrid.mam","D09","DCFS","DCFS_014","A6","distributed","grasslandHerbaceous",47.120533,-99.056896,"WGS84",45.1,569.2,0.2,"6 - trap set and empty","ShermanXLK","2018-05-08","2018-05-08",,,,,,,,,,,,,,,,,,,,,,,,,,,,,,,,,,,,,,,,,,,,"jschempf@battelleecology.org","elocke@battelleecology.org",,,
"af6222fc-4ce8-43c8-ac61-c87d39b976d4","4a16bd33-7c6b-4cf8-a164-eca0d27abdd9","DCFS_006.mammalGrid.mam","D09","DCFS","DCFS_006","H6","distributed","grasslandHerbaceous",47.174408,-99.050112,"WGS84",45.1,496.5,0.2,"6 - trap set and empty","ShermanXLK","2018-05-08","2018-05-08",,,,,,,,,,,,,,,,,,,,,,,,,,,,,,,,,,,,,,,,,,,,,,,,
"f844ad06-2238-4185-815c-fd2c4fb57731","cb9ba6cc-6a20-4d98-9187-5c1ec737db3f","DCFS_014.mammalGrid.mam","D09","DCFS","DCFS_014","D3","distributed","grasslandHerbaceous",47.120533,-99.056896,"WGS84",45.1,569.2,0.2,"6 - trap set and empty","ShermanXLK","2018-05-08","2018-05-08",,,,,,,,,,,,,,,,,,,,,,,,,,,,,,,,,,,,,,,,,,,,"jschempf@battelleecology.org","elocke@battelleecology.org",,,
"800f9472-7703-4630-80b7-4c4518b231d7","cb9ba6cc-6a20-4d98-9187-5c1ec737db3f","DCFS_014.mammalGrid.mam","D09","DCFS","DCFS_014","D4","distributed","grasslandHerbaceous",47.120533,-99.056896,"WGS84",45.1,569.2,0.2,"6 - trap set and empty","ShermanXLK","2018-05-08","2018-05-08",,,,,,,,,,,,,,,,,,,,,,,,,,,,,,,,,,,,,,,,,,,,"jschempf@battelleecology.org","elocke@battelleecology.org",,,
"21d395f3-0c9c-4489-8377-4a799ab6098e","cb9ba6cc-6a20-4d98-9187-5c1ec737db3f","DCFS_014.mammalGrid.mam","D09","DCFS","DCFS_014","I3","distributed","grasslandHerbaceous",47.120533,-99.056896,"WGS84",45.1,569.2,0.2,"6 - trap set and empty","ShermanXLK","2018-05-08","2018-05-08",,,,,,,,,,,,,,,,,,,,,,,,,,,,,,,,,,,,,,,,,,,,"jschempf@battelleecology.org","elocke@battelleecology.org",,,
"0abf4dba-4017-4674-a22c-7f6933a11108","4a16bd33-7c6b-4cf8-a164-eca0d27abdd9","DCFS_006.mammalGrid.mam","D09","DCFS","DCFS_006","A1","distributed","grasslandHerbaceous",47.174408,-99.050112,"WGS84",45.1,496.5,0.2,"6 - trap set and empty","ShermanXLK","2018-05-08","2018-05-08",,,,,,,,,,,,,,,,,,,,,,,,,,,,,,,,,,,,,,,,,,,,,,,,
"d67aa158-0eab-4294-a693-2711cbacddc7","4a16bd33-7c6b-4cf8-a164-eca0d27abdd9","DCFS_006.mammalGrid.mam","D09","DCFS","DCFS_006","H3","distributed","grasslandHerbaceous",47.174408,-99.050112,"WGS84",45.1,496.5,0.2,"6 - trap set and empty","ShermanXLK","2018-05-08","2018-05-08",,,,,,,,,,,,,,,,,,,,,,,,,,,,,,,,,,,,,,,,,,,,,,,,
"2785f55c-2f4e-4613-b63f-3ff1326734cb","cb9ba6cc-6a20-4d98-9187-5c1ec737db3f","DCFS_014.mammalGrid.mam","D09","DCFS","DCFS_014","H6","distributed","grasslandHerbaceous",47.120533,-99.056896,"WGS84",45.1,569.2,0.2,"6 - trap set and empty","ShermanXLK","2018-05-08","2018-05-08",,,,,,,,,,,,,,,,,,,,,,,,,,,,,,,,,,,,,,,,,,,,"jschempf@battelleecology.org","elocke@battelleecology.org",,,
"43b6946f-cd6a-46ca-8537-af9f6134c9f0","4a16bd33-7c6b-4cf8-a164-eca0d27abdd9","DCFS_006.mammalGrid.mam","D09","DCFS","DCFS_006","F3","distributed","grasslandHerbaceous",47.174408,-99.050112,"WGS84",45.1,496.5,0.2,"6 - trap set and empty","ShermanXLK","2018-05-08","2018-05-08",,,,,,,,,,,,,,,,,,,,,,,,,,,,,,,,,,,,,,,,,,,,,,,,
"400bdb0c-f463-43c5-bdec-ffe9b4e8b972","cb9ba6cc-6a20-4d98-9187-5c1ec737db3f","DCFS_014.mammalGrid.mam","D09","DCFS","DCFS_014","C8","distributed","grasslandHerbaceous",47.120533,-99.056896,"WGS84",45.1,569.2,0.2,"6 - trap set and empty","ShermanXLK","2018-05-08","2018-05-08",,,,,,,,,,,,,,,,,,,,,,,,,,,,,,,,,,,,,,,,,,,,"jschempf@battelleecology.org","elocke@battelleecology.org",,,
"d5d7a56f-4395-4dad-87e5-8c9a68110bc9","4a16bd33-7c6b-4cf8-a164-eca0d27abdd9","DCFS_006.mammalGrid.mam","D09","DCFS","DCFS_006","E3","distributed","grasslandHerbaceous",47.174408,-99.050112,"WGS84",45.1,496.5,0.2,"6 - trap set and empty","ShermanXLK","2018-05-08","2018-05-08",,,,,,,,,,,,,,,,,,,,,,,,,,,,,,,,,,,,,,,,,,,,,,,,
"d2b02646-6a0c-46bc-be63-fcdace6ceabb","cb9ba6cc-6a20-4d98-9187-5c1ec737db3f","DCFS_014.mammalGrid.mam","D09","DCFS","DCFS_014","A7","distributed","grasslandHerbaceous",47.120533,-99.056896,"WGS84",45.1,569.2,0.2,"6 - trap set and empty","ShermanXLK","2018-05-08","2018-05-08",,,,,,,,,,,,,,,,,,,,,,,,,,,,,,,,,,,,,,,,,,,,"jschempf@battelleecology.org","elocke@battelleecology.org",,,
"66317957-9654-4b2b-826e-373478e3ad9d","cb9ba6cc-6a20-4d98-9187-5c1ec737db3f","DCFS_014.mammalGrid.mam","D09","DCFS","DCFS_014","G8","distributed","grasslandHerbaceous",47.120533,-99.056896,"WGS84",45.1,569.2,0.2,"6 - trap set and empty","ShermanXLK","2018-05-08","2018-05-08",,,,,,,,,,,,,,,,,,,,,,,,,,,,,,,,,,,,,,,,,,,,"jschempf@battelleecology.org","elocke@battelleecology.org",,,
"0246d69e-04d0-470a-8882-c1af0c73bec3","4a16bd33-7c6b-4cf8-a164-eca0d27abdd9","DCFS_006.mammalGrid.mam","D09","DCFS","DCFS_006","E4","distributed","grasslandHerbaceous",47.174408,-99.050112,"WGS84",45.1,496.5,0.2,"6 - trap set and empty","ShermanXLK","2018-05-08","2018-05-08",,,,,,,,,,,,,,,,,,,,,,,,,,,,,,,,,,,,,,,,,,,,,,,,
"d918b639-1e46-4b2c-bd48-78a435477c9e","4a16bd33-7c6b-4cf8-a164-eca0d27abdd9","DCFS_006.mammalGrid.mam","D09","DCFS","DCFS_006","H9","distributed","grasslandHerbaceous",47.174408,-99.050112,"WGS84",45.1,496.5,0.2,"6 - trap set and empty","ShermanXLK","2018-05-08","2018-05-08",,,,,,,,,,,,,,,,,,,,,,,,,,,,,,,,,,,,,,,,,,,,,,,,
"3ee6f921-a8db-4e6e-b5b7-1a5db7e1b45c","cb9ba6cc-6a20-4d98-9187-5c1ec737db3f","DCFS_014.mammalGrid.mam","D09","DCFS","DCFS_014","A4","distributed","grasslandHerbaceous",47.120533,-99.056896,"WGS84",45.1,569.2,0.2,"6 - trap set and empty","ShermanXLK","2018-05-08","2018-05-08",,,,,,,,,,,,,,,,,,,,,,,,,,,,,,,,,,,,,,,,,,,,"jschempf@battelleecology.org","elocke@battelleecology.org",,,
"d4bbde93-0169-45bb-acb1-36ce93667848","4a16bd33-7c6b-4cf8-a164-eca0d27abdd9","DCFS_006.mammalGrid.mam","D09","DCFS","DCFS_006","A6","distributed","grasslandHerbaceous",47.174408,-99.050112,"WGS84",45.1,496.5,0.2,"6 - trap set and empty","ShermanXLK","2018-05-08","2018-05-08",,,,,,,,,,,,,,,,,,,,,,,,,,,,,,,,,,,,,,,,,,,,,,,,
"11e7f335-ae19-4f7b-a5d4-60ad282063ec","cb9ba6cc-6a20-4d98-9187-5c1ec737db3f","DCFS_014.mammalGrid.mam","D09","DCFS","DCFS_014","F3","distributed","grasslandHerbaceous",47.120533,-99.056896,"WGS84",45.1,569.2,0.2,"6 - trap set and empty","ShermanXLK","2018-05-08","2018-05-08",,,,,,,,,,,,,,,,,,,,,,,,,,,,,,,,,,,,,,,,,,,,"jschempf@battelleecology.org","elocke@battelleecology.org",,,
"1b673545-2a72-4dc9-a2ef-0e9165991e34","4a16bd33-7c6b-4cf8-a164-eca0d27abdd9","DCFS_006.mammalGrid.mam","D09","DCFS","DCFS_006","A7","distributed","grasslandHerbaceous",47.174408,-99.050112,"WGS84",45.1,496.5,0.2,"6 - trap set and empty","ShermanXLK","2018-05-08","2018-05-08",,,,,,,,,,,,,,,,,,,,,,,,,,,,,,,,,,,,,,,,,,,,,,,,
"147154b0-1000-406e-a0ed-76e164d93aec","cb9ba6cc-6a20-4d98-9187-5c1ec737db3f","DCFS_014.mammalGrid.mam","D09","DCFS","DCFS_014","G9","distributed","grasslandHerbaceous",47.120533,-99.056896,"WGS84",45.1,569.2,0.2,"6 - trap set and empty","ShermanXLK","2018-05-08","2018-05-08",,,,,,,,,,,,,,,,,,,,,,,,,,,,,,,,,,,,,,,,,,,,"jschempf@battelleecology.org","elocke@battelleecology.org",,,
"25f5f5fc-af2c-44b0-8df7-317194345934","cb9ba6cc-6a20-4d98-9187-5c1ec737db3f","DCFS_014.mammalGrid.mam","D09","DCFS","DCFS_014","C2","distributed","grasslandHerbaceous",47.120533,-99.056896,"WGS84",45.1,569.2,0.2,"6 - trap set and empty","ShermanXLK","2018-05-08","2018-05-08",,,,,,,,,,,,,,,,,,,,,,,,,,,,,,,,,,,,,,,,,,,,"jschempf@battelleecology.org","elocke@battelleecology.org",,,
"6766cd5a-d099-4a92-8d1f-f04746ff13a2","4a16bd33-7c6b-4cf8-a164-eca0d27abdd9","DCFS_006.mammalGrid.mam","D09","DCFS","DCFS_006","E9","distributed","grasslandHerbaceous",47.174408,-99.050112,"WGS84",45.1,496.5,0.2,"6 - trap set and empty","ShermanXLK","2018-05-08","2018-05-08",,,,,,,,,,,,,,,,,,,,,,,,,,,,,,,,,,,,,,,,,,,,,,,,
"eff85ab5-aae7-416c-b4b1-de9206cadad0","4a16bd33-7c6b-4cf8-a164-eca0d27abdd9","DCFS_006.mammalGrid.mam","D09","DCFS","DCFS_006","E5","distributed","grasslandHerbaceous",47.174408,-99.050112,"WGS84",45.1,496.5,0.2,"6 - trap set and empty","ShermanXLK","2018-05-08","2018-05-08",,,,,,,,,,,,,,,,,,,,,,,,,,,,,,,,,,,,,,,,,,,,,,,,
"8f2aca16-b550-4d02-84fa-67fb44f1edb7","4a16bd33-7c6b-4cf8-a164-eca0d27abdd9","DCFS_006.mammalGrid.mam","D09","DCFS","DCFS_006","E7","distributed","grasslandHerbaceous",47.174408,-99.050112,"WGS84",45.1,496.5,0.2,"6 - trap set and empty","ShermanXLK","2018-05-08","2018-05-08",,,,,,,,,,,,,,,,,,,,,,,,,,,,,,,,,,,,,,,,,,,,,,,,
"d1b79843-4f6b-44a9-b3c9-2441df2a5f59","4a16bd33-7c6b-4cf8-a164-eca0d27abdd9","DCFS_006.mammalGrid.mam","D09","DCFS","DCFS_006","B6","distributed","grasslandHerbaceous",47.174408,-99.050112,"WGS84",45.1,496.5,0.2,"6 - trap set and empty","ShermanXLK","2018-05-08","2018-05-08",,,,,,,,,,,,,,,,,,,,,,,,,,,,,,,,,,,,,,,,,,,,,,,,
"1ea217bb-673b-4614-8a9a-9df3825443a4","4a16bd33-7c6b-4cf8-a164-eca0d27abdd9","DCFS_006.mammalGrid.mam","D09","DCFS","DCFS_006","B9","distributed","grasslandHerbaceous",47.174408,-99.050112,"WGS84",45.1,496.5,0.2,"6 - trap set and empty","ShermanXLK","2018-05-08","2018-05-08",,,,,,,,,,,,,,,,,,,,,,,,,,,,,,,,,,,,,,,,,,,,,,,,
"c31ba681-0c9d-4f02-9b79-4ea04a9ea2cd","cb9ba6cc-6a20-4d98-9187-5c1ec737db3f","DCFS_014.mammalGrid.mam","D09","DCFS","DCFS_014","C9","distributed","grasslandHerbaceous",47.120533,-99.056896,"WGS84",45.1,569.2,0.2,"6 - trap set and empty","ShermanXLK","2018-05-08","2018-05-08",,,,,,,,,,,,,,,,,,,,,,,,,,,,,,,,,,,,,,,,,,,,"jschempf@battelleecology.org","elocke@battelleecology.org",,,
"d05fab83-3c41-48d2-b7e9-6fedbc886416","4a16bd33-7c6b-4cf8-a164-eca0d27abdd9","DCFS_006.mammalGrid.mam","D09","DCFS","DCFS_006","H2","distributed","grasslandHerbaceous",47.174408,-99.050112,"WGS84",45.1,496.5,0.2,"6 - trap set and empty","ShermanXLK","2018-05-08","2018-05-08",,,,,,,,,,,,,,,,,,,,,,,,,,,,,,,,,,,,,,,,,,,,,,,,
"3c0a4b9c-ca69-4a40-ae33-588957f9d4db","cb9ba6cc-6a20-4d98-9187-5c1ec737db3f","DCFS_014.mammalGrid.mam","D09","DCFS","DCFS_014","D8","distributed","grasslandHerbaceous",47.120533,-99.056896,"WGS84",45.1,569.2,0.2,"6 - trap set and empty","ShermanXLK","2018-05-08","2018-05-08",,,,,,,,,,,,,,,,,,,,,,,,,,,,,,,,,,,,,,,,,,,,"jschempf@battelleecology.org","elocke@battelleecology.org",,,
"02fcf35b-ad42-44f2-ac28-615e1ec31dba","cb9ba6cc-6a20-4d98-9187-5c1ec737db3f","DCFS_014.mammalGrid.mam","D09","DCFS","DCFS_014","B9","distributed","grasslandHerbaceous",47.120533,-99.056896,"WGS84",45.1,569.2,0.2,"6 - trap set and empty","ShermanXLK","2018-05-08","2018-05-08",,,,,,,,,,,,,,,,,,,,,,,,,,,,,,,,,,,,,,,,,,,,"jschempf@battelleecology.org","elocke@battelleecology.org",,,
"05168e69-2840-436a-9518-048ded93900e","cb9ba6cc-6a20-4d98-9187-5c1ec737db3f","DCFS_014.mammalGrid.mam","D09","DCFS","DCFS_014","F1","distributed","grasslandHerbaceous",47.120533,-99.056896,"WGS84",45.1,569.2,0.2,"6 - trap set and empty","ShermanXLK","2018-05-08","2018-05-08",,,,,,,,,,,,,,,,,,,,,,,,,,,,,,,,,,,,,,,,,,,,"jschempf@battelleecology.org","elocke@battelleecology.org",,,
"e069cd92-8637-4138-9943-e75a33b019e2","4a16bd33-7c6b-4cf8-a164-eca0d27abdd9","DCFS_006.mammalGrid.mam","D09","DCFS","DCFS_006","I3","distributed","grasslandHerbaceous",47.174408,-99.050112,"WGS84",45.1,496.5,0.2,"6 - trap set and empty","ShermanXLK","2018-05-08","2018-05-08",,,,,,,,,,,,,,,,,,,,,,,,,,,,,,,,,,,,,,,,,,,,,,,,
"db9b3c20-0c3f-4786-a9ff-0313be6a72bb","4a16bd33-7c6b-4cf8-a164-eca0d27abdd9","DCFS_006.mammalGrid.mam","D09","DCFS","DCFS_006","A8","distributed","grasslandHerbaceous",47.174408,-99.050112,"WGS84",45.1,496.5,0.2,"6 - trap set and empty","ShermanXLK","2018-05-08","2018-05-08",,,,,,,,,,,,,,,,,,,,,,,,,,,,,,,,,,,,,,,,,,,,,,,,
"06cecbda-7003-494a-8bec-dd6a58f93f98","4a16bd33-7c6b-4cf8-a164-eca0d27abdd9","DCFS_006.mammalGrid.mam","D09","DCFS","DCFS_006","C1","distributed","grasslandHerbaceous",47.174408,-99.050112,"WGS84",45.1,496.5,0.2,"1 - trap not set","ShermanXLK","2018-05-08","2018-05-08",,,,,,,,,,,,,,,,,,,,,,,,,,,,,,,,,,,,,,,,,,,,,,"Door broken",,
"da52829a-84e9-45aa-aa07-67bd963d3996","4a16bd33-7c6b-4cf8-a164-eca0d27abdd9","DCFS_006.mammalGrid.mam","D09","DCFS","DCFS_006","F4","distributed","grasslandHerbaceous",47.174408,-99.050112,"WGS84",45.1,496.5,0.2,"6 - trap set and empty","ShermanXLK","2018-05-08","2018-05-08",,,,,,,,,,,,,,,,,,,,,,,,,,,,,,,,,,,,,,,,,,,,,,,,
"30179cda-3c1c-421c-a7fe-47b20d6d48bd","cb9ba6cc-6a20-4d98-9187-5c1ec737db3f","DCFS_014.mammalGrid.mam","D09","DCFS","DCFS_014","G4","distributed","grasslandHerbaceous",47.120533,-99.056896,"WGS84",45.1,569.2,0.2,"6 - trap set and empty","ShermanXLK","2018-05-08","2018-05-08",,,,,,,,,,,,,,,,,,,,,,,,,,,,,,,,,,,,,,,,,,,,"jschempf@battelleecology.org","elocke@battelleecology.org",,,
"5f4f3b0a-0b27-433a-83a6-af235cfb68c0","cb9ba6cc-6a20-4d98-9187-5c1ec737db3f","DCFS_014.mammalGrid.mam","D09","DCFS","DCFS_014","E5","distributed","grasslandHerbaceous",47.120533,-99.056896,"WGS84",45.1,569.2,0.2,"6 - trap set and empty","ShermanXLK","2018-05-08","2018-05-08",,,,,,,,,,,,,,,,,,,,,,,,,,,,,,,,,,,,,,,,,,,,"jschempf@battelleecology.org","elocke@battelleecology.org",,,
"c8c81e32-73ab-4990-a18c-594e019eb3cd","cb9ba6cc-6a20-4d98-9187-5c1ec737db3f","DCFS_014.mammalGrid.mam","D09","DCFS","DCFS_014","G6","distributed","grasslandHerbaceous",47.120533,-99.056896,"WGS84",45.1,569.2,0.2,"6 - trap set and empty","ShermanXLK","2018-05-08","2018-05-08",,,,,,,,,,,,,,,,,,,,,,,,,,,,,,,,,,,,,,,,,,,,"jschempf@battelleecology.org","elocke@battelleecology.org",,,
"649b1b55-c387-438b-99c2-155c3d9055d4","4a16bd33-7c6b-4cf8-a164-eca0d27abdd9","DCFS_006.mammalGrid.mam","D09","DCFS","DCFS_006","F8","distributed","grasslandHerbaceous",47.174408,-99.050112,"WGS84",45.1,496.5,0.2,"6 - trap set and empty","ShermanXLK","2018-05-08","2018-05-08",,,,,,,,,,,,,,,,,,,,,,,,,,,,,,,,,,,,,,,,,,,,,,,,
"3dd22e14-77c3-4650-a593-5aae92316e48","4a16bd33-7c6b-4cf8-a164-eca0d27abdd9","DCFS_006.mammalGrid.mam","D09","DCFS","DCFS_006","A10","distributed","grasslandHerbaceous",47.174408,-99.050112,"WGS84",45.1,496.5,0.2,"6 - trap set and empty","ShermanXLK","2018-05-08","2018-05-08",,,,,,,,,,,,,,,,,,,,,,,,,,,,,,,,,,,,,,,,,,,,,,,,
"186f5bc3-d33d-4bec-9ff6-5cbba8c1bb04","4a16bd33-7c6b-4cf8-a164-eca0d27abdd9","DCFS_006.mammalGrid.mam","D09","DCFS","DCFS_006","A9","distributed","grasslandHerbaceous",47.174408,-99.050112,"WGS84",45.1,496.5,0.2,"6 - trap set and empty","ShermanXLK","2018-05-08","2018-05-08",,,,,,,,,,,,,,,,,,,,,,,,,,,,,,,,,,,,,,,,,,,,,,,,
"367e1ea2-b339-4a81-b9c9-6f2ca2768ace","4a16bd33-7c6b-4cf8-a164-eca0d27abdd9","DCFS_006.mammalGrid.mam","D09","DCFS","DCFS_006","G6","distributed","grasslandHerbaceous",47.174408,-99.050112,"WGS84",45.1,496.5,0.2,"6 - trap set and empty","ShermanXLK","2018-05-08","2018-05-08",,,,,,,,,,,,,,,,,,,,,,,,,,,,,,,,,,,,,,,,,,,,,,,,
"1be72b1e-a2e0-480c-ae38-babdc37ead16","4a16bd33-7c6b-4cf8-a164-eca0d27abdd9","DCFS_006.mammalGrid.mam","D09","DCFS","DCFS_006","B5","distributed","grasslandHerbaceous",47.174408,-99.050112,"WGS84",45.1,496.5,0.2,"6 - trap set and empty","ShermanXLK","2018-05-08","2018-05-08",,,,,,,,,,,,,,,,,,,,,,,,,,,,,,,,,,,,,,,,,,,,,,,,
"43e33dbc-3e3a-4c14-80f6-39b6f3a49d02","4a16bd33-7c6b-4cf8-a164-eca0d27abdd9","DCFS_006.mammalGrid.mam","D09","DCFS","DCFS_006","D10","distributed","grasslandHerbaceous",47.174408,-99.050112,"WGS84",45.1,496.5,0.2,"6 - trap set and empty","ShermanXLK","2018-05-08","2018-05-08",,,,,,,,,,,,,,,,,,,,,,,,,,,,,,,,,,,,,,,,,,,,,,,,
"7d94eb37-c66e-4185-9c12-4ad7eac33b61","cb9ba6cc-6a20-4d98-9187-5c1ec737db3f","DCFS_014.mammalGrid.mam","D09","DCFS","DCFS_014","I6","distributed","grasslandHerbaceous",47.120533,-99.056896,"WGS84",45.1,569.2,0.2,"6 - trap set and empty","ShermanXLK","2018-05-08","2018-05-08",,,,,,,,,,,,,,,,,,,,,,,,,,,,,,,,,,,,,,,,,,,,"jschempf@battelleecology.org","elocke@battelleecology.org",,,
"aec2fdec-df8c-4bbd-b321-4f19b5cde4e4","4a16bd33-7c6b-4cf8-a164-eca0d27abdd9","DCFS_006.mammalGrid.mam","D09","DCFS","DCFS_006","E8","distributed","grasslandHerbaceous",47.174408,-99.050112,"WGS84",45.1,496.5,0.2,"6 - trap set and empty","ShermanXLK","2018-05-08","2018-05-08",,,,,,,,,,,,,,,,,,,,,,,,,,,,,,,,,,,,,,,,,,,,,,,,
"c6f3c3db-548b-4244-b2fb-0c2fbbb81776","4a16bd33-7c6b-4cf8-a164-eca0d27abdd9","DCFS_006.mammalGrid.mam","D09","DCFS","DCFS_006","F5","distributed","grasslandHerbaceous",47.174408,-99.050112,"WGS84",45.1,496.5,0.2,"6 - trap set and empty","ShermanXLK","2018-05-08","2018-05-08",,,,,,,,,,,,,,,,,,,,,,,,,,,,,,,,,,,,,,,,,,,,,,,,
"bb9b1402-75e5-4bbc-af57-dd54938d2ae8","4a16bd33-7c6b-4cf8-a164-eca0d27abdd9","DCFS_006.mammalGrid.mam","D09","DCFS","DCFS_006","D5","distributed","grasslandHerbaceous",47.174408,-99.050112,"WGS84",45.1,496.5,0.2,"6 - trap set and empty","ShermanXLK","2018-05-08","2018-05-08",,,,,,,,,,,,,,,,,,,,,,,,,,,,,,,,,,,,,,,,,,,,,,,,
"97847860-e1fe-46b6-9645-72e42819c22a","4a16bd33-7c6b-4cf8-a164-eca0d27abdd9","DCFS_006.mammalGrid.mam","D09","DCFS","DCFS_006","J2","distributed","grasslandHerbaceous",47.174408,-99.050112,"WGS84",45.1,496.5,0.2,"6 - trap set and empty","ShermanXLK","2018-05-08","2018-05-08",,,,,,,,,,,,,,,,,,,,,,,,,,,,,,,,,,,,,,,,,,,,,,,,
"42b9682d-a056-4f58-9c73-e24233a63f48","cb9ba6cc-6a20-4d98-9187-5c1ec737db3f","DCFS_014.mammalGrid.mam","D09","DCFS","DCFS_014","A1","distributed","grasslandHerbaceous",47.120533,-99.056896,"WGS84",45.1,569.2,0.2,"6 - trap set and empty","ShermanXLK","2018-05-08","2018-05-08",,,,,,,,,,,,,,,,,,,,,,,,,,,,,,,,,,,,,,,,,,,,"jschempf@battelleecology.org","elocke@battelleecology.org",,,
"e829e33d-aca0-4f52-9629-c59f4f2843d3","cb9ba6cc-6a20-4d98-9187-5c1ec737db3f","DCFS_014.mammalGrid.mam","D09","DCFS","DCFS_014","G10","distributed","grasslandHerbaceous",47.120533,-99.056896,"WGS84",45.1,569.2,0.2,"6 - trap set and empty","ShermanXLK","2018-05-08","2018-05-08",,,,,,,,,,,,,,,,,,,,,,,,,,,,,,,,,,,,,,,,,,,,"jschempf@battelleecology.org","elocke@battelleecology.org",,,
"475f3f01-faa8-42f0-875b-87baf8d1d79d","4a16bd33-7c6b-4cf8-a164-eca0d27abdd9","DCFS_006.mammalGrid.mam","D09","DCFS","DCFS_006","B3","distributed","grasslandHerbaceous",47.174408,-99.050112,"WGS84",45.1,496.5,0.2,"6 - trap set and empty","ShermanXLK","2018-05-08","2018-05-08",,,,,,,,,,,,,,,,,,,,,,,,,,,,,,,,,,,,,,,,,,,,,,,,
"5729d7f2-3b69-4b67-a75b-ba0aa72f4948","4a16bd33-7c6b-4cf8-a164-eca0d27abdd9","DCFS_006.mammalGrid.mam","D09","DCFS","DCFS_006","J9","distributed","grasslandHerbaceous",47.174408,-99.050112,"WGS84",45.1,496.5,0.2,"6 - trap set and empty","ShermanXLK","2018-05-08","2018-05-08",,,,,,,,,,,,,,,,,,,,,,,,,,,,,,,,,,,,,,,,,,,,,,,,
"ee3581fb-41ed-402b-89fb-c58e226632f3","4a16bd33-7c6b-4cf8-a164-eca0d27abdd9","DCFS_006.mammalGrid.mam","D09","DCFS","DCFS_006","A4","distributed","grasslandHerbaceous",47.174408,-99.050112,"WGS84",45.1,496.5,0.2,"6 - trap set and empty","ShermanXLK","2018-05-08","2018-05-08",,,,,,,,,,,,,,,,,,,,,,,,,,,,,,,,,,,,,,,,,,,,,,,,
"1cb77ce4-8559-46db-aee3-b70bdf3266fc","cb9ba6cc-6a20-4d98-9187-5c1ec737db3f","DCFS_014.mammalGrid.mam","D09","DCFS","DCFS_014","I8","distributed","grasslandHerbaceous",47.120533,-99.056896,"WGS84",45.1,569.2,0.2,"6 - trap set and empty","ShermanXLK","2018-05-08","2018-05-08",,,,,,,,,,,,,,,,,,,,,,,,,,,,,,,,,,,,,,,,,,,,"jschempf@battelleecology.org","elocke@battelleecology.org",,,
"b248a383-465f-4752-83cc-60ace9752ba3","4a16bd33-7c6b-4cf8-a164-eca0d27abdd9","DCFS_006.mammalGrid.mam","D09","DCFS","DCFS_006","C10","distributed","grasslandHerbaceous",47.174408,-99.050112,"WGS84",45.1,496.5,0.2,"6 - trap set and empty","ShermanXLK","2018-05-08","2018-05-08",,,,,,,,,,,,,,,,,,,,,,,,,,,,,,,,,,,,,,,,,,,,,,,,
"3929ab68-1dfc-4829-afda-5c58953a122b","cb9ba6cc-6a20-4d98-9187-5c1ec737db3f","DCFS_014.mammalGrid.mam","D09","DCFS","DCFS_014","B5","distributed","grasslandHerbaceous",47.120533,-99.056896,"WGS84",45.1,569.2,0.2,"6 - trap set and empty","ShermanXLK","2018-05-08","2018-05-08",,,,,,,,,,,,,,,,,,,,,,,,,,,,,,,,,,,,,,,,,,,,"jschempf@battelleecology.org","elocke@battelleecology.org",,,
"796edd46-9880-4e9f-8f93-aded786789f1","4a16bd33-7c6b-4cf8-a164-eca0d27abdd9","DCFS_006.mammalGrid.mam","D09","DCFS","DCFS_006","C5","distributed","grasslandHerbaceous",47.174408,-99.050112,"WGS84",45.1,496.5,0.2,"6 - trap set and empty","ShermanXLK","2018-05-08","2018-05-08",,,,,,,,,,,,,,,,,,,,,,,,,,,,,,,,,,,,,,,,,,,,,,,,
"9d38cb11-fc75-43e9-9e92-8dab397fc782","cb9ba6cc-6a20-4d98-9187-5c1ec737db3f","DCFS_014.mammalGrid.mam","D09","DCFS","DCFS_014","J4","distributed","grasslandHerbaceous",47.120533,-99.056896,"WGS84",45.1,569.2,0.2,"6 - trap set and empty","ShermanXLK","2018-05-08","2018-05-08",,,,,,,,,,,,,,,,,,,,,,,,,,,,,,,,,,,,,,,,,,,,"jschempf@battelleecology.org","elocke@battelleecology.org",,,
"d867a3c0-9e36-4302-9611-522c6128ec6d","4a16bd33-7c6b-4cf8-a164-eca0d27abdd9","DCFS_006.mammalGrid.mam","D09","DCFS","DCFS_006","H10","distributed","grasslandHerbaceous",47.174408,-99.050112,"WGS84",45.1,496.5,0.2,"6 - trap set and empty","ShermanXLK","2018-05-08","2018-05-08",,,,,,,,,,,,,,,,,,,,,,,,,,,,,,,,,,,,,,,,,,,,,,,,
"98d27530-277d-446b-ad44-1f58d2a2e5ad","cb9ba6cc-6a20-4d98-9187-5c1ec737db3f","DCFS_014.mammalGrid.mam","D09","DCFS","DCFS_014","E9","distributed","grasslandHerbaceous",47.120533,-99.056896,"WGS84",45.1,569.2,0.2,"6 - trap set and empty","ShermanXLK","2018-05-08","2018-05-08",,,,,,,,,,,,,,,,,,,,,,,,,,,,,,,,,,,,,,,,,,,,"jschempf@battelleecology.org","elocke@battelleecology.org",,,
"acc8e81f-48f4-4a3d-b77b-7cc17d15fee2","4a16bd33-7c6b-4cf8-a164-eca0d27abdd9","DCFS_006.mammalGrid.mam","D09","DCFS","DCFS_006","A2","distributed","grasslandHerbaceous",47.174408,-99.050112,"WGS84",45.1,496.5,0.2,"6 - trap set and empty","ShermanXLK","2018-05-08","2018-05-08",,,,,,,,,,,,,,,,,,,,,,,,,,,,,,,,,,,,,,,,,,,,,,,,
"9ead4a82-a2b8-4dbd-a8f1-0bd624c0f511","cb9ba6cc-6a20-4d98-9187-5c1ec737db3f","DCFS_014.mammalGrid.mam","D09","DCFS","DCFS_014","H1","distributed","grasslandHerbaceous",47.120533,-99.056896,"WGS84",45.1,569.2,0.2,"6 - trap set and empty","ShermanXLK","2018-05-08","2018-05-08",,,,,,,,,,,,,,,,,,,,,,,,,,,,,,,,,,,,,,,,,,,,"jschempf@battelleecology.org","elocke@battelleecology.org",,,
"8435378f-473e-48d5-8601-22de6da39ed4","cb9ba6cc-6a20-4d98-9187-5c1ec737db3f","DCFS_014.mammalGrid.mam","D09","DCFS","DCFS_014","C3","distributed","grasslandHerbaceous",47.120533,-99.056896,"WGS84",45.1,569.2,0.2,"6 - trap set and empty","ShermanXLK","2018-05-08","2018-05-08",,,,,,,,,,,,,,,,,,,,,,,,,,,,,,,,,,,,,,,,,,,,"jschempf@battelleecology.org","elocke@battelleecology.org",,,
"3e110475-9a76-4a64-9580-c2892dd6b6fc","cb9ba6cc-6a20-4d98-9187-5c1ec737db3f","DCFS_014.mammalGrid.mam","D09","DCFS","DCFS_014","F8","distributed","grasslandHerbaceous",47.120533,-99.056896,"WGS84",45.1,569.2,0.2,"6 - trap set and empty","ShermanXLK","2018-05-08","2018-05-08",,,,,,,,,,,,,,,,,,,,,,,,,,,,,,,,,,,,,,,,,,,,"jschempf@battelleecology.org","elocke@battelleecology.org",,,
"fbe47d10-ded9-42bd-bbe9-ec8d9bc2129c","4a16bd33-7c6b-4cf8-a164-eca0d27abdd9","DCFS_006.mammalGrid.mam","D09","DCFS","DCFS_006","D4","distributed","grasslandHerbaceous",47.174408,-99.050112,"WGS84",45.1,496.5,0.2,"6 - trap set and empty","ShermanXLK","2018-05-08","2018-05-08",,,,,,,,,,,,,,,,,,,,,,,,,,,,,,,,,,,,,,,,,,,,,,,,
"bd8dad70-9eaa-4ca4-bb8e-e5c90f6fb91c","cb9ba6cc-6a20-4d98-9187-5c1ec737db3f","DCFS_014.mammalGrid.mam","D09","DCFS","DCFS_014","H9","distributed","grasslandHerbaceous",47.120533,-99.056896,"WGS84",45.1,569.2,0.2,"6 - trap set and empty","ShermanXLK","2018-05-08","2018-05-08",,,,,,,,,,,,,,,,,,,,,,,,,,,,,,,,,,,,,,,,,,,,"jschempf@battelleecology.org","elocke@battelleecology.org",,,
"124b30e7-a711-4a90-a9e8-8aa3ea36842c","cb9ba6cc-6a20-4d98-9187-5c1ec737db3f","DCFS_014.mammalGrid.mam","D09","DCFS","DCFS_014","H8","distributed","grasslandHerbaceous",47.120533,-99.056896,"WGS84",45.1,569.2,0.2,"6 - trap set and empty","ShermanXLK","2018-05-08","2018-05-08",,,,,,,,,,,,,,,,,,,,,,,,,,,,,,,,,,,,,,,,,,,,"jschempf@battelleecology.org","elocke@battelleecology.org",,,
"6092c1db-01f4-425d-8c97-5c2d7aa2e442","4a16bd33-7c6b-4cf8-a164-eca0d27abdd9","DCFS_006.mammalGrid.mam","D09","DCFS","DCFS_006","J10","distributed","grasslandHerbaceous",47.174408,-99.050112,"WGS84",45.1,496.5,0.2,"6 - trap set and empty","ShermanXLK","2018-05-08","2018-05-08",,,,,,,,,,,,,,,,,,,,,,,,,,,,,,,,,,,,,,,,,,,,,,,,
"80136cb3-6199-4ef1-8257-db1078897c8b","cb9ba6cc-6a20-4d98-9187-5c1ec737db3f","DCFS_014.mammalGrid.mam","D09","DCFS","DCFS_014","G5","distributed","grasslandHerbaceous",47.120533,-99.056896,"WGS84",45.1,569.2,0.2,"6 - trap set and empty","ShermanXLK","2018-05-08","2018-05-08",,,,,,,,,,,,,,,,,,,,,,,,,,,,,,,,,,,,,,,,,,,,"jschempf@battelleecology.org","elocke@battelleecology.org",,,
"a27120a1-5796-4001-8935-8275c2de924f","4a16bd33-7c6b-4cf8-a164-eca0d27abdd9","DCFS_006.mammalGrid.mam","D09","DCFS","DCFS_006","G1","distributed","grasslandHerbaceous",47.174408,-99.050112,"WGS84",45.1,496.5,0.2,"5 - capture","ShermanXLK","2018-05-08","2018-05-08","NEON.MAM.D09.R3589",,"MIPE","Microtus pennsylvanicus","species",,,,,"N","M","Y","released",,"adult","scrotal",,,,20,,,,29,"N","Y","N",,,,"DCFS.20180508.R3589.B","D00000011241","mandibular - QNS","DCFS.20180508.R3589.F","D00000011182","fresh","DCFS.20180508.R3589.E","D00000011162","DCFS.20180508.R3589.H","A00000016608","hairAndWhisker",,,,,,,
"d4f44ac9-dc56-4bd3-a378-ee3884531ab4","4a16bd33-7c6b-4cf8-a164-eca0d27abdd9","DCFS_006.mammalGrid.mam","D09","DCFS","DCFS_006","G2","distributed","grasslandHerbaceous",47.174408,-99.050112,"WGS84",45.1,496.5,0.2,"6 - trap set and empty","ShermanXLK","2018-05-08","2018-05-08",,,,,,,,,,,,,,,,,,,,,,,,,,,,,,,,,,,,,,,,,,,,,,,,
"538918ae-a911-4388-adc0-eeaa7c2a6828","4a16bd33-7c6b-4cf8-a164-eca0d27abdd9","DCFS_006.mammalGrid.mam","D09","DCFS","DCFS_006","G9","distributed","grasslandHerbaceous",47.174408,-99.050112,"WGS84",45.1,496.5,0.2,"6 - trap set and empty","ShermanXLK","2018-05-08","2018-05-08",,,,,,,,,,,,,,,,,,,,,,,,,,,,,,,,,,,,,,,,,,,,,,,,
"cc7d1aca-6a9b-4925-a834-3db07389ab6d","4a16bd33-7c6b-4cf8-a164-eca0d27abdd9","DCFS_006.mammalGrid.mam","D09","DCFS","DCFS_006","C6","distributed","grasslandHerbaceous",47.174408,-99.050112,"WGS84",45.1,496.5,0.2,"6 - trap set and empty","ShermanXLK","2018-05-08","2018-05-08",,,,,,,,,,,,,,,,,,,,,,,,,,,,,,,,,,,,,,,,,,,,,,,,
"54f69def-a837-473e-b52d-567b057dc6bc","cb9ba6cc-6a20-4d98-9187-5c1ec737db3f","DCFS_014.mammalGrid.mam","D09","DCFS","DCFS_014","C4","distributed","grasslandHerbaceous",47.120533,-99.056896,"WGS84",45.1,569.2,0.2,"6 - trap set and empty","ShermanXLK","2018-05-08","2018-05-08",,,,,,,,,,,,,,,,,,,,,,,,,,,,,,,,,,,,,,,,,,,,"jschempf@battelleecology.org","elocke@battelleecology.org",,,
"f58bc3c5-93dc-40bf-98da-01a8061983ac","cb9ba6cc-6a20-4d98-9187-5c1ec737db3f","DCFS_014.mammalGrid.mam","D09","DCFS","DCFS_014","G2","distributed","grasslandHerbaceous",47.120533,-99.056896,"WGS84",45.1,569.2,0.2,"6 - trap set and empty","ShermanXLK","2018-05-08","2018-05-08",,,,,,,,,,,,,,,,,,,,,,,,,,,,,,,,,,,,,,,,,,,,"jschempf@battelleecology.org","elocke@battelleecology.org",,,
"5cae0e89-865b-408d-a6dc-3dd184686b37","cb9ba6cc-6a20-4d98-9187-5c1ec737db3f","DCFS_014.mammalGrid.mam","D09","DCFS","DCFS_014","J10","distributed","grasslandHerbaceous",47.120533,-99.056896,"WGS84",45.1,569.2,0.2,"6 - trap set and empty","ShermanXLK","2018-05-08","2018-05-08",,,,,,,,,,,,,,,,,,,,,,,,,,,,,,,,,,,,,,,,,,,,"jschempf@battelleecology.org","elocke@battelleecology.org",,,
"109a2189-7e91-47e9-8903-91bbcba63be3","4a16bd33-7c6b-4cf8-a164-eca0d27abdd9","DCFS_006.mammalGrid.mam","D09","DCFS","DCFS_006","G4","distributed","grasslandHerbaceous",47.174408,-99.050112,"WGS84",45.1,496.5,0.2,"1 - trap not set","ShermanXLK","2018-05-08","2018-05-08",,,,,,,,,,,,,,,,,,,,,,,,,,,,,,,,,,,,,,,,,,,,,,"Door broken",,
"3851cd94-3d1e-4b46-9dd9-a1e6607a7339","cb9ba6cc-6a20-4d98-9187-5c1ec737db3f","DCFS_014.mammalGrid.mam","D09","DCFS","DCFS_014","D6","distributed","grasslandHerbaceous",47.120533,-99.056896,"WGS84",45.1,569.2,0.2,"6 - trap set and empty","ShermanXLK","2018-05-08","2018-05-08",,,,,,,,,,,,,,,,,,,,,,,,,,,,,,,,,,,,,,,,,,,,"jschempf@battelleecology.org","elocke@battelleecology.org",,,
"3411ddb0-6f3f-46e0-9ef7-b293590189d8","4a16bd33-7c6b-4cf8-a164-eca0d27abdd9","DCFS_006.mammalGrid.mam","D09","DCFS","DCFS_006","C8","distributed","grasslandHerbaceous",47.174408,-99.050112,"WGS84",45.1,496.5,0.2,"6 - trap set and empty","ShermanXLK","2018-05-08","2018-05-08",,,,,,,,,,,,,,,,,,,,,,,,,,,,,,,,,,,,,,,,,,,,,,,,
"44e3cc6b-3295-432b-910b-a0b327bc2dea","cb9ba6cc-6a20-4d98-9187-5c1ec737db3f","DCFS_014.mammalGrid.mam","D09","DCFS","DCFS_014","F2","distributed","grasslandHerbaceous",47.120533,-99.056896,"WGS84",45.1,569.2,0.2,"6 - trap set and empty","ShermanXLK","2018-05-08","2018-05-08",,,,,,,,,,,,,,,,,,,,,,,,,,,,,,,,,,,,,,,,,,,,"jschempf@battelleecology.org","elocke@battelleecology.org",,,
"34bc5ab5-8067-4883-91d2-115a284e6497","4a16bd33-7c6b-4cf8-a164-eca0d27abdd9","DCFS_006.mammalGrid.mam","D09","DCFS","DCFS_006","I5","distributed","grasslandHerbaceous",47.174408,-99.050112,"WGS84",45.1,496.5,0.2,"6 - trap set and empty","ShermanXLK","2018-05-08","2018-05-08",,,,,,,,,,,,,,,,,,,,,,,,,,,,,,,,,,,,,,,,,,,,,,,,
"970fb7c5-6048-4d9d-a078-caa6e6fa31bd","cb9ba6cc-6a20-4d98-9187-5c1ec737db3f","DCFS_014.mammalGrid.mam","D09","DCFS","DCFS_014","E1","distributed","grasslandHerbaceous",47.120533,-99.056896,"WGS84",45.1,569.2,0.2,"6 - trap set and empty","ShermanXLK","2018-05-08","2018-05-08",,,,,,,,,,,,,,,,,,,,,,,,,,,,,,,,,,,,,,,,,,,,"jschempf@battelleecology.org","elocke@battelleecology.org",,,
"7d295260-5a75-4d5f-838a-8871314dc7dd","4a16bd33-7c6b-4cf8-a164-eca0d27abdd9","DCFS_006.mammalGrid.mam","D09","DCFS","DCFS_006","B1","distributed","grasslandHerbaceous",47.174408,-99.050112,"WGS84",45.1,496.5,0.2,"6 - trap set and empty","ShermanXLK","2018-05-08","2018-05-08",,,,,,,,,,,,,,,,,,,,,,,,,,,,,,,,,,,,,,,,,,,,,,,,
"67aa2abb-f16d-4fe6-a2a6-109b1775b999","4a16bd33-7c6b-4cf8-a164-eca0d27abdd9","DCFS_006.mammalGrid.mam","D09","DCFS","DCFS_006","F2","distributed","grasslandHerbaceous",47.174408,-99.050112,"WGS84",45.1,496.5,0.2,"6 - trap set and empty","ShermanXLK","2018-05-08","2018-05-08",,,,,,,,,,,,,,,,,,,,,,,,,,,,,,,,,,,,,,,,,,,,,,,,
"6401fceb-b213-4834-af70-de86e9afe288","4a16bd33-7c6b-4cf8-a164-eca0d27abdd9","DCFS_006.mammalGrid.mam","D09","DCFS","DCFS_006","E10","distributed","grasslandHerbaceous",47.174408,-99.050112,"WGS84",45.1,496.5,0.2,"6 - trap set and empty","ShermanXLK","2018-05-08","2018-05-08",,,,,,,,,,,,,,,,,,,,,,,,,,,,,,,,,,,,,,,,,,,,,,,,
"de83b312-d85a-4db3-929c-53561c13cd78","4a16bd33-7c6b-4cf8-a164-eca0d27abdd9","DCFS_006.mammalGrid.mam","D09","DCFS","DCFS_006","I7","distributed","grasslandHerbaceous",47.174408,-99.050112,"WGS84",45.1,496.5,0.2,"6 - trap set and empty","ShermanXLK","2018-05-08","2018-05-08",,,,,,,,,,,,,,,,,,,,,,,,,,,,,,,,,,,,,,,,,,,,,,,,
"9ed69dc5-f359-4a59-b7ae-cd73c8f434d7","cb9ba6cc-6a20-4d98-9187-5c1ec737db3f","DCFS_014.mammalGrid.mam","D09","DCFS","DCFS_014","E2","distributed","grasslandHerbaceous",47.120533,-99.056896,"WGS84",45.1,569.2,0.2,"6 - trap set and empty","ShermanXLK","2018-05-08","2018-05-08",,,,,,,,,,,,,,,,,,,,,,,,,,,,,,,,,,,,,,,,,,,,"jschempf@battelleecology.org","elocke@battelleecology.org",,,
"ac67ae1a-fc51-414b-8400-1e03358b6b86","4a16bd33-7c6b-4cf8-a164-eca0d27abdd9","DCFS_006.mammalGrid.mam","D09","DCFS","DCFS_006","D1","distributed","grasslandHerbaceous",47.174408,-99.050112,"WGS84",45.1,496.5,0.2,"6 - trap set and empty","ShermanXLK","2018-05-08","2018-05-08",,,,,,,,,,,,,,,,,,,,,,,,,,,,,,,,,,,,,,,,,,,,,,,,
"c7103f7d-b901-472f-a3e4-31513aac576c","cb9ba6cc-6a20-4d98-9187-5c1ec737db3f","DCFS_014.mammalGrid.mam","D09","DCFS","DCFS_014","I1","distributed","grasslandHerbaceous",47.120533,-99.056896,"WGS84",45.1,569.2,0.2,"6 - trap set and empty","ShermanXLK","2018-05-08","2018-05-08",,,,,,,,,,,,,,,,,,,,,,,,,,,,,,,,,,,,,,,,,,,,"jschempf@battelleecology.org","elocke@battelleecology.org",,,
"cd0dc373-0929-48a3-a7cc-bbd7b0662246","cb9ba6cc-6a20-4d98-9187-5c1ec737db3f","DCFS_014.mammalGrid.mam","D09","DCFS","DCFS_014","H4","distributed","grasslandHerbaceous",47.120533,-99.056896,"WGS84",45.1,569.2,0.2,"2 - trap disturbed/door closed but empty","ShermanXLK","2018-05-08","2018-05-08",,,,,,,,,,,,,,,,,,,,,,,,,,,,,,,,,,,,,,,,,,,,"jschempf@battelleecology.org","elocke@battelleecology.org",,,
"b3a97b47-c649-4537-a690-8c120c1e7cc8","cb9ba6cc-6a20-4d98-9187-5c1ec737db3f","DCFS_014.mammalGrid.mam","D09","DCFS","DCFS_014","I4","distributed","grasslandHerbaceous",47.120533,-99.056896,"WGS84",45.1,569.2,0.2,"6 - trap set and empty","ShermanXLK","2018-05-08","2018-05-08",,,,,,,,,,,,,,,,,,,,,,,,,,,,,,,,,,,,,,,,,,,,"jschempf@battelleecology.org","elocke@battelleecology.org",,,
"1b6f3dcc-c664-4253-b370-bc3364d00fab","4a16bd33-7c6b-4cf8-a164-eca0d27abdd9","DCFS_006.mammalGrid.mam","D09","DCFS","DCFS_006","G10","distributed","grasslandHerbaceous",47.174408,-99.050112,"WGS84",45.1,496.5,0.2,"6 - trap set and empty","ShermanXLK","2018-05-08","2018-05-08",,,,,,,,,,,,,,,,,,,,,,,,,,,,,,,,,,,,,,,,,,,,,,,,
"94054595-ba59-4db5-8d73-71e8e0905fd8","4a16bd33-7c6b-4cf8-a164-eca0d27abdd9","DCFS_006.mammalGrid.mam","D09","DCFS","DCFS_006","E2","distributed","grasslandHerbaceous",47.174408,-99.050112,"WGS84",45.1,496.5,0.2,"6 - trap set and empty","ShermanXLK","2018-05-08","2018-05-08",,,,,,,,,,,,,,,,,,,,,,,,,,,,,,,,,,,,,,,,,,,,,,,,
"291a16e6-affe-43ac-a49a-63bf766cad2a","cb9ba6cc-6a20-4d98-9187-5c1ec737db3f","DCFS_014.mammalGrid.mam","D09","DCFS","DCFS_014","A3","distributed","grasslandHerbaceous",47.120533,-99.056896,"WGS84",45.1,569.2,0.2,"6 - trap set and empty","ShermanXLK","2018-05-08","2018-05-08",,,,,,,,,,,,,,,,,,,,,,,,,,,,,,,,,,,,,,,,,,,,"jschempf@battelleecology.org","elocke@battelleecology.org",,,
"447f59f1-9098-4930-b5f0-1a5a78bb4381","cb9ba6cc-6a20-4d98-9187-5c1ec737db3f","DCFS_014.mammalGrid.mam","D09","DCFS","DCFS_014","C10","distributed","grasslandHerbaceous",47.120533,-99.056896,"WGS84",45.1,569.2,0.2,"6 - trap set and empty","ShermanXLK","2018-05-08","2018-05-08",,,,,,,,,,,,,,,,,,,,,,,,,,,,,,,,,,,,,,,,,,,,"jschempf@battelleecology.org","elocke@battelleecology.org",,,
"c2e0cbde-f798-4a09-b71b-bbcd3480f6c1","4a16bd33-7c6b-4cf8-a164-eca0d27abdd9","DCFS_006.mammalGrid.mam","D09","DCFS","DCFS_006","J6","distributed","grasslandHerbaceous",47.174408,-99.050112,"WGS84",45.1,496.5,0.2,"6 - trap set and empty","ShermanXLK","2018-05-08","2018-05-08",,,,,,,,,,,,,,,,,,,,,,,,,,,,,,,,,,,,,,,,,,,,,,,,
"deef56dd-04d6-4d25-99de-c17bd0eb7ea1","cb9ba6cc-6a20-4d98-9187-5c1ec737db3f","DCFS_014.mammalGrid.mam","D09","DCFS","DCFS_014","C7","distributed","grasslandHerbaceous",47.120533,-99.056896,"WGS84",45.1,569.2,0.2,"6 - trap set and empty","ShermanXLK","2018-05-08","2018-05-08",,,,,,,,,,,,,,,,,,,,,,,,,,,,,,,,,,,,,,,,,,,,"jschempf@battelleecology.org","elocke@battelleecology.org",,,
"52230713-0ec0-4e19-b8b2-f9620fa23128","cb9ba6cc-6a20-4d98-9187-5c1ec737db3f","DCFS_014.mammalGrid.mam","D09","DCFS","DCFS_014","I5","distributed","grasslandHerbaceous",47.120533,-99.056896,"WGS84",45.1,569.2,0.2,"6 - trap set and empty","ShermanXLK","2018-05-08","2018-05-08",,,,,,,,,,,,,,,,,,,,,,,,,,,,,,,,,,,,,,,,,,,,"jschempf@battelleecology.org","elocke@battelleecology.org",,,
"9d7572ca-a10c-46b5-af5b-c7f3ef0b53bc","4a16bd33-7c6b-4cf8-a164-eca0d27abdd9","DCFS_006.mammalGrid.mam","D09","DCFS","DCFS_006","E1","distributed","grasslandHerbaceous",47.174408,-99.050112,"WGS84",45.1,496.5,0.2,"6 - trap set and empty","ShermanXLK","2018-05-08","2018-05-08",,,,,,,,,,,,,,,,,,,,,,,,,,,,,,,,,,,,,,,,,,,,,,,,
"b3144db2-4c39-4939-bb79-367c3a88697f","cb9ba6cc-6a20-4d98-9187-5c1ec737db3f","DCFS_014.mammalGrid.mam","D09","DCFS","DCFS_014","A10","distributed","grasslandHerbaceous",47.120533,-99.056896,"WGS84",45.1,569.2,0.2,"6 - trap set and empty","ShermanXLK","2018-05-08","2018-05-08",,,,,,,,,,,,,,,,,,,,,,,,,,,,,,,,,,,,,,,,,,,,"jschempf@battelleecology.org","elocke@battelleecology.org",,,
"997a9634-a938-4797-a6c9-b1aa9b531698","4a16bd33-7c6b-4cf8-a164-eca0d27abdd9","DCFS_006.mammalGrid.mam","D09","DCFS","DCFS_006","E6","distributed","grasslandHerbaceous",47.174408,-99.050112,"WGS84",45.1,496.5,0.2,"6 - trap set and empty","ShermanXLK","2018-05-08","2018-05-08",,,,,,,,,,,,,,,,,,,,,,,,,,,,,,,,,,,,,,,,,,,,,,,,
"2561acd4-f955-438f-befd-3d43f46d6d40","4a16bd33-7c6b-4cf8-a164-eca0d27abdd9","DCFS_006.mammalGrid.mam","D09","DCFS","DCFS_006","J1","distributed","grasslandHerbaceous",47.174408,-99.050112,"WGS84",45.1,496.5,0.2,"6 - trap set and empty","ShermanXLK","2018-05-08","2018-05-08",,,,,,,,,,,,,,,,,,,,,,,,,,,,,,,,,,,,,,,,,,,,,,,,
"9e1c6df2-3c8f-41cb-8e0e-8548c67ef34d","cb9ba6cc-6a20-4d98-9187-5c1ec737db3f","DCFS_014.mammalGrid.mam","D09","DCFS","DCFS_014","F5","distributed","grasslandHerbaceous",47.120533,-99.056896,"WGS84",45.1,569.2,0.2,"6 - trap set and empty","ShermanXLK","2018-05-08","2018-05-08",,,,,,,,,,,,,,,,,,,,,,,,,,,,,,,,,,,,,,,,,,,,"jschempf@battelleecology.org","elocke@battelleecology.org",,,
"8947cfd1-766e-4ba4-84dd-bf57e146efcd","a377c795-b5ea-4b1d-b9e9-d796bc0d0d06","DCFS_003.mammalGrid.mam","D09","DCFS","DCFS_003","J10","distributed","grasslandHerbaceous",47.204875,-99.184072,"WGS84",45.1,586.1,0.2,"6 - trap set and empty","ShermanXLK","2018-05-09","2018-05-09",,,,,,,,,,,,,,,,,,,,,,,,,,,,,,,,,,,,,,,,,,,,"cmackenzie@battelleecology.org","dfarkas@battelleecology.org",,,
"72c10ad4-62fb-47a6-a87c-5c9d77496a08","87037f27-2833-4bd3-af91-1c84bc040b32","DCFS_006.mammalGrid.mam","D09","DCFS","DCFS_006","J3","distributed","grasslandHerbaceous",47.174408,-99.050112,"WGS84",45.1,496.5,0.2,"6 - trap set and empty","ShermanXLK","2018-05-09","2018-05-09",,,,,,,,,,,,,,,,,,,,,,,,,,,,,,,,,,,,,,,,,,,,"cmackenzie@battelleecology.org","dfarkas@battelleecology.org",,,
"3ff829ba-3937-4b65-bd59-388a26d4b61e","87037f27-2833-4bd3-af91-1c84bc040b32","DCFS_006.mammalGrid.mam","D09","DCFS","DCFS_006","A5","distributed","grasslandHerbaceous",47.174408,-99.050112,"WGS84",45.1,496.5,0.2,"6 - trap set and empty","ShermanXLK","2018-05-09","2018-05-09",,,,,,,,,,,,,,,,,,,,,,,,,,,,,,,,,,,,,,,,,,,,"cmackenzie@battelleecology.org","dfarkas@battelleecology.org",,,
"40e6895d-5e7b-4388-b1ba-568788d2c64c","a377c795-b5ea-4b1d-b9e9-d796bc0d0d06","DCFS_003.mammalGrid.mam","D09","DCFS","DCFS_003","I8","distributed","grasslandHerbaceous",47.204875,-99.184072,"WGS84",45.1,586.1,0.2,"6 - trap set and empty","ShermanXLK","2018-05-09","2018-05-09",,,,,,,,,,,,,,,,,,,,,,,,,,,,,,,,,,,,,,,,,,,,"cmackenzie@battelleecology.org","dfarkas@battelleecology.org",,,
"6d5aaeb1-e82c-4588-8bf5-dfb4a9ea7c48","a377c795-b5ea-4b1d-b9e9-d796bc0d0d06","DCFS_003.mammalGrid.mam","D09","DCFS","DCFS_003","D8","distributed","grasslandHerbaceous",47.204875,-99.184072,"WGS84",45.1,586.1,0.2,"6 - trap set and empty","ShermanXLK","2018-05-09","2018-05-09",,,,,,,,,,,,,,,,,,,,,,,,,,,,,,,,,,,,,,,,,,,,"cmackenzie@battelleecology.org","dfarkas@battelleecology.org",,,
"93919881-6efd-4144-b24d-3a2bea9035a6","a377c795-b5ea-4b1d-b9e9-d796bc0d0d06","DCFS_003.mammalGrid.mam","D09","DCFS","DCFS_003","G1","distributed","grasslandHerbaceous",47.204875,-99.184072,"WGS84",45.1,586.1,0.2,"6 - trap set and empty","ShermanXLK","2018-05-09","2018-05-09",,,,,,,,,,,,,,,,,,,,,,,,,,,,,,,,,,,,,,,,,,,,"cmackenzie@battelleecology.org","dfarkas@battelleecology.org",,,
"31c80de1-aa3f-41d6-a3b9-77f4d57239c1","4bdc3024-40e6-4af7-9205-7f54c5dca5f8","DCFS_014.mammalGrid.mam","D09","DCFS","DCFS_014","I3","distributed","grasslandHerbaceous",47.120533,-99.056896,"WGS84",45.1,569.2,0.2,"6 - trap set and empty","ShermanXLK","2018-05-09","2018-05-09",,,,,,,,,,,,,,,,,,,,,,,,,,,,,,,,,,,,,,,,,,,,"cmackenzie@battelleecology.org","dfarkas@battelleecology.org",,,
"079c3db2-a500-4b30-885e-865dc4331d2c","a377c795-b5ea-4b1d-b9e9-d796bc0d0d06","DCFS_003.mammalGrid.mam","D09","DCFS","DCFS_003","A9","distributed","grasslandHerbaceous",47.204875,-99.184072,"WGS84",45.1,586.1,0.2,"6 - trap set and empty","ShermanXLK","2018-05-09","2018-05-09",,,,,,,,,,,,,,,,,,,,,,,,,,,,,,,,,,,,,,,,,,,,"cmackenzie@battelleecology.org","dfarkas@battelleecology.org",,,
"3e7d05b7-e8ba-4cd9-b784-595517fb1597","87037f27-2833-4bd3-af91-1c84bc040b32","DCFS_006.mammalGrid.mam","D09","DCFS","DCFS_006","G8","distributed","grasslandHerbaceous",47.174408,-99.050112,"WGS84",45.1,496.5,0.2,"6 - trap set and empty","ShermanXLK","2018-05-09","2018-05-09",,,,,,,,,,,,,,,,,,,,,,,,,,,,,,,,,,,,,,,,,,,,"cmackenzie@battelleecology.org","dfarkas@battelleecology.org",,,
"fe41f49d-0279-457e-9343-626e9517cdce","a377c795-b5ea-4b1d-b9e9-d796bc0d0d06","DCFS_003.mammalGrid.mam","D09","DCFS","DCFS_003","D5","distributed","grasslandHerbaceous",47.204875,-99.184072,"WGS84",45.1,586.1,0.2,"6 - trap set and empty","ShermanXLK","2018-05-09","2018-05-09",,,,,,,,,,,,,,,,,,,,,,,,,,,,,,,,,,,,,,,,,,,,"cmackenzie@battelleecology.org","dfarkas@battelleecology.org",,,
"c23e7ae1-00c4-4aba-8870-30d8ab5c65cb","87037f27-2833-4bd3-af91-1c84bc040b32","DCFS_006.mammalGrid.mam","D09","DCFS","DCFS_006","D4","distributed","grasslandHerbaceous",47.174408,-99.050112,"WGS84",45.1,496.5,0.2,"6 - trap set and empty","ShermanXLK","2018-05-09","2018-05-09",,,,,,,,,,,,,,,,,,,,,,,,,,,,,,,,,,,,,,,,,,,,"cmackenzie@battelleecology.org","dfarkas@battelleecology.org",,,
"617d9f38-c73e-4153-83f2-80d659b9793b","a377c795-b5ea-4b1d-b9e9-d796bc0d0d06","DCFS_003.mammalGrid.mam","D09","DCFS","DCFS_003","I7","distributed","grasslandHerbaceous",47.204875,-99.184072,"WGS84",45.1,586.1,0.2,"6 - trap set and empty","ShermanXLK","2018-05-09","2018-05-09",,,,,,,,,,,,,,,,,,,,,,,,,,,,,,,,,,,,,,,,,,,,"cmackenzie@battelleecology.org","dfarkas@battelleecology.org",,,
"4b4ec8b2-044c-413e-a744-da21b2949172","a377c795-b5ea-4b1d-b9e9-d796bc0d0d06","DCFS_003.mammalGrid.mam","D09","DCFS","DCFS_003","H8","distributed","grasslandHerbaceous",47.204875,-99.184072,"WGS84",45.1,586.1,0.2,"2 - trap disturbed/door closed but empty","ShermanXLK","2018-05-09","2018-05-09",,,,,,,,,,,,,,,,,,,,,,,,,,,,,,,,,,,,,,,,,,,,"cmackenzie@battelleecology.org","dfarkas@battelleecology.org",,,
"7f5c25d2-601d-4861-9b03-7cf1201bf78a","a377c795-b5ea-4b1d-b9e9-d796bc0d0d06","DCFS_003.mammalGrid.mam","D09","DCFS","DCFS_003","A10","distributed","grasslandHerbaceous",47.204875,-99.184072,"WGS84",45.1,586.1,0.2,"6 - trap set and empty","ShermanXLK","2018-05-09","2018-05-09",,,,,,,,,,,,,,,,,,,,,,,,,,,,,,,,,,,,,,,,,,,,"cmackenzie@battelleecology.org","dfarkas@battelleecology.org",,,
"e61ab9c3-4e61-4deb-8ef4-9413ea982bd3","87037f27-2833-4bd3-af91-1c84bc040b32","DCFS_006.mammalGrid.mam","D09","DCFS","DCFS_006","A1","distributed","grasslandHerbaceous",47.174408,-99.050112,"WGS84",45.1,496.5,0.2,"6 - trap set and empty","ShermanXLK","2018-05-09","2018-05-09",,,,,,,,,,,,,,,,,,,,,,,,,,,,,,,,,,,,,,,,,,,,"cmackenzie@battelleecology.org","dfarkas@battelleecology.org",,,
"b746f4ca-d5eb-4378-a4d4-5dbf027be1b4","a377c795-b5ea-4b1d-b9e9-d796bc0d0d06","DCFS_003.mammalGrid.mam","D09","DCFS","DCFS_003","D3","distributed","grasslandHerbaceous",47.204875,-99.184072,"WGS84",45.1,586.1,0.2,"6 - trap set and empty","ShermanXLK","2018-05-09","2018-05-09",,,,,,,,,,,,,,,,,,,,,,,,,,,,,,,,,,,,,,,,,,,,"cmackenzie@battelleecology.org","dfarkas@battelleecology.org",,,
"c9dc4969-1843-4d41-b60c-525514ae39bb","4bdc3024-40e6-4af7-9205-7f54c5dca5f8","DCFS_014.mammalGrid.mam","D09","DCFS","DCFS_014","H5","distributed","grasslandHerbaceous",47.120533,-99.056896,"WGS84",45.1,569.2,0.2,"6 - trap set and empty","ShermanXLK","2018-05-09","2018-05-09",,,,,,,,,,,,,,,,,,,,,,,,,,,,,,,,,,,,,,,,,,,,"cmackenzie@battelleecology.org","dfarkas@battelleecology.org",,,
"50606d7e-d210-4866-814f-7e1ca1ada4ce","87037f27-2833-4bd3-af91-1c84bc040b32","DCFS_006.mammalGrid.mam","D09","DCFS","DCFS_006","B4","distributed","grasslandHerbaceous",47.174408,-99.050112,"WGS84",45.1,496.5,0.2,"6 - trap set and empty","ShermanXLK","2018-05-09","2018-05-09",,,,,,,,,,,,,,,,,,,,,,,,,,,,,,,,,,,,,,,,,,,,"cmackenzie@battelleecology.org","dfarkas@battelleecology.org",,,
"57ddc983-a799-4fe6-a503-65c632307d84","87037f27-2833-4bd3-af91-1c84bc040b32","DCFS_006.mammalGrid.mam","D09","DCFS","DCFS_006","A10","distributed","grasslandHerbaceous",47.174408,-99.050112,"WGS84",45.1,496.5,0.2,"6 - trap set and empty","ShermanXLK","2018-05-09","2018-05-09",,,,,,,,,,,,,,,,,,,,,,,,,,,,,,,,,,,,,,,,,,,,"cmackenzie@battelleecology.org","dfarkas@battelleecology.org",,,
"3e596fe7-06a5-43e2-9cab-ab086c3682f8","a377c795-b5ea-4b1d-b9e9-d796bc0d0d06","DCFS_003.mammalGrid.mam","D09","DCFS","DCFS_003","D1","distributed","grasslandHerbaceous",47.204875,-99.184072,"WGS84",45.1,586.1,0.2,"6 - trap set and empty","ShermanXLK","2018-05-09","2018-05-09",,,,,,,,,,,,,,,,,,,,,,,,,,,,,,,,,,,,,,,,,,,,"cmackenzie@battelleecology.org","dfarkas@battelleecology.org",,,
"9eb4cc75-567c-42ad-8d1f-e1b0f9c161d9","87037f27-2833-4bd3-af91-1c84bc040b32","DCFS_006.mammalGrid.mam","D09","DCFS","DCFS_006","A4","distributed","grasslandHerbaceous",47.174408,-99.050112,"WGS84",45.1,496.5,0.2,"6 - trap set and empty","ShermanXLK","2018-05-09","2018-05-09",,,,,,,,,,,,,,,,,,,,,,,,,,,,,,,,,,,,,,,,,,,,"cmackenzie@battelleecology.org","dfarkas@battelleecology.org",,,
"427d35b7-5dbb-43d0-8254-402eec1ee215","4bdc3024-40e6-4af7-9205-7f54c5dca5f8","DCFS_014.mammalGrid.mam","D09","DCFS","DCFS_014","E2","distributed","grasslandHerbaceous",47.120533,-99.056896,"WGS84",45.1,569.2,0.2,"6 - trap set and empty","ShermanXLK","2018-05-09","2018-05-09",,,,,,,,,,,,,,,,,,,,,,,,,,,,,,,,,,,,,,,,,,,,"cmackenzie@battelleecology.org","dfarkas@battelleecology.org",,,
"adf298bf-a903-4a7a-b34e-404dcd70e914","a377c795-b5ea-4b1d-b9e9-d796bc0d0d06","DCFS_003.mammalGrid.mam","D09","DCFS","DCFS_003","F3","distributed","grasslandHerbaceous",47.204875,-99.184072,"WGS84",45.1,586.1,0.2,"5 - capture","ShermanXLK","2018-05-09","2018-05-09","NEON.MAM.D09.L3874",,"PEMA","Peromyscus maniculatus","species",,,,,"N","M","N","released",,"adult","nonscrotal",,,,16,,,,20,"N","N","N",,,,"DCFS.20180509.L3874.B","D00000011181","mandibular - QNS","DCFS.20180509.L3874.F","D00000011173","fresh","DCFS.20180509.L3874.E","D00000011188",,,,,,"cmackenzie@battelleecology.org","dfarkas@battelleecology.org",,,
"e416d315-fcfe-4435-a816-8123560d2247","a377c795-b5ea-4b1d-b9e9-d796bc0d0d06","DCFS_003.mammalGrid.mam","D09","DCFS","DCFS_003","I3","distributed","grasslandHerbaceous",47.204875,-99.184072,"WGS84",45.1,586.1,0.2,"6 - trap set and empty","ShermanXLK","2018-05-09","2018-05-09",,,,,,,,,,,,,,,,,,,,,,,,,,,,,,,,,,,,,,,,,,,,"cmackenzie@battelleecology.org","dfarkas@battelleecology.org",,,
"d7e35456-55fc-4f81-ad24-ae8b044d72b1","a377c795-b5ea-4b1d-b9e9-d796bc0d0d06","DCFS_003.mammalGrid.mam","D09","DCFS","DCFS_003","C8","distributed","grasslandHerbaceous",47.204875,-99.184072,"WGS84",45.1,586.1,0.2,"6 - trap set and empty","ShermanXLK","2018-05-09","2018-05-09",,,,,,,,,,,,,,,,,,,,,,,,,,,,,,,,,,,,,,,,,,,,"cmackenzie@battelleecology.org","dfarkas@battelleecology.org",,,
"ced9d67c-9d15-448c-a154-b9e9cd44e747","a377c795-b5ea-4b1d-b9e9-d796bc0d0d06","DCFS_003.mammalGrid.mam","D09","DCFS","DCFS_003","F9","distributed","grasslandHerbaceous",47.204875,-99.184072,"WGS84",45.1,586.1,0.2,"2 - trap disturbed/door closed but empty","ShermanXLK","2018-05-09","2018-05-09",,,,,,,,,,,,,,,,,,,,,,,,,,,,,,,,,,,,,,,,,,,,"cmackenzie@battelleecology.org","dfarkas@battelleecology.org",,,
"8e63efed-86a1-40ee-8239-2e93ef0976bb","a377c795-b5ea-4b1d-b9e9-d796bc0d0d06","DCFS_003.mammalGrid.mam","D09","DCFS","DCFS_003","B5","distributed","grasslandHerbaceous",47.204875,-99.184072,"WGS84",45.1,586.1,0.2,"6 - trap set and empty","ShermanXLK","2018-05-09","2018-05-09",,,,,,,,,,,,,,,,,,,,,,,,,,,,,,,,,,,,,,,,,,,,"cmackenzie@battelleecology.org","dfarkas@battelleecology.org",,,
"31ca80f2-c6a8-4270-a690-06ecaf17d5ff","a377c795-b5ea-4b1d-b9e9-d796bc0d0d06","DCFS_003.mammalGrid.mam","D09","DCFS","DCFS_003","J3","distributed","grasslandHerbaceous",47.204875,-99.184072,"WGS84",45.1,586.1,0.2,"6 - trap set and empty","ShermanXLK","2018-05-09","2018-05-09",,,,,,,,,,,,,,,,,,,,,,,,,,,,,,,,,,,,,,,,,,,,"cmackenzie@battelleecology.org","dfarkas@battelleecology.org",,,
"e3e0c391-eea8-4c64-9552-2a5b222b1f4c","a377c795-b5ea-4b1d-b9e9-d796bc0d0d06","DCFS_003.mammalGrid.mam","D09","DCFS","DCFS_003","F5","distributed","grasslandHerbaceous",47.204875,-99.184072,"WGS84",45.1,586.1,0.2,"6 - trap set and empty","ShermanXLK","2018-05-09","2018-05-09",,,,,,,,,,,,,,,,,,,,,,,,,,,,,,,,,,,,,,,,,,,,"cmackenzie@battelleecology.org","dfarkas@battelleecology.org",,,
"971e4294-f81a-400e-a9dd-acbd74b63196","4bdc3024-40e6-4af7-9205-7f54c5dca5f8","DCFS_014.mammalGrid.mam","D09","DCFS","DCFS_014","C8","distributed","grasslandHerbaceous",47.120533,-99.056896,"WGS84",45.1,569.2,0.2,"6 - trap set and empty","ShermanXLK","2018-05-09","2018-05-09",,,,,,,,,,,,,,,,,,,,,,,,,,,,,,,,,,,,,,,,,,,,"cmackenzie@battelleecology.org","dfarkas@battelleecology.org",,,
"5e184f7e-70d5-483d-b74c-96d7b38ff7e8","4bdc3024-40e6-4af7-9205-7f54c5dca5f8","DCFS_014.mammalGrid.mam","D09","DCFS","DCFS_014","E8","distributed","grasslandHerbaceous",47.120533,-99.056896,"WGS84",45.1,569.2,0.2,"6 - trap set and empty","ShermanXLK","2018-05-09","2018-05-09",,,,,,,,,,,,,,,,,,,,,,,,,,,,,,,,,,,,,,,,,,,,"cmackenzie@battelleecology.org","dfarkas@battelleecology.org",,,
"c7cfd09f-155c-471c-bec6-f8ddf065c1fe","4bdc3024-40e6-4af7-9205-7f54c5dca5f8","DCFS_014.mammalGrid.mam","D09","DCFS","DCFS_014","I8","distributed","grasslandHerbaceous",47.120533,-99.056896,"WGS84",45.1,569.2,0.2,"5 - capture","ShermanXLK","2018-05-09","2018-05-09","NEON.MAM.D09.R3870",,"MIPE","Microtus pennsylvanicus","species",,,,,"N","M","N","released",,"adult","nonscrotal",,,,16,,,,26,"N","N","N",,,,"DCFS.20180509.R3870.B","D00000011167","mandibular - QNS","DCFS.20180509.R3870.F","D00000011190","fresh","DCFS.20180509.R3870.E","D00000011155","DCFS.20180509.R3870.H","A00000016604","hairAndWhisker",,,"cmackenzie@battelleecology.org","dfarkas@battelleecology.org","fleas",,
"c007b93b-4f39-40a5-bd99-a50f1d1c419f","87037f27-2833-4bd3-af91-1c84bc040b32","DCFS_006.mammalGrid.mam","D09","DCFS","DCFS_006","C8","distributed","grasslandHerbaceous",47.174408,-99.050112,"WGS84",45.1,496.5,0.2,"6 - trap set and empty","ShermanXLK","2018-05-09","2018-05-09",,,,,,,,,,,,,,,,,,,,,,,,,,,,,,,,,,,,,,,,,,,,"cmackenzie@battelleecology.org","dfarkas@battelleecology.org",,,
"bbe9091f-a289-4807-98c4-edfffa5b451f","87037f27-2833-4bd3-af91-1c84bc040b32","DCFS_006.mammalGrid.mam","D09","DCFS","DCFS_006","J8","distributed","grasslandHerbaceous",47.174408,-99.050112,"WGS84",45.1,496.5,0.2,"6 - trap set and empty","ShermanXLK","2018-05-09","2018-05-09",,,,,,,,,,,,,,,,,,,,,,,,,,,,,,,,,,,,,,,,,,,,"cmackenzie@battelleecology.org","dfarkas@battelleecology.org",,,
"ce90f362-9023-4c14-bfda-a1f5846243d7","a377c795-b5ea-4b1d-b9e9-d796bc0d0d06","DCFS_003.mammalGrid.mam","D09","DCFS","DCFS_003","C3","distributed","grasslandHerbaceous",47.204875,-99.184072,"WGS84",45.1,586.1,0.2,"6 - trap set and empty","ShermanXLK","2018-05-09","2018-05-09",,,,,,,,,,,,,,,,,,,,,,,,,,,,,,,,,,,,,,,,,,,,"cmackenzie@battelleecology.org","dfarkas@battelleecology.org",,,
"87724bb0-f7f9-4e51-8139-fb00b0387f87","4bdc3024-40e6-4af7-9205-7f54c5dca5f8","DCFS_014.mammalGrid.mam","D09","DCFS","DCFS_014","D5","distributed","grasslandHerbaceous",47.120533,-99.056896,"WGS84",45.1,569.2,0.2,"6 - trap set and empty","ShermanXLK","2018-05-09","2018-05-09",,,,,,,,,,,,,,,,,,,,,,,,,,,,,,,,,,,,,,,,,,,,"cmackenzie@battelleecology.org","dfarkas@battelleecology.org",,,
"d00e2d62-20ce-450f-a380-cace51af641c","a377c795-b5ea-4b1d-b9e9-d796bc0d0d06","DCFS_003.mammalGrid.mam","D09","DCFS","DCFS_003","B9","distributed","grasslandHerbaceous",47.204875,-99.184072,"WGS84",45.1,586.1,0.2,"6 - trap set and empty","ShermanXLK","2018-05-09","2018-05-09",,,,,,,,,,,,,,,,,,,,,,,,,,,,,,,,,,,,,,,,,,,,"cmackenzie@battelleecology.org","dfarkas@battelleecology.org",,,
"ff919131-efac-4847-a6b9-74d141a3a933","a377c795-b5ea-4b1d-b9e9-d796bc0d0d06","DCFS_003.mammalGrid.mam","D09","DCFS","DCFS_003","G6","distributed","grasslandHerbaceous",47.204875,-99.184072,"WGS84",45.1,586.1,0.2,"6 - trap set and empty","ShermanXLK","2018-05-09","2018-05-09",,,,,,,,,,,,,,,,,,,,,,,,,,,,,,,,,,,,,,,,,,,,"cmackenzie@battelleecology.org","dfarkas@battelleecology.org",,,
"ed2e1662-cbfb-4c21-bf46-4a1c8f8a8e56","4bdc3024-40e6-4af7-9205-7f54c5dca5f8","DCFS_014.mammalGrid.mam","D09","DCFS","DCFS_014","J1","distributed","grasslandHerbaceous",47.120533,-99.056896,"WGS84",45.1,569.2,0.2,"6 - trap set and empty","ShermanXLK","2018-05-09","2018-05-09",,,,,,,,,,,,,,,,,,,,,,,,,,,,,,,,,,,,,,,,,,,,"cmackenzie@battelleecology.org","dfarkas@battelleecology.org",,,
"169778c9-68b0-4900-a530-9b3912d009db","87037f27-2833-4bd3-af91-1c84bc040b32","DCFS_006.mammalGrid.mam","D09","DCFS","DCFS_006","G5","distributed","grasslandHerbaceous",47.174408,-99.050112,"WGS84",45.1,496.5,0.2,"6 - trap set and empty","ShermanXLK","2018-05-09","2018-05-09",,,,,,,,,,,,,,,,,,,,,,,,,,,,,,,,,,,,,,,,,,,,"cmackenzie@battelleecology.org","dfarkas@battelleecology.org",,,
"336a3ff1-4525-4cc6-9ecd-cbd6c19c9f80","4bdc3024-40e6-4af7-9205-7f54c5dca5f8","DCFS_014.mammalGrid.mam","D09","DCFS","DCFS_014","B10","distributed","grasslandHerbaceous",47.120533,-99.056896,"WGS84",45.1,569.2,0.2,"5 - capture","ShermanXLK","2018-05-09","2018-05-09","NEON.MAM.D09.R3868",,"PEMA","Peromyscus maniculatus","species",,,,,"N","M","N","released",,"adult","nonscrotal",,,,17,,,,22,"N","N","N",,,,"DCFS.20180509.R3868.B","D00000011165","mandibular - QNS","DCFS.20180509.R3868.F","D00000011189","fresh","DCFS.20180509.R3868.E","D00000011242",,,,,,"cmackenzie@battelleecology.org","dfarkas@battelleecology.org","Has fleas",,
"275ec2a2-44bd-4bc4-b892-86a31f6c69d4","a377c795-b5ea-4b1d-b9e9-d796bc0d0d06","DCFS_003.mammalGrid.mam","D09","DCFS","DCFS_003","J8","distributed","grasslandHerbaceous",47.204875,-99.184072,"WGS84",45.1,586.1,0.2,"6 - trap set and empty","ShermanXLK","2018-05-09","2018-05-09",,,,,,,,,,,,,,,,,,,,,,,,,,,,,,,,,,,,,,,,,,,,"cmackenzie@battelleecology.org","dfarkas@battelleecology.org",,,
"d052dddf-44d1-481e-a70b-7f063fcac809","a377c795-b5ea-4b1d-b9e9-d796bc0d0d06","DCFS_003.mammalGrid.mam","D09","DCFS","DCFS_003","A2","distributed","grasslandHerbaceous",47.204875,-99.184072,"WGS84",45.1,586.1,0.2,"6 - trap set and empty","ShermanXLK","2018-05-09","2018-05-09",,,,,,,,,,,,,,,,,,,,,,,,,,,,,,,,,,,,,,,,,,,,"cmackenzie@battelleecology.org","dfarkas@battelleecology.org",,,
"e46bd551-2367-4573-81a6-1d182db6bf38","a377c795-b5ea-4b1d-b9e9-d796bc0d0d06","DCFS_003.mammalGrid.mam","D09","DCFS","DCFS_003","F1","distributed","grasslandHerbaceous",47.204875,-99.184072,"WGS84",45.1,586.1,0.2,"6 - trap set and empty","ShermanXLK","2018-05-09","2018-05-09",,,,,,,,,,,,,,,,,,,,,,,,,,,,,,,,,,,,,,,,,,,,"cmackenzie@battelleecology.org","dfarkas@battelleecology.org",,,
"6e969c52-c5ee-4216-97d3-bf0fc8dd07d4","87037f27-2833-4bd3-af91-1c84bc040b32","DCFS_006.mammalGrid.mam","D09","DCFS","DCFS_006","A7","distributed","grasslandHerbaceous",47.174408,-99.050112,"WGS84",45.1,496.5,0.2,"6 - trap set and empty","ShermanXLK","2018-05-09","2018-05-09",,,,,,,,,,,,,,,,,,,,,,,,,,,,,,,,,,,,,,,,,,,,"cmackenzie@battelleecology.org","dfarkas@battelleecology.org",,,
"55e7832b-d476-4cd9-84b2-7a83cf863a79","4bdc3024-40e6-4af7-9205-7f54c5dca5f8","DCFS_014.mammalGrid.mam","D09","DCFS","DCFS_014","E9","distributed","grasslandHerbaceous",47.120533,-99.056896,"WGS84",45.1,569.2,0.2,"6 - trap set and empty","ShermanXLK","2018-05-09","2018-05-09",,,,,,,,,,,,,,,,,,,,,,,,,,,,,,,,,,,,,,,,,,,,"cmackenzie@battelleecology.org","dfarkas@battelleecology.org",,,
"afc1bca7-a561-48a4-880c-6334a989b4b3","87037f27-2833-4bd3-af91-1c84bc040b32","DCFS_006.mammalGrid.mam","D09","DCFS","DCFS_006","E3","distributed","grasslandHerbaceous",47.174408,-99.050112,"WGS84",45.1,496.5,0.2,"6 - trap set and empty","ShermanXLK","2018-05-09","2018-05-09",,,,,,,,,,,,,,,,,,,,,,,,,,,,,,,,,,,,,,,,,,,,"cmackenzie@battelleecology.org","dfarkas@battelleecology.org",,,
"b2bc4622-23c8-4364-9ac3-a9c3840a3668","a377c795-b5ea-4b1d-b9e9-d796bc0d0d06","DCFS_003.mammalGrid.mam","D09","DCFS","DCFS_003","E2","distributed","grasslandHerbaceous",47.204875,-99.184072,"WGS84",45.1,586.1,0.2,"6 - trap set and empty","ShermanXLK","2018-05-09","2018-05-09",,,,,,,,,,,,,,,,,,,,,,,,,,,,,,,,,,,,,,,,,,,,"cmackenzie@battelleecology.org","dfarkas@battelleecology.org",,,
"2ee8a34a-fc65-4c93-84dc-96ea828a62ac","4bdc3024-40e6-4af7-9205-7f54c5dca5f8","DCFS_014.mammalGrid.mam","D09","DCFS","DCFS_014","F5","distributed","grasslandHerbaceous",47.120533,-99.056896,"WGS84",45.1,569.2,0.2,"6 - trap set and empty","ShermanXLK","2018-05-09","2018-05-09",,,,,,,,,,,,,,,,,,,,,,,,,,,,,,,,,,,,,,,,,,,,"cmackenzie@battelleecology.org","dfarkas@battelleecology.org",,,
"14f7b472-af23-41e0-9117-fcb0b23774fa","87037f27-2833-4bd3-af91-1c84bc040b32","DCFS_006.mammalGrid.mam","D09","DCFS","DCFS_006","D6","distributed","grasslandHerbaceous",47.174408,-99.050112,"WGS84",45.1,496.5,0.2,"6 - trap set and empty","ShermanXLK","2018-05-09","2018-05-09",,,,,,,,,,,,,,,,,,,,,,,,,,,,,,,,,,,,,,,,,,,,"cmackenzie@battelleecology.org","dfarkas@battelleecology.org",,,
"db28cb30-dd93-48e6-a2d9-8c317b7fe007","87037f27-2833-4bd3-af91-1c84bc040b32","DCFS_006.mammalGrid.mam","D09","DCFS","DCFS_006","A6","distributed","grasslandHerbaceous",47.174408,-99.050112,"WGS84",45.1,496.5,0.2,"6 - trap set and empty","ShermanXLK","2018-05-09","2018-05-09",,,,,,,,,,,,,,,,,,,,,,,,,,,,,,,,,,,,,,,,,,,,"cmackenzie@battelleecology.org","dfarkas@battelleecology.org",,,
"5ae20166-df9d-4e16-95ad-4bb8f7edcac3","4bdc3024-40e6-4af7-9205-7f54c5dca5f8","DCFS_014.mammalGrid.mam","D09","DCFS","DCFS_014","I9","distributed","grasslandHerbaceous",47.120533,-99.056896,"WGS84",45.1,569.2,0.2,"6 - trap set and empty","ShermanXLK","2018-05-09","2018-05-09",,,,,,,,,,,,,,,,,,,,,,,,,,,,,,,,,,,,,,,,,,,,"cmackenzie@battelleecology.org","dfarkas@battelleecology.org",,,
"b813cbf2-60d3-4ad4-be42-f95c55501e86","4bdc3024-40e6-4af7-9205-7f54c5dca5f8","DCFS_014.mammalGrid.mam","D09","DCFS","DCFS_014","H3","distributed","grasslandHerbaceous",47.120533,-99.056896,"WGS84",45.1,569.2,0.2,"6 - trap set and empty","ShermanXLK","2018-05-09","2018-05-09",,,,,,,,,,,,,,,,,,,,,,,,,,,,,,,,,,,,,,,,,,,,"cmackenzie@battelleecology.org","dfarkas@battelleecology.org",,,
"7a67c946-4a7c-437d-9c9b-766c123f9e13","a377c795-b5ea-4b1d-b9e9-d796bc0d0d06","DCFS_003.mammalGrid.mam","D09","DCFS","DCFS_003","G9","distributed","grasslandHerbaceous",47.204875,-99.184072,"WGS84",45.1,586.1,0.2,"6 - trap set and empty","ShermanXLK","2018-05-09","2018-05-09",,,,,,,,,,,,,,,,,,,,,,,,,,,,,,,,,,,,,,,,,,,,"cmackenzie@battelleecology.org","dfarkas@battelleecology.org",,,
"f535f62b-5eae-4771-a227-5cf5a2a31b4e","a377c795-b5ea-4b1d-b9e9-d796bc0d0d06","DCFS_003.mammalGrid.mam","D09","DCFS","DCFS_003","D9","distributed","grasslandHerbaceous",47.204875,-99.184072,"WGS84",45.1,586.1,0.2,"6 - trap set and empty","ShermanXLK","2018-05-09","2018-05-09",,,,,,,,,,,,,,,,,,,,,,,,,,,,,,,,,,,,,,,,,,,,"cmackenzie@battelleecology.org","dfarkas@battelleecology.org",,,
"c1ea7bc8-8fc4-4a60-bbc2-28893052c14f","4bdc3024-40e6-4af7-9205-7f54c5dca5f8","DCFS_014.mammalGrid.mam","D09","DCFS","DCFS_014","I1","distributed","grasslandHerbaceous",47.120533,-99.056896,"WGS84",45.1,569.2,0.2,"6 - trap set and empty","ShermanXLK","2018-05-09","2018-05-09",,,,,,,,,,,,,,,,,,,,,,,,,,,,,,,,,,,,,,,,,,,,"cmackenzie@battelleecology.org","dfarkas@battelleecology.org",,,
"ea67e22d-ec4b-4106-b253-a817983dc9d9","87037f27-2833-4bd3-af91-1c84bc040b32","DCFS_006.mammalGrid.mam","D09","DCFS","DCFS_006","D2","distributed","grasslandHerbaceous",47.174408,-99.050112,"WGS84",45.1,496.5,0.2,"6 - trap set and empty","ShermanXLK","2018-05-09","2018-05-09",,,,,,,,,,,,,,,,,,,,,,,,,,,,,,,,,,,,,,,,,,,,"cmackenzie@battelleecology.org","dfarkas@battelleecology.org",,,
"47a1132f-f188-40cb-8358-a04db3f0359b","4bdc3024-40e6-4af7-9205-7f54c5dca5f8","DCFS_014.mammalGrid.mam","D09","DCFS","DCFS_014","J10","distributed","grasslandHerbaceous",47.120533,-99.056896,"WGS84",45.1,569.2,0.2,"6 - trap set and empty","ShermanXLK","2018-05-09","2018-05-09",,,,,,,,,,,,,,,,,,,,,,,,,,,,,,,,,,,,,,,,,,,,"cmackenzie@battelleecology.org","dfarkas@battelleecology.org",,,
"936b2cc7-76b4-4049-a929-b48b19e7981d","4bdc3024-40e6-4af7-9205-7f54c5dca5f8","DCFS_014.mammalGrid.mam","D09","DCFS","DCFS_014","E3","distributed","grasslandHerbaceous",47.120533,-99.056896,"WGS84",45.1,569.2,0.2,"6 - trap set and empty","ShermanXLK","2018-05-09","2018-05-09",,,,,,,,,,,,,,,,,,,,,,,,,,,,,,,,,,,,,,,,,,,,"cmackenzie@battelleecology.org","dfarkas@battelleecology.org",,,
"8b3b45ba-4234-4383-b6a2-32b243ff76d4","87037f27-2833-4bd3-af91-1c84bc040b32","DCFS_006.mammalGrid.mam","D09","DCFS","DCFS_006","G10","distributed","grasslandHerbaceous",47.174408,-99.050112,"WGS84",45.1,496.5,0.2,"6 - trap set and empty","ShermanXLK","2018-05-09","2018-05-09",,,,,,,,,,,,,,,,,,,,,,,,,,,,,,,,,,,,,,,,,,,,"cmackenzie@battelleecology.org","dfarkas@battelleecology.org",,,
"ff23fea0-d68b-48e9-80e3-482365c45599","87037f27-2833-4bd3-af91-1c84bc040b32","DCFS_006.mammalGrid.mam","D09","DCFS","DCFS_006","D3","distributed","grasslandHerbaceous",47.174408,-99.050112,"WGS84",45.1,496.5,0.2,"6 - trap set and empty","ShermanXLK","2018-05-09","2018-05-09",,,,,,,,,,,,,,,,,,,,,,,,,,,,,,,,,,,,,,,,,,,,"cmackenzie@battelleecology.org","dfarkas@battelleecology.org",,,
"47467814-e4e3-460b-986d-272fdb47d2f4","4bdc3024-40e6-4af7-9205-7f54c5dca5f8","DCFS_014.mammalGrid.mam","D09","DCFS","DCFS_014","G6","distributed","grasslandHerbaceous",47.120533,-99.056896,"WGS84",45.1,569.2,0.2,"6 - trap set and empty","ShermanXLK","2018-05-09","2018-05-09",,,,,,,,,,,,,,,,,,,,,,,,,,,,,,,,,,,,,,,,,,,,"cmackenzie@battelleecology.org","dfarkas@battelleecology.org",,,
"2a72c4cc-8150-444d-ac5f-7d7c1cf16b99","87037f27-2833-4bd3-af91-1c84bc040b32","DCFS_006.mammalGrid.mam","D09","DCFS","DCFS_006","F10","distributed","grasslandHerbaceous",47.174408,-99.050112,"WGS84",45.1,496.5,0.2,"6 - trap set and empty","ShermanXLK","2018-05-09","2018-05-09",,,,,,,,,,,,,,,,,,,,,,,,,,,,,,,,,,,,,,,,,,,,"cmackenzie@battelleecology.org","dfarkas@battelleecology.org",,,
"1cb5c080-060b-436a-a308-48c0fcc39440","4bdc3024-40e6-4af7-9205-7f54c5dca5f8","DCFS_014.mammalGrid.mam","D09","DCFS","DCFS_014","F9","distributed","grasslandHerbaceous",47.120533,-99.056896,"WGS84",45.1,569.2,0.2,"6 - trap set and empty","ShermanXLK","2018-05-09","2018-05-09",,,,,,,,,,,,,,,,,,,,,,,,,,,,,,,,,,,,,,,,,,,,"cmackenzie@battelleecology.org","dfarkas@battelleecology.org",,,
"d7a35d6c-6646-411e-b647-e37ef23a8f18","87037f27-2833-4bd3-af91-1c84bc040b32","DCFS_006.mammalGrid.mam","D09","DCFS","DCFS_006","I2","distributed","grasslandHerbaceous",47.174408,-99.050112,"WGS84",45.1,496.5,0.2,"6 - trap set and empty","ShermanXLK","2018-05-09","2018-05-09",,,,,,,,,,,,,,,,,,,,,,,,,,,,,,,,,,,,,,,,,,,,"cmackenzie@battelleecology.org","dfarkas@battelleecology.org",,,
"a3caaa1e-faf7-4a64-93af-7ce5fae67f26","87037f27-2833-4bd3-af91-1c84bc040b32","DCFS_006.mammalGrid.mam","D09","DCFS","DCFS_006","G1","distributed","grasslandHerbaceous",47.174408,-99.050112,"WGS84",45.1,496.5,0.2,"6 - trap set and empty","ShermanXLK","2018-05-09","2018-05-09",,,,,,,,,,,,,,,,,,,,,,,,,,,,,,,,,,,,,,,,,,,,"cmackenzie@battelleecology.org","dfarkas@battelleecology.org",,,
"e35b0178-5552-4eb3-a3de-5ae5841e30e0","4bdc3024-40e6-4af7-9205-7f54c5dca5f8","DCFS_014.mammalGrid.mam","D09","DCFS","DCFS_014","C6","distributed","grasslandHerbaceous",47.120533,-99.056896,"WGS84",45.1,569.2,0.2,"6 - trap set and empty","ShermanXLK","2018-05-09","2018-05-09",,,,,,,,,,,,,,,,,,,,,,,,,,,,,,,,,,,,,,,,,,,,"cmackenzie@battelleecology.org","dfarkas@battelleecology.org",,,
"54a7efbe-809c-47ff-ae99-b997792701ee","4bdc3024-40e6-4af7-9205-7f54c5dca5f8","DCFS_014.mammalGrid.mam","D09","DCFS","DCFS_014","A8","distributed","grasslandHerbaceous",47.120533,-99.056896,"WGS84",45.1,569.2,0.2,"6 - trap set and empty","ShermanXLK","2018-05-09","2018-05-09",,,,,,,,,,,,,,,,,,,,,,,,,,,,,,,,,,,,,,,,,,,,"cmackenzie@battelleecology.org","dfarkas@battelleecology.org",,,
"35bd136c-ec44-4ae2-89f3-cfc4671fe33f","a377c795-b5ea-4b1d-b9e9-d796bc0d0d06","DCFS_003.mammalGrid.mam","D09","DCFS","DCFS_003","I1","distributed","grasslandHerbaceous",47.204875,-99.184072,"WGS84",45.1,586.1,0.2,"6 - trap set and empty","ShermanXLK","2018-05-09","2018-05-09",,,,,,,,,,,,,,,,,,,,,,,,,,,,,,,,,,,,,,,,,,,,"cmackenzie@battelleecology.org","dfarkas@battelleecology.org",,,
"326c2cb8-a792-4484-a5ca-127ef1caebfb","4bdc3024-40e6-4af7-9205-7f54c5dca5f8","DCFS_014.mammalGrid.mam","D09","DCFS","DCFS_014","G5","distributed","grasslandHerbaceous",47.120533,-99.056896,"WGS84",45.1,569.2,0.2,"6 - trap set and empty","ShermanXLK","2018-05-09","2018-05-09",,,,,,,,,,,,,,,,,,,,,,,,,,,,,,,,,,,,,,,,,,,,"cmackenzie@battelleecology.org","dfarkas@battelleecology.org",,,
"dba0a775-145b-4a0f-9a1c-67ff7b5bb918","4bdc3024-40e6-4af7-9205-7f54c5dca5f8","DCFS_014.mammalGrid.mam","D09","DCFS","DCFS_014","A5","distributed","grasslandHerbaceous",47.120533,-99.056896,"WGS84",45.1,569.2,0.2,"6 - trap set and empty","ShermanXLK","2018-05-09","2018-05-09",,,,,,,,,,,,,,,,,,,,,,,,,,,,,,,,,,,,,,,,,,,,"cmackenzie@battelleecology.org","dfarkas@battelleecology.org",,,
"c7186eff-e353-44d0-916a-0a3c2bb0a4fc","87037f27-2833-4bd3-af91-1c84bc040b32","DCFS_006.mammalGrid.mam","D09","DCFS","DCFS_006","H9","distributed","grasslandHerbaceous",47.174408,-99.050112,"WGS84",45.1,496.5,0.2,"6 - trap set and empty","ShermanXLK","2018-05-09","2018-05-09",,,,,,,,,,,,,,,,,,,,,,,,,,,,,,,,,,,,,,,,,,,,"cmackenzie@battelleecology.org","dfarkas@battelleecology.org",,,
"a5c1163c-aee9-4d1d-88dd-180a5ae2e724","87037f27-2833-4bd3-af91-1c84bc040b32","DCFS_006.mammalGrid.mam","D09","DCFS","DCFS_006","E2","distributed","grasslandHerbaceous",47.174408,-99.050112,"WGS84",45.1,496.5,0.2,"6 - trap set and empty","ShermanXLK","2018-05-09","2018-05-09",,,,,,,,,,,,,,,,,,,,,,,,,,,,,,,,,,,,,,,,,,,,"cmackenzie@battelleecology.org","dfarkas@battelleecology.org",,,
"4c312f89-8001-4a99-9b22-d9617ccb38ef","87037f27-2833-4bd3-af91-1c84bc040b32","DCFS_006.mammalGrid.mam","D09","DCFS","DCFS_006","H4","distributed","grasslandHerbaceous",47.174408,-99.050112,"WGS84",45.1,496.5,0.2,"6 - trap set and empty","ShermanXLK","2018-05-09","2018-05-09",,,,,,,,,,,,,,,,,,,,,,,,,,,,,,,,,,,,,,,,,,,,"cmackenzie@battelleecology.org","dfarkas@battelleecology.org",,,
"098d649c-92e0-4c67-a1bd-a92c682411c0","87037f27-2833-4bd3-af91-1c84bc040b32","DCFS_006.mammalGrid.mam","D09","DCFS","DCFS_006","H10","distributed","grasslandHerbaceous",47.174408,-99.050112,"WGS84",45.1,496.5,0.2,"6 - trap set and empty","ShermanXLK","2018-05-09","2018-05-09",,,,,,,,,,,,,,,,,,,,,,,,,,,,,,,,,,,,,,,,,,,,"cmackenzie@battelleecology.org","dfarkas@battelleecology.org",,,
"42202175-f0e7-472f-b4f5-b24accf5f1fb","87037f27-2833-4bd3-af91-1c84bc040b32","DCFS_006.mammalGrid.mam","D09","DCFS","DCFS_006","B6","distributed","grasslandHerbaceous",47.174408,-99.050112,"WGS84",45.1,496.5,0.2,"6 - trap set and empty","ShermanXLK","2018-05-09","2018-05-09",,,,,,,,,,,,,,,,,,,,,,,,,,,,,,,,,,,,,,,,,,,,"cmackenzie@battelleecology.org","dfarkas@battelleecology.org",,,
"7af93838-c274-4ef3-9bcc-900807dce4bb","87037f27-2833-4bd3-af91-1c84bc040b32","DCFS_006.mammalGrid.mam","D09","DCFS","DCFS_006","F2","distributed","grasslandHerbaceous",47.174408,-99.050112,"WGS84",45.1,496.5,0.2,"5 - capture","ShermanXLK","2018-05-09","2018-05-09","NEON.MAM.D09.R3872",,"PEMA","Peromyscus maniculatus","species",,,,,"N","M","N","released",,"adult","nonscrotal",,,,19,,,,24,"N","N","N",,,,"DCFS.20180509.R3872.B","D00000011243","mandibular",,,,"DCFS.20180509.R3872.E","D00000011183",,,,,,"cmackenzie@battelleecology.org","dfarkas@battelleecology.org","fleas",,
"558cf1f0-75a0-4059-a612-e0d5c541884c","a377c795-b5ea-4b1d-b9e9-d796bc0d0d06","DCFS_003.mammalGrid.mam","D09","DCFS","DCFS_003","B4","distributed","grasslandHerbaceous",47.204875,-99.184072,"WGS84",45.1,586.1,0.2,"6 - trap set and empty","ShermanXLK","2018-05-09","2018-05-09",,,,,,,,,,,,,,,,,,,,,,,,,,,,,,,,,,,,,,,,,,,,"cmackenzie@battelleecology.org","dfarkas@battelleecology.org",,,
"84eb5168-133b-413a-8803-96d5db160a91","87037f27-2833-4bd3-af91-1c84bc040b32","DCFS_006.mammalGrid.mam","D09","DCFS","DCFS_006","G2","distributed","grasslandHerbaceous",47.174408,-99.050112,"WGS84",45.1,496.5,0.2,"6 - trap set and empty","ShermanXLK","2018-05-09","2018-05-09",,,,,,,,,,,,,,,,,,,,,,,,,,,,,,,,,,,,,,,,,,,,"cmackenzie@battelleecology.org","dfarkas@battelleecology.org",,,
"3941c9fc-cb7d-4b5b-8c97-18a9ee59b48f","87037f27-2833-4bd3-af91-1c84bc040b32","DCFS_006.mammalGrid.mam","D09","DCFS","DCFS_006","H8","distributed","grasslandHerbaceous",47.174408,-99.050112,"WGS84",45.1,496.5,0.2,"6 - trap set and empty","ShermanXLK","2018-05-09","2018-05-09",,,,,,,,,,,,,,,,,,,,,,,,,,,,,,,,,,,,,,,,,,,,"cmackenzie@battelleecology.org","dfarkas@battelleecology.org",,,
"f533fbae-715a-481b-8fa8-221a9144c044","a377c795-b5ea-4b1d-b9e9-d796bc0d0d06","DCFS_003.mammalGrid.mam","D09","DCFS","DCFS_003","E3","distributed","grasslandHerbaceous",47.204875,-99.184072,"WGS84",45.1,586.1,0.2,"6 - trap set and empty","ShermanXLK","2018-05-09","2018-05-09",,,,,,,,,,,,,,,,,,,,,,,,,,,,,,,,,,,,,,,,,,,,"cmackenzie@battelleecology.org","dfarkas@battelleecology.org",,,
"dd913e4f-89ab-4164-8e5d-2dcca6ed9b5a","a377c795-b5ea-4b1d-b9e9-d796bc0d0d06","DCFS_003.mammalGrid.mam","D09","DCFS","DCFS_003","C9","distributed","grasslandHerbaceous",47.204875,-99.184072,"WGS84",45.1,586.1,0.2,"6 - trap set and empty","ShermanXLK","2018-05-09","2018-05-09",,,,,,,,,,,,,,,,,,,,,,,,,,,,,,,,,,,,,,,,,,,,"cmackenzie@battelleecology.org","dfarkas@battelleecology.org",,,
"1613250e-35c1-43f8-9198-9adf42729a88","a377c795-b5ea-4b1d-b9e9-d796bc0d0d06","DCFS_003.mammalGrid.mam","D09","DCFS","DCFS_003","C2","distributed","grasslandHerbaceous",47.204875,-99.184072,"WGS84",45.1,586.1,0.2,"6 - trap set and empty","ShermanXLK","2018-05-09","2018-05-09",,,,,,,,,,,,,,,,,,,,,,,,,,,,,,,,,,,,,,,,,,,,"cmackenzie@battelleecology.org","dfarkas@battelleecology.org",,,
"567e6a40-5824-47af-929a-c50ebc3b8481","87037f27-2833-4bd3-af91-1c84bc040b32","DCFS_006.mammalGrid.mam","D09","DCFS","DCFS_006","G7","distributed","grasslandHerbaceous",47.174408,-99.050112,"WGS84",45.1,496.5,0.2,"6 - trap set and empty","ShermanXLK","2018-05-09","2018-05-09",,,,,,,,,,,,,,,,,,,,,,,,,,,,,,,,,,,,,,,,,,,,"cmackenzie@battelleecology.org","dfarkas@battelleecology.org",,,
"b42021b2-0867-4fd3-adf5-4dc08040e30d","a377c795-b5ea-4b1d-b9e9-d796bc0d0d06","DCFS_003.mammalGrid.mam","D09","DCFS","DCFS_003","E10","distributed","grasslandHerbaceous",47.204875,-99.184072,"WGS84",45.1,586.1,0.2,"6 - trap set and empty","ShermanXLK","2018-05-09","2018-05-09",,,,,,,,,,,,,,,,,,,,,,,,,,,,,,,,,,,,,,,,,,,,"cmackenzie@battelleecology.org","dfarkas@battelleecology.org",,,
"c189edcf-c75a-4bf8-a929-62e5f850cf79","87037f27-2833-4bd3-af91-1c84bc040b32","DCFS_006.mammalGrid.mam","D09","DCFS","DCFS_006","I9","distributed","grasslandHerbaceous",47.174408,-99.050112,"WGS84",45.1,496.5,0.2,"6 - trap set and empty","ShermanXLK","2018-05-09","2018-05-09",,,,,,,,,,,,,,,,,,,,,,,,,,,,,,,,,,,,,,,,,,,,"cmackenzie@battelleecology.org","dfarkas@battelleecology.org",,,
"a5de3995-512b-45ee-a793-d2b932db7adf","4bdc3024-40e6-4af7-9205-7f54c5dca5f8","DCFS_014.mammalGrid.mam","D09","DCFS","DCFS_014","G4","distributed","grasslandHerbaceous",47.120533,-99.056896,"WGS84",45.1,569.2,0.2,"6 - trap set and empty","ShermanXLK","2018-05-09","2018-05-09",,,,,,,,,,,,,,,,,,,,,,,,,,,,,,,,,,,,,,,,,,,,"cmackenzie@battelleecology.org","dfarkas@battelleecology.org",,,
"55eb094a-f581-4207-bb53-e1d1ba145a41","4bdc3024-40e6-4af7-9205-7f54c5dca5f8","DCFS_014.mammalGrid.mam","D09","DCFS","DCFS_014","D9","distributed","grasslandHerbaceous",47.120533,-99.056896,"WGS84",45.1,569.2,0.2,"6 - trap set and empty","ShermanXLK","2018-05-09","2018-05-09",,,,,,,,,,,,,,,,,,,,,,,,,,,,,,,,,,,,,,,,,,,,"cmackenzie@battelleecology.org","dfarkas@battelleecology.org",,,
"72b3cdd4-dcc3-452b-8247-d65096deb238","4bdc3024-40e6-4af7-9205-7f54c5dca5f8","DCFS_014.mammalGrid.mam","D09","DCFS","DCFS_014","E6","distributed","grasslandHerbaceous",47.120533,-99.056896,"WGS84",45.1,569.2,0.2,"6 - trap set and empty","ShermanXLK","2018-05-09","2018-05-09",,,,,,,,,,,,,,,,,,,,,,,,,,,,,,,,,,,,,,,,,,,,"cmackenzie@battelleecology.org","dfarkas@battelleecology.org",,,
"ffb5a7fc-2672-421a-98c0-004499d79c17","87037f27-2833-4bd3-af91-1c84bc040b32","DCFS_006.mammalGrid.mam","D09","DCFS","DCFS_006","J10","distributed","grasslandHerbaceous",47.174408,-99.050112,"WGS84",45.1,496.5,0.2,"6 - trap set and empty","ShermanXLK","2018-05-09","2018-05-09",,,,,,,,,,,,,,,,,,,,,,,,,,,,,,,,,,,,,,,,,,,,"cmackenzie@battelleecology.org","dfarkas@battelleecology.org",,,
"1d87af37-cc4a-4442-a53e-8819aca6ad9b","a377c795-b5ea-4b1d-b9e9-d796bc0d0d06","DCFS_003.mammalGrid.mam","D09","DCFS","DCFS_003","I5","distributed","grasslandHerbaceous",47.204875,-99.184072,"WGS84",45.1,586.1,0.2,"6 - trap set and empty","ShermanXLK","2018-05-09","2018-05-09",,,,,,,,,,,,,,,,,,,,,,,,,,,,,,,,,,,,,,,,,,,,"cmackenzie@battelleecology.org","dfarkas@battelleecology.org",,,
"5f698008-6105-4072-ae9b-fae9b098d90a","4bdc3024-40e6-4af7-9205-7f54c5dca5f8","DCFS_014.mammalGrid.mam","D09","DCFS","DCFS_014","D1","distributed","grasslandHerbaceous",47.120533,-99.056896,"WGS84",45.1,569.2,0.2,"6 - trap set and empty","ShermanXLK","2018-05-09","2018-05-09",,,,,,,,,,,,,,,,,,,,,,,,,,,,,,,,,,,,,,,,,,,,"cmackenzie@battelleecology.org","dfarkas@battelleecology.org",,,
"6e0c06b6-8796-4546-bc93-193f5bcbe3b4","4bdc3024-40e6-4af7-9205-7f54c5dca5f8","DCFS_014.mammalGrid.mam","D09","DCFS","DCFS_014","I7","distributed","grasslandHerbaceous",47.120533,-99.056896,"WGS84",45.1,569.2,0.2,"6 - trap set and empty","ShermanXLK","2018-05-09","2018-05-09",,,,,,,,,,,,,,,,,,,,,,,,,,,,,,,,,,,,,,,,,,,,"cmackenzie@battelleecology.org","dfarkas@battelleecology.org",,,
"7a436537-333e-4add-894e-bb0e2d1412c5","87037f27-2833-4bd3-af91-1c84bc040b32","DCFS_006.mammalGrid.mam","D09","DCFS","DCFS_006","H3","distributed","grasslandHerbaceous",47.174408,-99.050112,"WGS84",45.1,496.5,0.2,"6 - trap set and empty","ShermanXLK","2018-05-09","2018-05-09",,,,,,,,,,,,,,,,,,,,,,,,,,,,,,,,,,,,,,,,,,,,"cmackenzie@battelleecology.org","dfarkas@battelleecology.org",,,
"9de1d7c1-bb0a-4e1e-8e10-0865d98b1d1c","4bdc3024-40e6-4af7-9205-7f54c5dca5f8","DCFS_014.mammalGrid.mam","D09","DCFS","DCFS_014","I5","distributed","grasslandHerbaceous",47.120533,-99.056896,"WGS84",45.1,569.2,0.2,"6 - trap set and empty","ShermanXLK","2018-05-09","2018-05-09",,,,,,,,,,,,,,,,,,,,,,,,,,,,,,,,,,,,,,,,,,,,"cmackenzie@battelleecology.org","dfarkas@battelleecology.org",,,
"af474435-ac24-4e68-8719-3d96234a8d7e","87037f27-2833-4bd3-af91-1c84bc040b32","DCFS_006.mammalGrid.mam","D09","DCFS","DCFS_006","B5","distributed","grasslandHerbaceous",47.174408,-99.050112,"WGS84",45.1,496.5,0.2,"6 - trap set and empty","ShermanXLK","2018-05-09","2018-05-09",,,,,,,,,,,,,,,,,,,,,,,,,,,,,,,,,,,,,,,,,,,,"cmackenzie@battelleecology.org","dfarkas@battelleecology.org",,,
"cbd1f6be-f781-40b0-8b60-76ae3c3900a2","a377c795-b5ea-4b1d-b9e9-d796bc0d0d06","DCFS_003.mammalGrid.mam","D09","DCFS","DCFS_003","B3","distributed","grasslandHerbaceous",47.204875,-99.184072,"WGS84",45.1,586.1,0.2,"6 - trap set and empty","ShermanXLK","2018-05-09","2018-05-09",,,,,,,,,,,,,,,,,,,,,,,,,,,,,,,,,,,,,,,,,,,,"cmackenzie@battelleecology.org","dfarkas@battelleecology.org",,,
"827b5af8-85ea-4ded-8842-0413c6f4a4fb","a377c795-b5ea-4b1d-b9e9-d796bc0d0d06","DCFS_003.mammalGrid.mam","D09","DCFS","DCFS_003","G3","distributed","grasslandHerbaceous",47.204875,-99.184072,"WGS84",45.1,586.1,0.2,"6 - trap set and empty","ShermanXLK","2018-05-09","2018-05-09",,,,,,,,,,,,,,,,,,,,,,,,,,,,,,,,,,,,,,,,,,,,"cmackenzie@battelleecology.org","dfarkas@battelleecology.org",,,
"4fbcffc0-2543-4694-9900-d72e5d72aa3f","4bdc3024-40e6-4af7-9205-7f54c5dca5f8","DCFS_014.mammalGrid.mam","D09","DCFS","DCFS_014","B2","distributed","grasslandHerbaceous",47.120533,-99.056896,"WGS84",45.1,569.2,0.2,"6 - trap set and empty","ShermanXLK","2018-05-09","2018-05-09",,,,,,,,,,,,,,,,,,,,,,,,,,,,,,,,,,,,,,,,,,,,"cmackenzie@battelleecology.org","dfarkas@battelleecology.org",,,
"839f96ce-7fb6-4245-b1aa-2d039389cb7b","87037f27-2833-4bd3-af91-1c84bc040b32","DCFS_006.mammalGrid.mam","D09","DCFS","DCFS_006","A3","distributed","grasslandHerbaceous",47.174408,-99.050112,"WGS84",45.1,496.5,0.2,"6 - trap set and empty","ShermanXLK","2018-05-09","2018-05-09",,,,,,,,,,,,,,,,,,,,,,,,,,,,,,,,,,,,,,,,,,,,"cmackenzie@battelleecology.org","dfarkas@battelleecology.org",,,
"4766d463-ec1e-469a-aaa4-292ef84b78f1","4bdc3024-40e6-4af7-9205-7f54c5dca5f8","DCFS_014.mammalGrid.mam","D09","DCFS","DCFS_014","C1","distributed","grasslandHerbaceous",47.120533,-99.056896,"WGS84",45.1,569.2,0.2,"6 - trap set and empty","ShermanXLK","2018-05-09","2018-05-09",,,,,,,,,,,,,,,,,,,,,,,,,,,,,,,,,,,,,,,,,,,,"cmackenzie@battelleecology.org","dfarkas@battelleecology.org",,,
"6dede528-fff0-4e0d-931e-73526948a92b","a377c795-b5ea-4b1d-b9e9-d796bc0d0d06","DCFS_003.mammalGrid.mam","D09","DCFS","DCFS_003","C7","distributed","grasslandHerbaceous",47.204875,-99.184072,"WGS84",45.1,586.1,0.2,"6 - trap set and empty","ShermanXLK","2018-05-09","2018-05-09",,,,,,,,,,,,,,,,,,,,,,,,,,,,,,,,,,,,,,,,,,,,"cmackenzie@battelleecology.org","dfarkas@battelleecology.org",,,
"f62572f2-a44c-4acf-9df5-4f780cd07340","4bdc3024-40e6-4af7-9205-7f54c5dca5f8","DCFS_014.mammalGrid.mam","D09","DCFS","DCFS_014","J4","distributed","grasslandHerbaceous",47.120533,-99.056896,"WGS84",45.1,569.2,0.2,"6 - trap set and empty","ShermanXLK","2018-05-09","2018-05-09",,,,,,,,,,,,,,,,,,,,,,,,,,,,,,,,,,,,,,,,,,,,"cmackenzie@battelleecology.org","dfarkas@battelleecology.org",,,
"795b6d9b-d459-49f0-8246-6f0702f51767","a377c795-b5ea-4b1d-b9e9-d796bc0d0d06","DCFS_003.mammalGrid.mam","D09","DCFS","DCFS_003","C4","distributed","grasslandHerbaceous",47.204875,-99.184072,"WGS84",45.1,586.1,0.2,"6 - trap set and empty","ShermanXLK","2018-05-09","2018-05-09",,,,,,,,,,,,,,,,,,,,,,,,,,,,,,,,,,,,,,,,,,,,"cmackenzie@battelleecology.org","dfarkas@battelleecology.org",,,
"893568ad-88fb-4e91-a52a-9d62e957e316","87037f27-2833-4bd3-af91-1c84bc040b32","DCFS_006.mammalGrid.mam","D09","DCFS","DCFS_006","J2","distributed","grasslandHerbaceous",47.174408,-99.050112,"WGS84",45.1,496.5,0.2,"6 - trap set and empty","ShermanXLK","2018-05-09","2018-05-09",,,,,,,,,,,,,,,,,,,,,,,,,,,,,,,,,,,,,,,,,,,,"cmackenzie@battelleecology.org","dfarkas@battelleecology.org",,,
"75dd4c0e-6185-4f8c-83e6-6d81dd8a59f2","87037f27-2833-4bd3-af91-1c84bc040b32","DCFS_006.mammalGrid.mam","D09","DCFS","DCFS_006","B7","distributed","grasslandHerbaceous",47.174408,-99.050112,"WGS84",45.1,496.5,0.2,"6 - trap set and empty","ShermanXLK","2018-05-09","2018-05-09",,,,,,,,,,,,,,,,,,,,,,,,,,,,,,,,,,,,,,,,,,,,"cmackenzie@battelleecology.org","dfarkas@battelleecology.org",,,
"44fd74d2-555b-4586-80a3-ba39c2c6f65e","4bdc3024-40e6-4af7-9205-7f54c5dca5f8","DCFS_014.mammalGrid.mam","D09","DCFS","DCFS_014","H1","distributed","grasslandHerbaceous",47.120533,-99.056896,"WGS84",45.1,569.2,0.2,"6 - trap set and empty","ShermanXLK","2018-05-09","2018-05-09",,,,,,,,,,,,,,,,,,,,,,,,,,,,,,,,,,,,,,,,,,,,"cmackenzie@battelleecology.org","dfarkas@battelleecology.org",,,
"a8a4e04d-dbcb-497c-9d2f-8da435886d2b","87037f27-2833-4bd3-af91-1c84bc040b32","DCFS_006.mammalGrid.mam","D09","DCFS","DCFS_006","F7","distributed","grasslandHerbaceous",47.174408,-99.050112,"WGS84",45.1,496.5,0.2,"6 - trap set and empty","ShermanXLK","2018-05-09","2018-05-09",,,,,,,,,,,,,,,,,,,,,,,,,,,,,,,,,,,,,,,,,,,,"cmackenzie@battelleecology.org","dfarkas@battelleecology.org",,,
"7c0eb762-6b4c-459d-83eb-c2f61c8d3cab","a377c795-b5ea-4b1d-b9e9-d796bc0d0d06","DCFS_003.mammalGrid.mam","D09","DCFS","DCFS_003","F7","distributed","grasslandHerbaceous",47.204875,-99.184072,"WGS84",45.1,586.1,0.2,"6 - trap set and empty","ShermanXLK","2018-05-09","2018-05-09",,,,,,,,,,,,,,,,,,,,,,,,,,,,,,,,,,,,,,,,,,,,"cmackenzie@battelleecology.org","dfarkas@battelleecology.org",,,
"e9572d12-5dfc-496d-be89-0fb53d2804eb","4bdc3024-40e6-4af7-9205-7f54c5dca5f8","DCFS_014.mammalGrid.mam","D09","DCFS","DCFS_014","G7","distributed","grasslandHerbaceous",47.120533,-99.056896,"WGS84",45.1,569.2,0.2,"6 - trap set and empty","ShermanXLK","2018-05-09","2018-05-09",,,,,,,,,,,,,,,,,,,,,,,,,,,,,,,,,,,,,,,,,,,,"cmackenzie@battelleecology.org","dfarkas@battelleecology.org",,,
"35f493cd-652b-4833-94fd-fb01831deb37","a377c795-b5ea-4b1d-b9e9-d796bc0d0d06","DCFS_003.mammalGrid.mam","D09","DCFS","DCFS_003","D10","distributed","grasslandHerbaceous",47.204875,-99.184072,"WGS84",45.1,586.1,0.2,"6 - trap set and empty","ShermanXLK","2018-05-09","2018-05-09",,,,,,,,,,,,,,,,,,,,,,,,,,,,,,,,,,,,,,,,,,,,"cmackenzie@battelleecology.org","dfarkas@battelleecology.org",,,
"6c1f859b-c685-4c41-8720-72978411612d","87037f27-2833-4bd3-af91-1c84bc040b32","DCFS_006.mammalGrid.mam","D09","DCFS","DCFS_006","I1","distributed","grasslandHerbaceous",47.174408,-99.050112,"WGS84",45.1,496.5,0.2,"6 - trap set and empty","ShermanXLK","2018-05-09","2018-05-09",,,,,,,,,,,,,,,,,,,,,,,,,,,,,,,,,,,,,,,,,,,,"cmackenzie@battelleecology.org","dfarkas@battelleecology.org",,,
"559ccd59-44de-4697-868f-566099cd7663","87037f27-2833-4bd3-af91-1c84bc040b32","DCFS_006.mammalGrid.mam","D09","DCFS","DCFS_006","E4","distributed","grasslandHerbaceous",47.174408,-99.050112,"WGS84",45.1,496.5,0.2,"6 - trap set and empty","ShermanXLK","2018-05-09","2018-05-09",,,,,,,,,,,,,,,,,,,,,,,,,,,,,,,,,,,,,,,,,,,,"cmackenzie@battelleecology.org","dfarkas@battelleecology.org",,,
"25051769-0577-46dd-8221-199c88c16d9c","87037f27-2833-4bd3-af91-1c84bc040b32","DCFS_006.mammalGrid.mam","D09","DCFS","DCFS_006","G9","distributed","grasslandHerbaceous",47.174408,-99.050112,"WGS84",45.1,496.5,0.2,"6 - trap set and empty","ShermanXLK","2018-05-09","2018-05-09",,,,,,,,,,,,,,,,,,,,,,,,,,,,,,,,,,,,,,,,,,,,"cmackenzie@battelleecology.org","dfarkas@battelleecology.org",,,
"1174fb2f-1dff-4d6c-b13f-be332701f93d","a377c795-b5ea-4b1d-b9e9-d796bc0d0d06","DCFS_003.mammalGrid.mam","D09","DCFS","DCFS_003","A1","distributed","grasslandHerbaceous",47.204875,-99.184072,"WGS84",45.1,586.1,0.2,"6 - trap set and empty","ShermanXLK","2018-05-09","2018-05-09",,,,,,,,,,,,,,,,,,,,,,,,,,,,,,,,,,,,,,,,,,,,"cmackenzie@battelleecology.org","dfarkas@battelleecology.org",,,
"659396b5-fa26-4e86-90db-814930432d47","4bdc3024-40e6-4af7-9205-7f54c5dca5f8","DCFS_014.mammalGrid.mam","D09","DCFS","DCFS_014","B1","distributed","grasslandHerbaceous",47.120533,-99.056896,"WGS84",45.1,569.2,0.2,"6 - trap set and empty","ShermanXLK","2018-05-09","2018-05-09",,,,,,,,,,,,,,,,,,,,,,,,,,,,,,,,,,,,,,,,,,,,"cmackenzie@battelleecology.org","dfarkas@battelleecology.org",,,
"80dfbb53-d2fc-44ee-8703-b45d8e54d88e","a377c795-b5ea-4b1d-b9e9-d796bc0d0d06","DCFS_003.mammalGrid.mam","D09","DCFS","DCFS_003","F6","distributed","grasslandHerbaceous",47.204875,-99.184072,"WGS84",45.1,586.1,0.2,"6 - trap set and empty","ShermanXLK","2018-05-09","2018-05-09",,,,,,,,,,,,,,,,,,,,,,,,,,,,,,,,,,,,,,,,,,,,"cmackenzie@battelleecology.org","dfarkas@battelleecology.org",,,
"9ef54589-e416-48f6-b2df-db750e1d0cdc","87037f27-2833-4bd3-af91-1c84bc040b32","DCFS_006.mammalGrid.mam","D09","DCFS","DCFS_006","H6","distributed","grasslandHerbaceous",47.174408,-99.050112,"WGS84",45.1,496.5,0.2,"6 - trap set and empty","ShermanXLK","2018-05-09","2018-05-09",,,,,,,,,,,,,,,,,,,,,,,,,,,,,,,,,,,,,,,,,,,,"cmackenzie@battelleecology.org","dfarkas@battelleecology.org",,,
"4ccb7a13-5b4a-4a15-b3e3-7fe90975c0ce","87037f27-2833-4bd3-af91-1c84bc040b32","DCFS_006.mammalGrid.mam","D09","DCFS","DCFS_006","B8","distributed","grasslandHerbaceous",47.174408,-99.050112,"WGS84",45.1,496.5,0.2,"6 - trap set and empty","ShermanXLK","2018-05-09","2018-05-09",,,,,,,,,,,,,,,,,,,,,,,,,,,,,,,,,,,,,,,,,,,,"cmackenzie@battelleecology.org","dfarkas@battelleecology.org",,,
"2c0f53f5-c002-46a9-a22a-9b80634f1c4f","4bdc3024-40e6-4af7-9205-7f54c5dca5f8","DCFS_014.mammalGrid.mam","D09","DCFS","DCFS_014","H10","distributed","grasslandHerbaceous",47.120533,-99.056896,"WGS84",45.1,569.2,0.2,"6 - trap set and empty","ShermanXLK","2018-05-09","2018-05-09",,,,,,,,,,,,,,,,,,,,,,,,,,,,,,,,,,,,,,,,,,,,"cmackenzie@battelleecology.org","dfarkas@battelleecology.org",,,
"733585d5-0681-4579-8dae-653a95533bab","4bdc3024-40e6-4af7-9205-7f54c5dca5f8","DCFS_014.mammalGrid.mam","D09","DCFS","DCFS_014","E5","distributed","grasslandHerbaceous",47.120533,-99.056896,"WGS84",45.1,569.2,0.2,"6 - trap set and empty","ShermanXLK","2018-05-09","2018-05-09",,,,,,,,,,,,,,,,,,,,,,,,,,,,,,,,,,,,,,,,,,,,"cmackenzie@battelleecology.org","dfarkas@battelleecology.org",,,
"8810beee-58c1-4a72-b2af-aae50106d0ec","a377c795-b5ea-4b1d-b9e9-d796bc0d0d06","DCFS_003.mammalGrid.mam","D09","DCFS","DCFS_003","B7","distributed","grasslandHerbaceous",47.204875,-99.184072,"WGS84",45.1,586.1,0.2,"6 - trap set and empty","ShermanXLK","2018-05-09","2018-05-09",,,,,,,,,,,,,,,,,,,,,,,,,,,,,,,,,,,,,,,,,,,,"cmackenzie@battelleecology.org","dfarkas@battelleecology.org",,,
"e2870e64-8b7c-4065-9441-f2ed6d5309f6","a377c795-b5ea-4b1d-b9e9-d796bc0d0d06","DCFS_003.mammalGrid.mam","D09","DCFS","DCFS_003","H2","distributed","grasslandHerbaceous",47.204875,-99.184072,"WGS84",45.1,586.1,0.2,"6 - trap set and empty","ShermanXLK","2018-05-09","2018-05-09",,,,,,,,,,,,,,,,,,,,,,,,,,,,,,,,,,,,,,,,,,,,"cmackenzie@battelleecology.org","dfarkas@battelleecology.org",,,
"35fc00e1-0628-488e-b617-919026a003ae","87037f27-2833-4bd3-af91-1c84bc040b32","DCFS_006.mammalGrid.mam","D09","DCFS","DCFS_006","J9","distributed","grasslandHerbaceous",47.174408,-99.050112,"WGS84",45.1,496.5,0.2,"6 - trap set and empty","ShermanXLK","2018-05-09","2018-05-09",,,,,,,,,,,,,,,,,,,,,,,,,,,,,,,,,,,,,,,,,,,,"cmackenzie@battelleecology.org","dfarkas@battelleecology.org",,,
"9daa93ee-35d3-46e9-8b58-77970f3362ec","a377c795-b5ea-4b1d-b9e9-d796bc0d0d06","DCFS_003.mammalGrid.mam","D09","DCFS","DCFS_003","J2","distributed","grasslandHerbaceous",47.204875,-99.184072,"WGS84",45.1,586.1,0.2,"6 - trap set and empty","ShermanXLK","2018-05-09","2018-05-09",,,,,,,,,,,,,,,,,,,,,,,,,,,,,,,,,,,,,,,,,,,,"cmackenzie@battelleecology.org","dfarkas@battelleecology.org",,,
"8862f02b-f851-4e74-a284-999ef80269d8","4bdc3024-40e6-4af7-9205-7f54c5dca5f8","DCFS_014.mammalGrid.mam","D09","DCFS","DCFS_014","B6","distributed","grasslandHerbaceous",47.120533,-99.056896,"WGS84",45.1,569.2,0.2,"6 - trap set and empty","ShermanXLK","2018-05-09","2018-05-09",,,,,,,,,,,,,,,,,,,,,,,,,,,,,,,,,,,,,,,,,,,,"cmackenzie@battelleecology.org","dfarkas@battelleecology.org",,,
"877e470e-5b66-441a-87b8-16ce52121623","87037f27-2833-4bd3-af91-1c84bc040b32","DCFS_006.mammalGrid.mam","D09","DCFS","DCFS_006","C7","distributed","grasslandHerbaceous",47.174408,-99.050112,"WGS84",45.1,496.5,0.2,"6 - trap set and empty","ShermanXLK","2018-05-09","2018-05-09",,,,,,,,,,,,,,,,,,,,,,,,,,,,,,,,,,,,,,,,,,,,"cmackenzie@battelleecology.org","dfarkas@battelleecology.org",,,
"a833d397-2f84-41d8-8dc2-57dfa830b244","4bdc3024-40e6-4af7-9205-7f54c5dca5f8","DCFS_014.mammalGrid.mam","D09","DCFS","DCFS_014","C10","distributed","grasslandHerbaceous",47.120533,-99.056896,"WGS84",45.1,569.2,0.2,"6 - trap set and empty","ShermanXLK","2018-05-09","2018-05-09",,,,,,,,,,,,,,,,,,,,,,,,,,,,,,,,,,,,,,,,,,,,"cmackenzie@battelleecology.org","dfarkas@battelleecology.org",,,
"b0bf2653-09b5-4808-9d47-69e45c4959a9","4bdc3024-40e6-4af7-9205-7f54c5dca5f8","DCFS_014.mammalGrid.mam","D09","DCFS","DCFS_014","B4","distributed","grasslandHerbaceous",47.120533,-99.056896,"WGS84",45.1,569.2,0.2,"6 - trap set and empty","ShermanXLK","2018-05-09","2018-05-09",,,,,,,,,,,,,,,,,,,,,,,,,,,,,,,,,,,,,,,,,,,,"cmackenzie@battelleecology.org","dfarkas@battelleecology.org",,,
"2090ce47-cc22-4e4a-9017-6a61f20074e8","87037f27-2833-4bd3-af91-1c84bc040b32","DCFS_006.mammalGrid.mam","D09","DCFS","DCFS_006","J6","distributed","grasslandHerbaceous",47.174408,-99.050112,"WGS84",45.1,496.5,0.2,"6 - trap set and empty","ShermanXLK","2018-05-09","2018-05-09",,,,,,,,,,,,,,,,,,,,,,,,,,,,,,,,,,,,,,,,,,,,"cmackenzie@battelleecology.org","dfarkas@battelleecology.org",,,
"824cfa00-f316-4fdd-a850-521f4a4b1b14","87037f27-2833-4bd3-af91-1c84bc040b32","DCFS_006.mammalGrid.mam","D09","DCFS","DCFS_006","E10","distributed","grasslandHerbaceous",47.174408,-99.050112,"WGS84",45.1,496.5,0.2,"6 - trap set and empty","ShermanXLK","2018-05-09","2018-05-09",,,,,,,,,,,,,,,,,,,,,,,,,,,,,,,,,,,,,,,,,,,,"cmackenzie@battelleecology.org","dfarkas@battelleecology.org",,,
"a181fa1b-c7b7-4dce-a16f-63213a0635a3","87037f27-2833-4bd3-af91-1c84bc040b32","DCFS_006.mammalGrid.mam","D09","DCFS","DCFS_006","F6","distributed","grasslandHerbaceous",47.174408,-99.050112,"WGS84",45.1,496.5,0.2,"6 - trap set and empty","ShermanXLK","2018-05-09","2018-05-09",,,,,,,,,,,,,,,,,,,,,,,,,,,,,,,,,,,,,,,,,,,,"cmackenzie@battelleecology.org","dfarkas@battelleecology.org",,,
"271e18a6-f491-40ef-a66c-1085e95d1cd3","a377c795-b5ea-4b1d-b9e9-d796bc0d0d06","DCFS_003.mammalGrid.mam","D09","DCFS","DCFS_003","A4","distributed","grasslandHerbaceous",47.204875,-99.184072,"WGS84",45.1,586.1,0.2,"6 - trap set and empty","ShermanXLK","2018-05-09","2018-05-09",,,,,,,,,,,,,,,,,,,,,,,,,,,,,,,,,,,,,,,,,,,,"cmackenzie@battelleecology.org","dfarkas@battelleecology.org",,,
"7fdfee47-1289-4fbd-a8d8-5bee4cc0d849","a377c795-b5ea-4b1d-b9e9-d796bc0d0d06","DCFS_003.mammalGrid.mam","D09","DCFS","DCFS_003","J1","distributed","grasslandHerbaceous",47.204875,-99.184072,"WGS84",45.1,586.1,0.2,"6 - trap set and empty","ShermanXLK","2018-05-09","2018-05-09",,,,,,,,,,,,,,,,,,,,,,,,,,,,,,,,,,,,,,,,,,,,"cmackenzie@battelleecology.org","dfarkas@battelleecology.org",,,
"bc42248a-1751-4705-bf55-3c2c76cc8201","87037f27-2833-4bd3-af91-1c84bc040b32","DCFS_006.mammalGrid.mam","D09","DCFS","DCFS_006","A9","distributed","grasslandHerbaceous",47.174408,-99.050112,"WGS84",45.1,496.5,0.2,"6 - trap set and empty","ShermanXLK","2018-05-09","2018-05-09",,,,,,,,,,,,,,,,,,,,,,,,,,,,,,,,,,,,,,,,,,,,"cmackenzie@battelleecology.org","dfarkas@battelleecology.org",,,
"32d9b521-66e2-4229-8cd2-9a1db54c94f6","a377c795-b5ea-4b1d-b9e9-d796bc0d0d06","DCFS_003.mammalGrid.mam","D09","DCFS","DCFS_003","A7","distributed","grasslandHerbaceous",47.204875,-99.184072,"WGS84",45.1,586.1,0.2,"6 - trap set and empty","ShermanXLK","2018-05-09","2018-05-09",,,,,,,,,,,,,,,,,,,,,,,,,,,,,,,,,,,,,,,,,,,,"cmackenzie@battelleecology.org","dfarkas@battelleecology.org",,,
"c81f7416-e9f3-4faa-aa8f-87357415347e","87037f27-2833-4bd3-af91-1c84bc040b32","DCFS_006.mammalGrid.mam","D09","DCFS","DCFS_006","C5","distributed","grasslandHerbaceous",47.174408,-99.050112,"WGS84",45.1,496.5,0.2,"6 - trap set and empty","ShermanXLK","2018-05-09","2018-05-09",,,,,,,,,,,,,,,,,,,,,,,,,,,,,,,,,,,,,,,,,,,,"cmackenzie@battelleecology.org","dfarkas@battelleecology.org",,,
"ad0869ce-2255-4434-ab97-546f35697faa","a377c795-b5ea-4b1d-b9e9-d796bc0d0d06","DCFS_003.mammalGrid.mam","D09","DCFS","DCFS_003","G8","distributed","grasslandHerbaceous",47.204875,-99.184072,"WGS84",45.1,586.1,0.2,"6 - trap set and empty","ShermanXLK","2018-05-09","2018-05-09",,,,,,,,,,,,,,,,,,,,,,,,,,,,,,,,,,,,,,,,,,,,"cmackenzie@battelleecology.org","dfarkas@battelleecology.org",,,
"fcbbcea3-9f96-47fa-9517-ce62664dc7c8","87037f27-2833-4bd3-af91-1c84bc040b32","DCFS_006.mammalGrid.mam","D09","DCFS","DCFS_006","E8","distributed","grasslandHerbaceous",47.174408,-99.050112,"WGS84",45.1,496.5,0.2,"6 - trap set and empty","ShermanXLK","2018-05-09","2018-05-09",,,,,,,,,,,,,,,,,,,,,,,,,,,,,,,,,,,,,,,,,,,,"cmackenzie@battelleecology.org","dfarkas@battelleecology.org",,,
"de40d66a-ee0e-49c9-bce2-54a9ad4efaac","a377c795-b5ea-4b1d-b9e9-d796bc0d0d06","DCFS_003.mammalGrid.mam","D09","DCFS","DCFS_003","F8","distributed","grasslandHerbaceous",47.204875,-99.184072,"WGS84",45.1,586.1,0.2,"6 - trap set and empty","ShermanXLK","2018-05-09","2018-05-09",,,,,,,,,,,,,,,,,,,,,,,,,,,,,,,,,,,,,,,,,,,,"cmackenzie@battelleecology.org","dfarkas@battelleecology.org",,,
"c1e92680-ae19-4e99-b547-34e6ae8e350e","87037f27-2833-4bd3-af91-1c84bc040b32","DCFS_006.mammalGrid.mam","D09","DCFS","DCFS_006","E5","distributed","grasslandHerbaceous",47.174408,-99.050112,"WGS84",45.1,496.5,0.2,"6 - trap set and empty","ShermanXLK","2018-05-09","2018-05-09",,,,,,,,,,,,,,,,,,,,,,,,,,,,,,,,,,,,,,,,,,,,"cmackenzie@battelleecology.org","dfarkas@battelleecology.org",,,
"c9ece9a2-1d49-4628-9a49-777dd8c406c1","87037f27-2833-4bd3-af91-1c84bc040b32","DCFS_006.mammalGrid.mam","D09","DCFS","DCFS_006","D9","distributed","grasslandHerbaceous",47.174408,-99.050112,"WGS84",45.1,496.5,0.2,"6 - trap set and empty","ShermanXLK","2018-05-09","2018-05-09",,,,,,,,,,,,,,,,,,,,,,,,,,,,,,,,,,,,,,,,,,,,"cmackenzie@battelleecology.org","dfarkas@battelleecology.org",,,
"e4cc3a79-13a8-48d3-9fe1-adb7da79fccf","a377c795-b5ea-4b1d-b9e9-d796bc0d0d06","DCFS_003.mammalGrid.mam","D09","DCFS","DCFS_003","J9","distributed","grasslandHerbaceous",47.204875,-99.184072,"WGS84",45.1,586.1,0.2,"6 - trap set and empty","ShermanXLK","2018-05-09","2018-05-09",,,,,,,,,,,,,,,,,,,,,,,,,,,,,,,,,,,,,,,,,,,,"cmackenzie@battelleecology.org","dfarkas@battelleecology.org",,,
"0c611003-feb5-420c-8c9f-1c1caf44c4bc","4bdc3024-40e6-4af7-9205-7f54c5dca5f8","DCFS_014.mammalGrid.mam","D09","DCFS","DCFS_014","B8","distributed","grasslandHerbaceous",47.120533,-99.056896,"WGS84",45.1,569.2,0.2,"6 - trap set and empty","ShermanXLK","2018-05-09","2018-05-09",,,,,,,,,,,,,,,,,,,,,,,,,,,,,,,,,,,,,,,,,,,,"cmackenzie@battelleecology.org","dfarkas@battelleecology.org",,,
"8b804fdf-e20f-4323-9220-fdecf64347ef","87037f27-2833-4bd3-af91-1c84bc040b32","DCFS_006.mammalGrid.mam","D09","DCFS","DCFS_006","A2","distributed","grasslandHerbaceous",47.174408,-99.050112,"WGS84",45.1,496.5,0.2,"6 - trap set and empty","ShermanXLK","2018-05-09","2018-05-09",,,,,,,,,,,,,,,,,,,,,,,,,,,,,,,,,,,,,,,,,,,,"cmackenzie@battelleecology.org","dfarkas@battelleecology.org",,,
"20dcff8d-44b3-400d-b3b7-87273a183f10","a377c795-b5ea-4b1d-b9e9-d796bc0d0d06","DCFS_003.mammalGrid.mam","D09","DCFS","DCFS_003","H9","distributed","grasslandHerbaceous",47.204875,-99.184072,"WGS84",45.1,586.1,0.2,"6 - trap set and empty","ShermanXLK","2018-05-09","2018-05-09",,,,,,,,,,,,,,,,,,,,,,,,,,,,,,,,,,,,,,,,,,,,"cmackenzie@battelleecology.org","dfarkas@battelleecology.org",,,
"1ae861a5-70b9-4f16-9867-a4f2257dee33","4bdc3024-40e6-4af7-9205-7f54c5dca5f8","DCFS_014.mammalGrid.mam","D09","DCFS","DCFS_014","J7","distributed","grasslandHerbaceous",47.120533,-99.056896,"WGS84",45.1,569.2,0.2,"6 - trap set and empty","ShermanXLK","2018-05-09","2018-05-09",,,,,,,,,,,,,,,,,,,,,,,,,,,,,,,,,,,,,,,,,,,,"cmackenzie@battelleecology.org","dfarkas@battelleecology.org",,,
"1a24f96e-be4c-467b-a177-fe5eeddbd3af","4bdc3024-40e6-4af7-9205-7f54c5dca5f8","DCFS_014.mammalGrid.mam","D09","DCFS","DCFS_014","C7","distributed","grasslandHerbaceous",47.120533,-99.056896,"WGS84",45.1,569.2,0.2,"6 - trap set and empty","ShermanXLK","2018-05-09","2018-05-09",,,,,,,,,,,,,,,,,,,,,,,,,,,,,,,,,,,,,,,,,,,,"cmackenzie@battelleecology.org","dfarkas@battelleecology.org",,,
"44474e7f-ba83-4545-a97b-03ac8331f5a0","a377c795-b5ea-4b1d-b9e9-d796bc0d0d06","DCFS_003.mammalGrid.mam","D09","DCFS","DCFS_003","E8","distributed","grasslandHerbaceous",47.204875,-99.184072,"WGS84",45.1,586.1,0.2,"6 - trap set and empty","ShermanXLK","2018-05-09","2018-05-09",,,,,,,,,,,,,,,,,,,,,,,,,,,,,,,,,,,,,,,,,,,,"cmackenzie@battelleecology.org","dfarkas@battelleecology.org",,,
"049d2189-3490-43c1-a24c-47cdf264988f","a377c795-b5ea-4b1d-b9e9-d796bc0d0d06","DCFS_003.mammalGrid.mam","D09","DCFS","DCFS_003","F10","distributed","grasslandHerbaceous",47.204875,-99.184072,"WGS84",45.1,586.1,0.2,"6 - trap set and empty","ShermanXLK","2018-05-09","2018-05-09",,,,,,,,,,,,,,,,,,,,,,,,,,,,,,,,,,,,,,,,,,,,"cmackenzie@battelleecology.org","dfarkas@battelleecology.org",,,
"0998ab01-5016-43cb-be6a-4a5ed23f36c8","87037f27-2833-4bd3-af91-1c84bc040b32","DCFS_006.mammalGrid.mam","D09","DCFS","DCFS_006","B9","distributed","grasslandHerbaceous",47.174408,-99.050112,"WGS84",45.1,496.5,0.2,"6 - trap set and empty","ShermanXLK","2018-05-09","2018-05-09",,,,,,,,,,,,,,,,,,,,,,,,,,,,,,,,,,,,,,,,,,,,"cmackenzie@battelleecology.org","dfarkas@battelleecology.org",,,
"5ea2fb7c-b988-4ae9-adef-1a42086d91cc","4bdc3024-40e6-4af7-9205-7f54c5dca5f8","DCFS_014.mammalGrid.mam","D09","DCFS","DCFS_014","D3","distributed","grasslandHerbaceous",47.120533,-99.056896,"WGS84",45.1,569.2,0.2,"6 - trap set and empty","ShermanXLK","2018-05-09","2018-05-09",,,,,,,,,,,,,,,,,,,,,,,,,,,,,,,,,,,,,,,,,,,,"cmackenzie@battelleecology.org","dfarkas@battelleecology.org",,,
"2315b935-0095-47fe-b2b9-ae6c2393670a","a377c795-b5ea-4b1d-b9e9-d796bc0d0d06","DCFS_003.mammalGrid.mam","D09","DCFS","DCFS_003","A3","distributed","grasslandHerbaceous",47.204875,-99.184072,"WGS84",45.1,586.1,0.2,"6 - trap set and empty","ShermanXLK","2018-05-09","2018-05-09",,,,,,,,,,,,,,,,,,,,,,,,,,,,,,,,,,,,,,,,,,,,"cmackenzie@battelleecology.org","dfarkas@battelleecology.org",,,
"a6814eaa-1343-4938-a7b0-38b5691698a9","87037f27-2833-4bd3-af91-1c84bc040b32","DCFS_006.mammalGrid.mam","D09","DCFS","DCFS_006","C1","distributed","grasslandHerbaceous",47.174408,-99.050112,"WGS84",45.1,496.5,0.2,"6 - trap set and empty","ShermanXLK","2018-05-09","2018-05-09",,,,,,,,,,,,,,,,,,,,,,,,,,,,,,,,,,,,,,,,,,,,"cmackenzie@battelleecology.org","dfarkas@battelleecology.org",,,
"e2aac080-20b6-401c-ae57-15df96c2874b","87037f27-2833-4bd3-af91-1c84bc040b32","DCFS_006.mammalGrid.mam","D09","DCFS","DCFS_006","B2","distributed","grasslandHerbaceous",47.174408,-99.050112,"WGS84",45.1,496.5,0.2,"6 - trap set and empty","ShermanXLK","2018-05-09","2018-05-09",,,,,,,,,,,,,,,,,,,,,,,,,,,,,,,,,,,,,,,,,,,,"cmackenzie@battelleecology.org","dfarkas@battelleecology.org",,,
"e98b7ec4-49b0-4a27-b9e9-257233128f2e","a377c795-b5ea-4b1d-b9e9-d796bc0d0d06","DCFS_003.mammalGrid.mam","D09","DCFS","DCFS_003","J7","distributed","grasslandHerbaceous",47.204875,-99.184072,"WGS84",45.1,586.1,0.2,"1 - trap not set","ShermanXLK","2018-05-09","2018-05-09",,,,,,,,,,,,,,,,,,,,,,,,,,,,,,,,,,,,,,,,,,,,"cmackenzie@battelleecology.org","dfarkas@battelleecology.org",,,
"5753871f-12d8-420f-b0db-aaaa6f9cc26d","4bdc3024-40e6-4af7-9205-7f54c5dca5f8","DCFS_014.mammalGrid.mam","D09","DCFS","DCFS_014","J8","distributed","grasslandHerbaceous",47.120533,-99.056896,"WGS84",45.1,569.2,0.2,"6 - trap set and empty","ShermanXLK","2018-05-09","2018-05-09",,,,,,,,,,,,,,,,,,,,,,,,,,,,,,,,,,,,,,,,,,,,"cmackenzie@battelleecology.org","dfarkas@battelleecology.org",,,
"4995ebfc-2570-4ca4-b1e8-1fce3f0aa75a","a377c795-b5ea-4b1d-b9e9-d796bc0d0d06","DCFS_003.mammalGrid.mam","D09","DCFS","DCFS_003","I4","distributed","grasslandHerbaceous",47.204875,-99.184072,"WGS84",45.1,586.1,0.2,"6 - trap set and empty","ShermanXLK","2018-05-09","2018-05-09",,,,,,,,,,,,,,,,,,,,,,,,,,,,,,,,,,,,,,,,,,,,"cmackenzie@battelleecology.org","dfarkas@battelleecology.org",,,
"baf1b944-264c-47c0-bb47-72e3a67acb03","87037f27-2833-4bd3-af91-1c84bc040b32","DCFS_006.mammalGrid.mam","D09","DCFS","DCFS_006","E7","distributed","grasslandHerbaceous",47.174408,-99.050112,"WGS84",45.1,496.5,0.2,"6 - trap set and empty","ShermanXLK","2018-05-09","2018-05-09",,,,,,,,,,,,,,,,,,,,,,,,,,,,,,,,,,,,,,,,,,,,"cmackenzie@battelleecology.org","dfarkas@battelleecology.org",,,
"409852b0-5e0e-46d6-94c0-af1aa4a4d661","4bdc3024-40e6-4af7-9205-7f54c5dca5f8","DCFS_014.mammalGrid.mam","D09","DCFS","DCFS_014","D4","distributed","grasslandHerbaceous",47.120533,-99.056896,"WGS84",45.1,569.2,0.2,"6 - trap set and empty","ShermanXLK","2018-05-09","2018-05-09",,,,,,,,,,,,,,,,,,,,,,,,,,,,,,,,,,,,,,,,,,,,"cmackenzie@battelleecology.org","dfarkas@battelleecology.org",,,
"0a50583d-e7ea-4cf9-8e85-da8e2592be17","4bdc3024-40e6-4af7-9205-7f54c5dca5f8","DCFS_014.mammalGrid.mam","D09","DCFS","DCFS_014","B9","distributed","grasslandHerbaceous",47.120533,-99.056896,"WGS84",45.1,569.2,0.2,"6 - trap set and empty","ShermanXLK","2018-05-09","2018-05-09",,,,,,,,,,,,,,,,,,,,,,,,,,,,,,,,,,,,,,,,,,,,"cmackenzie@battelleecology.org","dfarkas@battelleecology.org",,,
"3778f466-7892-48ff-ad8c-034e3077a889","a377c795-b5ea-4b1d-b9e9-d796bc0d0d06","DCFS_003.mammalGrid.mam","D09","DCFS","DCFS_003","G2","distributed","grasslandHerbaceous",47.204875,-99.184072,"WGS84",45.1,586.1,0.2,"6 - trap set and empty","ShermanXLK","2018-05-09","2018-05-09",,,,,,,,,,,,,,,,,,,,,,,,,,,,,,,,,,,,,,,,,,,,"cmackenzie@battelleecology.org","dfarkas@battelleecology.org",,,
"64bf257f-e0b9-429b-b333-8b77ffb6f28c","87037f27-2833-4bd3-af91-1c84bc040b32","DCFS_006.mammalGrid.mam","D09","DCFS","DCFS_006","F4","distributed","grasslandHerbaceous",47.174408,-99.050112,"WGS84",45.1,496.5,0.2,"6 - trap set and empty","ShermanXLK","2018-05-09","2018-05-09",,,,,,,,,,,,,,,,,,,,,,,,,,,,,,,,,,,,,,,,,,,,"cmackenzie@battelleecology.org","dfarkas@battelleecology.org",,,
"68e7ea95-fd25-4389-a395-9e52369fbb27","4bdc3024-40e6-4af7-9205-7f54c5dca5f8","DCFS_014.mammalGrid.mam","D09","DCFS","DCFS_014","F1","distributed","grasslandHerbaceous",47.120533,-99.056896,"WGS84",45.1,569.2,0.2,"6 - trap set and empty","ShermanXLK","2018-05-09","2018-05-09",,,,,,,,,,,,,,,,,,,,,,,,,,,,,,,,,,,,,,,,,,,,"cmackenzie@battelleecology.org","dfarkas@battelleecology.org",,,
"f3c83442-f46b-4663-a01f-f2964ecfe84e","a377c795-b5ea-4b1d-b9e9-d796bc0d0d06","DCFS_003.mammalGrid.mam","D09","DCFS","DCFS_003","A6","distributed","grasslandHerbaceous",47.204875,-99.184072,"WGS84",45.1,586.1,0.2,"6 - trap set and empty","ShermanXLK","2018-05-09","2018-05-09",,,,,,,,,,,,,,,,,,,,,,,,,,,,,,,,,,,,,,,,,,,,"cmackenzie@battelleecology.org","dfarkas@battelleecology.org",,,
"92f4ce32-45cd-4d3a-9015-2595dcaa83ef","4bdc3024-40e6-4af7-9205-7f54c5dca5f8","DCFS_014.mammalGrid.mam","D09","DCFS","DCFS_014","J9","distributed","grasslandHerbaceous",47.120533,-99.056896,"WGS84",45.1,569.2,0.2,"6 - trap set and empty","ShermanXLK","2018-05-09","2018-05-09",,,,,,,,,,,,,,,,,,,,,,,,,,,,,,,,,,,,,,,,,,,,"cmackenzie@battelleecology.org","dfarkas@battelleecology.org",,,
"5d2f9727-3a1c-4baf-b264-8ee6ce7db39a","a377c795-b5ea-4b1d-b9e9-d796bc0d0d06","DCFS_003.mammalGrid.mam","D09","DCFS","DCFS_003","F2","distributed","grasslandHerbaceous",47.204875,-99.184072,"WGS84",45.1,586.1,0.2,"5 - capture","ShermanXLK","2018-05-09","2018-05-09","NEON.MAM.D09.R3873",,"PEMA","Peromyscus maniculatus","species",,,,,"N","M","N","released",,"adult","nonscrotal",,,,17,,,,17,"N","N","N",,,,"DCFS.20180509.R3873.B","D00000011172","mandibular","DCFS.20180509.R3873.F","D00000011178","fresh","DCFS.20180509.R3873.E","D00000011179",,,,,,"cmackenzie@battelleecology.org","dfarkas@battelleecology.org",,,
"44b96603-c69e-4a66-ab92-ea67aa53cfef","a377c795-b5ea-4b1d-b9e9-d796bc0d0d06","DCFS_003.mammalGrid.mam","D09","DCFS","DCFS_003","E7","distributed","grasslandHerbaceous",47.204875,-99.184072,"WGS84",45.1,586.1,0.2,"6 - trap set and empty","ShermanXLK","2018-05-09","2018-05-09",,,,,,,,,,,,,,,,,,,,,,,,,,,,,,,,,,,,,,,,,,,,"cmackenzie@battelleecology.org","dfarkas@battelleecology.org",,,
"b79ed693-32f2-4bfc-84b7-0eb605bc5064","87037f27-2833-4bd3-af91-1c84bc040b32","DCFS_006.mammalGrid.mam","D09","DCFS","DCFS_006","F8","distributed","grasslandHerbaceous",47.174408,-99.050112,"WGS84",45.1,496.5,0.2,"6 - trap set and empty","ShermanXLK","2018-05-09","2018-05-09",,,,,,,,,,,,,,,,,,,,,,,,,,,,,,,,,,,,,,,,,,,,"cmackenzie@battelleecology.org","dfarkas@battelleecology.org",,,
"0801ba2e-7c4c-46a8-a86b-dde4ed30c947","4bdc3024-40e6-4af7-9205-7f54c5dca5f8","DCFS_014.mammalGrid.mam","D09","DCFS","DCFS_014","H4","distributed","grasslandHerbaceous",47.120533,-99.056896,"WGS84",45.1,569.2,0.2,"6 - trap set and empty","ShermanXLK","2018-05-09","2018-05-09",,,,,,,,,,,,,,,,,,,,,,,,,,,,,,,,,,,,,,,,,,,,"cmackenzie@battelleecology.org","dfarkas@battelleecology.org",,,
"2e47c51d-d584-4d9e-ab24-2ba0e16c503a","87037f27-2833-4bd3-af91-1c84bc040b32","DCFS_006.mammalGrid.mam","D09","DCFS","DCFS_006","G4","distributed","grasslandHerbaceous",47.174408,-99.050112,"WGS84",45.1,496.5,0.2,"6 - trap set and empty","ShermanXLK","2018-05-09","2018-05-09",,,,,,,,,,,,,,,,,,,,,,,,,,,,,,,,,,,,,,,,,,,,"cmackenzie@battelleecology.org","dfarkas@battelleecology.org",,,
"c85b0f13-f5d6-4625-a818-dd99dd3b9211","4bdc3024-40e6-4af7-9205-7f54c5dca5f8","DCFS_014.mammalGrid.mam","D09","DCFS","DCFS_014","D8","distributed","grasslandHerbaceous",47.120533,-99.056896,"WGS84",45.1,569.2,0.2,"6 - trap set and empty","ShermanXLK","2018-05-09","2018-05-09",,,,,,,,,,,,,,,,,,,,,,,,,,,,,,,,,,,,,,,,,,,,"cmackenzie@battelleecology.org","dfarkas@battelleecology.org",,,
"d0fc22f6-cb1e-4a25-88fa-398335831b88","87037f27-2833-4bd3-af91-1c84bc040b32","DCFS_006.mammalGrid.mam","D09","DCFS","DCFS_006","F9","distributed","grasslandHerbaceous",47.174408,-99.050112,"WGS84",45.1,496.5,0.2,"6 - trap set and empty","ShermanXLK","2018-05-09","2018-05-09",,,,,,,,,,,,,,,,,,,,,,,,,,,,,,,,,,,,,,,,,,,,"cmackenzie@battelleecology.org","dfarkas@battelleecology.org",,,
"7634472a-59c3-41ba-86fc-e2c70e50173f","87037f27-2833-4bd3-af91-1c84bc040b32","DCFS_006.mammalGrid.mam","D09","DCFS","DCFS_006","H2","distributed","grasslandHerbaceous",47.174408,-99.050112,"WGS84",45.1,496.5,0.2,"6 - trap set and empty","ShermanXLK","2018-05-09","2018-05-09",,,,,,,,,,,,,,,,,,,,,,,,,,,,,,,,,,,,,,,,,,,,"cmackenzie@battelleecology.org","dfarkas@battelleecology.org",,,
"22630891-9106-4199-8be4-f6b57bad0187","87037f27-2833-4bd3-af91-1c84bc040b32","DCFS_006.mammalGrid.mam","D09","DCFS","DCFS_006","B3","distributed","grasslandHerbaceous",47.174408,-99.050112,"WGS84",45.1,496.5,0.2,"6 - trap set and empty","ShermanXLK","2018-05-09","2018-05-09",,,,,,,,,,,,,,,,,,,,,,,,,,,,,,,,,,,,,,,,,,,,"cmackenzie@battelleecology.org","dfarkas@battelleecology.org",,,
"86576255-7565-4572-be05-e037bd87cbe0","4bdc3024-40e6-4af7-9205-7f54c5dca5f8","DCFS_014.mammalGrid.mam","D09","DCFS","DCFS_014","J5","distributed","grasslandHerbaceous",47.120533,-99.056896,"WGS84",45.1,569.2,0.2,"6 - trap set and empty","ShermanXLK","2018-05-09","2018-05-09",,,,,,,,,,,,,,,,,,,,,,,,,,,,,,,,,,,,,,,,,,,,"cmackenzie@battelleecology.org","dfarkas@battelleecology.org",,,
"9fd8e4d6-4049-4334-88fa-09eacdad41c1","87037f27-2833-4bd3-af91-1c84bc040b32","DCFS_006.mammalGrid.mam","D09","DCFS","DCFS_006","D8","distributed","grasslandHerbaceous",47.174408,-99.050112,"WGS84",45.1,496.5,0.2,"6 - trap set and empty","ShermanXLK","2018-05-09","2018-05-09",,,,,,,,,,,,,,,,,,,,,,,,,,,,,,,,,,,,,,,,,,,,"cmackenzie@battelleecology.org","dfarkas@battelleecology.org",,,
"db78320e-c916-4912-8b07-38b7fe7adc39","a377c795-b5ea-4b1d-b9e9-d796bc0d0d06","DCFS_003.mammalGrid.mam","D09","DCFS","DCFS_003","D6","distributed","grasslandHerbaceous",47.204875,-99.184072,"WGS84",45.1,586.1,0.2,"6 - trap set and empty","ShermanXLK","2018-05-09","2018-05-09",,,,,,,,,,,,,,,,,,,,,,,,,,,,,,,,,,,,,,,,,,,,"cmackenzie@battelleecology.org","dfarkas@battelleecology.org",,,
"9a3341b5-b6d0-4b77-899d-9fe7339efd53","a377c795-b5ea-4b1d-b9e9-d796bc0d0d06","DCFS_003.mammalGrid.mam","D09","DCFS","DCFS_003","D2","distributed","grasslandHerbaceous",47.204875,-99.184072,"WGS84",45.1,586.1,0.2,"6 - trap set and empty","ShermanXLK","2018-05-09","2018-05-09",,,,,,,,,,,,,,,,,,,,,,,,,,,,,,,,,,,,,,,,,,,,"cmackenzie@battelleecology.org","dfarkas@battelleecology.org",,,
"2cad97d3-abd7-429d-aa53-f5529092d1e9","87037f27-2833-4bd3-af91-1c84bc040b32","DCFS_006.mammalGrid.mam","D09","DCFS","DCFS_006","F1","distributed","grasslandHerbaceous",47.174408,-99.050112,"WGS84",45.1,496.5,0.2,"6 - trap set and empty","ShermanXLK","2018-05-09","2018-05-09",,,,,,,,,,,,,,,,,,,,,,,,,,,,,,,,,,,,,,,,,,,,"cmackenzie@battelleecology.org","dfarkas@battelleecology.org",,,
"0858a131-d514-43cd-92d3-049c2eec5164","4bdc3024-40e6-4af7-9205-7f54c5dca5f8","DCFS_014.mammalGrid.mam","D09","DCFS","DCFS_014","C9","distributed","grasslandHerbaceous",47.120533,-99.056896,"WGS84",45.1,569.2,0.2,"6 - trap set and empty","ShermanXLK","2018-05-09","2018-05-09",,,,,,,,,,,,,,,,,,,,,,,,,,,,,,,,,,,,,,,,,,,,"cmackenzie@battelleecology.org","dfarkas@battelleecology.org",,,
"db646d18-bf10-4442-9a66-0fdf2bbda03b","a377c795-b5ea-4b1d-b9e9-d796bc0d0d06","DCFS_003.mammalGrid.mam","D09","DCFS","DCFS_003","E6","distributed","grasslandHerbaceous",47.204875,-99.184072,"WGS84",45.1,586.1,0.2,"6 - trap set and empty","ShermanXLK","2018-05-09","2018-05-09",,,,,,,,,,,,,,,,,,,,,,,,,,,,,,,,,,,,,,,,,,,,"cmackenzie@battelleecology.org","dfarkas@battelleecology.org",,,
"bda6f81e-4624-4fd6-915c-a1024db20d98","4bdc3024-40e6-4af7-9205-7f54c5dca5f8","DCFS_014.mammalGrid.mam","D09","DCFS","DCFS_014","A9","distributed","grasslandHerbaceous",47.120533,-99.056896,"WGS84",45.1,569.2,0.2,"6 - trap set and empty","ShermanXLK","2018-05-09","2018-05-09",,,,,,,,,,,,,,,,,,,,,,,,,,,,,,,,,,,,,,,,,,,,"cmackenzie@battelleecology.org","dfarkas@battelleecology.org",,,
"3cd5082e-8128-4356-a45e-e47fa9a53ccc","4bdc3024-40e6-4af7-9205-7f54c5dca5f8","DCFS_014.mammalGrid.mam","D09","DCFS","DCFS_014","G3","distributed","grasslandHerbaceous",47.120533,-99.056896,"WGS84",45.1,569.2,0.2,"6 - trap set and empty","ShermanXLK","2018-05-09","2018-05-09",,,,,,,,,,,,,,,,,,,,,,,,,,,,,,,,,,,,,,,,,,,,"cmackenzie@battelleecology.org","dfarkas@battelleecology.org",,,
"99db6163-b114-47bc-aeea-9707f791bed9","a377c795-b5ea-4b1d-b9e9-d796bc0d0d06","DCFS_003.mammalGrid.mam","D09","DCFS","DCFS_003","C10","distributed","grasslandHerbaceous",47.204875,-99.184072,"WGS84",45.1,586.1,0.2,"6 - trap set and empty","ShermanXLK","2018-05-09","2018-05-09",,,,,,,,,,,,,,,,,,,,,,,,,,,,,,,,,,,,,,,,,,,,"cmackenzie@battelleecology.org","dfarkas@battelleecology.org",,,
"56abdfee-5874-4530-ae38-0292c8dc8dc9","87037f27-2833-4bd3-af91-1c84bc040b32","DCFS_006.mammalGrid.mam","D09","DCFS","DCFS_006","H1","distributed","grasslandHerbaceous",47.174408,-99.050112,"WGS84",45.1,496.5,0.2,"6 - trap set and empty","ShermanXLK","2018-05-09","2018-05-09",,,,,,,,,,,,,,,,,,,,,,,,,,,,,,,,,,,,,,,,,,,,"cmackenzie@battelleecology.org","dfarkas@battelleecology.org",,,
"5a674ffe-bf2c-4afa-8571-01cd8b239646","4bdc3024-40e6-4af7-9205-7f54c5dca5f8","DCFS_014.mammalGrid.mam","D09","DCFS","DCFS_014","D10","distributed","grasslandHerbaceous",47.120533,-99.056896,"WGS84",45.1,569.2,0.2,"6 - trap set and empty","ShermanXLK","2018-05-09","2018-05-09",,,,,,,,,,,,,,,,,,,,,,,,,,,,,,,,,,,,,,,,,,,,"cmackenzie@battelleecology.org","dfarkas@battelleecology.org",,,
"01948d15-110e-4998-876b-67b41b32e3de","4bdc3024-40e6-4af7-9205-7f54c5dca5f8","DCFS_014.mammalGrid.mam","D09","DCFS","DCFS_014","F10","distributed","grasslandHerbaceous",47.120533,-99.056896,"WGS84",45.1,569.2,0.2,"6 - trap set and empty","ShermanXLK","2018-05-09","2018-05-09",,,,,,,,,,,,,,,,,,,,,,,,,,,,,,,,,,,,,,,,,,,,"cmackenzie@battelleecology.org","dfarkas@battelleecology.org",,,
"927b8dbe-7fd8-4f6d-ae8d-0695852c0189","4bdc3024-40e6-4af7-9205-7f54c5dca5f8","DCFS_014.mammalGrid.mam","D09","DCFS","DCFS_014","F4","distributed","grasslandHerbaceous",47.120533,-99.056896,"WGS84",45.1,569.2,0.2,"6 - trap set and empty","ShermanXLK","2018-05-09","2018-05-09",,,,,,,,,,,,,,,,,,,,,,,,,,,,,,,,,,,,,,,,,,,,"cmackenzie@battelleecology.org","dfarkas@battelleecology.org",,,
"6ad35d82-9e17-4550-ad93-be0d1da3c644","4bdc3024-40e6-4af7-9205-7f54c5dca5f8","DCFS_014.mammalGrid.mam","D09","DCFS","DCFS_014","H9","distributed","grasslandHerbaceous",47.120533,-99.056896,"WGS84",45.1,569.2,0.2,"6 - trap set and empty","ShermanXLK","2018-05-09","2018-05-09",,,,,,,,,,,,,,,,,,,,,,,,,,,,,,,,,,,,,,,,,,,,"cmackenzie@battelleecology.org","dfarkas@battelleecology.org",,,
"4f223f15-9029-40b8-8f6f-5a7a32f8405c","4bdc3024-40e6-4af7-9205-7f54c5dca5f8","DCFS_014.mammalGrid.mam","D09","DCFS","DCFS_014","H6","distributed","grasslandHerbaceous",47.120533,-99.056896,"WGS84",45.1,569.2,0.2,"5 - capture","ShermanXLK","2018-05-09","2018-05-09","NEON.MAM.D09.R3869",,"MIPE","Microtus pennsylvanicus","species",,,,,"N","F","N","released",,"adult",,"nonenlarged","pregnant","neither",19,,,,34,"N","N","N",,,,,,,"DCFS.20180509.R3869.F","D00000011158","fresh","DCFS.20180509.R3869.E","D00000011168","DCFS.20180509.R3869.H","A00000016605","hairAndWhisker",,,"cmackenzie@battelleecology.org","dfarkas@battelleecology.org","fleas. not bled. very pregnant",,
"715e5626-59f8-49cf-8195-a750d91466de","a377c795-b5ea-4b1d-b9e9-d796bc0d0d06","DCFS_003.mammalGrid.mam","D09","DCFS","DCFS_003","C5","distributed","grasslandHerbaceous",47.204875,-99.184072,"WGS84",45.1,586.1,0.2,"6 - trap set and empty","ShermanXLK","2018-05-09","2018-05-09",,,,,,,,,,,,,,,,,,,,,,,,,,,,,,,,,,,,,,,,,,,,"cmackenzie@battelleecology.org","dfarkas@battelleecology.org",,,
"318e0927-580e-4432-ae3f-ef8ccb02943f","4bdc3024-40e6-4af7-9205-7f54c5dca5f8","DCFS_014.mammalGrid.mam","D09","DCFS","DCFS_014","H7","distributed","grasslandHerbaceous",47.120533,-99.056896,"WGS84",45.1,569.2,0.2,"6 - trap set and empty","ShermanXLK","2018-05-09","2018-05-09",,,,,,,,,,,,,,,,,,,,,,,,,,,,,,,,,,,,,,,,,,,,"cmackenzie@battelleecology.org","dfarkas@battelleecology.org",,,
"8b43938b-b6d2-4998-816b-5e427ac545e5","87037f27-2833-4bd3-af91-1c84bc040b32","DCFS_006.mammalGrid.mam","D09","DCFS","DCFS_006","C9","distributed","grasslandHerbaceous",47.174408,-99.050112,"WGS84",45.1,496.5,0.2,"6 - trap set and empty","ShermanXLK","2018-05-09","2018-05-09",,,,,,,,,,,,,,,,,,,,,,,,,,,,,,,,,,,,,,,,,,,,"cmackenzie@battelleecology.org","dfarkas@battelleecology.org",,,
"361c76a7-8f8e-4da8-b62b-dc9599b8f6b1","87037f27-2833-4bd3-af91-1c84bc040b32","DCFS_006.mammalGrid.mam","D09","DCFS","DCFS_006","F3","distributed","grasslandHerbaceous",47.174408,-99.050112,"WGS84",45.1,496.5,0.2,"6 - trap set and empty","ShermanXLK","2018-05-09","2018-05-09",,,,,,,,,,,,,,,,,,,,,,,,,,,,,,,,,,,,,,,,,,,,"cmackenzie@battelleecology.org","dfarkas@battelleecology.org",,,
"fae5e933-b44c-4c63-b3aa-2aca85fbda8f","4bdc3024-40e6-4af7-9205-7f54c5dca5f8","DCFS_014.mammalGrid.mam","D09","DCFS","DCFS_014","D6","distributed","grasslandHerbaceous",47.120533,-99.056896,"WGS84",45.1,569.2,0.2,"6 - trap set and empty","ShermanXLK","2018-05-09","2018-05-09",,,,,,,,,,,,,,,,,,,,,,,,,,,,,,,,,,,,,,,,,,,,"cmackenzie@battelleecology.org","dfarkas@battelleecology.org",,,
"002c59fb-f166-43b6-afde-45753cace6e0","87037f27-2833-4bd3-af91-1c84bc040b32","DCFS_006.mammalGrid.mam","D09","DCFS","DCFS_006","J7","distributed","grasslandHerbaceous",47.174408,-99.050112,"WGS84",45.1,496.5,0.2,"6 - trap set and empty","ShermanXLK","2018-05-09","2018-05-09",,,,,,,,,,,,,,,,,,,,,,,,,,,,,,,,,,,,,,,,,,,,"cmackenzie@battelleecology.org","dfarkas@battelleecology.org",,,
"f6fc7dcc-fdba-498a-8b18-bbe873409e77","4bdc3024-40e6-4af7-9205-7f54c5dca5f8","DCFS_014.mammalGrid.mam","D09","DCFS","DCFS_014","A7","distributed","grasslandHerbaceous",47.120533,-99.056896,"WGS84",45.1,569.2,0.2,"6 - trap set and empty","ShermanXLK","2018-05-09","2018-05-09",,,,,,,,,,,,,,,,,,,,,,,,,,,,,,,,,,,,,,,,,,,,"cmackenzie@battelleecology.org","dfarkas@battelleecology.org",,,
"8019841d-947f-43b9-9550-8995ce078901","87037f27-2833-4bd3-af91-1c84bc040b32","DCFS_006.mammalGrid.mam","D09","DCFS","DCFS_006","C3","distributed","grasslandHerbaceous",47.174408,-99.050112,"WGS84",45.1,496.5,0.2,"6 - trap set and empty","ShermanXLK","2018-05-09","2018-05-09",,,,,,,,,,,,,,,,,,,,,,,,,,,,,,,,,,,,,,,,,,,,"cmackenzie@battelleecology.org","dfarkas@battelleecology.org",,,
"a3002192-ee7e-4c0d-88b8-e2cf443b345d","4bdc3024-40e6-4af7-9205-7f54c5dca5f8","DCFS_014.mammalGrid.mam","D09","DCFS","DCFS_014","H8","distributed","grasslandHerbaceous",47.120533,-99.056896,"WGS84",45.1,569.2,0.2,"6 - trap set and empty","ShermanXLK","2018-05-09","2018-05-09",,,,,,,,,,,,,,,,,,,,,,,,,,,,,,,,,,,,,,,,,,,,"cmackenzie@battelleecology.org","dfarkas@battelleecology.org",,,
"4dddee0f-21b0-4e3c-88f5-19d3e8a7ac4f","87037f27-2833-4bd3-af91-1c84bc040b32","DCFS_006.mammalGrid.mam","D09","DCFS","DCFS_006","J4","distributed","grasslandHerbaceous",47.174408,-99.050112,"WGS84",45.1,496.5,0.2,"6 - trap set and empty","ShermanXLK","2018-05-09","2018-05-09",,,,,,,,,,,,,,,,,,,,,,,,,,,,,,,,,,,,,,,,,,,,"cmackenzie@battelleecology.org","dfarkas@battelleecology.org",,,
"6ecf5a38-df1b-4613-a065-840eb6c2c68b","4bdc3024-40e6-4af7-9205-7f54c5dca5f8","DCFS_014.mammalGrid.mam","D09","DCFS","DCFS_014","J2","distributed","grasslandHerbaceous",47.120533,-99.056896,"WGS84",45.1,569.2,0.2,"6 - trap set and empty","ShermanXLK","2018-05-09","2018-05-09",,,,,,,,,,,,,,,,,,,,,,,,,,,,,,,,,,,,,,,,,,,,"cmackenzie@battelleecology.org","dfarkas@battelleecology.org",,,
"5f2dacc9-c98f-46da-990e-e32b6a54cc67","4bdc3024-40e6-4af7-9205-7f54c5dca5f8","DCFS_014.mammalGrid.mam","D09","DCFS","DCFS_014","C2","distributed","grasslandHerbaceous",47.120533,-99.056896,"WGS84",45.1,569.2,0.2,"6 - trap set and empty","ShermanXLK","2018-05-09","2018-05-09",,,,,,,,,,,,,,,,,,,,,,,,,,,,,,,,,,,,,,,,,,,,"cmackenzie@battelleecology.org","dfarkas@battelleecology.org",,,
"319d1b69-1599-43c4-8341-fea139204c2d","87037f27-2833-4bd3-af91-1c84bc040b32","DCFS_006.mammalGrid.mam","D09","DCFS","DCFS_006","G6","distributed","grasslandHerbaceous",47.174408,-99.050112,"WGS84",45.1,496.5,0.2,"6 - trap set and empty","ShermanXLK","2018-05-09","2018-05-09",,,,,,,,,,,,,,,,,,,,,,,,,,,,,,,,,,,,,,,,,,,,"cmackenzie@battelleecology.org","dfarkas@battelleecology.org",,,
"09ca0cfd-0c2f-400d-a9fe-d79b0ce99b28","4bdc3024-40e6-4af7-9205-7f54c5dca5f8","DCFS_014.mammalGrid.mam","D09","DCFS","DCFS_014","G9","distributed","grasslandHerbaceous",47.120533,-99.056896,"WGS84",45.1,569.2,0.2,"6 - trap set and empty","ShermanXLK","2018-05-09","2018-05-09",,,,,,,,,,,,,,,,,,,,,,,,,,,,,,,,,,,,,,,,,,,,"cmackenzie@battelleecology.org","dfarkas@battelleecology.org",,,
"4fc5d035-930c-4b8e-bb12-4c2569855f2a","4bdc3024-40e6-4af7-9205-7f54c5dca5f8","DCFS_014.mammalGrid.mam","D09","DCFS","DCFS_014","A6","distributed","grasslandHerbaceous",47.120533,-99.056896,"WGS84",45.1,569.2,0.2,"6 - trap set and empty","ShermanXLK","2018-05-09","2018-05-09",,,,,,,,,,,,,,,,,,,,,,,,,,,,,,,,,,,,,,,,,,,,"cmackenzie@battelleecology.org","dfarkas@battelleecology.org",,,
"6c6b7807-2eb4-42f9-a9cf-80a465f57045","4bdc3024-40e6-4af7-9205-7f54c5dca5f8","DCFS_014.mammalGrid.mam","D09","DCFS","DCFS_014","E1","distributed","grasslandHerbaceous",47.120533,-99.056896,"WGS84",45.1,569.2,0.2,"6 - trap set and empty","ShermanXLK","2018-05-09","2018-05-09",,,,,,,,,,,,,,,,,,,,,,,,,,,,,,,,,,,,,,,,,,,,"cmackenzie@battelleecology.org","dfarkas@battelleecology.org",,,
"1eb51abe-f910-4c58-9c19-3b533134126f","4bdc3024-40e6-4af7-9205-7f54c5dca5f8","DCFS_014.mammalGrid.mam","D09","DCFS","DCFS_014","F2","distributed","grasslandHerbaceous",47.120533,-99.056896,"WGS84",45.1,569.2,0.2,"6 - trap set and empty","ShermanXLK","2018-05-09","2018-05-09",,,,,,,,,,,,,,,,,,,,,,,,,,,,,,,,,,,,,,,,,,,,"cmackenzie@battelleecology.org","dfarkas@battelleecology.org",,,
"9057cd77-12e5-45a2-92db-ca5835b15d7f","a377c795-b5ea-4b1d-b9e9-d796bc0d0d06","DCFS_003.mammalGrid.mam","D09","DCFS","DCFS_003","I2","distributed","grasslandHerbaceous",47.204875,-99.184072,"WGS84",45.1,586.1,0.2,"6 - trap set and empty","ShermanXLK","2018-05-09","2018-05-09",,,,,,,,,,,,,,,,,,,,,,,,,,,,,,,,,,,,,,,,,,,,"cmackenzie@battelleecology.org","dfarkas@battelleecology.org",,,
"ebfa756f-e743-414d-99a9-8b2a0ef2f4a1","a377c795-b5ea-4b1d-b9e9-d796bc0d0d06","DCFS_003.mammalGrid.mam","D09","DCFS","DCFS_003","G7","distributed","grasslandHerbaceous",47.204875,-99.184072,"WGS84",45.1,586.1,0.2,"6 - trap set and empty","ShermanXLK","2018-05-09","2018-05-09",,,,,,,,,,,,,,,,,,,,,,,,,,,,,,,,,,,,,,,,,,,,"cmackenzie@battelleecology.org","dfarkas@battelleecology.org",,,
"ed8d69c8-ca82-4681-b50f-21874e0b3b8f","a377c795-b5ea-4b1d-b9e9-d796bc0d0d06","DCFS_003.mammalGrid.mam","D09","DCFS","DCFS_003","J6","distributed","grasslandHerbaceous",47.204875,-99.184072,"WGS84",45.1,586.1,0.2,"1 - trap not set","ShermanXLK","2018-05-09","2018-05-09",,,,,,,,,,,,,,,,,,,,,,,,,,,,,,,,,,,,,,,,,,,,"cmackenzie@battelleecology.org","dfarkas@battelleecology.org",,,
"1d752232-f38e-44a7-a757-3f393c440fae","87037f27-2833-4bd3-af91-1c84bc040b32","DCFS_006.mammalGrid.mam","D09","DCFS","DCFS_006","I10","distributed","grasslandHerbaceous",47.174408,-99.050112,"WGS84",45.1,496.5,0.2,"6 - trap set and empty","ShermanXLK","2018-05-09","2018-05-09",,,,,,,,,,,,,,,,,,,,,,,,,,,,,,,,,,,,,,,,,,,,"cmackenzie@battelleecology.org","dfarkas@battelleecology.org",,,
"acd2c0e2-8a53-4e4c-9203-5f9c9a6d3488","a377c795-b5ea-4b1d-b9e9-d796bc0d0d06","DCFS_003.mammalGrid.mam","D09","DCFS","DCFS_003","B8","distributed","grasslandHerbaceous",47.204875,-99.184072,"WGS84",45.1,586.1,0.2,"6 - trap set and empty","ShermanXLK","2018-05-09","2018-05-09",,,,,,,,,,,,,,,,,,,,,,,,,,,,,,,,,,,,,,,,,,,,"cmackenzie@battelleecology.org","dfarkas@battelleecology.org",,,
"d7d0094d-31b3-4975-9ae2-3edabeaaa772","a377c795-b5ea-4b1d-b9e9-d796bc0d0d06","DCFS_003.mammalGrid.mam","D09","DCFS","DCFS_003","H4","distributed","grasslandHerbaceous",47.204875,-99.184072,"WGS84",45.1,586.1,0.2,"6 - trap set and empty","ShermanXLK","2018-05-09","2018-05-09",,,,,,,,,,,,,,,,,,,,,,,,,,,,,,,,,,,,,,,,,,,,"cmackenzie@battelleecology.org","dfarkas@battelleecology.org",,,
"25bfa120-fb7d-49aa-8113-988d6f63bc29","4bdc3024-40e6-4af7-9205-7f54c5dca5f8","DCFS_014.mammalGrid.mam","D09","DCFS","DCFS_014","F3","distributed","grasslandHerbaceous",47.120533,-99.056896,"WGS84",45.1,569.2,0.2,"6 - trap set and empty","ShermanXLK","2018-05-09","2018-05-09",,,,,,,,,,,,,,,,,,,,,,,,,,,,,,,,,,,,,,,,,,,,"cmackenzie@battelleecology.org","dfarkas@battelleecology.org",,,
"71d296e9-69c4-450a-9893-ae5126ca408a","a377c795-b5ea-4b1d-b9e9-d796bc0d0d06","DCFS_003.mammalGrid.mam","D09","DCFS","DCFS_003","I10","distributed","grasslandHerbaceous",47.204875,-99.184072,"WGS84",45.1,586.1,0.2,"6 - trap set and empty","ShermanXLK","2018-05-09","2018-05-09",,,,,,,,,,,,,,,,,,,,,,,,,,,,,,,,,,,,,,,,,,,,"cmackenzie@battelleecology.org","dfarkas@battelleecology.org",,,
"bb212ba3-55e2-4281-92c2-5afa5c4f419e","4bdc3024-40e6-4af7-9205-7f54c5dca5f8","DCFS_014.mammalGrid.mam","D09","DCFS","DCFS_014","J6","distributed","grasslandHerbaceous",47.120533,-99.056896,"WGS84",45.1,569.2,0.2,"6 - trap set and empty","ShermanXLK","2018-05-09","2018-05-09",,,,,,,,,,,,,,,,,,,,,,,,,,,,,,,,,,,,,,,,,,,,"cmackenzie@battelleecology.org","dfarkas@battelleecology.org",,,
"c2fa3173-dba3-48e0-adce-ea9c38fb1807","a377c795-b5ea-4b1d-b9e9-d796bc0d0d06","DCFS_003.mammalGrid.mam","D09","DCFS","DCFS_003","D7","distributed","grasslandHerbaceous",47.204875,-99.184072,"WGS84",45.1,586.1,0.2,"6 - trap set and empty","ShermanXLK","2018-05-09","2018-05-09",,,,,,,,,,,,,,,,,,,,,,,,,,,,,,,,,,,,,,,,,,,,"cmackenzie@battelleecology.org","dfarkas@battelleecology.org",,,
"d47e6d02-6190-447c-9e82-f338a64a4127","a377c795-b5ea-4b1d-b9e9-d796bc0d0d06","DCFS_003.mammalGrid.mam","D09","DCFS","DCFS_003","I9","distributed","grasslandHerbaceous",47.204875,-99.184072,"WGS84",45.1,586.1,0.2,"6 - trap set and empty","ShermanXLK","2018-05-09","2018-05-09",,,,,,,,,,,,,,,,,,,,,,,,,,,,,,,,,,,,,,,,,,,,"cmackenzie@battelleecology.org","dfarkas@battelleecology.org",,,
"66f96b6b-d8fc-4b76-a79e-b417c8dc174a","a377c795-b5ea-4b1d-b9e9-d796bc0d0d06","DCFS_003.mammalGrid.mam","D09","DCFS","DCFS_003","C6","distributed","grasslandHerbaceous",47.204875,-99.184072,"WGS84",45.1,586.1,0.2,"6 - trap set and empty","ShermanXLK","2018-05-09","2018-05-09",,,,,,,,,,,,,,,,,,,,,,,,,,,,,,,,,,,,,,,,,,,,"cmackenzie@battelleecology.org","dfarkas@battelleecology.org",,,
"74e28335-2395-46f9-86e5-3dcd621e4101","4bdc3024-40e6-4af7-9205-7f54c5dca5f8","DCFS_014.mammalGrid.mam","D09","DCFS","DCFS_014","I2","distributed","grasslandHerbaceous",47.120533,-99.056896,"WGS84",45.1,569.2,0.2,"6 - trap set and empty","ShermanXLK","2018-05-09","2018-05-09",,,,,,,,,,,,,,,,,,,,,,,,,,,,,,,,,,,,,,,,,,,,"cmackenzie@battelleecology.org","dfarkas@battelleecology.org",,,
"4fff1eac-0960-4bc8-aab3-2ea814ef5a43","87037f27-2833-4bd3-af91-1c84bc040b32","DCFS_006.mammalGrid.mam","D09","DCFS","DCFS_006","C6","distributed","grasslandHerbaceous",47.174408,-99.050112,"WGS84",45.1,496.5,0.2,"6 - trap set and empty","ShermanXLK","2018-05-09","2018-05-09",,,,,,,,,,,,,,,,,,,,,,,,,,,,,,,,,,,,,,,,,,,,"cmackenzie@battelleecology.org","dfarkas@battelleecology.org",,,
"f07bd28c-90aa-4b92-8d7b-a679c96fbc2b","a377c795-b5ea-4b1d-b9e9-d796bc0d0d06","DCFS_003.mammalGrid.mam","D09","DCFS","DCFS_003","I6","distributed","grasslandHerbaceous",47.204875,-99.184072,"WGS84",45.1,586.1,0.2,"6 - trap set and empty","ShermanXLK","2018-05-09","2018-05-09",,,,,,,,,,,,,,,,,,,,,,,,,,,,,,,,,,,,,,,,,,,,"cmackenzie@battelleecology.org","dfarkas@battelleecology.org",,,
"d69eeb9c-9c85-4289-8703-e5d74f3794dc","4bdc3024-40e6-4af7-9205-7f54c5dca5f8","DCFS_014.mammalGrid.mam","D09","DCFS","DCFS_014","A2","distributed","grasslandHerbaceous",47.120533,-99.056896,"WGS84",45.1,569.2,0.2,"6 - trap set and empty","ShermanXLK","2018-05-09","2018-05-09",,,,,,,,,,,,,,,,,,,,,,,,,,,,,,,,,,,,,,,,,,,,"cmackenzie@battelleecology.org","dfarkas@battelleecology.org",,,
"4106c8c5-a5d3-41aa-a3c8-268f9612c693","a377c795-b5ea-4b1d-b9e9-d796bc0d0d06","DCFS_003.mammalGrid.mam","D09","DCFS","DCFS_003","H3","distributed","grasslandHerbaceous",47.204875,-99.184072,"WGS84",45.1,586.1,0.2,"6 - trap set and empty","ShermanXLK","2018-05-09","2018-05-09",,,,,,,,,,,,,,,,,,,,,,,,,,,,,,,,,,,,,,,,,,,,"cmackenzie@battelleecology.org","dfarkas@battelleecology.org",,,
"2ebc44dd-83c6-41b8-9089-62176126c41c","a377c795-b5ea-4b1d-b9e9-d796bc0d0d06","DCFS_003.mammalGrid.mam","D09","DCFS","DCFS_003","G5","distributed","grasslandHerbaceous",47.204875,-99.184072,"WGS84",45.1,586.1,0.2,"6 - trap set and empty","ShermanXLK","2018-05-09","2018-05-09",,,,,,,,,,,,,,,,,,,,,,,,,,,,,,,,,,,,,,,,,,,,"cmackenzie@battelleecology.org","dfarkas@battelleecology.org",,,
"0ac7748d-8cd7-43f0-b60f-5dc4e28784cb","87037f27-2833-4bd3-af91-1c84bc040b32","DCFS_006.mammalGrid.mam","D09","DCFS","DCFS_006","D7","distributed","grasslandHerbaceous",47.174408,-99.050112,"WGS84",45.1,496.5,0.2,"6 - trap set and empty","ShermanXLK","2018-05-09","2018-05-09",,,,,,,,,,,,,,,,,,,,,,,,,,,,,,,,,,,,,,,,,,,,"cmackenzie@battelleecology.org","dfarkas@battelleecology.org",,,
"fb1c16cd-ce11-4848-8587-f6ef2552f1ec","87037f27-2833-4bd3-af91-1c84bc040b32","DCFS_006.mammalGrid.mam","D09","DCFS","DCFS_006","I6","distributed","grasslandHerbaceous",47.174408,-99.050112,"WGS84",45.1,496.5,0.2,"6 - trap set and empty","ShermanXLK","2018-05-09","2018-05-09",,,,,,,,,,,,,,,,,,,,,,,,,,,,,,,,,,,,,,,,,,,,"cmackenzie@battelleecology.org","dfarkas@battelleecology.org",,,
"eb1b7ce5-80bb-4c26-8f17-f185796decf0","4bdc3024-40e6-4af7-9205-7f54c5dca5f8","DCFS_014.mammalGrid.mam","D09","DCFS","DCFS_014","D7","distributed","grasslandHerbaceous",47.120533,-99.056896,"WGS84",45.1,569.2,0.2,"6 - trap set and empty","ShermanXLK","2018-05-09","2018-05-09",,,,,,,,,,,,,,,,,,,,,,,,,,,,,,,,,,,,,,,,,,,,"cmackenzie@battelleecology.org","dfarkas@battelleecology.org",,,
"0553db29-9718-4317-bf71-aedb38f98202","4bdc3024-40e6-4af7-9205-7f54c5dca5f8","DCFS_014.mammalGrid.mam","D09","DCFS","DCFS_014","B3","distributed","grasslandHerbaceous",47.120533,-99.056896,"WGS84",45.1,569.2,0.2,"2 - trap disturbed/door closed but empty","ShermanXLK","2018-05-09","2018-05-09",,,,,,,,,,,,,,,,,,,,,,,,,,,,,,,,,,,,,,,,,,,,"cmackenzie@battelleecology.org","dfarkas@battelleecology.org","Trapped knocked over but door open",,
"c3b4ed48-d3eb-485a-9c8e-a28b43b5df30","a377c795-b5ea-4b1d-b9e9-d796bc0d0d06","DCFS_003.mammalGrid.mam","D09","DCFS","DCFS_003","F4","distributed","grasslandHerbaceous",47.204875,-99.184072,"WGS84",45.1,586.1,0.2,"6 - trap set and empty","ShermanXLK","2018-05-09","2018-05-09",,,,,,,,,,,,,,,,,,,,,,,,,,,,,,,,,,,,,,,,,,,,"cmackenzie@battelleecology.org","dfarkas@battelleecology.org",,,
"40d80485-f6a1-43a6-bb96-d021aed31987","a377c795-b5ea-4b1d-b9e9-d796bc0d0d06","DCFS_003.mammalGrid.mam","D09","DCFS","DCFS_003","B6","distributed","grasslandHerbaceous",47.204875,-99.184072,"WGS84",45.1,586.1,0.2,"6 - trap set and empty","ShermanXLK","2018-05-09","2018-05-09",,,,,,,,,,,,,,,,,,,,,,,,,,,,,,,,,,,,,,,,,,,,"cmackenzie@battelleecology.org","dfarkas@battelleecology.org",,,
"f474ef19-1fa2-42fe-9db8-27e5aa5796d1","4bdc3024-40e6-4af7-9205-7f54c5dca5f8","DCFS_014.mammalGrid.mam","D09","DCFS","DCFS_014","E7","distributed","grasslandHerbaceous",47.120533,-99.056896,"WGS84",45.1,569.2,0.2,"6 - trap set and empty","ShermanXLK","2018-05-09","2018-05-09",,,,,,,,,,,,,,,,,,,,,,,,,,,,,,,,,,,,,,,,,,,,"cmackenzie@battelleecology.org","dfarkas@battelleecology.org",,,
"82a34c03-bc05-45dd-af90-2ac86b10d841","4bdc3024-40e6-4af7-9205-7f54c5dca5f8","DCFS_014.mammalGrid.mam","D09","DCFS","DCFS_014","E4","distributed","grasslandHerbaceous",47.120533,-99.056896,"WGS84",45.1,569.2,0.2,"6 - trap set and empty","ShermanXLK","2018-05-09","2018-05-09",,,,,,,,,,,,,,,,,,,,,,,,,,,,,,,,,,,,,,,,,,,,"cmackenzie@battelleecology.org","dfarkas@battelleecology.org",,,
"37b91e56-a0ff-4c1b-918b-aa256c2f0631","4bdc3024-40e6-4af7-9205-7f54c5dca5f8","DCFS_014.mammalGrid.mam","D09","DCFS","DCFS_014","D2","distributed","grasslandHerbaceous",47.120533,-99.056896,"WGS84",45.1,569.2,0.2,"6 - trap set and empty","ShermanXLK","2018-05-09","2018-05-09",,,,,,,,,,,,,,,,,,,,,,,,,,,,,,,,,,,,,,,,,,,,"cmackenzie@battelleecology.org","dfarkas@battelleecology.org",,,
"22968d3f-8086-4162-88fc-88eda8817a50","87037f27-2833-4bd3-af91-1c84bc040b32","DCFS_006.mammalGrid.mam","D09","DCFS","DCFS_006","H7","distributed","grasslandHerbaceous",47.174408,-99.050112,"WGS84",45.1,496.5,0.2,"6 - trap set and empty","ShermanXLK","2018-05-09","2018-05-09",,,,,,,,,,,,,,,,,,,,,,,,,,,,,,,,,,,,,,,,,,,,"cmackenzie@battelleecology.org","dfarkas@battelleecology.org",,,
"a9a1241a-8a07-40aa-9ba3-b1f48bf0c3ca","4bdc3024-40e6-4af7-9205-7f54c5dca5f8","DCFS_014.mammalGrid.mam","D09","DCFS","DCFS_014","I6","distributed","grasslandHerbaceous",47.120533,-99.056896,"WGS84",45.1,569.2,0.2,"6 - trap set and empty","ShermanXLK","2018-05-09","2018-05-09",,,,,,,,,,,,,,,,,,,,,,,,,,,,,,,,,,,,,,,,,,,,"cmackenzie@battelleecology.org","dfarkas@battelleecology.org",,,
"2478f61d-5a5a-4a7f-a806-7792e9de878a","a377c795-b5ea-4b1d-b9e9-d796bc0d0d06","DCFS_003.mammalGrid.mam","D09","DCFS","DCFS_003","A8","distributed","grasslandHerbaceous",47.204875,-99.184072,"WGS84",45.1,586.1,0.2,"6 - trap set and empty","ShermanXLK","2018-05-09","2018-05-09",,,,,,,,,,,,,,,,,,,,,,,,,,,,,,,,,,,,,,,,,,,,"cmackenzie@battelleecology.org","dfarkas@battelleecology.org",,,
"7f82772f-34ba-4549-8d3e-5b27b7d74f1d","a377c795-b5ea-4b1d-b9e9-d796bc0d0d06","DCFS_003.mammalGrid.mam","D09","DCFS","DCFS_003","E9","distributed","grasslandHerbaceous",47.204875,-99.184072,"WGS84",45.1,586.1,0.2,"6 - trap set and empty","ShermanXLK","2018-05-09","2018-05-09",,,,,,,,,,,,,,,,,,,,,,,,,,,,,,,,,,,,,,,,,,,,"cmackenzie@battelleecology.org","dfarkas@battelleecology.org",,,
"386077ef-530b-45b6-a8a8-5785e32ba632","4bdc3024-40e6-4af7-9205-7f54c5dca5f8","DCFS_014.mammalGrid.mam","D09","DCFS","DCFS_014","G1","distributed","grasslandHerbaceous",47.120533,-99.056896,"WGS84",45.1,569.2,0.2,"6 - trap set and empty","ShermanXLK","2018-05-09","2018-05-09",,,,,,,,,,,,,,,,,,,,,,,,,,,,,,,,,,,,,,,,,,,,"cmackenzie@battelleecology.org","dfarkas@battelleecology.org",,,
"988ea2f1-4f33-4ad3-9671-6887ca08a234","4bdc3024-40e6-4af7-9205-7f54c5dca5f8","DCFS_014.mammalGrid.mam","D09","DCFS","DCFS_014","A1","distributed","grasslandHerbaceous",47.120533,-99.056896,"WGS84",45.1,569.2,0.2,"6 - trap set and empty","ShermanXLK","2018-05-09","2018-05-09",,,,,,,,,,,,,,,,,,,,,,,,,,,,,,,,,,,,,,,,,,,,"cmackenzie@battelleecology.org","dfarkas@battelleecology.org",,,
"40555b8c-4a69-43c0-a2fe-157fb4af9a89","4bdc3024-40e6-4af7-9205-7f54c5dca5f8","DCFS_014.mammalGrid.mam","D09","DCFS","DCFS_014","A10","distributed","grasslandHerbaceous",47.120533,-99.056896,"WGS84",45.1,569.2,0.2,"6 - trap set and empty","ShermanXLK","2018-05-09","2018-05-09",,,,,,,,,,,,,,,,,,,,,,,,,,,,,,,,,,,,,,,,,,,,"cmackenzie@battelleecology.org","dfarkas@battelleecology.org",,,
"350a61d3-4323-410b-86c3-44a4bb11fcb9","87037f27-2833-4bd3-af91-1c84bc040b32","DCFS_006.mammalGrid.mam","D09","DCFS","DCFS_006","D1","distributed","grasslandHerbaceous",47.174408,-99.050112,"WGS84",45.1,496.5,0.2,"6 - trap set and empty","ShermanXLK","2018-05-09","2018-05-09",,,,,,,,,,,,,,,,,,,,,,,,,,,,,,,,,,,,,,,,,,,,"cmackenzie@battelleecology.org","dfarkas@battelleecology.org",,,
"f0e21b25-ec86-4448-b79a-78d15d27cd37","a377c795-b5ea-4b1d-b9e9-d796bc0d0d06","DCFS_003.mammalGrid.mam","D09","DCFS","DCFS_003","H5","distributed","grasslandHerbaceous",47.204875,-99.184072,"WGS84",45.1,586.1,0.2,"6 - trap set and empty","ShermanXLK","2018-05-09","2018-05-09",,,,,,,,,,,,,,,,,,,,,,,,,,,,,,,,,,,,,,,,,,,,"cmackenzie@battelleecology.org","dfarkas@battelleecology.org",,,
"4787f081-22f0-497e-9429-f8401f33e528","4bdc3024-40e6-4af7-9205-7f54c5dca5f8","DCFS_014.mammalGrid.mam","D09","DCFS","DCFS_014","C4","distributed","grasslandHerbaceous",47.120533,-99.056896,"WGS84",45.1,569.2,0.2,"6 - trap set and empty","ShermanXLK","2018-05-09","2018-05-09",,,,,,,,,,,,,,,,,,,,,,,,,,,,,,,,,,,,,,,,,,,,"cmackenzie@battelleecology.org","dfarkas@battelleecology.org",,,
"6b148023-1171-40ca-850d-e3b60c7d5681","4bdc3024-40e6-4af7-9205-7f54c5dca5f8","DCFS_014.mammalGrid.mam","D09","DCFS","DCFS_014","G8","distributed","grasslandHerbaceous",47.120533,-99.056896,"WGS84",45.1,569.2,0.2,"6 - trap set and empty","ShermanXLK","2018-05-09","2018-05-09",,,,,,,,,,,,,,,,,,,,,,,,,,,,,,,,,,,,,,,,,,,,"cmackenzie@battelleecology.org","dfarkas@battelleecology.org",,,
"0bd7414d-60f0-4376-b700-4b0dd053875a","a377c795-b5ea-4b1d-b9e9-d796bc0d0d06","DCFS_003.mammalGrid.mam","D09","DCFS","DCFS_003","J4","distributed","grasslandHerbaceous",47.204875,-99.184072,"WGS84",45.1,586.1,0.2,"6 - trap set and empty","ShermanXLK","2018-05-09","2018-05-09",,,,,,,,,,,,,,,,,,,,,,,,,,,,,,,,,,,,,,,,,,,,"cmackenzie@battelleecology.org","dfarkas@battelleecology.org",,,
"c5577d1d-9133-4859-809b-dafd2bda5a25","a377c795-b5ea-4b1d-b9e9-d796bc0d0d06","DCFS_003.mammalGrid.mam","D09","DCFS","DCFS_003","A5","distributed","grasslandHerbaceous",47.204875,-99.184072,"WGS84",45.1,586.1,0.2,"6 - trap set and empty","ShermanXLK","2018-05-09","2018-05-09",,,,,,,,,,,,,,,,,,,,,,,,,,,,,,,,,,,,,,,,,,,,"cmackenzie@battelleecology.org","dfarkas@battelleecology.org",,,
"f4661abf-c253-43fe-a48a-3654690990c0","4bdc3024-40e6-4af7-9205-7f54c5dca5f8","DCFS_014.mammalGrid.mam","D09","DCFS","DCFS_014","G2","distributed","grasslandHerbaceous",47.120533,-99.056896,"WGS84",45.1,569.2,0.2,"6 - trap set and empty","ShermanXLK","2018-05-09","2018-05-09",,,,,,,,,,,,,,,,,,,,,,,,,,,,,,,,,,,,,,,,,,,,"cmackenzie@battelleecology.org","dfarkas@battelleecology.org",,,
"675785bc-4900-4a21-b4c2-c214971ce662","87037f27-2833-4bd3-af91-1c84bc040b32","DCFS_006.mammalGrid.mam","D09","DCFS","DCFS_006","H5","distributed","grasslandHerbaceous",47.174408,-99.050112,"WGS84",45.1,496.5,0.2,"6 - trap set and empty","ShermanXLK","2018-05-09","2018-05-09",,,,,,,,,,,,,,,,,,,,,,,,,,,,,,,,,,,,,,,,,,,,"cmackenzie@battelleecology.org","dfarkas@battelleecology.org",,,
"ab49a9b3-09f5-4821-bb7d-2cc254792865","a377c795-b5ea-4b1d-b9e9-d796bc0d0d06","DCFS_003.mammalGrid.mam","D09","DCFS","DCFS_003","H1","distributed","grasslandHerbaceous",47.204875,-99.184072,"WGS84",45.1,586.1,0.2,"6 - trap set and empty","ShermanXLK","2018-05-09","2018-05-09",,,,,,,,,,,,,,,,,,,,,,,,,,,,,,,,,,,,,,,,,,,,"cmackenzie@battelleecology.org","dfarkas@battelleecology.org",,,
"be99373f-6d9d-41bc-841b-4b5f77e25851","4bdc3024-40e6-4af7-9205-7f54c5dca5f8","DCFS_014.mammalGrid.mam","D09","DCFS","DCFS_014","B5","distributed","grasslandHerbaceous",47.120533,-99.056896,"WGS84",45.1,569.2,0.2,"6 - trap set and empty","ShermanXLK","2018-05-09","2018-05-09",,,,,,,,,,,,,,,,,,,,,,,,,,,,,,,,,,,,,,,,,,,,"cmackenzie@battelleecology.org","dfarkas@battelleecology.org",,,
"430e6e36-a75c-4bb5-b353-3f739cf136c5","87037f27-2833-4bd3-af91-1c84bc040b32","DCFS_006.mammalGrid.mam","D09","DCFS","DCFS_006","D10","distributed","grasslandHerbaceous",47.174408,-99.050112,"WGS84",45.1,496.5,0.2,"6 - trap set and empty","ShermanXLK","2018-05-09","2018-05-09",,,,,,,,,,,,,,,,,,,,,,,,,,,,,,,,,,,,,,,,,,,,"cmackenzie@battelleecology.org","dfarkas@battelleecology.org",,,
"3062b7d1-f38e-458f-b73e-0e6a12a69212","a377c795-b5ea-4b1d-b9e9-d796bc0d0d06","DCFS_003.mammalGrid.mam","D09","DCFS","DCFS_003","D4","distributed","grasslandHerbaceous",47.204875,-99.184072,"WGS84",45.1,586.1,0.2,"6 - trap set and empty","ShermanXLK","2018-05-09","2018-05-09",,,,,,,,,,,,,,,,,,,,,,,,,,,,,,,,,,,,,,,,,,,,"cmackenzie@battelleecology.org","dfarkas@battelleecology.org",,,
"59f4bd11-87f9-4647-829b-78f5585efd4b","4bdc3024-40e6-4af7-9205-7f54c5dca5f8","DCFS_014.mammalGrid.mam","D09","DCFS","DCFS_014","A4","distributed","grasslandHerbaceous",47.120533,-99.056896,"WGS84",45.1,569.2,0.2,"6 - trap set and empty","ShermanXLK","2018-05-09","2018-05-09",,,,,,,,,,,,,,,,,,,,,,,,,,,,,,,,,,,,,,,,,,,,"cmackenzie@battelleecology.org","dfarkas@battelleecology.org",,,
"f0e2571f-04fc-46c9-8640-f7b61a4bad0d","4bdc3024-40e6-4af7-9205-7f54c5dca5f8","DCFS_014.mammalGrid.mam","D09","DCFS","DCFS_014","F6","distributed","grasslandHerbaceous",47.120533,-99.056896,"WGS84",45.1,569.2,0.2,"6 - trap set and empty","ShermanXLK","2018-05-09","2018-05-09",,,,,,,,,,,,,,,,,,,,,,,,,,,,,,,,,,,,,,,,,,,,"cmackenzie@battelleecology.org","dfarkas@battelleecology.org",,,
"f35b11d9-97b0-49b2-a41c-6d292ebf7df5","4bdc3024-40e6-4af7-9205-7f54c5dca5f8","DCFS_014.mammalGrid.mam","D09","DCFS","DCFS_014","B7","distributed","grasslandHerbaceous",47.120533,-99.056896,"WGS84",45.1,569.2,0.2,"6 - trap set and empty","ShermanXLK","2018-05-09","2018-05-09",,,,,,,,,,,,,,,,,,,,,,,,,,,,,,,,,,,,,,,,,,,,"cmackenzie@battelleecology.org","dfarkas@battelleecology.org",,,
"2e66f2bd-52a7-48d5-be82-88fbcefc7a3e","a377c795-b5ea-4b1d-b9e9-d796bc0d0d06","DCFS_003.mammalGrid.mam","D09","DCFS","DCFS_003","B2","distributed","grasslandHerbaceous",47.204875,-99.184072,"WGS84",45.1,586.1,0.2,"6 - trap set and empty","ShermanXLK","2018-05-09","2018-05-09",,,,,,,,,,,,,,,,,,,,,,,,,,,,,,,,,,,,,,,,,,,,"cmackenzie@battelleecology.org","dfarkas@battelleecology.org",,,
"30bbb785-2a0b-46f4-9ec3-db27a6d5b6e9","4bdc3024-40e6-4af7-9205-7f54c5dca5f8","DCFS_014.mammalGrid.mam","D09","DCFS","DCFS_014","F7","distributed","grasslandHerbaceous",47.120533,-99.056896,"WGS84",45.1,569.2,0.2,"6 - trap set and empty","ShermanXLK","2018-05-09","2018-05-09",,,,,,,,,,,,,,,,,,,,,,,,,,,,,,,,,,,,,,,,,,,,"cmackenzie@battelleecology.org","dfarkas@battelleecology.org",,,
"f58ab054-16e1-432e-b13c-43d06666236e","87037f27-2833-4bd3-af91-1c84bc040b32","DCFS_006.mammalGrid.mam","D09","DCFS","DCFS_006","C2","distributed","grasslandHerbaceous",47.174408,-99.050112,"WGS84",45.1,496.5,0.2,"6 - trap set and empty","ShermanXLK","2018-05-09","2018-05-09",,,,,,,,,,,,,,,,,,,,,,,,,,,,,,,,,,,,,,,,,,,,"cmackenzie@battelleecology.org","dfarkas@battelleecology.org",,,
"3e8cd4c2-616c-40ec-a9eb-f0ea94a28dca","87037f27-2833-4bd3-af91-1c84bc040b32","DCFS_006.mammalGrid.mam","D09","DCFS","DCFS_006","B10","distributed","grasslandHerbaceous",47.174408,-99.050112,"WGS84",45.1,496.5,0.2,"6 - trap set and empty","ShermanXLK","2018-05-09","2018-05-09",,,,,,,,,,,,,,,,,,,,,,,,,,,,,,,,,,,,,,,,,,,,"cmackenzie@battelleecology.org","dfarkas@battelleecology.org",,,
"a8939dca-8c5a-4ac8-b1f4-eb6a9e3c720d","87037f27-2833-4bd3-af91-1c84bc040b32","DCFS_006.mammalGrid.mam","D09","DCFS","DCFS_006","E9","distributed","grasslandHerbaceous",47.174408,-99.050112,"WGS84",45.1,496.5,0.2,"6 - trap set and empty","ShermanXLK","2018-05-09","2018-05-09",,,,,,,,,,,,,,,,,,,,,,,,,,,,,,,,,,,,,,,,,,,,"cmackenzie@battelleecology.org","dfarkas@battelleecology.org",,,
"e531f3b6-14cf-4ee6-a7ed-1fb77e7060bf","87037f27-2833-4bd3-af91-1c84bc040b32","DCFS_006.mammalGrid.mam","D09","DCFS","DCFS_006","C10","distributed","grasslandHerbaceous",47.174408,-99.050112,"WGS84",45.1,496.5,0.2,"6 - trap set and empty","ShermanXLK","2018-05-09","2018-05-09",,,,,,,,,,,,,,,,,,,,,,,,,,,,,,,,,,,,,,,,,,,,"cmackenzie@battelleecology.org","dfarkas@battelleecology.org",,,
"895c711d-2c71-443b-b332-4027bf385d72","a377c795-b5ea-4b1d-b9e9-d796bc0d0d06","DCFS_003.mammalGrid.mam","D09","DCFS","DCFS_003","H10","distributed","grasslandHerbaceous",47.204875,-99.184072,"WGS84",45.1,586.1,0.2,"6 - trap set and empty","ShermanXLK","2018-05-09","2018-05-09",,,,,,,,,,,,,,,,,,,,,,,,,,,,,,,,,,,,,,,,,,,,"cmackenzie@battelleecology.org","dfarkas@battelleecology.org",,,
"3ac2af93-02e1-4075-b044-17deb44b9021","87037f27-2833-4bd3-af91-1c84bc040b32","DCFS_006.mammalGrid.mam","D09","DCFS","DCFS_006","J5","distributed","grasslandHerbaceous",47.174408,-99.050112,"WGS84",45.1,496.5,0.2,"6 - trap set and empty","ShermanXLK","2018-05-09","2018-05-09",,,,,,,,,,,,,,,,,,,,,,,,,,,,,,,,,,,,,,,,,,,,"cmackenzie@battelleecology.org","dfarkas@battelleecology.org",,,
"d390b716-a96f-40cb-b5f6-8fd390067bd2","87037f27-2833-4bd3-af91-1c84bc040b32","DCFS_006.mammalGrid.mam","D09","DCFS","DCFS_006","E1","distributed","grasslandHerbaceous",47.174408,-99.050112,"WGS84",45.1,496.5,0.2,"6 - trap set and empty","ShermanXLK","2018-05-09","2018-05-09",,,,,,,,,,,,,,,,,,,,,,,,,,,,,,,,,,,,,,,,,,,,"cmackenzie@battelleecology.org","dfarkas@battelleecology.org",,,
"e6d2882d-8db3-41b0-98ec-61f661b3c7d5","87037f27-2833-4bd3-af91-1c84bc040b32","DCFS_006.mammalGrid.mam","D09","DCFS","DCFS_006","I8","distributed","grasslandHerbaceous",47.174408,-99.050112,"WGS84",45.1,496.5,0.2,"6 - trap set and empty","ShermanXLK","2018-05-09","2018-05-09",,,,,,,,,,,,,,,,,,,,,,,,,,,,,,,,,,,,,,,,,,,,"cmackenzie@battelleecology.org","dfarkas@battelleecology.org",,,
"57b77f77-d53d-4520-b00a-774c82af4242","87037f27-2833-4bd3-af91-1c84bc040b32","DCFS_006.mammalGrid.mam","D09","DCFS","DCFS_006","I5","distributed","grasslandHerbaceous",47.174408,-99.050112,"WGS84",45.1,496.5,0.2,"6 - trap set and empty","ShermanXLK","2018-05-09","2018-05-09",,,,,,,,,,,,,,,,,,,,,,,,,,,,,,,,,,,,,,,,,,,,"cmackenzie@battelleecology.org","dfarkas@battelleecology.org",,,
"043a79c1-5906-4e41-bcef-2e1f6977d80e","87037f27-2833-4bd3-af91-1c84bc040b32","DCFS_006.mammalGrid.mam","D09","DCFS","DCFS_006","I7","distributed","grasslandHerbaceous",47.174408,-99.050112,"WGS84",45.1,496.5,0.2,"6 - trap set and empty","ShermanXLK","2018-05-09","2018-05-09",,,,,,,,,,,,,,,,,,,,,,,,,,,,,,,,,,,,,,,,,,,,"cmackenzie@battelleecology.org","dfarkas@battelleecology.org",,,
"82df9d1d-0c57-48f1-bb95-aa686da4e819","a377c795-b5ea-4b1d-b9e9-d796bc0d0d06","DCFS_003.mammalGrid.mam","D09","DCFS","DCFS_003","B10","distributed","grasslandHerbaceous",47.204875,-99.184072,"WGS84",45.1,586.1,0.2,"6 - trap set and empty","ShermanXLK","2018-05-09","2018-05-09",,,,,,,,,,,,,,,,,,,,,,,,,,,,,,,,,,,,,,,,,,,,"cmackenzie@battelleecology.org","dfarkas@battelleecology.org",,,
"7dbdb06a-cf87-4f47-a422-40dc614dc97e","87037f27-2833-4bd3-af91-1c84bc040b32","DCFS_006.mammalGrid.mam","D09","DCFS","DCFS_006","B1","distributed","grasslandHerbaceous",47.174408,-99.050112,"WGS84",45.1,496.5,0.2,"6 - trap set and empty","ShermanXLK","2018-05-09","2018-05-09",,,,,,,,,,,,,,,,,,,,,,,,,,,,,,,,,,,,,,,,,,,,"cmackenzie@battelleecology.org","dfarkas@battelleecology.org",,,
"687bf548-14a8-4be9-b00c-c87e26aff4ea","87037f27-2833-4bd3-af91-1c84bc040b32","DCFS_006.mammalGrid.mam","D09","DCFS","DCFS_006","J1","distributed","grasslandHerbaceous",47.174408,-99.050112,"WGS84",45.1,496.5,0.2,"6 - trap set and empty","ShermanXLK","2018-05-09","2018-05-09",,,,,,,,,,,,,,,,,,,,,,,,,,,,,,,,,,,,,,,,,,,,"cmackenzie@battelleecology.org","dfarkas@battelleecology.org",,,
"ceca8aed-fcb5-48b1-9cee-d903a61a6124","a377c795-b5ea-4b1d-b9e9-d796bc0d0d06","DCFS_003.mammalGrid.mam","D09","DCFS","DCFS_003","B1","distributed","grasslandHerbaceous",47.204875,-99.184072,"WGS84",45.1,586.1,0.2,"6 - trap set and empty","ShermanXLK","2018-05-09","2018-05-09",,,,,,,,,,,,,,,,,,,,,,,,,,,,,,,,,,,,,,,,,,,,"cmackenzie@battelleecology.org","dfarkas@battelleecology.org",,,
"141939d3-231c-4535-974b-32c2a71b8519","a377c795-b5ea-4b1d-b9e9-d796bc0d0d06","DCFS_003.mammalGrid.mam","D09","DCFS","DCFS_003","E5","distributed","grasslandHerbaceous",47.204875,-99.184072,"WGS84",45.1,586.1,0.2,"6 - trap set and empty","ShermanXLK","2018-05-09","2018-05-09",,,,,,,,,,,,,,,,,,,,,,,,,,,,,,,,,,,,,,,,,,,,"cmackenzie@battelleecology.org","dfarkas@battelleecology.org",,,
"c0db1682-69e6-4384-8ee4-ea2ee5c20dc0","87037f27-2833-4bd3-af91-1c84bc040b32","DCFS_006.mammalGrid.mam","D09","DCFS","DCFS_006","E6","distributed","grasslandHerbaceous",47.174408,-99.050112,"WGS84",45.1,496.5,0.2,"6 - trap set and empty","ShermanXLK","2018-05-09","2018-05-09",,,,,,,,,,,,,,,,,,,,,,,,,,,,,,,,,,,,,,,,,,,,"cmackenzie@battelleecology.org","dfarkas@battelleecology.org",,,
"b9ec6219-13b9-4cc6-baa1-656248a65b13","a377c795-b5ea-4b1d-b9e9-d796bc0d0d06","DCFS_003.mammalGrid.mam","D09","DCFS","DCFS_003","E1","distributed","grasslandHerbaceous",47.204875,-99.184072,"WGS84",45.1,586.1,0.2,"6 - trap set and empty","ShermanXLK","2018-05-09","2018-05-09",,,,,,,,,,,,,,,,,,,,,,,,,,,,,,,,,,,,,,,,,,,,"cmackenzie@battelleecology.org","dfarkas@battelleecology.org",,,
"26c6262a-3542-4267-972d-53842c46f528","a377c795-b5ea-4b1d-b9e9-d796bc0d0d06","DCFS_003.mammalGrid.mam","D09","DCFS","DCFS_003","E4","distributed","grasslandHerbaceous",47.204875,-99.184072,"WGS84",45.1,586.1,0.2,"6 - trap set and empty","ShermanXLK","2018-05-09","2018-05-09",,,,,,,,,,,,,,,,,,,,,,,,,,,,,,,,,,,,,,,,,,,,"cmackenzie@battelleecology.org","dfarkas@battelleecology.org",,,
"9818d095-53a2-439f-b7b3-b93d2c59bc50","87037f27-2833-4bd3-af91-1c84bc040b32","DCFS_006.mammalGrid.mam","D09","DCFS","DCFS_006","D5","distributed","grasslandHerbaceous",47.174408,-99.050112,"WGS84",45.1,496.5,0.2,"6 - trap set and empty","ShermanXLK","2018-05-09","2018-05-09",,,,,,,,,,,,,,,,,,,,,,,,,,,,,,,,,,,,,,,,,,,,"cmackenzie@battelleecology.org","dfarkas@battelleecology.org",,,
"8be7f6e7-1189-40d0-83e4-c556abcd695c","4bdc3024-40e6-4af7-9205-7f54c5dca5f8","DCFS_014.mammalGrid.mam","D09","DCFS","DCFS_014","C5","distributed","grasslandHerbaceous",47.120533,-99.056896,"WGS84",45.1,569.2,0.2,"6 - trap set and empty","ShermanXLK","2018-05-09","2018-05-09",,,,,,,,,,,,,,,,,,,,,,,,,,,,,,,,,,,,,,,,,,,,"cmackenzie@battelleecology.org","dfarkas@battelleecology.org",,,
"1260ae6b-9efb-47ea-a170-e3c5ae9c0a87","87037f27-2833-4bd3-af91-1c84bc040b32","DCFS_006.mammalGrid.mam","D09","DCFS","DCFS_006","F5","distributed","grasslandHerbaceous",47.174408,-99.050112,"WGS84",45.1,496.5,0.2,"6 - trap set and empty","ShermanXLK","2018-05-09","2018-05-09",,,,,,,,,,,,,,,,,,,,,,,,,,,,,,,,,,,,,,,,,,,,"cmackenzie@battelleecology.org","dfarkas@battelleecology.org",,,
"d6d5b77f-ac39-4f50-bfc3-f50cfef17942","a377c795-b5ea-4b1d-b9e9-d796bc0d0d06","DCFS_003.mammalGrid.mam","D09","DCFS","DCFS_003","C1","distributed","grasslandHerbaceous",47.204875,-99.184072,"WGS84",45.1,586.1,0.2,"2 - trap disturbed/door closed but empty","ShermanXLK","2018-05-09","2018-05-09",,,,,,,,,,,,,,,,,,,,,,,,,,,,,,,,,,,,,,,,,,,,"cmackenzie@battelleecology.org","dfarkas@battelleecology.org",,,
"2c938098-b90a-4860-8111-63ef45be8097","4bdc3024-40e6-4af7-9205-7f54c5dca5f8","DCFS_014.mammalGrid.mam","D09","DCFS","DCFS_014","I4","distributed","grasslandHerbaceous",47.120533,-99.056896,"WGS84",45.1,569.2,0.2,"6 - trap set and empty","ShermanXLK","2018-05-09","2018-05-09",,,,,,,,,,,,,,,,,,,,,,,,,,,,,,,,,,,,,,,,,,,,"cmackenzie@battelleecology.org","dfarkas@battelleecology.org",,,
"775975ec-530e-45af-8473-961d00024550","a377c795-b5ea-4b1d-b9e9-d796bc0d0d06","DCFS_003.mammalGrid.mam","D09","DCFS","DCFS_003","J5","distributed","grasslandHerbaceous",47.204875,-99.184072,"WGS84",45.1,586.1,0.2,"1 - trap not set","ShermanXLK","2018-05-09","2018-05-09",,,,,,,,,,,,,,,,,,,,,,,,,,,,,,,,,,,,,,,,,,,,"cmackenzie@battelleecology.org","dfarkas@battelleecology.org",,,
"7d80184b-63f1-4cff-a18a-ddebced368f1","4bdc3024-40e6-4af7-9205-7f54c5dca5f8","DCFS_014.mammalGrid.mam","D09","DCFS","DCFS_014","A3","distributed","grasslandHerbaceous",47.120533,-99.056896,"WGS84",45.1,569.2,0.2,"6 - trap set and empty","ShermanXLK","2018-05-09","2018-05-09",,,,,,,,,,,,,,,,,,,,,,,,,,,,,,,,,,,,,,,,,,,,"cmackenzie@battelleecology.org","dfarkas@battelleecology.org",,,
"38bb6b62-10fd-4bbf-9230-1dc2d55dabc9","4bdc3024-40e6-4af7-9205-7f54c5dca5f8","DCFS_014.mammalGrid.mam","D09","DCFS","DCFS_014","C3","distributed","grasslandHerbaceous",47.120533,-99.056896,"WGS84",45.1,569.2,0.2,"6 - trap set and empty","ShermanXLK","2018-05-09","2018-05-09",,,,,,,,,,,,,,,,,,,,,,,,,,,,,,,,,,,,,,,,,,,,"cmackenzie@battelleecology.org","dfarkas@battelleecology.org",,,
"ff1c8150-a3b2-404c-997f-817e1816fdf3","4bdc3024-40e6-4af7-9205-7f54c5dca5f8","DCFS_014.mammalGrid.mam","D09","DCFS","DCFS_014","I10","distributed","grasslandHerbaceous",47.120533,-99.056896,"WGS84",45.1,569.2,0.2,"6 - trap set and empty","ShermanXLK","2018-05-09","2018-05-09",,,,,,,,,,,,,,,,,,,,,,,,,,,,,,,,,,,,,,,,,,,,"cmackenzie@battelleecology.org","dfarkas@battelleecology.org",,,
"e0164b50-0adc-43c8-bb9a-b5b161507852","a377c795-b5ea-4b1d-b9e9-d796bc0d0d06","DCFS_003.mammalGrid.mam","D09","DCFS","DCFS_003","H6","distributed","grasslandHerbaceous",47.204875,-99.184072,"WGS84",45.1,586.1,0.2,"6 - trap set and empty","ShermanXLK","2018-05-09","2018-05-09",,,,,,,,,,,,,,,,,,,,,,,,,,,,,,,,,,,,,,,,,,,,"cmackenzie@battelleecology.org","dfarkas@battelleecology.org",,,
"f0ef0963-bbd0-4624-a487-b9c9569000c7","a377c795-b5ea-4b1d-b9e9-d796bc0d0d06","DCFS_003.mammalGrid.mam","D09","DCFS","DCFS_003","H7","distributed","grasslandHerbaceous",47.204875,-99.184072,"WGS84",45.1,586.1,0.2,"6 - trap set and empty","ShermanXLK","2018-05-09","2018-05-09",,,,,,,,,,,,,,,,,,,,,,,,,,,,,,,,,,,,,,,,,,,,"cmackenzie@battelleecology.org","dfarkas@battelleecology.org",,,
"1586a645-cd31-4ce1-ac5d-5bc5cdfdef48","87037f27-2833-4bd3-af91-1c84bc040b32","DCFS_006.mammalGrid.mam","D09","DCFS","DCFS_006","A8","distributed","grasslandHerbaceous",47.174408,-99.050112,"WGS84",45.1,496.5,0.2,"6 - trap set and empty","ShermanXLK","2018-05-09","2018-05-09",,,,,,,,,,,,,,,,,,,,,,,,,,,,,,,,,,,,,,,,,,,,"cmackenzie@battelleecology.org","dfarkas@battelleecology.org",,,
"b6ac5ca7-4441-4d52-8d1f-9473db345fdd","4bdc3024-40e6-4af7-9205-7f54c5dca5f8","DCFS_014.mammalGrid.mam","D09","DCFS","DCFS_014","G10","distributed","grasslandHerbaceous",47.120533,-99.056896,"WGS84",45.1,569.2,0.2,"6 - trap set and empty","ShermanXLK","2018-05-09","2018-05-09",,,,,,,,,,,,,,,,,,,,,,,,,,,,,,,,,,,,,,,,,,,,"cmackenzie@battelleecology.org","dfarkas@battelleecology.org",,,
"00a559bc-0f81-49f8-9330-d252805fdd9a","87037f27-2833-4bd3-af91-1c84bc040b32","DCFS_006.mammalGrid.mam","D09","DCFS","DCFS_006","I4","distributed","grasslandHerbaceous",47.174408,-99.050112,"WGS84",45.1,496.5,0.2,"6 - trap set and empty","ShermanXLK","2018-05-09","2018-05-09",,,,,,,,,,,,,,,,,,,,,,,,,,,,,,,,,,,,,,,,,,,,"cmackenzie@battelleecology.org","dfarkas@battelleecology.org",,,
"ec2dd456-1d97-4415-a540-c07910b721df","a377c795-b5ea-4b1d-b9e9-d796bc0d0d06","DCFS_003.mammalGrid.mam","D09","DCFS","DCFS_003","G4","distributed","grasslandHerbaceous",47.204875,-99.184072,"WGS84",45.1,586.1,0.2,"6 - trap set and empty","ShermanXLK","2018-05-09","2018-05-09",,,,,,,,,,,,,,,,,,,,,,,,,,,,,,,,,,,,,,,,,,,,"cmackenzie@battelleecology.org","dfarkas@battelleecology.org",,,
"62c9ede5-8b4e-451b-9ed3-58101ff9499f","87037f27-2833-4bd3-af91-1c84bc040b32","DCFS_006.mammalGrid.mam","D09","DCFS","DCFS_006","C4","distributed","grasslandHerbaceous",47.174408,-99.050112,"WGS84",45.1,496.5,0.2,"6 - trap set and empty","ShermanXLK","2018-05-09","2018-05-09",,,,,,,,,,,,,,,,,,,,,,,,,,,,,,,,,,,,,,,,,,,,"cmackenzie@battelleecology.org","dfarkas@battelleecology.org",,,
"03824c1e-2655-4f30-912b-ca6bdf643505","a377c795-b5ea-4b1d-b9e9-d796bc0d0d06","DCFS_003.mammalGrid.mam","D09","DCFS","DCFS_003","G10","distributed","grasslandHerbaceous",47.204875,-99.184072,"WGS84",45.1,586.1,0.2,"6 - trap set and empty","ShermanXLK","2018-05-09","2018-05-09",,,,,,,,,,,,,,,,,,,,,,,,,,,,,,,,,,,,,,,,,,,,"cmackenzie@battelleecology.org","dfarkas@battelleecology.org",,,
"b9aee33f-0a0d-4d79-81d2-712d66038bf9","4bdc3024-40e6-4af7-9205-7f54c5dca5f8","DCFS_014.mammalGrid.mam","D09","DCFS","DCFS_014","H2","distributed","grasslandHerbaceous",47.120533,-99.056896,"WGS84",45.1,569.2,0.2,"6 - trap set and empty","ShermanXLK","2018-05-09","2018-05-09",,,,,,,,,,,,,,,,,,,,,,,,,,,,,,,,,,,,,,,,,,,,"cmackenzie@battelleecology.org","dfarkas@battelleecology.org",,,
"542ed56b-b35e-4ab7-b993-976a1821df68","4bdc3024-40e6-4af7-9205-7f54c5dca5f8","DCFS_014.mammalGrid.mam","D09","DCFS","DCFS_014","E10","distributed","grasslandHerbaceous",47.120533,-99.056896,"WGS84",45.1,569.2,0.2,"6 - trap set and empty","ShermanXLK","2018-05-09","2018-05-09",,,,,,,,,,,,,,,,,,,,,,,,,,,,,,,,,,,,,,,,,,,,"cmackenzie@battelleecology.org","dfarkas@battelleecology.org",,,
"d467f980-cb96-46e0-bf2f-669e107fa6d2","4bdc3024-40e6-4af7-9205-7f54c5dca5f8","DCFS_014.mammalGrid.mam","D09","DCFS","DCFS_014","J3","distributed","grasslandHerbaceous",47.120533,-99.056896,"WGS84",45.1,569.2,0.2,"6 - trap set and empty","ShermanXLK","2018-05-09","2018-05-09",,,,,,,,,,,,,,,,,,,,,,,,,,,,,,,,,,,,,,,,,,,,"cmackenzie@battelleecology.org","dfarkas@battelleecology.org",,,
"8e83888a-f7b1-4722-b407-5900fe887878","87037f27-2833-4bd3-af91-1c84bc040b32","DCFS_006.mammalGrid.mam","D09","DCFS","DCFS_006","I3","distributed","grasslandHerbaceous",47.174408,-99.050112,"WGS84",45.1,496.5,0.2,"6 - trap set and empty","ShermanXLK","2018-05-09","2018-05-09",,,,,,,,,,,,,,,,,,,,,,,,,,,,,,,,,,,,,,,,,,,,"cmackenzie@battelleecology.org","dfarkas@battelleecology.org",,,
"f9aa6f24-31a4-4f82-9be7-e7dfdb816b18","87037f27-2833-4bd3-af91-1c84bc040b32","DCFS_006.mammalGrid.mam","D09","DCFS","DCFS_006","G3","distributed","grasslandHerbaceous",47.174408,-99.050112,"WGS84",45.1,496.5,0.2,"6 - trap set and empty","ShermanXLK","2018-05-09","2018-05-09",,,,,,,,,,,,,,,,,,,,,,,,,,,,,,,,,,,,,,,,,,,,"cmackenzie@battelleecology.org","dfarkas@battelleecology.org",,,
"cc971775-7e65-445b-a54e-ffd2963cd255","4bdc3024-40e6-4af7-9205-7f54c5dca5f8","DCFS_014.mammalGrid.mam","D09","DCFS","DCFS_014","F8","distributed","grasslandHerbaceous",47.120533,-99.056896,"WGS84",45.1,569.2,0.2,"6 - trap set and empty","ShermanXLK","2018-05-09","2018-05-09",,,,,,,,,,,,,,,,,,,,,,,,,,,,,,,,,,,,,,,,,,,,"cmackenzie@battelleecology.org","dfarkas@battelleecology.org",,,
"2affba24-5380-422b-8f87-ac89c119179c","f57b697d-532f-4b42-8eff-ba56b3cfd2e2","DCFS_014.mammalGrid.mam","D09","DCFS","DCFS_014","H6","distributed","grasslandHerbaceous",47.120533,-99.056896,"WGS84",45.1,569.2,0.2,"6 - trap set and empty","ShermanXLK","2018-05-10","2018-05-10",,,,,,,,,,,,,,,,,,,,,,,,,,,,,,,,,,,,,,,,,,,,"elocke@battelleecology.org","dfarkas@battelleecology.org",,,
"3ae630a7-4469-4fd3-b406-d27c4ad4c5e4","64627881-a459-4ded-86e5-278e33baf4c0","DCFS_003.mammalGrid.mam","D09","DCFS","DCFS_003","E8","distributed","grasslandHerbaceous",47.204875,-99.184072,"WGS84",45.1,586.1,0.2,"6 - trap set and empty","ShermanXLK","2018-05-10","2018-05-10",,,,,,,,,,,,,,,,,,,,,,,,,,,,,,,,,,,,,,,,,,,,"elocke@battelleecology.org","dfarkas@battelleecology.org",,,
"581f11ae-2377-443c-9609-9d38f902402a","0b7e180a-baff-44a6-a47e-60dca63c17ac","DCFS_006.mammalGrid.mam","D09","DCFS","DCFS_006","E6","distributed","grasslandHerbaceous",47.174408,-99.050112,"WGS84",45.1,496.5,0.2,"6 - trap set and empty","ShermanXLK","2018-05-10","2018-05-10",,,,,,,,,,,,,,,,,,,,,,,,,,,,,,,,,,,,,,,,,,,,"elocke@battelleecology.org","dfarkas@battelleecology.org",,,
"6f695635-bc2f-4285-9264-191c76be64d5","64627881-a459-4ded-86e5-278e33baf4c0","DCFS_003.mammalGrid.mam","D09","DCFS","DCFS_003","C7","distributed","grasslandHerbaceous",47.204875,-99.184072,"WGS84",45.1,586.1,0.2,"6 - trap set and empty","ShermanXLK","2018-05-10","2018-05-10",,,,,,,,,,,,,,,,,,,,,,,,,,,,,,,,,,,,,,,,,,,,"elocke@battelleecology.org","dfarkas@battelleecology.org",,,
"d7760ac0-a5f5-41db-a662-c24a5d4d7bef","0b7e180a-baff-44a6-a47e-60dca63c17ac","DCFS_006.mammalGrid.mam","D09","DCFS","DCFS_006","D6","distributed","grasslandHerbaceous",47.174408,-99.050112,"WGS84",45.1,496.5,0.2,"6 - trap set and empty","ShermanXLK","2018-05-10","2018-05-10",,,,,,,,,,,,,,,,,,,,,,,,,,,,,,,,,,,,,,,,,,,,"elocke@battelleecology.org","dfarkas@battelleecology.org",,,
"09fc6965-9181-4892-9efd-559d157a8d08","64627881-a459-4ded-86e5-278e33baf4c0","DCFS_003.mammalGrid.mam","D09","DCFS","DCFS_003","B9","distributed","grasslandHerbaceous",47.204875,-99.184072,"WGS84",45.1,586.1,0.2,"6 - trap set and empty","ShermanXLK","2018-05-10","2018-05-10",,,,,,,,,,,,,,,,,,,,,,,,,,,,,,,,,,,,,,,,,,,,"elocke@battelleecology.org","dfarkas@battelleecology.org",,,
"2b0c2b77-4152-4708-a70a-b8d3508c95b7","f57b697d-532f-4b42-8eff-ba56b3cfd2e2","DCFS_014.mammalGrid.mam","D09","DCFS","DCFS_014","A6","distributed","grasslandHerbaceous",47.120533,-99.056896,"WGS84",45.1,569.2,0.2,"6 - trap set and empty","ShermanXLK","2018-05-10","2018-05-10",,,,,,,,,,,,,,,,,,,,,,,,,,,,,,,,,,,,,,,,,,,,"elocke@battelleecology.org","dfarkas@battelleecology.org",,,
"4e5fabbe-566a-4412-81f6-b8ffbd181fd0","f57b697d-532f-4b42-8eff-ba56b3cfd2e2","DCFS_014.mammalGrid.mam","D09","DCFS","DCFS_014","E8","distributed","grasslandHerbaceous",47.120533,-99.056896,"WGS84",45.1,569.2,0.2,"6 - trap set and empty","ShermanXLK","2018-05-10","2018-05-10",,,,,,,,,,,,,,,,,,,,,,,,,,,,,,,,,,,,,,,,,,,,"elocke@battelleecology.org","dfarkas@battelleecology.org",,,
"9782c5cc-040a-4820-846e-d67da26b718d","0b7e180a-baff-44a6-a47e-60dca63c17ac","DCFS_006.mammalGrid.mam","D09","DCFS","DCFS_006","F7","distributed","grasslandHerbaceous",47.174408,-99.050112,"WGS84",45.1,496.5,0.2,"6 - trap set and empty","ShermanXLK","2018-05-10","2018-05-10",,,,,,,,,,,,,,,,,,,,,,,,,,,,,,,,,,,,,,,,,,,,"elocke@battelleecology.org","dfarkas@battelleecology.org",,,
"3cb6032b-0583-465a-9446-8c10d4e9bf77","64627881-a459-4ded-86e5-278e33baf4c0","DCFS_003.mammalGrid.mam","D09","DCFS","DCFS_003","F8","distributed","grasslandHerbaceous",47.204875,-99.184072,"WGS84",45.1,586.1,0.2,"6 - trap set and empty","ShermanXLK","2018-05-10","2018-05-10",,,,,,,,,,,,,,,,,,,,,,,,,,,,,,,,,,,,,,,,,,,,"elocke@battelleecology.org","dfarkas@battelleecology.org",,,
"148789db-b656-4e1f-aae3-2bb5e7887ee4","f57b697d-532f-4b42-8eff-ba56b3cfd2e2","DCFS_014.mammalGrid.mam","D09","DCFS","DCFS_014","G1","distributed","grasslandHerbaceous",47.120533,-99.056896,"WGS84",45.1,569.2,0.2,"6 - trap set and empty","ShermanXLK","2018-05-10","2018-05-10",,,,,,,,,,,,,,,,,,,,,,,,,,,,,,,,,,,,,,,,,,,,"elocke@battelleecology.org","dfarkas@battelleecology.org",,,
"d16340c9-01e2-4353-a894-69044f72e757","64627881-a459-4ded-86e5-278e33baf4c0","DCFS_003.mammalGrid.mam","D09","DCFS","DCFS_003","I1","distributed","grasslandHerbaceous",47.204875,-99.184072,"WGS84",45.1,586.1,0.2,"6 - trap set and empty","ShermanXLK","2018-05-10","2018-05-10",,,,,,,,,,,,,,,,,,,,,,,,,,,,,,,,,,,,,,,,,,,,"elocke@battelleecology.org","dfarkas@battelleecology.org",,,
"c0f972f9-7454-433d-acd0-e4227ac23f06","f57b697d-532f-4b42-8eff-ba56b3cfd2e2","DCFS_014.mammalGrid.mam","D09","DCFS","DCFS_014","E5","distributed","grasslandHerbaceous",47.120533,-99.056896,"WGS84",45.1,569.2,0.2,"6 - trap set and empty","ShermanXLK","2018-05-10","2018-05-10",,,,,,,,,,,,,,,,,,,,,,,,,,,,,,,,,,,,,,,,,,,,"elocke@battelleecology.org","dfarkas@battelleecology.org",,,
"e07cffb3-7227-479e-9edc-488eeed7531e","64627881-a459-4ded-86e5-278e33baf4c0","DCFS_003.mammalGrid.mam","D09","DCFS","DCFS_003","E1","distributed","grasslandHerbaceous",47.204875,-99.184072,"WGS84",45.1,586.1,0.2,"6 - trap set and empty","ShermanXLK","2018-05-10","2018-05-10",,,,,,,,,,,,,,,,,,,,,,,,,,,,,,,,,,,,,,,,,,,,"elocke@battelleecology.org","dfarkas@battelleecology.org",,,
"79ab34e4-1b63-4582-a86b-21cbe814e153","0b7e180a-baff-44a6-a47e-60dca63c17ac","DCFS_006.mammalGrid.mam","D09","DCFS","DCFS_006","E3","distributed","grasslandHerbaceous",47.174408,-99.050112,"WGS84",45.1,496.5,0.2,"6 - trap set and empty","ShermanXLK","2018-05-10","2018-05-10",,,,,,,,,,,,,,,,,,,,,,,,,,,,,,,,,,,,,,,,,,,,"elocke@battelleecology.org","dfarkas@battelleecology.org",,,
"67e89cd9-9e61-4c49-bf88-33a37157b3d6","0b7e180a-baff-44a6-a47e-60dca63c17ac","DCFS_006.mammalGrid.mam","D09","DCFS","DCFS_006","C5","distributed","grasslandHerbaceous",47.174408,-99.050112,"WGS84",45.1,496.5,0.2,"6 - trap set and empty","ShermanXLK","2018-05-10","2018-05-10",,,,,,,,,,,,,,,,,,,,,,,,,,,,,,,,,,,,,,,,,,,,"elocke@battelleecology.org","dfarkas@battelleecology.org",,,
"14cb6d56-ed0e-4e14-a217-ea0cc17487e3","f57b697d-532f-4b42-8eff-ba56b3cfd2e2","DCFS_014.mammalGrid.mam","D09","DCFS","DCFS_014","B8","distributed","grasslandHerbaceous",47.120533,-99.056896,"WGS84",45.1,569.2,0.2,"6 - trap set and empty","ShermanXLK","2018-05-10","2018-05-10",,,,,,,,,,,,,,,,,,,,,,,,,,,,,,,,,,,,,,,,,,,,"elocke@battelleecology.org","dfarkas@battelleecology.org",,,
"4749d96d-805f-45fc-95dd-6bcfc52af372","f57b697d-532f-4b42-8eff-ba56b3cfd2e2","DCFS_014.mammalGrid.mam","D09","DCFS","DCFS_014","E3","distributed","grasslandHerbaceous",47.120533,-99.056896,"WGS84",45.1,569.2,0.2,"6 - trap set and empty","ShermanXLK","2018-05-10","2018-05-10",,,,,,,,,,,,,,,,,,,,,,,,,,,,,,,,,,,,,,,,,,,,"elocke@battelleecology.org","dfarkas@battelleecology.org",,,
"28140115-2624-4a26-b6a2-e41ba2345122","f57b697d-532f-4b42-8eff-ba56b3cfd2e2","DCFS_014.mammalGrid.mam","D09","DCFS","DCFS_014","F6","distributed","grasslandHerbaceous",47.120533,-99.056896,"WGS84",45.1,569.2,0.2,"6 - trap set and empty","ShermanXLK","2018-05-10","2018-05-10",,,,,,,,,,,,,,,,,,,,,,,,,,,,,,,,,,,,,,,,,,,,"elocke@battelleecology.org","dfarkas@battelleecology.org",,,
"2514fa1c-c096-45ea-8fa5-38b89e0750e5","0b7e180a-baff-44a6-a47e-60dca63c17ac","DCFS_006.mammalGrid.mam","D09","DCFS","DCFS_006","B10","distributed","grasslandHerbaceous",47.174408,-99.050112,"WGS84",45.1,496.5,0.2,"6 - trap set and empty","ShermanXLK","2018-05-10","2018-05-10",,,,,,,,,,,,,,,,,,,,,,,,,,,,,,,,,,,,,,,,,,,,"elocke@battelleecology.org","dfarkas@battelleecology.org",,,
"f1ebccda-f243-40fd-9870-ae36c10970fb","0b7e180a-baff-44a6-a47e-60dca63c17ac","DCFS_006.mammalGrid.mam","D09","DCFS","DCFS_006","C4","distributed","grasslandHerbaceous",47.174408,-99.050112,"WGS84",45.1,496.5,0.2,"6 - trap set and empty","ShermanXLK","2018-05-10","2018-05-10",,,,,,,,,,,,,,,,,,,,,,,,,,,,,,,,,,,,,,,,,,,,"elocke@battelleecology.org","dfarkas@battelleecology.org",,,
"3d966374-9a2a-4f3d-bdfe-b76f3702387c","0b7e180a-baff-44a6-a47e-60dca63c17ac","DCFS_006.mammalGrid.mam","D09","DCFS","DCFS_006","E7","distributed","grasslandHerbaceous",47.174408,-99.050112,"WGS84",45.1,496.5,0.2,"5 - capture","ShermanXLK","2018-05-10","2018-05-10","NEON.MAM.D09.R3879",,"PEMA","Peromyscus maniculatus","species",,,,,"N","M","N","released",,"adult","nonscrotal",,,,18,,,,24,"N","N","N",,,,,,"unsuccessful","DCFS.20180510.R3879.F","D00000011161","fresh","DCFS.20180510.R3879.E","D00000011150",,,,,,"elocke@battelleecology.org","dfarkas@battelleecology.org",,,
"4be3e729-3458-418a-a288-794f4dbe9721","64627881-a459-4ded-86e5-278e33baf4c0","DCFS_003.mammalGrid.mam","D09","DCFS","DCFS_003","B7","distributed","grasslandHerbaceous",47.204875,-99.184072,"WGS84",45.1,586.1,0.2,"2 - trap disturbed/door closed but empty","ShermanXLK","2018-05-10","2018-05-10",,,,,,,,,,,,,,,,,,,,,,,,,,,,,,,,,,,,,,,,,,,,"elocke@battelleecology.org","dfarkas@battelleecology.org",,,
"c9f2c467-a5b9-45a4-ad58-13d715107737","0b7e180a-baff-44a6-a47e-60dca63c17ac","DCFS_006.mammalGrid.mam","D09","DCFS","DCFS_006","A3","distributed","grasslandHerbaceous",47.174408,-99.050112,"WGS84",45.1,496.5,0.2,"5 - capture","ShermanXLK","2018-05-10","2018-05-10","NEON.MAM.D09.R3878",,"ONLE","Onychomys leucogaster","species",,,,,"N","M","N","released",,"adult","nonscrotal",,,,22,11,40,109,35,"N","N","N",,,,,,"unsuccessful","DCFS.20180510.R3878.F","D00000011175","fresh","DCFS.20180510.R3878.E","D00000011159",,,,,,"elocke@battelleecology.org","dfarkas@battelleecology.org",,,
"e41b9872-ae61-41aa-aabc-696454c8c4ae","64627881-a459-4ded-86e5-278e33baf4c0","DCFS_003.mammalGrid.mam","D09","DCFS","DCFS_003","J4","distributed","grasslandHerbaceous",47.204875,-99.184072,"WGS84",45.1,586.1,0.2,"6 - trap set and empty","ShermanXLK","2018-05-10","2018-05-10",,,,,,,,,,,,,,,,,,,,,,,,,,,,,,,,,,,,,,,,,,,,"elocke@battelleecology.org","dfarkas@battelleecology.org",,,
"e4b564f4-4891-46ba-aac4-f2214849fb19","f57b697d-532f-4b42-8eff-ba56b3cfd2e2","DCFS_014.mammalGrid.mam","D09","DCFS","DCFS_014","D7","distributed","grasslandHerbaceous",47.120533,-99.056896,"WGS84",45.1,569.2,0.2,"6 - trap set and empty","ShermanXLK","2018-05-10","2018-05-10",,,,,,,,,,,,,,,,,,,,,,,,,,,,,,,,,,,,,,,,,,,,"elocke@battelleecology.org","dfarkas@battelleecology.org",,,
"71aa29f5-acaf-4072-ab51-da811b91ea71","f57b697d-532f-4b42-8eff-ba56b3cfd2e2","DCFS_014.mammalGrid.mam","D09","DCFS","DCFS_014","J1","distributed","grasslandHerbaceous",47.120533,-99.056896,"WGS84",45.1,569.2,0.2,"6 - trap set and empty","ShermanXLK","2018-05-10","2018-05-10",,,,,,,,,,,,,,,,,,,,,,,,,,,,,,,,,,,,,,,,,,,,"elocke@battelleecology.org","dfarkas@battelleecology.org",,,
"32883f93-1172-4d1d-904f-9bf7f2203804","f57b697d-532f-4b42-8eff-ba56b3cfd2e2","DCFS_014.mammalGrid.mam","D09","DCFS","DCFS_014","B6","distributed","grasslandHerbaceous",47.120533,-99.056896,"WGS84",45.1,569.2,0.2,"6 - trap set and empty","ShermanXLK","2018-05-10","2018-05-10",,,,,,,,,,,,,,,,,,,,,,,,,,,,,,,,,,,,,,,,,,,,"elocke@battelleecology.org","dfarkas@battelleecology.org",,,
"abf500e6-f416-4394-bacb-5099717fe794","f57b697d-532f-4b42-8eff-ba56b3cfd2e2","DCFS_014.mammalGrid.mam","D09","DCFS","DCFS_014","C8","distributed","grasslandHerbaceous",47.120533,-99.056896,"WGS84",45.1,569.2,0.2,"6 - trap set and empty","ShermanXLK","2018-05-10","2018-05-10",,,,,,,,,,,,,,,,,,,,,,,,,,,,,,,,,,,,,,,,,,,,"elocke@battelleecology.org","dfarkas@battelleecology.org",,,
"3e28b2cf-2541-465e-a0d8-60da8fa7aafe","f57b697d-532f-4b42-8eff-ba56b3cfd2e2","DCFS_014.mammalGrid.mam","D09","DCFS","DCFS_014","I5","distributed","grasslandHerbaceous",47.120533,-99.056896,"WGS84",45.1,569.2,0.2,"6 - trap set and empty","ShermanXLK","2018-05-10","2018-05-10",,,,,,,,,,,,,,,,,,,,,,,,,,,,,,,,,,,,,,,,,,,,"elocke@battelleecology.org","dfarkas@battelleecology.org",,,
"2462ba51-ec19-4d0e-944f-e3a600282fc5","f57b697d-532f-4b42-8eff-ba56b3cfd2e2","DCFS_014.mammalGrid.mam","D09","DCFS","DCFS_014","J3","distributed","grasslandHerbaceous",47.120533,-99.056896,"WGS84",45.1,569.2,0.2,"6 - trap set and empty","ShermanXLK","2018-05-10","2018-05-10",,,,,,,,,,,,,,,,,,,,,,,,,,,,,,,,,,,,,,,,,,,,"elocke@battelleecology.org","dfarkas@battelleecology.org",,,
"d839e66c-3dd0-4337-95cb-308a87af9fe2","0b7e180a-baff-44a6-a47e-60dca63c17ac","DCFS_006.mammalGrid.mam","D09","DCFS","DCFS_006","A6","distributed","grasslandHerbaceous",47.174408,-99.050112,"WGS84",45.1,496.5,0.2,"6 - trap set and empty","ShermanXLK","2018-05-10","2018-05-10",,,,,,,,,,,,,,,,,,,,,,,,,,,,,,,,,,,,,,,,,,,,"elocke@battelleecology.org","dfarkas@battelleecology.org",,,
"d5051d85-59ef-4396-a60a-96b6f456ca61","f57b697d-532f-4b42-8eff-ba56b3cfd2e2","DCFS_014.mammalGrid.mam","D09","DCFS","DCFS_014","A9","distributed","grasslandHerbaceous",47.120533,-99.056896,"WGS84",45.1,569.2,0.2,"5 - capture","ShermanXLK","2018-05-10","2018-05-10","NEON.MAM.D09.R3159",,"MIPE","Microtus pennsylvanicus","species",,,,,"N","F","Y","released",,"adult",,"nonenlarged","not","swollen",19,,,,33,"N","N","N",,,,"DCFS.20180510.R3159.B","D00000011154","mandibular","DCFS.20180510.R3159.F","D00000011160","fresh",,,"DCFS.20180510.R3159.H","A00000016603","hairAndWhisker",,,"elocke@battelleecology.org","dfarkas@battelleecology.org",,,
"261af23d-69dc-4930-957b-86d2a7350b7f","f57b697d-532f-4b42-8eff-ba56b3cfd2e2","DCFS_014.mammalGrid.mam","D09","DCFS","DCFS_014","G7","distributed","grasslandHerbaceous",47.120533,-99.056896,"WGS84",45.1,569.2,0.2,"6 - trap set and empty","ShermanXLK","2018-05-10","2018-05-10",,,,,,,,,,,,,,,,,,,,,,,,,,,,,,,,,,,,,,,,,,,,"elocke@battelleecology.org","dfarkas@battelleecology.org",,,
"685dd3aa-2ecd-4082-a504-cea1887d49fd","64627881-a459-4ded-86e5-278e33baf4c0","DCFS_003.mammalGrid.mam","D09","DCFS","DCFS_003","E7","distributed","grasslandHerbaceous",47.204875,-99.184072,"WGS84",45.1,586.1,0.2,"6 - trap set and empty","ShermanXLK","2018-05-10","2018-05-10",,,,,,,,,,,,,,,,,,,,,,,,,,,,,,,,,,,,,,,,,,,,"elocke@battelleecology.org","dfarkas@battelleecology.org",,,
"6c1a3d43-59f2-4e38-b12b-b3b6ec3f2245","f57b697d-532f-4b42-8eff-ba56b3cfd2e2","DCFS_014.mammalGrid.mam","D09","DCFS","DCFS_014","J5","distributed","grasslandHerbaceous",47.120533,-99.056896,"WGS84",45.1,569.2,0.2,"5 - capture","ShermanXLK","2018-05-10","2018-05-10","NEON.MAM.D09.R3866",,"PEMA","Peromyscus maniculatus","species",,,,,"N","M","Y","released",,"adult","scrotal",,,,17,,,,19,"N","N","N",,,,,,,"DCFS.20180510.R3866.F","D00000011174","fresh",,,,,,,,"elocke@battelleecology.org","dfarkas@battelleecology.org",,,
"e77e0fc5-7a17-4cac-a190-fb61561a5521","64627881-a459-4ded-86e5-278e33baf4c0","DCFS_003.mammalGrid.mam","D09","DCFS","DCFS_003","B5","distributed","grasslandHerbaceous",47.204875,-99.184072,"WGS84",45.1,586.1,0.2,"6 - trap set and empty","ShermanXLK","2018-05-10","2018-05-10",,,,,,,,,,,,,,,,,,,,,,,,,,,,,,,,,,,,,,,,,,,,"elocke@battelleecology.org","dfarkas@battelleecology.org",,,
"d4ec59b0-01bc-496a-8ab2-72aa95f91d02","0b7e180a-baff-44a6-a47e-60dca63c17ac","DCFS_006.mammalGrid.mam","D09","DCFS","DCFS_006","B7","distributed","grasslandHerbaceous",47.174408,-99.050112,"WGS84",45.1,496.5,0.2,"6 - trap set and empty","ShermanXLK","2018-05-10","2018-05-10",,,,,,,,,,,,,,,,,,,,,,,,,,,,,,,,,,,,,,,,,,,,"elocke@battelleecology.org","dfarkas@battelleecology.org",,,
"1dabb956-a23c-4e16-ba8e-eeb3534ca4f5","64627881-a459-4ded-86e5-278e33baf4c0","DCFS_003.mammalGrid.mam","D09","DCFS","DCFS_003","E4","distributed","grasslandHerbaceous",47.204875,-99.184072,"WGS84",45.1,586.1,0.2,"6 - trap set and empty","ShermanXLK","2018-05-10","2018-05-10",,,,,,,,,,,,,,,,,,,,,,,,,,,,,,,,,,,,,,,,,,,,"elocke@battelleecology.org","dfarkas@battelleecology.org",,,
"e27e367e-c573-4a58-8335-cb5b148446b5","64627881-a459-4ded-86e5-278e33baf4c0","DCFS_003.mammalGrid.mam","D09","DCFS","DCFS_003","I4","distributed","grasslandHerbaceous",47.204875,-99.184072,"WGS84",45.1,586.1,0.2,"5 - capture","ShermanXLK","2018-05-10","2018-05-10","NEON.MAM.D09.R3886",,"ICTR","Ictidomys tridecemlineatus","species",,,,,"N","M","N","released",,"adult","nonscrotal",,,,33,,,,164,"N","N","N",,,,,,,,,,"DCFS.20180510.R3886.E","D00000011164",,,,,,"elocke@battelleecology.org","dfarkas@battelleecology.org",,,
"ef75a4bb-d3ce-4583-bcda-dc3a81d9e069","0b7e180a-baff-44a6-a47e-60dca63c17ac","DCFS_006.mammalGrid.mam","D09","DCFS","DCFS_006","H2","distributed","grasslandHerbaceous",47.174408,-99.050112,"WGS84",45.1,496.5,0.2,"6 - trap set and empty","ShermanXLK","2018-05-10","2018-05-10",,,,,,,,,,,,,,,,,,,,,,,,,,,,,,,,,,,,,,,,,,,,"elocke@battelleecology.org","dfarkas@battelleecology.org",,,
"d6a11b1a-06bf-4af2-8783-ba3310a49ae7","f57b697d-532f-4b42-8eff-ba56b3cfd2e2","DCFS_014.mammalGrid.mam","D09","DCFS","DCFS_014","B2","distributed","grasslandHerbaceous",47.120533,-99.056896,"WGS84",45.1,569.2,0.2,"6 - trap set and empty","ShermanXLK","2018-05-10","2018-05-10",,,,,,,,,,,,,,,,,,,,,,,,,,,,,,,,,,,,,,,,,,,,"elocke@battelleecology.org","dfarkas@battelleecology.org",,,
"7335e184-85b6-4934-b9b2-de60d994c385","0b7e180a-baff-44a6-a47e-60dca63c17ac","DCFS_006.mammalGrid.mam","D09","DCFS","DCFS_006","A8","distributed","grasslandHerbaceous",47.174408,-99.050112,"WGS84",45.1,496.5,0.2,"6 - trap set and empty","ShermanXLK","2018-05-10","2018-05-10",,,,,,,,,,,,,,,,,,,,,,,,,,,,,,,,,,,,,,,,,,,,"elocke@battelleecology.org","dfarkas@battelleecology.org",,,
"0cff7937-6e8c-4c0f-ba28-00beae567043","f57b697d-532f-4b42-8eff-ba56b3cfd2e2","DCFS_014.mammalGrid.mam","D09","DCFS","DCFS_014","A1","distributed","grasslandHerbaceous",47.120533,-99.056896,"WGS84",45.1,569.2,0.2,"6 - trap set and empty","ShermanXLK","2018-05-10","2018-05-10",,,,,,,,,,,,,,,,,,,,,,,,,,,,,,,,,,,,,,,,,,,,"elocke@battelleecology.org","dfarkas@battelleecology.org",,,
"4a581d6f-a904-440e-9ca2-aa9345660b15","0b7e180a-baff-44a6-a47e-60dca63c17ac","DCFS_006.mammalGrid.mam","D09","DCFS","DCFS_006","H6","distributed","grasslandHerbaceous",47.174408,-99.050112,"WGS84",45.1,496.5,0.2,"6 - trap set and empty","ShermanXLK","2018-05-10","2018-05-10",,,,,,,,,,,,,,,,,,,,,,,,,,,,,,,,,,,,,,,,,,,,"elocke@battelleecology.org","dfarkas@battelleecology.org",,,
"f5269c3a-feea-4109-b446-15c7fd9fcbc5","0b7e180a-baff-44a6-a47e-60dca63c17ac","DCFS_006.mammalGrid.mam","D09","DCFS","DCFS_006","F3","distributed","grasslandHerbaceous",47.174408,-99.050112,"WGS84",45.1,496.5,0.2,"6 - trap set and empty","ShermanXLK","2018-05-10","2018-05-10",,,,,,,,,,,,,,,,,,,,,,,,,,,,,,,,,,,,,,,,,,,,"elocke@battelleecology.org","dfarkas@battelleecology.org",,,
"060a6a61-effd-4d55-ad9a-5210cf360074","64627881-a459-4ded-86e5-278e33baf4c0","DCFS_003.mammalGrid.mam","D09","DCFS","DCFS_003","E2","distributed","grasslandHerbaceous",47.204875,-99.184072,"WGS84",45.1,586.1,0.2,"5 - capture","ShermanXLK","2018-05-10","2018-05-10","NEON.MAM.D09.R3873",,"PEMA","Peromyscus maniculatus","species",,,,,"N","M","Y","released",,"adult","scrotal",,,,17,,,,17,"N","N","N",,,,,,,,,,,,,,,,,"elocke@battelleecology.org","dfarkas@battelleecology.org",,,
"68558001-d6ef-4dfc-bae4-5789ad943e37","f57b697d-532f-4b42-8eff-ba56b3cfd2e2","DCFS_014.mammalGrid.mam","D09","DCFS","DCFS_014","I2","distributed","grasslandHerbaceous",47.120533,-99.056896,"WGS84",45.1,569.2,0.2,"6 - trap set and empty","ShermanXLK","2018-05-10","2018-05-10",,,,,,,,,,,,,,,,,,,,,,,,,,,,,,,,,,,,,,,,,,,,"elocke@battelleecology.org","dfarkas@battelleecology.org",,,
"784e9bda-51a6-45ab-87ce-5095f2159531","0b7e180a-baff-44a6-a47e-60dca63c17ac","DCFS_006.mammalGrid.mam","D09","DCFS","DCFS_006","I2","distributed","grasslandHerbaceous",47.174408,-99.050112,"WGS84",45.1,496.5,0.2,"6 - trap set and empty","ShermanXLK","2018-05-10","2018-05-10",,,,,,,,,,,,,,,,,,,,,,,,,,,,,,,,,,,,,,,,,,,,"elocke@battelleecology.org","dfarkas@battelleecology.org",,,
"df6665ae-6c6d-433a-804a-6aad26829547","0b7e180a-baff-44a6-a47e-60dca63c17ac","DCFS_006.mammalGrid.mam","D09","DCFS","DCFS_006","E1","distributed","grasslandHerbaceous",47.174408,-99.050112,"WGS84",45.1,496.5,0.2,"6 - trap set and empty","ShermanXLK","2018-05-10","2018-05-10",,,,,,,,,,,,,,,,,,,,,,,,,,,,,,,,,,,,,,,,,,,,"elocke@battelleecology.org","dfarkas@battelleecology.org",,,
"d8f1c11d-b60c-403a-b5aa-e2a5035ccd7d","64627881-a459-4ded-86e5-278e33baf4c0","DCFS_003.mammalGrid.mam","D09","DCFS","DCFS_003","G7","distributed","grasslandHerbaceous",47.204875,-99.184072,"WGS84",45.1,586.1,0.2,"6 - trap set and empty","ShermanXLK","2018-05-10","2018-05-10",,,,,,,,,,,,,,,,,,,,,,,,,,,,,,,,,,,,,,,,,,,,"elocke@battelleecology.org","dfarkas@battelleecology.org",,,
"483f319e-1cdf-4571-9ed9-7961e0b1f052","64627881-a459-4ded-86e5-278e33baf4c0","DCFS_003.mammalGrid.mam","D09","DCFS","DCFS_003","H5","distributed","grasslandHerbaceous",47.204875,-99.184072,"WGS84",45.1,586.1,0.2,"6 - trap set and empty","ShermanXLK","2018-05-10","2018-05-10",,,,,,,,,,,,,,,,,,,,,,,,,,,,,,,,,,,,,,,,,,,,"elocke@battelleecology.org","dfarkas@battelleecology.org",,,
"8b2070f7-7313-4c15-bc21-96f6b43f05e9","0b7e180a-baff-44a6-a47e-60dca63c17ac","DCFS_006.mammalGrid.mam","D09","DCFS","DCFS_006","E8","distributed","grasslandHerbaceous",47.174408,-99.050112,"WGS84",45.1,496.5,0.2,"6 - trap set and empty","ShermanXLK","2018-05-10","2018-05-10",,,,,,,,,,,,,,,,,,,,,,,,,,,,,,,,,,,,,,,,,,,,"elocke@battelleecology.org","dfarkas@battelleecology.org",,,
"e55d2ba7-5b64-4114-8577-053fdea2565e","f57b697d-532f-4b42-8eff-ba56b3cfd2e2","DCFS_014.mammalGrid.mam","D09","DCFS","DCFS_014","A7","distributed","grasslandHerbaceous",47.120533,-99.056896,"WGS84",45.1,569.2,0.2,"6 - trap set and empty","ShermanXLK","2018-05-10","2018-05-10",,,,,,,,,,,,,,,,,,,,,,,,,,,,,,,,,,,,,,,,,,,,"elocke@battelleecology.org","dfarkas@battelleecology.org",,,
"3686600a-9858-420c-a5df-279991bc7305","f57b697d-532f-4b42-8eff-ba56b3cfd2e2","DCFS_014.mammalGrid.mam","D09","DCFS","DCFS_014","J10","distributed","grasslandHerbaceous",47.120533,-99.056896,"WGS84",45.1,569.2,0.2,"6 - trap set and empty","ShermanXLK","2018-05-10","2018-05-10",,,,,,,,,,,,,,,,,,,,,,,,,,,,,,,,,,,,,,,,,,,,"elocke@battelleecology.org","dfarkas@battelleecology.org",,,
"ff7f6323-f6d9-4161-ac2b-8e2765c36035","64627881-a459-4ded-86e5-278e33baf4c0","DCFS_003.mammalGrid.mam","D09","DCFS","DCFS_003","G6","distributed","grasslandHerbaceous",47.204875,-99.184072,"WGS84",45.1,586.1,0.2,"6 - trap set and empty","ShermanXLK","2018-05-10","2018-05-10",,,,,,,,,,,,,,,,,,,,,,,,,,,,,,,,,,,,,,,,,,,,"elocke@battelleecology.org","dfarkas@battelleecology.org",,,
"e37c77bd-70fa-4678-b5d2-e7aae5305df2","f57b697d-532f-4b42-8eff-ba56b3cfd2e2","DCFS_014.mammalGrid.mam","D09","DCFS","DCFS_014","A2","distributed","grasslandHerbaceous",47.120533,-99.056896,"WGS84",45.1,569.2,0.2,"6 - trap set and empty","ShermanXLK","2018-05-10","2018-05-10",,,,,,,,,,,,,,,,,,,,,,,,,,,,,,,,,,,,,,,,,,,,"elocke@battelleecology.org","dfarkas@battelleecology.org",,,
"49b94087-8c2b-4f85-840b-437ff412e1bf","64627881-a459-4ded-86e5-278e33baf4c0","DCFS_003.mammalGrid.mam","D09","DCFS","DCFS_003","F6","distributed","grasslandHerbaceous",47.204875,-99.184072,"WGS84",45.1,586.1,0.2,"6 - trap set and empty","ShermanXLK","2018-05-10","2018-05-10",,,,,,,,,,,,,,,,,,,,,,,,,,,,,,,,,,,,,,,,,,,,"elocke@battelleecology.org","dfarkas@battelleecology.org",,,
"aea0e6d3-2460-4368-92fa-ccf4a47c71e8","f57b697d-532f-4b42-8eff-ba56b3cfd2e2","DCFS_014.mammalGrid.mam","D09","DCFS","DCFS_014","B3","distributed","grasslandHerbaceous",47.120533,-99.056896,"WGS84",45.1,569.2,0.2,"6 - trap set and empty","ShermanXLK","2018-05-10","2018-05-10",,,,,,,,,,,,,,,,,,,,,,,,,,,,,,,,,,,,,,,,,,,,"elocke@battelleecology.org","dfarkas@battelleecology.org",,,
"68b2d5c5-55e0-4d45-9984-1f8939b9ec19","0b7e180a-baff-44a6-a47e-60dca63c17ac","DCFS_006.mammalGrid.mam","D09","DCFS","DCFS_006","H1","distributed","grasslandHerbaceous",47.174408,-99.050112,"WGS84",45.1,496.5,0.2,"6 - trap set and empty","ShermanXLK","2018-05-10","2018-05-10",,,,,,,,,,,,,,,,,,,,,,,,,,,,,,,,,,,,,,,,,,,,"elocke@battelleecology.org","dfarkas@battelleecology.org",,,
"6de09f21-9722-4cca-9cac-bd17572c110f","64627881-a459-4ded-86e5-278e33baf4c0","DCFS_003.mammalGrid.mam","D09","DCFS","DCFS_003","F3","distributed","grasslandHerbaceous",47.204875,-99.184072,"WGS84",45.1,586.1,0.2,"5 - capture","ShermanXLK","2018-05-10","2018-05-10","NEON.MAM.D09.L3874",,"PEMA","Peromyscus maniculatus","species",,,,,"N","F","Y","released",,"adult",,"nonenlarged","not","swollen",16,,,,17,"N","N","N",,,,,,,"DCFS.20180510.L3874.F","D00000010949","fresh",,,,,,,,"elocke@battelleecology.org","dfarkas@battelleecology.org","Fleas",,
"91934fe1-c426-4a3d-9c50-423749a5592f","0b7e180a-baff-44a6-a47e-60dca63c17ac","DCFS_006.mammalGrid.mam","D09","DCFS","DCFS_006","G5","distributed","grasslandHerbaceous",47.174408,-99.050112,"WGS84",45.1,496.5,0.2,"6 - trap set and empty","ShermanXLK","2018-05-10","2018-05-10",,,,,,,,,,,,,,,,,,,,,,,,,,,,,,,,,,,,,,,,,,,,"elocke@battelleecology.org","dfarkas@battelleecology.org",,,
"6dc7097b-7f6b-46a0-8e53-7090b385301b","f57b697d-532f-4b42-8eff-ba56b3cfd2e2","DCFS_014.mammalGrid.mam","D09","DCFS","DCFS_014","G4","distributed","grasslandHerbaceous",47.120533,-99.056896,"WGS84",45.1,569.2,0.2,"6 - trap set and empty","ShermanXLK","2018-05-10","2018-05-10",,,,,,,,,,,,,,,,,,,,,,,,,,,,,,,,,,,,,,,,,,,,"elocke@battelleecology.org","dfarkas@battelleecology.org",,,
"7e229706-2e4e-4e73-be05-8a8540577e07","f57b697d-532f-4b42-8eff-ba56b3cfd2e2","DCFS_014.mammalGrid.mam","D09","DCFS","DCFS_014","C4","distributed","grasslandHerbaceous",47.120533,-99.056896,"WGS84",45.1,569.2,0.2,"6 - trap set and empty","ShermanXLK","2018-05-10","2018-05-10",,,,,,,,,,,,,,,,,,,,,,,,,,,,,,,,,,,,,,,,,,,,"elocke@battelleecology.org","dfarkas@battelleecology.org",,,
"a707905e-c62c-446e-84d5-e2dd489f2291","0b7e180a-baff-44a6-a47e-60dca63c17ac","DCFS_006.mammalGrid.mam","D09","DCFS","DCFS_006","I9","distributed","grasslandHerbaceous",47.174408,-99.050112,"WGS84",45.1,496.5,0.2,"6 - trap set and empty","ShermanXLK","2018-05-10","2018-05-10",,,,,,,,,,,,,,,,,,,,,,,,,,,,,,,,,,,,,,,,,,,,"elocke@battelleecology.org","dfarkas@battelleecology.org",,,
"d1a93e26-a343-4c18-9836-9092a3a4a0bf","64627881-a459-4ded-86e5-278e33baf4c0","DCFS_003.mammalGrid.mam","D09","DCFS","DCFS_003","C10","distributed","grasslandHerbaceous",47.204875,-99.184072,"WGS84",45.1,586.1,0.2,"2 - trap disturbed/door closed but empty","ShermanXLK","2018-05-10","2018-05-10",,,,,,,,,,,,,,,,,,,,,,,,,,,,,,,,,,,,,,,,,,,,"elocke@battelleecology.org","dfarkas@battelleecology.org",,,
"416a9328-6fa1-4732-bd67-af0f2bdcaa02","f57b697d-532f-4b42-8eff-ba56b3cfd2e2","DCFS_014.mammalGrid.mam","D09","DCFS","DCFS_014","D5","distributed","grasslandHerbaceous",47.120533,-99.056896,"WGS84",45.1,569.2,0.2,"6 - trap set and empty","ShermanXLK","2018-05-10","2018-05-10",,,,,,,,,,,,,,,,,,,,,,,,,,,,,,,,,,,,,,,,,,,,"elocke@battelleecology.org","dfarkas@battelleecology.org",,,
"fbc6c93e-2526-4eac-bd49-c25423ecc1e5","64627881-a459-4ded-86e5-278e33baf4c0","DCFS_003.mammalGrid.mam","D09","DCFS","DCFS_003","A1","distributed","grasslandHerbaceous",47.204875,-99.184072,"WGS84",45.1,586.1,0.2,"5 - capture","ShermanXLK","2018-05-10","2018-05-10","NEON.MAM.D09.R3887",,"PEMA","Peromyscus maniculatus","species",,,,"taxonID confirmed","N","M","N","released",,"adult","nonscrotal",,,,17,,,,17,"N","N","N",,,,,,"unsuccessful","DCFS.20180510.R3887.F","D00000010994","fresh","DCFS.20180510.R3887.E","D00000010986",,,,,,"elocke@battelleecology.org","dfarkas@battelleecology.org","Fleas",,
"d9defbab-2245-49c4-8ecb-3cccba54b73d","64627881-a459-4ded-86e5-278e33baf4c0","DCFS_003.mammalGrid.mam","D09","DCFS","DCFS_003","C1","distributed","grasslandHerbaceous",47.204875,-99.184072,"WGS84",45.1,586.1,0.2,"6 - trap set and empty","ShermanXLK","2018-05-10","2018-05-10",,,,,,,,,,,,,,,,,,,,,,,,,,,,,,,,,,,,,,,,,,,,"elocke@battelleecology.org","dfarkas@battelleecology.org",,,
"c382555a-4f57-4909-8093-196a7d4ae015","0b7e180a-baff-44a6-a47e-60dca63c17ac","DCFS_006.mammalGrid.mam","D09","DCFS","DCFS_006","H8","distributed","grasslandHerbaceous",47.174408,-99.050112,"WGS84",45.1,496.5,0.2,"6 - trap set and empty","ShermanXLK","2018-05-10","2018-05-10",,,,,,,,,,,,,,,,,,,,,,,,,,,,,,,,,,,,,,,,,,,,"elocke@battelleecology.org","dfarkas@battelleecology.org",,,
"3bf700ac-839c-44d0-b22e-214c2e7601be","f57b697d-532f-4b42-8eff-ba56b3cfd2e2","DCFS_014.mammalGrid.mam","D09","DCFS","DCFS_014","C9","distributed","grasslandHerbaceous",47.120533,-99.056896,"WGS84",45.1,569.2,0.2,"6 - trap set and empty","ShermanXLK","2018-05-10","2018-05-10",,,,,,,,,,,,,,,,,,,,,,,,,,,,,,,,,,,,,,,,,,,,"elocke@battelleecology.org","dfarkas@battelleecology.org",,,
"64b9afdf-329b-4a4a-9b55-da08e40b8eec","f57b697d-532f-4b42-8eff-ba56b3cfd2e2","DCFS_014.mammalGrid.mam","D09","DCFS","DCFS_014","A3","distributed","grasslandHerbaceous",47.120533,-99.056896,"WGS84",45.1,569.2,0.2,"6 - trap set and empty","ShermanXLK","2018-05-10","2018-05-10",,,,,,,,,,,,,,,,,,,,,,,,,,,,,,,,,,,,,,,,,,,,"elocke@battelleecology.org","dfarkas@battelleecology.org",,,
"32534fbb-de82-4db1-ae66-d1149e1ee5ef","0b7e180a-baff-44a6-a47e-60dca63c17ac","DCFS_006.mammalGrid.mam","D09","DCFS","DCFS_006","D4","distributed","grasslandHerbaceous",47.174408,-99.050112,"WGS84",45.1,496.5,0.2,"6 - trap set and empty","ShermanXLK","2018-05-10","2018-05-10",,,,,,,,,,,,,,,,,,,,,,,,,,,,,,,,,,,,,,,,,,,,"elocke@battelleecology.org","dfarkas@battelleecology.org",,,
"a2adeaf0-e20a-4f99-9017-1ba0f779c6c8","64627881-a459-4ded-86e5-278e33baf4c0","DCFS_003.mammalGrid.mam","D09","DCFS","DCFS_003","D8","distributed","grasslandHerbaceous",47.204875,-99.184072,"WGS84",45.1,586.1,0.2,"6 - trap set and empty","ShermanXLK","2018-05-10","2018-05-10",,,,,,,,,,,,,,,,,,,,,,,,,,,,,,,,,,,,,,,,,,,,"elocke@battelleecology.org","dfarkas@battelleecology.org",,,
"22e2c065-38d0-4de9-ac1c-6f2f07831d08","f57b697d-532f-4b42-8eff-ba56b3cfd2e2","DCFS_014.mammalGrid.mam","D09","DCFS","DCFS_014","H1","distributed","grasslandHerbaceous",47.120533,-99.056896,"WGS84",45.1,569.2,0.2,"6 - trap set and empty","ShermanXLK","2018-05-10","2018-05-10",,,,,,,,,,,,,,,,,,,,,,,,,,,,,,,,,,,,,,,,,,,,"elocke@battelleecology.org","dfarkas@battelleecology.org",,,
"8859c7ed-33e3-4a6a-9f57-5c296a99c581","f57b697d-532f-4b42-8eff-ba56b3cfd2e2","DCFS_014.mammalGrid.mam","D09","DCFS","DCFS_014","I10","distributed","grasslandHerbaceous",47.120533,-99.056896,"WGS84",45.1,569.2,0.2,"6 - trap set and empty","ShermanXLK","2018-05-10","2018-05-10",,,,,,,,,,,,,,,,,,,,,,,,,,,,,,,,,,,,,,,,,,,,"elocke@battelleecology.org","dfarkas@battelleecology.org",,,
"d9396aad-505c-4e8e-86b5-e2d79df9baf4","f57b697d-532f-4b42-8eff-ba56b3cfd2e2","DCFS_014.mammalGrid.mam","D09","DCFS","DCFS_014","B9","distributed","grasslandHerbaceous",47.120533,-99.056896,"WGS84",45.1,569.2,0.2,"5 - capture","ShermanXLK","2018-05-10","2018-05-10","NEON.MAM.D09.R3875",,"PEMA","Peromyscus maniculatus","species",,,,,"N","M","Y","released","R3868","adult","nonscrotal",,,,18,,,,21,"N","N","N",,,,,,,"DCFS.20180510.R3875.F","D00000011151","fresh",,,,,,,,"elocke@battelleecology.org","dfarkas@battelleecology.org",,,
"cb376187-66ba-4b45-afa3-b081a113c1a0","64627881-a459-4ded-86e5-278e33baf4c0","DCFS_003.mammalGrid.mam","D09","DCFS","DCFS_003","D9","distributed","grasslandHerbaceous",47.204875,-99.184072,"WGS84",45.1,586.1,0.2,"6 - trap set and empty","ShermanXLK","2018-05-10","2018-05-10",,,,,,,,,,,,,,,,,,,,,,,,,,,,,,,,,,,,,,,,,,,,"elocke@battelleecology.org","dfarkas@battelleecology.org",,,
"9dfc6f44-a1c1-494d-911a-8425356a6520","64627881-a459-4ded-86e5-278e33baf4c0","DCFS_003.mammalGrid.mam","D09","DCFS","DCFS_003","D5","distributed","grasslandHerbaceous",47.204875,-99.184072,"WGS84",45.1,586.1,0.2,"6 - trap set and empty","ShermanXLK","2018-05-10","2018-05-10",,,,,,,,,,,,,,,,,,,,,,,,,,,,,,,,,,,,,,,,,,,,"elocke@battelleecology.org","dfarkas@battelleecology.org",,,
"48da96df-0dfc-43ae-8999-a13fc0ab4402","0b7e180a-baff-44a6-a47e-60dca63c17ac","DCFS_006.mammalGrid.mam","D09","DCFS","DCFS_006","C1","distributed","grasslandHerbaceous",47.174408,-99.050112,"WGS84",45.1,496.5,0.2,"6 - trap set and empty","ShermanXLK","2018-05-10","2018-05-10",,,,,,,,,,,,,,,,,,,,,,,,,,,,,,,,,,,,,,,,,,,,"elocke@battelleecology.org","dfarkas@battelleecology.org",,,
"89d71393-cf60-4ce5-97de-84d6651b78e0","64627881-a459-4ded-86e5-278e33baf4c0","DCFS_003.mammalGrid.mam","D09","DCFS","DCFS_003","E10","distributed","grasslandHerbaceous",47.204875,-99.184072,"WGS84",45.1,586.1,0.2,"6 - trap set and empty","ShermanXLK","2018-05-10","2018-05-10",,,,,,,,,,,,,,,,,,,,,,,,,,,,,,,,,,,,,,,,,,,,"elocke@battelleecology.org","dfarkas@battelleecology.org",,,
"f68ae78c-bbec-4515-8ced-a56e14daabac","0b7e180a-baff-44a6-a47e-60dca63c17ac","DCFS_006.mammalGrid.mam","D09","DCFS","DCFS_006","J3","distributed","grasslandHerbaceous",47.174408,-99.050112,"WGS84",45.1,496.5,0.2,"6 - trap set and empty","ShermanXLK","2018-05-10","2018-05-10",,,,,,,,,,,,,,,,,,,,,,,,,,,,,,,,,,,,,,,,,,,,"elocke@battelleecology.org","dfarkas@battelleecology.org",,,
"d04d2dad-9af9-4c9c-8f28-e63acb87ef9e","64627881-a459-4ded-86e5-278e33baf4c0","DCFS_003.mammalGrid.mam","D09","DCFS","DCFS_003","G5","distributed","grasslandHerbaceous",47.204875,-99.184072,"WGS84",45.1,586.1,0.2,"6 - trap set and empty","ShermanXLK","2018-05-10","2018-05-10",,,,,,,,,,,,,,,,,,,,,,,,,,,,,,,,,,,,,,,,,,,,"elocke@battelleecology.org","dfarkas@battelleecology.org",,,
"ef277324-9a36-4fa5-b432-25da328d00ab","64627881-a459-4ded-86e5-278e33baf4c0","DCFS_003.mammalGrid.mam","D09","DCFS","DCFS_003","D6","distributed","grasslandHerbaceous",47.204875,-99.184072,"WGS84",45.1,586.1,0.2,"6 - trap set and empty","ShermanXLK","2018-05-10","2018-05-10",,,,,,,,,,,,,,,,,,,,,,,,,,,,,,,,,,,,,,,,,,,,"elocke@battelleecology.org","dfarkas@battelleecology.org",,,
"1fc02cf6-9a71-446c-99f4-21117b188144","64627881-a459-4ded-86e5-278e33baf4c0","DCFS_003.mammalGrid.mam","D09","DCFS","DCFS_003","G10","distributed","grasslandHerbaceous",47.204875,-99.184072,"WGS84",45.1,586.1,0.2,"6 - trap set and empty","ShermanXLK","2018-05-10","2018-05-10",,,,,,,,,,,,,,,,,,,,,,,,,,,,,,,,,,,,,,,,,,,,"elocke@battelleecology.org","dfarkas@battelleecology.org",,,
"f66ea6ca-5bf7-4673-bbea-a5176a225844","f57b697d-532f-4b42-8eff-ba56b3cfd2e2","DCFS_014.mammalGrid.mam","D09","DCFS","DCFS_014","J6","distributed","grasslandHerbaceous",47.120533,-99.056896,"WGS84",45.1,569.2,0.2,"6 - trap set and empty","ShermanXLK","2018-05-10","2018-05-10",,,,,,,,,,,,,,,,,,,,,,,,,,,,,,,,,,,,,,,,,,,,"elocke@battelleecology.org","dfarkas@battelleecology.org",,,
"c3e7e255-bee3-4623-9f5a-15bfda15b990","0b7e180a-baff-44a6-a47e-60dca63c17ac","DCFS_006.mammalGrid.mam","D09","DCFS","DCFS_006","E10","distributed","grasslandHerbaceous",47.174408,-99.050112,"WGS84",45.1,496.5,0.2,"6 - trap set and empty","ShermanXLK","2018-05-10","2018-05-10",,,,,,,,,,,,,,,,,,,,,,,,,,,,,,,,,,,,,,,,,,,,"elocke@battelleecology.org","dfarkas@battelleecology.org",,,
"b2915a04-eb58-483e-8962-5c6333bcf13b","f57b697d-532f-4b42-8eff-ba56b3cfd2e2","DCFS_014.mammalGrid.mam","D09","DCFS","DCFS_014","E4","distributed","grasslandHerbaceous",47.120533,-99.056896,"WGS84",45.1,569.2,0.2,"6 - trap set and empty","ShermanXLK","2018-05-10","2018-05-10",,,,,,,,,,,,,,,,,,,,,,,,,,,,,,,,,,,,,,,,,,,,"elocke@battelleecology.org","dfarkas@battelleecology.org",,,
"70f0f7de-a81a-46e3-963d-8b430a38c858","f57b697d-532f-4b42-8eff-ba56b3cfd2e2","DCFS_014.mammalGrid.mam","D09","DCFS","DCFS_014","D6","distributed","grasslandHerbaceous",47.120533,-99.056896,"WGS84",45.1,569.2,0.2,"6 - trap set and empty","ShermanXLK","2018-05-10","2018-05-10",,,,,,,,,,,,,,,,,,,,,,,,,,,,,,,,,,,,,,,,,,,,"elocke@battelleecology.org","dfarkas@battelleecology.org",,,
"938de5ec-2e09-46de-ba7a-6413bc527548","0b7e180a-baff-44a6-a47e-60dca63c17ac","DCFS_006.mammalGrid.mam","D09","DCFS","DCFS_006","G8","distributed","grasslandHerbaceous",47.174408,-99.050112,"WGS84",45.1,496.5,0.2,"6 - trap set and empty","ShermanXLK","2018-05-10","2018-05-10",,,,,,,,,,,,,,,,,,,,,,,,,,,,,,,,,,,,,,,,,,,,"elocke@battelleecology.org","dfarkas@battelleecology.org",,,
"b2fa1569-7338-44ec-a1b1-4b0f9c5725dc","64627881-a459-4ded-86e5-278e33baf4c0","DCFS_003.mammalGrid.mam","D09","DCFS","DCFS_003","B2","distributed","grasslandHerbaceous",47.204875,-99.184072,"WGS84",45.1,586.1,0.2,"6 - trap set and empty","ShermanXLK","2018-05-10","2018-05-10",,,,,,,,,,,,,,,,,,,,,,,,,,,,,,,,,,,,,,,,,,,,"elocke@battelleecology.org","dfarkas@battelleecology.org",,,
"386fa1fb-2eeb-4045-aaeb-de951cac59c1","f57b697d-532f-4b42-8eff-ba56b3cfd2e2","DCFS_014.mammalGrid.mam","D09","DCFS","DCFS_014","G8","distributed","grasslandHerbaceous",47.120533,-99.056896,"WGS84",45.1,569.2,0.2,"6 - trap set and empty","ShermanXLK","2018-05-10","2018-05-10",,,,,,,,,,,,,,,,,,,,,,,,,,,,,,,,,,,,,,,,,,,,"elocke@battelleecology.org","dfarkas@battelleecology.org",,,
"40a8fbaa-b959-443a-9a12-3c14ac62b9ae","0b7e180a-baff-44a6-a47e-60dca63c17ac","DCFS_006.mammalGrid.mam","D09","DCFS","DCFS_006","F5","distributed","grasslandHerbaceous",47.174408,-99.050112,"WGS84",45.1,496.5,0.2,"6 - trap set and empty","ShermanXLK","2018-05-10","2018-05-10",,,,,,,,,,,,,,,,,,,,,,,,,,,,,,,,,,,,,,,,,,,,"elocke@battelleecology.org","dfarkas@battelleecology.org",,,
"e8e14b59-81da-4f68-be60-3389b91a02bf","64627881-a459-4ded-86e5-278e33baf4c0","DCFS_003.mammalGrid.mam","D09","DCFS","DCFS_003","B4","distributed","grasslandHerbaceous",47.204875,-99.184072,"WGS84",45.1,586.1,0.2,"6 - trap set and empty","ShermanXLK","2018-05-10","2018-05-10",,,,,,,,,,,,,,,,,,,,,,,,,,,,,,,,,,,,,,,,,,,,"elocke@battelleecology.org","dfarkas@battelleecology.org",,,
"ad5c196a-e52e-4893-bde9-20cfb92f26d2","64627881-a459-4ded-86e5-278e33baf4c0","DCFS_003.mammalGrid.mam","D09","DCFS","DCFS_003","I6","distributed","grasslandHerbaceous",47.204875,-99.184072,"WGS84",45.1,586.1,0.2,"1 - trap not set","ShermanXLK","2018-05-10","2018-05-10",,,,,,,,,,,,,,,,,,,,,,,,,,,,,,,,,,,,,,,,,,,,"elocke@battelleecology.org","dfarkas@battelleecology.org",,,
"e33d4caa-b2a2-4949-a0ed-7507174710dd","0b7e180a-baff-44a6-a47e-60dca63c17ac","DCFS_006.mammalGrid.mam","D09","DCFS","DCFS_006","C10","distributed","grasslandHerbaceous",47.174408,-99.050112,"WGS84",45.1,496.5,0.2,"5 - capture","ShermanXLK","2018-05-10","2018-05-10","NEON.MAM.D09.R3882",,"SPRI","Spermophilus richardsonii","species",,,,,"UNK","F","N","released",,"adult",,"nonenlarged","not","neither",42,,,,305,"N","N","N",,,,,,,,,,,,,,,,,"elocke@battelleecology.org","dfarkas@battelleecology.org",,,
"05e51d3f-bbd3-436f-aa2f-4567e0817071","64627881-a459-4ded-86e5-278e33baf4c0","DCFS_003.mammalGrid.mam","D09","DCFS","DCFS_003","A5","distributed","grasslandHerbaceous",47.204875,-99.184072,"WGS84",45.1,586.1,0.2,"6 - trap set and empty","ShermanXLK","2018-05-10","2018-05-10",,,,,,,,,,,,,,,,,,,,,,,,,,,,,,,,,,,,,,,,,,,,"elocke@battelleecology.org","dfarkas@battelleecology.org",,,
"d04a24a7-b92d-476d-9142-96334ac2dde8","0b7e180a-baff-44a6-a47e-60dca63c17ac","DCFS_006.mammalGrid.mam","D09","DCFS","DCFS_006","C6","distributed","grasslandHerbaceous",47.174408,-99.050112,"WGS84",45.1,496.5,0.2,"6 - trap set and empty","ShermanXLK","2018-05-10","2018-05-10",,,,,,,,,,,,,,,,,,,,,,,,,,,,,,,,,,,,,,,,,,,,"elocke@battelleecology.org","dfarkas@battelleecology.org",,,
"fe4e5f7d-7ab9-48b8-8cb6-84b8c3bd7866","0b7e180a-baff-44a6-a47e-60dca63c17ac","DCFS_006.mammalGrid.mam","D09","DCFS","DCFS_006","J5","distributed","grasslandHerbaceous",47.174408,-99.050112,"WGS84",45.1,496.5,0.2,"6 - trap set and empty","ShermanXLK","2018-05-10","2018-05-10",,,,,,,,,,,,,,,,,,,,,,,,,,,,,,,,,,,,,,,,,,,,"elocke@battelleecology.org","dfarkas@battelleecology.org",,,
"51c6817d-ee50-4d6b-84c2-9db5a52d790d","f57b697d-532f-4b42-8eff-ba56b3cfd2e2","DCFS_014.mammalGrid.mam","D09","DCFS","DCFS_014","B10","distributed","grasslandHerbaceous",47.120533,-99.056896,"WGS84",45.1,569.2,0.2,"5 - capture","ShermanXLK","2018-05-10","2018-05-10","NEON.MAM.D09.R3863",,"MIPE","Microtus pennsylvanicus","species",,,,,"N","M","Y","released",,"adult","scrotal",,,,19,,,,29,"N","N","N",,,,,,,"DCFS.20180510.R3863.F","D00000011166","fresh",,,,,,,,"elocke@battelleecology.org","dfarkas@battelleecology.org",,,
"32a3db3e-e584-4188-a19f-206226ce92c6","64627881-a459-4ded-86e5-278e33baf4c0","DCFS_003.mammalGrid.mam","D09","DCFS","DCFS_003","B3","distributed","grasslandHerbaceous",47.204875,-99.184072,"WGS84",45.1,586.1,0.2,"6 - trap set and empty","ShermanXLK","2018-05-10","2018-05-10",,,,,,,,,,,,,,,,,,,,,,,,,,,,,,,,,,,,,,,,,,,,"elocke@battelleecology.org","dfarkas@battelleecology.org",,,
"4b26c4c7-d279-4e95-89ba-8bac489eeb1e","f57b697d-532f-4b42-8eff-ba56b3cfd2e2","DCFS_014.mammalGrid.mam","D09","DCFS","DCFS_014","G5","distributed","grasslandHerbaceous",47.120533,-99.056896,"WGS84",45.1,569.2,0.2,"6 - trap set and empty","ShermanXLK","2018-05-10","2018-05-10",,,,,,,,,,,,,,,,,,,,,,,,,,,,,,,,,,,,,,,,,,,,"elocke@battelleecology.org","dfarkas@battelleecology.org",,,
"a3b1df8a-b8d9-4b52-8809-c539bbef7040","f57b697d-532f-4b42-8eff-ba56b3cfd2e2","DCFS_014.mammalGrid.mam","D09","DCFS","DCFS_014","I9","distributed","grasslandHerbaceous",47.120533,-99.056896,"WGS84",45.1,569.2,0.2,"6 - trap set and empty","ShermanXLK","2018-05-10","2018-05-10",,,,,,,,,,,,,,,,,,,,,,,,,,,,,,,,,,,,,,,,,,,,"elocke@battelleecology.org","dfarkas@battelleecology.org",,,
"7f8c9a44-ed22-429f-b3fd-e9d2cce60408","0b7e180a-baff-44a6-a47e-60dca63c17ac","DCFS_006.mammalGrid.mam","D09","DCFS","DCFS_006","C8","distributed","grasslandHerbaceous",47.174408,-99.050112,"WGS84",45.1,496.5,0.2,"6 - trap set and empty","ShermanXLK","2018-05-10","2018-05-10",,,,,,,,,,,,,,,,,,,,,,,,,,,,,,,,,,,,,,,,,,,,"elocke@battelleecology.org","dfarkas@battelleecology.org",,,
"ad537c45-72da-48f4-ac18-a3de287bb6e6","64627881-a459-4ded-86e5-278e33baf4c0","DCFS_003.mammalGrid.mam","D09","DCFS","DCFS_003","J7","distributed","grasslandHerbaceous",47.204875,-99.184072,"WGS84",45.1,586.1,0.2,"1 - trap not set","ShermanXLK","2018-05-10","2018-05-10",,,,,,,,,,,,,,,,,,,,,,,,,,,,,,,,,,,,,,,,,,,,"elocke@battelleecology.org","dfarkas@battelleecology.org",,,
"c381e521-de5b-4d36-a7ba-3402631ae89d","0b7e180a-baff-44a6-a47e-60dca63c17ac","DCFS_006.mammalGrid.mam","D09","DCFS","DCFS_006","J7","distributed","grasslandHerbaceous",47.174408,-99.050112,"WGS84",45.1,496.5,0.2,"6 - trap set and empty","ShermanXLK","2018-05-10","2018-05-10",,,,,,,,,,,,,,,,,,,,,,,,,,,,,,,,,,,,,,,,,,,,"elocke@battelleecology.org","dfarkas@battelleecology.org",,,
"e3624484-620a-4e5d-9f02-f809c6f0230f","0b7e180a-baff-44a6-a47e-60dca63c17ac","DCFS_006.mammalGrid.mam","D09","DCFS","DCFS_006","J6","distributed","grasslandHerbaceous",47.174408,-99.050112,"WGS84",45.1,496.5,0.2,"6 - trap set and empty","ShermanXLK","2018-05-10","2018-05-10",,,,,,,,,,,,,,,,,,,,,,,,,,,,,,,,,,,,,,,,,,,,"elocke@battelleecology.org","dfarkas@battelleecology.org",,,
"75246f2c-5750-421d-8679-dd061fa6e6cd","f57b697d-532f-4b42-8eff-ba56b3cfd2e2","DCFS_014.mammalGrid.mam","D09","DCFS","DCFS_014","F3","distributed","grasslandHerbaceous",47.120533,-99.056896,"WGS84",45.1,569.2,0.2,"6 - trap set and empty","ShermanXLK","2018-05-10","2018-05-10",,,,,,,,,,,,,,,,,,,,,,,,,,,,,,,,,,,,,,,,,,,,"elocke@battelleecology.org","dfarkas@battelleecology.org",,,
"db113b6b-20d1-4f6b-bc89-04cde1eedc84","0b7e180a-baff-44a6-a47e-60dca63c17ac","DCFS_006.mammalGrid.mam","D09","DCFS","DCFS_006","G4","distributed","grasslandHerbaceous",47.174408,-99.050112,"WGS84",45.1,496.5,0.2,"2 - trap disturbed/door closed but empty","ShermanXLK","2018-05-10","2018-05-10",,,,,,,,,,,,,,,,,,,,,,,,,,,,,,,,,,,,,,,,,,,,"elocke@battelleecology.org","dfarkas@battelleecology.org",,,
"5f753d01-13dd-491d-8064-131a620657f7","64627881-a459-4ded-86e5-278e33baf4c0","DCFS_003.mammalGrid.mam","D09","DCFS","DCFS_003","F10","distributed","grasslandHerbaceous",47.204875,-99.184072,"WGS84",45.1,586.1,0.2,"6 - trap set and empty","ShermanXLK","2018-05-10","2018-05-10",,,,,,,,,,,,,,,,,,,,,,,,,,,,,,,,,,,,,,,,,,,,"elocke@battelleecology.org","dfarkas@battelleecology.org",,,
"af8af72c-400d-48b8-b2ae-af17725f5907","0b7e180a-baff-44a6-a47e-60dca63c17ac","DCFS_006.mammalGrid.mam","D09","DCFS","DCFS_006","D8","distributed","grasslandHerbaceous",47.174408,-99.050112,"WGS84",45.1,496.5,0.2,"6 - trap set and empty","ShermanXLK","2018-05-10","2018-05-10",,,,,,,,,,,,,,,,,,,,,,,,,,,,,,,,,,,,,,,,,,,,"elocke@battelleecology.org","dfarkas@battelleecology.org",,,
"a559ca8a-8009-43f0-a05e-bed5d263e4ba","0b7e180a-baff-44a6-a47e-60dca63c17ac","DCFS_006.mammalGrid.mam","D09","DCFS","DCFS_006","I8","distributed","grasslandHerbaceous",47.174408,-99.050112,"WGS84",45.1,496.5,0.2,"6 - trap set and empty","ShermanXLK","2018-05-10","2018-05-10",,,,,,,,,,,,,,,,,,,,,,,,,,,,,,,,,,,,,,,,,,,,"elocke@battelleecology.org","dfarkas@battelleecology.org",,,
"6ac44c90-5440-4cf3-8688-0c1728b31c7c","0b7e180a-baff-44a6-a47e-60dca63c17ac","DCFS_006.mammalGrid.mam","D09","DCFS","DCFS_006","J9","distributed","grasslandHerbaceous",47.174408,-99.050112,"WGS84",45.1,496.5,0.2,"6 - trap set and empty","ShermanXLK","2018-05-10","2018-05-10",,,,,,,,,,,,,,,,,,,,,,,,,,,,,,,,,,,,,,,,,,,,"elocke@battelleecology.org","dfarkas@battelleecology.org",,,
"5f40d9f0-43a4-450f-948d-6091312409b2","64627881-a459-4ded-86e5-278e33baf4c0","DCFS_003.mammalGrid.mam","D09","DCFS","DCFS_003","C9","distributed","grasslandHerbaceous",47.204875,-99.184072,"WGS84",45.1,586.1,0.2,"6 - trap set and empty","ShermanXLK","2018-05-10","2018-05-10",,,,,,,,,,,,,,,,,,,,,,,,,,,,,,,,,,,,,,,,,,,,"elocke@battelleecology.org","dfarkas@battelleecology.org",,,
"63718ee0-2b9e-46e2-a2b2-291c0426a45b","0b7e180a-baff-44a6-a47e-60dca63c17ac","DCFS_006.mammalGrid.mam","D09","DCFS","DCFS_006","G3","distributed","grasslandHerbaceous",47.174408,-99.050112,"WGS84",45.1,496.5,0.2,"6 - trap set and empty","ShermanXLK","2018-05-10","2018-05-10",,,,,,,,,,,,,,,,,,,,,,,,,,,,,,,,,,,,,,,,,,,,"elocke@battelleecology.org","dfarkas@battelleecology.org",,,
"40002989-801d-4f1d-a15a-2a748dd56995","64627881-a459-4ded-86e5-278e33baf4c0","DCFS_003.mammalGrid.mam","D09","DCFS","DCFS_003","D3","distributed","grasslandHerbaceous",47.204875,-99.184072,"WGS84",45.1,586.1,0.2,"2 - trap disturbed/door closed but empty","ShermanXLK","2018-05-10","2018-05-10",,,,,,,,,,,,,,,,,,,,,,,,,,,,,,,,,,,,,,,,,,,,"elocke@battelleecology.org","dfarkas@battelleecology.org",,,
"d85b621c-1e3a-4aa0-8a74-0df8e25f17b7","0b7e180a-baff-44a6-a47e-60dca63c17ac","DCFS_006.mammalGrid.mam","D09","DCFS","DCFS_006","J2","distributed","grasslandHerbaceous",47.174408,-99.050112,"WGS84",45.1,496.5,0.2,"6 - trap set and empty","ShermanXLK","2018-05-10","2018-05-10",,,,,,,,,,,,,,,,,,,,,,,,,,,,,,,,,,,,,,,,,,,,"elocke@battelleecology.org","dfarkas@battelleecology.org",,,
"6cb06fa3-a861-4224-bcde-8d567256ffda","0b7e180a-baff-44a6-a47e-60dca63c17ac","DCFS_006.mammalGrid.mam","D09","DCFS","DCFS_006","H10","distributed","grasslandHerbaceous",47.174408,-99.050112,"WGS84",45.1,496.5,0.2,"6 - trap set and empty","ShermanXLK","2018-05-10","2018-05-10",,,,,,,,,,,,,,,,,,,,,,,,,,,,,,,,,,,,,,,,,,,,"elocke@battelleecology.org","dfarkas@battelleecology.org",,,
"e8dfb10f-b986-41bd-b02c-b90a67776430","0b7e180a-baff-44a6-a47e-60dca63c17ac","DCFS_006.mammalGrid.mam","D09","DCFS","DCFS_006","E5","distributed","grasslandHerbaceous",47.174408,-99.050112,"WGS84",45.1,496.5,0.2,"6 - trap set and empty","ShermanXLK","2018-05-10","2018-05-10",,,,,,,,,,,,,,,,,,,,,,,,,,,,,,,,,,,,,,,,,,,,"elocke@battelleecology.org","dfarkas@battelleecology.org",,,
"dba35043-d85d-407c-9098-1bcd60180459","64627881-a459-4ded-86e5-278e33baf4c0","DCFS_003.mammalGrid.mam","D09","DCFS","DCFS_003","D10","distributed","grasslandHerbaceous",47.204875,-99.184072,"WGS84",45.1,586.1,0.2,"6 - trap set and empty","ShermanXLK","2018-05-10","2018-05-10",,,,,,,,,,,,,,,,,,,,,,,,,,,,,,,,,,,,,,,,,,,,"elocke@battelleecology.org","dfarkas@battelleecology.org",,,
"96ca7f01-554e-462b-8d6c-6fffb304b6b8","f57b697d-532f-4b42-8eff-ba56b3cfd2e2","DCFS_014.mammalGrid.mam","D09","DCFS","DCFS_014","B7","distributed","grasslandHerbaceous",47.120533,-99.056896,"WGS84",45.1,569.2,0.2,"6 - trap set and empty","ShermanXLK","2018-05-10","2018-05-10",,,,,,,,,,,,,,,,,,,,,,,,,,,,,,,,,,,,,,,,,,,,"elocke@battelleecology.org","dfarkas@battelleecology.org",,,
"b4a137cd-e231-4ebc-bb39-6a93158a9640","f57b697d-532f-4b42-8eff-ba56b3cfd2e2","DCFS_014.mammalGrid.mam","D09","DCFS","DCFS_014","C6","distributed","grasslandHerbaceous",47.120533,-99.056896,"WGS84",45.1,569.2,0.2,"6 - trap set and empty","ShermanXLK","2018-05-10","2018-05-10",,,,,,,,,,,,,,,,,,,,,,,,,,,,,,,,,,,,,,,,,,,,"elocke@battelleecology.org","dfarkas@battelleecology.org",,,
"bfea207b-ef00-46fe-9e96-bae823d6f748","f57b697d-532f-4b42-8eff-ba56b3cfd2e2","DCFS_014.mammalGrid.mam","D09","DCFS","DCFS_014","I3","distributed","grasslandHerbaceous",47.120533,-99.056896,"WGS84",45.1,569.2,0.2,"6 - trap set and empty","ShermanXLK","2018-05-10","2018-05-10",,,,,,,,,,,,,,,,,,,,,,,,,,,,,,,,,,,,,,,,,,,,"elocke@battelleecology.org","dfarkas@battelleecology.org",,,
"eafca6b8-cf55-41a5-b39f-28f73ae7c825","f57b697d-532f-4b42-8eff-ba56b3cfd2e2","DCFS_014.mammalGrid.mam","D09","DCFS","DCFS_014","A4","distributed","grasslandHerbaceous",47.120533,-99.056896,"WGS84",45.1,569.2,0.2,"6 - trap set and empty","ShermanXLK","2018-05-10","2018-05-10",,,,,,,,,,,,,,,,,,,,,,,,,,,,,,,,,,,,,,,,,,,,"elocke@battelleecology.org","dfarkas@battelleecology.org",,,
"28b16f5d-1eb0-48f5-b568-793d8a80aa99","f57b697d-532f-4b42-8eff-ba56b3cfd2e2","DCFS_014.mammalGrid.mam","D09","DCFS","DCFS_014","F7","distributed","grasslandHerbaceous",47.120533,-99.056896,"WGS84",45.1,569.2,0.2,"6 - trap set and empty","ShermanXLK","2018-05-10","2018-05-10",,,,,,,,,,,,,,,,,,,,,,,,,,,,,,,,,,,,,,,,,,,,"elocke@battelleecology.org","dfarkas@battelleecology.org",,,
"c3664e10-4ea3-4536-895e-4671096fe1b3","64627881-a459-4ded-86e5-278e33baf4c0","DCFS_003.mammalGrid.mam","D09","DCFS","DCFS_003","H10","distributed","grasslandHerbaceous",47.204875,-99.184072,"WGS84",45.1,586.1,0.2,"6 - trap set and empty","ShermanXLK","2018-05-10","2018-05-10",,,,,,,,,,,,,,,,,,,,,,,,,,,,,,,,,,,,,,,,,,,,"elocke@battelleecology.org","dfarkas@battelleecology.org",,,
"38c422cb-f741-4bc6-9fbe-550856c50893","64627881-a459-4ded-86e5-278e33baf4c0","DCFS_003.mammalGrid.mam","D09","DCFS","DCFS_003","H1","distributed","grasslandHerbaceous",47.204875,-99.184072,"WGS84",45.1,586.1,0.2,"6 - trap set and empty","ShermanXLK","2018-05-10","2018-05-10",,,,,,,,,,,,,,,,,,,,,,,,,,,,,,,,,,,,,,,,,,,,"elocke@battelleecology.org","dfarkas@battelleecology.org",,,
"36496f06-6190-42e9-8c37-e3a46f7e7378","64627881-a459-4ded-86e5-278e33baf4c0","DCFS_003.mammalGrid.mam","D09","DCFS","DCFS_003","H3","distributed","grasslandHerbaceous",47.204875,-99.184072,"WGS84",45.1,586.1,0.2,"6 - trap set and empty","ShermanXLK","2018-05-10","2018-05-10",,,,,,,,,,,,,,,,,,,,,,,,,,,,,,,,,,,,,,,,,,,,"elocke@battelleecology.org","dfarkas@battelleecology.org",,,
"2dfa10cc-6301-4f4b-b799-6a3db079b448","64627881-a459-4ded-86e5-278e33baf4c0","DCFS_003.mammalGrid.mam","D09","DCFS","DCFS_003","D4","distributed","grasslandHerbaceous",47.204875,-99.184072,"WGS84",45.1,586.1,0.2,"6 - trap set and empty","ShermanXLK","2018-05-10","2018-05-10",,,,,,,,,,,,,,,,,,,,,,,,,,,,,,,,,,,,,,,,,,,,"elocke@battelleecology.org","dfarkas@battelleecology.org",,,
"83fb28c5-6cc3-4c9b-b438-e5e9f26a0dc5","0b7e180a-baff-44a6-a47e-60dca63c17ac","DCFS_006.mammalGrid.mam","D09","DCFS","DCFS_006","B1","distributed","grasslandHerbaceous",47.174408,-99.050112,"WGS84",45.1,496.5,0.2,"6 - trap set and empty","ShermanXLK","2018-05-10","2018-05-10",,,,,,,,,,,,,,,,,,,,,,,,,,,,,,,,,,,,,,,,,,,,"elocke@battelleecology.org","dfarkas@battelleecology.org",,,
"757e2ce7-0ecf-40f1-8558-d8b3cc3913d7","64627881-a459-4ded-86e5-278e33baf4c0","DCFS_003.mammalGrid.mam","D09","DCFS","DCFS_003","J1","distributed","grasslandHerbaceous",47.204875,-99.184072,"WGS84",45.1,586.1,0.2,"6 - trap set and empty","ShermanXLK","2018-05-10","2018-05-10",,,,,,,,,,,,,,,,,,,,,,,,,,,,,,,,,,,,,,,,,,,,"elocke@battelleecology.org","dfarkas@battelleecology.org",,,
"1c0ae17c-2bb0-4f41-8fc9-7b863fbd5f06","64627881-a459-4ded-86e5-278e33baf4c0","DCFS_003.mammalGrid.mam","D09","DCFS","DCFS_003","J9","distributed","grasslandHerbaceous",47.204875,-99.184072,"WGS84",45.1,586.1,0.2,"6 - trap set and empty","ShermanXLK","2018-05-10","2018-05-10",,,,,,,,,,,,,,,,,,,,,,,,,,,,,,,,,,,,,,,,,,,,"elocke@battelleecology.org","dfarkas@battelleecology.org",,,
"5eea0103-28bc-4df7-9f53-aa2ec753170c","0b7e180a-baff-44a6-a47e-60dca63c17ac","DCFS_006.mammalGrid.mam","D09","DCFS","DCFS_006","F2","distributed","grasslandHerbaceous",47.174408,-99.050112,"WGS84",45.1,496.5,0.2,"6 - trap set and empty","ShermanXLK","2018-05-10","2018-05-10",,,,,,,,,,,,,,,,,,,,,,,,,,,,,,,,,,,,,,,,,,,,"elocke@battelleecology.org","dfarkas@battelleecology.org",,,
"063f500b-13a2-4c97-ab2e-76d5ba26c4c5","0b7e180a-baff-44a6-a47e-60dca63c17ac","DCFS_006.mammalGrid.mam","D09","DCFS","DCFS_006","I7","distributed","grasslandHerbaceous",47.174408,-99.050112,"WGS84",45.1,496.5,0.2,"6 - trap set and empty","ShermanXLK","2018-05-10","2018-05-10",,,,,,,,,,,,,,,,,,,,,,,,,,,,,,,,,,,,,,,,,,,,"elocke@battelleecology.org","dfarkas@battelleecology.org",,,
"80420c12-9a7c-4b84-a3c5-61614278ef94","64627881-a459-4ded-86e5-278e33baf4c0","DCFS_003.mammalGrid.mam","D09","DCFS","DCFS_003","F9","distributed","grasslandHerbaceous",47.204875,-99.184072,"WGS84",45.1,586.1,0.2,"6 - trap set and empty","ShermanXLK","2018-05-10","2018-05-10",,,,,,,,,,,,,,,,,,,,,,,,,,,,,,,,,,,,,,,,,,,,"elocke@battelleecology.org","dfarkas@battelleecology.org",,,
"4e2db414-5c4c-4c32-8ca2-6e8dfc3006e2","64627881-a459-4ded-86e5-278e33baf4c0","DCFS_003.mammalGrid.mam","D09","DCFS","DCFS_003","A10","distributed","grasslandHerbaceous",47.204875,-99.184072,"WGS84",45.1,586.1,0.2,"6 - trap set and empty","ShermanXLK","2018-05-10","2018-05-10",,,,,,,,,,,,,,,,,,,,,,,,,,,,,,,,,,,,,,,,,,,,"elocke@battelleecology.org","dfarkas@battelleecology.org",,,
"421a944c-800f-4826-9cc0-00b4c0df9dcc","64627881-a459-4ded-86e5-278e33baf4c0","DCFS_003.mammalGrid.mam","D09","DCFS","DCFS_003","I10","distributed","grasslandHerbaceous",47.204875,-99.184072,"WGS84",45.1,586.1,0.2,"6 - trap set and empty","ShermanXLK","2018-05-10","2018-05-10",,,,,,,,,,,,,,,,,,,,,,,,,,,,,,,,,,,,,,,,,,,,"elocke@battelleecology.org","dfarkas@battelleecology.org",,,
"355addf0-f37a-4fcc-816f-99531c3111b1","f57b697d-532f-4b42-8eff-ba56b3cfd2e2","DCFS_014.mammalGrid.mam","D09","DCFS","DCFS_014","F10","distributed","grasslandHerbaceous",47.120533,-99.056896,"WGS84",45.1,569.2,0.2,"6 - trap set and empty","ShermanXLK","2018-05-10","2018-05-10",,,,,,,,,,,,,,,,,,,,,,,,,,,,,,,,,,,,,,,,,,,,"elocke@battelleecology.org","dfarkas@battelleecology.org",,,
"c42d1dc0-fe07-4390-8b81-8d6bfa48e7a5","0b7e180a-baff-44a6-a47e-60dca63c17ac","DCFS_006.mammalGrid.mam","D09","DCFS","DCFS_006","B2","distributed","grasslandHerbaceous",47.174408,-99.050112,"WGS84",45.1,496.5,0.2,"6 - trap set and empty","ShermanXLK","2018-05-10","2018-05-10",,,,,,,,,,,,,,,,,,,,,,,,,,,,,,,,,,,,,,,,,,,,"elocke@battelleecology.org","dfarkas@battelleecology.org",,,
"eb9f1f0e-84e0-48d0-a7e8-aaf1ee1ed65f","0b7e180a-baff-44a6-a47e-60dca63c17ac","DCFS_006.mammalGrid.mam","D09","DCFS","DCFS_006","A4","distributed","grasslandHerbaceous",47.174408,-99.050112,"WGS84",45.1,496.5,0.2,"6 - trap set and empty","ShermanXLK","2018-05-10","2018-05-10",,,,,,,,,,,,,,,,,,,,,,,,,,,,,,,,,,,,,,,,,,,,"elocke@battelleecology.org","dfarkas@battelleecology.org",,,
"d009cc6e-c000-4290-8925-e2268e4ae5b6","f57b697d-532f-4b42-8eff-ba56b3cfd2e2","DCFS_014.mammalGrid.mam","D09","DCFS","DCFS_014","H8","distributed","grasslandHerbaceous",47.120533,-99.056896,"WGS84",45.1,569.2,0.2,"6 - trap set and empty","ShermanXLK","2018-05-10","2018-05-10",,,,,,,,,,,,,,,,,,,,,,,,,,,,,,,,,,,,,,,,,,,,"elocke@battelleecology.org","dfarkas@battelleecology.org",,,
"80e979f8-ddf7-4be2-94da-8199665dd57a","f57b697d-532f-4b42-8eff-ba56b3cfd2e2","DCFS_014.mammalGrid.mam","D09","DCFS","DCFS_014","J9","distributed","grasslandHerbaceous",47.120533,-99.056896,"WGS84",45.1,569.2,0.2,"6 - trap set and empty","ShermanXLK","2018-05-10","2018-05-10",,,,,,,,,,,,,,,,,,,,,,,,,,,,,,,,,,,,,,,,,,,,"elocke@battelleecology.org","dfarkas@battelleecology.org",,,
"566139ce-9ef1-46aa-b6fd-2666788cfc4d","0b7e180a-baff-44a6-a47e-60dca63c17ac","DCFS_006.mammalGrid.mam","D09","DCFS","DCFS_006","H7","distributed","grasslandHerbaceous",47.174408,-99.050112,"WGS84",45.1,496.5,0.2,"6 - trap set and empty","ShermanXLK","2018-05-10","2018-05-10",,,,,,,,,,,,,,,,,,,,,,,,,,,,,,,,,,,,,,,,,,,,"elocke@battelleecology.org","dfarkas@battelleecology.org",,,
"52870221-2f4a-4dab-a704-70eb75f46b91","f57b697d-532f-4b42-8eff-ba56b3cfd2e2","DCFS_014.mammalGrid.mam","D09","DCFS","DCFS_014","G9","distributed","grasslandHerbaceous",47.120533,-99.056896,"WGS84",45.1,569.2,0.2,"6 - trap set and empty","ShermanXLK","2018-05-10","2018-05-10",,,,,,,,,,,,,,,,,,,,,,,,,,,,,,,,,,,,,,,,,,,,"elocke@battelleecology.org","dfarkas@battelleecology.org",,,
"14ad9510-c717-40ae-a66f-0e6f70905089","f57b697d-532f-4b42-8eff-ba56b3cfd2e2","DCFS_014.mammalGrid.mam","D09","DCFS","DCFS_014","A10","distributed","grasslandHerbaceous",47.120533,-99.056896,"WGS84",45.1,569.2,0.2,"6 - trap set and empty","ShermanXLK","2018-05-10","2018-05-10",,,,,,,,,,,,,,,,,,,,,,,,,,,,,,,,,,,,,,,,,,,,"elocke@battelleecology.org","dfarkas@battelleecology.org",,,
"064e7ea9-7f96-4603-b1a8-244aaec085cb","0b7e180a-baff-44a6-a47e-60dca63c17ac","DCFS_006.mammalGrid.mam","D09","DCFS","DCFS_006","H5","distributed","grasslandHerbaceous",47.174408,-99.050112,"WGS84",45.1,496.5,0.2,"6 - trap set and empty","ShermanXLK","2018-05-10","2018-05-10",,,,,,,,,,,,,,,,,,,,,,,,,,,,,,,,,,,,,,,,,,,,"elocke@battelleecology.org","dfarkas@battelleecology.org",,,
"5a5747de-5c77-4b0e-a1e0-920fff2ba9c9","64627881-a459-4ded-86e5-278e33baf4c0","DCFS_003.mammalGrid.mam","D09","DCFS","DCFS_003","C4","distributed","grasslandHerbaceous",47.204875,-99.184072,"WGS84",45.1,586.1,0.2,"6 - trap set and empty","ShermanXLK","2018-05-10","2018-05-10",,,,,,,,,,,,,,,,,,,,,,,,,,,,,,,,,,,,,,,,,,,,"elocke@battelleecology.org","dfarkas@battelleecology.org",,,
"1c9abc3c-8dc5-4b86-932c-e4c4a8ded426","64627881-a459-4ded-86e5-278e33baf4c0","DCFS_003.mammalGrid.mam","D09","DCFS","DCFS_003","G4","distributed","grasslandHerbaceous",47.204875,-99.184072,"WGS84",45.1,586.1,0.2,"6 - trap set and empty","ShermanXLK","2018-05-10","2018-05-10",,,,,,,,,,,,,,,,,,,,,,,,,,,,,,,,,,,,,,,,,,,,"elocke@battelleecology.org","dfarkas@battelleecology.org",,,
"4f48a7b0-99fd-410b-a872-88e5549f0faf","0b7e180a-baff-44a6-a47e-60dca63c17ac","DCFS_006.mammalGrid.mam","D09","DCFS","DCFS_006","F4","distributed","grasslandHerbaceous",47.174408,-99.050112,"WGS84",45.1,496.5,0.2,"6 - trap set and empty","ShermanXLK","2018-05-10","2018-05-10",,,,,,,,,,,,,,,,,,,,,,,,,,,,,,,,,,,,,,,,,,,,"elocke@battelleecology.org","dfarkas@battelleecology.org",,,
"d9171fec-e35b-4ee3-b825-1faa4ec767f9","64627881-a459-4ded-86e5-278e33baf4c0","DCFS_003.mammalGrid.mam","D09","DCFS","DCFS_003","J6","distributed","grasslandHerbaceous",47.204875,-99.184072,"WGS84",45.1,586.1,0.2,"1 - trap not set","ShermanXLK","2018-05-10","2018-05-10",,,,,,,,,,,,,,,,,,,,,,,,,,,,,,,,,,,,,,,,,,,,"elocke@battelleecology.org","dfarkas@battelleecology.org",,,
"27a70095-8ffd-42d0-b76b-d437c8b749bf","0b7e180a-baff-44a6-a47e-60dca63c17ac","DCFS_006.mammalGrid.mam","D09","DCFS","DCFS_006","D10","distributed","grasslandHerbaceous",47.174408,-99.050112,"WGS84",45.1,496.5,0.2,"6 - trap set and empty","ShermanXLK","2018-05-10","2018-05-10",,,,,,,,,,,,,,,,,,,,,,,,,,,,,,,,,,,,,,,,,,,,"elocke@battelleecology.org","dfarkas@battelleecology.org",,,
"7b198000-21b0-4065-8a95-38192ae26ae8","64627881-a459-4ded-86e5-278e33baf4c0","DCFS_003.mammalGrid.mam","D09","DCFS","DCFS_003","A7","distributed","grasslandHerbaceous",47.204875,-99.184072,"WGS84",45.1,586.1,0.2,"6 - trap set and empty","ShermanXLK","2018-05-10","2018-05-10",,,,,,,,,,,,,,,,,,,,,,,,,,,,,,,,,,,,,,,,,,,,"elocke@battelleecology.org","dfarkas@battelleecology.org",,,
"26302315-15e3-4c46-85b2-2def06b69c51","f57b697d-532f-4b42-8eff-ba56b3cfd2e2","DCFS_014.mammalGrid.mam","D09","DCFS","DCFS_014","C3","distributed","grasslandHerbaceous",47.120533,-99.056896,"WGS84",45.1,569.2,0.2,"6 - trap set and empty","ShermanXLK","2018-05-10","2018-05-10",,,,,,,,,,,,,,,,,,,,,,,,,,,,,,,,,,,,,,,,,,,,"elocke@battelleecology.org","dfarkas@battelleecology.org",,,
"810e71d3-db3e-4425-8605-5ec3158a0bc1","64627881-a459-4ded-86e5-278e33baf4c0","DCFS_003.mammalGrid.mam","D09","DCFS","DCFS_003","I7","distributed","grasslandHerbaceous",47.204875,-99.184072,"WGS84",45.1,586.1,0.2,"6 - trap set and empty","ShermanXLK","2018-05-10","2018-05-10",,,,,,,,,,,,,,,,,,,,,,,,,,,,,,,,,,,,,,,,,,,,"elocke@battelleecology.org","dfarkas@battelleecology.org",,,
"2f5d4b71-b678-4db2-8027-f71417e4f091","64627881-a459-4ded-86e5-278e33baf4c0","DCFS_003.mammalGrid.mam","D09","DCFS","DCFS_003","I9","distributed","grasslandHerbaceous",47.204875,-99.184072,"WGS84",45.1,586.1,0.2,"6 - trap set and empty","ShermanXLK","2018-05-10","2018-05-10",,,,,,,,,,,,,,,,,,,,,,,,,,,,,,,,,,,,,,,,,,,,"elocke@battelleecology.org","dfarkas@battelleecology.org",,,
"3a9236eb-8093-4e5b-96cc-5368d505a25c","0b7e180a-baff-44a6-a47e-60dca63c17ac","DCFS_006.mammalGrid.mam","D09","DCFS","DCFS_006","I4","distributed","grasslandHerbaceous",47.174408,-99.050112,"WGS84",45.1,496.5,0.2,"6 - trap set and empty","ShermanXLK","2018-05-10","2018-05-10",,,,,,,,,,,,,,,,,,,,,,,,,,,,,,,,,,,,,,,,,,,,"elocke@battelleecology.org","dfarkas@battelleecology.org",,,
"7de29954-3f68-4e96-bc69-c0063626d15b","0b7e180a-baff-44a6-a47e-60dca63c17ac","DCFS_006.mammalGrid.mam","D09","DCFS","DCFS_006","G10","distributed","grasslandHerbaceous",47.174408,-99.050112,"WGS84",45.1,496.5,0.2,"6 - trap set and empty","ShermanXLK","2018-05-10","2018-05-10",,,,,,,,,,,,,,,,,,,,,,,,,,,,,,,,,,,,,,,,,,,,"elocke@battelleecology.org","dfarkas@battelleecology.org",,,
"4925ffba-8ac2-4c57-bf61-f26fee7d7fb1","64627881-a459-4ded-86e5-278e33baf4c0","DCFS_003.mammalGrid.mam","D09","DCFS","DCFS_003","H9","distributed","grasslandHerbaceous",47.204875,-99.184072,"WGS84",45.1,586.1,0.2,"5 - capture","ShermanXLK","2018-05-10","2018-05-10","NEON.MAM.D09.R3885",,"ICTR","Ictidomys tridecemlineatus","species",,,,,"N","M","N","escaped",,"adult","scrotal",,,,,,,,,"U","U","U",,,,,,,,,,"DCFS.20180510.R3885.E","D00000011169",,,,,,"elocke@battelleecology.org","dfarkas@battelleecology.org","Fleas",,
"c5b7077d-7590-405e-8107-046ecd87a2f8","f57b697d-532f-4b42-8eff-ba56b3cfd2e2","DCFS_014.mammalGrid.mam","D09","DCFS","DCFS_014","B1","distributed","grasslandHerbaceous",47.120533,-99.056896,"WGS84",45.1,569.2,0.2,"6 - trap set and empty","ShermanXLK","2018-05-10","2018-05-10",,,,,,,,,,,,,,,,,,,,,,,,,,,,,,,,,,,,,,,,,,,,"elocke@battelleecology.org","dfarkas@battelleecology.org",,,
"02f99811-2e1e-46ec-a59c-ed6fa88a6877","64627881-a459-4ded-86e5-278e33baf4c0","DCFS_003.mammalGrid.mam","D09","DCFS","DCFS_003","C6","distributed","grasslandHerbaceous",47.204875,-99.184072,"WGS84",45.1,586.1,0.2,"2 - trap disturbed/door closed but empty","ShermanXLK","2018-05-10","2018-05-10",,,,,,,,,,,,,,,,,,,,,,,,,,,,,,,,,,,,,,,,,,,,"elocke@battelleecology.org","dfarkas@battelleecology.org",,,
"d6c5841f-504e-4e9c-b45c-bd3da2b94c43","0b7e180a-baff-44a6-a47e-60dca63c17ac","DCFS_006.mammalGrid.mam","D09","DCFS","DCFS_006","A9","distributed","grasslandHerbaceous",47.174408,-99.050112,"WGS84",45.1,496.5,0.2,"6 - trap set and empty","ShermanXLK","2018-05-10","2018-05-10",,,,,,,,,,,,,,,,,,,,,,,,,,,,,,,,,,,,,,,,,,,,"elocke@battelleecology.org","dfarkas@battelleecology.org",,,
"2fc95e0e-02d8-4ec7-9297-84bcea72eafd","f57b697d-532f-4b42-8eff-ba56b3cfd2e2","DCFS_014.mammalGrid.mam","D09","DCFS","DCFS_014","A8","distributed","grasslandHerbaceous",47.120533,-99.056896,"WGS84",45.1,569.2,0.2,"6 - trap set and empty","ShermanXLK","2018-05-10","2018-05-10",,,,,,,,,,,,,,,,,,,,,,,,,,,,,,,,,,,,,,,,,,,,"elocke@battelleecology.org","dfarkas@battelleecology.org",,,
"f6144677-2a8a-4897-a3f6-c1b2c93fc6a1","f57b697d-532f-4b42-8eff-ba56b3cfd2e2","DCFS_014.mammalGrid.mam","D09","DCFS","DCFS_014","I8","distributed","grasslandHerbaceous",47.120533,-99.056896,"WGS84",45.1,569.2,0.2,"5 - capture","ShermanXLK","2018-05-10","2018-05-10","NEON.MAM.D09.R3870",,"MIPE","Microtus pennsylvanicus","species",,,,,"N","M","Y","released",,"adult","nonscrotal",,,,17,,,,23,"N","N","N",,,,,,,"DCFS.20180510.R3870.F","D00000011185","fresh",,,,,,,,"elocke@battelleecology.org","dfarkas@battelleecology.org","Fleas",,
"771ebc1b-477f-4845-b6ac-b5e6902b8f39","f57b697d-532f-4b42-8eff-ba56b3cfd2e2","DCFS_014.mammalGrid.mam","D09","DCFS","DCFS_014","D4","distributed","grasslandHerbaceous",47.120533,-99.056896,"WGS84",45.1,569.2,0.2,"6 - trap set and empty","ShermanXLK","2018-05-10","2018-05-10",,,,,,,,,,,,,,,,,,,,,,,,,,,,,,,,,,,,,,,,,,,,"elocke@battelleecology.org","dfarkas@battelleecology.org",,,
"fb79f883-5e6b-47f0-8dff-b5bc77bb2c87","f57b697d-532f-4b42-8eff-ba56b3cfd2e2","DCFS_014.mammalGrid.mam","D09","DCFS","DCFS_014","A5","distributed","grasslandHerbaceous",47.120533,-99.056896,"WGS84",45.1,569.2,0.2,"6 - trap set and empty","ShermanXLK","2018-05-10","2018-05-10",,,,,,,,,,,,,,,,,,,,,,,,,,,,,,,,,,,,,,,,,,,,"elocke@battelleecology.org","dfarkas@battelleecology.org",,,
"349033c6-bc72-49d8-b04c-048500502708","f57b697d-532f-4b42-8eff-ba56b3cfd2e2","DCFS_014.mammalGrid.mam","D09","DCFS","DCFS_014","J2","distributed","grasslandHerbaceous",47.120533,-99.056896,"WGS84",45.1,569.2,0.2,"6 - trap set and empty","ShermanXLK","2018-05-10","2018-05-10",,,,,,,,,,,,,,,,,,,,,,,,,,,,,,,,,,,,,,,,,,,,"elocke@battelleecology.org","dfarkas@battelleecology.org",,,
"82289440-e45e-4a7f-ad86-44687f7a4072","f57b697d-532f-4b42-8eff-ba56b3cfd2e2","DCFS_014.mammalGrid.mam","D09","DCFS","DCFS_014","I6","distributed","grasslandHerbaceous",47.120533,-99.056896,"WGS84",45.1,569.2,0.2,"6 - trap set and empty","ShermanXLK","2018-05-10","2018-05-10",,,,,,,,,,,,,,,,,,,,,,,,,,,,,,,,,,,,,,,,,,,,"elocke@battelleecology.org","dfarkas@battelleecology.org",,,
"c065cbfe-d223-4f38-8af4-1fccae991485","f57b697d-532f-4b42-8eff-ba56b3cfd2e2","DCFS_014.mammalGrid.mam","D09","DCFS","DCFS_014","D8","distributed","grasslandHerbaceous",47.120533,-99.056896,"WGS84",45.1,569.2,0.2,"6 - trap set and empty","ShermanXLK","2018-05-10","2018-05-10",,,,,,,,,,,,,,,,,,,,,,,,,,,,,,,,,,,,,,,,,,,,"elocke@battelleecology.org","dfarkas@battelleecology.org",,,
"deae0f5b-3ec5-4269-92cf-4a3b17a6aa01","0b7e180a-baff-44a6-a47e-60dca63c17ac","DCFS_006.mammalGrid.mam","D09","DCFS","DCFS_006","D9","distributed","grasslandHerbaceous",47.174408,-99.050112,"WGS84",45.1,496.5,0.2,"6 - trap set and empty","ShermanXLK","2018-05-10","2018-05-10",,,,,,,,,,,,,,,,,,,,,,,,,,,,,,,,,,,,,,,,,,,,"elocke@battelleecology.org","dfarkas@battelleecology.org",,,
"ce4e22ae-0e34-43b9-be79-3258de581440","0b7e180a-baff-44a6-a47e-60dca63c17ac","DCFS_006.mammalGrid.mam","D09","DCFS","DCFS_006","D1","distributed","grasslandHerbaceous",47.174408,-99.050112,"WGS84",45.1,496.5,0.2,"6 - trap set and empty","ShermanXLK","2018-05-10","2018-05-10",,,,,,,,,,,,,,,,,,,,,,,,,,,,,,,,,,,,,,,,,,,,"elocke@battelleecology.org","dfarkas@battelleecology.org",,,
"f6973054-f1ca-4bd5-9861-6c393d936497","0b7e180a-baff-44a6-a47e-60dca63c17ac","DCFS_006.mammalGrid.mam","D09","DCFS","DCFS_006","I1","distributed","grasslandHerbaceous",47.174408,-99.050112,"WGS84",45.1,496.5,0.2,"1 - trap not set","ShermanXLK","2018-05-10","2018-05-10",,,,,,,,,,,,,,,,,,,,,,,,,,,,,,,,,,,,,,,,,,,,"elocke@battelleecology.org","dfarkas@battelleecology.org",,,
"509d2c76-7039-4de5-b26d-e367dd6bd561","0b7e180a-baff-44a6-a47e-60dca63c17ac","DCFS_006.mammalGrid.mam","D09","DCFS","DCFS_006","B3","distributed","grasslandHerbaceous",47.174408,-99.050112,"WGS84",45.1,496.5,0.2,"6 - trap set and empty","ShermanXLK","2018-05-10","2018-05-10",,,,,,,,,,,,,,,,,,,,,,,,,,,,,,,,,,,,,,,,,,,,"elocke@battelleecology.org","dfarkas@battelleecology.org",,,
"a3a8fdba-63e1-40d7-abf5-c852716e459c","f57b697d-532f-4b42-8eff-ba56b3cfd2e2","DCFS_014.mammalGrid.mam","D09","DCFS","DCFS_014","D2","distributed","grasslandHerbaceous",47.120533,-99.056896,"WGS84",45.1,569.2,0.2,"6 - trap set and empty","ShermanXLK","2018-05-10","2018-05-10",,,,,,,,,,,,,,,,,,,,,,,,,,,,,,,,,,,,,,,,,,,,"elocke@battelleecology.org","dfarkas@battelleecology.org",,,
"b05ea049-b78f-4b47-b280-cf9b7ed5df01","64627881-a459-4ded-86e5-278e33baf4c0","DCFS_003.mammalGrid.mam","D09","DCFS","DCFS_003","E9","distributed","grasslandHerbaceous",47.204875,-99.184072,"WGS84",45.1,586.1,0.2,"6 - trap set and empty","ShermanXLK","2018-05-10","2018-05-10",,,,,,,,,,,,,,,,,,,,,,,,,,,,,,,,,,,,,,,,,,,,"elocke@battelleecology.org","dfarkas@battelleecology.org",,,
"3a561c66-fa50-4ae6-981d-ed89bcccbe4b","64627881-a459-4ded-86e5-278e33baf4c0","DCFS_003.mammalGrid.mam","D09","DCFS","DCFS_003","F4","distributed","grasslandHerbaceous",47.204875,-99.184072,"WGS84",45.1,586.1,0.2,"6 - trap set and empty","ShermanXLK","2018-05-10","2018-05-10",,,,,,,,,,,,,,,,,,,,,,,,,,,,,,,,,,,,,,,,,,,,"elocke@battelleecology.org","dfarkas@battelleecology.org",,,
"fd1ede50-63ed-4851-9318-a993be6a1da1","64627881-a459-4ded-86e5-278e33baf4c0","DCFS_003.mammalGrid.mam","D09","DCFS","DCFS_003","A2","distributed","grasslandHerbaceous",47.204875,-99.184072,"WGS84",45.1,586.1,0.2,"6 - trap set and empty","ShermanXLK","2018-05-10","2018-05-10",,,,,,,,,,,,,,,,,,,,,,,,,,,,,,,,,,,,,,,,,,,,"elocke@battelleecology.org","dfarkas@battelleecology.org",,,
"88f17d8f-b802-4078-8e2d-5e59d359cc43","0b7e180a-baff-44a6-a47e-60dca63c17ac","DCFS_006.mammalGrid.mam","D09","DCFS","DCFS_006","A10","distributed","grasslandHerbaceous",47.174408,-99.050112,"WGS84",45.1,496.5,0.2,"6 - trap set and empty","ShermanXLK","2018-05-10","2018-05-10",,,,,,,,,,,,,,,,,,,,,,,,,,,,,,,,,,,,,,,,,,,,"elocke@battelleecology.org","dfarkas@battelleecology.org",,,
"99a29232-32f8-4499-ab09-9de53c8018ea","64627881-a459-4ded-86e5-278e33baf4c0","DCFS_003.mammalGrid.mam","D09","DCFS","DCFS_003","F1","distributed","grasslandHerbaceous",47.204875,-99.184072,"WGS84",45.1,586.1,0.2,"6 - trap set and empty","ShermanXLK","2018-05-10","2018-05-10",,,,,,,,,,,,,,,,,,,,,,,,,,,,,,,,,,,,,,,,,,,,"elocke@battelleecology.org","dfarkas@battelleecology.org",,,
"67caee42-bde7-44ab-9487-d8bbb1ee823b","f57b697d-532f-4b42-8eff-ba56b3cfd2e2","DCFS_014.mammalGrid.mam","D09","DCFS","DCFS_014","D10","distributed","grasslandHerbaceous",47.120533,-99.056896,"WGS84",45.1,569.2,0.2,"6 - trap set and empty","ShermanXLK","2018-05-10","2018-05-10",,,,,,,,,,,,,,,,,,,,,,,,,,,,,,,,,,,,,,,,,,,,"elocke@battelleecology.org","dfarkas@battelleecology.org",,,
"638e3ac5-ada6-439b-ac67-109d595cbae4","0b7e180a-baff-44a6-a47e-60dca63c17ac","DCFS_006.mammalGrid.mam","D09","DCFS","DCFS_006","E2","distributed","grasslandHerbaceous",47.174408,-99.050112,"WGS84",45.1,496.5,0.2,"6 - trap set and empty","ShermanXLK","2018-05-10","2018-05-10",,,,,,,,,,,,,,,,,,,,,,,,,,,,,,,,,,,,,,,,,,,,"elocke@battelleecology.org","dfarkas@battelleecology.org",,,
"7872eddc-9385-41da-879f-cd92affefaa9","0b7e180a-baff-44a6-a47e-60dca63c17ac","DCFS_006.mammalGrid.mam","D09","DCFS","DCFS_006","B9","distributed","grasslandHerbaceous",47.174408,-99.050112,"WGS84",45.1,496.5,0.2,"6 - trap set and empty","ShermanXLK","2018-05-10","2018-05-10",,,,,,,,,,,,,,,,,,,,,,,,,,,,,,,,,,,,,,,,,,,,"elocke@battelleecology.org","dfarkas@battelleecology.org",,,
"3576acc6-aa3f-4abc-8820-dfc9fd593082","f57b697d-532f-4b42-8eff-ba56b3cfd2e2","DCFS_014.mammalGrid.mam","D09","DCFS","DCFS_014","F1","distributed","grasslandHerbaceous",47.120533,-99.056896,"WGS84",45.1,569.2,0.2,"6 - trap set and empty","ShermanXLK","2018-05-10","2018-05-10",,,,,,,,,,,,,,,,,,,,,,,,,,,,,,,,,,,,,,,,,,,,"elocke@battelleecology.org","dfarkas@battelleecology.org",,,
"7e5b5d96-9285-4f24-851e-5201be5d5bfb","f57b697d-532f-4b42-8eff-ba56b3cfd2e2","DCFS_014.mammalGrid.mam","D09","DCFS","DCFS_014","H5","distributed","grasslandHerbaceous",47.120533,-99.056896,"WGS84",45.1,569.2,0.2,"6 - trap set and empty","ShermanXLK","2018-05-10","2018-05-10",,,,,,,,,,,,,,,,,,,,,,,,,,,,,,,,,,,,,,,,,,,,"elocke@battelleecology.org","dfarkas@battelleecology.org",,,
"8560affe-9833-4989-abb4-24c400791238","0b7e180a-baff-44a6-a47e-60dca63c17ac","DCFS_006.mammalGrid.mam","D09","DCFS","DCFS_006","A5","distributed","grasslandHerbaceous",47.174408,-99.050112,"WGS84",45.1,496.5,0.2,"6 - trap set and empty","ShermanXLK","2018-05-10","2018-05-10",,,,,,,,,,,,,,,,,,,,,,,,,,,,,,,,,,,,,,,,,,,,"elocke@battelleecology.org","dfarkas@battelleecology.org",,,
"96e7b5ea-2684-4734-829c-88b9d50bbe75","64627881-a459-4ded-86e5-278e33baf4c0","DCFS_003.mammalGrid.mam","D09","DCFS","DCFS_003","G9","distributed","grasslandHerbaceous",47.204875,-99.184072,"WGS84",45.1,586.1,0.2,"6 - trap set and empty","ShermanXLK","2018-05-10","2018-05-10",,,,,,,,,,,,,,,,,,,,,,,,,,,,,,,,,,,,,,,,,,,,"elocke@battelleecology.org","dfarkas@battelleecology.org",,,
"1b148975-c268-4d71-9f02-c0dce1e20679","0b7e180a-baff-44a6-a47e-60dca63c17ac","DCFS_006.mammalGrid.mam","D09","DCFS","DCFS_006","B8","distributed","grasslandHerbaceous",47.174408,-99.050112,"WGS84",45.1,496.5,0.2,"6 - trap set and empty","ShermanXLK","2018-05-10","2018-05-10",,,,,,,,,,,,,,,,,,,,,,,,,,,,,,,,,,,,,,,,,,,,"elocke@battelleecology.org","dfarkas@battelleecology.org",,,
"dd65eb6e-1e99-4e1c-a976-a509109235c6","f57b697d-532f-4b42-8eff-ba56b3cfd2e2","DCFS_014.mammalGrid.mam","D09","DCFS","DCFS_014","D3","distributed","grasslandHerbaceous",47.120533,-99.056896,"WGS84",45.1,569.2,0.2,"6 - trap set and empty","ShermanXLK","2018-05-10","2018-05-10",,,,,,,,,,,,,,,,,,,,,,,,,,,,,,,,,,,,,,,,,,,,"elocke@battelleecology.org","dfarkas@battelleecology.org",,,
"666d58eb-ab44-4a6d-966a-da3f14770846","f57b697d-532f-4b42-8eff-ba56b3cfd2e2","DCFS_014.mammalGrid.mam","D09","DCFS","DCFS_014","G2","distributed","grasslandHerbaceous",47.120533,-99.056896,"WGS84",45.1,569.2,0.2,"6 - trap set and empty","ShermanXLK","2018-05-10","2018-05-10",,,,,,,,,,,,,,,,,,,,,,,,,,,,,,,,,,,,,,,,,,,,"elocke@battelleecology.org","dfarkas@battelleecology.org",,,
"0909db77-63a3-4fad-9760-25e6fddcd58a","0b7e180a-baff-44a6-a47e-60dca63c17ac","DCFS_006.mammalGrid.mam","D09","DCFS","DCFS_006","F9","distributed","grasslandHerbaceous",47.174408,-99.050112,"WGS84",45.1,496.5,0.2,"6 - trap set and empty","ShermanXLK","2018-05-10","2018-05-10",,,,,,,,,,,,,,,,,,,,,,,,,,,,,,,,,,,,,,,,,,,,"elocke@battelleecology.org","dfarkas@battelleecology.org",,,
"3b34ea92-bee3-43dc-8171-799a46dedcfb","0b7e180a-baff-44a6-a47e-60dca63c17ac","DCFS_006.mammalGrid.mam","D09","DCFS","DCFS_006","E4","distributed","grasslandHerbaceous",47.174408,-99.050112,"WGS84",45.1,496.5,0.2,"6 - trap set and empty","ShermanXLK","2018-05-10","2018-05-10",,,,,,,,,,,,,,,,,,,,,,,,,,,,,,,,,,,,,,,,,,,,"elocke@battelleecology.org","dfarkas@battelleecology.org",,,
"b897528a-fadd-460b-a6c2-32cda38d3d84","0b7e180a-baff-44a6-a47e-60dca63c17ac","DCFS_006.mammalGrid.mam","D09","DCFS","DCFS_006","F1","distributed","grasslandHerbaceous",47.174408,-99.050112,"WGS84",45.1,496.5,0.2,"6 - trap set and empty","ShermanXLK","2018-05-10","2018-05-10",,,,,,,,,,,,,,,,,,,,,,,,,,,,,,,,,,,,,,,,,,,,"elocke@battelleecology.org","dfarkas@battelleecology.org",,,
"391ce12d-1aa2-4a09-96ef-5e52737d9eee","f57b697d-532f-4b42-8eff-ba56b3cfd2e2","DCFS_014.mammalGrid.mam","D09","DCFS","DCFS_014","B5","distributed","grasslandHerbaceous",47.120533,-99.056896,"WGS84",45.1,569.2,0.2,"6 - trap set and empty","ShermanXLK","2018-05-10","2018-05-10",,,,,,,,,,,,,,,,,,,,,,,,,,,,,,,,,,,,,,,,,,,,"elocke@battelleecology.org","dfarkas@battelleecology.org",,,
"5079cf16-2d29-4c33-b7da-8f34f2df5810","0b7e180a-baff-44a6-a47e-60dca63c17ac","DCFS_006.mammalGrid.mam","D09","DCFS","DCFS_006","F10","distributed","grasslandHerbaceous",47.174408,-99.050112,"WGS84",45.1,496.5,0.2,"6 - trap set and empty","ShermanXLK","2018-05-10","2018-05-10",,,,,,,,,,,,,,,,,,,,,,,,,,,,,,,,,,,,,,,,,,,,"elocke@battelleecology.org","dfarkas@battelleecology.org",,,
"2b01253b-6ada-4643-9b6a-1c18e6a29981","f57b697d-532f-4b42-8eff-ba56b3cfd2e2","DCFS_014.mammalGrid.mam","D09","DCFS","DCFS_014","C2","distributed","grasslandHerbaceous",47.120533,-99.056896,"WGS84",45.1,569.2,0.2,"6 - trap set and empty","ShermanXLK","2018-05-10","2018-05-10",,,,,,,,,,,,,,,,,,,,,,,,,,,,,,,,,,,,,,,,,,,,"elocke@battelleecology.org","dfarkas@battelleecology.org",,,
"88d2d70e-83d8-43de-ac49-c6caa69bfaf3","64627881-a459-4ded-86e5-278e33baf4c0","DCFS_003.mammalGrid.mam","D09","DCFS","DCFS_003","B6","distributed","grasslandHerbaceous",47.204875,-99.184072,"WGS84",45.1,586.1,0.2,"6 - trap set and empty","ShermanXLK","2018-05-10","2018-05-10",,,,,,,,,,,,,,,,,,,,,,,,,,,,,,,,,,,,,,,,,,,,"elocke@battelleecology.org","dfarkas@battelleecology.org",,,
"79abd62c-712b-4bd6-93bc-de0b8eb44c8f","f57b697d-532f-4b42-8eff-ba56b3cfd2e2","DCFS_014.mammalGrid.mam","D09","DCFS","DCFS_014","I1","distributed","grasslandHerbaceous",47.120533,-99.056896,"WGS84",45.1,569.2,0.2,"6 - trap set and empty","ShermanXLK","2018-05-10","2018-05-10",,,,,,,,,,,,,,,,,,,,,,,,,,,,,,,,,,,,,,,,,,,,"elocke@battelleecology.org","dfarkas@battelleecology.org",,,
"b02f7085-3da1-47cb-ba1c-71e86c5e0742","0b7e180a-baff-44a6-a47e-60dca63c17ac","DCFS_006.mammalGrid.mam","D09","DCFS","DCFS_006","J8","distributed","grasslandHerbaceous",47.174408,-99.050112,"WGS84",45.1,496.5,0.2,"5 - capture","ShermanXLK","2018-05-10","2018-05-10","NEON.MAM.D09.R3872",,"PEMA","Peromyscus maniculatus","species",,,,,"N","M","Y","released",,"adult","nonscrotal",,,,18,,,,22,"N","N","N",,,,,,,"DCFS.20180510.R3872.F","D00000011245","fresh",,,,,,,,"elocke@battelleecology.org","dfarkas@battelleecology.org",,,
"2903ac29-0c14-4a68-bbcc-5ba9d3a28ef5","f57b697d-532f-4b42-8eff-ba56b3cfd2e2","DCFS_014.mammalGrid.mam","D09","DCFS","DCFS_014","F9","distributed","grasslandHerbaceous",47.120533,-99.056896,"WGS84",45.1,569.2,0.2,"6 - trap set and empty","ShermanXLK","2018-05-10","2018-05-10",,,,,,,,,,,,,,,,,,,,,,,,,,,,,,,,,,,,,,,,,,,,"elocke@battelleecology.org","dfarkas@battelleecology.org",,,
"3ea32514-d3ac-4c4d-823d-b57a438fe95a","64627881-a459-4ded-86e5-278e33baf4c0","DCFS_003.mammalGrid.mam","D09","DCFS","DCFS_003","I5","distributed","grasslandHerbaceous",47.204875,-99.184072,"WGS84",45.1,586.1,0.2,"1 - trap not set","ShermanXLK","2018-05-10","2018-05-10",,,,,,,,,,,,,,,,,,,,,,,,,,,,,,,,,,,,,,,,,,,,"elocke@battelleecology.org","dfarkas@battelleecology.org",,,
"c461930f-f04c-4c75-bf03-87dac33e1c10","64627881-a459-4ded-86e5-278e33baf4c0","DCFS_003.mammalGrid.mam","D09","DCFS","DCFS_003","I3","distributed","grasslandHerbaceous",47.204875,-99.184072,"WGS84",45.1,586.1,0.2,"6 - trap set and empty","ShermanXLK","2018-05-10","2018-05-10",,,,,,,,,,,,,,,,,,,,,,,,,,,,,,,,,,,,,,,,,,,,"elocke@battelleecology.org","dfarkas@battelleecology.org",,,
"2c2a0113-968a-49b9-b560-b65bab18d579","64627881-a459-4ded-86e5-278e33baf4c0","DCFS_003.mammalGrid.mam","D09","DCFS","DCFS_003","G2","distributed","grasslandHerbaceous",47.204875,-99.184072,"WGS84",45.1,586.1,0.2,"6 - trap set and empty","ShermanXLK","2018-05-10","2018-05-10",,,,,,,,,,,,,,,,,,,,,,,,,,,,,,,,,,,,,,,,,,,,"elocke@battelleecology.org","dfarkas@battelleecology.org",,,
"90b1699c-0f74-4d09-a5ed-3bd3964e8fb9","64627881-a459-4ded-86e5-278e33baf4c0","DCFS_003.mammalGrid.mam","D09","DCFS","DCFS_003","C3","distributed","grasslandHerbaceous",47.204875,-99.184072,"WGS84",45.1,586.1,0.2,"6 - trap set and empty","ShermanXLK","2018-05-10","2018-05-10",,,,,,,,,,,,,,,,,,,,,,,,,,,,,,,,,,,,,,,,,,,,"elocke@battelleecology.org","dfarkas@battelleecology.org",,,
"47b8e385-688c-49ee-8e94-f4b0026f8b18","64627881-a459-4ded-86e5-278e33baf4c0","DCFS_003.mammalGrid.mam","D09","DCFS","DCFS_003","H4","distributed","grasslandHerbaceous",47.204875,-99.184072,"WGS84",45.1,586.1,0.2,"6 - trap set and empty","ShermanXLK","2018-05-10","2018-05-10",,,,,,,,,,,,,,,,,,,,,,,,,,,,,,,,,,,,,,,,,,,,"elocke@battelleecology.org","dfarkas@battelleecology.org",,,
"e5c64eac-3b52-4f25-b013-de599c2698d8","0b7e180a-baff-44a6-a47e-60dca63c17ac","DCFS_006.mammalGrid.mam","D09","DCFS","DCFS_006","H9","distributed","grasslandHerbaceous",47.174408,-99.050112,"WGS84",45.1,496.5,0.2,"6 - trap set and empty","ShermanXLK","2018-05-10","2018-05-10",,,,,,,,,,,,,,,,,,,,,,,,,,,,,,,,,,,,,,,,,,,,"elocke@battelleecology.org","dfarkas@battelleecology.org",,,
"37d6eb4a-8e67-4554-9a36-b49612a833d5","0b7e180a-baff-44a6-a47e-60dca63c17ac","DCFS_006.mammalGrid.mam","D09","DCFS","DCFS_006","J1","distributed","grasslandHerbaceous",47.174408,-99.050112,"WGS84",45.1,496.5,0.2,"6 - trap set and empty","ShermanXLK","2018-05-10","2018-05-10",,,,,,,,,,,,,,,,,,,,,,,,,,,,,,,,,,,,,,,,,,,,"elocke@battelleecology.org","dfarkas@battelleecology.org",,,
"2444ed44-4eb2-4342-b6dc-de01771fafed","0b7e180a-baff-44a6-a47e-60dca63c17ac","DCFS_006.mammalGrid.mam","D09","DCFS","DCFS_006","G7","distributed","grasslandHerbaceous",47.174408,-99.050112,"WGS84",45.1,496.5,0.2,"6 - trap set and empty","ShermanXLK","2018-05-10","2018-05-10",,,,,,,,,,,,,,,,,,,,,,,,,,,,,,,,,,,,,,,,,,,,"elocke@battelleecology.org","dfarkas@battelleecology.org",,,
"381d2326-dd53-4054-aa8b-26c030c6e99f","f57b697d-532f-4b42-8eff-ba56b3cfd2e2","DCFS_014.mammalGrid.mam","D09","DCFS","DCFS_014","E7","distributed","grasslandHerbaceous",47.120533,-99.056896,"WGS84",45.1,569.2,0.2,"6 - trap set and empty","ShermanXLK","2018-05-10","2018-05-10",,,,,,,,,,,,,,,,,,,,,,,,,,,,,,,,,,,,,,,,,,,,"elocke@battelleecology.org","dfarkas@battelleecology.org",,,
"449b44cd-bb6e-4100-9dbf-ee691ecda7e5","64627881-a459-4ded-86e5-278e33baf4c0","DCFS_003.mammalGrid.mam","D09","DCFS","DCFS_003","D7","distributed","grasslandHerbaceous",47.204875,-99.184072,"WGS84",45.1,586.1,0.2,"6 - trap set and empty","ShermanXLK","2018-05-10","2018-05-10",,,,,,,,,,,,,,,,,,,,,,,,,,,,,,,,,,,,,,,,,,,,"elocke@battelleecology.org","dfarkas@battelleecology.org",,,
"2fb8ff59-6a16-467e-a9f6-3e402115f330","f57b697d-532f-4b42-8eff-ba56b3cfd2e2","DCFS_014.mammalGrid.mam","D09","DCFS","DCFS_014","G10","distributed","grasslandHerbaceous",47.120533,-99.056896,"WGS84",45.1,569.2,0.2,"6 - trap set and empty","ShermanXLK","2018-05-10","2018-05-10",,,,,,,,,,,,,,,,,,,,,,,,,,,,,,,,,,,,,,,,,,,,"elocke@battelleecology.org","dfarkas@battelleecology.org",,,
"eb8e9403-2422-410e-b7f6-5297a68de917","0b7e180a-baff-44a6-a47e-60dca63c17ac","DCFS_006.mammalGrid.mam","D09","DCFS","DCFS_006","G2","distributed","grasslandHerbaceous",47.174408,-99.050112,"WGS84",45.1,496.5,0.2,"6 - trap set and empty","ShermanXLK","2018-05-10","2018-05-10",,,,,,,,,,,,,,,,,,,,,,,,,,,,,,,,,,,,,,,,,,,,"elocke@battelleecology.org","dfarkas@battelleecology.org",,,
"70ae8a58-b6f3-4130-b31e-34f593acfdef","f57b697d-532f-4b42-8eff-ba56b3cfd2e2","DCFS_014.mammalGrid.mam","D09","DCFS","DCFS_014","C10","distributed","grasslandHerbaceous",47.120533,-99.056896,"WGS84",45.1,569.2,0.2,"6 - trap set and empty","ShermanXLK","2018-05-10","2018-05-10",,,,,,,,,,,,,,,,,,,,,,,,,,,,,,,,,,,,,,,,,,,,"elocke@battelleecology.org","dfarkas@battelleecology.org",,,
"24df52d7-d54f-4986-9df6-156a4569100f","64627881-a459-4ded-86e5-278e33baf4c0","DCFS_003.mammalGrid.mam","D09","DCFS","DCFS_003","B10","distributed","grasslandHerbaceous",47.204875,-99.184072,"WGS84",45.1,586.1,0.2,"6 - trap set and empty","ShermanXLK","2018-05-10","2018-05-10",,,,,,,,,,,,,,,,,,,,,,,,,,,,,,,,,,,,,,,,,,,,"elocke@battelleecology.org","dfarkas@battelleecology.org",,,
"95330428-516a-457f-8425-b4357c47da9c","64627881-a459-4ded-86e5-278e33baf4c0","DCFS_003.mammalGrid.mam","D09","DCFS","DCFS_003","C5","distributed","grasslandHerbaceous",47.204875,-99.184072,"WGS84",45.1,586.1,0.2,"6 - trap set and empty","ShermanXLK","2018-05-10","2018-05-10",,,,,,,,,,,,,,,,,,,,,,,,,,,,,,,,,,,,,,,,,,,,"elocke@battelleecology.org","dfarkas@battelleecology.org",,,
"f67b1ef4-a322-4699-8a4e-653aaf4f132e","0b7e180a-baff-44a6-a47e-60dca63c17ac","DCFS_006.mammalGrid.mam","D09","DCFS","DCFS_006","A2","distributed","grasslandHerbaceous",47.174408,-99.050112,"WGS84",45.1,496.5,0.2,"6 - trap set and empty","ShermanXLK","2018-05-10","2018-05-10",,,,,,,,,,,,,,,,,,,,,,,,,,,,,,,,,,,,,,,,,,,,"elocke@battelleecology.org","dfarkas@battelleecology.org",,,
"f359a739-6e44-4832-bf62-2be2d181f753","0b7e180a-baff-44a6-a47e-60dca63c17ac","DCFS_006.mammalGrid.mam","D09","DCFS","DCFS_006","F6","distributed","grasslandHerbaceous",47.174408,-99.050112,"WGS84",45.1,496.5,0.2,"5 - capture","ShermanXLK","2018-05-10","2018-05-10","NEON.MAM.D09.R3880",,"PEMA","Peromyscus maniculatus","species",,,,,"N","F","N","released",,"adult",,"nonenlarged","not","plugged",18,,,,21,"N","N","N",,,,"DCFS.20180510.R3880.B","D00000011239","mandibular - QNS","DCFS.20180510.R3880.F","D00000011157","fresh","DCFS.20180510.R3880.E","D00000011180",,,,,,"elocke@battelleecology.org","dfarkas@battelleecology.org",,,
"9a3b7b8e-0e90-441b-8e5d-cafb183c745b","64627881-a459-4ded-86e5-278e33baf4c0","DCFS_003.mammalGrid.mam","D09","DCFS","DCFS_003","E5","distributed","grasslandHerbaceous",47.204875,-99.184072,"WGS84",45.1,586.1,0.2,"6 - trap set and empty","ShermanXLK","2018-05-10","2018-05-10",,,,,,,,,,,,,,,,,,,,,,,,,,,,,,,,,,,,,,,,,,,,"elocke@battelleecology.org","dfarkas@battelleecology.org",,,
"63ebf226-9af9-4023-8eea-09f9b53c2e12","64627881-a459-4ded-86e5-278e33baf4c0","DCFS_003.mammalGrid.mam","D09","DCFS","DCFS_003","D1","distributed","grasslandHerbaceous",47.204875,-99.184072,"WGS84",45.1,586.1,0.2,"2 - trap disturbed/door closed but empty","ShermanXLK","2018-05-10","2018-05-10",,,,,,,,,,,,,,,,,,,,,,,,,,,,,,,,,,,,,,,,,,,,"elocke@battelleecology.org","dfarkas@battelleecology.org",,,
"bb76b216-73b0-4f54-aa8d-3b2b46c1c2df","64627881-a459-4ded-86e5-278e33baf4c0","DCFS_003.mammalGrid.mam","D09","DCFS","DCFS_003","A4","distributed","grasslandHerbaceous",47.204875,-99.184072,"WGS84",45.1,586.1,0.2,"5 - capture","ShermanXLK","2018-05-10","2018-05-10","NEON.MAM.D09.R3884",,"ICTR","Ictidomys tridecemlineatus","species",,,,,"N","M","N","released",,"adult","scrotal",,,,34,,,,149,"Y","N","N",,,,,,,,,,"DCFS.20180510.R3884.E","D00000011153",,,,,,"elocke@battelleecology.org","dfarkas@battelleecology.org",,,
"00223747-dc96-463f-a9ae-89f0eeaf270a","64627881-a459-4ded-86e5-278e33baf4c0","DCFS_003.mammalGrid.mam","D09","DCFS","DCFS_003","A9","distributed","grasslandHerbaceous",47.204875,-99.184072,"WGS84",45.1,586.1,0.2,"6 - trap set and empty","ShermanXLK","2018-05-10","2018-05-10",,,,,,,,,,,,,,,,,,,,,,,,,,,,,,,,,,,,,,,,,,,,"elocke@battelleecology.org","dfarkas@battelleecology.org",,,
"a5a7a324-0925-4cc5-a0ea-866378a3ee2a","0b7e180a-baff-44a6-a47e-60dca63c17ac","DCFS_006.mammalGrid.mam","D09","DCFS","DCFS_006","H3","distributed","grasslandHerbaceous",47.174408,-99.050112,"WGS84",45.1,496.5,0.2,"6 - trap set and empty","ShermanXLK","2018-05-10","2018-05-10",,,,,,,,,,,,,,,,,,,,,,,,,,,,,,,,,,,,,,,,,,,,"elocke@battelleecology.org","dfarkas@battelleecology.org",,,
"18b56b84-4e64-4e76-bf10-4efdee7990f1","64627881-a459-4ded-86e5-278e33baf4c0","DCFS_003.mammalGrid.mam","D09","DCFS","DCFS_003","G8","distributed","grasslandHerbaceous",47.204875,-99.184072,"WGS84",45.1,586.1,0.2,"6 - trap set and empty","ShermanXLK","2018-05-10","2018-05-10",,,,,,,,,,,,,,,,,,,,,,,,,,,,,,,,,,,,,,,,,,,,"elocke@battelleecology.org","dfarkas@battelleecology.org",,,
"e06627db-7879-44ba-aec0-f6b7ba9e2f17","0b7e180a-baff-44a6-a47e-60dca63c17ac","DCFS_006.mammalGrid.mam","D09","DCFS","DCFS_006","H4","distributed","grasslandHerbaceous",47.174408,-99.050112,"WGS84",45.1,496.5,0.2,"6 - trap set and empty","ShermanXLK","2018-05-10","2018-05-10",,,,,,,,,,,,,,,,,,,,,,,,,,,,,,,,,,,,,,,,,,,,"elocke@battelleecology.org","dfarkas@battelleecology.org",,,
"be30915d-145d-4d16-8f78-b60bdf4b1e25","64627881-a459-4ded-86e5-278e33baf4c0","DCFS_003.mammalGrid.mam","D09","DCFS","DCFS_003","A3","distributed","grasslandHerbaceous",47.204875,-99.184072,"WGS84",45.1,586.1,0.2,"5 - capture","ShermanXLK","2018-05-10","2018-05-10","NEON.MAM.D09.R3883",,"ICTR","Ictidomys tridecemlineatus","species",,,,,"N","F","N","released",,"adult",,"nonenlarged","not","neither",35,,,,155,"N","N","N",,,,,,,,,,"DCFS.20180510.R3883.E","D00000011186",,,,,,"elocke@battelleecology.org","dfarkas@battelleecology.org",,,
"01928bde-25e0-4ac2-b16d-e1f056e9c184","f57b697d-532f-4b42-8eff-ba56b3cfd2e2","DCFS_014.mammalGrid.mam","D09","DCFS","DCFS_014","D1","distributed","grasslandHerbaceous",47.120533,-99.056896,"WGS84",45.1,569.2,0.2,"6 - trap set and empty","ShermanXLK","2018-05-10","2018-05-10",,,,,,,,,,,,,,,,,,,,,,,,,,,,,,,,,,,,,,,,,,,,"elocke@battelleecology.org","dfarkas@battelleecology.org",,,
"1bcc87c5-3031-43ff-9e0a-37f8faaece96","64627881-a459-4ded-86e5-278e33baf4c0","DCFS_003.mammalGrid.mam","D09","DCFS","DCFS_003","J8","distributed","grasslandHerbaceous",47.204875,-99.184072,"WGS84",45.1,586.1,0.2,"6 - trap set and empty","ShermanXLK","2018-05-10","2018-05-10",,,,,,,,,,,,,,,,,,,,,,,,,,,,,,,,,,,,,,,,,,,,"elocke@battelleecology.org","dfarkas@battelleecology.org",,,
"24cb73de-0a34-4861-80a3-1404a5e66162","f57b697d-532f-4b42-8eff-ba56b3cfd2e2","DCFS_014.mammalGrid.mam","D09","DCFS","DCFS_014","F8","distributed","grasslandHerbaceous",47.120533,-99.056896,"WGS84",45.1,569.2,0.2,"6 - trap set and empty","ShermanXLK","2018-05-10","2018-05-10",,,,,,,,,,,,,,,,,,,,,,,,,,,,,,,,,,,,,,,,,,,,"elocke@battelleecology.org","dfarkas@battelleecology.org",,,
"fe92a74b-8445-49b0-b183-b29aa72aca2e","f57b697d-532f-4b42-8eff-ba56b3cfd2e2","DCFS_014.mammalGrid.mam","D09","DCFS","DCFS_014","E10","distributed","grasslandHerbaceous",47.120533,-99.056896,"WGS84",45.1,569.2,0.2,"6 - trap set and empty","ShermanXLK","2018-05-10","2018-05-10",,,,,,,,,,,,,,,,,,,,,,,,,,,,,,,,,,,,,,,,,,,,"elocke@battelleecology.org","dfarkas@battelleecology.org",,,
"cc8e3636-51c6-496c-9e44-50b293839af1","f57b697d-532f-4b42-8eff-ba56b3cfd2e2","DCFS_014.mammalGrid.mam","D09","DCFS","DCFS_014","J8","distributed","grasslandHerbaceous",47.120533,-99.056896,"WGS84",45.1,569.2,0.2,"6 - trap set and empty","ShermanXLK","2018-05-10","2018-05-10",,,,,,,,,,,,,,,,,,,,,,,,,,,,,,,,,,,,,,,,,,,,"elocke@battelleecology.org","dfarkas@battelleecology.org",,,
"0b64fb54-66d3-4868-9ea5-4eef384527e2","0b7e180a-baff-44a6-a47e-60dca63c17ac","DCFS_006.mammalGrid.mam","D09","DCFS","DCFS_006","I5","distributed","grasslandHerbaceous",47.174408,-99.050112,"WGS84",45.1,496.5,0.2,"6 - trap set and empty","ShermanXLK","2018-05-10","2018-05-10",,,,,,,,,,,,,,,,,,,,,,,,,,,,,,,,,,,,,,,,,,,,"elocke@battelleecology.org","dfarkas@battelleecology.org",,,
"79e189be-3522-42ae-8a6f-ba0d11a59839","64627881-a459-4ded-86e5-278e33baf4c0","DCFS_003.mammalGrid.mam","D09","DCFS","DCFS_003","B8","distributed","grasslandHerbaceous",47.204875,-99.184072,"WGS84",45.1,586.1,0.2,"6 - trap set and empty","ShermanXLK","2018-05-10","2018-05-10",,,,,,,,,,,,,,,,,,,,,,,,,,,,,,,,,,,,,,,,,,,,"elocke@battelleecology.org","dfarkas@battelleecology.org",,,
"cff1ef5d-043e-410f-a03f-b4d59ecaa559","f57b697d-532f-4b42-8eff-ba56b3cfd2e2","DCFS_014.mammalGrid.mam","D09","DCFS","DCFS_014","E9","distributed","grasslandHerbaceous",47.120533,-99.056896,"WGS84",45.1,569.2,0.2,"6 - trap set and empty","ShermanXLK","2018-05-10","2018-05-10",,,,,,,,,,,,,,,,,,,,,,,,,,,,,,,,,,,,,,,,,,,,"elocke@battelleecology.org","dfarkas@battelleecology.org",,,
"68a10e29-8677-44a7-987f-11c17c1ff2a7","f57b697d-532f-4b42-8eff-ba56b3cfd2e2","DCFS_014.mammalGrid.mam","D09","DCFS","DCFS_014","H7","distributed","grasslandHerbaceous",47.120533,-99.056896,"WGS84",45.1,569.2,0.2,"6 - trap set and empty","ShermanXLK","2018-05-10","2018-05-10",,,,,,,,,,,,,,,,,,,,,,,,,,,,,,,,,,,,,,,,,,,,"elocke@battelleecology.org","dfarkas@battelleecology.org",,,
"6be9158c-ed92-42e5-8a83-db96f3214b70","0b7e180a-baff-44a6-a47e-60dca63c17ac","DCFS_006.mammalGrid.mam","D09","DCFS","DCFS_006","C2","distributed","grasslandHerbaceous",47.174408,-99.050112,"WGS84",45.1,496.5,0.2,"6 - trap set and empty","ShermanXLK","2018-05-10","2018-05-10",,,,,,,,,,,,,,,,,,,,,,,,,,,,,,,,,,,,,,,,,,,,"elocke@battelleecology.org","dfarkas@battelleecology.org",,,
"c989abfd-a34a-4ff5-8ed7-cf30909bf49a","64627881-a459-4ded-86e5-278e33baf4c0","DCFS_003.mammalGrid.mam","D09","DCFS","DCFS_003","G1","distributed","grasslandHerbaceous",47.204875,-99.184072,"WGS84",45.1,586.1,0.2,"6 - trap set and empty","ShermanXLK","2018-05-10","2018-05-10",,,,,,,,,,,,,,,,,,,,,,,,,,,,,,,,,,,,,,,,,,,,"elocke@battelleecology.org","dfarkas@battelleecology.org",,,
"23519592-4a67-467d-a1b7-78d37f1661ab","0b7e180a-baff-44a6-a47e-60dca63c17ac","DCFS_006.mammalGrid.mam","D09","DCFS","DCFS_006","C3","distributed","grasslandHerbaceous",47.174408,-99.050112,"WGS84",45.1,496.5,0.2,"6 - trap set and empty","ShermanXLK","2018-05-10","2018-05-10",,,,,,,,,,,,,,,,,,,,,,,,,,,,,,,,,,,,,,,,,,,,"elocke@battelleecology.org","dfarkas@battelleecology.org",,,
"c4e0ad10-f139-44aa-a717-aa6cce201a61","0b7e180a-baff-44a6-a47e-60dca63c17ac","DCFS_006.mammalGrid.mam","D09","DCFS","DCFS_006","D2","distributed","grasslandHerbaceous",47.174408,-99.050112,"WGS84",45.1,496.5,0.2,"6 - trap set and empty","ShermanXLK","2018-05-10","2018-05-10",,,,,,,,,,,,,,,,,,,,,,,,,,,,,,,,,,,,,,,,,,,,"elocke@battelleecology.org","dfarkas@battelleecology.org",,,
"eb708c34-9a76-4acf-8432-0720a3dd91f0","64627881-a459-4ded-86e5-278e33baf4c0","DCFS_003.mammalGrid.mam","D09","DCFS","DCFS_003","E6","distributed","grasslandHerbaceous",47.204875,-99.184072,"WGS84",45.1,586.1,0.2,"6 - trap set and empty","ShermanXLK","2018-05-10","2018-05-10",,,,,,,,,,,,,,,,,,,,,,,,,,,,,,,,,,,,,,,,,,,,"elocke@battelleecology.org","dfarkas@battelleecology.org",,,
"67ef8792-b8b5-458b-9bbc-369239ae9aab","64627881-a459-4ded-86e5-278e33baf4c0","DCFS_003.mammalGrid.mam","D09","DCFS","DCFS_003","J2","distributed","grasslandHerbaceous",47.204875,-99.184072,"WGS84",45.1,586.1,0.2,"6 - trap set and empty","ShermanXLK","2018-05-10","2018-05-10",,,,,,,,,,,,,,,,,,,,,,,,,,,,,,,,,,,,,,,,,,,,"elocke@battelleecology.org","dfarkas@battelleecology.org",,,
"e566ec35-97cc-4b7e-b08a-903b39ae4559","f57b697d-532f-4b42-8eff-ba56b3cfd2e2","DCFS_014.mammalGrid.mam","D09","DCFS","DCFS_014","G6","distributed","grasslandHerbaceous",47.120533,-99.056896,"WGS84",45.1,569.2,0.2,"6 - trap set and empty","ShermanXLK","2018-05-10","2018-05-10",,,,,,,,,,,,,,,,,,,,,,,,,,,,,,,,,,,,,,,,,,,,"elocke@battelleecology.org","dfarkas@battelleecology.org",,,
"0c675575-99bb-4995-a5bd-8b3b1b992721","0b7e180a-baff-44a6-a47e-60dca63c17ac","DCFS_006.mammalGrid.mam","D09","DCFS","DCFS_006","F8","distributed","grasslandHerbaceous",47.174408,-99.050112,"WGS84",45.1,496.5,0.2,"6 - trap set and empty","ShermanXLK","2018-05-10","2018-05-10",,,,,,,,,,,,,,,,,,,,,,,,,,,,,,,,,,,,,,,,,,,,"elocke@battelleecology.org","dfarkas@battelleecology.org",,,
"9ce789d9-33e5-4161-8479-2ab2c3b30050","64627881-a459-4ded-86e5-278e33baf4c0","DCFS_003.mammalGrid.mam","D09","DCFS","DCFS_003","E3","distributed","grasslandHerbaceous",47.204875,-99.184072,"WGS84",45.1,586.1,0.2,"6 - trap set and empty","ShermanXLK","2018-05-10","2018-05-10",,,,,,,,,,,,,,,,,,,,,,,,,,,,,,,,,,,,,,,,,,,,"elocke@battelleecology.org","dfarkas@battelleecology.org",,,
"f8cc2073-fc72-423f-ba43-f1a987fc654c","64627881-a459-4ded-86e5-278e33baf4c0","DCFS_003.mammalGrid.mam","D09","DCFS","DCFS_003","A8","distributed","grasslandHerbaceous",47.204875,-99.184072,"WGS84",45.1,586.1,0.2,"6 - trap set and empty","ShermanXLK","2018-05-10","2018-05-10",,,,,,,,,,,,,,,,,,,,,,,,,,,,,,,,,,,,,,,,,,,,"elocke@battelleecology.org","dfarkas@battelleecology.org",,,
"b2176517-115d-4da4-9839-d6476d581d3b","64627881-a459-4ded-86e5-278e33baf4c0","DCFS_003.mammalGrid.mam","D09","DCFS","DCFS_003","J10","distributed","grasslandHerbaceous",47.204875,-99.184072,"WGS84",45.1,586.1,0.2,"1 - trap not set","ShermanXLK","2018-05-10","2018-05-10",,,,,,,,,,,,,,,,,,,,,,,,,,,,,,,,,,,,,,,,,,,,"elocke@battelleecology.org","dfarkas@battelleecology.org",,,
"a147fd7e-0cad-4c9b-9c19-b872563b3c6c","0b7e180a-baff-44a6-a47e-60dca63c17ac","DCFS_006.mammalGrid.mam","D09","DCFS","DCFS_006","G6","distributed","grasslandHerbaceous",47.174408,-99.050112,"WGS84",45.1,496.5,0.2,"6 - trap set and empty","ShermanXLK","2018-05-10","2018-05-10",,,,,,,,,,,,,,,,,,,,,,,,,,,,,,,,,,,,,,,,,,,,"elocke@battelleecology.org","dfarkas@battelleecology.org",,,
"e874134d-253f-4fa2-99d1-598f91e448a0","f57b697d-532f-4b42-8eff-ba56b3cfd2e2","DCFS_014.mammalGrid.mam","D09","DCFS","DCFS_014","C1","distributed","grasslandHerbaceous",47.120533,-99.056896,"WGS84",45.1,569.2,0.2,"6 - trap set and empty","ShermanXLK","2018-05-10","2018-05-10",,,,,,,,,,,,,,,,,,,,,,,,,,,,,,,,,,,,,,,,,,,,"elocke@battelleecology.org","dfarkas@battelleecology.org",,,
"99fde926-0ce2-4158-bd25-0ba01cbfbf05","0b7e180a-baff-44a6-a47e-60dca63c17ac","DCFS_006.mammalGrid.mam","D09","DCFS","DCFS_006","J4","distributed","grasslandHerbaceous",47.174408,-99.050112,"WGS84",45.1,496.5,0.2,"6 - trap set and empty","ShermanXLK","2018-05-10","2018-05-10",,,,,,,,,,,,,,,,,,,,,,,,,,,,,,,,,,,,,,,,,,,,"elocke@battelleecology.org","dfarkas@battelleecology.org",,,
"8c6b1539-a175-43ed-bd21-d5a23950fb00","f57b697d-532f-4b42-8eff-ba56b3cfd2e2","DCFS_014.mammalGrid.mam","D09","DCFS","DCFS_014","C7","distributed","grasslandHerbaceous",47.120533,-99.056896,"WGS84",45.1,569.2,0.2,"5 - capture","ShermanXLK","2018-05-10","2018-05-10","NEON.MAM.D09.R3876",,"MIPE","Microtus pennsylvanicus","species",,,,,"N","F","N","released",,"adult",,"nonenlarged","not","neither",17,,,,25,"N","N","N",,,,,,,"DCFS.20180510.R3876.F","D00000011177","fresh","DCFS.20180510.R3876.E","D00000011170","DCFS.20180510.R3876.H","A00000016625","hairAndWhisker",,,"elocke@battelleecology.org","dfarkas@battelleecology.org","Distressed. Injury to foot. Did not bleed.",,
"be8df33d-172b-422b-a588-59071f8ad6b0","f57b697d-532f-4b42-8eff-ba56b3cfd2e2","DCFS_014.mammalGrid.mam","D09","DCFS","DCFS_014","I7","distributed","grasslandHerbaceous",47.120533,-99.056896,"WGS84",45.1,569.2,0.2,"6 - trap set and empty","ShermanXLK","2018-05-10","2018-05-10",,,,,,,,,,,,,,,,,,,,,,,,,,,,,,,,,,,,,,,,,,,,"elocke@battelleecology.org","dfarkas@battelleecology.org",,,
"afd3d12d-fa64-49c8-8c4f-dedda78637c5","64627881-a459-4ded-86e5-278e33baf4c0","DCFS_003.mammalGrid.mam","D09","DCFS","DCFS_003","I2","distributed","grasslandHerbaceous",47.204875,-99.184072,"WGS84",45.1,586.1,0.2,"6 - trap set and empty","ShermanXLK","2018-05-10","2018-05-10",,,,,,,,,,,,,,,,,,,,,,,,,,,,,,,,,,,,,,,,,,,,"elocke@battelleecology.org","dfarkas@battelleecology.org",,,
"24a17572-dc68-41f3-8a48-db0fbffced35","f57b697d-532f-4b42-8eff-ba56b3cfd2e2","DCFS_014.mammalGrid.mam","D09","DCFS","DCFS_014","F2","distributed","grasslandHerbaceous",47.120533,-99.056896,"WGS84",45.1,569.2,0.2,"6 - trap set and empty","ShermanXLK","2018-05-10","2018-05-10",,,,,,,,,,,,,,,,,,,,,,,,,,,,,,,,,,,,,,,,,,,,"elocke@battelleecology.org","dfarkas@battelleecology.org",,,
"02451628-e100-43a5-9807-b55b80f4e816","f57b697d-532f-4b42-8eff-ba56b3cfd2e2","DCFS_014.mammalGrid.mam","D09","DCFS","DCFS_014","H2","distributed","grasslandHerbaceous",47.120533,-99.056896,"WGS84",45.1,569.2,0.2,"6 - trap set and empty","ShermanXLK","2018-05-10","2018-05-10",,,,,,,,,,,,,,,,,,,,,,,,,,,,,,,,,,,,,,,,,,,,"elocke@battelleecology.org","dfarkas@battelleecology.org",,,
"be9ca43a-feed-428d-8014-7f64598920e7","0b7e180a-baff-44a6-a47e-60dca63c17ac","DCFS_006.mammalGrid.mam","D09","DCFS","DCFS_006","I3","distributed","grasslandHerbaceous",47.174408,-99.050112,"WGS84",45.1,496.5,0.2,"6 - trap set and empty","ShermanXLK","2018-05-10","2018-05-10",,,,,,,,,,,,,,,,,,,,,,,,,,,,,,,,,,,,,,,,,,,,"elocke@battelleecology.org","dfarkas@battelleecology.org",,,
"1f633d38-18bd-4a61-9632-816ad17170f0","f57b697d-532f-4b42-8eff-ba56b3cfd2e2","DCFS_014.mammalGrid.mam","D09","DCFS","DCFS_014","I4","distributed","grasslandHerbaceous",47.120533,-99.056896,"WGS84",45.1,569.2,0.2,"6 - trap set and empty","ShermanXLK","2018-05-10","2018-05-10",,,,,,,,,,,,,,,,,,,,,,,,,,,,,,,,,,,,,,,,,,,,"elocke@battelleecology.org","dfarkas@battelleecology.org",,,
"7cf53370-aa9e-4c84-9644-3e1e3a38412f","64627881-a459-4ded-86e5-278e33baf4c0","DCFS_003.mammalGrid.mam","D09","DCFS","DCFS_003","C2","distributed","grasslandHerbaceous",47.204875,-99.184072,"WGS84",45.1,586.1,0.2,"6 - trap set and empty","ShermanXLK","2018-05-10","2018-05-10",,,,,,,,,,,,,,,,,,,,,,,,,,,,,,,,,,,,,,,,,,,,"elocke@battelleecology.org","dfarkas@battelleecology.org",,,
"39900bbe-a3ed-4245-8f22-1694822fa565","f57b697d-532f-4b42-8eff-ba56b3cfd2e2","DCFS_014.mammalGrid.mam","D09","DCFS","DCFS_014","E1","distributed","grasslandHerbaceous",47.120533,-99.056896,"WGS84",45.1,569.2,0.2,"6 - trap set and empty","ShermanXLK","2018-05-10","2018-05-10",,,,,,,,,,,,,,,,,,,,,,,,,,,,,,,,,,,,,,,,,,,,"elocke@battelleecology.org","dfarkas@battelleecology.org",,,
"ef10358a-98db-4421-905a-28b469b21de0","0b7e180a-baff-44a6-a47e-60dca63c17ac","DCFS_006.mammalGrid.mam","D09","DCFS","DCFS_006","D5","distributed","grasslandHerbaceous",47.174408,-99.050112,"WGS84",45.1,496.5,0.2,"6 - trap set and empty","ShermanXLK","2018-05-10","2018-05-10",,,,,,,,,,,,,,,,,,,,,,,,,,,,,,,,,,,,,,,,,,,,"elocke@battelleecology.org","dfarkas@battelleecology.org",,,
"ca2f4f57-18b1-4501-b887-ec7f83fb3ec6","64627881-a459-4ded-86e5-278e33baf4c0","DCFS_003.mammalGrid.mam","D09","DCFS","DCFS_003","F7","distributed","grasslandHerbaceous",47.204875,-99.184072,"WGS84",45.1,586.1,0.2,"6 - trap set and empty","ShermanXLK","2018-05-10","2018-05-10",,,,,,,,,,,,,,,,,,,,,,,,,,,,,,,,,,,,,,,,,,,,"elocke@battelleecology.org","dfarkas@battelleecology.org",,,
"4bae86e1-245a-48e2-8dd4-c5e28f1ba452","0b7e180a-baff-44a6-a47e-60dca63c17ac","DCFS_006.mammalGrid.mam","D09","DCFS","DCFS_006","C9","distributed","grasslandHerbaceous",47.174408,-99.050112,"WGS84",45.1,496.5,0.2,"6 - trap set and empty","ShermanXLK","2018-05-10","2018-05-10",,,,,,,,,,,,,,,,,,,,,,,,,,,,,,,,,,,,,,,,,,,,"elocke@battelleecology.org","dfarkas@battelleecology.org",,,
"703c27b5-1286-4a67-99cf-3c5a5ba7cad3","0b7e180a-baff-44a6-a47e-60dca63c17ac","DCFS_006.mammalGrid.mam","D09","DCFS","DCFS_006","G9","distributed","grasslandHerbaceous",47.174408,-99.050112,"WGS84",45.1,496.5,0.2,"6 - trap set and empty","ShermanXLK","2018-05-10","2018-05-10",,,,,,,,,,,,,,,,,,,,,,,,,,,,,,,,,,,,,,,,,,,,"elocke@battelleecology.org","dfarkas@battelleecology.org",,,
"a2104311-42a7-4cf4-be4d-6f87eb252fd8","64627881-a459-4ded-86e5-278e33baf4c0","DCFS_003.mammalGrid.mam","D09","DCFS","DCFS_003","B1","distributed","grasslandHerbaceous",47.204875,-99.184072,"WGS84",45.1,586.1,0.2,"6 - trap set and empty","ShermanXLK","2018-05-10","2018-05-10",,,,,,,,,,,,,,,,,,,,,,,,,,,,,,,,,,,,,,,,,,,,"elocke@battelleecology.org","dfarkas@battelleecology.org",,,
"0f3a4a51-7178-446a-b107-0bc5ac95570e","f57b697d-532f-4b42-8eff-ba56b3cfd2e2","DCFS_014.mammalGrid.mam","D09","DCFS","DCFS_014","H10","distributed","grasslandHerbaceous",47.120533,-99.056896,"WGS84",45.1,569.2,0.2,"6 - trap set and empty","ShermanXLK","2018-05-10","2018-05-10",,,,,,,,,,,,,,,,,,,,,,,,,,,,,,,,,,,,,,,,,,,,"elocke@battelleecology.org","dfarkas@battelleecology.org",,,
"8d769c47-f642-4d80-b2ab-700dc7b244b1","64627881-a459-4ded-86e5-278e33baf4c0","DCFS_003.mammalGrid.mam","D09","DCFS","DCFS_003","A6","distributed","grasslandHerbaceous",47.204875,-99.184072,"WGS84",45.1,586.1,0.2,"6 - trap set and empty","ShermanXLK","2018-05-10","2018-05-10",,,,,,,,,,,,,,,,,,,,,,,,,,,,,,,,,,,,,,,,,,,,"elocke@battelleecology.org","dfarkas@battelleecology.org",,,
"d90263a6-ffa1-496d-a032-42e46bf7b6a0","64627881-a459-4ded-86e5-278e33baf4c0","DCFS_003.mammalGrid.mam","D09","DCFS","DCFS_003","H8","distributed","grasslandHerbaceous",47.204875,-99.184072,"WGS84",45.1,586.1,0.2,"6 - trap set and empty","ShermanXLK","2018-05-10","2018-05-10",,,,,,,,,,,,,,,,,,,,,,,,,,,,,,,,,,,,,,,,,,,,"elocke@battelleecology.org","dfarkas@battelleecology.org",,,
"1e7ce848-2e93-4886-b870-888d9d6ee9de","0b7e180a-baff-44a6-a47e-60dca63c17ac","DCFS_006.mammalGrid.mam","D09","DCFS","DCFS_006","I10","distributed","grasslandHerbaceous",47.174408,-99.050112,"WGS84",45.1,496.5,0.2,"6 - trap set and empty","ShermanXLK","2018-05-10","2018-05-10",,,,,,,,,,,,,,,,,,,,,,,,,,,,,,,,,,,,,,,,,,,,"elocke@battelleecology.org","dfarkas@battelleecology.org",,,
"f2642376-efd3-41db-9b7f-d500d3b3b4dc","0b7e180a-baff-44a6-a47e-60dca63c17ac","DCFS_006.mammalGrid.mam","D09","DCFS","DCFS_006","B5","distributed","grasslandHerbaceous",47.174408,-99.050112,"WGS84",45.1,496.5,0.2,"6 - trap set and empty","ShermanXLK","2018-05-10","2018-05-10",,,,,,,,,,,,,,,,,,,,,,,,,,,,,,,,,,,,,,,,,,,,"elocke@battelleecology.org","dfarkas@battelleecology.org",,,
"d1952a88-11dd-4632-8b95-e3851ca631e6","64627881-a459-4ded-86e5-278e33baf4c0","DCFS_003.mammalGrid.mam","D09","DCFS","DCFS_003","J5","distributed","grasslandHerbaceous",47.204875,-99.184072,"WGS84",45.1,586.1,0.2,"1 - trap not set","ShermanXLK","2018-05-10","2018-05-10",,,,,,,,,,,,,,,,,,,,,,,,,,,,,,,,,,,,,,,,,,,,"elocke@battelleecology.org","dfarkas@battelleecology.org",,,
"8bca204d-acb7-436d-a941-7977144492e7","f57b697d-532f-4b42-8eff-ba56b3cfd2e2","DCFS_014.mammalGrid.mam","D09","DCFS","DCFS_014","F5","distributed","grasslandHerbaceous",47.120533,-99.056896,"WGS84",45.1,569.2,0.2,"6 - trap set and empty","ShermanXLK","2018-05-10","2018-05-10",,,,,,,,,,,,,,,,,,,,,,,,,,,,,,,,,,,,,,,,,,,,"elocke@battelleecology.org","dfarkas@battelleecology.org",,,
"9eb9c1ee-4fee-4563-8719-a356139c2bbf","64627881-a459-4ded-86e5-278e33baf4c0","DCFS_003.mammalGrid.mam","D09","DCFS","DCFS_003","D2","distributed","grasslandHerbaceous",47.204875,-99.184072,"WGS84",45.1,586.1,0.2,"6 - trap set and empty","ShermanXLK","2018-05-10","2018-05-10",,,,,,,,,,,,,,,,,,,,,,,,,,,,,,,,,,,,,,,,,,,,"elocke@battelleecology.org","dfarkas@battelleecology.org",,,
"851c8e72-b5ba-4da1-b5d4-a80b0a26a9d7","64627881-a459-4ded-86e5-278e33baf4c0","DCFS_003.mammalGrid.mam","D09","DCFS","DCFS_003","H6","distributed","grasslandHerbaceous",47.204875,-99.184072,"WGS84",45.1,586.1,0.2,"6 - trap set and empty","ShermanXLK","2018-05-10","2018-05-10",,,,,,,,,,,,,,,,,,,,,,,,,,,,,,,,,,,,,,,,,,,,"elocke@battelleecology.org","dfarkas@battelleecology.org",,,
"ed2e492d-7d99-4d33-95e3-3442c651fa9f","f57b697d-532f-4b42-8eff-ba56b3cfd2e2","DCFS_014.mammalGrid.mam","D09","DCFS","DCFS_014","E2","distributed","grasslandHerbaceous",47.120533,-99.056896,"WGS84",45.1,569.2,0.2,"6 - trap set and empty","ShermanXLK","2018-05-10","2018-05-10",,,,,,,,,,,,,,,,,,,,,,,,,,,,,,,,,,,,,,,,,,,,"elocke@battelleecology.org","dfarkas@battelleecology.org",,,
"33af201c-31af-4ddc-9557-4b0886ccfd8e","64627881-a459-4ded-86e5-278e33baf4c0","DCFS_003.mammalGrid.mam","D09","DCFS","DCFS_003","C8","distributed","grasslandHerbaceous",47.204875,-99.184072,"WGS84",45.1,586.1,0.2,"6 - trap set and empty","ShermanXLK","2018-05-10","2018-05-10",,,,,,,,,,,,,,,,,,,,,,,,,,,,,,,,,,,,,,,,,,,,"elocke@battelleecology.org","dfarkas@battelleecology.org",,,
"0f1b8a65-dbde-46a3-9246-68b42af169e9","0b7e180a-baff-44a6-a47e-60dca63c17ac","DCFS_006.mammalGrid.mam","D09","DCFS","DCFS_006","D7","distributed","grasslandHerbaceous",47.174408,-99.050112,"WGS84",45.1,496.5,0.2,"6 - trap set and empty","ShermanXLK","2018-05-10","2018-05-10",,,,,,,,,,,,,,,,,,,,,,,,,,,,,,,,,,,,,,,,,,,,"elocke@battelleecology.org","dfarkas@battelleecology.org",,,
"561f6947-49fb-4590-9e8d-1a48a9fc3f07","0b7e180a-baff-44a6-a47e-60dca63c17ac","DCFS_006.mammalGrid.mam","D09","DCFS","DCFS_006","E9","distributed","grasslandHerbaceous",47.174408,-99.050112,"WGS84",45.1,496.5,0.2,"2 - trap disturbed/door closed but empty","ShermanXLK","2018-05-10","2018-05-10",,,,,,,,,,,,,,,,,,,,,,,,,,,,,,,,,,,,,,,,,,,,"elocke@battelleecology.org","dfarkas@battelleecology.org",,,
"13523278-949e-4540-a5b4-370acc9d9ede","0b7e180a-baff-44a6-a47e-60dca63c17ac","DCFS_006.mammalGrid.mam","D09","DCFS","DCFS_006","J10","distributed","grasslandHerbaceous",47.174408,-99.050112,"WGS84",45.1,496.5,0.2,"6 - trap set and empty","ShermanXLK","2018-05-10","2018-05-10",,,,,,,,,,,,,,,,,,,,,,,,,,,,,,,,,,,,,,,,,,,,"elocke@battelleecology.org","dfarkas@battelleecology.org",,,
"8cccc480-62c0-4bfe-b6b6-ef2670367109","0b7e180a-baff-44a6-a47e-60dca63c17ac","DCFS_006.mammalGrid.mam","D09","DCFS","DCFS_006","D3","distributed","grasslandHerbaceous",47.174408,-99.050112,"WGS84",45.1,496.5,0.2,"6 - trap set and empty","ShermanXLK","2018-05-10","2018-05-10",,,,,,,,,,,,,,,,,,,,,,,,,,,,,,,,,,,,,,,,,,,,"elocke@battelleecology.org","dfarkas@battelleecology.org",,,
"9864b007-aee8-49dd-a6d6-7b0138820594","f57b697d-532f-4b42-8eff-ba56b3cfd2e2","DCFS_014.mammalGrid.mam","D09","DCFS","DCFS_014","B4","distributed","grasslandHerbaceous",47.120533,-99.056896,"WGS84",45.1,569.2,0.2,"6 - trap set and empty","ShermanXLK","2018-05-10","2018-05-10",,,,,,,,,,,,,,,,,,,,,,,,,,,,,,,,,,,,,,,,,,,,"elocke@battelleecology.org","dfarkas@battelleecology.org",,,
"05aacea5-09ab-4fcc-825b-aff59d13a0b7","f57b697d-532f-4b42-8eff-ba56b3cfd2e2","DCFS_014.mammalGrid.mam","D09","DCFS","DCFS_014","E6","distributed","grasslandHerbaceous",47.120533,-99.056896,"WGS84",45.1,569.2,0.2,"6 - trap set and empty","ShermanXLK","2018-05-10","2018-05-10",,,,,,,,,,,,,,,,,,,,,,,,,,,,,,,,,,,,,,,,,,,,"elocke@battelleecology.org","dfarkas@battelleecology.org",,,
"16989d52-805a-4d31-83fd-824c6506d2e9","0b7e180a-baff-44a6-a47e-60dca63c17ac","DCFS_006.mammalGrid.mam","D09","DCFS","DCFS_006","G1","distributed","grasslandHerbaceous",47.174408,-99.050112,"WGS84",45.1,496.5,0.2,"6 - trap set and empty","ShermanXLK","2018-05-10","2018-05-10",,,,,,,,,,,,,,,,,,,,,,,,,,,,,,,,,,,,,,,,,,,,"elocke@battelleecology.org","dfarkas@battelleecology.org",,,
"d4f00e4c-a804-4daa-9271-aebaf10da01a","f57b697d-532f-4b42-8eff-ba56b3cfd2e2","DCFS_014.mammalGrid.mam","D09","DCFS","DCFS_014","H3","distributed","grasslandHerbaceous",47.120533,-99.056896,"WGS84",45.1,569.2,0.2,"6 - trap set and empty","ShermanXLK","2018-05-10","2018-05-10",,,,,,,,,,,,,,,,,,,,,,,,,,,,,,,,,,,,,,,,,,,,"elocke@battelleecology.org","dfarkas@battelleecology.org",,,
"d24aba4a-59d0-47fd-9d62-ebb19c38fd5f","0b7e180a-baff-44a6-a47e-60dca63c17ac","DCFS_006.mammalGrid.mam","D09","DCFS","DCFS_006","B6","distributed","grasslandHerbaceous",47.174408,-99.050112,"WGS84",45.1,496.5,0.2,"6 - trap set and empty","ShermanXLK","2018-05-10","2018-05-10",,,,,,,,,,,,,,,,,,,,,,,,,,,,,,,,,,,,,,,,,,,,"elocke@battelleecology.org","dfarkas@battelleecology.org",,,
"ee4c8840-651c-428b-8c3f-b319d7251aec","f57b697d-532f-4b42-8eff-ba56b3cfd2e2","DCFS_014.mammalGrid.mam","D09","DCFS","DCFS_014","H4","distributed","grasslandHerbaceous",47.120533,-99.056896,"WGS84",45.1,569.2,0.2,"5 - capture","ShermanXLK","2018-05-10","2018-05-10","NEON.MAM.D09.R3877",,"MIPE","Microtus pennsylvanicus","species",,,,,"N","F","N","dead",,"adult",,"nonenlarged","not","plugged",,,,,,"N","N","N",,,,"DCFS.20180510.R3877.B",,"mandibular - QNS","DCFS.20180510.R3877.F",,"fresh",,,,,,"DCFS.20180510.R3877.V","A00000016731","elocke@battelleecology.org","dfarkas@battelleecology.org",,,
"caa63bdd-649b-43a8-980f-c2f31eda4cfe","64627881-a459-4ded-86e5-278e33baf4c0","DCFS_003.mammalGrid.mam","D09","DCFS","DCFS_003","J3","distributed","grasslandHerbaceous",47.204875,-99.184072,"WGS84",45.1,586.1,0.2,"6 - trap set and empty","ShermanXLK","2018-05-10","2018-05-10",,,,,,,,,,,,,,,,,,,,,,,,,,,,,,,,,,,,,,,,,,,,"elocke@battelleecology.org","dfarkas@battelleecology.org",,,
"e66f7349-6fba-4c88-9987-1fdeeb3adc4b","f57b697d-532f-4b42-8eff-ba56b3cfd2e2","DCFS_014.mammalGrid.mam","D09","DCFS","DCFS_014","D9","distributed","grasslandHerbaceous",47.120533,-99.056896,"WGS84",45.1,569.2,0.2,"6 - trap set and empty","ShermanXLK","2018-05-10","2018-05-10",,,,,,,,,,,,,,,,,,,,,,,,,,,,,,,,,,,,,,,,,,,,"elocke@battelleecology.org","dfarkas@battelleecology.org",,,
"4a49e2eb-3c8e-41de-a0da-ea902ea8fc47","0b7e180a-baff-44a6-a47e-60dca63c17ac","DCFS_006.mammalGrid.mam","D09","DCFS","DCFS_006","A1","distributed","grasslandHerbaceous",47.174408,-99.050112,"WGS84",45.1,496.5,0.2,"6 - trap set and empty","ShermanXLK","2018-05-10","2018-05-10",,,,,,,,,,,,,,,,,,,,,,,,,,,,,,,,,,,,,,,,,,,,"elocke@battelleecology.org","dfarkas@battelleecology.org",,,
"f330f945-a5ff-41cf-9ba2-3ea7bc40345f","f57b697d-532f-4b42-8eff-ba56b3cfd2e2","DCFS_014.mammalGrid.mam","D09","DCFS","DCFS_014","F4","distributed","grasslandHerbaceous",47.120533,-99.056896,"WGS84",45.1,569.2,0.2,"6 - trap set and empty","ShermanXLK","2018-05-10","2018-05-10",,,,,,,,,,,,,,,,,,,,,,,,,,,,,,,,,,,,,,,,,,,,"elocke@battelleecology.org","dfarkas@battelleecology.org",,,
"3f0b1b1f-e536-4e0b-95ed-e6d3f5aa3624","f57b697d-532f-4b42-8eff-ba56b3cfd2e2","DCFS_014.mammalGrid.mam","D09","DCFS","DCFS_014","C5","distributed","grasslandHerbaceous",47.120533,-99.056896,"WGS84",45.1,569.2,0.2,"6 - trap set and empty","ShermanXLK","2018-05-10","2018-05-10",,,,,,,,,,,,,,,,,,,,,,,,,,,,,,,,,,,,,,,,,,,,"elocke@battelleecology.org","dfarkas@battelleecology.org",,,
"0f1b5a54-4dc4-4cc1-81c4-dbb6bcb400b7","64627881-a459-4ded-86e5-278e33baf4c0","DCFS_003.mammalGrid.mam","D09","DCFS","DCFS_003","F2","distributed","grasslandHerbaceous",47.204875,-99.184072,"WGS84",45.1,586.1,0.2,"6 - trap set and empty","ShermanXLK","2018-05-10","2018-05-10",,,,,,,,,,,,,,,,,,,,,,,,,,,,,,,,,,,,,,,,,,,,"elocke@battelleecology.org","dfarkas@battelleecology.org",,,
"12c1e245-71a3-4148-99ec-24f62fb5767c","f57b697d-532f-4b42-8eff-ba56b3cfd2e2","DCFS_014.mammalGrid.mam","D09","DCFS","DCFS_014","H9","distributed","grasslandHerbaceous",47.120533,-99.056896,"WGS84",45.1,569.2,0.2,"6 - trap set and empty","ShermanXLK","2018-05-10","2018-05-10",,,,,,,,,,,,,,,,,,,,,,,,,,,,,,,,,,,,,,,,,,,,"elocke@battelleecology.org","dfarkas@battelleecology.org",,,
"8488d6b7-1180-4fed-a80c-a1ad8b1ebfd2","0b7e180a-baff-44a6-a47e-60dca63c17ac","DCFS_006.mammalGrid.mam","D09","DCFS","DCFS_006","C7","distributed","grasslandHerbaceous",47.174408,-99.050112,"WGS84",45.1,496.5,0.2,"6 - trap set and empty","ShermanXLK","2018-05-10","2018-05-10",,,,,,,,,,,,,,,,,,,,,,,,,,,,,,,,,,,,,,,,,,,,"elocke@battelleecology.org","dfarkas@battelleecology.org",,,
"692fc066-7198-496a-a607-883ca52e4e2e","0b7e180a-baff-44a6-a47e-60dca63c17ac","DCFS_006.mammalGrid.mam","D09","DCFS","DCFS_006","I6","distributed","grasslandHerbaceous",47.174408,-99.050112,"WGS84",45.1,496.5,0.2,"6 - trap set and empty","ShermanXLK","2018-05-10","2018-05-10",,,,,,,,,,,,,,,,,,,,,,,,,,,,,,,,,,,,,,,,,,,,"elocke@battelleecology.org","dfarkas@battelleecology.org",,,
"c8408a82-8cfb-4716-b569-92dcfde6b8ed","64627881-a459-4ded-86e5-278e33baf4c0","DCFS_003.mammalGrid.mam","D09","DCFS","DCFS_003","H2","distributed","grasslandHerbaceous",47.204875,-99.184072,"WGS84",45.1,586.1,0.2,"6 - trap set and empty","ShermanXLK","2018-05-10","2018-05-10",,,,,,,,,,,,,,,,,,,,,,,,,,,,,,,,,,,,,,,,,,,,"elocke@battelleecology.org","dfarkas@battelleecology.org",,,
"555cfe1a-236f-42a4-be7b-2764d18dc7fa","64627881-a459-4ded-86e5-278e33baf4c0","DCFS_003.mammalGrid.mam","D09","DCFS","DCFS_003","I8","distributed","grasslandHerbaceous",47.204875,-99.184072,"WGS84",45.1,586.1,0.2,"6 - trap set and empty","ShermanXLK","2018-05-10","2018-05-10",,,,,,,,,,,,,,,,,,,,,,,,,,,,,,,,,,,,,,,,,,,,"elocke@battelleecology.org","dfarkas@battelleecology.org",,,
"911f1d3d-f25d-4c63-b93e-19d4ead0311d","64627881-a459-4ded-86e5-278e33baf4c0","DCFS_003.mammalGrid.mam","D09","DCFS","DCFS_003","F5","distributed","grasslandHerbaceous",47.204875,-99.184072,"WGS84",45.1,586.1,0.2,"6 - trap set and empty","ShermanXLK","2018-05-10","2018-05-10",,,,,,,,,,,,,,,,,,,,,,,,,,,,,,,,,,,,,,,,,,,,"elocke@battelleecology.org","dfarkas@battelleecology.org",,,
"70a78805-37a3-4d14-8b1b-cd651e617182","0b7e180a-baff-44a6-a47e-60dca63c17ac","DCFS_006.mammalGrid.mam","D09","DCFS","DCFS_006","B4","distributed","grasslandHerbaceous",47.174408,-99.050112,"WGS84",45.1,496.5,0.2,"6 - trap set and empty","ShermanXLK","2018-05-10","2018-05-10",,,,,,,,,,,,,,,,,,,,,,,,,,,,,,,,,,,,,,,,,,,,"elocke@battelleecology.org","dfarkas@battelleecology.org",,,
"a06b1a6b-4bce-4b19-8623-3da2f6769b05","f57b697d-532f-4b42-8eff-ba56b3cfd2e2","DCFS_014.mammalGrid.mam","D09","DCFS","DCFS_014","G3","distributed","grasslandHerbaceous",47.120533,-99.056896,"WGS84",45.1,569.2,0.2,"6 - trap set and empty","ShermanXLK","2018-05-10","2018-05-10",,,,,,,,,,,,,,,,,,,,,,,,,,,,,,,,,,,,,,,,,,,,"elocke@battelleecology.org","dfarkas@battelleecology.org",,,
"d68d0ae9-e9ce-4f6f-96b5-b4136a8d55be","64627881-a459-4ded-86e5-278e33baf4c0","DCFS_003.mammalGrid.mam","D09","DCFS","DCFS_003","G3","distributed","grasslandHerbaceous",47.204875,-99.184072,"WGS84",45.1,586.1,0.2,"6 - trap set and empty","ShermanXLK","2018-05-10","2018-05-10",,,,,,,,,,,,,,,,,,,,,,,,,,,,,,,,,,,,,,,,,,,,"elocke@battelleecology.org","dfarkas@battelleecology.org",,,
"8d00273e-e41d-4a93-85be-3e148286d0cc","f57b697d-532f-4b42-8eff-ba56b3cfd2e2","DCFS_014.mammalGrid.mam","D09","DCFS","DCFS_014","J7","distributed","grasslandHerbaceous",47.120533,-99.056896,"WGS84",45.1,569.2,0.2,"6 - trap set and empty","ShermanXLK","2018-05-10","2018-05-10",,,,,,,,,,,,,,,,,,,,,,,,,,,,,,,,,,,,,,,,,,,,"elocke@battelleecology.org","dfarkas@battelleecology.org",,,
"8b1e219f-d247-4cbe-b35c-b5e6be1efc94","f57b697d-532f-4b42-8eff-ba56b3cfd2e2","DCFS_014.mammalGrid.mam","D09","DCFS","DCFS_014","J4","distributed","grasslandHerbaceous",47.120533,-99.056896,"WGS84",45.1,569.2,0.2,"6 - trap set and empty","ShermanXLK","2018-05-10","2018-05-10",,,,,,,,,,,,,,,,,,,,,,,,,,,,,,,,,,,,,,,,,,,,"elocke@battelleecology.org","dfarkas@battelleecology.org",,,
"d448f823-cc40-4450-a689-7f71192e73e3","0b7e180a-baff-44a6-a47e-60dca63c17ac","DCFS_006.mammalGrid.mam","D09","DCFS","DCFS_006","A7","distributed","grasslandHerbaceous",47.174408,-99.050112,"WGS84",45.1,496.5,0.2,"6 - trap set and empty","ShermanXLK","2018-05-10","2018-05-10",,,,,,,,,,,,,,,,,,,,,,,,,,,,,,,,,,,,,,,,,,,,"elocke@battelleecology.org","dfarkas@battelleecology.org",,,
"b2212941-f11b-4d8e-a367-2c7e0fad36fb","64627881-a459-4ded-86e5-278e33baf4c0","DCFS_003.mammalGrid.mam","D09","DCFS","DCFS_003","H7","distributed","grasslandHerbaceous",47.204875,-99.184072,"WGS84",45.1,586.1,0.2,"6 - trap set and empty","ShermanXLK","2018-05-10","2018-05-10",,,,,,,,,,,,,,,,,,,,,,,,,,,,,,,,,,,,,,,,,,,,"elocke@battelleecology.org","dfarkas@battelleecology.org",,,
"092852c2-4e34-429f-b38a-644f2860aa29","66deb44f-c4eb-4bed-a296-d9bc9f455a80","DCFS_009.mammalGrid.mam","D09","DCFS","DCFS_009","B3","distributed","grasslandHerbaceous",47.210861,-99.183174,"WGS84",45.1,587.4,0.2,"6 - trap set and empty","ShermanXLK","2018-05-11","2018-05-11",,,,,,,,,,,,,,,,,,,,,,,,,,,,,,,,,,,,,,,,,,,,"jschempf@battelleecology.org","cmackenzie@battelleecology.org",,,
"6f304355-c799-4bf0-be03-ff0c13222166","6d4105da-5ffa-4661-a808-f0e683bb4bb8","DCFS_004.mammalGrid.mam","D09","DCFS","DCFS_004","C10","distributed","grasslandHerbaceous",47.170237,-99.051720,"WGS84",45.1,507.7,0.2,"6 - trap set and empty","ShermanXLK","2018-05-11","2018-05-11",,,,,,,,,,,,,,,,,,,,,,,,,,,,,,,,,,,,,,,,,,,,,,,,
"ba84c916-8a5c-4911-a293-e4b693abe36b","6d4105da-5ffa-4661-a808-f0e683bb4bb8","DCFS_004.mammalGrid.mam","D09","DCFS","DCFS_004","A6","distributed","grasslandHerbaceous",47.170237,-99.051720,"WGS84",45.1,507.7,0.2,"6 - trap set and empty","ShermanXLK","2018-05-11","2018-05-11",,,,,,,,,,,,,,,,,,,,,,,,,,,,,,,,,,,,,,,,,,,,,,,,
"a295b096-82ac-407d-8906-e55d7f207942","66deb44f-c4eb-4bed-a296-d9bc9f455a80","DCFS_009.mammalGrid.mam","D09","DCFS","DCFS_009","J7","distributed","grasslandHerbaceous",47.210861,-99.183174,"WGS84",45.1,587.4,0.2,"6 - trap set and empty","ShermanXLK","2018-05-11","2018-05-11",,,,,,,,,,,,,,,,,,,,,,,,,,,,,,,,,,,,,,,,,,,,"jschempf@battelleecology.org","cmackenzie@battelleecology.org",,,
"a2f85634-7268-48da-95d7-2589fe7e0691","b18cd39e-a5a0-467f-b1ab-e3c03a1a9ddd","DCFS_003.mammalGrid.mam","D09","DCFS","DCFS_003","G5","distributed","grasslandHerbaceous",47.204875,-99.184072,"WGS84",45.1,586.1,0.2,"6 - trap set and empty","ShermanXLK","2018-05-11","2018-05-11",,,,,,,,,,,,,,,,,,,,,,,,,,,,,,,,,,,,,,,,,,,,"jschempf@battelleecology.org","cmackenzie@battelleecology.org",,,
"2a6f9d53-626e-4f98-931b-c08a0fb69159","66deb44f-c4eb-4bed-a296-d9bc9f455a80","DCFS_009.mammalGrid.mam","D09","DCFS","DCFS_009","E4","distributed","grasslandHerbaceous",47.210861,-99.183174,"WGS84",45.1,587.4,0.2,"6 - trap set and empty","ShermanXLK","2018-05-11","2018-05-11",,,,,,,,,,,,,,,,,,,,,,,,,,,,,,,,,,,,,,,,,,,,"jschempf@battelleecology.org","cmackenzie@battelleecology.org",,,
"a6ee41b1-444e-4ecc-be1c-0ede80ce9754","42ca27bd-f20c-4b3d-a6df-b3967b9e997d","DCFS_020.mammalGrid.mam","D09","DCFS","DCFS_020","B2","distributed","grasslandHerbaceous",47.169185,-99.054844,"WGS84",45.1,516.0,0.2,"6 - trap set and empty","ShermanXLK","2018-05-11","2018-05-11",,,,,,,,,,,,,,,,,,,,,,,,,,,,,,,,,,,,,,,,,,,,"elocke@battelleecology.org","dfarkas@battelleecology.org",,,
"f67bcc9a-12a0-473b-9c92-53d7c6a804f9","6d4105da-5ffa-4661-a808-f0e683bb4bb8","DCFS_004.mammalGrid.mam","D09","DCFS","DCFS_004","J3","distributed","grasslandHerbaceous",47.170237,-99.051720,"WGS84",45.1,507.7,0.2,"6 - trap set and empty","ShermanXLK","2018-05-11","2018-05-11",,,,,,,,,,,,,,,,,,,,,,,,,,,,,,,,,,,,,,,,,,,,,,,,
"4c0b8ea7-ee98-4db9-ab8c-bb4b9b2ba493","b18cd39e-a5a0-467f-b1ab-e3c03a1a9ddd","DCFS_003.mammalGrid.mam","D09","DCFS","DCFS_003","J7","distributed","grasslandHerbaceous",47.204875,-99.184072,"WGS84",45.1,586.1,0.2,"1 - trap not set","ShermanXLK","2018-05-11","2018-05-11",,,,,,,,,,,,,,,,,,,,,,,,,,,,,,,,,,,,,,,,,,,,"jschempf@battelleecology.org","cmackenzie@battelleecology.org",,,
"3a3451c8-6ba7-44e7-8b67-c149baaf59af","42ca27bd-f20c-4b3d-a6df-b3967b9e997d","DCFS_020.mammalGrid.mam","D09","DCFS","DCFS_020","H2","distributed","grasslandHerbaceous",47.169185,-99.054844,"WGS84",45.1,516.0,0.2,"6 - trap set and empty","ShermanXLK","2018-05-11","2018-05-11",,,,,,,,,,,,,,,,,,,,,,,,,,,,,,,,,,,,,,,,,,,,"elocke@battelleecology.org","dfarkas@battelleecology.org",,,
"47ff6efe-578d-43a2-abbf-9fcfa012696f","b18cd39e-a5a0-467f-b1ab-e3c03a1a9ddd","DCFS_003.mammalGrid.mam","D09","DCFS","DCFS_003","G2","distributed","grasslandHerbaceous",47.204875,-99.184072,"WGS84",45.1,586.1,0.2,"6 - trap set and empty","ShermanXLK","2018-05-11","2018-05-11",,,,,,,,,,,,,,,,,,,,,,,,,,,,,,,,,,,,,,,,,,,,"jschempf@battelleecology.org","cmackenzie@battelleecology.org",,,
"2bf1f24f-d80e-4770-82d8-a80a8e0ccb70","42ca27bd-f20c-4b3d-a6df-b3967b9e997d","DCFS_020.mammalGrid.mam","D09","DCFS","DCFS_020","I6","distributed","grasslandHerbaceous",47.169185,-99.054844,"WGS84",45.1,516.0,0.2,"6 - trap set and empty","ShermanXLK","2018-05-11","2018-05-11",,,,,,,,,,,,,,,,,,,,,,,,,,,,,,,,,,,,,,,,,,,,"elocke@battelleecology.org","dfarkas@battelleecology.org",,,
"bd39c401-a5b8-4fce-b961-3b5dc31e07b7","42ca27bd-f20c-4b3d-a6df-b3967b9e997d","DCFS_020.mammalGrid.mam","D09","DCFS","DCFS_020","E8","distributed","grasslandHerbaceous",47.169185,-99.054844,"WGS84",45.1,516.0,0.2,"6 - trap set and empty","ShermanXLK","2018-05-11","2018-05-11",,,,,,,,,,,,,,,,,,,,,,,,,,,,,,,,,,,,,,,,,,,,"elocke@battelleecology.org","dfarkas@battelleecology.org",,,
"f87dfaa3-27f5-40aa-b6e5-8a89c17d76ab","66deb44f-c4eb-4bed-a296-d9bc9f455a80","DCFS_009.mammalGrid.mam","D09","DCFS","DCFS_009","B9","distributed","grasslandHerbaceous",47.210861,-99.183174,"WGS84",45.1,587.4,0.2,"1 - trap not set","ShermanXLK","2018-05-11","2018-05-11",,,,,,,,,,,,,,,,,,,,,,,,,,,,,,,,,,,,,,,,,,,,"jschempf@battelleecology.org","cmackenzie@battelleecology.org","Wate",,
"88464bfd-53b6-4f3d-ba5d-62c34460cfbc","66deb44f-c4eb-4bed-a296-d9bc9f455a80","DCFS_009.mammalGrid.mam","D09","DCFS","DCFS_009","F5","distributed","grasslandHerbaceous",47.210861,-99.183174,"WGS84",45.1,587.4,0.2,"6 - trap set and empty","ShermanXLK","2018-05-11","2018-05-11",,,,,,,,,,,,,,,,,,,,,,,,,,,,,,,,,,,,,,,,,,,,"jschempf@battelleecology.org","cmackenzie@battelleecology.org",,,
"76281c12-8887-4d50-ab44-ffb7cf27160f","6d4105da-5ffa-4661-a808-f0e683bb4bb8","DCFS_004.mammalGrid.mam","D09","DCFS","DCFS_004","G2","distributed","grasslandHerbaceous",47.170237,-99.051720,"WGS84",45.1,507.7,0.2,"6 - trap set and empty","ShermanXLK","2018-05-11","2018-05-11",,,,,,,,,,,,,,,,,,,,,,,,,,,,,,,,,,,,,,,,,,,,,,,,
"bca70e32-da30-418f-b268-b44171a8be54","42ca27bd-f20c-4b3d-a6df-b3967b9e997d","DCFS_020.mammalGrid.mam","D09","DCFS","DCFS_020","B4","distributed","grasslandHerbaceous",47.169185,-99.054844,"WGS84",45.1,516.0,0.2,"6 - trap set and empty","ShermanXLK","2018-05-11","2018-05-11",,,,,,,,,,,,,,,,,,,,,,,,,,,,,,,,,,,,,,,,,,,,"elocke@battelleecology.org","dfarkas@battelleecology.org",,,
"d44f259b-f6b6-47a1-8c38-e1b445cc8dc7","6d4105da-5ffa-4661-a808-f0e683bb4bb8","DCFS_004.mammalGrid.mam","D09","DCFS","DCFS_004","G5","distributed","grasslandHerbaceous",47.170237,-99.051720,"WGS84",45.1,507.7,0.2,"6 - trap set and empty","ShermanXLK","2018-05-11","2018-05-11",,,,,,,,,,,,,,,,,,,,,,,,,,,,,,,,,,,,,,,,,,,,,,,,
"a778be3f-0c12-4214-86ae-e9561493aed3","6d4105da-5ffa-4661-a808-f0e683bb4bb8","DCFS_004.mammalGrid.mam","D09","DCFS","DCFS_004","C4","distributed","grasslandHerbaceous",47.170237,-99.051720,"WGS84",45.1,507.7,0.2,"6 - trap set and empty","ShermanXLK","2018-05-11","2018-05-11",,,,,,,,,,,,,,,,,,,,,,,,,,,,,,,,,,,,,,,,,,,,,,,,
"7f36755a-c908-46d5-b4e8-0b1ac93483f6","66deb44f-c4eb-4bed-a296-d9bc9f455a80","DCFS_009.mammalGrid.mam","D09","DCFS","DCFS_009","G8","distributed","grasslandHerbaceous",47.210861,-99.183174,"WGS84",45.1,587.4,0.2,"6 - trap set and empty","ShermanXLK","2018-05-11","2018-05-11",,,,,,,,,,,,,,,,,,,,,,,,,,,,,,,,,,,,,,,,,,,,"jschempf@battelleecology.org","cmackenzie@battelleecology.org",,,
"cd349354-f02b-4e38-abea-9dde395901e5","42ca27bd-f20c-4b3d-a6df-b3967b9e997d","DCFS_020.mammalGrid.mam","D09","DCFS","DCFS_020","C7","distributed","grasslandHerbaceous",47.169185,-99.054844,"WGS84",45.1,516.0,0.2,"1 - trap not set","ShermanXLK","2018-05-11","2018-05-11",,,,,,,,,,,,,,,,,,,,,,,,,,,,,,,,,,,,,,,,,,,,"elocke@battelleecology.org","dfarkas@battelleecology.org","Trap missing",,
"f74a8a90-4ce9-49ee-be01-9dcc0980a5a5","42ca27bd-f20c-4b3d-a6df-b3967b9e997d","DCFS_020.mammalGrid.mam","D09","DCFS","DCFS_020","J10","distributed","grasslandHerbaceous",47.169185,-99.054844,"WGS84",45.1,516.0,0.2,"6 - trap set and empty","ShermanXLK","2018-05-11","2018-05-11",,,,,,,,,,,,,,,,,,,,,,,,,,,,,,,,,,,,,,,,,,,,"elocke@battelleecology.org","dfarkas@battelleecology.org",,,
"79656afb-4f54-40eb-a861-2dba3229581b","42ca27bd-f20c-4b3d-a6df-b3967b9e997d","DCFS_020.mammalGrid.mam","D09","DCFS","DCFS_020","D10","distributed","grasslandHerbaceous",47.169185,-99.054844,"WGS84",45.1,516.0,0.2,"6 - trap set and empty","ShermanXLK","2018-05-11","2018-05-11",,,,,,,,,,,,,,,,,,,,,,,,,,,,,,,,,,,,,,,,,,,,"elocke@battelleecology.org","dfarkas@battelleecology.org",,,
"bf7a3aea-8c0e-4eda-b7f9-7034b558e4bc","b18cd39e-a5a0-467f-b1ab-e3c03a1a9ddd","DCFS_003.mammalGrid.mam","D09","DCFS","DCFS_003","H4","distributed","grasslandHerbaceous",47.204875,-99.184072,"WGS84",45.1,586.1,0.2,"6 - trap set and empty","ShermanXLK","2018-05-11","2018-05-11",,,,,,,,,,,,,,,,,,,,,,,,,,,,,,,,,,,,,,,,,,,,"jschempf@battelleecology.org","cmackenzie@battelleecology.org",,,
"88671bf4-7559-470c-b7fa-47eb79e768d0","b18cd39e-a5a0-467f-b1ab-e3c03a1a9ddd","DCFS_003.mammalGrid.mam","D09","DCFS","DCFS_003","A5","distributed","grasslandHerbaceous",47.204875,-99.184072,"WGS84",45.1,586.1,0.2,"6 - trap set and empty","ShermanXLK","2018-05-11","2018-05-11",,,,,,,,,,,,,,,,,,,,,,,,,,,,,,,,,,,,,,,,,,,,"jschempf@battelleecology.org","cmackenzie@battelleecology.org",,,
"43128b3f-d30c-4b6a-8702-bdad1e89fee4","66deb44f-c4eb-4bed-a296-d9bc9f455a80","DCFS_009.mammalGrid.mam","D09","DCFS","DCFS_009","I9","distributed","grasslandHerbaceous",47.210861,-99.183174,"WGS84",45.1,587.4,0.2,"6 - trap set and empty","ShermanXLK","2018-05-11","2018-05-11",,,,,,,,,,,,,,,,,,,,,,,,,,,,,,,,,,,,,,,,,,,,"jschempf@battelleecology.org","cmackenzie@battelleecology.org",,,
"260e6ed7-d81c-4b57-9254-4ac33336c288","66deb44f-c4eb-4bed-a296-d9bc9f455a80","DCFS_009.mammalGrid.mam","D09","DCFS","DCFS_009","E7","distributed","grasslandHerbaceous",47.210861,-99.183174,"WGS84",45.1,587.4,0.2,"6 - trap set and empty","ShermanXLK","2018-05-11","2018-05-11",,,,,,,,,,,,,,,,,,,,,,,,,,,,,,,,,,,,,,,,,,,,"jschempf@battelleecology.org","cmackenzie@battelleecology.org",,,
"78ea2082-2abd-4439-bea2-71158b59ff80","b18cd39e-a5a0-467f-b1ab-e3c03a1a9ddd","DCFS_003.mammalGrid.mam","D09","DCFS","DCFS_003","H6","distributed","grasslandHerbaceous",47.204875,-99.184072,"WGS84",45.1,586.1,0.2,"6 - trap set and empty","ShermanXLK","2018-05-11","2018-05-11",,,,,,,,,,,,,,,,,,,,,,,,,,,,,,,,,,,,,,,,,,,,"jschempf@battelleecology.org","cmackenzie@battelleecology.org",,,
"74cea40b-ced5-43ea-997c-3d12ccd7dff6","42ca27bd-f20c-4b3d-a6df-b3967b9e997d","DCFS_020.mammalGrid.mam","D09","DCFS","DCFS_020","E5","distributed","grasslandHerbaceous",47.169185,-99.054844,"WGS84",45.1,516.0,0.2,"6 - trap set and empty","ShermanXLK","2018-05-11","2018-05-11",,,,,,,,,,,,,,,,,,,,,,,,,,,,,,,,,,,,,,,,,,,,"elocke@battelleecology.org","dfarkas@battelleecology.org",,,
"b3c9bcc1-6e11-4ff4-9438-c41fa9ce432f","6d4105da-5ffa-4661-a808-f0e683bb4bb8","DCFS_004.mammalGrid.mam","D09","DCFS","DCFS_004","D6","distributed","grasslandHerbaceous",47.170237,-99.051720,"WGS84",45.1,507.7,0.2,"6 - trap set and empty","ShermanXLK","2018-05-11","2018-05-11",,,,,,,,,,,,,,,,,,,,,,,,,,,,,,,,,,,,,,,,,,,,,,,,
"c13be959-e7f5-4328-b9c8-404b0f0313f6","6d4105da-5ffa-4661-a808-f0e683bb4bb8","DCFS_004.mammalGrid.mam","D09","DCFS","DCFS_004","G3","distributed","grasslandHerbaceous",47.170237,-99.051720,"WGS84",45.1,507.7,0.2,"6 - trap set and empty","ShermanXLK","2018-05-11","2018-05-11",,,,,,,,,,,,,,,,,,,,,,,,,,,,,,,,,,,,,,,,,,,,,,,,
"3039d755-c648-4216-bb95-c02a7165b65e","6d4105da-5ffa-4661-a808-f0e683bb4bb8","DCFS_004.mammalGrid.mam","D09","DCFS","DCFS_004","J8","distributed","grasslandHerbaceous",47.170237,-99.051720,"WGS84",45.1,507.7,0.2,"6 - trap set and empty","ShermanXLK","2018-05-11","2018-05-11",,,,,,,,,,,,,,,,,,,,,,,,,,,,,,,,,,,,,,,,,,,,,,,,
"83472fee-1106-4979-b011-a6a91f6c909b","66deb44f-c4eb-4bed-a296-d9bc9f455a80","DCFS_009.mammalGrid.mam","D09","DCFS","DCFS_009","B7","distributed","grasslandHerbaceous",47.210861,-99.183174,"WGS84",45.1,587.4,0.2,"6 - trap set and empty","ShermanXLK","2018-05-11","2018-05-11",,,,,,,,,,,,,,,,,,,,,,,,,,,,,,,,,,,,,,,,,,,,"jschempf@battelleecology.org","cmackenzie@battelleecology.org",,,
"4e7ba04c-ff0c-4755-be7e-60fbed9c6f12","6d4105da-5ffa-4661-a808-f0e683bb4bb8","DCFS_004.mammalGrid.mam","D09","DCFS","DCFS_004","J6","distributed","grasslandHerbaceous",47.170237,-99.051720,"WGS84",45.1,507.7,0.2,"6 - trap set and empty","ShermanXLK","2018-05-11","2018-05-11",,,,,,,,,,,,,,,,,,,,,,,,,,,,,,,,,,,,,,,,,,,,,,,,
"b0c166a2-2cd0-4201-87fd-c28728de856e","b18cd39e-a5a0-467f-b1ab-e3c03a1a9ddd","DCFS_003.mammalGrid.mam","D09","DCFS","DCFS_003","B5","distributed","grasslandHerbaceous",47.204875,-99.184072,"WGS84",45.1,586.1,0.2,"6 - trap set and empty","ShermanXLK","2018-05-11","2018-05-11",,,,,,,,,,,,,,,,,,,,,,,,,,,,,,,,,,,,,,,,,,,,"jschempf@battelleecology.org","cmackenzie@battelleecology.org",,,
"92364125-96c9-499f-b4ca-9496c993571c","42ca27bd-f20c-4b3d-a6df-b3967b9e997d","DCFS_020.mammalGrid.mam","D09","DCFS","DCFS_020","G10","distributed","grasslandHerbaceous",47.169185,-99.054844,"WGS84",45.1,516.0,0.2,"6 - trap set and empty","ShermanXLK","2018-05-11","2018-05-11",,,,,,,,,,,,,,,,,,,,,,,,,,,,,,,,,,,,,,,,,,,,"elocke@battelleecology.org","dfarkas@battelleecology.org",,,
"836baa71-bf8c-4620-bc37-591e5f5c9dad","b18cd39e-a5a0-467f-b1ab-e3c03a1a9ddd","DCFS_003.mammalGrid.mam","D09","DCFS","DCFS_003","B10","distributed","grasslandHerbaceous",47.204875,-99.184072,"WGS84",45.1,586.1,0.2,"6 - trap set and empty","ShermanXLK","2018-05-11","2018-05-11",,,,,,,,,,,,,,,,,,,,,,,,,,,,,,,,,,,,,,,,,,,,"jschempf@battelleecology.org","cmackenzie@battelleecology.org",,,
"b1f3fb70-3686-477d-894f-b0362b37e2f1","b18cd39e-a5a0-467f-b1ab-e3c03a1a9ddd","DCFS_003.mammalGrid.mam","D09","DCFS","DCFS_003","F3","distributed","grasslandHerbaceous",47.204875,-99.184072,"WGS84",45.1,586.1,0.2,"6 - trap set and empty","ShermanXLK","2018-05-11","2018-05-11",,,,,,,,,,,,,,,,,,,,,,,,,,,,,,,,,,,,,,,,,,,,"jschempf@battelleecology.org","cmackenzie@battelleecology.org",,,
"38e0984a-86f3-4dd4-9553-ecef9ec798fc","42ca27bd-f20c-4b3d-a6df-b3967b9e997d","DCFS_020.mammalGrid.mam","D09","DCFS","DCFS_020","D8","distributed","grasslandHerbaceous",47.169185,-99.054844,"WGS84",45.1,516.0,0.2,"6 - trap set and empty","ShermanXLK","2018-05-11","2018-05-11",,,,,,,,,,,,,,,,,,,,,,,,,,,,,,,,,,,,,,,,,,,,"elocke@battelleecology.org","dfarkas@battelleecology.org",,,
"20d24d45-05d3-47d3-9904-5e7f161203df","42ca27bd-f20c-4b3d-a6df-b3967b9e997d","DCFS_020.mammalGrid.mam","D09","DCFS","DCFS_020","C5","distributed","grasslandHerbaceous",47.169185,-99.054844,"WGS84",45.1,516.0,0.2,"6 - trap set and empty","ShermanXLK","2018-05-11","2018-05-11",,,,,,,,,,,,,,,,,,,,,,,,,,,,,,,,,,,,,,,,,,,,"elocke@battelleecology.org","dfarkas@battelleecology.org",,,
"24a6fcce-8d0f-4c87-9a3f-aedb94a900ab","b18cd39e-a5a0-467f-b1ab-e3c03a1a9ddd","DCFS_003.mammalGrid.mam","D09","DCFS","DCFS_003","F6","distributed","grasslandHerbaceous",47.204875,-99.184072,"WGS84",45.1,586.1,0.2,"6 - trap set and empty","ShermanXLK","2018-05-11","2018-05-11",,,,,,,,,,,,,,,,,,,,,,,,,,,,,,,,,,,,,,,,,,,,"jschempf@battelleecology.org","cmackenzie@battelleecology.org",,,
"b4828aa0-ab8e-4baa-9880-fe7a59f955b9","66deb44f-c4eb-4bed-a296-d9bc9f455a80","DCFS_009.mammalGrid.mam","D09","DCFS","DCFS_009","H1","distributed","grasslandHerbaceous",47.210861,-99.183174,"WGS84",45.1,587.4,0.2,"2 - trap disturbed/door closed but empty","ShermanXLK","2018-05-11","2018-05-11",,,,,,,,,,,,,,,,,,,,,,,,,,,,,,,,,,,,,,,,,,,,"jschempf@battelleecology.org","cmackenzie@battelleecology.org",,,
"e04831d7-edcb-4da0-9b50-39f95a4cedc1","b18cd39e-a5a0-467f-b1ab-e3c03a1a9ddd","DCFS_003.mammalGrid.mam","D09","DCFS","DCFS_003","C1","distributed","grasslandHerbaceous",47.204875,-99.184072,"WGS84",45.1,586.1,0.2,"6 - trap set and empty","ShermanXLK","2018-05-11","2018-05-11",,,,,,,,,,,,,,,,,,,,,,,,,,,,,,,,,,,,,,,,,,,,"jschempf@battelleecology.org","cmackenzie@battelleecology.org",,,
"3eef59b7-ca38-4be8-ad18-c241f8cbfda2","6d4105da-5ffa-4661-a808-f0e683bb4bb8","DCFS_004.mammalGrid.mam","D09","DCFS","DCFS_004","B9","distributed","grasslandHerbaceous",47.170237,-99.051720,"WGS84",45.1,507.7,0.2,"6 - trap set and empty","ShermanXLK","2018-05-11","2018-05-11",,,,,,,,,,,,,,,,,,,,,,,,,,,,,,,,,,,,,,,,,,,,,,,,
"460cd1a9-2279-47d2-aced-6b7f3bd80cbe","6d4105da-5ffa-4661-a808-f0e683bb4bb8","DCFS_004.mammalGrid.mam","D09","DCFS","DCFS_004","I8","distributed","grasslandHerbaceous",47.170237,-99.051720,"WGS84",45.1,507.7,0.2,"6 - trap set and empty","ShermanXLK","2018-05-11","2018-05-11",,,,,,,,,,,,,,,,,,,,,,,,,,,,,,,,,,,,,,,,,,,,,,,,
"76b20faa-1fc6-4f24-a836-59aad63f29aa","66deb44f-c4eb-4bed-a296-d9bc9f455a80","DCFS_009.mammalGrid.mam","D09","DCFS","DCFS_009","C6","distributed","grasslandHerbaceous",47.210861,-99.183174,"WGS84",45.1,587.4,0.2,"6 - trap set and empty","ShermanXLK","2018-05-11","2018-05-11",,,,,,,,,,,,,,,,,,,,,,,,,,,,,,,,,,,,,,,,,,,,"jschempf@battelleecology.org","cmackenzie@battelleecology.org",,,
"59c15c9f-5836-4d09-b093-eb9bc1a521c9","6d4105da-5ffa-4661-a808-f0e683bb4bb8","DCFS_004.mammalGrid.mam","D09","DCFS","DCFS_004","B5","distributed","grasslandHerbaceous",47.170237,-99.051720,"WGS84",45.1,507.7,0.2,"6 - trap set and empty","ShermanXLK","2018-05-11","2018-05-11",,,,,,,,,,,,,,,,,,,,,,,,,,,,,,,,,,,,,,,,,,,,,,,,
"cdf07161-4d09-4ee6-967c-f5f4cb78c2b1","66deb44f-c4eb-4bed-a296-d9bc9f455a80","DCFS_009.mammalGrid.mam","D09","DCFS","DCFS_009","H10","distributed","grasslandHerbaceous",47.210861,-99.183174,"WGS84",45.1,587.4,0.2,"6 - trap set and empty","ShermanXLK","2018-05-11","2018-05-11",,,,,,,,,,,,,,,,,,,,,,,,,,,,,,,,,,,,,,,,,,,,"jschempf@battelleecology.org","cmackenzie@battelleecology.org",,,
"8ecf05da-5c30-4b22-8184-ac3f484a27d3","6d4105da-5ffa-4661-a808-f0e683bb4bb8","DCFS_004.mammalGrid.mam","D09","DCFS","DCFS_004","D3","distributed","grasslandHerbaceous",47.170237,-99.051720,"WGS84",45.1,507.7,0.2,"6 - trap set and empty","ShermanXLK","2018-05-11","2018-05-11",,,,,,,,,,,,,,,,,,,,,,,,,,,,,,,,,,,,,,,,,,,,,,,,
"c865ad71-db5e-43d1-b5b8-73faff3a47ca","6d4105da-5ffa-4661-a808-f0e683bb4bb8","DCFS_004.mammalGrid.mam","D09","DCFS","DCFS_004","F9","distributed","grasslandHerbaceous",47.170237,-99.051720,"WGS84",45.1,507.7,0.2,"6 - trap set and empty","ShermanXLK","2018-05-11","2018-05-11",,,,,,,,,,,,,,,,,,,,,,,,,,,,,,,,,,,,,,,,,,,,,,,,
"a482f9f8-b7ab-4601-ae04-ae1e389dc4ff","42ca27bd-f20c-4b3d-a6df-b3967b9e997d","DCFS_020.mammalGrid.mam","D09","DCFS","DCFS_020","J2","distributed","grasslandHerbaceous",47.169185,-99.054844,"WGS84",45.1,516.0,0.2,"6 - trap set and empty","ShermanXLK","2018-05-11","2018-05-11",,,,,,,,,,,,,,,,,,,,,,,,,,,,,,,,,,,,,,,,,,,,"elocke@battelleecology.org","dfarkas@battelleecology.org",,,
"c65bc82c-682e-45d6-affc-e7430b40ee8f","b18cd39e-a5a0-467f-b1ab-e3c03a1a9ddd","DCFS_003.mammalGrid.mam","D09","DCFS","DCFS_003","D6","distributed","grasslandHerbaceous",47.204875,-99.184072,"WGS84",45.1,586.1,0.2,"6 - trap set and empty","ShermanXLK","2018-05-11","2018-05-11",,,,,,,,,,,,,,,,,,,,,,,,,,,,,,,,,,,,,,,,,,,,"jschempf@battelleecology.org","cmackenzie@battelleecology.org",,,
"c7a4791a-c6f8-4c64-a140-fe8bfa941963","6d4105da-5ffa-4661-a808-f0e683bb4bb8","DCFS_004.mammalGrid.mam","D09","DCFS","DCFS_004","H5","distributed","grasslandHerbaceous",47.170237,-99.051720,"WGS84",45.1,507.7,0.2,"6 - trap set and empty","ShermanXLK","2018-05-11","2018-05-11",,,,,,,,,,,,,,,,,,,,,,,,,,,,,,,,,,,,,,,,,,,,,,,,
"da61b8aa-7220-4a45-8162-4ef8b4110233","42ca27bd-f20c-4b3d-a6df-b3967b9e997d","DCFS_020.mammalGrid.mam","D09","DCFS","DCFS_020","B3","distributed","grasslandHerbaceous",47.169185,-99.054844,"WGS84",45.1,516.0,0.2,"6 - trap set and empty","ShermanXLK","2018-05-11","2018-05-11",,,,,,,,,,,,,,,,,,,,,,,,,,,,,,,,,,,,,,,,,,,,"elocke@battelleecology.org","dfarkas@battelleecology.org",,,
"28867cf9-b059-445f-82a1-d62393511121","42ca27bd-f20c-4b3d-a6df-b3967b9e997d","DCFS_020.mammalGrid.mam","D09","DCFS","DCFS_020","E9","distributed","grasslandHerbaceous",47.169185,-99.054844,"WGS84",45.1,516.0,0.2,"6 - trap set and empty","ShermanXLK","2018-05-11","2018-05-11",,,,,,,,,,,,,,,,,,,,,,,,,,,,,,,,,,,,,,,,,,,,"elocke@battelleecology.org","dfarkas@battelleecology.org",,,
"100c3190-4905-4538-9a86-2b4ba2f29571","42ca27bd-f20c-4b3d-a6df-b3967b9e997d","DCFS_020.mammalGrid.mam","D09","DCFS","DCFS_020","A7","distributed","grasslandHerbaceous",47.169185,-99.054844,"WGS84",45.1,516.0,0.2,"6 - trap set and empty","ShermanXLK","2018-05-11","2018-05-11",,,,,,,,,,,,,,,,,,,,,,,,,,,,,,,,,,,,,,,,,,,,"elocke@battelleecology.org","dfarkas@battelleecology.org",,,
"34a7f103-1152-4b8d-9f6f-0a25887a79da","6d4105da-5ffa-4661-a808-f0e683bb4bb8","DCFS_004.mammalGrid.mam","D09","DCFS","DCFS_004","I9","distributed","grasslandHerbaceous",47.170237,-99.051720,"WGS84",45.1,507.7,0.2,"6 - trap set and empty","ShermanXLK","2018-05-11","2018-05-11",,,,,,,,,,,,,,,,,,,,,,,,,,,,,,,,,,,,,,,,,,,,,,,,
"2419ad8f-c37d-4f18-a3d8-248147a561a2","b18cd39e-a5a0-467f-b1ab-e3c03a1a9ddd","DCFS_003.mammalGrid.mam","D09","DCFS","DCFS_003","C7","distributed","grasslandHerbaceous",47.204875,-99.184072,"WGS84",45.1,586.1,0.2,"6 - trap set and empty","ShermanXLK","2018-05-11","2018-05-11",,,,,,,,,,,,,,,,,,,,,,,,,,,,,,,,,,,,,,,,,,,,"jschempf@battelleecology.org","cmackenzie@battelleecology.org",,,
"640444d1-7194-49df-976d-e6be049ce68b","b18cd39e-a5a0-467f-b1ab-e3c03a1a9ddd","DCFS_003.mammalGrid.mam","D09","DCFS","DCFS_003","B8","distributed","grasslandHerbaceous",47.204875,-99.184072,"WGS84",45.1,586.1,0.2,"6 - trap set and empty","ShermanXLK","2018-05-11","2018-05-11",,,,,,,,,,,,,,,,,,,,,,,,,,,,,,,,,,,,,,,,,,,,"jschempf@battelleecology.org","cmackenzie@battelleecology.org",,,
"c1f8cb24-5f6c-4c66-a199-0d6c32223e74","6d4105da-5ffa-4661-a808-f0e683bb4bb8","DCFS_004.mammalGrid.mam","D09","DCFS","DCFS_004","C8","distributed","grasslandHerbaceous",47.170237,-99.051720,"WGS84",45.1,507.7,0.2,"6 - trap set and empty","ShermanXLK","2018-05-11","2018-05-11",,,,,,,,,,,,,,,,,,,,,,,,,,,,,,,,,,,,,,,,,,,,,,,,
"c476105d-df17-4e61-9da8-755d86c2f191","66deb44f-c4eb-4bed-a296-d9bc9f455a80","DCFS_009.mammalGrid.mam","D09","DCFS","DCFS_009","A1","distributed","grasslandHerbaceous",47.210861,-99.183174,"WGS84",45.1,587.4,0.2,"6 - trap set and empty","ShermanXLK","2018-05-11","2018-05-11",,,,,,,,,,,,,,,,,,,,,,,,,,,,,,,,,,,,,,,,,,,,"jschempf@battelleecology.org","cmackenzie@battelleecology.org",,,
"5e610221-8af0-4103-af45-9f8d0434bf9b","6d4105da-5ffa-4661-a808-f0e683bb4bb8","DCFS_004.mammalGrid.mam","D09","DCFS","DCFS_004","D2","distributed","grasslandHerbaceous",47.170237,-99.051720,"WGS84",45.1,507.7,0.2,"6 - trap set and empty","ShermanXLK","2018-05-11","2018-05-11",,,,,,,,,,,,,,,,,,,,,,,,,,,,,,,,,,,,,,,,,,,,,,,,
"78550fa4-5402-412f-b04a-d0d65412c168","b18cd39e-a5a0-467f-b1ab-e3c03a1a9ddd","DCFS_003.mammalGrid.mam","D09","DCFS","DCFS_003","H9","distributed","grasslandHerbaceous",47.204875,-99.184072,"WGS84",45.1,586.1,0.2,"6 - trap set and empty","ShermanXLK","2018-05-11","2018-05-11",,,,,,,,,,,,,,,,,,,,,,,,,,,,,,,,,,,,,,,,,,,,"jschempf@battelleecology.org","cmackenzie@battelleecology.org",,,
"f52b49aa-e3b8-414f-8d85-8dc7fd41e0f6","b18cd39e-a5a0-467f-b1ab-e3c03a1a9ddd","DCFS_003.mammalGrid.mam","D09","DCFS","DCFS_003","F2","distributed","grasslandHerbaceous",47.204875,-99.184072,"WGS84",45.1,586.1,0.2,"6 - trap set and empty","ShermanXLK","2018-05-11","2018-05-11",,,,,,,,,,,,,,,,,,,,,,,,,,,,,,,,,,,,,,,,,,,,"jschempf@battelleecology.org","cmackenzie@battelleecology.org",,,
"e593e3b6-7c9d-425b-bdaf-02dbf9c154df","6d4105da-5ffa-4661-a808-f0e683bb4bb8","DCFS_004.mammalGrid.mam","D09","DCFS","DCFS_004","F4","distributed","grasslandHerbaceous",47.170237,-99.051720,"WGS84",45.1,507.7,0.2,"6 - trap set and empty","ShermanXLK","2018-05-11","2018-05-11",,,,,,,,,,,,,,,,,,,,,,,,,,,,,,,,,,,,,,,,,,,,,,,,
"159ff957-e95f-4e7a-8ea0-aff50e3be6d5","66deb44f-c4eb-4bed-a296-d9bc9f455a80","DCFS_009.mammalGrid.mam","D09","DCFS","DCFS_009","A8","distributed","grasslandHerbaceous",47.210861,-99.183174,"WGS84",45.1,587.4,0.2,"6 - trap set and empty","ShermanXLK","2018-05-11","2018-05-11",,,,,,,,,,,,,,,,,,,,,,,,,,,,,,,,,,,,,,,,,,,,"jschempf@battelleecology.org","cmackenzie@battelleecology.org",,,
"a9f573b5-b224-4f2c-bdce-e8718c8b5c4d","b18cd39e-a5a0-467f-b1ab-e3c03a1a9ddd","DCFS_003.mammalGrid.mam","D09","DCFS","DCFS_003","A3","distributed","grasslandHerbaceous",47.204875,-99.184072,"WGS84",45.1,586.1,0.2,"6 - trap set and empty","ShermanXLK","2018-05-11","2018-05-11",,,,,,,,,,,,,,,,,,,,,,,,,,,,,,,,,,,,,,,,,,,,"jschempf@battelleecology.org","cmackenzie@battelleecology.org",,,
"ebf42676-d6e4-4d0e-af7f-1697e3269dc0","b18cd39e-a5a0-467f-b1ab-e3c03a1a9ddd","DCFS_003.mammalGrid.mam","D09","DCFS","DCFS_003","F10","distributed","grasslandHerbaceous",47.204875,-99.184072,"WGS84",45.1,586.1,0.2,"6 - trap set and empty","ShermanXLK","2018-05-11","2018-05-11",,,,,,,,,,,,,,,,,,,,,,,,,,,,,,,,,,,,,,,,,,,,"jschempf@battelleecology.org","cmackenzie@battelleecology.org",,,
"694888f2-9f0b-49fc-8ed6-1872c05249b6","6d4105da-5ffa-4661-a808-f0e683bb4bb8","DCFS_004.mammalGrid.mam","D09","DCFS","DCFS_004","C9","distributed","grasslandHerbaceous",47.170237,-99.051720,"WGS84",45.1,507.7,0.2,"6 - trap set and empty","ShermanXLK","2018-05-11","2018-05-11",,,,,,,,,,,,,,,,,,,,,,,,,,,,,,,,,,,,,,,,,,,,,,,,
"ff8276fe-0c8e-411e-aab7-8e8addaf8134","42ca27bd-f20c-4b3d-a6df-b3967b9e997d","DCFS_020.mammalGrid.mam","D09","DCFS","DCFS_020","A10","distributed","grasslandHerbaceous",47.169185,-99.054844,"WGS84",45.1,516.0,0.2,"6 - trap set and empty","ShermanXLK","2018-05-11","2018-05-11",,,,,,,,,,,,,,,,,,,,,,,,,,,,,,,,,,,,,,,,,,,,"elocke@battelleecology.org","dfarkas@battelleecology.org",,,
"e049b028-d889-443f-924c-f17476be1f96","6d4105da-5ffa-4661-a808-f0e683bb4bb8","DCFS_004.mammalGrid.mam","D09","DCFS","DCFS_004","J10","distributed","grasslandHerbaceous",47.170237,-99.051720,"WGS84",45.1,507.7,0.2,"6 - trap set and empty","ShermanXLK","2018-05-11","2018-05-11",,,,,,,,,,,,,,,,,,,,,,,,,,,,,,,,,,,,,,,,,,,,,,,,
"b9cbebe0-8722-4b53-848b-bc8debaa9e87","66deb44f-c4eb-4bed-a296-d9bc9f455a80","DCFS_009.mammalGrid.mam","D09","DCFS","DCFS_009","D10","distributed","grasslandHerbaceous",47.210861,-99.183174,"WGS84",45.1,587.4,0.2,"6 - trap set and empty","ShermanXLK","2018-05-11","2018-05-11",,,,,,,,,,,,,,,,,,,,,,,,,,,,,,,,,,,,,,,,,,,,"jschempf@battelleecology.org","cmackenzie@battelleecology.org",,,
"542b09e9-2880-4f5a-88b2-b438728983f0","b18cd39e-a5a0-467f-b1ab-e3c03a1a9ddd","DCFS_003.mammalGrid.mam","D09","DCFS","DCFS_003","A1","distributed","grasslandHerbaceous",47.204875,-99.184072,"WGS84",45.1,586.1,0.2,"6 - trap set and empty","ShermanXLK","2018-05-11","2018-05-11",,,,,,,,,,,,,,,,,,,,,,,,,,,,,,,,,,,,,,,,,,,,"jschempf@battelleecology.org","cmackenzie@battelleecology.org",,,
"f4699e5d-f4c3-4bb8-a382-f7a7495546e1","6d4105da-5ffa-4661-a808-f0e683bb4bb8","DCFS_004.mammalGrid.mam","D09","DCFS","DCFS_004","H8","distributed","grasslandHerbaceous",47.170237,-99.051720,"WGS84",45.1,507.7,0.2,"6 - trap set and empty","ShermanXLK","2018-05-11","2018-05-11",,,,,,,,,,,,,,,,,,,,,,,,,,,,,,,,,,,,,,,,,,,,,,,,
"310b546b-b7c6-4ec5-8991-eec1c610cabd","6d4105da-5ffa-4661-a808-f0e683bb4bb8","DCFS_004.mammalGrid.mam","D09","DCFS","DCFS_004","H10","distributed","grasslandHerbaceous",47.170237,-99.051720,"WGS84",45.1,507.7,0.2,"6 - trap set and empty","ShermanXLK","2018-05-11","2018-05-11",,,,,,,,,,,,,,,,,,,,,,,,,,,,,,,,,,,,,,,,,,,,,,,,
"75cefd26-1208-4dfe-85b1-cfa3d096b99f","42ca27bd-f20c-4b3d-a6df-b3967b9e997d","DCFS_020.mammalGrid.mam","D09","DCFS","DCFS_020","J4","distributed","grasslandHerbaceous",47.169185,-99.054844,"WGS84",45.1,516.0,0.2,"6 - trap set and empty","ShermanXLK","2018-05-11","2018-05-11",,,,,,,,,,,,,,,,,,,,,,,,,,,,,,,,,,,,,,,,,,,,"elocke@battelleecology.org","dfarkas@battelleecology.org",,,
"cbf18049-b8c6-4d6b-88f0-7e73da8e3370","6d4105da-5ffa-4661-a808-f0e683bb4bb8","DCFS_004.mammalGrid.mam","D09","DCFS","DCFS_004","G4","distributed","grasslandHerbaceous",47.170237,-99.051720,"WGS84",45.1,507.7,0.2,"6 - trap set and empty","ShermanXLK","2018-05-11","2018-05-11",,,,,,,,,,,,,,,,,,,,,,,,,,,,,,,,,,,,,,,,,,,,,,,,
"21dfe2ac-f8f7-4949-8cae-d876058d2e4b","42ca27bd-f20c-4b3d-a6df-b3967b9e997d","DCFS_020.mammalGrid.mam","D09","DCFS","DCFS_020","B5","distributed","grasslandHerbaceous",47.169185,-99.054844,"WGS84",45.1,516.0,0.2,"6 - trap set and empty","ShermanXLK","2018-05-11","2018-05-11",,,,,,,,,,,,,,,,,,,,,,,,,,,,,,,,,,,,,,,,,,,,"elocke@battelleecology.org","dfarkas@battelleecology.org",,,
"f0b78962-3b7f-4596-b084-e8f0303e0857","42ca27bd-f20c-4b3d-a6df-b3967b9e997d","DCFS_020.mammalGrid.mam","D09","DCFS","DCFS_020","G9","distributed","grasslandHerbaceous",47.169185,-99.054844,"WGS84",45.1,516.0,0.2,"6 - trap set and empty","ShermanXLK","2018-05-11","2018-05-11",,,,,,,,,,,,,,,,,,,,,,,,,,,,,,,,,,,,,,,,,,,,"elocke@battelleecology.org","dfarkas@battelleecology.org",,,
"f212d248-6b80-4f96-ad7d-4e9b5ce37c64","66deb44f-c4eb-4bed-a296-d9bc9f455a80","DCFS_009.mammalGrid.mam","D09","DCFS","DCFS_009","A10","distributed","grasslandHerbaceous",47.210861,-99.183174,"WGS84",45.1,587.4,0.2,"1 - trap not set","ShermanXLK","2018-05-11","2018-05-11",,,,,,,,,,,,,,,,,,,,,,,,,,,,,,,,,,,,,,,,,,,,"jschempf@battelleecology.org","cmackenzie@battelleecology.org","Water",,
"a1129083-4438-4ec5-ae7d-2f7ce51644d2","42ca27bd-f20c-4b3d-a6df-b3967b9e997d","DCFS_020.mammalGrid.mam","D09","DCFS","DCFS_020","A3","distributed","grasslandHerbaceous",47.169185,-99.054844,"WGS84",45.1,516.0,0.2,"6 - trap set and empty","ShermanXLK","2018-05-11","2018-05-11",,,,,,,,,,,,,,,,,,,,,,,,,,,,,,,,,,,,,,,,,,,,"elocke@battelleecology.org","dfarkas@battelleecology.org",,,
"51c676d9-0b60-4597-ad28-00b701e8460c","42ca27bd-f20c-4b3d-a6df-b3967b9e997d","DCFS_020.mammalGrid.mam","D09","DCFS","DCFS_020","D9","distributed","grasslandHerbaceous",47.169185,-99.054844,"WGS84",45.1,516.0,0.2,"6 - trap set and empty","ShermanXLK","2018-05-11","2018-05-11",,,,,,,,,,,,,,,,,,,,,,,,,,,,,,,,,,,,,,,,,,,,"elocke@battelleecology.org","dfarkas@battelleecology.org",,,
"ddea6352-aacf-4014-9037-e162c52651a9","6d4105da-5ffa-4661-a808-f0e683bb4bb8","DCFS_004.mammalGrid.mam","D09","DCFS","DCFS_004","A1","distributed","grasslandHerbaceous",47.170237,-99.051720,"WGS84",45.1,507.7,0.2,"2 - trap disturbed/door closed but empty","ShermanXLK","2018-05-11","2018-05-11",,,,,,,,,,,,,,,,,,,,,,,,,,,,,,,,,,,,,,,,,,,,,,,,
"63ae1895-fd7a-491f-aa3a-13fb74af3c53","42ca27bd-f20c-4b3d-a6df-b3967b9e997d","DCFS_020.mammalGrid.mam","D09","DCFS","DCFS_020","C4","distributed","grasslandHerbaceous",47.169185,-99.054844,"WGS84",45.1,516.0,0.2,"6 - trap set and empty","ShermanXLK","2018-05-11","2018-05-11",,,,,,,,,,,,,,,,,,,,,,,,,,,,,,,,,,,,,,,,,,,,"elocke@battelleecology.org","dfarkas@battelleecology.org",,,
"9e67b275-c71f-41b3-a593-5b0168ebefb8","6d4105da-5ffa-4661-a808-f0e683bb4bb8","DCFS_004.mammalGrid.mam","D09","DCFS","DCFS_004","C5","distributed","grasslandHerbaceous",47.170237,-99.051720,"WGS84",45.1,507.7,0.2,"6 - trap set and empty","ShermanXLK","2018-05-11","2018-05-11",,,,,,,,,,,,,,,,,,,,,,,,,,,,,,,,,,,,,,,,,,,,,,,,
"597d216a-7dfa-4da4-ac66-867d0a354351","6d4105da-5ffa-4661-a808-f0e683bb4bb8","DCFS_004.mammalGrid.mam","D09","DCFS","DCFS_004","E10","distributed","grasslandHerbaceous",47.170237,-99.051720,"WGS84",45.1,507.7,0.2,"6 - trap set and empty","ShermanXLK","2018-05-11","2018-05-11",,,,,,,,,,,,,,,,,,,,,,,,,,,,,,,,,,,,,,,,,,,,,,,,
"82b18356-688b-4da1-8443-7fe4b1d437a1","66deb44f-c4eb-4bed-a296-d9bc9f455a80","DCFS_009.mammalGrid.mam","D09","DCFS","DCFS_009","A7","distributed","grasslandHerbaceous",47.210861,-99.183174,"WGS84",45.1,587.4,0.2,"6 - trap set and empty","ShermanXLK","2018-05-11","2018-05-11",,,,,,,,,,,,,,,,,,,,,,,,,,,,,,,,,,,,,,,,,,,,"jschempf@battelleecology.org","cmackenzie@battelleecology.org",,,
"8514307c-c413-4a7b-8fa3-33191a48dc5a","6d4105da-5ffa-4661-a808-f0e683bb4bb8","DCFS_004.mammalGrid.mam","D09","DCFS","DCFS_004","E7","distributed","grasslandHerbaceous",47.170237,-99.051720,"WGS84",45.1,507.7,0.2,"6 - trap set and empty","ShermanXLK","2018-05-11","2018-05-11",,,,,,,,,,,,,,,,,,,,,,,,,,,,,,,,,,,,,,,,,,,,,,,,
"198a52c9-9edb-4f3d-9071-45766adc55d5","b18cd39e-a5a0-467f-b1ab-e3c03a1a9ddd","DCFS_003.mammalGrid.mam","D09","DCFS","DCFS_003","D9","distributed","grasslandHerbaceous",47.204875,-99.184072,"WGS84",45.1,586.1,0.2,"6 - trap set and empty","ShermanXLK","2018-05-11","2018-05-11",,,,,,,,,,,,,,,,,,,,,,,,,,,,,,,,,,,,,,,,,,,,"jschempf@battelleecology.org","cmackenzie@battelleecology.org",,,
"dfa3fe7a-1ad2-4b25-becf-11414b7a2ed6","b18cd39e-a5a0-467f-b1ab-e3c03a1a9ddd","DCFS_003.mammalGrid.mam","D09","DCFS","DCFS_003","E10","distributed","grasslandHerbaceous",47.204875,-99.184072,"WGS84",45.1,586.1,0.2,"6 - trap set and empty","ShermanXLK","2018-05-11","2018-05-11",,,,,,,,,,,,,,,,,,,,,,,,,,,,,,,,,,,,,,,,,,,,"jschempf@battelleecology.org","cmackenzie@battelleecology.org",,,
"86f19a85-20e8-409a-b789-847c94ce0f4a","b18cd39e-a5a0-467f-b1ab-e3c03a1a9ddd","DCFS_003.mammalGrid.mam","D09","DCFS","DCFS_003","D1","distributed","grasslandHerbaceous",47.204875,-99.184072,"WGS84",45.1,586.1,0.2,"6 - trap set and empty","ShermanXLK","2018-05-11","2018-05-11",,,,,,,,,,,,,,,,,,,,,,,,,,,,,,,,,,,,,,,,,,,,"jschempf@battelleecology.org","cmackenzie@battelleecology.org",,,
"2f3c8311-a9bf-484f-a925-48c0b6e4c25c","6d4105da-5ffa-4661-a808-f0e683bb4bb8","DCFS_004.mammalGrid.mam","D09","DCFS","DCFS_004","A4","distributed","grasslandHerbaceous",47.170237,-99.051720,"WGS84",45.1,507.7,0.2,"6 - trap set and empty","ShermanXLK","2018-05-11","2018-05-11",,,,,,,,,,,,,,,,,,,,,,,,,,,,,,,,,,,,,,,,,,,,,,,,
"afdcfed7-048a-4497-beb0-247631a65d9c","42ca27bd-f20c-4b3d-a6df-b3967b9e997d","DCFS_020.mammalGrid.mam","D09","DCFS","DCFS_020","A6","distributed","grasslandHerbaceous",47.169185,-99.054844,"WGS84",45.1,516.0,0.2,"6 - trap set and empty","ShermanXLK","2018-05-11","2018-05-11",,,,,,,,,,,,,,,,,,,,,,,,,,,,,,,,,,,,,,,,,,,,"elocke@battelleecology.org","dfarkas@battelleecology.org",,,
"135b5b3c-4652-402e-9b1a-bf5056bf646e","6d4105da-5ffa-4661-a808-f0e683bb4bb8","DCFS_004.mammalGrid.mam","D09","DCFS","DCFS_004","G6","distributed","grasslandHerbaceous",47.170237,-99.051720,"WGS84",45.1,507.7,0.2,"6 - trap set and empty","ShermanXLK","2018-05-11","2018-05-11",,,,,,,,,,,,,,,,,,,,,,,,,,,,,,,,,,,,,,,,,,,,,,,,
"d74e40df-3b23-4800-91ec-519e4dd48989","6d4105da-5ffa-4661-a808-f0e683bb4bb8","DCFS_004.mammalGrid.mam","D09","DCFS","DCFS_004","I3","distributed","grasslandHerbaceous",47.170237,-99.051720,"WGS84",45.1,507.7,0.2,"6 - trap set and empty","ShermanXLK","2018-05-11","2018-05-11",,,,,,,,,,,,,,,,,,,,,,,,,,,,,,,,,,,,,,,,,,,,,,,,
"92648d6d-e411-4d82-a2c8-54507fe55d0e","b18cd39e-a5a0-467f-b1ab-e3c03a1a9ddd","DCFS_003.mammalGrid.mam","D09","DCFS","DCFS_003","I6","distributed","grasslandHerbaceous",47.204875,-99.184072,"WGS84",45.1,586.1,0.2,"1 - trap not set","ShermanXLK","2018-05-11","2018-05-11",,,,,,,,,,,,,,,,,,,,,,,,,,,,,,,,,,,,,,,,,,,,"jschempf@battelleecology.org","cmackenzie@battelleecology.org",,,
"4ee01675-eb71-4e33-8c3f-8ef7603c5427","6d4105da-5ffa-4661-a808-f0e683bb4bb8","DCFS_004.mammalGrid.mam","D09","DCFS","DCFS_004","A5","distributed","grasslandHerbaceous",47.170237,-99.051720,"WGS84",45.1,507.7,0.2,"6 - trap set and empty","ShermanXLK","2018-05-11","2018-05-11",,,,,,,,,,,,,,,,,,,,,,,,,,,,,,,,,,,,,,,,,,,,,,,,
"d9eb5512-1fa7-45ef-abee-ddfa4ff2abb5","6d4105da-5ffa-4661-a808-f0e683bb4bb8","DCFS_004.mammalGrid.mam","D09","DCFS","DCFS_004","J7","distributed","grasslandHerbaceous",47.170237,-99.051720,"WGS84",45.1,507.7,0.2,"6 - trap set and empty","ShermanXLK","2018-05-11","2018-05-11",,,,,,,,,,,,,,,,,,,,,,,,,,,,,,,,,,,,,,,,,,,,,,,,
"f392df6d-d568-45ba-b60c-214c79df39c8","b18cd39e-a5a0-467f-b1ab-e3c03a1a9ddd","DCFS_003.mammalGrid.mam","D09","DCFS","DCFS_003","C3","distributed","grasslandHerbaceous",47.204875,-99.184072,"WGS84",45.1,586.1,0.2,"6 - trap set and empty","ShermanXLK","2018-05-11","2018-05-11",,,,,,,,,,,,,,,,,,,,,,,,,,,,,,,,,,,,,,,,,,,,"jschempf@battelleecology.org","cmackenzie@battelleecology.org",,,
"81aec0d8-4c90-4f22-8513-8553d24242f4","42ca27bd-f20c-4b3d-a6df-b3967b9e997d","DCFS_020.mammalGrid.mam","D09","DCFS","DCFS_020","E2","distributed","grasslandHerbaceous",47.169185,-99.054844,"WGS84",45.1,516.0,0.2,"6 - trap set and empty","ShermanXLK","2018-05-11","2018-05-11",,,,,,,,,,,,,,,,,,,,,,,,,,,,,,,,,,,,,,,,,,,,"elocke@battelleecology.org","dfarkas@battelleecology.org",,,
"f6d08d53-55b4-4cd9-bc2f-b42413885b40","42ca27bd-f20c-4b3d-a6df-b3967b9e997d","DCFS_020.mammalGrid.mam","D09","DCFS","DCFS_020","C6","distributed","grasslandHerbaceous",47.169185,-99.054844,"WGS84",45.1,516.0,0.2,"6 - trap set and empty","ShermanXLK","2018-05-11","2018-05-11",,,,,,,,,,,,,,,,,,,,,,,,,,,,,,,,,,,,,,,,,,,,"elocke@battelleecology.org","dfarkas@battelleecology.org",,,
"580b3767-a81c-4aee-8f49-0aa40e80dc6b","6d4105da-5ffa-4661-a808-f0e683bb4bb8","DCFS_004.mammalGrid.mam","D09","DCFS","DCFS_004","D8","distributed","grasslandHerbaceous",47.170237,-99.051720,"WGS84",45.1,507.7,0.2,"6 - trap set and empty","ShermanXLK","2018-05-11","2018-05-11",,,,,,,,,,,,,,,,,,,,,,,,,,,,,,,,,,,,,,,,,,,,,,,,
"232dd0a2-4032-49da-8a76-5e36f79d2129","b18cd39e-a5a0-467f-b1ab-e3c03a1a9ddd","DCFS_003.mammalGrid.mam","D09","DCFS","DCFS_003","J8","distributed","grasslandHerbaceous",47.204875,-99.184072,"WGS84",45.1,586.1,0.2,"6 - trap set and empty","ShermanXLK","2018-05-11","2018-05-11",,,,,,,,,,,,,,,,,,,,,,,,,,,,,,,,,,,,,,,,,,,,"jschempf@battelleecology.org","cmackenzie@battelleecology.org",,,
"8c15525f-0aeb-4813-bfb4-61aa17c1b8c3","6d4105da-5ffa-4661-a808-f0e683bb4bb8","DCFS_004.mammalGrid.mam","D09","DCFS","DCFS_004","F7","distributed","grasslandHerbaceous",47.170237,-99.051720,"WGS84",45.1,507.7,0.2,"6 - trap set and empty","ShermanXLK","2018-05-11","2018-05-11",,,,,,,,,,,,,,,,,,,,,,,,,,,,,,,,,,,,,,,,,,,,,,,,
"16ff03ef-0d66-48aa-9512-9bc5b6dcb4cd","6d4105da-5ffa-4661-a808-f0e683bb4bb8","DCFS_004.mammalGrid.mam","D09","DCFS","DCFS_004","F6","distributed","grasslandHerbaceous",47.170237,-99.051720,"WGS84",45.1,507.7,0.2,"6 - trap set and empty","ShermanXLK","2018-05-11","2018-05-11",,,,,,,,,,,,,,,,,,,,,,,,,,,,,,,,,,,,,,,,,,,,,,,,
"7b0bff05-55b2-4c16-b9f4-0cd06d17fbfb","66deb44f-c4eb-4bed-a296-d9bc9f455a80","DCFS_009.mammalGrid.mam","D09","DCFS","DCFS_009","D9","distributed","grasslandHerbaceous",47.210861,-99.183174,"WGS84",45.1,587.4,0.2,"6 - trap set and empty","ShermanXLK","2018-05-11","2018-05-11",,,,,,,,,,,,,,,,,,,,,,,,,,,,,,,,,,,,,,,,,,,,"jschempf@battelleecology.org","cmackenzie@battelleecology.org",,,
"4d975860-0938-4656-ad1d-00762615ac1d","b18cd39e-a5a0-467f-b1ab-e3c03a1a9ddd","DCFS_003.mammalGrid.mam","D09","DCFS","DCFS_003","B2","distributed","grasslandHerbaceous",47.204875,-99.184072,"WGS84",45.1,586.1,0.2,"6 - trap set and empty","ShermanXLK","2018-05-11","2018-05-11",,,,,,,,,,,,,,,,,,,,,,,,,,,,,,,,,,,,,,,,,,,,"jschempf@battelleecology.org","cmackenzie@battelleecology.org",,,
"0fe43492-5335-4a19-8ef6-c2bf82bd98ac","66deb44f-c4eb-4bed-a296-d9bc9f455a80","DCFS_009.mammalGrid.mam","D09","DCFS","DCFS_009","H4","distributed","grasslandHerbaceous",47.210861,-99.183174,"WGS84",45.1,587.4,0.2,"6 - trap set and empty","ShermanXLK","2018-05-11","2018-05-11",,,,,,,,,,,,,,,,,,,,,,,,,,,,,,,,,,,,,,,,,,,,"jschempf@battelleecology.org","cmackenzie@battelleecology.org",,,
"bf468a98-ed65-488f-a2ca-7f3cf3aa5b27","b18cd39e-a5a0-467f-b1ab-e3c03a1a9ddd","DCFS_003.mammalGrid.mam","D09","DCFS","DCFS_003","E4","distributed","grasslandHerbaceous",47.204875,-99.184072,"WGS84",45.1,586.1,0.2,"6 - trap set and empty","ShermanXLK","2018-05-11","2018-05-11",,,,,,,,,,,,,,,,,,,,,,,,,,,,,,,,,,,,,,,,,,,,"jschempf@battelleecology.org","cmackenzie@battelleecology.org",,,
"f7f4b826-bc20-494a-8851-e6b4dfe8307d","b18cd39e-a5a0-467f-b1ab-e3c03a1a9ddd","DCFS_003.mammalGrid.mam","D09","DCFS","DCFS_003","B6","distributed","grasslandHerbaceous",47.204875,-99.184072,"WGS84",45.1,586.1,0.2,"6 - trap set and empty","ShermanXLK","2018-05-11","2018-05-11",,,,,,,,,,,,,,,,,,,,,,,,,,,,,,,,,,,,,,,,,,,,"jschempf@battelleecology.org","cmackenzie@battelleecology.org",,,
"a011891f-6153-41fe-a988-31e7b63895e0","42ca27bd-f20c-4b3d-a6df-b3967b9e997d","DCFS_020.mammalGrid.mam","D09","DCFS","DCFS_020","F7","distributed","grasslandHerbaceous",47.169185,-99.054844,"WGS84",45.1,516.0,0.2,"6 - trap set and empty","ShermanXLK","2018-05-11","2018-05-11",,,,,,,,,,,,,,,,,,,,,,,,,,,,,,,,,,,,,,,,,,,,"elocke@battelleecology.org","dfarkas@battelleecology.org",,,
"853c6378-a069-4cdc-9447-ae0af66f3f6b","66deb44f-c4eb-4bed-a296-d9bc9f455a80","DCFS_009.mammalGrid.mam","D09","DCFS","DCFS_009","E5","distributed","grasslandHerbaceous",47.210861,-99.183174,"WGS84",45.1,587.4,0.2,"6 - trap set and empty","ShermanXLK","2018-05-11","2018-05-11",,,,,,,,,,,,,,,,,,,,,,,,,,,,,,,,,,,,,,,,,,,,"jschempf@battelleecology.org","cmackenzie@battelleecology.org",,,
"ac2bb8e5-4710-480e-a770-9b0759de2f83","b18cd39e-a5a0-467f-b1ab-e3c03a1a9ddd","DCFS_003.mammalGrid.mam","D09","DCFS","DCFS_003","F7","distributed","grasslandHerbaceous",47.204875,-99.184072,"WGS84",45.1,586.1,0.2,"6 - trap set and empty","ShermanXLK","2018-05-11","2018-05-11",,,,,,,,,,,,,,,,,,,,,,,,,,,,,,,,,,,,,,,,,,,,"jschempf@battelleecology.org","cmackenzie@battelleecology.org",,,
"8bc7ae25-a14f-46b3-932f-db8fee2ee3fe","6d4105da-5ffa-4661-a808-f0e683bb4bb8","DCFS_004.mammalGrid.mam","D09","DCFS","DCFS_004","J5","distributed","grasslandHerbaceous",47.170237,-99.051720,"WGS84",45.1,507.7,0.2,"6 - trap set and empty","ShermanXLK","2018-05-11","2018-05-11",,,,,,,,,,,,,,,,,,,,,,,,,,,,,,,,,,,,,,,,,,,,,,,,
"686761ae-02fc-4721-b2a2-26a5df6ffd87","66deb44f-c4eb-4bed-a296-d9bc9f455a80","DCFS_009.mammalGrid.mam","D09","DCFS","DCFS_009","C7","distributed","grasslandHerbaceous",47.210861,-99.183174,"WGS84",45.1,587.4,0.2,"6 - trap set and empty","ShermanXLK","2018-05-11","2018-05-11",,,,,,,,,,,,,,,,,,,,,,,,,,,,,,,,,,,,,,,,,,,,"jschempf@battelleecology.org","cmackenzie@battelleecology.org",,,
"ac4adc70-d958-4d29-830e-e28b60ea6bd3","42ca27bd-f20c-4b3d-a6df-b3967b9e997d","DCFS_020.mammalGrid.mam","D09","DCFS","DCFS_020","J5","distributed","grasslandHerbaceous",47.169185,-99.054844,"WGS84",45.1,516.0,0.2,"6 - trap set and empty","ShermanXLK","2018-05-11","2018-05-11",,,,,,,,,,,,,,,,,,,,,,,,,,,,,,,,,,,,,,,,,,,,"elocke@battelleecology.org","dfarkas@battelleecology.org",,,
"626c899d-89a4-4db2-9081-61a13a53a936","42ca27bd-f20c-4b3d-a6df-b3967b9e997d","DCFS_020.mammalGrid.mam","D09","DCFS","DCFS_020","H5","distributed","grasslandHerbaceous",47.169185,-99.054844,"WGS84",45.1,516.0,0.2,"6 - trap set and empty","ShermanXLK","2018-05-11","2018-05-11",,,,,,,,,,,,,,,,,,,,,,,,,,,,,,,,,,,,,,,,,,,,"elocke@battelleecology.org","dfarkas@battelleecology.org",,,
"d4181ac7-f12a-4c93-bf8f-5bbb6b9471d7","b18cd39e-a5a0-467f-b1ab-e3c03a1a9ddd","DCFS_003.mammalGrid.mam","D09","DCFS","DCFS_003","I10","distributed","grasslandHerbaceous",47.204875,-99.184072,"WGS84",45.1,586.1,0.2,"6 - trap set and empty","ShermanXLK","2018-05-11","2018-05-11",,,,,,,,,,,,,,,,,,,,,,,,,,,,,,,,,,,,,,,,,,,,"jschempf@battelleecology.org","cmackenzie@battelleecology.org",,,
"8c7020f0-cf86-41e3-bb7a-9ec052343b3c","b18cd39e-a5a0-467f-b1ab-e3c03a1a9ddd","DCFS_003.mammalGrid.mam","D09","DCFS","DCFS_003","A8","distributed","grasslandHerbaceous",47.204875,-99.184072,"WGS84",45.1,586.1,0.2,"6 - trap set and empty","ShermanXLK","2018-05-11","2018-05-11",,,,,,,,,,,,,,,,,,,,,,,,,,,,,,,,,,,,,,,,,,,,"jschempf@battelleecology.org","cmackenzie@battelleecology.org",,,
"b98fd822-7845-4507-a694-20847fb2878e","66deb44f-c4eb-4bed-a296-d9bc9f455a80","DCFS_009.mammalGrid.mam","D09","DCFS","DCFS_009","G3","distributed","grasslandHerbaceous",47.210861,-99.183174,"WGS84",45.1,587.4,0.2,"6 - trap set and empty","ShermanXLK","2018-05-11","2018-05-11",,,,,,,,,,,,,,,,,,,,,,,,,,,,,,,,,,,,,,,,,,,,"jschempf@battelleecology.org","cmackenzie@battelleecology.org",,,
"7fbcf144-6c8f-40c1-bc86-27126958c2a0","b18cd39e-a5a0-467f-b1ab-e3c03a1a9ddd","DCFS_003.mammalGrid.mam","D09","DCFS","DCFS_003","G7","distributed","grasslandHerbaceous",47.204875,-99.184072,"WGS84",45.1,586.1,0.2,"6 - trap set and empty","ShermanXLK","2018-05-11","2018-05-11",,,,,,,,,,,,,,,,,,,,,,,,,,,,,,,,,,,,,,,,,,,,"jschempf@battelleecology.org","cmackenzie@battelleecology.org",,,
"2bcba9b5-45e8-4825-a5b4-145773c4dc09","6d4105da-5ffa-4661-a808-f0e683bb4bb8","DCFS_004.mammalGrid.mam","D09","DCFS","DCFS_004","H2","distributed","grasslandHerbaceous",47.170237,-99.051720,"WGS84",45.1,507.7,0.2,"6 - trap set and empty","ShermanXLK","2018-05-11","2018-05-11",,,,,,,,,,,,,,,,,,,,,,,,,,,,,,,,,,,,,,,,,,,,,,,,
"d9c1c50a-0fc4-410c-8514-6f60302fa97e","42ca27bd-f20c-4b3d-a6df-b3967b9e997d","DCFS_020.mammalGrid.mam","D09","DCFS","DCFS_020","D5","distributed","grasslandHerbaceous",47.169185,-99.054844,"WGS84",45.1,516.0,0.2,"6 - trap set and empty","ShermanXLK","2018-05-11","2018-05-11",,,,,,,,,,,,,,,,,,,,,,,,,,,,,,,,,,,,,,,,,,,,"elocke@battelleecology.org","dfarkas@battelleecology.org",,,
"8b2cf2ba-d040-4cd5-ba01-321c35b474b6","6d4105da-5ffa-4661-a808-f0e683bb4bb8","DCFS_004.mammalGrid.mam","D09","DCFS","DCFS_004","E3","distributed","grasslandHerbaceous",47.170237,-99.051720,"WGS84",45.1,507.7,0.2,"6 - trap set and empty","ShermanXLK","2018-05-11","2018-05-11",,,,,,,,,,,,,,,,,,,,,,,,,,,,,,,,,,,,,,,,,,,,,,,,
"80ef5549-5433-4acd-b11f-22a5bb39b194","b18cd39e-a5a0-467f-b1ab-e3c03a1a9ddd","DCFS_003.mammalGrid.mam","D09","DCFS","DCFS_003","C5","distributed","grasslandHerbaceous",47.204875,-99.184072,"WGS84",45.1,586.1,0.2,"6 - trap set and empty","ShermanXLK","2018-05-11","2018-05-11",,,,,,,,,,,,,,,,,,,,,,,,,,,,,,,,,,,,,,,,,,,,"jschempf@battelleecology.org","cmackenzie@battelleecology.org",,,
"ba389da1-da7f-4581-b8c2-a2a2b62591f7","66deb44f-c4eb-4bed-a296-d9bc9f455a80","DCFS_009.mammalGrid.mam","D09","DCFS","DCFS_009","H3","distributed","grasslandHerbaceous",47.210861,-99.183174,"WGS84",45.1,587.4,0.2,"5 - capture","ShermanXLK","2018-05-11","2018-05-11","NEON.MAM.D09.R3889",,"PEMA","Peromyscus maniculatus","species",,,,,"N","M","N","released",,"adult","scrotal",,,,19,,,,20,"N","N","N",,,,,,,"DCFS.20180511.R3889.F","D00000010960","fresh","DCFS.20180511.R3889.E","D00000010972",,,,,,"jschempf@battelleecology.org","cmackenzie@battelleecology.org",,,
"f62d0c81-1fde-4717-b10f-f52f92f72171","b18cd39e-a5a0-467f-b1ab-e3c03a1a9ddd","DCFS_003.mammalGrid.mam","D09","DCFS","DCFS_003","A7","distributed","grasslandHerbaceous",47.204875,-99.184072,"WGS84",45.1,586.1,0.2,"6 - trap set and empty","ShermanXLK","2018-05-11","2018-05-11",,,,,,,,,,,,,,,,,,,,,,,,,,,,,,,,,,,,,,,,,,,,"jschempf@battelleecology.org","cmackenzie@battelleecology.org",,,
"c04326d8-e7fe-445e-b43f-a3484ae6449e","b18cd39e-a5a0-467f-b1ab-e3c03a1a9ddd","DCFS_003.mammalGrid.mam","D09","DCFS","DCFS_003","J1","distributed","grasslandHerbaceous",47.204875,-99.184072,"WGS84",45.1,586.1,0.2,"6 - trap set and empty","ShermanXLK","2018-05-11","2018-05-11",,,,,,,,,,,,,,,,,,,,,,,,,,,,,,,,,,,,,,,,,,,,"jschempf@battelleecology.org","cmackenzie@battelleecology.org",,,
"494d2e18-49aa-4512-a248-c4251674ea04","66deb44f-c4eb-4bed-a296-d9bc9f455a80","DCFS_009.mammalGrid.mam","D09","DCFS","DCFS_009","D6","distributed","grasslandHerbaceous",47.210861,-99.183174,"WGS84",45.1,587.4,0.2,"6 - trap set and empty","ShermanXLK","2018-05-11","2018-05-11",,,,,,,,,,,,,,,,,,,,,,,,,,,,,,,,,,,,,,,,,,,,"jschempf@battelleecology.org","cmackenzie@battelleecology.org",,,
"4a1a8c7a-86cf-4709-9fae-6464e9150259","6d4105da-5ffa-4661-a808-f0e683bb4bb8","DCFS_004.mammalGrid.mam","D09","DCFS","DCFS_004","C2","distributed","grasslandHerbaceous",47.170237,-99.051720,"WGS84",45.1,507.7,0.2,"6 - trap set and empty","ShermanXLK","2018-05-11","2018-05-11",,,,,,,,,,,,,,,,,,,,,,,,,,,,,,,,,,,,,,,,,,,,,,,,
"a2b54510-5fc7-430d-b309-5d97f7e87581","42ca27bd-f20c-4b3d-a6df-b3967b9e997d","DCFS_020.mammalGrid.mam","D09","DCFS","DCFS_020","D2","distributed","grasslandHerbaceous",47.169185,-99.054844,"WGS84",45.1,516.0,0.2,"6 - trap set and empty","ShermanXLK","2018-05-11","2018-05-11",,,,,,,,,,,,,,,,,,,,,,,,,,,,,,,,,,,,,,,,,,,,"elocke@battelleecology.org","dfarkas@battelleecology.org",,,
"7b41ae12-b35a-413e-9357-089324193848","6d4105da-5ffa-4661-a808-f0e683bb4bb8","DCFS_004.mammalGrid.mam","D09","DCFS","DCFS_004","B1","distributed","grasslandHerbaceous",47.170237,-99.051720,"WGS84",45.1,507.7,0.2,"6 - trap set and empty","ShermanXLK","2018-05-11","2018-05-11",,,,,,,,,,,,,,,,,,,,,,,,,,,,,,,,,,,,,,,,,,,,,,,,
"df41b611-e503-4969-85e0-7061afcda569","66deb44f-c4eb-4bed-a296-d9bc9f455a80","DCFS_009.mammalGrid.mam","D09","DCFS","DCFS_009","A4","distributed","grasslandHerbaceous",47.210861,-99.183174,"WGS84",45.1,587.4,0.2,"6 - trap set and empty","ShermanXLK","2018-05-11","2018-05-11",,,,,,,,,,,,,,,,,,,,,,,,,,,,,,,,,,,,,,,,,,,,"jschempf@battelleecology.org","cmackenzie@battelleecology.org",,,
"1f39001e-9168-40a8-9d08-460d877c4a68","b18cd39e-a5a0-467f-b1ab-e3c03a1a9ddd","DCFS_003.mammalGrid.mam","D09","DCFS","DCFS_003","F1","distributed","grasslandHerbaceous",47.204875,-99.184072,"WGS84",45.1,586.1,0.2,"6 - trap set and empty","ShermanXLK","2018-05-11","2018-05-11",,,,,,,,,,,,,,,,,,,,,,,,,,,,,,,,,,,,,,,,,,,,"jschempf@battelleecology.org","cmackenzie@battelleecology.org",,,
"5ce798a1-4acc-46e2-b198-deeaad2db8cb","66deb44f-c4eb-4bed-a296-d9bc9f455a80","DCFS_009.mammalGrid.mam","D09","DCFS","DCFS_009","J9","distributed","grasslandHerbaceous",47.210861,-99.183174,"WGS84",45.1,587.4,0.2,"6 - trap set and empty","ShermanXLK","2018-05-11","2018-05-11",,,,,,,,,,,,,,,,,,,,,,,,,,,,,,,,,,,,,,,,,,,,"jschempf@battelleecology.org","cmackenzie@battelleecology.org",,,
"821113ee-3483-412f-85c3-ab9cea87c139","66deb44f-c4eb-4bed-a296-d9bc9f455a80","DCFS_009.mammalGrid.mam","D09","DCFS","DCFS_009","C3","distributed","grasslandHerbaceous",47.210861,-99.183174,"WGS84",45.1,587.4,0.2,"6 - trap set and empty","ShermanXLK","2018-05-11","2018-05-11",,,,,,,,,,,,,,,,,,,,,,,,,,,,,,,,,,,,,,,,,,,,"jschempf@battelleecology.org","cmackenzie@battelleecology.org",,,
"dce13a6e-6a55-4815-899c-e0b5b48edd21","42ca27bd-f20c-4b3d-a6df-b3967b9e997d","DCFS_020.mammalGrid.mam","D09","DCFS","DCFS_020","C9","distributed","grasslandHerbaceous",47.169185,-99.054844,"WGS84",45.1,516.0,0.2,"6 - trap set and empty","ShermanXLK","2018-05-11","2018-05-11",,,,,,,,,,,,,,,,,,,,,,,,,,,,,,,,,,,,,,,,,,,,"elocke@battelleecology.org","dfarkas@battelleecology.org",,,
"00bbeece-1906-4ec0-85be-abf5c78d2959","6d4105da-5ffa-4661-a808-f0e683bb4bb8","DCFS_004.mammalGrid.mam","D09","DCFS","DCFS_004","D5","distributed","grasslandHerbaceous",47.170237,-99.051720,"WGS84",45.1,507.7,0.2,"6 - trap set and empty","ShermanXLK","2018-05-11","2018-05-11",,,,,,,,,,,,,,,,,,,,,,,,,,,,,,,,,,,,,,,,,,,,,,,,
"76b347c4-6dc6-4852-b955-9dcc466aecd9","b18cd39e-a5a0-467f-b1ab-e3c03a1a9ddd","DCFS_003.mammalGrid.mam","D09","DCFS","DCFS_003","G3","distributed","grasslandHerbaceous",47.204875,-99.184072,"WGS84",45.1,586.1,0.2,"6 - trap set and empty","ShermanXLK","2018-05-11","2018-05-11",,,,,,,,,,,,,,,,,,,,,,,,,,,,,,,,,,,,,,,,,,,,"jschempf@battelleecology.org","cmackenzie@battelleecology.org",,,
"6dd3c6fe-5091-4d73-b8da-d30ed0b6ef16","66deb44f-c4eb-4bed-a296-d9bc9f455a80","DCFS_009.mammalGrid.mam","D09","DCFS","DCFS_009","H7","distributed","grasslandHerbaceous",47.210861,-99.183174,"WGS84",45.1,587.4,0.2,"6 - trap set and empty","ShermanXLK","2018-05-11","2018-05-11",,,,,,,,,,,,,,,,,,,,,,,,,,,,,,,,,,,,,,,,,,,,"jschempf@battelleecology.org","cmackenzie@battelleecology.org",,,
"a9230ee3-76f8-4e47-9061-f61e736af353","6d4105da-5ffa-4661-a808-f0e683bb4bb8","DCFS_004.mammalGrid.mam","D09","DCFS","DCFS_004","H9","distributed","grasslandHerbaceous",47.170237,-99.051720,"WGS84",45.1,507.7,0.2,"6 - trap set and empty","ShermanXLK","2018-05-11","2018-05-11",,,,,,,,,,,,,,,,,,,,,,,,,,,,,,,,,,,,,,,,,,,,,,,,
"c8066cc8-bd23-48e3-ba72-b85689e886c5","6d4105da-5ffa-4661-a808-f0e683bb4bb8","DCFS_004.mammalGrid.mam","D09","DCFS","DCFS_004","C3","distributed","grasslandHerbaceous",47.170237,-99.051720,"WGS84",45.1,507.7,0.2,"6 - trap set and empty","ShermanXLK","2018-05-11","2018-05-11",,,,,,,,,,,,,,,,,,,,,,,,,,,,,,,,,,,,,,,,,,,,,,,,
"100cfdea-4f64-4a51-b0c3-5704baec6637","6d4105da-5ffa-4661-a808-f0e683bb4bb8","DCFS_004.mammalGrid.mam","D09","DCFS","DCFS_004","J1","distributed","grasslandHerbaceous",47.170237,-99.051720,"WGS84",45.1,507.7,0.2,"6 - trap set and empty","ShermanXLK","2018-05-11","2018-05-11",,,,,,,,,,,,,,,,,,,,,,,,,,,,,,,,,,,,,,,,,,,,,,,,
"9b233c86-0af0-4b2f-b4a6-bc8be3b01239","66deb44f-c4eb-4bed-a296-d9bc9f455a80","DCFS_009.mammalGrid.mam","D09","DCFS","DCFS_009","G9","distributed","grasslandHerbaceous",47.210861,-99.183174,"WGS84",45.1,587.4,0.2,"6 - trap set and empty","ShermanXLK","2018-05-11","2018-05-11",,,,,,,,,,,,,,,,,,,,,,,,,,,,,,,,,,,,,,,,,,,,"jschempf@battelleecology.org","cmackenzie@battelleecology.org",,,
"a258effa-9dab-448c-be28-1135429e43b0","66deb44f-c4eb-4bed-a296-d9bc9f455a80","DCFS_009.mammalGrid.mam","D09","DCFS","DCFS_009","E1","distributed","grasslandHerbaceous",47.210861,-99.183174,"WGS84",45.1,587.4,0.2,"6 - trap set and empty","ShermanXLK","2018-05-11","2018-05-11",,,,,,,,,,,,,,,,,,,,,,,,,,,,,,,,,,,,,,,,,,,,"jschempf@battelleecology.org","cmackenzie@battelleecology.org",,,
"ea3060bb-ee52-440c-8f69-b12b57fb6fc4","42ca27bd-f20c-4b3d-a6df-b3967b9e997d","DCFS_020.mammalGrid.mam","D09","DCFS","DCFS_020","G3","distributed","grasslandHerbaceous",47.169185,-99.054844,"WGS84",45.1,516.0,0.2,"6 - trap set and empty","ShermanXLK","2018-05-11","2018-05-11",,,,,,,,,,,,,,,,,,,,,,,,,,,,,,,,,,,,,,,,,,,,"elocke@battelleecology.org","dfarkas@battelleecology.org",,,
"ed84609a-6bc6-4ff5-86ac-992ff3330e79","42ca27bd-f20c-4b3d-a6df-b3967b9e997d","DCFS_020.mammalGrid.mam","D09","DCFS","DCFS_020","F10","distributed","grasslandHerbaceous",47.169185,-99.054844,"WGS84",45.1,516.0,0.2,"6 - trap set and empty","ShermanXLK","2018-05-11","2018-05-11",,,,,,,,,,,,,,,,,,,,,,,,,,,,,,,,,,,,,,,,,,,,"elocke@battelleecology.org","dfarkas@battelleecology.org",,,
"6c0d88e2-fe31-43ac-81d6-83dca4958e72","66deb44f-c4eb-4bed-a296-d9bc9f455a80","DCFS_009.mammalGrid.mam","D09","DCFS","DCFS_009","F7","distributed","grasslandHerbaceous",47.210861,-99.183174,"WGS84",45.1,587.4,0.2,"6 - trap set and empty","ShermanXLK","2018-05-11","2018-05-11",,,,,,,,,,,,,,,,,,,,,,,,,,,,,,,,,,,,,,,,,,,,"jschempf@battelleecology.org","cmackenzie@battelleecology.org",,,
"4ee3b12a-434b-4dac-8e78-389239413856","66deb44f-c4eb-4bed-a296-d9bc9f455a80","DCFS_009.mammalGrid.mam","D09","DCFS","DCFS_009","B6","distributed","grasslandHerbaceous",47.210861,-99.183174,"WGS84",45.1,587.4,0.2,"6 - trap set and empty","ShermanXLK","2018-05-11","2018-05-11",,,,,,,,,,,,,,,,,,,,,,,,,,,,,,,,,,,,,,,,,,,,"jschempf@battelleecology.org","cmackenzie@battelleecology.org",,,
"61c6c384-043e-4bfd-926b-cbace4b0ddcc","b18cd39e-a5a0-467f-b1ab-e3c03a1a9ddd","DCFS_003.mammalGrid.mam","D09","DCFS","DCFS_003","D7","distributed","grasslandHerbaceous",47.204875,-99.184072,"WGS84",45.1,586.1,0.2,"6 - trap set and empty","ShermanXLK","2018-05-11","2018-05-11",,,,,,,,,,,,,,,,,,,,,,,,,,,,,,,,,,,,,,,,,,,,"jschempf@battelleecology.org","cmackenzie@battelleecology.org",,,
"39ac026b-4ed3-4c8d-9f8b-44da5527c9d9","6d4105da-5ffa-4661-a808-f0e683bb4bb8","DCFS_004.mammalGrid.mam","D09","DCFS","DCFS_004","I10","distributed","grasslandHerbaceous",47.170237,-99.051720,"WGS84",45.1,507.7,0.2,"6 - trap set and empty","ShermanXLK","2018-05-11","2018-05-11",,,,,,,,,,,,,,,,,,,,,,,,,,,,,,,,,,,,,,,,,,,,,,,,
"78bed1fb-e30f-492d-bd56-42759b4cf54e","66deb44f-c4eb-4bed-a296-d9bc9f455a80","DCFS_009.mammalGrid.mam","D09","DCFS","DCFS_009","D4","distributed","grasslandHerbaceous",47.210861,-99.183174,"WGS84",45.1,587.4,0.2,"6 - trap set and empty","ShermanXLK","2018-05-11","2018-05-11",,,,,,,,,,,,,,,,,,,,,,,,,,,,,,,,,,,,,,,,,,,,"jschempf@battelleecology.org","cmackenzie@battelleecology.org",,,
"7feb1e8d-3459-45c4-bd79-8a5b023af408","66deb44f-c4eb-4bed-a296-d9bc9f455a80","DCFS_009.mammalGrid.mam","D09","DCFS","DCFS_009","F1","distributed","grasslandHerbaceous",47.210861,-99.183174,"WGS84",45.1,587.4,0.2,"6 - trap set and empty","ShermanXLK","2018-05-11","2018-05-11",,,,,,,,,,,,,,,,,,,,,,,,,,,,,,,,,,,,,,,,,,,,"jschempf@battelleecology.org","cmackenzie@battelleecology.org",,,
"3bff96c3-919a-4191-9c4b-e326822b78ec","b18cd39e-a5a0-467f-b1ab-e3c03a1a9ddd","DCFS_003.mammalGrid.mam","D09","DCFS","DCFS_003","D8","distributed","grasslandHerbaceous",47.204875,-99.184072,"WGS84",45.1,586.1,0.2,"6 - trap set and empty","ShermanXLK","2018-05-11","2018-05-11",,,,,,,,,,,,,,,,,,,,,,,,,,,,,,,,,,,,,,,,,,,,"jschempf@battelleecology.org","cmackenzie@battelleecology.org",,,
"b28e3a9b-952d-4aac-a43d-77115e34d6e4","6d4105da-5ffa-4661-a808-f0e683bb4bb8","DCFS_004.mammalGrid.mam","D09","DCFS","DCFS_004","G1","distributed","grasslandHerbaceous",47.170237,-99.051720,"WGS84",45.1,507.7,0.2,"6 - trap set and empty","ShermanXLK","2018-05-11","2018-05-11",,,,,,,,,,,,,,,,,,,,,,,,,,,,,,,,,,,,,,,,,,,,,,,,
"0ec8e0c4-e392-4f0a-9ecc-bc3d350b3c3f","42ca27bd-f20c-4b3d-a6df-b3967b9e997d","DCFS_020.mammalGrid.mam","D09","DCFS","DCFS_020","E3","distributed","grasslandHerbaceous",47.169185,-99.054844,"WGS84",45.1,516.0,0.2,"6 - trap set and empty","ShermanXLK","2018-05-11","2018-05-11",,,,,,,,,,,,,,,,,,,,,,,,,,,,,,,,,,,,,,,,,,,,"elocke@battelleecology.org","dfarkas@battelleecology.org",,,
"edbaf273-4834-4965-a17f-85ee4830e9b7","6d4105da-5ffa-4661-a808-f0e683bb4bb8","DCFS_004.mammalGrid.mam","D09","DCFS","DCFS_004","E9","distributed","grasslandHerbaceous",47.170237,-99.051720,"WGS84",45.1,507.7,0.2,"6 - trap set and empty","ShermanXLK","2018-05-11","2018-05-11",,,,,,,,,,,,,,,,,,,,,,,,,,,,,,,,,,,,,,,,,,,,,,,,
"45684908-42ce-495c-a0d5-18ab5d746d27","66deb44f-c4eb-4bed-a296-d9bc9f455a80","DCFS_009.mammalGrid.mam","D09","DCFS","DCFS_009","E3","distributed","grasslandHerbaceous",47.210861,-99.183174,"WGS84",45.1,587.4,0.2,"6 - trap set and empty","ShermanXLK","2018-05-11","2018-05-11",,,,,,,,,,,,,,,,,,,,,,,,,,,,,,,,,,,,,,,,,,,,"jschempf@battelleecology.org","cmackenzie@battelleecology.org",,,
"99db2220-3c8b-49da-8c6d-f4b70e001dbe","42ca27bd-f20c-4b3d-a6df-b3967b9e997d","DCFS_020.mammalGrid.mam","D09","DCFS","DCFS_020","I5","distributed","grasslandHerbaceous",47.169185,-99.054844,"WGS84",45.1,516.0,0.2,"6 - trap set and empty","ShermanXLK","2018-05-11","2018-05-11",,,,,,,,,,,,,,,,,,,,,,,,,,,,,,,,,,,,,,,,,,,,"elocke@battelleecology.org","dfarkas@battelleecology.org",,,
"a64f8117-e92b-475a-9b32-b5f2cdbeaff2","b18cd39e-a5a0-467f-b1ab-e3c03a1a9ddd","DCFS_003.mammalGrid.mam","D09","DCFS","DCFS_003","I8","distributed","grasslandHerbaceous",47.204875,-99.184072,"WGS84",45.1,586.1,0.2,"6 - trap set and empty","ShermanXLK","2018-05-11","2018-05-11",,,,,,,,,,,,,,,,,,,,,,,,,,,,,,,,,,,,,,,,,,,,"jschempf@battelleecology.org","cmackenzie@battelleecology.org",,,
"0ce9db8d-10ac-4ec1-bdc8-61d551b5f145","b18cd39e-a5a0-467f-b1ab-e3c03a1a9ddd","DCFS_003.mammalGrid.mam","D09","DCFS","DCFS_003","I2","distributed","grasslandHerbaceous",47.204875,-99.184072,"WGS84",45.1,586.1,0.2,"6 - trap set and empty","ShermanXLK","2018-05-11","2018-05-11",,,,,,,,,,,,,,,,,,,,,,,,,,,,,,,,,,,,,,,,,,,,"jschempf@battelleecology.org","cmackenzie@battelleecology.org",,,
"47188663-a3af-47dd-9cdd-a2250d8e779b","6d4105da-5ffa-4661-a808-f0e683bb4bb8","DCFS_004.mammalGrid.mam","D09","DCFS","DCFS_004","H7","distributed","grasslandHerbaceous",47.170237,-99.051720,"WGS84",45.1,507.7,0.2,"6 - trap set and empty","ShermanXLK","2018-05-11","2018-05-11",,,,,,,,,,,,,,,,,,,,,,,,,,,,,,,,,,,,,,,,,,,,,,,,
"f22bc51e-d5c7-4a23-8b5f-b26648c5820b","66deb44f-c4eb-4bed-a296-d9bc9f455a80","DCFS_009.mammalGrid.mam","D09","DCFS","DCFS_009","A6","distributed","grasslandHerbaceous",47.210861,-99.183174,"WGS84",45.1,587.4,0.2,"6 - trap set and empty","ShermanXLK","2018-05-11","2018-05-11",,,,,,,,,,,,,,,,,,,,,,,,,,,,,,,,,,,,,,,,,,,,"jschempf@battelleecology.org","cmackenzie@battelleecology.org",,,
"6971792e-71d3-4c0d-a175-99ab2791b17c","42ca27bd-f20c-4b3d-a6df-b3967b9e997d","DCFS_020.mammalGrid.mam","D09","DCFS","DCFS_020","C8","distributed","grasslandHerbaceous",47.169185,-99.054844,"WGS84",45.1,516.0,0.2,"6 - trap set and empty","ShermanXLK","2018-05-11","2018-05-11",,,,,,,,,,,,,,,,,,,,,,,,,,,,,,,,,,,,,,,,,,,,"elocke@battelleecology.org","dfarkas@battelleecology.org",,,
"08bfd214-95c1-4742-908c-d347d03c7009","42ca27bd-f20c-4b3d-a6df-b3967b9e997d","DCFS_020.mammalGrid.mam","D09","DCFS","DCFS_020","H9","distributed","grasslandHerbaceous",47.169185,-99.054844,"WGS84",45.1,516.0,0.2,"6 - trap set and empty","ShermanXLK","2018-05-11","2018-05-11",,,,,,,,,,,,,,,,,,,,,,,,,,,,,,,,,,,,,,,,,,,,"elocke@battelleecology.org","dfarkas@battelleecology.org",,,
"aaa1da18-f89a-4b29-b09d-00a5a20975c5","6d4105da-5ffa-4661-a808-f0e683bb4bb8","DCFS_004.mammalGrid.mam","D09","DCFS","DCFS_004","H1","distributed","grasslandHerbaceous",47.170237,-99.051720,"WGS84",45.1,507.7,0.2,"6 - trap set and empty","ShermanXLK","2018-05-11","2018-05-11",,,,,,,,,,,,,,,,,,,,,,,,,,,,,,,,,,,,,,,,,,,,,,,,
"f5a5ffea-1022-465d-99f5-c07e7dfa908b","6d4105da-5ffa-4661-a808-f0e683bb4bb8","DCFS_004.mammalGrid.mam","D09","DCFS","DCFS_004","I1","distributed","grasslandHerbaceous",47.170237,-99.051720,"WGS84",45.1,507.7,0.2,"6 - trap set and empty","ShermanXLK","2018-05-11","2018-05-11",,,,,,,,,,,,,,,,,,,,,,,,,,,,,,,,,,,,,,,,,,,,,,,,
"6466d14e-3b3d-41d0-a9d9-aa687ddb397f","b18cd39e-a5a0-467f-b1ab-e3c03a1a9ddd","DCFS_003.mammalGrid.mam","D09","DCFS","DCFS_003","H1","distributed","grasslandHerbaceous",47.204875,-99.184072,"WGS84",45.1,586.1,0.2,"6 - trap set and empty","ShermanXLK","2018-05-11","2018-05-11",,,,,,,,,,,,,,,,,,,,,,,,,,,,,,,,,,,,,,,,,,,,"jschempf@battelleecology.org","cmackenzie@battelleecology.org",,,
"9e1621bf-dd84-4836-b0f0-3d023530596a","42ca27bd-f20c-4b3d-a6df-b3967b9e997d","DCFS_020.mammalGrid.mam","D09","DCFS","DCFS_020","G5","distributed","grasslandHerbaceous",47.169185,-99.054844,"WGS84",45.1,516.0,0.2,"6 - trap set and empty","ShermanXLK","2018-05-11","2018-05-11",,,,,,,,,,,,,,,,,,,,,,,,,,,,,,,,,,,,,,,,,,,,"elocke@battelleecology.org","dfarkas@battelleecology.org",,,
"c9bb2b3b-3418-416a-b54b-7a92e57075d1","42ca27bd-f20c-4b3d-a6df-b3967b9e997d","DCFS_020.mammalGrid.mam","D09","DCFS","DCFS_020","A1","distributed","grasslandHerbaceous",47.169185,-99.054844,"WGS84",45.1,516.0,0.2,"6 - trap set and empty","ShermanXLK","2018-05-11","2018-05-11",,,,,,,,,,,,,,,,,,,,,,,,,,,,,,,,,,,,,,,,,,,,"elocke@battelleecology.org","dfarkas@battelleecology.org",,,
"8dfd71ed-8744-4805-ae99-11a8e62a5bf3","6d4105da-5ffa-4661-a808-f0e683bb4bb8","DCFS_004.mammalGrid.mam","D09","DCFS","DCFS_004","B10","distributed","grasslandHerbaceous",47.170237,-99.051720,"WGS84",45.1,507.7,0.2,"6 - trap set and empty","ShermanXLK","2018-05-11","2018-05-11",,,,,,,,,,,,,,,,,,,,,,,,,,,,,,,,,,,,,,,,,,,,,,,,
"0970d871-dd8e-4247-97c2-97e94aaed5b5","42ca27bd-f20c-4b3d-a6df-b3967b9e997d","DCFS_020.mammalGrid.mam","D09","DCFS","DCFS_020","A5","distributed","grasslandHerbaceous",47.169185,-99.054844,"WGS84",45.1,516.0,0.2,"6 - trap set and empty","ShermanXLK","2018-05-11","2018-05-11",,,,,,,,,,,,,,,,,,,,,,,,,,,,,,,,,,,,,,,,,,,,"elocke@battelleecology.org","dfarkas@battelleecology.org",,,
"2fe901d2-e5a8-4cc5-a686-b5bbe13aa78a","42ca27bd-f20c-4b3d-a6df-b3967b9e997d","DCFS_020.mammalGrid.mam","D09","DCFS","DCFS_020","H6","distributed","grasslandHerbaceous",47.169185,-99.054844,"WGS84",45.1,516.0,0.2,"6 - trap set and empty","ShermanXLK","2018-05-11","2018-05-11",,,,,,,,,,,,,,,,,,,,,,,,,,,,,,,,,,,,,,,,,,,,"elocke@battelleecology.org","dfarkas@battelleecology.org",,,
"b6bd0e3c-74f8-4c80-b6fd-34d1c523ec64","b18cd39e-a5a0-467f-b1ab-e3c03a1a9ddd","DCFS_003.mammalGrid.mam","D09","DCFS","DCFS_003","H5","distributed","grasslandHerbaceous",47.204875,-99.184072,"WGS84",45.1,586.1,0.2,"6 - trap set and empty","ShermanXLK","2018-05-11","2018-05-11",,,,,,,,,,,,,,,,,,,,,,,,,,,,,,,,,,,,,,,,,,,,"jschempf@battelleecology.org","cmackenzie@battelleecology.org",,,
"23c956db-8fcc-4f41-a83c-6d162b8605ea","b18cd39e-a5a0-467f-b1ab-e3c03a1a9ddd","DCFS_003.mammalGrid.mam","D09","DCFS","DCFS_003","G6","distributed","grasslandHerbaceous",47.204875,-99.184072,"WGS84",45.1,586.1,0.2,"6 - trap set and empty","ShermanXLK","2018-05-11","2018-05-11",,,,,,,,,,,,,,,,,,,,,,,,,,,,,,,,,,,,,,,,,,,,"jschempf@battelleecology.org","cmackenzie@battelleecology.org",,,
"8d71e7dc-9c54-4f2a-813f-69ce38f71670","6d4105da-5ffa-4661-a808-f0e683bb4bb8","DCFS_004.mammalGrid.mam","D09","DCFS","DCFS_004","I4","distributed","grasslandHerbaceous",47.170237,-99.051720,"WGS84",45.1,507.7,0.2,"6 - trap set and empty","ShermanXLK","2018-05-11","2018-05-11",,,,,,,,,,,,,,,,,,,,,,,,,,,,,,,,,,,,,,,,,,,,,,,,
"df1a2404-82dc-450b-9a55-4c1decb0e13a","42ca27bd-f20c-4b3d-a6df-b3967b9e997d","DCFS_020.mammalGrid.mam","D09","DCFS","DCFS_020","C1","distributed","grasslandHerbaceous",47.169185,-99.054844,"WGS84",45.1,516.0,0.2,"6 - trap set and empty","ShermanXLK","2018-05-11","2018-05-11",,,,,,,,,,,,,,,,,,,,,,,,,,,,,,,,,,,,,,,,,,,,"elocke@battelleecology.org","dfarkas@battelleecology.org",,,
"3c1f1a34-ba5d-4826-be96-63ab2773dffe","42ca27bd-f20c-4b3d-a6df-b3967b9e997d","DCFS_020.mammalGrid.mam","D09","DCFS","DCFS_020","I10","distributed","grasslandHerbaceous",47.169185,-99.054844,"WGS84",45.1,516.0,0.2,"6 - trap set and empty","ShermanXLK","2018-05-11","2018-05-11",,,,,,,,,,,,,,,,,,,,,,,,,,,,,,,,,,,,,,,,,,,,"elocke@battelleecology.org","dfarkas@battelleecology.org",,,
"848ab7a2-31ee-47e7-a04f-5effee769e83","6d4105da-5ffa-4661-a808-f0e683bb4bb8","DCFS_004.mammalGrid.mam","D09","DCFS","DCFS_004","E6","distributed","grasslandHerbaceous",47.170237,-99.051720,"WGS84",45.1,507.7,0.2,"6 - trap set and empty","ShermanXLK","2018-05-11","2018-05-11",,,,,,,,,,,,,,,,,,,,,,,,,,,,,,,,,,,,,,,,,,,,,,,,
"3b922ae5-d4c6-4149-8484-4546eb044d29","66deb44f-c4eb-4bed-a296-d9bc9f455a80","DCFS_009.mammalGrid.mam","D09","DCFS","DCFS_009","I2","distributed","grasslandHerbaceous",47.210861,-99.183174,"WGS84",45.1,587.4,0.2,"6 - trap set and empty","ShermanXLK","2018-05-11","2018-05-11",,,,,,,,,,,,,,,,,,,,,,,,,,,,,,,,,,,,,,,,,,,,"jschempf@battelleecology.org","cmackenzie@battelleecology.org",,,
"51c0f390-3ad1-46c8-92a8-473816954bba","66deb44f-c4eb-4bed-a296-d9bc9f455a80","DCFS_009.mammalGrid.mam","D09","DCFS","DCFS_009","G1","distributed","grasslandHerbaceous",47.210861,-99.183174,"WGS84",45.1,587.4,0.2,"6 - trap set and empty","ShermanXLK","2018-05-11","2018-05-11",,,,,,,,,,,,,,,,,,,,,,,,,,,,,,,,,,,,,,,,,,,,"jschempf@battelleecology.org","cmackenzie@battelleecology.org",,,
"8fb5d627-14d2-44a4-b144-52f73f2ee93c","42ca27bd-f20c-4b3d-a6df-b3967b9e997d","DCFS_020.mammalGrid.mam","D09","DCFS","DCFS_020","D6","distributed","grasslandHerbaceous",47.169185,-99.054844,"WGS84",45.1,516.0,0.2,"6 - trap set and empty","ShermanXLK","2018-05-11","2018-05-11",,,,,,,,,,,,,,,,,,,,,,,,,,,,,,,,,,,,,,,,,,,,"elocke@battelleecology.org","dfarkas@battelleecology.org",,,
"e0841905-0e6f-4ab4-b8f0-383ed695435c","b18cd39e-a5a0-467f-b1ab-e3c03a1a9ddd","DCFS_003.mammalGrid.mam","D09","DCFS","DCFS_003","A4","distributed","grasslandHerbaceous",47.204875,-99.184072,"WGS84",45.1,586.1,0.2,"6 - trap set and empty","ShermanXLK","2018-05-11","2018-05-11",,,,,,,,,,,,,,,,,,,,,,,,,,,,,,,,,,,,,,,,,,,,"jschempf@battelleecology.org","cmackenzie@battelleecology.org",,,
"07130936-e016-49a9-9c0e-0e14f2a5fa99","66deb44f-c4eb-4bed-a296-d9bc9f455a80","DCFS_009.mammalGrid.mam","D09","DCFS","DCFS_009","J8","distributed","grasslandHerbaceous",47.210861,-99.183174,"WGS84",45.1,587.4,0.2,"6 - trap set and empty","ShermanXLK","2018-05-11","2018-05-11",,,,,,,,,,,,,,,,,,,,,,,,,,,,,,,,,,,,,,,,,,,,"jschempf@battelleecology.org","cmackenzie@battelleecology.org",,,
"55c284f9-21fe-4cb6-882d-30b9dc7f3399","42ca27bd-f20c-4b3d-a6df-b3967b9e997d","DCFS_020.mammalGrid.mam","D09","DCFS","DCFS_020","J7","distributed","grasslandHerbaceous",47.169185,-99.054844,"WGS84",45.1,516.0,0.2,"6 - trap set and empty","ShermanXLK","2018-05-11","2018-05-11",,,,,,,,,,,,,,,,,,,,,,,,,,,,,,,,,,,,,,,,,,,,"elocke@battelleecology.org","dfarkas@battelleecology.org",,,
"857da91c-3a2c-4377-bf7f-7eaf1ef2dc48","6d4105da-5ffa-4661-a808-f0e683bb4bb8","DCFS_004.mammalGrid.mam","D09","DCFS","DCFS_004","F10","distributed","grasslandHerbaceous",47.170237,-99.051720,"WGS84",45.1,507.7,0.2,"6 - trap set and empty","ShermanXLK","2018-05-11","2018-05-11",,,,,,,,,,,,,,,,,,,,,,,,,,,,,,,,,,,,,,,,,,,,,,,,
"0b2bf55f-e82b-423c-8784-b027ea8820e1","b18cd39e-a5a0-467f-b1ab-e3c03a1a9ddd","DCFS_003.mammalGrid.mam","D09","DCFS","DCFS_003","B4","distributed","grasslandHerbaceous",47.204875,-99.184072,"WGS84",45.1,586.1,0.2,"6 - trap set and empty","ShermanXLK","2018-05-11","2018-05-11",,,,,,,,,,,,,,,,,,,,,,,,,,,,,,,,,,,,,,,,,,,,"jschempf@battelleecology.org","cmackenzie@battelleecology.org",,,
"24429ac5-ec37-4117-a891-0dd9d2f205dc","6d4105da-5ffa-4661-a808-f0e683bb4bb8","DCFS_004.mammalGrid.mam","D09","DCFS","DCFS_004","F5","distributed","grasslandHerbaceous",47.170237,-99.051720,"WGS84",45.1,507.7,0.2,"6 - trap set and empty","ShermanXLK","2018-05-11","2018-05-11",,,,,,,,,,,,,,,,,,,,,,,,,,,,,,,,,,,,,,,,,,,,,,,,
"d8a3b303-e154-4755-842b-1b41eea11999","b18cd39e-a5a0-467f-b1ab-e3c03a1a9ddd","DCFS_003.mammalGrid.mam","D09","DCFS","DCFS_003","I3","distributed","grasslandHerbaceous",47.204875,-99.184072,"WGS84",45.1,586.1,0.2,"6 - trap set and empty","ShermanXLK","2018-05-11","2018-05-11",,,,,,,,,,,,,,,,,,,,,,,,,,,,,,,,,,,,,,,,,,,,"jschempf@battelleecology.org","cmackenzie@battelleecology.org",,,
"09b5288c-b967-4974-8e92-4baa97ff8b8b","66deb44f-c4eb-4bed-a296-d9bc9f455a80","DCFS_009.mammalGrid.mam","D09","DCFS","DCFS_009","C2","distributed","grasslandHerbaceous",47.210861,-99.183174,"WGS84",45.1,587.4,0.2,"6 - trap set and empty","ShermanXLK","2018-05-11","2018-05-11",,,,,,,,,,,,,,,,,,,,,,,,,,,,,,,,,,,,,,,,,,,,"jschempf@battelleecology.org","cmackenzie@battelleecology.org",,,
"9a60cfab-f086-43e5-ae73-4c9c0c7c0837","b18cd39e-a5a0-467f-b1ab-e3c03a1a9ddd","DCFS_003.mammalGrid.mam","D09","DCFS","DCFS_003","A10","distributed","grasslandHerbaceous",47.204875,-99.184072,"WGS84",45.1,586.1,0.2,"6 - trap set and empty","ShermanXLK","2018-05-11","2018-05-11",,,,,,,,,,,,,,,,,,,,,,,,,,,,,,,,,,,,,,,,,,,,"jschempf@battelleecology.org","cmackenzie@battelleecology.org",,,
"3ad7e865-e0c4-4a90-b8f3-ef2b82d61356","6d4105da-5ffa-4661-a808-f0e683bb4bb8","DCFS_004.mammalGrid.mam","D09","DCFS","DCFS_004","G8","distributed","grasslandHerbaceous",47.170237,-99.051720,"WGS84",45.1,507.7,0.2,"6 - trap set and empty","ShermanXLK","2018-05-11","2018-05-11",,,,,,,,,,,,,,,,,,,,,,,,,,,,,,,,,,,,,,,,,,,,,,,,
"11a30ffc-f9df-42bf-a80e-71045e1971d9","b18cd39e-a5a0-467f-b1ab-e3c03a1a9ddd","DCFS_003.mammalGrid.mam","D09","DCFS","DCFS_003","F5","distributed","grasslandHerbaceous",47.204875,-99.184072,"WGS84",45.1,586.1,0.2,"6 - trap set and empty","ShermanXLK","2018-05-11","2018-05-11",,,,,,,,,,,,,,,,,,,,,,,,,,,,,,,,,,,,,,,,,,,,"jschempf@battelleecology.org","cmackenzie@battelleecology.org",,,
"f84b249b-ff62-460e-b4fd-a54ec1908c8e","42ca27bd-f20c-4b3d-a6df-b3967b9e997d","DCFS_020.mammalGrid.mam","D09","DCFS","DCFS_020","A9","distributed","grasslandHerbaceous",47.169185,-99.054844,"WGS84",45.1,516.0,0.2,"6 - trap set and empty","ShermanXLK","2018-05-11","2018-05-11",,,,,,,,,,,,,,,,,,,,,,,,,,,,,,,,,,,,,,,,,,,,"elocke@battelleecology.org","dfarkas@battelleecology.org",,,
"089a1d3a-042a-4a86-9d10-e41a80cab8dd","b18cd39e-a5a0-467f-b1ab-e3c03a1a9ddd","DCFS_003.mammalGrid.mam","D09","DCFS","DCFS_003","H10","distributed","grasslandHerbaceous",47.204875,-99.184072,"WGS84",45.1,586.1,0.2,"6 - trap set and empty","ShermanXLK","2018-05-11","2018-05-11",,,,,,,,,,,,,,,,,,,,,,,,,,,,,,,,,,,,,,,,,,,,"jschempf@battelleecology.org","cmackenzie@battelleecology.org",,,
"27ea6ef2-c77f-4401-b4ef-41152469b237","b18cd39e-a5a0-467f-b1ab-e3c03a1a9ddd","DCFS_003.mammalGrid.mam","D09","DCFS","DCFS_003","G8","distributed","grasslandHerbaceous",47.204875,-99.184072,"WGS84",45.1,586.1,0.2,"6 - trap set and empty","ShermanXLK","2018-05-11","2018-05-11",,,,,,,,,,,,,,,,,,,,,,,,,,,,,,,,,,,,,,,,,,,,"jschempf@battelleecology.org","cmackenzie@battelleecology.org",,,
"6f1c7584-21b3-4ba0-b581-f65af4168285","66deb44f-c4eb-4bed-a296-d9bc9f455a80","DCFS_009.mammalGrid.mam","D09","DCFS","DCFS_009","G7","distributed","grasslandHerbaceous",47.210861,-99.183174,"WGS84",45.1,587.4,0.2,"6 - trap set and empty","ShermanXLK","2018-05-11","2018-05-11",,,,,,,,,,,,,,,,,,,,,,,,,,,,,,,,,,,,,,,,,,,,"jschempf@battelleecology.org","cmackenzie@battelleecology.org",,,
"45312773-f509-40a2-a164-633b78ebc985","6d4105da-5ffa-4661-a808-f0e683bb4bb8","DCFS_004.mammalGrid.mam","D09","DCFS","DCFS_004","H6","distributed","grasslandHerbaceous",47.170237,-99.051720,"WGS84",45.1,507.7,0.2,"6 - trap set and empty","ShermanXLK","2018-05-11","2018-05-11",,,,,,,,,,,,,,,,,,,,,,,,,,,,,,,,,,,,,,,,,,,,,,,,
"27c193b3-0f94-4c0b-b3db-ea260cd149be","66deb44f-c4eb-4bed-a296-d9bc9f455a80","DCFS_009.mammalGrid.mam","D09","DCFS","DCFS_009","F6","distributed","grasslandHerbaceous",47.210861,-99.183174,"WGS84",45.1,587.4,0.2,"6 - trap set and empty","ShermanXLK","2018-05-11","2018-05-11",,,,,,,,,,,,,,,,,,,,,,,,,,,,,,,,,,,,,,,,,,,,"jschempf@battelleecology.org","cmackenzie@battelleecology.org",,,
"206338ad-38eb-4d6a-b655-e679711847d7","6d4105da-5ffa-4661-a808-f0e683bb4bb8","DCFS_004.mammalGrid.mam","D09","DCFS","DCFS_004","A8","distributed","grasslandHerbaceous",47.170237,-99.051720,"WGS84",45.1,507.7,0.2,"6 - trap set and empty","ShermanXLK","2018-05-11","2018-05-11",,,,,,,,,,,,,,,,,,,,,,,,,,,,,,,,,,,,,,,,,,,,,,,,
"2c324f2e-96bc-499c-ace5-83f035edc62f","66deb44f-c4eb-4bed-a296-d9bc9f455a80","DCFS_009.mammalGrid.mam","D09","DCFS","DCFS_009","C9","distributed","grasslandHerbaceous",47.210861,-99.183174,"WGS84",45.1,587.4,0.2,"6 - trap set and empty","ShermanXLK","2018-05-11","2018-05-11",,,,,,,,,,,,,,,,,,,,,,,,,,,,,,,,,,,,,,,,,,,,"jschempf@battelleecology.org","cmackenzie@battelleecology.org",,,
"78e2f0bd-9bb7-46b8-aa02-926996dc39cc","b18cd39e-a5a0-467f-b1ab-e3c03a1a9ddd","DCFS_003.mammalGrid.mam","D09","DCFS","DCFS_003","D2","distributed","grasslandHerbaceous",47.204875,-99.184072,"WGS84",45.1,586.1,0.2,"5 - capture","ShermanXLK","2018-05-11","2018-05-11","NEON.MAM.D09.R3887",,"PEMA","Peromyscus maniculatus","species",,"Reid, F. 2006. A field guide to mammals of North America, north of Mexico. 4th ed. Houghton Mifflin Company, Boston.",,"taxonID confirmed","N","M","Y","released",,"adult","scrotal",,,,18,,,,16,"N","N","N",,,,,,,"DCFS.20180511.R3887.F","D00000010953","fresh",,,,,,,,"jschempf@battelleecology.org","cmackenzie@battelleecology.org",,,
"271fa490-998c-45bd-bad0-9a7356cc4929","b18cd39e-a5a0-467f-b1ab-e3c03a1a9ddd","DCFS_003.mammalGrid.mam","D09","DCFS","DCFS_003","H3","distributed","grasslandHerbaceous",47.204875,-99.184072,"WGS84",45.1,586.1,0.2,"6 - trap set and empty","ShermanXLK","2018-05-11","2018-05-11",,,,,,,,,,,,,,,,,,,,,,,,,,,,,,,,,,,,,,,,,,,,"jschempf@battelleecology.org","cmackenzie@battelleecology.org",,,
"f2c719f7-dc99-416d-b4da-f7f4b3a3df5f","b18cd39e-a5a0-467f-b1ab-e3c03a1a9ddd","DCFS_003.mammalGrid.mam","D09","DCFS","DCFS_003","B7","distributed","grasslandHerbaceous",47.204875,-99.184072,"WGS84",45.1,586.1,0.2,"6 - trap set and empty","ShermanXLK","2018-05-11","2018-05-11",,,,,,,,,,,,,,,,,,,,,,,,,,,,,,,,,,,,,,,,,,,,"jschempf@battelleecology.org","cmackenzie@battelleecology.org",,,
"37f434d4-2f35-4688-bddf-3a3517fcde76","66deb44f-c4eb-4bed-a296-d9bc9f455a80","DCFS_009.mammalGrid.mam","D09","DCFS","DCFS_009","C4","distributed","grasslandHerbaceous",47.210861,-99.183174,"WGS84",45.1,587.4,0.2,"6 - trap set and empty","ShermanXLK","2018-05-11","2018-05-11",,,,,,,,,,,,,,,,,,,,,,,,,,,,,,,,,,,,,,,,,,,,"jschempf@battelleecology.org","cmackenzie@battelleecology.org",,,
"96bd30e1-83b6-4117-a200-b610946c5d6e","b18cd39e-a5a0-467f-b1ab-e3c03a1a9ddd","DCFS_003.mammalGrid.mam","D09","DCFS","DCFS_003","J10","distributed","grasslandHerbaceous",47.204875,-99.184072,"WGS84",45.1,586.1,0.2,"1 - trap not set","ShermanXLK","2018-05-11","2018-05-11",,,,,,,,,,,,,,,,,,,,,,,,,,,,,,,,,,,,,,,,,,,,"jschempf@battelleecology.org","cmackenzie@battelleecology.org",,,
"614576fe-4a62-4e70-90e7-ce9d78205d1b","6d4105da-5ffa-4661-a808-f0e683bb4bb8","DCFS_004.mammalGrid.mam","D09","DCFS","DCFS_004","G9","distributed","grasslandHerbaceous",47.170237,-99.051720,"WGS84",45.1,507.7,0.2,"6 - trap set and empty","ShermanXLK","2018-05-11","2018-05-11",,,,,,,,,,,,,,,,,,,,,,,,,,,,,,,,,,,,,,,,,,,,,,,,
"af8b35bc-0ac7-4393-9a38-fe82d86034cc","b18cd39e-a5a0-467f-b1ab-e3c03a1a9ddd","DCFS_003.mammalGrid.mam","D09","DCFS","DCFS_003","H8","distributed","grasslandHerbaceous",47.204875,-99.184072,"WGS84",45.1,586.1,0.2,"6 - trap set and empty","ShermanXLK","2018-05-11","2018-05-11",,,,,,,,,,,,,,,,,,,,,,,,,,,,,,,,,,,,,,,,,,,,"jschempf@battelleecology.org","cmackenzie@battelleecology.org",,,
"3449a6ba-349a-44e0-a48b-f552df2056d3","b18cd39e-a5a0-467f-b1ab-e3c03a1a9ddd","DCFS_003.mammalGrid.mam","D09","DCFS","DCFS_003","J6","distributed","grasslandHerbaceous",47.204875,-99.184072,"WGS84",45.1,586.1,0.2,"1 - trap not set","ShermanXLK","2018-05-11","2018-05-11",,,,,,,,,,,,,,,,,,,,,,,,,,,,,,,,,,,,,,,,,,,,"jschempf@battelleecology.org","cmackenzie@battelleecology.org",,,
"882d5c11-63ea-40cc-b0d5-6c5e59cb0904","42ca27bd-f20c-4b3d-a6df-b3967b9e997d","DCFS_020.mammalGrid.mam","D09","DCFS","DCFS_020","J6","distributed","grasslandHerbaceous",47.169185,-99.054844,"WGS84",45.1,516.0,0.2,"6 - trap set and empty","ShermanXLK","2018-05-11","2018-05-11",,,,,,,,,,,,,,,,,,,,,,,,,,,,,,,,,,,,,,,,,,,,"elocke@battelleecology.org","dfarkas@battelleecology.org",,,
"40614454-ef0f-4f3d-8590-7016cde5fe39","66deb44f-c4eb-4bed-a296-d9bc9f455a80","DCFS_009.mammalGrid.mam","D09","DCFS","DCFS_009","J2","distributed","grasslandHerbaceous",47.210861,-99.183174,"WGS84",45.1,587.4,0.2,"5 - capture","ShermanXLK","2018-05-11","2018-05-11","NEON.MAM.D09.R3891",,"PEMA","Peromyscus maniculatus","species",,,,"taxonID confirmed","N","F","N","released",,"adult",,"nonenlarged","not","plugged",18,,,,21,"N","N","N",,,,,,,,,,"DCFS.20180511.R3891.E","D00000010995",,,,,,"jschempf@battelleecology.org","cmackenzie@battelleecology.org","Possible chest deformation",,
"d3d6ad60-e458-43af-b3c5-f4340a2a4988","b18cd39e-a5a0-467f-b1ab-e3c03a1a9ddd","DCFS_003.mammalGrid.mam","D09","DCFS","DCFS_003","B1","distributed","grasslandHerbaceous",47.204875,-99.184072,"WGS84",45.1,586.1,0.2,"6 - trap set and empty","ShermanXLK","2018-05-11","2018-05-11",,,,,,,,,,,,,,,,,,,,,,,,,,,,,,,,,,,,,,,,,,,,"jschempf@battelleecology.org","cmackenzie@battelleecology.org",,,
"ef6575d7-9ff4-4cb6-8c64-79357c9f6207","42ca27bd-f20c-4b3d-a6df-b3967b9e997d","DCFS_020.mammalGrid.mam","D09","DCFS","DCFS_020","B6","distributed","grasslandHerbaceous",47.169185,-99.054844,"WGS84",45.1,516.0,0.2,"6 - trap set and empty","ShermanXLK","2018-05-11","2018-05-11",,,,,,,,,,,,,,,,,,,,,,,,,,,,,,,,,,,,,,,,,,,,"elocke@battelleecology.org","dfarkas@battelleecology.org",,,
"5794d39f-b78e-462d-8e07-6d5b943ff870","6d4105da-5ffa-4661-a808-f0e683bb4bb8","DCFS_004.mammalGrid.mam","D09","DCFS","DCFS_004","A2","distributed","grasslandHerbaceous",47.170237,-99.051720,"WGS84",45.1,507.7,0.2,"6 - trap set and empty","ShermanXLK","2018-05-11","2018-05-11",,,,,,,,,,,,,,,,,,,,,,,,,,,,,,,,,,,,,,,,,,,,,,,,
"e26850ed-0311-4bce-823c-0dda1ce3a5bc","66deb44f-c4eb-4bed-a296-d9bc9f455a80","DCFS_009.mammalGrid.mam","D09","DCFS","DCFS_009","D5","distributed","grasslandHerbaceous",47.210861,-99.183174,"WGS84",45.1,587.4,0.2,"6 - trap set and empty","ShermanXLK","2018-05-11","2018-05-11",,,,,,,,,,,,,,,,,,,,,,,,,,,,,,,,,,,,,,,,,,,,"jschempf@battelleecology.org","cmackenzie@battelleecology.org",,,
"2c439fcf-985a-4c51-879d-1a0fbb80dbeb","42ca27bd-f20c-4b3d-a6df-b3967b9e997d","DCFS_020.mammalGrid.mam","D09","DCFS","DCFS_020","G1","distributed","grasslandHerbaceous",47.169185,-99.054844,"WGS84",45.1,516.0,0.2,"6 - trap set and empty","ShermanXLK","2018-05-11","2018-05-11",,,,,,,,,,,,,,,,,,,,,,,,,,,,,,,,,,,,,,,,,,,,"elocke@battelleecology.org","dfarkas@battelleecology.org",,,
"ad3be270-7ba3-4288-b7e6-a84df5a19ead","b18cd39e-a5a0-467f-b1ab-e3c03a1a9ddd","DCFS_003.mammalGrid.mam","D09","DCFS","DCFS_003","I7","distributed","grasslandHerbaceous",47.204875,-99.184072,"WGS84",45.1,586.1,0.2,"6 - trap set and empty","ShermanXLK","2018-05-11","2018-05-11",,,,,,,,,,,,,,,,,,,,,,,,,,,,,,,,,,,,,,,,,,,,"jschempf@battelleecology.org","cmackenzie@battelleecology.org",,,
"453b3428-6e6e-4b6d-b829-679c732100da","66deb44f-c4eb-4bed-a296-d9bc9f455a80","DCFS_009.mammalGrid.mam","D09","DCFS","DCFS_009","A5","distributed","grasslandHerbaceous",47.210861,-99.183174,"WGS84",45.1,587.4,0.2,"6 - trap set and empty","ShermanXLK","2018-05-11","2018-05-11",,,,,,,,,,,,,,,,,,,,,,,,,,,,,,,,,,,,,,,,,,,,"jschempf@battelleecology.org","cmackenzie@battelleecology.org",,,
"33080811-1adc-4022-8a54-d28fc94bc496","6d4105da-5ffa-4661-a808-f0e683bb4bb8","DCFS_004.mammalGrid.mam","D09","DCFS","DCFS_004","H3","distributed","grasslandHerbaceous",47.170237,-99.051720,"WGS84",45.1,507.7,0.2,"6 - trap set and empty","ShermanXLK","2018-05-11","2018-05-11",,,,,,,,,,,,,,,,,,,,,,,,,,,,,,,,,,,,,,,,,,,,,,,,
"1d73c840-ca71-4a07-9915-d4ac9c54cde1","6d4105da-5ffa-4661-a808-f0e683bb4bb8","DCFS_004.mammalGrid.mam","D09","DCFS","DCFS_004","I5","distributed","grasslandHerbaceous",47.170237,-99.051720,"WGS84",45.1,507.7,0.2,"6 - trap set and empty","ShermanXLK","2018-05-11","2018-05-11",,,,,,,,,,,,,,,,,,,,,,,,,,,,,,,,,,,,,,,,,,,,,,,,
"db5ca6ae-0c3a-45bf-b769-e070586602cf","6d4105da-5ffa-4661-a808-f0e683bb4bb8","DCFS_004.mammalGrid.mam","D09","DCFS","DCFS_004","D4","distributed","grasslandHerbaceous",47.170237,-99.051720,"WGS84",45.1,507.7,0.2,"6 - trap set and empty","ShermanXLK","2018-05-11","2018-05-11",,,,,,,,,,,,,,,,,,,,,,,,,,,,,,,,,,,,,,,,,,,,,,,,
"fa28effd-c8cd-42ba-a4a1-be946afd646b","b18cd39e-a5a0-467f-b1ab-e3c03a1a9ddd","DCFS_003.mammalGrid.mam","D09","DCFS","DCFS_003","E3","distributed","grasslandHerbaceous",47.204875,-99.184072,"WGS84",45.1,586.1,0.2,"6 - trap set and empty","ShermanXLK","2018-05-11","2018-05-11",,,,,,,,,,,,,,,,,,,,,,,,,,,,,,,,,,,,,,,,,,,,"jschempf@battelleecology.org","cmackenzie@battelleecology.org",,,
"eebd6dde-c3a3-4e8c-aaa8-7c6a00b92c22","66deb44f-c4eb-4bed-a296-d9bc9f455a80","DCFS_009.mammalGrid.mam","D09","DCFS","DCFS_009","D8","distributed","grasslandHerbaceous",47.210861,-99.183174,"WGS84",45.1,587.4,0.2,"6 - trap set and empty","ShermanXLK","2018-05-11","2018-05-11",,,,,,,,,,,,,,,,,,,,,,,,,,,,,,,,,,,,,,,,,,,,"jschempf@battelleecology.org","cmackenzie@battelleecology.org",,,
"1339c6da-086e-4fa2-b433-5debd66ceb7b","b18cd39e-a5a0-467f-b1ab-e3c03a1a9ddd","DCFS_003.mammalGrid.mam","D09","DCFS","DCFS_003","C10","distributed","grasslandHerbaceous",47.204875,-99.184072,"WGS84",45.1,586.1,0.2,"6 - trap set and empty","ShermanXLK","2018-05-11","2018-05-11",,,,,,,,,,,,,,,,,,,,,,,,,,,,,,,,,,,,,,,,,,,,"jschempf@battelleecology.org","cmackenzie@battelleecology.org",,,
"b051dbc8-4ca3-4866-9b8f-3be71b3c3e33","66deb44f-c4eb-4bed-a296-d9bc9f455a80","DCFS_009.mammalGrid.mam","D09","DCFS","DCFS_009","I3","distributed","grasslandHerbaceous",47.210861,-99.183174,"WGS84",45.1,587.4,0.2,"6 - trap set and empty","ShermanXLK","2018-05-11","2018-05-11",,,,,,,,,,,,,,,,,,,,,,,,,,,,,,,,,,,,,,,,,,,,"jschempf@battelleecology.org","cmackenzie@battelleecology.org",,,
"cf388c32-d7b1-4eac-94a7-786b4a97c716","b18cd39e-a5a0-467f-b1ab-e3c03a1a9ddd","DCFS_003.mammalGrid.mam","D09","DCFS","DCFS_003","J4","distributed","grasslandHerbaceous",47.204875,-99.184072,"WGS84",45.1,586.1,0.2,"6 - trap set and empty","ShermanXLK","2018-05-11","2018-05-11",,,,,,,,,,,,,,,,,,,,,,,,,,,,,,,,,,,,,,,,,,,,"jschempf@battelleecology.org","cmackenzie@battelleecology.org",,,
"e06bad41-0389-4d01-a217-7ef310c68c88","42ca27bd-f20c-4b3d-a6df-b3967b9e997d","DCFS_020.mammalGrid.mam","D09","DCFS","DCFS_020","F9","distributed","grasslandHerbaceous",47.169185,-99.054844,"WGS84",45.1,516.0,0.2,"6 - trap set and empty","ShermanXLK","2018-05-11","2018-05-11",,,,,,,,,,,,,,,,,,,,,,,,,,,,,,,,,,,,,,,,,,,,"elocke@battelleecology.org","dfarkas@battelleecology.org",,,
"7357e75c-8edc-4a45-abe5-7bf71548516e","42ca27bd-f20c-4b3d-a6df-b3967b9e997d","DCFS_020.mammalGrid.mam","D09","DCFS","DCFS_020","A2","distributed","grasslandHerbaceous",47.169185,-99.054844,"WGS84",45.1,516.0,0.2,"6 - trap set and empty","ShermanXLK","2018-05-11","2018-05-11",,,,,,,,,,,,,,,,,,,,,,,,,,,,,,,,,,,,,,,,,,,,"elocke@battelleecology.org","dfarkas@battelleecology.org",,,
"3b3d3aec-a3d1-4c21-aa51-823dacc878e5","42ca27bd-f20c-4b3d-a6df-b3967b9e997d","DCFS_020.mammalGrid.mam","D09","DCFS","DCFS_020","F8","distributed","grasslandHerbaceous",47.169185,-99.054844,"WGS84",45.1,516.0,0.2,"2 - trap disturbed/door closed but empty","ShermanXLK","2018-05-11","2018-05-11",,,,,,,,,,,,,,,,,,,,,,,,,,,,,,,,,,,,,,,,,,,,"elocke@battelleecology.org","dfarkas@battelleecology.org",,,
"7dc57527-8098-4416-8794-3a9a7eac420c","66deb44f-c4eb-4bed-a296-d9bc9f455a80","DCFS_009.mammalGrid.mam","D09","DCFS","DCFS_009","B2","distributed","grasslandHerbaceous",47.210861,-99.183174,"WGS84",45.1,587.4,0.2,"5 - capture","ShermanXLK","2018-05-11","2018-05-11","NEON.MAM.D09.R3888",,"PEMA","Peromyscus maniculatus","species",,,,,"N","M","N","released",,"adult","nonscrotal",,,,19,,,,21,"N","N","N",,,,,,,"DCFS.20180511.R3888.F","D00000010974","fresh","DCFS.20180511.R3888.E","D00000010987",,,,,,"jschempf@battelleecology.org","cmackenzie@battelleecology.org","Fleas",,
"d1ca0f36-30ba-4d6b-be9c-62884396d14f","42ca27bd-f20c-4b3d-a6df-b3967b9e997d","DCFS_020.mammalGrid.mam","D09","DCFS","DCFS_020","H10","distributed","grasslandHerbaceous",47.169185,-99.054844,"WGS84",45.1,516.0,0.2,"6 - trap set and empty","ShermanXLK","2018-05-11","2018-05-11",,,,,,,,,,,,,,,,,,,,,,,,,,,,,,,,,,,,,,,,,,,,"elocke@battelleecology.org","dfarkas@battelleecology.org",,,
"c50134bb-90c7-466c-9575-e9bcc5e6330e","66deb44f-c4eb-4bed-a296-d9bc9f455a80","DCFS_009.mammalGrid.mam","D09","DCFS","DCFS_009","J10","distributed","grasslandHerbaceous",47.210861,-99.183174,"WGS84",45.1,587.4,0.2,"6 - trap set and empty","ShermanXLK","2018-05-11","2018-05-11",,,,,,,,,,,,,,,,,,,,,,,,,,,,,,,,,,,,,,,,,,,,"jschempf@battelleecology.org","cmackenzie@battelleecology.org",,,
"ca228fc9-0291-4db2-b35e-533e0d717141","66deb44f-c4eb-4bed-a296-d9bc9f455a80","DCFS_009.mammalGrid.mam","D09","DCFS","DCFS_009","D3","distributed","grasslandHerbaceous",47.210861,-99.183174,"WGS84",45.1,587.4,0.2,"6 - trap set and empty","ShermanXLK","2018-05-11","2018-05-11",,,,,,,,,,,,,,,,,,,,,,,,,,,,,,,,,,,,,,,,,,,,"jschempf@battelleecology.org","cmackenzie@battelleecology.org",,,
"f3c4a48e-27e8-4f12-95d4-85afe0c33043","66deb44f-c4eb-4bed-a296-d9bc9f455a80","DCFS_009.mammalGrid.mam","D09","DCFS","DCFS_009","E8","distributed","grasslandHerbaceous",47.210861,-99.183174,"WGS84",45.1,587.4,0.2,"6 - trap set and empty","ShermanXLK","2018-05-11","2018-05-11",,,,,,,,,,,,,,,,,,,,,,,,,,,,,,,,,,,,,,,,,,,,"jschempf@battelleecology.org","cmackenzie@battelleecology.org",,,
"35500e49-a786-41bb-859d-f71468a97ee0","42ca27bd-f20c-4b3d-a6df-b3967b9e997d","DCFS_020.mammalGrid.mam","D09","DCFS","DCFS_020","G2","distributed","grasslandHerbaceous",47.169185,-99.054844,"WGS84",45.1,516.0,0.2,"6 - trap set and empty","ShermanXLK","2018-05-11","2018-05-11",,,,,,,,,,,,,,,,,,,,,,,,,,,,,,,,,,,,,,,,,,,,"elocke@battelleecology.org","dfarkas@battelleecology.org",,,
"4cc1f38c-eb69-456a-a172-180742b59538","b18cd39e-a5a0-467f-b1ab-e3c03a1a9ddd","DCFS_003.mammalGrid.mam","D09","DCFS","DCFS_003","I4","distributed","grasslandHerbaceous",47.204875,-99.184072,"WGS84",45.1,586.1,0.2,"5 - capture","ShermanXLK","2018-05-11","2018-05-11","NEON.MAM.D09.R3874",,"PEMA","Peromyscus maniculatus","species",,,,,"N","F","Y","released",,"adult",,"nonenlarged","not","neither",19,,,,15,"N","N","N",,,,,,,"DCFS.20180511.R3874.F","D00000010978","fresh",,,,,,,,"jschempf@battelleecology.org","cmackenzie@battelleecology.org","Fleas",,
"3f395b51-fb9d-4558-acec-b93fe0c1e234","66deb44f-c4eb-4bed-a296-d9bc9f455a80","DCFS_009.mammalGrid.mam","D09","DCFS","DCFS_009","F8","distributed","grasslandHerbaceous",47.210861,-99.183174,"WGS84",45.1,587.4,0.2,"6 - trap set and empty","ShermanXLK","2018-05-11","2018-05-11",,,,,,,,,,,,,,,,,,,,,,,,,,,,,,,,,,,,,,,,,,,,"jschempf@battelleecology.org","cmackenzie@battelleecology.org",,,
"39bfe71d-5757-44d4-8157-b4de76002eb3","6d4105da-5ffa-4661-a808-f0e683bb4bb8","DCFS_004.mammalGrid.mam","D09","DCFS","DCFS_004","F2","distributed","grasslandHerbaceous",47.170237,-99.051720,"WGS84",45.1,507.7,0.2,"6 - trap set and empty","ShermanXLK","2018-05-11","2018-05-11",,,,,,,,,,,,,,,,,,,,,,,,,,,,,,,,,,,,,,,,,,,,,,,,
"e9ffbc4f-96f2-4653-a366-bc8e9eb15596","66deb44f-c4eb-4bed-a296-d9bc9f455a80","DCFS_009.mammalGrid.mam","D09","DCFS","DCFS_009","C1","distributed","grasslandHerbaceous",47.210861,-99.183174,"WGS84",45.1,587.4,0.2,"6 - trap set and empty","ShermanXLK","2018-05-11","2018-05-11",,,,,,,,,,,,,,,,,,,,,,,,,,,,,,,,,,,,,,,,,,,,"jschempf@battelleecology.org","cmackenzie@battelleecology.org",,,
"1c902c37-b13c-41c0-a07b-f8a1941615b9","b18cd39e-a5a0-467f-b1ab-e3c03a1a9ddd","DCFS_003.mammalGrid.mam","D09","DCFS","DCFS_003","G4","distributed","grasslandHerbaceous",47.204875,-99.184072,"WGS84",45.1,586.1,0.2,"6 - trap set and empty","ShermanXLK","2018-05-11","2018-05-11",,,,,,,,,,,,,,,,,,,,,,,,,,,,,,,,,,,,,,,,,,,,"jschempf@battelleecology.org","cmackenzie@battelleecology.org",,,
"32cf906e-281d-4c0a-b986-dd326871c8c3","6d4105da-5ffa-4661-a808-f0e683bb4bb8","DCFS_004.mammalGrid.mam","D09","DCFS","DCFS_004","J4","distributed","grasslandHerbaceous",47.170237,-99.051720,"WGS84",45.1,507.7,0.2,"6 - trap set and empty","ShermanXLK","2018-05-11","2018-05-11",,,,,,,,,,,,,,,,,,,,,,,,,,,,,,,,,,,,,,,,,,,,,,,,
"68186fb2-d1fc-4e7f-a633-76f8809ee864","66deb44f-c4eb-4bed-a296-d9bc9f455a80","DCFS_009.mammalGrid.mam","D09","DCFS","DCFS_009","H9","distributed","grasslandHerbaceous",47.210861,-99.183174,"WGS84",45.1,587.4,0.2,"6 - trap set and empty","ShermanXLK","2018-05-11","2018-05-11",,,,,,,,,,,,,,,,,,,,,,,,,,,,,,,,,,,,,,,,,,,,"jschempf@battelleecology.org","cmackenzie@battelleecology.org",,,
"81cf05a2-d5cb-40ec-8409-19271258f878","42ca27bd-f20c-4b3d-a6df-b3967b9e997d","DCFS_020.mammalGrid.mam","D09","DCFS","DCFS_020","J3","distributed","grasslandHerbaceous",47.169185,-99.054844,"WGS84",45.1,516.0,0.2,"6 - trap set and empty","ShermanXLK","2018-05-11","2018-05-11",,,,,,,,,,,,,,,,,,,,,,,,,,,,,,,,,,,,,,,,,,,,"elocke@battelleecology.org","dfarkas@battelleecology.org",,,
"569a601a-49b7-4de9-9a18-7af89ed55cb3","42ca27bd-f20c-4b3d-a6df-b3967b9e997d","DCFS_020.mammalGrid.mam","D09","DCFS","DCFS_020","J9","distributed","grasslandHerbaceous",47.169185,-99.054844,"WGS84",45.1,516.0,0.2,"6 - trap set and empty","ShermanXLK","2018-05-11","2018-05-11",,,,,,,,,,,,,,,,,,,,,,,,,,,,,,,,,,,,,,,,,,,,"elocke@battelleecology.org","dfarkas@battelleecology.org",,,
"17078781-597b-4928-b8a7-d8a7bd366abd","66deb44f-c4eb-4bed-a296-d9bc9f455a80","DCFS_009.mammalGrid.mam","D09","DCFS","DCFS_009","B4","distributed","grasslandHerbaceous",47.210861,-99.183174,"WGS84",45.1,587.4,0.2,"6 - trap set and empty","ShermanXLK","2018-05-11","2018-05-11",,,,,,,,,,,,,,,,,,,,,,,,,,,,,,,,,,,,,,,,,,,,"jschempf@battelleecology.org","cmackenzie@battelleecology.org",,,
"2ed393cb-1834-423c-982a-91cd2c573cda","66deb44f-c4eb-4bed-a296-d9bc9f455a80","DCFS_009.mammalGrid.mam","D09","DCFS","DCFS_009","D2","distributed","grasslandHerbaceous",47.210861,-99.183174,"WGS84",45.1,587.4,0.2,"6 - trap set and empty","ShermanXLK","2018-05-11","2018-05-11",,,,,,,,,,,,,,,,,,,,,,,,,,,,,,,,,,,,,,,,,,,,"jschempf@battelleecology.org","cmackenzie@battelleecology.org",,,
"c0fe5d33-6b2e-479b-b4ae-f7f8e0bee698","b18cd39e-a5a0-467f-b1ab-e3c03a1a9ddd","DCFS_003.mammalGrid.mam","D09","DCFS","DCFS_003","E5","distributed","grasslandHerbaceous",47.204875,-99.184072,"WGS84",45.1,586.1,0.2,"6 - trap set and empty","ShermanXLK","2018-05-11","2018-05-11",,,,,,,,,,,,,,,,,,,,,,,,,,,,,,,,,,,,,,,,,,,,"jschempf@battelleecology.org","cmackenzie@battelleecology.org",,,
"b0a17d2a-a594-4a5d-b7f2-f1a71cef737b","b18cd39e-a5a0-467f-b1ab-e3c03a1a9ddd","DCFS_003.mammalGrid.mam","D09","DCFS","DCFS_003","G9","distributed","grasslandHerbaceous",47.204875,-99.184072,"WGS84",45.1,586.1,0.2,"6 - trap set and empty","ShermanXLK","2018-05-11","2018-05-11",,,,,,,,,,,,,,,,,,,,,,,,,,,,,,,,,,,,,,,,,,,,"jschempf@battelleecology.org","cmackenzie@battelleecology.org",,,
"083a0799-a8c1-4474-84c5-b8706d2f04e7","66deb44f-c4eb-4bed-a296-d9bc9f455a80","DCFS_009.mammalGrid.mam","D09","DCFS","DCFS_009","F9","distributed","grasslandHerbaceous",47.210861,-99.183174,"WGS84",45.1,587.4,0.2,"6 - trap set and empty","ShermanXLK","2018-05-11","2018-05-11",,,,,,,,,,,,,,,,,,,,,,,,,,,,,,,,,,,,,,,,,,,,"jschempf@battelleecology.org","cmackenzie@battelleecology.org",,,
"3ea82f1b-b92d-4820-b623-bad3bb2c9cbb","66deb44f-c4eb-4bed-a296-d9bc9f455a80","DCFS_009.mammalGrid.mam","D09","DCFS","DCFS_009","I1","distributed","grasslandHerbaceous",47.210861,-99.183174,"WGS84",45.1,587.4,0.2,"6 - trap set and empty","ShermanXLK","2018-05-11","2018-05-11",,,,,,,,,,,,,,,,,,,,,,,,,,,,,,,,,,,,,,,,,,,,"jschempf@battelleecology.org","cmackenzie@battelleecology.org",,,
"10a68ba9-4e4e-4067-acdc-e2925b54ec20","b18cd39e-a5a0-467f-b1ab-e3c03a1a9ddd","DCFS_003.mammalGrid.mam","D09","DCFS","DCFS_003","D5","distributed","grasslandHerbaceous",47.204875,-99.184072,"WGS84",45.1,586.1,0.2,"6 - trap set and empty","ShermanXLK","2018-05-11","2018-05-11",,,,,,,,,,,,,,,,,,,,,,,,,,,,,,,,,,,,,,,,,,,,"jschempf@battelleecology.org","cmackenzie@battelleecology.org",,,
"b5623e01-0bf8-45de-91f9-b2de3af317ab","66deb44f-c4eb-4bed-a296-d9bc9f455a80","DCFS_009.mammalGrid.mam","D09","DCFS","DCFS_009","H2","distributed","grasslandHerbaceous",47.210861,-99.183174,"WGS84",45.1,587.4,0.2,"6 - trap set and empty","ShermanXLK","2018-05-11","2018-05-11",,,,,,,,,,,,,,,,,,,,,,,,,,,,,,,,,,,,,,,,,,,,"jschempf@battelleecology.org","cmackenzie@battelleecology.org",,,
"e372eba6-feb4-4029-a12d-e4e68085fb05","b18cd39e-a5a0-467f-b1ab-e3c03a1a9ddd","DCFS_003.mammalGrid.mam","D09","DCFS","DCFS_003","D4","distributed","grasslandHerbaceous",47.204875,-99.184072,"WGS84",45.1,586.1,0.2,"6 - trap set and empty","ShermanXLK","2018-05-11","2018-05-11",,,,,,,,,,,,,,,,,,,,,,,,,,,,,,,,,,,,,,,,,,,,"jschempf@battelleecology.org","cmackenzie@battelleecology.org",,,
"f25ca946-b7af-45da-a7ed-10ad0055a2cb","b18cd39e-a5a0-467f-b1ab-e3c03a1a9ddd","DCFS_003.mammalGrid.mam","D09","DCFS","DCFS_003","J2","distributed","grasslandHerbaceous",47.204875,-99.184072,"WGS84",45.1,586.1,0.2,"6 - trap set and empty","ShermanXLK","2018-05-11","2018-05-11",,,,,,,,,,,,,,,,,,,,,,,,,,,,,,,,,,,,,,,,,,,,"jschempf@battelleecology.org","cmackenzie@battelleecology.org",,,
"67604f9f-b86a-4f9c-a1fc-57a237407245","66deb44f-c4eb-4bed-a296-d9bc9f455a80","DCFS_009.mammalGrid.mam","D09","DCFS","DCFS_009","F10","distributed","grasslandHerbaceous",47.210861,-99.183174,"WGS84",45.1,587.4,0.2,"6 - trap set and empty","ShermanXLK","2018-05-11","2018-05-11",,,,,,,,,,,,,,,,,,,,,,,,,,,,,,,,,,,,,,,,,,,,"jschempf@battelleecology.org","cmackenzie@battelleecology.org",,,
"2cab10ca-1df0-46e8-8212-81d46b8bbf07","42ca27bd-f20c-4b3d-a6df-b3967b9e997d","DCFS_020.mammalGrid.mam","D09","DCFS","DCFS_020","C10","distributed","grasslandHerbaceous",47.169185,-99.054844,"WGS84",45.1,516.0,0.2,"6 - trap set and empty","ShermanXLK","2018-05-11","2018-05-11",,,,,,,,,,,,,,,,,,,,,,,,,,,,,,,,,,,,,,,,,,,,"elocke@battelleecology.org","dfarkas@battelleecology.org",,,
"59c6152b-dd07-4cfe-97af-fb250d0d42d7","6d4105da-5ffa-4661-a808-f0e683bb4bb8","DCFS_004.mammalGrid.mam","D09","DCFS","DCFS_004","B8","distributed","grasslandHerbaceous",47.170237,-99.051720,"WGS84",45.1,507.7,0.2,"6 - trap set and empty","ShermanXLK","2018-05-11","2018-05-11",,,,,,,,,,,,,,,,,,,,,,,,,,,,,,,,,,,,,,,,,,,,,,,,
"69bb5d0a-ba59-4dde-b3e5-4062f8493389","66deb44f-c4eb-4bed-a296-d9bc9f455a80","DCFS_009.mammalGrid.mam","D09","DCFS","DCFS_009","E10","distributed","grasslandHerbaceous",47.210861,-99.183174,"WGS84",45.1,587.4,0.2,"6 - trap set and empty","ShermanXLK","2018-05-11","2018-05-11",,,,,,,,,,,,,,,,,,,,,,,,,,,,,,,,,,,,,,,,,,,,"jschempf@battelleecology.org","cmackenzie@battelleecology.org",,,
"022727cb-eb37-4914-8223-0c0b29d41d59","66deb44f-c4eb-4bed-a296-d9bc9f455a80","DCFS_009.mammalGrid.mam","D09","DCFS","DCFS_009","F4","distributed","grasslandHerbaceous",47.210861,-99.183174,"WGS84",45.1,587.4,0.2,"6 - trap set and empty","ShermanXLK","2018-05-11","2018-05-11",,,,,,,,,,,,,,,,,,,,,,,,,,,,,,,,,,,,,,,,,,,,"jschempf@battelleecology.org","cmackenzie@battelleecology.org",,,
"c7afd39c-2bcb-4520-9fed-1a8244352ed7","b18cd39e-a5a0-467f-b1ab-e3c03a1a9ddd","DCFS_003.mammalGrid.mam","D09","DCFS","DCFS_003","E6","distributed","grasslandHerbaceous",47.204875,-99.184072,"WGS84",45.1,586.1,0.2,"6 - trap set and empty","ShermanXLK","2018-05-11","2018-05-11",,,,,,,,,,,,,,,,,,,,,,,,,,,,,,,,,,,,,,,,,,,,"jschempf@battelleecology.org","cmackenzie@battelleecology.org",,,
"ebbe78eb-2bb2-4455-8b27-e17aee47d894","66deb44f-c4eb-4bed-a296-d9bc9f455a80","DCFS_009.mammalGrid.mam","D09","DCFS","DCFS_009","I5","distributed","grasslandHerbaceous",47.210861,-99.183174,"WGS84",45.1,587.4,0.2,"6 - trap set and empty","ShermanXLK","2018-05-11","2018-05-11",,,,,,,,,,,,,,,,,,,,,,,,,,,,,,,,,,,,,,,,,,,,"jschempf@battelleecology.org","cmackenzie@battelleecology.org",,,
"b3087a2b-b77d-4d73-b571-ce1fe41e4457","6d4105da-5ffa-4661-a808-f0e683bb4bb8","DCFS_004.mammalGrid.mam","D09","DCFS","DCFS_004","J2","distributed","grasslandHerbaceous",47.170237,-99.051720,"WGS84",45.1,507.7,0.2,"6 - trap set and empty","ShermanXLK","2018-05-11","2018-05-11",,,,,,,,,,,,,,,,,,,,,,,,,,,,,,,,,,,,,,,,,,,,,,,,
"91d479b2-c01c-4997-af0e-b5311196da70","42ca27bd-f20c-4b3d-a6df-b3967b9e997d","DCFS_020.mammalGrid.mam","D09","DCFS","DCFS_020","F6","distributed","grasslandHerbaceous",47.169185,-99.054844,"WGS84",45.1,516.0,0.2,"6 - trap set and empty","ShermanXLK","2018-05-11","2018-05-11",,,,,,,,,,,,,,,,,,,,,,,,,,,,,,,,,,,,,,,,,,,,"elocke@battelleecology.org","dfarkas@battelleecology.org",,,
"1c34a2e9-37b8-4b5a-8b0b-396a9090912b","6d4105da-5ffa-4661-a808-f0e683bb4bb8","DCFS_004.mammalGrid.mam","D09","DCFS","DCFS_004","F1","distributed","grasslandHerbaceous",47.170237,-99.051720,"WGS84",45.1,507.7,0.2,"6 - trap set and empty","ShermanXLK","2018-05-11","2018-05-11",,,,,,,,,,,,,,,,,,,,,,,,,,,,,,,,,,,,,,,,,,,,,,,,
"af293b58-505f-43c3-904b-e295fbe44330","6d4105da-5ffa-4661-a808-f0e683bb4bb8","DCFS_004.mammalGrid.mam","D09","DCFS","DCFS_004","A3","distributed","grasslandHerbaceous",47.170237,-99.051720,"WGS84",45.1,507.7,0.2,"6 - trap set and empty","ShermanXLK","2018-05-11","2018-05-11",,,,,,,,,,,,,,,,,,,,,,,,,,,,,,,,,,,,,,,,,,,,,,,,
"e473270c-674a-447f-8980-d77cf04dcddc","42ca27bd-f20c-4b3d-a6df-b3967b9e997d","DCFS_020.mammalGrid.mam","D09","DCFS","DCFS_020","F1","distributed","grasslandHerbaceous",47.169185,-99.054844,"WGS84",45.1,516.0,0.2,"6 - trap set and empty","ShermanXLK","2018-05-11","2018-05-11",,,,,,,,,,,,,,,,,,,,,,,,,,,,,,,,,,,,,,,,,,,,"elocke@battelleecology.org","dfarkas@battelleecology.org",,,
"1c6acdfe-3888-42f1-a41c-1b64f56cfb14","66deb44f-c4eb-4bed-a296-d9bc9f455a80","DCFS_009.mammalGrid.mam","D09","DCFS","DCFS_009","C8","distributed","grasslandHerbaceous",47.210861,-99.183174,"WGS84",45.1,587.4,0.2,"6 - trap set and empty","ShermanXLK","2018-05-11","2018-05-11",,,,,,,,,,,,,,,,,,,,,,,,,,,,,,,,,,,,,,,,,,,,"jschempf@battelleecology.org","cmackenzie@battelleecology.org",,,
"45fe0385-3cad-4afd-8f39-30310aba97eb","42ca27bd-f20c-4b3d-a6df-b3967b9e997d","DCFS_020.mammalGrid.mam","D09","DCFS","DCFS_020","G7","distributed","grasslandHerbaceous",47.169185,-99.054844,"WGS84",45.1,516.0,0.2,"6 - trap set and empty","ShermanXLK","2018-05-11","2018-05-11",,,,,,,,,,,,,,,,,,,,,,,,,,,,,,,,,,,,,,,,,,,,"elocke@battelleecology.org","dfarkas@battelleecology.org",,,
"079a5d05-4b4d-4e83-956c-db23fef4cd99","6d4105da-5ffa-4661-a808-f0e683bb4bb8","DCFS_004.mammalGrid.mam","D09","DCFS","DCFS_004","E1","distributed","grasslandHerbaceous",47.170237,-99.051720,"WGS84",45.1,507.7,0.2,"6 - trap set and empty","ShermanXLK","2018-05-11","2018-05-11",,,,,,,,,,,,,,,,,,,,,,,,,,,,,,,,,,,,,,,,,,,,,,,,
"dc608c35-d997-41a4-8a8c-5fdd5a7c2d7e","66deb44f-c4eb-4bed-a296-d9bc9f455a80","DCFS_009.mammalGrid.mam","D09","DCFS","DCFS_009","G2","distributed","grasslandHerbaceous",47.210861,-99.183174,"WGS84",45.1,587.4,0.2,"6 - trap set and empty","ShermanXLK","2018-05-11","2018-05-11",,,,,,,,,,,,,,,,,,,,,,,,,,,,,,,,,,,,,,,,,,,,"jschempf@battelleecology.org","cmackenzie@battelleecology.org",,,
"ec7e8556-8970-400d-9d63-9e00dc94baf8","6d4105da-5ffa-4661-a808-f0e683bb4bb8","DCFS_004.mammalGrid.mam","D09","DCFS","DCFS_004","B7","distributed","grasslandHerbaceous",47.170237,-99.051720,"WGS84",45.1,507.7,0.2,"6 - trap set and empty","ShermanXLK","2018-05-11","2018-05-11",,,,,,,,,,,,,,,,,,,,,,,,,,,,,,,,,,,,,,,,,,,,,,,,
"39989bb0-f7f5-47a8-89cf-6d3ec31aff2d","6d4105da-5ffa-4661-a808-f0e683bb4bb8","DCFS_004.mammalGrid.mam","D09","DCFS","DCFS_004","F8","distributed","grasslandHerbaceous",47.170237,-99.051720,"WGS84",45.1,507.7,0.2,"6 - trap set and empty","ShermanXLK","2018-05-11","2018-05-11",,,,,,,,,,,,,,,,,,,,,,,,,,,,,,,,,,,,,,,,,,,,,,,,
"fa407ce2-2918-435f-bbaf-44ca65e68167","66deb44f-c4eb-4bed-a296-d9bc9f455a80","DCFS_009.mammalGrid.mam","D09","DCFS","DCFS_009","C5","distributed","grasslandHerbaceous",47.210861,-99.183174,"WGS84",45.1,587.4,0.2,"6 - trap set and empty","ShermanXLK","2018-05-11","2018-05-11",,,,,,,,,,,,,,,,,,,,,,,,,,,,,,,,,,,,,,,,,,,,"jschempf@battelleecology.org","cmackenzie@battelleecology.org",,,
"ccb72b16-c0da-4175-bfce-4b7cd170d944","66deb44f-c4eb-4bed-a296-d9bc9f455a80","DCFS_009.mammalGrid.mam","D09","DCFS","DCFS_009","B10","distributed","grasslandHerbaceous",47.210861,-99.183174,"WGS84",45.1,587.4,0.2,"1 - trap not set","ShermanXLK","2018-05-11","2018-05-11",,,,,,,,,,,,,,,,,,,,,,,,,,,,,,,,,,,,,,,,,,,,"jschempf@battelleecology.org","cmackenzie@battelleecology.org","Water",,
"5245f310-4dd7-4cbf-bf29-48abe4895f1f","6d4105da-5ffa-4661-a808-f0e683bb4bb8","DCFS_004.mammalGrid.mam","D09","DCFS","DCFS_004","E5","distributed","grasslandHerbaceous",47.170237,-99.051720,"WGS84",45.1,507.7,0.2,"6 - trap set and empty","ShermanXLK","2018-05-11","2018-05-11",,,,,,,,,,,,,,,,,,,,,,,,,,,,,,,,,,,,,,,,,,,,,,,,
"a6f1297b-bf0d-4923-8e24-862d23b0c26f","6d4105da-5ffa-4661-a808-f0e683bb4bb8","DCFS_004.mammalGrid.mam","D09","DCFS","DCFS_004","C7","distributed","grasslandHerbaceous",47.170237,-99.051720,"WGS84",45.1,507.7,0.2,"6 - trap set and empty","ShermanXLK","2018-05-11","2018-05-11",,,,,,,,,,,,,,,,,,,,,,,,,,,,,,,,,,,,,,,,,,,,,,,,
"0c199343-06c0-4f90-8a06-c509e1875ab9","66deb44f-c4eb-4bed-a296-d9bc9f455a80","DCFS_009.mammalGrid.mam","D09","DCFS","DCFS_009","G4","distributed","grasslandHerbaceous",47.210861,-99.183174,"WGS84",45.1,587.4,0.2,"6 - trap set and empty","ShermanXLK","2018-05-11","2018-05-11",,,,,,,,,,,,,,,,,,,,,,,,,,,,,,,,,,,,,,,,,,,,"jschempf@battelleecology.org","cmackenzie@battelleecology.org",,,
"e4ba0e0e-6d92-433e-ab96-96b11602e952","66deb44f-c4eb-4bed-a296-d9bc9f455a80","DCFS_009.mammalGrid.mam","D09","DCFS","DCFS_009","B8","distributed","grasslandHerbaceous",47.210861,-99.183174,"WGS84",45.1,587.4,0.2,"6 - trap set and empty","ShermanXLK","2018-05-11","2018-05-11",,,,,,,,,,,,,,,,,,,,,,,,,,,,,,,,,,,,,,,,,,,,"jschempf@battelleecology.org","cmackenzie@battelleecology.org",,,
"4d66e941-e8eb-40e2-8ed8-136d84edc961","6d4105da-5ffa-4661-a808-f0e683bb4bb8","DCFS_004.mammalGrid.mam","D09","DCFS","DCFS_004","B3","distributed","grasslandHerbaceous",47.170237,-99.051720,"WGS84",45.1,507.7,0.2,"6 - trap set and empty","ShermanXLK","2018-05-11","2018-05-11",,,,,,,,,,,,,,,,,,,,,,,,,,,,,,,,,,,,,,,,,,,,,,,,
"233d85bd-267a-4106-a1ba-4152f8d701c6","66deb44f-c4eb-4bed-a296-d9bc9f455a80","DCFS_009.mammalGrid.mam","D09","DCFS","DCFS_009","H5","distributed","grasslandHerbaceous",47.210861,-99.183174,"WGS84",45.1,587.4,0.2,"6 - trap set and empty","ShermanXLK","2018-05-11","2018-05-11",,,,,,,,,,,,,,,,,,,,,,,,,,,,,,,,,,,,,,,,,,,,"jschempf@battelleecology.org","cmackenzie@battelleecology.org",,,
"38425074-72ca-49e3-884c-7045f86ae599","42ca27bd-f20c-4b3d-a6df-b3967b9e997d","DCFS_020.mammalGrid.mam","D09","DCFS","DCFS_020","J1","distributed","grasslandHerbaceous",47.169185,-99.054844,"WGS84",45.1,516.0,0.2,"6 - trap set and empty","ShermanXLK","2018-05-11","2018-05-11",,,,,,,,,,,,,,,,,,,,,,,,,,,,,,,,,,,,,,,,,,,,"elocke@battelleecology.org","dfarkas@battelleecology.org",,,
"00f38dae-4b28-40c1-9216-523bb2e86ab1","b18cd39e-a5a0-467f-b1ab-e3c03a1a9ddd","DCFS_003.mammalGrid.mam","D09","DCFS","DCFS_003","G10","distributed","grasslandHerbaceous",47.204875,-99.184072,"WGS84",45.1,586.1,0.2,"6 - trap set and empty","ShermanXLK","2018-05-11","2018-05-11",,,,,,,,,,,,,,,,,,,,,,,,,,,,,,,,,,,,,,,,,,,,"jschempf@battelleecology.org","cmackenzie@battelleecology.org",,,
"7da58ca2-c92e-4872-bea0-e6c937965e2f","66deb44f-c4eb-4bed-a296-d9bc9f455a80","DCFS_009.mammalGrid.mam","D09","DCFS","DCFS_009","A9","distributed","grasslandHerbaceous",47.210861,-99.183174,"WGS84",45.1,587.4,0.2,"6 - trap set and empty","ShermanXLK","2018-05-11","2018-05-11",,,,,,,,,,,,,,,,,,,,,,,,,,,,,,,,,,,,,,,,,,,,"jschempf@battelleecology.org","cmackenzie@battelleecology.org",,,
"315aae88-f3d4-493e-8172-7d5f61b52ac1","6d4105da-5ffa-4661-a808-f0e683bb4bb8","DCFS_004.mammalGrid.mam","D09","DCFS","DCFS_004","D1","distributed","grasslandHerbaceous",47.170237,-99.051720,"WGS84",45.1,507.7,0.2,"6 - trap set and empty","ShermanXLK","2018-05-11","2018-05-11",,,,,,,,,,,,,,,,,,,,,,,,,,,,,,,,,,,,,,,,,,,,,,,,
"5890d408-bf81-4485-9eef-a0158785d2bb","66deb44f-c4eb-4bed-a296-d9bc9f455a80","DCFS_009.mammalGrid.mam","D09","DCFS","DCFS_009","C10","distributed","grasslandHerbaceous",47.210861,-99.183174,"WGS84",45.1,587.4,0.2,"6 - trap set and empty","ShermanXLK","2018-05-11","2018-05-11",,,,,,,,,,,,,,,,,,,,,,,,,,,,,,,,,,,,,,,,,,,,"jschempf@battelleecology.org","cmackenzie@battelleecology.org",,,
"aef93a27-ec5f-43a0-b8ff-93d54cac4f6a","b18cd39e-a5a0-467f-b1ab-e3c03a1a9ddd","DCFS_003.mammalGrid.mam","D09","DCFS","DCFS_003","A6","distributed","grasslandHerbaceous",47.204875,-99.184072,"WGS84",45.1,586.1,0.2,"6 - trap set and empty","ShermanXLK","2018-05-11","2018-05-11",,,,,,,,,,,,,,,,,,,,,,,,,,,,,,,,,,,,,,,,,,,,"jschempf@battelleecology.org","cmackenzie@battelleecology.org",,,
"4267a636-a30c-4197-a828-ba5f7d6e2d34","42ca27bd-f20c-4b3d-a6df-b3967b9e997d","DCFS_020.mammalGrid.mam","D09","DCFS","DCFS_020","A4","distributed","grasslandHerbaceous",47.169185,-99.054844,"WGS84",45.1,516.0,0.2,"6 - trap set and empty","ShermanXLK","2018-05-11","2018-05-11",,,,,,,,,,,,,,,,,,,,,,,,,,,,,,,,,,,,,,,,,,,,"elocke@battelleecology.org","dfarkas@battelleecology.org",,,
"cfbfaf71-d187-45ef-ad38-619741666af8","42ca27bd-f20c-4b3d-a6df-b3967b9e997d","DCFS_020.mammalGrid.mam","D09","DCFS","DCFS_020","B9","distributed","grasslandHerbaceous",47.169185,-99.054844,"WGS84",45.1,516.0,0.2,"6 - trap set and empty","ShermanXLK","2018-05-11","2018-05-11",,,,,,,,,,,,,,,,,,,,,,,,,,,,,,,,,,,,,,,,,,,,"elocke@battelleecology.org","dfarkas@battelleecology.org",,,
"3dcdcb48-366b-44fd-9764-f2272df632ce","42ca27bd-f20c-4b3d-a6df-b3967b9e997d","DCFS_020.mammalGrid.mam","D09","DCFS","DCFS_020","F4","distributed","grasslandHerbaceous",47.169185,-99.054844,"WGS84",45.1,516.0,0.2,"6 - trap set and empty","ShermanXLK","2018-05-11","2018-05-11",,,,,,,,,,,,,,,,,,,,,,,,,,,,,,,,,,,,,,,,,,,,"elocke@battelleecology.org","dfarkas@battelleecology.org",,,
"b573ed53-a683-4d47-b4cf-fab6668bb2fe","42ca27bd-f20c-4b3d-a6df-b3967b9e997d","DCFS_020.mammalGrid.mam","D09","DCFS","DCFS_020","B7","distributed","grasslandHerbaceous",47.169185,-99.054844,"WGS84",45.1,516.0,0.2,"6 - trap set and empty","ShermanXLK","2018-05-11","2018-05-11",,,,,,,,,,,,,,,,,,,,,,,,,,,,,,,,,,,,,,,,,,,,"elocke@battelleecology.org","dfarkas@battelleecology.org",,,
"be479dc2-79f2-405f-8037-4e226596f099","b18cd39e-a5a0-467f-b1ab-e3c03a1a9ddd","DCFS_003.mammalGrid.mam","D09","DCFS","DCFS_003","C9","distributed","grasslandHerbaceous",47.204875,-99.184072,"WGS84",45.1,586.1,0.2,"6 - trap set and empty","ShermanXLK","2018-05-11","2018-05-11",,,,,,,,,,,,,,,,,,,,,,,,,,,,,,,,,,,,,,,,,,,,"jschempf@battelleecology.org","cmackenzie@battelleecology.org",,,
"d097a915-3e7e-4897-975b-efd13a1c9274","6d4105da-5ffa-4661-a808-f0e683bb4bb8","DCFS_004.mammalGrid.mam","D09","DCFS","DCFS_004","E2","distributed","grasslandHerbaceous",47.170237,-99.051720,"WGS84",45.1,507.7,0.2,"6 - trap set and empty","ShermanXLK","2018-05-11","2018-05-11",,,,,,,,,,,,,,,,,,,,,,,,,,,,,,,,,,,,,,,,,,,,,,,,
"9ee69572-fadc-4936-bcde-af8536a3a182","42ca27bd-f20c-4b3d-a6df-b3967b9e997d","DCFS_020.mammalGrid.mam","D09","DCFS","DCFS_020","I2","distributed","grasslandHerbaceous",47.169185,-99.054844,"WGS84",45.1,516.0,0.2,"6 - trap set and empty","ShermanXLK","2018-05-11","2018-05-11",,,,,,,,,,,,,,,,,,,,,,,,,,,,,,,,,,,,,,,,,,,,"elocke@battelleecology.org","dfarkas@battelleecology.org",,,
"979e17ee-3eb9-4c30-985d-137ccbd4d0cd","42ca27bd-f20c-4b3d-a6df-b3967b9e997d","DCFS_020.mammalGrid.mam","D09","DCFS","DCFS_020","H4","distributed","grasslandHerbaceous",47.169185,-99.054844,"WGS84",45.1,516.0,0.2,"6 - trap set and empty","ShermanXLK","2018-05-11","2018-05-11",,,,,,,,,,,,,,,,,,,,,,,,,,,,,,,,,,,,,,,,,,,,"elocke@battelleecology.org","dfarkas@battelleecology.org",,,
"e71b7783-8460-4b19-9c94-bb9b6e22e5c5","66deb44f-c4eb-4bed-a296-d9bc9f455a80","DCFS_009.mammalGrid.mam","D09","DCFS","DCFS_009","J3","distributed","grasslandHerbaceous",47.210861,-99.183174,"WGS84",45.1,587.4,0.2,"6 - trap set and empty","ShermanXLK","2018-05-11","2018-05-11",,,,,,,,,,,,,,,,,,,,,,,,,,,,,,,,,,,,,,,,,,,,"jschempf@battelleecology.org","cmackenzie@battelleecology.org",,,
"ee32d9d1-c703-40e4-9cde-ad053d1e628a","66deb44f-c4eb-4bed-a296-d9bc9f455a80","DCFS_009.mammalGrid.mam","D09","DCFS","DCFS_009","H6","distributed","grasslandHerbaceous",47.210861,-99.183174,"WGS84",45.1,587.4,0.2,"6 - trap set and empty","ShermanXLK","2018-05-11","2018-05-11",,,,,,,,,,,,,,,,,,,,,,,,,,,,,,,,,,,,,,,,,,,,"jschempf@battelleecology.org","cmackenzie@battelleecology.org",,,
"a0f42636-c163-41a2-82cf-834cb99c7b2f","6d4105da-5ffa-4661-a808-f0e683bb4bb8","DCFS_004.mammalGrid.mam","D09","DCFS","DCFS_004","D7","distributed","grasslandHerbaceous",47.170237,-99.051720,"WGS84",45.1,507.7,0.2,"6 - trap set and empty","ShermanXLK","2018-05-11","2018-05-11",,,,,,,,,,,,,,,,,,,,,,,,,,,,,,,,,,,,,,,,,,,,,,,,
"d01fd1bc-e8d3-42f4-a74f-5c941d7290c8","b18cd39e-a5a0-467f-b1ab-e3c03a1a9ddd","DCFS_003.mammalGrid.mam","D09","DCFS","DCFS_003","H2","distributed","grasslandHerbaceous",47.204875,-99.184072,"WGS84",45.1,586.1,0.2,"6 - trap set and empty","ShermanXLK","2018-05-11","2018-05-11",,,,,,,,,,,,,,,,,,,,,,,,,,,,,,,,,,,,,,,,,,,,"jschempf@battelleecology.org","cmackenzie@battelleecology.org",,,
"16e09c42-23eb-4438-8894-5472b092861e","42ca27bd-f20c-4b3d-a6df-b3967b9e997d","DCFS_020.mammalGrid.mam","D09","DCFS","DCFS_020","F3","distributed","grasslandHerbaceous",47.169185,-99.054844,"WGS84",45.1,516.0,0.2,"6 - trap set and empty","ShermanXLK","2018-05-11","2018-05-11",,,,,,,,,,,,,,,,,,,,,,,,,,,,,,,,,,,,,,,,,,,,"elocke@battelleecology.org","dfarkas@battelleecology.org",,,
"90ace106-d966-48c8-8e1e-078b8f6e1f9f","66deb44f-c4eb-4bed-a296-d9bc9f455a80","DCFS_009.mammalGrid.mam","D09","DCFS","DCFS_009","J5","distributed","grasslandHerbaceous",47.210861,-99.183174,"WGS84",45.1,587.4,0.2,"6 - trap set and empty","ShermanXLK","2018-05-11","2018-05-11",,,,,,,,,,,,,,,,,,,,,,,,,,,,,,,,,,,,,,,,,,,,"jschempf@battelleecology.org","cmackenzie@battelleecology.org",,,
"f5770a1c-3ed3-45d7-bfda-6de372a22c24","b18cd39e-a5a0-467f-b1ab-e3c03a1a9ddd","DCFS_003.mammalGrid.mam","D09","DCFS","DCFS_003","I1","distributed","grasslandHerbaceous",47.204875,-99.184072,"WGS84",45.1,586.1,0.2,"6 - trap set and empty","ShermanXLK","2018-05-11","2018-05-11",,,,,,,,,,,,,,,,,,,,,,,,,,,,,,,,,,,,,,,,,,,,"jschempf@battelleecology.org","cmackenzie@battelleecology.org",,,
"94386090-0d6b-4bcd-a4ad-7b722675ff81","42ca27bd-f20c-4b3d-a6df-b3967b9e997d","DCFS_020.mammalGrid.mam","D09","DCFS","DCFS_020","I7","distributed","grasslandHerbaceous",47.169185,-99.054844,"WGS84",45.1,516.0,0.2,"6 - trap set and empty","ShermanXLK","2018-05-11","2018-05-11",,,,,,,,,,,,,,,,,,,,,,,,,,,,,,,,,,,,,,,,,,,,"elocke@battelleecology.org","dfarkas@battelleecology.org",,,
"03650946-c329-49ac-b4a2-39823cf4c92f","6d4105da-5ffa-4661-a808-f0e683bb4bb8","DCFS_004.mammalGrid.mam","D09","DCFS","DCFS_004","I2","distributed","grasslandHerbaceous",47.170237,-99.051720,"WGS84",45.1,507.7,0.2,"6 - trap set and empty","ShermanXLK","2018-05-11","2018-05-11",,,,,,,,,,,,,,,,,,,,,,,,,,,,,,,,,,,,,,,,,,,,,,,,
"eab29fab-0f41-4d77-9425-80cda758989d","42ca27bd-f20c-4b3d-a6df-b3967b9e997d","DCFS_020.mammalGrid.mam","D09","DCFS","DCFS_020","H1","distributed","grasslandHerbaceous",47.169185,-99.054844,"WGS84",45.1,516.0,0.2,"6 - trap set and empty","ShermanXLK","2018-05-11","2018-05-11",,,,,,,,,,,,,,,,,,,,,,,,,,,,,,,,,,,,,,,,,,,,"elocke@battelleecology.org","dfarkas@battelleecology.org",,,
"c025d3af-38d2-4835-91e8-44b1bfffdf95","6d4105da-5ffa-4661-a808-f0e683bb4bb8","DCFS_004.mammalGrid.mam","D09","DCFS","DCFS_004","F3","distributed","grasslandHerbaceous",47.170237,-99.051720,"WGS84",45.1,507.7,0.2,"6 - trap set and empty","ShermanXLK","2018-05-11","2018-05-11",,,,,,,,,,,,,,,,,,,,,,,,,,,,,,,,,,,,,,,,,,,,,,,,
"c34c5370-ca41-4502-9318-7c6eaac263ee","66deb44f-c4eb-4bed-a296-d9bc9f455a80","DCFS_009.mammalGrid.mam","D09","DCFS","DCFS_009","G10","distributed","grasslandHerbaceous",47.210861,-99.183174,"WGS84",45.1,587.4,0.2,"6 - trap set and empty","ShermanXLK","2018-05-11","2018-05-11",,,,,,,,,,,,,,,,,,,,,,,,,,,,,,,,,,,,,,,,,,,,"jschempf@battelleecology.org","cmackenzie@battelleecology.org",,,
"1facb41b-344e-49b1-99f1-1522339a60ed","42ca27bd-f20c-4b3d-a6df-b3967b9e997d","DCFS_020.mammalGrid.mam","D09","DCFS","DCFS_020","D7","distributed","grasslandHerbaceous",47.169185,-99.054844,"WGS84",45.1,516.0,0.2,"6 - trap set and empty","ShermanXLK","2018-05-11","2018-05-11",,,,,,,,,,,,,,,,,,,,,,,,,,,,,,,,,,,,,,,,,,,,"elocke@battelleecology.org","dfarkas@battelleecology.org",,,
"e0cd9be1-58e6-4448-936b-dd36ab909968","42ca27bd-f20c-4b3d-a6df-b3967b9e997d","DCFS_020.mammalGrid.mam","D09","DCFS","DCFS_020","A8","distributed","grasslandHerbaceous",47.169185,-99.054844,"WGS84",45.1,516.0,0.2,"6 - trap set and empty","ShermanXLK","2018-05-11","2018-05-11",,,,,,,,,,,,,,,,,,,,,,,,,,,,,,,,,,,,,,,,,,,,"elocke@battelleecology.org","dfarkas@battelleecology.org",,,
"ded380a4-e14f-4b1f-87dd-d75ffb9a7ee0","42ca27bd-f20c-4b3d-a6df-b3967b9e997d","DCFS_020.mammalGrid.mam","D09","DCFS","DCFS_020","G8","distributed","grasslandHerbaceous",47.169185,-99.054844,"WGS84",45.1,516.0,0.2,"6 - trap set and empty","ShermanXLK","2018-05-11","2018-05-11",,,,,,,,,,,,,,,,,,,,,,,,,,,,,,,,,,,,,,,,,,,,"elocke@battelleecology.org","dfarkas@battelleecology.org",,,
"8226fc4a-c581-4047-8e52-4a97ab29abbe","b18cd39e-a5a0-467f-b1ab-e3c03a1a9ddd","DCFS_003.mammalGrid.mam","D09","DCFS","DCFS_003","F9","distributed","grasslandHerbaceous",47.204875,-99.184072,"WGS84",45.1,586.1,0.2,"6 - trap set and empty","ShermanXLK","2018-05-11","2018-05-11",,,,,,,,,,,,,,,,,,,,,,,,,,,,,,,,,,,,,,,,,,,,"jschempf@battelleecology.org","cmackenzie@battelleecology.org",,,
"1f8ecce5-0823-49c5-b067-bee0eda2b1eb","66deb44f-c4eb-4bed-a296-d9bc9f455a80","DCFS_009.mammalGrid.mam","D09","DCFS","DCFS_009","D1","distributed","grasslandHerbaceous",47.210861,-99.183174,"WGS84",45.1,587.4,0.2,"6 - trap set and empty","ShermanXLK","2018-05-11","2018-05-11",,,,,,,,,,,,,,,,,,,,,,,,,,,,,,,,,,,,,,,,,,,,"jschempf@battelleecology.org","cmackenzie@battelleecology.org",,,
"58c7d01b-670f-4395-80f7-e1b05bf784c8","b18cd39e-a5a0-467f-b1ab-e3c03a1a9ddd","DCFS_003.mammalGrid.mam","D09","DCFS","DCFS_003","J5","distributed","grasslandHerbaceous",47.204875,-99.184072,"WGS84",45.1,586.1,0.2,"1 - trap not set","ShermanXLK","2018-05-11","2018-05-11",,,,,,,,,,,,,,,,,,,,,,,,,,,,,,,,,,,,,,,,,,,,"jschempf@battelleecology.org","cmackenzie@battelleecology.org",,,
"d7af0cf6-47f6-440a-a8d3-059006aa43d2","42ca27bd-f20c-4b3d-a6df-b3967b9e997d","DCFS_020.mammalGrid.mam","D09","DCFS","DCFS_020","H3","distributed","grasslandHerbaceous",47.169185,-99.054844,"WGS84",45.1,516.0,0.2,"6 - trap set and empty","ShermanXLK","2018-05-11","2018-05-11",,,,,,,,,,,,,,,,,,,,,,,,,,,,,,,,,,,,,,,,,,,,"elocke@battelleecology.org","dfarkas@battelleecology.org",,,
"d4a6c91f-64c3-4ad9-9a16-56a966260f05","b18cd39e-a5a0-467f-b1ab-e3c03a1a9ddd","DCFS_003.mammalGrid.mam","D09","DCFS","DCFS_003","J9","distributed","grasslandHerbaceous",47.204875,-99.184072,"WGS84",45.1,586.1,0.2,"6 - trap set and empty","ShermanXLK","2018-05-11","2018-05-11",,,,,,,,,,,,,,,,,,,,,,,,,,,,,,,,,,,,,,,,,,,,"jschempf@battelleecology.org","cmackenzie@battelleecology.org",,,
"5d47bef8-65e1-4273-8724-a51d10450cc7","42ca27bd-f20c-4b3d-a6df-b3967b9e997d","DCFS_020.mammalGrid.mam","D09","DCFS","DCFS_020","I4","distributed","grasslandHerbaceous",47.169185,-99.054844,"WGS84",45.1,516.0,0.2,"6 - trap set and empty","ShermanXLK","2018-05-11","2018-05-11",,,,,,,,,,,,,,,,,,,,,,,,,,,,,,,,,,,,,,,,,,,,"elocke@battelleecology.org","dfarkas@battelleecology.org",,,
"65909b88-f05e-4733-9048-e9e3c3d13716","66deb44f-c4eb-4bed-a296-d9bc9f455a80","DCFS_009.mammalGrid.mam","D09","DCFS","DCFS_009","H8","distributed","grasslandHerbaceous",47.210861,-99.183174,"WGS84",45.1,587.4,0.2,"6 - trap set and empty","ShermanXLK","2018-05-11","2018-05-11",,,,,,,,,,,,,,,,,,,,,,,,,,,,,,,,,,,,,,,,,,,,"jschempf@battelleecology.org","cmackenzie@battelleecology.org",,,
"bc14e7ca-96dc-43f9-b72e-8490b560d092","b18cd39e-a5a0-467f-b1ab-e3c03a1a9ddd","DCFS_003.mammalGrid.mam","D09","DCFS","DCFS_003","I5","distributed","grasslandHerbaceous",47.204875,-99.184072,"WGS84",45.1,586.1,0.2,"1 - trap not set","ShermanXLK","2018-05-11","2018-05-11",,,,,,,,,,,,,,,,,,,,,,,,,,,,,,,,,,,,,,,,,,,,"jschempf@battelleecology.org","cmackenzie@battelleecology.org",,,
"82d7dc0f-14b1-48e8-a1af-352bc9c243c8","b18cd39e-a5a0-467f-b1ab-e3c03a1a9ddd","DCFS_003.mammalGrid.mam","D09","DCFS","DCFS_003","C8","distributed","grasslandHerbaceous",47.204875,-99.184072,"WGS84",45.1,586.1,0.2,"6 - trap set and empty","ShermanXLK","2018-05-11","2018-05-11",,,,,,,,,,,,,,,,,,,,,,,,,,,,,,,,,,,,,,,,,,,,"jschempf@battelleecology.org","cmackenzie@battelleecology.org",,,
"b327d1c9-4884-4d7e-a98e-81097ca025e6","42ca27bd-f20c-4b3d-a6df-b3967b9e997d","DCFS_020.mammalGrid.mam","D09","DCFS","DCFS_020","D1","distributed","grasslandHerbaceous",47.169185,-99.054844,"WGS84",45.1,516.0,0.2,"6 - trap set and empty","ShermanXLK","2018-05-11","2018-05-11",,,,,,,,,,,,,,,,,,,,,,,,,,,,,,,,,,,,,,,,,,,,"elocke@battelleecology.org","dfarkas@battelleecology.org",,,
"2e833a0e-6c1b-44a1-ab09-a8ead00691bd","6d4105da-5ffa-4661-a808-f0e683bb4bb8","DCFS_004.mammalGrid.mam","D09","DCFS","DCFS_004","I7","distributed","grasslandHerbaceous",47.170237,-99.051720,"WGS84",45.1,507.7,0.2,"6 - trap set and empty","ShermanXLK","2018-05-11","2018-05-11",,,,,,,,,,,,,,,,,,,,,,,,,,,,,,,,,,,,,,,,,,,,,,,,
"beb9d62e-3492-4efd-b465-c358aff66117","6d4105da-5ffa-4661-a808-f0e683bb4bb8","DCFS_004.mammalGrid.mam","D09","DCFS","DCFS_004","G10","distributed","grasslandHerbaceous",47.170237,-99.051720,"WGS84",45.1,507.7,0.2,"6 - trap set and empty","ShermanXLK","2018-05-11","2018-05-11",,,,,,,,,,,,,,,,,,,,,,,,,,,,,,,,,,,,,,,,,,,,,,,,
"57692820-bfce-4e48-83cb-62bfd6942558","b18cd39e-a5a0-467f-b1ab-e3c03a1a9ddd","DCFS_003.mammalGrid.mam","D09","DCFS","DCFS_003","E7","distributed","grasslandHerbaceous",47.204875,-99.184072,"WGS84",45.1,586.1,0.2,"6 - trap set and empty","ShermanXLK","2018-05-11","2018-05-11",,,,,,,,,,,,,,,,,,,,,,,,,,,,,,,,,,,,,,,,,,,,"jschempf@battelleecology.org","cmackenzie@battelleecology.org",,,
"4d50d64e-59f3-4cac-a43a-57ec767b13aa","42ca27bd-f20c-4b3d-a6df-b3967b9e997d","DCFS_020.mammalGrid.mam","D09","DCFS","DCFS_020","E4","distributed","grasslandHerbaceous",47.169185,-99.054844,"WGS84",45.1,516.0,0.2,"6 - trap set and empty","ShermanXLK","2018-05-11","2018-05-11",,,,,,,,,,,,,,,,,,,,,,,,,,,,,,,,,,,,,,,,,,,,"elocke@battelleecology.org","dfarkas@battelleecology.org",,,
"edbbdd0a-003d-484a-896f-abd25248d1e6","42ca27bd-f20c-4b3d-a6df-b3967b9e997d","DCFS_020.mammalGrid.mam","D09","DCFS","DCFS_020","B8","distributed","grasslandHerbaceous",47.169185,-99.054844,"WGS84",45.1,516.0,0.2,"6 - trap set and empty","ShermanXLK","2018-05-11","2018-05-11",,,,,,,,,,,,,,,,,,,,,,,,,,,,,,,,,,,,,,,,,,,,"elocke@battelleecology.org","dfarkas@battelleecology.org",,,
"a7314673-671e-4f7e-9b46-dac981374597","66deb44f-c4eb-4bed-a296-d9bc9f455a80","DCFS_009.mammalGrid.mam","D09","DCFS","DCFS_009","J6","distributed","grasslandHerbaceous",47.210861,-99.183174,"WGS84",45.1,587.4,0.2,"6 - trap set and empty","ShermanXLK","2018-05-11","2018-05-11",,,,,,,,,,,,,,,,,,,,,,,,,,,,,,,,,,,,,,,,,,,,"jschempf@battelleecology.org","cmackenzie@battelleecology.org",,,
"40b8d286-c6cc-41af-80f1-61cecaca702d","42ca27bd-f20c-4b3d-a6df-b3967b9e997d","DCFS_020.mammalGrid.mam","D09","DCFS","DCFS_020","F2","distributed","grasslandHerbaceous",47.169185,-99.054844,"WGS84",45.1,516.0,0.2,"6 - trap set and empty","ShermanXLK","2018-05-11","2018-05-11",,,,,,,,,,,,,,,,,,,,,,,,,,,,,,,,,,,,,,,,,,,,"elocke@battelleecology.org","dfarkas@battelleecology.org",,,
"3400abe8-4c05-47db-ac7e-c5ad89c417b6","66deb44f-c4eb-4bed-a296-d9bc9f455a80","DCFS_009.mammalGrid.mam","D09","DCFS","DCFS_009","I8","distributed","grasslandHerbaceous",47.210861,-99.183174,"WGS84",45.1,587.4,0.2,"6 - trap set and empty","ShermanXLK","2018-05-11","2018-05-11",,,,,,,,,,,,,,,,,,,,,,,,,,,,,,,,,,,,,,,,,,,,"jschempf@battelleecology.org","cmackenzie@battelleecology.org",,,
"e4b062b4-9c3c-4dbf-9cd9-cdbc06699e34","6d4105da-5ffa-4661-a808-f0e683bb4bb8","DCFS_004.mammalGrid.mam","D09","DCFS","DCFS_004","D10","distributed","grasslandHerbaceous",47.170237,-99.051720,"WGS84",45.1,507.7,0.2,"6 - trap set and empty","ShermanXLK","2018-05-11","2018-05-11",,,,,,,,,,,,,,,,,,,,,,,,,,,,,,,,,,,,,,,,,,,,,,,,
"b87bc882-d3a7-4409-8ec7-0dd3565cc07a","6d4105da-5ffa-4661-a808-f0e683bb4bb8","DCFS_004.mammalGrid.mam","D09","DCFS","DCFS_004","H4","distributed","grasslandHerbaceous",47.170237,-99.051720,"WGS84",45.1,507.7,0.2,"6 - trap set and empty","ShermanXLK","2018-05-11","2018-05-11",,,,,,,,,,,,,,,,,,,,,,,,,,,,,,,,,,,,,,,,,,,,,,,,
"51752998-94a4-428f-a728-9bf8ba474a72","b18cd39e-a5a0-467f-b1ab-e3c03a1a9ddd","DCFS_003.mammalGrid.mam","D09","DCFS","DCFS_003","H7","distributed","grasslandHerbaceous",47.204875,-99.184072,"WGS84",45.1,586.1,0.2,"6 - trap set and empty","ShermanXLK","2018-05-11","2018-05-11",,,,,,,,,,,,,,,,,,,,,,,,,,,,,,,,,,,,,,,,,,,,"jschempf@battelleecology.org","cmackenzie@battelleecology.org",,,
"b40a3650-5d28-4917-ad9d-1b3529254707","42ca27bd-f20c-4b3d-a6df-b3967b9e997d","DCFS_020.mammalGrid.mam","D09","DCFS","DCFS_020","E6","distributed","grasslandHerbaceous",47.169185,-99.054844,"WGS84",45.1,516.0,0.2,"6 - trap set and empty","ShermanXLK","2018-05-11","2018-05-11",,,,,,,,,,,,,,,,,,,,,,,,,,,,,,,,,,,,,,,,,,,,"elocke@battelleecology.org","dfarkas@battelleecology.org",,,
"d4763a0a-c2a9-4ae2-9090-c7d715fa88fe","42ca27bd-f20c-4b3d-a6df-b3967b9e997d","DCFS_020.mammalGrid.mam","D09","DCFS","DCFS_020","D3","distributed","grasslandHerbaceous",47.169185,-99.054844,"WGS84",45.1,516.0,0.2,"6 - trap set and empty","ShermanXLK","2018-05-11","2018-05-11",,,,,,,,,,,,,,,,,,,,,,,,,,,,,,,,,,,,,,,,,,,,"elocke@battelleecology.org","dfarkas@battelleecology.org",,,
"944eee8e-00f1-42c6-baa0-12a8bfd3bbe7","66deb44f-c4eb-4bed-a296-d9bc9f455a80","DCFS_009.mammalGrid.mam","D09","DCFS","DCFS_009","G6","distributed","grasslandHerbaceous",47.210861,-99.183174,"WGS84",45.1,587.4,0.2,"6 - trap set and empty","ShermanXLK","2018-05-11","2018-05-11",,,,,,,,,,,,,,,,,,,,,,,,,,,,,,,,,,,,,,,,,,,,"jschempf@battelleecology.org","cmackenzie@battelleecology.org",,,
"daa21659-de55-4d5a-8847-872dc60a7507","66deb44f-c4eb-4bed-a296-d9bc9f455a80","DCFS_009.mammalGrid.mam","D09","DCFS","DCFS_009","F3","distributed","grasslandHerbaceous",47.210861,-99.183174,"WGS84",45.1,587.4,0.2,"6 - trap set and empty","ShermanXLK","2018-05-11","2018-05-11",,,,,,,,,,,,,,,,,,,,,,,,,,,,,,,,,,,,,,,,,,,,"jschempf@battelleecology.org","cmackenzie@battelleecology.org",,,
"056dc90d-053c-4648-828d-37d69e9a43ab","42ca27bd-f20c-4b3d-a6df-b3967b9e997d","DCFS_020.mammalGrid.mam","D09","DCFS","DCFS_020","E7","distributed","grasslandHerbaceous",47.169185,-99.054844,"WGS84",45.1,516.0,0.2,"6 - trap set and empty","ShermanXLK","2018-05-11","2018-05-11",,,,,,,,,,,,,,,,,,,,,,,,,,,,,,,,,,,,,,,,,,,,"elocke@battelleecology.org","dfarkas@battelleecology.org",,,
"b84d1dfc-2852-40d7-a993-f340fe586e18","66deb44f-c4eb-4bed-a296-d9bc9f455a80","DCFS_009.mammalGrid.mam","D09","DCFS","DCFS_009","I10","distributed","grasslandHerbaceous",47.210861,-99.183174,"WGS84",45.1,587.4,0.2,"6 - trap set and empty","ShermanXLK","2018-05-11","2018-05-11",,,,,,,,,,,,,,,,,,,,,,,,,,,,,,,,,,,,,,,,,,,,"jschempf@battelleecology.org","cmackenzie@battelleecology.org",,,
"dc2ac6be-559a-441b-8a9d-81c402aa8999","42ca27bd-f20c-4b3d-a6df-b3967b9e997d","DCFS_020.mammalGrid.mam","D09","DCFS","DCFS_020","C3","distributed","grasslandHerbaceous",47.169185,-99.054844,"WGS84",45.1,516.0,0.2,"6 - trap set and empty","ShermanXLK","2018-05-11","2018-05-11",,,,,,,,,,,,,,,,,,,,,,,,,,,,,,,,,,,,,,,,,,,,"elocke@battelleecology.org","dfarkas@battelleecology.org",,,
"3e39f9fa-5475-4150-81d4-454a7ece2145","42ca27bd-f20c-4b3d-a6df-b3967b9e997d","DCFS_020.mammalGrid.mam","D09","DCFS","DCFS_020","I1","distributed","grasslandHerbaceous",47.169185,-99.054844,"WGS84",45.1,516.0,0.2,"6 - trap set and empty","ShermanXLK","2018-05-11","2018-05-11",,,,,,,,,,,,,,,,,,,,,,,,,,,,,,,,,,,,,,,,,,,,"elocke@battelleecology.org","dfarkas@battelleecology.org",,,
"b4d6127f-51e6-44f5-9356-fafceb493a36","6d4105da-5ffa-4661-a808-f0e683bb4bb8","DCFS_004.mammalGrid.mam","D09","DCFS","DCFS_004","E8","distributed","grasslandHerbaceous",47.170237,-99.051720,"WGS84",45.1,507.7,0.2,"6 - trap set and empty","ShermanXLK","2018-05-11","2018-05-11",,,,,,,,,,,,,,,,,,,,,,,,,,,,,,,,,,,,,,,,,,,,,,,,
"6bb4e0e0-62cd-40ac-953a-26ee2c5738ff","42ca27bd-f20c-4b3d-a6df-b3967b9e997d","DCFS_020.mammalGrid.mam","D09","DCFS","DCFS_020","I8","distributed","grasslandHerbaceous",47.169185,-99.054844,"WGS84",45.1,516.0,0.2,"6 - trap set and empty","ShermanXLK","2018-05-11","2018-05-11",,,,,,,,,,,,,,,,,,,,,,,,,,,,,,,,,,,,,,,,,,,,"elocke@battelleecology.org","dfarkas@battelleecology.org",,,
"6fb3455b-e358-4b1b-8ac3-729804d1f793","6d4105da-5ffa-4661-a808-f0e683bb4bb8","DCFS_004.mammalGrid.mam","D09","DCFS","DCFS_004","D9","distributed","grasslandHerbaceous",47.170237,-99.051720,"WGS84",45.1,507.7,0.2,"6 - trap set and empty","ShermanXLK","2018-05-11","2018-05-11",,,,,,,,,,,,,,,,,,,,,,,,,,,,,,,,,,,,,,,,,,,,,,,,
"cf1d935f-c03a-4e20-8c7e-b416832a35c9","42ca27bd-f20c-4b3d-a6df-b3967b9e997d","DCFS_020.mammalGrid.mam","D09","DCFS","DCFS_020","C2","distributed","grasslandHerbaceous",47.169185,-99.054844,"WGS84",45.1,516.0,0.2,"6 - trap set and empty","ShermanXLK","2018-05-11","2018-05-11",,,,,,,,,,,,,,,,,,,,,,,,,,,,,,,,,,,,,,,,,,,,"elocke@battelleecology.org","dfarkas@battelleecology.org",,,
"20fe6fda-b93d-4511-91a4-e94af2776128","b18cd39e-a5a0-467f-b1ab-e3c03a1a9ddd","DCFS_003.mammalGrid.mam","D09","DCFS","DCFS_003","E8","distributed","grasslandHerbaceous",47.204875,-99.184072,"WGS84",45.1,586.1,0.2,"6 - trap set and empty","ShermanXLK","2018-05-11","2018-05-11",,,,,,,,,,,,,,,,,,,,,,,,,,,,,,,,,,,,,,,,,,,,"jschempf@battelleecology.org","cmackenzie@battelleecology.org",,,
"729401ae-bd28-45ed-bd70-a30fbc0f4337","6d4105da-5ffa-4661-a808-f0e683bb4bb8","DCFS_004.mammalGrid.mam","D09","DCFS","DCFS_004","B4","distributed","grasslandHerbaceous",47.170237,-99.051720,"WGS84",45.1,507.7,0.2,"6 - trap set and empty","ShermanXLK","2018-05-11","2018-05-11",,,,,,,,,,,,,,,,,,,,,,,,,,,,,,,,,,,,,,,,,,,,,,,,
"4215635c-afd6-4e3a-8daa-11930803135f","b18cd39e-a5a0-467f-b1ab-e3c03a1a9ddd","DCFS_003.mammalGrid.mam","D09","DCFS","DCFS_003","G1","distributed","grasslandHerbaceous",47.204875,-99.184072,"WGS84",45.1,586.1,0.2,"6 - trap set and empty","ShermanXLK","2018-05-11","2018-05-11",,,,,,,,,,,,,,,,,,,,,,,,,,,,,,,,,,,,,,,,,,,,"jschempf@battelleecology.org","cmackenzie@battelleecology.org",,,
"432f0041-ccde-4031-8f65-029ba74632cc","42ca27bd-f20c-4b3d-a6df-b3967b9e997d","DCFS_020.mammalGrid.mam","D09","DCFS","DCFS_020","H7","distributed","grasslandHerbaceous",47.169185,-99.054844,"WGS84",45.1,516.0,0.2,"6 - trap set and empty","ShermanXLK","2018-05-11","2018-05-11",,,,,,,,,,,,,,,,,,,,,,,,,,,,,,,,,,,,,,,,,,,,"elocke@battelleecology.org","dfarkas@battelleecology.org",,,
"1539f06f-8713-4d06-a4d1-0c4851d6a71f","66deb44f-c4eb-4bed-a296-d9bc9f455a80","DCFS_009.mammalGrid.mam","D09","DCFS","DCFS_009","F2","distributed","grasslandHerbaceous",47.210861,-99.183174,"WGS84",45.1,587.4,0.2,"6 - trap set and empty","ShermanXLK","2018-05-11","2018-05-11",,,,,,,,,,,,,,,,,,,,,,,,,,,,,,,,,,,,,,,,,,,,"jschempf@battelleecology.org","cmackenzie@battelleecology.org",,,
"e26eb331-41b1-40f0-acc2-2e64639a9179","66deb44f-c4eb-4bed-a296-d9bc9f455a80","DCFS_009.mammalGrid.mam","D09","DCFS","DCFS_009","D7","distributed","grasslandHerbaceous",47.210861,-99.183174,"WGS84",45.1,587.4,0.2,"6 - trap set and empty","ShermanXLK","2018-05-11","2018-05-11",,,,,,,,,,,,,,,,,,,,,,,,,,,,,,,,,,,,,,,,,,,,"jschempf@battelleecology.org","cmackenzie@battelleecology.org",,,
"8437a8be-f65f-4b37-a3c6-f78e40f91a25","42ca27bd-f20c-4b3d-a6df-b3967b9e997d","DCFS_020.mammalGrid.mam","D09","DCFS","DCFS_020","B10","distributed","grasslandHerbaceous",47.169185,-99.054844,"WGS84",45.1,516.0,0.2,"6 - trap set and empty","ShermanXLK","2018-05-11","2018-05-11",,,,,,,,,,,,,,,,,,,,,,,,,,,,,,,,,,,,,,,,,,,,"elocke@battelleecology.org","dfarkas@battelleecology.org",,,
"d3c17e5c-38cd-422d-a767-8b2ba4905b92","b18cd39e-a5a0-467f-b1ab-e3c03a1a9ddd","DCFS_003.mammalGrid.mam","D09","DCFS","DCFS_003","I9","distributed","grasslandHerbaceous",47.204875,-99.184072,"WGS84",45.1,586.1,0.2,"6 - trap set and empty","ShermanXLK","2018-05-11","2018-05-11",,,,,,,,,,,,,,,,,,,,,,,,,,,,,,,,,,,,,,,,,,,,"jschempf@battelleecology.org","cmackenzie@battelleecology.org",,,
"f4ceecab-f6d8-4bb4-b252-06c24c37fc29","6d4105da-5ffa-4661-a808-f0e683bb4bb8","DCFS_004.mammalGrid.mam","D09","DCFS","DCFS_004","G7","distributed","grasslandHerbaceous",47.170237,-99.051720,"WGS84",45.1,507.7,0.2,"6 - trap set and empty","ShermanXLK","2018-05-11","2018-05-11",,,,,,,,,,,,,,,,,,,,,,,,,,,,,,,,,,,,,,,,,,,,,,,,
"412739a3-13b3-452d-8815-3ee00105f744","b18cd39e-a5a0-467f-b1ab-e3c03a1a9ddd","DCFS_003.mammalGrid.mam","D09","DCFS","DCFS_003","B3","distributed","grasslandHerbaceous",47.204875,-99.184072,"WGS84",45.1,586.1,0.2,"6 - trap set and empty","ShermanXLK","2018-05-11","2018-05-11",,,,,,,,,,,,,,,,,,,,,,,,,,,,,,,,,,,,,,,,,,,,"jschempf@battelleecology.org","cmackenzie@battelleecology.org",,,
"0cafc2a4-87f1-4b03-ba96-8cf94fdac085","66deb44f-c4eb-4bed-a296-d9bc9f455a80","DCFS_009.mammalGrid.mam","D09","DCFS","DCFS_009","B5","distributed","grasslandHerbaceous",47.210861,-99.183174,"WGS84",45.1,587.4,0.2,"6 - trap set and empty","ShermanXLK","2018-05-11","2018-05-11",,,,,,,,,,,,,,,,,,,,,,,,,,,,,,,,,,,,,,,,,,,,"jschempf@battelleecology.org","cmackenzie@battelleecology.org",,,
"7efa9771-a83b-4517-94b3-f2725ca8c942","6d4105da-5ffa-4661-a808-f0e683bb4bb8","DCFS_004.mammalGrid.mam","D09","DCFS","DCFS_004","J9","distributed","grasslandHerbaceous",47.170237,-99.051720,"WGS84",45.1,507.7,0.2,"6 - trap set and empty","ShermanXLK","2018-05-11","2018-05-11",,,,,,,,,,,,,,,,,,,,,,,,,,,,,,,,,,,,,,,,,,,,,,,,
"d7b5144e-8943-4cb2-8173-b2894c5ebcb8","b18cd39e-a5a0-467f-b1ab-e3c03a1a9ddd","DCFS_003.mammalGrid.mam","D09","DCFS","DCFS_003","E2","distributed","grasslandHerbaceous",47.204875,-99.184072,"WGS84",45.1,586.1,0.2,"6 - trap set and empty","ShermanXLK","2018-05-11","2018-05-11",,,,,,,,,,,,,,,,,,,,,,,,,,,,,,,,,,,,,,,,,,,,"jschempf@battelleecology.org","cmackenzie@battelleecology.org",,,
"8738b5e2-9afd-4aea-9572-5665abd8920f","42ca27bd-f20c-4b3d-a6df-b3967b9e997d","DCFS_020.mammalGrid.mam","D09","DCFS","DCFS_020","E10","distributed","grasslandHerbaceous",47.169185,-99.054844,"WGS84",45.1,516.0,0.2,"6 - trap set and empty","ShermanXLK","2018-05-11","2018-05-11",,,,,,,,,,,,,,,,,,,,,,,,,,,,,,,,,,,,,,,,,,,,"elocke@battelleecology.org","dfarkas@battelleecology.org",,,
"0e0680b7-e7e9-44d7-9868-9cb8af8f02f1","6d4105da-5ffa-4661-a808-f0e683bb4bb8","DCFS_004.mammalGrid.mam","D09","DCFS","DCFS_004","I6","distributed","grasslandHerbaceous",47.170237,-99.051720,"WGS84",45.1,507.7,0.2,"6 - trap set and empty","ShermanXLK","2018-05-11","2018-05-11",,,,,,,,,,,,,,,,,,,,,,,,,,,,,,,,,,,,,,,,,,,,,,,,
"4b54f2c1-19cf-4a5c-aa26-7addcc1da183","42ca27bd-f20c-4b3d-a6df-b3967b9e997d","DCFS_020.mammalGrid.mam","D09","DCFS","DCFS_020","I9","distributed","grasslandHerbaceous",47.169185,-99.054844,"WGS84",45.1,516.0,0.2,"6 - trap set and empty","ShermanXLK","2018-05-11","2018-05-11",,,,,,,,,,,,,,,,,,,,,,,,,,,,,,,,,,,,,,,,,,,,"elocke@battelleecology.org","dfarkas@battelleecology.org",,,
"93890689-2df4-4348-9f58-d7248ce15b45","b18cd39e-a5a0-467f-b1ab-e3c03a1a9ddd","DCFS_003.mammalGrid.mam","D09","DCFS","DCFS_003","A2","distributed","grasslandHerbaceous",47.204875,-99.184072,"WGS84",45.1,586.1,0.2,"6 - trap set and empty","ShermanXLK","2018-05-11","2018-05-11",,,,,,,,,,,,,,,,,,,,,,,,,,,,,,,,,,,,,,,,,,,,"jschempf@battelleecology.org","cmackenzie@battelleecology.org",,,
"374b7303-bffc-4058-9f14-3ec25e7f216d","b18cd39e-a5a0-467f-b1ab-e3c03a1a9ddd","DCFS_003.mammalGrid.mam","D09","DCFS","DCFS_003","B9","distributed","grasslandHerbaceous",47.204875,-99.184072,"WGS84",45.1,586.1,0.2,"6 - trap set and empty","ShermanXLK","2018-05-11","2018-05-11",,,,,,,,,,,,,,,,,,,,,,,,,,,,,,,,,,,,,,,,,,,,"jschempf@battelleecology.org","cmackenzie@battelleecology.org",,,
"ec40d391-afbe-4316-bbae-e371aec0b05b","b18cd39e-a5a0-467f-b1ab-e3c03a1a9ddd","DCFS_003.mammalGrid.mam","D09","DCFS","DCFS_003","F8","distributed","grasslandHerbaceous",47.204875,-99.184072,"WGS84",45.1,586.1,0.2,"6 - trap set and empty","ShermanXLK","2018-05-11","2018-05-11",,,,,,,,,,,,,,,,,,,,,,,,,,,,,,,,,,,,,,,,,,,,"jschempf@battelleecology.org","cmackenzie@battelleecology.org",,,
"6774ff1e-9916-4676-bc53-0ff122033643","66deb44f-c4eb-4bed-a296-d9bc9f455a80","DCFS_009.mammalGrid.mam","D09","DCFS","DCFS_009","I7","distributed","grasslandHerbaceous",47.210861,-99.183174,"WGS84",45.1,587.4,0.2,"6 - trap set and empty","ShermanXLK","2018-05-11","2018-05-11",,,,,,,,,,,,,,,,,,,,,,,,,,,,,,,,,,,,,,,,,,,,"jschempf@battelleecology.org","cmackenzie@battelleecology.org",,,
"f914d2df-f238-424a-82a9-77caeb06714a","42ca27bd-f20c-4b3d-a6df-b3967b9e997d","DCFS_020.mammalGrid.mam","D09","DCFS","DCFS_020","H8","distributed","grasslandHerbaceous",47.169185,-99.054844,"WGS84",45.1,516.0,0.2,"6 - trap set and empty","ShermanXLK","2018-05-11","2018-05-11",,,,,,,,,,,,,,,,,,,,,,,,,,,,,,,,,,,,,,,,,,,,"elocke@battelleecology.org","dfarkas@battelleecology.org",,,
"a7d755c5-34c9-4161-a764-fd20e2b0e2c0","66deb44f-c4eb-4bed-a296-d9bc9f455a80","DCFS_009.mammalGrid.mam","D09","DCFS","DCFS_009","I6","distributed","grasslandHerbaceous",47.210861,-99.183174,"WGS84",45.1,587.4,0.2,"6 - trap set and empty","ShermanXLK","2018-05-11","2018-05-11",,,,,,,,,,,,,,,,,,,,,,,,,,,,,,,,,,,,,,,,,,,,"jschempf@battelleecology.org","cmackenzie@battelleecology.org",,,
"3af045ec-76f7-4e07-8747-787cb5880108","b18cd39e-a5a0-467f-b1ab-e3c03a1a9ddd","DCFS_003.mammalGrid.mam","D09","DCFS","DCFS_003","E1","distributed","grasslandHerbaceous",47.204875,-99.184072,"WGS84",45.1,586.1,0.2,"6 - trap set and empty","ShermanXLK","2018-05-11","2018-05-11",,,,,,,,,,,,,,,,,,,,,,,,,,,,,,,,,,,,,,,,,,,,"jschempf@battelleecology.org","cmackenzie@battelleecology.org",,,
"52f97a65-cf1a-46da-9372-14bc63322c54","66deb44f-c4eb-4bed-a296-d9bc9f455a80","DCFS_009.mammalGrid.mam","D09","DCFS","DCFS_009","J1","distributed","grasslandHerbaceous",47.210861,-99.183174,"WGS84",45.1,587.4,0.2,"6 - trap set and empty","ShermanXLK","2018-05-11","2018-05-11",,,,,,,,,,,,,,,,,,,,,,,,,,,,,,,,,,,,,,,,,,,,"jschempf@battelleecology.org","cmackenzie@battelleecology.org",,,
"5166c4af-912f-4df1-8dd2-60cbb574838a","66deb44f-c4eb-4bed-a296-d9bc9f455a80","DCFS_009.mammalGrid.mam","D09","DCFS","DCFS_009","A3","distributed","grasslandHerbaceous",47.210861,-99.183174,"WGS84",45.1,587.4,0.2,"6 - trap set and empty","ShermanXLK","2018-05-11","2018-05-11",,,,,,,,,,,,,,,,,,,,,,,,,,,,,,,,,,,,,,,,,,,,"jschempf@battelleecology.org","cmackenzie@battelleecology.org",,,
"34540fa0-233b-4d5a-bdb7-9979f07ff35b","66deb44f-c4eb-4bed-a296-d9bc9f455a80","DCFS_009.mammalGrid.mam","D09","DCFS","DCFS_009","E2","distributed","grasslandHerbaceous",47.210861,-99.183174,"WGS84",45.1,587.4,0.2,"6 - trap set and empty","ShermanXLK","2018-05-11","2018-05-11",,,,,,,,,,,,,,,,,,,,,,,,,,,,,,,,,,,,,,,,,,,,"jschempf@battelleecology.org","cmackenzie@battelleecology.org",,,
"98f04e1d-e4c5-4d9d-b69d-138182dba04d","66deb44f-c4eb-4bed-a296-d9bc9f455a80","DCFS_009.mammalGrid.mam","D09","DCFS","DCFS_009","B1","distributed","grasslandHerbaceous",47.210861,-99.183174,"WGS84",45.1,587.4,0.2,"6 - trap set and empty","ShermanXLK","2018-05-11","2018-05-11",,,,,,,,,,,,,,,,,,,,,,,,,,,,,,,,,,,,,,,,,,,,"jschempf@battelleecology.org","cmackenzie@battelleecology.org",,,
"c1dedf78-9e1f-4703-9037-e5fff3381597","42ca27bd-f20c-4b3d-a6df-b3967b9e997d","DCFS_020.mammalGrid.mam","D09","DCFS","DCFS_020","F5","distributed","grasslandHerbaceous",47.169185,-99.054844,"WGS84",45.1,516.0,0.2,"6 - trap set and empty","ShermanXLK","2018-05-11","2018-05-11",,,,,,,,,,,,,,,,,,,,,,,,,,,,,,,,,,,,,,,,,,,,"elocke@battelleecology.org","dfarkas@battelleecology.org",,,
"e2717864-dd2b-49cd-8efb-d7644035afbe","6d4105da-5ffa-4661-a808-f0e683bb4bb8","DCFS_004.mammalGrid.mam","D09","DCFS","DCFS_004","B6","distributed","grasslandHerbaceous",47.170237,-99.051720,"WGS84",45.1,507.7,0.2,"6 - trap set and empty","ShermanXLK","2018-05-11","2018-05-11",,,,,,,,,,,,,,,,,,,,,,,,,,,,,,,,,,,,,,,,,,,,,,,,
"b1bae8b1-6bc4-404c-9e01-076541fca4fb","42ca27bd-f20c-4b3d-a6df-b3967b9e997d","DCFS_020.mammalGrid.mam","D09","DCFS","DCFS_020","E1","distributed","grasslandHerbaceous",47.169185,-99.054844,"WGS84",45.1,516.0,0.2,"6 - trap set and empty","ShermanXLK","2018-05-11","2018-05-11",,,,,,,,,,,,,,,,,,,,,,,,,,,,,,,,,,,,,,,,,,,,"elocke@battelleecology.org","dfarkas@battelleecology.org",,,
"9a2ea8b7-81c7-4bdf-a56c-e77e5fd52d31","66deb44f-c4eb-4bed-a296-d9bc9f455a80","DCFS_009.mammalGrid.mam","D09","DCFS","DCFS_009","E9","distributed","grasslandHerbaceous",47.210861,-99.183174,"WGS84",45.1,587.4,0.2,"6 - trap set and empty","ShermanXLK","2018-05-11","2018-05-11",,,,,,,,,,,,,,,,,,,,,,,,,,,,,,,,,,,,,,,,,,,,"jschempf@battelleecology.org","cmackenzie@battelleecology.org",,,
"bdf79a56-6bba-450a-9cd7-687f4fca6b12","66deb44f-c4eb-4bed-a296-d9bc9f455a80","DCFS_009.mammalGrid.mam","D09","DCFS","DCFS_009","A2","distributed","grasslandHerbaceous",47.210861,-99.183174,"WGS84",45.1,587.4,0.2,"6 - trap set and empty","ShermanXLK","2018-05-11","2018-05-11",,,,,,,,,,,,,,,,,,,,,,,,,,,,,,,,,,,,,,,,,,,,"jschempf@battelleecology.org","cmackenzie@battelleecology.org",,,
"edfb3c0e-6b62-465c-9cf0-f0d103c5fb93","66deb44f-c4eb-4bed-a296-d9bc9f455a80","DCFS_009.mammalGrid.mam","D09","DCFS","DCFS_009","J4","distributed","grasslandHerbaceous",47.210861,-99.183174,"WGS84",45.1,587.4,0.2,"6 - trap set and empty","ShermanXLK","2018-05-11","2018-05-11",,,,,,,,,,,,,,,,,,,,,,,,,,,,,,,,,,,,,,,,,,,,"jschempf@battelleecology.org","cmackenzie@battelleecology.org",,,
"db133e4a-f606-47e5-a50f-c4c6c7ae3660","42ca27bd-f20c-4b3d-a6df-b3967b9e997d","DCFS_020.mammalGrid.mam","D09","DCFS","DCFS_020","G6","distributed","grasslandHerbaceous",47.169185,-99.054844,"WGS84",45.1,516.0,0.2,"6 - trap set and empty","ShermanXLK","2018-05-11","2018-05-11",,,,,,,,,,,,,,,,,,,,,,,,,,,,,,,,,,,,,,,,,,,,"elocke@battelleecology.org","dfarkas@battelleecology.org",,,
"07d60bfd-9cda-4fc9-b60d-1464ebfffb05","6d4105da-5ffa-4661-a808-f0e683bb4bb8","DCFS_004.mammalGrid.mam","D09","DCFS","DCFS_004","C6","distributed","grasslandHerbaceous",47.170237,-99.051720,"WGS84",45.1,507.7,0.2,"6 - trap set and empty","ShermanXLK","2018-05-11","2018-05-11",,,,,,,,,,,,,,,,,,,,,,,,,,,,,,,,,,,,,,,,,,,,,,,,
"6623d4f9-4888-4536-a278-5b0cd27c1c5f","66deb44f-c4eb-4bed-a296-d9bc9f455a80","DCFS_009.mammalGrid.mam","D09","DCFS","DCFS_009","I4","distributed","grasslandHerbaceous",47.210861,-99.183174,"WGS84",45.1,587.4,0.2,"6 - trap set and empty","ShermanXLK","2018-05-11","2018-05-11",,,,,,,,,,,,,,,,,,,,,,,,,,,,,,,,,,,,,,,,,,,,"jschempf@battelleecology.org","cmackenzie@battelleecology.org",,,
"abb3906d-34af-4b41-8236-77959ca61089","66deb44f-c4eb-4bed-a296-d9bc9f455a80","DCFS_009.mammalGrid.mam","D09","DCFS","DCFS_009","G5","distributed","grasslandHerbaceous",47.210861,-99.183174,"WGS84",45.1,587.4,0.2,"6 - trap set and empty","ShermanXLK","2018-05-11","2018-05-11",,,,,,,,,,,,,,,,,,,,,,,,,,,,,,,,,,,,,,,,,,,,"jschempf@battelleecology.org","cmackenzie@battelleecology.org",,,
"d2ff5425-8f3b-44e3-8293-34180b7d14aa","b18cd39e-a5a0-467f-b1ab-e3c03a1a9ddd","DCFS_003.mammalGrid.mam","D09","DCFS","DCFS_003","D10","distributed","grasslandHerbaceous",47.204875,-99.184072,"WGS84",45.1,586.1,0.2,"6 - trap set and empty","ShermanXLK","2018-05-11","2018-05-11",,,,,,,,,,,,,,,,,,,,,,,,,,,,,,,,,,,,,,,,,,,,"jschempf@battelleecology.org","cmackenzie@battelleecology.org",,,
"d808d81e-0207-45f0-97d8-71f4e8221a9a","b18cd39e-a5a0-467f-b1ab-e3c03a1a9ddd","DCFS_003.mammalGrid.mam","D09","DCFS","DCFS_003","J3","distributed","grasslandHerbaceous",47.204875,-99.184072,"WGS84",45.1,586.1,0.2,"6 - trap set and empty","ShermanXLK","2018-05-11","2018-05-11",,,,,,,,,,,,,,,,,,,,,,,,,,,,,,,,,,,,,,,,,,,,"jschempf@battelleecology.org","cmackenzie@battelleecology.org",,,
"13324413-eb56-4c99-b84c-d8fa454ae200","6d4105da-5ffa-4661-a808-f0e683bb4bb8","DCFS_004.mammalGrid.mam","D09","DCFS","DCFS_004","B2","distributed","grasslandHerbaceous",47.170237,-99.051720,"WGS84",45.1,507.7,0.2,"6 - trap set and empty","ShermanXLK","2018-05-11","2018-05-11",,,,,,,,,,,,,,,,,,,,,,,,,,,,,,,,,,,,,,,,,,,,,,,,
"3428ff8e-84b4-412c-ac4a-4819538416e2","b18cd39e-a5a0-467f-b1ab-e3c03a1a9ddd","DCFS_003.mammalGrid.mam","D09","DCFS","DCFS_003","D3","distributed","grasslandHerbaceous",47.204875,-99.184072,"WGS84",45.1,586.1,0.2,"6 - trap set and empty","ShermanXLK","2018-05-11","2018-05-11",,,,,,,,,,,,,,,,,,,,,,,,,,,,,,,,,,,,,,,,,,,,"jschempf@battelleecology.org","cmackenzie@battelleecology.org",,,
"43672616-fb34-40d9-937e-82f08ba5dd98","6d4105da-5ffa-4661-a808-f0e683bb4bb8","DCFS_004.mammalGrid.mam","D09","DCFS","DCFS_004","A10","distributed","grasslandHerbaceous",47.170237,-99.051720,"WGS84",45.1,507.7,0.2,"6 - trap set and empty","ShermanXLK","2018-05-11","2018-05-11",,,,,,,,,,,,,,,,,,,,,,,,,,,,,,,,,,,,,,,,,,,,,,,,
"bbb91030-f002-4e71-bccf-d58b2efb6598","b18cd39e-a5a0-467f-b1ab-e3c03a1a9ddd","DCFS_003.mammalGrid.mam","D09","DCFS","DCFS_003","C2","distributed","grasslandHerbaceous",47.204875,-99.184072,"WGS84",45.1,586.1,0.2,"6 - trap set and empty","ShermanXLK","2018-05-11","2018-05-11",,,,,,,,,,,,,,,,,,,,,,,,,,,,,,,,,,,,,,,,,,,,"jschempf@battelleecology.org","cmackenzie@battelleecology.org",,,
"d4489cde-a307-450f-8d9f-721a335d1694","6d4105da-5ffa-4661-a808-f0e683bb4bb8","DCFS_004.mammalGrid.mam","D09","DCFS","DCFS_004","C1","distributed","grasslandHerbaceous",47.170237,-99.051720,"WGS84",45.1,507.7,0.2,"6 - trap set and empty","ShermanXLK","2018-05-11","2018-05-11",,,,,,,,,,,,,,,,,,,,,,,,,,,,,,,,,,,,,,,,,,,,,,,,
"d8b843ec-ee91-4c5b-9809-114584474860","6d4105da-5ffa-4661-a808-f0e683bb4bb8","DCFS_004.mammalGrid.mam","D09","DCFS","DCFS_004","A7","distributed","grasslandHerbaceous",47.170237,-99.051720,"WGS84",45.1,507.7,0.2,"6 - trap set and empty","ShermanXLK","2018-05-11","2018-05-11",,,,,,,,,,,,,,,,,,,,,,,,,,,,,,,,,,,,,,,,,,,,,,,,
"50222e82-069b-4c0b-84f0-303480eba5ba","b18cd39e-a5a0-467f-b1ab-e3c03a1a9ddd","DCFS_003.mammalGrid.mam","D09","DCFS","DCFS_003","A9","distributed","grasslandHerbaceous",47.204875,-99.184072,"WGS84",45.1,586.1,0.2,"6 - trap set and empty","ShermanXLK","2018-05-11","2018-05-11",,,,,,,,,,,,,,,,,,,,,,,,,,,,,,,,,,,,,,,,,,,,"jschempf@battelleecology.org","cmackenzie@battelleecology.org",,,
"4cd23901-80c3-4339-8dc1-7f5be275064b","42ca27bd-f20c-4b3d-a6df-b3967b9e997d","DCFS_020.mammalGrid.mam","D09","DCFS","DCFS_020","D4","distributed","grasslandHerbaceous",47.169185,-99.054844,"WGS84",45.1,516.0,0.2,"6 - trap set and empty","ShermanXLK","2018-05-11","2018-05-11",,,,,,,,,,,,,,,,,,,,,,,,,,,,,,,,,,,,,,,,,,,,"elocke@battelleecology.org","dfarkas@battelleecology.org",,,
"7dd7f53c-74a0-4789-84d6-23fe98f66301","6d4105da-5ffa-4661-a808-f0e683bb4bb8","DCFS_004.mammalGrid.mam","D09","DCFS","DCFS_004","A9","distributed","grasslandHerbaceous",47.170237,-99.051720,"WGS84",45.1,507.7,0.2,"6 - trap set and empty","ShermanXLK","2018-05-11","2018-05-11",,,,,,,,,,,,,,,,,,,,,,,,,,,,,,,,,,,,,,,,,,,,,,,,
"386d1945-a61d-40c4-a081-ed8f4c923520","b18cd39e-a5a0-467f-b1ab-e3c03a1a9ddd","DCFS_003.mammalGrid.mam","D09","DCFS","DCFS_003","F4","distributed","grasslandHerbaceous",47.204875,-99.184072,"WGS84",45.1,586.1,0.2,"6 - trap set and empty","ShermanXLK","2018-05-11","2018-05-11",,,,,,,,,,,,,,,,,,,,,,,,,,,,,,,,,,,,,,,,,,,,"jschempf@battelleecology.org","cmackenzie@battelleecology.org",,,
"d968193d-4268-4af6-8801-d10ad4c1b036","42ca27bd-f20c-4b3d-a6df-b3967b9e997d","DCFS_020.mammalGrid.mam","D09","DCFS","DCFS_020","G4","distributed","grasslandHerbaceous",47.169185,-99.054844,"WGS84",45.1,516.0,0.2,"6 - trap set and empty","ShermanXLK","2018-05-11","2018-05-11",,,,,,,,,,,,,,,,,,,,,,,,,,,,,,,,,,,,,,,,,,,,"elocke@battelleecology.org","dfarkas@battelleecology.org",,,
"81e371a7-ac56-45b5-8d66-4e850aea5da0","b18cd39e-a5a0-467f-b1ab-e3c03a1a9ddd","DCFS_003.mammalGrid.mam","D09","DCFS","DCFS_003","C6","distributed","grasslandHerbaceous",47.204875,-99.184072,"WGS84",45.1,586.1,0.2,"2 - trap disturbed/door closed but empty","ShermanXLK","2018-05-11","2018-05-11",,,,,,,,,,,,,,,,,,,,,,,,,,,,,,,,,,,,,,,,,,,,"jschempf@battelleecology.org","cmackenzie@battelleecology.org",,,
"40dc24c9-1854-41b4-8326-8ac90434c2fc","42ca27bd-f20c-4b3d-a6df-b3967b9e997d","DCFS_020.mammalGrid.mam","D09","DCFS","DCFS_020","I3","distributed","grasslandHerbaceous",47.169185,-99.054844,"WGS84",45.1,516.0,0.2,"6 - trap set and empty","ShermanXLK","2018-05-11","2018-05-11",,,,,,,,,,,,,,,,,,,,,,,,,,,,,,,,,,,,,,,,,,,,"elocke@battelleecology.org","dfarkas@battelleecology.org",,,
"af099c61-be9f-4cec-a1ae-f80baa474c10","b18cd39e-a5a0-467f-b1ab-e3c03a1a9ddd","DCFS_003.mammalGrid.mam","D09","DCFS","DCFS_003","E9","distributed","grasslandHerbaceous",47.204875,-99.184072,"WGS84",45.1,586.1,0.2,"6 - trap set and empty","ShermanXLK","2018-05-11","2018-05-11",,,,,,,,,,,,,,,,,,,,,,,,,,,,,,,,,,,,,,,,,,,,"jschempf@battelleecology.org","cmackenzie@battelleecology.org",,,
"44f9527a-22a0-43c0-ab8c-d964f9b57b65","6d4105da-5ffa-4661-a808-f0e683bb4bb8","DCFS_004.mammalGrid.mam","D09","DCFS","DCFS_004","E4","distributed","grasslandHerbaceous",47.170237,-99.051720,"WGS84",45.1,507.7,0.2,"6 - trap set and empty","ShermanXLK","2018-05-11","2018-05-11",,,,,,,,,,,,,,,,,,,,,,,,,,,,,,,,,,,,,,,,,,,,,,,,
"ea5b9885-3282-493d-8537-1fc8c0988207","42ca27bd-f20c-4b3d-a6df-b3967b9e997d","DCFS_020.mammalGrid.mam","D09","DCFS","DCFS_020","J8","distributed","grasslandHerbaceous",47.169185,-99.054844,"WGS84",45.1,516.0,0.2,"6 - trap set and empty","ShermanXLK","2018-05-11","2018-05-11",,,,,,,,,,,,,,,,,,,,,,,,,,,,,,,,,,,,,,,,,,,,"elocke@battelleecology.org","dfarkas@battelleecology.org",,,
"e03b448a-6fac-4212-be26-e339ea6f4651","b18cd39e-a5a0-467f-b1ab-e3c03a1a9ddd","DCFS_003.mammalGrid.mam","D09","DCFS","DCFS_003","C4","distributed","grasslandHerbaceous",47.204875,-99.184072,"WGS84",45.1,586.1,0.2,"6 - trap set and empty","ShermanXLK","2018-05-11","2018-05-11",,,,,,,,,,,,,,,,,,,,,,,,,,,,,,,,,,,,,,,,,,,,"jschempf@battelleecology.org","cmackenzie@battelleecology.org",,,
"1be03af6-bfa8-47e9-9b62-cc9aec31eadd","66deb44f-c4eb-4bed-a296-d9bc9f455a80","DCFS_009.mammalGrid.mam","D09","DCFS","DCFS_009","E6","distributed","grasslandHerbaceous",47.210861,-99.183174,"WGS84",45.1,587.4,0.2,"6 - trap set and empty","ShermanXLK","2018-05-11","2018-05-11",,,,,,,,,,,,,,,,,,,,,,,,,,,,,,,,,,,,,,,,,,,,"jschempf@battelleecology.org","cmackenzie@battelleecology.org",,,
"6fb5d138-a7d3-4f25-946c-a6d86d39aab8","42ca27bd-f20c-4b3d-a6df-b3967b9e997d","DCFS_020.mammalGrid.mam","D09","DCFS","DCFS_020","B1","distributed","grasslandHerbaceous",47.169185,-99.054844,"WGS84",45.1,516.0,0.2,"6 - trap set and empty","ShermanXLK","2018-05-11","2018-05-11",,,,,,,,,,,,,,,,,,,,,,,,,,,,,,,,,,,,,,,,,,,,"elocke@battelleecology.org","dfarkas@battelleecology.org",,,
