uid,nightuid,namedLocation,domainID,siteID,plotID,trapCoordinate,plotType,nlcdClass,decimalLatitude,decimalLongitude,geodeticDatum,coordinateUncertainty,elevation,elevationUncertainty,trapStatus,trapType,collectDate,endDate,tagID,individualCode,taxonID,scientificName,taxonRank,identificationQualifier,identificationReferences,identificationHistoryID,voucherUpdate,nativeStatusCode,sex,recapture,fate,replacedTag,lifeStage,testes,nipples,pregnancyStatus,vagina,hindfootLength,earLength,tailLength,totalLength,weight,larvalTicksAttached,nymphalTicksAttached,adultTicksAttached,tickNumber,additionalParasites,frozenSamplePrepMethod,bloodSampleID,bloodSampleBarcode,bloodSampleMethod,fecalSampleID,fecalSampleBarcode,fecalSampleCondition,earSampleID,earSampleBarcode,hairSampleID,hairSampleBarcode,hairSampleContents,voucherSampleID,voucherSampleBarcode,measuredBy,recordedBy,remarks,dataQF,dataEntryRecordID
"9e838c1e-665f-44a2-bf6e-3630d195438f","55a97d7e-7b19-4007-8dee-9898a06ca185","DSNY_010.mammalGrid.mam","D03","DSNY","DSNY_010","I5","distributed","woodyWetlands",28.117326,-81.435682,"WGS84",45.1,18.1,0.1,"1 - trap not set","ShermanLF","2020-04-21","2020-04-21",,,,,,,,,,,,,,,,,,,,,,,,,,,,,,,,,,,,,,,,,,,,,,,,
"b7cf1735-2ff8-46c6-a720-3d7feb303f78","731cd63e-103e-4f6a-950f-be43f7219a0f","DSNY_005.mammalGrid.mam","D03","DSNY","DSNY_005","E5","distributed","woodyWetlands",28.039127,-81.391902,"WGS84",45.1,19.7,0.1,"1 - trap not set","ShermanLF","2020-04-21","2020-04-21",,,,,,,,,,,,,,,,,,,,,,,,,,,,,,,,,,,,,,,,,,,,,,,,
"39b0d901-13b3-4a80-a979-5cda6bd7edbf","6bd5419d-87f8-446c-a6db-0b9bf7435762","DSNY_001.mammalGrid.mam","D03","DSNY","DSNY_001","C6","distributed","woodyWetlands",28.097204,-81.417175,"WGS84",45.1,21.1,0.1,"1 - trap not set","ShermanLF","2020-04-21","2020-04-21",,,,,,,,,,,,,,,,,,,,,,,,,,,,,,,,,,,,,,,,,,,,,,,,
"79f909d3-b248-4dfe-b20d-29b8a890d865","a86a8ce5-a4b8-4ce2-bac3-5c26e81e57ca","DSNY_004.mammalGrid.mam","D03","DSNY","DSNY_004","B9","distributed","woodyWetlands",28.099481,-81.401475,"WGS84",45.1,20.8,0.1,"1 - trap not set","ShermanLF","2020-04-21","2020-04-21",,,,,,,,,,,,,,,,,,,,,,,,,,,,,,,,,,,,,,,,,,,,,,,,
"498976e5-0143-4e36-8a18-fcff14cd305d","a86a8ce5-a4b8-4ce2-bac3-5c26e81e57ca","DSNY_004.mammalGrid.mam","D03","DSNY","DSNY_004","A3","distributed","woodyWetlands",28.099481,-81.401475,"WGS84",45.1,20.8,0.1,"1 - trap not set","ShermanLF","2020-04-21","2020-04-21",,,,,,,,,,,,,,,,,,,,,,,,,,,,,,,,,,,,,,,,,,,,,,,,
"00913f29-589c-4630-8e43-aa44d5f48fd3","a86a8ce5-a4b8-4ce2-bac3-5c26e81e57ca","DSNY_004.mammalGrid.mam","D03","DSNY","DSNY_004","F1","distributed","woodyWetlands",28.099481,-81.401475,"WGS84",45.1,20.8,0.1,"1 - trap not set","ShermanLF","2020-04-21","2020-04-21",,,,,,,,,,,,,,,,,,,,,,,,,,,,,,,,,,,,,,,,,,,,,,,,
"095ff526-cd04-4110-9aaa-4e68af595a13","a86a8ce5-a4b8-4ce2-bac3-5c26e81e57ca","DSNY_004.mammalGrid.mam","D03","DSNY","DSNY_004","G7","distributed","woodyWetlands",28.099481,-81.401475,"WGS84",45.1,20.8,0.1,"1 - trap not set","ShermanLF","2020-04-21","2020-04-21",,,,,,,,,,,,,,,,,,,,,,,,,,,,,,,,,,,,,,,,,,,,,,,,
"e9713c2f-0ebd-4ded-b1b0-f177160147e7","6bd5419d-87f8-446c-a6db-0b9bf7435762","DSNY_001.mammalGrid.mam","D03","DSNY","DSNY_001","B2","distributed","woodyWetlands",28.097204,-81.417175,"WGS84",45.1,21.1,0.1,"1 - trap not set","ShermanLF","2020-04-21","2020-04-21",,,,,,,,,,,,,,,,,,,,,,,,,,,,,,,,,,,,,,,,,,,,,,,,
"e8b38839-f33d-4642-84e3-1e785b6149be","6bd5419d-87f8-446c-a6db-0b9bf7435762","DSNY_001.mammalGrid.mam","D03","DSNY","DSNY_001","I1","distributed","woodyWetlands",28.097204,-81.417175,"WGS84",45.1,21.1,0.1,"1 - trap not set","ShermanLF","2020-04-21","2020-04-21",,,,,,,,,,,,,,,,,,,,,,,,,,,,,,,,,,,,,,,,,,,,,,,,
"162c5aeb-b612-4de1-8b20-b66eacf835ec","55a97d7e-7b19-4007-8dee-9898a06ca185","DSNY_010.mammalGrid.mam","D03","DSNY","DSNY_010","C6","distributed","woodyWetlands",28.117326,-81.435682,"WGS84",45.1,18.1,0.1,"1 - trap not set","ShermanLF","2020-04-21","2020-04-21",,,,,,,,,,,,,,,,,,,,,,,,,,,,,,,,,,,,,,,,,,,,,,,,
"82846d17-1f2c-4e25-89a3-4c058bb659f4","6bd5419d-87f8-446c-a6db-0b9bf7435762","DSNY_001.mammalGrid.mam","D03","DSNY","DSNY_001","E7","distributed","woodyWetlands",28.097204,-81.417175,"WGS84",45.1,21.1,0.1,"1 - trap not set","ShermanLF","2020-04-21","2020-04-21",,,,,,,,,,,,,,,,,,,,,,,,,,,,,,,,,,,,,,,,,,,,,,,,
"76de4e35-7fc6-42f7-a1ae-8633d4bc7a67","731cd63e-103e-4f6a-950f-be43f7219a0f","DSNY_005.mammalGrid.mam","D03","DSNY","DSNY_005","D9","distributed","woodyWetlands",28.039127,-81.391902,"WGS84",45.1,19.7,0.1,"1 - trap not set","ShermanLF","2020-04-21","2020-04-21",,,,,,,,,,,,,,,,,,,,,,,,,,,,,,,,,,,,,,,,,,,,,,,,
"69c089f5-f017-4081-98d5-cc418f9e70a6","6bd5419d-87f8-446c-a6db-0b9bf7435762","DSNY_001.mammalGrid.mam","D03","DSNY","DSNY_001","D10","distributed","woodyWetlands",28.097204,-81.417175,"WGS84",45.1,21.1,0.1,"1 - trap not set","ShermanLF","2020-04-21","2020-04-21",,,,,,,,,,,,,,,,,,,,,,,,,,,,,,,,,,,,,,,,,,,,,,,,
"01f53ca1-4024-42fc-a47f-aa05a55186a2","731cd63e-103e-4f6a-950f-be43f7219a0f","DSNY_005.mammalGrid.mam","D03","DSNY","DSNY_005","C3","distributed","woodyWetlands",28.039127,-81.391902,"WGS84",45.1,19.7,0.1,"1 - trap not set","ShermanLF","2020-04-21","2020-04-21",,,,,,,,,,,,,,,,,,,,,,,,,,,,,,,,,,,,,,,,,,,,,,,,
"283d41a3-abb3-4888-8ebc-5c6406070ef6","731cd63e-103e-4f6a-950f-be43f7219a0f","DSNY_005.mammalGrid.mam","D03","DSNY","DSNY_005","J5","distributed","woodyWetlands",28.039127,-81.391902,"WGS84",45.1,19.7,0.1,"1 - trap not set","ShermanLF","2020-04-21","2020-04-21",,,,,,,,,,,,,,,,,,,,,,,,,,,,,,,,,,,,,,,,,,,,,,,,
"347689f9-3c34-455a-8dfe-2b66058a6a8f","a86a8ce5-a4b8-4ce2-bac3-5c26e81e57ca","DSNY_004.mammalGrid.mam","D03","DSNY","DSNY_004","C5","distributed","woodyWetlands",28.099481,-81.401475,"WGS84",45.1,20.8,0.1,"1 - trap not set","ShermanLF","2020-04-21","2020-04-21",,,,,,,,,,,,,,,,,,,,,,,,,,,,,,,,,,,,,,,,,,,,,,,,
"c17bd793-2b2d-4f95-9af3-86ab2ee50087","a86a8ce5-a4b8-4ce2-bac3-5c26e81e57ca","DSNY_004.mammalGrid.mam","D03","DSNY","DSNY_004","H1","distributed","woodyWetlands",28.099481,-81.401475,"WGS84",45.1,20.8,0.1,"1 - trap not set","ShermanLF","2020-04-21","2020-04-21",,,,,,,,,,,,,,,,,,,,,,,,,,,,,,,,,,,,,,,,,,,,,,,,
"a426cdcc-0c25-4149-8cd4-e67846001cf1","6bd5419d-87f8-446c-a6db-0b9bf7435762","DSNY_001.mammalGrid.mam","D03","DSNY","DSNY_001","G9","distributed","woodyWetlands",28.097204,-81.417175,"WGS84",45.1,21.1,0.1,"1 - trap not set","ShermanLF","2020-04-21","2020-04-21",,,,,,,,,,,,,,,,,,,,,,,,,,,,,,,,,,,,,,,,,,,,,,,,
"4b76cfc8-09c3-4120-951a-761590499b71","731cd63e-103e-4f6a-950f-be43f7219a0f","DSNY_005.mammalGrid.mam","D03","DSNY","DSNY_005","B7","distributed","woodyWetlands",28.039127,-81.391902,"WGS84",45.1,19.7,0.1,"1 - trap not set","ShermanLF","2020-04-21","2020-04-21",,,,,,,,,,,,,,,,,,,,,,,,,,,,,,,,,,,,,,,,,,,,,,,,
"bb1abd22-2d09-4ee3-ad60-9f3b6e590bc9","731cd63e-103e-4f6a-950f-be43f7219a0f","DSNY_005.mammalGrid.mam","D03","DSNY","DSNY_005","F9","distributed","woodyWetlands",28.039127,-81.391902,"WGS84",45.1,19.7,0.1,"1 - trap not set","ShermanLF","2020-04-21","2020-04-21",,,,,,,,,,,,,,,,,,,,,,,,,,,,,,,,,,,,,,,,,,,,,,,,
"043f2338-e170-4bc9-99e5-d9a100e92171","6bd5419d-87f8-446c-a6db-0b9bf7435762","DSNY_001.mammalGrid.mam","D03","DSNY","DSNY_001","I5","distributed","woodyWetlands",28.097204,-81.417175,"WGS84",45.1,21.1,0.1,"1 - trap not set","ShermanLF","2020-04-21","2020-04-21",,,,,,,,,,,,,,,,,,,,,,,,,,,,,,,,,,,,,,,,,,,,,,,,
"e37659bd-ab29-4b91-996f-8b86df17cedf","6bd5419d-87f8-446c-a6db-0b9bf7435762","DSNY_001.mammalGrid.mam","D03","DSNY","DSNY_001","C7","distributed","woodyWetlands",28.097204,-81.417175,"WGS84",45.1,21.1,0.1,"1 - trap not set","ShermanLF","2020-04-21","2020-04-21",,,,,,,,,,,,,,,,,,,,,,,,,,,,,,,,,,,,,,,,,,,,,,,,
"b332c565-b1db-4e04-9236-8ffcb6dcd613","6bd5419d-87f8-446c-a6db-0b9bf7435762","DSNY_001.mammalGrid.mam","D03","DSNY","DSNY_001","G8","distributed","woodyWetlands",28.097204,-81.417175,"WGS84",45.1,21.1,0.1,"1 - trap not set","ShermanLF","2020-04-21","2020-04-21",,,,,,,,,,,,,,,,,,,,,,,,,,,,,,,,,,,,,,,,,,,,,,,,
"0f67a709-eb80-402f-a608-8e1b70473a65","a86a8ce5-a4b8-4ce2-bac3-5c26e81e57ca","DSNY_004.mammalGrid.mam","D03","DSNY","DSNY_004","J10","distributed","woodyWetlands",28.099481,-81.401475,"WGS84",45.1,20.8,0.1,"1 - trap not set","ShermanLF","2020-04-21","2020-04-21",,,,,,,,,,,,,,,,,,,,,,,,,,,,,,,,,,,,,,,,,,,,,,,,
"f90564e0-4e22-4f82-983d-f66ac0b51810","55a97d7e-7b19-4007-8dee-9898a06ca185","DSNY_010.mammalGrid.mam","D03","DSNY","DSNY_010","G8","distributed","woodyWetlands",28.117326,-81.435682,"WGS84",45.1,18.1,0.1,"1 - trap not set","ShermanLF","2020-04-21","2020-04-21",,,,,,,,,,,,,,,,,,,,,,,,,,,,,,,,,,,,,,,,,,,,,,,,
"7bdfdd6e-ead0-4383-89f7-8e63347490b6","55a97d7e-7b19-4007-8dee-9898a06ca185","DSNY_010.mammalGrid.mam","D03","DSNY","DSNY_010","C3","distributed","woodyWetlands",28.117326,-81.435682,"WGS84",45.1,18.1,0.1,"1 - trap not set","ShermanLF","2020-04-21","2020-04-21",,,,,,,,,,,,,,,,,,,,,,,,,,,,,,,,,,,,,,,,,,,,,,,,
"a4177e0b-89ec-4040-ad2a-704922a4bdef","731cd63e-103e-4f6a-950f-be43f7219a0f","DSNY_005.mammalGrid.mam","D03","DSNY","DSNY_005","H7","distributed","woodyWetlands",28.039127,-81.391902,"WGS84",45.1,19.7,0.1,"1 - trap not set","ShermanLF","2020-04-21","2020-04-21",,,,,,,,,,,,,,,,,,,,,,,,,,,,,,,,,,,,,,,,,,,,,,,,
"5c67b3d9-53bc-4421-ba31-3354a05d74a2","a86a8ce5-a4b8-4ce2-bac3-5c26e81e57ca","DSNY_004.mammalGrid.mam","D03","DSNY","DSNY_004","H3","distributed","woodyWetlands",28.099481,-81.401475,"WGS84",45.1,20.8,0.1,"1 - trap not set","ShermanLF","2020-04-21","2020-04-21",,,,,,,,,,,,,,,,,,,,,,,,,,,,,,,,,,,,,,,,,,,,,,,,
"e5589c0c-ed1c-4aa4-a072-432cac589fbd","6bd5419d-87f8-446c-a6db-0b9bf7435762","DSNY_001.mammalGrid.mam","D03","DSNY","DSNY_001","I3","distributed","woodyWetlands",28.097204,-81.417175,"WGS84",45.1,21.1,0.1,"1 - trap not set","ShermanLF","2020-04-21","2020-04-21",,,,,,,,,,,,,,,,,,,,,,,,,,,,,,,,,,,,,,,,,,,,,,,,
"a618af95-75ae-46a3-8f77-6e3857b72b0c","a86a8ce5-a4b8-4ce2-bac3-5c26e81e57ca","DSNY_004.mammalGrid.mam","D03","DSNY","DSNY_004","J5","distributed","woodyWetlands",28.099481,-81.401475,"WGS84",45.1,20.8,0.1,"1 - trap not set","ShermanLF","2020-04-21","2020-04-21",,,,,,,,,,,,,,,,,,,,,,,,,,,,,,,,,,,,,,,,,,,,,,,,
"c4956ac3-a0af-4d7f-a687-02034715ce75","55a97d7e-7b19-4007-8dee-9898a06ca185","DSNY_010.mammalGrid.mam","D03","DSNY","DSNY_010","G3","distributed","woodyWetlands",28.117326,-81.435682,"WGS84",45.1,18.1,0.1,"1 - trap not set","ShermanLF","2020-04-21","2020-04-21",,,,,,,,,,,,,,,,,,,,,,,,,,,,,,,,,,,,,,,,,,,,,,,,
"60203a4e-509e-459d-8ecd-d3eea2c33879","6bd5419d-87f8-446c-a6db-0b9bf7435762","DSNY_001.mammalGrid.mam","D03","DSNY","DSNY_001","C2","distributed","woodyWetlands",28.097204,-81.417175,"WGS84",45.1,21.1,0.1,"1 - trap not set","ShermanLF","2020-04-21","2020-04-21",,,,,,,,,,,,,,,,,,,,,,,,,,,,,,,,,,,,,,,,,,,,,,,,
"ab99143b-1f74-4b05-aee2-4bdc1c17c38a","a86a8ce5-a4b8-4ce2-bac3-5c26e81e57ca","DSNY_004.mammalGrid.mam","D03","DSNY","DSNY_004","H4","distributed","woodyWetlands",28.099481,-81.401475,"WGS84",45.1,20.8,0.1,"1 - trap not set","ShermanLF","2020-04-21","2020-04-21",,,,,,,,,,,,,,,,,,,,,,,,,,,,,,,,,,,,,,,,,,,,,,,,
"ecd13b9d-c2e0-4fa5-9803-ede3e7fddd08","6bd5419d-87f8-446c-a6db-0b9bf7435762","DSNY_001.mammalGrid.mam","D03","DSNY","DSNY_001","G3","distributed","woodyWetlands",28.097204,-81.417175,"WGS84",45.1,21.1,0.1,"1 - trap not set","ShermanLF","2020-04-21","2020-04-21",,,,,,,,,,,,,,,,,,,,,,,,,,,,,,,,,,,,,,,,,,,,,,,,
"5d6d8a5f-2f11-4407-8956-66d529e9a36d","55a97d7e-7b19-4007-8dee-9898a06ca185","DSNY_010.mammalGrid.mam","D03","DSNY","DSNY_010","D1","distributed","woodyWetlands",28.117326,-81.435682,"WGS84",45.1,18.1,0.1,"1 - trap not set","ShermanLF","2020-04-21","2020-04-21",,,,,,,,,,,,,,,,,,,,,,,,,,,,,,,,,,,,,,,,,,,,,,,,
"58c3f47c-61d1-4c12-b9d1-65e050852070","55a97d7e-7b19-4007-8dee-9898a06ca185","DSNY_010.mammalGrid.mam","D03","DSNY","DSNY_010","C5","distributed","woodyWetlands",28.117326,-81.435682,"WGS84",45.1,18.1,0.1,"1 - trap not set","ShermanLF","2020-04-21","2020-04-21",,,,,,,,,,,,,,,,,,,,,,,,,,,,,,,,,,,,,,,,,,,,,,,,
"9122381f-4e86-4cf8-8e31-2e8372f95319","6bd5419d-87f8-446c-a6db-0b9bf7435762","DSNY_001.mammalGrid.mam","D03","DSNY","DSNY_001","B4","distributed","woodyWetlands",28.097204,-81.417175,"WGS84",45.1,21.1,0.1,"1 - trap not set","ShermanLF","2020-04-21","2020-04-21",,,,,,,,,,,,,,,,,,,,,,,,,,,,,,,,,,,,,,,,,,,,,,,,
"267670fb-9d13-4a99-b6bc-4b26275ecea1","731cd63e-103e-4f6a-950f-be43f7219a0f","DSNY_005.mammalGrid.mam","D03","DSNY","DSNY_005","B1","distributed","woodyWetlands",28.039127,-81.391902,"WGS84",45.1,19.7,0.1,"1 - trap not set","ShermanLF","2020-04-21","2020-04-21",,,,,,,,,,,,,,,,,,,,,,,,,,,,,,,,,,,,,,,,,,,,,,,,
"86955cd9-90c4-4a84-801c-4f901911b7f3","55a97d7e-7b19-4007-8dee-9898a06ca185","DSNY_010.mammalGrid.mam","D03","DSNY","DSNY_010","G10","distributed","woodyWetlands",28.117326,-81.435682,"WGS84",45.1,18.1,0.1,"1 - trap not set","ShermanLF","2020-04-21","2020-04-21",,,,,,,,,,,,,,,,,,,,,,,,,,,,,,,,,,,,,,,,,,,,,,,,
"bacd8c1a-2bcd-43ed-8747-dac063344042","a86a8ce5-a4b8-4ce2-bac3-5c26e81e57ca","DSNY_004.mammalGrid.mam","D03","DSNY","DSNY_004","C4","distributed","woodyWetlands",28.099481,-81.401475,"WGS84",45.1,20.8,0.1,"1 - trap not set","ShermanLF","2020-04-21","2020-04-21",,,,,,,,,,,,,,,,,,,,,,,,,,,,,,,,,,,,,,,,,,,,,,,,
"fd38a91e-f1e9-4896-aa37-af6d5233ba9b","6bd5419d-87f8-446c-a6db-0b9bf7435762","DSNY_001.mammalGrid.mam","D03","DSNY","DSNY_001","H8","distributed","woodyWetlands",28.097204,-81.417175,"WGS84",45.1,21.1,0.1,"1 - trap not set","ShermanLF","2020-04-21","2020-04-21",,,,,,,,,,,,,,,,,,,,,,,,,,,,,,,,,,,,,,,,,,,,,,,,
"ee75bbc6-ad0e-40f3-b74d-97534a9c0b7c","6bd5419d-87f8-446c-a6db-0b9bf7435762","DSNY_001.mammalGrid.mam","D03","DSNY","DSNY_001","D8","distributed","woodyWetlands",28.097204,-81.417175,"WGS84",45.1,21.1,0.1,"1 - trap not set","ShermanLF","2020-04-21","2020-04-21",,,,,,,,,,,,,,,,,,,,,,,,,,,,,,,,,,,,,,,,,,,,,,,,
"1a98d1d3-7358-4355-808f-76d9a5c7c2e8","731cd63e-103e-4f6a-950f-be43f7219a0f","DSNY_005.mammalGrid.mam","D03","DSNY","DSNY_005","J8","distributed","woodyWetlands",28.039127,-81.391902,"WGS84",45.1,19.7,0.1,"1 - trap not set","ShermanLF","2020-04-21","2020-04-21",,,,,,,,,,,,,,,,,,,,,,,,,,,,,,,,,,,,,,,,,,,,,,,,
"7362f2c5-da4a-43d8-ac34-fe9c86ace0c7","731cd63e-103e-4f6a-950f-be43f7219a0f","DSNY_005.mammalGrid.mam","D03","DSNY","DSNY_005","F4","distributed","woodyWetlands",28.039127,-81.391902,"WGS84",45.1,19.7,0.1,"1 - trap not set","ShermanLF","2020-04-21","2020-04-21",,,,,,,,,,,,,,,,,,,,,,,,,,,,,,,,,,,,,,,,,,,,,,,,
"aa1ed474-a26a-42d6-8305-ae35b29f72b3","731cd63e-103e-4f6a-950f-be43f7219a0f","DSNY_005.mammalGrid.mam","D03","DSNY","DSNY_005","E10","distributed","woodyWetlands",28.039127,-81.391902,"WGS84",45.1,19.7,0.1,"1 - trap not set","ShermanLF","2020-04-21","2020-04-21",,,,,,,,,,,,,,,,,,,,,,,,,,,,,,,,,,,,,,,,,,,,,,,,
"b2c944cf-c276-4f64-986b-9a2ad141f276","6bd5419d-87f8-446c-a6db-0b9bf7435762","DSNY_001.mammalGrid.mam","D03","DSNY","DSNY_001","A5","distributed","woodyWetlands",28.097204,-81.417175,"WGS84",45.1,21.1,0.1,"1 - trap not set","ShermanLF","2020-04-21","2020-04-21",,,,,,,,,,,,,,,,,,,,,,,,,,,,,,,,,,,,,,,,,,,,,,,,
"7b978c33-8cac-46aa-a1e0-17e715a39f85","731cd63e-103e-4f6a-950f-be43f7219a0f","DSNY_005.mammalGrid.mam","D03","DSNY","DSNY_005","B8","distributed","woodyWetlands",28.039127,-81.391902,"WGS84",45.1,19.7,0.1,"1 - trap not set","ShermanLF","2020-04-21","2020-04-21",,,,,,,,,,,,,,,,,,,,,,,,,,,,,,,,,,,,,,,,,,,,,,,,
"bedc9669-43a2-47ee-a340-dcbc60e47b83","a86a8ce5-a4b8-4ce2-bac3-5c26e81e57ca","DSNY_004.mammalGrid.mam","D03","DSNY","DSNY_004","A6","distributed","woodyWetlands",28.099481,-81.401475,"WGS84",45.1,20.8,0.1,"1 - trap not set","ShermanLF","2020-04-21","2020-04-21",,,,,,,,,,,,,,,,,,,,,,,,,,,,,,,,,,,,,,,,,,,,,,,,
"2381885d-603c-4f7c-8b38-87066c4b410f","731cd63e-103e-4f6a-950f-be43f7219a0f","DSNY_005.mammalGrid.mam","D03","DSNY","DSNY_005","C4","distributed","woodyWetlands",28.039127,-81.391902,"WGS84",45.1,19.7,0.1,"1 - trap not set","ShermanLF","2020-04-21","2020-04-21",,,,,,,,,,,,,,,,,,,,,,,,,,,,,,,,,,,,,,,,,,,,,,,,
"99c68e8a-df74-4aa6-8613-0003d0d66fe6","a86a8ce5-a4b8-4ce2-bac3-5c26e81e57ca","DSNY_004.mammalGrid.mam","D03","DSNY","DSNY_004","J2","distributed","woodyWetlands",28.099481,-81.401475,"WGS84",45.1,20.8,0.1,"1 - trap not set","ShermanLF","2020-04-21","2020-04-21",,,,,,,,,,,,,,,,,,,,,,,,,,,,,,,,,,,,,,,,,,,,,,,,
"978bd846-2c1d-4f13-80cf-17e09e399f15","a86a8ce5-a4b8-4ce2-bac3-5c26e81e57ca","DSNY_004.mammalGrid.mam","D03","DSNY","DSNY_004","J6","distributed","woodyWetlands",28.099481,-81.401475,"WGS84",45.1,20.8,0.1,"1 - trap not set","ShermanLF","2020-04-21","2020-04-21",,,,,,,,,,,,,,,,,,,,,,,,,,,,,,,,,,,,,,,,,,,,,,,,
"85815922-c4b7-464e-8ea1-fa0c9a126c9c","55a97d7e-7b19-4007-8dee-9898a06ca185","DSNY_010.mammalGrid.mam","D03","DSNY","DSNY_010","H9","distributed","woodyWetlands",28.117326,-81.435682,"WGS84",45.1,18.1,0.1,"1 - trap not set","ShermanLF","2020-04-21","2020-04-21",,,,,,,,,,,,,,,,,,,,,,,,,,,,,,,,,,,,,,,,,,,,,,,,
"b345ea1c-f5a9-4177-a778-f96757efda1e","55a97d7e-7b19-4007-8dee-9898a06ca185","DSNY_010.mammalGrid.mam","D03","DSNY","DSNY_010","E8","distributed","woodyWetlands",28.117326,-81.435682,"WGS84",45.1,18.1,0.1,"1 - trap not set","ShermanLF","2020-04-21","2020-04-21",,,,,,,,,,,,,,,,,,,,,,,,,,,,,,,,,,,,,,,,,,,,,,,,
"a50a9ad1-2226-44f4-ab2e-fb415d40f8c9","6bd5419d-87f8-446c-a6db-0b9bf7435762","DSNY_001.mammalGrid.mam","D03","DSNY","DSNY_001","G10","distributed","woodyWetlands",28.097204,-81.417175,"WGS84",45.1,21.1,0.1,"1 - trap not set","ShermanLF","2020-04-21","2020-04-21",,,,,,,,,,,,,,,,,,,,,,,,,,,,,,,,,,,,,,,,,,,,,,,,
"e49702f5-028c-40e4-8be4-825a94ce5996","a86a8ce5-a4b8-4ce2-bac3-5c26e81e57ca","DSNY_004.mammalGrid.mam","D03","DSNY","DSNY_004","G5","distributed","woodyWetlands",28.099481,-81.401475,"WGS84",45.1,20.8,0.1,"1 - trap not set","ShermanLF","2020-04-21","2020-04-21",,,,,,,,,,,,,,,,,,,,,,,,,,,,,,,,,,,,,,,,,,,,,,,,
"0abc3231-352d-4218-992f-274254fd28dc","55a97d7e-7b19-4007-8dee-9898a06ca185","DSNY_010.mammalGrid.mam","D03","DSNY","DSNY_010","B5","distributed","woodyWetlands",28.117326,-81.435682,"WGS84",45.1,18.1,0.1,"1 - trap not set","ShermanLF","2020-04-21","2020-04-21",,,,,,,,,,,,,,,,,,,,,,,,,,,,,,,,,,,,,,,,,,,,,,,,
"c0fcae8c-5f4f-4e4e-93d8-b68402cce93c","731cd63e-103e-4f6a-950f-be43f7219a0f","DSNY_005.mammalGrid.mam","D03","DSNY","DSNY_005","A2","distributed","woodyWetlands",28.039127,-81.391902,"WGS84",45.1,19.7,0.1,"1 - trap not set","ShermanLF","2020-04-21","2020-04-21",,,,,,,,,,,,,,,,,,,,,,,,,,,,,,,,,,,,,,,,,,,,,,,,
"5dda075f-ad66-4ac0-bf7f-e18fc6e2ef06","55a97d7e-7b19-4007-8dee-9898a06ca185","DSNY_010.mammalGrid.mam","D03","DSNY","DSNY_010","F7","distributed","woodyWetlands",28.117326,-81.435682,"WGS84",45.1,18.1,0.1,"1 - trap not set","ShermanLF","2020-04-21","2020-04-21",,,,,,,,,,,,,,,,,,,,,,,,,,,,,,,,,,,,,,,,,,,,,,,,
"1678959b-ab89-4d89-9f00-20bc54b0c500","731cd63e-103e-4f6a-950f-be43f7219a0f","DSNY_005.mammalGrid.mam","D03","DSNY","DSNY_005","F10","distributed","woodyWetlands",28.039127,-81.391902,"WGS84",45.1,19.7,0.1,"1 - trap not set","ShermanLF","2020-04-21","2020-04-21",,,,,,,,,,,,,,,,,,,,,,,,,,,,,,,,,,,,,,,,,,,,,,,,
"79866503-df6d-498b-9b13-e652fe062079","6bd5419d-87f8-446c-a6db-0b9bf7435762","DSNY_001.mammalGrid.mam","D03","DSNY","DSNY_001","F9","distributed","woodyWetlands",28.097204,-81.417175,"WGS84",45.1,21.1,0.1,"1 - trap not set","ShermanLF","2020-04-21","2020-04-21",,,,,,,,,,,,,,,,,,,,,,,,,,,,,,,,,,,,,,,,,,,,,,,,
"d5966a23-b212-4ec5-8cb0-d0b20c0bb51d","731cd63e-103e-4f6a-950f-be43f7219a0f","DSNY_005.mammalGrid.mam","D03","DSNY","DSNY_005","A5","distributed","woodyWetlands",28.039127,-81.391902,"WGS84",45.1,19.7,0.1,"1 - trap not set","ShermanLF","2020-04-21","2020-04-21",,,,,,,,,,,,,,,,,,,,,,,,,,,,,,,,,,,,,,,,,,,,,,,,
"b18ce18b-8451-40cc-b29f-e80c142b1449","55a97d7e-7b19-4007-8dee-9898a06ca185","DSNY_010.mammalGrid.mam","D03","DSNY","DSNY_010","C2","distributed","woodyWetlands",28.117326,-81.435682,"WGS84",45.1,18.1,0.1,"1 - trap not set","ShermanLF","2020-04-21","2020-04-21",,,,,,,,,,,,,,,,,,,,,,,,,,,,,,,,,,,,,,,,,,,,,,,,
"a33c602e-0bfa-4903-9a32-f57c8ba5a873","55a97d7e-7b19-4007-8dee-9898a06ca185","DSNY_010.mammalGrid.mam","D03","DSNY","DSNY_010","H2","distributed","woodyWetlands",28.117326,-81.435682,"WGS84",45.1,18.1,0.1,"1 - trap not set","ShermanLF","2020-04-21","2020-04-21",,,,,,,,,,,,,,,,,,,,,,,,,,,,,,,,,,,,,,,,,,,,,,,,
"3065f307-6add-40ae-a207-97362d4efbec","731cd63e-103e-4f6a-950f-be43f7219a0f","DSNY_005.mammalGrid.mam","D03","DSNY","DSNY_005","C8","distributed","woodyWetlands",28.039127,-81.391902,"WGS84",45.1,19.7,0.1,"1 - trap not set","ShermanLF","2020-04-21","2020-04-21",,,,,,,,,,,,,,,,,,,,,,,,,,,,,,,,,,,,,,,,,,,,,,,,
"72c38c70-44b4-4d12-bf78-7209d35c4a55","731cd63e-103e-4f6a-950f-be43f7219a0f","DSNY_005.mammalGrid.mam","D03","DSNY","DSNY_005","G2","distributed","woodyWetlands",28.039127,-81.391902,"WGS84",45.1,19.7,0.1,"1 - trap not set","ShermanLF","2020-04-21","2020-04-21",,,,,,,,,,,,,,,,,,,,,,,,,,,,,,,,,,,,,,,,,,,,,,,,
"cfd753ff-3306-4b43-83ed-d51a118ad802","6bd5419d-87f8-446c-a6db-0b9bf7435762","DSNY_001.mammalGrid.mam","D03","DSNY","DSNY_001","H5","distributed","woodyWetlands",28.097204,-81.417175,"WGS84",45.1,21.1,0.1,"1 - trap not set","ShermanLF","2020-04-21","2020-04-21",,,,,,,,,,,,,,,,,,,,,,,,,,,,,,,,,,,,,,,,,,,,,,,,
"3951d787-2eef-49a1-b266-abc95de7e364","55a97d7e-7b19-4007-8dee-9898a06ca185","DSNY_010.mammalGrid.mam","D03","DSNY","DSNY_010","D2","distributed","woodyWetlands",28.117326,-81.435682,"WGS84",45.1,18.1,0.1,"1 - trap not set","ShermanLF","2020-04-21","2020-04-21",,,,,,,,,,,,,,,,,,,,,,,,,,,,,,,,,,,,,,,,,,,,,,,,
"691a0042-af42-489c-8388-028a633458dc","55a97d7e-7b19-4007-8dee-9898a06ca185","DSNY_010.mammalGrid.mam","D03","DSNY","DSNY_010","B8","distributed","woodyWetlands",28.117326,-81.435682,"WGS84",45.1,18.1,0.1,"1 - trap not set","ShermanLF","2020-04-21","2020-04-21",,,,,,,,,,,,,,,,,,,,,,,,,,,,,,,,,,,,,,,,,,,,,,,,
"3e9dd4a3-1096-4168-9e3b-77ced0089931","731cd63e-103e-4f6a-950f-be43f7219a0f","DSNY_005.mammalGrid.mam","D03","DSNY","DSNY_005","I2","distributed","woodyWetlands",28.039127,-81.391902,"WGS84",45.1,19.7,0.1,"1 - trap not set","ShermanLF","2020-04-21","2020-04-21",,,,,,,,,,,,,,,,,,,,,,,,,,,,,,,,,,,,,,,,,,,,,,,,
"e8f699e2-245f-45ab-9043-fd92696ef2bb","a86a8ce5-a4b8-4ce2-bac3-5c26e81e57ca","DSNY_004.mammalGrid.mam","D03","DSNY","DSNY_004","J3","distributed","woodyWetlands",28.099481,-81.401475,"WGS84",45.1,20.8,0.1,"1 - trap not set","ShermanLF","2020-04-21","2020-04-21",,,,,,,,,,,,,,,,,,,,,,,,,,,,,,,,,,,,,,,,,,,,,,,,
"b1e2a622-6d2e-4a29-8c0c-76877e9c14be","55a97d7e-7b19-4007-8dee-9898a06ca185","DSNY_010.mammalGrid.mam","D03","DSNY","DSNY_010","A10","distributed","woodyWetlands",28.117326,-81.435682,"WGS84",45.1,18.1,0.1,"1 - trap not set","ShermanLF","2020-04-21","2020-04-21",,,,,,,,,,,,,,,,,,,,,,,,,,,,,,,,,,,,,,,,,,,,,,,,
"3a8279bc-f1bb-4c3c-8647-f634e208a912","55a97d7e-7b19-4007-8dee-9898a06ca185","DSNY_010.mammalGrid.mam","D03","DSNY","DSNY_010","E7","distributed","woodyWetlands",28.117326,-81.435682,"WGS84",45.1,18.1,0.1,"1 - trap not set","ShermanLF","2020-04-21","2020-04-21",,,,,,,,,,,,,,,,,,,,,,,,,,,,,,,,,,,,,,,,,,,,,,,,
"ed739eb3-29c3-4073-851c-1e118b499cc0","731cd63e-103e-4f6a-950f-be43f7219a0f","DSNY_005.mammalGrid.mam","D03","DSNY","DSNY_005","B5","distributed","woodyWetlands",28.039127,-81.391902,"WGS84",45.1,19.7,0.1,"1 - trap not set","ShermanLF","2020-04-21","2020-04-21",,,,,,,,,,,,,,,,,,,,,,,,,,,,,,,,,,,,,,,,,,,,,,,,
"f440cf0a-af9a-4c74-ba40-7ecba27ef04e","731cd63e-103e-4f6a-950f-be43f7219a0f","DSNY_005.mammalGrid.mam","D03","DSNY","DSNY_005","D8","distributed","woodyWetlands",28.039127,-81.391902,"WGS84",45.1,19.7,0.1,"1 - trap not set","ShermanLF","2020-04-21","2020-04-21",,,,,,,,,,,,,,,,,,,,,,,,,,,,,,,,,,,,,,,,,,,,,,,,
"34392201-43d9-4424-b8f3-f9f08b1f4d73","a86a8ce5-a4b8-4ce2-bac3-5c26e81e57ca","DSNY_004.mammalGrid.mam","D03","DSNY","DSNY_004","A7","distributed","woodyWetlands",28.099481,-81.401475,"WGS84",45.1,20.8,0.1,"1 - trap not set","ShermanLF","2020-04-21","2020-04-21",,,,,,,,,,,,,,,,,,,,,,,,,,,,,,,,,,,,,,,,,,,,,,,,
"3204e531-5d70-4c4d-b046-319331a90388","6bd5419d-87f8-446c-a6db-0b9bf7435762","DSNY_001.mammalGrid.mam","D03","DSNY","DSNY_001","G5","distributed","woodyWetlands",28.097204,-81.417175,"WGS84",45.1,21.1,0.1,"1 - trap not set","ShermanLF","2020-04-21","2020-04-21",,,,,,,,,,,,,,,,,,,,,,,,,,,,,,,,,,,,,,,,,,,,,,,,
"a5503898-444e-4aa0-937f-4044013a3c1e","6bd5419d-87f8-446c-a6db-0b9bf7435762","DSNY_001.mammalGrid.mam","D03","DSNY","DSNY_001","B3","distributed","woodyWetlands",28.097204,-81.417175,"WGS84",45.1,21.1,0.1,"1 - trap not set","ShermanLF","2020-04-21","2020-04-21",,,,,,,,,,,,,,,,,,,,,,,,,,,,,,,,,,,,,,,,,,,,,,,,
"73256588-9072-4356-ae23-b1f6fe9bb684","55a97d7e-7b19-4007-8dee-9898a06ca185","DSNY_010.mammalGrid.mam","D03","DSNY","DSNY_010","I7","distributed","woodyWetlands",28.117326,-81.435682,"WGS84",45.1,18.1,0.1,"1 - trap not set","ShermanLF","2020-04-21","2020-04-21",,,,,,,,,,,,,,,,,,,,,,,,,,,,,,,,,,,,,,,,,,,,,,,,
"f04c7283-2c6b-4398-bfaf-63138c844b1f","55a97d7e-7b19-4007-8dee-9898a06ca185","DSNY_010.mammalGrid.mam","D03","DSNY","DSNY_010","I2","distributed","woodyWetlands",28.117326,-81.435682,"WGS84",45.1,18.1,0.1,"1 - trap not set","ShermanLF","2020-04-21","2020-04-21",,,,,,,,,,,,,,,,,,,,,,,,,,,,,,,,,,,,,,,,,,,,,,,,
"2eef43af-fec3-4866-8fbc-514fbdb155be","6bd5419d-87f8-446c-a6db-0b9bf7435762","DSNY_001.mammalGrid.mam","D03","DSNY","DSNY_001","J4","distributed","woodyWetlands",28.097204,-81.417175,"WGS84",45.1,21.1,0.1,"1 - trap not set","ShermanLF","2020-04-21","2020-04-21",,,,,,,,,,,,,,,,,,,,,,,,,,,,,,,,,,,,,,,,,,,,,,,,
"d4046a69-cfef-41d6-9486-39ed4eec6a75","a86a8ce5-a4b8-4ce2-bac3-5c26e81e57ca","DSNY_004.mammalGrid.mam","D03","DSNY","DSNY_004","D7","distributed","woodyWetlands",28.099481,-81.401475,"WGS84",45.1,20.8,0.1,"1 - trap not set","ShermanLF","2020-04-21","2020-04-21",,,,,,,,,,,,,,,,,,,,,,,,,,,,,,,,,,,,,,,,,,,,,,,,
"a44c4625-b720-4826-953b-5b96d6f66d3e","a86a8ce5-a4b8-4ce2-bac3-5c26e81e57ca","DSNY_004.mammalGrid.mam","D03","DSNY","DSNY_004","J4","distributed","woodyWetlands",28.099481,-81.401475,"WGS84",45.1,20.8,0.1,"1 - trap not set","ShermanLF","2020-04-21","2020-04-21",,,,,,,,,,,,,,,,,,,,,,,,,,,,,,,,,,,,,,,,,,,,,,,,
"6e4cd7bc-ce2d-4949-a4d3-051de5765fef","6bd5419d-87f8-446c-a6db-0b9bf7435762","DSNY_001.mammalGrid.mam","D03","DSNY","DSNY_001","J1","distributed","woodyWetlands",28.097204,-81.417175,"WGS84",45.1,21.1,0.1,"1 - trap not set","ShermanLF","2020-04-21","2020-04-21",,,,,,,,,,,,,,,,,,,,,,,,,,,,,,,,,,,,,,,,,,,,,,,,
"dab7a057-4755-4d9a-8034-e2a61bb554ea","a86a8ce5-a4b8-4ce2-bac3-5c26e81e57ca","DSNY_004.mammalGrid.mam","D03","DSNY","DSNY_004","A5","distributed","woodyWetlands",28.099481,-81.401475,"WGS84",45.1,20.8,0.1,"1 - trap not set","ShermanLF","2020-04-21","2020-04-21",,,,,,,,,,,,,,,,,,,,,,,,,,,,,,,,,,,,,,,,,,,,,,,,
"68c751f0-ddc1-4033-8496-358d5ce25ebe","6bd5419d-87f8-446c-a6db-0b9bf7435762","DSNY_001.mammalGrid.mam","D03","DSNY","DSNY_001","A10","distributed","woodyWetlands",28.097204,-81.417175,"WGS84",45.1,21.1,0.1,"1 - trap not set","ShermanLF","2020-04-21","2020-04-21",,,,,,,,,,,,,,,,,,,,,,,,,,,,,,,,,,,,,,,,,,,,,,,,
"a8161bdb-08c1-46fe-b1a6-743b2e42bdf6","a86a8ce5-a4b8-4ce2-bac3-5c26e81e57ca","DSNY_004.mammalGrid.mam","D03","DSNY","DSNY_004","F9","distributed","woodyWetlands",28.099481,-81.401475,"WGS84",45.1,20.8,0.1,"1 - trap not set","ShermanLF","2020-04-21","2020-04-21",,,,,,,,,,,,,,,,,,,,,,,,,,,,,,,,,,,,,,,,,,,,,,,,
"c632e62b-3b14-4faf-aaee-4401bdd20206","a86a8ce5-a4b8-4ce2-bac3-5c26e81e57ca","DSNY_004.mammalGrid.mam","D03","DSNY","DSNY_004","C2","distributed","woodyWetlands",28.099481,-81.401475,"WGS84",45.1,20.8,0.1,"1 - trap not set","ShermanLF","2020-04-21","2020-04-21",,,,,,,,,,,,,,,,,,,,,,,,,,,,,,,,,,,,,,,,,,,,,,,,
"c6bc020c-747e-4468-ae8a-42e4aa70ecaa","6bd5419d-87f8-446c-a6db-0b9bf7435762","DSNY_001.mammalGrid.mam","D03","DSNY","DSNY_001","E5","distributed","woodyWetlands",28.097204,-81.417175,"WGS84",45.1,21.1,0.1,"1 - trap not set","ShermanLF","2020-04-21","2020-04-21",,,,,,,,,,,,,,,,,,,,,,,,,,,,,,,,,,,,,,,,,,,,,,,,
"de59b3ed-dbd0-46db-bc0a-1816bb53c53e","6bd5419d-87f8-446c-a6db-0b9bf7435762","DSNY_001.mammalGrid.mam","D03","DSNY","DSNY_001","B9","distributed","woodyWetlands",28.097204,-81.417175,"WGS84",45.1,21.1,0.1,"1 - trap not set","ShermanLF","2020-04-21","2020-04-21",,,,,,,,,,,,,,,,,,,,,,,,,,,,,,,,,,,,,,,,,,,,,,,,
"5bfe131c-b982-4029-9e97-76fb2515e902","a86a8ce5-a4b8-4ce2-bac3-5c26e81e57ca","DSNY_004.mammalGrid.mam","D03","DSNY","DSNY_004","I9","distributed","woodyWetlands",28.099481,-81.401475,"WGS84",45.1,20.8,0.1,"1 - trap not set","ShermanLF","2020-04-21","2020-04-21",,,,,,,,,,,,,,,,,,,,,,,,,,,,,,,,,,,,,,,,,,,,,,,,
"ffbfe1e9-be07-4551-a94b-1df830264b16","a86a8ce5-a4b8-4ce2-bac3-5c26e81e57ca","DSNY_004.mammalGrid.mam","D03","DSNY","DSNY_004","H5","distributed","woodyWetlands",28.099481,-81.401475,"WGS84",45.1,20.8,0.1,"1 - trap not set","ShermanLF","2020-04-21","2020-04-21",,,,,,,,,,,,,,,,,,,,,,,,,,,,,,,,,,,,,,,,,,,,,,,,
"0c82f24d-72fa-45fc-bffc-29c17d1f4a82","a86a8ce5-a4b8-4ce2-bac3-5c26e81e57ca","DSNY_004.mammalGrid.mam","D03","DSNY","DSNY_004","F6","distributed","woodyWetlands",28.099481,-81.401475,"WGS84",45.1,20.8,0.1,"1 - trap not set","ShermanLF","2020-04-21","2020-04-21",,,,,,,,,,,,,,,,,,,,,,,,,,,,,,,,,,,,,,,,,,,,,,,,
"964780e4-4878-4e8b-a089-a00e11d22041","55a97d7e-7b19-4007-8dee-9898a06ca185","DSNY_010.mammalGrid.mam","D03","DSNY","DSNY_010","E5","distributed","woodyWetlands",28.117326,-81.435682,"WGS84",45.1,18.1,0.1,"1 - trap not set","ShermanLF","2020-04-21","2020-04-21",,,,,,,,,,,,,,,,,,,,,,,,,,,,,,,,,,,,,,,,,,,,,,,,
"61709b5f-55ca-4c73-80dc-26403e167cf0","55a97d7e-7b19-4007-8dee-9898a06ca185","DSNY_010.mammalGrid.mam","D03","DSNY","DSNY_010","G2","distributed","woodyWetlands",28.117326,-81.435682,"WGS84",45.1,18.1,0.1,"1 - trap not set","ShermanLF","2020-04-21","2020-04-21",,,,,,,,,,,,,,,,,,,,,,,,,,,,,,,,,,,,,,,,,,,,,,,,
"2b87abef-675a-4c16-bc67-68ed4d2e2857","6bd5419d-87f8-446c-a6db-0b9bf7435762","DSNY_001.mammalGrid.mam","D03","DSNY","DSNY_001","E3","distributed","woodyWetlands",28.097204,-81.417175,"WGS84",45.1,21.1,0.1,"1 - trap not set","ShermanLF","2020-04-21","2020-04-21",,,,,,,,,,,,,,,,,,,,,,,,,,,,,,,,,,,,,,,,,,,,,,,,
"0668a9b7-bc91-460a-954e-8b98f549fdc3","55a97d7e-7b19-4007-8dee-9898a06ca185","DSNY_010.mammalGrid.mam","D03","DSNY","DSNY_010","H5","distributed","woodyWetlands",28.117326,-81.435682,"WGS84",45.1,18.1,0.1,"1 - trap not set","ShermanLF","2020-04-21","2020-04-21",,,,,,,,,,,,,,,,,,,,,,,,,,,,,,,,,,,,,,,,,,,,,,,,
"11c6120d-cd04-41a2-ab9a-0f4e59c41881","731cd63e-103e-4f6a-950f-be43f7219a0f","DSNY_005.mammalGrid.mam","D03","DSNY","DSNY_005","B9","distributed","woodyWetlands",28.039127,-81.391902,"WGS84",45.1,19.7,0.1,"1 - trap not set","ShermanLF","2020-04-21","2020-04-21",,,,,,,,,,,,,,,,,,,,,,,,,,,,,,,,,,,,,,,,,,,,,,,,
"f8592fde-25ad-4ddb-b389-aea6618dc308","55a97d7e-7b19-4007-8dee-9898a06ca185","DSNY_010.mammalGrid.mam","D03","DSNY","DSNY_010","B7","distributed","woodyWetlands",28.117326,-81.435682,"WGS84",45.1,18.1,0.1,"1 - trap not set","ShermanLF","2020-04-21","2020-04-21",,,,,,,,,,,,,,,,,,,,,,,,,,,,,,,,,,,,,,,,,,,,,,,,
"1db4b66d-7419-4aff-adef-b33db9b2b0f5","6bd5419d-87f8-446c-a6db-0b9bf7435762","DSNY_001.mammalGrid.mam","D03","DSNY","DSNY_001","H1","distributed","woodyWetlands",28.097204,-81.417175,"WGS84",45.1,21.1,0.1,"1 - trap not set","ShermanLF","2020-04-21","2020-04-21",,,,,,,,,,,,,,,,,,,,,,,,,,,,,,,,,,,,,,,,,,,,,,,,
"53e0ab93-c1fa-4daa-86d6-87089c4f7528","731cd63e-103e-4f6a-950f-be43f7219a0f","DSNY_005.mammalGrid.mam","D03","DSNY","DSNY_005","A1","distributed","woodyWetlands",28.039127,-81.391902,"WGS84",45.1,19.7,0.1,"1 - trap not set","ShermanLF","2020-04-21","2020-04-21",,,,,,,,,,,,,,,,,,,,,,,,,,,,,,,,,,,,,,,,,,,,,,,,
"b5b3a7d7-4bca-4d05-a6bb-5fe4d51d4e4c","55a97d7e-7b19-4007-8dee-9898a06ca185","DSNY_010.mammalGrid.mam","D03","DSNY","DSNY_010","J3","distributed","woodyWetlands",28.117326,-81.435682,"WGS84",45.1,18.1,0.1,"1 - trap not set","ShermanLF","2020-04-21","2020-04-21",,,,,,,,,,,,,,,,,,,,,,,,,,,,,,,,,,,,,,,,,,,,,,,,
"528f8b1e-bcb0-429c-b23f-a71af7a5fe44","a86a8ce5-a4b8-4ce2-bac3-5c26e81e57ca","DSNY_004.mammalGrid.mam","D03","DSNY","DSNY_004","E9","distributed","woodyWetlands",28.099481,-81.401475,"WGS84",45.1,20.8,0.1,"1 - trap not set","ShermanLF","2020-04-21","2020-04-21",,,,,,,,,,,,,,,,,,,,,,,,,,,,,,,,,,,,,,,,,,,,,,,,
"36fe9cfc-8fc6-4b7d-a8fd-3290e37d79c7","6bd5419d-87f8-446c-a6db-0b9bf7435762","DSNY_001.mammalGrid.mam","D03","DSNY","DSNY_001","C8","distributed","woodyWetlands",28.097204,-81.417175,"WGS84",45.1,21.1,0.1,"1 - trap not set","ShermanLF","2020-04-21","2020-04-21",,,,,,,,,,,,,,,,,,,,,,,,,,,,,,,,,,,,,,,,,,,,,,,,
"cb377fb7-9192-4b6f-87dd-7319e0ac9782","55a97d7e-7b19-4007-8dee-9898a06ca185","DSNY_010.mammalGrid.mam","D03","DSNY","DSNY_010","F2","distributed","woodyWetlands",28.117326,-81.435682,"WGS84",45.1,18.1,0.1,"1 - trap not set","ShermanLF","2020-04-21","2020-04-21",,,,,,,,,,,,,,,,,,,,,,,,,,,,,,,,,,,,,,,,,,,,,,,,
"62b97ba6-c86d-42d2-b515-4c9d5cb647da","6bd5419d-87f8-446c-a6db-0b9bf7435762","DSNY_001.mammalGrid.mam","D03","DSNY","DSNY_001","G1","distributed","woodyWetlands",28.097204,-81.417175,"WGS84",45.1,21.1,0.1,"1 - trap not set","ShermanLF","2020-04-21","2020-04-21",,,,,,,,,,,,,,,,,,,,,,,,,,,,,,,,,,,,,,,,,,,,,,,,
"6ec18dbe-d0b0-4782-9a8a-490e543957ab","a86a8ce5-a4b8-4ce2-bac3-5c26e81e57ca","DSNY_004.mammalGrid.mam","D03","DSNY","DSNY_004","B7","distributed","woodyWetlands",28.099481,-81.401475,"WGS84",45.1,20.8,0.1,"1 - trap not set","ShermanLF","2020-04-21","2020-04-21",,,,,,,,,,,,,,,,,,,,,,,,,,,,,,,,,,,,,,,,,,,,,,,,
"7f0c6417-5f22-4579-8bdb-02e473e39841","6bd5419d-87f8-446c-a6db-0b9bf7435762","DSNY_001.mammalGrid.mam","D03","DSNY","DSNY_001","D9","distributed","woodyWetlands",28.097204,-81.417175,"WGS84",45.1,21.1,0.1,"1 - trap not set","ShermanLF","2020-04-21","2020-04-21",,,,,,,,,,,,,,,,,,,,,,,,,,,,,,,,,,,,,,,,,,,,,,,,
"77bb2c2c-7cf2-4478-8eff-3a816e4af7e4","a86a8ce5-a4b8-4ce2-bac3-5c26e81e57ca","DSNY_004.mammalGrid.mam","D03","DSNY","DSNY_004","E4","distributed","woodyWetlands",28.099481,-81.401475,"WGS84",45.1,20.8,0.1,"1 - trap not set","ShermanLF","2020-04-21","2020-04-21",,,,,,,,,,,,,,,,,,,,,,,,,,,,,,,,,,,,,,,,,,,,,,,,
"c23e0bed-e435-43d6-9a99-996f36b4c7a6","55a97d7e-7b19-4007-8dee-9898a06ca185","DSNY_010.mammalGrid.mam","D03","DSNY","DSNY_010","A7","distributed","woodyWetlands",28.117326,-81.435682,"WGS84",45.1,18.1,0.1,"1 - trap not set","ShermanLF","2020-04-21","2020-04-21",,,,,,,,,,,,,,,,,,,,,,,,,,,,,,,,,,,,,,,,,,,,,,,,
"6adba8ed-93e1-408d-975f-84d3c286af06","731cd63e-103e-4f6a-950f-be43f7219a0f","DSNY_005.mammalGrid.mam","D03","DSNY","DSNY_005","G3","distributed","woodyWetlands",28.039127,-81.391902,"WGS84",45.1,19.7,0.1,"1 - trap not set","ShermanLF","2020-04-21","2020-04-21",,,,,,,,,,,,,,,,,,,,,,,,,,,,,,,,,,,,,,,,,,,,,,,,
"fb611b0d-bffe-416e-89c1-5653d9295294","731cd63e-103e-4f6a-950f-be43f7219a0f","DSNY_005.mammalGrid.mam","D03","DSNY","DSNY_005","I5","distributed","woodyWetlands",28.039127,-81.391902,"WGS84",45.1,19.7,0.1,"1 - trap not set","ShermanLF","2020-04-21","2020-04-21",,,,,,,,,,,,,,,,,,,,,,,,,,,,,,,,,,,,,,,,,,,,,,,,
"78278fa0-efb8-4c05-a9ba-30de4b208bb9","6bd5419d-87f8-446c-a6db-0b9bf7435762","DSNY_001.mammalGrid.mam","D03","DSNY","DSNY_001","G7","distributed","woodyWetlands",28.097204,-81.417175,"WGS84",45.1,21.1,0.1,"1 - trap not set","ShermanLF","2020-04-21","2020-04-21",,,,,,,,,,,,,,,,,,,,,,,,,,,,,,,,,,,,,,,,,,,,,,,,
"c974578e-2849-48be-b8f3-f9cb407b8083","731cd63e-103e-4f6a-950f-be43f7219a0f","DSNY_005.mammalGrid.mam","D03","DSNY","DSNY_005","D1","distributed","woodyWetlands",28.039127,-81.391902,"WGS84",45.1,19.7,0.1,"1 - trap not set","ShermanLF","2020-04-21","2020-04-21",,,,,,,,,,,,,,,,,,,,,,,,,,,,,,,,,,,,,,,,,,,,,,,,
"41e21c37-30af-4279-82e5-1b00769f8aae","731cd63e-103e-4f6a-950f-be43f7219a0f","DSNY_005.mammalGrid.mam","D03","DSNY","DSNY_005","H10","distributed","woodyWetlands",28.039127,-81.391902,"WGS84",45.1,19.7,0.1,"1 - trap not set","ShermanLF","2020-04-21","2020-04-21",,,,,,,,,,,,,,,,,,,,,,,,,,,,,,,,,,,,,,,,,,,,,,,,
"7c8d9b53-f01b-4906-be49-452fb70081b6","731cd63e-103e-4f6a-950f-be43f7219a0f","DSNY_005.mammalGrid.mam","D03","DSNY","DSNY_005","G10","distributed","woodyWetlands",28.039127,-81.391902,"WGS84",45.1,19.7,0.1,"1 - trap not set","ShermanLF","2020-04-21","2020-04-21",,,,,,,,,,,,,,,,,,,,,,,,,,,,,,,,,,,,,,,,,,,,,,,,
"e502daec-1a5d-4bcd-9cca-49e04fa9e273","731cd63e-103e-4f6a-950f-be43f7219a0f","DSNY_005.mammalGrid.mam","D03","DSNY","DSNY_005","A8","distributed","woodyWetlands",28.039127,-81.391902,"WGS84",45.1,19.7,0.1,"1 - trap not set","ShermanLF","2020-04-21","2020-04-21",,,,,,,,,,,,,,,,,,,,,,,,,,,,,,,,,,,,,,,,,,,,,,,,
"f5b54d9e-5aad-4ab6-ae1d-e0af223a7c3b","731cd63e-103e-4f6a-950f-be43f7219a0f","DSNY_005.mammalGrid.mam","D03","DSNY","DSNY_005","D7","distributed","woodyWetlands",28.039127,-81.391902,"WGS84",45.1,19.7,0.1,"1 - trap not set","ShermanLF","2020-04-21","2020-04-21",,,,,,,,,,,,,,,,,,,,,,,,,,,,,,,,,,,,,,,,,,,,,,,,
"57bc2c69-0c22-407f-bf2a-8c03ea34ed29","731cd63e-103e-4f6a-950f-be43f7219a0f","DSNY_005.mammalGrid.mam","D03","DSNY","DSNY_005","D6","distributed","woodyWetlands",28.039127,-81.391902,"WGS84",45.1,19.7,0.1,"1 - trap not set","ShermanLF","2020-04-21","2020-04-21",,,,,,,,,,,,,,,,,,,,,,,,,,,,,,,,,,,,,,,,,,,,,,,,
"86c939fd-d9ee-4aa8-af8f-9061de178287","6bd5419d-87f8-446c-a6db-0b9bf7435762","DSNY_001.mammalGrid.mam","D03","DSNY","DSNY_001","C5","distributed","woodyWetlands",28.097204,-81.417175,"WGS84",45.1,21.1,0.1,"1 - trap not set","ShermanLF","2020-04-21","2020-04-21",,,,,,,,,,,,,,,,,,,,,,,,,,,,,,,,,,,,,,,,,,,,,,,,
"9e432a90-76cc-4b13-85b8-0c809f50d357","a86a8ce5-a4b8-4ce2-bac3-5c26e81e57ca","DSNY_004.mammalGrid.mam","D03","DSNY","DSNY_004","C9","distributed","woodyWetlands",28.099481,-81.401475,"WGS84",45.1,20.8,0.1,"1 - trap not set","ShermanLF","2020-04-21","2020-04-21",,,,,,,,,,,,,,,,,,,,,,,,,,,,,,,,,,,,,,,,,,,,,,,,
"f08e0535-bf83-4673-9cd0-f4f8d274724d","731cd63e-103e-4f6a-950f-be43f7219a0f","DSNY_005.mammalGrid.mam","D03","DSNY","DSNY_005","A4","distributed","woodyWetlands",28.039127,-81.391902,"WGS84",45.1,19.7,0.1,"1 - trap not set","ShermanLF","2020-04-21","2020-04-21",,,,,,,,,,,,,,,,,,,,,,,,,,,,,,,,,,,,,,,,,,,,,,,,
"92ab52e3-ede3-484e-9569-7fe97a46f11f","a86a8ce5-a4b8-4ce2-bac3-5c26e81e57ca","DSNY_004.mammalGrid.mam","D03","DSNY","DSNY_004","E1","distributed","woodyWetlands",28.099481,-81.401475,"WGS84",45.1,20.8,0.1,"1 - trap not set","ShermanLF","2020-04-21","2020-04-21",,,,,,,,,,,,,,,,,,,,,,,,,,,,,,,,,,,,,,,,,,,,,,,,
"eb53f170-7342-4353-8c47-820978cc6e34","a86a8ce5-a4b8-4ce2-bac3-5c26e81e57ca","DSNY_004.mammalGrid.mam","D03","DSNY","DSNY_004","A2","distributed","woodyWetlands",28.099481,-81.401475,"WGS84",45.1,20.8,0.1,"1 - trap not set","ShermanLF","2020-04-21","2020-04-21",,,,,,,,,,,,,,,,,,,,,,,,,,,,,,,,,,,,,,,,,,,,,,,,
"31d603e7-db9c-4fbf-993e-7d0627614f1c","a86a8ce5-a4b8-4ce2-bac3-5c26e81e57ca","DSNY_004.mammalGrid.mam","D03","DSNY","DSNY_004","G10","distributed","woodyWetlands",28.099481,-81.401475,"WGS84",45.1,20.8,0.1,"1 - trap not set","ShermanLF","2020-04-21","2020-04-21",,,,,,,,,,,,,,,,,,,,,,,,,,,,,,,,,,,,,,,,,,,,,,,,
"9565aad0-77fa-49c9-99b6-29efd8689159","6bd5419d-87f8-446c-a6db-0b9bf7435762","DSNY_001.mammalGrid.mam","D03","DSNY","DSNY_001","D2","distributed","woodyWetlands",28.097204,-81.417175,"WGS84",45.1,21.1,0.1,"1 - trap not set","ShermanLF","2020-04-21","2020-04-21",,,,,,,,,,,,,,,,,,,,,,,,,,,,,,,,,,,,,,,,,,,,,,,,
"8c9a0746-6449-49e6-9ec9-babdaec145e8","a86a8ce5-a4b8-4ce2-bac3-5c26e81e57ca","DSNY_004.mammalGrid.mam","D03","DSNY","DSNY_004","I1","distributed","woodyWetlands",28.099481,-81.401475,"WGS84",45.1,20.8,0.1,"1 - trap not set","ShermanLF","2020-04-21","2020-04-21",,,,,,,,,,,,,,,,,,,,,,,,,,,,,,,,,,,,,,,,,,,,,,,,
"982fc3f2-f9f4-4a2a-8631-f0f6ecac5bd6","55a97d7e-7b19-4007-8dee-9898a06ca185","DSNY_010.mammalGrid.mam","D03","DSNY","DSNY_010","D5","distributed","woodyWetlands",28.117326,-81.435682,"WGS84",45.1,18.1,0.1,"1 - trap not set","ShermanLF","2020-04-21","2020-04-21",,,,,,,,,,,,,,,,,,,,,,,,,,,,,,,,,,,,,,,,,,,,,,,,
"2def64bd-2353-4480-ac75-d953191f85c9","731cd63e-103e-4f6a-950f-be43f7219a0f","DSNY_005.mammalGrid.mam","D03","DSNY","DSNY_005","B4","distributed","woodyWetlands",28.039127,-81.391902,"WGS84",45.1,19.7,0.1,"1 - trap not set","ShermanLF","2020-04-21","2020-04-21",,,,,,,,,,,,,,,,,,,,,,,,,,,,,,,,,,,,,,,,,,,,,,,,
"f79a3aa3-7fb9-4176-91c8-610155c5737d","a86a8ce5-a4b8-4ce2-bac3-5c26e81e57ca","DSNY_004.mammalGrid.mam","D03","DSNY","DSNY_004","B5","distributed","woodyWetlands",28.099481,-81.401475,"WGS84",45.1,20.8,0.1,"1 - trap not set","ShermanLF","2020-04-21","2020-04-21",,,,,,,,,,,,,,,,,,,,,,,,,,,,,,,,,,,,,,,,,,,,,,,,
"30b2a01e-b9dc-40ad-a283-0a927be49c49","731cd63e-103e-4f6a-950f-be43f7219a0f","DSNY_005.mammalGrid.mam","D03","DSNY","DSNY_005","C6","distributed","woodyWetlands",28.039127,-81.391902,"WGS84",45.1,19.7,0.1,"1 - trap not set","ShermanLF","2020-04-21","2020-04-21",,,,,,,,,,,,,,,,,,,,,,,,,,,,,,,,,,,,,,,,,,,,,,,,
"84c7d6da-7e28-4ca8-899e-2412fe4f3357","6bd5419d-87f8-446c-a6db-0b9bf7435762","DSNY_001.mammalGrid.mam","D03","DSNY","DSNY_001","H6","distributed","woodyWetlands",28.097204,-81.417175,"WGS84",45.1,21.1,0.1,"1 - trap not set","ShermanLF","2020-04-21","2020-04-21",,,,,,,,,,,,,,,,,,,,,,,,,,,,,,,,,,,,,,,,,,,,,,,,
"9ca6feff-5ed1-4672-ad0d-ae1b314c560f","a86a8ce5-a4b8-4ce2-bac3-5c26e81e57ca","DSNY_004.mammalGrid.mam","D03","DSNY","DSNY_004","C6","distributed","woodyWetlands",28.099481,-81.401475,"WGS84",45.1,20.8,0.1,"1 - trap not set","ShermanLF","2020-04-21","2020-04-21",,,,,,,,,,,,,,,,,,,,,,,,,,,,,,,,,,,,,,,,,,,,,,,,
"65678d4a-9525-41c2-bd37-7bd3f5d73872","731cd63e-103e-4f6a-950f-be43f7219a0f","DSNY_005.mammalGrid.mam","D03","DSNY","DSNY_005","E3","distributed","woodyWetlands",28.039127,-81.391902,"WGS84",45.1,19.7,0.1,"1 - trap not set","ShermanLF","2020-04-21","2020-04-21",,,,,,,,,,,,,,,,,,,,,,,,,,,,,,,,,,,,,,,,,,,,,,,,
"2a10af9f-b26a-442a-8679-1333409745f9","55a97d7e-7b19-4007-8dee-9898a06ca185","DSNY_010.mammalGrid.mam","D03","DSNY","DSNY_010","C1","distributed","woodyWetlands",28.117326,-81.435682,"WGS84",45.1,18.1,0.1,"1 - trap not set","ShermanLF","2020-04-21","2020-04-21",,,,,,,,,,,,,,,,,,,,,,,,,,,,,,,,,,,,,,,,,,,,,,,,
"01ae5cca-2423-4a12-b1d6-6aacd0803136","55a97d7e-7b19-4007-8dee-9898a06ca185","DSNY_010.mammalGrid.mam","D03","DSNY","DSNY_010","B10","distributed","woodyWetlands",28.117326,-81.435682,"WGS84",45.1,18.1,0.1,"1 - trap not set","ShermanLF","2020-04-21","2020-04-21",,,,,,,,,,,,,,,,,,,,,,,,,,,,,,,,,,,,,,,,,,,,,,,,
"d4eaa6e2-3873-460b-b415-0387c3c43479","55a97d7e-7b19-4007-8dee-9898a06ca185","DSNY_010.mammalGrid.mam","D03","DSNY","DSNY_010","A3","distributed","woodyWetlands",28.117326,-81.435682,"WGS84",45.1,18.1,0.1,"1 - trap not set","ShermanLF","2020-04-21","2020-04-21",,,,,,,,,,,,,,,,,,,,,,,,,,,,,,,,,,,,,,,,,,,,,,,,
"02b81976-990a-4759-87ef-3ebcd9a8144d","6bd5419d-87f8-446c-a6db-0b9bf7435762","DSNY_001.mammalGrid.mam","D03","DSNY","DSNY_001","D6","distributed","woodyWetlands",28.097204,-81.417175,"WGS84",45.1,21.1,0.1,"1 - trap not set","ShermanLF","2020-04-21","2020-04-21",,,,,,,,,,,,,,,,,,,,,,,,,,,,,,,,,,,,,,,,,,,,,,,,
"64d32e02-11d0-4b43-90e7-af8a211901a5","6bd5419d-87f8-446c-a6db-0b9bf7435762","DSNY_001.mammalGrid.mam","D03","DSNY","DSNY_001","H4","distributed","woodyWetlands",28.097204,-81.417175,"WGS84",45.1,21.1,0.1,"1 - trap not set","ShermanLF","2020-04-21","2020-04-21",,,,,,,,,,,,,,,,,,,,,,,,,,,,,,,,,,,,,,,,,,,,,,,,
"b085180f-2ff7-4525-b112-2da0883c1040","55a97d7e-7b19-4007-8dee-9898a06ca185","DSNY_010.mammalGrid.mam","D03","DSNY","DSNY_010","F10","distributed","woodyWetlands",28.117326,-81.435682,"WGS84",45.1,18.1,0.1,"1 - trap not set","ShermanLF","2020-04-21","2020-04-21",,,,,,,,,,,,,,,,,,,,,,,,,,,,,,,,,,,,,,,,,,,,,,,,
"47fbeb41-3e5e-4163-b0fc-861d3f9bfe01","55a97d7e-7b19-4007-8dee-9898a06ca185","DSNY_010.mammalGrid.mam","D03","DSNY","DSNY_010","C7","distributed","woodyWetlands",28.117326,-81.435682,"WGS84",45.1,18.1,0.1,"1 - trap not set","ShermanLF","2020-04-21","2020-04-21",,,,,,,,,,,,,,,,,,,,,,,,,,,,,,,,,,,,,,,,,,,,,,,,
"17e7d15e-4c8e-4615-8c42-3309eeda8c60","6bd5419d-87f8-446c-a6db-0b9bf7435762","DSNY_001.mammalGrid.mam","D03","DSNY","DSNY_001","J9","distributed","woodyWetlands",28.097204,-81.417175,"WGS84",45.1,21.1,0.1,"1 - trap not set","ShermanLF","2020-04-21","2020-04-21",,,,,,,,,,,,,,,,,,,,,,,,,,,,,,,,,,,,,,,,,,,,,,,,
"cd11d603-47ba-45d8-a3b5-e2e55a71a5a8","a86a8ce5-a4b8-4ce2-bac3-5c26e81e57ca","DSNY_004.mammalGrid.mam","D03","DSNY","DSNY_004","D2","distributed","woodyWetlands",28.099481,-81.401475,"WGS84",45.1,20.8,0.1,"1 - trap not set","ShermanLF","2020-04-21","2020-04-21",,,,,,,,,,,,,,,,,,,,,,,,,,,,,,,,,,,,,,,,,,,,,,,,
"fee1030d-4ce9-4c72-a9e3-503532f90008","731cd63e-103e-4f6a-950f-be43f7219a0f","DSNY_005.mammalGrid.mam","D03","DSNY","DSNY_005","H3","distributed","woodyWetlands",28.039127,-81.391902,"WGS84",45.1,19.7,0.1,"1 - trap not set","ShermanLF","2020-04-21","2020-04-21",,,,,,,,,,,,,,,,,,,,,,,,,,,,,,,,,,,,,,,,,,,,,,,,
"37872c41-fcea-43cb-b7fa-70f617f84366","6bd5419d-87f8-446c-a6db-0b9bf7435762","DSNY_001.mammalGrid.mam","D03","DSNY","DSNY_001","B5","distributed","woodyWetlands",28.097204,-81.417175,"WGS84",45.1,21.1,0.1,"1 - trap not set","ShermanLF","2020-04-21","2020-04-21",,,,,,,,,,,,,,,,,,,,,,,,,,,,,,,,,,,,,,,,,,,,,,,,
"d7b8eb22-6e67-4875-b822-63594ae4d04c","731cd63e-103e-4f6a-950f-be43f7219a0f","DSNY_005.mammalGrid.mam","D03","DSNY","DSNY_005","H4","distributed","woodyWetlands",28.039127,-81.391902,"WGS84",45.1,19.7,0.1,"1 - trap not set","ShermanLF","2020-04-21","2020-04-21",,,,,,,,,,,,,,,,,,,,,,,,,,,,,,,,,,,,,,,,,,,,,,,,
"7da7da96-b211-44db-bf8a-24b947224408","a86a8ce5-a4b8-4ce2-bac3-5c26e81e57ca","DSNY_004.mammalGrid.mam","D03","DSNY","DSNY_004","H8","distributed","woodyWetlands",28.099481,-81.401475,"WGS84",45.1,20.8,0.1,"1 - trap not set","ShermanLF","2020-04-21","2020-04-21",,,,,,,,,,,,,,,,,,,,,,,,,,,,,,,,,,,,,,,,,,,,,,,,
"cf02a4bd-931d-4839-ab0b-06a9529af5da","a86a8ce5-a4b8-4ce2-bac3-5c26e81e57ca","DSNY_004.mammalGrid.mam","D03","DSNY","DSNY_004","D10","distributed","woodyWetlands",28.099481,-81.401475,"WGS84",45.1,20.8,0.1,"1 - trap not set","ShermanLF","2020-04-21","2020-04-21",,,,,,,,,,,,,,,,,,,,,,,,,,,,,,,,,,,,,,,,,,,,,,,,
"a5fdfa02-aa87-49e8-b10e-f981e292e55c","55a97d7e-7b19-4007-8dee-9898a06ca185","DSNY_010.mammalGrid.mam","D03","DSNY","DSNY_010","B3","distributed","woodyWetlands",28.117326,-81.435682,"WGS84",45.1,18.1,0.1,"1 - trap not set","ShermanLF","2020-04-21","2020-04-21",,,,,,,,,,,,,,,,,,,,,,,,,,,,,,,,,,,,,,,,,,,,,,,,
"78f2d0fe-9d4d-4b38-939a-87109064b577","a86a8ce5-a4b8-4ce2-bac3-5c26e81e57ca","DSNY_004.mammalGrid.mam","D03","DSNY","DSNY_004","A10","distributed","woodyWetlands",28.099481,-81.401475,"WGS84",45.1,20.8,0.1,"1 - trap not set","ShermanLF","2020-04-21","2020-04-21",,,,,,,,,,,,,,,,,,,,,,,,,,,,,,,,,,,,,,,,,,,,,,,,
"f7e0d9cb-2ec7-4a53-91e6-1a2dd1a38fb9","55a97d7e-7b19-4007-8dee-9898a06ca185","DSNY_010.mammalGrid.mam","D03","DSNY","DSNY_010","H3","distributed","woodyWetlands",28.117326,-81.435682,"WGS84",45.1,18.1,0.1,"1 - trap not set","ShermanLF","2020-04-21","2020-04-21",,,,,,,,,,,,,,,,,,,,,,,,,,,,,,,,,,,,,,,,,,,,,,,,
"4f79ff39-72cf-4396-905b-5a8fd8b939b7","55a97d7e-7b19-4007-8dee-9898a06ca185","DSNY_010.mammalGrid.mam","D03","DSNY","DSNY_010","J8","distributed","woodyWetlands",28.117326,-81.435682,"WGS84",45.1,18.1,0.1,"1 - trap not set","ShermanLF","2020-04-21","2020-04-21",,,,,,,,,,,,,,,,,,,,,,,,,,,,,,,,,,,,,,,,,,,,,,,,
"27074936-b27d-4b2a-a2d7-af0352b087ab","731cd63e-103e-4f6a-950f-be43f7219a0f","DSNY_005.mammalGrid.mam","D03","DSNY","DSNY_005","G5","distributed","woodyWetlands",28.039127,-81.391902,"WGS84",45.1,19.7,0.1,"1 - trap not set","ShermanLF","2020-04-21","2020-04-21",,,,,,,,,,,,,,,,,,,,,,,,,,,,,,,,,,,,,,,,,,,,,,,,
"dd5b5452-b80e-4ef3-81bc-8efa83732f25","a86a8ce5-a4b8-4ce2-bac3-5c26e81e57ca","DSNY_004.mammalGrid.mam","D03","DSNY","DSNY_004","D8","distributed","woodyWetlands",28.099481,-81.401475,"WGS84",45.1,20.8,0.1,"1 - trap not set","ShermanLF","2020-04-21","2020-04-21",,,,,,,,,,,,,,,,,,,,,,,,,,,,,,,,,,,,,,,,,,,,,,,,
"6266db8d-14cc-47ad-b410-84895b77c568","a86a8ce5-a4b8-4ce2-bac3-5c26e81e57ca","DSNY_004.mammalGrid.mam","D03","DSNY","DSNY_004","C8","distributed","woodyWetlands",28.099481,-81.401475,"WGS84",45.1,20.8,0.1,"1 - trap not set","ShermanLF","2020-04-21","2020-04-21",,,,,,,,,,,,,,,,,,,,,,,,,,,,,,,,,,,,,,,,,,,,,,,,
"990cb092-429f-4001-9528-ac8bae895dd3","731cd63e-103e-4f6a-950f-be43f7219a0f","DSNY_005.mammalGrid.mam","D03","DSNY","DSNY_005","F1","distributed","woodyWetlands",28.039127,-81.391902,"WGS84",45.1,19.7,0.1,"1 - trap not set","ShermanLF","2020-04-21","2020-04-21",,,,,,,,,,,,,,,,,,,,,,,,,,,,,,,,,,,,,,,,,,,,,,,,
"41e6f5f9-e991-406b-aacf-a44e2b4b5dd4","731cd63e-103e-4f6a-950f-be43f7219a0f","DSNY_005.mammalGrid.mam","D03","DSNY","DSNY_005","F3","distributed","woodyWetlands",28.039127,-81.391902,"WGS84",45.1,19.7,0.1,"1 - trap not set","ShermanLF","2020-04-21","2020-04-21",,,,,,,,,,,,,,,,,,,,,,,,,,,,,,,,,,,,,,,,,,,,,,,,
"563a9068-cd85-47fb-9d15-23e79c7fe02d","6bd5419d-87f8-446c-a6db-0b9bf7435762","DSNY_001.mammalGrid.mam","D03","DSNY","DSNY_001","A7","distributed","woodyWetlands",28.097204,-81.417175,"WGS84",45.1,21.1,0.1,"1 - trap not set","ShermanLF","2020-04-21","2020-04-21",,,,,,,,,,,,,,,,,,,,,,,,,,,,,,,,,,,,,,,,,,,,,,,,
"67cad52b-f40b-4ea4-819b-6e74f7f06f7c","6bd5419d-87f8-446c-a6db-0b9bf7435762","DSNY_001.mammalGrid.mam","D03","DSNY","DSNY_001","E10","distributed","woodyWetlands",28.097204,-81.417175,"WGS84",45.1,21.1,0.1,"1 - trap not set","ShermanLF","2020-04-21","2020-04-21",,,,,,,,,,,,,,,,,,,,,,,,,,,,,,,,,,,,,,,,,,,,,,,,
"1a65ade9-bca3-4c5f-9731-53563cbd8d0e","6bd5419d-87f8-446c-a6db-0b9bf7435762","DSNY_001.mammalGrid.mam","D03","DSNY","DSNY_001","E4","distributed","woodyWetlands",28.097204,-81.417175,"WGS84",45.1,21.1,0.1,"1 - trap not set","ShermanLF","2020-04-21","2020-04-21",,,,,,,,,,,,,,,,,,,,,,,,,,,,,,,,,,,,,,,,,,,,,,,,
"30be374c-e489-49d5-aaa1-17b0eca21b4a","55a97d7e-7b19-4007-8dee-9898a06ca185","DSNY_010.mammalGrid.mam","D03","DSNY","DSNY_010","J9","distributed","woodyWetlands",28.117326,-81.435682,"WGS84",45.1,18.1,0.1,"1 - trap not set","ShermanLF","2020-04-21","2020-04-21",,,,,,,,,,,,,,,,,,,,,,,,,,,,,,,,,,,,,,,,,,,,,,,,
"1ae06a46-9534-46f6-9c25-3298f70ba140","6bd5419d-87f8-446c-a6db-0b9bf7435762","DSNY_001.mammalGrid.mam","D03","DSNY","DSNY_001","I2","distributed","woodyWetlands",28.097204,-81.417175,"WGS84",45.1,21.1,0.1,"1 - trap not set","ShermanLF","2020-04-21","2020-04-21",,,,,,,,,,,,,,,,,,,,,,,,,,,,,,,,,,,,,,,,,,,,,,,,
"1c840383-ac2a-499e-ace2-a7b8e22c21fa","a86a8ce5-a4b8-4ce2-bac3-5c26e81e57ca","DSNY_004.mammalGrid.mam","D03","DSNY","DSNY_004","B1","distributed","woodyWetlands",28.099481,-81.401475,"WGS84",45.1,20.8,0.1,"1 - trap not set","ShermanLF","2020-04-21","2020-04-21",,,,,,,,,,,,,,,,,,,,,,,,,,,,,,,,,,,,,,,,,,,,,,,,
"da87e7d6-6fd9-4860-a7af-57e1300b7fd1","731cd63e-103e-4f6a-950f-be43f7219a0f","DSNY_005.mammalGrid.mam","D03","DSNY","DSNY_005","A9","distributed","woodyWetlands",28.039127,-81.391902,"WGS84",45.1,19.7,0.1,"1 - trap not set","ShermanLF","2020-04-21","2020-04-21",,,,,,,,,,,,,,,,,,,,,,,,,,,,,,,,,,,,,,,,,,,,,,,,
"612880aa-9c86-4ecb-a675-1b251b10e69b","731cd63e-103e-4f6a-950f-be43f7219a0f","DSNY_005.mammalGrid.mam","D03","DSNY","DSNY_005","J1","distributed","woodyWetlands",28.039127,-81.391902,"WGS84",45.1,19.7,0.1,"1 - trap not set","ShermanLF","2020-04-21","2020-04-21",,,,,,,,,,,,,,,,,,,,,,,,,,,,,,,,,,,,,,,,,,,,,,,,
"c5fc9476-1f99-4439-b598-369dddebcdaf","6bd5419d-87f8-446c-a6db-0b9bf7435762","DSNY_001.mammalGrid.mam","D03","DSNY","DSNY_001","F7","distributed","woodyWetlands",28.097204,-81.417175,"WGS84",45.1,21.1,0.1,"1 - trap not set","ShermanLF","2020-04-21","2020-04-21",,,,,,,,,,,,,,,,,,,,,,,,,,,,,,,,,,,,,,,,,,,,,,,,
"2580d858-e172-4d52-ba2f-2571132a3f0a","55a97d7e-7b19-4007-8dee-9898a06ca185","DSNY_010.mammalGrid.mam","D03","DSNY","DSNY_010","B2","distributed","woodyWetlands",28.117326,-81.435682,"WGS84",45.1,18.1,0.1,"1 - trap not set","ShermanLF","2020-04-21","2020-04-21",,,,,,,,,,,,,,,,,,,,,,,,,,,,,,,,,,,,,,,,,,,,,,,,
"681cd519-6752-4bca-83b7-524c47c529c9","a86a8ce5-a4b8-4ce2-bac3-5c26e81e57ca","DSNY_004.mammalGrid.mam","D03","DSNY","DSNY_004","A4","distributed","woodyWetlands",28.099481,-81.401475,"WGS84",45.1,20.8,0.1,"1 - trap not set","ShermanLF","2020-04-21","2020-04-21",,,,,,,,,,,,,,,,,,,,,,,,,,,,,,,,,,,,,,,,,,,,,,,,
"2056ea91-a407-43d4-b724-2fa84944cdae","55a97d7e-7b19-4007-8dee-9898a06ca185","DSNY_010.mammalGrid.mam","D03","DSNY","DSNY_010","E3","distributed","woodyWetlands",28.117326,-81.435682,"WGS84",45.1,18.1,0.1,"1 - trap not set","ShermanLF","2020-04-21","2020-04-21",,,,,,,,,,,,,,,,,,,,,,,,,,,,,,,,,,,,,,,,,,,,,,,,
"b49e8d8a-5bd3-416c-a106-d508e3931ed5","6bd5419d-87f8-446c-a6db-0b9bf7435762","DSNY_001.mammalGrid.mam","D03","DSNY","DSNY_001","D1","distributed","woodyWetlands",28.097204,-81.417175,"WGS84",45.1,21.1,0.1,"1 - trap not set","ShermanLF","2020-04-21","2020-04-21",,,,,,,,,,,,,,,,,,,,,,,,,,,,,,,,,,,,,,,,,,,,,,,,
"8eaa2815-dcd9-47c4-8261-89b0c2fae55b","55a97d7e-7b19-4007-8dee-9898a06ca185","DSNY_010.mammalGrid.mam","D03","DSNY","DSNY_010","J7","distributed","woodyWetlands",28.117326,-81.435682,"WGS84",45.1,18.1,0.1,"1 - trap not set","ShermanLF","2020-04-21","2020-04-21",,,,,,,,,,,,,,,,,,,,,,,,,,,,,,,,,,,,,,,,,,,,,,,,
"af6c09b7-be0b-4cf2-905f-fb7e6c41381b","731cd63e-103e-4f6a-950f-be43f7219a0f","DSNY_005.mammalGrid.mam","D03","DSNY","DSNY_005","D3","distributed","woodyWetlands",28.039127,-81.391902,"WGS84",45.1,19.7,0.1,"1 - trap not set","ShermanLF","2020-04-21","2020-04-21",,,,,,,,,,,,,,,,,,,,,,,,,,,,,,,,,,,,,,,,,,,,,,,,
"4d91ca10-e569-49e9-a15d-bf251ef1aecf","a86a8ce5-a4b8-4ce2-bac3-5c26e81e57ca","DSNY_004.mammalGrid.mam","D03","DSNY","DSNY_004","I2","distributed","woodyWetlands",28.099481,-81.401475,"WGS84",45.1,20.8,0.1,"1 - trap not set","ShermanLF","2020-04-21","2020-04-21",,,,,,,,,,,,,,,,,,,,,,,,,,,,,,,,,,,,,,,,,,,,,,,,
"57c9c759-ec21-4611-ade8-4ebcc47096b0","a86a8ce5-a4b8-4ce2-bac3-5c26e81e57ca","DSNY_004.mammalGrid.mam","D03","DSNY","DSNY_004","I3","distributed","woodyWetlands",28.099481,-81.401475,"WGS84",45.1,20.8,0.1,"1 - trap not set","ShermanLF","2020-04-21","2020-04-21",,,,,,,,,,,,,,,,,,,,,,,,,,,,,,,,,,,,,,,,,,,,,,,,
"c68061a6-263c-4c15-a10d-4dca15d90248","731cd63e-103e-4f6a-950f-be43f7219a0f","DSNY_005.mammalGrid.mam","D03","DSNY","DSNY_005","C5","distributed","woodyWetlands",28.039127,-81.391902,"WGS84",45.1,19.7,0.1,"1 - trap not set","ShermanLF","2020-04-21","2020-04-21",,,,,,,,,,,,,,,,,,,,,,,,,,,,,,,,,,,,,,,,,,,,,,,,
"c23c4168-ade1-4c6e-a901-80b6533a5d36","731cd63e-103e-4f6a-950f-be43f7219a0f","DSNY_005.mammalGrid.mam","D03","DSNY","DSNY_005","H9","distributed","woodyWetlands",28.039127,-81.391902,"WGS84",45.1,19.7,0.1,"1 - trap not set","ShermanLF","2020-04-21","2020-04-21",,,,,,,,,,,,,,,,,,,,,,,,,,,,,,,,,,,,,,,,,,,,,,,,
"6d30290f-3d31-4e87-90d8-d9875e05f624","a86a8ce5-a4b8-4ce2-bac3-5c26e81e57ca","DSNY_004.mammalGrid.mam","D03","DSNY","DSNY_004","I8","distributed","woodyWetlands",28.099481,-81.401475,"WGS84",45.1,20.8,0.1,"1 - trap not set","ShermanLF","2020-04-21","2020-04-21",,,,,,,,,,,,,,,,,,,,,,,,,,,,,,,,,,,,,,,,,,,,,,,,
"d69850ba-a24b-4999-a25f-cd8d69289d80","a86a8ce5-a4b8-4ce2-bac3-5c26e81e57ca","DSNY_004.mammalGrid.mam","D03","DSNY","DSNY_004","H10","distributed","woodyWetlands",28.099481,-81.401475,"WGS84",45.1,20.8,0.1,"1 - trap not set","ShermanLF","2020-04-21","2020-04-21",,,,,,,,,,,,,,,,,,,,,,,,,,,,,,,,,,,,,,,,,,,,,,,,
"cc325de5-504d-4bb9-8333-bfd4f86c2f1e","6bd5419d-87f8-446c-a6db-0b9bf7435762","DSNY_001.mammalGrid.mam","D03","DSNY","DSNY_001","D7","distributed","woodyWetlands",28.097204,-81.417175,"WGS84",45.1,21.1,0.1,"1 - trap not set","ShermanLF","2020-04-21","2020-04-21",,,,,,,,,,,,,,,,,,,,,,,,,,,,,,,,,,,,,,,,,,,,,,,,
"85103573-1f1e-4178-ac96-04082e6dec77","731cd63e-103e-4f6a-950f-be43f7219a0f","DSNY_005.mammalGrid.mam","D03","DSNY","DSNY_005","J10","distributed","woodyWetlands",28.039127,-81.391902,"WGS84",45.1,19.7,0.1,"1 - trap not set","ShermanLF","2020-04-21","2020-04-21",,,,,,,,,,,,,,,,,,,,,,,,,,,,,,,,,,,,,,,,,,,,,,,,
"db6c871e-5d05-458e-867a-1c6274a6e810","a86a8ce5-a4b8-4ce2-bac3-5c26e81e57ca","DSNY_004.mammalGrid.mam","D03","DSNY","DSNY_004","E7","distributed","woodyWetlands",28.099481,-81.401475,"WGS84",45.1,20.8,0.1,"1 - trap not set","ShermanLF","2020-04-21","2020-04-21",,,,,,,,,,,,,,,,,,,,,,,,,,,,,,,,,,,,,,,,,,,,,,,,
"9494ecc0-70bf-4190-a28e-6173054ec881","a86a8ce5-a4b8-4ce2-bac3-5c26e81e57ca","DSNY_004.mammalGrid.mam","D03","DSNY","DSNY_004","C10","distributed","woodyWetlands",28.099481,-81.401475,"WGS84",45.1,20.8,0.1,"1 - trap not set","ShermanLF","2020-04-21","2020-04-21",,,,,,,,,,,,,,,,,,,,,,,,,,,,,,,,,,,,,,,,,,,,,,,,
"6f29bb9d-acc8-4313-9c39-70fd35af6b2c","731cd63e-103e-4f6a-950f-be43f7219a0f","DSNY_005.mammalGrid.mam","D03","DSNY","DSNY_005","G1","distributed","woodyWetlands",28.039127,-81.391902,"WGS84",45.1,19.7,0.1,"1 - trap not set","ShermanLF","2020-04-21","2020-04-21",,,,,,,,,,,,,,,,,,,,,,,,,,,,,,,,,,,,,,,,,,,,,,,,
"c9f114fe-1a38-4eb8-8385-ecbe7a6eebdc","731cd63e-103e-4f6a-950f-be43f7219a0f","DSNY_005.mammalGrid.mam","D03","DSNY","DSNY_005","D5","distributed","woodyWetlands",28.039127,-81.391902,"WGS84",45.1,19.7,0.1,"1 - trap not set","ShermanLF","2020-04-21","2020-04-21",,,,,,,,,,,,,,,,,,,,,,,,,,,,,,,,,,,,,,,,,,,,,,,,
"c1f57177-6585-42a2-a071-ddfbf181b14d","a86a8ce5-a4b8-4ce2-bac3-5c26e81e57ca","DSNY_004.mammalGrid.mam","D03","DSNY","DSNY_004","I5","distributed","woodyWetlands",28.099481,-81.401475,"WGS84",45.1,20.8,0.1,"1 - trap not set","ShermanLF","2020-04-21","2020-04-21",,,,,,,,,,,,,,,,,,,,,,,,,,,,,,,,,,,,,,,,,,,,,,,,
"4be7cabd-579f-4d29-b0b7-ab125f784252","6bd5419d-87f8-446c-a6db-0b9bf7435762","DSNY_001.mammalGrid.mam","D03","DSNY","DSNY_001","J2","distributed","woodyWetlands",28.097204,-81.417175,"WGS84",45.1,21.1,0.1,"1 - trap not set","ShermanLF","2020-04-21","2020-04-21",,,,,,,,,,,,,,,,,,,,,,,,,,,,,,,,,,,,,,,,,,,,,,,,
"cf1471d1-b537-4d45-b47a-21cdff763603","55a97d7e-7b19-4007-8dee-9898a06ca185","DSNY_010.mammalGrid.mam","D03","DSNY","DSNY_010","B1","distributed","woodyWetlands",28.117326,-81.435682,"WGS84",45.1,18.1,0.1,"1 - trap not set","ShermanLF","2020-04-21","2020-04-21",,,,,,,,,,,,,,,,,,,,,,,,,,,,,,,,,,,,,,,,,,,,,,,,
"f0a99acb-b944-428e-9ee6-8048c7e89cf9","6bd5419d-87f8-446c-a6db-0b9bf7435762","DSNY_001.mammalGrid.mam","D03","DSNY","DSNY_001","B8","distributed","woodyWetlands",28.097204,-81.417175,"WGS84",45.1,21.1,0.1,"1 - trap not set","ShermanLF","2020-04-21","2020-04-21",,,,,,,,,,,,,,,,,,,,,,,,,,,,,,,,,,,,,,,,,,,,,,,,
"61f6c516-6b81-4a55-8c70-a32d7321b5a2","731cd63e-103e-4f6a-950f-be43f7219a0f","DSNY_005.mammalGrid.mam","D03","DSNY","DSNY_005","F7","distributed","woodyWetlands",28.039127,-81.391902,"WGS84",45.1,19.7,0.1,"1 - trap not set","ShermanLF","2020-04-21","2020-04-21",,,,,,,,,,,,,,,,,,,,,,,,,,,,,,,,,,,,,,,,,,,,,,,,
"a5c697fd-5c8f-4da6-91c7-6520a3321bb9","55a97d7e-7b19-4007-8dee-9898a06ca185","DSNY_010.mammalGrid.mam","D03","DSNY","DSNY_010","G7","distributed","woodyWetlands",28.117326,-81.435682,"WGS84",45.1,18.1,0.1,"1 - trap not set","ShermanLF","2020-04-21","2020-04-21",,,,,,,,,,,,,,,,,,,,,,,,,,,,,,,,,,,,,,,,,,,,,,,,
"79d06158-4c03-457e-8777-6d33b6c5aed5","6bd5419d-87f8-446c-a6db-0b9bf7435762","DSNY_001.mammalGrid.mam","D03","DSNY","DSNY_001","E2","distributed","woodyWetlands",28.097204,-81.417175,"WGS84",45.1,21.1,0.1,"1 - trap not set","ShermanLF","2020-04-21","2020-04-21",,,,,,,,,,,,,,,,,,,,,,,,,,,,,,,,,,,,,,,,,,,,,,,,
"a1414b07-60cb-426b-a1e7-c8123a5fae26","731cd63e-103e-4f6a-950f-be43f7219a0f","DSNY_005.mammalGrid.mam","D03","DSNY","DSNY_005","J4","distributed","woodyWetlands",28.039127,-81.391902,"WGS84",45.1,19.7,0.1,"1 - trap not set","ShermanLF","2020-04-21","2020-04-21",,,,,,,,,,,,,,,,,,,,,,,,,,,,,,,,,,,,,,,,,,,,,,,,
"9094c681-1cd9-4dc4-9fea-0d90980348bf","6bd5419d-87f8-446c-a6db-0b9bf7435762","DSNY_001.mammalGrid.mam","D03","DSNY","DSNY_001","E1","distributed","woodyWetlands",28.097204,-81.417175,"WGS84",45.1,21.1,0.1,"1 - trap not set","ShermanLF","2020-04-21","2020-04-21",,,,,,,,,,,,,,,,,,,,,,,,,,,,,,,,,,,,,,,,,,,,,,,,
"dbab5417-955e-4907-8ba5-d80f55666b8a","a86a8ce5-a4b8-4ce2-bac3-5c26e81e57ca","DSNY_004.mammalGrid.mam","D03","DSNY","DSNY_004","D5","distributed","woodyWetlands",28.099481,-81.401475,"WGS84",45.1,20.8,0.1,"1 - trap not set","ShermanLF","2020-04-21","2020-04-21",,,,,,,,,,,,,,,,,,,,,,,,,,,,,,,,,,,,,,,,,,,,,,,,
"f1719a79-a329-4ba6-8260-f4440032f5d5","6bd5419d-87f8-446c-a6db-0b9bf7435762","DSNY_001.mammalGrid.mam","D03","DSNY","DSNY_001","F10","distributed","woodyWetlands",28.097204,-81.417175,"WGS84",45.1,21.1,0.1,"1 - trap not set","ShermanLF","2020-04-21","2020-04-21",,,,,,,,,,,,,,,,,,,,,,,,,,,,,,,,,,,,,,,,,,,,,,,,
"0b4f512e-b70c-4bef-b639-9b7fe34ed1ea","a86a8ce5-a4b8-4ce2-bac3-5c26e81e57ca","DSNY_004.mammalGrid.mam","D03","DSNY","DSNY_004","B3","distributed","woodyWetlands",28.099481,-81.401475,"WGS84",45.1,20.8,0.1,"1 - trap not set","ShermanLF","2020-04-21","2020-04-21",,,,,,,,,,,,,,,,,,,,,,,,,,,,,,,,,,,,,,,,,,,,,,,,
"663ab7a0-2bd1-4b27-ae07-086f2317b8f2","6bd5419d-87f8-446c-a6db-0b9bf7435762","DSNY_001.mammalGrid.mam","D03","DSNY","DSNY_001","F5","distributed","woodyWetlands",28.097204,-81.417175,"WGS84",45.1,21.1,0.1,"1 - trap not set","ShermanLF","2020-04-21","2020-04-21",,,,,,,,,,,,,,,,,,,,,,,,,,,,,,,,,,,,,,,,,,,,,,,,
"7e8eceec-c60e-4b97-bed8-b928ff657b37","731cd63e-103e-4f6a-950f-be43f7219a0f","DSNY_005.mammalGrid.mam","D03","DSNY","DSNY_005","F5","distributed","woodyWetlands",28.039127,-81.391902,"WGS84",45.1,19.7,0.1,"1 - trap not set","ShermanLF","2020-04-21","2020-04-21",,,,,,,,,,,,,,,,,,,,,,,,,,,,,,,,,,,,,,,,,,,,,,,,
"9a090c3e-40d0-4a56-baf3-22b50d3e1ff1","6bd5419d-87f8-446c-a6db-0b9bf7435762","DSNY_001.mammalGrid.mam","D03","DSNY","DSNY_001","D5","distributed","woodyWetlands",28.097204,-81.417175,"WGS84",45.1,21.1,0.1,"1 - trap not set","ShermanLF","2020-04-21","2020-04-21",,,,,,,,,,,,,,,,,,,,,,,,,,,,,,,,,,,,,,,,,,,,,,,,
"2154a3bf-3bee-4bd6-9ae3-8b33c1f37048","55a97d7e-7b19-4007-8dee-9898a06ca185","DSNY_010.mammalGrid.mam","D03","DSNY","DSNY_010","C9","distributed","woodyWetlands",28.117326,-81.435682,"WGS84",45.1,18.1,0.1,"1 - trap not set","ShermanLF","2020-04-21","2020-04-21",,,,,,,,,,,,,,,,,,,,,,,,,,,,,,,,,,,,,,,,,,,,,,,,
"42c829e5-eb92-403e-8e63-262babd96565","55a97d7e-7b19-4007-8dee-9898a06ca185","DSNY_010.mammalGrid.mam","D03","DSNY","DSNY_010","J10","distributed","woodyWetlands",28.117326,-81.435682,"WGS84",45.1,18.1,0.1,"1 - trap not set","ShermanLF","2020-04-21","2020-04-21",,,,,,,,,,,,,,,,,,,,,,,,,,,,,,,,,,,,,,,,,,,,,,,,
"88789e07-b479-4dc9-956e-b82232cdeb08","6bd5419d-87f8-446c-a6db-0b9bf7435762","DSNY_001.mammalGrid.mam","D03","DSNY","DSNY_001","G6","distributed","woodyWetlands",28.097204,-81.417175,"WGS84",45.1,21.1,0.1,"1 - trap not set","ShermanLF","2020-04-21","2020-04-21",,,,,,,,,,,,,,,,,,,,,,,,,,,,,,,,,,,,,,,,,,,,,,,,
"a441ea0f-eda3-4d72-b86a-4b5a88ec7921","55a97d7e-7b19-4007-8dee-9898a06ca185","DSNY_010.mammalGrid.mam","D03","DSNY","DSNY_010","D7","distributed","woodyWetlands",28.117326,-81.435682,"WGS84",45.1,18.1,0.1,"1 - trap not set","ShermanLF","2020-04-21","2020-04-21",,,,,,,,,,,,,,,,,,,,,,,,,,,,,,,,,,,,,,,,,,,,,,,,
"f9e99737-9968-4df5-b194-b1512a101465","a86a8ce5-a4b8-4ce2-bac3-5c26e81e57ca","DSNY_004.mammalGrid.mam","D03","DSNY","DSNY_004","A9","distributed","woodyWetlands",28.099481,-81.401475,"WGS84",45.1,20.8,0.1,"1 - trap not set","ShermanLF","2020-04-21","2020-04-21",,,,,,,,,,,,,,,,,,,,,,,,,,,,,,,,,,,,,,,,,,,,,,,,
"c9d20abf-0a66-4492-a01b-fc65874d761d","55a97d7e-7b19-4007-8dee-9898a06ca185","DSNY_010.mammalGrid.mam","D03","DSNY","DSNY_010","I3","distributed","woodyWetlands",28.117326,-81.435682,"WGS84",45.1,18.1,0.1,"1 - trap not set","ShermanLF","2020-04-21","2020-04-21",,,,,,,,,,,,,,,,,,,,,,,,,,,,,,,,,,,,,,,,,,,,,,,,
"ca5b7ca0-8b0c-4ceb-8443-c88658df195b","55a97d7e-7b19-4007-8dee-9898a06ca185","DSNY_010.mammalGrid.mam","D03","DSNY","DSNY_010","C10","distributed","woodyWetlands",28.117326,-81.435682,"WGS84",45.1,18.1,0.1,"1 - trap not set","ShermanLF","2020-04-21","2020-04-21",,,,,,,,,,,,,,,,,,,,,,,,,,,,,,,,,,,,,,,,,,,,,,,,
"c1420796-8601-448e-8485-dd63aad6d7a7","a86a8ce5-a4b8-4ce2-bac3-5c26e81e57ca","DSNY_004.mammalGrid.mam","D03","DSNY","DSNY_004","B10","distributed","woodyWetlands",28.099481,-81.401475,"WGS84",45.1,20.8,0.1,"1 - trap not set","ShermanLF","2020-04-21","2020-04-21",,,,,,,,,,,,,,,,,,,,,,,,,,,,,,,,,,,,,,,,,,,,,,,,
"191034bc-d683-4c13-84fd-3983cfc0342f","55a97d7e-7b19-4007-8dee-9898a06ca185","DSNY_010.mammalGrid.mam","D03","DSNY","DSNY_010","E2","distributed","woodyWetlands",28.117326,-81.435682,"WGS84",45.1,18.1,0.1,"1 - trap not set","ShermanLF","2020-04-21","2020-04-21",,,,,,,,,,,,,,,,,,,,,,,,,,,,,,,,,,,,,,,,,,,,,,,,
"7aec6f5a-c671-4539-aec2-500e28b63295","55a97d7e-7b19-4007-8dee-9898a06ca185","DSNY_010.mammalGrid.mam","D03","DSNY","DSNY_010","D3","distributed","woodyWetlands",28.117326,-81.435682,"WGS84",45.1,18.1,0.1,"1 - trap not set","ShermanLF","2020-04-21","2020-04-21",,,,,,,,,,,,,,,,,,,,,,,,,,,,,,,,,,,,,,,,,,,,,,,,
"47e1aa6a-1d35-48b5-9555-15a03d4cab67","6bd5419d-87f8-446c-a6db-0b9bf7435762","DSNY_001.mammalGrid.mam","D03","DSNY","DSNY_001","A6","distributed","woodyWetlands",28.097204,-81.417175,"WGS84",45.1,21.1,0.1,"1 - trap not set","ShermanLF","2020-04-21","2020-04-21",,,,,,,,,,,,,,,,,,,,,,,,,,,,,,,,,,,,,,,,,,,,,,,,
"3628a1d8-232f-4738-9ff8-0a1a2c7ccd24","a86a8ce5-a4b8-4ce2-bac3-5c26e81e57ca","DSNY_004.mammalGrid.mam","D03","DSNY","DSNY_004","D3","distributed","woodyWetlands",28.099481,-81.401475,"WGS84",45.1,20.8,0.1,"1 - trap not set","ShermanLF","2020-04-21","2020-04-21",,,,,,,,,,,,,,,,,,,,,,,,,,,,,,,,,,,,,,,,,,,,,,,,
"5b01a676-a257-43af-9ae4-7980879da8d7","a86a8ce5-a4b8-4ce2-bac3-5c26e81e57ca","DSNY_004.mammalGrid.mam","D03","DSNY","DSNY_004","C1","distributed","woodyWetlands",28.099481,-81.401475,"WGS84",45.1,20.8,0.1,"1 - trap not set","ShermanLF","2020-04-21","2020-04-21",,,,,,,,,,,,,,,,,,,,,,,,,,,,,,,,,,,,,,,,,,,,,,,,
"b5b19578-1057-4404-ada2-5cc1c85859ec","731cd63e-103e-4f6a-950f-be43f7219a0f","DSNY_005.mammalGrid.mam","D03","DSNY","DSNY_005","E1","distributed","woodyWetlands",28.039127,-81.391902,"WGS84",45.1,19.7,0.1,"1 - trap not set","ShermanLF","2020-04-21","2020-04-21",,,,,,,,,,,,,,,,,,,,,,,,,,,,,,,,,,,,,,,,,,,,,,,,
"b99a3512-4264-497e-8f80-fcf06261a9a9","6bd5419d-87f8-446c-a6db-0b9bf7435762","DSNY_001.mammalGrid.mam","D03","DSNY","DSNY_001","B10","distributed","woodyWetlands",28.097204,-81.417175,"WGS84",45.1,21.1,0.1,"1 - trap not set","ShermanLF","2020-04-21","2020-04-21",,,,,,,,,,,,,,,,,,,,,,,,,,,,,,,,,,,,,,,,,,,,,,,,
"0012b1d8-4b39-458f-a7b7-56d3529d12ce","6bd5419d-87f8-446c-a6db-0b9bf7435762","DSNY_001.mammalGrid.mam","D03","DSNY","DSNY_001","H2","distributed","woodyWetlands",28.097204,-81.417175,"WGS84",45.1,21.1,0.1,"1 - trap not set","ShermanLF","2020-04-21","2020-04-21",,,,,,,,,,,,,,,,,,,,,,,,,,,,,,,,,,,,,,,,,,,,,,,,
"a723f7bd-7bbe-43c6-9d52-d7c891489184","731cd63e-103e-4f6a-950f-be43f7219a0f","DSNY_005.mammalGrid.mam","D03","DSNY","DSNY_005","J7","distributed","woodyWetlands",28.039127,-81.391902,"WGS84",45.1,19.7,0.1,"1 - trap not set","ShermanLF","2020-04-21","2020-04-21",,,,,,,,,,,,,,,,,,,,,,,,,,,,,,,,,,,,,,,,,,,,,,,,
"548b29f7-02b5-4dcb-ae73-65fba644a5bc","a86a8ce5-a4b8-4ce2-bac3-5c26e81e57ca","DSNY_004.mammalGrid.mam","D03","DSNY","DSNY_004","J8","distributed","woodyWetlands",28.099481,-81.401475,"WGS84",45.1,20.8,0.1,"1 - trap not set","ShermanLF","2020-04-21","2020-04-21",,,,,,,,,,,,,,,,,,,,,,,,,,,,,,,,,,,,,,,,,,,,,,,,
"12cbec39-4e63-4070-b03d-1cb917c3e031","731cd63e-103e-4f6a-950f-be43f7219a0f","DSNY_005.mammalGrid.mam","D03","DSNY","DSNY_005","G7","distributed","woodyWetlands",28.039127,-81.391902,"WGS84",45.1,19.7,0.1,"1 - trap not set","ShermanLF","2020-04-21","2020-04-21",,,,,,,,,,,,,,,,,,,,,,,,,,,,,,,,,,,,,,,,,,,,,,,,
"0dda8200-c09a-4b4c-abfa-cece791155b1","731cd63e-103e-4f6a-950f-be43f7219a0f","DSNY_005.mammalGrid.mam","D03","DSNY","DSNY_005","I9","distributed","woodyWetlands",28.039127,-81.391902,"WGS84",45.1,19.7,0.1,"1 - trap not set","ShermanLF","2020-04-21","2020-04-21",,,,,,,,,,,,,,,,,,,,,,,,,,,,,,,,,,,,,,,,,,,,,,,,
"435bfc5a-45c0-40bb-88ec-181a63344527","55a97d7e-7b19-4007-8dee-9898a06ca185","DSNY_010.mammalGrid.mam","D03","DSNY","DSNY_010","A4","distributed","woodyWetlands",28.117326,-81.435682,"WGS84",45.1,18.1,0.1,"1 - trap not set","ShermanLF","2020-04-21","2020-04-21",,,,,,,,,,,,,,,,,,,,,,,,,,,,,,,,,,,,,,,,,,,,,,,,
"9ad90fff-d3a4-4b8e-bb18-a763a84caaff","6bd5419d-87f8-446c-a6db-0b9bf7435762","DSNY_001.mammalGrid.mam","D03","DSNY","DSNY_001","D3","distributed","woodyWetlands",28.097204,-81.417175,"WGS84",45.1,21.1,0.1,"1 - trap not set","ShermanLF","2020-04-21","2020-04-21",,,,,,,,,,,,,,,,,,,,,,,,,,,,,,,,,,,,,,,,,,,,,,,,
"7529d601-2d88-479e-9e81-a3373c59313d","55a97d7e-7b19-4007-8dee-9898a06ca185","DSNY_010.mammalGrid.mam","D03","DSNY","DSNY_010","E4","distributed","woodyWetlands",28.117326,-81.435682,"WGS84",45.1,18.1,0.1,"1 - trap not set","ShermanLF","2020-04-21","2020-04-21",,,,,,,,,,,,,,,,,,,,,,,,,,,,,,,,,,,,,,,,,,,,,,,,
"2e9de551-3163-4658-a801-d668a706f483","a86a8ce5-a4b8-4ce2-bac3-5c26e81e57ca","DSNY_004.mammalGrid.mam","D03","DSNY","DSNY_004","G2","distributed","woodyWetlands",28.099481,-81.401475,"WGS84",45.1,20.8,0.1,"1 - trap not set","ShermanLF","2020-04-21","2020-04-21",,,,,,,,,,,,,,,,,,,,,,,,,,,,,,,,,,,,,,,,,,,,,,,,
"a69d956c-7919-4651-86d0-345e1857a6bd","6bd5419d-87f8-446c-a6db-0b9bf7435762","DSNY_001.mammalGrid.mam","D03","DSNY","DSNY_001","E6","distributed","woodyWetlands",28.097204,-81.417175,"WGS84",45.1,21.1,0.1,"1 - trap not set","ShermanLF","2020-04-21","2020-04-21",,,,,,,,,,,,,,,,,,,,,,,,,,,,,,,,,,,,,,,,,,,,,,,,
"60e4fbbc-1769-4472-8d1b-3a48101a0698","a86a8ce5-a4b8-4ce2-bac3-5c26e81e57ca","DSNY_004.mammalGrid.mam","D03","DSNY","DSNY_004","G8","distributed","woodyWetlands",28.099481,-81.401475,"WGS84",45.1,20.8,0.1,"1 - trap not set","ShermanLF","2020-04-21","2020-04-21",,,,,,,,,,,,,,,,,,,,,,,,,,,,,,,,,,,,,,,,,,,,,,,,
"dd14db0a-9ad4-439a-be0e-f1571ceda712","55a97d7e-7b19-4007-8dee-9898a06ca185","DSNY_010.mammalGrid.mam","D03","DSNY","DSNY_010","D8","distributed","woodyWetlands",28.117326,-81.435682,"WGS84",45.1,18.1,0.1,"1 - trap not set","ShermanLF","2020-04-21","2020-04-21",,,,,,,,,,,,,,,,,,,,,,,,,,,,,,,,,,,,,,,,,,,,,,,,
"29c28cc2-9155-4087-b1e5-dbb1995ad59f","731cd63e-103e-4f6a-950f-be43f7219a0f","DSNY_005.mammalGrid.mam","D03","DSNY","DSNY_005","C7","distributed","woodyWetlands",28.039127,-81.391902,"WGS84",45.1,19.7,0.1,"1 - trap not set","ShermanLF","2020-04-21","2020-04-21",,,,,,,,,,,,,,,,,,,,,,,,,,,,,,,,,,,,,,,,,,,,,,,,
"eae354a6-a261-449b-92b8-a904db9a86e0","a86a8ce5-a4b8-4ce2-bac3-5c26e81e57ca","DSNY_004.mammalGrid.mam","D03","DSNY","DSNY_004","I4","distributed","woodyWetlands",28.099481,-81.401475,"WGS84",45.1,20.8,0.1,"1 - trap not set","ShermanLF","2020-04-21","2020-04-21",,,,,,,,,,,,,,,,,,,,,,,,,,,,,,,,,,,,,,,,,,,,,,,,
"218efe71-4fcf-4dc9-9c65-80cf2d5cdab0","55a97d7e-7b19-4007-8dee-9898a06ca185","DSNY_010.mammalGrid.mam","D03","DSNY","DSNY_010","A6","distributed","woodyWetlands",28.117326,-81.435682,"WGS84",45.1,18.1,0.1,"1 - trap not set","ShermanLF","2020-04-21","2020-04-21",,,,,,,,,,,,,,,,,,,,,,,,,,,,,,,,,,,,,,,,,,,,,,,,
"464805e8-305d-4340-8a88-7dce5f51dd4f","731cd63e-103e-4f6a-950f-be43f7219a0f","DSNY_005.mammalGrid.mam","D03","DSNY","DSNY_005","F2","distributed","woodyWetlands",28.039127,-81.391902,"WGS84",45.1,19.7,0.1,"1 - trap not set","ShermanLF","2020-04-21","2020-04-21",,,,,,,,,,,,,,,,,,,,,,,,,,,,,,,,,,,,,,,,,,,,,,,,
"56000928-c6d0-4adc-a20e-21839af5c508","55a97d7e-7b19-4007-8dee-9898a06ca185","DSNY_010.mammalGrid.mam","D03","DSNY","DSNY_010","I9","distributed","woodyWetlands",28.117326,-81.435682,"WGS84",45.1,18.1,0.1,"1 - trap not set","ShermanLF","2020-04-21","2020-04-21",,,,,,,,,,,,,,,,,,,,,,,,,,,,,,,,,,,,,,,,,,,,,,,,
"2744d963-bb67-46b6-8757-d0f86e12604e","6bd5419d-87f8-446c-a6db-0b9bf7435762","DSNY_001.mammalGrid.mam","D03","DSNY","DSNY_001","J6","distributed","woodyWetlands",28.097204,-81.417175,"WGS84",45.1,21.1,0.1,"1 - trap not set","ShermanLF","2020-04-21","2020-04-21",,,,,,,,,,,,,,,,,,,,,,,,,,,,,,,,,,,,,,,,,,,,,,,,
"217df923-be98-4e2f-aa8e-9a45a6c84348","a86a8ce5-a4b8-4ce2-bac3-5c26e81e57ca","DSNY_004.mammalGrid.mam","D03","DSNY","DSNY_004","J1","distributed","woodyWetlands",28.099481,-81.401475,"WGS84",45.1,20.8,0.1,"1 - trap not set","ShermanLF","2020-04-21","2020-04-21",,,,,,,,,,,,,,,,,,,,,,,,,,,,,,,,,,,,,,,,,,,,,,,,
"e6bc4450-b9b8-46cb-8cb8-8fcc9322235d","a86a8ce5-a4b8-4ce2-bac3-5c26e81e57ca","DSNY_004.mammalGrid.mam","D03","DSNY","DSNY_004","F10","distributed","woodyWetlands",28.099481,-81.401475,"WGS84",45.1,20.8,0.1,"1 - trap not set","ShermanLF","2020-04-21","2020-04-21",,,,,,,,,,,,,,,,,,,,,,,,,,,,,,,,,,,,,,,,,,,,,,,,
"98a83392-4dc2-45e0-a657-f57e301cb7a4","55a97d7e-7b19-4007-8dee-9898a06ca185","DSNY_010.mammalGrid.mam","D03","DSNY","DSNY_010","J4","distributed","woodyWetlands",28.117326,-81.435682,"WGS84",45.1,18.1,0.1,"1 - trap not set","ShermanLF","2020-04-21","2020-04-21",,,,,,,,,,,,,,,,,,,,,,,,,,,,,,,,,,,,,,,,,,,,,,,,
"ecd071ef-d11b-4458-ad60-a7ee1ae55e9a","731cd63e-103e-4f6a-950f-be43f7219a0f","DSNY_005.mammalGrid.mam","D03","DSNY","DSNY_005","I8","distributed","woodyWetlands",28.039127,-81.391902,"WGS84",45.1,19.7,0.1,"1 - trap not set","ShermanLF","2020-04-21","2020-04-21",,,,,,,,,,,,,,,,,,,,,,,,,,,,,,,,,,,,,,,,,,,,,,,,
"2996276c-ba41-4e5f-874c-b30a57418d93","731cd63e-103e-4f6a-950f-be43f7219a0f","DSNY_005.mammalGrid.mam","D03","DSNY","DSNY_005","I1","distributed","woodyWetlands",28.039127,-81.391902,"WGS84",45.1,19.7,0.1,"1 - trap not set","ShermanLF","2020-04-21","2020-04-21",,,,,,,,,,,,,,,,,,,,,,,,,,,,,,,,,,,,,,,,,,,,,,,,
"7fcdd4fe-0884-4e09-9773-e4fb113c2c2b","731cd63e-103e-4f6a-950f-be43f7219a0f","DSNY_005.mammalGrid.mam","D03","DSNY","DSNY_005","I7","distributed","woodyWetlands",28.039127,-81.391902,"WGS84",45.1,19.7,0.1,"1 - trap not set","ShermanLF","2020-04-21","2020-04-21",,,,,,,,,,,,,,,,,,,,,,,,,,,,,,,,,,,,,,,,,,,,,,,,
"fa09cec4-6309-4025-b9ac-e7155c866258","6bd5419d-87f8-446c-a6db-0b9bf7435762","DSNY_001.mammalGrid.mam","D03","DSNY","DSNY_001","H3","distributed","woodyWetlands",28.097204,-81.417175,"WGS84",45.1,21.1,0.1,"1 - trap not set","ShermanLF","2020-04-21","2020-04-21",,,,,,,,,,,,,,,,,,,,,,,,,,,,,,,,,,,,,,,,,,,,,,,,
"5a35a91c-f42e-491e-a97a-71761a78caf2","6bd5419d-87f8-446c-a6db-0b9bf7435762","DSNY_001.mammalGrid.mam","D03","DSNY","DSNY_001","I9","distributed","woodyWetlands",28.097204,-81.417175,"WGS84",45.1,21.1,0.1,"1 - trap not set","ShermanLF","2020-04-21","2020-04-21",,,,,,,,,,,,,,,,,,,,,,,,,,,,,,,,,,,,,,,,,,,,,,,,
"058b8d69-e491-44f8-9e3f-3e6924c6e190","731cd63e-103e-4f6a-950f-be43f7219a0f","DSNY_005.mammalGrid.mam","D03","DSNY","DSNY_005","D4","distributed","woodyWetlands",28.039127,-81.391902,"WGS84",45.1,19.7,0.1,"1 - trap not set","ShermanLF","2020-04-21","2020-04-21",,,,,,,,,,,,,,,,,,,,,,,,,,,,,,,,,,,,,,,,,,,,,,,,
"62249046-45df-41b7-bd34-3f8f739ee28c","55a97d7e-7b19-4007-8dee-9898a06ca185","DSNY_010.mammalGrid.mam","D03","DSNY","DSNY_010","A1","distributed","woodyWetlands",28.117326,-81.435682,"WGS84",45.1,18.1,0.1,"1 - trap not set","ShermanLF","2020-04-21","2020-04-21",,,,,,,,,,,,,,,,,,,,,,,,,,,,,,,,,,,,,,,,,,,,,,,,
"b6a5ded6-ebea-4a07-a546-2b5abd730570","731cd63e-103e-4f6a-950f-be43f7219a0f","DSNY_005.mammalGrid.mam","D03","DSNY","DSNY_005","J2","distributed","woodyWetlands",28.039127,-81.391902,"WGS84",45.1,19.7,0.1,"1 - trap not set","ShermanLF","2020-04-21","2020-04-21",,,,,,,,,,,,,,,,,,,,,,,,,,,,,,,,,,,,,,,,,,,,,,,,
"86594a29-5ae8-4610-9c1f-d3a972e9ece5","a86a8ce5-a4b8-4ce2-bac3-5c26e81e57ca","DSNY_004.mammalGrid.mam","D03","DSNY","DSNY_004","A8","distributed","woodyWetlands",28.099481,-81.401475,"WGS84",45.1,20.8,0.1,"1 - trap not set","ShermanLF","2020-04-21","2020-04-21",,,,,,,,,,,,,,,,,,,,,,,,,,,,,,,,,,,,,,,,,,,,,,,,
"a5caedf1-dc18-4017-8e5e-6b679e36fc08","731cd63e-103e-4f6a-950f-be43f7219a0f","DSNY_005.mammalGrid.mam","D03","DSNY","DSNY_005","C9","distributed","woodyWetlands",28.039127,-81.391902,"WGS84",45.1,19.7,0.1,"1 - trap not set","ShermanLF","2020-04-21","2020-04-21",,,,,,,,,,,,,,,,,,,,,,,,,,,,,,,,,,,,,,,,,,,,,,,,
"6dd46fbc-6ec9-4aff-ba0a-f8d67e6b3efe","731cd63e-103e-4f6a-950f-be43f7219a0f","DSNY_005.mammalGrid.mam","D03","DSNY","DSNY_005","E2","distributed","woodyWetlands",28.039127,-81.391902,"WGS84",45.1,19.7,0.1,"1 - trap not set","ShermanLF","2020-04-21","2020-04-21",,,,,,,,,,,,,,,,,,,,,,,,,,,,,,,,,,,,,,,,,,,,,,,,
"7051b8fc-8a06-4333-9800-47f7be1c4b03","731cd63e-103e-4f6a-950f-be43f7219a0f","DSNY_005.mammalGrid.mam","D03","DSNY","DSNY_005","E9","distributed","woodyWetlands",28.039127,-81.391902,"WGS84",45.1,19.7,0.1,"1 - trap not set","ShermanLF","2020-04-21","2020-04-21",,,,,,,,,,,,,,,,,,,,,,,,,,,,,,,,,,,,,,,,,,,,,,,,
"676fad5c-0f28-4ddf-8b2b-ac97564480e4","55a97d7e-7b19-4007-8dee-9898a06ca185","DSNY_010.mammalGrid.mam","D03","DSNY","DSNY_010","B4","distributed","woodyWetlands",28.117326,-81.435682,"WGS84",45.1,18.1,0.1,"1 - trap not set","ShermanLF","2020-04-21","2020-04-21",,,,,,,,,,,,,,,,,,,,,,,,,,,,,,,,,,,,,,,,,,,,,,,,
"78593722-9476-4275-a861-c9eafcd52995","a86a8ce5-a4b8-4ce2-bac3-5c26e81e57ca","DSNY_004.mammalGrid.mam","D03","DSNY","DSNY_004","I7","distributed","woodyWetlands",28.099481,-81.401475,"WGS84",45.1,20.8,0.1,"1 - trap not set","ShermanLF","2020-04-21","2020-04-21",,,,,,,,,,,,,,,,,,,,,,,,,,,,,,,,,,,,,,,,,,,,,,,,
"b9a01957-2f6e-4a8f-91ea-4bea0840dbb2","6bd5419d-87f8-446c-a6db-0b9bf7435762","DSNY_001.mammalGrid.mam","D03","DSNY","DSNY_001","A8","distributed","woodyWetlands",28.097204,-81.417175,"WGS84",45.1,21.1,0.1,"1 - trap not set","ShermanLF","2020-04-21","2020-04-21",,,,,,,,,,,,,,,,,,,,,,,,,,,,,,,,,,,,,,,,,,,,,,,,
"614c62ed-4193-4b59-bf38-f3bc97ead3ab","731cd63e-103e-4f6a-950f-be43f7219a0f","DSNY_005.mammalGrid.mam","D03","DSNY","DSNY_005","A10","distributed","woodyWetlands",28.039127,-81.391902,"WGS84",45.1,19.7,0.1,"1 - trap not set","ShermanLF","2020-04-21","2020-04-21",,,,,,,,,,,,,,,,,,,,,,,,,,,,,,,,,,,,,,,,,,,,,,,,
"2c59d19c-ee5c-4bf2-972b-05c52cb2a045","55a97d7e-7b19-4007-8dee-9898a06ca185","DSNY_010.mammalGrid.mam","D03","DSNY","DSNY_010","I8","distributed","woodyWetlands",28.117326,-81.435682,"WGS84",45.1,18.1,0.1,"1 - trap not set","ShermanLF","2020-04-21","2020-04-21",,,,,,,,,,,,,,,,,,,,,,,,,,,,,,,,,,,,,,,,,,,,,,,,
"184a0fc5-4828-4208-bb5f-847348dc2094","6bd5419d-87f8-446c-a6db-0b9bf7435762","DSNY_001.mammalGrid.mam","D03","DSNY","DSNY_001","B6","distributed","woodyWetlands",28.097204,-81.417175,"WGS84",45.1,21.1,0.1,"1 - trap not set","ShermanLF","2020-04-21","2020-04-21",,,,,,,,,,,,,,,,,,,,,,,,,,,,,,,,,,,,,,,,,,,,,,,,
"53a67206-ddc3-4619-8f8d-2ea699ab5703","6bd5419d-87f8-446c-a6db-0b9bf7435762","DSNY_001.mammalGrid.mam","D03","DSNY","DSNY_001","C10","distributed","woodyWetlands",28.097204,-81.417175,"WGS84",45.1,21.1,0.1,"1 - trap not set","ShermanLF","2020-04-21","2020-04-21",,,,,,,,,,,,,,,,,,,,,,,,,,,,,,,,,,,,,,,,,,,,,,,,
"31ffb9cc-265b-4b91-b53f-c85859727711","6bd5419d-87f8-446c-a6db-0b9bf7435762","DSNY_001.mammalGrid.mam","D03","DSNY","DSNY_001","I8","distributed","woodyWetlands",28.097204,-81.417175,"WGS84",45.1,21.1,0.1,"1 - trap not set","ShermanLF","2020-04-21","2020-04-21",,,,,,,,,,,,,,,,,,,,,,,,,,,,,,,,,,,,,,,,,,,,,,,,
"c297905b-819c-4d84-b8ac-f7903731e10a","a86a8ce5-a4b8-4ce2-bac3-5c26e81e57ca","DSNY_004.mammalGrid.mam","D03","DSNY","DSNY_004","G4","distributed","woodyWetlands",28.099481,-81.401475,"WGS84",45.1,20.8,0.1,"1 - trap not set","ShermanLF","2020-04-21","2020-04-21",,,,,,,,,,,,,,,,,,,,,,,,,,,,,,,,,,,,,,,,,,,,,,,,
"405062ef-2f2e-491a-9ee5-d59f87f7cb04","55a97d7e-7b19-4007-8dee-9898a06ca185","DSNY_010.mammalGrid.mam","D03","DSNY","DSNY_010","H1","distributed","woodyWetlands",28.117326,-81.435682,"WGS84",45.1,18.1,0.1,"1 - trap not set","ShermanLF","2020-04-21","2020-04-21",,,,,,,,,,,,,,,,,,,,,,,,,,,,,,,,,,,,,,,,,,,,,,,,
"ef164416-9fff-4c9c-b6ee-6c5f56a374f6","55a97d7e-7b19-4007-8dee-9898a06ca185","DSNY_010.mammalGrid.mam","D03","DSNY","DSNY_010","I6","distributed","woodyWetlands",28.117326,-81.435682,"WGS84",45.1,18.1,0.1,"1 - trap not set","ShermanLF","2020-04-21","2020-04-21",,,,,,,,,,,,,,,,,,,,,,,,,,,,,,,,,,,,,,,,,,,,,,,,
"ccbe8a22-d820-45b9-8eed-e96abb1b8692","55a97d7e-7b19-4007-8dee-9898a06ca185","DSNY_010.mammalGrid.mam","D03","DSNY","DSNY_010","I4","distributed","woodyWetlands",28.117326,-81.435682,"WGS84",45.1,18.1,0.1,"1 - trap not set","ShermanLF","2020-04-21","2020-04-21",,,,,,,,,,,,,,,,,,,,,,,,,,,,,,,,,,,,,,,,,,,,,,,,
"b48f07f6-a9de-4825-9a74-1a939a9c08a3","6bd5419d-87f8-446c-a6db-0b9bf7435762","DSNY_001.mammalGrid.mam","D03","DSNY","DSNY_001","H9","distributed","woodyWetlands",28.097204,-81.417175,"WGS84",45.1,21.1,0.1,"1 - trap not set","ShermanLF","2020-04-21","2020-04-21",,,,,,,,,,,,,,,,,,,,,,,,,,,,,,,,,,,,,,,,,,,,,,,,
"88897e86-19f7-4c46-b935-fd09abb97628","a86a8ce5-a4b8-4ce2-bac3-5c26e81e57ca","DSNY_004.mammalGrid.mam","D03","DSNY","DSNY_004","C7","distributed","woodyWetlands",28.099481,-81.401475,"WGS84",45.1,20.8,0.1,"1 - trap not set","ShermanLF","2020-04-21","2020-04-21",,,,,,,,,,,,,,,,,,,,,,,,,,,,,,,,,,,,,,,,,,,,,,,,
"8efb3ba0-aa5f-4db4-8e5d-566e3885808b","6bd5419d-87f8-446c-a6db-0b9bf7435762","DSNY_001.mammalGrid.mam","D03","DSNY","DSNY_001","J5","distributed","woodyWetlands",28.097204,-81.417175,"WGS84",45.1,21.1,0.1,"1 - trap not set","ShermanLF","2020-04-21","2020-04-21",,,,,,,,,,,,,,,,,,,,,,,,,,,,,,,,,,,,,,,,,,,,,,,,
"43654269-00bd-4720-ae2f-249e734beb2a","a86a8ce5-a4b8-4ce2-bac3-5c26e81e57ca","DSNY_004.mammalGrid.mam","D03","DSNY","DSNY_004","F5","distributed","woodyWetlands",28.099481,-81.401475,"WGS84",45.1,20.8,0.1,"1 - trap not set","ShermanLF","2020-04-21","2020-04-21",,,,,,,,,,,,,,,,,,,,,,,,,,,,,,,,,,,,,,,,,,,,,,,,
"8ace1017-90fd-47b5-9202-eb3ea6c65d95","731cd63e-103e-4f6a-950f-be43f7219a0f","DSNY_005.mammalGrid.mam","D03","DSNY","DSNY_005","J3","distributed","woodyWetlands",28.039127,-81.391902,"WGS84",45.1,19.7,0.1,"1 - trap not set","ShermanLF","2020-04-21","2020-04-21",,,,,,,,,,,,,,,,,,,,,,,,,,,,,,,,,,,,,,,,,,,,,,,,
"8c841eb5-f25f-4ccd-afb2-a3399a98a2c1","55a97d7e-7b19-4007-8dee-9898a06ca185","DSNY_010.mammalGrid.mam","D03","DSNY","DSNY_010","F1","distributed","woodyWetlands",28.117326,-81.435682,"WGS84",45.1,18.1,0.1,"1 - trap not set","ShermanLF","2020-04-21","2020-04-21",,,,,,,,,,,,,,,,,,,,,,,,,,,,,,,,,,,,,,,,,,,,,,,,
"78aff609-c1bc-404f-86a6-9df426b76b05","731cd63e-103e-4f6a-950f-be43f7219a0f","DSNY_005.mammalGrid.mam","D03","DSNY","DSNY_005","B6","distributed","woodyWetlands",28.039127,-81.391902,"WGS84",45.1,19.7,0.1,"1 - trap not set","ShermanLF","2020-04-21","2020-04-21",,,,,,,,,,,,,,,,,,,,,,,,,,,,,,,,,,,,,,,,,,,,,,,,
"326d0794-f866-4167-b75b-2acab3074fe4","a86a8ce5-a4b8-4ce2-bac3-5c26e81e57ca","DSNY_004.mammalGrid.mam","D03","DSNY","DSNY_004","G6","distributed","woodyWetlands",28.099481,-81.401475,"WGS84",45.1,20.8,0.1,"1 - trap not set","ShermanLF","2020-04-21","2020-04-21",,,,,,,,,,,,,,,,,,,,,,,,,,,,,,,,,,,,,,,,,,,,,,,,
"ccf029ed-26e2-4ed2-964b-a0fd12aa44ed","55a97d7e-7b19-4007-8dee-9898a06ca185","DSNY_010.mammalGrid.mam","D03","DSNY","DSNY_010","E10","distributed","woodyWetlands",28.117326,-81.435682,"WGS84",45.1,18.1,0.1,"1 - trap not set","ShermanLF","2020-04-21","2020-04-21",,,,,,,,,,,,,,,,,,,,,,,,,,,,,,,,,,,,,,,,,,,,,,,,
"6c027368-61f5-4cc7-bd22-e95d970caa47","55a97d7e-7b19-4007-8dee-9898a06ca185","DSNY_010.mammalGrid.mam","D03","DSNY","DSNY_010","B6","distributed","woodyWetlands",28.117326,-81.435682,"WGS84",45.1,18.1,0.1,"1 - trap not set","ShermanLF","2020-04-21","2020-04-21",,,,,,,,,,,,,,,,,,,,,,,,,,,,,,,,,,,,,,,,,,,,,,,,
"7f35e7d1-6a65-40dc-8fde-8589cda395e8","731cd63e-103e-4f6a-950f-be43f7219a0f","DSNY_005.mammalGrid.mam","D03","DSNY","DSNY_005","H8","distributed","woodyWetlands",28.039127,-81.391902,"WGS84",45.1,19.7,0.1,"1 - trap not set","ShermanLF","2020-04-21","2020-04-21",,,,,,,,,,,,,,,,,,,,,,,,,,,,,,,,,,,,,,,,,,,,,,,,
"50d20da7-9d1f-4cb2-99ab-5c43b63fd146","55a97d7e-7b19-4007-8dee-9898a06ca185","DSNY_010.mammalGrid.mam","D03","DSNY","DSNY_010","A2","distributed","woodyWetlands",28.117326,-81.435682,"WGS84",45.1,18.1,0.1,"1 - trap not set","ShermanLF","2020-04-21","2020-04-21",,,,,,,,,,,,,,,,,,,,,,,,,,,,,,,,,,,,,,,,,,,,,,,,
"3bb31f0b-d1a6-4b2d-91e5-9a0941431250","a86a8ce5-a4b8-4ce2-bac3-5c26e81e57ca","DSNY_004.mammalGrid.mam","D03","DSNY","DSNY_004","E8","distributed","woodyWetlands",28.099481,-81.401475,"WGS84",45.1,20.8,0.1,"1 - trap not set","ShermanLF","2020-04-21","2020-04-21",,,,,,,,,,,,,,,,,,,,,,,,,,,,,,,,,,,,,,,,,,,,,,,,
"ab3b6b07-75d9-4df2-bd25-460547b975c6","6bd5419d-87f8-446c-a6db-0b9bf7435762","DSNY_001.mammalGrid.mam","D03","DSNY","DSNY_001","F2","distributed","woodyWetlands",28.097204,-81.417175,"WGS84",45.1,21.1,0.1,"1 - trap not set","ShermanLF","2020-04-21","2020-04-21",,,,,,,,,,,,,,,,,,,,,,,,,,,,,,,,,,,,,,,,,,,,,,,,
"3f9f9feb-a3d8-45d5-8001-e661c6940bda","731cd63e-103e-4f6a-950f-be43f7219a0f","DSNY_005.mammalGrid.mam","D03","DSNY","DSNY_005","B2","distributed","woodyWetlands",28.039127,-81.391902,"WGS84",45.1,19.7,0.1,"1 - trap not set","ShermanLF","2020-04-21","2020-04-21",,,,,,,,,,,,,,,,,,,,,,,,,,,,,,,,,,,,,,,,,,,,,,,,
"3fe6fb79-1ccc-4834-8dc6-ba6ce6d16cb3","731cd63e-103e-4f6a-950f-be43f7219a0f","DSNY_005.mammalGrid.mam","D03","DSNY","DSNY_005","A6","distributed","woodyWetlands",28.039127,-81.391902,"WGS84",45.1,19.7,0.1,"1 - trap not set","ShermanLF","2020-04-21","2020-04-21",,,,,,,,,,,,,,,,,,,,,,,,,,,,,,,,,,,,,,,,,,,,,,,,
"609da29b-13a7-4c34-aeef-440c3e8cfbeb","a86a8ce5-a4b8-4ce2-bac3-5c26e81e57ca","DSNY_004.mammalGrid.mam","D03","DSNY","DSNY_004","B4","distributed","woodyWetlands",28.099481,-81.401475,"WGS84",45.1,20.8,0.1,"1 - trap not set","ShermanLF","2020-04-21","2020-04-21",,,,,,,,,,,,,,,,,,,,,,,,,,,,,,,,,,,,,,,,,,,,,,,,
"9e21b532-e9f0-413d-ac34-2bc625242c72","731cd63e-103e-4f6a-950f-be43f7219a0f","DSNY_005.mammalGrid.mam","D03","DSNY","DSNY_005","J6","distributed","woodyWetlands",28.039127,-81.391902,"WGS84",45.1,19.7,0.1,"1 - trap not set","ShermanLF","2020-04-21","2020-04-21",,,,,,,,,,,,,,,,,,,,,,,,,,,,,,,,,,,,,,,,,,,,,,,,
"78d18c03-01dc-49f6-86b3-47ed167fcfab","6bd5419d-87f8-446c-a6db-0b9bf7435762","DSNY_001.mammalGrid.mam","D03","DSNY","DSNY_001","A4","distributed","woodyWetlands",28.097204,-81.417175,"WGS84",45.1,21.1,0.1,"1 - trap not set","ShermanLF","2020-04-21","2020-04-21",,,,,,,,,,,,,,,,,,,,,,,,,,,,,,,,,,,,,,,,,,,,,,,,
"4d49793a-0a40-41f4-b6e2-26ef335e8843","55a97d7e-7b19-4007-8dee-9898a06ca185","DSNY_010.mammalGrid.mam","D03","DSNY","DSNY_010","I10","distributed","woodyWetlands",28.117326,-81.435682,"WGS84",45.1,18.1,0.1,"1 - trap not set","ShermanLF","2020-04-21","2020-04-21",,,,,,,,,,,,,,,,,,,,,,,,,,,,,,,,,,,,,,,,,,,,,,,,
"99ea5a94-ee25-468d-b27f-a1053cb119e4","731cd63e-103e-4f6a-950f-be43f7219a0f","DSNY_005.mammalGrid.mam","D03","DSNY","DSNY_005","A7","distributed","woodyWetlands",28.039127,-81.391902,"WGS84",45.1,19.7,0.1,"1 - trap not set","ShermanLF","2020-04-21","2020-04-21",,,,,,,,,,,,,,,,,,,,,,,,,,,,,,,,,,,,,,,,,,,,,,,,
"c0658efe-6204-4769-a801-bdd55382032d","55a97d7e-7b19-4007-8dee-9898a06ca185","DSNY_010.mammalGrid.mam","D03","DSNY","DSNY_010","B9","distributed","woodyWetlands",28.117326,-81.435682,"WGS84",45.1,18.1,0.1,"1 - trap not set","ShermanLF","2020-04-21","2020-04-21",,,,,,,,,,,,,,,,,,,,,,,,,,,,,,,,,,,,,,,,,,,,,,,,
"751256f6-0a08-4c32-a7f5-d7faadb2f796","6bd5419d-87f8-446c-a6db-0b9bf7435762","DSNY_001.mammalGrid.mam","D03","DSNY","DSNY_001","A1","distributed","woodyWetlands",28.097204,-81.417175,"WGS84",45.1,21.1,0.1,"1 - trap not set","ShermanLF","2020-04-21","2020-04-21",,,,,,,,,,,,,,,,,,,,,,,,,,,,,,,,,,,,,,,,,,,,,,,,
"80ef0ec8-2b2d-4afd-aab1-b855fac96a24","55a97d7e-7b19-4007-8dee-9898a06ca185","DSNY_010.mammalGrid.mam","D03","DSNY","DSNY_010","E9","distributed","woodyWetlands",28.117326,-81.435682,"WGS84",45.1,18.1,0.1,"1 - trap not set","ShermanLF","2020-04-21","2020-04-21",,,,,,,,,,,,,,,,,,,,,,,,,,,,,,,,,,,,,,,,,,,,,,,,
"7ddfecf8-5483-4801-8e9c-6d3050abc9a4","a86a8ce5-a4b8-4ce2-bac3-5c26e81e57ca","DSNY_004.mammalGrid.mam","D03","DSNY","DSNY_004","G9","distributed","woodyWetlands",28.099481,-81.401475,"WGS84",45.1,20.8,0.1,"1 - trap not set","ShermanLF","2020-04-21","2020-04-21",,,,,,,,,,,,,,,,,,,,,,,,,,,,,,,,,,,,,,,,,,,,,,,,
"81604be3-2cf9-4c78-8a4f-c28720b653b3","731cd63e-103e-4f6a-950f-be43f7219a0f","DSNY_005.mammalGrid.mam","D03","DSNY","DSNY_005","E4","distributed","woodyWetlands",28.039127,-81.391902,"WGS84",45.1,19.7,0.1,"1 - trap not set","ShermanLF","2020-04-21","2020-04-21",,,,,,,,,,,,,,,,,,,,,,,,,,,,,,,,,,,,,,,,,,,,,,,,
"45e27143-af52-4d06-9712-38278ac3d638","a86a8ce5-a4b8-4ce2-bac3-5c26e81e57ca","DSNY_004.mammalGrid.mam","D03","DSNY","DSNY_004","B2","distributed","woodyWetlands",28.099481,-81.401475,"WGS84",45.1,20.8,0.1,"1 - trap not set","ShermanLF","2020-04-21","2020-04-21",,,,,,,,,,,,,,,,,,,,,,,,,,,,,,,,,,,,,,,,,,,,,,,,
"a6c5bdd1-25e0-4c21-8524-458234970ef3","55a97d7e-7b19-4007-8dee-9898a06ca185","DSNY_010.mammalGrid.mam","D03","DSNY","DSNY_010","F8","distributed","woodyWetlands",28.117326,-81.435682,"WGS84",45.1,18.1,0.1,"1 - trap not set","ShermanLF","2020-04-21","2020-04-21",,,,,,,,,,,,,,,,,,,,,,,,,,,,,,,,,,,,,,,,,,,,,,,,
"a568e5bb-5d2c-4161-b0d7-c8ff37c1e574","a86a8ce5-a4b8-4ce2-bac3-5c26e81e57ca","DSNY_004.mammalGrid.mam","D03","DSNY","DSNY_004","H6","distributed","woodyWetlands",28.099481,-81.401475,"WGS84",45.1,20.8,0.1,"1 - trap not set","ShermanLF","2020-04-21","2020-04-21",,,,,,,,,,,,,,,,,,,,,,,,,,,,,,,,,,,,,,,,,,,,,,,,
"f7f21bb4-70ef-4376-b063-ce0a76281fb2","55a97d7e-7b19-4007-8dee-9898a06ca185","DSNY_010.mammalGrid.mam","D03","DSNY","DSNY_010","H7","distributed","woodyWetlands",28.117326,-81.435682,"WGS84",45.1,18.1,0.1,"1 - trap not set","ShermanLF","2020-04-21","2020-04-21",,,,,,,,,,,,,,,,,,,,,,,,,,,,,,,,,,,,,,,,,,,,,,,,
"14a66976-4346-49c9-8d2d-46707fc9f70c","6bd5419d-87f8-446c-a6db-0b9bf7435762","DSNY_001.mammalGrid.mam","D03","DSNY","DSNY_001","G2","distributed","woodyWetlands",28.097204,-81.417175,"WGS84",45.1,21.1,0.1,"1 - trap not set","ShermanLF","2020-04-21","2020-04-21",,,,,,,,,,,,,,,,,,,,,,,,,,,,,,,,,,,,,,,,,,,,,,,,
"d81477e8-6c5f-4626-939a-7b5c97e36800","a86a8ce5-a4b8-4ce2-bac3-5c26e81e57ca","DSNY_004.mammalGrid.mam","D03","DSNY","DSNY_004","I6","distributed","woodyWetlands",28.099481,-81.401475,"WGS84",45.1,20.8,0.1,"1 - trap not set","ShermanLF","2020-04-21","2020-04-21",,,,,,,,,,,,,,,,,,,,,,,,,,,,,,,,,,,,,,,,,,,,,,,,
"e8dea635-d383-4f39-a2c0-097fe0dfd2f9","a86a8ce5-a4b8-4ce2-bac3-5c26e81e57ca","DSNY_004.mammalGrid.mam","D03","DSNY","DSNY_004","G1","distributed","woodyWetlands",28.099481,-81.401475,"WGS84",45.1,20.8,0.1,"1 - trap not set","ShermanLF","2020-04-21","2020-04-21",,,,,,,,,,,,,,,,,,,,,,,,,,,,,,,,,,,,,,,,,,,,,,,,
"be1b6af3-6780-4354-b49b-945f379f960a","55a97d7e-7b19-4007-8dee-9898a06ca185","DSNY_010.mammalGrid.mam","D03","DSNY","DSNY_010","F6","distributed","woodyWetlands",28.117326,-81.435682,"WGS84",45.1,18.1,0.1,"1 - trap not set","ShermanLF","2020-04-21","2020-04-21",,,,,,,,,,,,,,,,,,,,,,,,,,,,,,,,,,,,,,,,,,,,,,,,
"17be2cec-d3fa-4664-802f-c0a386d06cc6","a86a8ce5-a4b8-4ce2-bac3-5c26e81e57ca","DSNY_004.mammalGrid.mam","D03","DSNY","DSNY_004","F4","distributed","woodyWetlands",28.099481,-81.401475,"WGS84",45.1,20.8,0.1,"1 - trap not set","ShermanLF","2020-04-21","2020-04-21",,,,,,,,,,,,,,,,,,,,,,,,,,,,,,,,,,,,,,,,,,,,,,,,
"1bcb4386-9901-448f-a04d-70defeb26689","731cd63e-103e-4f6a-950f-be43f7219a0f","DSNY_005.mammalGrid.mam","D03","DSNY","DSNY_005","H5","distributed","woodyWetlands",28.039127,-81.391902,"WGS84",45.1,19.7,0.1,"1 - trap not set","ShermanLF","2020-04-21","2020-04-21",,,,,,,,,,,,,,,,,,,,,,,,,,,,,,,,,,,,,,,,,,,,,,,,
"6c98d5ee-a86b-45c8-8435-eef38ab3bfe9","731cd63e-103e-4f6a-950f-be43f7219a0f","DSNY_005.mammalGrid.mam","D03","DSNY","DSNY_005","I4","distributed","woodyWetlands",28.039127,-81.391902,"WGS84",45.1,19.7,0.1,"1 - trap not set","ShermanLF","2020-04-21","2020-04-21",,,,,,,,,,,,,,,,,,,,,,,,,,,,,,,,,,,,,,,,,,,,,,,,
"1a3a0ec9-76bd-4b88-9b4f-e5caaa669a31","731cd63e-103e-4f6a-950f-be43f7219a0f","DSNY_005.mammalGrid.mam","D03","DSNY","DSNY_005","I6","distributed","woodyWetlands",28.039127,-81.391902,"WGS84",45.1,19.7,0.1,"1 - trap not set","ShermanLF","2020-04-21","2020-04-21",,,,,,,,,,,,,,,,,,,,,,,,,,,,,,,,,,,,,,,,,,,,,,,,
"87edbc77-2dde-4399-b494-cf995ef85245","6bd5419d-87f8-446c-a6db-0b9bf7435762","DSNY_001.mammalGrid.mam","D03","DSNY","DSNY_001","A2","distributed","woodyWetlands",28.097204,-81.417175,"WGS84",45.1,21.1,0.1,"1 - trap not set","ShermanLF","2020-04-21","2020-04-21",,,,,,,,,,,,,,,,,,,,,,,,,,,,,,,,,,,,,,,,,,,,,,,,
"85da8ebe-9b59-45a7-8a49-cc902ecda18b","731cd63e-103e-4f6a-950f-be43f7219a0f","DSNY_005.mammalGrid.mam","D03","DSNY","DSNY_005","C1","distributed","woodyWetlands",28.039127,-81.391902,"WGS84",45.1,19.7,0.1,"1 - trap not set","ShermanLF","2020-04-21","2020-04-21",,,,,,,,,,,,,,,,,,,,,,,,,,,,,,,,,,,,,,,,,,,,,,,,
"b13ea968-4deb-49ae-b950-66ac831602ce","a86a8ce5-a4b8-4ce2-bac3-5c26e81e57ca","DSNY_004.mammalGrid.mam","D03","DSNY","DSNY_004","E2","distributed","woodyWetlands",28.099481,-81.401475,"WGS84",45.1,20.8,0.1,"1 - trap not set","ShermanLF","2020-04-21","2020-04-21",,,,,,,,,,,,,,,,,,,,,,,,,,,,,,,,,,,,,,,,,,,,,,,,
"e460b5ba-90f9-4c04-82ca-13ca2fa48895","731cd63e-103e-4f6a-950f-be43f7219a0f","DSNY_005.mammalGrid.mam","D03","DSNY","DSNY_005","H2","distributed","woodyWetlands",28.039127,-81.391902,"WGS84",45.1,19.7,0.1,"1 - trap not set","ShermanLF","2020-04-21","2020-04-21",,,,,,,,,,,,,,,,,,,,,,,,,,,,,,,,,,,,,,,,,,,,,,,,
"a715b409-77bc-41b3-8443-37c578f7bbe5","731cd63e-103e-4f6a-950f-be43f7219a0f","DSNY_005.mammalGrid.mam","D03","DSNY","DSNY_005","I3","distributed","woodyWetlands",28.039127,-81.391902,"WGS84",45.1,19.7,0.1,"1 - trap not set","ShermanLF","2020-04-21","2020-04-21",,,,,,,,,,,,,,,,,,,,,,,,,,,,,,,,,,,,,,,,,,,,,,,,
"7f769906-b470-4d43-a748-707720552f8f","a86a8ce5-a4b8-4ce2-bac3-5c26e81e57ca","DSNY_004.mammalGrid.mam","D03","DSNY","DSNY_004","D6","distributed","woodyWetlands",28.099481,-81.401475,"WGS84",45.1,20.8,0.1,"1 - trap not set","ShermanLF","2020-04-21","2020-04-21",,,,,,,,,,,,,,,,,,,,,,,,,,,,,,,,,,,,,,,,,,,,,,,,
"063178bb-17af-4cf7-a468-6f83cdc67c1d","6bd5419d-87f8-446c-a6db-0b9bf7435762","DSNY_001.mammalGrid.mam","D03","DSNY","DSNY_001","B1","distributed","woodyWetlands",28.097204,-81.417175,"WGS84",45.1,21.1,0.1,"1 - trap not set","ShermanLF","2020-04-21","2020-04-21",,,,,,,,,,,,,,,,,,,,,,,,,,,,,,,,,,,,,,,,,,,,,,,,
"a18c9a43-c39e-4f76-a925-5572f9f77f4d","55a97d7e-7b19-4007-8dee-9898a06ca185","DSNY_010.mammalGrid.mam","D03","DSNY","DSNY_010","H8","distributed","woodyWetlands",28.117326,-81.435682,"WGS84",45.1,18.1,0.1,"1 - trap not set","ShermanLF","2020-04-21","2020-04-21",,,,,,,,,,,,,,,,,,,,,,,,,,,,,,,,,,,,,,,,,,,,,,,,
"ddc59d1f-4032-45f2-b467-3f915b239c81","6bd5419d-87f8-446c-a6db-0b9bf7435762","DSNY_001.mammalGrid.mam","D03","DSNY","DSNY_001","I7","distributed","woodyWetlands",28.097204,-81.417175,"WGS84",45.1,21.1,0.1,"1 - trap not set","ShermanLF","2020-04-21","2020-04-21",,,,,,,,,,,,,,,,,,,,,,,,,,,,,,,,,,,,,,,,,,,,,,,,
"c1c2bb8a-b0b8-407f-8cf1-bf3b1b71cffa","55a97d7e-7b19-4007-8dee-9898a06ca185","DSNY_010.mammalGrid.mam","D03","DSNY","DSNY_010","G4","distributed","woodyWetlands",28.117326,-81.435682,"WGS84",45.1,18.1,0.1,"1 - trap not set","ShermanLF","2020-04-21","2020-04-21",,,,,,,,,,,,,,,,,,,,,,,,,,,,,,,,,,,,,,,,,,,,,,,,
"ea53afc4-40b5-457d-addc-797a79f388ac","a86a8ce5-a4b8-4ce2-bac3-5c26e81e57ca","DSNY_004.mammalGrid.mam","D03","DSNY","DSNY_004","H9","distributed","woodyWetlands",28.099481,-81.401475,"WGS84",45.1,20.8,0.1,"1 - trap not set","ShermanLF","2020-04-21","2020-04-21",,,,,,,,,,,,,,,,,,,,,,,,,,,,,,,,,,,,,,,,,,,,,,,,
"461691c2-887a-4222-b9ea-e041bba0d062","a86a8ce5-a4b8-4ce2-bac3-5c26e81e57ca","DSNY_004.mammalGrid.mam","D03","DSNY","DSNY_004","E10","distributed","woodyWetlands",28.099481,-81.401475,"WGS84",45.1,20.8,0.1,"1 - trap not set","ShermanLF","2020-04-21","2020-04-21",,,,,,,,,,,,,,,,,,,,,,,,,,,,,,,,,,,,,,,,,,,,,,,,
"4705b075-4121-4df6-a9c4-c5157668d7da","55a97d7e-7b19-4007-8dee-9898a06ca185","DSNY_010.mammalGrid.mam","D03","DSNY","DSNY_010","G6","distributed","woodyWetlands",28.117326,-81.435682,"WGS84",45.1,18.1,0.1,"1 - trap not set","ShermanLF","2020-04-21","2020-04-21",,,,,,,,,,,,,,,,,,,,,,,,,,,,,,,,,,,,,,,,,,,,,,,,
"0f1057d5-29f9-444f-8526-b4c98c81b0d2","731cd63e-103e-4f6a-950f-be43f7219a0f","DSNY_005.mammalGrid.mam","D03","DSNY","DSNY_005","G8","distributed","woodyWetlands",28.039127,-81.391902,"WGS84",45.1,19.7,0.1,"1 - trap not set","ShermanLF","2020-04-21","2020-04-21",,,,,,,,,,,,,,,,,,,,,,,,,,,,,,,,,,,,,,,,,,,,,,,,
"a21d1683-0cb0-4f38-822a-a30eebb0a53e","a86a8ce5-a4b8-4ce2-bac3-5c26e81e57ca","DSNY_004.mammalGrid.mam","D03","DSNY","DSNY_004","C3","distributed","woodyWetlands",28.099481,-81.401475,"WGS84",45.1,20.8,0.1,"1 - trap not set","ShermanLF","2020-04-21","2020-04-21",,,,,,,,,,,,,,,,,,,,,,,,,,,,,,,,,,,,,,,,,,,,,,,,
"8cd805b4-9c73-43c1-8ced-7ebd9d544f7c","6bd5419d-87f8-446c-a6db-0b9bf7435762","DSNY_001.mammalGrid.mam","D03","DSNY","DSNY_001","F3","distributed","woodyWetlands",28.097204,-81.417175,"WGS84",45.1,21.1,0.1,"1 - trap not set","ShermanLF","2020-04-21","2020-04-21",,,,,,,,,,,,,,,,,,,,,,,,,,,,,,,,,,,,,,,,,,,,,,,,
"eaa83851-ef02-4bf5-b997-bf103ea073a7","6bd5419d-87f8-446c-a6db-0b9bf7435762","DSNY_001.mammalGrid.mam","D03","DSNY","DSNY_001","F4","distributed","woodyWetlands",28.097204,-81.417175,"WGS84",45.1,21.1,0.1,"1 - trap not set","ShermanLF","2020-04-21","2020-04-21",,,,,,,,,,,,,,,,,,,,,,,,,,,,,,,,,,,,,,,,,,,,,,,,
"eea8a07d-e8db-41f3-92be-624af91b7726","6bd5419d-87f8-446c-a6db-0b9bf7435762","DSNY_001.mammalGrid.mam","D03","DSNY","DSNY_001","H10","distributed","woodyWetlands",28.097204,-81.417175,"WGS84",45.1,21.1,0.1,"1 - trap not set","ShermanLF","2020-04-21","2020-04-21",,,,,,,,,,,,,,,,,,,,,,,,,,,,,,,,,,,,,,,,,,,,,,,,
"d61cf510-057f-4dcd-8069-d571e69b8464","6bd5419d-87f8-446c-a6db-0b9bf7435762","DSNY_001.mammalGrid.mam","D03","DSNY","DSNY_001","F1","distributed","woodyWetlands",28.097204,-81.417175,"WGS84",45.1,21.1,0.1,"1 - trap not set","ShermanLF","2020-04-21","2020-04-21",,,,,,,,,,,,,,,,,,,,,,,,,,,,,,,,,,,,,,,,,,,,,,,,
"948e45ac-2ea8-4408-a63d-632a4cc1d2e4","a86a8ce5-a4b8-4ce2-bac3-5c26e81e57ca","DSNY_004.mammalGrid.mam","D03","DSNY","DSNY_004","D4","distributed","woodyWetlands",28.099481,-81.401475,"WGS84",45.1,20.8,0.1,"1 - trap not set","ShermanLF","2020-04-21","2020-04-21",,,,,,,,,,,,,,,,,,,,,,,,,,,,,,,,,,,,,,,,,,,,,,,,
"28b33b57-a5fc-4283-939a-52e639a3ea29","731cd63e-103e-4f6a-950f-be43f7219a0f","DSNY_005.mammalGrid.mam","D03","DSNY","DSNY_005","E6","distributed","woodyWetlands",28.039127,-81.391902,"WGS84",45.1,19.7,0.1,"1 - trap not set","ShermanLF","2020-04-21","2020-04-21",,,,,,,,,,,,,,,,,,,,,,,,,,,,,,,,,,,,,,,,,,,,,,,,
"dc79c0c4-9a4f-445a-9a71-33e5300cc373","a86a8ce5-a4b8-4ce2-bac3-5c26e81e57ca","DSNY_004.mammalGrid.mam","D03","DSNY","DSNY_004","F3","distributed","woodyWetlands",28.099481,-81.401475,"WGS84",45.1,20.8,0.1,"1 - trap not set","ShermanLF","2020-04-21","2020-04-21",,,,,,,,,,,,,,,,,,,,,,,,,,,,,,,,,,,,,,,,,,,,,,,,
"6648aa82-71ab-44c3-a0d8-08d4e8c91c53","731cd63e-103e-4f6a-950f-be43f7219a0f","DSNY_005.mammalGrid.mam","D03","DSNY","DSNY_005","H1","distributed","woodyWetlands",28.039127,-81.391902,"WGS84",45.1,19.7,0.1,"1 - trap not set","ShermanLF","2020-04-21","2020-04-21",,,,,,,,,,,,,,,,,,,,,,,,,,,,,,,,,,,,,,,,,,,,,,,,
"d04825d2-76fc-48dd-9059-576b29ec6715","731cd63e-103e-4f6a-950f-be43f7219a0f","DSNY_005.mammalGrid.mam","D03","DSNY","DSNY_005","D10","distributed","woodyWetlands",28.039127,-81.391902,"WGS84",45.1,19.7,0.1,"1 - trap not set","ShermanLF","2020-04-21","2020-04-21",,,,,,,,,,,,,,,,,,,,,,,,,,,,,,,,,,,,,,,,,,,,,,,,
"05d446d5-f5a8-40e3-bbd0-4f8afb1d236f","55a97d7e-7b19-4007-8dee-9898a06ca185","DSNY_010.mammalGrid.mam","D03","DSNY","DSNY_010","J2","distributed","woodyWetlands",28.117326,-81.435682,"WGS84",45.1,18.1,0.1,"1 - trap not set","ShermanLF","2020-04-21","2020-04-21",,,,,,,,,,,,,,,,,,,,,,,,,,,,,,,,,,,,,,,,,,,,,,,,
"86210065-305c-45cd-aa9e-dd3c4dd2eca2","a86a8ce5-a4b8-4ce2-bac3-5c26e81e57ca","DSNY_004.mammalGrid.mam","D03","DSNY","DSNY_004","F2","distributed","woodyWetlands",28.099481,-81.401475,"WGS84",45.1,20.8,0.1,"1 - trap not set","ShermanLF","2020-04-21","2020-04-21",,,,,,,,,,,,,,,,,,,,,,,,,,,,,,,,,,,,,,,,,,,,,,,,
"0a5a9c45-54ae-468b-9a0d-196a7afa53ed","a86a8ce5-a4b8-4ce2-bac3-5c26e81e57ca","DSNY_004.mammalGrid.mam","D03","DSNY","DSNY_004","D1","distributed","woodyWetlands",28.099481,-81.401475,"WGS84",45.1,20.8,0.1,"1 - trap not set","ShermanLF","2020-04-21","2020-04-21",,,,,,,,,,,,,,,,,,,,,,,,,,,,,,,,,,,,,,,,,,,,,,,,
"fe4fb5a8-58fe-4724-9823-d00f278c8ac9","a86a8ce5-a4b8-4ce2-bac3-5c26e81e57ca","DSNY_004.mammalGrid.mam","D03","DSNY","DSNY_004","E5","distributed","woodyWetlands",28.099481,-81.401475,"WGS84",45.1,20.8,0.1,"1 - trap not set","ShermanLF","2020-04-21","2020-04-21",,,,,,,,,,,,,,,,,,,,,,,,,,,,,,,,,,,,,,,,,,,,,,,,
"0deefdf7-03ad-44b3-911e-bb0bfc67e539","731cd63e-103e-4f6a-950f-be43f7219a0f","DSNY_005.mammalGrid.mam","D03","DSNY","DSNY_005","E7","distributed","woodyWetlands",28.039127,-81.391902,"WGS84",45.1,19.7,0.1,"1 - trap not set","ShermanLF","2020-04-21","2020-04-21",,,,,,,,,,,,,,,,,,,,,,,,,,,,,,,,,,,,,,,,,,,,,,,,
"d4522ad8-757d-44d0-a6ba-57ce54e4a240","731cd63e-103e-4f6a-950f-be43f7219a0f","DSNY_005.mammalGrid.mam","D03","DSNY","DSNY_005","G6","distributed","woodyWetlands",28.039127,-81.391902,"WGS84",45.1,19.7,0.1,"1 - trap not set","ShermanLF","2020-04-21","2020-04-21",,,,,,,,,,,,,,,,,,,,,,,,,,,,,,,,,,,,,,,,,,,,,,,,
"1907e8ff-3b38-4fd0-adc2-20c36b33b6c7","6bd5419d-87f8-446c-a6db-0b9bf7435762","DSNY_001.mammalGrid.mam","D03","DSNY","DSNY_001","J8","distributed","woodyWetlands",28.097204,-81.417175,"WGS84",45.1,21.1,0.1,"1 - trap not set","ShermanLF","2020-04-21","2020-04-21",,,,,,,,,,,,,,,,,,,,,,,,,,,,,,,,,,,,,,,,,,,,,,,,
"2be120cc-9237-4652-b4c0-9dcfdafa2b7e","55a97d7e-7b19-4007-8dee-9898a06ca185","DSNY_010.mammalGrid.mam","D03","DSNY","DSNY_010","G5","distributed","woodyWetlands",28.117326,-81.435682,"WGS84",45.1,18.1,0.1,"1 - trap not set","ShermanLF","2020-04-21","2020-04-21",,,,,,,,,,,,,,,,,,,,,,,,,,,,,,,,,,,,,,,,,,,,,,,,
"d39ca19f-fe74-428c-8971-3b7b15394773","a86a8ce5-a4b8-4ce2-bac3-5c26e81e57ca","DSNY_004.mammalGrid.mam","D03","DSNY","DSNY_004","F7","distributed","woodyWetlands",28.099481,-81.401475,"WGS84",45.1,20.8,0.1,"1 - trap not set","ShermanLF","2020-04-21","2020-04-21",,,,,,,,,,,,,,,,,,,,,,,,,,,,,,,,,,,,,,,,,,,,,,,,
"fdcc0c42-bbb6-401e-bb5a-108ee5ed859d","55a97d7e-7b19-4007-8dee-9898a06ca185","DSNY_010.mammalGrid.mam","D03","DSNY","DSNY_010","H6","distributed","woodyWetlands",28.117326,-81.435682,"WGS84",45.1,18.1,0.1,"1 - trap not set","ShermanLF","2020-04-21","2020-04-21",,,,,,,,,,,,,,,,,,,,,,,,,,,,,,,,,,,,,,,,,,,,,,,,
"e26a103d-1da4-48cb-86a5-860af28e8e51","6bd5419d-87f8-446c-a6db-0b9bf7435762","DSNY_001.mammalGrid.mam","D03","DSNY","DSNY_001","C9","distributed","woodyWetlands",28.097204,-81.417175,"WGS84",45.1,21.1,0.1,"1 - trap not set","ShermanLF","2020-04-21","2020-04-21",,,,,,,,,,,,,,,,,,,,,,,,,,,,,,,,,,,,,,,,,,,,,,,,
"4edfae64-9ae8-424c-a71b-e23ce184c369","6bd5419d-87f8-446c-a6db-0b9bf7435762","DSNY_001.mammalGrid.mam","D03","DSNY","DSNY_001","J10","distributed","woodyWetlands",28.097204,-81.417175,"WGS84",45.1,21.1,0.1,"1 - trap not set","ShermanLF","2020-04-21","2020-04-21",,,,,,,,,,,,,,,,,,,,,,,,,,,,,,,,,,,,,,,,,,,,,,,,
"d97e63e1-a4b3-49d3-8e4b-b5fa3a803d22","731cd63e-103e-4f6a-950f-be43f7219a0f","DSNY_005.mammalGrid.mam","D03","DSNY","DSNY_005","B10","distributed","woodyWetlands",28.039127,-81.391902,"WGS84",45.1,19.7,0.1,"1 - trap not set","ShermanLF","2020-04-21","2020-04-21",,,,,,,,,,,,,,,,,,,,,,,,,,,,,,,,,,,,,,,,,,,,,,,,
"60a71196-8b8c-4cbc-92f4-272f80cbb9e0","55a97d7e-7b19-4007-8dee-9898a06ca185","DSNY_010.mammalGrid.mam","D03","DSNY","DSNY_010","A5","distributed","woodyWetlands",28.117326,-81.435682,"WGS84",45.1,18.1,0.1,"1 - trap not set","ShermanLF","2020-04-21","2020-04-21",,,,,,,,,,,,,,,,,,,,,,,,,,,,,,,,,,,,,,,,,,,,,,,,
"6e1f5e12-283e-4f2d-a72b-2bc79eb26182","a86a8ce5-a4b8-4ce2-bac3-5c26e81e57ca","DSNY_004.mammalGrid.mam","D03","DSNY","DSNY_004","E6","distributed","woodyWetlands",28.099481,-81.401475,"WGS84",45.1,20.8,0.1,"1 - trap not set","ShermanLF","2020-04-21","2020-04-21",,,,,,,,,,,,,,,,,,,,,,,,,,,,,,,,,,,,,,,,,,,,,,,,
"16660775-4807-4e3b-a2e3-fdf572026a58","55a97d7e-7b19-4007-8dee-9898a06ca185","DSNY_010.mammalGrid.mam","D03","DSNY","DSNY_010","G1","distributed","woodyWetlands",28.117326,-81.435682,"WGS84",45.1,18.1,0.1,"1 - trap not set","ShermanLF","2020-04-21","2020-04-21",,,,,,,,,,,,,,,,,,,,,,,,,,,,,,,,,,,,,,,,,,,,,,,,
"d0eda14e-d6b0-4097-bb24-6098e0375d16","55a97d7e-7b19-4007-8dee-9898a06ca185","DSNY_010.mammalGrid.mam","D03","DSNY","DSNY_010","F5","distributed","woodyWetlands",28.117326,-81.435682,"WGS84",45.1,18.1,0.1,"1 - trap not set","ShermanLF","2020-04-21","2020-04-21",,,,,,,,,,,,,,,,,,,,,,,,,,,,,,,,,,,,,,,,,,,,,,,,
"89fc76c3-7e73-46be-a05e-5e326626474d","731cd63e-103e-4f6a-950f-be43f7219a0f","DSNY_005.mammalGrid.mam","D03","DSNY","DSNY_005","J9","distributed","woodyWetlands",28.039127,-81.391902,"WGS84",45.1,19.7,0.1,"1 - trap not set","ShermanLF","2020-04-21","2020-04-21",,,,,,,,,,,,,,,,,,,,,,,,,,,,,,,,,,,,,,,,,,,,,,,,
"5a440e68-36d2-418c-a583-ef393eeb89a0","a86a8ce5-a4b8-4ce2-bac3-5c26e81e57ca","DSNY_004.mammalGrid.mam","D03","DSNY","DSNY_004","A1","distributed","woodyWetlands",28.099481,-81.401475,"WGS84",45.1,20.8,0.1,"1 - trap not set","ShermanLF","2020-04-21","2020-04-21",,,,,,,,,,,,,,,,,,,,,,,,,,,,,,,,,,,,,,,,,,,,,,,,
"23f61525-46e1-49e2-b773-014add54a7f5","6bd5419d-87f8-446c-a6db-0b9bf7435762","DSNY_001.mammalGrid.mam","D03","DSNY","DSNY_001","C4","distributed","woodyWetlands",28.097204,-81.417175,"WGS84",45.1,21.1,0.1,"1 - trap not set","ShermanLF","2020-04-21","2020-04-21",,,,,,,,,,,,,,,,,,,,,,,,,,,,,,,,,,,,,,,,,,,,,,,,
"8074625d-a031-424b-8d80-900e8f83ad13","6bd5419d-87f8-446c-a6db-0b9bf7435762","DSNY_001.mammalGrid.mam","D03","DSNY","DSNY_001","E8","distributed","woodyWetlands",28.097204,-81.417175,"WGS84",45.1,21.1,0.1,"1 - trap not set","ShermanLF","2020-04-21","2020-04-21",,,,,,,,,,,,,,,,,,,,,,,,,,,,,,,,,,,,,,,,,,,,,,,,
"37d98a36-b6f3-469f-a355-f8dcc3fcb54e","a86a8ce5-a4b8-4ce2-bac3-5c26e81e57ca","DSNY_004.mammalGrid.mam","D03","DSNY","DSNY_004","H2","distributed","woodyWetlands",28.099481,-81.401475,"WGS84",45.1,20.8,0.1,"1 - trap not set","ShermanLF","2020-04-21","2020-04-21",,,,,,,,,,,,,,,,,,,,,,,,,,,,,,,,,,,,,,,,,,,,,,,,
"4dea86f5-069d-42e6-bf83-c25dad998b91","6bd5419d-87f8-446c-a6db-0b9bf7435762","DSNY_001.mammalGrid.mam","D03","DSNY","DSNY_001","I10","distributed","woodyWetlands",28.097204,-81.417175,"WGS84",45.1,21.1,0.1,"1 - trap not set","ShermanLF","2020-04-21","2020-04-21",,,,,,,,,,,,,,,,,,,,,,,,,,,,,,,,,,,,,,,,,,,,,,,,
"3063f99f-ee6a-478a-bef4-4e25a940d331","731cd63e-103e-4f6a-950f-be43f7219a0f","DSNY_005.mammalGrid.mam","D03","DSNY","DSNY_005","E8","distributed","woodyWetlands",28.039127,-81.391902,"WGS84",45.1,19.7,0.1,"1 - trap not set","ShermanLF","2020-04-21","2020-04-21",,,,,,,,,,,,,,,,,,,,,,,,,,,,,,,,,,,,,,,,,,,,,,,,
"801aaa70-9698-4bed-be87-c53ad600c2e4","55a97d7e-7b19-4007-8dee-9898a06ca185","DSNY_010.mammalGrid.mam","D03","DSNY","DSNY_010","D10","distributed","woodyWetlands",28.117326,-81.435682,"WGS84",45.1,18.1,0.1,"1 - trap not set","ShermanLF","2020-04-21","2020-04-21",,,,,,,,,,,,,,,,,,,,,,,,,,,,,,,,,,,,,,,,,,,,,,,,
"a8313492-c473-453c-b4b9-679fd1343694","55a97d7e-7b19-4007-8dee-9898a06ca185","DSNY_010.mammalGrid.mam","D03","DSNY","DSNY_010","H4","distributed","woodyWetlands",28.117326,-81.435682,"WGS84",45.1,18.1,0.1,"1 - trap not set","ShermanLF","2020-04-21","2020-04-21",,,,,,,,,,,,,,,,,,,,,,,,,,,,,,,,,,,,,,,,,,,,,,,,
"907ab7c9-e1d7-4e1f-bbe7-1285aae07ac3","731cd63e-103e-4f6a-950f-be43f7219a0f","DSNY_005.mammalGrid.mam","D03","DSNY","DSNY_005","H6","distributed","woodyWetlands",28.039127,-81.391902,"WGS84",45.1,19.7,0.1,"1 - trap not set","ShermanLF","2020-04-21","2020-04-21",,,,,,,,,,,,,,,,,,,,,,,,,,,,,,,,,,,,,,,,,,,,,,,,
"122249df-5dc5-4f9b-9f19-3c5713ab0b55","6bd5419d-87f8-446c-a6db-0b9bf7435762","DSNY_001.mammalGrid.mam","D03","DSNY","DSNY_001","E9","distributed","woodyWetlands",28.097204,-81.417175,"WGS84",45.1,21.1,0.1,"1 - trap not set","ShermanLF","2020-04-21","2020-04-21",,,,,,,,,,,,,,,,,,,,,,,,,,,,,,,,,,,,,,,,,,,,,,,,
"61bc2263-4f29-46de-8ff7-f6ec7644a07e","55a97d7e-7b19-4007-8dee-9898a06ca185","DSNY_010.mammalGrid.mam","D03","DSNY","DSNY_010","F3","distributed","woodyWetlands",28.117326,-81.435682,"WGS84",45.1,18.1,0.1,"1 - trap not set","ShermanLF","2020-04-21","2020-04-21",,,,,,,,,,,,,,,,,,,,,,,,,,,,,,,,,,,,,,,,,,,,,,,,
"a3071768-f62b-462f-9a6a-36778da70bd5","55a97d7e-7b19-4007-8dee-9898a06ca185","DSNY_010.mammalGrid.mam","D03","DSNY","DSNY_010","J6","distributed","woodyWetlands",28.117326,-81.435682,"WGS84",45.1,18.1,0.1,"1 - trap not set","ShermanLF","2020-04-21","2020-04-21",,,,,,,,,,,,,,,,,,,,,,,,,,,,,,,,,,,,,,,,,,,,,,,,
"dd9d817b-5f04-4f7a-9565-08b7ae2ff942","55a97d7e-7b19-4007-8dee-9898a06ca185","DSNY_010.mammalGrid.mam","D03","DSNY","DSNY_010","A8","distributed","woodyWetlands",28.117326,-81.435682,"WGS84",45.1,18.1,0.1,"1 - trap not set","ShermanLF","2020-04-21","2020-04-21",,,,,,,,,,,,,,,,,,,,,,,,,,,,,,,,,,,,,,,,,,,,,,,,
"01775c5a-ad5d-44a2-8c69-1945d3c0c582","a86a8ce5-a4b8-4ce2-bac3-5c26e81e57ca","DSNY_004.mammalGrid.mam","D03","DSNY","DSNY_004","F8","distributed","woodyWetlands",28.099481,-81.401475,"WGS84",45.1,20.8,0.1,"1 - trap not set","ShermanLF","2020-04-21","2020-04-21",,,,,,,,,,,,,,,,,,,,,,,,,,,,,,,,,,,,,,,,,,,,,,,,
"86c2ff33-9f88-4410-b09b-15acc7faa401","55a97d7e-7b19-4007-8dee-9898a06ca185","DSNY_010.mammalGrid.mam","D03","DSNY","DSNY_010","C8","distributed","woodyWetlands",28.117326,-81.435682,"WGS84",45.1,18.1,0.1,"1 - trap not set","ShermanLF","2020-04-21","2020-04-21",,,,,,,,,,,,,,,,,,,,,,,,,,,,,,,,,,,,,,,,,,,,,,,,
"df83b36b-5876-4169-8912-99692a4e4b9a","6bd5419d-87f8-446c-a6db-0b9bf7435762","DSNY_001.mammalGrid.mam","D03","DSNY","DSNY_001","A3","distributed","woodyWetlands",28.097204,-81.417175,"WGS84",45.1,21.1,0.1,"1 - trap not set","ShermanLF","2020-04-21","2020-04-21",,,,,,,,,,,,,,,,,,,,,,,,,,,,,,,,,,,,,,,,,,,,,,,,
"71ad0e30-122b-418f-b9df-519b44d66769","a86a8ce5-a4b8-4ce2-bac3-5c26e81e57ca","DSNY_004.mammalGrid.mam","D03","DSNY","DSNY_004","B8","distributed","woodyWetlands",28.099481,-81.401475,"WGS84",45.1,20.8,0.1,"1 - trap not set","ShermanLF","2020-04-21","2020-04-21",,,,,,,,,,,,,,,,,,,,,,,,,,,,,,,,,,,,,,,,,,,,,,,,
"18c49bf8-a5d6-4272-acf0-4694c6ae1358","a86a8ce5-a4b8-4ce2-bac3-5c26e81e57ca","DSNY_004.mammalGrid.mam","D03","DSNY","DSNY_004","D9","distributed","woodyWetlands",28.099481,-81.401475,"WGS84",45.1,20.8,0.1,"1 - trap not set","ShermanLF","2020-04-21","2020-04-21",,,,,,,,,,,,,,,,,,,,,,,,,,,,,,,,,,,,,,,,,,,,,,,,
"e647b3f1-9b64-493a-adfd-8802f02d305d","731cd63e-103e-4f6a-950f-be43f7219a0f","DSNY_005.mammalGrid.mam","D03","DSNY","DSNY_005","A3","distributed","woodyWetlands",28.039127,-81.391902,"WGS84",45.1,19.7,0.1,"1 - trap not set","ShermanLF","2020-04-21","2020-04-21",,,,,,,,,,,,,,,,,,,,,,,,,,,,,,,,,,,,,,,,,,,,,,,,
"89135600-4998-44d1-b962-645514d99633","a86a8ce5-a4b8-4ce2-bac3-5c26e81e57ca","DSNY_004.mammalGrid.mam","D03","DSNY","DSNY_004","J9","distributed","woodyWetlands",28.099481,-81.401475,"WGS84",45.1,20.8,0.1,"1 - trap not set","ShermanLF","2020-04-21","2020-04-21",,,,,,,,,,,,,,,,,,,,,,,,,,,,,,,,,,,,,,,,,,,,,,,,
"4a2e1d27-a2bb-4593-93c0-f9f38bf46c14","55a97d7e-7b19-4007-8dee-9898a06ca185","DSNY_010.mammalGrid.mam","D03","DSNY","DSNY_010","A9","distributed","woodyWetlands",28.117326,-81.435682,"WGS84",45.1,18.1,0.1,"1 - trap not set","ShermanLF","2020-04-21","2020-04-21",,,,,,,,,,,,,,,,,,,,,,,,,,,,,,,,,,,,,,,,,,,,,,,,
"0fc7b2a4-0378-4895-93e4-6a6b9e33969e","6bd5419d-87f8-446c-a6db-0b9bf7435762","DSNY_001.mammalGrid.mam","D03","DSNY","DSNY_001","G4","distributed","woodyWetlands",28.097204,-81.417175,"WGS84",45.1,21.1,0.1,"1 - trap not set","ShermanLF","2020-04-21","2020-04-21",,,,,,,,,,,,,,,,,,,,,,,,,,,,,,,,,,,,,,,,,,,,,,,,
"b9f1ed3e-cbf2-4640-83c4-564a717dc20c","a86a8ce5-a4b8-4ce2-bac3-5c26e81e57ca","DSNY_004.mammalGrid.mam","D03","DSNY","DSNY_004","E3","distributed","woodyWetlands",28.099481,-81.401475,"WGS84",45.1,20.8,0.1,"1 - trap not set","ShermanLF","2020-04-21","2020-04-21",,,,,,,,,,,,,,,,,,,,,,,,,,,,,,,,,,,,,,,,,,,,,,,,
"6de07431-c693-4588-9ad7-f28958e10dff","55a97d7e-7b19-4007-8dee-9898a06ca185","DSNY_010.mammalGrid.mam","D03","DSNY","DSNY_010","F4","distributed","woodyWetlands",28.117326,-81.435682,"WGS84",45.1,18.1,0.1,"1 - trap not set","ShermanLF","2020-04-21","2020-04-21",,,,,,,,,,,,,,,,,,,,,,,,,,,,,,,,,,,,,,,,,,,,,,,,
"fb7281f7-c5eb-4205-b811-1ac2ee67a3a8","6bd5419d-87f8-446c-a6db-0b9bf7435762","DSNY_001.mammalGrid.mam","D03","DSNY","DSNY_001","I4","distributed","woodyWetlands",28.097204,-81.417175,"WGS84",45.1,21.1,0.1,"1 - trap not set","ShermanLF","2020-04-21","2020-04-21",,,,,,,,,,,,,,,,,,,,,,,,,,,,,,,,,,,,,,,,,,,,,,,,
"ee32245d-fd65-499f-a1d9-bc90dd7b2d28","55a97d7e-7b19-4007-8dee-9898a06ca185","DSNY_010.mammalGrid.mam","D03","DSNY","DSNY_010","D9","distributed","woodyWetlands",28.117326,-81.435682,"WGS84",45.1,18.1,0.1,"1 - trap not set","ShermanLF","2020-04-21","2020-04-21",,,,,,,,,,,,,,,,,,,,,,,,,,,,,,,,,,,,,,,,,,,,,,,,
"b1ba02bf-fe3a-4d61-a90c-463407e5c4a8","731cd63e-103e-4f6a-950f-be43f7219a0f","DSNY_005.mammalGrid.mam","D03","DSNY","DSNY_005","C2","distributed","woodyWetlands",28.039127,-81.391902,"WGS84",45.1,19.7,0.1,"1 - trap not set","ShermanLF","2020-04-21","2020-04-21",,,,,,,,,,,,,,,,,,,,,,,,,,,,,,,,,,,,,,,,,,,,,,,,
"3055da93-5870-4bdd-86f6-0eea1ac3fb6d","55a97d7e-7b19-4007-8dee-9898a06ca185","DSNY_010.mammalGrid.mam","D03","DSNY","DSNY_010","F9","distributed","woodyWetlands",28.117326,-81.435682,"WGS84",45.1,18.1,0.1,"1 - trap not set","ShermanLF","2020-04-21","2020-04-21",,,,,,,,,,,,,,,,,,,,,,,,,,,,,,,,,,,,,,,,,,,,,,,,
"c0bf8805-69e4-4511-bce9-29d6247ca34a","a86a8ce5-a4b8-4ce2-bac3-5c26e81e57ca","DSNY_004.mammalGrid.mam","D03","DSNY","DSNY_004","G3","distributed","woodyWetlands",28.099481,-81.401475,"WGS84",45.1,20.8,0.1,"1 - trap not set","ShermanLF","2020-04-21","2020-04-21",,,,,,,,,,,,,,,,,,,,,,,,,,,,,,,,,,,,,,,,,,,,,,,,
"7711953c-2f33-4f73-a206-0ae0668b5b97","6bd5419d-87f8-446c-a6db-0b9bf7435762","DSNY_001.mammalGrid.mam","D03","DSNY","DSNY_001","C3","distributed","woodyWetlands",28.097204,-81.417175,"WGS84",45.1,21.1,0.1,"1 - trap not set","ShermanLF","2020-04-21","2020-04-21",,,,,,,,,,,,,,,,,,,,,,,,,,,,,,,,,,,,,,,,,,,,,,,,
"925133c6-d389-464f-85eb-fdd5f6007104","55a97d7e-7b19-4007-8dee-9898a06ca185","DSNY_010.mammalGrid.mam","D03","DSNY","DSNY_010","D4","distributed","woodyWetlands",28.117326,-81.435682,"WGS84",45.1,18.1,0.1,"1 - trap not set","ShermanLF","2020-04-21","2020-04-21",,,,,,,,,,,,,,,,,,,,,,,,,,,,,,,,,,,,,,,,,,,,,,,,
"ada39bdb-ed57-450f-9b2b-e21721248fe9","55a97d7e-7b19-4007-8dee-9898a06ca185","DSNY_010.mammalGrid.mam","D03","DSNY","DSNY_010","H10","distributed","woodyWetlands",28.117326,-81.435682,"WGS84",45.1,18.1,0.1,"1 - trap not set","ShermanLF","2020-04-21","2020-04-21",,,,,,,,,,,,,,,,,,,,,,,,,,,,,,,,,,,,,,,,,,,,,,,,
"33d9824b-171c-4290-8d67-dd0cb6a53033","6bd5419d-87f8-446c-a6db-0b9bf7435762","DSNY_001.mammalGrid.mam","D03","DSNY","DSNY_001","H7","distributed","woodyWetlands",28.097204,-81.417175,"WGS84",45.1,21.1,0.1,"1 - trap not set","ShermanLF","2020-04-21","2020-04-21",,,,,,,,,,,,,,,,,,,,,,,,,,,,,,,,,,,,,,,,,,,,,,,,
"404d4341-9ac0-4d90-9d81-806810e0e70e","55a97d7e-7b19-4007-8dee-9898a06ca185","DSNY_010.mammalGrid.mam","D03","DSNY","DSNY_010","E1","distributed","woodyWetlands",28.117326,-81.435682,"WGS84",45.1,18.1,0.1,"1 - trap not set","ShermanLF","2020-04-21","2020-04-21",,,,,,,,,,,,,,,,,,,,,,,,,,,,,,,,,,,,,,,,,,,,,,,,
"844d8dd8-ee54-4d24-aaa0-a5e0633ec0a2","6bd5419d-87f8-446c-a6db-0b9bf7435762","DSNY_001.mammalGrid.mam","D03","DSNY","DSNY_001","F8","distributed","woodyWetlands",28.097204,-81.417175,"WGS84",45.1,21.1,0.1,"1 - trap not set","ShermanLF","2020-04-21","2020-04-21",,,,,,,,,,,,,,,,,,,,,,,,,,,,,,,,,,,,,,,,,,,,,,,,
"c11b0b42-4845-4a79-bca4-ab9d5f6b367c","55a97d7e-7b19-4007-8dee-9898a06ca185","DSNY_010.mammalGrid.mam","D03","DSNY","DSNY_010","J1","distributed","woodyWetlands",28.117326,-81.435682,"WGS84",45.1,18.1,0.1,"1 - trap not set","ShermanLF","2020-04-21","2020-04-21",,,,,,,,,,,,,,,,,,,,,,,,,,,,,,,,,,,,,,,,,,,,,,,,
"30d04b5a-5f60-4cc8-aed1-0a5dea82bff5","a86a8ce5-a4b8-4ce2-bac3-5c26e81e57ca","DSNY_004.mammalGrid.mam","D03","DSNY","DSNY_004","I10","distributed","woodyWetlands",28.099481,-81.401475,"WGS84",45.1,20.8,0.1,"1 - trap not set","ShermanLF","2020-04-21","2020-04-21",,,,,,,,,,,,,,,,,,,,,,,,,,,,,,,,,,,,,,,,,,,,,,,,
"88428847-e9ad-4708-9edd-e0a393be3350","a86a8ce5-a4b8-4ce2-bac3-5c26e81e57ca","DSNY_004.mammalGrid.mam","D03","DSNY","DSNY_004","J7","distributed","woodyWetlands",28.099481,-81.401475,"WGS84",45.1,20.8,0.1,"1 - trap not set","ShermanLF","2020-04-21","2020-04-21",,,,,,,,,,,,,,,,,,,,,,,,,,,,,,,,,,,,,,,,,,,,,,,,
"476e53f2-280b-4847-a8dc-19285bdd775f","731cd63e-103e-4f6a-950f-be43f7219a0f","DSNY_005.mammalGrid.mam","D03","DSNY","DSNY_005","G9","distributed","woodyWetlands",28.039127,-81.391902,"WGS84",45.1,19.7,0.1,"1 - trap not set","ShermanLF","2020-04-21","2020-04-21",,,,,,,,,,,,,,,,,,,,,,,,,,,,,,,,,,,,,,,,,,,,,,,,
"a61264d9-c6d7-4c54-b41c-9b0077469dcd","731cd63e-103e-4f6a-950f-be43f7219a0f","DSNY_005.mammalGrid.mam","D03","DSNY","DSNY_005","F6","distributed","woodyWetlands",28.039127,-81.391902,"WGS84",45.1,19.7,0.1,"1 - trap not set","ShermanLF","2020-04-21","2020-04-21",,,,,,,,,,,,,,,,,,,,,,,,,,,,,,,,,,,,,,,,,,,,,,,,
"8be9620e-d2fc-4787-84a5-b45ddf51227e","a86a8ce5-a4b8-4ce2-bac3-5c26e81e57ca","DSNY_004.mammalGrid.mam","D03","DSNY","DSNY_004","B6","distributed","woodyWetlands",28.099481,-81.401475,"WGS84",45.1,20.8,0.1,"1 - trap not set","ShermanLF","2020-04-21","2020-04-21",,,,,,,,,,,,,,,,,,,,,,,,,,,,,,,,,,,,,,,,,,,,,,,,
"53e4f7c3-ace1-4451-bfa2-7a5f6025b781","55a97d7e-7b19-4007-8dee-9898a06ca185","DSNY_010.mammalGrid.mam","D03","DSNY","DSNY_010","G9","distributed","woodyWetlands",28.117326,-81.435682,"WGS84",45.1,18.1,0.1,"1 - trap not set","ShermanLF","2020-04-21","2020-04-21",,,,,,,,,,,,,,,,,,,,,,,,,,,,,,,,,,,,,,,,,,,,,,,,
"ba03e04a-06a6-4704-90ff-03b725356dbd","731cd63e-103e-4f6a-950f-be43f7219a0f","DSNY_005.mammalGrid.mam","D03","DSNY","DSNY_005","F8","distributed","woodyWetlands",28.039127,-81.391902,"WGS84",45.1,19.7,0.1,"1 - trap not set","ShermanLF","2020-04-21","2020-04-21",,,,,,,,,,,,,,,,,,,,,,,,,,,,,,,,,,,,,,,,,,,,,,,,
"1b863546-50f7-4236-b0ee-2ada09784085","a86a8ce5-a4b8-4ce2-bac3-5c26e81e57ca","DSNY_004.mammalGrid.mam","D03","DSNY","DSNY_004","H7","distributed","woodyWetlands",28.099481,-81.401475,"WGS84",45.1,20.8,0.1,"1 - trap not set","ShermanLF","2020-04-21","2020-04-21",,,,,,,,,,,,,,,,,,,,,,,,,,,,,,,,,,,,,,,,,,,,,,,,
"39cfb1eb-20ad-4371-b1c0-2372d4797477","6bd5419d-87f8-446c-a6db-0b9bf7435762","DSNY_001.mammalGrid.mam","D03","DSNY","DSNY_001","J3","distributed","woodyWetlands",28.097204,-81.417175,"WGS84",45.1,21.1,0.1,"1 - trap not set","ShermanLF","2020-04-21","2020-04-21",,,,,,,,,,,,,,,,,,,,,,,,,,,,,,,,,,,,,,,,,,,,,,,,
"213953f0-3250-479c-b27a-6f848f2cc1e2","6bd5419d-87f8-446c-a6db-0b9bf7435762","DSNY_001.mammalGrid.mam","D03","DSNY","DSNY_001","D4","distributed","woodyWetlands",28.097204,-81.417175,"WGS84",45.1,21.1,0.1,"1 - trap not set","ShermanLF","2020-04-21","2020-04-21",,,,,,,,,,,,,,,,,,,,,,,,,,,,,,,,,,,,,,,,,,,,,,,,
"b6615284-2a20-4cb2-9c1f-1f7b9a374822","731cd63e-103e-4f6a-950f-be43f7219a0f","DSNY_005.mammalGrid.mam","D03","DSNY","DSNY_005","G4","distributed","woodyWetlands",28.039127,-81.391902,"WGS84",45.1,19.7,0.1,"1 - trap not set","ShermanLF","2020-04-21","2020-04-21",,,,,,,,,,,,,,,,,,,,,,,,,,,,,,,,,,,,,,,,,,,,,,,,
"74bfd472-c0cf-458d-951f-3b74383601d0","55a97d7e-7b19-4007-8dee-9898a06ca185","DSNY_010.mammalGrid.mam","D03","DSNY","DSNY_010","I1","distributed","woodyWetlands",28.117326,-81.435682,"WGS84",45.1,18.1,0.1,"1 - trap not set","ShermanLF","2020-04-21","2020-04-21",,,,,,,,,,,,,,,,,,,,,,,,,,,,,,,,,,,,,,,,,,,,,,,,
"3cf62bec-5b73-4365-9bd7-1e45181047de","55a97d7e-7b19-4007-8dee-9898a06ca185","DSNY_010.mammalGrid.mam","D03","DSNY","DSNY_010","C4","distributed","woodyWetlands",28.117326,-81.435682,"WGS84",45.1,18.1,0.1,"1 - trap not set","ShermanLF","2020-04-21","2020-04-21",,,,,,,,,,,,,,,,,,,,,,,,,,,,,,,,,,,,,,,,,,,,,,,,
"45b3b500-513f-4bf3-891c-fbdd0212281e","55a97d7e-7b19-4007-8dee-9898a06ca185","DSNY_010.mammalGrid.mam","D03","DSNY","DSNY_010","J5","distributed","woodyWetlands",28.117326,-81.435682,"WGS84",45.1,18.1,0.1,"1 - trap not set","ShermanLF","2020-04-21","2020-04-21",,,,,,,,,,,,,,,,,,,,,,,,,,,,,,,,,,,,,,,,,,,,,,,,
"0a12a923-f243-4ae1-a691-54818a1a0a90","6bd5419d-87f8-446c-a6db-0b9bf7435762","DSNY_001.mammalGrid.mam","D03","DSNY","DSNY_001","J7","distributed","woodyWetlands",28.097204,-81.417175,"WGS84",45.1,21.1,0.1,"1 - trap not set","ShermanLF","2020-04-21","2020-04-21",,,,,,,,,,,,,,,,,,,,,,,,,,,,,,,,,,,,,,,,,,,,,,,,
"3b313efa-4a07-4085-a92b-ac690268b5a8","6bd5419d-87f8-446c-a6db-0b9bf7435762","DSNY_001.mammalGrid.mam","D03","DSNY","DSNY_001","F6","distributed","woodyWetlands",28.097204,-81.417175,"WGS84",45.1,21.1,0.1,"1 - trap not set","ShermanLF","2020-04-21","2020-04-21",,,,,,,,,,,,,,,,,,,,,,,,,,,,,,,,,,,,,,,,,,,,,,,,
"cacdcc76-d036-441b-9940-1ca64d2578e4","55a97d7e-7b19-4007-8dee-9898a06ca185","DSNY_010.mammalGrid.mam","D03","DSNY","DSNY_010","D6","distributed","woodyWetlands",28.117326,-81.435682,"WGS84",45.1,18.1,0.1,"1 - trap not set","ShermanLF","2020-04-21","2020-04-21",,,,,,,,,,,,,,,,,,,,,,,,,,,,,,,,,,,,,,,,,,,,,,,,
"bba5d441-0756-4870-8e5f-878889d79751","6bd5419d-87f8-446c-a6db-0b9bf7435762","DSNY_001.mammalGrid.mam","D03","DSNY","DSNY_001","C1","distributed","woodyWetlands",28.097204,-81.417175,"WGS84",45.1,21.1,0.1,"1 - trap not set","ShermanLF","2020-04-21","2020-04-21",,,,,,,,,,,,,,,,,,,,,,,,,,,,,,,,,,,,,,,,,,,,,,,,
"100c99df-a239-43c5-8f68-78557c08a75f","6bd5419d-87f8-446c-a6db-0b9bf7435762","DSNY_001.mammalGrid.mam","D03","DSNY","DSNY_001","I6","distributed","woodyWetlands",28.097204,-81.417175,"WGS84",45.1,21.1,0.1,"1 - trap not set","ShermanLF","2020-04-21","2020-04-21",,,,,,,,,,,,,,,,,,,,,,,,,,,,,,,,,,,,,,,,,,,,,,,,
"35eebcda-3844-42bb-9047-186d61c01363","55a97d7e-7b19-4007-8dee-9898a06ca185","DSNY_010.mammalGrid.mam","D03","DSNY","DSNY_010","E6","distributed","woodyWetlands",28.117326,-81.435682,"WGS84",45.1,18.1,0.1,"1 - trap not set","ShermanLF","2020-04-21","2020-04-21",,,,,,,,,,,,,,,,,,,,,,,,,,,,,,,,,,,,,,,,,,,,,,,,
"9f3a1aae-b56e-4f73-b277-ce6e36f63741","731cd63e-103e-4f6a-950f-be43f7219a0f","DSNY_005.mammalGrid.mam","D03","DSNY","DSNY_005","B3","distributed","woodyWetlands",28.039127,-81.391902,"WGS84",45.1,19.7,0.1,"1 - trap not set","ShermanLF","2020-04-21","2020-04-21",,,,,,,,,,,,,,,,,,,,,,,,,,,,,,,,,,,,,,,,,,,,,,,,
"3ff8342c-9990-431f-8714-7d34b3664271","731cd63e-103e-4f6a-950f-be43f7219a0f","DSNY_005.mammalGrid.mam","D03","DSNY","DSNY_005","D2","distributed","woodyWetlands",28.039127,-81.391902,"WGS84",45.1,19.7,0.1,"1 - trap not set","ShermanLF","2020-04-21","2020-04-21",,,,,,,,,,,,,,,,,,,,,,,,,,,,,,,,,,,,,,,,,,,,,,,,
"06a4d6a6-0632-4ae2-98aa-a936d2023368","731cd63e-103e-4f6a-950f-be43f7219a0f","DSNY_005.mammalGrid.mam","D03","DSNY","DSNY_005","C10","distributed","woodyWetlands",28.039127,-81.391902,"WGS84",45.1,19.7,0.1,"1 - trap not set","ShermanLF","2020-04-21","2020-04-21",,,,,,,,,,,,,,,,,,,,,,,,,,,,,,,,,,,,,,,,,,,,,,,,
"a2e61a74-ec83-4033-a911-a524caea1430","6bd5419d-87f8-446c-a6db-0b9bf7435762","DSNY_001.mammalGrid.mam","D03","DSNY","DSNY_001","B7","distributed","woodyWetlands",28.097204,-81.417175,"WGS84",45.1,21.1,0.1,"1 - trap not set","ShermanLF","2020-04-21","2020-04-21",,,,,,,,,,,,,,,,,,,,,,,,,,,,,,,,,,,,,,,,,,,,,,,,
"290e34ce-70fa-4636-9795-355cf854f50e","731cd63e-103e-4f6a-950f-be43f7219a0f","DSNY_005.mammalGrid.mam","D03","DSNY","DSNY_005","I10","distributed","woodyWetlands",28.039127,-81.391902,"WGS84",45.1,19.7,0.1,"1 - trap not set","ShermanLF","2020-04-21","2020-04-21",,,,,,,,,,,,,,,,,,,,,,,,,,,,,,,,,,,,,,,,,,,,,,,,
"27b11894-a2e7-43b4-a022-c177ecfe5223","6bd5419d-87f8-446c-a6db-0b9bf7435762","DSNY_001.mammalGrid.mam","D03","DSNY","DSNY_001","A9","distributed","woodyWetlands",28.097204,-81.417175,"WGS84",45.1,21.1,0.1,"1 - trap not set","ShermanLF","2020-04-21","2020-04-21",,,,,,,,,,,,,,,,,,,,,,,,,,,,,,,,,,,,,,,,,,,,,,,,
"60faa0cc-a687-45af-a7a3-48a2686a5780","14067362-58fb-4d81-b161-779a3365bef8","DSNY_005.mammalGrid.mam","D03","DSNY","DSNY_005","E1","distributed","woodyWetlands",28.039127,-81.391902,"WGS84",45.1,19.7,0.1,"1 - trap not set","ShermanLF","2020-04-22","2020-04-22",,,,,,,,,,,,,,,,,,,,,,,,,,,,,,,,,,,,,,,,,,,,,,,,
"c90f1f53-9724-4010-b507-37c227b163c1","35c2a142-748b-4ca6-9260-dd0209f3be70","DSNY_006.mammalGrid.mam","D03","DSNY","DSNY_006","A2","distributed","woodyWetlands",28.092915,-81.400851,"WGS84",45.1,20.7,0.1,"1 - trap not set","ShermanLF","2020-04-22","2020-04-22",,,,,,,,,,,,,,,,,,,,,,,,,,,,,,,,,,,,,,,,,,,,,,,,
"58de649f-c1ae-4b44-88ae-98a2692265ac","14067362-58fb-4d81-b161-779a3365bef8","DSNY_005.mammalGrid.mam","D03","DSNY","DSNY_005","F5","distributed","woodyWetlands",28.039127,-81.391902,"WGS84",45.1,19.7,0.1,"1 - trap not set","ShermanLF","2020-04-22","2020-04-22",,,,,,,,,,,,,,,,,,,,,,,,,,,,,,,,,,,,,,,,,,,,,,,,
"7a707a59-eba5-42ee-8557-570ae921acc5","ac226108-d008-4dbf-9d57-8c4295cc2aa8","DSNY_004.mammalGrid.mam","D03","DSNY","DSNY_004","G7","distributed","woodyWetlands",28.099481,-81.401475,"WGS84",45.1,20.8,0.1,"1 - trap not set","ShermanLF","2020-04-22","2020-04-22",,,,,,,,,,,,,,,,,,,,,,,,,,,,,,,,,,,,,,,,,,,,,,,,
"05e82c04-836d-4455-86cc-6fa3cb85c7ae","847b41a0-f1a2-44ba-aeb0-8b4a40a0f774","DSNY_001.mammalGrid.mam","D03","DSNY","DSNY_001","A4","distributed","woodyWetlands",28.097204,-81.417175,"WGS84",45.1,21.1,0.1,"1 - trap not set","ShermanLF","2020-04-22","2020-04-22",,,,,,,,,,,,,,,,,,,,,,,,,,,,,,,,,,,,,,,,,,,,,,,,
"bd9b1e6a-c122-4758-8beb-2ff1fcce439c","35c2a142-748b-4ca6-9260-dd0209f3be70","DSNY_006.mammalGrid.mam","D03","DSNY","DSNY_006","C7","distributed","woodyWetlands",28.092915,-81.400851,"WGS84",45.1,20.7,0.1,"1 - trap not set","ShermanLF","2020-04-22","2020-04-22",,,,,,,,,,,,,,,,,,,,,,,,,,,,,,,,,,,,,,,,,,,,,,,,
"9d7477aa-51cd-4c30-8173-145a1200fc76","847b41a0-f1a2-44ba-aeb0-8b4a40a0f774","DSNY_001.mammalGrid.mam","D03","DSNY","DSNY_001","C9","distributed","woodyWetlands",28.097204,-81.417175,"WGS84",45.1,21.1,0.1,"1 - trap not set","ShermanLF","2020-04-22","2020-04-22",,,,,,,,,,,,,,,,,,,,,,,,,,,,,,,,,,,,,,,,,,,,,,,,
"5cee878e-79ae-46f8-b4dc-f7755b100031","35c2a142-748b-4ca6-9260-dd0209f3be70","DSNY_006.mammalGrid.mam","D03","DSNY","DSNY_006","A9","distributed","woodyWetlands",28.092915,-81.400851,"WGS84",45.1,20.7,0.1,"1 - trap not set","ShermanLF","2020-04-22","2020-04-22",,,,,,,,,,,,,,,,,,,,,,,,,,,,,,,,,,,,,,,,,,,,,,,,
"7e43402c-fd93-429d-ba36-9e0bd10d7459","ac226108-d008-4dbf-9d57-8c4295cc2aa8","DSNY_004.mammalGrid.mam","D03","DSNY","DSNY_004","J7","distributed","woodyWetlands",28.099481,-81.401475,"WGS84",45.1,20.8,0.1,"1 - trap not set","ShermanLF","2020-04-22","2020-04-22",,,,,,,,,,,,,,,,,,,,,,,,,,,,,,,,,,,,,,,,,,,,,,,,
"12c6bf1d-d6e5-47a8-9ac1-556ff59324ca","ac226108-d008-4dbf-9d57-8c4295cc2aa8","DSNY_004.mammalGrid.mam","D03","DSNY","DSNY_004","I9","distributed","woodyWetlands",28.099481,-81.401475,"WGS84",45.1,20.8,0.1,"1 - trap not set","ShermanLF","2020-04-22","2020-04-22",,,,,,,,,,,,,,,,,,,,,,,,,,,,,,,,,,,,,,,,,,,,,,,,
"fe1c8589-bae8-4564-803d-9316cecd480a","14067362-58fb-4d81-b161-779a3365bef8","DSNY_005.mammalGrid.mam","D03","DSNY","DSNY_005","F1","distributed","woodyWetlands",28.039127,-81.391902,"WGS84",45.1,19.7,0.1,"1 - trap not set","ShermanLF","2020-04-22","2020-04-22",,,,,,,,,,,,,,,,,,,,,,,,,,,,,,,,,,,,,,,,,,,,,,,,
"109652da-ac56-4ddd-afa1-1cafd3e0599f","847b41a0-f1a2-44ba-aeb0-8b4a40a0f774","DSNY_001.mammalGrid.mam","D03","DSNY","DSNY_001","E5","distributed","woodyWetlands",28.097204,-81.417175,"WGS84",45.1,21.1,0.1,"1 - trap not set","ShermanLF","2020-04-22","2020-04-22",,,,,,,,,,,,,,,,,,,,,,,,,,,,,,,,,,,,,,,,,,,,,,,,
"912140c6-2f7d-4a2f-a453-bf5dd8212c60","847b41a0-f1a2-44ba-aeb0-8b4a40a0f774","DSNY_001.mammalGrid.mam","D03","DSNY","DSNY_001","C1","distributed","woodyWetlands",28.097204,-81.417175,"WGS84",45.1,21.1,0.1,"1 - trap not set","ShermanLF","2020-04-22","2020-04-22",,,,,,,,,,,,,,,,,,,,,,,,,,,,,,,,,,,,,,,,,,,,,,,,
"9123e279-6dd9-4746-a47d-9b1b4b44db7f","847b41a0-f1a2-44ba-aeb0-8b4a40a0f774","DSNY_001.mammalGrid.mam","D03","DSNY","DSNY_001","J9","distributed","woodyWetlands",28.097204,-81.417175,"WGS84",45.1,21.1,0.1,"1 - trap not set","ShermanLF","2020-04-22","2020-04-22",,,,,,,,,,,,,,,,,,,,,,,,,,,,,,,,,,,,,,,,,,,,,,,,
"e409c76a-b901-4c02-8b97-6cd869b0f61a","ac226108-d008-4dbf-9d57-8c4295cc2aa8","DSNY_004.mammalGrid.mam","D03","DSNY","DSNY_004","D3","distributed","woodyWetlands",28.099481,-81.401475,"WGS84",45.1,20.8,0.1,"1 - trap not set","ShermanLF","2020-04-22","2020-04-22",,,,,,,,,,,,,,,,,,,,,,,,,,,,,,,,,,,,,,,,,,,,,,,,
"6ee3700e-6014-4617-9307-6e939be7d297","ac226108-d008-4dbf-9d57-8c4295cc2aa8","DSNY_004.mammalGrid.mam","D03","DSNY","DSNY_004","D6","distributed","woodyWetlands",28.099481,-81.401475,"WGS84",45.1,20.8,0.1,"1 - trap not set","ShermanLF","2020-04-22","2020-04-22",,,,,,,,,,,,,,,,,,,,,,,,,,,,,,,,,,,,,,,,,,,,,,,,
"8893fe80-4bd6-4bff-9363-5cc17475767c","ac226108-d008-4dbf-9d57-8c4295cc2aa8","DSNY_004.mammalGrid.mam","D03","DSNY","DSNY_004","J9","distributed","woodyWetlands",28.099481,-81.401475,"WGS84",45.1,20.8,0.1,"1 - trap not set","ShermanLF","2020-04-22","2020-04-22",,,,,,,,,,,,,,,,,,,,,,,,,,,,,,,,,,,,,,,,,,,,,,,,
"cbef58c9-a444-426f-9463-fc10cdbae8cd","847b41a0-f1a2-44ba-aeb0-8b4a40a0f774","DSNY_001.mammalGrid.mam","D03","DSNY","DSNY_001","E3","distributed","woodyWetlands",28.097204,-81.417175,"WGS84",45.1,21.1,0.1,"1 - trap not set","ShermanLF","2020-04-22","2020-04-22",,,,,,,,,,,,,,,,,,,,,,,,,,,,,,,,,,,,,,,,,,,,,,,,
"6021a781-0337-4ca3-a6cc-4e7214f85ef3","847b41a0-f1a2-44ba-aeb0-8b4a40a0f774","DSNY_001.mammalGrid.mam","D03","DSNY","DSNY_001","D8","distributed","woodyWetlands",28.097204,-81.417175,"WGS84",45.1,21.1,0.1,"1 - trap not set","ShermanLF","2020-04-22","2020-04-22",,,,,,,,,,,,,,,,,,,,,,,,,,,,,,,,,,,,,,,,,,,,,,,,
"5bd1e16e-e047-4b75-a8cf-0f681c1698ad","ac226108-d008-4dbf-9d57-8c4295cc2aa8","DSNY_004.mammalGrid.mam","D03","DSNY","DSNY_004","B8","distributed","woodyWetlands",28.099481,-81.401475,"WGS84",45.1,20.8,0.1,"1 - trap not set","ShermanLF","2020-04-22","2020-04-22",,,,,,,,,,,,,,,,,,,,,,,,,,,,,,,,,,,,,,,,,,,,,,,,
"eaa9c07f-2005-46b4-a725-e760d69f5648","35c2a142-748b-4ca6-9260-dd0209f3be70","DSNY_006.mammalGrid.mam","D03","DSNY","DSNY_006","G10","distributed","woodyWetlands",28.092915,-81.400851,"WGS84",45.1,20.7,0.1,"1 - trap not set","ShermanLF","2020-04-22","2020-04-22",,,,,,,,,,,,,,,,,,,,,,,,,,,,,,,,,,,,,,,,,,,,,,,,
"079c8baa-4180-416d-9e2f-eb77c91328a7","ac226108-d008-4dbf-9d57-8c4295cc2aa8","DSNY_004.mammalGrid.mam","D03","DSNY","DSNY_004","D8","distributed","woodyWetlands",28.099481,-81.401475,"WGS84",45.1,20.8,0.1,"1 - trap not set","ShermanLF","2020-04-22","2020-04-22",,,,,,,,,,,,,,,,,,,,,,,,,,,,,,,,,,,,,,,,,,,,,,,,
"0511a795-12ad-4b47-bed2-fdc889c9c9a5","35c2a142-748b-4ca6-9260-dd0209f3be70","DSNY_006.mammalGrid.mam","D03","DSNY","DSNY_006","E9","distributed","woodyWetlands",28.092915,-81.400851,"WGS84",45.1,20.7,0.1,"1 - trap not set","ShermanLF","2020-04-22","2020-04-22",,,,,,,,,,,,,,,,,,,,,,,,,,,,,,,,,,,,,,,,,,,,,,,,
"ea1e54d0-4ce2-4ca2-9d6e-50c7065fabba","ac226108-d008-4dbf-9d57-8c4295cc2aa8","DSNY_004.mammalGrid.mam","D03","DSNY","DSNY_004","E7","distributed","woodyWetlands",28.099481,-81.401475,"WGS84",45.1,20.8,0.1,"1 - trap not set","ShermanLF","2020-04-22","2020-04-22",,,,,,,,,,,,,,,,,,,,,,,,,,,,,,,,,,,,,,,,,,,,,,,,
"a54cbbbd-6f9d-41e4-8363-f9431ae5011d","ac226108-d008-4dbf-9d57-8c4295cc2aa8","DSNY_004.mammalGrid.mam","D03","DSNY","DSNY_004","J10","distributed","woodyWetlands",28.099481,-81.401475,"WGS84",45.1,20.8,0.1,"1 - trap not set","ShermanLF","2020-04-22","2020-04-22",,,,,,,,,,,,,,,,,,,,,,,,,,,,,,,,,,,,,,,,,,,,,,,,
"3de3fde1-9250-45e5-a898-9361862daf2b","ac226108-d008-4dbf-9d57-8c4295cc2aa8","DSNY_004.mammalGrid.mam","D03","DSNY","DSNY_004","J3","distributed","woodyWetlands",28.099481,-81.401475,"WGS84",45.1,20.8,0.1,"1 - trap not set","ShermanLF","2020-04-22","2020-04-22",,,,,,,,,,,,,,,,,,,,,,,,,,,,,,,,,,,,,,,,,,,,,,,,
"cc502873-bc08-4717-aca3-ca295a126ce3","35c2a142-748b-4ca6-9260-dd0209f3be70","DSNY_006.mammalGrid.mam","D03","DSNY","DSNY_006","H3","distributed","woodyWetlands",28.092915,-81.400851,"WGS84",45.1,20.7,0.1,"1 - trap not set","ShermanLF","2020-04-22","2020-04-22",,,,,,,,,,,,,,,,,,,,,,,,,,,,,,,,,,,,,,,,,,,,,,,,
"a6edafda-6c1f-4ee3-87d8-159e016aa7d9","ac226108-d008-4dbf-9d57-8c4295cc2aa8","DSNY_004.mammalGrid.mam","D03","DSNY","DSNY_004","F6","distributed","woodyWetlands",28.099481,-81.401475,"WGS84",45.1,20.8,0.1,"1 - trap not set","ShermanLF","2020-04-22","2020-04-22",,,,,,,,,,,,,,,,,,,,,,,,,,,,,,,,,,,,,,,,,,,,,,,,
"8e832770-ce37-43f2-8985-50ba259af09b","ac226108-d008-4dbf-9d57-8c4295cc2aa8","DSNY_004.mammalGrid.mam","D03","DSNY","DSNY_004","G4","distributed","woodyWetlands",28.099481,-81.401475,"WGS84",45.1,20.8,0.1,"1 - trap not set","ShermanLF","2020-04-22","2020-04-22",,,,,,,,,,,,,,,,,,,,,,,,,,,,,,,,,,,,,,,,,,,,,,,,
"0d828d03-89f3-4476-ad74-41c0263948cb","ac226108-d008-4dbf-9d57-8c4295cc2aa8","DSNY_004.mammalGrid.mam","D03","DSNY","DSNY_004","B5","distributed","woodyWetlands",28.099481,-81.401475,"WGS84",45.1,20.8,0.1,"1 - trap not set","ShermanLF","2020-04-22","2020-04-22",,,,,,,,,,,,,,,,,,,,,,,,,,,,,,,,,,,,,,,,,,,,,,,,
"7248e6d6-94d0-4d35-8b89-8c834b553f59","847b41a0-f1a2-44ba-aeb0-8b4a40a0f774","DSNY_001.mammalGrid.mam","D03","DSNY","DSNY_001","H9","distributed","woodyWetlands",28.097204,-81.417175,"WGS84",45.1,21.1,0.1,"1 - trap not set","ShermanLF","2020-04-22","2020-04-22",,,,,,,,,,,,,,,,,,,,,,,,,,,,,,,,,,,,,,,,,,,,,,,,
"487583ce-edf5-4d22-a526-848e3646667e","35c2a142-748b-4ca6-9260-dd0209f3be70","DSNY_006.mammalGrid.mam","D03","DSNY","DSNY_006","J6","distributed","woodyWetlands",28.092915,-81.400851,"WGS84",45.1,20.7,0.1,"1 - trap not set","ShermanLF","2020-04-22","2020-04-22",,,,,,,,,,,,,,,,,,,,,,,,,,,,,,,,,,,,,,,,,,,,,,,,
"3ac214b5-f4b5-47f3-9199-42a9aa5c88f6","14067362-58fb-4d81-b161-779a3365bef8","DSNY_005.mammalGrid.mam","D03","DSNY","DSNY_005","G6","distributed","woodyWetlands",28.039127,-81.391902,"WGS84",45.1,19.7,0.1,"1 - trap not set","ShermanLF","2020-04-22","2020-04-22",,,,,,,,,,,,,,,,,,,,,,,,,,,,,,,,,,,,,,,,,,,,,,,,
"bedc929a-54d3-45ec-b804-d4df44cab0c9","14067362-58fb-4d81-b161-779a3365bef8","DSNY_005.mammalGrid.mam","D03","DSNY","DSNY_005","D4","distributed","woodyWetlands",28.039127,-81.391902,"WGS84",45.1,19.7,0.1,"1 - trap not set","ShermanLF","2020-04-22","2020-04-22",,,,,,,,,,,,,,,,,,,,,,,,,,,,,,,,,,,,,,,,,,,,,,,,
"bfe22e5b-9197-4749-908b-ce06f1f5047d","14067362-58fb-4d81-b161-779a3365bef8","DSNY_005.mammalGrid.mam","D03","DSNY","DSNY_005","J7","distributed","woodyWetlands",28.039127,-81.391902,"WGS84",45.1,19.7,0.1,"1 - trap not set","ShermanLF","2020-04-22","2020-04-22",,,,,,,,,,,,,,,,,,,,,,,,,,,,,,,,,,,,,,,,,,,,,,,,
"70b40501-6efa-4e8b-9c27-4aad6a383fdc","ac226108-d008-4dbf-9d57-8c4295cc2aa8","DSNY_004.mammalGrid.mam","D03","DSNY","DSNY_004","H9","distributed","woodyWetlands",28.099481,-81.401475,"WGS84",45.1,20.8,0.1,"1 - trap not set","ShermanLF","2020-04-22","2020-04-22",,,,,,,,,,,,,,,,,,,,,,,,,,,,,,,,,,,,,,,,,,,,,,,,
"3d993ada-c000-4c08-9f33-45f40da07f38","847b41a0-f1a2-44ba-aeb0-8b4a40a0f774","DSNY_001.mammalGrid.mam","D03","DSNY","DSNY_001","G7","distributed","woodyWetlands",28.097204,-81.417175,"WGS84",45.1,21.1,0.1,"1 - trap not set","ShermanLF","2020-04-22","2020-04-22",,,,,,,,,,,,,,,,,,,,,,,,,,,,,,,,,,,,,,,,,,,,,,,,
"4d994320-c0c7-4fb3-9baf-cffb6ff5afaf","ac226108-d008-4dbf-9d57-8c4295cc2aa8","DSNY_004.mammalGrid.mam","D03","DSNY","DSNY_004","G6","distributed","woodyWetlands",28.099481,-81.401475,"WGS84",45.1,20.8,0.1,"1 - trap not set","ShermanLF","2020-04-22","2020-04-22",,,,,,,,,,,,,,,,,,,,,,,,,,,,,,,,,,,,,,,,,,,,,,,,
"0dd6c1c9-4e59-4c8b-9545-abe3d93dd1ea","ac226108-d008-4dbf-9d57-8c4295cc2aa8","DSNY_004.mammalGrid.mam","D03","DSNY","DSNY_004","E4","distributed","woodyWetlands",28.099481,-81.401475,"WGS84",45.1,20.8,0.1,"1 - trap not set","ShermanLF","2020-04-22","2020-04-22",,,,,,,,,,,,,,,,,,,,,,,,,,,,,,,,,,,,,,,,,,,,,,,,
"63f418ad-46f5-406e-ae40-aacb01a77376","35c2a142-748b-4ca6-9260-dd0209f3be70","DSNY_006.mammalGrid.mam","D03","DSNY","DSNY_006","H4","distributed","woodyWetlands",28.092915,-81.400851,"WGS84",45.1,20.7,0.1,"1 - trap not set","ShermanLF","2020-04-22","2020-04-22",,,,,,,,,,,,,,,,,,,,,,,,,,,,,,,,,,,,,,,,,,,,,,,,
"63ed5a97-cf0b-4461-b723-b6f789082570","ac226108-d008-4dbf-9d57-8c4295cc2aa8","DSNY_004.mammalGrid.mam","D03","DSNY","DSNY_004","B7","distributed","woodyWetlands",28.099481,-81.401475,"WGS84",45.1,20.8,0.1,"1 - trap not set","ShermanLF","2020-04-22","2020-04-22",,,,,,,,,,,,,,,,,,,,,,,,,,,,,,,,,,,,,,,,,,,,,,,,
"9b3dfc0b-3523-4b1f-86f5-b98788b38318","ac226108-d008-4dbf-9d57-8c4295cc2aa8","DSNY_004.mammalGrid.mam","D03","DSNY","DSNY_004","A10","distributed","woodyWetlands",28.099481,-81.401475,"WGS84",45.1,20.8,0.1,"1 - trap not set","ShermanLF","2020-04-22","2020-04-22",,,,,,,,,,,,,,,,,,,,,,,,,,,,,,,,,,,,,,,,,,,,,,,,
"e0b0bdff-aa9f-41d4-99f8-679290a9b344","35c2a142-748b-4ca6-9260-dd0209f3be70","DSNY_006.mammalGrid.mam","D03","DSNY","DSNY_006","D2","distributed","woodyWetlands",28.092915,-81.400851,"WGS84",45.1,20.7,0.1,"1 - trap not set","ShermanLF","2020-04-22","2020-04-22",,,,,,,,,,,,,,,,,,,,,,,,,,,,,,,,,,,,,,,,,,,,,,,,
"30771d1d-87fe-43a2-9f78-b520392944d7","ac226108-d008-4dbf-9d57-8c4295cc2aa8","DSNY_004.mammalGrid.mam","D03","DSNY","DSNY_004","B2","distributed","woodyWetlands",28.099481,-81.401475,"WGS84",45.1,20.8,0.1,"1 - trap not set","ShermanLF","2020-04-22","2020-04-22",,,,,,,,,,,,,,,,,,,,,,,,,,,,,,,,,,,,,,,,,,,,,,,,
"fa15bdbe-2b97-4e00-9000-7e2ee0ca75c0","847b41a0-f1a2-44ba-aeb0-8b4a40a0f774","DSNY_001.mammalGrid.mam","D03","DSNY","DSNY_001","I9","distributed","woodyWetlands",28.097204,-81.417175,"WGS84",45.1,21.1,0.1,"1 - trap not set","ShermanLF","2020-04-22","2020-04-22",,,,,,,,,,,,,,,,,,,,,,,,,,,,,,,,,,,,,,,,,,,,,,,,
"39fe2bf3-f23e-4e5f-8059-35f8abc4fae8","ac226108-d008-4dbf-9d57-8c4295cc2aa8","DSNY_004.mammalGrid.mam","D03","DSNY","DSNY_004","C7","distributed","woodyWetlands",28.099481,-81.401475,"WGS84",45.1,20.8,0.1,"1 - trap not set","ShermanLF","2020-04-22","2020-04-22",,,,,,,,,,,,,,,,,,,,,,,,,,,,,,,,,,,,,,,,,,,,,,,,
"b15ac4d5-1b33-4481-b888-5070201f1fbb","35c2a142-748b-4ca6-9260-dd0209f3be70","DSNY_006.mammalGrid.mam","D03","DSNY","DSNY_006","I5","distributed","woodyWetlands",28.092915,-81.400851,"WGS84",45.1,20.7,0.1,"1 - trap not set","ShermanLF","2020-04-22","2020-04-22",,,,,,,,,,,,,,,,,,,,,,,,,,,,,,,,,,,,,,,,,,,,,,,,
"39a09bfa-3b4e-4b0f-a496-582bf38033dc","ac226108-d008-4dbf-9d57-8c4295cc2aa8","DSNY_004.mammalGrid.mam","D03","DSNY","DSNY_004","J5","distributed","woodyWetlands",28.099481,-81.401475,"WGS84",45.1,20.8,0.1,"1 - trap not set","ShermanLF","2020-04-22","2020-04-22",,,,,,,,,,,,,,,,,,,,,,,,,,,,,,,,,,,,,,,,,,,,,,,,
"d439d17f-978e-4d2c-83c0-ff19ec041893","35c2a142-748b-4ca6-9260-dd0209f3be70","DSNY_006.mammalGrid.mam","D03","DSNY","DSNY_006","C9","distributed","woodyWetlands",28.092915,-81.400851,"WGS84",45.1,20.7,0.1,"1 - trap not set","ShermanLF","2020-04-22","2020-04-22",,,,,,,,,,,,,,,,,,,,,,,,,,,,,,,,,,,,,,,,,,,,,,,,
"c294367e-6e47-420c-840a-d726b7ef0276","35c2a142-748b-4ca6-9260-dd0209f3be70","DSNY_006.mammalGrid.mam","D03","DSNY","DSNY_006","H7","distributed","woodyWetlands",28.092915,-81.400851,"WGS84",45.1,20.7,0.1,"1 - trap not set","ShermanLF","2020-04-22","2020-04-22",,,,,,,,,,,,,,,,,,,,,,,,,,,,,,,,,,,,,,,,,,,,,,,,
"84e2523e-6b80-4014-bbcd-c47b64619929","847b41a0-f1a2-44ba-aeb0-8b4a40a0f774","DSNY_001.mammalGrid.mam","D03","DSNY","DSNY_001","A7","distributed","woodyWetlands",28.097204,-81.417175,"WGS84",45.1,21.1,0.1,"1 - trap not set","ShermanLF","2020-04-22","2020-04-22",,,,,,,,,,,,,,,,,,,,,,,,,,,,,,,,,,,,,,,,,,,,,,,,
"3e7cae80-5d5f-461f-a155-fa6df0cb0d21","35c2a142-748b-4ca6-9260-dd0209f3be70","DSNY_006.mammalGrid.mam","D03","DSNY","DSNY_006","G6","distributed","woodyWetlands",28.092915,-81.400851,"WGS84",45.1,20.7,0.1,"1 - trap not set","ShermanLF","2020-04-22","2020-04-22",,,,,,,,,,,,,,,,,,,,,,,,,,,,,,,,,,,,,,,,,,,,,,,,
"55efc348-6655-42be-98d0-781d7c982ed9","ac226108-d008-4dbf-9d57-8c4295cc2aa8","DSNY_004.mammalGrid.mam","D03","DSNY","DSNY_004","H6","distributed","woodyWetlands",28.099481,-81.401475,"WGS84",45.1,20.8,0.1,"1 - trap not set","ShermanLF","2020-04-22","2020-04-22",,,,,,,,,,,,,,,,,,,,,,,,,,,,,,,,,,,,,,,,,,,,,,,,
"d3615272-bae8-4438-b190-4c37c76e7517","14067362-58fb-4d81-b161-779a3365bef8","DSNY_005.mammalGrid.mam","D03","DSNY","DSNY_005","C1","distributed","woodyWetlands",28.039127,-81.391902,"WGS84",45.1,19.7,0.1,"1 - trap not set","ShermanLF","2020-04-22","2020-04-22",,,,,,,,,,,,,,,,,,,,,,,,,,,,,,,,,,,,,,,,,,,,,,,,
"c7b698c6-168f-4db4-aa42-debd55037646","14067362-58fb-4d81-b161-779a3365bef8","DSNY_005.mammalGrid.mam","D03","DSNY","DSNY_005","B1","distributed","woodyWetlands",28.039127,-81.391902,"WGS84",45.1,19.7,0.1,"1 - trap not set","ShermanLF","2020-04-22","2020-04-22",,,,,,,,,,,,,,,,,,,,,,,,,,,,,,,,,,,,,,,,,,,,,,,,
"354b0b27-629c-46da-b81d-0be319108a1c","ac226108-d008-4dbf-9d57-8c4295cc2aa8","DSNY_004.mammalGrid.mam","D03","DSNY","DSNY_004","J4","distributed","woodyWetlands",28.099481,-81.401475,"WGS84",45.1,20.8,0.1,"1 - trap not set","ShermanLF","2020-04-22","2020-04-22",,,,,,,,,,,,,,,,,,,,,,,,,,,,,,,,,,,,,,,,,,,,,,,,
"652d2aa6-02b9-4770-99ca-ad78867e73f4","14067362-58fb-4d81-b161-779a3365bef8","DSNY_005.mammalGrid.mam","D03","DSNY","DSNY_005","H9","distributed","woodyWetlands",28.039127,-81.391902,"WGS84",45.1,19.7,0.1,"1 - trap not set","ShermanLF","2020-04-22","2020-04-22",,,,,,,,,,,,,,,,,,,,,,,,,,,,,,,,,,,,,,,,,,,,,,,,
"16c6c7b5-440d-4ea9-8727-643eda0568a5","ac226108-d008-4dbf-9d57-8c4295cc2aa8","DSNY_004.mammalGrid.mam","D03","DSNY","DSNY_004","J8","distributed","woodyWetlands",28.099481,-81.401475,"WGS84",45.1,20.8,0.1,"1 - trap not set","ShermanLF","2020-04-22","2020-04-22",,,,,,,,,,,,,,,,,,,,,,,,,,,,,,,,,,,,,,,,,,,,,,,,
"48383e50-15c8-49b6-9c0f-49565502cb85","847b41a0-f1a2-44ba-aeb0-8b4a40a0f774","DSNY_001.mammalGrid.mam","D03","DSNY","DSNY_001","B4","distributed","woodyWetlands",28.097204,-81.417175,"WGS84",45.1,21.1,0.1,"1 - trap not set","ShermanLF","2020-04-22","2020-04-22",,,,,,,,,,,,,,,,,,,,,,,,,,,,,,,,,,,,,,,,,,,,,,,,
"1757e28f-bf44-4216-a83a-d03c6aaa4ef2","35c2a142-748b-4ca6-9260-dd0209f3be70","DSNY_006.mammalGrid.mam","D03","DSNY","DSNY_006","G5","distributed","woodyWetlands",28.092915,-81.400851,"WGS84",45.1,20.7,0.1,"1 - trap not set","ShermanLF","2020-04-22","2020-04-22",,,,,,,,,,,,,,,,,,,,,,,,,,,,,,,,,,,,,,,,,,,,,,,,
"92d854a3-7483-4b26-b736-003ae640e4d1","847b41a0-f1a2-44ba-aeb0-8b4a40a0f774","DSNY_001.mammalGrid.mam","D03","DSNY","DSNY_001","A3","distributed","woodyWetlands",28.097204,-81.417175,"WGS84",45.1,21.1,0.1,"1 - trap not set","ShermanLF","2020-04-22","2020-04-22",,,,,,,,,,,,,,,,,,,,,,,,,,,,,,,,,,,,,,,,,,,,,,,,
"efe45f76-a5f8-4e86-af24-e16855b2a3f4","847b41a0-f1a2-44ba-aeb0-8b4a40a0f774","DSNY_001.mammalGrid.mam","D03","DSNY","DSNY_001","E10","distributed","woodyWetlands",28.097204,-81.417175,"WGS84",45.1,21.1,0.1,"1 - trap not set","ShermanLF","2020-04-22","2020-04-22",,,,,,,,,,,,,,,,,,,,,,,,,,,,,,,,,,,,,,,,,,,,,,,,
"4e9a46d5-a2c8-43fa-8529-4da9ce2d27d2","35c2a142-748b-4ca6-9260-dd0209f3be70","DSNY_006.mammalGrid.mam","D03","DSNY","DSNY_006","G7","distributed","woodyWetlands",28.092915,-81.400851,"WGS84",45.1,20.7,0.1,"1 - trap not set","ShermanLF","2020-04-22","2020-04-22",,,,,,,,,,,,,,,,,,,,,,,,,,,,,,,,,,,,,,,,,,,,,,,,
"fba356ac-0319-4fa1-bce6-81ea4ffe5d58","847b41a0-f1a2-44ba-aeb0-8b4a40a0f774","DSNY_001.mammalGrid.mam","D03","DSNY","DSNY_001","C3","distributed","woodyWetlands",28.097204,-81.417175,"WGS84",45.1,21.1,0.1,"1 - trap not set","ShermanLF","2020-04-22","2020-04-22",,,,,,,,,,,,,,,,,,,,,,,,,,,,,,,,,,,,,,,,,,,,,,,,
"a13d0bcb-caef-4d6d-9454-f8fb5b2500d5","14067362-58fb-4d81-b161-779a3365bef8","DSNY_005.mammalGrid.mam","D03","DSNY","DSNY_005","H5","distributed","woodyWetlands",28.039127,-81.391902,"WGS84",45.1,19.7,0.1,"1 - trap not set","ShermanLF","2020-04-22","2020-04-22",,,,,,,,,,,,,,,,,,,,,,,,,,,,,,,,,,,,,,,,,,,,,,,,
"4dad59f3-594f-43bf-b0e4-6864773f8308","847b41a0-f1a2-44ba-aeb0-8b4a40a0f774","DSNY_001.mammalGrid.mam","D03","DSNY","DSNY_001","E2","distributed","woodyWetlands",28.097204,-81.417175,"WGS84",45.1,21.1,0.1,"1 - trap not set","ShermanLF","2020-04-22","2020-04-22",,,,,,,,,,,,,,,,,,,,,,,,,,,,,,,,,,,,,,,,,,,,,,,,
"b87f4407-05bf-490d-8539-47e37c5690b1","35c2a142-748b-4ca6-9260-dd0209f3be70","DSNY_006.mammalGrid.mam","D03","DSNY","DSNY_006","A4","distributed","woodyWetlands",28.092915,-81.400851,"WGS84",45.1,20.7,0.1,"1 - trap not set","ShermanLF","2020-04-22","2020-04-22",,,,,,,,,,,,,,,,,,,,,,,,,,,,,,,,,,,,,,,,,,,,,,,,
"dfc0934e-dbbc-472b-b526-6a8b11e64bd1","847b41a0-f1a2-44ba-aeb0-8b4a40a0f774","DSNY_001.mammalGrid.mam","D03","DSNY","DSNY_001","G10","distributed","woodyWetlands",28.097204,-81.417175,"WGS84",45.1,21.1,0.1,"1 - trap not set","ShermanLF","2020-04-22","2020-04-22",,,,,,,,,,,,,,,,,,,,,,,,,,,,,,,,,,,,,,,,,,,,,,,,
"5c06cb0a-f812-4d84-8b58-040e0f79a8af","35c2a142-748b-4ca6-9260-dd0209f3be70","DSNY_006.mammalGrid.mam","D03","DSNY","DSNY_006","J8","distributed","woodyWetlands",28.092915,-81.400851,"WGS84",45.1,20.7,0.1,"1 - trap not set","ShermanLF","2020-04-22","2020-04-22",,,,,,,,,,,,,,,,,,,,,,,,,,,,,,,,,,,,,,,,,,,,,,,,
"12305ecd-c5a1-4e7d-ba9b-196605ee839e","847b41a0-f1a2-44ba-aeb0-8b4a40a0f774","DSNY_001.mammalGrid.mam","D03","DSNY","DSNY_001","H10","distributed","woodyWetlands",28.097204,-81.417175,"WGS84",45.1,21.1,0.1,"1 - trap not set","ShermanLF","2020-04-22","2020-04-22",,,,,,,,,,,,,,,,,,,,,,,,,,,,,,,,,,,,,,,,,,,,,,,,
"ffeba500-f3ff-45d5-9d14-3a2ba95bb4c0","14067362-58fb-4d81-b161-779a3365bef8","DSNY_005.mammalGrid.mam","D03","DSNY","DSNY_005","F9","distributed","woodyWetlands",28.039127,-81.391902,"WGS84",45.1,19.7,0.1,"1 - trap not set","ShermanLF","2020-04-22","2020-04-22",,,,,,,,,,,,,,,,,,,,,,,,,,,,,,,,,,,,,,,,,,,,,,,,
"225e5c13-4769-4ed0-807d-7b065c146e01","14067362-58fb-4d81-b161-779a3365bef8","DSNY_005.mammalGrid.mam","D03","DSNY","DSNY_005","I9","distributed","woodyWetlands",28.039127,-81.391902,"WGS84",45.1,19.7,0.1,"1 - trap not set","ShermanLF","2020-04-22","2020-04-22",,,,,,,,,,,,,,,,,,,,,,,,,,,,,,,,,,,,,,,,,,,,,,,,
"0c4257d1-63d4-40f0-a183-9fda7bee1f69","35c2a142-748b-4ca6-9260-dd0209f3be70","DSNY_006.mammalGrid.mam","D03","DSNY","DSNY_006","E10","distributed","woodyWetlands",28.092915,-81.400851,"WGS84",45.1,20.7,0.1,"1 - trap not set","ShermanLF","2020-04-22","2020-04-22",,,,,,,,,,,,,,,,,,,,,,,,,,,,,,,,,,,,,,,,,,,,,,,,
"e11015d0-fac4-45db-810a-4c8d69264701","14067362-58fb-4d81-b161-779a3365bef8","DSNY_005.mammalGrid.mam","D03","DSNY","DSNY_005","F3","distributed","woodyWetlands",28.039127,-81.391902,"WGS84",45.1,19.7,0.1,"1 - trap not set","ShermanLF","2020-04-22","2020-04-22",,,,,,,,,,,,,,,,,,,,,,,,,,,,,,,,,,,,,,,,,,,,,,,,
"bd0bef2f-1a48-4ad6-b668-af93377bf824","ac226108-d008-4dbf-9d57-8c4295cc2aa8","DSNY_004.mammalGrid.mam","D03","DSNY","DSNY_004","F8","distributed","woodyWetlands",28.099481,-81.401475,"WGS84",45.1,20.8,0.1,"1 - trap not set","ShermanLF","2020-04-22","2020-04-22",,,,,,,,,,,,,,,,,,,,,,,,,,,,,,,,,,,,,,,,,,,,,,,,
"4d19514b-6b0b-4eb4-b5a3-8ed5e7dd2090","35c2a142-748b-4ca6-9260-dd0209f3be70","DSNY_006.mammalGrid.mam","D03","DSNY","DSNY_006","D9","distributed","woodyWetlands",28.092915,-81.400851,"WGS84",45.1,20.7,0.1,"1 - trap not set","ShermanLF","2020-04-22","2020-04-22",,,,,,,,,,,,,,,,,,,,,,,,,,,,,,,,,,,,,,,,,,,,,,,,
"e2f91bd9-2a8a-4522-9e6f-f6cb9b97f12b","847b41a0-f1a2-44ba-aeb0-8b4a40a0f774","DSNY_001.mammalGrid.mam","D03","DSNY","DSNY_001","B9","distributed","woodyWetlands",28.097204,-81.417175,"WGS84",45.1,21.1,0.1,"1 - trap not set","ShermanLF","2020-04-22","2020-04-22",,,,,,,,,,,,,,,,,,,,,,,,,,,,,,,,,,,,,,,,,,,,,,,,
"127e4e28-f75b-46f0-a882-ff9db39045e1","ac226108-d008-4dbf-9d57-8c4295cc2aa8","DSNY_004.mammalGrid.mam","D03","DSNY","DSNY_004","B4","distributed","woodyWetlands",28.099481,-81.401475,"WGS84",45.1,20.8,0.1,"1 - trap not set","ShermanLF","2020-04-22","2020-04-22",,,,,,,,,,,,,,,,,,,,,,,,,,,,,,,,,,,,,,,,,,,,,,,,
"ac28a8da-6e48-466f-90ec-14601912566b","847b41a0-f1a2-44ba-aeb0-8b4a40a0f774","DSNY_001.mammalGrid.mam","D03","DSNY","DSNY_001","J1","distributed","woodyWetlands",28.097204,-81.417175,"WGS84",45.1,21.1,0.1,"1 - trap not set","ShermanLF","2020-04-22","2020-04-22",,,,,,,,,,,,,,,,,,,,,,,,,,,,,,,,,,,,,,,,,,,,,,,,
"de6d1340-942f-4626-ba5a-20d73f712dbd","ac226108-d008-4dbf-9d57-8c4295cc2aa8","DSNY_004.mammalGrid.mam","D03","DSNY","DSNY_004","G8","distributed","woodyWetlands",28.099481,-81.401475,"WGS84",45.1,20.8,0.1,"1 - trap not set","ShermanLF","2020-04-22","2020-04-22",,,,,,,,,,,,,,,,,,,,,,,,,,,,,,,,,,,,,,,,,,,,,,,,
"e0b31c6e-bf56-489f-8e69-f14a49deaf22","ac226108-d008-4dbf-9d57-8c4295cc2aa8","DSNY_004.mammalGrid.mam","D03","DSNY","DSNY_004","I5","distributed","woodyWetlands",28.099481,-81.401475,"WGS84",45.1,20.8,0.1,"1 - trap not set","ShermanLF","2020-04-22","2020-04-22",,,,,,,,,,,,,,,,,,,,,,,,,,,,,,,,,,,,,,,,,,,,,,,,
"4f3c658c-2c72-44cb-88bc-7124a7f316ac","847b41a0-f1a2-44ba-aeb0-8b4a40a0f774","DSNY_001.mammalGrid.mam","D03","DSNY","DSNY_001","D7","distributed","woodyWetlands",28.097204,-81.417175,"WGS84",45.1,21.1,0.1,"1 - trap not set","ShermanLF","2020-04-22","2020-04-22",,,,,,,,,,,,,,,,,,,,,,,,,,,,,,,,,,,,,,,,,,,,,,,,
"62f4a101-c487-493f-8069-2e1443a9687e","14067362-58fb-4d81-b161-779a3365bef8","DSNY_005.mammalGrid.mam","D03","DSNY","DSNY_005","F8","distributed","woodyWetlands",28.039127,-81.391902,"WGS84",45.1,19.7,0.1,"1 - trap not set","ShermanLF","2020-04-22","2020-04-22",,,,,,,,,,,,,,,,,,,,,,,,,,,,,,,,,,,,,,,,,,,,,,,,
"68e11559-4cae-4a45-8520-2c73f36a715e","847b41a0-f1a2-44ba-aeb0-8b4a40a0f774","DSNY_001.mammalGrid.mam","D03","DSNY","DSNY_001","H8","distributed","woodyWetlands",28.097204,-81.417175,"WGS84",45.1,21.1,0.1,"1 - trap not set","ShermanLF","2020-04-22","2020-04-22",,,,,,,,,,,,,,,,,,,,,,,,,,,,,,,,,,,,,,,,,,,,,,,,
"69cae467-8087-425c-b5c7-2f2d61adb1e7","35c2a142-748b-4ca6-9260-dd0209f3be70","DSNY_006.mammalGrid.mam","D03","DSNY","DSNY_006","D1","distributed","woodyWetlands",28.092915,-81.400851,"WGS84",45.1,20.7,0.1,"1 - trap not set","ShermanLF","2020-04-22","2020-04-22",,,,,,,,,,,,,,,,,,,,,,,,,,,,,,,,,,,,,,,,,,,,,,,,
"92cb1b8a-11d6-4071-b356-15287f25830d","847b41a0-f1a2-44ba-aeb0-8b4a40a0f774","DSNY_001.mammalGrid.mam","D03","DSNY","DSNY_001","A1","distributed","woodyWetlands",28.097204,-81.417175,"WGS84",45.1,21.1,0.1,"1 - trap not set","ShermanLF","2020-04-22","2020-04-22",,,,,,,,,,,,,,,,,,,,,,,,,,,,,,,,,,,,,,,,,,,,,,,,
"97c174af-565d-41b9-badd-3e3a4163fa5d","35c2a142-748b-4ca6-9260-dd0209f3be70","DSNY_006.mammalGrid.mam","D03","DSNY","DSNY_006","F7","distributed","woodyWetlands",28.092915,-81.400851,"WGS84",45.1,20.7,0.1,"1 - trap not set","ShermanLF","2020-04-22","2020-04-22",,,,,,,,,,,,,,,,,,,,,,,,,,,,,,,,,,,,,,,,,,,,,,,,
"8cc1faf7-e5b5-498d-a0c9-cb99716b6399","14067362-58fb-4d81-b161-779a3365bef8","DSNY_005.mammalGrid.mam","D03","DSNY","DSNY_005","A6","distributed","woodyWetlands",28.039127,-81.391902,"WGS84",45.1,19.7,0.1,"1 - trap not set","ShermanLF","2020-04-22","2020-04-22",,,,,,,,,,,,,,,,,,,,,,,,,,,,,,,,,,,,,,,,,,,,,,,,
"6d57fdf2-9a39-44fc-81f4-d014d47aba42","14067362-58fb-4d81-b161-779a3365bef8","DSNY_005.mammalGrid.mam","D03","DSNY","DSNY_005","J5","distributed","woodyWetlands",28.039127,-81.391902,"WGS84",45.1,19.7,0.1,"1 - trap not set","ShermanLF","2020-04-22","2020-04-22",,,,,,,,,,,,,,,,,,,,,,,,,,,,,,,,,,,,,,,,,,,,,,,,
"f3736d0f-b243-497b-9904-60b87c827d28","847b41a0-f1a2-44ba-aeb0-8b4a40a0f774","DSNY_001.mammalGrid.mam","D03","DSNY","DSNY_001","F6","distributed","woodyWetlands",28.097204,-81.417175,"WGS84",45.1,21.1,0.1,"1 - trap not set","ShermanLF","2020-04-22","2020-04-22",,,,,,,,,,,,,,,,,,,,,,,,,,,,,,,,,,,,,,,,,,,,,,,,
"bf620ada-e8a2-4a83-9411-ba86f53f996f","14067362-58fb-4d81-b161-779a3365bef8","DSNY_005.mammalGrid.mam","D03","DSNY","DSNY_005","F4","distributed","woodyWetlands",28.039127,-81.391902,"WGS84",45.1,19.7,0.1,"1 - trap not set","ShermanLF","2020-04-22","2020-04-22",,,,,,,,,,,,,,,,,,,,,,,,,,,,,,,,,,,,,,,,,,,,,,,,
"4c57dbc2-893d-4abb-b03a-231fba95b5f6","ac226108-d008-4dbf-9d57-8c4295cc2aa8","DSNY_004.mammalGrid.mam","D03","DSNY","DSNY_004","C1","distributed","woodyWetlands",28.099481,-81.401475,"WGS84",45.1,20.8,0.1,"1 - trap not set","ShermanLF","2020-04-22","2020-04-22",,,,,,,,,,,,,,,,,,,,,,,,,,,,,,,,,,,,,,,,,,,,,,,,
"f704aae8-c975-4642-81c2-04817bd22bd0","847b41a0-f1a2-44ba-aeb0-8b4a40a0f774","DSNY_001.mammalGrid.mam","D03","DSNY","DSNY_001","C2","distributed","woodyWetlands",28.097204,-81.417175,"WGS84",45.1,21.1,0.1,"1 - trap not set","ShermanLF","2020-04-22","2020-04-22",,,,,,,,,,,,,,,,,,,,,,,,,,,,,,,,,,,,,,,,,,,,,,,,
"7d9cce70-07a4-47f9-9ef1-93bf0644c83a","14067362-58fb-4d81-b161-779a3365bef8","DSNY_005.mammalGrid.mam","D03","DSNY","DSNY_005","E10","distributed","woodyWetlands",28.039127,-81.391902,"WGS84",45.1,19.7,0.1,"1 - trap not set","ShermanLF","2020-04-22","2020-04-22",,,,,,,,,,,,,,,,,,,,,,,,,,,,,,,,,,,,,,,,,,,,,,,,
"25d30ee6-734a-449b-9356-27f1cac162f9","35c2a142-748b-4ca6-9260-dd0209f3be70","DSNY_006.mammalGrid.mam","D03","DSNY","DSNY_006","B5","distributed","woodyWetlands",28.092915,-81.400851,"WGS84",45.1,20.7,0.1,"1 - trap not set","ShermanLF","2020-04-22","2020-04-22",,,,,,,,,,,,,,,,,,,,,,,,,,,,,,,,,,,,,,,,,,,,,,,,
"c0e5b996-5be4-4831-9641-4b2fbe3244bd","847b41a0-f1a2-44ba-aeb0-8b4a40a0f774","DSNY_001.mammalGrid.mam","D03","DSNY","DSNY_001","J6","distributed","woodyWetlands",28.097204,-81.417175,"WGS84",45.1,21.1,0.1,"1 - trap not set","ShermanLF","2020-04-22","2020-04-22",,,,,,,,,,,,,,,,,,,,,,,,,,,,,,,,,,,,,,,,,,,,,,,,
"fd2e69e2-d7e9-4ff1-b5a8-142febb2349e","847b41a0-f1a2-44ba-aeb0-8b4a40a0f774","DSNY_001.mammalGrid.mam","D03","DSNY","DSNY_001","F2","distributed","woodyWetlands",28.097204,-81.417175,"WGS84",45.1,21.1,0.1,"1 - trap not set","ShermanLF","2020-04-22","2020-04-22",,,,,,,,,,,,,,,,,,,,,,,,,,,,,,,,,,,,,,,,,,,,,,,,
"e90f567c-8936-4c30-822a-3fb4e55114b6","ac226108-d008-4dbf-9d57-8c4295cc2aa8","DSNY_004.mammalGrid.mam","D03","DSNY","DSNY_004","H10","distributed","woodyWetlands",28.099481,-81.401475,"WGS84",45.1,20.8,0.1,"1 - trap not set","ShermanLF","2020-04-22","2020-04-22",,,,,,,,,,,,,,,,,,,,,,,,,,,,,,,,,,,,,,,,,,,,,,,,
"21b8b87e-be76-4fd6-8f76-f717b0810a96","14067362-58fb-4d81-b161-779a3365bef8","DSNY_005.mammalGrid.mam","D03","DSNY","DSNY_005","D3","distributed","woodyWetlands",28.039127,-81.391902,"WGS84",45.1,19.7,0.1,"1 - trap not set","ShermanLF","2020-04-22","2020-04-22",,,,,,,,,,,,,,,,,,,,,,,,,,,,,,,,,,,,,,,,,,,,,,,,
"f2af01b0-4696-45e0-b804-01222e637719","847b41a0-f1a2-44ba-aeb0-8b4a40a0f774","DSNY_001.mammalGrid.mam","D03","DSNY","DSNY_001","B6","distributed","woodyWetlands",28.097204,-81.417175,"WGS84",45.1,21.1,0.1,"1 - trap not set","ShermanLF","2020-04-22","2020-04-22",,,,,,,,,,,,,,,,,,,,,,,,,,,,,,,,,,,,,,,,,,,,,,,,
"ff1bfca4-672f-4b19-9db6-5becaff0bacb","35c2a142-748b-4ca6-9260-dd0209f3be70","DSNY_006.mammalGrid.mam","D03","DSNY","DSNY_006","H6","distributed","woodyWetlands",28.092915,-81.400851,"WGS84",45.1,20.7,0.1,"1 - trap not set","ShermanLF","2020-04-22","2020-04-22",,,,,,,,,,,,,,,,,,,,,,,,,,,,,,,,,,,,,,,,,,,,,,,,
"5416be90-a6d5-4a1b-bb42-b9beec47b1d9","ac226108-d008-4dbf-9d57-8c4295cc2aa8","DSNY_004.mammalGrid.mam","D03","DSNY","DSNY_004","H1","distributed","woodyWetlands",28.099481,-81.401475,"WGS84",45.1,20.8,0.1,"1 - trap not set","ShermanLF","2020-04-22","2020-04-22",,,,,,,,,,,,,,,,,,,,,,,,,,,,,,,,,,,,,,,,,,,,,,,,
"b5fd5ff1-2971-42fa-a4ac-bb76278a34de","ac226108-d008-4dbf-9d57-8c4295cc2aa8","DSNY_004.mammalGrid.mam","D03","DSNY","DSNY_004","E9","distributed","woodyWetlands",28.099481,-81.401475,"WGS84",45.1,20.8,0.1,"1 - trap not set","ShermanLF","2020-04-22","2020-04-22",,,,,,,,,,,,,,,,,,,,,,,,,,,,,,,,,,,,,,,,,,,,,,,,
"3a1e6283-505d-4893-99e0-ba9f143a7d6e","847b41a0-f1a2-44ba-aeb0-8b4a40a0f774","DSNY_001.mammalGrid.mam","D03","DSNY","DSNY_001","H2","distributed","woodyWetlands",28.097204,-81.417175,"WGS84",45.1,21.1,0.1,"1 - trap not set","ShermanLF","2020-04-22","2020-04-22",,,,,,,,,,,,,,,,,,,,,,,,,,,,,,,,,,,,,,,,,,,,,,,,
"7e5bddda-9dff-4a05-8db5-ac85fb7ddbaa","14067362-58fb-4d81-b161-779a3365bef8","DSNY_005.mammalGrid.mam","D03","DSNY","DSNY_005","G4","distributed","woodyWetlands",28.039127,-81.391902,"WGS84",45.1,19.7,0.1,"1 - trap not set","ShermanLF","2020-04-22","2020-04-22",,,,,,,,,,,,,,,,,,,,,,,,,,,,,,,,,,,,,,,,,,,,,,,,
"2a093593-7d02-41fc-a876-d4653262fb17","14067362-58fb-4d81-b161-779a3365bef8","DSNY_005.mammalGrid.mam","D03","DSNY","DSNY_005","C4","distributed","woodyWetlands",28.039127,-81.391902,"WGS84",45.1,19.7,0.1,"1 - trap not set","ShermanLF","2020-04-22","2020-04-22",,,,,,,,,,,,,,,,,,,,,,,,,,,,,,,,,,,,,,,,,,,,,,,,
"e1c4e803-8ba0-4267-a645-78fe7949b878","35c2a142-748b-4ca6-9260-dd0209f3be70","DSNY_006.mammalGrid.mam","D03","DSNY","DSNY_006","E6","distributed","woodyWetlands",28.092915,-81.400851,"WGS84",45.1,20.7,0.1,"1 - trap not set","ShermanLF","2020-04-22","2020-04-22",,,,,,,,,,,,,,,,,,,,,,,,,,,,,,,,,,,,,,,,,,,,,,,,
"3753fb8c-0e21-4a17-ac6d-ff1befe0acf1","14067362-58fb-4d81-b161-779a3365bef8","DSNY_005.mammalGrid.mam","D03","DSNY","DSNY_005","A9","distributed","woodyWetlands",28.039127,-81.391902,"WGS84",45.1,19.7,0.1,"1 - trap not set","ShermanLF","2020-04-22","2020-04-22",,,,,,,,,,,,,,,,,,,,,,,,,,,,,,,,,,,,,,,,,,,,,,,,
"24a9257a-8219-4a54-b9e1-cef70333055d","14067362-58fb-4d81-b161-779a3365bef8","DSNY_005.mammalGrid.mam","D03","DSNY","DSNY_005","I5","distributed","woodyWetlands",28.039127,-81.391902,"WGS84",45.1,19.7,0.1,"1 - trap not set","ShermanLF","2020-04-22","2020-04-22",,,,,,,,,,,,,,,,,,,,,,,,,,,,,,,,,,,,,,,,,,,,,,,,
"0343dcc9-edce-4075-8bc4-276e673f8a0a","847b41a0-f1a2-44ba-aeb0-8b4a40a0f774","DSNY_001.mammalGrid.mam","D03","DSNY","DSNY_001","J3","distributed","woodyWetlands",28.097204,-81.417175,"WGS84",45.1,21.1,0.1,"1 - trap not set","ShermanLF","2020-04-22","2020-04-22",,,,,,,,,,,,,,,,,,,,,,,,,,,,,,,,,,,,,,,,,,,,,,,,
"efc682ab-e044-430d-8bad-6db73a361cd7","14067362-58fb-4d81-b161-779a3365bef8","DSNY_005.mammalGrid.mam","D03","DSNY","DSNY_005","C3","distributed","woodyWetlands",28.039127,-81.391902,"WGS84",45.1,19.7,0.1,"1 - trap not set","ShermanLF","2020-04-22","2020-04-22",,,,,,,,,,,,,,,,,,,,,,,,,,,,,,,,,,,,,,,,,,,,,,,,
"cb6ddf46-e6c3-4853-8839-60fd1212a97d","847b41a0-f1a2-44ba-aeb0-8b4a40a0f774","DSNY_001.mammalGrid.mam","D03","DSNY","DSNY_001","I8","distributed","woodyWetlands",28.097204,-81.417175,"WGS84",45.1,21.1,0.1,"1 - trap not set","ShermanLF","2020-04-22","2020-04-22",,,,,,,,,,,,,,,,,,,,,,,,,,,,,,,,,,,,,,,,,,,,,,,,
"d0d6010c-8eb4-4fc2-aca1-e55c268cbf1d","847b41a0-f1a2-44ba-aeb0-8b4a40a0f774","DSNY_001.mammalGrid.mam","D03","DSNY","DSNY_001","F8","distributed","woodyWetlands",28.097204,-81.417175,"WGS84",45.1,21.1,0.1,"1 - trap not set","ShermanLF","2020-04-22","2020-04-22",,,,,,,,,,,,,,,,,,,,,,,,,,,,,,,,,,,,,,,,,,,,,,,,
"a7362d5c-a244-4c6e-921e-1398b0f1cdc9","14067362-58fb-4d81-b161-779a3365bef8","DSNY_005.mammalGrid.mam","D03","DSNY","DSNY_005","G7","distributed","woodyWetlands",28.039127,-81.391902,"WGS84",45.1,19.7,0.1,"1 - trap not set","ShermanLF","2020-04-22","2020-04-22",,,,,,,,,,,,,,,,,,,,,,,,,,,,,,,,,,,,,,,,,,,,,,,,
"70f10cd4-0eb7-46e2-b7e5-60d79d1b6395","847b41a0-f1a2-44ba-aeb0-8b4a40a0f774","DSNY_001.mammalGrid.mam","D03","DSNY","DSNY_001","J7","distributed","woodyWetlands",28.097204,-81.417175,"WGS84",45.1,21.1,0.1,"1 - trap not set","ShermanLF","2020-04-22","2020-04-22",,,,,,,,,,,,,,,,,,,,,,,,,,,,,,,,,,,,,,,,,,,,,,,,
"f16aa451-0683-4805-8fff-27ff4faca026","847b41a0-f1a2-44ba-aeb0-8b4a40a0f774","DSNY_001.mammalGrid.mam","D03","DSNY","DSNY_001","F10","distributed","woodyWetlands",28.097204,-81.417175,"WGS84",45.1,21.1,0.1,"1 - trap not set","ShermanLF","2020-04-22","2020-04-22",,,,,,,,,,,,,,,,,,,,,,,,,,,,,,,,,,,,,,,,,,,,,,,,
"1fd6116b-c57a-4853-b699-970c7839cc48","35c2a142-748b-4ca6-9260-dd0209f3be70","DSNY_006.mammalGrid.mam","D03","DSNY","DSNY_006","F6","distributed","woodyWetlands",28.092915,-81.400851,"WGS84",45.1,20.7,0.1,"1 - trap not set","ShermanLF","2020-04-22","2020-04-22",,,,,,,,,,,,,,,,,,,,,,,,,,,,,,,,,,,,,,,,,,,,,,,,
"16884303-1ffb-4ff4-9c57-aae3e6a719b7","35c2a142-748b-4ca6-9260-dd0209f3be70","DSNY_006.mammalGrid.mam","D03","DSNY","DSNY_006","C6","distributed","woodyWetlands",28.092915,-81.400851,"WGS84",45.1,20.7,0.1,"1 - trap not set","ShermanLF","2020-04-22","2020-04-22",,,,,,,,,,,,,,,,,,,,,,,,,,,,,,,,,,,,,,,,,,,,,,,,
"7f18f6bd-2402-4092-b021-1f82948860c2","ac226108-d008-4dbf-9d57-8c4295cc2aa8","DSNY_004.mammalGrid.mam","D03","DSNY","DSNY_004","A9","distributed","woodyWetlands",28.099481,-81.401475,"WGS84",45.1,20.8,0.1,"1 - trap not set","ShermanLF","2020-04-22","2020-04-22",,,,,,,,,,,,,,,,,,,,,,,,,,,,,,,,,,,,,,,,,,,,,,,,
"7d0bc799-9a77-496a-9ec1-0a194462b18b","14067362-58fb-4d81-b161-779a3365bef8","DSNY_005.mammalGrid.mam","D03","DSNY","DSNY_005","J9","distributed","woodyWetlands",28.039127,-81.391902,"WGS84",45.1,19.7,0.1,"1 - trap not set","ShermanLF","2020-04-22","2020-04-22",,,,,,,,,,,,,,,,,,,,,,,,,,,,,,,,,,,,,,,,,,,,,,,,
"1dd50b55-a0b5-4e23-9a1b-f1fdb84b1cde","35c2a142-748b-4ca6-9260-dd0209f3be70","DSNY_006.mammalGrid.mam","D03","DSNY","DSNY_006","E8","distributed","woodyWetlands",28.092915,-81.400851,"WGS84",45.1,20.7,0.1,"1 - trap not set","ShermanLF","2020-04-22","2020-04-22",,,,,,,,,,,,,,,,,,,,,,,,,,,,,,,,,,,,,,,,,,,,,,,,
"8ab00b7e-17b8-4cf6-a708-7c1388454bd8","ac226108-d008-4dbf-9d57-8c4295cc2aa8","DSNY_004.mammalGrid.mam","D03","DSNY","DSNY_004","F2","distributed","woodyWetlands",28.099481,-81.401475,"WGS84",45.1,20.8,0.1,"1 - trap not set","ShermanLF","2020-04-22","2020-04-22",,,,,,,,,,,,,,,,,,,,,,,,,,,,,,,,,,,,,,,,,,,,,,,,
"895495c4-3e40-44c4-80db-6c413b5760f7","ac226108-d008-4dbf-9d57-8c4295cc2aa8","DSNY_004.mammalGrid.mam","D03","DSNY","DSNY_004","H7","distributed","woodyWetlands",28.099481,-81.401475,"WGS84",45.1,20.8,0.1,"1 - trap not set","ShermanLF","2020-04-22","2020-04-22",,,,,,,,,,,,,,,,,,,,,,,,,,,,,,,,,,,,,,,,,,,,,,,,
"a2c4f909-e812-47f9-a3d6-02df560dc2c5","35c2a142-748b-4ca6-9260-dd0209f3be70","DSNY_006.mammalGrid.mam","D03","DSNY","DSNY_006","E1","distributed","woodyWetlands",28.092915,-81.400851,"WGS84",45.1,20.7,0.1,"1 - trap not set","ShermanLF","2020-04-22","2020-04-22",,,,,,,,,,,,,,,,,,,,,,,,,,,,,,,,,,,,,,,,,,,,,,,,
"6c8846cd-83d8-4258-94a7-e8bea54d5a8f","14067362-58fb-4d81-b161-779a3365bef8","DSNY_005.mammalGrid.mam","D03","DSNY","DSNY_005","G2","distributed","woodyWetlands",28.039127,-81.391902,"WGS84",45.1,19.7,0.1,"1 - trap not set","ShermanLF","2020-04-22","2020-04-22",,,,,,,,,,,,,,,,,,,,,,,,,,,,,,,,,,,,,,,,,,,,,,,,
"a7963bc9-7bca-4c1d-a133-aa2423b086b8","ac226108-d008-4dbf-9d57-8c4295cc2aa8","DSNY_004.mammalGrid.mam","D03","DSNY","DSNY_004","D2","distributed","woodyWetlands",28.099481,-81.401475,"WGS84",45.1,20.8,0.1,"1 - trap not set","ShermanLF","2020-04-22","2020-04-22",,,,,,,,,,,,,,,,,,,,,,,,,,,,,,,,,,,,,,,,,,,,,,,,
"aa16e259-ebb5-4f43-8d8d-160253577280","ac226108-d008-4dbf-9d57-8c4295cc2aa8","DSNY_004.mammalGrid.mam","D03","DSNY","DSNY_004","G10","distributed","woodyWetlands",28.099481,-81.401475,"WGS84",45.1,20.8,0.1,"1 - trap not set","ShermanLF","2020-04-22","2020-04-22",,,,,,,,,,,,,,,,,,,,,,,,,,,,,,,,,,,,,,,,,,,,,,,,
"80ea5b85-c23e-46dd-924b-80bc14dcf136","ac226108-d008-4dbf-9d57-8c4295cc2aa8","DSNY_004.mammalGrid.mam","D03","DSNY","DSNY_004","D1","distributed","woodyWetlands",28.099481,-81.401475,"WGS84",45.1,20.8,0.1,"1 - trap not set","ShermanLF","2020-04-22","2020-04-22",,,,,,,,,,,,,,,,,,,,,,,,,,,,,,,,,,,,,,,,,,,,,,,,
"b18397cf-1a43-4cda-b21e-de70f3234bc6","14067362-58fb-4d81-b161-779a3365bef8","DSNY_005.mammalGrid.mam","D03","DSNY","DSNY_005","E9","distributed","woodyWetlands",28.039127,-81.391902,"WGS84",45.1,19.7,0.1,"1 - trap not set","ShermanLF","2020-04-22","2020-04-22",,,,,,,,,,,,,,,,,,,,,,,,,,,,,,,,,,,,,,,,,,,,,,,,
"80134b6c-2d47-47b8-bf0b-b8932f23c649","35c2a142-748b-4ca6-9260-dd0209f3be70","DSNY_006.mammalGrid.mam","D03","DSNY","DSNY_006","G1","distributed","woodyWetlands",28.092915,-81.400851,"WGS84",45.1,20.7,0.1,"1 - trap not set","ShermanLF","2020-04-22","2020-04-22",,,,,,,,,,,,,,,,,,,,,,,,,,,,,,,,,,,,,,,,,,,,,,,,
"2e3deb43-a76d-4b2e-b413-65ebbb156125","14067362-58fb-4d81-b161-779a3365bef8","DSNY_005.mammalGrid.mam","D03","DSNY","DSNY_005","J6","distributed","woodyWetlands",28.039127,-81.391902,"WGS84",45.1,19.7,0.1,"1 - trap not set","ShermanLF","2020-04-22","2020-04-22",,,,,,,,,,,,,,,,,,,,,,,,,,,,,,,,,,,,,,,,,,,,,,,,
"ffe4181f-db83-4027-a755-69bf8e9c72e5","14067362-58fb-4d81-b161-779a3365bef8","DSNY_005.mammalGrid.mam","D03","DSNY","DSNY_005","G8","distributed","woodyWetlands",28.039127,-81.391902,"WGS84",45.1,19.7,0.1,"1 - trap not set","ShermanLF","2020-04-22","2020-04-22",,,,,,,,,,,,,,,,,,,,,,,,,,,,,,,,,,,,,,,,,,,,,,,,
"5754b2c4-bb4d-478c-b4a4-704272818fc0","ac226108-d008-4dbf-9d57-8c4295cc2aa8","DSNY_004.mammalGrid.mam","D03","DSNY","DSNY_004","F10","distributed","woodyWetlands",28.099481,-81.401475,"WGS84",45.1,20.8,0.1,"1 - trap not set","ShermanLF","2020-04-22","2020-04-22",,,,,,,,,,,,,,,,,,,,,,,,,,,,,,,,,,,,,,,,,,,,,,,,
"819dbf5e-0cec-4068-9ff0-d0b2f9f18a1a","847b41a0-f1a2-44ba-aeb0-8b4a40a0f774","DSNY_001.mammalGrid.mam","D03","DSNY","DSNY_001","G2","distributed","woodyWetlands",28.097204,-81.417175,"WGS84",45.1,21.1,0.1,"1 - trap not set","ShermanLF","2020-04-22","2020-04-22",,,,,,,,,,,,,,,,,,,,,,,,,,,,,,,,,,,,,,,,,,,,,,,,
"d0adbc70-1c4c-4e25-be67-2ac755941f76","14067362-58fb-4d81-b161-779a3365bef8","DSNY_005.mammalGrid.mam","D03","DSNY","DSNY_005","J1","distributed","woodyWetlands",28.039127,-81.391902,"WGS84",45.1,19.7,0.1,"1 - trap not set","ShermanLF","2020-04-22","2020-04-22",,,,,,,,,,,,,,,,,,,,,,,,,,,,,,,,,,,,,,,,,,,,,,,,
"e31aafee-df2f-4c3e-8faf-3c2d77014439","847b41a0-f1a2-44ba-aeb0-8b4a40a0f774","DSNY_001.mammalGrid.mam","D03","DSNY","DSNY_001","A6","distributed","woodyWetlands",28.097204,-81.417175,"WGS84",45.1,21.1,0.1,"1 - trap not set","ShermanLF","2020-04-22","2020-04-22",,,,,,,,,,,,,,,,,,,,,,,,,,,,,,,,,,,,,,,,,,,,,,,,
"fbd4c45b-66a8-4f01-9c9d-e0a59f0f7400","847b41a0-f1a2-44ba-aeb0-8b4a40a0f774","DSNY_001.mammalGrid.mam","D03","DSNY","DSNY_001","D6","distributed","woodyWetlands",28.097204,-81.417175,"WGS84",45.1,21.1,0.1,"1 - trap not set","ShermanLF","2020-04-22","2020-04-22",,,,,,,,,,,,,,,,,,,,,,,,,,,,,,,,,,,,,,,,,,,,,,,,
"09130bce-0483-4cea-8c5d-274666f01192","ac226108-d008-4dbf-9d57-8c4295cc2aa8","DSNY_004.mammalGrid.mam","D03","DSNY","DSNY_004","I8","distributed","woodyWetlands",28.099481,-81.401475,"WGS84",45.1,20.8,0.1,"1 - trap not set","ShermanLF","2020-04-22","2020-04-22",,,,,,,,,,,,,,,,,,,,,,,,,,,,,,,,,,,,,,,,,,,,,,,,
"4d1ce257-8acb-4bf8-b7ba-e673b7f78b28","847b41a0-f1a2-44ba-aeb0-8b4a40a0f774","DSNY_001.mammalGrid.mam","D03","DSNY","DSNY_001","H3","distributed","woodyWetlands",28.097204,-81.417175,"WGS84",45.1,21.1,0.1,"1 - trap not set","ShermanLF","2020-04-22","2020-04-22",,,,,,,,,,,,,,,,,,,,,,,,,,,,,,,,,,,,,,,,,,,,,,,,
"9d991c5c-0bbe-4a93-90d5-9dd864162eb5","847b41a0-f1a2-44ba-aeb0-8b4a40a0f774","DSNY_001.mammalGrid.mam","D03","DSNY","DSNY_001","J10","distributed","woodyWetlands",28.097204,-81.417175,"WGS84",45.1,21.1,0.1,"1 - trap not set","ShermanLF","2020-04-22","2020-04-22",,,,,,,,,,,,,,,,,,,,,,,,,,,,,,,,,,,,,,,,,,,,,,,,
"8cbbd9bf-60fd-4502-8d48-2418ebca7b76","ac226108-d008-4dbf-9d57-8c4295cc2aa8","DSNY_004.mammalGrid.mam","D03","DSNY","DSNY_004","J6","distributed","woodyWetlands",28.099481,-81.401475,"WGS84",45.1,20.8,0.1,"1 - trap not set","ShermanLF","2020-04-22","2020-04-22",,,,,,,,,,,,,,,,,,,,,,,,,,,,,,,,,,,,,,,,,,,,,,,,
"cde134dd-0733-43fe-8363-134329eda8b4","35c2a142-748b-4ca6-9260-dd0209f3be70","DSNY_006.mammalGrid.mam","D03","DSNY","DSNY_006","J2","distributed","woodyWetlands",28.092915,-81.400851,"WGS84",45.1,20.7,0.1,"1 - trap not set","ShermanLF","2020-04-22","2020-04-22",,,,,,,,,,,,,,,,,,,,,,,,,,,,,,,,,,,,,,,,,,,,,,,,
"b2e6beaf-1faa-4b83-bd44-619002085c2a","ac226108-d008-4dbf-9d57-8c4295cc2aa8","DSNY_004.mammalGrid.mam","D03","DSNY","DSNY_004","C8","distributed","woodyWetlands",28.099481,-81.401475,"WGS84",45.1,20.8,0.1,"1 - trap not set","ShermanLF","2020-04-22","2020-04-22",,,,,,,,,,,,,,,,,,,,,,,,,,,,,,,,,,,,,,,,,,,,,,,,
"6e18c9cb-a3f2-468f-87df-6d442440bcec","35c2a142-748b-4ca6-9260-dd0209f3be70","DSNY_006.mammalGrid.mam","D03","DSNY","DSNY_006","J10","distributed","woodyWetlands",28.092915,-81.400851,"WGS84",45.1,20.7,0.1,"1 - trap not set","ShermanLF","2020-04-22","2020-04-22",,,,,,,,,,,,,,,,,,,,,,,,,,,,,,,,,,,,,,,,,,,,,,,,
"fc504ca1-71ce-4e87-9a2c-e2114ff1fb90","35c2a142-748b-4ca6-9260-dd0209f3be70","DSNY_006.mammalGrid.mam","D03","DSNY","DSNY_006","F2","distributed","woodyWetlands",28.092915,-81.400851,"WGS84",45.1,20.7,0.1,"1 - trap not set","ShermanLF","2020-04-22","2020-04-22",,,,,,,,,,,,,,,,,,,,,,,,,,,,,,,,,,,,,,,,,,,,,,,,
"9e7aea80-34a0-490e-9c95-1b891608ed74","ac226108-d008-4dbf-9d57-8c4295cc2aa8","DSNY_004.mammalGrid.mam","D03","DSNY","DSNY_004","E8","distributed","woodyWetlands",28.099481,-81.401475,"WGS84",45.1,20.8,0.1,"1 - trap not set","ShermanLF","2020-04-22","2020-04-22",,,,,,,,,,,,,,,,,,,,,,,,,,,,,,,,,,,,,,,,,,,,,,,,
"89a4d76c-be80-40ce-b32f-49f5cba707d5","ac226108-d008-4dbf-9d57-8c4295cc2aa8","DSNY_004.mammalGrid.mam","D03","DSNY","DSNY_004","H4","distributed","woodyWetlands",28.099481,-81.401475,"WGS84",45.1,20.8,0.1,"1 - trap not set","ShermanLF","2020-04-22","2020-04-22",,,,,,,,,,,,,,,,,,,,,,,,,,,,,,,,,,,,,,,,,,,,,,,,
"2a191e92-d767-40ba-a297-f8b88d77ef89","35c2a142-748b-4ca6-9260-dd0209f3be70","DSNY_006.mammalGrid.mam","D03","DSNY","DSNY_006","A10","distributed","woodyWetlands",28.092915,-81.400851,"WGS84",45.1,20.7,0.1,"1 - trap not set","ShermanLF","2020-04-22","2020-04-22",,,,,,,,,,,,,,,,,,,,,,,,,,,,,,,,,,,,,,,,,,,,,,,,
"6c5d23df-f18c-4104-806a-bb74b99c9b5a","ac226108-d008-4dbf-9d57-8c4295cc2aa8","DSNY_004.mammalGrid.mam","D03","DSNY","DSNY_004","I3","distributed","woodyWetlands",28.099481,-81.401475,"WGS84",45.1,20.8,0.1,"1 - trap not set","ShermanLF","2020-04-22","2020-04-22",,,,,,,,,,,,,,,,,,,,,,,,,,,,,,,,,,,,,,,,,,,,,,,,
"5093ef52-43c9-411f-a3e6-065fa7be5414","14067362-58fb-4d81-b161-779a3365bef8","DSNY_005.mammalGrid.mam","D03","DSNY","DSNY_005","B7","distributed","woodyWetlands",28.039127,-81.391902,"WGS84",45.1,19.7,0.1,"1 - trap not set","ShermanLF","2020-04-22","2020-04-22",,,,,,,,,,,,,,,,,,,,,,,,,,,,,,,,,,,,,,,,,,,,,,,,
"93273e7d-eb2f-45b3-84d1-0ededdf8e4c4","14067362-58fb-4d81-b161-779a3365bef8","DSNY_005.mammalGrid.mam","D03","DSNY","DSNY_005","D8","distributed","woodyWetlands",28.039127,-81.391902,"WGS84",45.1,19.7,0.1,"1 - trap not set","ShermanLF","2020-04-22","2020-04-22",,,,,,,,,,,,,,,,,,,,,,,,,,,,,,,,,,,,,,,,,,,,,,,,
"2053fcaf-d774-4521-9f46-88409c3ddcd8","847b41a0-f1a2-44ba-aeb0-8b4a40a0f774","DSNY_001.mammalGrid.mam","D03","DSNY","DSNY_001","I2","distributed","woodyWetlands",28.097204,-81.417175,"WGS84",45.1,21.1,0.1,"1 - trap not set","ShermanLF","2020-04-22","2020-04-22",,,,,,,,,,,,,,,,,,,,,,,,,,,,,,,,,,,,,,,,,,,,,,,,
"2d77d82a-b99f-4c6f-a556-0239619978c9","ac226108-d008-4dbf-9d57-8c4295cc2aa8","DSNY_004.mammalGrid.mam","D03","DSNY","DSNY_004","C10","distributed","woodyWetlands",28.099481,-81.401475,"WGS84",45.1,20.8,0.1,"1 - trap not set","ShermanLF","2020-04-22","2020-04-22",,,,,,,,,,,,,,,,,,,,,,,,,,,,,,,,,,,,,,,,,,,,,,,,
"a000eaaa-c6ac-420f-8199-5d28bfe81b3d","847b41a0-f1a2-44ba-aeb0-8b4a40a0f774","DSNY_001.mammalGrid.mam","D03","DSNY","DSNY_001","G3","distributed","woodyWetlands",28.097204,-81.417175,"WGS84",45.1,21.1,0.1,"1 - trap not set","ShermanLF","2020-04-22","2020-04-22",,,,,,,,,,,,,,,,,,,,,,,,,,,,,,,,,,,,,,,,,,,,,,,,
"c35e8f67-657a-4ea3-9b47-221d831274ac","ac226108-d008-4dbf-9d57-8c4295cc2aa8","DSNY_004.mammalGrid.mam","D03","DSNY","DSNY_004","B1","distributed","woodyWetlands",28.099481,-81.401475,"WGS84",45.1,20.8,0.1,"1 - trap not set","ShermanLF","2020-04-22","2020-04-22",,,,,,,,,,,,,,,,,,,,,,,,,,,,,,,,,,,,,,,,,,,,,,,,
"f68cf126-4c50-468d-b8d5-0b8c79bc765c","35c2a142-748b-4ca6-9260-dd0209f3be70","DSNY_006.mammalGrid.mam","D03","DSNY","DSNY_006","I9","distributed","woodyWetlands",28.092915,-81.400851,"WGS84",45.1,20.7,0.1,"1 - trap not set","ShermanLF","2020-04-22","2020-04-22",,,,,,,,,,,,,,,,,,,,,,,,,,,,,,,,,,,,,,,,,,,,,,,,
"beba6193-0a8a-462b-bc8e-e85c26cf3ad4","14067362-58fb-4d81-b161-779a3365bef8","DSNY_005.mammalGrid.mam","D03","DSNY","DSNY_005","E2","distributed","woodyWetlands",28.039127,-81.391902,"WGS84",45.1,19.7,0.1,"1 - trap not set","ShermanLF","2020-04-22","2020-04-22",,,,,,,,,,,,,,,,,,,,,,,,,,,,,,,,,,,,,,,,,,,,,,,,
"7dcf19f5-498c-4e3d-baff-da95b0416d9d","14067362-58fb-4d81-b161-779a3365bef8","DSNY_005.mammalGrid.mam","D03","DSNY","DSNY_005","J2","distributed","woodyWetlands",28.039127,-81.391902,"WGS84",45.1,19.7,0.1,"1 - trap not set","ShermanLF","2020-04-22","2020-04-22",,,,,,,,,,,,,,,,,,,,,,,,,,,,,,,,,,,,,,,,,,,,,,,,
"834af9cc-a7bc-4213-aef1-0d8eeb374aba","35c2a142-748b-4ca6-9260-dd0209f3be70","DSNY_006.mammalGrid.mam","D03","DSNY","DSNY_006","I2","distributed","woodyWetlands",28.092915,-81.400851,"WGS84",45.1,20.7,0.1,"1 - trap not set","ShermanLF","2020-04-22","2020-04-22",,,,,,,,,,,,,,,,,,,,,,,,,,,,,,,,,,,,,,,,,,,,,,,,
"966e1b3f-9744-4401-aa66-a7b94dea520e","14067362-58fb-4d81-b161-779a3365bef8","DSNY_005.mammalGrid.mam","D03","DSNY","DSNY_005","A2","distributed","woodyWetlands",28.039127,-81.391902,"WGS84",45.1,19.7,0.1,"1 - trap not set","ShermanLF","2020-04-22","2020-04-22",,,,,,,,,,,,,,,,,,,,,,,,,,,,,,,,,,,,,,,,,,,,,,,,
"366880cf-599f-4d74-88c6-69e5a89d328c","14067362-58fb-4d81-b161-779a3365bef8","DSNY_005.mammalGrid.mam","D03","DSNY","DSNY_005","E5","distributed","woodyWetlands",28.039127,-81.391902,"WGS84",45.1,19.7,0.1,"1 - trap not set","ShermanLF","2020-04-22","2020-04-22",,,,,,,,,,,,,,,,,,,,,,,,,,,,,,,,,,,,,,,,,,,,,,,,
"17ea1e03-5579-48da-a187-92c16a7776c6","35c2a142-748b-4ca6-9260-dd0209f3be70","DSNY_006.mammalGrid.mam","D03","DSNY","DSNY_006","C3","distributed","woodyWetlands",28.092915,-81.400851,"WGS84",45.1,20.7,0.1,"1 - trap not set","ShermanLF","2020-04-22","2020-04-22",,,,,,,,,,,,,,,,,,,,,,,,,,,,,,,,,,,,,,,,,,,,,,,,
"76150275-47c3-4a66-b0fa-1891abad99a8","35c2a142-748b-4ca6-9260-dd0209f3be70","DSNY_006.mammalGrid.mam","D03","DSNY","DSNY_006","I8","distributed","woodyWetlands",28.092915,-81.400851,"WGS84",45.1,20.7,0.1,"1 - trap not set","ShermanLF","2020-04-22","2020-04-22",,,,,,,,,,,,,,,,,,,,,,,,,,,,,,,,,,,,,,,,,,,,,,,,
"a435b485-4a46-4e24-a576-9feda297b92f","847b41a0-f1a2-44ba-aeb0-8b4a40a0f774","DSNY_001.mammalGrid.mam","D03","DSNY","DSNY_001","D4","distributed","woodyWetlands",28.097204,-81.417175,"WGS84",45.1,21.1,0.1,"1 - trap not set","ShermanLF","2020-04-22","2020-04-22",,,,,,,,,,,,,,,,,,,,,,,,,,,,,,,,,,,,,,,,,,,,,,,,
"98049b90-a4e9-47a3-b3fb-059741a36467","35c2a142-748b-4ca6-9260-dd0209f3be70","DSNY_006.mammalGrid.mam","D03","DSNY","DSNY_006","G3","distributed","woodyWetlands",28.092915,-81.400851,"WGS84",45.1,20.7,0.1,"1 - trap not set","ShermanLF","2020-04-22","2020-04-22",,,,,,,,,,,,,,,,,,,,,,,,,,,,,,,,,,,,,,,,,,,,,,,,
"4f29d335-5b64-421d-83e5-96f4590823f5","847b41a0-f1a2-44ba-aeb0-8b4a40a0f774","DSNY_001.mammalGrid.mam","D03","DSNY","DSNY_001","G9","distributed","woodyWetlands",28.097204,-81.417175,"WGS84",45.1,21.1,0.1,"1 - trap not set","ShermanLF","2020-04-22","2020-04-22",,,,,,,,,,,,,,,,,,,,,,,,,,,,,,,,,,,,,,,,,,,,,,,,
"f16eadb1-e8f0-4b2f-a3f5-c9ce94b44bff","14067362-58fb-4d81-b161-779a3365bef8","DSNY_005.mammalGrid.mam","D03","DSNY","DSNY_005","H6","distributed","woodyWetlands",28.039127,-81.391902,"WGS84",45.1,19.7,0.1,"1 - trap not set","ShermanLF","2020-04-22","2020-04-22",,,,,,,,,,,,,,,,,,,,,,,,,,,,,,,,,,,,,,,,,,,,,,,,
"b509f3bf-51a0-4c3e-90c3-d9c031b6a324","35c2a142-748b-4ca6-9260-dd0209f3be70","DSNY_006.mammalGrid.mam","D03","DSNY","DSNY_006","B2","distributed","woodyWetlands",28.092915,-81.400851,"WGS84",45.1,20.7,0.1,"1 - trap not set","ShermanLF","2020-04-22","2020-04-22",,,,,,,,,,,,,,,,,,,,,,,,,,,,,,,,,,,,,,,,,,,,,,,,
"86f939bd-edec-478d-bf3e-18960b45cd52","35c2a142-748b-4ca6-9260-dd0209f3be70","DSNY_006.mammalGrid.mam","D03","DSNY","DSNY_006","J4","distributed","woodyWetlands",28.092915,-81.400851,"WGS84",45.1,20.7,0.1,"1 - trap not set","ShermanLF","2020-04-22","2020-04-22",,,,,,,,,,,,,,,,,,,,,,,,,,,,,,,,,,,,,,,,,,,,,,,,
"b1c478ef-966b-4b34-99df-6b60ab9830e7","847b41a0-f1a2-44ba-aeb0-8b4a40a0f774","DSNY_001.mammalGrid.mam","D03","DSNY","DSNY_001","E8","distributed","woodyWetlands",28.097204,-81.417175,"WGS84",45.1,21.1,0.1,"1 - trap not set","ShermanLF","2020-04-22","2020-04-22",,,,,,,,,,,,,,,,,,,,,,,,,,,,,,,,,,,,,,,,,,,,,,,,
"be46f7fd-080d-4ecb-9ee8-6b459777d64b","ac226108-d008-4dbf-9d57-8c4295cc2aa8","DSNY_004.mammalGrid.mam","D03","DSNY","DSNY_004","F7","distributed","woodyWetlands",28.099481,-81.401475,"WGS84",45.1,20.8,0.1,"1 - trap not set","ShermanLF","2020-04-22","2020-04-22",,,,,,,,,,,,,,,,,,,,,,,,,,,,,,,,,,,,,,,,,,,,,,,,
"9e795af8-b6fc-4e94-b005-1d5a1005a5cc","35c2a142-748b-4ca6-9260-dd0209f3be70","DSNY_006.mammalGrid.mam","D03","DSNY","DSNY_006","J7","distributed","woodyWetlands",28.092915,-81.400851,"WGS84",45.1,20.7,0.1,"1 - trap not set","ShermanLF","2020-04-22","2020-04-22",,,,,,,,,,,,,,,,,,,,,,,,,,,,,,,,,,,,,,,,,,,,,,,,
"d2b95f60-167c-4b95-99ad-7d4407d28452","35c2a142-748b-4ca6-9260-dd0209f3be70","DSNY_006.mammalGrid.mam","D03","DSNY","DSNY_006","E3","distributed","woodyWetlands",28.092915,-81.400851,"WGS84",45.1,20.7,0.1,"1 - trap not set","ShermanLF","2020-04-22","2020-04-22",,,,,,,,,,,,,,,,,,,,,,,,,,,,,,,,,,,,,,,,,,,,,,,,
"7f4fa47f-33d1-4d36-a69c-29f4a4aec39f","ac226108-d008-4dbf-9d57-8c4295cc2aa8","DSNY_004.mammalGrid.mam","D03","DSNY","DSNY_004","G2","distributed","woodyWetlands",28.099481,-81.401475,"WGS84",45.1,20.8,0.1,"1 - trap not set","ShermanLF","2020-04-22","2020-04-22",,,,,,,,,,,,,,,,,,,,,,,,,,,,,,,,,,,,,,,,,,,,,,,,
"91eb27e4-b68c-4398-ae52-3a1903ab334d","ac226108-d008-4dbf-9d57-8c4295cc2aa8","DSNY_004.mammalGrid.mam","D03","DSNY","DSNY_004","H8","distributed","woodyWetlands",28.099481,-81.401475,"WGS84",45.1,20.8,0.1,"1 - trap not set","ShermanLF","2020-04-22","2020-04-22",,,,,,,,,,,,,,,,,,,,,,,,,,,,,,,,,,,,,,,,,,,,,,,,
"fc8faf01-52e3-4648-bbb2-d3c0e6db8f35","847b41a0-f1a2-44ba-aeb0-8b4a40a0f774","DSNY_001.mammalGrid.mam","D03","DSNY","DSNY_001","H6","distributed","woodyWetlands",28.097204,-81.417175,"WGS84",45.1,21.1,0.1,"1 - trap not set","ShermanLF","2020-04-22","2020-04-22",,,,,,,,,,,,,,,,,,,,,,,,,,,,,,,,,,,,,,,,,,,,,,,,
"dc23b8b4-6d0d-4c4b-a0b5-78647752b94e","14067362-58fb-4d81-b161-779a3365bef8","DSNY_005.mammalGrid.mam","D03","DSNY","DSNY_005","B10","distributed","woodyWetlands",28.039127,-81.391902,"WGS84",45.1,19.7,0.1,"1 - trap not set","ShermanLF","2020-04-22","2020-04-22",,,,,,,,,,,,,,,,,,,,,,,,,,,,,,,,,,,,,,,,,,,,,,,,
"6a646769-38a1-455a-b1ee-85844cfe18e3","35c2a142-748b-4ca6-9260-dd0209f3be70","DSNY_006.mammalGrid.mam","D03","DSNY","DSNY_006","F3","distributed","woodyWetlands",28.092915,-81.400851,"WGS84",45.1,20.7,0.1,"1 - trap not set","ShermanLF","2020-04-22","2020-04-22",,,,,,,,,,,,,,,,,,,,,,,,,,,,,,,,,,,,,,,,,,,,,,,,
"0d39a17a-c8b6-42bd-bb98-3b7ccd13a232","14067362-58fb-4d81-b161-779a3365bef8","DSNY_005.mammalGrid.mam","D03","DSNY","DSNY_005","A10","distributed","woodyWetlands",28.039127,-81.391902,"WGS84",45.1,19.7,0.1,"1 - trap not set","ShermanLF","2020-04-22","2020-04-22",,,,,,,,,,,,,,,,,,,,,,,,,,,,,,,,,,,,,,,,,,,,,,,,
"e14fef8b-58cd-47bd-b4b0-236ee7fcdca7","35c2a142-748b-4ca6-9260-dd0209f3be70","DSNY_006.mammalGrid.mam","D03","DSNY","DSNY_006","B1","distributed","woodyWetlands",28.092915,-81.400851,"WGS84",45.1,20.7,0.1,"1 - trap not set","ShermanLF","2020-04-22","2020-04-22",,,,,,,,,,,,,,,,,,,,,,,,,,,,,,,,,,,,,,,,,,,,,,,,
"cfd3633d-e8d4-49b4-b21e-93c0010364e7","35c2a142-748b-4ca6-9260-dd0209f3be70","DSNY_006.mammalGrid.mam","D03","DSNY","DSNY_006","A8","distributed","woodyWetlands",28.092915,-81.400851,"WGS84",45.1,20.7,0.1,"1 - trap not set","ShermanLF","2020-04-22","2020-04-22",,,,,,,,,,,,,,,,,,,,,,,,,,,,,,,,,,,,,,,,,,,,,,,,
"a60086af-bcef-42d4-8a48-28594ba75b86","35c2a142-748b-4ca6-9260-dd0209f3be70","DSNY_006.mammalGrid.mam","D03","DSNY","DSNY_006","B9","distributed","woodyWetlands",28.092915,-81.400851,"WGS84",45.1,20.7,0.1,"1 - trap not set","ShermanLF","2020-04-22","2020-04-22",,,,,,,,,,,,,,,,,,,,,,,,,,,,,,,,,,,,,,,,,,,,,,,,
"3ce07077-dde7-450d-a822-d5c3e4e9dd5a","ac226108-d008-4dbf-9d57-8c4295cc2aa8","DSNY_004.mammalGrid.mam","D03","DSNY","DSNY_004","A3","distributed","woodyWetlands",28.099481,-81.401475,"WGS84",45.1,20.8,0.1,"1 - trap not set","ShermanLF","2020-04-22","2020-04-22",,,,,,,,,,,,,,,,,,,,,,,,,,,,,,,,,,,,,,,,,,,,,,,,
"a5d60966-609b-4d57-b02b-a1c9e189b3c8","35c2a142-748b-4ca6-9260-dd0209f3be70","DSNY_006.mammalGrid.mam","D03","DSNY","DSNY_006","F5","distributed","woodyWetlands",28.092915,-81.400851,"WGS84",45.1,20.7,0.1,"1 - trap not set","ShermanLF","2020-04-22","2020-04-22",,,,,,,,,,,,,,,,,,,,,,,,,,,,,,,,,,,,,,,,,,,,,,,,
"83448b10-d078-4202-a1c6-4f1ddbaf4b6f","847b41a0-f1a2-44ba-aeb0-8b4a40a0f774","DSNY_001.mammalGrid.mam","D03","DSNY","DSNY_001","A5","distributed","woodyWetlands",28.097204,-81.417175,"WGS84",45.1,21.1,0.1,"1 - trap not set","ShermanLF","2020-04-22","2020-04-22",,,,,,,,,,,,,,,,,,,,,,,,,,,,,,,,,,,,,,,,,,,,,,,,
"5314440d-aaba-473f-81cf-7025293d6709","35c2a142-748b-4ca6-9260-dd0209f3be70","DSNY_006.mammalGrid.mam","D03","DSNY","DSNY_006","D7","distributed","woodyWetlands",28.092915,-81.400851,"WGS84",45.1,20.7,0.1,"1 - trap not set","ShermanLF","2020-04-22","2020-04-22",,,,,,,,,,,,,,,,,,,,,,,,,,,,,,,,,,,,,,,,,,,,,,,,
"cd0dd3d8-c345-4470-a0e5-ee65e478ba96","14067362-58fb-4d81-b161-779a3365bef8","DSNY_005.mammalGrid.mam","D03","DSNY","DSNY_005","D10","distributed","woodyWetlands",28.039127,-81.391902,"WGS84",45.1,19.7,0.1,"1 - trap not set","ShermanLF","2020-04-22","2020-04-22",,,,,,,,,,,,,,,,,,,,,,,,,,,,,,,,,,,,,,,,,,,,,,,,
"a99dde94-c1f6-4bd6-ae21-5c594da83b6a","847b41a0-f1a2-44ba-aeb0-8b4a40a0f774","DSNY_001.mammalGrid.mam","D03","DSNY","DSNY_001","I3","distributed","woodyWetlands",28.097204,-81.417175,"WGS84",45.1,21.1,0.1,"1 - trap not set","ShermanLF","2020-04-22","2020-04-22",,,,,,,,,,,,,,,,,,,,,,,,,,,,,,,,,,,,,,,,,,,,,,,,
"1f999fde-ab9e-4c30-b5e3-fc5ff478022a","ac226108-d008-4dbf-9d57-8c4295cc2aa8","DSNY_004.mammalGrid.mam","D03","DSNY","DSNY_004","G1","distributed","woodyWetlands",28.099481,-81.401475,"WGS84",45.1,20.8,0.1,"1 - trap not set","ShermanLF","2020-04-22","2020-04-22",,,,,,,,,,,,,,,,,,,,,,,,,,,,,,,,,,,,,,,,,,,,,,,,
"159940c2-2a33-4941-bc6e-37eae02f40bf","ac226108-d008-4dbf-9d57-8c4295cc2aa8","DSNY_004.mammalGrid.mam","D03","DSNY","DSNY_004","I1","distributed","woodyWetlands",28.099481,-81.401475,"WGS84",45.1,20.8,0.1,"1 - trap not set","ShermanLF","2020-04-22","2020-04-22",,,,,,,,,,,,,,,,,,,,,,,,,,,,,,,,,,,,,,,,,,,,,,,,
"133b17dd-4c4d-4d96-aa60-fa7b50a67101","847b41a0-f1a2-44ba-aeb0-8b4a40a0f774","DSNY_001.mammalGrid.mam","D03","DSNY","DSNY_001","G6","distributed","woodyWetlands",28.097204,-81.417175,"WGS84",45.1,21.1,0.1,"1 - trap not set","ShermanLF","2020-04-22","2020-04-22",,,,,,,,,,,,,,,,,,,,,,,,,,,,,,,,,,,,,,,,,,,,,,,,
"ec56dd14-b182-4f41-9594-4eb1d9ca7fa6","35c2a142-748b-4ca6-9260-dd0209f3be70","DSNY_006.mammalGrid.mam","D03","DSNY","DSNY_006","G8","distributed","woodyWetlands",28.092915,-81.400851,"WGS84",45.1,20.7,0.1,"1 - trap not set","ShermanLF","2020-04-22","2020-04-22",,,,,,,,,,,,,,,,,,,,,,,,,,,,,,,,,,,,,,,,,,,,,,,,
"46f3c546-2a33-414c-a09a-54b820020000","35c2a142-748b-4ca6-9260-dd0209f3be70","DSNY_006.mammalGrid.mam","D03","DSNY","DSNY_006","I7","distributed","woodyWetlands",28.092915,-81.400851,"WGS84",45.1,20.7,0.1,"1 - trap not set","ShermanLF","2020-04-22","2020-04-22",,,,,,,,,,,,,,,,,,,,,,,,,,,,,,,,,,,,,,,,,,,,,,,,
"af763fc8-0e37-478e-b20c-2ccfffa8e67d","14067362-58fb-4d81-b161-779a3365bef8","DSNY_005.mammalGrid.mam","D03","DSNY","DSNY_005","E8","distributed","woodyWetlands",28.039127,-81.391902,"WGS84",45.1,19.7,0.1,"1 - trap not set","ShermanLF","2020-04-22","2020-04-22",,,,,,,,,,,,,,,,,,,,,,,,,,,,,,,,,,,,,,,,,,,,,,,,
"5427e68f-b8b3-46a4-9893-1131c44de902","ac226108-d008-4dbf-9d57-8c4295cc2aa8","DSNY_004.mammalGrid.mam","D03","DSNY","DSNY_004","A5","distributed","woodyWetlands",28.099481,-81.401475,"WGS84",45.1,20.8,0.1,"1 - trap not set","ShermanLF","2020-04-22","2020-04-22",,,,,,,,,,,,,,,,,,,,,,,,,,,,,,,,,,,,,,,,,,,,,,,,
"70d1c7df-8c61-4230-bb4f-b2a5de49f3fb","847b41a0-f1a2-44ba-aeb0-8b4a40a0f774","DSNY_001.mammalGrid.mam","D03","DSNY","DSNY_001","E7","distributed","woodyWetlands",28.097204,-81.417175,"WGS84",45.1,21.1,0.1,"1 - trap not set","ShermanLF","2020-04-22","2020-04-22",,,,,,,,,,,,,,,,,,,,,,,,,,,,,,,,,,,,,,,,,,,,,,,,
"ad5a84ad-2f59-408b-8211-f0d4e43971ba","ac226108-d008-4dbf-9d57-8c4295cc2aa8","DSNY_004.mammalGrid.mam","D03","DSNY","DSNY_004","J1","distributed","woodyWetlands",28.099481,-81.401475,"WGS84",45.1,20.8,0.1,"1 - trap not set","ShermanLF","2020-04-22","2020-04-22",,,,,,,,,,,,,,,,,,,,,,,,,,,,,,,,,,,,,,,,,,,,,,,,
"b59b063c-9f42-4ab7-884c-6066a774dd66","35c2a142-748b-4ca6-9260-dd0209f3be70","DSNY_006.mammalGrid.mam","D03","DSNY","DSNY_006","A6","distributed","woodyWetlands",28.092915,-81.400851,"WGS84",45.1,20.7,0.1,"1 - trap not set","ShermanLF","2020-04-22","2020-04-22",,,,,,,,,,,,,,,,,,,,,,,,,,,,,,,,,,,,,,,,,,,,,,,,
"1a3086e9-391a-419e-8dcd-c8bf65b0d076","14067362-58fb-4d81-b161-779a3365bef8","DSNY_005.mammalGrid.mam","D03","DSNY","DSNY_005","D7","distributed","woodyWetlands",28.039127,-81.391902,"WGS84",45.1,19.7,0.1,"1 - trap not set","ShermanLF","2020-04-22","2020-04-22",,,,,,,,,,,,,,,,,,,,,,,,,,,,,,,,,,,,,,,,,,,,,,,,
"8f46e2c9-9ed2-4d5d-bea0-e9f96626bd72","35c2a142-748b-4ca6-9260-dd0209f3be70","DSNY_006.mammalGrid.mam","D03","DSNY","DSNY_006","B6","distributed","woodyWetlands",28.092915,-81.400851,"WGS84",45.1,20.7,0.1,"1 - trap not set","ShermanLF","2020-04-22","2020-04-22",,,,,,,,,,,,,,,,,,,,,,,,,,,,,,,,,,,,,,,,,,,,,,,,
"b8fef5f5-2651-4be2-9268-e0d6f8156cf3","ac226108-d008-4dbf-9d57-8c4295cc2aa8","DSNY_004.mammalGrid.mam","D03","DSNY","DSNY_004","F4","distributed","woodyWetlands",28.099481,-81.401475,"WGS84",45.1,20.8,0.1,"1 - trap not set","ShermanLF","2020-04-22","2020-04-22",,,,,,,,,,,,,,,,,,,,,,,,,,,,,,,,,,,,,,,,,,,,,,,,
"e80ef8e8-c6b5-4e27-821c-28c59278f594","14067362-58fb-4d81-b161-779a3365bef8","DSNY_005.mammalGrid.mam","D03","DSNY","DSNY_005","I4","distributed","woodyWetlands",28.039127,-81.391902,"WGS84",45.1,19.7,0.1,"1 - trap not set","ShermanLF","2020-04-22","2020-04-22",,,,,,,,,,,,,,,,,,,,,,,,,,,,,,,,,,,,,,,,,,,,,,,,
"e5cca6cd-4909-4e18-aa15-da67e38fb1a7","35c2a142-748b-4ca6-9260-dd0209f3be70","DSNY_006.mammalGrid.mam","D03","DSNY","DSNY_006","I6","distributed","woodyWetlands",28.092915,-81.400851,"WGS84",45.1,20.7,0.1,"1 - trap not set","ShermanLF","2020-04-22","2020-04-22",,,,,,,,,,,,,,,,,,,,,,,,,,,,,,,,,,,,,,,,,,,,,,,,
"d3d17faf-703c-4343-a51e-a26e4d3d241f","847b41a0-f1a2-44ba-aeb0-8b4a40a0f774","DSNY_001.mammalGrid.mam","D03","DSNY","DSNY_001","G1","distributed","woodyWetlands",28.097204,-81.417175,"WGS84",45.1,21.1,0.1,"1 - trap not set","ShermanLF","2020-04-22","2020-04-22",,,,,,,,,,,,,,,,,,,,,,,,,,,,,,,,,,,,,,,,,,,,,,,,
"dee8e748-ba51-41d4-b944-41999e0af98d","847b41a0-f1a2-44ba-aeb0-8b4a40a0f774","DSNY_001.mammalGrid.mam","D03","DSNY","DSNY_001","E4","distributed","woodyWetlands",28.097204,-81.417175,"WGS84",45.1,21.1,0.1,"1 - trap not set","ShermanLF","2020-04-22","2020-04-22",,,,,,,,,,,,,,,,,,,,,,,,,,,,,,,,,,,,,,,,,,,,,,,,
"89ca962b-c286-48da-a5ce-a83b1246c22f","14067362-58fb-4d81-b161-779a3365bef8","DSNY_005.mammalGrid.mam","D03","DSNY","DSNY_005","H7","distributed","woodyWetlands",28.039127,-81.391902,"WGS84",45.1,19.7,0.1,"1 - trap not set","ShermanLF","2020-04-22","2020-04-22",,,,,,,,,,,,,,,,,,,,,,,,,,,,,,,,,,,,,,,,,,,,,,,,
"0700808a-e0c3-4789-8c8a-af0dbf757954","35c2a142-748b-4ca6-9260-dd0209f3be70","DSNY_006.mammalGrid.mam","D03","DSNY","DSNY_006","F8","distributed","woodyWetlands",28.092915,-81.400851,"WGS84",45.1,20.7,0.1,"1 - trap not set","ShermanLF","2020-04-22","2020-04-22",,,,,,,,,,,,,,,,,,,,,,,,,,,,,,,,,,,,,,,,,,,,,,,,
"d6172076-9c28-4153-b63d-b9783de0500e","847b41a0-f1a2-44ba-aeb0-8b4a40a0f774","DSNY_001.mammalGrid.mam","D03","DSNY","DSNY_001","F4","distributed","woodyWetlands",28.097204,-81.417175,"WGS84",45.1,21.1,0.1,"1 - trap not set","ShermanLF","2020-04-22","2020-04-22",,,,,,,,,,,,,,,,,,,,,,,,,,,,,,,,,,,,,,,,,,,,,,,,
"973d1778-a8e9-4313-9c0e-2cdd0f0f4232","14067362-58fb-4d81-b161-779a3365bef8","DSNY_005.mammalGrid.mam","D03","DSNY","DSNY_005","G5","distributed","woodyWetlands",28.039127,-81.391902,"WGS84",45.1,19.7,0.1,"1 - trap not set","ShermanLF","2020-04-22","2020-04-22",,,,,,,,,,,,,,,,,,,,,,,,,,,,,,,,,,,,,,,,,,,,,,,,
"c0b380e2-f561-4954-a9f1-ee09944cb056","14067362-58fb-4d81-b161-779a3365bef8","DSNY_005.mammalGrid.mam","D03","DSNY","DSNY_005","I2","distributed","woodyWetlands",28.039127,-81.391902,"WGS84",45.1,19.7,0.1,"1 - trap not set","ShermanLF","2020-04-22","2020-04-22",,,,,,,,,,,,,,,,,,,,,,,,,,,,,,,,,,,,,,,,,,,,,,,,
"488f3bd7-41cb-49fe-8a8b-162fb55302bc","847b41a0-f1a2-44ba-aeb0-8b4a40a0f774","DSNY_001.mammalGrid.mam","D03","DSNY","DSNY_001","J4","distributed","woodyWetlands",28.097204,-81.417175,"WGS84",45.1,21.1,0.1,"1 - trap not set","ShermanLF","2020-04-22","2020-04-22",,,,,,,,,,,,,,,,,,,,,,,,,,,,,,,,,,,,,,,,,,,,,,,,
"d6c96ad3-1027-4dad-82e0-02c44e53c4a9","847b41a0-f1a2-44ba-aeb0-8b4a40a0f774","DSNY_001.mammalGrid.mam","D03","DSNY","DSNY_001","G4","distributed","woodyWetlands",28.097204,-81.417175,"WGS84",45.1,21.1,0.1,"1 - trap not set","ShermanLF","2020-04-22","2020-04-22",,,,,,,,,,,,,,,,,,,,,,,,,,,,,,,,,,,,,,,,,,,,,,,,
"befff6d0-f694-41a2-b16e-22bfa99b2645","847b41a0-f1a2-44ba-aeb0-8b4a40a0f774","DSNY_001.mammalGrid.mam","D03","DSNY","DSNY_001","H4","distributed","woodyWetlands",28.097204,-81.417175,"WGS84",45.1,21.1,0.1,"1 - trap not set","ShermanLF","2020-04-22","2020-04-22",,,,,,,,,,,,,,,,,,,,,,,,,,,,,,,,,,,,,,,,,,,,,,,,
"b2121b14-5a08-46a0-8d40-fbb6c128f609","ac226108-d008-4dbf-9d57-8c4295cc2aa8","DSNY_004.mammalGrid.mam","D03","DSNY","DSNY_004","A6","distributed","woodyWetlands",28.099481,-81.401475,"WGS84",45.1,20.8,0.1,"1 - trap not set","ShermanLF","2020-04-22","2020-04-22",,,,,,,,,,,,,,,,,,,,,,,,,,,,,,,,,,,,,,,,,,,,,,,,
"a213726a-00f1-419b-9064-e12def35bcec","14067362-58fb-4d81-b161-779a3365bef8","DSNY_005.mammalGrid.mam","D03","DSNY","DSNY_005","C6","distributed","woodyWetlands",28.039127,-81.391902,"WGS84",45.1,19.7,0.1,"1 - trap not set","ShermanLF","2020-04-22","2020-04-22",,,,,,,,,,,,,,,,,,,,,,,,,,,,,,,,,,,,,,,,,,,,,,,,
"a8eff0d8-8364-47a4-b8cb-f4a46e690180","35c2a142-748b-4ca6-9260-dd0209f3be70","DSNY_006.mammalGrid.mam","D03","DSNY","DSNY_006","F1","distributed","woodyWetlands",28.092915,-81.400851,"WGS84",45.1,20.7,0.1,"1 - trap not set","ShermanLF","2020-04-22","2020-04-22",,,,,,,,,,,,,,,,,,,,,,,,,,,,,,,,,,,,,,,,,,,,,,,,
"dec844c1-da30-43dc-bf6f-56331cbfd40b","14067362-58fb-4d81-b161-779a3365bef8","DSNY_005.mammalGrid.mam","D03","DSNY","DSNY_005","B6","distributed","woodyWetlands",28.039127,-81.391902,"WGS84",45.1,19.7,0.1,"1 - trap not set","ShermanLF","2020-04-22","2020-04-22",,,,,,,,,,,,,,,,,,,,,,,,,,,,,,,,,,,,,,,,,,,,,,,,
"3d63dde9-e581-4001-b527-0a72e9848e35","847b41a0-f1a2-44ba-aeb0-8b4a40a0f774","DSNY_001.mammalGrid.mam","D03","DSNY","DSNY_001","I10","distributed","woodyWetlands",28.097204,-81.417175,"WGS84",45.1,21.1,0.1,"1 - trap not set","ShermanLF","2020-04-22","2020-04-22",,,,,,,,,,,,,,,,,,,,,,,,,,,,,,,,,,,,,,,,,,,,,,,,
"4f950f17-5eca-4058-97c6-47809ab7175b","ac226108-d008-4dbf-9d57-8c4295cc2aa8","DSNY_004.mammalGrid.mam","D03","DSNY","DSNY_004","F5","distributed","woodyWetlands",28.099481,-81.401475,"WGS84",45.1,20.8,0.1,"1 - trap not set","ShermanLF","2020-04-22","2020-04-22",,,,,,,,,,,,,,,,,,,,,,,,,,,,,,,,,,,,,,,,,,,,,,,,
"47899350-5670-4477-8015-f1490a39c0a7","ac226108-d008-4dbf-9d57-8c4295cc2aa8","DSNY_004.mammalGrid.mam","D03","DSNY","DSNY_004","H2","distributed","woodyWetlands",28.099481,-81.401475,"WGS84",45.1,20.8,0.1,"1 - trap not set","ShermanLF","2020-04-22","2020-04-22",,,,,,,,,,,,,,,,,,,,,,,,,,,,,,,,,,,,,,,,,,,,,,,,
"2289dfbf-06af-4bfc-8ce6-82103188788a","847b41a0-f1a2-44ba-aeb0-8b4a40a0f774","DSNY_001.mammalGrid.mam","D03","DSNY","DSNY_001","F1","distributed","woodyWetlands",28.097204,-81.417175,"WGS84",45.1,21.1,0.1,"1 - trap not set","ShermanLF","2020-04-22","2020-04-22",,,,,,,,,,,,,,,,,,,,,,,,,,,,,,,,,,,,,,,,,,,,,,,,
"7e261fa7-10db-44f3-b9dd-29658174d925","847b41a0-f1a2-44ba-aeb0-8b4a40a0f774","DSNY_001.mammalGrid.mam","D03","DSNY","DSNY_001","C5","distributed","woodyWetlands",28.097204,-81.417175,"WGS84",45.1,21.1,0.1,"1 - trap not set","ShermanLF","2020-04-22","2020-04-22",,,,,,,,,,,,,,,,,,,,,,,,,,,,,,,,,,,,,,,,,,,,,,,,
"9c177ea2-2490-4b31-a0eb-a580556edd41","ac226108-d008-4dbf-9d57-8c4295cc2aa8","DSNY_004.mammalGrid.mam","D03","DSNY","DSNY_004","I6","distributed","woodyWetlands",28.099481,-81.401475,"WGS84",45.1,20.8,0.1,"1 - trap not set","ShermanLF","2020-04-22","2020-04-22",,,,,,,,,,,,,,,,,,,,,,,,,,,,,,,,,,,,,,,,,,,,,,,,
"6c285355-b0c4-402c-b312-6cf0d0ab7dce","14067362-58fb-4d81-b161-779a3365bef8","DSNY_005.mammalGrid.mam","D03","DSNY","DSNY_005","E7","distributed","woodyWetlands",28.039127,-81.391902,"WGS84",45.1,19.7,0.1,"1 - trap not set","ShermanLF","2020-04-22","2020-04-22",,,,,,,,,,,,,,,,,,,,,,,,,,,,,,,,,,,,,,,,,,,,,,,,
"a36457c6-0761-433b-9cd5-58b893470843","14067362-58fb-4d81-b161-779a3365bef8","DSNY_005.mammalGrid.mam","D03","DSNY","DSNY_005","B5","distributed","woodyWetlands",28.039127,-81.391902,"WGS84",45.1,19.7,0.1,"1 - trap not set","ShermanLF","2020-04-22","2020-04-22",,,,,,,,,,,,,,,,,,,,,,,,,,,,,,,,,,,,,,,,,,,,,,,,
"e1ec165a-2416-49e9-bce5-e286ce3f0385","847b41a0-f1a2-44ba-aeb0-8b4a40a0f774","DSNY_001.mammalGrid.mam","D03","DSNY","DSNY_001","B2","distributed","woodyWetlands",28.097204,-81.417175,"WGS84",45.1,21.1,0.1,"1 - trap not set","ShermanLF","2020-04-22","2020-04-22",,,,,,,,,,,,,,,,,,,,,,,,,,,,,,,,,,,,,,,,,,,,,,,,
"29812af9-e11b-4fd3-8ff4-8026712f9dcf","ac226108-d008-4dbf-9d57-8c4295cc2aa8","DSNY_004.mammalGrid.mam","D03","DSNY","DSNY_004","A2","distributed","woodyWetlands",28.099481,-81.401475,"WGS84",45.1,20.8,0.1,"1 - trap not set","ShermanLF","2020-04-22","2020-04-22",,,,,,,,,,,,,,,,,,,,,,,,,,,,,,,,,,,,,,,,,,,,,,,,
"069c0e45-eb02-4b84-b6a3-479be8f01012","35c2a142-748b-4ca6-9260-dd0209f3be70","DSNY_006.mammalGrid.mam","D03","DSNY","DSNY_006","I1","distributed","woodyWetlands",28.092915,-81.400851,"WGS84",45.1,20.7,0.1,"1 - trap not set","ShermanLF","2020-04-22","2020-04-22",,,,,,,,,,,,,,,,,,,,,,,,,,,,,,,,,,,,,,,,,,,,,,,,
"2f8cdb0a-145a-40a6-8f90-38b4a5395680","847b41a0-f1a2-44ba-aeb0-8b4a40a0f774","DSNY_001.mammalGrid.mam","D03","DSNY","DSNY_001","B7","distributed","woodyWetlands",28.097204,-81.417175,"WGS84",45.1,21.1,0.1,"1 - trap not set","ShermanLF","2020-04-22","2020-04-22",,,,,,,,,,,,,,,,,,,,,,,,,,,,,,,,,,,,,,,,,,,,,,,,
"5e666dcc-7fe6-470f-a80c-5147d9537444","14067362-58fb-4d81-b161-779a3365bef8","DSNY_005.mammalGrid.mam","D03","DSNY","DSNY_005","B4","distributed","woodyWetlands",28.039127,-81.391902,"WGS84",45.1,19.7,0.1,"1 - trap not set","ShermanLF","2020-04-22","2020-04-22",,,,,,,,,,,,,,,,,,,,,,,,,,,,,,,,,,,,,,,,,,,,,,,,
"0475e462-eb2a-4c41-9785-383c11da4260","847b41a0-f1a2-44ba-aeb0-8b4a40a0f774","DSNY_001.mammalGrid.mam","D03","DSNY","DSNY_001","I6","distributed","woodyWetlands",28.097204,-81.417175,"WGS84",45.1,21.1,0.1,"1 - trap not set","ShermanLF","2020-04-22","2020-04-22",,,,,,,,,,,,,,,,,,,,,,,,,,,,,,,,,,,,,,,,,,,,,,,,
"d624050b-3d5d-4c4a-85fb-ff88a6d49a66","847b41a0-f1a2-44ba-aeb0-8b4a40a0f774","DSNY_001.mammalGrid.mam","D03","DSNY","DSNY_001","B5","distributed","woodyWetlands",28.097204,-81.417175,"WGS84",45.1,21.1,0.1,"1 - trap not set","ShermanLF","2020-04-22","2020-04-22",,,,,,,,,,,,,,,,,,,,,,,,,,,,,,,,,,,,,,,,,,,,,,,,
"a7df93a5-4e0d-4165-a997-1b3fac5c1d35","14067362-58fb-4d81-b161-779a3365bef8","DSNY_005.mammalGrid.mam","D03","DSNY","DSNY_005","A1","distributed","woodyWetlands",28.039127,-81.391902,"WGS84",45.1,19.7,0.1,"1 - trap not set","ShermanLF","2020-04-22","2020-04-22",,,,,,,,,,,,,,,,,,,,,,,,,,,,,,,,,,,,,,,,,,,,,,,,
"8644a99d-f663-4e22-ae2b-846cdd62085c","847b41a0-f1a2-44ba-aeb0-8b4a40a0f774","DSNY_001.mammalGrid.mam","D03","DSNY","DSNY_001","B3","distributed","woodyWetlands",28.097204,-81.417175,"WGS84",45.1,21.1,0.1,"1 - trap not set","ShermanLF","2020-04-22","2020-04-22",,,,,,,,,,,,,,,,,,,,,,,,,,,,,,,,,,,,,,,,,,,,,,,,
"1736fe9d-6698-4c81-b610-6e3b2a7b1a28","847b41a0-f1a2-44ba-aeb0-8b4a40a0f774","DSNY_001.mammalGrid.mam","D03","DSNY","DSNY_001","D9","distributed","woodyWetlands",28.097204,-81.417175,"WGS84",45.1,21.1,0.1,"1 - trap not set","ShermanLF","2020-04-22","2020-04-22",,,,,,,,,,,,,,,,,,,,,,,,,,,,,,,,,,,,,,,,,,,,,,,,
"e15bee2c-5d94-41ba-9e35-34118acc81f7","ac226108-d008-4dbf-9d57-8c4295cc2aa8","DSNY_004.mammalGrid.mam","D03","DSNY","DSNY_004","A4","distributed","woodyWetlands",28.099481,-81.401475,"WGS84",45.1,20.8,0.1,"1 - trap not set","ShermanLF","2020-04-22","2020-04-22",,,,,,,,,,,,,,,,,,,,,,,,,,,,,,,,,,,,,,,,,,,,,,,,
"3f41198e-3619-499a-b935-ac9a0877cd86","35c2a142-748b-4ca6-9260-dd0209f3be70","DSNY_006.mammalGrid.mam","D03","DSNY","DSNY_006","H9","distributed","woodyWetlands",28.092915,-81.400851,"WGS84",45.1,20.7,0.1,"1 - trap not set","ShermanLF","2020-04-22","2020-04-22",,,,,,,,,,,,,,,,,,,,,,,,,,,,,,,,,,,,,,,,,,,,,,,,
"d9b4ddf6-9d5a-436f-8a57-c55ca2059b82","14067362-58fb-4d81-b161-779a3365bef8","DSNY_005.mammalGrid.mam","D03","DSNY","DSNY_005","A5","distributed","woodyWetlands",28.039127,-81.391902,"WGS84",45.1,19.7,0.1,"1 - trap not set","ShermanLF","2020-04-22","2020-04-22",,,,,,,,,,,,,,,,,,,,,,,,,,,,,,,,,,,,,,,,,,,,,,,,
"f4fae4f0-af43-4ef5-a290-188ae3ea6595","35c2a142-748b-4ca6-9260-dd0209f3be70","DSNY_006.mammalGrid.mam","D03","DSNY","DSNY_006","B8","distributed","woodyWetlands",28.092915,-81.400851,"WGS84",45.1,20.7,0.1,"1 - trap not set","ShermanLF","2020-04-22","2020-04-22",,,,,,,,,,,,,,,,,,,,,,,,,,,,,,,,,,,,,,,,,,,,,,,,
"77881276-1a22-4335-95b1-f8a7f9989faa","14067362-58fb-4d81-b161-779a3365bef8","DSNY_005.mammalGrid.mam","D03","DSNY","DSNY_005","A3","distributed","woodyWetlands",28.039127,-81.391902,"WGS84",45.1,19.7,0.1,"1 - trap not set","ShermanLF","2020-04-22","2020-04-22",,,,,,,,,,,,,,,,,,,,,,,,,,,,,,,,,,,,,,,,,,,,,,,,
"43df8f23-3386-47ff-a605-a3eb0c776490","35c2a142-748b-4ca6-9260-dd0209f3be70","DSNY_006.mammalGrid.mam","D03","DSNY","DSNY_006","H8","distributed","woodyWetlands",28.092915,-81.400851,"WGS84",45.1,20.7,0.1,"1 - trap not set","ShermanLF","2020-04-22","2020-04-22",,,,,,,,,,,,,,,,,,,,,,,,,,,,,,,,,,,,,,,,,,,,,,,,
"c6ef8518-8651-4155-89c6-e5a4e1c3cd15","35c2a142-748b-4ca6-9260-dd0209f3be70","DSNY_006.mammalGrid.mam","D03","DSNY","DSNY_006","B10","distributed","woodyWetlands",28.092915,-81.400851,"WGS84",45.1,20.7,0.1,"1 - trap not set","ShermanLF","2020-04-22","2020-04-22",,,,,,,,,,,,,,,,,,,,,,,,,,,,,,,,,,,,,,,,,,,,,,,,
"a64c649f-1620-4732-a9af-9e91a668d587","35c2a142-748b-4ca6-9260-dd0209f3be70","DSNY_006.mammalGrid.mam","D03","DSNY","DSNY_006","G2","distributed","woodyWetlands",28.092915,-81.400851,"WGS84",45.1,20.7,0.1,"1 - trap not set","ShermanLF","2020-04-22","2020-04-22",,,,,,,,,,,,,,,,,,,,,,,,,,,,,,,,,,,,,,,,,,,,,,,,
"504d7063-dd20-4a7e-abcc-a21cc8ef26a5","14067362-58fb-4d81-b161-779a3365bef8","DSNY_005.mammalGrid.mam","D03","DSNY","DSNY_005","H10","distributed","woodyWetlands",28.039127,-81.391902,"WGS84",45.1,19.7,0.1,"1 - trap not set","ShermanLF","2020-04-22","2020-04-22",,,,,,,,,,,,,,,,,,,,,,,,,,,,,,,,,,,,,,,,,,,,,,,,
"a2d41e89-bc61-4ffc-b90c-25c7baa75a02","35c2a142-748b-4ca6-9260-dd0209f3be70","DSNY_006.mammalGrid.mam","D03","DSNY","DSNY_006","H5","distributed","woodyWetlands",28.092915,-81.400851,"WGS84",45.1,20.7,0.1,"1 - trap not set","ShermanLF","2020-04-22","2020-04-22",,,,,,,,,,,,,,,,,,,,,,,,,,,,,,,,,,,,,,,,,,,,,,,,
"2a6b5e52-cf10-45af-a010-b73e0ad37422","ac226108-d008-4dbf-9d57-8c4295cc2aa8","DSNY_004.mammalGrid.mam","D03","DSNY","DSNY_004","C9","distributed","woodyWetlands",28.099481,-81.401475,"WGS84",45.1,20.8,0.1,"1 - trap not set","ShermanLF","2020-04-22","2020-04-22",,,,,,,,,,,,,,,,,,,,,,,,,,,,,,,,,,,,,,,,,,,,,,,,
"a5a37c16-831a-4418-bb0e-8da09604915b","14067362-58fb-4d81-b161-779a3365bef8","DSNY_005.mammalGrid.mam","D03","DSNY","DSNY_005","C2","distributed","woodyWetlands",28.039127,-81.391902,"WGS84",45.1,19.7,0.1,"1 - trap not set","ShermanLF","2020-04-22","2020-04-22",,,,,,,,,,,,,,,,,,,,,,,,,,,,,,,,,,,,,,,,,,,,,,,,
"2e3cfc77-87f1-4579-a990-239b55f019d9","35c2a142-748b-4ca6-9260-dd0209f3be70","DSNY_006.mammalGrid.mam","D03","DSNY","DSNY_006","D8","distributed","woodyWetlands",28.092915,-81.400851,"WGS84",45.1,20.7,0.1,"1 - trap not set","ShermanLF","2020-04-22","2020-04-22",,,,,,,,,,,,,,,,,,,,,,,,,,,,,,,,,,,,,,,,,,,,,,,,
"05212a00-1be3-407c-b5f6-775a2d449f65","847b41a0-f1a2-44ba-aeb0-8b4a40a0f774","DSNY_001.mammalGrid.mam","D03","DSNY","DSNY_001","H7","distributed","woodyWetlands",28.097204,-81.417175,"WGS84",45.1,21.1,0.1,"1 - trap not set","ShermanLF","2020-04-22","2020-04-22",,,,,,,,,,,,,,,,,,,,,,,,,,,,,,,,,,,,,,,,,,,,,,,,
"6f1dc1a6-60b6-4b1c-b725-32e04e0c2e25","14067362-58fb-4d81-b161-779a3365bef8","DSNY_005.mammalGrid.mam","D03","DSNY","DSNY_005","C8","distributed","woodyWetlands",28.039127,-81.391902,"WGS84",45.1,19.7,0.1,"1 - trap not set","ShermanLF","2020-04-22","2020-04-22",,,,,,,,,,,,,,,,,,,,,,,,,,,,,,,,,,,,,,,,,,,,,,,,
"52fbb774-2e8f-4ce6-a4b9-f850e2d7b57f","ac226108-d008-4dbf-9d57-8c4295cc2aa8","DSNY_004.mammalGrid.mam","D03","DSNY","DSNY_004","D4","distributed","woodyWetlands",28.099481,-81.401475,"WGS84",45.1,20.8,0.1,"1 - trap not set","ShermanLF","2020-04-22","2020-04-22",,,,,,,,,,,,,,,,,,,,,,,,,,,,,,,,,,,,,,,,,,,,,,,,
"a789b8d8-20bc-41b2-afb7-aee3095c5d4b","14067362-58fb-4d81-b161-779a3365bef8","DSNY_005.mammalGrid.mam","D03","DSNY","DSNY_005","I7","distributed","woodyWetlands",28.039127,-81.391902,"WGS84",45.1,19.7,0.1,"1 - trap not set","ShermanLF","2020-04-22","2020-04-22",,,,,,,,,,,,,,,,,,,,,,,,,,,,,,,,,,,,,,,,,,,,,,,,
"6f449161-d60b-4b7c-8712-e2ae08ff50e6","14067362-58fb-4d81-b161-779a3365bef8","DSNY_005.mammalGrid.mam","D03","DSNY","DSNY_005","J3","distributed","woodyWetlands",28.039127,-81.391902,"WGS84",45.1,19.7,0.1,"1 - trap not set","ShermanLF","2020-04-22","2020-04-22",,,,,,,,,,,,,,,,,,,,,,,,,,,,,,,,,,,,,,,,,,,,,,,,
"ea15c9c1-283f-40a0-8c38-38726773c725","ac226108-d008-4dbf-9d57-8c4295cc2aa8","DSNY_004.mammalGrid.mam","D03","DSNY","DSNY_004","D9","distributed","woodyWetlands",28.099481,-81.401475,"WGS84",45.1,20.8,0.1,"1 - trap not set","ShermanLF","2020-04-22","2020-04-22",,,,,,,,,,,,,,,,,,,,,,,,,,,,,,,,,,,,,,,,,,,,,,,,
"0967f898-89fb-4eb1-8652-a2e668b5dda5","ac226108-d008-4dbf-9d57-8c4295cc2aa8","DSNY_004.mammalGrid.mam","D03","DSNY","DSNY_004","E10","distributed","woodyWetlands",28.099481,-81.401475,"WGS84",45.1,20.8,0.1,"1 - trap not set","ShermanLF","2020-04-22","2020-04-22",,,,,,,,,,,,,,,,,,,,,,,,,,,,,,,,,,,,,,,,,,,,,,,,
"78845389-bf45-4e04-bdc2-a4d0075b5ea5","ac226108-d008-4dbf-9d57-8c4295cc2aa8","DSNY_004.mammalGrid.mam","D03","DSNY","DSNY_004","I7","distributed","woodyWetlands",28.099481,-81.401475,"WGS84",45.1,20.8,0.1,"1 - trap not set","ShermanLF","2020-04-22","2020-04-22",,,,,,,,,,,,,,,,,,,,,,,,,,,,,,,,,,,,,,,,,,,,,,,,
"4554681d-d351-4882-b5a5-59bc977d741b","14067362-58fb-4d81-b161-779a3365bef8","DSNY_005.mammalGrid.mam","D03","DSNY","DSNY_005","B3","distributed","woodyWetlands",28.039127,-81.391902,"WGS84",45.1,19.7,0.1,"1 - trap not set","ShermanLF","2020-04-22","2020-04-22",,,,,,,,,,,,,,,,,,,,,,,,,,,,,,,,,,,,,,,,,,,,,,,,
"4ed08b4c-b97c-4e9f-bab8-810bed0f100b","14067362-58fb-4d81-b161-779a3365bef8","DSNY_005.mammalGrid.mam","D03","DSNY","DSNY_005","I10","distributed","woodyWetlands",28.039127,-81.391902,"WGS84",45.1,19.7,0.1,"1 - trap not set","ShermanLF","2020-04-22","2020-04-22",,,,,,,,,,,,,,,,,,,,,,,,,,,,,,,,,,,,,,,,,,,,,,,,
"b9c14bc4-2d12-4d66-a846-38f7ed743c4a","14067362-58fb-4d81-b161-779a3365bef8","DSNY_005.mammalGrid.mam","D03","DSNY","DSNY_005","B8","distributed","woodyWetlands",28.039127,-81.391902,"WGS84",45.1,19.7,0.1,"1 - trap not set","ShermanLF","2020-04-22","2020-04-22",,,,,,,,,,,,,,,,,,,,,,,,,,,,,,,,,,,,,,,,,,,,,,,,
"1826b5b9-61ea-4629-88e1-bc22fda2e50b","847b41a0-f1a2-44ba-aeb0-8b4a40a0f774","DSNY_001.mammalGrid.mam","D03","DSNY","DSNY_001","F7","distributed","woodyWetlands",28.097204,-81.417175,"WGS84",45.1,21.1,0.1,"1 - trap not set","ShermanLF","2020-04-22","2020-04-22",,,,,,,,,,,,,,,,,,,,,,,,,,,,,,,,,,,,,,,,,,,,,,,,
"17001882-1aec-4174-815d-3c58d27cb402","ac226108-d008-4dbf-9d57-8c4295cc2aa8","DSNY_004.mammalGrid.mam","D03","DSNY","DSNY_004","A7","distributed","woodyWetlands",28.099481,-81.401475,"WGS84",45.1,20.8,0.1,"1 - trap not set","ShermanLF","2020-04-22","2020-04-22",,,,,,,,,,,,,,,,,,,,,,,,,,,,,,,,,,,,,,,,,,,,,,,,
"652ede66-de20-4ca4-8456-32863a98a968","14067362-58fb-4d81-b161-779a3365bef8","DSNY_005.mammalGrid.mam","D03","DSNY","DSNY_005","C10","distributed","woodyWetlands",28.039127,-81.391902,"WGS84",45.1,19.7,0.1,"1 - trap not set","ShermanLF","2020-04-22","2020-04-22",,,,,,,,,,,,,,,,,,,,,,,,,,,,,,,,,,,,,,,,,,,,,,,,
"09928172-1861-405e-9a42-b337595ec435","14067362-58fb-4d81-b161-779a3365bef8","DSNY_005.mammalGrid.mam","D03","DSNY","DSNY_005","G9","distributed","woodyWetlands",28.039127,-81.391902,"WGS84",45.1,19.7,0.1,"1 - trap not set","ShermanLF","2020-04-22","2020-04-22",,,,,,,,,,,,,,,,,,,,,,,,,,,,,,,,,,,,,,,,,,,,,,,,
"e8bd53f6-abb1-4f1f-843c-8096e851cc5a","847b41a0-f1a2-44ba-aeb0-8b4a40a0f774","DSNY_001.mammalGrid.mam","D03","DSNY","DSNY_001","D3","distributed","woodyWetlands",28.097204,-81.417175,"WGS84",45.1,21.1,0.1,"1 - trap not set","ShermanLF","2020-04-22","2020-04-22",,,,,,,,,,,,,,,,,,,,,,,,,,,,,,,,,,,,,,,,,,,,,,,,
"f508a121-122d-4dcf-aa5a-a3383430341b","ac226108-d008-4dbf-9d57-8c4295cc2aa8","DSNY_004.mammalGrid.mam","D03","DSNY","DSNY_004","D10","distributed","woodyWetlands",28.099481,-81.401475,"WGS84",45.1,20.8,0.1,"1 - trap not set","ShermanLF","2020-04-22","2020-04-22",,,,,,,,,,,,,,,,,,,,,,,,,,,,,,,,,,,,,,,,,,,,,,,,
"761ad59a-7518-4486-b773-98d11db30d13","14067362-58fb-4d81-b161-779a3365bef8","DSNY_005.mammalGrid.mam","D03","DSNY","DSNY_005","I1","distributed","woodyWetlands",28.039127,-81.391902,"WGS84",45.1,19.7,0.1,"1 - trap not set","ShermanLF","2020-04-22","2020-04-22",,,,,,,,,,,,,,,,,,,,,,,,,,,,,,,,,,,,,,,,,,,,,,,,
"454bb28a-2b0c-4db2-b604-824dbe4bf1d9","ac226108-d008-4dbf-9d57-8c4295cc2aa8","DSNY_004.mammalGrid.mam","D03","DSNY","DSNY_004","E3","distributed","woodyWetlands",28.099481,-81.401475,"WGS84",45.1,20.8,0.1,"1 - trap not set","ShermanLF","2020-04-22","2020-04-22",,,,,,,,,,,,,,,,,,,,,,,,,,,,,,,,,,,,,,,,,,,,,,,,
"8ebbb56c-952e-4f1c-b66b-0037eb955614","847b41a0-f1a2-44ba-aeb0-8b4a40a0f774","DSNY_001.mammalGrid.mam","D03","DSNY","DSNY_001","D1","distributed","woodyWetlands",28.097204,-81.417175,"WGS84",45.1,21.1,0.1,"1 - trap not set","ShermanLF","2020-04-22","2020-04-22",,,,,,,,,,,,,,,,,,,,,,,,,,,,,,,,,,,,,,,,,,,,,,,,
"327edc40-52fe-477f-b444-c95acd40b14b","35c2a142-748b-4ca6-9260-dd0209f3be70","DSNY_006.mammalGrid.mam","D03","DSNY","DSNY_006","A5","distributed","woodyWetlands",28.092915,-81.400851,"WGS84",45.1,20.7,0.1,"1 - trap not set","ShermanLF","2020-04-22","2020-04-22",,,,,,,,,,,,,,,,,,,,,,,,,,,,,,,,,,,,,,,,,,,,,,,,
"b0de1f1c-cb79-4ac2-9037-1d25a71eaa1c","847b41a0-f1a2-44ba-aeb0-8b4a40a0f774","DSNY_001.mammalGrid.mam","D03","DSNY","DSNY_001","C6","distributed","woodyWetlands",28.097204,-81.417175,"WGS84",45.1,21.1,0.1,"1 - trap not set","ShermanLF","2020-04-22","2020-04-22",,,,,,,,,,,,,,,,,,,,,,,,,,,,,,,,,,,,,,,,,,,,,,,,
"c262aa48-6232-4cfb-9c98-7c0da3e98795","847b41a0-f1a2-44ba-aeb0-8b4a40a0f774","DSNY_001.mammalGrid.mam","D03","DSNY","DSNY_001","B8","distributed","woodyWetlands",28.097204,-81.417175,"WGS84",45.1,21.1,0.1,"1 - trap not set","ShermanLF","2020-04-22","2020-04-22",,,,,,,,,,,,,,,,,,,,,,,,,,,,,,,,,,,,,,,,,,,,,,,,
"81d07246-24bf-4e12-8f5c-4016e1fec072","14067362-58fb-4d81-b161-779a3365bef8","DSNY_005.mammalGrid.mam","D03","DSNY","DSNY_005","H1","distributed","woodyWetlands",28.039127,-81.391902,"WGS84",45.1,19.7,0.1,"1 - trap not set","ShermanLF","2020-04-22","2020-04-22",,,,,,,,,,,,,,,,,,,,,,,,,,,,,,,,,,,,,,,,,,,,,,,,
"81d5426b-6bdc-4014-9e89-ef51177ad573","14067362-58fb-4d81-b161-779a3365bef8","DSNY_005.mammalGrid.mam","D03","DSNY","DSNY_005","H3","distributed","woodyWetlands",28.039127,-81.391902,"WGS84",45.1,19.7,0.1,"1 - trap not set","ShermanLF","2020-04-22","2020-04-22",,,,,,,,,,,,,,,,,,,,,,,,,,,,,,,,,,,,,,,,,,,,,,,,
"35d6bcc5-d04e-49f6-90ae-b4ac278bbb47","847b41a0-f1a2-44ba-aeb0-8b4a40a0f774","DSNY_001.mammalGrid.mam","D03","DSNY","DSNY_001","C8","distributed","woodyWetlands",28.097204,-81.417175,"WGS84",45.1,21.1,0.1,"1 - trap not set","ShermanLF","2020-04-22","2020-04-22",,,,,,,,,,,,,,,,,,,,,,,,,,,,,,,,,,,,,,,,,,,,,,,,
"2942acea-d868-4ac8-b3b3-b3817b83de2d","ac226108-d008-4dbf-9d57-8c4295cc2aa8","DSNY_004.mammalGrid.mam","D03","DSNY","DSNY_004","G3","distributed","woodyWetlands",28.099481,-81.401475,"WGS84",45.1,20.8,0.1,"1 - trap not set","ShermanLF","2020-04-22","2020-04-22",,,,,,,,,,,,,,,,,,,,,,,,,,,,,,,,,,,,,,,,,,,,,,,,
"96b1f246-7b94-421e-abd2-f38e65011b61","ac226108-d008-4dbf-9d57-8c4295cc2aa8","DSNY_004.mammalGrid.mam","D03","DSNY","DSNY_004","B9","distributed","woodyWetlands",28.099481,-81.401475,"WGS84",45.1,20.8,0.1,"1 - trap not set","ShermanLF","2020-04-22","2020-04-22",,,,,,,,,,,,,,,,,,,,,,,,,,,,,,,,,,,,,,,,,,,,,,,,
"21c5e2c1-aa8d-47e6-9a62-273a1a4e99bc","35c2a142-748b-4ca6-9260-dd0209f3be70","DSNY_006.mammalGrid.mam","D03","DSNY","DSNY_006","I3","distributed","woodyWetlands",28.092915,-81.400851,"WGS84",45.1,20.7,0.1,"1 - trap not set","ShermanLF","2020-04-22","2020-04-22",,,,,,,,,,,,,,,,,,,,,,,,,,,,,,,,,,,,,,,,,,,,,,,,
"9c4da69f-94e2-43a9-ac50-c7fbb74bcc1d","847b41a0-f1a2-44ba-aeb0-8b4a40a0f774","DSNY_001.mammalGrid.mam","D03","DSNY","DSNY_001","I5","distributed","woodyWetlands",28.097204,-81.417175,"WGS84",45.1,21.1,0.1,"1 - trap not set","ShermanLF","2020-04-22","2020-04-22",,,,,,,,,,,,,,,,,,,,,,,,,,,,,,,,,,,,,,,,,,,,,,,,
"e5c88836-0165-47a0-b964-196cc027cd6a","35c2a142-748b-4ca6-9260-dd0209f3be70","DSNY_006.mammalGrid.mam","D03","DSNY","DSNY_006","J5","distributed","woodyWetlands",28.092915,-81.400851,"WGS84",45.1,20.7,0.1,"1 - trap not set","ShermanLF","2020-04-22","2020-04-22",,,,,,,,,,,,,,,,,,,,,,,,,,,,,,,,,,,,,,,,,,,,,,,,
"1c2d167d-22b6-4450-b6d2-c38c70f2ded5","ac226108-d008-4dbf-9d57-8c4295cc2aa8","DSNY_004.mammalGrid.mam","D03","DSNY","DSNY_004","F9","distributed","woodyWetlands",28.099481,-81.401475,"WGS84",45.1,20.8,0.1,"1 - trap not set","ShermanLF","2020-04-22","2020-04-22",,,,,,,,,,,,,,,,,,,,,,,,,,,,,,,,,,,,,,,,,,,,,,,,
"c56db7ae-4540-41a2-9254-6122febb5ab7","14067362-58fb-4d81-b161-779a3365bef8","DSNY_005.mammalGrid.mam","D03","DSNY","DSNY_005","F2","distributed","woodyWetlands",28.039127,-81.391902,"WGS84",45.1,19.7,0.1,"1 - trap not set","ShermanLF","2020-04-22","2020-04-22",,,,,,,,,,,,,,,,,,,,,,,,,,,,,,,,,,,,,,,,,,,,,,,,
"1efdfcf6-a5fe-435b-a6d9-61a61378d945","14067362-58fb-4d81-b161-779a3365bef8","DSNY_005.mammalGrid.mam","D03","DSNY","DSNY_005","E4","distributed","woodyWetlands",28.039127,-81.391902,"WGS84",45.1,19.7,0.1,"1 - trap not set","ShermanLF","2020-04-22","2020-04-22",,,,,,,,,,,,,,,,,,,,,,,,,,,,,,,,,,,,,,,,,,,,,,,,
"b434be26-3382-47cd-a5e5-942d21c892b5","14067362-58fb-4d81-b161-779a3365bef8","DSNY_005.mammalGrid.mam","D03","DSNY","DSNY_005","G10","distributed","woodyWetlands",28.039127,-81.391902,"WGS84",45.1,19.7,0.1,"1 - trap not set","ShermanLF","2020-04-22","2020-04-22",,,,,,,,,,,,,,,,,,,,,,,,,,,,,,,,,,,,,,,,,,,,,,,,
"557ab845-50ed-4eb4-bc1a-316a4317f526","14067362-58fb-4d81-b161-779a3365bef8","DSNY_005.mammalGrid.mam","D03","DSNY","DSNY_005","H8","distributed","woodyWetlands",28.039127,-81.391902,"WGS84",45.1,19.7,0.1,"1 - trap not set","ShermanLF","2020-04-22","2020-04-22",,,,,,,,,,,,,,,,,,,,,,,,,,,,,,,,,,,,,,,,,,,,,,,,
"35308ee8-da41-4ace-a04a-e4023a107d28","14067362-58fb-4d81-b161-779a3365bef8","DSNY_005.mammalGrid.mam","D03","DSNY","DSNY_005","F6","distributed","woodyWetlands",28.039127,-81.391902,"WGS84",45.1,19.7,0.1,"1 - trap not set","ShermanLF","2020-04-22","2020-04-22",,,,,,,,,,,,,,,,,,,,,,,,,,,,,,,,,,,,,,,,,,,,,,,,
"964ea4ba-ff28-4a56-95a0-15208b63c639","14067362-58fb-4d81-b161-779a3365bef8","DSNY_005.mammalGrid.mam","D03","DSNY","DSNY_005","H4","distributed","woodyWetlands",28.039127,-81.391902,"WGS84",45.1,19.7,0.1,"1 - trap not set","ShermanLF","2020-04-22","2020-04-22",,,,,,,,,,,,,,,,,,,,,,,,,,,,,,,,,,,,,,,,,,,,,,,,
"754bfc47-9923-406a-9f43-0e6072129f57","14067362-58fb-4d81-b161-779a3365bef8","DSNY_005.mammalGrid.mam","D03","DSNY","DSNY_005","B9","distributed","woodyWetlands",28.039127,-81.391902,"WGS84",45.1,19.7,0.1,"1 - trap not set","ShermanLF","2020-04-22","2020-04-22",,,,,,,,,,,,,,,,,,,,,,,,,,,,,,,,,,,,,,,,,,,,,,,,
"662b253d-ec77-42bb-af66-b84639aac208","ac226108-d008-4dbf-9d57-8c4295cc2aa8","DSNY_004.mammalGrid.mam","D03","DSNY","DSNY_004","A1","distributed","woodyWetlands",28.099481,-81.401475,"WGS84",45.1,20.8,0.1,"1 - trap not set","ShermanLF","2020-04-22","2020-04-22",,,,,,,,,,,,,,,,,,,,,,,,,,,,,,,,,,,,,,,,,,,,,,,,
"828f4ac6-0497-4e9d-aeaf-f723dbdcb20e","847b41a0-f1a2-44ba-aeb0-8b4a40a0f774","DSNY_001.mammalGrid.mam","D03","DSNY","DSNY_001","J2","distributed","woodyWetlands",28.097204,-81.417175,"WGS84",45.1,21.1,0.1,"1 - trap not set","ShermanLF","2020-04-22","2020-04-22",,,,,,,,,,,,,,,,,,,,,,,,,,,,,,,,,,,,,,,,,,,,,,,,
"e6cf090d-d5a8-498f-8e78-dd9752c986eb","847b41a0-f1a2-44ba-aeb0-8b4a40a0f774","DSNY_001.mammalGrid.mam","D03","DSNY","DSNY_001","I4","distributed","woodyWetlands",28.097204,-81.417175,"WGS84",45.1,21.1,0.1,"1 - trap not set","ShermanLF","2020-04-22","2020-04-22",,,,,,,,,,,,,,,,,,,,,,,,,,,,,,,,,,,,,,,,,,,,,,,,
"967e8de7-e988-46d5-b914-67047115f1cf","14067362-58fb-4d81-b161-779a3365bef8","DSNY_005.mammalGrid.mam","D03","DSNY","DSNY_005","D1","distributed","woodyWetlands",28.039127,-81.391902,"WGS84",45.1,19.7,0.1,"1 - trap not set","ShermanLF","2020-04-22","2020-04-22",,,,,,,,,,,,,,,,,,,,,,,,,,,,,,,,,,,,,,,,,,,,,,,,
"c430b13f-e388-404a-b62a-030888adbdb1","847b41a0-f1a2-44ba-aeb0-8b4a40a0f774","DSNY_001.mammalGrid.mam","D03","DSNY","DSNY_001","C4","distributed","woodyWetlands",28.097204,-81.417175,"WGS84",45.1,21.1,0.1,"1 - trap not set","ShermanLF","2020-04-22","2020-04-22",,,,,,,,,,,,,,,,,,,,,,,,,,,,,,,,,,,,,,,,,,,,,,,,
"a649c75c-1354-45c9-849d-dfe4d49825c6","847b41a0-f1a2-44ba-aeb0-8b4a40a0f774","DSNY_001.mammalGrid.mam","D03","DSNY","DSNY_001","D5","distributed","woodyWetlands",28.097204,-81.417175,"WGS84",45.1,21.1,0.1,"1 - trap not set","ShermanLF","2020-04-22","2020-04-22",,,,,,,,,,,,,,,,,,,,,,,,,,,,,,,,,,,,,,,,,,,,,,,,
"3d662b05-f3ce-4771-9c82-31c8abbad651","35c2a142-748b-4ca6-9260-dd0209f3be70","DSNY_006.mammalGrid.mam","D03","DSNY","DSNY_006","B7","distributed","woodyWetlands",28.092915,-81.400851,"WGS84",45.1,20.7,0.1,"1 - trap not set","ShermanLF","2020-04-22","2020-04-22",,,,,,,,,,,,,,,,,,,,,,,,,,,,,,,,,,,,,,,,,,,,,,,,
"35f0f4b4-a582-4c39-9982-379ae8a47ac9","35c2a142-748b-4ca6-9260-dd0209f3be70","DSNY_006.mammalGrid.mam","D03","DSNY","DSNY_006","A3","distributed","woodyWetlands",28.092915,-81.400851,"WGS84",45.1,20.7,0.1,"1 - trap not set","ShermanLF","2020-04-22","2020-04-22",,,,,,,,,,,,,,,,,,,,,,,,,,,,,,,,,,,,,,,,,,,,,,,,
"5098f8b1-b629-492e-9cf3-88c5a2c7671c","847b41a0-f1a2-44ba-aeb0-8b4a40a0f774","DSNY_001.mammalGrid.mam","D03","DSNY","DSNY_001","J5","distributed","woodyWetlands",28.097204,-81.417175,"WGS84",45.1,21.1,0.1,"1 - trap not set","ShermanLF","2020-04-22","2020-04-22",,,,,,,,,,,,,,,,,,,,,,,,,,,,,,,,,,,,,,,,,,,,,,,,
"fb149f62-9336-491e-a77d-d15e0e644054","14067362-58fb-4d81-b161-779a3365bef8","DSNY_005.mammalGrid.mam","D03","DSNY","DSNY_005","F7","distributed","woodyWetlands",28.039127,-81.391902,"WGS84",45.1,19.7,0.1,"1 - trap not set","ShermanLF","2020-04-22","2020-04-22",,,,,,,,,,,,,,,,,,,,,,,,,,,,,,,,,,,,,,,,,,,,,,,,
"267ac65b-a5da-4d81-a3be-869ecedef0a9","ac226108-d008-4dbf-9d57-8c4295cc2aa8","DSNY_004.mammalGrid.mam","D03","DSNY","DSNY_004","D7","distributed","woodyWetlands",28.099481,-81.401475,"WGS84",45.1,20.8,0.1,"1 - trap not set","ShermanLF","2020-04-22","2020-04-22",,,,,,,,,,,,,,,,,,,,,,,,,,,,,,,,,,,,,,,,,,,,,,,,
"8f43a8eb-14d8-45cf-b746-4339c9a97824","35c2a142-748b-4ca6-9260-dd0209f3be70","DSNY_006.mammalGrid.mam","D03","DSNY","DSNY_006","F9","distributed","woodyWetlands",28.092915,-81.400851,"WGS84",45.1,20.7,0.1,"1 - trap not set","ShermanLF","2020-04-22","2020-04-22",,,,,,,,,,,,,,,,,,,,,,,,,,,,,,,,,,,,,,,,,,,,,,,,
"395b4c68-b83d-4a34-820b-b1397332a1c6","847b41a0-f1a2-44ba-aeb0-8b4a40a0f774","DSNY_001.mammalGrid.mam","D03","DSNY","DSNY_001","H1","distributed","woodyWetlands",28.097204,-81.417175,"WGS84",45.1,21.1,0.1,"1 - trap not set","ShermanLF","2020-04-22","2020-04-22",,,,,,,,,,,,,,,,,,,,,,,,,,,,,,,,,,,,,,,,,,,,,,,,
"93eba240-29f3-4887-b020-d15fe3b4bd53","35c2a142-748b-4ca6-9260-dd0209f3be70","DSNY_006.mammalGrid.mam","D03","DSNY","DSNY_006","C4","distributed","woodyWetlands",28.092915,-81.400851,"WGS84",45.1,20.7,0.1,"1 - trap not set","ShermanLF","2020-04-22","2020-04-22",,,,,,,,,,,,,,,,,,,,,,,,,,,,,,,,,,,,,,,,,,,,,,,,
"b7524c55-fec4-4020-94f0-68d90e2adae1","14067362-58fb-4d81-b161-779a3365bef8","DSNY_005.mammalGrid.mam","D03","DSNY","DSNY_005","D6","distributed","woodyWetlands",28.039127,-81.391902,"WGS84",45.1,19.7,0.1,"1 - trap not set","ShermanLF","2020-04-22","2020-04-22",,,,,,,,,,,,,,,,,,,,,,,,,,,,,,,,,,,,,,,,,,,,,,,,
"da4b14aa-7cce-4352-99b6-30d8652e6f8d","847b41a0-f1a2-44ba-aeb0-8b4a40a0f774","DSNY_001.mammalGrid.mam","D03","DSNY","DSNY_001","B10","distributed","woodyWetlands",28.097204,-81.417175,"WGS84",45.1,21.1,0.1,"1 - trap not set","ShermanLF","2020-04-22","2020-04-22",,,,,,,,,,,,,,,,,,,,,,,,,,,,,,,,,,,,,,,,,,,,,,,,
"69790c09-7cb0-4c06-81f9-f2d418aface2","847b41a0-f1a2-44ba-aeb0-8b4a40a0f774","DSNY_001.mammalGrid.mam","D03","DSNY","DSNY_001","F9","distributed","woodyWetlands",28.097204,-81.417175,"WGS84",45.1,21.1,0.1,"1 - trap not set","ShermanLF","2020-04-22","2020-04-22",,,,,,,,,,,,,,,,,,,,,,,,,,,,,,,,,,,,,,,,,,,,,,,,
"3accb825-02cb-4f81-badc-7fda4f5a226f","35c2a142-748b-4ca6-9260-dd0209f3be70","DSNY_006.mammalGrid.mam","D03","DSNY","DSNY_006","C5","distributed","woodyWetlands",28.092915,-81.400851,"WGS84",45.1,20.7,0.1,"1 - trap not set","ShermanLF","2020-04-22","2020-04-22",,,,,,,,,,,,,,,,,,,,,,,,,,,,,,,,,,,,,,,,,,,,,,,,
"d1a35974-f0c2-4652-9c42-5c5de2df2767","ac226108-d008-4dbf-9d57-8c4295cc2aa8","DSNY_004.mammalGrid.mam","D03","DSNY","DSNY_004","C3","distributed","woodyWetlands",28.099481,-81.401475,"WGS84",45.1,20.8,0.1,"1 - trap not set","ShermanLF","2020-04-22","2020-04-22",,,,,,,,,,,,,,,,,,,,,,,,,,,,,,,,,,,,,,,,,,,,,,,,
"62c04dae-5137-4098-8ab3-c3bed4c2f843","847b41a0-f1a2-44ba-aeb0-8b4a40a0f774","DSNY_001.mammalGrid.mam","D03","DSNY","DSNY_001","A10","distributed","woodyWetlands",28.097204,-81.417175,"WGS84",45.1,21.1,0.1,"1 - trap not set","ShermanLF","2020-04-22","2020-04-22",,,,,,,,,,,,,,,,,,,,,,,,,,,,,,,,,,,,,,,,,,,,,,,,
"b0288165-a874-4f14-a534-b2d9ac6b691a","35c2a142-748b-4ca6-9260-dd0209f3be70","DSNY_006.mammalGrid.mam","D03","DSNY","DSNY_006","B4","distributed","woodyWetlands",28.092915,-81.400851,"WGS84",45.1,20.7,0.1,"1 - trap not set","ShermanLF","2020-04-22","2020-04-22",,,,,,,,,,,,,,,,,,,,,,,,,,,,,,,,,,,,,,,,,,,,,,,,
"d290a954-2d5f-4d93-b052-d95782fd44d1","ac226108-d008-4dbf-9d57-8c4295cc2aa8","DSNY_004.mammalGrid.mam","D03","DSNY","DSNY_004","F1","distributed","woodyWetlands",28.099481,-81.401475,"WGS84",45.1,20.8,0.1,"1 - trap not set","ShermanLF","2020-04-22","2020-04-22",,,,,,,,,,,,,,,,,,,,,,,,,,,,,,,,,,,,,,,,,,,,,,,,
"9eb0250f-7512-49b6-9b3e-f9e53288c2b7","ac226108-d008-4dbf-9d57-8c4295cc2aa8","DSNY_004.mammalGrid.mam","D03","DSNY","DSNY_004","C5","distributed","woodyWetlands",28.099481,-81.401475,"WGS84",45.1,20.8,0.1,"1 - trap not set","ShermanLF","2020-04-22","2020-04-22",,,,,,,,,,,,,,,,,,,,,,,,,,,,,,,,,,,,,,,,,,,,,,,,
"33d5dcc2-1ac7-4558-ae6f-6f72a4002225","ac226108-d008-4dbf-9d57-8c4295cc2aa8","DSNY_004.mammalGrid.mam","D03","DSNY","DSNY_004","I2","distributed","woodyWetlands",28.099481,-81.401475,"WGS84",45.1,20.8,0.1,"1 - trap not set","ShermanLF","2020-04-22","2020-04-22",,,,,,,,,,,,,,,,,,,,,,,,,,,,,,,,,,,,,,,,,,,,,,,,
"04fcb096-89af-42cb-99f3-71febdb98312","ac226108-d008-4dbf-9d57-8c4295cc2aa8","DSNY_004.mammalGrid.mam","D03","DSNY","DSNY_004","D5","distributed","woodyWetlands",28.099481,-81.401475,"WGS84",45.1,20.8,0.1,"1 - trap not set","ShermanLF","2020-04-22","2020-04-22",,,,,,,,,,,,,,,,,,,,,,,,,,,,,,,,,,,,,,,,,,,,,,,,
"18426361-a21e-4243-984c-9a7f961052d6","35c2a142-748b-4ca6-9260-dd0209f3be70","DSNY_006.mammalGrid.mam","D03","DSNY","DSNY_006","F10","distributed","woodyWetlands",28.092915,-81.400851,"WGS84",45.1,20.7,0.1,"1 - trap not set","ShermanLF","2020-04-22","2020-04-22",,,,,,,,,,,,,,,,,,,,,,,,,,,,,,,,,,,,,,,,,,,,,,,,
"392dca92-1d69-434d-805b-bcaff337cd92","847b41a0-f1a2-44ba-aeb0-8b4a40a0f774","DSNY_001.mammalGrid.mam","D03","DSNY","DSNY_001","D10","distributed","woodyWetlands",28.097204,-81.417175,"WGS84",45.1,21.1,0.1,"1 - trap not set","ShermanLF","2020-04-22","2020-04-22",,,,,,,,,,,,,,,,,,,,,,,,,,,,,,,,,,,,,,,,,,,,,,,,
"6c7ab652-7355-42fb-a535-a907d101d4d7","35c2a142-748b-4ca6-9260-dd0209f3be70","DSNY_006.mammalGrid.mam","D03","DSNY","DSNY_006","E4","distributed","woodyWetlands",28.092915,-81.400851,"WGS84",45.1,20.7,0.1,"1 - trap not set","ShermanLF","2020-04-22","2020-04-22",,,,,,,,,,,,,,,,,,,,,,,,,,,,,,,,,,,,,,,,,,,,,,,,
"4d471b76-c934-4805-91ca-14d8beb8b0af","847b41a0-f1a2-44ba-aeb0-8b4a40a0f774","DSNY_001.mammalGrid.mam","D03","DSNY","DSNY_001","I1","distributed","woodyWetlands",28.097204,-81.417175,"WGS84",45.1,21.1,0.1,"1 - trap not set","ShermanLF","2020-04-22","2020-04-22",,,,,,,,,,,,,,,,,,,,,,,,,,,,,,,,,,,,,,,,,,,,,,,,
"a05d78c0-b39d-40ee-ae86-ae8658069d55","847b41a0-f1a2-44ba-aeb0-8b4a40a0f774","DSNY_001.mammalGrid.mam","D03","DSNY","DSNY_001","D2","distributed","woodyWetlands",28.097204,-81.417175,"WGS84",45.1,21.1,0.1,"1 - trap not set","ShermanLF","2020-04-22","2020-04-22",,,,,,,,,,,,,,,,,,,,,,,,,,,,,,,,,,,,,,,,,,,,,,,,
"dc1524af-b67e-48c4-a127-a4965ce225f5","35c2a142-748b-4ca6-9260-dd0209f3be70","DSNY_006.mammalGrid.mam","D03","DSNY","DSNY_006","A7","distributed","woodyWetlands",28.092915,-81.400851,"WGS84",45.1,20.7,0.1,"1 - trap not set","ShermanLF","2020-04-22","2020-04-22",,,,,,,,,,,,,,,,,,,,,,,,,,,,,,,,,,,,,,,,,,,,,,,,
"806263ac-58a0-4585-86b0-e2ee59db496f","35c2a142-748b-4ca6-9260-dd0209f3be70","DSNY_006.mammalGrid.mam","D03","DSNY","DSNY_006","C1","distributed","woodyWetlands",28.092915,-81.400851,"WGS84",45.1,20.7,0.1,"1 - trap not set","ShermanLF","2020-04-22","2020-04-22",,,,,,,,,,,,,,,,,,,,,,,,,,,,,,,,,,,,,,,,,,,,,,,,
"fa909b57-fe38-42ba-a010-ee56ae418ad1","35c2a142-748b-4ca6-9260-dd0209f3be70","DSNY_006.mammalGrid.mam","D03","DSNY","DSNY_006","F4","distributed","woodyWetlands",28.092915,-81.400851,"WGS84",45.1,20.7,0.1,"1 - trap not set","ShermanLF","2020-04-22","2020-04-22",,,,,,,,,,,,,,,,,,,,,,,,,,,,,,,,,,,,,,,,,,,,,,,,
"6f4ca375-5889-43d2-908f-5948185c44f5","ac226108-d008-4dbf-9d57-8c4295cc2aa8","DSNY_004.mammalGrid.mam","D03","DSNY","DSNY_004","J2","distributed","woodyWetlands",28.099481,-81.401475,"WGS84",45.1,20.8,0.1,"1 - trap not set","ShermanLF","2020-04-22","2020-04-22",,,,,,,,,,,,,,,,,,,,,,,,,,,,,,,,,,,,,,,,,,,,,,,,
"bdf257ef-6051-4f42-9b53-50732c267ec8","847b41a0-f1a2-44ba-aeb0-8b4a40a0f774","DSNY_001.mammalGrid.mam","D03","DSNY","DSNY_001","B1","distributed","woodyWetlands",28.097204,-81.417175,"WGS84",45.1,21.1,0.1,"1 - trap not set","ShermanLF","2020-04-22","2020-04-22",,,,,,,,,,,,,,,,,,,,,,,,,,,,,,,,,,,,,,,,,,,,,,,,
"d1620908-804e-4413-99b7-30e50dd584cf","35c2a142-748b-4ca6-9260-dd0209f3be70","DSNY_006.mammalGrid.mam","D03","DSNY","DSNY_006","J3","distributed","woodyWetlands",28.092915,-81.400851,"WGS84",45.1,20.7,0.1,"1 - trap not set","ShermanLF","2020-04-22","2020-04-22",,,,,,,,,,,,,,,,,,,,,,,,,,,,,,,,,,,,,,,,,,,,,,,,
"b7da4eac-58e4-4a36-8b28-2041730952d4","14067362-58fb-4d81-b161-779a3365bef8","DSNY_005.mammalGrid.mam","D03","DSNY","DSNY_005","J4","distributed","woodyWetlands",28.039127,-81.391902,"WGS84",45.1,19.7,0.1,"1 - trap not set","ShermanLF","2020-04-22","2020-04-22",,,,,,,,,,,,,,,,,,,,,,,,,,,,,,,,,,,,,,,,,,,,,,,,
"490173c0-f1ef-4e78-a8ab-75d8f10a1ff8","847b41a0-f1a2-44ba-aeb0-8b4a40a0f774","DSNY_001.mammalGrid.mam","D03","DSNY","DSNY_001","C10","distributed","woodyWetlands",28.097204,-81.417175,"WGS84",45.1,21.1,0.1,"1 - trap not set","ShermanLF","2020-04-22","2020-04-22",,,,,,,,,,,,,,,,,,,,,,,,,,,,,,,,,,,,,,,,,,,,,,,,
"55b28ef4-af01-40a8-a102-613c9b82dfa2","ac226108-d008-4dbf-9d57-8c4295cc2aa8","DSNY_004.mammalGrid.mam","D03","DSNY","DSNY_004","A8","distributed","woodyWetlands",28.099481,-81.401475,"WGS84",45.1,20.8,0.1,"1 - trap not set","ShermanLF","2020-04-22","2020-04-22",,,,,,,,,,,,,,,,,,,,,,,,,,,,,,,,,,,,,,,,,,,,,,,,
"a32e7a49-7c26-4fd3-a0f1-3b20870675ec","847b41a0-f1a2-44ba-aeb0-8b4a40a0f774","DSNY_001.mammalGrid.mam","D03","DSNY","DSNY_001","A8","distributed","woodyWetlands",28.097204,-81.417175,"WGS84",45.1,21.1,0.1,"1 - trap not set","ShermanLF","2020-04-22","2020-04-22",,,,,,,,,,,,,,,,,,,,,,,,,,,,,,,,,,,,,,,,,,,,,,,,
"d07ff7f4-d4b1-4598-8377-9086b7f0a4fd","14067362-58fb-4d81-b161-779a3365bef8","DSNY_005.mammalGrid.mam","D03","DSNY","DSNY_005","D2","distributed","woodyWetlands",28.039127,-81.391902,"WGS84",45.1,19.7,0.1,"1 - trap not set","ShermanLF","2020-04-22","2020-04-22",,,,,,,,,,,,,,,,,,,,,,,,,,,,,,,,,,,,,,,,,,,,,,,,
"a429a323-9fd5-4b4f-98cb-067f8a59275e","ac226108-d008-4dbf-9d57-8c4295cc2aa8","DSNY_004.mammalGrid.mam","D03","DSNY","DSNY_004","C4","distributed","woodyWetlands",28.099481,-81.401475,"WGS84",45.1,20.8,0.1,"1 - trap not set","ShermanLF","2020-04-22","2020-04-22",,,,,,,,,,,,,,,,,,,,,,,,,,,,,,,,,,,,,,,,,,,,,,,,
"5bbe2157-3164-4dd9-bdd8-ae0ffdb32543","847b41a0-f1a2-44ba-aeb0-8b4a40a0f774","DSNY_001.mammalGrid.mam","D03","DSNY","DSNY_001","F3","distributed","woodyWetlands",28.097204,-81.417175,"WGS84",45.1,21.1,0.1,"1 - trap not set","ShermanLF","2020-04-22","2020-04-22",,,,,,,,,,,,,,,,,,,,,,,,,,,,,,,,,,,,,,,,,,,,,,,,
"05e9fbc2-f3a4-4047-b11e-f517a3d2b78c","ac226108-d008-4dbf-9d57-8c4295cc2aa8","DSNY_004.mammalGrid.mam","D03","DSNY","DSNY_004","E5","distributed","woodyWetlands",28.099481,-81.401475,"WGS84",45.1,20.8,0.1,"1 - trap not set","ShermanLF","2020-04-22","2020-04-22",,,,,,,,,,,,,,,,,,,,,,,,,,,,,,,,,,,,,,,,,,,,,,,,
"a69b6445-b0f3-40ce-bed2-17e6197cb84d","35c2a142-748b-4ca6-9260-dd0209f3be70","DSNY_006.mammalGrid.mam","D03","DSNY","DSNY_006","C10","distributed","woodyWetlands",28.092915,-81.400851,"WGS84",45.1,20.7,0.1,"1 - trap not set","ShermanLF","2020-04-22","2020-04-22",,,,,,,,,,,,,,,,,,,,,,,,,,,,,,,,,,,,,,,,,,,,,,,,
"a7afa4a5-3c5a-423a-8345-4caba97b9082","35c2a142-748b-4ca6-9260-dd0209f3be70","DSNY_006.mammalGrid.mam","D03","DSNY","DSNY_006","E7","distributed","woodyWetlands",28.092915,-81.400851,"WGS84",45.1,20.7,0.1,"1 - trap not set","ShermanLF","2020-04-22","2020-04-22",,,,,,,,,,,,,,,,,,,,,,,,,,,,,,,,,,,,,,,,,,,,,,,,
"1d4576db-1a10-4182-af49-3f199cfc6bd4","ac226108-d008-4dbf-9d57-8c4295cc2aa8","DSNY_004.mammalGrid.mam","D03","DSNY","DSNY_004","E6","distributed","woodyWetlands",28.099481,-81.401475,"WGS84",45.1,20.8,0.1,"1 - trap not set","ShermanLF","2020-04-22","2020-04-22",,,,,,,,,,,,,,,,,,,,,,,,,,,,,,,,,,,,,,,,,,,,,,,,
"6c5eab00-a98d-46de-ad0f-04a967a419b9","35c2a142-748b-4ca6-9260-dd0209f3be70","DSNY_006.mammalGrid.mam","D03","DSNY","DSNY_006","G4","distributed","woodyWetlands",28.092915,-81.400851,"WGS84",45.1,20.7,0.1,"1 - trap not set","ShermanLF","2020-04-22","2020-04-22",,,,,,,,,,,,,,,,,,,,,,,,,,,,,,,,,,,,,,,,,,,,,,,,
"7dfd3426-03ab-45c2-8c67-0db98df87afb","847b41a0-f1a2-44ba-aeb0-8b4a40a0f774","DSNY_001.mammalGrid.mam","D03","DSNY","DSNY_001","E1","distributed","woodyWetlands",28.097204,-81.417175,"WGS84",45.1,21.1,0.1,"1 - trap not set","ShermanLF","2020-04-22","2020-04-22",,,,,,,,,,,,,,,,,,,,,,,,,,,,,,,,,,,,,,,,,,,,,,,,
"07c7a833-4ba0-4cde-862b-d9238df579e8","14067362-58fb-4d81-b161-779a3365bef8","DSNY_005.mammalGrid.mam","D03","DSNY","DSNY_005","G3","distributed","woodyWetlands",28.039127,-81.391902,"WGS84",45.1,19.7,0.1,"1 - trap not set","ShermanLF","2020-04-22","2020-04-22",,,,,,,,,,,,,,,,,,,,,,,,,,,,,,,,,,,,,,,,,,,,,,,,
"8ec7676d-24a5-4560-8a50-166b4ca6c546","ac226108-d008-4dbf-9d57-8c4295cc2aa8","DSNY_004.mammalGrid.mam","D03","DSNY","DSNY_004","I10","distributed","woodyWetlands",28.099481,-81.401475,"WGS84",45.1,20.8,0.1,"1 - trap not set","ShermanLF","2020-04-22","2020-04-22",,,,,,,,,,,,,,,,,,,,,,,,,,,,,,,,,,,,,,,,,,,,,,,,
"7197b4b3-8d7d-42ce-9f37-4819d46964bd","847b41a0-f1a2-44ba-aeb0-8b4a40a0f774","DSNY_001.mammalGrid.mam","D03","DSNY","DSNY_001","I7","distributed","woodyWetlands",28.097204,-81.417175,"WGS84",45.1,21.1,0.1,"1 - trap not set","ShermanLF","2020-04-22","2020-04-22",,,,,,,,,,,,,,,,,,,,,,,,,,,,,,,,,,,,,,,,,,,,,,,,
"bc1d3085-07dc-431d-b6fc-495efe64d34a","35c2a142-748b-4ca6-9260-dd0209f3be70","DSNY_006.mammalGrid.mam","D03","DSNY","DSNY_006","E2","distributed","woodyWetlands",28.092915,-81.400851,"WGS84",45.1,20.7,0.1,"1 - trap not set","ShermanLF","2020-04-22","2020-04-22",,,,,,,,,,,,,,,,,,,,,,,,,,,,,,,,,,,,,,,,,,,,,,,,
"9ab04179-ce17-4ad9-8bcf-2eb6270976b8","35c2a142-748b-4ca6-9260-dd0209f3be70","DSNY_006.mammalGrid.mam","D03","DSNY","DSNY_006","H2","distributed","woodyWetlands",28.092915,-81.400851,"WGS84",45.1,20.7,0.1,"1 - trap not set","ShermanLF","2020-04-22","2020-04-22",,,,,,,,,,,,,,,,,,,,,,,,,,,,,,,,,,,,,,,,,,,,,,,,
"a9e91053-44b7-4118-8ea4-ca33285b3400","14067362-58fb-4d81-b161-779a3365bef8","DSNY_005.mammalGrid.mam","D03","DSNY","DSNY_005","J10","distributed","woodyWetlands",28.039127,-81.391902,"WGS84",45.1,19.7,0.1,"1 - trap not set","ShermanLF","2020-04-22","2020-04-22",,,,,,,,,,,,,,,,,,,,,,,,,,,,,,,,,,,,,,,,,,,,,,,,
"9d8493a9-3876-40af-abc9-fe9f9998468a","35c2a142-748b-4ca6-9260-dd0209f3be70","DSNY_006.mammalGrid.mam","D03","DSNY","DSNY_006","B3","distributed","woodyWetlands",28.092915,-81.400851,"WGS84",45.1,20.7,0.1,"1 - trap not set","ShermanLF","2020-04-22","2020-04-22",,,,,,,,,,,,,,,,,,,,,,,,,,,,,,,,,,,,,,,,,,,,,,,,
"0aeb6d9e-3c1e-4a15-8890-508864b98ec1","847b41a0-f1a2-44ba-aeb0-8b4a40a0f774","DSNY_001.mammalGrid.mam","D03","DSNY","DSNY_001","E6","distributed","woodyWetlands",28.097204,-81.417175,"WGS84",45.1,21.1,0.1,"1 - trap not set","ShermanLF","2020-04-22","2020-04-22",,,,,,,,,,,,,,,,,,,,,,,,,,,,,,,,,,,,,,,,,,,,,,,,
"04e09b52-8ddf-4c27-a889-f30a5f76dc08","35c2a142-748b-4ca6-9260-dd0209f3be70","DSNY_006.mammalGrid.mam","D03","DSNY","DSNY_006","D6","distributed","woodyWetlands",28.092915,-81.400851,"WGS84",45.1,20.7,0.1,"1 - trap not set","ShermanLF","2020-04-22","2020-04-22",,,,,,,,,,,,,,,,,,,,,,,,,,,,,,,,,,,,,,,,,,,,,,,,
"abdc5555-f520-4f6d-b114-48168386f096","14067362-58fb-4d81-b161-779a3365bef8","DSNY_005.mammalGrid.mam","D03","DSNY","DSNY_005","C5","distributed","woodyWetlands",28.039127,-81.391902,"WGS84",45.1,19.7,0.1,"1 - trap not set","ShermanLF","2020-04-22","2020-04-22",,,,,,,,,,,,,,,,,,,,,,,,,,,,,,,,,,,,,,,,,,,,,,,,
"4a60f6f6-dea6-4818-ba34-068a3a8fa3a7","ac226108-d008-4dbf-9d57-8c4295cc2aa8","DSNY_004.mammalGrid.mam","D03","DSNY","DSNY_004","E2","distributed","woodyWetlands",28.099481,-81.401475,"WGS84",45.1,20.8,0.1,"1 - trap not set","ShermanLF","2020-04-22","2020-04-22",,,,,,,,,,,,,,,,,,,,,,,,,,,,,,,,,,,,,,,,,,,,,,,,
"ff91affe-6a9a-4e7d-8ede-1678ae0689fd","847b41a0-f1a2-44ba-aeb0-8b4a40a0f774","DSNY_001.mammalGrid.mam","D03","DSNY","DSNY_001","J8","distributed","woodyWetlands",28.097204,-81.417175,"WGS84",45.1,21.1,0.1,"1 - trap not set","ShermanLF","2020-04-22","2020-04-22",,,,,,,,,,,,,,,,,,,,,,,,,,,,,,,,,,,,,,,,,,,,,,,,
"1fac2b18-6063-42d2-b659-65d3b302a8ac","14067362-58fb-4d81-b161-779a3365bef8","DSNY_005.mammalGrid.mam","D03","DSNY","DSNY_005","J8","distributed","woodyWetlands",28.039127,-81.391902,"WGS84",45.1,19.7,0.1,"1 - trap not set","ShermanLF","2020-04-22","2020-04-22",,,,,,,,,,,,,,,,,,,,,,,,,,,,,,,,,,,,,,,,,,,,,,,,
"241ecb76-092f-47c8-8a22-a999820f74b2","ac226108-d008-4dbf-9d57-8c4295cc2aa8","DSNY_004.mammalGrid.mam","D03","DSNY","DSNY_004","G9","distributed","woodyWetlands",28.099481,-81.401475,"WGS84",45.1,20.8,0.1,"1 - trap not set","ShermanLF","2020-04-22","2020-04-22",,,,,,,,,,,,,,,,,,,,,,,,,,,,,,,,,,,,,,,,,,,,,,,,
"76aa1281-d3db-4f2c-9d32-bc74e6a2a67f","ac226108-d008-4dbf-9d57-8c4295cc2aa8","DSNY_004.mammalGrid.mam","D03","DSNY","DSNY_004","C2","distributed","woodyWetlands",28.099481,-81.401475,"WGS84",45.1,20.8,0.1,"1 - trap not set","ShermanLF","2020-04-22","2020-04-22",,,,,,,,,,,,,,,,,,,,,,,,,,,,,,,,,,,,,,,,,,,,,,,,
"c61a6a23-dd33-4e56-8efb-0f11b68e5e61","14067362-58fb-4d81-b161-779a3365bef8","DSNY_005.mammalGrid.mam","D03","DSNY","DSNY_005","A4","distributed","woodyWetlands",28.039127,-81.391902,"WGS84",45.1,19.7,0.1,"1 - trap not set","ShermanLF","2020-04-22","2020-04-22",,,,,,,,,,,,,,,,,,,,,,,,,,,,,,,,,,,,,,,,,,,,,,,,
"cde15408-d1b6-4227-9c48-f1a90c773a79","35c2a142-748b-4ca6-9260-dd0209f3be70","DSNY_006.mammalGrid.mam","D03","DSNY","DSNY_006","J9","distributed","woodyWetlands",28.092915,-81.400851,"WGS84",45.1,20.7,0.1,"1 - trap not set","ShermanLF","2020-04-22","2020-04-22",,,,,,,,,,,,,,,,,,,,,,,,,,,,,,,,,,,,,,,,,,,,,,,,
"143976ed-c0f1-4b5e-b79c-7f033919b82c","14067362-58fb-4d81-b161-779a3365bef8","DSNY_005.mammalGrid.mam","D03","DSNY","DSNY_005","A8","distributed","woodyWetlands",28.039127,-81.391902,"WGS84",45.1,19.7,0.1,"1 - trap not set","ShermanLF","2020-04-22","2020-04-22",,,,,,,,,,,,,,,,,,,,,,,,,,,,,,,,,,,,,,,,,,,,,,,,
"765a9121-1e81-494c-a1c1-21758e6e522c","35c2a142-748b-4ca6-9260-dd0209f3be70","DSNY_006.mammalGrid.mam","D03","DSNY","DSNY_006","E5","distributed","woodyWetlands",28.092915,-81.400851,"WGS84",45.1,20.7,0.1,"1 - trap not set","ShermanLF","2020-04-22","2020-04-22",,,,,,,,,,,,,,,,,,,,,,,,,,,,,,,,,,,,,,,,,,,,,,,,
"9efcb636-2afa-4359-8903-f21970c46fa7","35c2a142-748b-4ca6-9260-dd0209f3be70","DSNY_006.mammalGrid.mam","D03","DSNY","DSNY_006","C2","distributed","woodyWetlands",28.092915,-81.400851,"WGS84",45.1,20.7,0.1,"1 - trap not set","ShermanLF","2020-04-22","2020-04-22",,,,,,,,,,,,,,,,,,,,,,,,,,,,,,,,,,,,,,,,,,,,,,,,
"4e0fed20-c032-4962-9994-c34bad86716e","14067362-58fb-4d81-b161-779a3365bef8","DSNY_005.mammalGrid.mam","D03","DSNY","DSNY_005","I6","distributed","woodyWetlands",28.039127,-81.391902,"WGS84",45.1,19.7,0.1,"1 - trap not set","ShermanLF","2020-04-22","2020-04-22",,,,,,,,,,,,,,,,,,,,,,,,,,,,,,,,,,,,,,,,,,,,,,,,
"8aecbe5a-1b2c-4cb2-9027-c47d7d37195a","14067362-58fb-4d81-b161-779a3365bef8","DSNY_005.mammalGrid.mam","D03","DSNY","DSNY_005","C7","distributed","woodyWetlands",28.039127,-81.391902,"WGS84",45.1,19.7,0.1,"1 - trap not set","ShermanLF","2020-04-22","2020-04-22",,,,,,,,,,,,,,,,,,,,,,,,,,,,,,,,,,,,,,,,,,,,,,,,
"e4774b49-49dc-459b-99b2-813d04aa18df","35c2a142-748b-4ca6-9260-dd0209f3be70","DSNY_006.mammalGrid.mam","D03","DSNY","DSNY_006","J1","distributed","woodyWetlands",28.092915,-81.400851,"WGS84",45.1,20.7,0.1,"1 - trap not set","ShermanLF","2020-04-22","2020-04-22",,,,,,,,,,,,,,,,,,,,,,,,,,,,,,,,,,,,,,,,,,,,,,,,
"6bea0930-c1cc-4e70-a232-2b26d993d91d","35c2a142-748b-4ca6-9260-dd0209f3be70","DSNY_006.mammalGrid.mam","D03","DSNY","DSNY_006","A1","distributed","woodyWetlands",28.092915,-81.400851,"WGS84",45.1,20.7,0.1,"1 - trap not set","ShermanLF","2020-04-22","2020-04-22",,,,,,,,,,,,,,,,,,,,,,,,,,,,,,,,,,,,,,,,,,,,,,,,
"fea9a9a6-a7e8-436d-865f-708934184015","35c2a142-748b-4ca6-9260-dd0209f3be70","DSNY_006.mammalGrid.mam","D03","DSNY","DSNY_006","D3","distributed","woodyWetlands",28.092915,-81.400851,"WGS84",45.1,20.7,0.1,"1 - trap not set","ShermanLF","2020-04-22","2020-04-22",,,,,,,,,,,,,,,,,,,,,,,,,,,,,,,,,,,,,,,,,,,,,,,,
"c6ea9ad0-9a3b-4ee4-8b0c-7bc06b23437e","ac226108-d008-4dbf-9d57-8c4295cc2aa8","DSNY_004.mammalGrid.mam","D03","DSNY","DSNY_004","C6","distributed","woodyWetlands",28.099481,-81.401475,"WGS84",45.1,20.8,0.1,"1 - trap not set","ShermanLF","2020-04-22","2020-04-22",,,,,,,,,,,,,,,,,,,,,,,,,,,,,,,,,,,,,,,,,,,,,,,,
"a7515974-6f8e-4573-90a5-34c90da27aa4","ac226108-d008-4dbf-9d57-8c4295cc2aa8","DSNY_004.mammalGrid.mam","D03","DSNY","DSNY_004","B6","distributed","woodyWetlands",28.099481,-81.401475,"WGS84",45.1,20.8,0.1,"1 - trap not set","ShermanLF","2020-04-22","2020-04-22",,,,,,,,,,,,,,,,,,,,,,,,,,,,,,,,,,,,,,,,,,,,,,,,
"ab9e3b89-6b21-4097-a1d6-9fc4bc6fb270","847b41a0-f1a2-44ba-aeb0-8b4a40a0f774","DSNY_001.mammalGrid.mam","D03","DSNY","DSNY_001","F5","distributed","woodyWetlands",28.097204,-81.417175,"WGS84",45.1,21.1,0.1,"1 - trap not set","ShermanLF","2020-04-22","2020-04-22",,,,,,,,,,,,,,,,,,,,,,,,,,,,,,,,,,,,,,,,,,,,,,,,
"2950a51b-341c-4331-8273-dd516701f86a","35c2a142-748b-4ca6-9260-dd0209f3be70","DSNY_006.mammalGrid.mam","D03","DSNY","DSNY_006","H1","distributed","woodyWetlands",28.092915,-81.400851,"WGS84",45.1,20.7,0.1,"1 - trap not set","ShermanLF","2020-04-22","2020-04-22",,,,,,,,,,,,,,,,,,,,,,,,,,,,,,,,,,,,,,,,,,,,,,,,
"26253aec-ac72-43e5-b0c5-f01036eaa750","35c2a142-748b-4ca6-9260-dd0209f3be70","DSNY_006.mammalGrid.mam","D03","DSNY","DSNY_006","C8","distributed","woodyWetlands",28.092915,-81.400851,"WGS84",45.1,20.7,0.1,"1 - trap not set","ShermanLF","2020-04-22","2020-04-22",,,,,,,,,,,,,,,,,,,,,,,,,,,,,,,,,,,,,,,,,,,,,,,,
"02fd7cee-ed46-46bb-a526-e0413863ba6c","14067362-58fb-4d81-b161-779a3365bef8","DSNY_005.mammalGrid.mam","D03","DSNY","DSNY_005","B2","distributed","woodyWetlands",28.039127,-81.391902,"WGS84",45.1,19.7,0.1,"1 - trap not set","ShermanLF","2020-04-22","2020-04-22",,,,,,,,,,,,,,,,,,,,,,,,,,,,,,,,,,,,,,,,,,,,,,,,
"40467d24-0426-45c7-bbc4-6c489ce3e7ae","847b41a0-f1a2-44ba-aeb0-8b4a40a0f774","DSNY_001.mammalGrid.mam","D03","DSNY","DSNY_001","A9","distributed","woodyWetlands",28.097204,-81.417175,"WGS84",45.1,21.1,0.1,"1 - trap not set","ShermanLF","2020-04-22","2020-04-22",,,,,,,,,,,,,,,,,,,,,,,,,,,,,,,,,,,,,,,,,,,,,,,,
"2fe298c2-c301-4c9a-8603-fbb3771b1c35","847b41a0-f1a2-44ba-aeb0-8b4a40a0f774","DSNY_001.mammalGrid.mam","D03","DSNY","DSNY_001","E9","distributed","woodyWetlands",28.097204,-81.417175,"WGS84",45.1,21.1,0.1,"1 - trap not set","ShermanLF","2020-04-22","2020-04-22",,,,,,,,,,,,,,,,,,,,,,,,,,,,,,,,,,,,,,,,,,,,,,,,
"e8416811-2bb4-49a5-8337-07f731f12489","847b41a0-f1a2-44ba-aeb0-8b4a40a0f774","DSNY_001.mammalGrid.mam","D03","DSNY","DSNY_001","G5","distributed","woodyWetlands",28.097204,-81.417175,"WGS84",45.1,21.1,0.1,"1 - trap not set","ShermanLF","2020-04-22","2020-04-22",,,,,,,,,,,,,,,,,,,,,,,,,,,,,,,,,,,,,,,,,,,,,,,,
"573c113c-a35d-4234-a57d-cfcc379895f3","847b41a0-f1a2-44ba-aeb0-8b4a40a0f774","DSNY_001.mammalGrid.mam","D03","DSNY","DSNY_001","G8","distributed","woodyWetlands",28.097204,-81.417175,"WGS84",45.1,21.1,0.1,"1 - trap not set","ShermanLF","2020-04-22","2020-04-22",,,,,,,,,,,,,,,,,,,,,,,,,,,,,,,,,,,,,,,,,,,,,,,,
"36d7b809-2eb5-48bf-bb95-732686f15bf6","14067362-58fb-4d81-b161-779a3365bef8","DSNY_005.mammalGrid.mam","D03","DSNY","DSNY_005","G1","distributed","woodyWetlands",28.039127,-81.391902,"WGS84",45.1,19.7,0.1,"1 - trap not set","ShermanLF","2020-04-22","2020-04-22",,,,,,,,,,,,,,,,,,,,,,,,,,,,,,,,,,,,,,,,,,,,,,,,
"01e4d06f-3b72-48bf-8e0e-3078ccece0bc","ac226108-d008-4dbf-9d57-8c4295cc2aa8","DSNY_004.mammalGrid.mam","D03","DSNY","DSNY_004","E1","distributed","woodyWetlands",28.099481,-81.401475,"WGS84",45.1,20.8,0.1,"1 - trap not set","ShermanLF","2020-04-22","2020-04-22",,,,,,,,,,,,,,,,,,,,,,,,,,,,,,,,,,,,,,,,,,,,,,,,
"b6e360ac-3f5b-4f23-bd8a-964ed6d32ee1","14067362-58fb-4d81-b161-779a3365bef8","DSNY_005.mammalGrid.mam","D03","DSNY","DSNY_005","D9","distributed","woodyWetlands",28.039127,-81.391902,"WGS84",45.1,19.7,0.1,"1 - trap not set","ShermanLF","2020-04-22","2020-04-22",,,,,,,,,,,,,,,,,,,,,,,,,,,,,,,,,,,,,,,,,,,,,,,,
"4b2c71ef-1be7-45e6-8d70-e6de7540692e","ac226108-d008-4dbf-9d57-8c4295cc2aa8","DSNY_004.mammalGrid.mam","D03","DSNY","DSNY_004","F3","distributed","woodyWetlands",28.099481,-81.401475,"WGS84",45.1,20.8,0.1,"1 - trap not set","ShermanLF","2020-04-22","2020-04-22",,,,,,,,,,,,,,,,,,,,,,,,,,,,,,,,,,,,,,,,,,,,,,,,
"11eecbe5-849f-4574-bec9-d0a88d755073","14067362-58fb-4d81-b161-779a3365bef8","DSNY_005.mammalGrid.mam","D03","DSNY","DSNY_005","A7","distributed","woodyWetlands",28.039127,-81.391902,"WGS84",45.1,19.7,0.1,"1 - trap not set","ShermanLF","2020-04-22","2020-04-22",,,,,,,,,,,,,,,,,,,,,,,,,,,,,,,,,,,,,,,,,,,,,,,,
"396eae89-0bc9-4d7a-815f-f7dac0266a3d","14067362-58fb-4d81-b161-779a3365bef8","DSNY_005.mammalGrid.mam","D03","DSNY","DSNY_005","I8","distributed","woodyWetlands",28.039127,-81.391902,"WGS84",45.1,19.7,0.1,"1 - trap not set","ShermanLF","2020-04-22","2020-04-22",,,,,,,,,,,,,,,,,,,,,,,,,,,,,,,,,,,,,,,,,,,,,,,,
"a05ab907-d21d-4891-bb8a-b792f7ae5579","35c2a142-748b-4ca6-9260-dd0209f3be70","DSNY_006.mammalGrid.mam","D03","DSNY","DSNY_006","H10","distributed","woodyWetlands",28.092915,-81.400851,"WGS84",45.1,20.7,0.1,"1 - trap not set","ShermanLF","2020-04-22","2020-04-22",,,,,,,,,,,,,,,,,,,,,,,,,,,,,,,,,,,,,,,,,,,,,,,,
"ce4f8497-706d-4b5e-81aa-19bb1197430b","14067362-58fb-4d81-b161-779a3365bef8","DSNY_005.mammalGrid.mam","D03","DSNY","DSNY_005","H2","distributed","woodyWetlands",28.039127,-81.391902,"WGS84",45.1,19.7,0.1,"1 - trap not set","ShermanLF","2020-04-22","2020-04-22",,,,,,,,,,,,,,,,,,,,,,,,,,,,,,,,,,,,,,,,,,,,,,,,
"196567ec-f2ff-404b-9f1d-e965353316a7","35c2a142-748b-4ca6-9260-dd0209f3be70","DSNY_006.mammalGrid.mam","D03","DSNY","DSNY_006","I10","distributed","woodyWetlands",28.092915,-81.400851,"WGS84",45.1,20.7,0.1,"1 - trap not set","ShermanLF","2020-04-22","2020-04-22",,,,,,,,,,,,,,,,,,,,,,,,,,,,,,,,,,,,,,,,,,,,,,,,
"dc5359b6-35ad-4b62-9a26-9227fe0f6de9","847b41a0-f1a2-44ba-aeb0-8b4a40a0f774","DSNY_001.mammalGrid.mam","D03","DSNY","DSNY_001","A2","distributed","woodyWetlands",28.097204,-81.417175,"WGS84",45.1,21.1,0.1,"1 - trap not set","ShermanLF","2020-04-22","2020-04-22",,,,,,,,,,,,,,,,,,,,,,,,,,,,,,,,,,,,,,,,,,,,,,,,
"c8679ba6-5f01-493c-9351-dc474210ca72","14067362-58fb-4d81-b161-779a3365bef8","DSNY_005.mammalGrid.mam","D03","DSNY","DSNY_005","F10","distributed","woodyWetlands",28.039127,-81.391902,"WGS84",45.1,19.7,0.1,"1 - trap not set","ShermanLF","2020-04-22","2020-04-22",,,,,,,,,,,,,,,,,,,,,,,,,,,,,,,,,,,,,,,,,,,,,,,,
"e9a5a691-203e-4921-b1de-460790ae6cbf","35c2a142-748b-4ca6-9260-dd0209f3be70","DSNY_006.mammalGrid.mam","D03","DSNY","DSNY_006","I4","distributed","woodyWetlands",28.092915,-81.400851,"WGS84",45.1,20.7,0.1,"1 - trap not set","ShermanLF","2020-04-22","2020-04-22",,,,,,,,,,,,,,,,,,,,,,,,,,,,,,,,,,,,,,,,,,,,,,,,
"acbe6a09-b54b-4fa7-95b7-008df3bcf807","847b41a0-f1a2-44ba-aeb0-8b4a40a0f774","DSNY_001.mammalGrid.mam","D03","DSNY","DSNY_001","H5","distributed","woodyWetlands",28.097204,-81.417175,"WGS84",45.1,21.1,0.1,"1 - trap not set","ShermanLF","2020-04-22","2020-04-22",,,,,,,,,,,,,,,,,,,,,,,,,,,,,,,,,,,,,,,,,,,,,,,,
"530d6a93-3c2c-4e8f-9169-75ab14429afa","ac226108-d008-4dbf-9d57-8c4295cc2aa8","DSNY_004.mammalGrid.mam","D03","DSNY","DSNY_004","H5","distributed","woodyWetlands",28.099481,-81.401475,"WGS84",45.1,20.8,0.1,"1 - trap not set","ShermanLF","2020-04-22","2020-04-22",,,,,,,,,,,,,,,,,,,,,,,,,,,,,,,,,,,,,,,,,,,,,,,,
"ad3d3991-81b3-4053-aa6f-7adb75793868","ac226108-d008-4dbf-9d57-8c4295cc2aa8","DSNY_004.mammalGrid.mam","D03","DSNY","DSNY_004","G5","distributed","woodyWetlands",28.099481,-81.401475,"WGS84",45.1,20.8,0.1,"1 - trap not set","ShermanLF","2020-04-22","2020-04-22",,,,,,,,,,,,,,,,,,,,,,,,,,,,,,,,,,,,,,,,,,,,,,,,
"f34b680d-281f-4431-bfe7-bb39512ed651","14067362-58fb-4d81-b161-779a3365bef8","DSNY_005.mammalGrid.mam","D03","DSNY","DSNY_005","E6","distributed","woodyWetlands",28.039127,-81.391902,"WGS84",45.1,19.7,0.1,"1 - trap not set","ShermanLF","2020-04-22","2020-04-22",,,,,,,,,,,,,,,,,,,,,,,,,,,,,,,,,,,,,,,,,,,,,,,,
"400eeebe-0a5b-4e4c-9a29-209e06bd9d72","35c2a142-748b-4ca6-9260-dd0209f3be70","DSNY_006.mammalGrid.mam","D03","DSNY","DSNY_006","D4","distributed","woodyWetlands",28.092915,-81.400851,"WGS84",45.1,20.7,0.1,"1 - trap not set","ShermanLF","2020-04-22","2020-04-22",,,,,,,,,,,,,,,,,,,,,,,,,,,,,,,,,,,,,,,,,,,,,,,,
"68a73572-57de-42a4-b793-f46d2f9dc776","ac226108-d008-4dbf-9d57-8c4295cc2aa8","DSNY_004.mammalGrid.mam","D03","DSNY","DSNY_004","B10","distributed","woodyWetlands",28.099481,-81.401475,"WGS84",45.1,20.8,0.1,"1 - trap not set","ShermanLF","2020-04-22","2020-04-22",,,,,,,,,,,,,,,,,,,,,,,,,,,,,,,,,,,,,,,,,,,,,,,,
"ccaa0fbd-20c2-4683-b480-c9b94fdbb154","847b41a0-f1a2-44ba-aeb0-8b4a40a0f774","DSNY_001.mammalGrid.mam","D03","DSNY","DSNY_001","C7","distributed","woodyWetlands",28.097204,-81.417175,"WGS84",45.1,21.1,0.1,"1 - trap not set","ShermanLF","2020-04-22","2020-04-22",,,,,,,,,,,,,,,,,,,,,,,,,,,,,,,,,,,,,,,,,,,,,,,,
"fb4080f7-112f-4556-a537-5273802b7978","35c2a142-748b-4ca6-9260-dd0209f3be70","DSNY_006.mammalGrid.mam","D03","DSNY","DSNY_006","D10","distributed","woodyWetlands",28.092915,-81.400851,"WGS84",45.1,20.7,0.1,"1 - trap not set","ShermanLF","2020-04-22","2020-04-22",,,,,,,,,,,,,,,,,,,,,,,,,,,,,,,,,,,,,,,,,,,,,,,,
"44e95353-30f0-4413-911e-b429e698cfbb","ac226108-d008-4dbf-9d57-8c4295cc2aa8","DSNY_004.mammalGrid.mam","D03","DSNY","DSNY_004","H3","distributed","woodyWetlands",28.099481,-81.401475,"WGS84",45.1,20.8,0.1,"1 - trap not set","ShermanLF","2020-04-22","2020-04-22",,,,,,,,,,,,,,,,,,,,,,,,,,,,,,,,,,,,,,,,,,,,,,,,
"1e2a10e2-04bb-4fc4-8aba-5ff19df0e575","14067362-58fb-4d81-b161-779a3365bef8","DSNY_005.mammalGrid.mam","D03","DSNY","DSNY_005","D5","distributed","woodyWetlands",28.039127,-81.391902,"WGS84",45.1,19.7,0.1,"1 - trap not set","ShermanLF","2020-04-22","2020-04-22",,,,,,,,,,,,,,,,,,,,,,,,,,,,,,,,,,,,,,,,,,,,,,,,
"45dcd016-af58-4548-83a2-670be58b2c3c","14067362-58fb-4d81-b161-779a3365bef8","DSNY_005.mammalGrid.mam","D03","DSNY","DSNY_005","E3","distributed","woodyWetlands",28.039127,-81.391902,"WGS84",45.1,19.7,0.1,"1 - trap not set","ShermanLF","2020-04-22","2020-04-22",,,,,,,,,,,,,,,,,,,,,,,,,,,,,,,,,,,,,,,,,,,,,,,,
"8e2884d7-2310-4afd-af39-43c593bdb78b","14067362-58fb-4d81-b161-779a3365bef8","DSNY_005.mammalGrid.mam","D03","DSNY","DSNY_005","I3","distributed","woodyWetlands",28.039127,-81.391902,"WGS84",45.1,19.7,0.1,"1 - trap not set","ShermanLF","2020-04-22","2020-04-22",,,,,,,,,,,,,,,,,,,,,,,,,,,,,,,,,,,,,,,,,,,,,,,,
"26d8457f-d1bd-40a4-a1aa-306cceb0f8f7","35c2a142-748b-4ca6-9260-dd0209f3be70","DSNY_006.mammalGrid.mam","D03","DSNY","DSNY_006","G9","distributed","woodyWetlands",28.092915,-81.400851,"WGS84",45.1,20.7,0.1,"1 - trap not set","ShermanLF","2020-04-22","2020-04-22",,,,,,,,,,,,,,,,,,,,,,,,,,,,,,,,,,,,,,,,,,,,,,,,
"7c1538ca-d98f-49e0-b16b-9864c931a0d9","14067362-58fb-4d81-b161-779a3365bef8","DSNY_005.mammalGrid.mam","D03","DSNY","DSNY_005","C9","distributed","woodyWetlands",28.039127,-81.391902,"WGS84",45.1,19.7,0.1,"1 - trap not set","ShermanLF","2020-04-22","2020-04-22",,,,,,,,,,,,,,,,,,,,,,,,,,,,,,,,,,,,,,,,,,,,,,,,
"f9cf5c01-7cbb-49fe-b91d-6af9a1d98dc9","ac226108-d008-4dbf-9d57-8c4295cc2aa8","DSNY_004.mammalGrid.mam","D03","DSNY","DSNY_004","I4","distributed","woodyWetlands",28.099481,-81.401475,"WGS84",45.1,20.8,0.1,"1 - trap not set","ShermanLF","2020-04-22","2020-04-22",,,,,,,,,,,,,,,,,,,,,,,,,,,,,,,,,,,,,,,,,,,,,,,,
"5c41d3eb-2f76-4e56-b4ac-ae01716973b1","ac226108-d008-4dbf-9d57-8c4295cc2aa8","DSNY_004.mammalGrid.mam","D03","DSNY","DSNY_004","B3","distributed","woodyWetlands",28.099481,-81.401475,"WGS84",45.1,20.8,0.1,"1 - trap not set","ShermanLF","2020-04-22","2020-04-22",,,,,,,,,,,,,,,,,,,,,,,,,,,,,,,,,,,,,,,,,,,,,,,,
"232c4e71-a20f-4798-8c04-317568e4903e","35c2a142-748b-4ca6-9260-dd0209f3be70","DSNY_006.mammalGrid.mam","D03","DSNY","DSNY_006","D5","distributed","woodyWetlands",28.092915,-81.400851,"WGS84",45.1,20.7,0.1,"1 - trap not set","ShermanLF","2020-04-22","2020-04-22",,,,,,,,,,,,,,,,,,,,,,,,,,,,,,,,,,,,,,,,,,,,,,,,
"135c24a4-5ca9-4ca8-ad56-1296ab6228f2","ffc5c894-490a-4059-bab6-b3ef382e4940","DSNY_001.mammalGrid.mam","D03","DSNY","DSNY_001","B10","distributed","woodyWetlands",28.097204,-81.417175,"WGS84",45.1,21.1,0.1,"1 - trap not set","ShermanLF","2020-04-23","2020-04-23",,,,,,,,,,,,,,,,,,,,,,,,,,,,,,,,,,,,,,,,,,,,,,,,
"0864f612-3253-4b96-b20e-529eb5d79184","cf66ce29-ee61-4087-9c4d-ade99a6f3d71","DSNY_016.mammalGrid.mam","D03","DSNY","DSNY_016","B7","distributed","pastureHay",28.045236,-81.393101,"WGS84",45.1,19.9,0.1,"1 - trap not set","ShermanLF","2020-04-23","2020-04-23",,,,,,,,,,,,,,,,,,,,,,,,,,,,,,,,,,,,,,,,,,,,,,,,
"6c0f6a69-ea86-4f89-94a6-a8847f57e7ed","24c31e89-e9a3-4855-b81f-0c320f9e54ab","DSNY_004.mammalGrid.mam","D03","DSNY","DSNY_004","B4","distributed","woodyWetlands",28.099481,-81.401475,"WGS84",45.1,20.8,0.1,"1 - trap not set","ShermanLF","2020-04-23","2020-04-23",,,,,,,,,,,,,,,,,,,,,,,,,,,,,,,,,,,,,,,,,,,,,,,,
"a22173c6-106f-415d-b393-66ce9d6850c1","24c31e89-e9a3-4855-b81f-0c320f9e54ab","DSNY_004.mammalGrid.mam","D03","DSNY","DSNY_004","B5","distributed","woodyWetlands",28.099481,-81.401475,"WGS84",45.1,20.8,0.1,"1 - trap not set","ShermanLF","2020-04-23","2020-04-23",,,,,,,,,,,,,,,,,,,,,,,,,,,,,,,,,,,,,,,,,,,,,,,,
"e1cd3491-ca36-4827-bb1e-14630c4ac15a","e1efd25a-be98-4160-b5ca-8bb6ca7720bd","DSNY_005.mammalGrid.mam","D03","DSNY","DSNY_005","A1","distributed","woodyWetlands",28.039127,-81.391902,"WGS84",45.1,19.7,0.1,"1 - trap not set","ShermanLF","2020-04-23","2020-04-23",,,,,,,,,,,,,,,,,,,,,,,,,,,,,,,,,,,,,,,,,,,,,,,,
"15410c8a-0175-487b-8067-9ed123440921","e1efd25a-be98-4160-b5ca-8bb6ca7720bd","DSNY_005.mammalGrid.mam","D03","DSNY","DSNY_005","A6","distributed","woodyWetlands",28.039127,-81.391902,"WGS84",45.1,19.7,0.1,"1 - trap not set","ShermanLF","2020-04-23","2020-04-23",,,,,,,,,,,,,,,,,,,,,,,,,,,,,,,,,,,,,,,,,,,,,,,,
"88c7ec4c-4103-48c1-b6e6-944121871c9e","cf66ce29-ee61-4087-9c4d-ade99a6f3d71","DSNY_016.mammalGrid.mam","D03","DSNY","DSNY_016","E2","distributed","pastureHay",28.045236,-81.393101,"WGS84",45.1,19.9,0.1,"1 - trap not set","ShermanLF","2020-04-23","2020-04-23",,,,,,,,,,,,,,,,,,,,,,,,,,,,,,,,,,,,,,,,,,,,,,,,
"17f87add-783f-41cc-be02-c2021829636a","ffc5c894-490a-4059-bab6-b3ef382e4940","DSNY_001.mammalGrid.mam","D03","DSNY","DSNY_001","H5","distributed","woodyWetlands",28.097204,-81.417175,"WGS84",45.1,21.1,0.1,"1 - trap not set","ShermanLF","2020-04-23","2020-04-23",,,,,,,,,,,,,,,,,,,,,,,,,,,,,,,,,,,,,,,,,,,,,,,,
"e2d49e9e-c0b6-4d40-a1ce-bd003745dfaa","24c31e89-e9a3-4855-b81f-0c320f9e54ab","DSNY_004.mammalGrid.mam","D03","DSNY","DSNY_004","J2","distributed","woodyWetlands",28.099481,-81.401475,"WGS84",45.1,20.8,0.1,"1 - trap not set","ShermanLF","2020-04-23","2020-04-23",,,,,,,,,,,,,,,,,,,,,,,,,,,,,,,,,,,,,,,,,,,,,,,,
"7a608f3c-397f-4a3d-988a-d9d8d03d14f7","cf66ce29-ee61-4087-9c4d-ade99a6f3d71","DSNY_016.mammalGrid.mam","D03","DSNY","DSNY_016","C4","distributed","pastureHay",28.045236,-81.393101,"WGS84",45.1,19.9,0.1,"1 - trap not set","ShermanLF","2020-04-23","2020-04-23",,,,,,,,,,,,,,,,,,,,,,,,,,,,,,,,,,,,,,,,,,,,,,,,
"b4860a52-51f8-4e5c-9221-1ea0902a299c","ffc5c894-490a-4059-bab6-b3ef382e4940","DSNY_001.mammalGrid.mam","D03","DSNY","DSNY_001","A3","distributed","woodyWetlands",28.097204,-81.417175,"WGS84",45.1,21.1,0.1,"1 - trap not set","ShermanLF","2020-04-23","2020-04-23",,,,,,,,,,,,,,,,,,,,,,,,,,,,,,,,,,,,,,,,,,,,,,,,
"7bfb97d3-c9b8-4e9a-91de-5aac72e8c44d","cf66ce29-ee61-4087-9c4d-ade99a6f3d71","DSNY_016.mammalGrid.mam","D03","DSNY","DSNY_016","I3","distributed","pastureHay",28.045236,-81.393101,"WGS84",45.1,19.9,0.1,"1 - trap not set","ShermanLF","2020-04-23","2020-04-23",,,,,,,,,,,,,,,,,,,,,,,,,,,,,,,,,,,,,,,,,,,,,,,,
"7477b816-7912-462d-a019-c6f130e39443","ffc5c894-490a-4059-bab6-b3ef382e4940","DSNY_001.mammalGrid.mam","D03","DSNY","DSNY_001","A8","distributed","woodyWetlands",28.097204,-81.417175,"WGS84",45.1,21.1,0.1,"1 - trap not set","ShermanLF","2020-04-23","2020-04-23",,,,,,,,,,,,,,,,,,,,,,,,,,,,,,,,,,,,,,,,,,,,,,,,
"2d56b2e5-45b5-4db1-b331-459d7681ab58","24c31e89-e9a3-4855-b81f-0c320f9e54ab","DSNY_004.mammalGrid.mam","D03","DSNY","DSNY_004","F6","distributed","woodyWetlands",28.099481,-81.401475,"WGS84",45.1,20.8,0.1,"1 - trap not set","ShermanLF","2020-04-23","2020-04-23",,,,,,,,,,,,,,,,,,,,,,,,,,,,,,,,,,,,,,,,,,,,,,,,
"2f1dd18b-f999-469f-acb6-3ed397c32971","ffc5c894-490a-4059-bab6-b3ef382e4940","DSNY_001.mammalGrid.mam","D03","DSNY","DSNY_001","F9","distributed","woodyWetlands",28.097204,-81.417175,"WGS84",45.1,21.1,0.1,"1 - trap not set","ShermanLF","2020-04-23","2020-04-23",,,,,,,,,,,,,,,,,,,,,,,,,,,,,,,,,,,,,,,,,,,,,,,,
"e402b87b-7413-43db-b483-ffa9136fba8a","e1efd25a-be98-4160-b5ca-8bb6ca7720bd","DSNY_005.mammalGrid.mam","D03","DSNY","DSNY_005","I8","distributed","woodyWetlands",28.039127,-81.391902,"WGS84",45.1,19.7,0.1,"1 - trap not set","ShermanLF","2020-04-23","2020-04-23",,,,,,,,,,,,,,,,,,,,,,,,,,,,,,,,,,,,,,,,,,,,,,,,
"fdb5f325-2932-4761-92dc-af80c370f372","cf66ce29-ee61-4087-9c4d-ade99a6f3d71","DSNY_016.mammalGrid.mam","D03","DSNY","DSNY_016","B3","distributed","pastureHay",28.045236,-81.393101,"WGS84",45.1,19.9,0.1,"1 - trap not set","ShermanLF","2020-04-23","2020-04-23",,,,,,,,,,,,,,,,,,,,,,,,,,,,,,,,,,,,,,,,,,,,,,,,
"d9afac87-6b00-44ed-ab00-365df68e2978","e1efd25a-be98-4160-b5ca-8bb6ca7720bd","DSNY_005.mammalGrid.mam","D03","DSNY","DSNY_005","C8","distributed","woodyWetlands",28.039127,-81.391902,"WGS84",45.1,19.7,0.1,"1 - trap not set","ShermanLF","2020-04-23","2020-04-23",,,,,,,,,,,,,,,,,,,,,,,,,,,,,,,,,,,,,,,,,,,,,,,,
"73c20962-aa2d-4062-b6d8-e2b40f3877ab","cf66ce29-ee61-4087-9c4d-ade99a6f3d71","DSNY_016.mammalGrid.mam","D03","DSNY","DSNY_016","I4","distributed","pastureHay",28.045236,-81.393101,"WGS84",45.1,19.9,0.1,"1 - trap not set","ShermanLF","2020-04-23","2020-04-23",,,,,,,,,,,,,,,,,,,,,,,,,,,,,,,,,,,,,,,,,,,,,,,,
"e4037dcb-7517-43f0-9e5c-c2409fa867fa","cf66ce29-ee61-4087-9c4d-ade99a6f3d71","DSNY_016.mammalGrid.mam","D03","DSNY","DSNY_016","B2","distributed","pastureHay",28.045236,-81.393101,"WGS84",45.1,19.9,0.1,"1 - trap not set","ShermanLF","2020-04-23","2020-04-23",,,,,,,,,,,,,,,,,,,,,,,,,,,,,,,,,,,,,,,,,,,,,,,,
"57c05073-086b-492c-bd58-14a6fc128dec","e1efd25a-be98-4160-b5ca-8bb6ca7720bd","DSNY_005.mammalGrid.mam","D03","DSNY","DSNY_005","E1","distributed","woodyWetlands",28.039127,-81.391902,"WGS84",45.1,19.7,0.1,"1 - trap not set","ShermanLF","2020-04-23","2020-04-23",,,,,,,,,,,,,,,,,,,,,,,,,,,,,,,,,,,,,,,,,,,,,,,,
"1bbe6c49-4fde-4b48-a927-ad5989aa4ba6","cf66ce29-ee61-4087-9c4d-ade99a6f3d71","DSNY_016.mammalGrid.mam","D03","DSNY","DSNY_016","I8","distributed","pastureHay",28.045236,-81.393101,"WGS84",45.1,19.9,0.1,"1 - trap not set","ShermanLF","2020-04-23","2020-04-23",,,,,,,,,,,,,,,,,,,,,,,,,,,,,,,,,,,,,,,,,,,,,,,,
"d961adf2-a586-45f5-8ac6-f93ab192f81d","24c31e89-e9a3-4855-b81f-0c320f9e54ab","DSNY_004.mammalGrid.mam","D03","DSNY","DSNY_004","E3","distributed","woodyWetlands",28.099481,-81.401475,"WGS84",45.1,20.8,0.1,"1 - trap not set","ShermanLF","2020-04-23","2020-04-23",,,,,,,,,,,,,,,,,,,,,,,,,,,,,,,,,,,,,,,,,,,,,,,,
"a28adef3-d5c1-4c66-b2f1-1ca8145a5c34","e1efd25a-be98-4160-b5ca-8bb6ca7720bd","DSNY_005.mammalGrid.mam","D03","DSNY","DSNY_005","G3","distributed","woodyWetlands",28.039127,-81.391902,"WGS84",45.1,19.7,0.1,"1 - trap not set","ShermanLF","2020-04-23","2020-04-23",,,,,,,,,,,,,,,,,,,,,,,,,,,,,,,,,,,,,,,,,,,,,,,,
"da36ba5a-cd06-4518-ac3e-9b3522e7ee4e","24c31e89-e9a3-4855-b81f-0c320f9e54ab","DSNY_004.mammalGrid.mam","D03","DSNY","DSNY_004","F2","distributed","woodyWetlands",28.099481,-81.401475,"WGS84",45.1,20.8,0.1,"1 - trap not set","ShermanLF","2020-04-23","2020-04-23",,,,,,,,,,,,,,,,,,,,,,,,,,,,,,,,,,,,,,,,,,,,,,,,
"5ed13e8e-20b7-461c-84a1-af32a23a95fc","cf66ce29-ee61-4087-9c4d-ade99a6f3d71","DSNY_016.mammalGrid.mam","D03","DSNY","DSNY_016","C7","distributed","pastureHay",28.045236,-81.393101,"WGS84",45.1,19.9,0.1,"1 - trap not set","ShermanLF","2020-04-23","2020-04-23",,,,,,,,,,,,,,,,,,,,,,,,,,,,,,,,,,,,,,,,,,,,,,,,
"15acab8a-f298-4882-9942-34b22dbf90ff","cf66ce29-ee61-4087-9c4d-ade99a6f3d71","DSNY_016.mammalGrid.mam","D03","DSNY","DSNY_016","D1","distributed","pastureHay",28.045236,-81.393101,"WGS84",45.1,19.9,0.1,"1 - trap not set","ShermanLF","2020-04-23","2020-04-23",,,,,,,,,,,,,,,,,,,,,,,,,,,,,,,,,,,,,,,,,,,,,,,,
"e3158bbc-729d-4504-ad53-d3150361bc62","cf66ce29-ee61-4087-9c4d-ade99a6f3d71","DSNY_016.mammalGrid.mam","D03","DSNY","DSNY_016","F2","distributed","pastureHay",28.045236,-81.393101,"WGS84",45.1,19.9,0.1,"1 - trap not set","ShermanLF","2020-04-23","2020-04-23",,,,,,,,,,,,,,,,,,,,,,,,,,,,,,,,,,,,,,,,,,,,,,,,
"efe69ced-00ef-4d95-8782-a0ca5e640f55","24c31e89-e9a3-4855-b81f-0c320f9e54ab","DSNY_004.mammalGrid.mam","D03","DSNY","DSNY_004","C5","distributed","woodyWetlands",28.099481,-81.401475,"WGS84",45.1,20.8,0.1,"1 - trap not set","ShermanLF","2020-04-23","2020-04-23",,,,,,,,,,,,,,,,,,,,,,,,,,,,,,,,,,,,,,,,,,,,,,,,
"df71b452-9df6-444e-87c8-0980b615c4fe","24c31e89-e9a3-4855-b81f-0c320f9e54ab","DSNY_004.mammalGrid.mam","D03","DSNY","DSNY_004","H6","distributed","woodyWetlands",28.099481,-81.401475,"WGS84",45.1,20.8,0.1,"1 - trap not set","ShermanLF","2020-04-23","2020-04-23",,,,,,,,,,,,,,,,,,,,,,,,,,,,,,,,,,,,,,,,,,,,,,,,
"118c6955-c2c3-4b2d-9c81-17c0abc18cd6","e1efd25a-be98-4160-b5ca-8bb6ca7720bd","DSNY_005.mammalGrid.mam","D03","DSNY","DSNY_005","H4","distributed","woodyWetlands",28.039127,-81.391902,"WGS84",45.1,19.7,0.1,"1 - trap not set","ShermanLF","2020-04-23","2020-04-23",,,,,,,,,,,,,,,,,,,,,,,,,,,,,,,,,,,,,,,,,,,,,,,,
"4169901a-ed2c-40e9-a318-2a6e46a57188","e1efd25a-be98-4160-b5ca-8bb6ca7720bd","DSNY_005.mammalGrid.mam","D03","DSNY","DSNY_005","B8","distributed","woodyWetlands",28.039127,-81.391902,"WGS84",45.1,19.7,0.1,"1 - trap not set","ShermanLF","2020-04-23","2020-04-23",,,,,,,,,,,,,,,,,,,,,,,,,,,,,,,,,,,,,,,,,,,,,,,,
"041e7c55-1f7d-412e-97e4-64905aa49b3f","ffc5c894-490a-4059-bab6-b3ef382e4940","DSNY_001.mammalGrid.mam","D03","DSNY","DSNY_001","A2","distributed","woodyWetlands",28.097204,-81.417175,"WGS84",45.1,21.1,0.1,"1 - trap not set","ShermanLF","2020-04-23","2020-04-23",,,,,,,,,,,,,,,,,,,,,,,,,,,,,,,,,,,,,,,,,,,,,,,,
"0b350acc-02b7-44ac-ae76-46fb5f89b360","e1efd25a-be98-4160-b5ca-8bb6ca7720bd","DSNY_005.mammalGrid.mam","D03","DSNY","DSNY_005","J2","distributed","woodyWetlands",28.039127,-81.391902,"WGS84",45.1,19.7,0.1,"1 - trap not set","ShermanLF","2020-04-23","2020-04-23",,,,,,,,,,,,,,,,,,,,,,,,,,,,,,,,,,,,,,,,,,,,,,,,
"3564d401-c9f5-44db-b922-57a470621876","24c31e89-e9a3-4855-b81f-0c320f9e54ab","DSNY_004.mammalGrid.mam","D03","DSNY","DSNY_004","A10","distributed","woodyWetlands",28.099481,-81.401475,"WGS84",45.1,20.8,0.1,"1 - trap not set","ShermanLF","2020-04-23","2020-04-23",,,,,,,,,,,,,,,,,,,,,,,,,,,,,,,,,,,,,,,,,,,,,,,,
"4fef1c07-720b-48da-9ac5-7802d759c300","ffc5c894-490a-4059-bab6-b3ef382e4940","DSNY_001.mammalGrid.mam","D03","DSNY","DSNY_001","J8","distributed","woodyWetlands",28.097204,-81.417175,"WGS84",45.1,21.1,0.1,"1 - trap not set","ShermanLF","2020-04-23","2020-04-23",,,,,,,,,,,,,,,,,,,,,,,,,,,,,,,,,,,,,,,,,,,,,,,,
"85bb5c32-8151-4a03-a8b2-68f54e51e985","ffc5c894-490a-4059-bab6-b3ef382e4940","DSNY_001.mammalGrid.mam","D03","DSNY","DSNY_001","E7","distributed","woodyWetlands",28.097204,-81.417175,"WGS84",45.1,21.1,0.1,"1 - trap not set","ShermanLF","2020-04-23","2020-04-23",,,,,,,,,,,,,,,,,,,,,,,,,,,,,,,,,,,,,,,,,,,,,,,,
"170b71f3-37cd-49d9-a8fc-21824c7ce262","e1efd25a-be98-4160-b5ca-8bb6ca7720bd","DSNY_005.mammalGrid.mam","D03","DSNY","DSNY_005","I7","distributed","woodyWetlands",28.039127,-81.391902,"WGS84",45.1,19.7,0.1,"1 - trap not set","ShermanLF","2020-04-23","2020-04-23",,,,,,,,,,,,,,,,,,,,,,,,,,,,,,,,,,,,,,,,,,,,,,,,
"82bb3066-db93-41e1-803b-3e9b9bebc7c0","cf66ce29-ee61-4087-9c4d-ade99a6f3d71","DSNY_016.mammalGrid.mam","D03","DSNY","DSNY_016","B10","distributed","pastureHay",28.045236,-81.393101,"WGS84",45.1,19.9,0.1,"1 - trap not set","ShermanLF","2020-04-23","2020-04-23",,,,,,,,,,,,,,,,,,,,,,,,,,,,,,,,,,,,,,,,,,,,,,,,
"0c8e9fcb-e97a-46e7-bb20-90fc8b525d41","24c31e89-e9a3-4855-b81f-0c320f9e54ab","DSNY_004.mammalGrid.mam","D03","DSNY","DSNY_004","C3","distributed","woodyWetlands",28.099481,-81.401475,"WGS84",45.1,20.8,0.1,"1 - trap not set","ShermanLF","2020-04-23","2020-04-23",,,,,,,,,,,,,,,,,,,,,,,,,,,,,,,,,,,,,,,,,,,,,,,,
"e9fb2b5e-5923-4832-93fa-2d09f80e58c6","ffc5c894-490a-4059-bab6-b3ef382e4940","DSNY_001.mammalGrid.mam","D03","DSNY","DSNY_001","H9","distributed","woodyWetlands",28.097204,-81.417175,"WGS84",45.1,21.1,0.1,"1 - trap not set","ShermanLF","2020-04-23","2020-04-23",,,,,,,,,,,,,,,,,,,,,,,,,,,,,,,,,,,,,,,,,,,,,,,,
"ba63bda1-3370-4126-99ab-6bd180609e5f","e1efd25a-be98-4160-b5ca-8bb6ca7720bd","DSNY_005.mammalGrid.mam","D03","DSNY","DSNY_005","D1","distributed","woodyWetlands",28.039127,-81.391902,"WGS84",45.1,19.7,0.1,"1 - trap not set","ShermanLF","2020-04-23","2020-04-23",,,,,,,,,,,,,,,,,,,,,,,,,,,,,,,,,,,,,,,,,,,,,,,,
"09798439-12b7-40f3-a2ca-cb0624255e5d","cf66ce29-ee61-4087-9c4d-ade99a6f3d71","DSNY_016.mammalGrid.mam","D03","DSNY","DSNY_016","A7","distributed","pastureHay",28.045236,-81.393101,"WGS84",45.1,19.9,0.1,"1 - trap not set","ShermanLF","2020-04-23","2020-04-23",,,,,,,,,,,,,,,,,,,,,,,,,,,,,,,,,,,,,,,,,,,,,,,,
"5ccd2202-6866-439b-b6c5-2c423b3acae5","24c31e89-e9a3-4855-b81f-0c320f9e54ab","DSNY_004.mammalGrid.mam","D03","DSNY","DSNY_004","E6","distributed","woodyWetlands",28.099481,-81.401475,"WGS84",45.1,20.8,0.1,"1 - trap not set","ShermanLF","2020-04-23","2020-04-23",,,,,,,,,,,,,,,,,,,,,,,,,,,,,,,,,,,,,,,,,,,,,,,,
"0392512e-0ba6-435f-ad29-ee27a987db05","ffc5c894-490a-4059-bab6-b3ef382e4940","DSNY_001.mammalGrid.mam","D03","DSNY","DSNY_001","E8","distributed","woodyWetlands",28.097204,-81.417175,"WGS84",45.1,21.1,0.1,"1 - trap not set","ShermanLF","2020-04-23","2020-04-23",,,,,,,,,,,,,,,,,,,,,,,,,,,,,,,,,,,,,,,,,,,,,,,,
"33b822f2-afb5-415d-92d5-659a414be6f9","cf66ce29-ee61-4087-9c4d-ade99a6f3d71","DSNY_016.mammalGrid.mam","D03","DSNY","DSNY_016","A1","distributed","pastureHay",28.045236,-81.393101,"WGS84",45.1,19.9,0.1,"1 - trap not set","ShermanLF","2020-04-23","2020-04-23",,,,,,,,,,,,,,,,,,,,,,,,,,,,,,,,,,,,,,,,,,,,,,,,
"72e41557-9b33-4710-9fe8-082bc78df095","24c31e89-e9a3-4855-b81f-0c320f9e54ab","DSNY_004.mammalGrid.mam","D03","DSNY","DSNY_004","D4","distributed","woodyWetlands",28.099481,-81.401475,"WGS84",45.1,20.8,0.1,"1 - trap not set","ShermanLF","2020-04-23","2020-04-23",,,,,,,,,,,,,,,,,,,,,,,,,,,,,,,,,,,,,,,,,,,,,,,,
"b7df9da8-0f68-424e-9dd7-ed50a444fc93","cf66ce29-ee61-4087-9c4d-ade99a6f3d71","DSNY_016.mammalGrid.mam","D03","DSNY","DSNY_016","B4","distributed","pastureHay",28.045236,-81.393101,"WGS84",45.1,19.9,0.1,"1 - trap not set","ShermanLF","2020-04-23","2020-04-23",,,,,,,,,,,,,,,,,,,,,,,,,,,,,,,,,,,,,,,,,,,,,,,,
"4d54c1b9-b2a8-4fd0-b7ca-14a6f82cf445","e1efd25a-be98-4160-b5ca-8bb6ca7720bd","DSNY_005.mammalGrid.mam","D03","DSNY","DSNY_005","C3","distributed","woodyWetlands",28.039127,-81.391902,"WGS84",45.1,19.7,0.1,"1 - trap not set","ShermanLF","2020-04-23","2020-04-23",,,,,,,,,,,,,,,,,,,,,,,,,,,,,,,,,,,,,,,,,,,,,,,,
"58c70af8-1cd7-4ff2-b4ff-515f819b765d","ffc5c894-490a-4059-bab6-b3ef382e4940","DSNY_001.mammalGrid.mam","D03","DSNY","DSNY_001","D4","distributed","woodyWetlands",28.097204,-81.417175,"WGS84",45.1,21.1,0.1,"1 - trap not set","ShermanLF","2020-04-23","2020-04-23",,,,,,,,,,,,,,,,,,,,,,,,,,,,,,,,,,,,,,,,,,,,,,,,
"2d45a10b-44eb-4312-b89e-5d02daed0046","e1efd25a-be98-4160-b5ca-8bb6ca7720bd","DSNY_005.mammalGrid.mam","D03","DSNY","DSNY_005","B4","distributed","woodyWetlands",28.039127,-81.391902,"WGS84",45.1,19.7,0.1,"1 - trap not set","ShermanLF","2020-04-23","2020-04-23",,,,,,,,,,,,,,,,,,,,,,,,,,,,,,,,,,,,,,,,,,,,,,,,
"6620a9fd-7363-489f-b48e-951e64b26c47","cf66ce29-ee61-4087-9c4d-ade99a6f3d71","DSNY_016.mammalGrid.mam","D03","DSNY","DSNY_016","G4","distributed","pastureHay",28.045236,-81.393101,"WGS84",45.1,19.9,0.1,"1 - trap not set","ShermanLF","2020-04-23","2020-04-23",,,,,,,,,,,,,,,,,,,,,,,,,,,,,,,,,,,,,,,,,,,,,,,,
"8fb344ec-f2ba-4dda-812d-f939bf877911","ffc5c894-490a-4059-bab6-b3ef382e4940","DSNY_001.mammalGrid.mam","D03","DSNY","DSNY_001","G6","distributed","woodyWetlands",28.097204,-81.417175,"WGS84",45.1,21.1,0.1,"1 - trap not set","ShermanLF","2020-04-23","2020-04-23",,,,,,,,,,,,,,,,,,,,,,,,,,,,,,,,,,,,,,,,,,,,,,,,
"6475fce4-68dc-45b1-a387-ae9231fdb05a","24c31e89-e9a3-4855-b81f-0c320f9e54ab","DSNY_004.mammalGrid.mam","D03","DSNY","DSNY_004","I5","distributed","woodyWetlands",28.099481,-81.401475,"WGS84",45.1,20.8,0.1,"1 - trap not set","ShermanLF","2020-04-23","2020-04-23",,,,,,,,,,,,,,,,,,,,,,,,,,,,,,,,,,,,,,,,,,,,,,,,
"b7e33da8-ff91-46ed-9918-355ea6bf0381","ffc5c894-490a-4059-bab6-b3ef382e4940","DSNY_001.mammalGrid.mam","D03","DSNY","DSNY_001","F2","distributed","woodyWetlands",28.097204,-81.417175,"WGS84",45.1,21.1,0.1,"1 - trap not set","ShermanLF","2020-04-23","2020-04-23",,,,,,,,,,,,,,,,,,,,,,,,,,,,,,,,,,,,,,,,,,,,,,,,
"01c9eaeb-88f5-4ac9-82cc-5ca163bbad21","24c31e89-e9a3-4855-b81f-0c320f9e54ab","DSNY_004.mammalGrid.mam","D03","DSNY","DSNY_004","E5","distributed","woodyWetlands",28.099481,-81.401475,"WGS84",45.1,20.8,0.1,"1 - trap not set","ShermanLF","2020-04-23","2020-04-23",,,,,,,,,,,,,,,,,,,,,,,,,,,,,,,,,,,,,,,,,,,,,,,,
"0d7bc8e7-5679-40f3-9c19-3d3644b1dae8","cf66ce29-ee61-4087-9c4d-ade99a6f3d71","DSNY_016.mammalGrid.mam","D03","DSNY","DSNY_016","D3","distributed","pastureHay",28.045236,-81.393101,"WGS84",45.1,19.9,0.1,"1 - trap not set","ShermanLF","2020-04-23","2020-04-23",,,,,,,,,,,,,,,,,,,,,,,,,,,,,,,,,,,,,,,,,,,,,,,,
"7801e4be-fa6b-4f0c-a1a2-8e540a0bc6cc","24c31e89-e9a3-4855-b81f-0c320f9e54ab","DSNY_004.mammalGrid.mam","D03","DSNY","DSNY_004","C9","distributed","woodyWetlands",28.099481,-81.401475,"WGS84",45.1,20.8,0.1,"1 - trap not set","ShermanLF","2020-04-23","2020-04-23",,,,,,,,,,,,,,,,,,,,,,,,,,,,,,,,,,,,,,,,,,,,,,,,
"6321ab3c-a1dd-4d7f-9815-7f33f1f0757e","e1efd25a-be98-4160-b5ca-8bb6ca7720bd","DSNY_005.mammalGrid.mam","D03","DSNY","DSNY_005","E5","distributed","woodyWetlands",28.039127,-81.391902,"WGS84",45.1,19.7,0.1,"1 - trap not set","ShermanLF","2020-04-23","2020-04-23",,,,,,,,,,,,,,,,,,,,,,,,,,,,,,,,,,,,,,,,,,,,,,,,
"f0ea3b74-e2ed-4f49-a9fc-0eea9d8915a6","ffc5c894-490a-4059-bab6-b3ef382e4940","DSNY_001.mammalGrid.mam","D03","DSNY","DSNY_001","D1","distributed","woodyWetlands",28.097204,-81.417175,"WGS84",45.1,21.1,0.1,"1 - trap not set","ShermanLF","2020-04-23","2020-04-23",,,,,,,,,,,,,,,,,,,,,,,,,,,,,,,,,,,,,,,,,,,,,,,,
"251695b8-bba3-4125-9ecc-8d059bb6a965","cf66ce29-ee61-4087-9c4d-ade99a6f3d71","DSNY_016.mammalGrid.mam","D03","DSNY","DSNY_016","E3","distributed","pastureHay",28.045236,-81.393101,"WGS84",45.1,19.9,0.1,"1 - trap not set","ShermanLF","2020-04-23","2020-04-23",,,,,,,,,,,,,,,,,,,,,,,,,,,,,,,,,,,,,,,,,,,,,,,,
"67eebddd-049f-4f03-8de7-53a66d080856","24c31e89-e9a3-4855-b81f-0c320f9e54ab","DSNY_004.mammalGrid.mam","D03","DSNY","DSNY_004","I9","distributed","woodyWetlands",28.099481,-81.401475,"WGS84",45.1,20.8,0.1,"1 - trap not set","ShermanLF","2020-04-23","2020-04-23",,,,,,,,,,,,,,,,,,,,,,,,,,,,,,,,,,,,,,,,,,,,,,,,
"83e670e6-480d-4ebd-b29c-4043bf5e2872","ffc5c894-490a-4059-bab6-b3ef382e4940","DSNY_001.mammalGrid.mam","D03","DSNY","DSNY_001","D8","distributed","woodyWetlands",28.097204,-81.417175,"WGS84",45.1,21.1,0.1,"1 - trap not set","ShermanLF","2020-04-23","2020-04-23",,,,,,,,,,,,,,,,,,,,,,,,,,,,,,,,,,,,,,,,,,,,,,,,
"c480cec5-b736-4f8e-a6d6-8b0b23319780","cf66ce29-ee61-4087-9c4d-ade99a6f3d71","DSNY_016.mammalGrid.mam","D03","DSNY","DSNY_016","E9","distributed","pastureHay",28.045236,-81.393101,"WGS84",45.1,19.9,0.1,"1 - trap not set","ShermanLF","2020-04-23","2020-04-23",,,,,,,,,,,,,,,,,,,,,,,,,,,,,,,,,,,,,,,,,,,,,,,,
"d0e5d3a2-cd73-491e-a83c-0fc636a3c7d2","e1efd25a-be98-4160-b5ca-8bb6ca7720bd","DSNY_005.mammalGrid.mam","D03","DSNY","DSNY_005","D6","distributed","woodyWetlands",28.039127,-81.391902,"WGS84",45.1,19.7,0.1,"1 - trap not set","ShermanLF","2020-04-23","2020-04-23",,,,,,,,,,,,,,,,,,,,,,,,,,,,,,,,,,,,,,,,,,,,,,,,
"45b5e343-c5b9-41e2-9cf4-732bad8a46e5","24c31e89-e9a3-4855-b81f-0c320f9e54ab","DSNY_004.mammalGrid.mam","D03","DSNY","DSNY_004","C7","distributed","woodyWetlands",28.099481,-81.401475,"WGS84",45.1,20.8,0.1,"1 - trap not set","ShermanLF","2020-04-23","2020-04-23",,,,,,,,,,,,,,,,,,,,,,,,,,,,,,,,,,,,,,,,,,,,,,,,
"de239098-1521-4cdb-a4f3-d8cc5a0aa140","cf66ce29-ee61-4087-9c4d-ade99a6f3d71","DSNY_016.mammalGrid.mam","D03","DSNY","DSNY_016","J1","distributed","pastureHay",28.045236,-81.393101,"WGS84",45.1,19.9,0.1,"1 - trap not set","ShermanLF","2020-04-23","2020-04-23",,,,,,,,,,,,,,,,,,,,,,,,,,,,,,,,,,,,,,,,,,,,,,,,
"74362e28-03e4-48b9-8378-8665c045ec18","e1efd25a-be98-4160-b5ca-8bb6ca7720bd","DSNY_005.mammalGrid.mam","D03","DSNY","DSNY_005","F7","distributed","woodyWetlands",28.039127,-81.391902,"WGS84",45.1,19.7,0.1,"1 - trap not set","ShermanLF","2020-04-23","2020-04-23",,,,,,,,,,,,,,,,,,,,,,,,,,,,,,,,,,,,,,,,,,,,,,,,
"873a0520-82c5-4213-8638-fa07dd81ae9b","e1efd25a-be98-4160-b5ca-8bb6ca7720bd","DSNY_005.mammalGrid.mam","D03","DSNY","DSNY_005","J3","distributed","woodyWetlands",28.039127,-81.391902,"WGS84",45.1,19.7,0.1,"1 - trap not set","ShermanLF","2020-04-23","2020-04-23",,,,,,,,,,,,,,,,,,,,,,,,,,,,,,,,,,,,,,,,,,,,,,,,
"18558ca0-174f-4127-9c5b-beea48add214","24c31e89-e9a3-4855-b81f-0c320f9e54ab","DSNY_004.mammalGrid.mam","D03","DSNY","DSNY_004","H4","distributed","woodyWetlands",28.099481,-81.401475,"WGS84",45.1,20.8,0.1,"1 - trap not set","ShermanLF","2020-04-23","2020-04-23",,,,,,,,,,,,,,,,,,,,,,,,,,,,,,,,,,,,,,,,,,,,,,,,
"c011fd59-4299-47d1-9579-c123f5dc5cdc","cf66ce29-ee61-4087-9c4d-ade99a6f3d71","DSNY_016.mammalGrid.mam","D03","DSNY","DSNY_016","F5","distributed","pastureHay",28.045236,-81.393101,"WGS84",45.1,19.9,0.1,"1 - trap not set","ShermanLF","2020-04-23","2020-04-23",,,,,,,,,,,,,,,,,,,,,,,,,,,,,,,,,,,,,,,,,,,,,,,,
"67b6caa9-b828-4937-be02-d88e108793e9","24c31e89-e9a3-4855-b81f-0c320f9e54ab","DSNY_004.mammalGrid.mam","D03","DSNY","DSNY_004","C8","distributed","woodyWetlands",28.099481,-81.401475,"WGS84",45.1,20.8,0.1,"1 - trap not set","ShermanLF","2020-04-23","2020-04-23",,,,,,,,,,,,,,,,,,,,,,,,,,,,,,,,,,,,,,,,,,,,,,,,
"545ca710-a0ab-4278-8c14-0fb0260e7ef2","ffc5c894-490a-4059-bab6-b3ef382e4940","DSNY_001.mammalGrid.mam","D03","DSNY","DSNY_001","G7","distributed","woodyWetlands",28.097204,-81.417175,"WGS84",45.1,21.1,0.1,"1 - trap not set","ShermanLF","2020-04-23","2020-04-23",,,,,,,,,,,,,,,,,,,,,,,,,,,,,,,,,,,,,,,,,,,,,,,,
"0863ff45-8fb8-4de0-986c-087f216c2517","e1efd25a-be98-4160-b5ca-8bb6ca7720bd","DSNY_005.mammalGrid.mam","D03","DSNY","DSNY_005","I1","distributed","woodyWetlands",28.039127,-81.391902,"WGS84",45.1,19.7,0.1,"1 - trap not set","ShermanLF","2020-04-23","2020-04-23",,,,,,,,,,,,,,,,,,,,,,,,,,,,,,,,,,,,,,,,,,,,,,,,
"9337e6bd-d778-4e6d-a433-c6016931ba72","24c31e89-e9a3-4855-b81f-0c320f9e54ab","DSNY_004.mammalGrid.mam","D03","DSNY","DSNY_004","G8","distributed","woodyWetlands",28.099481,-81.401475,"WGS84",45.1,20.8,0.1,"1 - trap not set","ShermanLF","2020-04-23","2020-04-23",,,,,,,,,,,,,,,,,,,,,,,,,,,,,,,,,,,,,,,,,,,,,,,,
"44b235d8-1e59-44f2-8fe2-bf934c7c3a9d","ffc5c894-490a-4059-bab6-b3ef382e4940","DSNY_001.mammalGrid.mam","D03","DSNY","DSNY_001","D2","distributed","woodyWetlands",28.097204,-81.417175,"WGS84",45.1,21.1,0.1,"1 - trap not set","ShermanLF","2020-04-23","2020-04-23",,,,,,,,,,,,,,,,,,,,,,,,,,,,,,,,,,,,,,,,,,,,,,,,
"bf47fc86-7522-4977-ab8b-37665799baae","cf66ce29-ee61-4087-9c4d-ade99a6f3d71","DSNY_016.mammalGrid.mam","D03","DSNY","DSNY_016","I9","distributed","pastureHay",28.045236,-81.393101,"WGS84",45.1,19.9,0.1,"1 - trap not set","ShermanLF","2020-04-23","2020-04-23",,,,,,,,,,,,,,,,,,,,,,,,,,,,,,,,,,,,,,,,,,,,,,,,
"0897ed1c-3bbe-4dae-8775-eca035104bb2","e1efd25a-be98-4160-b5ca-8bb6ca7720bd","DSNY_005.mammalGrid.mam","D03","DSNY","DSNY_005","H3","distributed","woodyWetlands",28.039127,-81.391902,"WGS84",45.1,19.7,0.1,"1 - trap not set","ShermanLF","2020-04-23","2020-04-23",,,,,,,,,,,,,,,,,,,,,,,,,,,,,,,,,,,,,,,,,,,,,,,,
"b2f18fbe-da92-408b-a280-4d4494019f2c","e1efd25a-be98-4160-b5ca-8bb6ca7720bd","DSNY_005.mammalGrid.mam","D03","DSNY","DSNY_005","J1","distributed","woodyWetlands",28.039127,-81.391902,"WGS84",45.1,19.7,0.1,"1 - trap not set","ShermanLF","2020-04-23","2020-04-23",,,,,,,,,,,,,,,,,,,,,,,,,,,,,,,,,,,,,,,,,,,,,,,,
"dbb3a786-6680-446a-972d-0299bc5b0143","cf66ce29-ee61-4087-9c4d-ade99a6f3d71","DSNY_016.mammalGrid.mam","D03","DSNY","DSNY_016","D4","distributed","pastureHay",28.045236,-81.393101,"WGS84",45.1,19.9,0.1,"1 - trap not set","ShermanLF","2020-04-23","2020-04-23",,,,,,,,,,,,,,,,,,,,,,,,,,,,,,,,,,,,,,,,,,,,,,,,
"33717d67-e8ee-41ec-b323-c563d03669a0","24c31e89-e9a3-4855-b81f-0c320f9e54ab","DSNY_004.mammalGrid.mam","D03","DSNY","DSNY_004","C2","distributed","woodyWetlands",28.099481,-81.401475,"WGS84",45.1,20.8,0.1,"1 - trap not set","ShermanLF","2020-04-23","2020-04-23",,,,,,,,,,,,,,,,,,,,,,,,,,,,,,,,,,,,,,,,,,,,,,,,
"d284e342-dc24-4853-8b20-26a03ca69ce5","24c31e89-e9a3-4855-b81f-0c320f9e54ab","DSNY_004.mammalGrid.mam","D03","DSNY","DSNY_004","G4","distributed","woodyWetlands",28.099481,-81.401475,"WGS84",45.1,20.8,0.1,"1 - trap not set","ShermanLF","2020-04-23","2020-04-23",,,,,,,,,,,,,,,,,,,,,,,,,,,,,,,,,,,,,,,,,,,,,,,,
"7d80d6ba-4333-4731-b0b9-595dc51baf90","24c31e89-e9a3-4855-b81f-0c320f9e54ab","DSNY_004.mammalGrid.mam","D03","DSNY","DSNY_004","I6","distributed","woodyWetlands",28.099481,-81.401475,"WGS84",45.1,20.8,0.1,"1 - trap not set","ShermanLF","2020-04-23","2020-04-23",,,,,,,,,,,,,,,,,,,,,,,,,,,,,,,,,,,,,,,,,,,,,,,,
"80dec491-6798-4fdf-a693-1598eedcb61c","ffc5c894-490a-4059-bab6-b3ef382e4940","DSNY_001.mammalGrid.mam","D03","DSNY","DSNY_001","B3","distributed","woodyWetlands",28.097204,-81.417175,"WGS84",45.1,21.1,0.1,"1 - trap not set","ShermanLF","2020-04-23","2020-04-23",,,,,,,,,,,,,,,,,,,,,,,,,,,,,,,,,,,,,,,,,,,,,,,,
"571b478d-00a5-4962-9344-af25dfdf89e0","e1efd25a-be98-4160-b5ca-8bb6ca7720bd","DSNY_005.mammalGrid.mam","D03","DSNY","DSNY_005","B1","distributed","woodyWetlands",28.039127,-81.391902,"WGS84",45.1,19.7,0.1,"1 - trap not set","ShermanLF","2020-04-23","2020-04-23",,,,,,,,,,,,,,,,,,,,,,,,,,,,,,,,,,,,,,,,,,,,,,,,
"498c2690-e962-4597-bde7-1409137a554e","cf66ce29-ee61-4087-9c4d-ade99a6f3d71","DSNY_016.mammalGrid.mam","D03","DSNY","DSNY_016","I1","distributed","pastureHay",28.045236,-81.393101,"WGS84",45.1,19.9,0.1,"1 - trap not set","ShermanLF","2020-04-23","2020-04-23",,,,,,,,,,,,,,,,,,,,,,,,,,,,,,,,,,,,,,,,,,,,,,,,
"9338fbc5-3876-4e2f-9ee9-e076103f7ca1","ffc5c894-490a-4059-bab6-b3ef382e4940","DSNY_001.mammalGrid.mam","D03","DSNY","DSNY_001","H3","distributed","woodyWetlands",28.097204,-81.417175,"WGS84",45.1,21.1,0.1,"1 - trap not set","ShermanLF","2020-04-23","2020-04-23",,,,,,,,,,,,,,,,,,,,,,,,,,,,,,,,,,,,,,,,,,,,,,,,
"da2cb4bc-7ea9-4468-85bd-148b9f74e3c6","24c31e89-e9a3-4855-b81f-0c320f9e54ab","DSNY_004.mammalGrid.mam","D03","DSNY","DSNY_004","H2","distributed","woodyWetlands",28.099481,-81.401475,"WGS84",45.1,20.8,0.1,"1 - trap not set","ShermanLF","2020-04-23","2020-04-23",,,,,,,,,,,,,,,,,,,,,,,,,,,,,,,,,,,,,,,,,,,,,,,,
"c48a27d5-7ec4-4c1f-abde-0ba7e54f1827","ffc5c894-490a-4059-bab6-b3ef382e4940","DSNY_001.mammalGrid.mam","D03","DSNY","DSNY_001","E9","distributed","woodyWetlands",28.097204,-81.417175,"WGS84",45.1,21.1,0.1,"1 - trap not set","ShermanLF","2020-04-23","2020-04-23",,,,,,,,,,,,,,,,,,,,,,,,,,,,,,,,,,,,,,,,,,,,,,,,
"aed158cd-48ce-4221-8fe7-6144684a36c7","24c31e89-e9a3-4855-b81f-0c320f9e54ab","DSNY_004.mammalGrid.mam","D03","DSNY","DSNY_004","E9","distributed","woodyWetlands",28.099481,-81.401475,"WGS84",45.1,20.8,0.1,"1 - trap not set","ShermanLF","2020-04-23","2020-04-23",,,,,,,,,,,,,,,,,,,,,,,,,,,,,,,,,,,,,,,,,,,,,,,,
"7d110348-bd64-4dc2-bfce-e421b1cda0a9","cf66ce29-ee61-4087-9c4d-ade99a6f3d71","DSNY_016.mammalGrid.mam","D03","DSNY","DSNY_016","F3","distributed","pastureHay",28.045236,-81.393101,"WGS84",45.1,19.9,0.1,"1 - trap not set","ShermanLF","2020-04-23","2020-04-23",,,,,,,,,,,,,,,,,,,,,,,,,,,,,,,,,,,,,,,,,,,,,,,,
"e8582200-fdbc-431d-acc6-72fd09fb269f","ffc5c894-490a-4059-bab6-b3ef382e4940","DSNY_001.mammalGrid.mam","D03","DSNY","DSNY_001","G3","distributed","woodyWetlands",28.097204,-81.417175,"WGS84",45.1,21.1,0.1,"1 - trap not set","ShermanLF","2020-04-23","2020-04-23",,,,,,,,,,,,,,,,,,,,,,,,,,,,,,,,,,,,,,,,,,,,,,,,
"eae05901-7967-45e5-88e5-d2b2f89f7906","cf66ce29-ee61-4087-9c4d-ade99a6f3d71","DSNY_016.mammalGrid.mam","D03","DSNY","DSNY_016","A4","distributed","pastureHay",28.045236,-81.393101,"WGS84",45.1,19.9,0.1,"1 - trap not set","ShermanLF","2020-04-23","2020-04-23",,,,,,,,,,,,,,,,,,,,,,,,,,,,,,,,,,,,,,,,,,,,,,,,
"32c01b8f-536a-4e4a-acab-8e2e0288d79a","ffc5c894-490a-4059-bab6-b3ef382e4940","DSNY_001.mammalGrid.mam","D03","DSNY","DSNY_001","B1","distributed","woodyWetlands",28.097204,-81.417175,"WGS84",45.1,21.1,0.1,"1 - trap not set","ShermanLF","2020-04-23","2020-04-23",,,,,,,,,,,,,,,,,,,,,,,,,,,,,,,,,,,,,,,,,,,,,,,,
"961514fe-2929-4e15-b2b0-7ebe16e3154c","e1efd25a-be98-4160-b5ca-8bb6ca7720bd","DSNY_005.mammalGrid.mam","D03","DSNY","DSNY_005","I10","distributed","woodyWetlands",28.039127,-81.391902,"WGS84",45.1,19.7,0.1,"1 - trap not set","ShermanLF","2020-04-23","2020-04-23",,,,,,,,,,,,,,,,,,,,,,,,,,,,,,,,,,,,,,,,,,,,,,,,
"72bc5116-ab92-4539-865e-6998daf624ae","cf66ce29-ee61-4087-9c4d-ade99a6f3d71","DSNY_016.mammalGrid.mam","D03","DSNY","DSNY_016","I2","distributed","pastureHay",28.045236,-81.393101,"WGS84",45.1,19.9,0.1,"1 - trap not set","ShermanLF","2020-04-23","2020-04-23",,,,,,,,,,,,,,,,,,,,,,,,,,,,,,,,,,,,,,,,,,,,,,,,
"56063090-fc2f-4dd4-a7c0-096bdc1bf51a","e1efd25a-be98-4160-b5ca-8bb6ca7720bd","DSNY_005.mammalGrid.mam","D03","DSNY","DSNY_005","J6","distributed","woodyWetlands",28.039127,-81.391902,"WGS84",45.1,19.7,0.1,"1 - trap not set","ShermanLF","2020-04-23","2020-04-23",,,,,,,,,,,,,,,,,,,,,,,,,,,,,,,,,,,,,,,,,,,,,,,,
"cdcafc98-1e0d-485b-98c5-d6f66de0f883","cf66ce29-ee61-4087-9c4d-ade99a6f3d71","DSNY_016.mammalGrid.mam","D03","DSNY","DSNY_016","H5","distributed","pastureHay",28.045236,-81.393101,"WGS84",45.1,19.9,0.1,"1 - trap not set","ShermanLF","2020-04-23","2020-04-23",,,,,,,,,,,,,,,,,,,,,,,,,,,,,,,,,,,,,,,,,,,,,,,,
"09f6d979-5afd-4fea-b7e4-7a3f8d10f682","cf66ce29-ee61-4087-9c4d-ade99a6f3d71","DSNY_016.mammalGrid.mam","D03","DSNY","DSNY_016","H6","distributed","pastureHay",28.045236,-81.393101,"WGS84",45.1,19.9,0.1,"1 - trap not set","ShermanLF","2020-04-23","2020-04-23",,,,,,,,,,,,,,,,,,,,,,,,,,,,,,,,,,,,,,,,,,,,,,,,
"5303735a-78a1-4e2f-aa5a-fae066fa1478","24c31e89-e9a3-4855-b81f-0c320f9e54ab","DSNY_004.mammalGrid.mam","D03","DSNY","DSNY_004","D6","distributed","woodyWetlands",28.099481,-81.401475,"WGS84",45.1,20.8,0.1,"1 - trap not set","ShermanLF","2020-04-23","2020-04-23",,,,,,,,,,,,,,,,,,,,,,,,,,,,,,,,,,,,,,,,,,,,,,,,
"f9870bf2-f1b0-44d7-b74d-b21b262dd58f","cf66ce29-ee61-4087-9c4d-ade99a6f3d71","DSNY_016.mammalGrid.mam","D03","DSNY","DSNY_016","D8","distributed","pastureHay",28.045236,-81.393101,"WGS84",45.1,19.9,0.1,"1 - trap not set","ShermanLF","2020-04-23","2020-04-23",,,,,,,,,,,,,,,,,,,,,,,,,,,,,,,,,,,,,,,,,,,,,,,,
"2f330c67-cfb5-451d-ad78-e150ca011b58","ffc5c894-490a-4059-bab6-b3ef382e4940","DSNY_001.mammalGrid.mam","D03","DSNY","DSNY_001","G10","distributed","woodyWetlands",28.097204,-81.417175,"WGS84",45.1,21.1,0.1,"1 - trap not set","ShermanLF","2020-04-23","2020-04-23",,,,,,,,,,,,,,,,,,,,,,,,,,,,,,,,,,,,,,,,,,,,,,,,
"e78bd264-8c45-470e-98c0-5121e50d507a","cf66ce29-ee61-4087-9c4d-ade99a6f3d71","DSNY_016.mammalGrid.mam","D03","DSNY","DSNY_016","E7","distributed","pastureHay",28.045236,-81.393101,"WGS84",45.1,19.9,0.1,"1 - trap not set","ShermanLF","2020-04-23","2020-04-23",,,,,,,,,,,,,,,,,,,,,,,,,,,,,,,,,,,,,,,,,,,,,,,,
"6ebd1f30-336e-4ff5-ae2d-48911a6ed46d","ffc5c894-490a-4059-bab6-b3ef382e4940","DSNY_001.mammalGrid.mam","D03","DSNY","DSNY_001","F5","distributed","woodyWetlands",28.097204,-81.417175,"WGS84",45.1,21.1,0.1,"1 - trap not set","ShermanLF","2020-04-23","2020-04-23",,,,,,,,,,,,,,,,,,,,,,,,,,,,,,,,,,,,,,,,,,,,,,,,
"09f0f3a6-49d8-4b3f-8713-adede0765523","e1efd25a-be98-4160-b5ca-8bb6ca7720bd","DSNY_005.mammalGrid.mam","D03","DSNY","DSNY_005","D3","distributed","woodyWetlands",28.039127,-81.391902,"WGS84",45.1,19.7,0.1,"1 - trap not set","ShermanLF","2020-04-23","2020-04-23",,,,,,,,,,,,,,,,,,,,,,,,,,,,,,,,,,,,,,,,,,,,,,,,
"9a647a59-f744-49c2-8d18-a61814586974","ffc5c894-490a-4059-bab6-b3ef382e4940","DSNY_001.mammalGrid.mam","D03","DSNY","DSNY_001","F8","distributed","woodyWetlands",28.097204,-81.417175,"WGS84",45.1,21.1,0.1,"1 - trap not set","ShermanLF","2020-04-23","2020-04-23",,,,,,,,,,,,,,,,,,,,,,,,,,,,,,,,,,,,,,,,,,,,,,,,
"93768d0b-8495-4fa1-b0c4-cdf3ed7c7990","ffc5c894-490a-4059-bab6-b3ef382e4940","DSNY_001.mammalGrid.mam","D03","DSNY","DSNY_001","J6","distributed","woodyWetlands",28.097204,-81.417175,"WGS84",45.1,21.1,0.1,"1 - trap not set","ShermanLF","2020-04-23","2020-04-23",,,,,,,,,,,,,,,,,,,,,,,,,,,,,,,,,,,,,,,,,,,,,,,,
"0d9941e3-f57d-490d-8b02-396187895123","24c31e89-e9a3-4855-b81f-0c320f9e54ab","DSNY_004.mammalGrid.mam","D03","DSNY","DSNY_004","F4","distributed","woodyWetlands",28.099481,-81.401475,"WGS84",45.1,20.8,0.1,"1 - trap not set","ShermanLF","2020-04-23","2020-04-23",,,,,,,,,,,,,,,,,,,,,,,,,,,,,,,,,,,,,,,,,,,,,,,,
"59591abc-a83c-4899-9846-2fd60da11fbb","24c31e89-e9a3-4855-b81f-0c320f9e54ab","DSNY_004.mammalGrid.mam","D03","DSNY","DSNY_004","H9","distributed","woodyWetlands",28.099481,-81.401475,"WGS84",45.1,20.8,0.1,"1 - trap not set","ShermanLF","2020-04-23","2020-04-23",,,,,,,,,,,,,,,,,,,,,,,,,,,,,,,,,,,,,,,,,,,,,,,,
"3179a363-0b5d-418c-9051-c89698ce8153","ffc5c894-490a-4059-bab6-b3ef382e4940","DSNY_001.mammalGrid.mam","D03","DSNY","DSNY_001","C4","distributed","woodyWetlands",28.097204,-81.417175,"WGS84",45.1,21.1,0.1,"1 - trap not set","ShermanLF","2020-04-23","2020-04-23",,,,,,,,,,,,,,,,,,,,,,,,,,,,,,,,,,,,,,,,,,,,,,,,
"4858c31e-015b-4108-a2ec-77a3e6f60638","24c31e89-e9a3-4855-b81f-0c320f9e54ab","DSNY_004.mammalGrid.mam","D03","DSNY","DSNY_004","J6","distributed","woodyWetlands",28.099481,-81.401475,"WGS84",45.1,20.8,0.1,"1 - trap not set","ShermanLF","2020-04-23","2020-04-23",,,,,,,,,,,,,,,,,,,,,,,,,,,,,,,,,,,,,,,,,,,,,,,,
"fbcf7f23-4cca-49f8-9fd6-d193626407f5","e1efd25a-be98-4160-b5ca-8bb6ca7720bd","DSNY_005.mammalGrid.mam","D03","DSNY","DSNY_005","F5","distributed","woodyWetlands",28.039127,-81.391902,"WGS84",45.1,19.7,0.1,"1 - trap not set","ShermanLF","2020-04-23","2020-04-23",,,,,,,,,,,,,,,,,,,,,,,,,,,,,,,,,,,,,,,,,,,,,,,,
"5de471d2-4de5-4809-912b-4b7f38e3f4fb","e1efd25a-be98-4160-b5ca-8bb6ca7720bd","DSNY_005.mammalGrid.mam","D03","DSNY","DSNY_005","F4","distributed","woodyWetlands",28.039127,-81.391902,"WGS84",45.1,19.7,0.1,"1 - trap not set","ShermanLF","2020-04-23","2020-04-23",,,,,,,,,,,,,,,,,,,,,,,,,,,,,,,,,,,,,,,,,,,,,,,,
"f1b3a5ec-fc68-4fdb-b1cc-71004b1d2266","e1efd25a-be98-4160-b5ca-8bb6ca7720bd","DSNY_005.mammalGrid.mam","D03","DSNY","DSNY_005","A2","distributed","woodyWetlands",28.039127,-81.391902,"WGS84",45.1,19.7,0.1,"1 - trap not set","ShermanLF","2020-04-23","2020-04-23",,,,,,,,,,,,,,,,,,,,,,,,,,,,,,,,,,,,,,,,,,,,,,,,
"f2d6f5d8-e5b2-4579-958e-2672335ab4db","e1efd25a-be98-4160-b5ca-8bb6ca7720bd","DSNY_005.mammalGrid.mam","D03","DSNY","DSNY_005","A4","distributed","woodyWetlands",28.039127,-81.391902,"WGS84",45.1,19.7,0.1,"1 - trap not set","ShermanLF","2020-04-23","2020-04-23",,,,,,,,,,,,,,,,,,,,,,,,,,,,,,,,,,,,,,,,,,,,,,,,
"1e063794-9ea8-4fd9-b9ba-86a83c7cbde9","ffc5c894-490a-4059-bab6-b3ef382e4940","DSNY_001.mammalGrid.mam","D03","DSNY","DSNY_001","A4","distributed","woodyWetlands",28.097204,-81.417175,"WGS84",45.1,21.1,0.1,"1 - trap not set","ShermanLF","2020-04-23","2020-04-23",,,,,,,,,,,,,,,,,,,,,,,,,,,,,,,,,,,,,,,,,,,,,,,,
"7c37f8ad-ed80-4bcf-83b9-b46da73283c3","e1efd25a-be98-4160-b5ca-8bb6ca7720bd","DSNY_005.mammalGrid.mam","D03","DSNY","DSNY_005","J5","distributed","woodyWetlands",28.039127,-81.391902,"WGS84",45.1,19.7,0.1,"1 - trap not set","ShermanLF","2020-04-23","2020-04-23",,,,,,,,,,,,,,,,,,,,,,,,,,,,,,,,,,,,,,,,,,,,,,,,
"d42e97cd-49ec-4a28-8f70-51a9f02a32fe","cf66ce29-ee61-4087-9c4d-ade99a6f3d71","DSNY_016.mammalGrid.mam","D03","DSNY","DSNY_016","G10","distributed","pastureHay",28.045236,-81.393101,"WGS84",45.1,19.9,0.1,"1 - trap not set","ShermanLF","2020-04-23","2020-04-23",,,,,,,,,,,,,,,,,,,,,,,,,,,,,,,,,,,,,,,,,,,,,,,,
"bf990558-8d20-4fa2-935e-cab02d5aaf64","e1efd25a-be98-4160-b5ca-8bb6ca7720bd","DSNY_005.mammalGrid.mam","D03","DSNY","DSNY_005","J7","distributed","woodyWetlands",28.039127,-81.391902,"WGS84",45.1,19.7,0.1,"1 - trap not set","ShermanLF","2020-04-23","2020-04-23",,,,,,,,,,,,,,,,,,,,,,,,,,,,,,,,,,,,,,,,,,,,,,,,
"a1e1fdf2-7cd6-4d21-b7b8-99c6af8a076c","e1efd25a-be98-4160-b5ca-8bb6ca7720bd","DSNY_005.mammalGrid.mam","D03","DSNY","DSNY_005","A5","distributed","woodyWetlands",28.039127,-81.391902,"WGS84",45.1,19.7,0.1,"1 - trap not set","ShermanLF","2020-04-23","2020-04-23",,,,,,,,,,,,,,,,,,,,,,,,,,,,,,,,,,,,,,,,,,,,,,,,
"4ddca978-4831-42e9-bfd3-74cda73caed8","ffc5c894-490a-4059-bab6-b3ef382e4940","DSNY_001.mammalGrid.mam","D03","DSNY","DSNY_001","H7","distributed","woodyWetlands",28.097204,-81.417175,"WGS84",45.1,21.1,0.1,"1 - trap not set","ShermanLF","2020-04-23","2020-04-23",,,,,,,,,,,,,,,,,,,,,,,,,,,,,,,,,,,,,,,,,,,,,,,,
"473c105d-a070-4fb4-b29e-033717da81f4","24c31e89-e9a3-4855-b81f-0c320f9e54ab","DSNY_004.mammalGrid.mam","D03","DSNY","DSNY_004","B10","distributed","woodyWetlands",28.099481,-81.401475,"WGS84",45.1,20.8,0.1,"1 - trap not set","ShermanLF","2020-04-23","2020-04-23",,,,,,,,,,,,,,,,,,,,,,,,,,,,,,,,,,,,,,,,,,,,,,,,
"259a227f-261f-4147-8498-439592fff2f0","ffc5c894-490a-4059-bab6-b3ef382e4940","DSNY_001.mammalGrid.mam","D03","DSNY","DSNY_001","E4","distributed","woodyWetlands",28.097204,-81.417175,"WGS84",45.1,21.1,0.1,"1 - trap not set","ShermanLF","2020-04-23","2020-04-23",,,,,,,,,,,,,,,,,,,,,,,,,,,,,,,,,,,,,,,,,,,,,,,,
"4fca088c-5181-4a96-9bc9-0cb628dd4bcd","cf66ce29-ee61-4087-9c4d-ade99a6f3d71","DSNY_016.mammalGrid.mam","D03","DSNY","DSNY_016","E4","distributed","pastureHay",28.045236,-81.393101,"WGS84",45.1,19.9,0.1,"1 - trap not set","ShermanLF","2020-04-23","2020-04-23",,,,,,,,,,,,,,,,,,,,,,,,,,,,,,,,,,,,,,,,,,,,,,,,
"22ac07e5-e960-4674-b127-851414e9e3e7","24c31e89-e9a3-4855-b81f-0c320f9e54ab","DSNY_004.mammalGrid.mam","D03","DSNY","DSNY_004","A2","distributed","woodyWetlands",28.099481,-81.401475,"WGS84",45.1,20.8,0.1,"1 - trap not set","ShermanLF","2020-04-23","2020-04-23",,,,,,,,,,,,,,,,,,,,,,,,,,,,,,,,,,,,,,,,,,,,,,,,
"19882167-31d8-402d-8c12-ea380556def9","cf66ce29-ee61-4087-9c4d-ade99a6f3d71","DSNY_016.mammalGrid.mam","D03","DSNY","DSNY_016","A9","distributed","pastureHay",28.045236,-81.393101,"WGS84",45.1,19.9,0.1,"1 - trap not set","ShermanLF","2020-04-23","2020-04-23",,,,,,,,,,,,,,,,,,,,,,,,,,,,,,,,,,,,,,,,,,,,,,,,
"e454b189-3ab5-4e27-a4f8-60a99eff5d4c","cf66ce29-ee61-4087-9c4d-ade99a6f3d71","DSNY_016.mammalGrid.mam","D03","DSNY","DSNY_016","C8","distributed","pastureHay",28.045236,-81.393101,"WGS84",45.1,19.9,0.1,"1 - trap not set","ShermanLF","2020-04-23","2020-04-23",,,,,,,,,,,,,,,,,,,,,,,,,,,,,,,,,,,,,,,,,,,,,,,,
"c9ae1c1f-165f-460c-8a9f-c2fbcecd9a30","24c31e89-e9a3-4855-b81f-0c320f9e54ab","DSNY_004.mammalGrid.mam","D03","DSNY","DSNY_004","D1","distributed","woodyWetlands",28.099481,-81.401475,"WGS84",45.1,20.8,0.1,"1 - trap not set","ShermanLF","2020-04-23","2020-04-23",,,,,,,,,,,,,,,,,,,,,,,,,,,,,,,,,,,,,,,,,,,,,,,,
"d1abb7e2-87e9-4201-9ef0-89628edd2631","24c31e89-e9a3-4855-b81f-0c320f9e54ab","DSNY_004.mammalGrid.mam","D03","DSNY","DSNY_004","G5","distributed","woodyWetlands",28.099481,-81.401475,"WGS84",45.1,20.8,0.1,"1 - trap not set","ShermanLF","2020-04-23","2020-04-23",,,,,,,,,,,,,,,,,,,,,,,,,,,,,,,,,,,,,,,,,,,,,,,,
"56b93a56-9f3e-466f-adb6-28c15ce0ab07","ffc5c894-490a-4059-bab6-b3ef382e4940","DSNY_001.mammalGrid.mam","D03","DSNY","DSNY_001","F4","distributed","woodyWetlands",28.097204,-81.417175,"WGS84",45.1,21.1,0.1,"1 - trap not set","ShermanLF","2020-04-23","2020-04-23",,,,,,,,,,,,,,,,,,,,,,,,,,,,,,,,,,,,,,,,,,,,,,,,
"431a08f2-4eea-4ab5-b355-56cf3ea45855","cf66ce29-ee61-4087-9c4d-ade99a6f3d71","DSNY_016.mammalGrid.mam","D03","DSNY","DSNY_016","B8","distributed","pastureHay",28.045236,-81.393101,"WGS84",45.1,19.9,0.1,"1 - trap not set","ShermanLF","2020-04-23","2020-04-23",,,,,,,,,,,,,,,,,,,,,,,,,,,,,,,,,,,,,,,,,,,,,,,,
"d2005a37-c2a8-4b87-ab72-54fc715e6818","e1efd25a-be98-4160-b5ca-8bb6ca7720bd","DSNY_005.mammalGrid.mam","D03","DSNY","DSNY_005","H2","distributed","woodyWetlands",28.039127,-81.391902,"WGS84",45.1,19.7,0.1,"1 - trap not set","ShermanLF","2020-04-23","2020-04-23",,,,,,,,,,,,,,,,,,,,,,,,,,,,,,,,,,,,,,,,,,,,,,,,
"3928d857-2f73-4675-920a-84cc7449adaa","24c31e89-e9a3-4855-b81f-0c320f9e54ab","DSNY_004.mammalGrid.mam","D03","DSNY","DSNY_004","A6","distributed","woodyWetlands",28.099481,-81.401475,"WGS84",45.1,20.8,0.1,"1 - trap not set","ShermanLF","2020-04-23","2020-04-23",,,,,,,,,,,,,,,,,,,,,,,,,,,,,,,,,,,,,,,,,,,,,,,,
"034184d2-26a2-4e6c-bf8b-32526bb6e71e","e1efd25a-be98-4160-b5ca-8bb6ca7720bd","DSNY_005.mammalGrid.mam","D03","DSNY","DSNY_005","G6","distributed","woodyWetlands",28.039127,-81.391902,"WGS84",45.1,19.7,0.1,"1 - trap not set","ShermanLF","2020-04-23","2020-04-23",,,,,,,,,,,,,,,,,,,,,,,,,,,,,,,,,,,,,,,,,,,,,,,,
"ea4e0beb-b849-4778-ae7f-42219f7335d2","ffc5c894-490a-4059-bab6-b3ef382e4940","DSNY_001.mammalGrid.mam","D03","DSNY","DSNY_001","D10","distributed","woodyWetlands",28.097204,-81.417175,"WGS84",45.1,21.1,0.1,"1 - trap not set","ShermanLF","2020-04-23","2020-04-23",,,,,,,,,,,,,,,,,,,,,,,,,,,,,,,,,,,,,,,,,,,,,,,,
"3ccabcf6-ce93-42d2-86d9-2cddb006eb66","ffc5c894-490a-4059-bab6-b3ef382e4940","DSNY_001.mammalGrid.mam","D03","DSNY","DSNY_001","I2","distributed","woodyWetlands",28.097204,-81.417175,"WGS84",45.1,21.1,0.1,"1 - trap not set","ShermanLF","2020-04-23","2020-04-23",,,,,,,,,,,,,,,,,,,,,,,,,,,,,,,,,,,,,,,,,,,,,,,,
"1e59cc78-f346-403d-a8bc-c0cdebb2229e","24c31e89-e9a3-4855-b81f-0c320f9e54ab","DSNY_004.mammalGrid.mam","D03","DSNY","DSNY_004","G6","distributed","woodyWetlands",28.099481,-81.401475,"WGS84",45.1,20.8,0.1,"1 - trap not set","ShermanLF","2020-04-23","2020-04-23",,,,,,,,,,,,,,,,,,,,,,,,,,,,,,,,,,,,,,,,,,,,,,,,
"612e3e18-3025-46bc-92f4-b5ed7d88ee2b","e1efd25a-be98-4160-b5ca-8bb6ca7720bd","DSNY_005.mammalGrid.mam","D03","DSNY","DSNY_005","D9","distributed","woodyWetlands",28.039127,-81.391902,"WGS84",45.1,19.7,0.1,"1 - trap not set","ShermanLF","2020-04-23","2020-04-23",,,,,,,,,,,,,,,,,,,,,,,,,,,,,,,,,,,,,,,,,,,,,,,,
"f63fc3a7-51f6-4367-87e8-2a4a09bf221a","e1efd25a-be98-4160-b5ca-8bb6ca7720bd","DSNY_005.mammalGrid.mam","D03","DSNY","DSNY_005","D10","distributed","woodyWetlands",28.039127,-81.391902,"WGS84",45.1,19.7,0.1,"1 - trap not set","ShermanLF","2020-04-23","2020-04-23",,,,,,,,,,,,,,,,,,,,,,,,,,,,,,,,,,,,,,,,,,,,,,,,
"4aff70bd-947d-41a4-968b-a8261b7bf763","ffc5c894-490a-4059-bab6-b3ef382e4940","DSNY_001.mammalGrid.mam","D03","DSNY","DSNY_001","F10","distributed","woodyWetlands",28.097204,-81.417175,"WGS84",45.1,21.1,0.1,"1 - trap not set","ShermanLF","2020-04-23","2020-04-23",,,,,,,,,,,,,,,,,,,,,,,,,,,,,,,,,,,,,,,,,,,,,,,,
"cb5ff320-1b7c-477c-9116-25f4ef5092a2","e1efd25a-be98-4160-b5ca-8bb6ca7720bd","DSNY_005.mammalGrid.mam","D03","DSNY","DSNY_005","B2","distributed","woodyWetlands",28.039127,-81.391902,"WGS84",45.1,19.7,0.1,"1 - trap not set","ShermanLF","2020-04-23","2020-04-23",,,,,,,,,,,,,,,,,,,,,,,,,,,,,,,,,,,,,,,,,,,,,,,,
"179874c6-1563-4b3e-ac08-7a273fc809c0","24c31e89-e9a3-4855-b81f-0c320f9e54ab","DSNY_004.mammalGrid.mam","D03","DSNY","DSNY_004","A1","distributed","woodyWetlands",28.099481,-81.401475,"WGS84",45.1,20.8,0.1,"1 - trap not set","ShermanLF","2020-04-23","2020-04-23",,,,,,,,,,,,,,,,,,,,,,,,,,,,,,,,,,,,,,,,,,,,,,,,
"c08472df-7577-4b49-bc69-a7475243b82d","24c31e89-e9a3-4855-b81f-0c320f9e54ab","DSNY_004.mammalGrid.mam","D03","DSNY","DSNY_004","B1","distributed","woodyWetlands",28.099481,-81.401475,"WGS84",45.1,20.8,0.1,"1 - trap not set","ShermanLF","2020-04-23","2020-04-23",,,,,,,,,,,,,,,,,,,,,,,,,,,,,,,,,,,,,,,,,,,,,,,,
"e67984dd-59c8-4290-8263-87a273e6af8a","e1efd25a-be98-4160-b5ca-8bb6ca7720bd","DSNY_005.mammalGrid.mam","D03","DSNY","DSNY_005","I9","distributed","woodyWetlands",28.039127,-81.391902,"WGS84",45.1,19.7,0.1,"1 - trap not set","ShermanLF","2020-04-23","2020-04-23",,,,,,,,,,,,,,,,,,,,,,,,,,,,,,,,,,,,,,,,,,,,,,,,
"5c657297-5420-4cd7-9a17-eb633fc418a3","cf66ce29-ee61-4087-9c4d-ade99a6f3d71","DSNY_016.mammalGrid.mam","D03","DSNY","DSNY_016","C3","distributed","pastureHay",28.045236,-81.393101,"WGS84",45.1,19.9,0.1,"1 - trap not set","ShermanLF","2020-04-23","2020-04-23",,,,,,,,,,,,,,,,,,,,,,,,,,,,,,,,,,,,,,,,,,,,,,,,
"6c45782f-524c-45ab-9f75-b337fb8bea7f","cf66ce29-ee61-4087-9c4d-ade99a6f3d71","DSNY_016.mammalGrid.mam","D03","DSNY","DSNY_016","E1","distributed","pastureHay",28.045236,-81.393101,"WGS84",45.1,19.9,0.1,"1 - trap not set","ShermanLF","2020-04-23","2020-04-23",,,,,,,,,,,,,,,,,,,,,,,,,,,,,,,,,,,,,,,,,,,,,,,,
"5255f914-eb9c-4c69-93d3-f3dfe7e561ba","cf66ce29-ee61-4087-9c4d-ade99a6f3d71","DSNY_016.mammalGrid.mam","D03","DSNY","DSNY_016","C1","distributed","pastureHay",28.045236,-81.393101,"WGS84",45.1,19.9,0.1,"1 - trap not set","ShermanLF","2020-04-23","2020-04-23",,,,,,,,,,,,,,,,,,,,,,,,,,,,,,,,,,,,,,,,,,,,,,,,
"f5463a95-45e3-4920-889e-23d361a92043","ffc5c894-490a-4059-bab6-b3ef382e4940","DSNY_001.mammalGrid.mam","D03","DSNY","DSNY_001","C2","distributed","woodyWetlands",28.097204,-81.417175,"WGS84",45.1,21.1,0.1,"1 - trap not set","ShermanLF","2020-04-23","2020-04-23",,,,,,,,,,,,,,,,,,,,,,,,,,,,,,,,,,,,,,,,,,,,,,,,
"c051f2fb-82ec-4086-9cd7-8d695397a37d","ffc5c894-490a-4059-bab6-b3ef382e4940","DSNY_001.mammalGrid.mam","D03","DSNY","DSNY_001","C6","distributed","woodyWetlands",28.097204,-81.417175,"WGS84",45.1,21.1,0.1,"1 - trap not set","ShermanLF","2020-04-23","2020-04-23",,,,,,,,,,,,,,,,,,,,,,,,,,,,,,,,,,,,,,,,,,,,,,,,
"0521110b-ee77-4545-8ad3-f6ee19dc4fde","24c31e89-e9a3-4855-b81f-0c320f9e54ab","DSNY_004.mammalGrid.mam","D03","DSNY","DSNY_004","E8","distributed","woodyWetlands",28.099481,-81.401475,"WGS84",45.1,20.8,0.1,"1 - trap not set","ShermanLF","2020-04-23","2020-04-23",,,,,,,,,,,,,,,,,,,,,,,,,,,,,,,,,,,,,,,,,,,,,,,,
"439e5004-412a-4dfa-9454-febafadb3976","24c31e89-e9a3-4855-b81f-0c320f9e54ab","DSNY_004.mammalGrid.mam","D03","DSNY","DSNY_004","J3","distributed","woodyWetlands",28.099481,-81.401475,"WGS84",45.1,20.8,0.1,"1 - trap not set","ShermanLF","2020-04-23","2020-04-23",,,,,,,,,,,,,,,,,,,,,,,,,,,,,,,,,,,,,,,,,,,,,,,,
"8815adc1-83f4-4bdc-9775-ebdf2aa9ce97","cf66ce29-ee61-4087-9c4d-ade99a6f3d71","DSNY_016.mammalGrid.mam","D03","DSNY","DSNY_016","J3","distributed","pastureHay",28.045236,-81.393101,"WGS84",45.1,19.9,0.1,"1 - trap not set","ShermanLF","2020-04-23","2020-04-23",,,,,,,,,,,,,,,,,,,,,,,,,,,,,,,,,,,,,,,,,,,,,,,,
"f81a9e13-78d9-4410-b339-18e403789a95","e1efd25a-be98-4160-b5ca-8bb6ca7720bd","DSNY_005.mammalGrid.mam","D03","DSNY","DSNY_005","I3","distributed","woodyWetlands",28.039127,-81.391902,"WGS84",45.1,19.7,0.1,"1 - trap not set","ShermanLF","2020-04-23","2020-04-23",,,,,,,,,,,,,,,,,,,,,,,,,,,,,,,,,,,,,,,,,,,,,,,,
"6977555b-78d5-42e9-aca6-8634a4020ce7","e1efd25a-be98-4160-b5ca-8bb6ca7720bd","DSNY_005.mammalGrid.mam","D03","DSNY","DSNY_005","B10","distributed","woodyWetlands",28.039127,-81.391902,"WGS84",45.1,19.7,0.1,"1 - trap not set","ShermanLF","2020-04-23","2020-04-23",,,,,,,,,,,,,,,,,,,,,,,,,,,,,,,,,,,,,,,,,,,,,,,,
"0cac3fff-7299-4c33-a5a6-669e6639a1cc","e1efd25a-be98-4160-b5ca-8bb6ca7720bd","DSNY_005.mammalGrid.mam","D03","DSNY","DSNY_005","E8","distributed","woodyWetlands",28.039127,-81.391902,"WGS84",45.1,19.7,0.1,"1 - trap not set","ShermanLF","2020-04-23","2020-04-23",,,,,,,,,,,,,,,,,,,,,,,,,,,,,,,,,,,,,,,,,,,,,,,,
"4c0232f2-a36e-49ad-a8c4-b637a67eaba2","cf66ce29-ee61-4087-9c4d-ade99a6f3d71","DSNY_016.mammalGrid.mam","D03","DSNY","DSNY_016","H3","distributed","pastureHay",28.045236,-81.393101,"WGS84",45.1,19.9,0.1,"1 - trap not set","ShermanLF","2020-04-23","2020-04-23",,,,,,,,,,,,,,,,,,,,,,,,,,,,,,,,,,,,,,,,,,,,,,,,
"81019e95-d56d-493c-acc7-2bd03554b312","ffc5c894-490a-4059-bab6-b3ef382e4940","DSNY_001.mammalGrid.mam","D03","DSNY","DSNY_001","E10","distributed","woodyWetlands",28.097204,-81.417175,"WGS84",45.1,21.1,0.1,"1 - trap not set","ShermanLF","2020-04-23","2020-04-23",,,,,,,,,,,,,,,,,,,,,,,,,,,,,,,,,,,,,,,,,,,,,,,,
"ea0033dc-8043-454b-9b43-9dafe17595d3","cf66ce29-ee61-4087-9c4d-ade99a6f3d71","DSNY_016.mammalGrid.mam","D03","DSNY","DSNY_016","B1","distributed","pastureHay",28.045236,-81.393101,"WGS84",45.1,19.9,0.1,"1 - trap not set","ShermanLF","2020-04-23","2020-04-23",,,,,,,,,,,,,,,,,,,,,,,,,,,,,,,,,,,,,,,,,,,,,,,,
"6985af00-7cd4-4f3c-b427-4c3b38143fa7","cf66ce29-ee61-4087-9c4d-ade99a6f3d71","DSNY_016.mammalGrid.mam","D03","DSNY","DSNY_016","C10","distributed","pastureHay",28.045236,-81.393101,"WGS84",45.1,19.9,0.1,"1 - trap not set","ShermanLF","2020-04-23","2020-04-23",,,,,,,,,,,,,,,,,,,,,,,,,,,,,,,,,,,,,,,,,,,,,,,,
"73670302-25f0-46ed-b6db-e5e7300f8b5d","24c31e89-e9a3-4855-b81f-0c320f9e54ab","DSNY_004.mammalGrid.mam","D03","DSNY","DSNY_004","D8","distributed","woodyWetlands",28.099481,-81.401475,"WGS84",45.1,20.8,0.1,"1 - trap not set","ShermanLF","2020-04-23","2020-04-23",,,,,,,,,,,,,,,,,,,,,,,,,,,,,,,,,,,,,,,,,,,,,,,,
"ee7f3e9a-530a-4e75-909e-1ebef4195474","e1efd25a-be98-4160-b5ca-8bb6ca7720bd","DSNY_005.mammalGrid.mam","D03","DSNY","DSNY_005","G8","distributed","woodyWetlands",28.039127,-81.391902,"WGS84",45.1,19.7,0.1,"1 - trap not set","ShermanLF","2020-04-23","2020-04-23",,,,,,,,,,,,,,,,,,,,,,,,,,,,,,,,,,,,,,,,,,,,,,,,
"39e60700-776a-4040-8408-2112c6c6b12f","e1efd25a-be98-4160-b5ca-8bb6ca7720bd","DSNY_005.mammalGrid.mam","D03","DSNY","DSNY_005","I5","distributed","woodyWetlands",28.039127,-81.391902,"WGS84",45.1,19.7,0.1,"1 - trap not set","ShermanLF","2020-04-23","2020-04-23",,,,,,,,,,,,,,,,,,,,,,,,,,,,,,,,,,,,,,,,,,,,,,,,
"5ff46f30-7835-4aab-8550-f6bf380263f2","e1efd25a-be98-4160-b5ca-8bb6ca7720bd","DSNY_005.mammalGrid.mam","D03","DSNY","DSNY_005","C9","distributed","woodyWetlands",28.039127,-81.391902,"WGS84",45.1,19.7,0.1,"1 - trap not set","ShermanLF","2020-04-23","2020-04-23",,,,,,,,,,,,,,,,,,,,,,,,,,,,,,,,,,,,,,,,,,,,,,,,
"dca9c735-cfd7-4cbc-a3bd-7b37c8f5c80d","24c31e89-e9a3-4855-b81f-0c320f9e54ab","DSNY_004.mammalGrid.mam","D03","DSNY","DSNY_004","G10","distributed","woodyWetlands",28.099481,-81.401475,"WGS84",45.1,20.8,0.1,"1 - trap not set","ShermanLF","2020-04-23","2020-04-23",,,,,,,,,,,,,,,,,,,,,,,,,,,,,,,,,,,,,,,,,,,,,,,,
"bb88f20f-374c-41eb-afa3-c3336f0f8cdc","e1efd25a-be98-4160-b5ca-8bb6ca7720bd","DSNY_005.mammalGrid.mam","D03","DSNY","DSNY_005","F2","distributed","woodyWetlands",28.039127,-81.391902,"WGS84",45.1,19.7,0.1,"1 - trap not set","ShermanLF","2020-04-23","2020-04-23",,,,,,,,,,,,,,,,,,,,,,,,,,,,,,,,,,,,,,,,,,,,,,,,
"b72714bd-cac0-444c-a110-098d4e8c5d78","24c31e89-e9a3-4855-b81f-0c320f9e54ab","DSNY_004.mammalGrid.mam","D03","DSNY","DSNY_004","J1","distributed","woodyWetlands",28.099481,-81.401475,"WGS84",45.1,20.8,0.1,"1 - trap not set","ShermanLF","2020-04-23","2020-04-23",,,,,,,,,,,,,,,,,,,,,,,,,,,,,,,,,,,,,,,,,,,,,,,,
"c26950e0-d4dc-4fe8-8b8e-b03861e93949","cf66ce29-ee61-4087-9c4d-ade99a6f3d71","DSNY_016.mammalGrid.mam","D03","DSNY","DSNY_016","G3","distributed","pastureHay",28.045236,-81.393101,"WGS84",45.1,19.9,0.1,"1 - trap not set","ShermanLF","2020-04-23","2020-04-23",,,,,,,,,,,,,,,,,,,,,,,,,,,,,,,,,,,,,,,,,,,,,,,,
"ffef4588-9a52-4887-b391-e174a281b53d","ffc5c894-490a-4059-bab6-b3ef382e4940","DSNY_001.mammalGrid.mam","D03","DSNY","DSNY_001","A1","distributed","woodyWetlands",28.097204,-81.417175,"WGS84",45.1,21.1,0.1,"1 - trap not set","ShermanLF","2020-04-23","2020-04-23",,,,,,,,,,,,,,,,,,,,,,,,,,,,,,,,,,,,,,,,,,,,,,,,
"41956e2f-53b9-4da4-802b-1a7dbd88984d","cf66ce29-ee61-4087-9c4d-ade99a6f3d71","DSNY_016.mammalGrid.mam","D03","DSNY","DSNY_016","J10","distributed","pastureHay",28.045236,-81.393101,"WGS84",45.1,19.9,0.1,"1 - trap not set","ShermanLF","2020-04-23","2020-04-23",,,,,,,,,,,,,,,,,,,,,,,,,,,,,,,,,,,,,,,,,,,,,,,,
"397a6e82-5f01-4925-a259-e69727f55499","24c31e89-e9a3-4855-b81f-0c320f9e54ab","DSNY_004.mammalGrid.mam","D03","DSNY","DSNY_004","A5","distributed","woodyWetlands",28.099481,-81.401475,"WGS84",45.1,20.8,0.1,"1 - trap not set","ShermanLF","2020-04-23","2020-04-23",,,,,,,,,,,,,,,,,,,,,,,,,,,,,,,,,,,,,,,,,,,,,,,,
"b1f272ca-1adb-4f83-8864-1baf027eaafd","ffc5c894-490a-4059-bab6-b3ef382e4940","DSNY_001.mammalGrid.mam","D03","DSNY","DSNY_001","C1","distributed","woodyWetlands",28.097204,-81.417175,"WGS84",45.1,21.1,0.1,"1 - trap not set","ShermanLF","2020-04-23","2020-04-23",,,,,,,,,,,,,,,,,,,,,,,,,,,,,,,,,,,,,,,,,,,,,,,,
"0ff74505-51bd-49ce-b3b2-d212433eb3f8","cf66ce29-ee61-4087-9c4d-ade99a6f3d71","DSNY_016.mammalGrid.mam","D03","DSNY","DSNY_016","F4","distributed","pastureHay",28.045236,-81.393101,"WGS84",45.1,19.9,0.1,"1 - trap not set","ShermanLF","2020-04-23","2020-04-23",,,,,,,,,,,,,,,,,,,,,,,,,,,,,,,,,,,,,,,,,,,,,,,,
"e1bf96b4-f0ad-49c2-a84e-62f2d24e9667","cf66ce29-ee61-4087-9c4d-ade99a6f3d71","DSNY_016.mammalGrid.mam","D03","DSNY","DSNY_016","H2","distributed","pastureHay",28.045236,-81.393101,"WGS84",45.1,19.9,0.1,"1 - trap not set","ShermanLF","2020-04-23","2020-04-23",,,,,,,,,,,,,,,,,,,,,,,,,,,,,,,,,,,,,,,,,,,,,,,,
"53195595-0a70-4ce6-823a-6a622fb93a1d","24c31e89-e9a3-4855-b81f-0c320f9e54ab","DSNY_004.mammalGrid.mam","D03","DSNY","DSNY_004","H8","distributed","woodyWetlands",28.099481,-81.401475,"WGS84",45.1,20.8,0.1,"1 - trap not set","ShermanLF","2020-04-23","2020-04-23",,,,,,,,,,,,,,,,,,,,,,,,,,,,,,,,,,,,,,,,,,,,,,,,
"f8bc03ad-425f-4415-a6e0-0b1e57f49cf7","ffc5c894-490a-4059-bab6-b3ef382e4940","DSNY_001.mammalGrid.mam","D03","DSNY","DSNY_001","J2","distributed","woodyWetlands",28.097204,-81.417175,"WGS84",45.1,21.1,0.1,"1 - trap not set","ShermanLF","2020-04-23","2020-04-23",,,,,,,,,,,,,,,,,,,,,,,,,,,,,,,,,,,,,,,,,,,,,,,,
"fd884df6-8aeb-48fe-821a-e24fbb0e53a6","ffc5c894-490a-4059-bab6-b3ef382e4940","DSNY_001.mammalGrid.mam","D03","DSNY","DSNY_001","I9","distributed","woodyWetlands",28.097204,-81.417175,"WGS84",45.1,21.1,0.1,"1 - trap not set","ShermanLF","2020-04-23","2020-04-23",,,,,,,,,,,,,,,,,,,,,,,,,,,,,,,,,,,,,,,,,,,,,,,,
"85cbc86c-28a4-4b3e-bed1-56b1dae430d9","24c31e89-e9a3-4855-b81f-0c320f9e54ab","DSNY_004.mammalGrid.mam","D03","DSNY","DSNY_004","B8","distributed","woodyWetlands",28.099481,-81.401475,"WGS84",45.1,20.8,0.1,"1 - trap not set","ShermanLF","2020-04-23","2020-04-23",,,,,,,,,,,,,,,,,,,,,,,,,,,,,,,,,,,,,,,,,,,,,,,,
"ecef5499-eefd-4823-913e-42ea761e7019","e1efd25a-be98-4160-b5ca-8bb6ca7720bd","DSNY_005.mammalGrid.mam","D03","DSNY","DSNY_005","C10","distributed","woodyWetlands",28.039127,-81.391902,"WGS84",45.1,19.7,0.1,"1 - trap not set","ShermanLF","2020-04-23","2020-04-23",,,,,,,,,,,,,,,,,,,,,,,,,,,,,,,,,,,,,,,,,,,,,,,,
"55aa34d9-e0aa-42c6-b557-77ce14729ee2","24c31e89-e9a3-4855-b81f-0c320f9e54ab","DSNY_004.mammalGrid.mam","D03","DSNY","DSNY_004","H1","distributed","woodyWetlands",28.099481,-81.401475,"WGS84",45.1,20.8,0.1,"1 - trap not set","ShermanLF","2020-04-23","2020-04-23",,,,,,,,,,,,,,,,,,,,,,,,,,,,,,,,,,,,,,,,,,,,,,,,
"55024cd4-7d7d-48d7-9b22-cacc463a41e5","24c31e89-e9a3-4855-b81f-0c320f9e54ab","DSNY_004.mammalGrid.mam","D03","DSNY","DSNY_004","C10","distributed","woodyWetlands",28.099481,-81.401475,"WGS84",45.1,20.8,0.1,"1 - trap not set","ShermanLF","2020-04-23","2020-04-23",,,,,,,,,,,,,,,,,,,,,,,,,,,,,,,,,,,,,,,,,,,,,,,,
"e84805a4-9d99-47c5-8096-50193e582a81","ffc5c894-490a-4059-bab6-b3ef382e4940","DSNY_001.mammalGrid.mam","D03","DSNY","DSNY_001","A10","distributed","woodyWetlands",28.097204,-81.417175,"WGS84",45.1,21.1,0.1,"1 - trap not set","ShermanLF","2020-04-23","2020-04-23",,,,,,,,,,,,,,,,,,,,,,,,,,,,,,,,,,,,,,,,,,,,,,,,
"abef393a-987c-4f76-aaf1-56fbc67b21bd","24c31e89-e9a3-4855-b81f-0c320f9e54ab","DSNY_004.mammalGrid.mam","D03","DSNY","DSNY_004","I8","distributed","woodyWetlands",28.099481,-81.401475,"WGS84",45.1,20.8,0.1,"1 - trap not set","ShermanLF","2020-04-23","2020-04-23",,,,,,,,,,,,,,,,,,,,,,,,,,,,,,,,,,,,,,,,,,,,,,,,
"a2762ab1-042a-4972-85cc-1f01e74bd976","e1efd25a-be98-4160-b5ca-8bb6ca7720bd","DSNY_005.mammalGrid.mam","D03","DSNY","DSNY_005","H1","distributed","woodyWetlands",28.039127,-81.391902,"WGS84",45.1,19.7,0.1,"1 - trap not set","ShermanLF","2020-04-23","2020-04-23",,,,,,,,,,,,,,,,,,,,,,,,,,,,,,,,,,,,,,,,,,,,,,,,
"8b0b3a65-f37e-4639-b841-7d2e8d6fae16","cf66ce29-ee61-4087-9c4d-ade99a6f3d71","DSNY_016.mammalGrid.mam","D03","DSNY","DSNY_016","J9","distributed","pastureHay",28.045236,-81.393101,"WGS84",45.1,19.9,0.1,"1 - trap not set","ShermanLF","2020-04-23","2020-04-23",,,,,,,,,,,,,,,,,,,,,,,,,,,,,,,,,,,,,,,,,,,,,,,,
"486b073c-3065-4089-89d5-3e2724cbf047","cf66ce29-ee61-4087-9c4d-ade99a6f3d71","DSNY_016.mammalGrid.mam","D03","DSNY","DSNY_016","B5","distributed","pastureHay",28.045236,-81.393101,"WGS84",45.1,19.9,0.1,"1 - trap not set","ShermanLF","2020-04-23","2020-04-23",,,,,,,,,,,,,,,,,,,,,,,,,,,,,,,,,,,,,,,,,,,,,,,,
"7c559e64-6ad1-42c4-a405-fc2f4d78f108","24c31e89-e9a3-4855-b81f-0c320f9e54ab","DSNY_004.mammalGrid.mam","D03","DSNY","DSNY_004","H3","distributed","woodyWetlands",28.099481,-81.401475,"WGS84",45.1,20.8,0.1,"1 - trap not set","ShermanLF","2020-04-23","2020-04-23",,,,,,,,,,,,,,,,,,,,,,,,,,,,,,,,,,,,,,,,,,,,,,,,
"234d2f26-b8a4-4146-be98-6c0123bef4b7","ffc5c894-490a-4059-bab6-b3ef382e4940","DSNY_001.mammalGrid.mam","D03","DSNY","DSNY_001","H8","distributed","woodyWetlands",28.097204,-81.417175,"WGS84",45.1,21.1,0.1,"1 - trap not set","ShermanLF","2020-04-23","2020-04-23",,,,,,,,,,,,,,,,,,,,,,,,,,,,,,,,,,,,,,,,,,,,,,,,
"284760aa-3bd4-4dfc-bff9-675d5c260e69","ffc5c894-490a-4059-bab6-b3ef382e4940","DSNY_001.mammalGrid.mam","D03","DSNY","DSNY_001","G5","distributed","woodyWetlands",28.097204,-81.417175,"WGS84",45.1,21.1,0.1,"1 - trap not set","ShermanLF","2020-04-23","2020-04-23",,,,,,,,,,,,,,,,,,,,,,,,,,,,,,,,,,,,,,,,,,,,,,,,
"e54cbc5c-d968-4bba-92e6-a465cd801b4a","e1efd25a-be98-4160-b5ca-8bb6ca7720bd","DSNY_005.mammalGrid.mam","D03","DSNY","DSNY_005","B3","distributed","woodyWetlands",28.039127,-81.391902,"WGS84",45.1,19.7,0.1,"1 - trap not set","ShermanLF","2020-04-23","2020-04-23",,,,,,,,,,,,,,,,,,,,,,,,,,,,,,,,,,,,,,,,,,,,,,,,
"81501d57-df56-47c3-a1b0-9feb32b767a3","cf66ce29-ee61-4087-9c4d-ade99a6f3d71","DSNY_016.mammalGrid.mam","D03","DSNY","DSNY_016","A6","distributed","pastureHay",28.045236,-81.393101,"WGS84",45.1,19.9,0.1,"1 - trap not set","ShermanLF","2020-04-23","2020-04-23",,,,,,,,,,,,,,,,,,,,,,,,,,,,,,,,,,,,,,,,,,,,,,,,
"d261573a-f3bb-41e9-b6f5-3d1261c6acda","e1efd25a-be98-4160-b5ca-8bb6ca7720bd","DSNY_005.mammalGrid.mam","D03","DSNY","DSNY_005","D4","distributed","woodyWetlands",28.039127,-81.391902,"WGS84",45.1,19.7,0.1,"1 - trap not set","ShermanLF","2020-04-23","2020-04-23",,,,,,,,,,,,,,,,,,,,,,,,,,,,,,,,,,,,,,,,,,,,,,,,
"1660e66a-aa97-4aa3-8512-ce7709c91df4","cf66ce29-ee61-4087-9c4d-ade99a6f3d71","DSNY_016.mammalGrid.mam","D03","DSNY","DSNY_016","H4","distributed","pastureHay",28.045236,-81.393101,"WGS84",45.1,19.9,0.1,"1 - trap not set","ShermanLF","2020-04-23","2020-04-23",,,,,,,,,,,,,,,,,,,,,,,,,,,,,,,,,,,,,,,,,,,,,,,,
"e78dbee7-501f-4558-b826-998c23a8c1e6","cf66ce29-ee61-4087-9c4d-ade99a6f3d71","DSNY_016.mammalGrid.mam","D03","DSNY","DSNY_016","D2","distributed","pastureHay",28.045236,-81.393101,"WGS84",45.1,19.9,0.1,"1 - trap not set","ShermanLF","2020-04-23","2020-04-23",,,,,,,,,,,,,,,,,,,,,,,,,,,,,,,,,,,,,,,,,,,,,,,,
"fba6f81f-5839-4b56-9621-220cf3df29b8","e1efd25a-be98-4160-b5ca-8bb6ca7720bd","DSNY_005.mammalGrid.mam","D03","DSNY","DSNY_005","G2","distributed","woodyWetlands",28.039127,-81.391902,"WGS84",45.1,19.7,0.1,"1 - trap not set","ShermanLF","2020-04-23","2020-04-23",,,,,,,,,,,,,,,,,,,,,,,,,,,,,,,,,,,,,,,,,,,,,,,,
"788a11a1-13e5-49da-ad74-ffdc9a133948","ffc5c894-490a-4059-bab6-b3ef382e4940","DSNY_001.mammalGrid.mam","D03","DSNY","DSNY_001","B9","distributed","woodyWetlands",28.097204,-81.417175,"WGS84",45.1,21.1,0.1,"1 - trap not set","ShermanLF","2020-04-23","2020-04-23",,,,,,,,,,,,,,,,,,,,,,,,,,,,,,,,,,,,,,,,,,,,,,,,
"50618e37-4481-4ae5-986e-321e16338d46","e1efd25a-be98-4160-b5ca-8bb6ca7720bd","DSNY_005.mammalGrid.mam","D03","DSNY","DSNY_005","G5","distributed","woodyWetlands",28.039127,-81.391902,"WGS84",45.1,19.7,0.1,"1 - trap not set","ShermanLF","2020-04-23","2020-04-23",,,,,,,,,,,,,,,,,,,,,,,,,,,,,,,,,,,,,,,,,,,,,,,,
"3c8169fb-6dd0-4fcd-b4e2-1e5dd9f7cdd7","e1efd25a-be98-4160-b5ca-8bb6ca7720bd","DSNY_005.mammalGrid.mam","D03","DSNY","DSNY_005","A9","distributed","woodyWetlands",28.039127,-81.391902,"WGS84",45.1,19.7,0.1,"1 - trap not set","ShermanLF","2020-04-23","2020-04-23",,,,,,,,,,,,,,,,,,,,,,,,,,,,,,,,,,,,,,,,,,,,,,,,
"72ec8706-3445-4a00-a177-ee70781c1421","ffc5c894-490a-4059-bab6-b3ef382e4940","DSNY_001.mammalGrid.mam","D03","DSNY","DSNY_001","E1","distributed","woodyWetlands",28.097204,-81.417175,"WGS84",45.1,21.1,0.1,"1 - trap not set","ShermanLF","2020-04-23","2020-04-23",,,,,,,,,,,,,,,,,,,,,,,,,,,,,,,,,,,,,,,,,,,,,,,,
"96cd3fe6-9c98-4f5f-bf68-cb2f1cdf80ba","ffc5c894-490a-4059-bab6-b3ef382e4940","DSNY_001.mammalGrid.mam","D03","DSNY","DSNY_001","C7","distributed","woodyWetlands",28.097204,-81.417175,"WGS84",45.1,21.1,0.1,"1 - trap not set","ShermanLF","2020-04-23","2020-04-23",,,,,,,,,,,,,,,,,,,,,,,,,,,,,,,,,,,,,,,,,,,,,,,,
"9cdb511f-3443-4123-ade3-b47d29c5123a","e1efd25a-be98-4160-b5ca-8bb6ca7720bd","DSNY_005.mammalGrid.mam","D03","DSNY","DSNY_005","G1","distributed","woodyWetlands",28.039127,-81.391902,"WGS84",45.1,19.7,0.1,"1 - trap not set","ShermanLF","2020-04-23","2020-04-23",,,,,,,,,,,,,,,,,,,,,,,,,,,,,,,,,,,,,,,,,,,,,,,,
"52d2e57b-118a-4961-bbec-b256d8999778","ffc5c894-490a-4059-bab6-b3ef382e4940","DSNY_001.mammalGrid.mam","D03","DSNY","DSNY_001","J3","distributed","woodyWetlands",28.097204,-81.417175,"WGS84",45.1,21.1,0.1,"1 - trap not set","ShermanLF","2020-04-23","2020-04-23",,,,,,,,,,,,,,,,,,,,,,,,,,,,,,,,,,,,,,,,,,,,,,,,
"93d7bcd1-562a-4cb0-9a00-e211517ef07a","24c31e89-e9a3-4855-b81f-0c320f9e54ab","DSNY_004.mammalGrid.mam","D03","DSNY","DSNY_004","E2","distributed","woodyWetlands",28.099481,-81.401475,"WGS84",45.1,20.8,0.1,"1 - trap not set","ShermanLF","2020-04-23","2020-04-23",,,,,,,,,,,,,,,,,,,,,,,,,,,,,,,,,,,,,,,,,,,,,,,,
"f45215d9-bbdc-4d13-bb1d-cd7363783b95","e1efd25a-be98-4160-b5ca-8bb6ca7720bd","DSNY_005.mammalGrid.mam","D03","DSNY","DSNY_005","I2","distributed","woodyWetlands",28.039127,-81.391902,"WGS84",45.1,19.7,0.1,"1 - trap not set","ShermanLF","2020-04-23","2020-04-23",,,,,,,,,,,,,,,,,,,,,,,,,,,,,,,,,,,,,,,,,,,,,,,,
"2dd2c2e1-f22a-4503-ab89-7edc8dbb88b6","e1efd25a-be98-4160-b5ca-8bb6ca7720bd","DSNY_005.mammalGrid.mam","D03","DSNY","DSNY_005","G9","distributed","woodyWetlands",28.039127,-81.391902,"WGS84",45.1,19.7,0.1,"1 - trap not set","ShermanLF","2020-04-23","2020-04-23",,,,,,,,,,,,,,,,,,,,,,,,,,,,,,,,,,,,,,,,,,,,,,,,
"0fc772c8-fe3c-48b9-9865-7b90ec3d4fcc","e1efd25a-be98-4160-b5ca-8bb6ca7720bd","DSNY_005.mammalGrid.mam","D03","DSNY","DSNY_005","H5","distributed","woodyWetlands",28.039127,-81.391902,"WGS84",45.1,19.7,0.1,"1 - trap not set","ShermanLF","2020-04-23","2020-04-23",,,,,,,,,,,,,,,,,,,,,,,,,,,,,,,,,,,,,,,,,,,,,,,,
"ba7fabc6-f006-4080-b508-bb09d883e8bb","cf66ce29-ee61-4087-9c4d-ade99a6f3d71","DSNY_016.mammalGrid.mam","D03","DSNY","DSNY_016","D7","distributed","pastureHay",28.045236,-81.393101,"WGS84",45.1,19.9,0.1,"1 - trap not set","ShermanLF","2020-04-23","2020-04-23",,,,,,,,,,,,,,,,,,,,,,,,,,,,,,,,,,,,,,,,,,,,,,,,
"600e29be-05c6-42ff-be7d-98c96044588b","e1efd25a-be98-4160-b5ca-8bb6ca7720bd","DSNY_005.mammalGrid.mam","D03","DSNY","DSNY_005","A7","distributed","woodyWetlands",28.039127,-81.391902,"WGS84",45.1,19.7,0.1,"1 - trap not set","ShermanLF","2020-04-23","2020-04-23",,,,,,,,,,,,,,,,,,,,,,,,,,,,,,,,,,,,,,,,,,,,,,,,
"585b49f2-d59d-4885-b68a-043eaaae2f97","24c31e89-e9a3-4855-b81f-0c320f9e54ab","DSNY_004.mammalGrid.mam","D03","DSNY","DSNY_004","I4","distributed","woodyWetlands",28.099481,-81.401475,"WGS84",45.1,20.8,0.1,"1 - trap not set","ShermanLF","2020-04-23","2020-04-23",,,,,,,,,,,,,,,,,,,,,,,,,,,,,,,,,,,,,,,,,,,,,,,,
"6dd26a95-1a01-4b00-919a-5af5a7ccda65","24c31e89-e9a3-4855-b81f-0c320f9e54ab","DSNY_004.mammalGrid.mam","D03","DSNY","DSNY_004","E4","distributed","woodyWetlands",28.099481,-81.401475,"WGS84",45.1,20.8,0.1,"1 - trap not set","ShermanLF","2020-04-23","2020-04-23",,,,,,,,,,,,,,,,,,,,,,,,,,,,,,,,,,,,,,,,,,,,,,,,
"2eb5fe4d-2e2b-45ec-9151-624349e69c90","e1efd25a-be98-4160-b5ca-8bb6ca7720bd","DSNY_005.mammalGrid.mam","D03","DSNY","DSNY_005","J4","distributed","woodyWetlands",28.039127,-81.391902,"WGS84",45.1,19.7,0.1,"1 - trap not set","ShermanLF","2020-04-23","2020-04-23",,,,,,,,,,,,,,,,,,,,,,,,,,,,,,,,,,,,,,,,,,,,,,,,
"bc67cc1a-43e4-4670-a65f-697bc8e92d78","24c31e89-e9a3-4855-b81f-0c320f9e54ab","DSNY_004.mammalGrid.mam","D03","DSNY","DSNY_004","A7","distributed","woodyWetlands",28.099481,-81.401475,"WGS84",45.1,20.8,0.1,"1 - trap not set","ShermanLF","2020-04-23","2020-04-23",,,,,,,,,,,,,,,,,,,,,,,,,,,,,,,,,,,,,,,,,,,,,,,,
"ef8c9b10-bb68-4444-8781-18b0906c2297","24c31e89-e9a3-4855-b81f-0c320f9e54ab","DSNY_004.mammalGrid.mam","D03","DSNY","DSNY_004","I3","distributed","woodyWetlands",28.099481,-81.401475,"WGS84",45.1,20.8,0.1,"1 - trap not set","ShermanLF","2020-04-23","2020-04-23",,,,,,,,,,,,,,,,,,,,,,,,,,,,,,,,,,,,,,,,,,,,,,,,
"1f469f7e-441e-4c3f-b26a-b12cef5e4db0","e1efd25a-be98-4160-b5ca-8bb6ca7720bd","DSNY_005.mammalGrid.mam","D03","DSNY","DSNY_005","H9","distributed","woodyWetlands",28.039127,-81.391902,"WGS84",45.1,19.7,0.1,"1 - trap not set","ShermanLF","2020-04-23","2020-04-23",,,,,,,,,,,,,,,,,,,,,,,,,,,,,,,,,,,,,,,,,,,,,,,,
"4cc65955-fbca-4ae7-888a-a07ef3be8561","e1efd25a-be98-4160-b5ca-8bb6ca7720bd","DSNY_005.mammalGrid.mam","D03","DSNY","DSNY_005","F8","distributed","woodyWetlands",28.039127,-81.391902,"WGS84",45.1,19.7,0.1,"1 - trap not set","ShermanLF","2020-04-23","2020-04-23",,,,,,,,,,,,,,,,,,,,,,,,,,,,,,,,,,,,,,,,,,,,,,,,
"36015836-b474-4433-894e-949ea542c483","ffc5c894-490a-4059-bab6-b3ef382e4940","DSNY_001.mammalGrid.mam","D03","DSNY","DSNY_001","E2","distributed","woodyWetlands",28.097204,-81.417175,"WGS84",45.1,21.1,0.1,"1 - trap not set","ShermanLF","2020-04-23","2020-04-23",,,,,,,,,,,,,,,,,,,,,,,,,,,,,,,,,,,,,,,,,,,,,,,,
"fb09d283-866f-4c54-927f-6f541eef29c2","e1efd25a-be98-4160-b5ca-8bb6ca7720bd","DSNY_005.mammalGrid.mam","D03","DSNY","DSNY_005","F10","distributed","woodyWetlands",28.039127,-81.391902,"WGS84",45.1,19.7,0.1,"1 - trap not set","ShermanLF","2020-04-23","2020-04-23",,,,,,,,,,,,,,,,,,,,,,,,,,,,,,,,,,,,,,,,,,,,,,,,
"9ba27ccd-f881-432d-b941-b04c27e02b2c","cf66ce29-ee61-4087-9c4d-ade99a6f3d71","DSNY_016.mammalGrid.mam","D03","DSNY","DSNY_016","G9","distributed","pastureHay",28.045236,-81.393101,"WGS84",45.1,19.9,0.1,"1 - trap not set","ShermanLF","2020-04-23","2020-04-23",,,,,,,,,,,,,,,,,,,,,,,,,,,,,,,,,,,,,,,,,,,,,,,,
"020cc35f-0c99-4dd2-94a9-b574168eb826","cf66ce29-ee61-4087-9c4d-ade99a6f3d71","DSNY_016.mammalGrid.mam","D03","DSNY","DSNY_016","G2","distributed","pastureHay",28.045236,-81.393101,"WGS84",45.1,19.9,0.1,"1 - trap not set","ShermanLF","2020-04-23","2020-04-23",,,,,,,,,,,,,,,,,,,,,,,,,,,,,,,,,,,,,,,,,,,,,,,,
"c462d8ea-d3c5-4a19-9d0d-3d6709957c5e","24c31e89-e9a3-4855-b81f-0c320f9e54ab","DSNY_004.mammalGrid.mam","D03","DSNY","DSNY_004","A4","distributed","woodyWetlands",28.099481,-81.401475,"WGS84",45.1,20.8,0.1,"1 - trap not set","ShermanLF","2020-04-23","2020-04-23",,,,,,,,,,,,,,,,,,,,,,,,,,,,,,,,,,,,,,,,,,,,,,,,
"439fab28-432f-4582-b1f4-7376fdc49cca","e1efd25a-be98-4160-b5ca-8bb6ca7720bd","DSNY_005.mammalGrid.mam","D03","DSNY","DSNY_005","D7","distributed","woodyWetlands",28.039127,-81.391902,"WGS84",45.1,19.7,0.1,"1 - trap not set","ShermanLF","2020-04-23","2020-04-23",,,,,,,,,,,,,,,,,,,,,,,,,,,,,,,,,,,,,,,,,,,,,,,,
"358c5bc9-41a8-4775-a075-efc1204d1bd5","ffc5c894-490a-4059-bab6-b3ef382e4940","DSNY_001.mammalGrid.mam","D03","DSNY","DSNY_001","B4","distributed","woodyWetlands",28.097204,-81.417175,"WGS84",45.1,21.1,0.1,"1 - trap not set","ShermanLF","2020-04-23","2020-04-23",,,,,,,,,,,,,,,,,,,,,,,,,,,,,,,,,,,,,,,,,,,,,,,,
"cfe3a5ec-7283-4b72-9170-76605da482c7","ffc5c894-490a-4059-bab6-b3ef382e4940","DSNY_001.mammalGrid.mam","D03","DSNY","DSNY_001","C3","distributed","woodyWetlands",28.097204,-81.417175,"WGS84",45.1,21.1,0.1,"1 - trap not set","ShermanLF","2020-04-23","2020-04-23",,,,,,,,,,,,,,,,,,,,,,,,,,,,,,,,,,,,,,,,,,,,,,,,
"fe67935e-4134-42bb-a067-b4e3c41db556","cf66ce29-ee61-4087-9c4d-ade99a6f3d71","DSNY_016.mammalGrid.mam","D03","DSNY","DSNY_016","F7","distributed","pastureHay",28.045236,-81.393101,"WGS84",45.1,19.9,0.1,"1 - trap not set","ShermanLF","2020-04-23","2020-04-23",,,,,,,,,,,,,,,,,,,,,,,,,,,,,,,,,,,,,,,,,,,,,,,,
"a4ea70c7-d8b4-4c6c-911b-5e714bb64cd8","24c31e89-e9a3-4855-b81f-0c320f9e54ab","DSNY_004.mammalGrid.mam","D03","DSNY","DSNY_004","C6","distributed","woodyWetlands",28.099481,-81.401475,"WGS84",45.1,20.8,0.1,"1 - trap not set","ShermanLF","2020-04-23","2020-04-23",,,,,,,,,,,,,,,,,,,,,,,,,,,,,,,,,,,,,,,,,,,,,,,,
"ba913643-70ba-4728-8538-adf3d411f827","e1efd25a-be98-4160-b5ca-8bb6ca7720bd","DSNY_005.mammalGrid.mam","D03","DSNY","DSNY_005","H6","distributed","woodyWetlands",28.039127,-81.391902,"WGS84",45.1,19.7,0.1,"1 - trap not set","ShermanLF","2020-04-23","2020-04-23",,,,,,,,,,,,,,,,,,,,,,,,,,,,,,,,,,,,,,,,,,,,,,,,
"0e2474df-fe6a-415c-81f7-b47fa8e773dd","e1efd25a-be98-4160-b5ca-8bb6ca7720bd","DSNY_005.mammalGrid.mam","D03","DSNY","DSNY_005","C6","distributed","woodyWetlands",28.039127,-81.391902,"WGS84",45.1,19.7,0.1,"1 - trap not set","ShermanLF","2020-04-23","2020-04-23",,,,,,,,,,,,,,,,,,,,,,,,,,,,,,,,,,,,,,,,,,,,,,,,
"df2d60f7-2c7d-4db1-bc99-27deb0193061","24c31e89-e9a3-4855-b81f-0c320f9e54ab","DSNY_004.mammalGrid.mam","D03","DSNY","DSNY_004","H10","distributed","woodyWetlands",28.099481,-81.401475,"WGS84",45.1,20.8,0.1,"1 - trap not set","ShermanLF","2020-04-23","2020-04-23",,,,,,,,,,,,,,,,,,,,,,,,,,,,,,,,,,,,,,,,,,,,,,,,
"228760f5-06f5-4e85-a153-4cc541f03fa8","24c31e89-e9a3-4855-b81f-0c320f9e54ab","DSNY_004.mammalGrid.mam","D03","DSNY","DSNY_004","C4","distributed","woodyWetlands",28.099481,-81.401475,"WGS84",45.1,20.8,0.1,"1 - trap not set","ShermanLF","2020-04-23","2020-04-23",,,,,,,,,,,,,,,,,,,,,,,,,,,,,,,,,,,,,,,,,,,,,,,,
"f7cc22d5-09cc-4657-85ee-22fea3744227","24c31e89-e9a3-4855-b81f-0c320f9e54ab","DSNY_004.mammalGrid.mam","D03","DSNY","DSNY_004","D9","distributed","woodyWetlands",28.099481,-81.401475,"WGS84",45.1,20.8,0.1,"1 - trap not set","ShermanLF","2020-04-23","2020-04-23",,,,,,,,,,,,,,,,,,,,,,,,,,,,,,,,,,,,,,,,,,,,,,,,
"37839b39-a022-4f69-8c58-1b6dec72f276","ffc5c894-490a-4059-bab6-b3ef382e4940","DSNY_001.mammalGrid.mam","D03","DSNY","DSNY_001","G4","distributed","woodyWetlands",28.097204,-81.417175,"WGS84",45.1,21.1,0.1,"1 - trap not set","ShermanLF","2020-04-23","2020-04-23",,,,,,,,,,,,,,,,,,,,,,,,,,,,,,,,,,,,,,,,,,,,,,,,
"a4a469cd-22a7-4ff7-9d13-968b16847260","cf66ce29-ee61-4087-9c4d-ade99a6f3d71","DSNY_016.mammalGrid.mam","D03","DSNY","DSNY_016","F9","distributed","pastureHay",28.045236,-81.393101,"WGS84",45.1,19.9,0.1,"1 - trap not set","ShermanLF","2020-04-23","2020-04-23",,,,,,,,,,,,,,,,,,,,,,,,,,,,,,,,,,,,,,,,,,,,,,,,
"67b8fd57-bb0d-43d9-8400-62dae7da4d8d","ffc5c894-490a-4059-bab6-b3ef382e4940","DSNY_001.mammalGrid.mam","D03","DSNY","DSNY_001","F3","distributed","woodyWetlands",28.097204,-81.417175,"WGS84",45.1,21.1,0.1,"1 - trap not set","ShermanLF","2020-04-23","2020-04-23",,,,,,,,,,,,,,,,,,,,,,,,,,,,,,,,,,,,,,,,,,,,,,,,
"2e14c4a9-a767-4eab-9469-f44ae7b03a67","24c31e89-e9a3-4855-b81f-0c320f9e54ab","DSNY_004.mammalGrid.mam","D03","DSNY","DSNY_004","J8","distributed","woodyWetlands",28.099481,-81.401475,"WGS84",45.1,20.8,0.1,"1 - trap not set","ShermanLF","2020-04-23","2020-04-23",,,,,,,,,,,,,,,,,,,,,,,,,,,,,,,,,,,,,,,,,,,,,,,,
"a8ac4764-6d28-4042-92f1-4fc3d4d8e277","ffc5c894-490a-4059-bab6-b3ef382e4940","DSNY_001.mammalGrid.mam","D03","DSNY","DSNY_001","B7","distributed","woodyWetlands",28.097204,-81.417175,"WGS84",45.1,21.1,0.1,"1 - trap not set","ShermanLF","2020-04-23","2020-04-23",,,,,,,,,,,,,,,,,,,,,,,,,,,,,,,,,,,,,,,,,,,,,,,,
"2940c707-940d-4b4f-8b4d-64ddc31eda52","cf66ce29-ee61-4087-9c4d-ade99a6f3d71","DSNY_016.mammalGrid.mam","D03","DSNY","DSNY_016","C5","distributed","pastureHay",28.045236,-81.393101,"WGS84",45.1,19.9,0.1,"1 - trap not set","ShermanLF","2020-04-23","2020-04-23",,,,,,,,,,,,,,,,,,,,,,,,,,,,,,,,,,,,,,,,,,,,,,,,
"93b204b5-8f7e-4dad-b6e7-6ef45f31f1a6","24c31e89-e9a3-4855-b81f-0c320f9e54ab","DSNY_004.mammalGrid.mam","D03","DSNY","DSNY_004","F7","distributed","woodyWetlands",28.099481,-81.401475,"WGS84",45.1,20.8,0.1,"1 - trap not set","ShermanLF","2020-04-23","2020-04-23",,,,,,,,,,,,,,,,,,,,,,,,,,,,,,,,,,,,,,,,,,,,,,,,
"66eaa9c2-5edf-4afd-ad37-3778077987b9","e1efd25a-be98-4160-b5ca-8bb6ca7720bd","DSNY_005.mammalGrid.mam","D03","DSNY","DSNY_005","J10","distributed","woodyWetlands",28.039127,-81.391902,"WGS84",45.1,19.7,0.1,"1 - trap not set","ShermanLF","2020-04-23","2020-04-23",,,,,,,,,,,,,,,,,,,,,,,,,,,,,,,,,,,,,,,,,,,,,,,,
"632ddfba-415e-4d68-9cf7-67e3817a2a81","cf66ce29-ee61-4087-9c4d-ade99a6f3d71","DSNY_016.mammalGrid.mam","D03","DSNY","DSNY_016","D6","distributed","pastureHay",28.045236,-81.393101,"WGS84",45.1,19.9,0.1,"1 - trap not set","ShermanLF","2020-04-23","2020-04-23",,,,,,,,,,,,,,,,,,,,,,,,,,,,,,,,,,,,,,,,,,,,,,,,
"2f87e7ef-45ee-417e-b80d-e9a921cd159f","24c31e89-e9a3-4855-b81f-0c320f9e54ab","DSNY_004.mammalGrid.mam","D03","DSNY","DSNY_004","B2","distributed","woodyWetlands",28.099481,-81.401475,"WGS84",45.1,20.8,0.1,"1 - trap not set","ShermanLF","2020-04-23","2020-04-23",,,,,,,,,,,,,,,,,,,,,,,,,,,,,,,,,,,,,,,,,,,,,,,,
"6f37a052-6203-4c5b-8482-e53292ad8653","24c31e89-e9a3-4855-b81f-0c320f9e54ab","DSNY_004.mammalGrid.mam","D03","DSNY","DSNY_004","B6","distributed","woodyWetlands",28.099481,-81.401475,"WGS84",45.1,20.8,0.1,"1 - trap not set","ShermanLF","2020-04-23","2020-04-23",,,,,,,,,,,,,,,,,,,,,,,,,,,,,,,,,,,,,,,,,,,,,,,,
"873fed68-587b-42b8-8cc6-dc3fe8ba8dda","e1efd25a-be98-4160-b5ca-8bb6ca7720bd","DSNY_005.mammalGrid.mam","D03","DSNY","DSNY_005","G4","distributed","woodyWetlands",28.039127,-81.391902,"WGS84",45.1,19.7,0.1,"1 - trap not set","ShermanLF","2020-04-23","2020-04-23",,,,,,,,,,,,,,,,,,,,,,,,,,,,,,,,,,,,,,,,,,,,,,,,
"1f35e4c6-47ad-4642-88c7-df105db41646","cf66ce29-ee61-4087-9c4d-ade99a6f3d71","DSNY_016.mammalGrid.mam","D03","DSNY","DSNY_016","E5","distributed","pastureHay",28.045236,-81.393101,"WGS84",45.1,19.9,0.1,"1 - trap not set","ShermanLF","2020-04-23","2020-04-23",,,,,,,,,,,,,,,,,,,,,,,,,,,,,,,,,,,,,,,,,,,,,,,,
"75564ae6-e8e9-4f2d-b9bc-f7e2d9bd4003","cf66ce29-ee61-4087-9c4d-ade99a6f3d71","DSNY_016.mammalGrid.mam","D03","DSNY","DSNY_016","B9","distributed","pastureHay",28.045236,-81.393101,"WGS84",45.1,19.9,0.1,"1 - trap not set","ShermanLF","2020-04-23","2020-04-23",,,,,,,,,,,,,,,,,,,,,,,,,,,,,,,,,,,,,,,,,,,,,,,,
"51315e48-2047-4272-ba85-2eae4553e3f3","24c31e89-e9a3-4855-b81f-0c320f9e54ab","DSNY_004.mammalGrid.mam","D03","DSNY","DSNY_004","I7","distributed","woodyWetlands",28.099481,-81.401475,"WGS84",45.1,20.8,0.1,"1 - trap not set","ShermanLF","2020-04-23","2020-04-23",,,,,,,,,,,,,,,,,,,,,,,,,,,,,,,,,,,,,,,,,,,,,,,,
"e1b4b940-7355-4921-b19c-0dc50f178c00","ffc5c894-490a-4059-bab6-b3ef382e4940","DSNY_001.mammalGrid.mam","D03","DSNY","DSNY_001","J1","distributed","woodyWetlands",28.097204,-81.417175,"WGS84",45.1,21.1,0.1,"1 - trap not set","ShermanLF","2020-04-23","2020-04-23",,,,,,,,,,,,,,,,,,,,,,,,,,,,,,,,,,,,,,,,,,,,,,,,
"efe8bf26-cd88-4308-915c-d42f2bb8dd1e","24c31e89-e9a3-4855-b81f-0c320f9e54ab","DSNY_004.mammalGrid.mam","D03","DSNY","DSNY_004","B7","distributed","woodyWetlands",28.099481,-81.401475,"WGS84",45.1,20.8,0.1,"1 - trap not set","ShermanLF","2020-04-23","2020-04-23",,,,,,,,,,,,,,,,,,,,,,,,,,,,,,,,,,,,,,,,,,,,,,,,
"5001e0ae-23ce-461b-ad43-0bf5b97d24f4","ffc5c894-490a-4059-bab6-b3ef382e4940","DSNY_001.mammalGrid.mam","D03","DSNY","DSNY_001","G8","distributed","woodyWetlands",28.097204,-81.417175,"WGS84",45.1,21.1,0.1,"1 - trap not set","ShermanLF","2020-04-23","2020-04-23",,,,,,,,,,,,,,,,,,,,,,,,,,,,,,,,,,,,,,,,,,,,,,,,
"fa6fc3ba-61eb-403d-a8f9-e3310a32dec8","24c31e89-e9a3-4855-b81f-0c320f9e54ab","DSNY_004.mammalGrid.mam","D03","DSNY","DSNY_004","D3","distributed","woodyWetlands",28.099481,-81.401475,"WGS84",45.1,20.8,0.1,"1 - trap not set","ShermanLF","2020-04-23","2020-04-23",,,,,,,,,,,,,,,,,,,,,,,,,,,,,,,,,,,,,,,,,,,,,,,,
"10cd3bf4-fc30-4642-8834-d8b62fb3c351","cf66ce29-ee61-4087-9c4d-ade99a6f3d71","DSNY_016.mammalGrid.mam","D03","DSNY","DSNY_016","G1","distributed","pastureHay",28.045236,-81.393101,"WGS84",45.1,19.9,0.1,"1 - trap not set","ShermanLF","2020-04-23","2020-04-23",,,,,,,,,,,,,,,,,,,,,,,,,,,,,,,,,,,,,,,,,,,,,,,,
"0dd9ba2f-c8a2-42eb-8a52-6c805989be8b","cf66ce29-ee61-4087-9c4d-ade99a6f3d71","DSNY_016.mammalGrid.mam","D03","DSNY","DSNY_016","A10","distributed","pastureHay",28.045236,-81.393101,"WGS84",45.1,19.9,0.1,"1 - trap not set","ShermanLF","2020-04-23","2020-04-23",,,,,,,,,,,,,,,,,,,,,,,,,,,,,,,,,,,,,,,,,,,,,,,,
"9428617a-9173-4b50-9fe6-daa62ff11586","ffc5c894-490a-4059-bab6-b3ef382e4940","DSNY_001.mammalGrid.mam","D03","DSNY","DSNY_001","B8","distributed","woodyWetlands",28.097204,-81.417175,"WGS84",45.1,21.1,0.1,"1 - trap not set","ShermanLF","2020-04-23","2020-04-23",,,,,,,,,,,,,,,,,,,,,,,,,,,,,,,,,,,,,,,,,,,,,,,,
"9ffd1021-8066-438d-a9e4-754a166460a3","cf66ce29-ee61-4087-9c4d-ade99a6f3d71","DSNY_016.mammalGrid.mam","D03","DSNY","DSNY_016","G7","distributed","pastureHay",28.045236,-81.393101,"WGS84",45.1,19.9,0.1,"1 - trap not set","ShermanLF","2020-04-23","2020-04-23",,,,,,,,,,,,,,,,,,,,,,,,,,,,,,,,,,,,,,,,,,,,,,,,
"d14ca4fe-b7b1-4683-81a0-a499dbabcb3a","cf66ce29-ee61-4087-9c4d-ade99a6f3d71","DSNY_016.mammalGrid.mam","D03","DSNY","DSNY_016","J8","distributed","pastureHay",28.045236,-81.393101,"WGS84",45.1,19.9,0.1,"1 - trap not set","ShermanLF","2020-04-23","2020-04-23",,,,,,,,,,,,,,,,,,,,,,,,,,,,,,,,,,,,,,,,,,,,,,,,
"ae09befd-d1ca-4814-a645-af1235407fa4","24c31e89-e9a3-4855-b81f-0c320f9e54ab","DSNY_004.mammalGrid.mam","D03","DSNY","DSNY_004","A9","distributed","woodyWetlands",28.099481,-81.401475,"WGS84",45.1,20.8,0.1,"1 - trap not set","ShermanLF","2020-04-23","2020-04-23",,,,,,,,,,,,,,,,,,,,,,,,,,,,,,,,,,,,,,,,,,,,,,,,
"c101f3f6-d4ec-413d-b265-7cfb0b144519","e1efd25a-be98-4160-b5ca-8bb6ca7720bd","DSNY_005.mammalGrid.mam","D03","DSNY","DSNY_005","E4","distributed","woodyWetlands",28.039127,-81.391902,"WGS84",45.1,19.7,0.1,"1 - trap not set","ShermanLF","2020-04-23","2020-04-23",,,,,,,,,,,,,,,,,,,,,,,,,,,,,,,,,,,,,,,,,,,,,,,,
"d9738b1c-63c3-4c4c-8ee1-cabb4f955afa","ffc5c894-490a-4059-bab6-b3ef382e4940","DSNY_001.mammalGrid.mam","D03","DSNY","DSNY_001","E6","distributed","woodyWetlands",28.097204,-81.417175,"WGS84",45.1,21.1,0.1,"1 - trap not set","ShermanLF","2020-04-23","2020-04-23",,,,,,,,,,,,,,,,,,,,,,,,,,,,,,,,,,,,,,,,,,,,,,,,
"924829c9-a820-4497-9b89-89b4a149b3ed","e1efd25a-be98-4160-b5ca-8bb6ca7720bd","DSNY_005.mammalGrid.mam","D03","DSNY","DSNY_005","D2","distributed","woodyWetlands",28.039127,-81.391902,"WGS84",45.1,19.7,0.1,"1 - trap not set","ShermanLF","2020-04-23","2020-04-23",,,,,,,,,,,,,,,,,,,,,,,,,,,,,,,,,,,,,,,,,,,,,,,,
"3784baa6-1757-43db-8c4b-fccccd6252fb","ffc5c894-490a-4059-bab6-b3ef382e4940","DSNY_001.mammalGrid.mam","D03","DSNY","DSNY_001","I8","distributed","woodyWetlands",28.097204,-81.417175,"WGS84",45.1,21.1,0.1,"1 - trap not set","ShermanLF","2020-04-23","2020-04-23",,,,,,,,,,,,,,,,,,,,,,,,,,,,,,,,,,,,,,,,,,,,,,,,
"d460f30d-19b1-469d-962f-e7af1ac28d11","e1efd25a-be98-4160-b5ca-8bb6ca7720bd","DSNY_005.mammalGrid.mam","D03","DSNY","DSNY_005","E3","distributed","woodyWetlands",28.039127,-81.391902,"WGS84",45.1,19.7,0.1,"1 - trap not set","ShermanLF","2020-04-23","2020-04-23",,,,,,,,,,,,,,,,,,,,,,,,,,,,,,,,,,,,,,,,,,,,,,,,
"9a4dba21-9053-42d6-bffb-59abf1215a97","cf66ce29-ee61-4087-9c4d-ade99a6f3d71","DSNY_016.mammalGrid.mam","D03","DSNY","DSNY_016","C2","distributed","pastureHay",28.045236,-81.393101,"WGS84",45.1,19.9,0.1,"1 - trap not set","ShermanLF","2020-04-23","2020-04-23",,,,,,,,,,,,,,,,,,,,,,,,,,,,,,,,,,,,,,,,,,,,,,,,
"72647fbf-a370-41a6-8694-2eb8566aa2f5","ffc5c894-490a-4059-bab6-b3ef382e4940","DSNY_001.mammalGrid.mam","D03","DSNY","DSNY_001","G9","distributed","woodyWetlands",28.097204,-81.417175,"WGS84",45.1,21.1,0.1,"1 - trap not set","ShermanLF","2020-04-23","2020-04-23",,,,,,,,,,,,,,,,,,,,,,,,,,,,,,,,,,,,,,,,,,,,,,,,
"3af6beb2-1132-4bff-b4c1-1295fbd400e7","e1efd25a-be98-4160-b5ca-8bb6ca7720bd","DSNY_005.mammalGrid.mam","D03","DSNY","DSNY_005","E9","distributed","woodyWetlands",28.039127,-81.391902,"WGS84",45.1,19.7,0.1,"1 - trap not set","ShermanLF","2020-04-23","2020-04-23",,,,,,,,,,,,,,,,,,,,,,,,,,,,,,,,,,,,,,,,,,,,,,,,
"0d42739e-534c-4990-88f9-4968e9e601b6","cf66ce29-ee61-4087-9c4d-ade99a6f3d71","DSNY_016.mammalGrid.mam","D03","DSNY","DSNY_016","I5","distributed","pastureHay",28.045236,-81.393101,"WGS84",45.1,19.9,0.1,"1 - trap not set","ShermanLF","2020-04-23","2020-04-23",,,,,,,,,,,,,,,,,,,,,,,,,,,,,,,,,,,,,,,,,,,,,,,,
"5f16e6e3-bd1a-4419-9e5e-09e50514b6d0","cf66ce29-ee61-4087-9c4d-ade99a6f3d71","DSNY_016.mammalGrid.mam","D03","DSNY","DSNY_016","I6","distributed","pastureHay",28.045236,-81.393101,"WGS84",45.1,19.9,0.1,"1 - trap not set","ShermanLF","2020-04-23","2020-04-23",,,,,,,,,,,,,,,,,,,,,,,,,,,,,,,,,,,,,,,,,,,,,,,,
"b1f1207e-9be1-4910-bd9a-88463c4fe906","24c31e89-e9a3-4855-b81f-0c320f9e54ab","DSNY_004.mammalGrid.mam","D03","DSNY","DSNY_004","G9","distributed","woodyWetlands",28.099481,-81.401475,"WGS84",45.1,20.8,0.1,"1 - trap not set","ShermanLF","2020-04-23","2020-04-23",,,,,,,,,,,,,,,,,,,,,,,,,,,,,,,,,,,,,,,,,,,,,,,,
"c30c674a-5a2f-4d68-ac6e-9a021615d52a","e1efd25a-be98-4160-b5ca-8bb6ca7720bd","DSNY_005.mammalGrid.mam","D03","DSNY","DSNY_005","F6","distributed","woodyWetlands",28.039127,-81.391902,"WGS84",45.1,19.7,0.1,"1 - trap not set","ShermanLF","2020-04-23","2020-04-23",,,,,,,,,,,,,,,,,,,,,,,,,,,,,,,,,,,,,,,,,,,,,,,,
"9e74537c-23ae-4115-9241-311e3d18a6bc","24c31e89-e9a3-4855-b81f-0c320f9e54ab","DSNY_004.mammalGrid.mam","D03","DSNY","DSNY_004","H5","distributed","woodyWetlands",28.099481,-81.401475,"WGS84",45.1,20.8,0.1,"1 - trap not set","ShermanLF","2020-04-23","2020-04-23",,,,,,,,,,,,,,,,,,,,,,,,,,,,,,,,,,,,,,,,,,,,,,,,
"797e9eaa-f006-4e41-9c67-200acef257a4","24c31e89-e9a3-4855-b81f-0c320f9e54ab","DSNY_004.mammalGrid.mam","D03","DSNY","DSNY_004","D5","distributed","woodyWetlands",28.099481,-81.401475,"WGS84",45.1,20.8,0.1,"1 - trap not set","ShermanLF","2020-04-23","2020-04-23",,,,,,,,,,,,,,,,,,,,,,,,,,,,,,,,,,,,,,,,,,,,,,,,
"13ba9911-d28f-4247-9d51-70f922fbb959","cf66ce29-ee61-4087-9c4d-ade99a6f3d71","DSNY_016.mammalGrid.mam","D03","DSNY","DSNY_016","D5","distributed","pastureHay",28.045236,-81.393101,"WGS84",45.1,19.9,0.1,"1 - trap not set","ShermanLF","2020-04-23","2020-04-23",,,,,,,,,,,,,,,,,,,,,,,,,,,,,,,,,,,,,,,,,,,,,,,,
"53f9a7f5-9c67-47e9-a406-6c42fb735a9e","ffc5c894-490a-4059-bab6-b3ef382e4940","DSNY_001.mammalGrid.mam","D03","DSNY","DSNY_001","D3","distributed","woodyWetlands",28.097204,-81.417175,"WGS84",45.1,21.1,0.1,"1 - trap not set","ShermanLF","2020-04-23","2020-04-23",,,,,,,,,,,,,,,,,,,,,,,,,,,,,,,,,,,,,,,,,,,,,,,,
"ef8d1ad3-745b-49ae-bf01-af32e3db5211","24c31e89-e9a3-4855-b81f-0c320f9e54ab","DSNY_004.mammalGrid.mam","D03","DSNY","DSNY_004","D2","distributed","woodyWetlands",28.099481,-81.401475,"WGS84",45.1,20.8,0.1,"1 - trap not set","ShermanLF","2020-04-23","2020-04-23",,,,,,,,,,,,,,,,,,,,,,,,,,,,,,,,,,,,,,,,,,,,,,,,
"3e75ab19-d417-426b-a641-cd1fd731b164","cf66ce29-ee61-4087-9c4d-ade99a6f3d71","DSNY_016.mammalGrid.mam","D03","DSNY","DSNY_016","J5","distributed","pastureHay",28.045236,-81.393101,"WGS84",45.1,19.9,0.1,"1 - trap not set","ShermanLF","2020-04-23","2020-04-23",,,,,,,,,,,,,,,,,,,,,,,,,,,,,,,,,,,,,,,,,,,,,,,,
"49883fac-bd01-49eb-8965-88f666bfb908","24c31e89-e9a3-4855-b81f-0c320f9e54ab","DSNY_004.mammalGrid.mam","D03","DSNY","DSNY_004","I1","distributed","woodyWetlands",28.099481,-81.401475,"WGS84",45.1,20.8,0.1,"1 - trap not set","ShermanLF","2020-04-23","2020-04-23",,,,,,,,,,,,,,,,,,,,,,,,,,,,,,,,,,,,,,,,,,,,,,,,
"66bb6c39-b3c6-4cbd-af6b-ca6d8240b6eb","24c31e89-e9a3-4855-b81f-0c320f9e54ab","DSNY_004.mammalGrid.mam","D03","DSNY","DSNY_004","A8","distributed","woodyWetlands",28.099481,-81.401475,"WGS84",45.1,20.8,0.1,"1 - trap not set","ShermanLF","2020-04-23","2020-04-23",,,,,,,,,,,,,,,,,,,,,,,,,,,,,,,,,,,,,,,,,,,,,,,,
"0a32c321-3a12-4276-b364-451cd826b9eb","ffc5c894-490a-4059-bab6-b3ef382e4940","DSNY_001.mammalGrid.mam","D03","DSNY","DSNY_001","H1","distributed","woodyWetlands",28.097204,-81.417175,"WGS84",45.1,21.1,0.1,"1 - trap not set","ShermanLF","2020-04-23","2020-04-23",,,,,,,,,,,,,,,,,,,,,,,,,,,,,,,,,,,,,,,,,,,,,,,,
"8b920e01-af9e-43a1-a534-040b0fad00a7","e1efd25a-be98-4160-b5ca-8bb6ca7720bd","DSNY_005.mammalGrid.mam","D03","DSNY","DSNY_005","C1","distributed","woodyWetlands",28.039127,-81.391902,"WGS84",45.1,19.7,0.1,"1 - trap not set","ShermanLF","2020-04-23","2020-04-23",,,,,,,,,,,,,,,,,,,,,,,,,,,,,,,,,,,,,,,,,,,,,,,,
"537f0fcc-02a0-4b4f-98e4-4c6bbd1bbe0a","ffc5c894-490a-4059-bab6-b3ef382e4940","DSNY_001.mammalGrid.mam","D03","DSNY","DSNY_001","E5","distributed","woodyWetlands",28.097204,-81.417175,"WGS84",45.1,21.1,0.1,"1 - trap not set","ShermanLF","2020-04-23","2020-04-23",,,,,,,,,,,,,,,,,,,,,,,,,,,,,,,,,,,,,,,,,,,,,,,,
"4139afcb-1a89-4dad-9a5c-fd1c97fff8a4","e1efd25a-be98-4160-b5ca-8bb6ca7720bd","DSNY_005.mammalGrid.mam","D03","DSNY","DSNY_005","E10","distributed","woodyWetlands",28.039127,-81.391902,"WGS84",45.1,19.7,0.1,"1 - trap not set","ShermanLF","2020-04-23","2020-04-23",,,,,,,,,,,,,,,,,,,,,,,,,,,,,,,,,,,,,,,,,,,,,,,,
"777d13c8-ca74-4e66-87f5-6c609a837c75","cf66ce29-ee61-4087-9c4d-ade99a6f3d71","DSNY_016.mammalGrid.mam","D03","DSNY","DSNY_016","C6","distributed","pastureHay",28.045236,-81.393101,"WGS84",45.1,19.9,0.1,"1 - trap not set","ShermanLF","2020-04-23","2020-04-23",,,,,,,,,,,,,,,,,,,,,,,,,,,,,,,,,,,,,,,,,,,,,,,,
"8d954ee7-c5a6-4c00-b376-58f5865bf7f6","ffc5c894-490a-4059-bab6-b3ef382e4940","DSNY_001.mammalGrid.mam","D03","DSNY","DSNY_001","J4","distributed","woodyWetlands",28.097204,-81.417175,"WGS84",45.1,21.1,0.1,"1 - trap not set","ShermanLF","2020-04-23","2020-04-23",,,,,,,,,,,,,,,,,,,,,,,,,,,,,,,,,,,,,,,,,,,,,,,,
"4ffd8333-3379-437c-bdca-9393a54a4c4a","ffc5c894-490a-4059-bab6-b3ef382e4940","DSNY_001.mammalGrid.mam","D03","DSNY","DSNY_001","A6","distributed","woodyWetlands",28.097204,-81.417175,"WGS84",45.1,21.1,0.1,"1 - trap not set","ShermanLF","2020-04-23","2020-04-23",,,,,,,,,,,,,,,,,,,,,,,,,,,,,,,,,,,,,,,,,,,,,,,,
"fd810d4d-eb4d-451e-a4e3-be27033cb19c","cf66ce29-ee61-4087-9c4d-ade99a6f3d71","DSNY_016.mammalGrid.mam","D03","DSNY","DSNY_016","I7","distributed","pastureHay",28.045236,-81.393101,"WGS84",45.1,19.9,0.1,"1 - trap not set","ShermanLF","2020-04-23","2020-04-23",,,,,,,,,,,,,,,,,,,,,,,,,,,,,,,,,,,,,,,,,,,,,,,,
"8250f567-a64d-4665-89f0-c4bdb6044e5c","24c31e89-e9a3-4855-b81f-0c320f9e54ab","DSNY_004.mammalGrid.mam","D03","DSNY","DSNY_004","E7","distributed","woodyWetlands",28.099481,-81.401475,"WGS84",45.1,20.8,0.1,"1 - trap not set","ShermanLF","2020-04-23","2020-04-23",,,,,,,,,,,,,,,,,,,,,,,,,,,,,,,,,,,,,,,,,,,,,,,,
"a7ec50f1-4f5f-4f64-97f3-c8ef99d6149b","e1efd25a-be98-4160-b5ca-8bb6ca7720bd","DSNY_005.mammalGrid.mam","D03","DSNY","DSNY_005","F1","distributed","woodyWetlands",28.039127,-81.391902,"WGS84",45.1,19.7,0.1,"1 - trap not set","ShermanLF","2020-04-23","2020-04-23",,,,,,,,,,,,,,,,,,,,,,,,,,,,,,,,,,,,,,,,,,,,,,,,
"c8f74bcb-4a95-4f16-b459-48ef3c6d55bc","ffc5c894-490a-4059-bab6-b3ef382e4940","DSNY_001.mammalGrid.mam","D03","DSNY","DSNY_001","C5","distributed","woodyWetlands",28.097204,-81.417175,"WGS84",45.1,21.1,0.1,"1 - trap not set","ShermanLF","2020-04-23","2020-04-23",,,,,,,,,,,,,,,,,,,,,,,,,,,,,,,,,,,,,,,,,,,,,,,,
"a6987c94-5a9d-41df-b0ae-e05a1bcc365a","ffc5c894-490a-4059-bab6-b3ef382e4940","DSNY_001.mammalGrid.mam","D03","DSNY","DSNY_001","B6","distributed","woodyWetlands",28.097204,-81.417175,"WGS84",45.1,21.1,0.1,"1 - trap not set","ShermanLF","2020-04-23","2020-04-23",,,,,,,,,,,,,,,,,,,,,,,,,,,,,,,,,,,,,,,,,,,,,,,,
"0d497ce2-fcf4-4e7d-bd2e-e740add9a126","24c31e89-e9a3-4855-b81f-0c320f9e54ab","DSNY_004.mammalGrid.mam","D03","DSNY","DSNY_004","G2","distributed","woodyWetlands",28.099481,-81.401475,"WGS84",45.1,20.8,0.1,"1 - trap not set","ShermanLF","2020-04-23","2020-04-23",,,,,,,,,,,,,,,,,,,,,,,,,,,,,,,,,,,,,,,,,,,,,,,,
"1e8e0f18-e431-4f78-b81a-fb1a653f2451","e1efd25a-be98-4160-b5ca-8bb6ca7720bd","DSNY_005.mammalGrid.mam","D03","DSNY","DSNY_005","J9","distributed","woodyWetlands",28.039127,-81.391902,"WGS84",45.1,19.7,0.1,"1 - trap not set","ShermanLF","2020-04-23","2020-04-23",,,,,,,,,,,,,,,,,,,,,,,,,,,,,,,,,,,,,,,,,,,,,,,,
"9db03887-bd82-4a7c-a0ef-1e2f6eff41d9","ffc5c894-490a-4059-bab6-b3ef382e4940","DSNY_001.mammalGrid.mam","D03","DSNY","DSNY_001","D6","distributed","woodyWetlands",28.097204,-81.417175,"WGS84",45.1,21.1,0.1,"1 - trap not set","ShermanLF","2020-04-23","2020-04-23",,,,,,,,,,,,,,,,,,,,,,,,,,,,,,,,,,,,,,,,,,,,,,,,
"ceb241dd-c3be-41f8-b06a-27100c54d15e","ffc5c894-490a-4059-bab6-b3ef382e4940","DSNY_001.mammalGrid.mam","D03","DSNY","DSNY_001","J7","distributed","woodyWetlands",28.097204,-81.417175,"WGS84",45.1,21.1,0.1,"1 - trap not set","ShermanLF","2020-04-23","2020-04-23",,,,,,,,,,,,,,,,,,,,,,,,,,,,,,,,,,,,,,,,,,,,,,,,
"11f1944c-7b00-4afb-80eb-41314f8f5d32","ffc5c894-490a-4059-bab6-b3ef382e4940","DSNY_001.mammalGrid.mam","D03","DSNY","DSNY_001","J9","distributed","woodyWetlands",28.097204,-81.417175,"WGS84",45.1,21.1,0.1,"1 - trap not set","ShermanLF","2020-04-23","2020-04-23",,,,,,,,,,,,,,,,,,,,,,,,,,,,,,,,,,,,,,,,,,,,,,,,
"15a027e4-2499-48cf-8696-cac753cfda45","24c31e89-e9a3-4855-b81f-0c320f9e54ab","DSNY_004.mammalGrid.mam","D03","DSNY","DSNY_004","J4","distributed","woodyWetlands",28.099481,-81.401475,"WGS84",45.1,20.8,0.1,"1 - trap not set","ShermanLF","2020-04-23","2020-04-23",,,,,,,,,,,,,,,,,,,,,,,,,,,,,,,,,,,,,,,,,,,,,,,,
"2d5592a2-5942-48c1-92e1-ea47c0c50a64","24c31e89-e9a3-4855-b81f-0c320f9e54ab","DSNY_004.mammalGrid.mam","D03","DSNY","DSNY_004","F1","distributed","woodyWetlands",28.099481,-81.401475,"WGS84",45.1,20.8,0.1,"1 - trap not set","ShermanLF","2020-04-23","2020-04-23",,,,,,,,,,,,,,,,,,,,,,,,,,,,,,,,,,,,,,,,,,,,,,,,
"e110ebd2-8f95-485d-801c-4d8ed3cf7b0d","24c31e89-e9a3-4855-b81f-0c320f9e54ab","DSNY_004.mammalGrid.mam","D03","DSNY","DSNY_004","J5","distributed","woodyWetlands",28.099481,-81.401475,"WGS84",45.1,20.8,0.1,"1 - trap not set","ShermanLF","2020-04-23","2020-04-23",,,,,,,,,,,,,,,,,,,,,,,,,,,,,,,,,,,,,,,,,,,,,,,,
"617930b8-e82e-4e50-98a2-9a174dedf52b","ffc5c894-490a-4059-bab6-b3ef382e4940","DSNY_001.mammalGrid.mam","D03","DSNY","DSNY_001","J5","distributed","woodyWetlands",28.097204,-81.417175,"WGS84",45.1,21.1,0.1,"1 - trap not set","ShermanLF","2020-04-23","2020-04-23",,,,,,,,,,,,,,,,,,,,,,,,,,,,,,,,,,,,,,,,,,,,,,,,
"5b353e95-3953-4335-ad21-e4fe082ab623","ffc5c894-490a-4059-bab6-b3ef382e4940","DSNY_001.mammalGrid.mam","D03","DSNY","DSNY_001","G2","distributed","woodyWetlands",28.097204,-81.417175,"WGS84",45.1,21.1,0.1,"1 - trap not set","ShermanLF","2020-04-23","2020-04-23",,,,,,,,,,,,,,,,,,,,,,,,,,,,,,,,,,,,,,,,,,,,,,,,
"0490d7cc-9fa7-46cc-917f-16cac7b92529","24c31e89-e9a3-4855-b81f-0c320f9e54ab","DSNY_004.mammalGrid.mam","D03","DSNY","DSNY_004","J9","distributed","woodyWetlands",28.099481,-81.401475,"WGS84",45.1,20.8,0.1,"1 - trap not set","ShermanLF","2020-04-23","2020-04-23",,,,,,,,,,,,,,,,,,,,,,,,,,,,,,,,,,,,,,,,,,,,,,,,
"c814ab8c-e3f6-431b-99cc-828877eae8e2","cf66ce29-ee61-4087-9c4d-ade99a6f3d71","DSNY_016.mammalGrid.mam","D03","DSNY","DSNY_016","A5","distributed","pastureHay",28.045236,-81.393101,"WGS84",45.1,19.9,0.1,"1 - trap not set","ShermanLF","2020-04-23","2020-04-23",,,,,,,,,,,,,,,,,,,,,,,,,,,,,,,,,,,,,,,,,,,,,,,,
"ebd94f8d-1572-45cd-abdd-bc55ea079133","ffc5c894-490a-4059-bab6-b3ef382e4940","DSNY_001.mammalGrid.mam","D03","DSNY","DSNY_001","F1","distributed","woodyWetlands",28.097204,-81.417175,"WGS84",45.1,21.1,0.1,"1 - trap not set","ShermanLF","2020-04-23","2020-04-23",,,,,,,,,,,,,,,,,,,,,,,,,,,,,,,,,,,,,,,,,,,,,,,,
"c24b5ce4-869b-47aa-b3ad-e5df00053583","e1efd25a-be98-4160-b5ca-8bb6ca7720bd","DSNY_005.mammalGrid.mam","D03","DSNY","DSNY_005","C7","distributed","woodyWetlands",28.039127,-81.391902,"WGS84",45.1,19.7,0.1,"1 - trap not set","ShermanLF","2020-04-23","2020-04-23",,,,,,,,,,,,,,,,,,,,,,,,,,,,,,,,,,,,,,,,,,,,,,,,
"cc60b2bd-77bb-420e-867b-e2a81ef29b56","cf66ce29-ee61-4087-9c4d-ade99a6f3d71","DSNY_016.mammalGrid.mam","D03","DSNY","DSNY_016","G6","distributed","pastureHay",28.045236,-81.393101,"WGS84",45.1,19.9,0.1,"1 - trap not set","ShermanLF","2020-04-23","2020-04-23",,,,,,,,,,,,,,,,,,,,,,,,,,,,,,,,,,,,,,,,,,,,,,,,
"717cfc12-9208-4a97-ba07-1533d1758661","cf66ce29-ee61-4087-9c4d-ade99a6f3d71","DSNY_016.mammalGrid.mam","D03","DSNY","DSNY_016","J6","distributed","pastureHay",28.045236,-81.393101,"WGS84",45.1,19.9,0.1,"1 - trap not set","ShermanLF","2020-04-23","2020-04-23",,,,,,,,,,,,,,,,,,,,,,,,,,,,,,,,,,,,,,,,,,,,,,,,
"54258ab6-7930-4f95-a868-8a258951a8b2","e1efd25a-be98-4160-b5ca-8bb6ca7720bd","DSNY_005.mammalGrid.mam","D03","DSNY","DSNY_005","B5","distributed","woodyWetlands",28.039127,-81.391902,"WGS84",45.1,19.7,0.1,"1 - trap not set","ShermanLF","2020-04-23","2020-04-23",,,,,,,,,,,,,,,,,,,,,,,,,,,,,,,,,,,,,,,,,,,,,,,,
"ea77fecf-b882-432a-acde-372079fadca1","e1efd25a-be98-4160-b5ca-8bb6ca7720bd","DSNY_005.mammalGrid.mam","D03","DSNY","DSNY_005","F3","distributed","woodyWetlands",28.039127,-81.391902,"WGS84",45.1,19.7,0.1,"1 - trap not set","ShermanLF","2020-04-23","2020-04-23",,,,,,,,,,,,,,,,,,,,,,,,,,,,,,,,,,,,,,,,,,,,,,,,
"47885b40-c7fa-4388-8d7a-1c7ad80e3023","e1efd25a-be98-4160-b5ca-8bb6ca7720bd","DSNY_005.mammalGrid.mam","D03","DSNY","DSNY_005","E7","distributed","woodyWetlands",28.039127,-81.391902,"WGS84",45.1,19.7,0.1,"1 - trap not set","ShermanLF","2020-04-23","2020-04-23",,,,,,,,,,,,,,,,,,,,,,,,,,,,,,,,,,,,,,,,,,,,,,,,
"69efdee4-5e64-4119-9fd9-560d8228c10c","e1efd25a-be98-4160-b5ca-8bb6ca7720bd","DSNY_005.mammalGrid.mam","D03","DSNY","DSNY_005","F9","distributed","woodyWetlands",28.039127,-81.391902,"WGS84",45.1,19.7,0.1,"1 - trap not set","ShermanLF","2020-04-23","2020-04-23",,,,,,,,,,,,,,,,,,,,,,,,,,,,,,,,,,,,,,,,,,,,,,,,
"9b9df91c-e08c-4e14-9ebf-f184624c84d3","24c31e89-e9a3-4855-b81f-0c320f9e54ab","DSNY_004.mammalGrid.mam","D03","DSNY","DSNY_004","E1","distributed","woodyWetlands",28.099481,-81.401475,"WGS84",45.1,20.8,0.1,"1 - trap not set","ShermanLF","2020-04-23","2020-04-23",,,,,,,,,,,,,,,,,,,,,,,,,,,,,,,,,,,,,,,,,,,,,,,,
"bc2262e0-8ed1-4ab3-b969-6d820fd8e53f","24c31e89-e9a3-4855-b81f-0c320f9e54ab","DSNY_004.mammalGrid.mam","D03","DSNY","DSNY_004","C1","distributed","woodyWetlands",28.099481,-81.401475,"WGS84",45.1,20.8,0.1,"1 - trap not set","ShermanLF","2020-04-23","2020-04-23",,,,,,,,,,,,,,,,,,,,,,,,,,,,,,,,,,,,,,,,,,,,,,,,
"c8ed02e9-9341-4157-812d-8d98f97772c9","e1efd25a-be98-4160-b5ca-8bb6ca7720bd","DSNY_005.mammalGrid.mam","D03","DSNY","DSNY_005","G10","distributed","woodyWetlands",28.039127,-81.391902,"WGS84",45.1,19.7,0.1,"1 - trap not set","ShermanLF","2020-04-23","2020-04-23",,,,,,,,,,,,,,,,,,,,,,,,,,,,,,,,,,,,,,,,,,,,,,,,
"d675a2d1-416b-47d0-9121-7facf7a03414","ffc5c894-490a-4059-bab6-b3ef382e4940","DSNY_001.mammalGrid.mam","D03","DSNY","DSNY_001","D7","distributed","woodyWetlands",28.097204,-81.417175,"WGS84",45.1,21.1,0.1,"1 - trap not set","ShermanLF","2020-04-23","2020-04-23",,,,,,,,,,,,,,,,,,,,,,,,,,,,,,,,,,,,,,,,,,,,,,,,
"6d902d71-2beb-4a1a-9504-cdf49b815613","ffc5c894-490a-4059-bab6-b3ef382e4940","DSNY_001.mammalGrid.mam","D03","DSNY","DSNY_001","B2","distributed","woodyWetlands",28.097204,-81.417175,"WGS84",45.1,21.1,0.1,"1 - trap not set","ShermanLF","2020-04-23","2020-04-23",,,,,,,,,,,,,,,,,,,,,,,,,,,,,,,,,,,,,,,,,,,,,,,,
"1e1b38a6-e93b-4b85-99ff-f429a74da12a","ffc5c894-490a-4059-bab6-b3ef382e4940","DSNY_001.mammalGrid.mam","D03","DSNY","DSNY_001","I1","distributed","woodyWetlands",28.097204,-81.417175,"WGS84",45.1,21.1,0.1,"1 - trap not set","ShermanLF","2020-04-23","2020-04-23",,,,,,,,,,,,,,,,,,,,,,,,,,,,,,,,,,,,,,,,,,,,,,,,
"f5e09eec-fe33-41bf-8a47-d5ee629973a0","cf66ce29-ee61-4087-9c4d-ade99a6f3d71","DSNY_016.mammalGrid.mam","D03","DSNY","DSNY_016","J7","distributed","pastureHay",28.045236,-81.393101,"WGS84",45.1,19.9,0.1,"1 - trap not set","ShermanLF","2020-04-23","2020-04-23",,,,,,,,,,,,,,,,,,,,,,,,,,,,,,,,,,,,,,,,,,,,,,,,
"488d9512-9f1c-412d-9d05-23005024e79d","e1efd25a-be98-4160-b5ca-8bb6ca7720bd","DSNY_005.mammalGrid.mam","D03","DSNY","DSNY_005","B6","distributed","woodyWetlands",28.039127,-81.391902,"WGS84",45.1,19.7,0.1,"1 - trap not set","ShermanLF","2020-04-23","2020-04-23",,,,,,,,,,,,,,,,,,,,,,,,,,,,,,,,,,,,,,,,,,,,,,,,
"b9c0b7e8-1217-4374-8975-dd19b3aae38f","24c31e89-e9a3-4855-b81f-0c320f9e54ab","DSNY_004.mammalGrid.mam","D03","DSNY","DSNY_004","B3","distributed","woodyWetlands",28.099481,-81.401475,"WGS84",45.1,20.8,0.1,"1 - trap not set","ShermanLF","2020-04-23","2020-04-23",,,,,,,,,,,,,,,,,,,,,,,,,,,,,,,,,,,,,,,,,,,,,,,,
"71549b60-455b-43f0-95ac-a51b7df81f4e","24c31e89-e9a3-4855-b81f-0c320f9e54ab","DSNY_004.mammalGrid.mam","D03","DSNY","DSNY_004","A3","distributed","woodyWetlands",28.099481,-81.401475,"WGS84",45.1,20.8,0.1,"1 - trap not set","ShermanLF","2020-04-23","2020-04-23",,,,,,,,,,,,,,,,,,,,,,,,,,,,,,,,,,,,,,,,,,,,,,,,
"0df4e7cb-656f-448b-bf35-8e2d1b3c7a0f","24c31e89-e9a3-4855-b81f-0c320f9e54ab","DSNY_004.mammalGrid.mam","D03","DSNY","DSNY_004","I2","distributed","woodyWetlands",28.099481,-81.401475,"WGS84",45.1,20.8,0.1,"1 - trap not set","ShermanLF","2020-04-23","2020-04-23",,,,,,,,,,,,,,,,,,,,,,,,,,,,,,,,,,,,,,,,,,,,,,,,
"53e90593-d9d2-4585-8fc3-7dc005680085","ffc5c894-490a-4059-bab6-b3ef382e4940","DSNY_001.mammalGrid.mam","D03","DSNY","DSNY_001","I5","distributed","woodyWetlands",28.097204,-81.417175,"WGS84",45.1,21.1,0.1,"1 - trap not set","ShermanLF","2020-04-23","2020-04-23",,,,,,,,,,,,,,,,,,,,,,,,,,,,,,,,,,,,,,,,,,,,,,,,
"9cf8468c-79a3-478c-b8c3-21d57573b8cd","e1efd25a-be98-4160-b5ca-8bb6ca7720bd","DSNY_005.mammalGrid.mam","D03","DSNY","DSNY_005","I4","distributed","woodyWetlands",28.039127,-81.391902,"WGS84",45.1,19.7,0.1,"1 - trap not set","ShermanLF","2020-04-23","2020-04-23",,,,,,,,,,,,,,,,,,,,,,,,,,,,,,,,,,,,,,,,,,,,,,,,
"ac358fae-fa6a-4f98-a1c5-bf4420e3ae84","cf66ce29-ee61-4087-9c4d-ade99a6f3d71","DSNY_016.mammalGrid.mam","D03","DSNY","DSNY_016","J2","distributed","pastureHay",28.045236,-81.393101,"WGS84",45.1,19.9,0.1,"1 - trap not set","ShermanLF","2020-04-23","2020-04-23",,,,,,,,,,,,,,,,,,,,,,,,,,,,,,,,,,,,,,,,,,,,,,,,
"69d5693d-d0e7-41b2-84d3-4a9e96c6e924","cf66ce29-ee61-4087-9c4d-ade99a6f3d71","DSNY_016.mammalGrid.mam","D03","DSNY","DSNY_016","G5","distributed","pastureHay",28.045236,-81.393101,"WGS84",45.1,19.9,0.1,"1 - trap not set","ShermanLF","2020-04-23","2020-04-23",,,,,,,,,,,,,,,,,,,,,,,,,,,,,,,,,,,,,,,,,,,,,,,,
"18eeb78e-02b9-41d1-912a-dde38beabb90","ffc5c894-490a-4059-bab6-b3ef382e4940","DSNY_001.mammalGrid.mam","D03","DSNY","DSNY_001","H2","distributed","woodyWetlands",28.097204,-81.417175,"WGS84",45.1,21.1,0.1,"1 - trap not set","ShermanLF","2020-04-23","2020-04-23",,,,,,,,,,,,,,,,,,,,,,,,,,,,,,,,,,,,,,,,,,,,,,,,
"fa0aac52-a44f-4774-9a3d-46959453d9d3","e1efd25a-be98-4160-b5ca-8bb6ca7720bd","DSNY_005.mammalGrid.mam","D03","DSNY","DSNY_005","A3","distributed","woodyWetlands",28.039127,-81.391902,"WGS84",45.1,19.7,0.1,"1 - trap not set","ShermanLF","2020-04-23","2020-04-23",,,,,,,,,,,,,,,,,,,,,,,,,,,,,,,,,,,,,,,,,,,,,,,,
"9b39d7a4-23f1-4d6b-ad51-66d12e21aeb6","cf66ce29-ee61-4087-9c4d-ade99a6f3d71","DSNY_016.mammalGrid.mam","D03","DSNY","DSNY_016","D10","distributed","pastureHay",28.045236,-81.393101,"WGS84",45.1,19.9,0.1,"1 - trap not set","ShermanLF","2020-04-23","2020-04-23",,,,,,,,,,,,,,,,,,,,,,,,,,,,,,,,,,,,,,,,,,,,,,,,
"fda33097-81b1-46b5-a142-9d60921a3bec","e1efd25a-be98-4160-b5ca-8bb6ca7720bd","DSNY_005.mammalGrid.mam","D03","DSNY","DSNY_005","B7","distributed","woodyWetlands",28.039127,-81.391902,"WGS84",45.1,19.7,0.1,"1 - trap not set","ShermanLF","2020-04-23","2020-04-23",,,,,,,,,,,,,,,,,,,,,,,,,,,,,,,,,,,,,,,,,,,,,,,,
"f3b409ed-fd13-41a4-b222-bb334ed9d2f1","cf66ce29-ee61-4087-9c4d-ade99a6f3d71","DSNY_016.mammalGrid.mam","D03","DSNY","DSNY_016","F10","distributed","pastureHay",28.045236,-81.393101,"WGS84",45.1,19.9,0.1,"1 - trap not set","ShermanLF","2020-04-23","2020-04-23",,,,,,,,,,,,,,,,,,,,,,,,,,,,,,,,,,,,,,,,,,,,,,,,
"9bf2459e-3ffb-4939-ad56-8969c2981ee4","ffc5c894-490a-4059-bab6-b3ef382e4940","DSNY_001.mammalGrid.mam","D03","DSNY","DSNY_001","I10","distributed","woodyWetlands",28.097204,-81.417175,"WGS84",45.1,21.1,0.1,"1 - trap not set","ShermanLF","2020-04-23","2020-04-23",,,,,,,,,,,,,,,,,,,,,,,,,,,,,,,,,,,,,,,,,,,,,,,,
"b2906fbd-7413-4328-a5c5-7f9cc7234c95","cf66ce29-ee61-4087-9c4d-ade99a6f3d71","DSNY_016.mammalGrid.mam","D03","DSNY","DSNY_016","H10","distributed","pastureHay",28.045236,-81.393101,"WGS84",45.1,19.9,0.1,"1 - trap not set","ShermanLF","2020-04-23","2020-04-23",,,,,,,,,,,,,,,,,,,,,,,,,,,,,,,,,,,,,,,,,,,,,,,,
"1e2e7eb0-385a-4073-ae9a-3f2b5f9fdb13","e1efd25a-be98-4160-b5ca-8bb6ca7720bd","DSNY_005.mammalGrid.mam","D03","DSNY","DSNY_005","A8","distributed","woodyWetlands",28.039127,-81.391902,"WGS84",45.1,19.7,0.1,"1 - trap not set","ShermanLF","2020-04-23","2020-04-23",,,,,,,,,,,,,,,,,,,,,,,,,,,,,,,,,,,,,,,,,,,,,,,,
"5619ade2-4a3b-47c9-852a-5764c3e32b10","ffc5c894-490a-4059-bab6-b3ef382e4940","DSNY_001.mammalGrid.mam","D03","DSNY","DSNY_001","I6","distributed","woodyWetlands",28.097204,-81.417175,"WGS84",45.1,21.1,0.1,"1 - trap not set","ShermanLF","2020-04-23","2020-04-23",,,,,,,,,,,,,,,,,,,,,,,,,,,,,,,,,,,,,,,,,,,,,,,,
"d1c4be4f-7ea4-4e3f-ab5f-1303b63d916e","ffc5c894-490a-4059-bab6-b3ef382e4940","DSNY_001.mammalGrid.mam","D03","DSNY","DSNY_001","I3","distributed","woodyWetlands",28.097204,-81.417175,"WGS84",45.1,21.1,0.1,"1 - trap not set","ShermanLF","2020-04-23","2020-04-23",,,,,,,,,,,,,,,,,,,,,,,,,,,,,,,,,,,,,,,,,,,,,,,,
"14ac237c-74dc-49a2-a35e-adb3dec5f289","e1efd25a-be98-4160-b5ca-8bb6ca7720bd","DSNY_005.mammalGrid.mam","D03","DSNY","DSNY_005","H8","distributed","woodyWetlands",28.039127,-81.391902,"WGS84",45.1,19.7,0.1,"1 - trap not set","ShermanLF","2020-04-23","2020-04-23",,,,,,,,,,,,,,,,,,,,,,,,,,,,,,,,,,,,,,,,,,,,,,,,
"43f774a7-6f26-454a-91a9-0697b830b6fc","24c31e89-e9a3-4855-b81f-0c320f9e54ab","DSNY_004.mammalGrid.mam","D03","DSNY","DSNY_004","H7","distributed","woodyWetlands",28.099481,-81.401475,"WGS84",45.1,20.8,0.1,"1 - trap not set","ShermanLF","2020-04-23","2020-04-23",,,,,,,,,,,,,,,,,,,,,,,,,,,,,,,,,,,,,,,,,,,,,,,,
"abbb90b5-c265-4414-8eb1-f6157c304dcf","ffc5c894-490a-4059-bab6-b3ef382e4940","DSNY_001.mammalGrid.mam","D03","DSNY","DSNY_001","A9","distributed","woodyWetlands",28.097204,-81.417175,"WGS84",45.1,21.1,0.1,"1 - trap not set","ShermanLF","2020-04-23","2020-04-23",,,,,,,,,,,,,,,,,,,,,,,,,,,,,,,,,,,,,,,,,,,,,,,,
"c672dab1-d664-4b8d-be04-c80c6ac01a0a","cf66ce29-ee61-4087-9c4d-ade99a6f3d71","DSNY_016.mammalGrid.mam","D03","DSNY","DSNY_016","E8","distributed","pastureHay",28.045236,-81.393101,"WGS84",45.1,19.9,0.1,"1 - trap not set","ShermanLF","2020-04-23","2020-04-23",,,,,,,,,,,,,,,,,,,,,,,,,,,,,,,,,,,,,,,,,,,,,,,,
"cb79626e-0563-4b54-b4e8-a19ec3ae0c54","e1efd25a-be98-4160-b5ca-8bb6ca7720bd","DSNY_005.mammalGrid.mam","D03","DSNY","DSNY_005","C5","distributed","woodyWetlands",28.039127,-81.391902,"WGS84",45.1,19.7,0.1,"1 - trap not set","ShermanLF","2020-04-23","2020-04-23",,,,,,,,,,,,,,,,,,,,,,,,,,,,,,,,,,,,,,,,,,,,,,,,
"6a611656-ee9c-4505-8bed-68ec097d8211","cf66ce29-ee61-4087-9c4d-ade99a6f3d71","DSNY_016.mammalGrid.mam","D03","DSNY","DSNY_016","F8","distributed","pastureHay",28.045236,-81.393101,"WGS84",45.1,19.9,0.1,"1 - trap not set","ShermanLF","2020-04-23","2020-04-23",,,,,,,,,,,,,,,,,,,,,,,,,,,,,,,,,,,,,,,,,,,,,,,,
"c9082622-adfa-4146-b11e-2bf9e74e9b0b","24c31e89-e9a3-4855-b81f-0c320f9e54ab","DSNY_004.mammalGrid.mam","D03","DSNY","DSNY_004","D7","distributed","woodyWetlands",28.099481,-81.401475,"WGS84",45.1,20.8,0.1,"1 - trap not set","ShermanLF","2020-04-23","2020-04-23",,,,,,,,,,,,,,,,,,,,,,,,,,,,,,,,,,,,,,,,,,,,,,,,
"4715b949-724d-460a-b63e-c6e80166d19a","cf66ce29-ee61-4087-9c4d-ade99a6f3d71","DSNY_016.mammalGrid.mam","D03","DSNY","DSNY_016","H1","distributed","pastureHay",28.045236,-81.393101,"WGS84",45.1,19.9,0.1,"1 - trap not set","ShermanLF","2020-04-23","2020-04-23",,,,,,,,,,,,,,,,,,,,,,,,,,,,,,,,,,,,,,,,,,,,,,,,
"8e62aba7-e0d7-444e-93f2-c2859fbde75b","e1efd25a-be98-4160-b5ca-8bb6ca7720bd","DSNY_005.mammalGrid.mam","D03","DSNY","DSNY_005","D8","distributed","woodyWetlands",28.039127,-81.391902,"WGS84",45.1,19.7,0.1,"1 - trap not set","ShermanLF","2020-04-23","2020-04-23",,,,,,,,,,,,,,,,,,,,,,,,,,,,,,,,,,,,,,,,,,,,,,,,
"55a37045-02be-44a3-980f-4fa3dda80076","cf66ce29-ee61-4087-9c4d-ade99a6f3d71","DSNY_016.mammalGrid.mam","D03","DSNY","DSNY_016","J4","distributed","pastureHay",28.045236,-81.393101,"WGS84",45.1,19.9,0.1,"1 - trap not set","ShermanLF","2020-04-23","2020-04-23",,,,,,,,,,,,,,,,,,,,,,,,,,,,,,,,,,,,,,,,,,,,,,,,
"3b520ec1-f30b-4186-bed8-ff1e81f40a0a","24c31e89-e9a3-4855-b81f-0c320f9e54ab","DSNY_004.mammalGrid.mam","D03","DSNY","DSNY_004","B9","distributed","woodyWetlands",28.099481,-81.401475,"WGS84",45.1,20.8,0.1,"1 - trap not set","ShermanLF","2020-04-23","2020-04-23",,,,,,,,,,,,,,,,,,,,,,,,,,,,,,,,,,,,,,,,,,,,,,,,
"24fd4ac2-8aac-4e6c-a269-901ac9bb904f","24c31e89-e9a3-4855-b81f-0c320f9e54ab","DSNY_004.mammalGrid.mam","D03","DSNY","DSNY_004","J7","distributed","woodyWetlands",28.099481,-81.401475,"WGS84",45.1,20.8,0.1,"1 - trap not set","ShermanLF","2020-04-23","2020-04-23",,,,,,,,,,,,,,,,,,,,,,,,,,,,,,,,,,,,,,,,,,,,,,,,
"aa5974a2-aee5-4c96-9436-bc8f03b24b20","e1efd25a-be98-4160-b5ca-8bb6ca7720bd","DSNY_005.mammalGrid.mam","D03","DSNY","DSNY_005","D5","distributed","woodyWetlands",28.039127,-81.391902,"WGS84",45.1,19.7,0.1,"1 - trap not set","ShermanLF","2020-04-23","2020-04-23",,,,,,,,,,,,,,,,,,,,,,,,,,,,,,,,,,,,,,,,,,,,,,,,
"2af96129-2998-48c1-b853-583a9ccfcef0","e1efd25a-be98-4160-b5ca-8bb6ca7720bd","DSNY_005.mammalGrid.mam","D03","DSNY","DSNY_005","H7","distributed","woodyWetlands",28.039127,-81.391902,"WGS84",45.1,19.7,0.1,"1 - trap not set","ShermanLF","2020-04-23","2020-04-23",,,,,,,,,,,,,,,,,,,,,,,,,,,,,,,,,,,,,,,,,,,,,,,,
"d58d5213-94af-4031-84bb-f75b9380c84f","ffc5c894-490a-4059-bab6-b3ef382e4940","DSNY_001.mammalGrid.mam","D03","DSNY","DSNY_001","B5","distributed","woodyWetlands",28.097204,-81.417175,"WGS84",45.1,21.1,0.1,"1 - trap not set","ShermanLF","2020-04-23","2020-04-23",,,,,,,,,,,,,,,,,,,,,,,,,,,,,,,,,,,,,,,,,,,,,,,,
"a493d234-b8bd-48ad-ab6c-06e70c2b7f28","e1efd25a-be98-4160-b5ca-8bb6ca7720bd","DSNY_005.mammalGrid.mam","D03","DSNY","DSNY_005","E2","distributed","woodyWetlands",28.039127,-81.391902,"WGS84",45.1,19.7,0.1,"1 - trap not set","ShermanLF","2020-04-23","2020-04-23",,,,,,,,,,,,,,,,,,,,,,,,,,,,,,,,,,,,,,,,,,,,,,,,
"6a495a46-346a-41da-baa6-2317362a9108","e1efd25a-be98-4160-b5ca-8bb6ca7720bd","DSNY_005.mammalGrid.mam","D03","DSNY","DSNY_005","H10","distributed","woodyWetlands",28.039127,-81.391902,"WGS84",45.1,19.7,0.1,"1 - trap not set","ShermanLF","2020-04-23","2020-04-23",,,,,,,,,,,,,,,,,,,,,,,,,,,,,,,,,,,,,,,,,,,,,,,,
"29e1c735-9728-43b7-8967-64efa3ba64e6","cf66ce29-ee61-4087-9c4d-ade99a6f3d71","DSNY_016.mammalGrid.mam","D03","DSNY","DSNY_016","F6","distributed","pastureHay",28.045236,-81.393101,"WGS84",45.1,19.9,0.1,"1 - trap not set","ShermanLF","2020-04-23","2020-04-23",,,,,,,,,,,,,,,,,,,,,,,,,,,,,,,,,,,,,,,,,,,,,,,,
"eaeafb9f-d221-4d3e-b8a6-f8dd64e9470d","cf66ce29-ee61-4087-9c4d-ade99a6f3d71","DSNY_016.mammalGrid.mam","D03","DSNY","DSNY_016","G8","distributed","pastureHay",28.045236,-81.393101,"WGS84",45.1,19.9,0.1,"1 - trap not set","ShermanLF","2020-04-23","2020-04-23",,,,,,,,,,,,,,,,,,,,,,,,,,,,,,,,,,,,,,,,,,,,,,,,
"a95af0b6-6b41-4c3f-b140-edbd2d9c49c5","e1efd25a-be98-4160-b5ca-8bb6ca7720bd","DSNY_005.mammalGrid.mam","D03","DSNY","DSNY_005","J8","distributed","woodyWetlands",28.039127,-81.391902,"WGS84",45.1,19.7,0.1,"1 - trap not set","ShermanLF","2020-04-23","2020-04-23",,,,,,,,,,,,,,,,,,,,,,,,,,,,,,,,,,,,,,,,,,,,,,,,
"114c8609-9080-42b6-8634-3ed73a4e910c","e1efd25a-be98-4160-b5ca-8bb6ca7720bd","DSNY_005.mammalGrid.mam","D03","DSNY","DSNY_005","I6","distributed","woodyWetlands",28.039127,-81.391902,"WGS84",45.1,19.7,0.1,"1 - trap not set","ShermanLF","2020-04-23","2020-04-23",,,,,,,,,,,,,,,,,,,,,,,,,,,,,,,,,,,,,,,,,,,,,,,,
"2ca01779-0e51-4a72-adec-088be39eb3fd","ffc5c894-490a-4059-bab6-b3ef382e4940","DSNY_001.mammalGrid.mam","D03","DSNY","DSNY_001","I7","distributed","woodyWetlands",28.097204,-81.417175,"WGS84",45.1,21.1,0.1,"1 - trap not set","ShermanLF","2020-04-23","2020-04-23",,,,,,,,,,,,,,,,,,,,,,,,,,,,,,,,,,,,,,,,,,,,,,,,
"9c43fe79-0d33-41fb-9959-c582c76a35d4","e1efd25a-be98-4160-b5ca-8bb6ca7720bd","DSNY_005.mammalGrid.mam","D03","DSNY","DSNY_005","G7","distributed","woodyWetlands",28.039127,-81.391902,"WGS84",45.1,19.7,0.1,"1 - trap not set","ShermanLF","2020-04-23","2020-04-23",,,,,,,,,,,,,,,,,,,,,,,,,,,,,,,,,,,,,,,,,,,,,,,,
"c75414bf-7282-4349-8593-b41521827fbf","24c31e89-e9a3-4855-b81f-0c320f9e54ab","DSNY_004.mammalGrid.mam","D03","DSNY","DSNY_004","D10","distributed","woodyWetlands",28.099481,-81.401475,"WGS84",45.1,20.8,0.1,"1 - trap not set","ShermanLF","2020-04-23","2020-04-23",,,,,,,,,,,,,,,,,,,,,,,,,,,,,,,,,,,,,,,,,,,,,,,,
"8cacba4b-5f3c-42e7-8851-b9d30920a3a8","ffc5c894-490a-4059-bab6-b3ef382e4940","DSNY_001.mammalGrid.mam","D03","DSNY","DSNY_001","H4","distributed","woodyWetlands",28.097204,-81.417175,"WGS84",45.1,21.1,0.1,"1 - trap not set","ShermanLF","2020-04-23","2020-04-23",,,,,,,,,,,,,,,,,,,,,,,,,,,,,,,,,,,,,,,,,,,,,,,,
"45cba720-cccd-44c4-ae6d-afd0c977ca0e","cf66ce29-ee61-4087-9c4d-ade99a6f3d71","DSNY_016.mammalGrid.mam","D03","DSNY","DSNY_016","H7","distributed","pastureHay",28.045236,-81.393101,"WGS84",45.1,19.9,0.1,"1 - trap not set","ShermanLF","2020-04-23","2020-04-23",,,,,,,,,,,,,,,,,,,,,,,,,,,,,,,,,,,,,,,,,,,,,,,,
"04e7c585-4b9f-4e49-9d4c-42472265f765","24c31e89-e9a3-4855-b81f-0c320f9e54ab","DSNY_004.mammalGrid.mam","D03","DSNY","DSNY_004","J10","distributed","woodyWetlands",28.099481,-81.401475,"WGS84",45.1,20.8,0.1,"1 - trap not set","ShermanLF","2020-04-23","2020-04-23",,,,,,,,,,,,,,,,,,,,,,,,,,,,,,,,,,,,,,,,,,,,,,,,
"9648e2ca-8b38-45af-ab85-2b51331fdffe","e1efd25a-be98-4160-b5ca-8bb6ca7720bd","DSNY_005.mammalGrid.mam","D03","DSNY","DSNY_005","C4","distributed","woodyWetlands",28.039127,-81.391902,"WGS84",45.1,19.7,0.1,"1 - trap not set","ShermanLF","2020-04-23","2020-04-23",,,,,,,,,,,,,,,,,,,,,,,,,,,,,,,,,,,,,,,,,,,,,,,,
"f85ad921-22be-4c0f-b360-ef80f317588f","ffc5c894-490a-4059-bab6-b3ef382e4940","DSNY_001.mammalGrid.mam","D03","DSNY","DSNY_001","J10","distributed","woodyWetlands",28.097204,-81.417175,"WGS84",45.1,21.1,0.1,"1 - trap not set","ShermanLF","2020-04-23","2020-04-23",,,,,,,,,,,,,,,,,,,,,,,,,,,,,,,,,,,,,,,,,,,,,,,,
"b5a7b53b-a09b-4654-b90b-e202142d4972","e1efd25a-be98-4160-b5ca-8bb6ca7720bd","DSNY_005.mammalGrid.mam","D03","DSNY","DSNY_005","B9","distributed","woodyWetlands",28.039127,-81.391902,"WGS84",45.1,19.7,0.1,"1 - trap not set","ShermanLF","2020-04-23","2020-04-23",,,,,,,,,,,,,,,,,,,,,,,,,,,,,,,,,,,,,,,,,,,,,,,,
"4fcde512-d133-47ef-addb-292461a1efcd","24c31e89-e9a3-4855-b81f-0c320f9e54ab","DSNY_004.mammalGrid.mam","D03","DSNY","DSNY_004","F8","distributed","woodyWetlands",28.099481,-81.401475,"WGS84",45.1,20.8,0.1,"1 - trap not set","ShermanLF","2020-04-23","2020-04-23",,,,,,,,,,,,,,,,,,,,,,,,,,,,,,,,,,,,,,,,,,,,,,,,
"c53ddcca-341d-4ac4-a316-30ac91ad1c12","e1efd25a-be98-4160-b5ca-8bb6ca7720bd","DSNY_005.mammalGrid.mam","D03","DSNY","DSNY_005","E6","distributed","woodyWetlands",28.039127,-81.391902,"WGS84",45.1,19.7,0.1,"1 - trap not set","ShermanLF","2020-04-23","2020-04-23",,,,,,,,,,,,,,,,,,,,,,,,,,,,,,,,,,,,,,,,,,,,,,,,
"eb2fb37d-59f4-487e-a887-efa120f0ba54","ffc5c894-490a-4059-bab6-b3ef382e4940","DSNY_001.mammalGrid.mam","D03","DSNY","DSNY_001","C8","distributed","woodyWetlands",28.097204,-81.417175,"WGS84",45.1,21.1,0.1,"1 - trap not set","ShermanLF","2020-04-23","2020-04-23",,,,,,,,,,,,,,,,,,,,,,,,,,,,,,,,,,,,,,,,,,,,,,,,
"6645fab3-1594-426b-a628-5c98e2e7e598","ffc5c894-490a-4059-bab6-b3ef382e4940","DSNY_001.mammalGrid.mam","D03","DSNY","DSNY_001","G1","distributed","woodyWetlands",28.097204,-81.417175,"WGS84",45.1,21.1,0.1,"1 - trap not set","ShermanLF","2020-04-23","2020-04-23",,,,,,,,,,,,,,,,,,,,,,,,,,,,,,,,,,,,,,,,,,,,,,,,
"979f2037-cad9-4bfb-aadd-9046c2b89b89","cf66ce29-ee61-4087-9c4d-ade99a6f3d71","DSNY_016.mammalGrid.mam","D03","DSNY","DSNY_016","A3","distributed","pastureHay",28.045236,-81.393101,"WGS84",45.1,19.9,0.1,"1 - trap not set","ShermanLF","2020-04-23","2020-04-23",,,,,,,,,,,,,,,,,,,,,,,,,,,,,,,,,,,,,,,,,,,,,,,,
"f4cd08f6-2e00-4e25-a75a-ead1c250e2dc","ffc5c894-490a-4059-bab6-b3ef382e4940","DSNY_001.mammalGrid.mam","D03","DSNY","DSNY_001","D9","distributed","woodyWetlands",28.097204,-81.417175,"WGS84",45.1,21.1,0.1,"1 - trap not set","ShermanLF","2020-04-23","2020-04-23",,,,,,,,,,,,,,,,,,,,,,,,,,,,,,,,,,,,,,,,,,,,,,,,
"7320b989-1924-4447-b265-c9c6c4549e55","24c31e89-e9a3-4855-b81f-0c320f9e54ab","DSNY_004.mammalGrid.mam","D03","DSNY","DSNY_004","F3","distributed","woodyWetlands",28.099481,-81.401475,"WGS84",45.1,20.8,0.1,"1 - trap not set","ShermanLF","2020-04-23","2020-04-23",,,,,,,,,,,,,,,,,,,,,,,,,,,,,,,,,,,,,,,,,,,,,,,,
"a453a6c7-5839-4697-9f14-14dbc7af5d1f","ffc5c894-490a-4059-bab6-b3ef382e4940","DSNY_001.mammalGrid.mam","D03","DSNY","DSNY_001","H10","distributed","woodyWetlands",28.097204,-81.417175,"WGS84",45.1,21.1,0.1,"1 - trap not set","ShermanLF","2020-04-23","2020-04-23",,,,,,,,,,,,,,,,,,,,,,,,,,,,,,,,,,,,,,,,,,,,,,,,
"af9b79f8-9bb6-451f-8b48-2a506cc000c9","cf66ce29-ee61-4087-9c4d-ade99a6f3d71","DSNY_016.mammalGrid.mam","D03","DSNY","DSNY_016","H8","distributed","pastureHay",28.045236,-81.393101,"WGS84",45.1,19.9,0.1,"1 - trap not set","ShermanLF","2020-04-23","2020-04-23",,,,,,,,,,,,,,,,,,,,,,,,,,,,,,,,,,,,,,,,,,,,,,,,
"be8cd8b4-958d-450f-9f1f-7744dafcfb8b","ffc5c894-490a-4059-bab6-b3ef382e4940","DSNY_001.mammalGrid.mam","D03","DSNY","DSNY_001","A7","distributed","woodyWetlands",28.097204,-81.417175,"WGS84",45.1,21.1,0.1,"1 - trap not set","ShermanLF","2020-04-23","2020-04-23",,,,,,,,,,,,,,,,,,,,,,,,,,,,,,,,,,,,,,,,,,,,,,,,
"9622ef0f-e47b-4242-b2fd-c32142fa40de","cf66ce29-ee61-4087-9c4d-ade99a6f3d71","DSNY_016.mammalGrid.mam","D03","DSNY","DSNY_016","A8","distributed","pastureHay",28.045236,-81.393101,"WGS84",45.1,19.9,0.1,"1 - trap not set","ShermanLF","2020-04-23","2020-04-23",,,,,,,,,,,,,,,,,,,,,,,,,,,,,,,,,,,,,,,,,,,,,,,,
"0be49e43-bfc7-46f2-9565-4eea0bf318be","cf66ce29-ee61-4087-9c4d-ade99a6f3d71","DSNY_016.mammalGrid.mam","D03","DSNY","DSNY_016","F1","distributed","pastureHay",28.045236,-81.393101,"WGS84",45.1,19.9,0.1,"1 - trap not set","ShermanLF","2020-04-23","2020-04-23",,,,,,,,,,,,,,,,,,,,,,,,,,,,,,,,,,,,,,,,,,,,,,,,
"22b1a753-9e53-409f-8ab0-ffbfb4e93777","24c31e89-e9a3-4855-b81f-0c320f9e54ab","DSNY_004.mammalGrid.mam","D03","DSNY","DSNY_004","G1","distributed","woodyWetlands",28.099481,-81.401475,"WGS84",45.1,20.8,0.1,"1 - trap not set","ShermanLF","2020-04-23","2020-04-23",,,,,,,,,,,,,,,,,,,,,,,,,,,,,,,,,,,,,,,,,,,,,,,,
"4e982db5-2b54-401e-92b9-1107bc22cfde","24c31e89-e9a3-4855-b81f-0c320f9e54ab","DSNY_004.mammalGrid.mam","D03","DSNY","DSNY_004","E10","distributed","woodyWetlands",28.099481,-81.401475,"WGS84",45.1,20.8,0.1,"1 - trap not set","ShermanLF","2020-04-23","2020-04-23",,,,,,,,,,,,,,,,,,,,,,,,,,,,,,,,,,,,,,,,,,,,,,,,
"feb64c7b-860f-4eac-90c3-11ad066311ee","ffc5c894-490a-4059-bab6-b3ef382e4940","DSNY_001.mammalGrid.mam","D03","DSNY","DSNY_001","H6","distributed","woodyWetlands",28.097204,-81.417175,"WGS84",45.1,21.1,0.1,"1 - trap not set","ShermanLF","2020-04-23","2020-04-23",,,,,,,,,,,,,,,,,,,,,,,,,,,,,,,,,,,,,,,,,,,,,,,,
"00aa231b-2c9a-4e3a-a0ff-4c4368f63b36","cf66ce29-ee61-4087-9c4d-ade99a6f3d71","DSNY_016.mammalGrid.mam","D03","DSNY","DSNY_016","E10","distributed","pastureHay",28.045236,-81.393101,"WGS84",45.1,19.9,0.1,"1 - trap not set","ShermanLF","2020-04-23","2020-04-23",,,,,,,,,,,,,,,,,,,,,,,,,,,,,,,,,,,,,,,,,,,,,,,,
"0818d562-0629-4a81-ab20-7a052b05f347","cf66ce29-ee61-4087-9c4d-ade99a6f3d71","DSNY_016.mammalGrid.mam","D03","DSNY","DSNY_016","D9","distributed","pastureHay",28.045236,-81.393101,"WGS84",45.1,19.9,0.1,"1 - trap not set","ShermanLF","2020-04-23","2020-04-23",,,,,,,,,,,,,,,,,,,,,,,,,,,,,,,,,,,,,,,,,,,,,,,,
"3bae2f5e-dc2d-4578-bfb4-7a457508d54e","cf66ce29-ee61-4087-9c4d-ade99a6f3d71","DSNY_016.mammalGrid.mam","D03","DSNY","DSNY_016","A2","distributed","pastureHay",28.045236,-81.393101,"WGS84",45.1,19.9,0.1,"1 - trap not set","ShermanLF","2020-04-23","2020-04-23",,,,,,,,,,,,,,,,,,,,,,,,,,,,,,,,,,,,,,,,,,,,,,,,
"2a119871-ec2d-4745-86f8-79d6445d5c13","e1efd25a-be98-4160-b5ca-8bb6ca7720bd","DSNY_005.mammalGrid.mam","D03","DSNY","DSNY_005","A10","distributed","woodyWetlands",28.039127,-81.391902,"WGS84",45.1,19.7,0.1,"1 - trap not set","ShermanLF","2020-04-23","2020-04-23",,,,,,,,,,,,,,,,,,,,,,,,,,,,,,,,,,,,,,,,,,,,,,,,
"2078e388-9531-44be-a5dd-910263d94062","ffc5c894-490a-4059-bab6-b3ef382e4940","DSNY_001.mammalGrid.mam","D03","DSNY","DSNY_001","E3","distributed","woodyWetlands",28.097204,-81.417175,"WGS84",45.1,21.1,0.1,"1 - trap not set","ShermanLF","2020-04-23","2020-04-23",,,,,,,,,,,,,,,,,,,,,,,,,,,,,,,,,,,,,,,,,,,,,,,,
"feb8987a-14a4-45d6-941e-f5e40c1fba08","cf66ce29-ee61-4087-9c4d-ade99a6f3d71","DSNY_016.mammalGrid.mam","D03","DSNY","DSNY_016","B6","distributed","pastureHay",28.045236,-81.393101,"WGS84",45.1,19.9,0.1,"1 - trap not set","ShermanLF","2020-04-23","2020-04-23",,,,,,,,,,,,,,,,,,,,,,,,,,,,,,,,,,,,,,,,,,,,,,,,
"eb81031f-b377-4f0a-88fb-8f5c3ce3cb2e","ffc5c894-490a-4059-bab6-b3ef382e4940","DSNY_001.mammalGrid.mam","D03","DSNY","DSNY_001","F7","distributed","woodyWetlands",28.097204,-81.417175,"WGS84",45.1,21.1,0.1,"1 - trap not set","ShermanLF","2020-04-23","2020-04-23",,,,,,,,,,,,,,,,,,,,,,,,,,,,,,,,,,,,,,,,,,,,,,,,
"76f8b360-3ff6-4a1f-b193-952e576ad1de","ffc5c894-490a-4059-bab6-b3ef382e4940","DSNY_001.mammalGrid.mam","D03","DSNY","DSNY_001","A5","distributed","woodyWetlands",28.097204,-81.417175,"WGS84",45.1,21.1,0.1,"1 - trap not set","ShermanLF","2020-04-23","2020-04-23",,,,,,,,,,,,,,,,,,,,,,,,,,,,,,,,,,,,,,,,,,,,,,,,
"60cf11e4-1e76-4797-8e50-c31895ac241e","24c31e89-e9a3-4855-b81f-0c320f9e54ab","DSNY_004.mammalGrid.mam","D03","DSNY","DSNY_004","F10","distributed","woodyWetlands",28.099481,-81.401475,"WGS84",45.1,20.8,0.1,"1 - trap not set","ShermanLF","2020-04-23","2020-04-23",,,,,,,,,,,,,,,,,,,,,,,,,,,,,,,,,,,,,,,,,,,,,,,,
"941452bf-4f0b-49e4-8ead-611b9e8c5811","24c31e89-e9a3-4855-b81f-0c320f9e54ab","DSNY_004.mammalGrid.mam","D03","DSNY","DSNY_004","F9","distributed","woodyWetlands",28.099481,-81.401475,"WGS84",45.1,20.8,0.1,"1 - trap not set","ShermanLF","2020-04-23","2020-04-23",,,,,,,,,,,,,,,,,,,,,,,,,,,,,,,,,,,,,,,,,,,,,,,,
"cd6cc3eb-d503-4f23-ae42-e2cad656e9f1","cf66ce29-ee61-4087-9c4d-ade99a6f3d71","DSNY_016.mammalGrid.mam","D03","DSNY","DSNY_016","I10","distributed","pastureHay",28.045236,-81.393101,"WGS84",45.1,19.9,0.1,"1 - trap not set","ShermanLF","2020-04-23","2020-04-23",,,,,,,,,,,,,,,,,,,,,,,,,,,,,,,,,,,,,,,,,,,,,,,,
"26e221bf-c4ed-4a15-8bc6-7cbda944e0a3","ffc5c894-490a-4059-bab6-b3ef382e4940","DSNY_001.mammalGrid.mam","D03","DSNY","DSNY_001","F6","distributed","woodyWetlands",28.097204,-81.417175,"WGS84",45.1,21.1,0.1,"1 - trap not set","ShermanLF","2020-04-23","2020-04-23",,,,,,,,,,,,,,,,,,,,,,,,,,,,,,,,,,,,,,,,,,,,,,,,
"a2ec4f89-d46b-4389-bbfd-2ab57d45f5af","cf66ce29-ee61-4087-9c4d-ade99a6f3d71","DSNY_016.mammalGrid.mam","D03","DSNY","DSNY_016","E6","distributed","pastureHay",28.045236,-81.393101,"WGS84",45.1,19.9,0.1,"1 - trap not set","ShermanLF","2020-04-23","2020-04-23",,,,,,,,,,,,,,,,,,,,,,,,,,,,,,,,,,,,,,,,,,,,,,,,
"041fe5ce-ac39-409a-807c-27638ea79909","ffc5c894-490a-4059-bab6-b3ef382e4940","DSNY_001.mammalGrid.mam","D03","DSNY","DSNY_001","D5","distributed","woodyWetlands",28.097204,-81.417175,"WGS84",45.1,21.1,0.1,"1 - trap not set","ShermanLF","2020-04-23","2020-04-23",,,,,,,,,,,,,,,,,,,,,,,,,,,,,,,,,,,,,,,,,,,,,,,,
"304f82db-3cc3-480d-8201-9a7e15fba428","ffc5c894-490a-4059-bab6-b3ef382e4940","DSNY_001.mammalGrid.mam","D03","DSNY","DSNY_001","C9","distributed","woodyWetlands",28.097204,-81.417175,"WGS84",45.1,21.1,0.1,"1 - trap not set","ShermanLF","2020-04-23","2020-04-23",,,,,,,,,,,,,,,,,,,,,,,,,,,,,,,,,,,,,,,,,,,,,,,,
"3fa0b1bf-a407-49b6-aa94-85cf48cb76ff","24c31e89-e9a3-4855-b81f-0c320f9e54ab","DSNY_004.mammalGrid.mam","D03","DSNY","DSNY_004","F5","distributed","woodyWetlands",28.099481,-81.401475,"WGS84",45.1,20.8,0.1,"1 - trap not set","ShermanLF","2020-04-23","2020-04-23",,,,,,,,,,,,,,,,,,,,,,,,,,,,,,,,,,,,,,,,,,,,,,,,
"e65bdceb-f6d8-4942-9900-d0a426a6766d","ffc5c894-490a-4059-bab6-b3ef382e4940","DSNY_001.mammalGrid.mam","D03","DSNY","DSNY_001","I4","distributed","woodyWetlands",28.097204,-81.417175,"WGS84",45.1,21.1,0.1,"1 - trap not set","ShermanLF","2020-04-23","2020-04-23",,,,,,,,,,,,,,,,,,,,,,,,,,,,,,,,,,,,,,,,,,,,,,,,
"6723f2c3-01f1-41ac-9786-429be7fc2cbe","ffc5c894-490a-4059-bab6-b3ef382e4940","DSNY_001.mammalGrid.mam","D03","DSNY","DSNY_001","C10","distributed","woodyWetlands",28.097204,-81.417175,"WGS84",45.1,21.1,0.1,"1 - trap not set","ShermanLF","2020-04-23","2020-04-23",,,,,,,,,,,,,,,,,,,,,,,,,,,,,,,,,,,,,,,,,,,,,,,,
"05840ec6-43d2-4762-93d0-7b75fb2f7e7e","24c31e89-e9a3-4855-b81f-0c320f9e54ab","DSNY_004.mammalGrid.mam","D03","DSNY","DSNY_004","G7","distributed","woodyWetlands",28.099481,-81.401475,"WGS84",45.1,20.8,0.1,"1 - trap not set","ShermanLF","2020-04-23","2020-04-23",,,,,,,,,,,,,,,,,,,,,,,,,,,,,,,,,,,,,,,,,,,,,,,,
"8c653495-bddb-499c-8210-b7d8a62cbd02","cf66ce29-ee61-4087-9c4d-ade99a6f3d71","DSNY_016.mammalGrid.mam","D03","DSNY","DSNY_016","H9","distributed","pastureHay",28.045236,-81.393101,"WGS84",45.1,19.9,0.1,"1 - trap not set","ShermanLF","2020-04-23","2020-04-23",,,,,,,,,,,,,,,,,,,,,,,,,,,,,,,,,,,,,,,,,,,,,,,,
"6d509560-069d-4455-ac0d-ed6bf25d7b5c","24c31e89-e9a3-4855-b81f-0c320f9e54ab","DSNY_004.mammalGrid.mam","D03","DSNY","DSNY_004","G3","distributed","woodyWetlands",28.099481,-81.401475,"WGS84",45.1,20.8,0.1,"1 - trap not set","ShermanLF","2020-04-23","2020-04-23",,,,,,,,,,,,,,,,,,,,,,,,,,,,,,,,,,,,,,,,,,,,,,,,
"434a11c5-dc89-4b36-a54f-b157c89d6bf3","e1efd25a-be98-4160-b5ca-8bb6ca7720bd","DSNY_005.mammalGrid.mam","D03","DSNY","DSNY_005","C2","distributed","woodyWetlands",28.039127,-81.391902,"WGS84",45.1,19.7,0.1,"1 - trap not set","ShermanLF","2020-04-23","2020-04-23",,,,,,,,,,,,,,,,,,,,,,,,,,,,,,,,,,,,,,,,,,,,,,,,
"6d22543e-3b76-4e56-b987-c8dda232ceeb","cf66ce29-ee61-4087-9c4d-ade99a6f3d71","DSNY_016.mammalGrid.mam","D03","DSNY","DSNY_016","C9","distributed","pastureHay",28.045236,-81.393101,"WGS84",45.1,19.9,0.1,"1 - trap not set","ShermanLF","2020-04-23","2020-04-23",,,,,,,,,,,,,,,,,,,,,,,,,,,,,,,,,,,,,,,,,,,,,,,,
"4fd73fb0-7ad7-44d9-a550-ca302d8d7c79","24c31e89-e9a3-4855-b81f-0c320f9e54ab","DSNY_004.mammalGrid.mam","D03","DSNY","DSNY_004","I10","distributed","woodyWetlands",28.099481,-81.401475,"WGS84",45.1,20.8,0.1,"1 - trap not set","ShermanLF","2020-04-23","2020-04-23",,,,,,,,,,,,,,,,,,,,,,,,,,,,,,,,,,,,,,,,,,,,,,,,
