uid,nightuid,namedLocation,domainID,siteID,plotID,trapCoordinate,plotType,nlcdClass,decimalLatitude,decimalLongitude,geodeticDatum,coordinateUncertainty,elevation,elevationUncertainty,trapStatus,trapType,collectDate,endDate,tagID,individualCode,taxonID,scientificName,taxonRank,identificationQualifier,identificationReferences,identificationHistoryID,voucherUpdate,nativeStatusCode,sex,recapture,fate,replacedTag,lifeStage,testes,nipples,pregnancyStatus,vagina,hindfootLength,earLength,tailLength,totalLength,weight,larvalTicksAttached,nymphalTicksAttached,adultTicksAttached,tickNumber,additionalParasites,frozenSamplePrepMethod,bloodSampleID,bloodSampleBarcode,bloodSampleMethod,fecalSampleID,fecalSampleBarcode,fecalSampleCondition,earSampleID,earSampleBarcode,hairSampleID,hairSampleBarcode,hairSampleContents,voucherSampleID,voucherSampleBarcode,measuredBy,recordedBy,remarks,dataQF,dataEntryRecordID
"6df21da0-73c8-4107-a3b2-3541cc2f6f8f","81056462-8424-4cd3-a2df-2a9ec5d18838","UNDE_012.mammalGrid.mam","D05","UNDE","UNDE_012","C10","distributed","woodyWetlands",46.237255,-89.502396,"WGS84",45.2,522.2,0.3,"6 - trap set and empty","ShermanLF","2018-08-08","2018-08-08",,,,,,,,,,,,,,,,,,,,,,,,,,,,,,,,,,,,,,,,,,,,"jswenson@battelleecology.org","dsmith1@battelleecology.org",,,
"be4a65e7-4797-4572-929b-0b568057eb15","5b310710-78e2-44ef-9425-0de105f2afc2","UNDE_027.mammalGrid.mam","D05","UNDE","UNDE_027","I4","distributed","deciduousForest",46.211194,-89.491388,"WGS84",45.2,517.2,0.2,"5 - capture","ShermanLF","2018-08-08","2018-08-08","NEON.MAM.D05.R4384",,"PELE","Peromyscus leucopus","species","cf. species",,,,"N","M","Y","released",,"adult","scrotal",,,,,,,,21,"U","U","U",,,,,,,,,,,,,,,,,"aspink@neoninc.org","rchambliss@battelleecology.org",,,
"2cea6052-78d8-48cc-ba32-f9b2bca38f6b","bb030b55-808c-4b21-8d63-ec09ba8a88fd","UNDE_032.mammalGrid.mam","D05","UNDE","UNDE_032","I4","distributed","mixedForest",46.244036,-89.536945,"WGS84",45.2,510.5,0.2,"5 - capture","ShermanLF","2018-08-08","2018-08-08","NEON.MAM.D05.R4874",,"NAIN","Napaeozapus insignis","species",,,,,"N","M","N","released",,"adult","nonscrotal",,,,30,,,,21,"N","N","N",,,,"UNDE.20180808.R4874.B","D00000011864","mandibular",,,,"UNDE.20180808.R4874.E","D00000012630",,,,,,"aspink@neoninc.org","rchambliss@battelleecology.org",,,
"5cacc42c-ae71-403c-a11e-1d33b56f6093","bb030b55-808c-4b21-8d63-ec09ba8a88fd","UNDE_032.mammalGrid.mam","D05","UNDE","UNDE_032","I5","distributed","mixedForest",46.244036,-89.536945,"WGS84",45.2,510.5,0.2,"2 - trap disturbed/door closed but empty","ShermanLF","2018-08-08","2018-08-08",,,,,,,,,,,,,,,,,,,,,,,,,,,,,,,,,,,,,,,,,,,,"aspink@neoninc.org","rchambliss@battelleecology.org",,,
"d871870e-3b6f-4c87-bf0e-29585db85999","bb030b55-808c-4b21-8d63-ec09ba8a88fd","UNDE_032.mammalGrid.mam","D05","UNDE","UNDE_032","J4","distributed","mixedForest",46.244036,-89.536945,"WGS84",45.2,510.5,0.2,"5 - capture","ShermanLF","2018-08-08","2018-08-08","NEON.MAM.D05.961411",,"TAST","Tamias striatus","species",,,,,"N","F","Y","released",,"adult",,"nonenlarged","not","neither",36,,,,105,"N","N","N",,,,,,,"UNDE.20180808.961411.F","D00000012672","fresh",,,,,,,,"aspink@neoninc.org","rchambliss@battelleecology.org","Infected wound on abdomen",,
"4182fb56-aa13-45d9-a70f-3b8f6709d4c6","bb030b55-808c-4b21-8d63-ec09ba8a88fd","UNDE_032.mammalGrid.mam","D05","UNDE","UNDE_032","A3","distributed","mixedForest",46.244036,-89.536945,"WGS84",45.2,510.5,0.2,"2 - trap disturbed/door closed but empty","ShermanLF","2018-08-08","2018-08-08",,,,,,,,,,,,,,,,,,,,,,,,,,,,,,,,,,,,,,,,,,,,"aspink@neoninc.org","rchambliss@battelleecology.org",,,
"d1b864e8-0baf-4a4c-9a8a-2cca0276473c","5b310710-78e2-44ef-9425-0de105f2afc2","UNDE_027.mammalGrid.mam","D05","UNDE","UNDE_027","A5","distributed","deciduousForest",46.211194,-89.491388,"WGS84",45.2,517.2,0.2,"2 - trap disturbed/door closed but empty","ShermanLF","2018-08-08","2018-08-08",,,,,,,,,,,,,,,,,,,,,,,,,,,,,,,,,,,,,,,,,,,,"aspink@neoninc.org","rchambliss@battelleecology.org",,,
"4f961321-58ec-47f9-be2c-514a3af05ab4","5b310710-78e2-44ef-9425-0de105f2afc2","UNDE_027.mammalGrid.mam","D05","UNDE","UNDE_027","B7","distributed","deciduousForest",46.211194,-89.491388,"WGS84",45.2,517.2,0.2,"6 - trap set and empty","ShermanLF","2018-08-08","2018-08-08",,,,,,,,,,,,,,,,,,,,,,,,,,,,,,,,,,,,,,,,,,,,"aspink@neoninc.org","rchambliss@battelleecology.org",,,
"27725e0a-94a2-42ee-8f05-6c690a5cc97b","81056462-8424-4cd3-a2df-2a9ec5d18838","UNDE_012.mammalGrid.mam","D05","UNDE","UNDE_012","F1","distributed","woodyWetlands",46.237255,-89.502396,"WGS84",45.2,522.2,0.3,"6 - trap set and empty","ShermanLF","2018-08-08","2018-08-08",,,,,,,,,,,,,,,,,,,,,,,,,,,,,,,,,,,,,,,,,,,,"jswenson@battelleecology.org","dsmith1@battelleecology.org",,,
"a62973ed-918b-4aca-baef-fb7df9520549","5b310710-78e2-44ef-9425-0de105f2afc2","UNDE_027.mammalGrid.mam","D05","UNDE","UNDE_027","J8","distributed","deciduousForest",46.211194,-89.491388,"WGS84",45.2,517.2,0.2,"6 - trap set and empty","ShermanLF","2018-08-08","2018-08-08",,,,,,,,,,,,,,,,,,,,,,,,,,,,,,,,,,,,,,,,,,,,"aspink@neoninc.org","rchambliss@battelleecology.org",,,
"d01e6927-cb3c-40d7-bb1b-ddc783a05756","81056462-8424-4cd3-a2df-2a9ec5d18838","UNDE_012.mammalGrid.mam","D05","UNDE","UNDE_012","D9","distributed","woodyWetlands",46.237255,-89.502396,"WGS84",45.2,522.2,0.3,"6 - trap set and empty","ShermanLF","2018-08-08","2018-08-08",,,,,,,,,,,,,,,,,,,,,,,,,,,,,,,,,,,,,,,,,,,,"jswenson@battelleecology.org","dsmith1@battelleecology.org",,,
"68467b8b-09f3-4398-8a4e-73ea7a57f49a","bb030b55-808c-4b21-8d63-ec09ba8a88fd","UNDE_032.mammalGrid.mam","D05","UNDE","UNDE_032","D7","distributed","mixedForest",46.244036,-89.536945,"WGS84",45.2,510.5,0.2,"2 - trap disturbed/door closed but empty","ShermanLF","2018-08-08","2018-08-08",,,,,,,,,,,,,,,,,,,,,,,,,,,,,,,,,,,,,,,,,,,,"aspink@neoninc.org","rchambliss@battelleecology.org",,,
"600cadca-22d4-425d-88f2-5c239cd49ca9","5b310710-78e2-44ef-9425-0de105f2afc2","UNDE_027.mammalGrid.mam","D05","UNDE","UNDE_027","A4","distributed","deciduousForest",46.211194,-89.491388,"WGS84",45.2,517.2,0.2,"5 - capture","ShermanLF","2018-08-08","2018-08-08","NEON.MAM.D05.R4576",,"ZAHU","Zapus hudsonius","species",,,,,"N","M","N","released",,"subadult","nonscrotal",,,,,,,,12,"U","U","U",,,,"UNDE.20180808.R4576.B","D00000012585","mandibular","UNDE.20180808.R4576.F","D00000011545","fresh","UNDE.20180808.R4576.E","D00000012005",,,,,,"aspink@neoninc.org","rchambliss@battelleecology.org",,,
"8d221048-9962-4c80-96ea-88028b8ea6f9","bb030b55-808c-4b21-8d63-ec09ba8a88fd","UNDE_032.mammalGrid.mam","D05","UNDE","UNDE_032","J3","distributed","mixedForest",46.244036,-89.536945,"WGS84",45.2,510.5,0.2,"2 - trap disturbed/door closed but empty","ShermanLF","2018-08-08","2018-08-08",,,,,,,,,,,,,,,,,,,,,,,,,,,,,,,,,,,,,,,,,,,,"aspink@neoninc.org","rchambliss@battelleecology.org",,,
"a28a00b2-4622-44ad-bf1c-73ddbdc03018","81056462-8424-4cd3-a2df-2a9ec5d18838","UNDE_012.mammalGrid.mam","D05","UNDE","UNDE_012","B6","distributed","woodyWetlands",46.237255,-89.502396,"WGS84",45.2,522.2,0.3,"5 - capture","ShermanLF","2018-08-08","2018-08-08","NEON.MAM.D05.R4299",,"ZAHU","Zapus hudsonius","species",,,,,"N","F","N","released",,"adult",,"enlarged","not","neither",29,,,,17,"N","N","N",,,,"UNDE.20180808.R4299.B","D00000011919","mandibular",,,,"UNDE.20180808.R4299.E","D00000012665",,,,,,"jswenson@battelleecology.org","dsmith1@battelleecology.org",,,
"188addf2-aa11-4b63-914b-461470982b80","81056462-8424-4cd3-a2df-2a9ec5d18838","UNDE_012.mammalGrid.mam","D05","UNDE","UNDE_012","E7","distributed","woodyWetlands",46.237255,-89.502396,"WGS84",45.2,522.2,0.3,"3 - trap door open or closed w/ spoor left","ShermanLF","2018-08-08","2018-08-08",,,,,,,,,,,,,,,,,,,,,,,,,,,,,,,,,,,,,,,,,,,,"jswenson@battelleecology.org","dsmith1@battelleecology.org",,,
"a709689a-4e27-4cdd-a320-47bdd5e1ce6a","bb030b55-808c-4b21-8d63-ec09ba8a88fd","UNDE_032.mammalGrid.mam","D05","UNDE","UNDE_032","D2","distributed","mixedForest",46.244036,-89.536945,"WGS84",45.2,510.5,0.2,"2 - trap disturbed/door closed but empty","ShermanLF","2018-08-08","2018-08-08",,,,,,,,,,,,,,,,,,,,,,,,,,,,,,,,,,,,,,,,,,,,"aspink@neoninc.org","rchambliss@battelleecology.org",,,
"ae028515-894b-4711-8826-728903d4425b","81056462-8424-4cd3-a2df-2a9ec5d18838","UNDE_012.mammalGrid.mam","D05","UNDE","UNDE_012","F6","distributed","woodyWetlands",46.237255,-89.502396,"WGS84",45.2,522.2,0.3,"6 - trap set and empty","ShermanLF","2018-08-08","2018-08-08",,,,,,,,,,,,,,,,,,,,,,,,,,,,,,,,,,,,,,,,,,,,"jswenson@battelleecology.org","dsmith1@battelleecology.org",,,
"9c4c1137-33ec-4954-b246-76fe0bb7ad3c","5b310710-78e2-44ef-9425-0de105f2afc2","UNDE_027.mammalGrid.mam","D05","UNDE","UNDE_027","G10","distributed","deciduousForest",46.211194,-89.491388,"WGS84",45.2,517.2,0.2,"6 - trap set and empty","ShermanLF","2018-08-08","2018-08-08",,,,,,,,,,,,,,,,,,,,,,,,,,,,,,,,,,,,,,,,,,,,"aspink@neoninc.org","rchambliss@battelleecology.org",,,
"0e9609e4-4099-4e70-a723-df2bd5b602cc","bb030b55-808c-4b21-8d63-ec09ba8a88fd","UNDE_032.mammalGrid.mam","D05","UNDE","UNDE_032","F2","distributed","mixedForest",46.244036,-89.536945,"WGS84",45.2,510.5,0.2,"2 - trap disturbed/door closed but empty","ShermanLF","2018-08-08","2018-08-08",,,,,,,,,,,,,,,,,,,,,,,,,,,,,,,,,,,,,,,,,,,,"aspink@neoninc.org","rchambliss@battelleecology.org",,,
"08408015-c5f5-400a-ad02-a5c8f015e060","bb030b55-808c-4b21-8d63-ec09ba8a88fd","UNDE_032.mammalGrid.mam","D05","UNDE","UNDE_032","H6","distributed","mixedForest",46.244036,-89.536945,"WGS84",45.2,510.5,0.2,"2 - trap disturbed/door closed but empty","ShermanLF","2018-08-08","2018-08-08",,,,,,,,,,,,,,,,,,,,,,,,,,,,,,,,,,,,,,,,,,,,"aspink@neoninc.org","rchambliss@battelleecology.org",,,
"2d5104a0-f9ca-483d-be07-4c74524691f6","bb030b55-808c-4b21-8d63-ec09ba8a88fd","UNDE_032.mammalGrid.mam","D05","UNDE","UNDE_032","E1","distributed","mixedForest",46.244036,-89.536945,"WGS84",45.2,510.5,0.2,"5 - capture","ShermanLF","2018-08-08","2018-08-08","NEON.MAM.D05.R4191",,"MYGA","Myodes gapperi","species",,,,,"N","F","Y","released",,"adult",,"enlarged","not","plugged",19,,,,24,"N","N","N",,,,"UNDE.20180808.R4191.B","D00000012550","mandibular","UNDE.20180808.R4191.F","D00000012427","fresh",,,,,,,,"aspink@neoninc.org","rchambliss@battelleecology.org",,,
"8afd86fd-47a6-4c12-b02c-6fc3defbf097","5b310710-78e2-44ef-9425-0de105f2afc2","UNDE_027.mammalGrid.mam","D05","UNDE","UNDE_027","G8","distributed","deciduousForest",46.211194,-89.491388,"WGS84",45.2,517.2,0.2,"3 - trap door open or closed w/ spoor left","ShermanLF","2018-08-08","2018-08-08",,,,,,,,,,,,,,,,,,,,,,,,,,,,,,,,,,,,,,,,,,,,"aspink@neoninc.org","rchambliss@battelleecology.org",,,
"b2fc9894-c20d-440f-8050-178736c67e03","bb030b55-808c-4b21-8d63-ec09ba8a88fd","UNDE_032.mammalGrid.mam","D05","UNDE","UNDE_032","C5","distributed","mixedForest",46.244036,-89.536945,"WGS84",45.2,510.5,0.2,"2 - trap disturbed/door closed but empty","ShermanLF","2018-08-08","2018-08-08",,,,,,,,,,,,,,,,,,,,,,,,,,,,,,,,,,,,,,,,,,,,"aspink@neoninc.org","rchambliss@battelleecology.org",,,
"ce9b619a-3e92-4247-a8f2-d0c753072f60","81056462-8424-4cd3-a2df-2a9ec5d18838","UNDE_012.mammalGrid.mam","D05","UNDE","UNDE_012","D10","distributed","woodyWetlands",46.237255,-89.502396,"WGS84",45.2,522.2,0.3,"5 - capture","ShermanLF","2018-08-08","2018-08-08","NEON.MAM.D05.R4709",,"ZAHU","Zapus hudsonius","species",,"NEON.DOC.001909",,,"N","F","N","released",,"subadult",,"nonenlarged","not","neither",29,,,,17,"N","N","N",,,,"UNDE.20180808.R4709.B","D00000011862","mandibular",,,,"UNDE.20180808.R4709.E","D00000011535",,,,,,"jswenson@battelleecology.org","dsmith1@battelleecology.org",,,
"d2b9f284-640d-493b-83f3-6721010d54ac","bb030b55-808c-4b21-8d63-ec09ba8a88fd","UNDE_032.mammalGrid.mam","D05","UNDE","UNDE_032","J7","distributed","mixedForest",46.244036,-89.536945,"WGS84",45.2,510.5,0.2,"2 - trap disturbed/door closed but empty","ShermanLF","2018-08-08","2018-08-08",,,,,,,,,,,,,,,,,,,,,,,,,,,,,,,,,,,,,,,,,,,,"aspink@neoninc.org","rchambliss@battelleecology.org",,,
"d5e906da-1ecc-46e8-ba05-189905d2747f","bb030b55-808c-4b21-8d63-ec09ba8a88fd","UNDE_032.mammalGrid.mam","D05","UNDE","UNDE_032","F7","distributed","mixedForest",46.244036,-89.536945,"WGS84",45.2,510.5,0.2,"2 - trap disturbed/door closed but empty","ShermanLF","2018-08-08","2018-08-08",,,,,,,,,,,,,,,,,,,,,,,,,,,,,,,,,,,,,,,,,,,,"aspink@neoninc.org","rchambliss@battelleecology.org",,,
"4af34a5b-7190-4cdc-ab98-62015cdc8dd8","5b310710-78e2-44ef-9425-0de105f2afc2","UNDE_027.mammalGrid.mam","D05","UNDE","UNDE_027","H8","distributed","deciduousForest",46.211194,-89.491388,"WGS84",45.2,517.2,0.2,"3 - trap door open or closed w/ spoor left","ShermanLF","2018-08-08","2018-08-08",,,,,,,,,,,,,,,,,,,,,,,,,,,,,,,,,,,,,,,,,,,,"aspink@neoninc.org","rchambliss@battelleecology.org",,,
"92842a25-2b0e-4598-9671-8446455bf0b6","81056462-8424-4cd3-a2df-2a9ec5d18838","UNDE_012.mammalGrid.mam","D05","UNDE","UNDE_012","H6","distributed","woodyWetlands",46.237255,-89.502396,"WGS84",45.2,522.2,0.3,"5 - capture","ShermanLF","2018-08-08","2018-08-08","NEON.MAM.D05.R4146",,"PEMA","Peromyscus maniculatus","species",,,,,"N","M","Y","released",,"adult","scrotal",,,,21,19,,,23,"N","N","N",,,,"UNDE.20180808.R4146.B","D00000011853","mandibular",,,,,,"UNDE.20180808.R4146.H","B00000021335","hairAndWhisker",,,"jswenson@battelleecology.org","dsmith1@battelleecology.org",,,
"660db37e-d73c-4bd9-9725-125f110dcab2","81056462-8424-4cd3-a2df-2a9ec5d18838","UNDE_012.mammalGrid.mam","D05","UNDE","UNDE_012","E1","distributed","woodyWetlands",46.237255,-89.502396,"WGS84",45.2,522.2,0.3,"6 - trap set and empty","ShermanLF","2018-08-08","2018-08-08",,,,,,,,,,,,,,,,,,,,,,,,,,,,,,,,,,,,,,,,,,,,"jswenson@battelleecology.org","dsmith1@battelleecology.org",,,
"88430eae-ba28-4f18-9623-a25489eb0c15","5b310710-78e2-44ef-9425-0de105f2afc2","UNDE_027.mammalGrid.mam","D05","UNDE","UNDE_027","E2","distributed","deciduousForest",46.211194,-89.491388,"WGS84",45.2,517.2,0.2,"5 - capture","ShermanLF","2018-08-08","2018-08-08","NEON.MAM.D05.R4597",,"NAIN","Napaeozapus insignis","species",,,,,"N","M","N","released",,"adult","nonscrotal",,,,,,,,16,"U","U","U",,,,"UNDE.20180808.R4597.B","D00000011693","mandibular",,,,"UNDE.20180808.R4597.E","D00000011859",,,,,,"aspink@neoninc.org","rchambliss@battelleecology.org",,,
"f9d610d9-f81f-4ef3-9674-496f41642a6a","81056462-8424-4cd3-a2df-2a9ec5d18838","UNDE_012.mammalGrid.mam","D05","UNDE","UNDE_012","A5","distributed","woodyWetlands",46.237255,-89.502396,"WGS84",45.2,522.2,0.3,"6 - trap set and empty","ShermanLF","2018-08-08","2018-08-08",,,,,,,,,,,,,,,,,,,,,,,,,,,,,,,,,,,,,,,,,,,,"jswenson@battelleecology.org","dsmith1@battelleecology.org",,,
"c8afdca5-8a00-47e9-a1b1-3ba607a66490","81056462-8424-4cd3-a2df-2a9ec5d18838","UNDE_012.mammalGrid.mam","D05","UNDE","UNDE_012","H4","distributed","woodyWetlands",46.237255,-89.502396,"WGS84",45.2,522.2,0.3,"2 - trap disturbed/door closed but empty","ShermanLF","2018-08-08","2018-08-08",,,,,,,,,,,,,,,,,,,,,,,,,,,,,,,,,,,,,,,,,,,,"jswenson@battelleecology.org","dsmith1@battelleecology.org",,,
"5fb8c263-eb7d-4767-973b-03df6a7d1bc6","bb030b55-808c-4b21-8d63-ec09ba8a88fd","UNDE_032.mammalGrid.mam","D05","UNDE","UNDE_032","G10","distributed","mixedForest",46.244036,-89.536945,"WGS84",45.2,510.5,0.2,"2 - trap disturbed/door closed but empty","ShermanLF","2018-08-08","2018-08-08",,,,,,,,,,,,,,,,,,,,,,,,,,,,,,,,,,,,,,,,,,,,"aspink@neoninc.org","rchambliss@battelleecology.org",,,
"649c1555-05f1-4d25-ba41-0e868415586b","5b310710-78e2-44ef-9425-0de105f2afc2","UNDE_027.mammalGrid.mam","D05","UNDE","UNDE_027","E1","distributed","deciduousForest",46.211194,-89.491388,"WGS84",45.2,517.2,0.2,"5 - capture","ShermanLF","2018-08-08","2018-08-08","NEON.MAM.D05.R4297",,"PEMA","Peromyscus maniculatus","species","cf. species",,,,"N","F","Y","released",,"adult",,"nonenlarged","not","swollen",,,,,24,"U","U","U",,,,"UNDE.20180808.R4297.B","D00000012091","mandibular","UNDE.20180808.R4297.F","D00000012003","fresh",,,"UNDE.20180808.R4297.H","B00000021119","hairAndWhisker",,,"aspink@neoninc.org","rchambliss@battelleecology.org",,,
"c7c0469b-b0f3-48b7-a561-33b16e1b9567","5b310710-78e2-44ef-9425-0de105f2afc2","UNDE_027.mammalGrid.mam","D05","UNDE","UNDE_027","I2","distributed","deciduousForest",46.211194,-89.491388,"WGS84",45.2,517.2,0.2,"5 - capture","ShermanLF","2018-08-08","2018-08-08","NEON.MAM.D05.R4581",,"NAIN","Napaeozapus insignis","species",,,,,"N","F","N","released",,"adult",,"nonenlarged","not","neither",,,,,16,"U","U","U",,,,,,,,,,,,,,,,,"aspink@neoninc.org","rchambliss@battelleecology.org",,,
"20986d01-60b7-408a-bd24-c695cabb9072","5b310710-78e2-44ef-9425-0de105f2afc2","UNDE_027.mammalGrid.mam","D05","UNDE","UNDE_027","J4","distributed","deciduousForest",46.211194,-89.491388,"WGS84",45.2,517.2,0.2,"5 - capture","ShermanLF","2018-08-08","2018-08-08","NEON.MAM.D05.R4583",,"ZAHU","Zapus hudsonius","species",,,,,"N","M","N","released",,"adult","nonscrotal",,,,,,,,15,"U","U","U",,,,,,,,,,,,,,,,,"aspink@neoninc.org","rchambliss@battelleecology.org",,,
"a19b7f1e-0a1f-4425-979a-edc161eef473","81056462-8424-4cd3-a2df-2a9ec5d18838","UNDE_012.mammalGrid.mam","D05","UNDE","UNDE_012","G2","distributed","woodyWetlands",46.237255,-89.502396,"WGS84",45.2,522.2,0.3,"5 - capture","ShermanLF","2018-08-08","2018-08-08","NEON.MAM.D05.R4619",,"PEMA","Peromyscus maniculatus","species",,,,"taxonID confirmed","N","M","Y","released",,"adult","nonscrotal",,,,21,18,,,16,"N","N","N",,,,"UNDE.20180808.R4619.B","D00000012490","mandibular","UNDE.20180808.R4619.F","D00000011530","fresh",,,"UNDE.20180808.R4619.H","B00000021336","hairAndWhisker",,,"jswenson@battelleecology.org","dsmith1@battelleecology.org",,,
"74b8f205-cf81-4f03-a866-c1a338aa3bab","bb030b55-808c-4b21-8d63-ec09ba8a88fd","UNDE_032.mammalGrid.mam","D05","UNDE","UNDE_032","E8","distributed","mixedForest",46.244036,-89.536945,"WGS84",45.2,510.5,0.2,"2 - trap disturbed/door closed but empty","ShermanLF","2018-08-08","2018-08-08",,,,,,,,,,,,,,,,,,,,,,,,,,,,,,,,,,,,,,,,,,,,"aspink@neoninc.org","rchambliss@battelleecology.org",,,
"6d6a7897-d34b-4274-b4e5-17d42aa90bd3","81056462-8424-4cd3-a2df-2a9ec5d18838","UNDE_012.mammalGrid.mam","D05","UNDE","UNDE_012","J2","distributed","woodyWetlands",46.237255,-89.502396,"WGS84",45.2,522.2,0.3,"2 - trap disturbed/door closed but empty","ShermanLF","2018-08-08","2018-08-08",,,,,,,,,,,,,,,,,,,,,,,,,,,,,,,,,,,,,,,,,,,,"jswenson@battelleecology.org","dsmith1@battelleecology.org",,,
"7805b190-1b8e-4f7a-85c2-fe169200bf5f","81056462-8424-4cd3-a2df-2a9ec5d18838","UNDE_012.mammalGrid.mam","D05","UNDE","UNDE_012","B9","distributed","woodyWetlands",46.237255,-89.502396,"WGS84",45.2,522.2,0.3,"6 - trap set and empty","ShermanLF","2018-08-08","2018-08-08",,,,,,,,,,,,,,,,,,,,,,,,,,,,,,,,,,,,,,,,,,,,"jswenson@battelleecology.org","dsmith1@battelleecology.org",,,
"457fc1c7-13ad-44a2-97df-0e0191acaef8","81056462-8424-4cd3-a2df-2a9ec5d18838","UNDE_012.mammalGrid.mam","D05","UNDE","UNDE_012","F7","distributed","woodyWetlands",46.237255,-89.502396,"WGS84",45.2,522.2,0.3,"6 - trap set and empty","ShermanLF","2018-08-08","2018-08-08",,,,,,,,,,,,,,,,,,,,,,,,,,,,,,,,,,,,,,,,,,,,"jswenson@battelleecology.org","dsmith1@battelleecology.org",,,
"90e019e6-4781-42b0-86d1-636f92ba6b81","bb030b55-808c-4b21-8d63-ec09ba8a88fd","UNDE_032.mammalGrid.mam","D05","UNDE","UNDE_032","C3","distributed","mixedForest",46.244036,-89.536945,"WGS84",45.2,510.5,0.2,"2 - trap disturbed/door closed but empty","ShermanLF","2018-08-08","2018-08-08",,,,,,,,,,,,,,,,,,,,,,,,,,,,,,,,,,,,,,,,,,,,"aspink@neoninc.org","rchambliss@battelleecology.org",,,
"6da20ec6-3f3e-440c-af14-204326957fcd","81056462-8424-4cd3-a2df-2a9ec5d18838","UNDE_012.mammalGrid.mam","D05","UNDE","UNDE_012","G3","distributed","woodyWetlands",46.237255,-89.502396,"WGS84",45.2,522.2,0.3,"2 - trap disturbed/door closed but empty","ShermanLF","2018-08-08","2018-08-08",,,,,,,,,,,,,,,,,,,,,,,,,,,,,,,,,,,,,,,,,,,,"jswenson@battelleecology.org","dsmith1@battelleecology.org",,,
"e39405e6-8546-4231-9d3a-fb9e3a4acc4f","bb030b55-808c-4b21-8d63-ec09ba8a88fd","UNDE_032.mammalGrid.mam","D05","UNDE","UNDE_032","H2","distributed","mixedForest",46.244036,-89.536945,"WGS84",45.2,510.5,0.2,"2 - trap disturbed/door closed but empty","ShermanLF","2018-08-08","2018-08-08",,,,,,,,,,,,,,,,,,,,,,,,,,,,,,,,,,,,,,,,,,,,"aspink@neoninc.org","rchambliss@battelleecology.org",,,
"b73b686c-f778-44a4-90a9-c80fd475147b","81056462-8424-4cd3-a2df-2a9ec5d18838","UNDE_012.mammalGrid.mam","D05","UNDE","UNDE_012","A9","distributed","woodyWetlands",46.237255,-89.502396,"WGS84",45.2,522.2,0.3,"6 - trap set and empty","ShermanLF","2018-08-08","2018-08-08",,,,,,,,,,,,,,,,,,,,,,,,,,,,,,,,,,,,,,,,,,,,"jswenson@battelleecology.org","dsmith1@battelleecology.org",,,
"364d00ab-085b-4004-9840-8449c3738416","5b310710-78e2-44ef-9425-0de105f2afc2","UNDE_027.mammalGrid.mam","D05","UNDE","UNDE_027","C9","distributed","deciduousForest",46.211194,-89.491388,"WGS84",45.2,517.2,0.2,"3 - trap door open or closed w/ spoor left","ShermanLF","2018-08-08","2018-08-08",,,,,,,,,,,,,,,,,,,,,,,,,,,,,,,,,,,,,,,,,,,,"aspink@neoninc.org","rchambliss@battelleecology.org",,,
"27d77e02-e2e8-4b15-a0d9-d64350c67e85","bb030b55-808c-4b21-8d63-ec09ba8a88fd","UNDE_032.mammalGrid.mam","D05","UNDE","UNDE_032","H10","distributed","mixedForest",46.244036,-89.536945,"WGS84",45.2,510.5,0.2,"2 - trap disturbed/door closed but empty","ShermanLF","2018-08-08","2018-08-08",,,,,,,,,,,,,,,,,,,,,,,,,,,,,,,,,,,,,,,,,,,,"aspink@neoninc.org","rchambliss@battelleecology.org",,,
"346a6b5d-958b-437b-845e-9ffd2089e035","5b310710-78e2-44ef-9425-0de105f2afc2","UNDE_027.mammalGrid.mam","D05","UNDE","UNDE_027","D3","distributed","deciduousForest",46.211194,-89.491388,"WGS84",45.2,517.2,0.2,"6 - trap set and empty","ShermanLF","2018-08-08","2018-08-08",,,,,,,,,,,,,,,,,,,,,,,,,,,,,,,,,,,,,,,,,,,,"aspink@neoninc.org","rchambliss@battelleecology.org",,,
"73edd57a-6d1a-44ed-ac6b-fc26ee58521d","81056462-8424-4cd3-a2df-2a9ec5d18838","UNDE_012.mammalGrid.mam","D05","UNDE","UNDE_012","A3","distributed","woodyWetlands",46.237255,-89.502396,"WGS84",45.2,522.2,0.3,"6 - trap set and empty","ShermanLF","2018-08-08","2018-08-08",,,,,,,,,,,,,,,,,,,,,,,,,,,,,,,,,,,,,,,,,,,,"jswenson@battelleecology.org","dsmith1@battelleecology.org",,,
"a7b1a4bf-3e42-408f-8a77-df74fa59b879","bb030b55-808c-4b21-8d63-ec09ba8a88fd","UNDE_032.mammalGrid.mam","D05","UNDE","UNDE_032","H9","distributed","mixedForest",46.244036,-89.536945,"WGS84",45.2,510.5,0.2,"2 - trap disturbed/door closed but empty","ShermanLF","2018-08-08","2018-08-08",,,,,,,,,,,,,,,,,,,,,,,,,,,,,,,,,,,,,,,,,,,,"aspink@neoninc.org","rchambliss@battelleecology.org",,,
"93d9a469-d3bb-46aa-915b-cea80a92fbf0","81056462-8424-4cd3-a2df-2a9ec5d18838","UNDE_012.mammalGrid.mam","D05","UNDE","UNDE_012","I1","distributed","woodyWetlands",46.237255,-89.502396,"WGS84",45.2,522.2,0.3,"5 - capture","ShermanLF","2018-08-08","2018-08-08","NEON.MAM.D05.R4600",,"PEMA","Peromyscus maniculatus","species",,,,,"N","M","Y","released",,"adult","nonscrotal",,,,22,20,,,17,"N","N","N",,,,"UNDE.20180808.R4600.B","D00000012606","mandibular","UNDE.20180808.R4600.F","D00000012583","fresh","UNDE.20180808.R4600.E","D00000012615","UNDE.20180808.R4600.H","B00000021398","hairAndWhisker",,,"jswenson@battelleecology.org","dsmith1@battelleecology.org",,,
"14a3bf92-6853-4585-b5fd-5970a2b59df2","81056462-8424-4cd3-a2df-2a9ec5d18838","UNDE_012.mammalGrid.mam","D05","UNDE","UNDE_012","D8","distributed","woodyWetlands",46.237255,-89.502396,"WGS84",45.2,522.2,0.3,"6 - trap set and empty","ShermanLF","2018-08-08","2018-08-08",,,,,,,,,,,,,,,,,,,,,,,,,,,,,,,,,,,,,,,,,,,,"jswenson@battelleecology.org","dsmith1@battelleecology.org",,,
"6792760a-ab28-4892-8bac-247fb2e59f6e","bb030b55-808c-4b21-8d63-ec09ba8a88fd","UNDE_032.mammalGrid.mam","D05","UNDE","UNDE_032","H8","distributed","mixedForest",46.244036,-89.536945,"WGS84",45.2,510.5,0.2,"2 - trap disturbed/door closed but empty","ShermanLF","2018-08-08","2018-08-08",,,,,,,,,,,,,,,,,,,,,,,,,,,,,,,,,,,,,,,,,,,,"aspink@neoninc.org","rchambliss@battelleecology.org",,,
"ce455460-54e1-462c-9acf-80d6448578f3","5b310710-78e2-44ef-9425-0de105f2afc2","UNDE_027.mammalGrid.mam","D05","UNDE","UNDE_027","J5","distributed","deciduousForest",46.211194,-89.491388,"WGS84",45.2,517.2,0.2,"5 - capture","ShermanLF","2018-08-08","2018-08-08","NEON.MAM.D05.R4372",,"PEMA","Peromyscus maniculatus","species","cf. species",,,,"N","F","Y","released",,"adult",,"enlarged","pregnant","neither",,,,,31,"U","U","U",,,,,,,,,,,,,,,,,"aspink@neoninc.org","rchambliss@battelleecology.org",,,
"b7de9253-03a6-4e93-b010-6da498638f2b","81056462-8424-4cd3-a2df-2a9ec5d18838","UNDE_012.mammalGrid.mam","D05","UNDE","UNDE_012","C4","distributed","woodyWetlands",46.237255,-89.502396,"WGS84",45.2,522.2,0.3,"5 - capture","ShermanLF","2018-08-08","2018-08-08","NEON.MAM.D05.L4396",,"MYGA","Myodes gapperi","species",,,,,"N","F","U","released","R","adult",,"enlarged","not","neither",19,,42,,26,"N","N","N",,,,"UNDE.20180808.L4396.B","D00000011827","mandibular","UNDE.20180808.L4396.F","D00000011990","fresh","UNDE.20180808.L4396.E","D00000012500",,,,,,"jswenson@battelleecology.org","dsmith1@battelleecology.org",,,
"653ed428-8c24-4c6c-9e9c-8963019c79c2","bb030b55-808c-4b21-8d63-ec09ba8a88fd","UNDE_032.mammalGrid.mam","D05","UNDE","UNDE_032","G3","distributed","mixedForest",46.244036,-89.536945,"WGS84",45.2,510.5,0.2,"2 - trap disturbed/door closed but empty","ShermanLF","2018-08-08","2018-08-08",,,,,,,,,,,,,,,,,,,,,,,,,,,,,,,,,,,,,,,,,,,,"aspink@neoninc.org","rchambliss@battelleecology.org",,,
"ccc8cc9e-8335-453d-9fcb-dbfa553b89b7","bb030b55-808c-4b21-8d63-ec09ba8a88fd","UNDE_032.mammalGrid.mam","D05","UNDE","UNDE_032","G4","distributed","mixedForest",46.244036,-89.536945,"WGS84",45.2,510.5,0.2,"2 - trap disturbed/door closed but empty","ShermanLF","2018-08-08","2018-08-08",,,,,,,,,,,,,,,,,,,,,,,,,,,,,,,,,,,,,,,,,,,,"aspink@neoninc.org","rchambliss@battelleecology.org",,,
"e3400fbc-ec38-4fdd-a89d-e5f552f2c4d2","5b310710-78e2-44ef-9425-0de105f2afc2","UNDE_027.mammalGrid.mam","D05","UNDE","UNDE_027","F10","distributed","deciduousForest",46.211194,-89.491388,"WGS84",45.2,517.2,0.2,"5 - capture","ShermanLF","2018-08-08","2018-08-08","NEON.MAM.D05.L4407",,"PEMA","Peromyscus maniculatus","species","cf. species",,,,"N","M","Y","released",,"adult","scrotal",,,,,,,,24,"U","U","U",,,,"UNDE.20180808.L4407.B","D00000011972","mandibular","UNDE.20180808.L4407.F","D00000012534","fresh",,,,,,,,"aspink@neoninc.org","rchambliss@battelleecology.org",,,
"fa861c1b-bf49-423e-bbf5-afa49f331fe3","81056462-8424-4cd3-a2df-2a9ec5d18838","UNDE_012.mammalGrid.mam","D05","UNDE","UNDE_012","B2","distributed","woodyWetlands",46.237255,-89.502396,"WGS84",45.2,522.2,0.3,"2 - trap disturbed/door closed but empty","ShermanLF","2018-08-08","2018-08-08",,,,,,,,,,,,,,,,,,,,,,,,,,,,,,,,,,,,,,,,,,,,"jswenson@battelleecology.org","dsmith1@battelleecology.org",,,
"73d89d00-59d2-4914-8d8a-86d0ffa8e4dd","5b310710-78e2-44ef-9425-0de105f2afc2","UNDE_027.mammalGrid.mam","D05","UNDE","UNDE_027","E7","distributed","deciduousForest",46.211194,-89.491388,"WGS84",45.2,517.2,0.2,"6 - trap set and empty","ShermanLF","2018-08-08","2018-08-08",,,,,,,,,,,,,,,,,,,,,,,,,,,,,,,,,,,,,,,,,,,,"aspink@neoninc.org","rchambliss@battelleecology.org",,,
"d731560c-7570-4a39-a224-b5185c0c311f","5b310710-78e2-44ef-9425-0de105f2afc2","UNDE_027.mammalGrid.mam","D05","UNDE","UNDE_027","E10","distributed","deciduousForest",46.211194,-89.491388,"WGS84",45.2,517.2,0.2,"5 - capture","ShermanLF","2018-08-08","2018-08-08","NEON.MAM.D05.R4499",,"PEMA","Peromyscus maniculatus","species","cf. species",,,,"N","F","Y","released",,"adult",,"nonenlarged","pregnant","plugged",,,,,23,"U","U","U",,,,"UNDE.20180808.R4499.B","D00000012021","mandibular","UNDE.20180808.R4499.F","D00000011843","fresh",,,"UNDE.20180808.R4499.H","B00000021351","hairAndWhisker",,,"aspink@neoninc.org","rchambliss@battelleecology.org",,,
"79024548-cfa0-4f98-ae8b-88f5727cf55e","5b310710-78e2-44ef-9425-0de105f2afc2","UNDE_027.mammalGrid.mam","D05","UNDE","UNDE_027","J9","distributed","deciduousForest",46.211194,-89.491388,"WGS84",45.2,517.2,0.2,"5 - capture","ShermanLF","2018-08-08","2018-08-08","NEON.MAM.D05.R3740",,"PELE","Peromyscus leucopus","species","cf. species",,,,"N","F","Y","released",,"adult",,"nonenlarged","not","swollen",,,,,29,"U","U","U",,,,,,,,,,,,,,,,,"aspink@neoninc.org","rchambliss@battelleecology.org",,,
"1bc2a7cd-8a9a-4836-af6f-741491a634f0","bb030b55-808c-4b21-8d63-ec09ba8a88fd","UNDE_032.mammalGrid.mam","D05","UNDE","UNDE_032","I10","distributed","mixedForest",46.244036,-89.536945,"WGS84",45.2,510.5,0.2,"2 - trap disturbed/door closed but empty","ShermanLF","2018-08-08","2018-08-08",,,,,,,,,,,,,,,,,,,,,,,,,,,,,,,,,,,,,,,,,,,,"aspink@neoninc.org","rchambliss@battelleecology.org",,,
"496e15b3-438b-48e9-a23a-c19031526c50","bb030b55-808c-4b21-8d63-ec09ba8a88fd","UNDE_032.mammalGrid.mam","D05","UNDE","UNDE_032","B6","distributed","mixedForest",46.244036,-89.536945,"WGS84",45.2,510.5,0.2,"5 - capture","ShermanLF","2018-08-08","2018-08-08","NEON.MAM.D05.L2123",,"NAIN","Napaeozapus insignis","species",,,,,"N","F","Y","released",,"adult",,"nonenlarged","not","neither",29,,,,35,"N","N","N",,,,"UNDE.20180808.L2123.B","D00000011713","mandibular",,,,,,,,,,,"aspink@neoninc.org","rchambliss@battelleecology.org",,,
"355da0b7-b915-4890-878e-af5f297569ae","bb030b55-808c-4b21-8d63-ec09ba8a88fd","UNDE_032.mammalGrid.mam","D05","UNDE","UNDE_032","B7","distributed","mixedForest",46.244036,-89.536945,"WGS84",45.2,510.5,0.2,"2 - trap disturbed/door closed but empty","ShermanLF","2018-08-08","2018-08-08",,,,,,,,,,,,,,,,,,,,,,,,,,,,,,,,,,,,,,,,,,,,"aspink@neoninc.org","rchambliss@battelleecology.org",,,
"3bfb36f4-3b8e-4acd-9e56-157ce1caa656","81056462-8424-4cd3-a2df-2a9ec5d18838","UNDE_012.mammalGrid.mam","D05","UNDE","UNDE_012","I9","distributed","woodyWetlands",46.237255,-89.502396,"WGS84",45.2,522.2,0.3,"2 - trap disturbed/door closed but empty","ShermanLF","2018-08-08","2018-08-08",,,,,,,,,,,,,,,,,,,,,,,,,,,,,,,,,,,,,,,,,,,,"jswenson@battelleecology.org","dsmith1@battelleecology.org",,,
"1a3f594a-719f-4cc3-a6ac-2510be218f2d","bb030b55-808c-4b21-8d63-ec09ba8a88fd","UNDE_032.mammalGrid.mam","D05","UNDE","UNDE_032","G1","distributed","mixedForest",46.244036,-89.536945,"WGS84",45.2,510.5,0.2,"2 - trap disturbed/door closed but empty","ShermanLF","2018-08-08","2018-08-08",,,,,,,,,,,,,,,,,,,,,,,,,,,,,,,,,,,,,,,,,,,,"aspink@neoninc.org","rchambliss@battelleecology.org",,,
"d0173559-9542-4a5e-bdac-aa1d8b4bfb5a","81056462-8424-4cd3-a2df-2a9ec5d18838","UNDE_012.mammalGrid.mam","D05","UNDE","UNDE_012","J6","distributed","woodyWetlands",46.237255,-89.502396,"WGS84",45.2,522.2,0.3,"2 - trap disturbed/door closed but empty","ShermanLF","2018-08-08","2018-08-08",,,,,,,,,,,,,,,,,,,,,,,,,,,,,,,,,,,,,,,,,,,,"jswenson@battelleecology.org","dsmith1@battelleecology.org",,,
"4cf42610-71ec-4ae7-9c83-a0053dc8a8fd","bb030b55-808c-4b21-8d63-ec09ba8a88fd","UNDE_032.mammalGrid.mam","D05","UNDE","UNDE_032","A7","distributed","mixedForest",46.244036,-89.536945,"WGS84",45.2,510.5,0.2,"2 - trap disturbed/door closed but empty","ShermanLF","2018-08-08","2018-08-08",,,,,,,,,,,,,,,,,,,,,,,,,,,,,,,,,,,,,,,,,,,,"aspink@neoninc.org","rchambliss@battelleecology.org",,,
"de77e57c-822c-40a2-bff5-b8ee174dded3","5b310710-78e2-44ef-9425-0de105f2afc2","UNDE_027.mammalGrid.mam","D05","UNDE","UNDE_027","H1","distributed","deciduousForest",46.211194,-89.491388,"WGS84",45.2,517.2,0.2,"3 - trap door open or closed w/ spoor left","ShermanLF","2018-08-08","2018-08-08",,,,,,,,,,,,,,,,,,,,,,,,,,,,,,,,,,,,,,,,,,,,"aspink@neoninc.org","rchambliss@battelleecology.org",,,
"946f16bf-a912-4d36-a434-909df4eda3a0","81056462-8424-4cd3-a2df-2a9ec5d18838","UNDE_012.mammalGrid.mam","D05","UNDE","UNDE_012","B1","distributed","woodyWetlands",46.237255,-89.502396,"WGS84",45.2,522.2,0.3,"5 - capture","ShermanLF","2018-08-08","2018-08-08","NEON.MAM.D05.L4743",,"PEMA","Peromyscus maniculatus","species",,,,,"N","F","Y","released","R4029","adult",,"nonenlarged","not","neither",22,20,,,29,"N","N","N",,,,"UNDE.20180808.L4743.B","D00000011534","mandibular","UNDE.20180808.L4743.F","D00000012449","fresh",,,"UNDE.20180808.L4743.H","B00000021331","hairAndWhisker",,,"jswenson@battelleecology.org","dsmith1@battelleecology.org",,,
"1283e691-9fe9-4dfa-a1eb-9b68f6dd6431","81056462-8424-4cd3-a2df-2a9ec5d18838","UNDE_012.mammalGrid.mam","D05","UNDE","UNDE_012","F2","distributed","woodyWetlands",46.237255,-89.502396,"WGS84",45.2,522.2,0.3,"5 - capture","ShermanLF","2018-08-08","2018-08-08","NEON.MAM.D05.R4341",,"PEMA","Peromyscus maniculatus","species",,,,,"N","F","N","released",,"subadult",,,"not","neither",20,18,,,14,"N","N","N",,,,"UNDE.20180808.R4341.B","D00000011662","mandibular",,,,"UNDE.20180808.R4341.E","D00000012051","UNDE.20180808.R4341.H","B00000021328","hairAndWhisker",,,"jswenson@battelleecology.org","dsmith1@battelleecology.org",,,
"b54e7422-a683-4c34-bd0d-7c5afe8f095f","bb030b55-808c-4b21-8d63-ec09ba8a88fd","UNDE_032.mammalGrid.mam","D05","UNDE","UNDE_032","G7","distributed","mixedForest",46.244036,-89.536945,"WGS84",45.2,510.5,0.2,"2 - trap disturbed/door closed but empty","ShermanLF","2018-08-08","2018-08-08",,,,,,,,,,,,,,,,,,,,,,,,,,,,,,,,,,,,,,,,,,,,"aspink@neoninc.org","rchambliss@battelleecology.org",,,
"eb7b7a16-98cc-461b-99e8-64884838db86","81056462-8424-4cd3-a2df-2a9ec5d18838","UNDE_012.mammalGrid.mam","D05","UNDE","UNDE_012","A10","distributed","woodyWetlands",46.237255,-89.502396,"WGS84",45.2,522.2,0.3,"2 - trap disturbed/door closed but empty","ShermanLF","2018-08-08","2018-08-08",,,,,,,,,,,,,,,,,,,,,,,,,,,,,,,,,,,,,,,,,,,,"jswenson@battelleecology.org","dsmith1@battelleecology.org",,,
"5a82a44d-3788-4bcf-af86-a9cb31060517","5b310710-78e2-44ef-9425-0de105f2afc2","UNDE_027.mammalGrid.mam","D05","UNDE","UNDE_027","F3","distributed","deciduousForest",46.211194,-89.491388,"WGS84",45.2,517.2,0.2,"6 - trap set and empty","ShermanLF","2018-08-08","2018-08-08",,,,,,,,,,,,,,,,,,,,,,,,,,,,,,,,,,,,,,,,,,,,"aspink@neoninc.org","rchambliss@battelleecology.org",,,
"e170457a-c185-48b7-b0e5-31345f944bae","81056462-8424-4cd3-a2df-2a9ec5d18838","UNDE_012.mammalGrid.mam","D05","UNDE","UNDE_012","D6","distributed","woodyWetlands",46.237255,-89.502396,"WGS84",45.2,522.2,0.3,"6 - trap set and empty","ShermanLF","2018-08-08","2018-08-08",,,,,,,,,,,,,,,,,,,,,,,,,,,,,,,,,,,,,,,,,,,,"jswenson@battelleecology.org","dsmith1@battelleecology.org",,,
"1d84d7f8-b7a8-4f21-857c-7762f706f096","81056462-8424-4cd3-a2df-2a9ec5d18838","UNDE_012.mammalGrid.mam","D05","UNDE","UNDE_012","H5","distributed","woodyWetlands",46.237255,-89.502396,"WGS84",45.2,522.2,0.3,"2 - trap disturbed/door closed but empty","ShermanLF","2018-08-08","2018-08-08",,,,,,,,,,,,,,,,,,,,,,,,,,,,,,,,,,,,,,,,,,,,"jswenson@battelleecology.org","dsmith1@battelleecology.org",,,
"9b47045b-e300-482a-bd73-ab02b9e2f1b3","bb030b55-808c-4b21-8d63-ec09ba8a88fd","UNDE_032.mammalGrid.mam","D05","UNDE","UNDE_032","C8","distributed","mixedForest",46.244036,-89.536945,"WGS84",45.2,510.5,0.2,"2 - trap disturbed/door closed but empty","ShermanLF","2018-08-08","2018-08-08",,,,,,,,,,,,,,,,,,,,,,,,,,,,,,,,,,,,,,,,,,,,"aspink@neoninc.org","rchambliss@battelleecology.org",,,
"8e066e52-ba97-4946-a818-c628d6551110","5b310710-78e2-44ef-9425-0de105f2afc2","UNDE_027.mammalGrid.mam","D05","UNDE","UNDE_027","C2","distributed","deciduousForest",46.211194,-89.491388,"WGS84",45.2,517.2,0.2,"5 - capture","ShermanLF","2018-08-08","2018-08-08","NEON.MAM.D05.O027C220180808",,"BLBR","Blarina brevicauda","species",,,,,"N","U","N","released",,"adult",,,,,,,,,,"U","U","U",,,,,,,,,,,,,,,,,"aspink@neoninc.org","rchambliss@battelleecology.org",,,
"650f6a19-c9bf-433b-a277-31e03d8a8ce7","bb030b55-808c-4b21-8d63-ec09ba8a88fd","UNDE_032.mammalGrid.mam","D05","UNDE","UNDE_032","D4","distributed","mixedForest",46.244036,-89.536945,"WGS84",45.2,510.5,0.2,"2 - trap disturbed/door closed but empty","ShermanLF","2018-08-08","2018-08-08",,,,,,,,,,,,,,,,,,,,,,,,,,,,,,,,,,,,,,,,,,,,"aspink@neoninc.org","rchambliss@battelleecology.org",,,
"4602e5bf-71cb-4848-9abb-ff0f775a2776","81056462-8424-4cd3-a2df-2a9ec5d18838","UNDE_012.mammalGrid.mam","D05","UNDE","UNDE_012","G7","distributed","woodyWetlands",46.237255,-89.502396,"WGS84",45.2,522.2,0.3,"2 - trap disturbed/door closed but empty","ShermanLF","2018-08-08","2018-08-08",,,,,,,,,,,,,,,,,,,,,,,,,,,,,,,,,,,,,,,,,,,,"jswenson@battelleecology.org","dsmith1@battelleecology.org",,,
"c2f15bbb-d016-4105-9cab-64af338f50c7","bb030b55-808c-4b21-8d63-ec09ba8a88fd","UNDE_032.mammalGrid.mam","D05","UNDE","UNDE_032","A5","distributed","mixedForest",46.244036,-89.536945,"WGS84",45.2,510.5,0.2,"2 - trap disturbed/door closed but empty","ShermanLF","2018-08-08","2018-08-08",,,,,,,,,,,,,,,,,,,,,,,,,,,,,,,,,,,,,,,,,,,,"aspink@neoninc.org","rchambliss@battelleecology.org",,,
"19b9df5c-ad6a-43c3-80e3-d414a872a091","5b310710-78e2-44ef-9425-0de105f2afc2","UNDE_027.mammalGrid.mam","D05","UNDE","UNDE_027","I7","distributed","deciduousForest",46.211194,-89.491388,"WGS84",45.2,517.2,0.2,"6 - trap set and empty","ShermanLF","2018-08-08","2018-08-08",,,,,,,,,,,,,,,,,,,,,,,,,,,,,,,,,,,,,,,,,,,,"aspink@neoninc.org","rchambliss@battelleecology.org",,,
"d7b386cd-5d3e-410e-a3d3-fe3e4d707133","5b310710-78e2-44ef-9425-0de105f2afc2","UNDE_027.mammalGrid.mam","D05","UNDE","UNDE_027","F1","distributed","deciduousForest",46.211194,-89.491388,"WGS84",45.2,517.2,0.2,"6 - trap set and empty","ShermanLF","2018-08-08","2018-08-08",,,,,,,,,,,,,,,,,,,,,,,,,,,,,,,,,,,,,,,,,,,,"aspink@neoninc.org","rchambliss@battelleecology.org",,,
"dec2235b-5e2a-48da-b429-8fd29c9d7163","bb030b55-808c-4b21-8d63-ec09ba8a88fd","UNDE_032.mammalGrid.mam","D05","UNDE","UNDE_032","E5","distributed","mixedForest",46.244036,-89.536945,"WGS84",45.2,510.5,0.2,"2 - trap disturbed/door closed but empty","ShermanLF","2018-08-08","2018-08-08",,,,,,,,,,,,,,,,,,,,,,,,,,,,,,,,,,,,,,,,,,,,"aspink@neoninc.org","rchambliss@battelleecology.org",,,
"46e1d7bc-697f-4914-9a13-356c15d765ac","bb030b55-808c-4b21-8d63-ec09ba8a88fd","UNDE_032.mammalGrid.mam","D05","UNDE","UNDE_032","B4","distributed","mixedForest",46.244036,-89.536945,"WGS84",45.2,510.5,0.2,"2 - trap disturbed/door closed but empty","ShermanLF","2018-08-08","2018-08-08",,,,,,,,,,,,,,,,,,,,,,,,,,,,,,,,,,,,,,,,,,,,"aspink@neoninc.org","rchambliss@battelleecology.org",,,
"b5eb0e41-49df-441d-9cac-6d6b93196c94","5b310710-78e2-44ef-9425-0de105f2afc2","UNDE_027.mammalGrid.mam","D05","UNDE","UNDE_027","J1","distributed","deciduousForest",46.211194,-89.491388,"WGS84",45.2,517.2,0.2,"5 - capture","ShermanLF","2018-08-08","2018-08-08","NEON.MAM.D05.R4582",,"PEMA","Peromyscus maniculatus","species","cf. species",,,,"N","F","N","released",,"subadult",,"nonenlarged","not","neither",,,,,12,"U","U","U",,,,,,,,,,,,,,,,,"aspink@neoninc.org","rchambliss@battelleecology.org",,,
"6a4a4386-082a-4747-b14e-830cb991f325","5b310710-78e2-44ef-9425-0de105f2afc2","UNDE_027.mammalGrid.mam","D05","UNDE","UNDE_027","G9","distributed","deciduousForest",46.211194,-89.491388,"WGS84",45.2,517.2,0.2,"5 - capture","ShermanLF","2018-08-08","2018-08-08","NEON.MAM.D05.O027G920180808",,"BLBR","Blarina brevicauda","species",,,,,"N","U","N","released",,"adult",,,,,,,,,,"U","U","U",,,,,,,,,,,,,,,,,"aspink@neoninc.org","rchambliss@battelleecology.org",,,
"eb9d3ff5-2269-4308-8e1e-afa02a630dc9","bb030b55-808c-4b21-8d63-ec09ba8a88fd","UNDE_032.mammalGrid.mam","D05","UNDE","UNDE_032","C6","distributed","mixedForest",46.244036,-89.536945,"WGS84",45.2,510.5,0.2,"2 - trap disturbed/door closed but empty","ShermanLF","2018-08-08","2018-08-08",,,,,,,,,,,,,,,,,,,,,,,,,,,,,,,,,,,,,,,,,,,,"aspink@neoninc.org","rchambliss@battelleecology.org",,,
"8344a5cc-c570-4543-af03-a055f5898786","bb030b55-808c-4b21-8d63-ec09ba8a88fd","UNDE_032.mammalGrid.mam","D05","UNDE","UNDE_032","G8","distributed","mixedForest",46.244036,-89.536945,"WGS84",45.2,510.5,0.2,"2 - trap disturbed/door closed but empty","ShermanLF","2018-08-08","2018-08-08",,,,,,,,,,,,,,,,,,,,,,,,,,,,,,,,,,,,,,,,,,,,"aspink@neoninc.org","rchambliss@battelleecology.org",,,
"dcffe5c4-d2f5-474f-8348-8a990ccb6e85","81056462-8424-4cd3-a2df-2a9ec5d18838","UNDE_012.mammalGrid.mam","D05","UNDE","UNDE_012","B4","distributed","woodyWetlands",46.237255,-89.502396,"WGS84",45.2,522.2,0.3,"2 - trap disturbed/door closed but empty","ShermanLF","2018-08-08","2018-08-08",,,,,,,,,,,,,,,,,,,,,,,,,,,,,,,,,,,,,,,,,,,,"jswenson@battelleecology.org","dsmith1@battelleecology.org",,,
"894e6a94-1053-4ed5-b085-a0869970e699","5b310710-78e2-44ef-9425-0de105f2afc2","UNDE_027.mammalGrid.mam","D05","UNDE","UNDE_027","D6","distributed","deciduousForest",46.211194,-89.491388,"WGS84",45.2,517.2,0.2,"6 - trap set and empty","ShermanLF","2018-08-08","2018-08-08",,,,,,,,,,,,,,,,,,,,,,,,,,,,,,,,,,,,,,,,,,,,"aspink@neoninc.org","rchambliss@battelleecology.org",,,
"96ddcb83-8ae8-4446-b713-7b291e0c22ee","5b310710-78e2-44ef-9425-0de105f2afc2","UNDE_027.mammalGrid.mam","D05","UNDE","UNDE_027","B1","distributed","deciduousForest",46.211194,-89.491388,"WGS84",45.2,517.2,0.2,"5 - capture","ShermanLF","2018-08-08","2018-08-08","NEON.MAM.D05.L4599",,"ZAHU","Zapus hudsonius","species",,,,,"N","F","U","released","R","adult",,"nonenlarged","not","neither",,,,,20,"U","U","U",,,,"UNDE.20180808.L4599.B","D00000012460","mandibular",,,,,,,,,,,"aspink@neoninc.org","rchambliss@battelleecology.org",,,
"c637bb0a-d86f-42d3-9b88-c02fe0b4c687","bb030b55-808c-4b21-8d63-ec09ba8a88fd","UNDE_032.mammalGrid.mam","D05","UNDE","UNDE_032","F9","distributed","mixedForest",46.244036,-89.536945,"WGS84",45.2,510.5,0.2,"2 - trap disturbed/door closed but empty","ShermanLF","2018-08-08","2018-08-08",,,,,,,,,,,,,,,,,,,,,,,,,,,,,,,,,,,,,,,,,,,,"aspink@neoninc.org","rchambliss@battelleecology.org",,,
"e16bc1bc-4996-4feb-873f-035e43c42384","81056462-8424-4cd3-a2df-2a9ec5d18838","UNDE_012.mammalGrid.mam","D05","UNDE","UNDE_012","D5","distributed","woodyWetlands",46.237255,-89.502396,"WGS84",45.2,522.2,0.3,"6 - trap set and empty","ShermanLF","2018-08-08","2018-08-08",,,,,,,,,,,,,,,,,,,,,,,,,,,,,,,,,,,,,,,,,,,,"jswenson@battelleecology.org","dsmith1@battelleecology.org",,,
"120817f5-1ec0-4da2-9b69-feee770b8614","81056462-8424-4cd3-a2df-2a9ec5d18838","UNDE_012.mammalGrid.mam","D05","UNDE","UNDE_012","H7","distributed","woodyWetlands",46.237255,-89.502396,"WGS84",45.2,522.2,0.3,"6 - trap set and empty","ShermanLF","2018-08-08","2018-08-08",,,,,,,,,,,,,,,,,,,,,,,,,,,,,,,,,,,,,,,,,,,,"jswenson@battelleecology.org","dsmith1@battelleecology.org",,,
"4065e0c1-d429-48f3-b26f-7d8173106bec","bb030b55-808c-4b21-8d63-ec09ba8a88fd","UNDE_032.mammalGrid.mam","D05","UNDE","UNDE_032","I1","distributed","mixedForest",46.244036,-89.536945,"WGS84",45.2,510.5,0.2,"2 - trap disturbed/door closed but empty","ShermanLF","2018-08-08","2018-08-08",,,,,,,,,,,,,,,,,,,,,,,,,,,,,,,,,,,,,,,,,,,,"aspink@neoninc.org","rchambliss@battelleecology.org",,,
"44a5ab83-5df6-416c-a1ed-8e4be88c354d","5b310710-78e2-44ef-9425-0de105f2afc2","UNDE_027.mammalGrid.mam","D05","UNDE","UNDE_027","G7","distributed","deciduousForest",46.211194,-89.491388,"WGS84",45.2,517.2,0.2,"3 - trap door open or closed w/ spoor left","ShermanLF","2018-08-08","2018-08-08",,,,,,,,,,,,,,,,,,,,,,,,,,,,,,,,,,,,,,,,,,,,"aspink@neoninc.org","rchambliss@battelleecology.org",,,
"1c2c5f52-d0ff-4863-bf52-37bfa046cd2a","81056462-8424-4cd3-a2df-2a9ec5d18838","UNDE_012.mammalGrid.mam","D05","UNDE","UNDE_012","G6","distributed","woodyWetlands",46.237255,-89.502396,"WGS84",45.2,522.2,0.3,"5 - capture","ShermanLF","2018-08-08","2018-08-08","NEON.MAM.D05.O012G620180808",,"BLBR","Blarina brevicauda","species",,,,,"N","U","U","released",,"unknown",,,,,,,,,,"U","U","U",,,,,,,,,,,,,,,,,"jswenson@battelleecology.org","dsmith1@battelleecology.org",,,
"8fc71995-95d3-4505-a124-3c46fa11f093","5b310710-78e2-44ef-9425-0de105f2afc2","UNDE_027.mammalGrid.mam","D05","UNDE","UNDE_027","B2","distributed","deciduousForest",46.211194,-89.491388,"WGS84",45.2,517.2,0.2,"6 - trap set and empty","ShermanLF","2018-08-08","2018-08-08",,,,,,,,,,,,,,,,,,,,,,,,,,,,,,,,,,,,,,,,,,,,"aspink@neoninc.org","rchambliss@battelleecology.org",,,
"fa9b4678-41c8-4594-b563-8ec8a1294cff","81056462-8424-4cd3-a2df-2a9ec5d18838","UNDE_012.mammalGrid.mam","D05","UNDE","UNDE_012","D2","distributed","woodyWetlands",46.237255,-89.502396,"WGS84",45.2,522.2,0.3,"6 - trap set and empty","ShermanLF","2018-08-08","2018-08-08",,,,,,,,,,,,,,,,,,,,,,,,,,,,,,,,,,,,,,,,,,,,"jswenson@battelleecology.org","dsmith1@battelleecology.org",,,
"15109b84-1130-4712-b9e9-72b4c3d539e5","5b310710-78e2-44ef-9425-0de105f2afc2","UNDE_027.mammalGrid.mam","D05","UNDE","UNDE_027","A1","distributed","deciduousForest",46.211194,-89.491388,"WGS84",45.2,517.2,0.2,"5 - capture","ShermanLF","2018-08-08","2018-08-08","NEON.MAM.D05.R4767",,"ZAHU","Zapus hudsonius","species",,,,,"N","M","N","released",,"adult","nonscrotal",,,,,,,,17,"U","U","U",,,,"UNDE.20180808.R4767.B","D00000011652","mandibular",,,,"UNDE.20180808.R4767.E","D00000011620",,,,,,"aspink@neoninc.org","rchambliss@battelleecology.org",,,
"66ec84ac-82a1-4c80-a0fe-96c3e96360c0","81056462-8424-4cd3-a2df-2a9ec5d18838","UNDE_012.mammalGrid.mam","D05","UNDE","UNDE_012","J8","distributed","woodyWetlands",46.237255,-89.502396,"WGS84",45.2,522.2,0.3,"5 - capture","ShermanLF","2018-08-08","2018-08-08","NEON.MAM.D05.R4610",,"PEMA","Peromyscus maniculatus","species",,,,"taxonID confirmed","N","M","Y","released",,"adult","nonscrotal",,,,21,19,,,17,"N","N","N",,,,"UNDE.20180808.R4610.B","D00000012445","mandibular","UNDE.20180808.R4610.F","D00000012444","fresh",,,"UNDE.20180808.R4610.H","B00000021340","hairAndWhisker",,,"jswenson@battelleecology.org","dsmith1@battelleecology.org",,,
"a863d30c-7137-4c08-bfd1-7651d1b6faa7","bb030b55-808c-4b21-8d63-ec09ba8a88fd","UNDE_032.mammalGrid.mam","D05","UNDE","UNDE_032","E10","distributed","mixedForest",46.244036,-89.536945,"WGS84",45.2,510.5,0.2,"2 - trap disturbed/door closed but empty","ShermanLF","2018-08-08","2018-08-08",,,,,,,,,,,,,,,,,,,,,,,,,,,,,,,,,,,,,,,,,,,,"aspink@neoninc.org","rchambliss@battelleecology.org",,,
"7ad48865-5bc4-4a8d-bbf5-b82ddf88b044","bb030b55-808c-4b21-8d63-ec09ba8a88fd","UNDE_032.mammalGrid.mam","D05","UNDE","UNDE_032","A9","distributed","mixedForest",46.244036,-89.536945,"WGS84",45.2,510.5,0.2,"2 - trap disturbed/door closed but empty","ShermanLF","2018-08-08","2018-08-08",,,,,,,,,,,,,,,,,,,,,,,,,,,,,,,,,,,,,,,,,,,,"aspink@neoninc.org","rchambliss@battelleecology.org",,,
"f896f9be-728d-4d2c-a4ee-07c4aaef3b1f","81056462-8424-4cd3-a2df-2a9ec5d18838","UNDE_012.mammalGrid.mam","D05","UNDE","UNDE_012","H9","distributed","woodyWetlands",46.237255,-89.502396,"WGS84",45.2,522.2,0.3,"6 - trap set and empty","ShermanLF","2018-08-08","2018-08-08",,,,,,,,,,,,,,,,,,,,,,,,,,,,,,,,,,,,,,,,,,,,"jswenson@battelleecology.org","dsmith1@battelleecology.org",,,
"12d45d6e-1391-4cd2-a59c-2f77f6cb0981","5b310710-78e2-44ef-9425-0de105f2afc2","UNDE_027.mammalGrid.mam","D05","UNDE","UNDE_027","B5","distributed","deciduousForest",46.211194,-89.491388,"WGS84",45.2,517.2,0.2,"5 - capture","ShermanLF","2018-08-08","2018-08-08","NEON.MAM.D05.R4575",,"PEMA","Peromyscus maniculatus","species",,,,,"N","F","N","released",,"adult",,"nonenlarged","not","neither",,,,,14,"U","U","U",,,,"UNDE.20180808.R4575.B","D00000012014","mandibular",,,,"UNDE.20180808.R4575.E","D00000012000","UNDE.20180808.R4575.H","B00000021434","hairAndWhisker",,,"aspink@neoninc.org","rchambliss@battelleecology.org",,,
"b30172ba-2ce9-449e-814d-c3c13fd6eb65","81056462-8424-4cd3-a2df-2a9ec5d18838","UNDE_012.mammalGrid.mam","D05","UNDE","UNDE_012","I10","distributed","woodyWetlands",46.237255,-89.502396,"WGS84",45.2,522.2,0.3,"6 - trap set and empty","ShermanLF","2018-08-08","2018-08-08",,,,,,,,,,,,,,,,,,,,,,,,,,,,,,,,,,,,,,,,,,,,"jswenson@battelleecology.org","dsmith1@battelleecology.org",,,
"aae678e7-e636-4983-b9ff-67b5ad56c5a6","5b310710-78e2-44ef-9425-0de105f2afc2","UNDE_027.mammalGrid.mam","D05","UNDE","UNDE_027","G6","distributed","deciduousForest",46.211194,-89.491388,"WGS84",45.2,517.2,0.2,"5 - capture","ShermanLF","2018-08-08","2018-08-08","NEON.MAM.D05.R4423",,"PEMA","Peromyscus maniculatus","species","cf. species",,,,"N","M","Y","released",,"adult","nonscrotal",,,,,,,,14,"U","U","U",,,,"UNDE.20180808.R4423.B","D00000011961","mandibular - QNS",,,,,,,,,,,"aspink@neoninc.org","rchambliss@battelleecology.org",,,
"ad5b25ca-9128-4f2a-b763-8c74ffeada81","bb030b55-808c-4b21-8d63-ec09ba8a88fd","UNDE_032.mammalGrid.mam","D05","UNDE","UNDE_032","H7","distributed","mixedForest",46.244036,-89.536945,"WGS84",45.2,510.5,0.2,"2 - trap disturbed/door closed but empty","ShermanLF","2018-08-08","2018-08-08",,,,,,,,,,,,,,,,,,,,,,,,,,,,,,,,,,,,,,,,,,,,"aspink@neoninc.org","rchambliss@battelleecology.org",,,
"60382e0c-261e-45c6-b605-6bd85924dac2","5b310710-78e2-44ef-9425-0de105f2afc2","UNDE_027.mammalGrid.mam","D05","UNDE","UNDE_027","D7","distributed","deciduousForest",46.211194,-89.491388,"WGS84",45.2,517.2,0.2,"5 - capture","ShermanLF","2018-08-08","2018-08-08","NEON.MAM.D05.O027D720180808",,"BLBR","Blarina brevicauda","species",,,,,"N","U","N","released",,"adult",,,,,,,,,,"U","U","U",,,,,,,,,,,,,,,,,"aspink@neoninc.org","rchambliss@battelleecology.org",,,
"3d4931fc-55ab-4fac-811b-19695bb4f4b9","81056462-8424-4cd3-a2df-2a9ec5d18838","UNDE_012.mammalGrid.mam","D05","UNDE","UNDE_012","D4","distributed","woodyWetlands",46.237255,-89.502396,"WGS84",45.2,522.2,0.3,"6 - trap set and empty","ShermanLF","2018-08-08","2018-08-08",,,,,,,,,,,,,,,,,,,,,,,,,,,,,,,,,,,,,,,,,,,,"jswenson@battelleecology.org","dsmith1@battelleecology.org",,,
"005b3576-44bd-499e-837c-b4eb6bd25af1","81056462-8424-4cd3-a2df-2a9ec5d18838","UNDE_012.mammalGrid.mam","D05","UNDE","UNDE_012","I6","distributed","woodyWetlands",46.237255,-89.502396,"WGS84",45.2,522.2,0.3,"2 - trap disturbed/door closed but empty","ShermanLF","2018-08-08","2018-08-08",,,,,,,,,,,,,,,,,,,,,,,,,,,,,,,,,,,,,,,,,,,,"jswenson@battelleecology.org","dsmith1@battelleecology.org",,,
"59080453-cb7e-45ef-b2ef-2c05cf0d4731","5b310710-78e2-44ef-9425-0de105f2afc2","UNDE_027.mammalGrid.mam","D05","UNDE","UNDE_027","I3","distributed","deciduousForest",46.211194,-89.491388,"WGS84",45.2,517.2,0.2,"6 - trap set and empty","ShermanLF","2018-08-08","2018-08-08",,,,,,,,,,,,,,,,,,,,,,,,,,,,,,,,,,,,,,,,,,,,"aspink@neoninc.org","rchambliss@battelleecology.org",,,
"1d9e85d8-1e3b-47d8-a4d4-b5a8a8825f9b","bb030b55-808c-4b21-8d63-ec09ba8a88fd","UNDE_032.mammalGrid.mam","D05","UNDE","UNDE_032","F1","distributed","mixedForest",46.244036,-89.536945,"WGS84",45.2,510.5,0.2,"2 - trap disturbed/door closed but empty","ShermanLF","2018-08-08","2018-08-08",,,,,,,,,,,,,,,,,,,,,,,,,,,,,,,,,,,,,,,,,,,,"aspink@neoninc.org","rchambliss@battelleecology.org",,,
"fc04743e-e5f8-491a-848a-c0db4ed3a6cf","5b310710-78e2-44ef-9425-0de105f2afc2","UNDE_027.mammalGrid.mam","D05","UNDE","UNDE_027","G4","distributed","deciduousForest",46.211194,-89.491388,"WGS84",45.2,517.2,0.2,"3 - trap door open or closed w/ spoor left","ShermanLF","2018-08-08","2018-08-08",,,,,,,,,,,,,,,,,,,,,,,,,,,,,,,,,,,,,,,,,,,,"aspink@neoninc.org","rchambliss@battelleecology.org",,,
"86496da2-3eb4-43be-8013-2683500bbb4f","bb030b55-808c-4b21-8d63-ec09ba8a88fd","UNDE_032.mammalGrid.mam","D05","UNDE","UNDE_032","F10","distributed","mixedForest",46.244036,-89.536945,"WGS84",45.2,510.5,0.2,"2 - trap disturbed/door closed but empty","ShermanLF","2018-08-08","2018-08-08",,,,,,,,,,,,,,,,,,,,,,,,,,,,,,,,,,,,,,,,,,,,"aspink@neoninc.org","rchambliss@battelleecology.org",,,
"4fff3e37-d045-4897-9bff-dcf0f74c9d0f","5b310710-78e2-44ef-9425-0de105f2afc2","UNDE_027.mammalGrid.mam","D05","UNDE","UNDE_027","F4","distributed","deciduousForest",46.211194,-89.491388,"WGS84",45.2,517.2,0.2,"5 - capture","ShermanLF","2018-08-08","2018-08-08","NEON.MAM.D05.O027F420180808",,"BLBR","Blarina brevicauda","species",,,,,"N","U","N","released",,"adult",,,,,,,,,,"U","U","U",,,,,,,,,,,,,,,,,"aspink@neoninc.org","rchambliss@battelleecology.org",,,
"284281d5-95d5-44c6-9fd6-0b136bd54eef","bb030b55-808c-4b21-8d63-ec09ba8a88fd","UNDE_032.mammalGrid.mam","D05","UNDE","UNDE_032","A2","distributed","mixedForest",46.244036,-89.536945,"WGS84",45.2,510.5,0.2,"2 - trap disturbed/door closed but empty","ShermanLF","2018-08-08","2018-08-08",,,,,,,,,,,,,,,,,,,,,,,,,,,,,,,,,,,,,,,,,,,,"aspink@neoninc.org","rchambliss@battelleecology.org",,,
"09d6114d-4a80-4812-be80-2766351d1305","5b310710-78e2-44ef-9425-0de105f2afc2","UNDE_027.mammalGrid.mam","D05","UNDE","UNDE_027","J6","distributed","deciduousForest",46.211194,-89.491388,"WGS84",45.2,517.2,0.2,"5 - capture","ShermanLF","2018-08-08","2018-08-08","NEON.MAM.D05.R4482",,"PELE","Peromyscus leucopus","species","cf. species",,,,"N","M","Y","released",,"adult","scrotal",,,,,,,,24,"U","U","U",,,,,,,,,,,,,,,,,"aspink@neoninc.org","rchambliss@battelleecology.org",,,
"ff031961-73f9-4ef9-8389-55109d9f4807","81056462-8424-4cd3-a2df-2a9ec5d18838","UNDE_012.mammalGrid.mam","D05","UNDE","UNDE_012","J1","distributed","woodyWetlands",46.237255,-89.502396,"WGS84",45.2,522.2,0.3,"2 - trap disturbed/door closed but empty","ShermanLF","2018-08-08","2018-08-08",,,,,,,,,,,,,,,,,,,,,,,,,,,,,,,,,,,,,,,,,,,,"jswenson@battelleecology.org","dsmith1@battelleecology.org",,,
"ac895ca5-f12a-440f-95be-bfa23cdcab15","5b310710-78e2-44ef-9425-0de105f2afc2","UNDE_027.mammalGrid.mam","D05","UNDE","UNDE_027","H4","distributed","deciduousForest",46.211194,-89.491388,"WGS84",45.2,517.2,0.2,"5 - capture","ShermanLF","2018-08-08","2018-08-08","NEON.MAM.D05.R4420",,"PEMA","Peromyscus maniculatus","species","cf. species",,,,"N","M","Y","released",,"adult","scrotal",,,,,,,,20,"U","U","U",,,,,,,,,,,,,,,,,"aspink@neoninc.org","rchambliss@battelleecology.org",,,
"c3cc8bfb-e6ca-4737-bbea-0a81c59b964f","5b310710-78e2-44ef-9425-0de105f2afc2","UNDE_027.mammalGrid.mam","D05","UNDE","UNDE_027","C8","distributed","deciduousForest",46.211194,-89.491388,"WGS84",45.2,517.2,0.2,"6 - trap set and empty","ShermanLF","2018-08-08","2018-08-08",,,,,,,,,,,,,,,,,,,,,,,,,,,,,,,,,,,,,,,,,,,,"aspink@neoninc.org","rchambliss@battelleecology.org",,,
"a2d77c2f-549e-4a39-a419-df375293d95f","81056462-8424-4cd3-a2df-2a9ec5d18838","UNDE_012.mammalGrid.mam","D05","UNDE","UNDE_012","J5","distributed","woodyWetlands",46.237255,-89.502396,"WGS84",45.2,522.2,0.3,"5 - capture","ShermanLF","2018-08-08","2018-08-08","NEON.MAM.D05.R4747",,"PEMA","Peromyscus maniculatus","species","cf. species",,,,"N","M","N","released",,"subadult","nonscrotal",,,,21,19,,,15,"N","N","N",,,,"UNDE.20180808.R4747.B","D00000011650","mandibular","UNDE.20180808.R4747.F","D00000011504","fresh","UNDE.20180808.R4747.E","D00000012648","UNDE.20180808.R4747.H","B00000021339","hairAndWhisker",,,"jswenson@battelleecology.org","dsmith1@battelleecology.org",,,
"d3c4a8d9-4478-4ef1-986c-dbab044bb4a5","5b310710-78e2-44ef-9425-0de105f2afc2","UNDE_027.mammalGrid.mam","D05","UNDE","UNDE_027","J7","distributed","deciduousForest",46.211194,-89.491388,"WGS84",45.2,517.2,0.2,"2 - trap disturbed/door closed but empty","ShermanLF","2018-08-08","2018-08-08",,,,,,,,,,,,,,,,,,,,,,,,,,,,,,,,,,,,,,,,,,,,"aspink@neoninc.org","rchambliss@battelleecology.org",,,
"90d7902b-ef73-409d-820e-2b4be704d4c0","bb030b55-808c-4b21-8d63-ec09ba8a88fd","UNDE_032.mammalGrid.mam","D05","UNDE","UNDE_032","G6","distributed","mixedForest",46.244036,-89.536945,"WGS84",45.2,510.5,0.2,"2 - trap disturbed/door closed but empty","ShermanLF","2018-08-08","2018-08-08",,,,,,,,,,,,,,,,,,,,,,,,,,,,,,,,,,,,,,,,,,,,"aspink@neoninc.org","rchambliss@battelleecology.org",,,
"9c1cee9c-f38d-4219-800c-35bd3a5eae66","81056462-8424-4cd3-a2df-2a9ec5d18838","UNDE_012.mammalGrid.mam","D05","UNDE","UNDE_012","G10","distributed","woodyWetlands",46.237255,-89.502396,"WGS84",45.2,522.2,0.3,"6 - trap set and empty","ShermanLF","2018-08-08","2018-08-08",,,,,,,,,,,,,,,,,,,,,,,,,,,,,,,,,,,,,,,,,,,,"jswenson@battelleecology.org","dsmith1@battelleecology.org",,,
"edd81cd4-bfbc-4e68-a474-b286beaaefc1","81056462-8424-4cd3-a2df-2a9ec5d18838","UNDE_012.mammalGrid.mam","D05","UNDE","UNDE_012","B7","distributed","woodyWetlands",46.237255,-89.502396,"WGS84",45.2,522.2,0.3,"6 - trap set and empty","ShermanLF","2018-08-08","2018-08-08",,,,,,,,,,,,,,,,,,,,,,,,,,,,,,,,,,,,,,,,,,,,"jswenson@battelleecology.org","dsmith1@battelleecology.org",,,
"b14fb667-9976-46b4-a8ee-b5ed5de9106e","5b310710-78e2-44ef-9425-0de105f2afc2","UNDE_027.mammalGrid.mam","D05","UNDE","UNDE_027","A9","distributed","deciduousForest",46.211194,-89.491388,"WGS84",45.2,517.2,0.2,"6 - trap set and empty","ShermanLF","2018-08-08","2018-08-08",,,,,,,,,,,,,,,,,,,,,,,,,,,,,,,,,,,,,,,,,,,,"aspink@neoninc.org","rchambliss@battelleecology.org",,,
"95dded84-d858-4d72-8961-3ce30310b47b","81056462-8424-4cd3-a2df-2a9ec5d18838","UNDE_012.mammalGrid.mam","D05","UNDE","UNDE_012","C9","distributed","woodyWetlands",46.237255,-89.502396,"WGS84",45.2,522.2,0.3,"6 - trap set and empty","ShermanLF","2018-08-08","2018-08-08",,,,,,,,,,,,,,,,,,,,,,,,,,,,,,,,,,,,,,,,,,,,"jswenson@battelleecology.org","dsmith1@battelleecology.org",,,
"4f94f3ea-c1e4-48ae-a19a-807d31282827","81056462-8424-4cd3-a2df-2a9ec5d18838","UNDE_012.mammalGrid.mam","D05","UNDE","UNDE_012","E3","distributed","woodyWetlands",46.237255,-89.502396,"WGS84",45.2,522.2,0.3,"6 - trap set and empty","ShermanLF","2018-08-08","2018-08-08",,,,,,,,,,,,,,,,,,,,,,,,,,,,,,,,,,,,,,,,,,,,"jswenson@battelleecology.org","dsmith1@battelleecology.org",,,
"297619e8-529e-49f4-b440-00d9fd3dbf4b","5b310710-78e2-44ef-9425-0de105f2afc2","UNDE_027.mammalGrid.mam","D05","UNDE","UNDE_027","D2","distributed","deciduousForest",46.211194,-89.491388,"WGS84",45.2,517.2,0.2,"6 - trap set and empty","ShermanLF","2018-08-08","2018-08-08",,,,,,,,,,,,,,,,,,,,,,,,,,,,,,,,,,,,,,,,,,,,"aspink@neoninc.org","rchambliss@battelleecology.org",,,
"0ccee977-6233-45e5-ac8c-2433502f4cee","5b310710-78e2-44ef-9425-0de105f2afc2","UNDE_027.mammalGrid.mam","D05","UNDE","UNDE_027","F8","distributed","deciduousForest",46.211194,-89.491388,"WGS84",45.2,517.2,0.2,"3 - trap door open or closed w/ spoor left","ShermanLF","2018-08-08","2018-08-08",,,,,,,,,,,,,,,,,,,,,,,,,,,,,,,,,,,,,,,,,,,,"aspink@neoninc.org","rchambliss@battelleecology.org",,,
"4a9c5315-54e4-446d-8aff-c09d99d95294","81056462-8424-4cd3-a2df-2a9ec5d18838","UNDE_012.mammalGrid.mam","D05","UNDE","UNDE_012","D7","distributed","woodyWetlands",46.237255,-89.502396,"WGS84",45.2,522.2,0.3,"6 - trap set and empty","ShermanLF","2018-08-08","2018-08-08",,,,,,,,,,,,,,,,,,,,,,,,,,,,,,,,,,,,,,,,,,,,"jswenson@battelleecology.org","dsmith1@battelleecology.org",,,
"bec7bf58-d43d-4fdc-be6b-4075b7041b55","bb030b55-808c-4b21-8d63-ec09ba8a88fd","UNDE_032.mammalGrid.mam","D05","UNDE","UNDE_032","D5","distributed","mixedForest",46.244036,-89.536945,"WGS84",45.2,510.5,0.2,"2 - trap disturbed/door closed but empty","ShermanLF","2018-08-08","2018-08-08",,,,,,,,,,,,,,,,,,,,,,,,,,,,,,,,,,,,,,,,,,,,"aspink@neoninc.org","rchambliss@battelleecology.org",,,
"291eb467-b2c3-48c8-9d28-2cbaf5c5579f","5b310710-78e2-44ef-9425-0de105f2afc2","UNDE_027.mammalGrid.mam","D05","UNDE","UNDE_027","J3","distributed","deciduousForest",46.211194,-89.491388,"WGS84",45.2,517.2,0.2,"6 - trap set and empty","ShermanLF","2018-08-08","2018-08-08",,,,,,,,,,,,,,,,,,,,,,,,,,,,,,,,,,,,,,,,,,,,"aspink@neoninc.org","rchambliss@battelleecology.org",,,
"6496c1fd-a25c-4fd7-85be-899ddb41b62a","5b310710-78e2-44ef-9425-0de105f2afc2","UNDE_027.mammalGrid.mam","D05","UNDE","UNDE_027","C5","distributed","deciduousForest",46.211194,-89.491388,"WGS84",45.2,517.2,0.2,"6 - trap set and empty","ShermanLF","2018-08-08","2018-08-08",,,,,,,,,,,,,,,,,,,,,,,,,,,,,,,,,,,,,,,,,,,,"aspink@neoninc.org","rchambliss@battelleecology.org",,,
"2b8159a1-8b64-4b66-9511-5224a4235a8c","5b310710-78e2-44ef-9425-0de105f2afc2","UNDE_027.mammalGrid.mam","D05","UNDE","UNDE_027","E8","distributed","deciduousForest",46.211194,-89.491388,"WGS84",45.2,517.2,0.2,"6 - trap set and empty","ShermanLF","2018-08-08","2018-08-08",,,,,,,,,,,,,,,,,,,,,,,,,,,,,,,,,,,,,,,,,,,,"aspink@neoninc.org","rchambliss@battelleecology.org",,,
"ec4f5cbf-ca2c-4d2c-be25-dc26fd170b3e","bb030b55-808c-4b21-8d63-ec09ba8a88fd","UNDE_032.mammalGrid.mam","D05","UNDE","UNDE_032","F6","distributed","mixedForest",46.244036,-89.536945,"WGS84",45.2,510.5,0.2,"2 - trap disturbed/door closed but empty","ShermanLF","2018-08-08","2018-08-08",,,,,,,,,,,,,,,,,,,,,,,,,,,,,,,,,,,,,,,,,,,,"aspink@neoninc.org","rchambliss@battelleecology.org",,,
"841f9985-036d-476b-869d-6d64601986df","81056462-8424-4cd3-a2df-2a9ec5d18838","UNDE_012.mammalGrid.mam","D05","UNDE","UNDE_012","H3","distributed","woodyWetlands",46.237255,-89.502396,"WGS84",45.2,522.2,0.3,"3 - trap door open or closed w/ spoor left","ShermanLF","2018-08-08","2018-08-08",,,,,,,,,,,,,,,,,,,,,,,,,,,,,,,,,,,,,,,,,,,,"jswenson@battelleecology.org","dsmith1@battelleecology.org",,,
"9e1731c6-9a0f-4936-bf2a-38be17409514","5b310710-78e2-44ef-9425-0de105f2afc2","UNDE_027.mammalGrid.mam","D05","UNDE","UNDE_027","I5","distributed","deciduousForest",46.211194,-89.491388,"WGS84",45.2,517.2,0.2,"3 - trap door open or closed w/ spoor left","ShermanLF","2018-08-08","2018-08-08",,,,,,,,,,,,,,,,,,,,,,,,,,,,,,,,,,,,,,,,,,,,"aspink@neoninc.org","rchambliss@battelleecology.org",,,
"47f6b4d8-b44d-4c1b-849c-1742d0bc4386","bb030b55-808c-4b21-8d63-ec09ba8a88fd","UNDE_032.mammalGrid.mam","D05","UNDE","UNDE_032","I7","distributed","mixedForest",46.244036,-89.536945,"WGS84",45.2,510.5,0.2,"2 - trap disturbed/door closed but empty","ShermanLF","2018-08-08","2018-08-08",,,,,,,,,,,,,,,,,,,,,,,,,,,,,,,,,,,,,,,,,,,,"aspink@neoninc.org","rchambliss@battelleecology.org",,,
"37052928-f3f9-4240-b39c-8d4a496af95e","bb030b55-808c-4b21-8d63-ec09ba8a88fd","UNDE_032.mammalGrid.mam","D05","UNDE","UNDE_032","C4","distributed","mixedForest",46.244036,-89.536945,"WGS84",45.2,510.5,0.2,"2 - trap disturbed/door closed but empty","ShermanLF","2018-08-08","2018-08-08",,,,,,,,,,,,,,,,,,,,,,,,,,,,,,,,,,,,,,,,,,,,"aspink@neoninc.org","rchambliss@battelleecology.org",,,
"70fd8c0e-ff11-4161-8522-991c2fab5a0c","5b310710-78e2-44ef-9425-0de105f2afc2","UNDE_027.mammalGrid.mam","D05","UNDE","UNDE_027","C1","distributed","deciduousForest",46.211194,-89.491388,"WGS84",45.2,517.2,0.2,"2 - trap disturbed/door closed but empty","ShermanLF","2018-08-08","2018-08-08",,,,,,,,,,,,,,,,,,,,,,,,,,,,,,,,,,,,,,,,,,,,"aspink@neoninc.org","rchambliss@battelleecology.org",,,
"c921db69-e310-41c4-b56f-2c31f68ba39f","bb030b55-808c-4b21-8d63-ec09ba8a88fd","UNDE_032.mammalGrid.mam","D05","UNDE","UNDE_032","E9","distributed","mixedForest",46.244036,-89.536945,"WGS84",45.2,510.5,0.2,"2 - trap disturbed/door closed but empty","ShermanLF","2018-08-08","2018-08-08",,,,,,,,,,,,,,,,,,,,,,,,,,,,,,,,,,,,,,,,,,,,"aspink@neoninc.org","rchambliss@battelleecology.org",,,
"044ca0a4-4508-44b4-9332-3d2ccbcf4772","81056462-8424-4cd3-a2df-2a9ec5d18838","UNDE_012.mammalGrid.mam","D05","UNDE","UNDE_012","D3","distributed","woodyWetlands",46.237255,-89.502396,"WGS84",45.2,522.2,0.3,"6 - trap set and empty","ShermanLF","2018-08-08","2018-08-08",,,,,,,,,,,,,,,,,,,,,,,,,,,,,,,,,,,,,,,,,,,,"jswenson@battelleecology.org","dsmith1@battelleecology.org",,,
"7c2c1f2a-adc7-4a6f-b582-3632301a3eb9","bb030b55-808c-4b21-8d63-ec09ba8a88fd","UNDE_032.mammalGrid.mam","D05","UNDE","UNDE_032","F4","distributed","mixedForest",46.244036,-89.536945,"WGS84",45.2,510.5,0.2,"6 - trap set and empty","ShermanLF","2018-08-08","2018-08-08",,,,,,,,,,,,,,,,,,,,,,,,,,,,,,,,,,,,,,,,,,,,"aspink@neoninc.org","rchambliss@battelleecology.org",,,
"c5e141b7-526b-43a3-bfc4-3ceb86a31564","bb030b55-808c-4b21-8d63-ec09ba8a88fd","UNDE_032.mammalGrid.mam","D05","UNDE","UNDE_032","E7","distributed","mixedForest",46.244036,-89.536945,"WGS84",45.2,510.5,0.2,"2 - trap disturbed/door closed but empty","ShermanLF","2018-08-08","2018-08-08",,,,,,,,,,,,,,,,,,,,,,,,,,,,,,,,,,,,,,,,,,,,"aspink@neoninc.org","rchambliss@battelleecology.org",,,
"00964e28-3be9-421b-8e34-bd2023077ac9","81056462-8424-4cd3-a2df-2a9ec5d18838","UNDE_012.mammalGrid.mam","D05","UNDE","UNDE_012","F4","distributed","woodyWetlands",46.237255,-89.502396,"WGS84",45.2,522.2,0.3,"6 - trap set and empty","ShermanLF","2018-08-08","2018-08-08",,,,,,,,,,,,,,,,,,,,,,,,,,,,,,,,,,,,,,,,,,,,"jswenson@battelleecology.org","dsmith1@battelleecology.org",,,
"db73cea4-1922-49dc-ac89-4fc395a27eaf","81056462-8424-4cd3-a2df-2a9ec5d18838","UNDE_012.mammalGrid.mam","D05","UNDE","UNDE_012","G4","distributed","woodyWetlands",46.237255,-89.502396,"WGS84",45.2,522.2,0.3,"2 - trap disturbed/door closed but empty","ShermanLF","2018-08-08","2018-08-08",,,,,,,,,,,,,,,,,,,,,,,,,,,,,,,,,,,,,,,,,,,,"jswenson@battelleecology.org","dsmith1@battelleecology.org",,,
"3fecdf70-65ba-4ae7-a64b-8e17dbb5cd94","bb030b55-808c-4b21-8d63-ec09ba8a88fd","UNDE_032.mammalGrid.mam","D05","UNDE","UNDE_032","J8","distributed","mixedForest",46.244036,-89.536945,"WGS84",45.2,510.5,0.2,"2 - trap disturbed/door closed but empty","ShermanLF","2018-08-08","2018-08-08",,,,,,,,,,,,,,,,,,,,,,,,,,,,,,,,,,,,,,,,,,,,"aspink@neoninc.org","rchambliss@battelleecology.org",,,
"b8dbb20c-2ad4-4ca2-b462-92dff91489d2","81056462-8424-4cd3-a2df-2a9ec5d18838","UNDE_012.mammalGrid.mam","D05","UNDE","UNDE_012","A4","distributed","woodyWetlands",46.237255,-89.502396,"WGS84",45.2,522.2,0.3,"6 - trap set and empty","ShermanLF","2018-08-08","2018-08-08",,,,,,,,,,,,,,,,,,,,,,,,,,,,,,,,,,,,,,,,,,,,"jswenson@battelleecology.org","dsmith1@battelleecology.org",,,
"056fcd52-579c-4dad-bb23-8dae6369a167","bb030b55-808c-4b21-8d63-ec09ba8a88fd","UNDE_032.mammalGrid.mam","D05","UNDE","UNDE_032","C2","distributed","mixedForest",46.244036,-89.536945,"WGS84",45.2,510.5,0.2,"2 - trap disturbed/door closed but empty","ShermanLF","2018-08-08","2018-08-08",,,,,,,,,,,,,,,,,,,,,,,,,,,,,,,,,,,,,,,,,,,,"aspink@neoninc.org","rchambliss@battelleecology.org",,,
"6f21e7e4-a1b8-465a-a969-6a4a39506685","81056462-8424-4cd3-a2df-2a9ec5d18838","UNDE_012.mammalGrid.mam","D05","UNDE","UNDE_012","J3","distributed","woodyWetlands",46.237255,-89.502396,"WGS84",45.2,522.2,0.3,"2 - trap disturbed/door closed but empty","ShermanLF","2018-08-08","2018-08-08",,,,,,,,,,,,,,,,,,,,,,,,,,,,,,,,,,,,,,,,,,,,"jswenson@battelleecology.org","dsmith1@battelleecology.org",,,
"e8053135-0e2d-4028-8c27-bc17ade4c5ec","5b310710-78e2-44ef-9425-0de105f2afc2","UNDE_027.mammalGrid.mam","D05","UNDE","UNDE_027","F2","distributed","deciduousForest",46.211194,-89.491388,"WGS84",45.2,517.2,0.2,"5 - capture","ShermanLF","2018-08-08","2018-08-08","NEON.MAM.D05.R4580",,"PEMA","Peromyscus maniculatus","species",,,,"taxonID confirmed","N","M","N","released",,"adult","scrotal",,,,,,,,24,"U","U","U",,,,"UNDE.20180808.R4580.B","D00000012274","mandibular","UNDE.20180808.R4580.F","D00000012666","fresh","UNDE.20180808.R4580.E","D00000012434",,,,,,"aspink@neoninc.org","rchambliss@battelleecology.org",,,
"7aee02d5-a48d-45d2-846f-1f35e59dcb5c","bb030b55-808c-4b21-8d63-ec09ba8a88fd","UNDE_032.mammalGrid.mam","D05","UNDE","UNDE_032","C1","distributed","mixedForest",46.244036,-89.536945,"WGS84",45.2,510.5,0.2,"3 - trap door open or closed w/ spoor left","ShermanLF","2018-08-08","2018-08-08",,,,,,,,,,,,,,,,,,,,,,,,,,,,,,,,,,,,,,,,,,,,"aspink@neoninc.org","rchambliss@battelleecology.org",,,
"d1a261e7-824b-4278-b82f-4ef6e281ed88","bb030b55-808c-4b21-8d63-ec09ba8a88fd","UNDE_032.mammalGrid.mam","D05","UNDE","UNDE_032","D9","distributed","mixedForest",46.244036,-89.536945,"WGS84",45.2,510.5,0.2,"2 - trap disturbed/door closed but empty","ShermanLF","2018-08-08","2018-08-08",,,,,,,,,,,,,,,,,,,,,,,,,,,,,,,,,,,,,,,,,,,,"aspink@neoninc.org","rchambliss@battelleecology.org",,,
"a3e2ec5f-d7ba-4e2c-841e-4b8d4de3e16b","bb030b55-808c-4b21-8d63-ec09ba8a88fd","UNDE_032.mammalGrid.mam","D05","UNDE","UNDE_032","D1","distributed","mixedForest",46.244036,-89.536945,"WGS84",45.2,510.5,0.2,"5 - capture","ShermanLF","2018-08-08","2018-08-08","NEON.MAM.D05.O032D120180808",,"BLBR","Blarina brevicauda","species",,,,"sex and reproductive conditions","N","M","N","dead",,"adult",,,,,,,,,,"U","U","U",,,,,,,,,,,,,,,"UNDE.20180808.O032D120180808.V","B00000021594","aspink@neoninc.org","rchambliss@battelleecology.org",,,
"75c0d1a0-2608-4d28-9731-92d731262a95","5b310710-78e2-44ef-9425-0de105f2afc2","UNDE_027.mammalGrid.mam","D05","UNDE","UNDE_027","H3","distributed","deciduousForest",46.211194,-89.491388,"WGS84",45.2,517.2,0.2,"2 - trap disturbed/door closed but empty","ShermanLF","2018-08-08","2018-08-08",,,,,,,,,,,,,,,,,,,,,,,,,,,,,,,,,,,,,,,,,,,,"aspink@neoninc.org","rchambliss@battelleecology.org",,,
"4cb6eb41-f48a-46fa-aae4-70ef7f8cceb5","5b310710-78e2-44ef-9425-0de105f2afc2","UNDE_027.mammalGrid.mam","D05","UNDE","UNDE_027","B4","distributed","deciduousForest",46.211194,-89.491388,"WGS84",45.2,517.2,0.2,"2 - trap disturbed/door closed but empty","ShermanLF","2018-08-08","2018-08-08",,,,,,,,,,,,,,,,,,,,,,,,,,,,,,,,,,,,,,,,,,,,"aspink@neoninc.org","rchambliss@battelleecology.org",,,
"60e04a76-0117-4edc-aa97-304438f1a9c2","81056462-8424-4cd3-a2df-2a9ec5d18838","UNDE_012.mammalGrid.mam","D05","UNDE","UNDE_012","E8","distributed","woodyWetlands",46.237255,-89.502396,"WGS84",45.2,522.2,0.3,"5 - capture","ShermanLF","2018-08-08","2018-08-08","NEON.MAM.D05.R4683",,"ZAHU","Zapus hudsonius","species",,,,,"N","F","N","released",,"adult",,"nonenlarged","not","neither",27,,,,15,"N","N","N",,,,"UNDE.20180808.R4683.B","D00000012639","mandibular",,,,"UNDE.20180808.R4683.E","D00000012563",,,,,,"jswenson@battelleecology.org","dsmith1@battelleecology.org",,,
"577f1f1a-4f3f-4b56-b0cd-2dc33085cdc8","5b310710-78e2-44ef-9425-0de105f2afc2","UNDE_027.mammalGrid.mam","D05","UNDE","UNDE_027","I6","distributed","deciduousForest",46.211194,-89.491388,"WGS84",45.2,517.2,0.2,"2 - trap disturbed/door closed but empty","ShermanLF","2018-08-08","2018-08-08",,,,,,,,,,,,,,,,,,,,,,,,,,,,,,,,,,,,,,,,,,,,"aspink@neoninc.org","rchambliss@battelleecology.org",,,
"23717a5e-cb7f-4d65-95ac-4ae1ed417a88","81056462-8424-4cd3-a2df-2a9ec5d18838","UNDE_012.mammalGrid.mam","D05","UNDE","UNDE_012","I8","distributed","woodyWetlands",46.237255,-89.502396,"WGS84",45.2,522.2,0.3,"6 - trap set and empty","ShermanLF","2018-08-08","2018-08-08",,,,,,,,,,,,,,,,,,,,,,,,,,,,,,,,,,,,,,,,,,,,"jswenson@battelleecology.org","dsmith1@battelleecology.org",,,
"296fd965-fc04-4398-a676-4884b7d61bfc","81056462-8424-4cd3-a2df-2a9ec5d18838","UNDE_012.mammalGrid.mam","D05","UNDE","UNDE_012","I7","distributed","woodyWetlands",46.237255,-89.502396,"WGS84",45.2,522.2,0.3,"5 - capture","ShermanLF","2018-08-08","2018-08-08","NEON.MAM.D05.R4685",,"PEMA","Peromyscus maniculatus","species",,,,"taxonID confirmed","N","M","N","released",,"subadult","nonscrotal",,,,21,17,,,14,"N","N","N",,,,"UNDE.20180808.R4685.B","D00000011505","mandibular","UNDE.20180808.R4685.F","D00000012571","fresh","UNDE.20180808.R4685.E","D00000012359","UNDE.20180808.R4685.H","B00000021338","hairAndWhisker",,,"jswenson@battelleecology.org","dsmith1@battelleecology.org",,,
"c46ce6ed-6ab4-44eb-a9a2-0ea8aef27245","5b310710-78e2-44ef-9425-0de105f2afc2","UNDE_027.mammalGrid.mam","D05","UNDE","UNDE_027","A8","distributed","deciduousForest",46.211194,-89.491388,"WGS84",45.2,517.2,0.2,"5 - capture","ShermanLF","2018-08-08","2018-08-08","NEON.MAM.D05.R4333",,"PELE","Peromyscus leucopus","species","cf. species",,,,"N","M","Y","released",,"adult","scrotal",,,,,,,,26,"U","U","U",,,,"UNDE.20180808.R4333.B","D00000012173","mandibular","UNDE.20180808.R4333.F","D00000012502","fresh",,,"UNDE.20180808.R4333.H","B00000021430","hairAndWhisker",,,"aspink@neoninc.org","rchambliss@battelleecology.org",,,
"e992b249-5523-4b78-a9cf-f512d822d950","5b310710-78e2-44ef-9425-0de105f2afc2","UNDE_027.mammalGrid.mam","D05","UNDE","UNDE_027","C7","distributed","deciduousForest",46.211194,-89.491388,"WGS84",45.2,517.2,0.2,"6 - trap set and empty","ShermanLF","2018-08-08","2018-08-08",,,,,,,,,,,,,,,,,,,,,,,,,,,,,,,,,,,,,,,,,,,,"aspink@neoninc.org","rchambliss@battelleecology.org",,,
"d3656946-65f7-4ec5-b577-09f3eb2d01ac","81056462-8424-4cd3-a2df-2a9ec5d18838","UNDE_012.mammalGrid.mam","D05","UNDE","UNDE_012","E6","distributed","woodyWetlands",46.237255,-89.502396,"WGS84",45.2,522.2,0.3,"6 - trap set and empty","ShermanLF","2018-08-08","2018-08-08",,,,,,,,,,,,,,,,,,,,,,,,,,,,,,,,,,,,,,,,,,,,"jswenson@battelleecology.org","dsmith1@battelleecology.org",,,
"7d9287d2-35aa-4fef-a085-047adf8ed33e","81056462-8424-4cd3-a2df-2a9ec5d18838","UNDE_012.mammalGrid.mam","D05","UNDE","UNDE_012","J10","distributed","woodyWetlands",46.237255,-89.502396,"WGS84",45.2,522.2,0.3,"5 - capture","ShermanLF","2018-08-08","2018-08-08","NEON.MAM.D05.R4367",,"TAST","Tamias striatus","species",,,,,"N","F","Y","released",,"unknown",,"unknown","unknown","unknown",34,,,,96,"N","N","N",,,,,,,"UNDE.20180808.R4367.F","D00000012315","fresh",,,,,,,,"jswenson@battelleecology.org","dsmith1@battelleecology.org",,,
"55b02b7d-2b69-4cf0-8c7b-b60827c1f1ec","bb030b55-808c-4b21-8d63-ec09ba8a88fd","UNDE_032.mammalGrid.mam","D05","UNDE","UNDE_032","J6","distributed","mixedForest",46.244036,-89.536945,"WGS84",45.2,510.5,0.2,"3 - trap door open or closed w/ spoor left","ShermanLF","2018-08-08","2018-08-08",,,,,,,,,,,,,,,,,,,,,,,,,,,,,,,,,,,,,,,,,,,,"aspink@neoninc.org","rchambliss@battelleecology.org",,,
"ebc12f5c-b1ec-4311-b3e6-fbe2ce5f4cfd","bb030b55-808c-4b21-8d63-ec09ba8a88fd","UNDE_032.mammalGrid.mam","D05","UNDE","UNDE_032","E4","distributed","mixedForest",46.244036,-89.536945,"WGS84",45.2,510.5,0.2,"2 - trap disturbed/door closed but empty","ShermanLF","2018-08-08","2018-08-08",,,,,,,,,,,,,,,,,,,,,,,,,,,,,,,,,,,,,,,,,,,,"aspink@neoninc.org","rchambliss@battelleecology.org",,,
"8cbf6ad0-6a88-4ccb-a78b-3c61e53d9bfd","5b310710-78e2-44ef-9425-0de105f2afc2","UNDE_027.mammalGrid.mam","D05","UNDE","UNDE_027","B10","distributed","deciduousForest",46.211194,-89.491388,"WGS84",45.2,517.2,0.2,"3 - trap door open or closed w/ spoor left","ShermanLF","2018-08-08","2018-08-08",,,,,,,,,,,,,,,,,,,,,,,,,,,,,,,,,,,,,,,,,,,,"aspink@neoninc.org","rchambliss@battelleecology.org",,,
"410c9804-34ff-4fd5-a8c1-412c1edc0663","5b310710-78e2-44ef-9425-0de105f2afc2","UNDE_027.mammalGrid.mam","D05","UNDE","UNDE_027","F9","distributed","deciduousForest",46.211194,-89.491388,"WGS84",45.2,517.2,0.2,"6 - trap set and empty","ShermanLF","2018-08-08","2018-08-08",,,,,,,,,,,,,,,,,,,,,,,,,,,,,,,,,,,,,,,,,,,,"aspink@neoninc.org","rchambliss@battelleecology.org",,,
"2bc6bf97-5cd1-4d04-bf6e-2edbce0a968f","5b310710-78e2-44ef-9425-0de105f2afc2","UNDE_027.mammalGrid.mam","D05","UNDE","UNDE_027","A10","distributed","deciduousForest",46.211194,-89.491388,"WGS84",45.2,517.2,0.2,"5 - capture","ShermanLF","2018-08-08","2018-08-08","NEON.MAM.D05.O027A1020180808",,"BLBR","Blarina brevicauda","species",,,,,"N","U","Y","released",,"adult",,,,,,,,,,"U","U","U",,,,,,,,,,,,,,,,,"aspink@neoninc.org","rchambliss@battelleecology.org",,,
"1e30f7db-8e8c-45a7-a8ff-e009246e5dd0","5b310710-78e2-44ef-9425-0de105f2afc2","UNDE_027.mammalGrid.mam","D05","UNDE","UNDE_027","G5","distributed","deciduousForest",46.211194,-89.491388,"WGS84",45.2,517.2,0.2,"3 - trap door open or closed w/ spoor left","ShermanLF","2018-08-08","2018-08-08",,,,,,,,,,,,,,,,,,,,,,,,,,,,,,,,,,,,,,,,,,,,"aspink@neoninc.org","rchambliss@battelleecology.org",,,
"efe0abc9-d213-4e8f-abec-38693f8f5661","81056462-8424-4cd3-a2df-2a9ec5d18838","UNDE_012.mammalGrid.mam","D05","UNDE","UNDE_012","I4","distributed","woodyWetlands",46.237255,-89.502396,"WGS84",45.2,522.2,0.3,"5 - capture","ShermanLF","2018-08-08","2018-08-08","NEON.MAM.D05.L4100",,"PEMA","Peromyscus maniculatus","species",,,,,"N","F","Y","released",,"adult",,"nonenlarged","not","unknown",21,19,,,28,"N","N","N",,,,"UNDE.20180808.L4100.B","D00000011776","mandibular","UNDE.20180808.L4100.F","D00000012572","fresh",,,"UNDE.20180808.L4100.H","B00000021337","hairAndWhisker",,,"jswenson@battelleecology.org","dsmith1@battelleecology.org",,,
"458986a5-549f-4e44-96e8-37a0b464c034","81056462-8424-4cd3-a2df-2a9ec5d18838","UNDE_012.mammalGrid.mam","D05","UNDE","UNDE_012","E5","distributed","woodyWetlands",46.237255,-89.502396,"WGS84",45.2,522.2,0.3,"5 - capture","ShermanLF","2018-08-08","2018-08-08","NEON.MAM.D05.R4704",,"PEMA","Peromyscus maniculatus","species",,,,"taxonID confirmed","N","M","N","released",,"subadult",,,,,21,17,,,16,"N","N","N",,,,"UNDE.20180808.R4704.B","D00000011856","mandibular",,,,"UNDE.20180808.R4704.E","D00000011527","UNDE.20180808.R4704.H","B00000021329","hairAndWhisker",,,"jswenson@battelleecology.org","dsmith1@battelleecology.org",,,
"22d4c0b6-9138-4693-80ed-41a71982f754","bb030b55-808c-4b21-8d63-ec09ba8a88fd","UNDE_032.mammalGrid.mam","D05","UNDE","UNDE_032","H3","distributed","mixedForest",46.244036,-89.536945,"WGS84",45.2,510.5,0.2,"5 - capture","ShermanLF","2018-08-08","2018-08-08","NEON.MAM.D05.O032H320180808",,"BLBR","Blarina brevicauda","species",,,,"sex and reproductive conditions","N","M","N","dead",,"adult",,,,,,,,,,"U","U","U",,,,,,,,,,,,,,,"UNDE.20180808.O032H320180808.V","B00000021612","aspink@neoninc.org","rchambliss@battelleecology.org",,,
"4e39b68e-8c8e-4ed2-a23f-d434a72df0f5","5b310710-78e2-44ef-9425-0de105f2afc2","UNDE_027.mammalGrid.mam","D05","UNDE","UNDE_027","B8","distributed","deciduousForest",46.211194,-89.491388,"WGS84",45.2,517.2,0.2,"5 - capture","ShermanLF","2018-08-08","2018-08-08","NEON.MAM.D05.R4598",,"PEMA","Peromyscus maniculatus","species",,,,"taxonID confirmed","N","F","N","released",,"adult",,"nonenlarged","not","neither",,,,,14,"U","U","U",,,,"UNDE.20180808.R4598.B","D00000011767","mandibular",,,,"UNDE.20180808.R4598.E","D00000012628","UNDE.20180808.R4598.H","B00000021437","hairAndWhisker",,,"aspink@neoninc.org","rchambliss@battelleecology.org",,,
"d173761e-1465-4c06-beb2-ff8ff2f6f80d","81056462-8424-4cd3-a2df-2a9ec5d18838","UNDE_012.mammalGrid.mam","D05","UNDE","UNDE_012","H8","distributed","woodyWetlands",46.237255,-89.502396,"WGS84",45.2,522.2,0.3,"2 - trap disturbed/door closed but empty","ShermanLF","2018-08-08","2018-08-08",,,,,,,,,,,,,,,,,,,,,,,,,,,,,,,,,,,,,,,,,,,,"jswenson@battelleecology.org","dsmith1@battelleecology.org",,,
"2502f667-9249-4499-9ad6-63752dcc24eb","bb030b55-808c-4b21-8d63-ec09ba8a88fd","UNDE_032.mammalGrid.mam","D05","UNDE","UNDE_032","D10","distributed","mixedForest",46.244036,-89.536945,"WGS84",45.2,510.5,0.2,"2 - trap disturbed/door closed but empty","ShermanLF","2018-08-08","2018-08-08",,,,,,,,,,,,,,,,,,,,,,,,,,,,,,,,,,,,,,,,,,,,"aspink@neoninc.org","rchambliss@battelleecology.org",,,
"9eb5ad2b-db73-4bfa-985e-130a4d141ca3","81056462-8424-4cd3-a2df-2a9ec5d18838","UNDE_012.mammalGrid.mam","D05","UNDE","UNDE_012","I5","distributed","woodyWetlands",46.237255,-89.502396,"WGS84",45.2,522.2,0.3,"2 - trap disturbed/door closed but empty","ShermanLF","2018-08-08","2018-08-08",,,,,,,,,,,,,,,,,,,,,,,,,,,,,,,,,,,,,,,,,,,,"jswenson@battelleecology.org","dsmith1@battelleecology.org",,,
"c90f177d-fe85-48bf-bc1e-80b168c2d76b","bb030b55-808c-4b21-8d63-ec09ba8a88fd","UNDE_032.mammalGrid.mam","D05","UNDE","UNDE_032","A1","distributed","mixedForest",46.244036,-89.536945,"WGS84",45.2,510.5,0.2,"3 - trap door open or closed w/ spoor left","ShermanLF","2018-08-08","2018-08-08",,,,,,,,,,,,,,,,,,,,,,,,,,,,,,,,,,,,,,,,,,,,"aspink@neoninc.org","rchambliss@battelleecology.org",,,
"eec6e637-9ab0-467e-b1fb-772c18766172","81056462-8424-4cd3-a2df-2a9ec5d18838","UNDE_012.mammalGrid.mam","D05","UNDE","UNDE_012","D1","distributed","woodyWetlands",46.237255,-89.502396,"WGS84",45.2,522.2,0.3,"6 - trap set and empty","ShermanLF","2018-08-08","2018-08-08",,,,,,,,,,,,,,,,,,,,,,,,,,,,,,,,,,,,,,,,,,,,"jswenson@battelleecology.org","dsmith1@battelleecology.org",,,
"b45df1c2-bd4b-4123-b542-93cc92ea2947","81056462-8424-4cd3-a2df-2a9ec5d18838","UNDE_012.mammalGrid.mam","D05","UNDE","UNDE_012","G9","distributed","woodyWetlands",46.237255,-89.502396,"WGS84",45.2,522.2,0.3,"6 - trap set and empty","ShermanLF","2018-08-08","2018-08-08",,,,,,,,,,,,,,,,,,,,,,,,,,,,,,,,,,,,,,,,,,,,"jswenson@battelleecology.org","dsmith1@battelleecology.org",,,
"0ba07766-20be-44fd-ae20-1d59344abc56","5b310710-78e2-44ef-9425-0de105f2afc2","UNDE_027.mammalGrid.mam","D05","UNDE","UNDE_027","F6","distributed","deciduousForest",46.211194,-89.491388,"WGS84",45.2,517.2,0.2,"6 - trap set and empty","ShermanLF","2018-08-08","2018-08-08",,,,,,,,,,,,,,,,,,,,,,,,,,,,,,,,,,,,,,,,,,,,"aspink@neoninc.org","rchambliss@battelleecology.org",,,
"1e2b6441-7a36-450c-a120-11bff6af223f","5b310710-78e2-44ef-9425-0de105f2afc2","UNDE_027.mammalGrid.mam","D05","UNDE","UNDE_027","I1","distributed","deciduousForest",46.211194,-89.491388,"WGS84",45.2,517.2,0.2,"5 - capture","ShermanLF","2018-08-08","2018-08-08","NEON.MAM.D05.R4592",,"PELE","Peromyscus leucopus","species","cf. species",,,,"N","M","U","released","R","adult","scrotal",,,,,,,,23,"U","U","U",,,,,,,,,,,,,,,,,"aspink@neoninc.org","rchambliss@battelleecology.org",,,
"c3fd7a12-6d95-4fda-8c91-8dc84ed57832","5b310710-78e2-44ef-9425-0de105f2afc2","UNDE_027.mammalGrid.mam","D05","UNDE","UNDE_027","E9","distributed","deciduousForest",46.211194,-89.491388,"WGS84",45.2,517.2,0.2,"2 - trap disturbed/door closed but empty","ShermanLF","2018-08-08","2018-08-08",,,,,,,,,,,,,,,,,,,,,,,,,,,,,,,,,,,,,,,,,,,,"aspink@neoninc.org","rchambliss@battelleecology.org",,,
"8dc62d8b-6c9d-45a8-8083-0494afe5885b","bb030b55-808c-4b21-8d63-ec09ba8a88fd","UNDE_032.mammalGrid.mam","D05","UNDE","UNDE_032","I2","distributed","mixedForest",46.244036,-89.536945,"WGS84",45.2,510.5,0.2,"2 - trap disturbed/door closed but empty","ShermanLF","2018-08-08","2018-08-08",,,,,,,,,,,,,,,,,,,,,,,,,,,,,,,,,,,,,,,,,,,,"aspink@neoninc.org","rchambliss@battelleecology.org",,,
"ef7f528b-1e67-4982-a811-d942166eed33","bb030b55-808c-4b21-8d63-ec09ba8a88fd","UNDE_032.mammalGrid.mam","D05","UNDE","UNDE_032","H4","distributed","mixedForest",46.244036,-89.536945,"WGS84",45.2,510.5,0.2,"2 - trap disturbed/door closed but empty","ShermanLF","2018-08-08","2018-08-08",,,,,,,,,,,,,,,,,,,,,,,,,,,,,,,,,,,,,,,,,,,,"aspink@neoninc.org","rchambliss@battelleecology.org",,,
"f40ad63d-c5ac-4ec7-9c63-ba1f069205a9","81056462-8424-4cd3-a2df-2a9ec5d18838","UNDE_012.mammalGrid.mam","D05","UNDE","UNDE_012","J4","distributed","woodyWetlands",46.237255,-89.502396,"WGS84",45.2,522.2,0.3,"6 - trap set and empty","ShermanLF","2018-08-08","2018-08-08",,,,,,,,,,,,,,,,,,,,,,,,,,,,,,,,,,,,,,,,,,,,"jswenson@battelleecology.org","dsmith1@battelleecology.org",,,
"667dc04b-f3eb-4a30-bab2-21a5a546b38b","81056462-8424-4cd3-a2df-2a9ec5d18838","UNDE_012.mammalGrid.mam","D05","UNDE","UNDE_012","F3","distributed","woodyWetlands",46.237255,-89.502396,"WGS84",45.2,522.2,0.3,"6 - trap set and empty","ShermanLF","2018-08-08","2018-08-08",,,,,,,,,,,,,,,,,,,,,,,,,,,,,,,,,,,,,,,,,,,,"jswenson@battelleecology.org","dsmith1@battelleecology.org",,,
"0dcd863e-73f4-4dbb-9fb9-3180aec41dba","81056462-8424-4cd3-a2df-2a9ec5d18838","UNDE_012.mammalGrid.mam","D05","UNDE","UNDE_012","G1","distributed","woodyWetlands",46.237255,-89.502396,"WGS84",45.2,522.2,0.3,"6 - trap set and empty","ShermanLF","2018-08-08","2018-08-08",,,,,,,,,,,,,,,,,,,,,,,,,,,,,,,,,,,,,,,,,,,,"jswenson@battelleecology.org","dsmith1@battelleecology.org",,,
"efd9838d-d100-4cd4-9638-699b09b9ceea","5b310710-78e2-44ef-9425-0de105f2afc2","UNDE_027.mammalGrid.mam","D05","UNDE","UNDE_027","G1","distributed","deciduousForest",46.211194,-89.491388,"WGS84",45.2,517.2,0.2,"5 - capture","ShermanLF","2018-08-08","2018-08-08","NEON.MAM.D05.R4593",,"PEMA","Peromyscus maniculatus","species","cf. species",,,,"N","M","N","released",,"adult","nonscrotal",,,,,,,,16,"U","U","U",,,,"UNDE.20180808.R4593.B","D00000011759","mandibular","UNDE.20180808.R4593.F","D00000012611","fresh",,,,,,,,"aspink@neoninc.org","rchambliss@battelleecology.org",,,
"1dc4287c-3749-4706-a432-5793c539f1df","5b310710-78e2-44ef-9425-0de105f2afc2","UNDE_027.mammalGrid.mam","D05","UNDE","UNDE_027","H5","distributed","deciduousForest",46.211194,-89.491388,"WGS84",45.2,517.2,0.2,"5 - capture","ShermanLF","2018-08-08","2018-08-08","NEON.MAM.D05.R4488",,"PEMA","Peromyscus maniculatus","species","cf. species",,,,"N","M","Y","released",,"adult","nonscrotal",,,,,,,,18,"U","U","U",,,,,,,,,,,,,,,,,"aspink@neoninc.org","rchambliss@battelleecology.org",,,
"87fcbb64-1c5c-4cd4-8279-be0f705768ba","81056462-8424-4cd3-a2df-2a9ec5d18838","UNDE_012.mammalGrid.mam","D05","UNDE","UNDE_012","I3","distributed","woodyWetlands",46.237255,-89.502396,"WGS84",45.2,522.2,0.3,"6 - trap set and empty","ShermanLF","2018-08-08","2018-08-08",,,,,,,,,,,,,,,,,,,,,,,,,,,,,,,,,,,,,,,,,,,,"jswenson@battelleecology.org","dsmith1@battelleecology.org",,,
"38b9fd6f-5746-45f5-8dfe-b155344dbd82","5b310710-78e2-44ef-9425-0de105f2afc2","UNDE_027.mammalGrid.mam","D05","UNDE","UNDE_027","C3","distributed","deciduousForest",46.211194,-89.491388,"WGS84",45.2,517.2,0.2,"5 - capture","ShermanLF","2018-08-08","2018-08-08","NEON.MAM.D05.R4113",,"PEMA","Peromyscus maniculatus","species",,,,"taxonID confirmed","N","M","Y","released",,"adult","scrotal",,,,,,,,17,"U","U","U",,,,"UNDE.20180808.R4113.B","D00000012636","mandibular",,,,,,"UNDE.20180808.R4113.H","B00000021432","hairAndWhisker",,,"aspink@neoninc.org","rchambliss@battelleecology.org",,,
"324610dc-20ce-4576-b686-00ff1621bedb","bb030b55-808c-4b21-8d63-ec09ba8a88fd","UNDE_032.mammalGrid.mam","D05","UNDE","UNDE_032","B10","distributed","mixedForest",46.244036,-89.536945,"WGS84",45.2,510.5,0.2,"2 - trap disturbed/door closed but empty","ShermanLF","2018-08-08","2018-08-08",,,,,,,,,,,,,,,,,,,,,,,,,,,,,,,,,,,,,,,,,,,,"aspink@neoninc.org","rchambliss@battelleecology.org",,,
"ab254bba-78ce-4d48-a4fe-ee7fcc196eda","81056462-8424-4cd3-a2df-2a9ec5d18838","UNDE_012.mammalGrid.mam","D05","UNDE","UNDE_012","E9","distributed","woodyWetlands",46.237255,-89.502396,"WGS84",45.2,522.2,0.3,"3 - trap door open or closed w/ spoor left","ShermanLF","2018-08-08","2018-08-08",,,,,,,,,,,,,,,,,,,,,,,,,,,,,,,,,,,,,,,,,,,,"jswenson@battelleecology.org","dsmith1@battelleecology.org",,,
"c165afbe-7c6d-44d1-be24-ba5acb3d3f5b","5b310710-78e2-44ef-9425-0de105f2afc2","UNDE_027.mammalGrid.mam","D05","UNDE","UNDE_027","E6","distributed","deciduousForest",46.211194,-89.491388,"WGS84",45.2,517.2,0.2,"2 - trap disturbed/door closed but empty","ShermanLF","2018-08-08","2018-08-08",,,,,,,,,,,,,,,,,,,,,,,,,,,,,,,,,,,,,,,,,,,,"aspink@neoninc.org","rchambliss@battelleecology.org",,,
"807366d8-d5b5-4e6b-9cc8-b46c34fc20cd","5b310710-78e2-44ef-9425-0de105f2afc2","UNDE_027.mammalGrid.mam","D05","UNDE","UNDE_027","D10","distributed","deciduousForest",46.211194,-89.491388,"WGS84",45.2,517.2,0.2,"6 - trap set and empty","ShermanLF","2018-08-08","2018-08-08",,,,,,,,,,,,,,,,,,,,,,,,,,,,,,,,,,,,,,,,,,,,"aspink@neoninc.org","rchambliss@battelleecology.org",,,
"cac82ec2-28e0-4634-8863-ddf03368ada4","bb030b55-808c-4b21-8d63-ec09ba8a88fd","UNDE_032.mammalGrid.mam","D05","UNDE","UNDE_032","A6","distributed","mixedForest",46.244036,-89.536945,"WGS84",45.2,510.5,0.2,"2 - trap disturbed/door closed but empty","ShermanLF","2018-08-08","2018-08-08",,,,,,,,,,,,,,,,,,,,,,,,,,,,,,,,,,,,,,,,,,,,"aspink@neoninc.org","rchambliss@battelleecology.org",,,
"99bc1990-4bd5-415f-8538-1402f39de3cd","bb030b55-808c-4b21-8d63-ec09ba8a88fd","UNDE_032.mammalGrid.mam","D05","UNDE","UNDE_032","C9","distributed","mixedForest",46.244036,-89.536945,"WGS84",45.2,510.5,0.2,"2 - trap disturbed/door closed but empty","ShermanLF","2018-08-08","2018-08-08",,,,,,,,,,,,,,,,,,,,,,,,,,,,,,,,,,,,,,,,,,,,"aspink@neoninc.org","rchambliss@battelleecology.org",,,
"dafe7c2e-73e5-4414-bd67-ad8a09978144","5b310710-78e2-44ef-9425-0de105f2afc2","UNDE_027.mammalGrid.mam","D05","UNDE","UNDE_027","H7","distributed","deciduousForest",46.211194,-89.491388,"WGS84",45.2,517.2,0.2,"5 - capture","ShermanLF","2018-08-08","2018-08-08","NEON.MAM.D05.R4104",,"PEMA","Peromyscus maniculatus","species","cf. species",,,,"N","M","Y","released",,"adult","scrotal",,,,,,,,20,"U","U","U",,,,,,,,,,,,,,,,,"aspink@neoninc.org","rchambliss@battelleecology.org","TaxonID confirmed due to evidence from voucher review or genetic testing of tissue from individual with this tagID on different capture date.",,
"cdf2b291-71a0-4a6c-8e06-bde024f7a10a","bb030b55-808c-4b21-8d63-ec09ba8a88fd","UNDE_032.mammalGrid.mam","D05","UNDE","UNDE_032","H1","distributed","mixedForest",46.244036,-89.536945,"WGS84",45.2,510.5,0.2,"2 - trap disturbed/door closed but empty","ShermanLF","2018-08-08","2018-08-08",,,,,,,,,,,,,,,,,,,,,,,,,,,,,,,,,,,,,,,,,,,,"aspink@neoninc.org","rchambliss@battelleecology.org",,,
"e3ee832d-9b65-4141-a2d1-56e7e623ae69","5b310710-78e2-44ef-9425-0de105f2afc2","UNDE_027.mammalGrid.mam","D05","UNDE","UNDE_027","C10","distributed","deciduousForest",46.211194,-89.491388,"WGS84",45.2,517.2,0.2,"6 - trap set and empty","ShermanLF","2018-08-08","2018-08-08",,,,,,,,,,,,,,,,,,,,,,,,,,,,,,,,,,,,,,,,,,,,"aspink@neoninc.org","rchambliss@battelleecology.org",,,
"6fe157c0-9056-4c7b-9527-a4c2bf8370b1","5b310710-78e2-44ef-9425-0de105f2afc2","UNDE_027.mammalGrid.mam","D05","UNDE","UNDE_027","F7","distributed","deciduousForest",46.211194,-89.491388,"WGS84",45.2,517.2,0.2,"6 - trap set and empty","ShermanLF","2018-08-08","2018-08-08",,,,,,,,,,,,,,,,,,,,,,,,,,,,,,,,,,,,,,,,,,,,"aspink@neoninc.org","rchambliss@battelleecology.org",,,
"c518321c-c159-41ba-8a2f-6bf9dc5d9d81","5b310710-78e2-44ef-9425-0de105f2afc2","UNDE_027.mammalGrid.mam","D05","UNDE","UNDE_027","D4","distributed","deciduousForest",46.211194,-89.491388,"WGS84",45.2,517.2,0.2,"6 - trap set and empty","ShermanLF","2018-08-08","2018-08-08",,,,,,,,,,,,,,,,,,,,,,,,,,,,,,,,,,,,,,,,,,,,"aspink@neoninc.org","rchambliss@battelleecology.org",,,
"32e36dc4-55d3-4549-9a18-7ab6cf7f7ac1","bb030b55-808c-4b21-8d63-ec09ba8a88fd","UNDE_032.mammalGrid.mam","D05","UNDE","UNDE_032","I3","distributed","mixedForest",46.244036,-89.536945,"WGS84",45.2,510.5,0.2,"2 - trap disturbed/door closed but empty","ShermanLF","2018-08-08","2018-08-08",,,,,,,,,,,,,,,,,,,,,,,,,,,,,,,,,,,,,,,,,,,,"aspink@neoninc.org","rchambliss@battelleecology.org",,,
"5d28ef05-4c36-4c40-ac06-723ee6d92ab6","81056462-8424-4cd3-a2df-2a9ec5d18838","UNDE_012.mammalGrid.mam","D05","UNDE","UNDE_012","H2","distributed","woodyWetlands",46.237255,-89.502396,"WGS84",45.2,522.2,0.3,"6 - trap set and empty","ShermanLF","2018-08-08","2018-08-08",,,,,,,,,,,,,,,,,,,,,,,,,,,,,,,,,,,,,,,,,,,,"jswenson@battelleecology.org","dsmith1@battelleecology.org",,,
"64352edd-d71d-4e22-a1f6-4d31d4b42ea8","5b310710-78e2-44ef-9425-0de105f2afc2","UNDE_027.mammalGrid.mam","D05","UNDE","UNDE_027","A2","distributed","deciduousForest",46.211194,-89.491388,"WGS84",45.2,517.2,0.2,"5 - capture","ShermanLF","2018-08-08","2018-08-08","NEON.MAM.D05.O027A220180808",,"BLBR","Blarina brevicauda","species",,,,"sex and reproductive conditions","N","M","N","dead",,"adult",,,,,,,,,,"U","U","U",,,,,,,,,,,,,,,"UNDE.20180808.O027A220180808.V","B00000021599","aspink@neoninc.org","rchambliss@battelleecology.org",,,
"d5ebb751-1dec-4f1d-94cf-91d624e469ed","bb030b55-808c-4b21-8d63-ec09ba8a88fd","UNDE_032.mammalGrid.mam","D05","UNDE","UNDE_032","H5","distributed","mixedForest",46.244036,-89.536945,"WGS84",45.2,510.5,0.2,"2 - trap disturbed/door closed but empty","ShermanLF","2018-08-08","2018-08-08",,,,,,,,,,,,,,,,,,,,,,,,,,,,,,,,,,,,,,,,,,,,"aspink@neoninc.org","rchambliss@battelleecology.org",,,
"b3edfc4e-8320-41b7-96e6-e89cb89ab5c5","bb030b55-808c-4b21-8d63-ec09ba8a88fd","UNDE_032.mammalGrid.mam","D05","UNDE","UNDE_032","B5","distributed","mixedForest",46.244036,-89.536945,"WGS84",45.2,510.5,0.2,"2 - trap disturbed/door closed but empty","ShermanLF","2018-08-08","2018-08-08",,,,,,,,,,,,,,,,,,,,,,,,,,,,,,,,,,,,,,,,,,,,"aspink@neoninc.org","rchambliss@battelleecology.org",,,
"f353c87a-c4f2-4792-94c5-0d0b6cb0d7f8","5b310710-78e2-44ef-9425-0de105f2afc2","UNDE_027.mammalGrid.mam","D05","UNDE","UNDE_027","F5","distributed","deciduousForest",46.211194,-89.491388,"WGS84",45.2,517.2,0.2,"3 - trap door open or closed w/ spoor left","ShermanLF","2018-08-08","2018-08-08",,,,,,,,,,,,,,,,,,,,,,,,,,,,,,,,,,,,,,,,,,,,"aspink@neoninc.org","rchambliss@battelleecology.org",,,
"5767e840-b110-4105-8be4-36c20c7b3e4c","5b310710-78e2-44ef-9425-0de105f2afc2","UNDE_027.mammalGrid.mam","D05","UNDE","UNDE_027","B9","distributed","deciduousForest",46.211194,-89.491388,"WGS84",45.2,517.2,0.2,"6 - trap set and empty","ShermanLF","2018-08-08","2018-08-08",,,,,,,,,,,,,,,,,,,,,,,,,,,,,,,,,,,,,,,,,,,,"aspink@neoninc.org","rchambliss@battelleecology.org",,,
"ac2434b0-c335-4ad3-b935-8fd173827263","bb030b55-808c-4b21-8d63-ec09ba8a88fd","UNDE_032.mammalGrid.mam","D05","UNDE","UNDE_032","F8","distributed","mixedForest",46.244036,-89.536945,"WGS84",45.2,510.5,0.2,"2 - trap disturbed/door closed but empty","ShermanLF","2018-08-08","2018-08-08",,,,,,,,,,,,,,,,,,,,,,,,,,,,,,,,,,,,,,,,,,,,"aspink@neoninc.org","rchambliss@battelleecology.org",,,
"5bffd91c-e4d1-44c4-834c-1319c9f294c1","81056462-8424-4cd3-a2df-2a9ec5d18838","UNDE_012.mammalGrid.mam","D05","UNDE","UNDE_012","G8","distributed","woodyWetlands",46.237255,-89.502396,"WGS84",45.2,522.2,0.3,"6 - trap set and empty","ShermanLF","2018-08-08","2018-08-08",,,,,,,,,,,,,,,,,,,,,,,,,,,,,,,,,,,,,,,,,,,,"jswenson@battelleecology.org","dsmith1@battelleecology.org",,,
"8ef75c34-e4a9-4877-a735-e7cddc14d630","5b310710-78e2-44ef-9425-0de105f2afc2","UNDE_027.mammalGrid.mam","D05","UNDE","UNDE_027","I9","distributed","deciduousForest",46.211194,-89.491388,"WGS84",45.2,517.2,0.2,"3 - trap door open or closed w/ spoor left","ShermanLF","2018-08-08","2018-08-08",,,,,,,,,,,,,,,,,,,,,,,,,,,,,,,,,,,,,,,,,,,,"aspink@neoninc.org","rchambliss@battelleecology.org",,,
"824c6e6a-d905-4d0f-a2e5-fa2f65f980c0","81056462-8424-4cd3-a2df-2a9ec5d18838","UNDE_012.mammalGrid.mam","D05","UNDE","UNDE_012","B3","distributed","woodyWetlands",46.237255,-89.502396,"WGS84",45.2,522.2,0.3,"6 - trap set and empty","ShermanLF","2018-08-08","2018-08-08",,,,,,,,,,,,,,,,,,,,,,,,,,,,,,,,,,,,,,,,,,,,"jswenson@battelleecology.org","dsmith1@battelleecology.org",,,
"76c97992-24d1-4efe-9c79-15e1fb659a43","5b310710-78e2-44ef-9425-0de105f2afc2","UNDE_027.mammalGrid.mam","D05","UNDE","UNDE_027","J10","distributed","deciduousForest",46.211194,-89.491388,"WGS84",45.2,517.2,0.2,"5 - capture","ShermanLF","2018-08-08","2018-08-08","NEON.MAM.D05.R4348",,"PEMA","Peromyscus maniculatus","species","cf. species",,,,"N","M","Y","released",,"adult","nonscrotal",,,,,,,,18,"U","U","U",,,,,,,,,,,,,,,,,"aspink@neoninc.org","rchambliss@battelleecology.org",,,
"9797b0f4-bd5b-42c6-b4b2-291fd0805494","81056462-8424-4cd3-a2df-2a9ec5d18838","UNDE_012.mammalGrid.mam","D05","UNDE","UNDE_012","A2","distributed","woodyWetlands",46.237255,-89.502396,"WGS84",45.2,522.2,0.3,"6 - trap set and empty","ShermanLF","2018-08-08","2018-08-08",,,,,,,,,,,,,,,,,,,,,,,,,,,,,,,,,,,,,,,,,,,,"jswenson@battelleecology.org","dsmith1@battelleecology.org",,,
"e69cf7da-ff0e-45af-9644-227a0c7750f6","81056462-8424-4cd3-a2df-2a9ec5d18838","UNDE_012.mammalGrid.mam","D05","UNDE","UNDE_012","F5","distributed","woodyWetlands",46.237255,-89.502396,"WGS84",45.2,522.2,0.3,"6 - trap set and empty","ShermanLF","2018-08-08","2018-08-08",,,,,,,,,,,,,,,,,,,,,,,,,,,,,,,,,,,,,,,,,,,,"jswenson@battelleecology.org","dsmith1@battelleecology.org",,,
"12cb6898-a04c-4952-8cb0-9a4a489153d6","81056462-8424-4cd3-a2df-2a9ec5d18838","UNDE_012.mammalGrid.mam","D05","UNDE","UNDE_012","E4","distributed","woodyWetlands",46.237255,-89.502396,"WGS84",45.2,522.2,0.3,"2 - trap disturbed/door closed but empty","ShermanLF","2018-08-08","2018-08-08",,,,,,,,,,,,,,,,,,,,,,,,,,,,,,,,,,,,,,,,,,,,"jswenson@battelleecology.org","dsmith1@battelleecology.org",,,
"6f62b4dd-1134-4fcb-baeb-3100eca067a2","bb030b55-808c-4b21-8d63-ec09ba8a88fd","UNDE_032.mammalGrid.mam","D05","UNDE","UNDE_032","B2","distributed","mixedForest",46.244036,-89.536945,"WGS84",45.2,510.5,0.2,"2 - trap disturbed/door closed but empty","ShermanLF","2018-08-08","2018-08-08",,,,,,,,,,,,,,,,,,,,,,,,,,,,,,,,,,,,,,,,,,,,"aspink@neoninc.org","rchambliss@battelleecology.org",,,
"0b8cde97-b037-4c30-8ec5-364298f28fc2","bb030b55-808c-4b21-8d63-ec09ba8a88fd","UNDE_032.mammalGrid.mam","D05","UNDE","UNDE_032","F5","distributed","mixedForest",46.244036,-89.536945,"WGS84",45.2,510.5,0.2,"2 - trap disturbed/door closed but empty","ShermanLF","2018-08-08","2018-08-08",,,,,,,,,,,,,,,,,,,,,,,,,,,,,,,,,,,,,,,,,,,,"aspink@neoninc.org","rchambliss@battelleecology.org",,,
"729f2051-9c60-476d-92a8-ab578488a0e8","bb030b55-808c-4b21-8d63-ec09ba8a88fd","UNDE_032.mammalGrid.mam","D05","UNDE","UNDE_032","B1","distributed","mixedForest",46.244036,-89.536945,"WGS84",45.2,510.5,0.2,"2 - trap disturbed/door closed but empty","ShermanLF","2018-08-08","2018-08-08",,,,,,,,,,,,,,,,,,,,,,,,,,,,,,,,,,,,,,,,,,,,"aspink@neoninc.org","rchambliss@battelleecology.org",,,
"e5222e7a-49b0-4621-8ad6-cf2a87620221","5b310710-78e2-44ef-9425-0de105f2afc2","UNDE_027.mammalGrid.mam","D05","UNDE","UNDE_027","J2","distributed","deciduousForest",46.211194,-89.491388,"WGS84",45.2,517.2,0.2,"6 - trap set and empty","ShermanLF","2018-08-08","2018-08-08",,,,,,,,,,,,,,,,,,,,,,,,,,,,,,,,,,,,,,,,,,,,"aspink@neoninc.org","rchambliss@battelleecology.org",,,
"e807b6c5-45eb-4ee8-a8c1-12a501dd728d","81056462-8424-4cd3-a2df-2a9ec5d18838","UNDE_012.mammalGrid.mam","D05","UNDE","UNDE_012","G5","distributed","woodyWetlands",46.237255,-89.502396,"WGS84",45.2,522.2,0.3,"2 - trap disturbed/door closed but empty","ShermanLF","2018-08-08","2018-08-08",,,,,,,,,,,,,,,,,,,,,,,,,,,,,,,,,,,,,,,,,,,,"jswenson@battelleecology.org","dsmith1@battelleecology.org",,,
"6f546e5c-a307-4034-b1a6-2fc8af86e952","5b310710-78e2-44ef-9425-0de105f2afc2","UNDE_027.mammalGrid.mam","D05","UNDE","UNDE_027","B3","distributed","deciduousForest",46.211194,-89.491388,"WGS84",45.2,517.2,0.2,"3 - trap door open or closed w/ spoor left","ShermanLF","2018-08-08","2018-08-08",,,,,,,,,,,,,,,,,,,,,,,,,,,,,,,,,,,,,,,,,,,,"aspink@neoninc.org","rchambliss@battelleecology.org",,,
"48c4d572-09e1-4e6b-bf0d-142014556034","5b310710-78e2-44ef-9425-0de105f2afc2","UNDE_027.mammalGrid.mam","D05","UNDE","UNDE_027","A7","distributed","deciduousForest",46.211194,-89.491388,"WGS84",45.2,517.2,0.2,"2 - trap disturbed/door closed but empty","ShermanLF","2018-08-08","2018-08-08",,,,,,,,,,,,,,,,,,,,,,,,,,,,,,,,,,,,,,,,,,,,"aspink@neoninc.org","rchambliss@battelleecology.org",,,
"5a63d2d2-4921-4b6a-ac3e-d1c328e539ce","bb030b55-808c-4b21-8d63-ec09ba8a88fd","UNDE_032.mammalGrid.mam","D05","UNDE","UNDE_032","J10","distributed","mixedForest",46.244036,-89.536945,"WGS84",45.2,510.5,0.2,"2 - trap disturbed/door closed but empty","ShermanLF","2018-08-08","2018-08-08",,,,,,,,,,,,,,,,,,,,,,,,,,,,,,,,,,,,,,,,,,,,"aspink@neoninc.org","rchambliss@battelleecology.org",,,
"268e1629-67e5-4b53-8dac-8409b83771dc","bb030b55-808c-4b21-8d63-ec09ba8a88fd","UNDE_032.mammalGrid.mam","D05","UNDE","UNDE_032","J5","distributed","mixedForest",46.244036,-89.536945,"WGS84",45.2,510.5,0.2,"2 - trap disturbed/door closed but empty","ShermanLF","2018-08-08","2018-08-08",,,,,,,,,,,,,,,,,,,,,,,,,,,,,,,,,,,,,,,,,,,,"aspink@neoninc.org","rchambliss@battelleecology.org",,,
"e8c723f2-c09b-41da-9b08-009976754655","bb030b55-808c-4b21-8d63-ec09ba8a88fd","UNDE_032.mammalGrid.mam","D05","UNDE","UNDE_032","F3","distributed","mixedForest",46.244036,-89.536945,"WGS84",45.2,510.5,0.2,"2 - trap disturbed/door closed but empty","ShermanLF","2018-08-08","2018-08-08",,,,,,,,,,,,,,,,,,,,,,,,,,,,,,,,,,,,,,,,,,,,"aspink@neoninc.org","rchambliss@battelleecology.org",,,
"3ab02cbf-9106-47db-9bbd-aa9001898db1","bb030b55-808c-4b21-8d63-ec09ba8a88fd","UNDE_032.mammalGrid.mam","D05","UNDE","UNDE_032","G5","distributed","mixedForest",46.244036,-89.536945,"WGS84",45.2,510.5,0.2,"2 - trap disturbed/door closed but empty","ShermanLF","2018-08-08","2018-08-08",,,,,,,,,,,,,,,,,,,,,,,,,,,,,,,,,,,,,,,,,,,,"aspink@neoninc.org","rchambliss@battelleecology.org",,,
"546d1b4d-78e8-423f-b852-6123815c10ca","5b310710-78e2-44ef-9425-0de105f2afc2","UNDE_027.mammalGrid.mam","D05","UNDE","UNDE_027","B6","distributed","deciduousForest",46.211194,-89.491388,"WGS84",45.2,517.2,0.2,"6 - trap set and empty","ShermanLF","2018-08-08","2018-08-08",,,,,,,,,,,,,,,,,,,,,,,,,,,,,,,,,,,,,,,,,,,,"aspink@neoninc.org","rchambliss@battelleecology.org",,,
"b4b76f00-5c86-4b67-8e58-2d12dbee7d14","81056462-8424-4cd3-a2df-2a9ec5d18838","UNDE_012.mammalGrid.mam","D05","UNDE","UNDE_012","C3","distributed","woodyWetlands",46.237255,-89.502396,"WGS84",45.2,522.2,0.3,"6 - trap set and empty","ShermanLF","2018-08-08","2018-08-08",,,,,,,,,,,,,,,,,,,,,,,,,,,,,,,,,,,,,,,,,,,,"jswenson@battelleecology.org","dsmith1@battelleecology.org",,,
"8344fb84-1547-4b5d-8b99-9787bcdc13a1","5b310710-78e2-44ef-9425-0de105f2afc2","UNDE_027.mammalGrid.mam","D05","UNDE","UNDE_027","D1","distributed","deciduousForest",46.211194,-89.491388,"WGS84",45.2,517.2,0.2,"5 - capture","ShermanLF","2018-08-08","2018-08-08","NEON.MAM.D05.R4578",,"PEMA","Peromyscus maniculatus","species",,,,"taxonID confirmed","N","F","N","released",,"subadult",,"nonenlarged","not","neither",,,,,14,"U","U","U",,,,"UNDE.20180808.R4578.B","D00000012446","mandibular",,,,"UNDE.20180808.R4578.E","D00000012600","UNDE.20180808.R4578.H","B00000021435","hairAndWhisker",,,"aspink@neoninc.org","rchambliss@battelleecology.org",,,
"7b44290d-c93c-4714-b36b-dd84a76bf3ff","81056462-8424-4cd3-a2df-2a9ec5d18838","UNDE_012.mammalGrid.mam","D05","UNDE","UNDE_012","B10","distributed","woodyWetlands",46.237255,-89.502396,"WGS84",45.2,522.2,0.3,"2 - trap disturbed/door closed but empty","ShermanLF","2018-08-08","2018-08-08",,,,,,,,,,,,,,,,,,,,,,,,,,,,,,,,,,,,,,,,,,,,"jswenson@battelleecology.org","dsmith1@battelleecology.org",,,
"39c45e3f-eeac-478e-ad27-ba216bb773eb","bb030b55-808c-4b21-8d63-ec09ba8a88fd","UNDE_032.mammalGrid.mam","D05","UNDE","UNDE_032","J1","distributed","mixedForest",46.244036,-89.536945,"WGS84",45.2,510.5,0.2,"3 - trap door open or closed w/ spoor left","ShermanLF","2018-08-08","2018-08-08",,,,,,,,,,,,,,,,,,,,,,,,,,,,,,,,,,,,,,,,,,,,"aspink@neoninc.org","rchambliss@battelleecology.org",,,
"b7f37910-4fbd-4b4d-9b8f-0cd53164de5b","5b310710-78e2-44ef-9425-0de105f2afc2","UNDE_027.mammalGrid.mam","D05","UNDE","UNDE_027","E4","distributed","deciduousForest",46.211194,-89.491388,"WGS84",45.2,517.2,0.2,"6 - trap set and empty","ShermanLF","2018-08-08","2018-08-08",,,,,,,,,,,,,,,,,,,,,,,,,,,,,,,,,,,,,,,,,,,,"aspink@neoninc.org","rchambliss@battelleecology.org",,,
"9952c624-309d-4291-9f06-0b5d36a54335","5b310710-78e2-44ef-9425-0de105f2afc2","UNDE_027.mammalGrid.mam","D05","UNDE","UNDE_027","I10","distributed","deciduousForest",46.211194,-89.491388,"WGS84",45.2,517.2,0.2,"3 - trap door open or closed w/ spoor left","ShermanLF","2018-08-08","2018-08-08",,,,,,,,,,,,,,,,,,,,,,,,,,,,,,,,,,,,,,,,,,,,"aspink@neoninc.org","rchambliss@battelleecology.org",,,
"b498f7dd-1ce2-4be7-bd8b-b16539c022a7","81056462-8424-4cd3-a2df-2a9ec5d18838","UNDE_012.mammalGrid.mam","D05","UNDE","UNDE_012","J7","distributed","woodyWetlands",46.237255,-89.502396,"WGS84",45.2,522.2,0.3,"3 - trap door open or closed w/ spoor left","ShermanLF","2018-08-08","2018-08-08",,,,,,,,,,,,,,,,,,,,,,,,,,,,,,,,,,,,,,,,,,,,"jswenson@battelleecology.org","dsmith1@battelleecology.org",,,
"7d543c38-0754-4796-a115-1e360a8dacce","bb030b55-808c-4b21-8d63-ec09ba8a88fd","UNDE_032.mammalGrid.mam","D05","UNDE","UNDE_032","A8","distributed","mixedForest",46.244036,-89.536945,"WGS84",45.2,510.5,0.2,"2 - trap disturbed/door closed but empty","ShermanLF","2018-08-08","2018-08-08",,,,,,,,,,,,,,,,,,,,,,,,,,,,,,,,,,,,,,,,,,,,"aspink@neoninc.org","rchambliss@battelleecology.org",,,
"0ec82fea-64da-4488-8406-a60dc9732082","5b310710-78e2-44ef-9425-0de105f2afc2","UNDE_027.mammalGrid.mam","D05","UNDE","UNDE_027","H2","distributed","deciduousForest",46.211194,-89.491388,"WGS84",45.2,517.2,0.2,"3 - trap door open or closed w/ spoor left","ShermanLF","2018-08-08","2018-08-08",,,,,,,,,,,,,,,,,,,,,,,,,,,,,,,,,,,,,,,,,,,,"aspink@neoninc.org","rchambliss@battelleecology.org",,,
"77dc3f2b-f709-4350-8688-d91affefd1f6","81056462-8424-4cd3-a2df-2a9ec5d18838","UNDE_012.mammalGrid.mam","D05","UNDE","UNDE_012","C2","distributed","woodyWetlands",46.237255,-89.502396,"WGS84",45.2,522.2,0.3,"3 - trap door open or closed w/ spoor left","ShermanLF","2018-08-08","2018-08-08",,,,,,,,,,,,,,,,,,,,,,,,,,,,,,,,,,,,,,,,,,,,"jswenson@battelleecology.org","dsmith1@battelleecology.org",,,
"a8bce26f-9377-4356-b199-99be98f91165","81056462-8424-4cd3-a2df-2a9ec5d18838","UNDE_012.mammalGrid.mam","D05","UNDE","UNDE_012","F9","distributed","woodyWetlands",46.237255,-89.502396,"WGS84",45.2,522.2,0.3,"5 - capture","ShermanLF","2018-08-08","2018-08-08","NEON.MAM.D05.R4114",,"PEMA","Peromyscus maniculatus","species",,,,,"N","M","N","released",,"adult","nonscrotal",,,,20,18,,,16,"N","N","N",,,,"UNDE.20180808.R4114.B","D00000012256","mandibular","UNDE.20180808.R4114.F","D00000012252","fresh","UNDE.20180808.R4114.E","D00000011976","UNDE.20180808.R4114.H","B00000021333","hairAndWhisker",,,"jswenson@battelleecology.org","dsmith1@battelleecology.org",,,
"d915f6c6-5a81-421c-95e9-7c920ddc8134","bb030b55-808c-4b21-8d63-ec09ba8a88fd","UNDE_032.mammalGrid.mam","D05","UNDE","UNDE_032","G2","distributed","mixedForest",46.244036,-89.536945,"WGS84",45.2,510.5,0.2,"2 - trap disturbed/door closed but empty","ShermanLF","2018-08-08","2018-08-08",,,,,,,,,,,,,,,,,,,,,,,,,,,,,,,,,,,,,,,,,,,,"aspink@neoninc.org","rchambliss@battelleecology.org",,,
"71514f0e-1c9f-4f28-8781-b78e7f6e95ca","bb030b55-808c-4b21-8d63-ec09ba8a88fd","UNDE_032.mammalGrid.mam","D05","UNDE","UNDE_032","A10","distributed","mixedForest",46.244036,-89.536945,"WGS84",45.2,510.5,0.2,"2 - trap disturbed/door closed but empty","ShermanLF","2018-08-08","2018-08-08",,,,,,,,,,,,,,,,,,,,,,,,,,,,,,,,,,,,,,,,,,,,"aspink@neoninc.org","rchambliss@battelleecology.org",,,
"22e79747-dfd8-49f8-975a-9d83f6f89eb8","5b310710-78e2-44ef-9425-0de105f2afc2","UNDE_027.mammalGrid.mam","D05","UNDE","UNDE_027","E3","distributed","deciduousForest",46.211194,-89.491388,"WGS84",45.2,517.2,0.2,"6 - trap set and empty","ShermanLF","2018-08-08","2018-08-08",,,,,,,,,,,,,,,,,,,,,,,,,,,,,,,,,,,,,,,,,,,,"aspink@neoninc.org","rchambliss@battelleecology.org",,,
"90522629-7284-4ef5-9b44-ec4f91d0586a","bb030b55-808c-4b21-8d63-ec09ba8a88fd","UNDE_032.mammalGrid.mam","D05","UNDE","UNDE_032","E2","distributed","mixedForest",46.244036,-89.536945,"WGS84",45.2,510.5,0.2,"5 - capture","ShermanLF","2018-08-08","2018-08-08","NEON.MAM.D05.O032E220180808",,"BLBR","Blarina brevicauda","species",,,,"sex and reproductive conditions","N","M","N","dead",,"adult",,,,,,,,,,"U","U","U",,,,,,,,,,,,,,,"UNDE.20180808.O032E220180808.V","B00000021597","aspink@neoninc.org","rchambliss@battelleecology.org",,,
"5580723d-352c-4f97-9a94-cc86f2bb0f32","5b310710-78e2-44ef-9425-0de105f2afc2","UNDE_027.mammalGrid.mam","D05","UNDE","UNDE_027","G2","distributed","deciduousForest",46.211194,-89.491388,"WGS84",45.2,517.2,0.2,"6 - trap set and empty","ShermanLF","2018-08-08","2018-08-08",,,,,,,,,,,,,,,,,,,,,,,,,,,,,,,,,,,,,,,,,,,,"aspink@neoninc.org","rchambliss@battelleecology.org",,,
"7779ea6c-79c7-4d91-a928-29f3527aaf36","bb030b55-808c-4b21-8d63-ec09ba8a88fd","UNDE_032.mammalGrid.mam","D05","UNDE","UNDE_032","B8","distributed","mixedForest",46.244036,-89.536945,"WGS84",45.2,510.5,0.2,"2 - trap disturbed/door closed but empty","ShermanLF","2018-08-08","2018-08-08",,,,,,,,,,,,,,,,,,,,,,,,,,,,,,,,,,,,,,,,,,,,"aspink@neoninc.org","rchambliss@battelleecology.org",,,
"018d3260-70d5-4410-9345-3957229ff197","5b310710-78e2-44ef-9425-0de105f2afc2","UNDE_027.mammalGrid.mam","D05","UNDE","UNDE_027","E5","distributed","deciduousForest",46.211194,-89.491388,"WGS84",45.2,517.2,0.2,"5 - capture","ShermanLF","2018-08-08","2018-08-08","NEON.MAM.D05.R4596",,"ZAHU","Zapus hudsonius","species",,,,,"N","F","N","released",,"adult",,"nonenlarged","not","neither",,,,,16,"U","U","U",,,,"UNDE.20180808.R4596.B","D00000012479","mandibular",,,,"UNDE.20180808.R4596.E","D00000012533",,,,,,"aspink@neoninc.org","rchambliss@battelleecology.org",,,
"4641cf8e-e579-49e2-a214-55ed08cfa72c","bb030b55-808c-4b21-8d63-ec09ba8a88fd","UNDE_032.mammalGrid.mam","D05","UNDE","UNDE_032","C7","distributed","mixedForest",46.244036,-89.536945,"WGS84",45.2,510.5,0.2,"2 - trap disturbed/door closed but empty","ShermanLF","2018-08-08","2018-08-08",,,,,,,,,,,,,,,,,,,,,,,,,,,,,,,,,,,,,,,,,,,,"aspink@neoninc.org","rchambliss@battelleecology.org",,,
"e8bd1d23-4ea2-48f6-93a3-4e16b923e78a","bb030b55-808c-4b21-8d63-ec09ba8a88fd","UNDE_032.mammalGrid.mam","D05","UNDE","UNDE_032","I8","distributed","mixedForest",46.244036,-89.536945,"WGS84",45.2,510.5,0.2,"2 - trap disturbed/door closed but empty","ShermanLF","2018-08-08","2018-08-08",,,,,,,,,,,,,,,,,,,,,,,,,,,,,,,,,,,,,,,,,,,,"aspink@neoninc.org","rchambliss@battelleecology.org",,,
"7a51e308-1172-416f-afc3-8cc9a6bb5547","81056462-8424-4cd3-a2df-2a9ec5d18838","UNDE_012.mammalGrid.mam","D05","UNDE","UNDE_012","H10","distributed","woodyWetlands",46.237255,-89.502396,"WGS84",45.2,522.2,0.3,"6 - trap set and empty","ShermanLF","2018-08-08","2018-08-08",,,,,,,,,,,,,,,,,,,,,,,,,,,,,,,,,,,,,,,,,,,,"jswenson@battelleecology.org","dsmith1@battelleecology.org",,,
"3c8bab31-a1c9-4188-871c-3ed8af835624","81056462-8424-4cd3-a2df-2a9ec5d18838","UNDE_012.mammalGrid.mam","D05","UNDE","UNDE_012","C7","distributed","woodyWetlands",46.237255,-89.502396,"WGS84",45.2,522.2,0.3,"5 - capture","ShermanLF","2018-08-08","2018-08-08","NEON.MAM.D05.R4606",,"PEMA","Peromyscus maniculatus","species",,,,,"N","F","Y","released",,"adult",,"enlarged","not","neither",21,20,,,19,"N","N","N",,,,"UNDE.20180808.R4606.B","D00000012041","mandibular - QNS","UNDE.20180808.R4606.F","D00000011996","fresh",,,"UNDE.20180808.R4606.H","B00000021332","hairAndWhisker",,,"jswenson@battelleecology.org","dsmith1@battelleecology.org",,,
"d47c3571-697f-433a-833a-2e3dd7c4263a","bb030b55-808c-4b21-8d63-ec09ba8a88fd","UNDE_032.mammalGrid.mam","D05","UNDE","UNDE_032","G9","distributed","mixedForest",46.244036,-89.536945,"WGS84",45.2,510.5,0.2,"2 - trap disturbed/door closed but empty","ShermanLF","2018-08-08","2018-08-08",,,,,,,,,,,,,,,,,,,,,,,,,,,,,,,,,,,,,,,,,,,,"aspink@neoninc.org","rchambliss@battelleecology.org",,,
"618a7ff3-1e79-45f2-8eaf-89aa81048c2e","81056462-8424-4cd3-a2df-2a9ec5d18838","UNDE_012.mammalGrid.mam","D05","UNDE","UNDE_012","A6","distributed","woodyWetlands",46.237255,-89.502396,"WGS84",45.2,522.2,0.3,"2 - trap disturbed/door closed but empty","ShermanLF","2018-08-08","2018-08-08",,,,,,,,,,,,,,,,,,,,,,,,,,,,,,,,,,,,,,,,,,,,"jswenson@battelleecology.org","dsmith1@battelleecology.org",,,
"4d3a8841-befb-47f8-82dc-dd8d902c7de0","5b310710-78e2-44ef-9425-0de105f2afc2","UNDE_027.mammalGrid.mam","D05","UNDE","UNDE_027","D5","distributed","deciduousForest",46.211194,-89.491388,"WGS84",45.2,517.2,0.2,"3 - trap door open or closed w/ spoor left","ShermanLF","2018-08-08","2018-08-08",,,,,,,,,,,,,,,,,,,,,,,,,,,,,,,,,,,,,,,,,,,,"aspink@neoninc.org","rchambliss@battelleecology.org",,,
"70b41257-6033-4c57-a342-708c6132ac94","81056462-8424-4cd3-a2df-2a9ec5d18838","UNDE_012.mammalGrid.mam","D05","UNDE","UNDE_012","E10","distributed","woodyWetlands",46.237255,-89.502396,"WGS84",45.2,522.2,0.3,"3 - trap door open or closed w/ spoor left","ShermanLF","2018-08-08","2018-08-08",,,,,,,,,,,,,,,,,,,,,,,,,,,,,,,,,,,,,,,,,,,,"jswenson@battelleecology.org","dsmith1@battelleecology.org",,,
"75a0fb3c-8e50-4ef9-b675-18b8db46b5ea","5b310710-78e2-44ef-9425-0de105f2afc2","UNDE_027.mammalGrid.mam","D05","UNDE","UNDE_027","H10","distributed","deciduousForest",46.211194,-89.491388,"WGS84",45.2,517.2,0.2,"3 - trap door open or closed w/ spoor left","ShermanLF","2018-08-08","2018-08-08",,,,,,,,,,,,,,,,,,,,,,,,,,,,,,,,,,,,,,,,,,,,"aspink@neoninc.org","rchambliss@battelleecology.org",,,
"7709ab59-18e8-45b5-8f06-c7386dabd862","81056462-8424-4cd3-a2df-2a9ec5d18838","UNDE_012.mammalGrid.mam","D05","UNDE","UNDE_012","B8","distributed","woodyWetlands",46.237255,-89.502396,"WGS84",45.2,522.2,0.3,"2 - trap disturbed/door closed but empty","ShermanLF","2018-08-08","2018-08-08",,,,,,,,,,,,,,,,,,,,,,,,,,,,,,,,,,,,,,,,,,,,"jswenson@battelleecology.org","dsmith1@battelleecology.org",,,
"bcf6b1dc-0409-4e94-b351-bbede1b864e7","5b310710-78e2-44ef-9425-0de105f2afc2","UNDE_027.mammalGrid.mam","D05","UNDE","UNDE_027","D8","distributed","deciduousForest",46.211194,-89.491388,"WGS84",45.2,517.2,0.2,"5 - capture","ShermanLF","2018-08-08","2018-08-08","NEON.MAM.D05.R4579",,"PELE","Peromyscus leucopus","species",,,,"taxonID confirmed","N","M","N","released",,"adult","scrotal",,,,,,,,19,"U","U","U",,,,"UNDE.20180808.R4579.B","D00000012539","mandibular","UNDE.20180808.R4579.F","D00000011916","fresh","UNDE.20180808.R4579.E","D00000012426","UNDE.20180808.R4579.H","B00000021431","hairAndWhisker",,,"aspink@neoninc.org","rchambliss@battelleecology.org",,,
"c4705944-cac7-4fd3-9aa2-05d9c0f17570","81056462-8424-4cd3-a2df-2a9ec5d18838","UNDE_012.mammalGrid.mam","D05","UNDE","UNDE_012","E2","distributed","woodyWetlands",46.237255,-89.502396,"WGS84",45.2,522.2,0.3,"2 - trap disturbed/door closed but empty","ShermanLF","2018-08-08","2018-08-08",,,,,,,,,,,,,,,,,,,,,,,,,,,,,,,,,,,,,,,,,,,,"jswenson@battelleecology.org","dsmith1@battelleecology.org",,,
"7eb42151-64fc-4156-8d65-6052fbbf0604","5b310710-78e2-44ef-9425-0de105f2afc2","UNDE_027.mammalGrid.mam","D05","UNDE","UNDE_027","H9","distributed","deciduousForest",46.211194,-89.491388,"WGS84",45.2,517.2,0.2,"3 - trap door open or closed w/ spoor left","ShermanLF","2018-08-08","2018-08-08",,,,,,,,,,,,,,,,,,,,,,,,,,,,,,,,,,,,,,,,,,,,"aspink@neoninc.org","rchambliss@battelleecology.org",,,
"c163e481-6df3-47e8-b290-360838fc8352","bb030b55-808c-4b21-8d63-ec09ba8a88fd","UNDE_032.mammalGrid.mam","D05","UNDE","UNDE_032","E3","distributed","mixedForest",46.244036,-89.536945,"WGS84",45.2,510.5,0.2,"2 - trap disturbed/door closed but empty","ShermanLF","2018-08-08","2018-08-08",,,,,,,,,,,,,,,,,,,,,,,,,,,,,,,,,,,,,,,,,,,,"aspink@neoninc.org","rchambliss@battelleecology.org",,,
"34d0ddb2-69ab-47c2-8845-8cfc9d67cf59","bb030b55-808c-4b21-8d63-ec09ba8a88fd","UNDE_032.mammalGrid.mam","D05","UNDE","UNDE_032","J2","distributed","mixedForest",46.244036,-89.536945,"WGS84",45.2,510.5,0.2,"2 - trap disturbed/door closed but empty","ShermanLF","2018-08-08","2018-08-08",,,,,,,,,,,,,,,,,,,,,,,,,,,,,,,,,,,,,,,,,,,,"aspink@neoninc.org","rchambliss@battelleecology.org",,,
"4d3eed75-a633-43db-9eea-252de82ccff3","81056462-8424-4cd3-a2df-2a9ec5d18838","UNDE_012.mammalGrid.mam","D05","UNDE","UNDE_012","H1","distributed","woodyWetlands",46.237255,-89.502396,"WGS84",45.2,522.2,0.3,"6 - trap set and empty","ShermanLF","2018-08-08","2018-08-08",,,,,,,,,,,,,,,,,,,,,,,,,,,,,,,,,,,,,,,,,,,,"jswenson@battelleecology.org","dsmith1@battelleecology.org",,,
"6b1f6d54-7efe-41d8-a731-4ab57640ddb3","5b310710-78e2-44ef-9425-0de105f2afc2","UNDE_027.mammalGrid.mam","D05","UNDE","UNDE_027","D9","distributed","deciduousForest",46.211194,-89.491388,"WGS84",45.2,517.2,0.2,"5 - capture","ShermanLF","2018-08-08","2018-08-08","NEON.MAM.D05.R4383",,"PEMA","Peromyscus maniculatus","species",,,,"taxonID confirmed","N","M","Y","released",,"adult","scrotal",,,,,,,,20,"U","U","U",,,,"UNDE.20180808.R4383.B","D00000012437","mandibular",,,,,,"UNDE.20180808.R4383.H","B00000021352","hairAndWhisker",,,"aspink@neoninc.org","rchambliss@battelleecology.org",,,
"faaff9c1-0f24-448f-975c-a89669582ddf","bb030b55-808c-4b21-8d63-ec09ba8a88fd","UNDE_032.mammalGrid.mam","D05","UNDE","UNDE_032","D8","distributed","mixedForest",46.244036,-89.536945,"WGS84",45.2,510.5,0.2,"5 - capture","ShermanLF","2018-08-08","2018-08-08","NEON.MAM.D05.R4629",,"PEMA","Peromyscus maniculatus","species",,,,,"N","F","Y","released",,"adult",,"enlarged","pregnant","neither",18,18,,,15,"N","N","N",,,,,,,"UNDE.20180808.R4629.F","D00000012609","fresh",,,"UNDE.20180808.R4629.H","B00000021419","hairAndWhisker",,,"aspink@neoninc.org","rchambliss@battelleecology.org",,,
"f8d77055-5a30-43de-9d19-7b4b66aa8207","81056462-8424-4cd3-a2df-2a9ec5d18838","UNDE_012.mammalGrid.mam","D05","UNDE","UNDE_012","C6","distributed","woodyWetlands",46.237255,-89.502396,"WGS84",45.2,522.2,0.3,"6 - trap set and empty","ShermanLF","2018-08-08","2018-08-08",,,,,,,,,,,,,,,,,,,,,,,,,,,,,,,,,,,,,,,,,,,,"jswenson@battelleecology.org","dsmith1@battelleecology.org",,,
"91ec0c5f-cb93-450d-aa36-f80c3caeded1","5b310710-78e2-44ef-9425-0de105f2afc2","UNDE_027.mammalGrid.mam","D05","UNDE","UNDE_027","H6","distributed","deciduousForest",46.211194,-89.491388,"WGS84",45.2,517.2,0.2,"6 - trap set and empty","ShermanLF","2018-08-08","2018-08-08",,,,,,,,,,,,,,,,,,,,,,,,,,,,,,,,,,,,,,,,,,,,"aspink@neoninc.org","rchambliss@battelleecology.org",,,
"a4d8f071-11d7-42cb-9802-e3135b28a4bf","bb030b55-808c-4b21-8d63-ec09ba8a88fd","UNDE_032.mammalGrid.mam","D05","UNDE","UNDE_032","C10","distributed","mixedForest",46.244036,-89.536945,"WGS84",45.2,510.5,0.2,"2 - trap disturbed/door closed but empty","ShermanLF","2018-08-08","2018-08-08",,,,,,,,,,,,,,,,,,,,,,,,,,,,,,,,,,,,,,,,,,,,"aspink@neoninc.org","rchambliss@battelleecology.org",,,
"478b277e-723c-41d5-92b9-9bd495b6f919","bb030b55-808c-4b21-8d63-ec09ba8a88fd","UNDE_032.mammalGrid.mam","D05","UNDE","UNDE_032","D3","distributed","mixedForest",46.244036,-89.536945,"WGS84",45.2,510.5,0.2,"2 - trap disturbed/door closed but empty","ShermanLF","2018-08-08","2018-08-08",,,,,,,,,,,,,,,,,,,,,,,,,,,,,,,,,,,,,,,,,,,,"aspink@neoninc.org","rchambliss@battelleecology.org",,,
"0bbbd824-5bf4-4a62-a02d-2a89cbc004ff","5b310710-78e2-44ef-9425-0de105f2afc2","UNDE_027.mammalGrid.mam","D05","UNDE","UNDE_027","A6","distributed","deciduousForest",46.211194,-89.491388,"WGS84",45.2,517.2,0.2,"5 - capture","ShermanLF","2018-08-08","2018-08-08","NEON.MAM.D05.R4577",,"PEMA","Peromyscus maniculatus","species",,,,"taxonID confirmed","N","F","N","released",,"adult",,"nonenlarged","not","neither",,,,,16,"U","U","U",,,,"UNDE.20180808.R4577.B","D00000012030","mandibular","UNDE.20180808.R4577.F","D00000012494","fresh","UNDE.20180808.R4577.E","D00000011629","UNDE.20180808.R4577.H","B00000021433","hairAndWhisker",,,"aspink@neoninc.org","rchambliss@battelleecology.org",,,
"4074df04-3717-4fe3-9ad1-677503c532da","bb030b55-808c-4b21-8d63-ec09ba8a88fd","UNDE_032.mammalGrid.mam","D05","UNDE","UNDE_032","D6","distributed","mixedForest",46.244036,-89.536945,"WGS84",45.2,510.5,0.2,"2 - trap disturbed/door closed but empty","ShermanLF","2018-08-08","2018-08-08",,,,,,,,,,,,,,,,,,,,,,,,,,,,,,,,,,,,,,,,,,,,"aspink@neoninc.org","rchambliss@battelleecology.org",,,
"67d57f63-eee0-4a57-bdbd-fe46f8092a6d","bb030b55-808c-4b21-8d63-ec09ba8a88fd","UNDE_032.mammalGrid.mam","D05","UNDE","UNDE_032","B3","distributed","mixedForest",46.244036,-89.536945,"WGS84",45.2,510.5,0.2,"2 - trap disturbed/door closed but empty","ShermanLF","2018-08-08","2018-08-08",,,,,,,,,,,,,,,,,,,,,,,,,,,,,,,,,,,,,,,,,,,,"aspink@neoninc.org","rchambliss@battelleecology.org",,,
"3a8d4fa8-5796-4c65-8b26-95a482af5fa5","81056462-8424-4cd3-a2df-2a9ec5d18838","UNDE_012.mammalGrid.mam","D05","UNDE","UNDE_012","B5","distributed","woodyWetlands",46.237255,-89.502396,"WGS84",45.2,522.2,0.3,"6 - trap set and empty","ShermanLF","2018-08-08","2018-08-08",,,,,,,,,,,,,,,,,,,,,,,,,,,,,,,,,,,,,,,,,,,,"jswenson@battelleecology.org","dsmith1@battelleecology.org",,,
"a9465dc0-9e46-49f6-8773-ceb3cd17a194","bb030b55-808c-4b21-8d63-ec09ba8a88fd","UNDE_032.mammalGrid.mam","D05","UNDE","UNDE_032","I9","distributed","mixedForest",46.244036,-89.536945,"WGS84",45.2,510.5,0.2,"2 - trap disturbed/door closed but empty","ShermanLF","2018-08-08","2018-08-08",,,,,,,,,,,,,,,,,,,,,,,,,,,,,,,,,,,,,,,,,,,,"aspink@neoninc.org","rchambliss@battelleecology.org",,,
"152a11ed-b1e0-4d90-bd6b-5c44d8f8fe50","5b310710-78e2-44ef-9425-0de105f2afc2","UNDE_027.mammalGrid.mam","D05","UNDE","UNDE_027","G3","distributed","deciduousForest",46.211194,-89.491388,"WGS84",45.2,517.2,0.2,"5 - capture","ShermanLF","2018-08-08","2018-08-08","NEON.MAM.D05.R4595",,"ZAHU","Zapus hudsonius","species",,,,,"N","M","N","released",,"adult","nonscrotal",,,,,,,,17,"U","U","U",,,,"UNDE.20180808.R4595.B","D00000011744","mandibular","UNDE.20180808.R4595.F","D00000011612","fresh",,,,,,,,"aspink@neoninc.org","rchambliss@battelleecology.org",,,
"142e2bef-0c41-4348-80e4-946d27bf8e71","5b310710-78e2-44ef-9425-0de105f2afc2","UNDE_027.mammalGrid.mam","D05","UNDE","UNDE_027","I8","distributed","deciduousForest",46.211194,-89.491388,"WGS84",45.2,517.2,0.2,"5 - capture","ShermanLF","2018-08-08","2018-08-08","NEON.MAM.D05.O027I820180808",,"BLBR","Blarina brevicauda","species",,,,,"N","U","Y","released",,"adult",,,,,,,,,,"U","U","U",,,,,,,,,,,,,,,,,"aspink@neoninc.org","rchambliss@battelleecology.org",,,
"5d14ffb7-292e-41f6-9440-33df1150a7ea","81056462-8424-4cd3-a2df-2a9ec5d18838","UNDE_012.mammalGrid.mam","D05","UNDE","UNDE_012","C5","distributed","woodyWetlands",46.237255,-89.502396,"WGS84",45.2,522.2,0.3,"6 - trap set and empty","ShermanLF","2018-08-08","2018-08-08",,,,,,,,,,,,,,,,,,,,,,,,,,,,,,,,,,,,,,,,,,,,"jswenson@battelleecology.org","dsmith1@battelleecology.org",,,
"68652c5e-36fb-4bd3-8be4-3fd564129c2f","5b310710-78e2-44ef-9425-0de105f2afc2","UNDE_027.mammalGrid.mam","D05","UNDE","UNDE_027","A3","distributed","deciduousForest",46.211194,-89.491388,"WGS84",45.2,517.2,0.2,"6 - trap set and empty","ShermanLF","2018-08-08","2018-08-08",,,,,,,,,,,,,,,,,,,,,,,,,,,,,,,,,,,,,,,,,,,,"aspink@neoninc.org","rchambliss@battelleecology.org",,,
"d376cef1-8ed4-4358-8d07-f5e14296cda1","bb030b55-808c-4b21-8d63-ec09ba8a88fd","UNDE_032.mammalGrid.mam","D05","UNDE","UNDE_032","E6","distributed","mixedForest",46.244036,-89.536945,"WGS84",45.2,510.5,0.2,"2 - trap disturbed/door closed but empty","ShermanLF","2018-08-08","2018-08-08",,,,,,,,,,,,,,,,,,,,,,,,,,,,,,,,,,,,,,,,,,,,"aspink@neoninc.org","rchambliss@battelleecology.org",,,
"d20e2bbb-c24c-4ad8-a1e8-eaa20b1556db","bb030b55-808c-4b21-8d63-ec09ba8a88fd","UNDE_032.mammalGrid.mam","D05","UNDE","UNDE_032","I6","distributed","mixedForest",46.244036,-89.536945,"WGS84",45.2,510.5,0.2,"2 - trap disturbed/door closed but empty","ShermanLF","2018-08-08","2018-08-08",,,,,,,,,,,,,,,,,,,,,,,,,,,,,,,,,,,,,,,,,,,,"aspink@neoninc.org","rchambliss@battelleecology.org",,,
"fb915940-3a3f-4995-926d-e15e0fd1e3aa","bb030b55-808c-4b21-8d63-ec09ba8a88fd","UNDE_032.mammalGrid.mam","D05","UNDE","UNDE_032","A4","distributed","mixedForest",46.244036,-89.536945,"WGS84",45.2,510.5,0.2,"2 - trap disturbed/door closed but empty","ShermanLF","2018-08-08","2018-08-08",,,,,,,,,,,,,,,,,,,,,,,,,,,,,,,,,,,,,,,,,,,,"aspink@neoninc.org","rchambliss@battelleecology.org",,,
"961d34aa-6be6-4c92-8f1f-a81dee84714e","bb030b55-808c-4b21-8d63-ec09ba8a88fd","UNDE_032.mammalGrid.mam","D05","UNDE","UNDE_032","B9","distributed","mixedForest",46.244036,-89.536945,"WGS84",45.2,510.5,0.2,"2 - trap disturbed/door closed but empty","ShermanLF","2018-08-08","2018-08-08",,,,,,,,,,,,,,,,,,,,,,,,,,,,,,,,,,,,,,,,,,,,"aspink@neoninc.org","rchambliss@battelleecology.org",,,
"fa2258d0-b227-4209-9fd1-2ff82882d61c","81056462-8424-4cd3-a2df-2a9ec5d18838","UNDE_012.mammalGrid.mam","D05","UNDE","UNDE_012","C8","distributed","woodyWetlands",46.237255,-89.502396,"WGS84",45.2,522.2,0.3,"3 - trap door open or closed w/ spoor left","ShermanLF","2018-08-08","2018-08-08",,,,,,,,,,,,,,,,,,,,,,,,,,,,,,,,,,,,,,,,,,,,"jswenson@battelleecology.org","dsmith1@battelleecology.org",,,
"170277db-e6c4-40b1-b5d9-25ef13e3891e","81056462-8424-4cd3-a2df-2a9ec5d18838","UNDE_012.mammalGrid.mam","D05","UNDE","UNDE_012","A7","distributed","woodyWetlands",46.237255,-89.502396,"WGS84",45.2,522.2,0.3,"5 - capture","ShermanLF","2018-08-08","2018-08-08","NEON.MAM.D05.R4414",,"ZAHU","Zapus hudsonius","species","cf. species",,,,"N","M","N","released",,"adult","nonscrotal",,,,32,,,,26,"N","N","N",,,,"UNDE.20180808.R4414.B","D00000011528","mandibular",,,,"UNDE.20180808.R4414.E","D00000012443",,,,,,"jswenson@battelleecology.org","dsmith1@battelleecology.org",,,
"0a4ea5a4-be4c-410d-8ef6-e557b1e08a95","81056462-8424-4cd3-a2df-2a9ec5d18838","UNDE_012.mammalGrid.mam","D05","UNDE","UNDE_012","I2","distributed","woodyWetlands",46.237255,-89.502396,"WGS84",45.2,522.2,0.3,"3 - trap door open or closed w/ spoor left","ShermanLF","2018-08-08","2018-08-08",,,,,,,,,,,,,,,,,,,,,,,,,,,,,,,,,,,,,,,,,,,,"jswenson@battelleecology.org","dsmith1@battelleecology.org",,,
"780bcdb9-3dfc-4739-a53a-dd4dfc0cb1fb","bb030b55-808c-4b21-8d63-ec09ba8a88fd","UNDE_032.mammalGrid.mam","D05","UNDE","UNDE_032","J9","distributed","mixedForest",46.244036,-89.536945,"WGS84",45.2,510.5,0.2,"2 - trap disturbed/door closed but empty","ShermanLF","2018-08-08","2018-08-08",,,,,,,,,,,,,,,,,,,,,,,,,,,,,,,,,,,,,,,,,,,,"aspink@neoninc.org","rchambliss@battelleecology.org",,,
"fb0b03aa-06e2-4992-8e5c-179fe89f3cdb","81056462-8424-4cd3-a2df-2a9ec5d18838","UNDE_012.mammalGrid.mam","D05","UNDE","UNDE_012","F10","distributed","woodyWetlands",46.237255,-89.502396,"WGS84",45.2,522.2,0.3,"6 - trap set and empty","ShermanLF","2018-08-08","2018-08-08",,,,,,,,,,,,,,,,,,,,,,,,,,,,,,,,,,,,,,,,,,,,"jswenson@battelleecology.org","dsmith1@battelleecology.org",,,
"cbabdf49-4c73-49e2-85db-3de2ab385550","81056462-8424-4cd3-a2df-2a9ec5d18838","UNDE_012.mammalGrid.mam","D05","UNDE","UNDE_012","C1","distributed","woodyWetlands",46.237255,-89.502396,"WGS84",45.2,522.2,0.3,"6 - trap set and empty","ShermanLF","2018-08-08","2018-08-08",,,,,,,,,,,,,,,,,,,,,,,,,,,,,,,,,,,,,,,,,,,,"jswenson@battelleecology.org","dsmith1@battelleecology.org",,,
"779ba100-b8f4-468c-a9a3-5d966a16b6d4","81056462-8424-4cd3-a2df-2a9ec5d18838","UNDE_012.mammalGrid.mam","D05","UNDE","UNDE_012","A8","distributed","woodyWetlands",46.237255,-89.502396,"WGS84",45.2,522.2,0.3,"5 - capture","ShermanLF","2018-08-08","2018-08-08","NEON.MAM.D05.L4621",,"NAIN","Napaeozapus insignis","species",,,,,"N","F","Y","released",,"adult",,"unknown","pregnant","neither",31,,,,30,"N","N","N",,,,"UNDE.20180808.L4621.B","D00000012238","mandibular",,,,,,,,,,,"jswenson@battelleecology.org","dsmith1@battelleecology.org",,,
"4272c86a-778b-4f86-a276-31c8c1e7929c","81056462-8424-4cd3-a2df-2a9ec5d18838","UNDE_012.mammalGrid.mam","D05","UNDE","UNDE_012","A1","distributed","woodyWetlands",46.237255,-89.502396,"WGS84",45.2,522.2,0.3,"6 - trap set and empty","ShermanLF","2018-08-08","2018-08-08",,,,,,,,,,,,,,,,,,,,,,,,,,,,,,,,,,,,,,,,,,,,"jswenson@battelleecology.org","dsmith1@battelleecology.org",,,
"c94b458a-c442-4cc7-af3e-c74bcade1ad1","81056462-8424-4cd3-a2df-2a9ec5d18838","UNDE_012.mammalGrid.mam","D05","UNDE","UNDE_012","F8","distributed","woodyWetlands",46.237255,-89.502396,"WGS84",45.2,522.2,0.3,"6 - trap set and empty","ShermanLF","2018-08-08","2018-08-08",,,,,,,,,,,,,,,,,,,,,,,,,,,,,,,,,,,,,,,,,,,,"jswenson@battelleecology.org","dsmith1@battelleecology.org",,,
"85f93e9b-ca79-4bfb-bced-e43ae2b304e8","5b310710-78e2-44ef-9425-0de105f2afc2","UNDE_027.mammalGrid.mam","D05","UNDE","UNDE_027","C6","distributed","deciduousForest",46.211194,-89.491388,"WGS84",45.2,517.2,0.2,"3 - trap door open or closed w/ spoor left","ShermanLF","2018-08-08","2018-08-08",,,,,,,,,,,,,,,,,,,,,,,,,,,,,,,,,,,,,,,,,,,,"aspink@neoninc.org","rchambliss@battelleecology.org",,,
"ae127a9a-4156-4c6d-861d-3ea01bdf91f4","81056462-8424-4cd3-a2df-2a9ec5d18838","UNDE_012.mammalGrid.mam","D05","UNDE","UNDE_012","J9","distributed","woodyWetlands",46.237255,-89.502396,"WGS84",45.2,522.2,0.3,"6 - trap set and empty","ShermanLF","2018-08-08","2018-08-08",,,,,,,,,,,,,,,,,,,,,,,,,,,,,,,,,,,,,,,,,,,,"jswenson@battelleecology.org","dsmith1@battelleecology.org",,,
"a1bfe6f4-c956-4856-8d8e-a6a35d91a1f6","5b310710-78e2-44ef-9425-0de105f2afc2","UNDE_027.mammalGrid.mam","D05","UNDE","UNDE_027","C4","distributed","deciduousForest",46.211194,-89.491388,"WGS84",45.2,517.2,0.2,"6 - trap set and empty","ShermanLF","2018-08-08","2018-08-08",,,,,,,,,,,,,,,,,,,,,,,,,,,,,,,,,,,,,,,,,,,,"aspink@neoninc.org","rchambliss@battelleecology.org",,,
"f25598d6-e12c-471c-9058-4caf88005d49","984fd740-33f4-44d7-9198-514d8d33b8e2","UNDE_012.mammalGrid.mam","D05","UNDE","UNDE_012","I10","distributed","woodyWetlands",46.237255,-89.502396,"WGS84",45.2,522.2,0.3,"5 - capture","ShermanLF","2018-08-09","2018-08-09","NEON.MAM.D05.R4590",,"TAMI","Tamias minimus","species",,,,,"N","M","U","released",,"subadult","nonscrotal",,,,30,,,,42,"N","N","N",,,,,,,"UNDE.20180809.R4590.F",,"fresh","UNDE.20180809.R4590.E",,,,,,,"jswenson@battelleecology.org","dsmith1@battelleecology.org",,,
"a27fc8bd-87be-40dd-80f4-2d40e1af937b","e8126ae3-7b3b-46c0-945e-f142e9848635","UNDE_027.mammalGrid.mam","D05","UNDE","UNDE_027","H5","distributed","deciduousForest",46.211194,-89.491388,"WGS84",45.2,517.2,0.2,"5 - capture","ShermanLF","2018-08-09","2018-08-09","NEON.MAM.D05.R4420",,"PEMA","Peromyscus maniculatus","species",,,,,"N","M","Y","released",,"adult","nonscrotal",,,,21,18,,,21,"N","N","N",,,,"UNDE.20180809.R4420.B","D00000011621","mandibular",,,,"UNDE.20180809.R4420.E","D00000012644",,,,,,"aspink@neoninc.org","rchambliss@battelleecology.org",,,
"3db3b556-7071-4234-818f-903741d4398d","984fd740-33f4-44d7-9198-514d8d33b8e2","UNDE_012.mammalGrid.mam","D05","UNDE","UNDE_012","B4","distributed","woodyWetlands",46.237255,-89.502396,"WGS84",45.2,522.2,0.3,"5 - capture","ShermanLF","2018-08-09","2018-08-09","NEON.MAM.D05.R4495",,"ZAHU","Zapus hudsonius","species",,,,,"N","M","N","released",,"adult","nonscrotal",,,,28,,,,16,"N","N","N",,,,"UNDE.20180809.R4495.B","D00000011750","mandibular","UNDE.20180809.R4495.F","D00000012476","fresh","UNDE.20180809.R4495.E","D00000012487",,,,,,"jswenson@battelleecology.org","dsmith1@battelleecology.org","the animal was either a ZAHU or NAIN and both are equally likely",,
"7fbdac29-d770-43a8-8a8e-c8281e981bce","e8126ae3-7b3b-46c0-945e-f142e9848635","UNDE_027.mammalGrid.mam","D05","UNDE","UNDE_027","G5","distributed","deciduousForest",46.211194,-89.491388,"WGS84",45.2,517.2,0.2,"6 - trap set and empty","ShermanLF","2018-08-09","2018-08-09",,,,,,,,,,,,,,,,,,,,,,,,,,,,,,,,,,,,,,,,,,,,"aspink@neoninc.org","rchambliss@battelleecology.org",,,
"79e16973-a9ad-4fdb-8062-ab55078c37e8","e8126ae3-7b3b-46c0-945e-f142e9848635","UNDE_027.mammalGrid.mam","D05","UNDE","UNDE_027","F6","distributed","deciduousForest",46.211194,-89.491388,"WGS84",45.2,517.2,0.2,"5 - capture","ShermanLF","2018-08-09","2018-08-09","NEON.MAM.D05.R3834",,"PEMA","Peromyscus maniculatus","species",,,,,"N","F","Y","released",,"adult",,"nonenlarged","not","neither",20,18,,,17,"N","N","N",,,,"UNDE.20180809.R3834.B","D00000012480","mandibular",,,,,,,,,,,"aspink@neoninc.org","rchambliss@battelleecology.org",,,
"9cbaa7a0-c327-43f2-b6bb-89d48191a409","e8126ae3-7b3b-46c0-945e-f142e9848635","UNDE_027.mammalGrid.mam","D05","UNDE","UNDE_027","J9","distributed","deciduousForest",46.211194,-89.491388,"WGS84",45.2,517.2,0.2,"5 - capture","ShermanLF","2018-08-09","2018-08-09","NEON.MAM.D05.O027J920180809",,"BLBR","Blarina brevicauda","species",,,,,"N","U","N","released",,"adult",,,,,,,,,,"U","U","U",,,,,,,,,,,,,,,,,"aspink@neoninc.org","rchambliss@battelleecology.org",,,
"6b9bc0de-c0f4-4f52-baf9-354062771ad8","e8126ae3-7b3b-46c0-945e-f142e9848635","UNDE_027.mammalGrid.mam","D05","UNDE","UNDE_027","C7","distributed","deciduousForest",46.211194,-89.491388,"WGS84",45.2,517.2,0.2,"6 - trap set and empty","ShermanLF","2018-08-09","2018-08-09",,,,,,,,,,,,,,,,,,,,,,,,,,,,,,,,,,,,,,,,,,,,"aspink@neoninc.org","rchambliss@battelleecology.org",,,
"f9659104-d27d-488e-9ab7-9f52e21b9812","e8126ae3-7b3b-46c0-945e-f142e9848635","UNDE_027.mammalGrid.mam","D05","UNDE","UNDE_027","J4","distributed","deciduousForest",46.211194,-89.491388,"WGS84",45.2,517.2,0.2,"6 - trap set and empty","ShermanLF","2018-08-09","2018-08-09",,,,,,,,,,,,,,,,,,,,,,,,,,,,,,,,,,,,,,,,,,,,"aspink@neoninc.org","rchambliss@battelleecology.org",,,
"19734e63-bddb-456a-96f2-0dfe14f4724f","e8126ae3-7b3b-46c0-945e-f142e9848635","UNDE_027.mammalGrid.mam","D05","UNDE","UNDE_027","A8","distributed","deciduousForest",46.211194,-89.491388,"WGS84",45.2,517.2,0.2,"6 - trap set and empty","ShermanLF","2018-08-09","2018-08-09",,,,,,,,,,,,,,,,,,,,,,,,,,,,,,,,,,,,,,,,,,,,"aspink@neoninc.org","rchambliss@battelleecology.org",,,
"e3651bdc-5c41-4d7c-b936-a2ed30fe470b","984fd740-33f4-44d7-9198-514d8d33b8e2","UNDE_012.mammalGrid.mam","D05","UNDE","UNDE_012","H3","distributed","woodyWetlands",46.237255,-89.502396,"WGS84",45.2,522.2,0.3,"6 - trap set and empty","ShermanLF","2018-08-09","2018-08-09",,,,,,,,,,,,,,,,,,,,,,,,,,,,,,,,,,,,,,,,,,,,"jswenson@battelleecology.org","dsmith1@battelleecology.org",,,
"bf31ff48-d5b5-4af9-ab66-4d214babe3c3","e8126ae3-7b3b-46c0-945e-f142e9848635","UNDE_027.mammalGrid.mam","D05","UNDE","UNDE_027","A1","distributed","deciduousForest",46.211194,-89.491388,"WGS84",45.2,517.2,0.2,"5 - capture","ShermanLF","2018-08-09","2018-08-09","NEON.MAM.D05.O027A120180809",,"BLBR","Blarina brevicauda","species",,,,,"N","U","N","released",,"adult",,,,,,,,,,"U","U","U",,,,,,,,,,,,,,,,,"aspink@neoninc.org","rchambliss@battelleecology.org",,,
"dca4dbc3-e667-4c4c-9e5c-b2b2471e3e35","984fd740-33f4-44d7-9198-514d8d33b8e2","UNDE_012.mammalGrid.mam","D05","UNDE","UNDE_012","C3","distributed","woodyWetlands",46.237255,-89.502396,"WGS84",45.2,522.2,0.3,"3 - trap door open or closed w/ spoor left","ShermanLF","2018-08-09","2018-08-09",,,,,,,,,,,,,,,,,,,,,,,,,,,,,,,,,,,,,,,,,,,,"jswenson@battelleecology.org","dsmith1@battelleecology.org",,,
"7eb99012-efce-46be-a9c7-61097a4a1db1","e8126ae3-7b3b-46c0-945e-f142e9848635","UNDE_027.mammalGrid.mam","D05","UNDE","UNDE_027","C1","distributed","deciduousForest",46.211194,-89.491388,"WGS84",45.2,517.2,0.2,"3 - trap door open or closed w/ spoor left","ShermanLF","2018-08-09","2018-08-09",,,,,,,,,,,,,,,,,,,,,,,,,,,,,,,,,,,,,,,,,,,,"aspink@neoninc.org","rchambliss@battelleecology.org",,,
"0df90cf7-6154-400f-a917-b46355922936","984fd740-33f4-44d7-9198-514d8d33b8e2","UNDE_012.mammalGrid.mam","D05","UNDE","UNDE_012","C8","distributed","woodyWetlands",46.237255,-89.502396,"WGS84",45.2,522.2,0.3,"5 - capture","ShermanLF","2018-08-09","2018-08-09","NEON.MAM.D05.R4539",,"ZAHU","Zapus hudsonius","species",,,,,"N","F","N","released",,"adult",,"nonenlarged","not","neither",29,,,,17,"N","N","N",,,,"UNDE.20180809.R4539.B","D00000012259","mandibular","UNDE.20180809.R4539.F","D00000012588","fresh","UNDE.20180809.R4539.E","D00000012627",,,,,,"jswenson@battelleecology.org","dsmith1@battelleecology.org",,,
"20a46d29-eae4-4be5-abde-29d7c3c31219","e8126ae3-7b3b-46c0-945e-f142e9848635","UNDE_027.mammalGrid.mam","D05","UNDE","UNDE_027","D4","distributed","deciduousForest",46.211194,-89.491388,"WGS84",45.2,517.2,0.2,"6 - trap set and empty","ShermanLF","2018-08-09","2018-08-09",,,,,,,,,,,,,,,,,,,,,,,,,,,,,,,,,,,,,,,,,,,,"aspink@neoninc.org","rchambliss@battelleecology.org",,,
"0cbbcb5f-1bf7-4b01-a813-2c3d92db809a","984fd740-33f4-44d7-9198-514d8d33b8e2","UNDE_012.mammalGrid.mam","D05","UNDE","UNDE_012","G5","distributed","woodyWetlands",46.237255,-89.502396,"WGS84",45.2,522.2,0.3,"3 - trap door open or closed w/ spoor left","ShermanLF","2018-08-09","2018-08-09",,,,,,,,,,,,,,,,,,,,,,,,,,,,,,,,,,,,,,,,,,,,"jswenson@battelleecology.org","dsmith1@battelleecology.org",,,
"47bcf743-b4cb-433a-8485-a6b8c8289e3b","e8126ae3-7b3b-46c0-945e-f142e9848635","UNDE_027.mammalGrid.mam","D05","UNDE","UNDE_027","G9","distributed","deciduousForest",46.211194,-89.491388,"WGS84",45.2,517.2,0.2,"5 - capture","ShermanLF","2018-08-09","2018-08-09","NEON.MAM.D05.R2945",,"ZAHU","Zapus hudsonius","species",,,,,"N","M","Y","released",,"adult","nonscrotal",,,,30,,,,26,"N","N","N",,,,"UNDE.20180809.R2945.B","D00000011758","mandibular","UNDE.20180809.R2945.F","D00000012158","fresh",,,,,,,,"aspink@neoninc.org","rchambliss@battelleecology.org",,,
"ea418ab6-a91b-46ef-bc50-ddd549ed256a","984fd740-33f4-44d7-9198-514d8d33b8e2","UNDE_012.mammalGrid.mam","D05","UNDE","UNDE_012","F2","distributed","woodyWetlands",46.237255,-89.502396,"WGS84",45.2,522.2,0.3,"6 - trap set and empty","ShermanLF","2018-08-09","2018-08-09",,,,,,,,,,,,,,,,,,,,,,,,,,,,,,,,,,,,,,,,,,,,"jswenson@battelleecology.org","dsmith1@battelleecology.org",,,
"352fca36-8332-478d-91b0-33c655f43590","e8126ae3-7b3b-46c0-945e-f142e9848635","UNDE_027.mammalGrid.mam","D05","UNDE","UNDE_027","H7","distributed","deciduousForest",46.211194,-89.491388,"WGS84",45.2,517.2,0.2,"5 - capture","ShermanLF","2018-08-09","2018-08-09","NEON.MAM.D05.R4104",,"PEMA","Peromyscus maniculatus","species","cf. species",,,,"N","M","Y","released",,"adult","scrotal",,,,20,17,,,18,"N","N","N",,,,"UNDE.20180809.R4104.B","D00000011974","mandibular",,,,,,,,,,,"aspink@neoninc.org","rchambliss@battelleecology.org","TaxonID confirmed due to evidence from voucher review or genetic testing of tissue from individual with this tagID on different capture date.",,
"572280ba-e91c-4bb3-8c24-f02c31eb6be4","984fd740-33f4-44d7-9198-514d8d33b8e2","UNDE_012.mammalGrid.mam","D05","UNDE","UNDE_012","D7","distributed","woodyWetlands",46.237255,-89.502396,"WGS84",45.2,522.2,0.3,"5 - capture","ShermanLF","2018-08-09","2018-08-09","NEON.MAM.D05.R4345",,"MYGA","Myodes gapperi","species",,,,,"N","M","N","released",,"adult","nonscrotal",,,,19,,,,19,"N","N","N",,,,"UNDE.20180809.R4345.B","D00000012551","mandibular","UNDE.20180809.R4345.F","D00000011566","fresh","UNDE.20180809.R4345.E","D00000012556",,,,,,"jswenson@battelleecology.org","dsmith1@battelleecology.org",,,
"e953655c-f365-47e8-96c1-8e7d2dfe559d","984fd740-33f4-44d7-9198-514d8d33b8e2","UNDE_012.mammalGrid.mam","D05","UNDE","UNDE_012","J4","distributed","woodyWetlands",46.237255,-89.502396,"WGS84",45.2,522.2,0.3,"5 - capture","ShermanLF","2018-08-09","2018-08-09","NEON.MAM.D05.R3189",,"NAIN","Napaeozapus insignis","species",,,,,"N","F","Y","released",,"adult",,"enlarged","pregnant","neither",31,,,,39,"N","N","N",,,,"UNDE.20180809.R3189.B",,"mandibular",,,,,,,,,,,"jswenson@battelleecology.org","dsmith1@battelleecology.org",,,
"deffd10b-27ad-4c28-af5f-b415f2975892","e8126ae3-7b3b-46c0-945e-f142e9848635","UNDE_027.mammalGrid.mam","D05","UNDE","UNDE_027","C2","distributed","deciduousForest",46.211194,-89.491388,"WGS84",45.2,517.2,0.2,"3 - trap door open or closed w/ spoor left","ShermanLF","2018-08-09","2018-08-09",,,,,,,,,,,,,,,,,,,,,,,,,,,,,,,,,,,,,,,,,,,,"aspink@neoninc.org","rchambliss@battelleecology.org",,,
"99a17751-c95f-4af1-9cd6-e80b7cd9a528","e8126ae3-7b3b-46c0-945e-f142e9848635","UNDE_027.mammalGrid.mam","D05","UNDE","UNDE_027","B8","distributed","deciduousForest",46.211194,-89.491388,"WGS84",45.2,517.2,0.2,"5 - capture","ShermanLF","2018-08-09","2018-08-09","NEON.MAM.D05.R4518",,"ZAHU","Zapus hudsonius","species",,,,"sex confirmed","N","F","N","dead",,"subadult",,"nonenlarged","not","neither",30,,,,15,"N","N","N",,,,"UNDE.20180809.R4518.B","D00000012266","mandibular",,,,"UNDE.20180809.R4518.E","D00000012647",,,,"UNDE.20180809.R4518.V","B00000021604","aspink@neoninc.org","rchambliss@battelleecology.org",,,
"0cfeb341-613a-4d0c-891a-d43549ad4c8e","e8126ae3-7b3b-46c0-945e-f142e9848635","UNDE_027.mammalGrid.mam","D05","UNDE","UNDE_027","G3","distributed","deciduousForest",46.211194,-89.491388,"WGS84",45.2,517.2,0.2,"3 - trap door open or closed w/ spoor left","ShermanLF","2018-08-09","2018-08-09",,,,,,,,,,,,,,,,,,,,,,,,,,,,,,,,,,,,,,,,,,,,"aspink@neoninc.org","rchambliss@battelleecology.org",,,
"84102208-abac-438e-bf90-bbaf8164b1a2","984fd740-33f4-44d7-9198-514d8d33b8e2","UNDE_012.mammalGrid.mam","D05","UNDE","UNDE_012","A10","distributed","woodyWetlands",46.237255,-89.502396,"WGS84",45.2,522.2,0.3,"3 - trap door open or closed w/ spoor left","ShermanLF","2018-08-09","2018-08-09",,,,,,,,,,,,,,,,,,,,,,,,,,,,,,,,,,,,,,,,,,,,"jswenson@battelleecology.org","dsmith1@battelleecology.org",,,
"26cdfe6a-1ba0-42f3-84b1-eb0dd88235b1","e8126ae3-7b3b-46c0-945e-f142e9848635","UNDE_027.mammalGrid.mam","D05","UNDE","UNDE_027","C8","distributed","deciduousForest",46.211194,-89.491388,"WGS84",45.2,517.2,0.2,"3 - trap door open or closed w/ spoor left","ShermanLF","2018-08-09","2018-08-09",,,,,,,,,,,,,,,,,,,,,,,,,,,,,,,,,,,,,,,,,,,,"aspink@neoninc.org","rchambliss@battelleecology.org",,,
"576cd3e5-ce13-4c92-ba9c-878522b499f7","e8126ae3-7b3b-46c0-945e-f142e9848635","UNDE_027.mammalGrid.mam","D05","UNDE","UNDE_027","B1","distributed","deciduousForest",46.211194,-89.491388,"WGS84",45.2,517.2,0.2,"3 - trap door open or closed w/ spoor left","ShermanLF","2018-08-09","2018-08-09",,,,,,,,,,,,,,,,,,,,,,,,,,,,,,,,,,,,,,,,,,,,"aspink@neoninc.org","rchambliss@battelleecology.org",,,
"34026b11-dd8c-4863-8b08-ed0f3197000a","e8126ae3-7b3b-46c0-945e-f142e9848635","UNDE_027.mammalGrid.mam","D05","UNDE","UNDE_027","F4","distributed","deciduousForest",46.211194,-89.491388,"WGS84",45.2,517.2,0.2,"3 - trap door open or closed w/ spoor left","ShermanLF","2018-08-09","2018-08-09",,,,,,,,,,,,,,,,,,,,,,,,,,,,,,,,,,,,,,,,,,,,"aspink@neoninc.org","rchambliss@battelleecology.org",,,
"84190cb9-5d54-4d5b-9de7-eec585c18519","e8126ae3-7b3b-46c0-945e-f142e9848635","UNDE_027.mammalGrid.mam","D05","UNDE","UNDE_027","G1","distributed","deciduousForest",46.211194,-89.491388,"WGS84",45.2,517.2,0.2,"5 - capture","ShermanLF","2018-08-09","2018-08-09","NEON.MAM.D05.R4512",,"PELE","Peromyscus leucopus","species",,,,,"N","F","N","released",,"adult",,"nonenlarged","not","neither",19,15,,,21,"N","N","N",,,,"UNDE.20180809.R4512.B","D00000012454","mandibular","UNDE.20180809.R4512.F","D00000011730","fresh","UNDE.20180809.R4512.E","D00000011852","UNDE.20180809.R4512.H","B00000021512","hairAndWhisker",,,"aspink@neoninc.org","rchambliss@battelleecology.org",,,
"511631d7-d523-461e-bb40-fb467db41cac","984fd740-33f4-44d7-9198-514d8d33b8e2","UNDE_012.mammalGrid.mam","D05","UNDE","UNDE_012","D8","distributed","woodyWetlands",46.237255,-89.502396,"WGS84",45.2,522.2,0.3,"6 - trap set and empty","ShermanLF","2018-08-09","2018-08-09",,,,,,,,,,,,,,,,,,,,,,,,,,,,,,,,,,,,,,,,,,,,"jswenson@battelleecology.org","dsmith1@battelleecology.org",,,
"49720953-c4e7-4c90-8207-c9aa9f67413a","e8126ae3-7b3b-46c0-945e-f142e9848635","UNDE_027.mammalGrid.mam","D05","UNDE","UNDE_027","E2","distributed","deciduousForest",46.211194,-89.491388,"WGS84",45.2,517.2,0.2,"6 - trap set and empty","ShermanLF","2018-08-09","2018-08-09",,,,,,,,,,,,,,,,,,,,,,,,,,,,,,,,,,,,,,,,,,,,"aspink@neoninc.org","rchambliss@battelleecology.org",,,
"40e3f449-0583-4ed5-92e4-f2e9581c1c1f","984fd740-33f4-44d7-9198-514d8d33b8e2","UNDE_012.mammalGrid.mam","D05","UNDE","UNDE_012","B6","distributed","woodyWetlands",46.237255,-89.502396,"WGS84",45.2,522.2,0.3,"2 - trap disturbed/door closed but empty","ShermanLF","2018-08-09","2018-08-09",,,,,,,,,,,,,,,,,,,,,,,,,,,,,,,,,,,,,,,,,,,,"jswenson@battelleecology.org","dsmith1@battelleecology.org",,,
"67280024-96e5-4f3d-9068-26161bc0261d","984fd740-33f4-44d7-9198-514d8d33b8e2","UNDE_012.mammalGrid.mam","D05","UNDE","UNDE_012","B8","distributed","woodyWetlands",46.237255,-89.502396,"WGS84",45.2,522.2,0.3,"3 - trap door open or closed w/ spoor left","ShermanLF","2018-08-09","2018-08-09",,,,,,,,,,,,,,,,,,,,,,,,,,,,,,,,,,,,,,,,,,,,"jswenson@battelleecology.org","dsmith1@battelleecology.org",,,
"6464974f-e0da-43bf-95c0-0f8504e1efb3","984fd740-33f4-44d7-9198-514d8d33b8e2","UNDE_012.mammalGrid.mam","D05","UNDE","UNDE_012","F4","distributed","woodyWetlands",46.237255,-89.502396,"WGS84",45.2,522.2,0.3,"5 - capture","ShermanLF","2018-08-09","2018-08-09","NEON.MAM.D05.R4704",,"PEMA","Peromyscus maniculatus","species",,,,,"N","M","Y","released",,"subadult","nonscrotal",,,,21,19,,,17,"N","N","N",,,,,,,,,,,,,,,,,"jswenson@battelleecology.org","dsmith1@battelleecology.org","TaxonID confirmed due to evidence from voucher review or genetic testing of tissue from individual with this tagID on different capture date.",,
"e5bb0634-c796-476a-934d-d1e14a673ffe","e8126ae3-7b3b-46c0-945e-f142e9848635","UNDE_027.mammalGrid.mam","D05","UNDE","UNDE_027","G8","distributed","deciduousForest",46.211194,-89.491388,"WGS84",45.2,517.2,0.2,"2 - trap disturbed/door closed but empty","ShermanLF","2018-08-09","2018-08-09",,,,,,,,,,,,,,,,,,,,,,,,,,,,,,,,,,,,,,,,,,,,"aspink@neoninc.org","rchambliss@battelleecology.org",,,
"e80397c0-30ad-4a3d-9c1a-e184864faa51","e8126ae3-7b3b-46c0-945e-f142e9848635","UNDE_027.mammalGrid.mam","D05","UNDE","UNDE_027","I2","distributed","deciduousForest",46.211194,-89.491388,"WGS84",45.2,517.2,0.2,"5 - capture","ShermanLF","2018-08-09","2018-08-09","NEON.MAM.D05.R4521",,"PEMA","Peromyscus maniculatus","species",,,,,"N","M","N","released",,"adult","nonscrotal",,,,22,18,,,19,"N","N","N",,,,"UNDE.20180809.R4521.B","D00000011719","mandibular",,,,"UNDE.20180809.R4521.E","D00000012562",,,,,,"aspink@neoninc.org","rchambliss@battelleecology.org",,,
"632d81a3-2b69-422b-8348-5cfdbc7a34e6","984fd740-33f4-44d7-9198-514d8d33b8e2","UNDE_012.mammalGrid.mam","D05","UNDE","UNDE_012","B5","distributed","woodyWetlands",46.237255,-89.502396,"WGS84",45.2,522.2,0.3,"5 - capture","ShermanLF","2018-08-09","2018-08-09","NEON.MAM.D05.R4299",,"ZAHU","Zapus hudsonius","species",,,,,"N","F","Y","released",,"adult",,"nonenlarged","not","neither",30,,,,17,"N","N","N",,,,,,,,,,,,,,,,,"jswenson@battelleecology.org","dsmith1@battelleecology.org",,,
"32cb3eb0-de45-4a1e-9a09-f8a5bf4a3dc5","984fd740-33f4-44d7-9198-514d8d33b8e2","UNDE_012.mammalGrid.mam","D05","UNDE","UNDE_012","G9","distributed","woodyWetlands",46.237255,-89.502396,"WGS84",45.2,522.2,0.3,"5 - capture","ShermanLF","2018-08-09","2018-08-09","NEON.MAM.D05.R4413",,"PEMA","Peromyscus maniculatus","species",,,,,"N","M","N","released",,"subadult","nonscrotal",,,,20,18,,,16,"N","N","N",,,,"UNDE.20180809.R4413.B","D00000011844","mandibular",,,,"UNDE.20180809.R4413.E","D00000011590",,,,,,"jswenson@battelleecology.org","dsmith1@battelleecology.org",,,
"53edbed0-a495-47a7-a4b2-ff74f1e165f9","984fd740-33f4-44d7-9198-514d8d33b8e2","UNDE_012.mammalGrid.mam","D05","UNDE","UNDE_012","E3","distributed","woodyWetlands",46.237255,-89.502396,"WGS84",45.2,522.2,0.3,"3 - trap door open or closed w/ spoor left","ShermanLF","2018-08-09","2018-08-09",,,,,,,,,,,,,,,,,,,,,,,,,,,,,,,,,,,,,,,,,,,,"jswenson@battelleecology.org","dsmith1@battelleecology.org",,,
"d9af790e-2f1d-49fe-890e-19dd861d8c2b","e8126ae3-7b3b-46c0-945e-f142e9848635","UNDE_027.mammalGrid.mam","D05","UNDE","UNDE_027","I3","distributed","deciduousForest",46.211194,-89.491388,"WGS84",45.2,517.2,0.2,"2 - trap disturbed/door closed but empty","ShermanLF","2018-08-09","2018-08-09",,,,,,,,,,,,,,,,,,,,,,,,,,,,,,,,,,,,,,,,,,,,"aspink@neoninc.org","rchambliss@battelleecology.org",,,
"6c29b8fb-70c8-4698-ba82-f734c5db8700","984fd740-33f4-44d7-9198-514d8d33b8e2","UNDE_012.mammalGrid.mam","D05","UNDE","UNDE_012","J8","distributed","woodyWetlands",46.237255,-89.502396,"WGS84",45.2,522.2,0.3,"6 - trap set and empty","ShermanLF","2018-08-09","2018-08-09",,,,,,,,,,,,,,,,,,,,,,,,,,,,,,,,,,,,,,,,,,,,"jswenson@battelleecology.org","dsmith1@battelleecology.org",,,
"14d0c202-3a60-4bad-9c8c-644bacb96527","984fd740-33f4-44d7-9198-514d8d33b8e2","UNDE_012.mammalGrid.mam","D05","UNDE","UNDE_012","B2","distributed","woodyWetlands",46.237255,-89.502396,"WGS84",45.2,522.2,0.3,"6 - trap set and empty","ShermanLF","2018-08-09","2018-08-09",,,,,,,,,,,,,,,,,,,,,,,,,,,,,,,,,,,,,,,,,,,,"jswenson@battelleecology.org","dsmith1@battelleecology.org",,,
"489ecb76-e3c0-4f7e-ad80-4fe417fe0eab","984fd740-33f4-44d7-9198-514d8d33b8e2","UNDE_012.mammalGrid.mam","D05","UNDE","UNDE_012","I6","distributed","woodyWetlands",46.237255,-89.502396,"WGS84",45.2,522.2,0.3,"2 - trap disturbed/door closed but empty","ShermanLF","2018-08-09","2018-08-09",,,,,,,,,,,,,,,,,,,,,,,,,,,,,,,,,,,,,,,,,,,,"jswenson@battelleecology.org","dsmith1@battelleecology.org",,,
"57b637c4-f2e8-45ec-9cd8-aaa56cc620da","e8126ae3-7b3b-46c0-945e-f142e9848635","UNDE_027.mammalGrid.mam","D05","UNDE","UNDE_027","D1","distributed","deciduousForest",46.211194,-89.491388,"WGS84",45.2,517.2,0.2,"5 - capture","ShermanLF","2018-08-09","2018-08-09","NEON.MAM.D05.L4599",,"ZAHU","Zapus hudsonius","species",,,,,"N","F","Y","released",,"adult",,"nonenlarged","not","neither",30,,,,23,"N","N","N",,,,,,,,,,,,,,,,,"aspink@neoninc.org","rchambliss@battelleecology.org",,,
"43dd6398-0df1-4ca5-b9c9-dc6d3ef4a391","e8126ae3-7b3b-46c0-945e-f142e9848635","UNDE_027.mammalGrid.mam","D05","UNDE","UNDE_027","H3","distributed","deciduousForest",46.211194,-89.491388,"WGS84",45.2,517.2,0.2,"6 - trap set and empty","ShermanLF","2018-08-09","2018-08-09",,,,,,,,,,,,,,,,,,,,,,,,,,,,,,,,,,,,,,,,,,,,"aspink@neoninc.org","rchambliss@battelleecology.org",,,
"5f92f032-b20e-4fd6-9ec7-02e8e164fc74","984fd740-33f4-44d7-9198-514d8d33b8e2","UNDE_012.mammalGrid.mam","D05","UNDE","UNDE_012","F9","distributed","woodyWetlands",46.237255,-89.502396,"WGS84",45.2,522.2,0.3,"5 - capture","ShermanLF","2018-08-09","2018-08-09","NEON.MAM.D05.R4101",,"MYGA","Myodes gapperi","species",,,,,"N","M","N","released",,"adult","scrotal",,,,19,,,,28,"N","N","N",,,,"UNDE.20180809.R4101.B",,"mandibular",,,,"UNDE.20180809.R4101.E",,,,,,,"jswenson@battelleecology.org","dsmith1@battelleecology.org",,,
"0a0e156b-1ddd-4b33-9806-74c06e1d8902","e8126ae3-7b3b-46c0-945e-f142e9848635","UNDE_027.mammalGrid.mam","D05","UNDE","UNDE_027","D10","distributed","deciduousForest",46.211194,-89.491388,"WGS84",45.2,517.2,0.2,"5 - capture","ShermanLF","2018-08-09","2018-08-09","NEON.MAM.D05.R4515",,"NAIN","Napaeozapus insignis","species",,,,,"N","M","N","released",,"adult","scrotal",,,,30,,,,21,"N","N","N",,,,"UNDE.20180809.R4515.B","D00000012428","mandibular","UNDE.20180809.R4515.F","D00000012574","fresh","UNDE.20180809.R4515.E","D00000012603",,,,,,"aspink@neoninc.org","rchambliss@battelleecology.org",,,
"1c5bd4b4-c06b-4bd9-9cb2-b522ab14f239","e8126ae3-7b3b-46c0-945e-f142e9848635","UNDE_027.mammalGrid.mam","D05","UNDE","UNDE_027","C5","distributed","deciduousForest",46.211194,-89.491388,"WGS84",45.2,517.2,0.2,"6 - trap set and empty","ShermanLF","2018-08-09","2018-08-09",,,,,,,,,,,,,,,,,,,,,,,,,,,,,,,,,,,,,,,,,,,,"aspink@neoninc.org","rchambliss@battelleecology.org",,,
"9b3588c7-043c-4d81-81f0-2097a1a89cae","984fd740-33f4-44d7-9198-514d8d33b8e2","UNDE_012.mammalGrid.mam","D05","UNDE","UNDE_012","J7","distributed","woodyWetlands",46.237255,-89.502396,"WGS84",45.2,522.2,0.3,"2 - trap disturbed/door closed but empty","ShermanLF","2018-08-09","2018-08-09",,,,,,,,,,,,,,,,,,,,,,,,,,,,,,,,,,,,,,,,,,,,"jswenson@battelleecology.org","dsmith1@battelleecology.org",,,
"b8f82b52-1634-4ebc-903c-4e786104c4c5","e8126ae3-7b3b-46c0-945e-f142e9848635","UNDE_027.mammalGrid.mam","D05","UNDE","UNDE_027","C10","distributed","deciduousForest",46.211194,-89.491388,"WGS84",45.2,517.2,0.2,"3 - trap door open or closed w/ spoor left","ShermanLF","2018-08-09","2018-08-09",,,,,,,,,,,,,,,,,,,,,,,,,,,,,,,,,,,,,,,,,,,,"aspink@neoninc.org","rchambliss@battelleecology.org",,,
"d1ef31da-d59d-4874-ab36-50381921e7e0","e8126ae3-7b3b-46c0-945e-f142e9848635","UNDE_027.mammalGrid.mam","D05","UNDE","UNDE_027","C4","distributed","deciduousForest",46.211194,-89.491388,"WGS84",45.2,517.2,0.2,"6 - trap set and empty","ShermanLF","2018-08-09","2018-08-09",,,,,,,,,,,,,,,,,,,,,,,,,,,,,,,,,,,,,,,,,,,,"aspink@neoninc.org","rchambliss@battelleecology.org",,,
"2f0762cb-7596-4e45-b03b-73dc2abba27e","e8126ae3-7b3b-46c0-945e-f142e9848635","UNDE_027.mammalGrid.mam","D05","UNDE","UNDE_027","H6","distributed","deciduousForest",46.211194,-89.491388,"WGS84",45.2,517.2,0.2,"3 - trap door open or closed w/ spoor left","ShermanLF","2018-08-09","2018-08-09",,,,,,,,,,,,,,,,,,,,,,,,,,,,,,,,,,,,,,,,,,,,"aspink@neoninc.org","rchambliss@battelleecology.org",,,
"7bf708a1-1b59-4a6d-9fae-eb454e7efbd3","e8126ae3-7b3b-46c0-945e-f142e9848635","UNDE_027.mammalGrid.mam","D05","UNDE","UNDE_027","I7","distributed","deciduousForest",46.211194,-89.491388,"WGS84",45.2,517.2,0.2,"3 - trap door open or closed w/ spoor left","ShermanLF","2018-08-09","2018-08-09",,,,,,,,,,,,,,,,,,,,,,,,,,,,,,,,,,,,,,,,,,,,"aspink@neoninc.org","rchambliss@battelleecology.org",,,
"8dd908f6-6aa4-4d7d-ade3-68ec4f9aadb6","e8126ae3-7b3b-46c0-945e-f142e9848635","UNDE_027.mammalGrid.mam","D05","UNDE","UNDE_027","E1","distributed","deciduousForest",46.211194,-89.491388,"WGS84",45.2,517.2,0.2,"3 - trap door open or closed w/ spoor left","ShermanLF","2018-08-09","2018-08-09",,,,,,,,,,,,,,,,,,,,,,,,,,,,,,,,,,,,,,,,,,,,"aspink@neoninc.org","rchambliss@battelleecology.org",,,
"20f596d6-5e76-4df0-97c2-d201d4ad283d","984fd740-33f4-44d7-9198-514d8d33b8e2","UNDE_012.mammalGrid.mam","D05","UNDE","UNDE_012","C7","distributed","woodyWetlands",46.237255,-89.502396,"WGS84",45.2,522.2,0.3,"5 - capture","ShermanLF","2018-08-09","2018-08-09","NEON.MAM.D05.R4606",,"PEMA","Peromyscus maniculatus","species",,,,,"N","F","Y","released",,"adult",,"nonenlarged","not","neither",21,19,,,18,"N","N","N",,,,,,,"UNDE.20180809.R4606.F","D00000011516","fresh",,,,,,,,"jswenson@battelleecology.org","dsmith1@battelleecology.org",,,
"effabfe5-0a17-4d38-a526-2e63d2b4a196","e8126ae3-7b3b-46c0-945e-f142e9848635","UNDE_027.mammalGrid.mam","D05","UNDE","UNDE_027","E6","distributed","deciduousForest",46.211194,-89.491388,"WGS84",45.2,517.2,0.2,"5 - capture","ShermanLF","2018-08-09","2018-08-09","NEON.MAM.D05.R4577",,"PEMA","Peromyscus maniculatus","species","cf. species",,,,"N","F","Y","released",,"adult",,"nonenlarged","not","neither",20,17,,,16,"N","N","N",,,,,,,,,,,,,,,,,"aspink@neoninc.org","rchambliss@battelleecology.org","TaxonID confirmed due to evidence from voucher review or genetic testing of tissue from individual with this tagID on different capture date.",,
"fd72338d-a20f-46c7-869b-dc4369d0a09e","e8126ae3-7b3b-46c0-945e-f142e9848635","UNDE_027.mammalGrid.mam","D05","UNDE","UNDE_027","B6","distributed","deciduousForest",46.211194,-89.491388,"WGS84",45.2,517.2,0.2,"5 - capture","ShermanLF","2018-08-09","2018-08-09","NEON.MAM.D05.O027B620180809",,"BLBR","Blarina brevicauda","species",,,,"sex and reproductive conditions","N","F","N","dead",,"adult",,"nonenlarged","not","unknown",,,,,,"U","U","U",,,,,,,,,,,,,,,"UNDE.20180809.O027B620180809.V","B00000021609","aspink@neoninc.org","rchambliss@battelleecology.org",,,
"e0ce7989-aaa0-4061-b168-3c5c64f8e9a3","984fd740-33f4-44d7-9198-514d8d33b8e2","UNDE_012.mammalGrid.mam","D05","UNDE","UNDE_012","E4","distributed","woodyWetlands",46.237255,-89.502396,"WGS84",45.2,522.2,0.3,"5 - capture","ShermanLF","2018-08-09","2018-08-09","NEON.MAM.D05.R4615",,"NAIN","Napaeozapus insignis","species",,,,,"N","F","Y","released",,"adult",,"enlarged","not","neither",31,,,,30,"N","N","N",,,,"UNDE.20180809.R4615.B","D00000011511","mandibular",,,,,,,,,,,"jswenson@battelleecology.org","dsmith1@battelleecology.org",,,
"d22c06b9-c66c-4150-b78c-99a0343c8fe3","984fd740-33f4-44d7-9198-514d8d33b8e2","UNDE_012.mammalGrid.mam","D05","UNDE","UNDE_012","A6","distributed","woodyWetlands",46.237255,-89.502396,"WGS84",45.2,522.2,0.3,"3 - trap door open or closed w/ spoor left","ShermanLF","2018-08-09","2018-08-09",,,,,,,,,,,,,,,,,,,,,,,,,,,,,,,,,,,,,,,,,,,,"jswenson@battelleecology.org","dsmith1@battelleecology.org",,,
"34ce091a-5f6e-42b6-b20a-bcf9e6195d76","e8126ae3-7b3b-46c0-945e-f142e9848635","UNDE_027.mammalGrid.mam","D05","UNDE","UNDE_027","D9","distributed","deciduousForest",46.211194,-89.491388,"WGS84",45.2,517.2,0.2,"3 - trap door open or closed w/ spoor left","ShermanLF","2018-08-09","2018-08-09",,,,,,,,,,,,,,,,,,,,,,,,,,,,,,,,,,,,,,,,,,,,"aspink@neoninc.org","rchambliss@battelleecology.org",,,
"46d97c6e-69a4-4599-9972-67ed601db4f1","e8126ae3-7b3b-46c0-945e-f142e9848635","UNDE_027.mammalGrid.mam","D05","UNDE","UNDE_027","J5","distributed","deciduousForest",46.211194,-89.491388,"WGS84",45.2,517.2,0.2,"5 - capture","ShermanLF","2018-08-09","2018-08-09","NEON.MAM.D05.R4348",,"PEMA","Peromyscus maniculatus","species",,,,,"N","M","Y","released",,"adult","nonscrotal",,,,21,18,,,20,"N","N","N",,,,"UNDE.20180809.R4348.B","D00000011872","mandibular","UNDE.20180809.R4348.F","D00000012196","fresh",,,,,,,,"aspink@neoninc.org","rchambliss@battelleecology.org",,,
"cdf696ad-6d49-478d-a5e4-9c8f5280a95d","e8126ae3-7b3b-46c0-945e-f142e9848635","UNDE_027.mammalGrid.mam","D05","UNDE","UNDE_027","D6","distributed","deciduousForest",46.211194,-89.491388,"WGS84",45.2,517.2,0.2,"5 - capture","ShermanLF","2018-08-09","2018-08-09","NEON.MAM.D05.R4597",,"NAIN","Napaeozapus insignis","species",,,,,"N","M","Y","released",,"adult","nonscrotal",,,,29,,,,17,"N","N","N",,,,,,,,,,,,,,,,,"aspink@neoninc.org","rchambliss@battelleecology.org",,,
"ba90c080-a9c9-42e6-91e2-05b1127f0fc8","e8126ae3-7b3b-46c0-945e-f142e9848635","UNDE_027.mammalGrid.mam","D05","UNDE","UNDE_027","C9","distributed","deciduousForest",46.211194,-89.491388,"WGS84",45.2,517.2,0.2,"2 - trap disturbed/door closed but empty","ShermanLF","2018-08-09","2018-08-09",,,,,,,,,,,,,,,,,,,,,,,,,,,,,,,,,,,,,,,,,,,,"aspink@neoninc.org","rchambliss@battelleecology.org",,,
"b04cd060-69b8-4136-b0cb-f1e41cdc7ca4","984fd740-33f4-44d7-9198-514d8d33b8e2","UNDE_012.mammalGrid.mam","D05","UNDE","UNDE_012","A4","distributed","woodyWetlands",46.237255,-89.502396,"WGS84",45.2,522.2,0.3,"5 - capture","ShermanLF","2018-08-09","2018-08-09","NEON.MAM.D05.R4626",,"ZAHU","Zapus hudsonius","species",,,,,"N","M","Y","released",,"adult","nonscrotal",,,,31,,,,27,"N","N","N",,,,"UNDE.20180809.R4626.B","D00000011854","mandibular","UNDE.20180809.R4626.F","D00000012578","fresh",,,,,,,,"jswenson@battelleecology.org","dsmith1@battelleecology.org",,,
"885a42a9-8d6b-43b1-aeef-7f2fa10c497b","e8126ae3-7b3b-46c0-945e-f142e9848635","UNDE_027.mammalGrid.mam","D05","UNDE","UNDE_027","A9","distributed","deciduousForest",46.211194,-89.491388,"WGS84",45.2,517.2,0.2,"6 - trap set and empty","ShermanLF","2018-08-09","2018-08-09",,,,,,,,,,,,,,,,,,,,,,,,,,,,,,,,,,,,,,,,,,,,"aspink@neoninc.org","rchambliss@battelleecology.org",,,
"e2f80fff-2fb8-49cf-833a-c025120c1ed4","e8126ae3-7b3b-46c0-945e-f142e9848635","UNDE_027.mammalGrid.mam","D05","UNDE","UNDE_027","E5","distributed","deciduousForest",46.211194,-89.491388,"WGS84",45.2,517.2,0.2,"6 - trap set and empty","ShermanLF","2018-08-09","2018-08-09",,,,,,,,,,,,,,,,,,,,,,,,,,,,,,,,,,,,,,,,,,,,"aspink@neoninc.org","rchambliss@battelleecology.org",,,
"d3618fbf-bd67-4eb0-8fbe-f471d824552e","e8126ae3-7b3b-46c0-945e-f142e9848635","UNDE_027.mammalGrid.mam","D05","UNDE","UNDE_027","G4","distributed","deciduousForest",46.211194,-89.491388,"WGS84",45.2,517.2,0.2,"5 - capture","ShermanLF","2018-08-09","2018-08-09","NEON.MAM.D05.R4488",,"PEMA","Peromyscus maniculatus","species",,,,,"N","M","Y","released",,"adult","nonscrotal",,,,21,18,,,19,"N","N","N",,,,"UNDE.20180809.R4488.B","D00000012529","mandibular",,,,,,,,,,,"aspink@neoninc.org","rchambliss@battelleecology.org",,,
"1fd68ce9-c4d5-4653-8eaf-9b5f261fc32f","e8126ae3-7b3b-46c0-945e-f142e9848635","UNDE_027.mammalGrid.mam","D05","UNDE","UNDE_027","F10","distributed","deciduousForest",46.211194,-89.491388,"WGS84",45.2,517.2,0.2,"3 - trap door open or closed w/ spoor left","ShermanLF","2018-08-09","2018-08-09",,,,,,,,,,,,,,,,,,,,,,,,,,,,,,,,,,,,,,,,,,,,"aspink@neoninc.org","rchambliss@battelleecology.org",,,
"cc120121-9a90-4fb8-8e93-52fb3ea9d622","984fd740-33f4-44d7-9198-514d8d33b8e2","UNDE_012.mammalGrid.mam","D05","UNDE","UNDE_012","A9","distributed","woodyWetlands",46.237255,-89.502396,"WGS84",45.2,522.2,0.3,"5 - capture","ShermanLF","2018-08-09","2018-08-09","NEON.MAM.D05.L4621",,"NAIN","Napaeozapus insignis","species",,,,,"N","F","Y","released",,"adult",,"nonenlarged","unknown","neither",31,,,,32,"N","N","N",,,,,,,,,,,,,,,,,"jswenson@battelleecology.org","dsmith1@battelleecology.org",,,
"85cc079e-2daf-4528-84c5-ec5fb25e49fd","e8126ae3-7b3b-46c0-945e-f142e9848635","UNDE_027.mammalGrid.mam","D05","UNDE","UNDE_027","I4","distributed","deciduousForest",46.211194,-89.491388,"WGS84",45.2,517.2,0.2,"2 - trap disturbed/door closed but empty","ShermanLF","2018-08-09","2018-08-09",,,,,,,,,,,,,,,,,,,,,,,,,,,,,,,,,,,,,,,,,,,,"aspink@neoninc.org","rchambliss@battelleecology.org",,,
"179636d6-aec2-4fec-8662-6dd6d1690640","e8126ae3-7b3b-46c0-945e-f142e9848635","UNDE_027.mammalGrid.mam","D05","UNDE","UNDE_027","J10","distributed","deciduousForest",46.211194,-89.491388,"WGS84",45.2,517.2,0.2,"5 - capture","ShermanLF","2018-08-09","2018-08-09","NEON.MAM.D05.R4523",,"PEMA","Peromyscus maniculatus","species",,,,"taxonID confirmed","N","F","N","released",,"subadult",,"nonenlarged","not","neither",19,17,,,13,"N","N","N",,,,"UNDE.20180809.R4523.B","D00000012626","mandibular","UNDE.20180809.R4523.F","D00000011841","fresh","UNDE.20180809.R4523.E","D00000011839","UNDE.20180809.R4523.H","B00000021413","hairAndWhisker",,,"aspink@neoninc.org","rchambliss@battelleecology.org",,,
"e3c284a6-c767-4d7e-b5ec-f80048a9ac4f","984fd740-33f4-44d7-9198-514d8d33b8e2","UNDE_012.mammalGrid.mam","D05","UNDE","UNDE_012","B3","distributed","woodyWetlands",46.237255,-89.502396,"WGS84",45.2,522.2,0.3,"5 - capture","ShermanLF","2018-08-09","2018-08-09","NEON.MAM.D05.015162",,"ZAHU","Zapus hudsonius","species",,,,,"N","F","U","released",,"adult",,"nonenlarged","pregnant","neither",30,,,,30,"N","N","N",,,,"UNDE.20180809.015162.B",,"mandibular","UNDE.20180809.015162.F",,"fresh","UNDE.20180809.015162.E",,,,,,,"jswenson@battelleecology.org","dsmith1@battelleecology.org","Both ears ripped",,
"819c61ec-403e-4db5-8d69-465f5836d3df","e8126ae3-7b3b-46c0-945e-f142e9848635","UNDE_027.mammalGrid.mam","D05","UNDE","UNDE_027","A4","distributed","deciduousForest",46.211194,-89.491388,"WGS84",45.2,517.2,0.2,"6 - trap set and empty","ShermanLF","2018-08-09","2018-08-09",,,,,,,,,,,,,,,,,,,,,,,,,,,,,,,,,,,,,,,,,,,,"aspink@neoninc.org","rchambliss@battelleecology.org",,,
"a4e6c0d4-59c0-4f69-b51e-47e7c062b15a","984fd740-33f4-44d7-9198-514d8d33b8e2","UNDE_012.mammalGrid.mam","D05","UNDE","UNDE_012","H9","distributed","woodyWetlands",46.237255,-89.502396,"WGS84",45.2,522.2,0.3,"6 - trap set and empty","ShermanLF","2018-08-09","2018-08-09",,,,,,,,,,,,,,,,,,,,,,,,,,,,,,,,,,,,,,,,,,,,"jswenson@battelleecology.org","dsmith1@battelleecology.org",,,
"c10f773d-65b3-4446-ad0f-cdc13869936d","984fd740-33f4-44d7-9198-514d8d33b8e2","UNDE_012.mammalGrid.mam","D05","UNDE","UNDE_012","C10","distributed","woodyWetlands",46.237255,-89.502396,"WGS84",45.2,522.2,0.3,"6 - trap set and empty","ShermanLF","2018-08-09","2018-08-09",,,,,,,,,,,,,,,,,,,,,,,,,,,,,,,,,,,,,,,,,,,,"jswenson@battelleecology.org","dsmith1@battelleecology.org",,,
"00294eb2-6b2d-4d6a-a7b3-a07305491b35","e8126ae3-7b3b-46c0-945e-f142e9848635","UNDE_027.mammalGrid.mam","D05","UNDE","UNDE_027","A2","distributed","deciduousForest",46.211194,-89.491388,"WGS84",45.2,517.2,0.2,"3 - trap door open or closed w/ spoor left","ShermanLF","2018-08-09","2018-08-09",,,,,,,,,,,,,,,,,,,,,,,,,,,,,,,,,,,,,,,,,,,,"aspink@neoninc.org","rchambliss@battelleecology.org",,,
"13767173-9254-4e56-8593-3dad0a1785dc","e8126ae3-7b3b-46c0-945e-f142e9848635","UNDE_027.mammalGrid.mam","D05","UNDE","UNDE_027","H9","distributed","deciduousForest",46.211194,-89.491388,"WGS84",45.2,517.2,0.2,"5 - capture","ShermanLF","2018-08-09","2018-08-09","NEON.MAM.D05.L4407",,"PEMA","Peromyscus maniculatus","species",,,,,"N","M","Y","released",,"adult","scrotal",,,,20,19,,,25,"N","N","N",,,,,,,"UNDE.20180809.L4407.F","D00000011850","fresh",,,,,,,,"aspink@neoninc.org","rchambliss@battelleecology.org",,,
"4a52bdc8-b07a-456e-9f7d-68b85e671690","984fd740-33f4-44d7-9198-514d8d33b8e2","UNDE_012.mammalGrid.mam","D05","UNDE","UNDE_012","G2","distributed","woodyWetlands",46.237255,-89.502396,"WGS84",45.2,522.2,0.3,"6 - trap set and empty","ShermanLF","2018-08-09","2018-08-09",,,,,,,,,,,,,,,,,,,,,,,,,,,,,,,,,,,,,,,,,,,,"jswenson@battelleecology.org","dsmith1@battelleecology.org",,,
"ec441d33-96cf-4778-bbfc-595998230dd9","984fd740-33f4-44d7-9198-514d8d33b8e2","UNDE_012.mammalGrid.mam","D05","UNDE","UNDE_012","B10","distributed","woodyWetlands",46.237255,-89.502396,"WGS84",45.2,522.2,0.3,"2 - trap disturbed/door closed but empty","ShermanLF","2018-08-09","2018-08-09",,,,,,,,,,,,,,,,,,,,,,,,,,,,,,,,,,,,,,,,,,,,"jswenson@battelleecology.org","dsmith1@battelleecology.org",,,
"63c8ee95-79e3-4ed1-bda7-c9ee8285823a","e8126ae3-7b3b-46c0-945e-f142e9848635","UNDE_027.mammalGrid.mam","D05","UNDE","UNDE_027","H8","distributed","deciduousForest",46.211194,-89.491388,"WGS84",45.2,517.2,0.2,"5 - capture","ShermanLF","2018-08-09","2018-08-09","NEON.MAM.D05.L3068",,"TAST","Tamias striatus","species",,,,,"N","F","Y","released",,"adult",,"enlarged","pregnant","neither",32,,,,121,"N","N","N",,,,,,,"UNDE.20180809.L3068.F","D00000012245","fresh",,,,,,,,"aspink@neoninc.org","rchambliss@battelleecology.org",,,
"349e23f5-ddc3-48b4-8292-1815bf41a9f3","984fd740-33f4-44d7-9198-514d8d33b8e2","UNDE_012.mammalGrid.mam","D05","UNDE","UNDE_012","H6","distributed","woodyWetlands",46.237255,-89.502396,"WGS84",45.2,522.2,0.3,"3 - trap door open or closed w/ spoor left","ShermanLF","2018-08-09","2018-08-09",,,,,,,,,,,,,,,,,,,,,,,,,,,,,,,,,,,,,,,,,,,,"jswenson@battelleecology.org","dsmith1@battelleecology.org",,,
"9529b71a-3c48-4156-973d-0225c7842c3c","984fd740-33f4-44d7-9198-514d8d33b8e2","UNDE_012.mammalGrid.mam","D05","UNDE","UNDE_012","D5","distributed","woodyWetlands",46.237255,-89.502396,"WGS84",45.2,522.2,0.3,"3 - trap door open or closed w/ spoor left","ShermanLF","2018-08-09","2018-08-09",,,,,,,,,,,,,,,,,,,,,,,,,,,,,,,,,,,,,,,,,,,,"jswenson@battelleecology.org","dsmith1@battelleecology.org",,,
"00505525-58ce-4a0b-a850-52447930822a","984fd740-33f4-44d7-9198-514d8d33b8e2","UNDE_012.mammalGrid.mam","D05","UNDE","UNDE_012","G1","distributed","woodyWetlands",46.237255,-89.502396,"WGS84",45.2,522.2,0.3,"5 - capture","ShermanLF","2018-08-09","2018-08-09","NEON.MAM.D05.R4746",,"PEMA","Peromyscus maniculatus","species",,,,,"N","M","N","released",,"subadult","nonscrotal",,,,21,19,,,17,"N","N","N",,,,"UNDE.20180809.R4746.B","D00000012070","mandibular","UNDE.20180809.R4746.F","D00000011529","fresh","UNDE.20180809.R4746.E","D00000012491","UNDE.20180809.R4746.H","B00000021510","hairAndWhisker",,,"jswenson@battelleecology.org","dsmith1@battelleecology.org",,,
"0e6073b2-d446-4720-a9b0-01d5fdbb2d74","e8126ae3-7b3b-46c0-945e-f142e9848635","UNDE_027.mammalGrid.mam","D05","UNDE","UNDE_027","F2","distributed","deciduousForest",46.211194,-89.491388,"WGS84",45.2,517.2,0.2,"6 - trap set and empty","ShermanLF","2018-08-09","2018-08-09",,,,,,,,,,,,,,,,,,,,,,,,,,,,,,,,,,,,,,,,,,,,"aspink@neoninc.org","rchambliss@battelleecology.org",,,
"d17fe584-b831-4f48-be27-ee9397b8521b","984fd740-33f4-44d7-9198-514d8d33b8e2","UNDE_012.mammalGrid.mam","D05","UNDE","UNDE_012","F10","distributed","woodyWetlands",46.237255,-89.502396,"WGS84",45.2,522.2,0.3,"5 - capture","ShermanLF","2018-08-09","2018-08-09","NEON.MAM.D05.O012F1020180809",,"BLBR","Blarina brevicauda","species",,,,"sex and reproductive conditions","N","M","U","dead",,"unknown",,,,,,,,,,"U","U","U",,,,,,,,,,,,,,,"UNDE.20180809.O012F1020180809.V","B00000021602","jswenson@battelleecology.org","dsmith1@battelleecology.org",,,
"d5cb0bd9-c0aa-4b3e-8ff0-3cbf04d31596","e8126ae3-7b3b-46c0-945e-f142e9848635","UNDE_027.mammalGrid.mam","D05","UNDE","UNDE_027","J1","distributed","deciduousForest",46.211194,-89.491388,"WGS84",45.2,517.2,0.2,"6 - trap set and empty","ShermanLF","2018-08-09","2018-08-09",,,,,,,,,,,,,,,,,,,,,,,,,,,,,,,,,,,,,,,,,,,,"aspink@neoninc.org","rchambliss@battelleecology.org",,,
"ffb45744-f3b5-462e-8938-097ee8dbdfa3","984fd740-33f4-44d7-9198-514d8d33b8e2","UNDE_012.mammalGrid.mam","D05","UNDE","UNDE_012","J5","distributed","woodyWetlands",46.237255,-89.502396,"WGS84",45.2,522.2,0.3,"2 - trap disturbed/door closed but empty","ShermanLF","2018-08-09","2018-08-09",,,,,,,,,,,,,,,,,,,,,,,,,,,,,,,,,,,,,,,,,,,,"jswenson@battelleecology.org","dsmith1@battelleecology.org",,,
"c6790494-3705-4d8a-95d4-7c3a9e521443","e8126ae3-7b3b-46c0-945e-f142e9848635","UNDE_027.mammalGrid.mam","D05","UNDE","UNDE_027","B5","distributed","deciduousForest",46.211194,-89.491388,"WGS84",45.2,517.2,0.2,"6 - trap set and empty","ShermanLF","2018-08-09","2018-08-09",,,,,,,,,,,,,,,,,,,,,,,,,,,,,,,,,,,,,,,,,,,,"aspink@neoninc.org","rchambliss@battelleecology.org",,,
"afb47769-f5db-41a6-9e8c-b35bbccbb509","e8126ae3-7b3b-46c0-945e-f142e9848635","UNDE_027.mammalGrid.mam","D05","UNDE","UNDE_027","I6","distributed","deciduousForest",46.211194,-89.491388,"WGS84",45.2,517.2,0.2,"5 - capture","ShermanLF","2018-08-09","2018-08-09","NEON.MAM.D05.R4465",,"PEMA","Peromyscus maniculatus","species",,,,,"N","M","Y","released",,"adult","scrotal",,,,21,19,,,28,"N","N","N",,,,"UNDE.20180809.R4465.B","D00000012569","mandibular",,,,,,,,,,,"aspink@neoninc.org","rchambliss@battelleecology.org",,,
"0910fbab-16ff-49f0-aaee-d954a8d3d274","984fd740-33f4-44d7-9198-514d8d33b8e2","UNDE_012.mammalGrid.mam","D05","UNDE","UNDE_012","E7","distributed","woodyWetlands",46.237255,-89.502396,"WGS84",45.2,522.2,0.3,"5 - capture","ShermanLF","2018-08-09","2018-08-09","NEON.MAM.D05.O012E720180809",,"BLBR","Blarina brevicauda","species",,,,"sex and reproductive conditions","N","M","U","dead",,"unknown",,,,,,,,,,"U","U","U",,,,,,,,,,,,,,,"UNDE.20180809.O012E720180809.V","B00000021608","jswenson@battelleecology.org","dsmith1@battelleecology.org",,,
"7adb70d4-5cf8-47ce-85e7-b07ba043be63","984fd740-33f4-44d7-9198-514d8d33b8e2","UNDE_012.mammalGrid.mam","D05","UNDE","UNDE_012","H7","distributed","woodyWetlands",46.237255,-89.502396,"WGS84",45.2,522.2,0.3,"6 - trap set and empty","ShermanLF","2018-08-09","2018-08-09",,,,,,,,,,,,,,,,,,,,,,,,,,,,,,,,,,,,,,,,,,,,"jswenson@battelleecology.org","dsmith1@battelleecology.org",,,
"51ceda65-70cd-4dbf-8a5e-ede1b6b7a77c","e8126ae3-7b3b-46c0-945e-f142e9848635","UNDE_027.mammalGrid.mam","D05","UNDE","UNDE_027","I5","distributed","deciduousForest",46.211194,-89.491388,"WGS84",45.2,517.2,0.2,"2 - trap disturbed/door closed but empty","ShermanLF","2018-08-09","2018-08-09",,,,,,,,,,,,,,,,,,,,,,,,,,,,,,,,,,,,,,,,,,,,"aspink@neoninc.org","rchambliss@battelleecology.org",,,
"65d75dcb-9ac3-450d-95f8-161b4ab773a1","984fd740-33f4-44d7-9198-514d8d33b8e2","UNDE_012.mammalGrid.mam","D05","UNDE","UNDE_012","G6","distributed","woodyWetlands",46.237255,-89.502396,"WGS84",45.2,522.2,0.3,"5 - capture","ShermanLF","2018-08-09","2018-08-09","NEON.MAM.D05.R4146",,"PEMA","Peromyscus maniculatus","species",,,,,"N","M","Y","released",,"adult","scrotal",,,,20,19,,,24,"N","N","N",,,,,,,"UNDE.20180809.R4146.F","D00000011533","fresh",,,,,,,,"jswenson@battelleecology.org","dsmith1@battelleecology.org",,,
"b81d0219-7c15-42df-af0e-3bc1716ee8fe","984fd740-33f4-44d7-9198-514d8d33b8e2","UNDE_012.mammalGrid.mam","D05","UNDE","UNDE_012","C4","distributed","woodyWetlands",46.237255,-89.502396,"WGS84",45.2,522.2,0.3,"3 - trap door open or closed w/ spoor left","ShermanLF","2018-08-09","2018-08-09",,,,,,,,,,,,,,,,,,,,,,,,,,,,,,,,,,,,,,,,,,,,"jswenson@battelleecology.org","dsmith1@battelleecology.org",,,
"33d9c10f-c92d-4938-a921-5742a6ca94d9","e8126ae3-7b3b-46c0-945e-f142e9848635","UNDE_027.mammalGrid.mam","D05","UNDE","UNDE_027","E8","distributed","deciduousForest",46.211194,-89.491388,"WGS84",45.2,517.2,0.2,"3 - trap door open or closed w/ spoor left","ShermanLF","2018-08-09","2018-08-09",,,,,,,,,,,,,,,,,,,,,,,,,,,,,,,,,,,,,,,,,,,,"aspink@neoninc.org","rchambliss@battelleecology.org",,,
"a08d051e-cc9b-4e92-adfe-b0c783a7f314","984fd740-33f4-44d7-9198-514d8d33b8e2","UNDE_012.mammalGrid.mam","D05","UNDE","UNDE_012","I8","distributed","woodyWetlands",46.237255,-89.502396,"WGS84",45.2,522.2,0.3,"3 - trap door open or closed w/ spoor left","ShermanLF","2018-08-09","2018-08-09",,,,,,,,,,,,,,,,,,,,,,,,,,,,,,,,,,,,,,,,,,,,"jswenson@battelleecology.org","dsmith1@battelleecology.org",,,
"c73db02a-3cd9-4cf8-8b96-0ff1b4b74b28","984fd740-33f4-44d7-9198-514d8d33b8e2","UNDE_012.mammalGrid.mam","D05","UNDE","UNDE_012","F6","distributed","woodyWetlands",46.237255,-89.502396,"WGS84",45.2,522.2,0.3,"6 - trap set and empty","ShermanLF","2018-08-09","2018-08-09",,,,,,,,,,,,,,,,,,,,,,,,,,,,,,,,,,,,,,,,,,,,"jswenson@battelleecology.org","dsmith1@battelleecology.org",,,
"82d9f9eb-dfbf-41de-8940-964796f9fc7f","984fd740-33f4-44d7-9198-514d8d33b8e2","UNDE_012.mammalGrid.mam","D05","UNDE","UNDE_012","C6","distributed","woodyWetlands",46.237255,-89.502396,"WGS84",45.2,522.2,0.3,"6 - trap set and empty","ShermanLF","2018-08-09","2018-08-09",,,,,,,,,,,,,,,,,,,,,,,,,,,,,,,,,,,,,,,,,,,,"jswenson@battelleecology.org","dsmith1@battelleecology.org",,,
"4ae2af08-b64b-4ed4-bdb4-b97367de3955","e8126ae3-7b3b-46c0-945e-f142e9848635","UNDE_027.mammalGrid.mam","D05","UNDE","UNDE_027","B4","distributed","deciduousForest",46.211194,-89.491388,"WGS84",45.2,517.2,0.2,"5 - capture","ShermanLF","2018-08-09","2018-08-09","NEON.MAM.D05.R4423",,"PEMA","Peromyscus maniculatus","species","cf. species",,,,"N","M","Y","released",,"adult","nonscrotal",,,,21,17,,,17,"N","N","N",,,,,,,,,,,,,,,,,"aspink@neoninc.org","rchambliss@battelleecology.org",,,
"db334cf6-36c7-48c4-a4e9-081b70a90238","e8126ae3-7b3b-46c0-945e-f142e9848635","UNDE_027.mammalGrid.mam","D05","UNDE","UNDE_027","G7","distributed","deciduousForest",46.211194,-89.491388,"WGS84",45.2,517.2,0.2,"5 - capture","ShermanLF","2018-08-09","2018-08-09","NEON.MAM.D05.O027G720180809",,"BLBR","Blarina brevicauda","species",,,,"sex and reproductive conditions","N","F","N","dead",,"adult",,"nonenlarged","not","unknown",,,,,,"U","U","U",,,,,,,,,,,,,,,"UNDE.20180809.O027G720180809.V","B00000021610","aspink@neoninc.org","rchambliss@battelleecology.org",,,
"0ae66ee1-ad54-4089-8b24-56e54bc75c44","984fd740-33f4-44d7-9198-514d8d33b8e2","UNDE_012.mammalGrid.mam","D05","UNDE","UNDE_012","D9","distributed","woodyWetlands",46.237255,-89.502396,"WGS84",45.2,522.2,0.3,"5 - capture","ShermanLF","2018-08-09","2018-08-09","NEON.MAM.D05.O012D920180809",,"ZAHU","Zapus hudsonius","species",,,,,"N","F","N","released",,"adult",,"nonenlarged","not","neither",29,,,,18,"N","N","N",,,,"UNDE.20180809.O012D920180809.B","D00000012633","mandibular",,,,"UNDE.20180809.O012D920180809.E","D00000011735",,,,,,"jswenson@battelleecology.org","dsmith1@battelleecology.org","Old tagId R4419 matched a tagID caught more than once at another site. TagId was updated Nov 2022.",,
"5abd1d4d-1616-4b0a-9180-3c4c65600ffe","e8126ae3-7b3b-46c0-945e-f142e9848635","UNDE_027.mammalGrid.mam","D05","UNDE","UNDE_027","D5","distributed","deciduousForest",46.211194,-89.491388,"WGS84",45.2,517.2,0.2,"6 - trap set and empty","ShermanLF","2018-08-09","2018-08-09",,,,,,,,,,,,,,,,,,,,,,,,,,,,,,,,,,,,,,,,,,,,"aspink@neoninc.org","rchambliss@battelleecology.org",,,
"d27151c8-b2c1-43b3-906e-39c667b2a94a","e8126ae3-7b3b-46c0-945e-f142e9848635","UNDE_027.mammalGrid.mam","D05","UNDE","UNDE_027","I8","distributed","deciduousForest",46.211194,-89.491388,"WGS84",45.2,517.2,0.2,"3 - trap door open or closed w/ spoor left","ShermanLF","2018-08-09","2018-08-09",,,,,,,,,,,,,,,,,,,,,,,,,,,,,,,,,,,,,,,,,,,,"aspink@neoninc.org","rchambliss@battelleecology.org",,,
"e5a97101-fbc1-42f7-b253-707d7c6fe54c","e8126ae3-7b3b-46c0-945e-f142e9848635","UNDE_027.mammalGrid.mam","D05","UNDE","UNDE_027","J6","distributed","deciduousForest",46.211194,-89.491388,"WGS84",45.2,517.2,0.2,"6 - trap set and empty","ShermanLF","2018-08-09","2018-08-09",,,,,,,,,,,,,,,,,,,,,,,,,,,,,,,,,,,,,,,,,,,,"aspink@neoninc.org","rchambliss@battelleecology.org",,,
"839269ce-4569-4353-a9b1-e5b52e0717c3","984fd740-33f4-44d7-9198-514d8d33b8e2","UNDE_012.mammalGrid.mam","D05","UNDE","UNDE_012","B1","distributed","woodyWetlands",46.237255,-89.502396,"WGS84",45.2,522.2,0.3,"2 - trap disturbed/door closed but empty","ShermanLF","2018-08-09","2018-08-09",,,,,,,,,,,,,,,,,,,,,,,,,,,,,,,,,,,,,,,,,,,,"jswenson@battelleecology.org","dsmith1@battelleecology.org",,,
"932156bb-6f8f-454d-a967-429d90eb22b1","984fd740-33f4-44d7-9198-514d8d33b8e2","UNDE_012.mammalGrid.mam","D05","UNDE","UNDE_012","B7","distributed","woodyWetlands",46.237255,-89.502396,"WGS84",45.2,522.2,0.3,"6 - trap set and empty","ShermanLF","2018-08-09","2018-08-09",,,,,,,,,,,,,,,,,,,,,,,,,,,,,,,,,,,,,,,,,,,,"jswenson@battelleecology.org","dsmith1@battelleecology.org",,,
"faad42b4-2962-40c8-81e8-2f65edaaed17","e8126ae3-7b3b-46c0-945e-f142e9848635","UNDE_027.mammalGrid.mam","D05","UNDE","UNDE_027","H1","distributed","deciduousForest",46.211194,-89.491388,"WGS84",45.2,517.2,0.2,"5 - capture","ShermanLF","2018-08-09","2018-08-09","NEON.MAM.D05.R4522",,"ZAHU","Zapus hudsonius","species",,,,,"N","F","N","released",,"adult",,"nonenlarged","not","neither",29,,,,16,"N","N","N",,,,,,"unsuccessful","UNDE.20180809.R4522.F","D00000011613","fresh","UNDE.20180809.R4522.E","D00000012614",,,,,,"aspink@neoninc.org","rchambliss@battelleecology.org",,,
"3b43ec61-76fa-4653-9c79-486f75801755","984fd740-33f4-44d7-9198-514d8d33b8e2","UNDE_012.mammalGrid.mam","D05","UNDE","UNDE_012","H1","distributed","woodyWetlands",46.237255,-89.502396,"WGS84",45.2,522.2,0.3,"6 - trap set and empty","ShermanLF","2018-08-09","2018-08-09",,,,,,,,,,,,,,,,,,,,,,,,,,,,,,,,,,,,,,,,,,,,"jswenson@battelleecology.org","dsmith1@battelleecology.org",,,
"578eee97-0773-47d6-a8af-923bb62579ad","e8126ae3-7b3b-46c0-945e-f142e9848635","UNDE_027.mammalGrid.mam","D05","UNDE","UNDE_027","I10","distributed","deciduousForest",46.211194,-89.491388,"WGS84",45.2,517.2,0.2,"5 - capture","ShermanLF","2018-08-09","2018-08-09","NEON.MAM.D05.R3740",,"PELE","Peromyscus leucopus","species",,,,,"N","F","Y","released",,"adult",,"enlarged","pregnant","neither",,,,,,"U","U","U",,,,"UNDE.20180809.R3740.B","D00000012466","mandibular","UNDE.20180809.R3740.F","D00000011523","fresh",,,,,,,,"aspink@neoninc.org","rchambliss@battelleecology.org",,,
"20058b8f-551c-4729-8779-5ed05a1ae4ae","e8126ae3-7b3b-46c0-945e-f142e9848635","UNDE_027.mammalGrid.mam","D05","UNDE","UNDE_027","E10","distributed","deciduousForest",46.211194,-89.491388,"WGS84",45.2,517.2,0.2,"3 - trap door open or closed w/ spoor left","ShermanLF","2018-08-09","2018-08-09",,,,,,,,,,,,,,,,,,,,,,,,,,,,,,,,,,,,,,,,,,,,"aspink@neoninc.org","rchambliss@battelleecology.org",,,
"82f11d00-6241-4e62-a84e-9250984c7e39","e8126ae3-7b3b-46c0-945e-f142e9848635","UNDE_027.mammalGrid.mam","D05","UNDE","UNDE_027","F8","distributed","deciduousForest",46.211194,-89.491388,"WGS84",45.2,517.2,0.2,"5 - capture","ShermanLF","2018-08-09","2018-08-09","NEON.MAM.D05.R4511",,"ZAHU","Zapus hudsonius","species",,,,,"N","M","N","released",,"adult","nonscrotal",,,,30,,,,21,"N","N","N",,,,"UNDE.20180809.R4511.B","D00000012120","mandibular",,,,"UNDE.20180809.R4511.E","D00000012581",,,,,,"aspink@neoninc.org","rchambliss@battelleecology.org",,,
"6bc1ba43-ec29-401b-a398-0a3e2d63edc2","984fd740-33f4-44d7-9198-514d8d33b8e2","UNDE_012.mammalGrid.mam","D05","UNDE","UNDE_012","H10","distributed","woodyWetlands",46.237255,-89.502396,"WGS84",45.2,522.2,0.3,"5 - capture","ShermanLF","2018-08-09","2018-08-09","NEON.MAM.D05.L4367",,"TAST","Tamias striatus","species",,,,,"N","F","Y","released",,"adult",,"nonenlarged","not","neither",33,,,,100,"Y","N","N",,,,,,,"UNDE.20180809.L4367.F",,"fresh","UNDE.20180809.L4367.E",,,,,,,"jswenson@battelleecology.org","dsmith1@battelleecology.org",,,
"44e06964-3084-45e7-a482-276f089aa176","984fd740-33f4-44d7-9198-514d8d33b8e2","UNDE_012.mammalGrid.mam","D05","UNDE","UNDE_012","C5","distributed","woodyWetlands",46.237255,-89.502396,"WGS84",45.2,522.2,0.3,"3 - trap door open or closed w/ spoor left","ShermanLF","2018-08-09","2018-08-09",,,,,,,,,,,,,,,,,,,,,,,,,,,,,,,,,,,,,,,,,,,,"jswenson@battelleecology.org","dsmith1@battelleecology.org",,,
"b00660f7-b042-42ab-a277-68b82d3f2c1e","e8126ae3-7b3b-46c0-945e-f142e9848635","UNDE_027.mammalGrid.mam","D05","UNDE","UNDE_027","C6","distributed","deciduousForest",46.211194,-89.491388,"WGS84",45.2,517.2,0.2,"3 - trap door open or closed w/ spoor left","ShermanLF","2018-08-09","2018-08-09",,,,,,,,,,,,,,,,,,,,,,,,,,,,,,,,,,,,,,,,,,,,"aspink@neoninc.org","rchambliss@battelleecology.org",,,
"62b56872-ae4e-43be-8825-12d1961a5965","984fd740-33f4-44d7-9198-514d8d33b8e2","UNDE_012.mammalGrid.mam","D05","UNDE","UNDE_012","J1","distributed","woodyWetlands",46.237255,-89.502396,"WGS84",45.2,522.2,0.3,"6 - trap set and empty","ShermanLF","2018-08-09","2018-08-09",,,,,,,,,,,,,,,,,,,,,,,,,,,,,,,,,,,,,,,,,,,,"jswenson@battelleecology.org","dsmith1@battelleecology.org",,,
"2b82132c-3514-4200-a48d-9c9a3eb70877","984fd740-33f4-44d7-9198-514d8d33b8e2","UNDE_012.mammalGrid.mam","D05","UNDE","UNDE_012","F8","distributed","woodyWetlands",46.237255,-89.502396,"WGS84",45.2,522.2,0.3,"6 - trap set and empty","ShermanLF","2018-08-09","2018-08-09",,,,,,,,,,,,,,,,,,,,,,,,,,,,,,,,,,,,,,,,,,,,"jswenson@battelleecology.org","dsmith1@battelleecology.org",,,
"a63daa68-c73c-4cd5-8c81-20949349299a","984fd740-33f4-44d7-9198-514d8d33b8e2","UNDE_012.mammalGrid.mam","D05","UNDE","UNDE_012","F7","distributed","woodyWetlands",46.237255,-89.502396,"WGS84",45.2,522.2,0.3,"6 - trap set and empty","ShermanLF","2018-08-09","2018-08-09",,,,,,,,,,,,,,,,,,,,,,,,,,,,,,,,,,,,,,,,,,,,"jswenson@battelleecology.org","dsmith1@battelleecology.org",,,
"89e7de48-afd9-409a-b443-5b13db0930cd","984fd740-33f4-44d7-9198-514d8d33b8e2","UNDE_012.mammalGrid.mam","D05","UNDE","UNDE_012","F5","distributed","woodyWetlands",46.237255,-89.502396,"WGS84",45.2,522.2,0.3,"6 - trap set and empty","ShermanLF","2018-08-09","2018-08-09",,,,,,,,,,,,,,,,,,,,,,,,,,,,,,,,,,,,,,,,,,,,"jswenson@battelleecology.org","dsmith1@battelleecology.org",,,
"794d92e1-8958-4bf3-8fc7-c4dd7c4aa91e","984fd740-33f4-44d7-9198-514d8d33b8e2","UNDE_012.mammalGrid.mam","D05","UNDE","UNDE_012","B9","distributed","woodyWetlands",46.237255,-89.502396,"WGS84",45.2,522.2,0.3,"5 - capture","ShermanLF","2018-08-09","2018-08-09","NEON.MAM.D05.R4327",,"ZAHU","Zapus hudsonius","species",,,,,"N","M","N","released",,"adult","nonscrotal",,,,29,,,,22,"N","N","N",,,,"UNDE.20180809.R4327.B",,"mandibular",,,,"UNDE.20180809.R4327.E",,,,,,,"jswenson@battelleecology.org","dsmith1@battelleecology.org",,,
"24fae93a-ca8f-418f-a1a2-9b4c4fb53f8e","984fd740-33f4-44d7-9198-514d8d33b8e2","UNDE_012.mammalGrid.mam","D05","UNDE","UNDE_012","I1","distributed","woodyWetlands",46.237255,-89.502396,"WGS84",45.2,522.2,0.3,"5 - capture","ShermanLF","2018-08-09","2018-08-09","NEON.MAM.D05.O012I120180809",,"GLSA","Glaucomys sabrinus","species",,,,,"N","M","U","not processed",,"unknown","unknown",,,,,,,,,"U","U","U",,,,,,,,,,,,,,,,,"jswenson@battelleecology.org","dsmith1@battelleecology.org",,,
"cae213f9-1502-4da6-bfc0-36faf4a54da7","984fd740-33f4-44d7-9198-514d8d33b8e2","UNDE_012.mammalGrid.mam","D05","UNDE","UNDE_012","C1","distributed","woodyWetlands",46.237255,-89.502396,"WGS84",45.2,522.2,0.3,"5 - capture","ShermanLF","2018-08-09","2018-08-09","NEON.MAM.D05.R4607",,"NAIN","Napaeozapus insignis","species",,,,,"N","M","Y","released",,"adult","nonscrotal",,,,29,,,,35,"N","N","N",,,,"UNDE.20180809.R4607.B",,"mandibular",,,,,,,,,,,"jswenson@battelleecology.org","dsmith1@battelleecology.org",,,
"8a4e71a9-7f10-47cb-96a0-b2bb9fc9a19b","e8126ae3-7b3b-46c0-945e-f142e9848635","UNDE_027.mammalGrid.mam","D05","UNDE","UNDE_027","I9","distributed","deciduousForest",46.211194,-89.491388,"WGS84",45.2,517.2,0.2,"5 - capture","ShermanLF","2018-08-09","2018-08-09","NEON.MAM.D05.R4524",,"PEMA","Peromyscus maniculatus","species",,,,,"N","M","N","released",,"adult","nonscrotal",,,,21,18,,,18,"N","N","N",,,,"UNDE.20180809.R4524.B","D00000011641","mandibular","UNDE.20180809.R4524.F","D00000012540","fresh","UNDE.20180809.R4524.E","D00000012625",,,,,,"aspink@neoninc.org","rchambliss@battelleecology.org",,,
"e9907aef-3b32-4373-bd59-cbc4f074423a","984fd740-33f4-44d7-9198-514d8d33b8e2","UNDE_012.mammalGrid.mam","D05","UNDE","UNDE_012","J10","distributed","woodyWetlands",46.237255,-89.502396,"WGS84",45.2,522.2,0.3,"5 - capture","ShermanLF","2018-08-09","2018-08-09","NEON.MAM.D05.R2846",,"TAST","Tamias striatus","species",,,,,"N","F","N","released",,"subadult",,"nonenlarged","not","neither",32,,,,78,"N","N","N",,,,,,,"UNDE.20180809.R2846.F",,"fresh","UNDE.20180809.R2846.E",,,,,,,"jswenson@battelleecology.org","dsmith1@battelleecology.org",,,
"fdfeb5a0-56af-488a-834d-8a3a4d3f248c","984fd740-33f4-44d7-9198-514d8d33b8e2","UNDE_012.mammalGrid.mam","D05","UNDE","UNDE_012","D3","distributed","woodyWetlands",46.237255,-89.502396,"WGS84",45.2,522.2,0.3,"6 - trap set and empty","ShermanLF","2018-08-09","2018-08-09",,,,,,,,,,,,,,,,,,,,,,,,,,,,,,,,,,,,,,,,,,,,"jswenson@battelleecology.org","dsmith1@battelleecology.org",,,
"905dc8df-7c9d-49c3-86d2-ae40055e232d","984fd740-33f4-44d7-9198-514d8d33b8e2","UNDE_012.mammalGrid.mam","D05","UNDE","UNDE_012","E9","distributed","woodyWetlands",46.237255,-89.502396,"WGS84",45.2,522.2,0.3,"3 - trap door open or closed w/ spoor left","ShermanLF","2018-08-09","2018-08-09",,,,,,,,,,,,,,,,,,,,,,,,,,,,,,,,,,,,,,,,,,,,"jswenson@battelleecology.org","dsmith1@battelleecology.org",,,
"a7220030-09eb-4812-8ab6-7bea5ef9e95d","e8126ae3-7b3b-46c0-945e-f142e9848635","UNDE_027.mammalGrid.mam","D05","UNDE","UNDE_027","F5","distributed","deciduousForest",46.211194,-89.491388,"WGS84",45.2,517.2,0.2,"6 - trap set and empty","ShermanLF","2018-08-09","2018-08-09",,,,,,,,,,,,,,,,,,,,,,,,,,,,,,,,,,,,,,,,,,,,"aspink@neoninc.org","rchambliss@battelleecology.org",,,
"4f719ad0-cb87-46c0-9cfd-a31ef33fcdd7","984fd740-33f4-44d7-9198-514d8d33b8e2","UNDE_012.mammalGrid.mam","D05","UNDE","UNDE_012","E1","distributed","woodyWetlands",46.237255,-89.502396,"WGS84",45.2,522.2,0.3,"3 - trap door open or closed w/ spoor left","ShermanLF","2018-08-09","2018-08-09",,,,,,,,,,,,,,,,,,,,,,,,,,,,,,,,,,,,,,,,,,,,"jswenson@battelleecology.org","dsmith1@battelleecology.org",,,
"a08ed115-6bb9-4896-9cce-1b1c9d7bb68c","e8126ae3-7b3b-46c0-945e-f142e9848635","UNDE_027.mammalGrid.mam","D05","UNDE","UNDE_027","I1","distributed","deciduousForest",46.211194,-89.491388,"WGS84",45.2,517.2,0.2,"5 - capture","ShermanLF","2018-08-09","2018-08-09","NEON.MAM.D05.R4582",,"PEMA","Peromyscus maniculatus","species",,,,,"N","F","Y","released",,"subadult",,"nonenlarged","not","neither",19,18,,,13,"N","N","N",,,,"UNDE.20180809.R4582.B","D00000012469","mandibular",,,,"UNDE.20180809.R4582.E","D00000012475",,,,,,"aspink@neoninc.org","rchambliss@battelleecology.org",,,
"aba00371-5e3b-4f8d-9f7b-9dc67788dde1","e8126ae3-7b3b-46c0-945e-f142e9848635","UNDE_027.mammalGrid.mam","D05","UNDE","UNDE_027","H10","distributed","deciduousForest",46.211194,-89.491388,"WGS84",45.2,517.2,0.2,"2 - trap disturbed/door closed but empty","ShermanLF","2018-08-09","2018-08-09",,,,,,,,,,,,,,,,,,,,,,,,,,,,,,,,,,,,,,,,,,,,"aspink@neoninc.org","rchambliss@battelleecology.org",,,
"3bb53473-d1c2-4731-9ec3-a24810df3818","984fd740-33f4-44d7-9198-514d8d33b8e2","UNDE_012.mammalGrid.mam","D05","UNDE","UNDE_012","J6","distributed","woodyWetlands",46.237255,-89.502396,"WGS84",45.2,522.2,0.3,"2 - trap disturbed/door closed but empty","ShermanLF","2018-08-09","2018-08-09",,,,,,,,,,,,,,,,,,,,,,,,,,,,,,,,,,,,,,,,,,,,"jswenson@battelleecology.org","dsmith1@battelleecology.org",,,
"32dda90d-821d-4831-a354-766d819c02dc","984fd740-33f4-44d7-9198-514d8d33b8e2","UNDE_012.mammalGrid.mam","D05","UNDE","UNDE_012","E8","distributed","woodyWetlands",46.237255,-89.502396,"WGS84",45.2,522.2,0.3,"5 - capture","ShermanLF","2018-08-09","2018-08-09","NEON.MAM.D05.R4531",,"NAIN","Napaeozapus insignis","species",,,,,"N","M","N","released",,"adult","nonscrotal",,,,30,,,,16,"N","N","N",,,,"UNDE.20180809.R4531.B","D00000012613","mandibular",,,,"UNDE.20180809.R4531.E","D00000012438",,,,,,"jswenson@battelleecology.org","dsmith1@battelleecology.org",,,
"1d54d1e4-eb72-4ec5-b109-e3b94d31be57","984fd740-33f4-44d7-9198-514d8d33b8e2","UNDE_012.mammalGrid.mam","D05","UNDE","UNDE_012","G8","distributed","woodyWetlands",46.237255,-89.502396,"WGS84",45.2,522.2,0.3,"3 - trap door open or closed w/ spoor left","ShermanLF","2018-08-09","2018-08-09",,,,,,,,,,,,,,,,,,,,,,,,,,,,,,,,,,,,,,,,,,,,"jswenson@battelleecology.org","dsmith1@battelleecology.org",,,
"2336e99e-e5db-4f1a-ad61-7d63d86288cd","e8126ae3-7b3b-46c0-945e-f142e9848635","UNDE_027.mammalGrid.mam","D05","UNDE","UNDE_027","G6","distributed","deciduousForest",46.211194,-89.491388,"WGS84",45.2,517.2,0.2,"2 - trap disturbed/door closed but empty","ShermanLF","2018-08-09","2018-08-09",,,,,,,,,,,,,,,,,,,,,,,,,,,,,,,,,,,,,,,,,,,,"aspink@neoninc.org","rchambliss@battelleecology.org",,,
"48479850-7b1d-45e5-9c66-c196b438df41","e8126ae3-7b3b-46c0-945e-f142e9848635","UNDE_027.mammalGrid.mam","D05","UNDE","UNDE_027","B2","distributed","deciduousForest",46.211194,-89.491388,"WGS84",45.2,517.2,0.2,"6 - trap set and empty","ShermanLF","2018-08-09","2018-08-09",,,,,,,,,,,,,,,,,,,,,,,,,,,,,,,,,,,,,,,,,,,,"aspink@neoninc.org","rchambliss@battelleecology.org",,,
"679d1d4c-99dd-4415-880a-26b426c57596","984fd740-33f4-44d7-9198-514d8d33b8e2","UNDE_012.mammalGrid.mam","D05","UNDE","UNDE_012","I7","distributed","woodyWetlands",46.237255,-89.502396,"WGS84",45.2,522.2,0.3,"6 - trap set and empty","ShermanLF","2018-08-09","2018-08-09",,,,,,,,,,,,,,,,,,,,,,,,,,,,,,,,,,,,,,,,,,,,"jswenson@battelleecology.org","dsmith1@battelleecology.org",,,
"dbfc35b5-e4f6-401e-bb66-247c2a93709f","984fd740-33f4-44d7-9198-514d8d33b8e2","UNDE_012.mammalGrid.mam","D05","UNDE","UNDE_012","G4","distributed","woodyWetlands",46.237255,-89.502396,"WGS84",45.2,522.2,0.3,"3 - trap door open or closed w/ spoor left","ShermanLF","2018-08-09","2018-08-09",,,,,,,,,,,,,,,,,,,,,,,,,,,,,,,,,,,,,,,,,,,,"jswenson@battelleecology.org","dsmith1@battelleecology.org",,,
"38ca98f5-4c76-440a-a83d-23aa3945fae2","e8126ae3-7b3b-46c0-945e-f142e9848635","UNDE_027.mammalGrid.mam","D05","UNDE","UNDE_027","E3","distributed","deciduousForest",46.211194,-89.491388,"WGS84",45.2,517.2,0.2,"6 - trap set and empty","ShermanLF","2018-08-09","2018-08-09",,,,,,,,,,,,,,,,,,,,,,,,,,,,,,,,,,,,,,,,,,,,"aspink@neoninc.org","rchambliss@battelleecology.org",,,
"6225d488-2852-4ec9-a37a-f0cd9df92f07","e8126ae3-7b3b-46c0-945e-f142e9848635","UNDE_027.mammalGrid.mam","D05","UNDE","UNDE_027","E7","distributed","deciduousForest",46.211194,-89.491388,"WGS84",45.2,517.2,0.2,"5 - capture","ShermanLF","2018-08-09","2018-08-09","NEON.MAM.D05.R4372",,"PEMA","Peromyscus maniculatus","species",,,,,"N","F","Y","released",,"adult",,"enlarged","pregnant","neither",21,19,,,32,"N","N","N",,,,"UNDE.20180809.R4372.B","D00000012553","mandibular",,,,,,,,,,,"aspink@neoninc.org","rchambliss@battelleecology.org",,,
"a28b2a45-1d5d-47e4-826b-0fe85c1e403a","e8126ae3-7b3b-46c0-945e-f142e9848635","UNDE_027.mammalGrid.mam","D05","UNDE","UNDE_027","G10","distributed","deciduousForest",46.211194,-89.491388,"WGS84",45.2,517.2,0.2,"5 - capture","ShermanLF","2018-08-09","2018-08-09","NEON.MAM.D05.R4482",,"PELE","Peromyscus leucopus","species",,,,,"N","M","Y","released",,"adult","scrotal",,,,21,16,,,25,"N","N","N",,,,"UNDE.20180809.R4482.B","D00000012440","mandibular","UNDE.20180809.R4482.F","D00000012432","fresh","UNDE.20180809.R4482.E","D00000012461","UNDE.20180809.R4482.H","B00000021511","hairAndWhisker",,,"aspink@neoninc.org","rchambliss@battelleecology.org",,,
"5041f159-3661-4b40-ad5c-8741b521b3c3","984fd740-33f4-44d7-9198-514d8d33b8e2","UNDE_012.mammalGrid.mam","D05","UNDE","UNDE_012","A1","distributed","woodyWetlands",46.237255,-89.502396,"WGS84",45.2,522.2,0.3,"3 - trap door open or closed w/ spoor left","ShermanLF","2018-08-09","2018-08-09",,,,,,,,,,,,,,,,,,,,,,,,,,,,,,,,,,,,,,,,,,,,"jswenson@battelleecology.org","dsmith1@battelleecology.org",,,
"c72ae66d-3004-489f-a488-d5f4489e4db4","e8126ae3-7b3b-46c0-945e-f142e9848635","UNDE_027.mammalGrid.mam","D05","UNDE","UNDE_027","F3","distributed","deciduousForest",46.211194,-89.491388,"WGS84",45.2,517.2,0.2,"3 - trap door open or closed w/ spoor left","ShermanLF","2018-08-09","2018-08-09",,,,,,,,,,,,,,,,,,,,,,,,,,,,,,,,,,,,,,,,,,,,"aspink@neoninc.org","rchambliss@battelleecology.org",,,
"d9b20aab-5691-4c51-9d7e-8d2e37a666e5","984fd740-33f4-44d7-9198-514d8d33b8e2","UNDE_012.mammalGrid.mam","D05","UNDE","UNDE_012","J3","distributed","woodyWetlands",46.237255,-89.502396,"WGS84",45.2,522.2,0.3,"2 - trap disturbed/door closed but empty","ShermanLF","2018-08-09","2018-08-09",,,,,,,,,,,,,,,,,,,,,,,,,,,,,,,,,,,,,,,,,,,,"jswenson@battelleecology.org","dsmith1@battelleecology.org",,,
"6cc2b1e7-9744-404e-9561-2b54ce19ece6","984fd740-33f4-44d7-9198-514d8d33b8e2","UNDE_012.mammalGrid.mam","D05","UNDE","UNDE_012","F1","distributed","woodyWetlands",46.237255,-89.502396,"WGS84",45.2,522.2,0.3,"2 - trap disturbed/door closed but empty","ShermanLF","2018-08-09","2018-08-09",,,,,,,,,,,,,,,,,,,,,,,,,,,,,,,,,,,,,,,,,,,,"jswenson@battelleecology.org","dsmith1@battelleecology.org",,,
"448cc0c2-c6f0-4799-a33b-15310c841982","e8126ae3-7b3b-46c0-945e-f142e9848635","UNDE_027.mammalGrid.mam","D05","UNDE","UNDE_027","D3","distributed","deciduousForest",46.211194,-89.491388,"WGS84",45.2,517.2,0.2,"6 - trap set and empty","ShermanLF","2018-08-09","2018-08-09",,,,,,,,,,,,,,,,,,,,,,,,,,,,,,,,,,,,,,,,,,,,"aspink@neoninc.org","rchambliss@battelleecology.org",,,
"35f196a0-c6a5-427a-a586-ecdbd3dfeaee","984fd740-33f4-44d7-9198-514d8d33b8e2","UNDE_012.mammalGrid.mam","D05","UNDE","UNDE_012","E2","distributed","woodyWetlands",46.237255,-89.502396,"WGS84",45.2,522.2,0.3,"3 - trap door open or closed w/ spoor left","ShermanLF","2018-08-09","2018-08-09",,,,,,,,,,,,,,,,,,,,,,,,,,,,,,,,,,,,,,,,,,,,"jswenson@battelleecology.org","dsmith1@battelleecology.org",,,
"2723bc37-e284-4139-8cb5-fefcd3b05958","e8126ae3-7b3b-46c0-945e-f142e9848635","UNDE_027.mammalGrid.mam","D05","UNDE","UNDE_027","F9","distributed","deciduousForest",46.211194,-89.491388,"WGS84",45.2,517.2,0.2,"5 - capture","ShermanLF","2018-08-09","2018-08-09","NEON.MAM.D05.O027F920180809",,"BLBR","Blarina brevicauda","species",,,,"sex and reproductive conditions","N","M","N","dead",,"adult",,,,,,,,,,"U","U","U",,,,,,,,,,,,,,,"UNDE.20180809.O027F920180809.V","B00000021605","aspink@neoninc.org","rchambliss@battelleecology.org",,,
"53958de3-01dd-42b9-b81f-b9c37d7bd55a","e8126ae3-7b3b-46c0-945e-f142e9848635","UNDE_027.mammalGrid.mam","D05","UNDE","UNDE_027","E9","distributed","deciduousForest",46.211194,-89.491388,"WGS84",45.2,517.2,0.2,"5 - capture","ShermanLF","2018-08-09","2018-08-09","NEON.MAM.D05.R4213",,"ZAHU","Zapus hudsonius","species",,,,,"N","F","Y","released",,"adult",,"nonenlarged","not","neither",31,,,,28,"N","N","N",,,,"UNDE.20180809.R4213.B","D00000012439","mandibular",,,,,,,,,,,"aspink@neoninc.org","rchambliss@battelleecology.org",,,
"12b96158-fcc1-4325-af5b-bdcf38687229","e8126ae3-7b3b-46c0-945e-f142e9848635","UNDE_027.mammalGrid.mam","D05","UNDE","UNDE_027","B3","distributed","deciduousForest",46.211194,-89.491388,"WGS84",45.2,517.2,0.2,"5 - capture","ShermanLF","2018-08-09","2018-08-09","NEON.MAM.D05.R3758",,"PEMA","Peromyscus maniculatus","species",,,,,"N","F","Y","released",,"adult",,"enlarged","pregnant","swollen",21,20,,,31,"N","N","N",,,,"UNDE.20180809.R3758.B",,"mandibular",,,,,,,,,,,"aspink@neoninc.org","rchambliss@battelleecology.org",,,
"11cd0e33-e8f7-4d53-bf74-c83e878495ba","e8126ae3-7b3b-46c0-945e-f142e9848635","UNDE_027.mammalGrid.mam","D05","UNDE","UNDE_027","F1","distributed","deciduousForest",46.211194,-89.491388,"WGS84",45.2,517.2,0.2,"3 - trap door open or closed w/ spoor left","ShermanLF","2018-08-09","2018-08-09",,,,,,,,,,,,,,,,,,,,,,,,,,,,,,,,,,,,,,,,,,,,"aspink@neoninc.org","rchambliss@battelleecology.org",,,
"b804435c-1d5a-429c-89e4-4ce4fb3b736b","e8126ae3-7b3b-46c0-945e-f142e9848635","UNDE_027.mammalGrid.mam","D05","UNDE","UNDE_027","G2","distributed","deciduousForest",46.211194,-89.491388,"WGS84",45.2,517.2,0.2,"6 - trap set and empty","ShermanLF","2018-08-09","2018-08-09",,,,,,,,,,,,,,,,,,,,,,,,,,,,,,,,,,,,,,,,,,,,"aspink@neoninc.org","rchambliss@battelleecology.org",,,
"04aa221c-e68c-47bb-81d6-af56b22a9a12","984fd740-33f4-44d7-9198-514d8d33b8e2","UNDE_012.mammalGrid.mam","D05","UNDE","UNDE_012","E5","distributed","woodyWetlands",46.237255,-89.502396,"WGS84",45.2,522.2,0.3,"2 - trap disturbed/door closed but empty","ShermanLF","2018-08-09","2018-08-09",,,,,,,,,,,,,,,,,,,,,,,,,,,,,,,,,,,,,,,,,,,,"jswenson@battelleecology.org","dsmith1@battelleecology.org",,,
"382c7a42-9a4a-4647-be57-a5fcb487a4a6","984fd740-33f4-44d7-9198-514d8d33b8e2","UNDE_012.mammalGrid.mam","D05","UNDE","UNDE_012","G3","distributed","woodyWetlands",46.237255,-89.502396,"WGS84",45.2,522.2,0.3,"5 - capture","ShermanLF","2018-08-09","2018-08-09","NEON.MAM.D05.R4328",,"ZAHU","Zapus hudsonius","species",,,,,"N","F","N","released",,"adult",,"enlarged","not","neither",30,,,,22,"N","N","N",,,,"UNDE.20180809.R4328.B","D00000012568","mandibular","UNDE.20180809.R4328.F","D00000011508","fresh","UNDE.20180809.R4328.E","D00000012567",,,,,,"jswenson@battelleecology.org","dsmith1@battelleecology.org",,,
"2ce86a12-aa4b-4c1d-abf4-a50050577e85","984fd740-33f4-44d7-9198-514d8d33b8e2","UNDE_012.mammalGrid.mam","D05","UNDE","UNDE_012","A7","distributed","woodyWetlands",46.237255,-89.502396,"WGS84",45.2,522.2,0.3,"6 - trap set and empty","ShermanLF","2018-08-09","2018-08-09",,,,,,,,,,,,,,,,,,,,,,,,,,,,,,,,,,,,,,,,,,,,"jswenson@battelleecology.org","dsmith1@battelleecology.org",,,
"68ac369c-7816-4c80-92e1-309851b648bc","984fd740-33f4-44d7-9198-514d8d33b8e2","UNDE_012.mammalGrid.mam","D05","UNDE","UNDE_012","H2","distributed","woodyWetlands",46.237255,-89.502396,"WGS84",45.2,522.2,0.3,"5 - capture","ShermanLF","2018-08-09","2018-08-09","NEON.MAM.D05.L4589",,"NAIN","Napaeozapus insignis","species",,,,,"N","M","U","released","R","adult","scrotal",,,,30,,,,31,"N","N","N",,,,"UNDE.20180809.L4589.B",,"mandibular",,,,,,,,,,,"jswenson@battelleecology.org","dsmith1@battelleecology.org",,,
"a0eb8fcf-5ad5-4da3-8071-5fa52c893c1a","984fd740-33f4-44d7-9198-514d8d33b8e2","UNDE_012.mammalGrid.mam","D05","UNDE","UNDE_012","D6","distributed","woodyWetlands",46.237255,-89.502396,"WGS84",45.2,522.2,0.3,"2 - trap disturbed/door closed but empty","ShermanLF","2018-08-09","2018-08-09",,,,,,,,,,,,,,,,,,,,,,,,,,,,,,,,,,,,,,,,,,,,"jswenson@battelleecology.org","dsmith1@battelleecology.org",,,
"3fb93c77-60a3-4fc2-9889-90f2171bf7b5","984fd740-33f4-44d7-9198-514d8d33b8e2","UNDE_012.mammalGrid.mam","D05","UNDE","UNDE_012","G7","distributed","woodyWetlands",46.237255,-89.502396,"WGS84",45.2,522.2,0.3,"6 - trap set and empty","ShermanLF","2018-08-09","2018-08-09",,,,,,,,,,,,,,,,,,,,,,,,,,,,,,,,,,,,,,,,,,,,"jswenson@battelleecology.org","dsmith1@battelleecology.org",,,
"4cb3cb6a-ecdc-41bc-96ed-49933e2636c8","e8126ae3-7b3b-46c0-945e-f142e9848635","UNDE_027.mammalGrid.mam","D05","UNDE","UNDE_027","A5","distributed","deciduousForest",46.211194,-89.491388,"WGS84",45.2,517.2,0.2,"3 - trap door open or closed w/ spoor left","ShermanLF","2018-08-09","2018-08-09",,,,,,,,,,,,,,,,,,,,,,,,,,,,,,,,,,,,,,,,,,,,"aspink@neoninc.org","rchambliss@battelleecology.org",,,
"301d729f-c2bb-41b9-ae3b-942f6fd33b50","984fd740-33f4-44d7-9198-514d8d33b8e2","UNDE_012.mammalGrid.mam","D05","UNDE","UNDE_012","D1","distributed","woodyWetlands",46.237255,-89.502396,"WGS84",45.2,522.2,0.3,"5 - capture","ShermanLF","2018-08-09","2018-08-09","NEON.MAM.D05.O012D120180809",,"GLSA","Glaucomys sabrinus","species",,,,,"N","U","U","released",,"unknown",,,,,,,,,,"U","U","U",,,,,,,,,,,,,,,,,"jswenson@battelleecology.org","dsmith1@battelleecology.org",,,
"2f13973d-4d49-4075-ab58-1318d0cdce16","e8126ae3-7b3b-46c0-945e-f142e9848635","UNDE_027.mammalGrid.mam","D05","UNDE","UNDE_027","A10","distributed","deciduousForest",46.211194,-89.491388,"WGS84",45.2,517.2,0.2,"6 - trap set and empty","ShermanLF","2018-08-09","2018-08-09",,,,,,,,,,,,,,,,,,,,,,,,,,,,,,,,,,,,,,,,,,,,"aspink@neoninc.org","rchambliss@battelleecology.org",,,
"1850e609-3a6e-4510-9ede-060660a8f6af","e8126ae3-7b3b-46c0-945e-f142e9848635","UNDE_027.mammalGrid.mam","D05","UNDE","UNDE_027","J7","distributed","deciduousForest",46.211194,-89.491388,"WGS84",45.2,517.2,0.2,"6 - trap set and empty","ShermanLF","2018-08-09","2018-08-09",,,,,,,,,,,,,,,,,,,,,,,,,,,,,,,,,,,,,,,,,,,,"aspink@neoninc.org","rchambliss@battelleecology.org",,,
"b6fcda4d-be97-426e-a7c1-cf41c5f26fee","e8126ae3-7b3b-46c0-945e-f142e9848635","UNDE_027.mammalGrid.mam","D05","UNDE","UNDE_027","E4","distributed","deciduousForest",46.211194,-89.491388,"WGS84",45.2,517.2,0.2,"6 - trap set and empty","ShermanLF","2018-08-09","2018-08-09",,,,,,,,,,,,,,,,,,,,,,,,,,,,,,,,,,,,,,,,,,,,"aspink@neoninc.org","rchambliss@battelleecology.org",,,
"9ae17ca1-899c-43b3-af08-ae0bcc7b0aa2","e8126ae3-7b3b-46c0-945e-f142e9848635","UNDE_027.mammalGrid.mam","D05","UNDE","UNDE_027","B10","distributed","deciduousForest",46.211194,-89.491388,"WGS84",45.2,517.2,0.2,"6 - trap set and empty","ShermanLF","2018-08-09","2018-08-09",,,,,,,,,,,,,,,,,,,,,,,,,,,,,,,,,,,,,,,,,,,,"aspink@neoninc.org","rchambliss@battelleecology.org",,,
"86a669f1-7b74-46d6-8d35-e4b85bb815aa","984fd740-33f4-44d7-9198-514d8d33b8e2","UNDE_012.mammalGrid.mam","D05","UNDE","UNDE_012","I3","distributed","woodyWetlands",46.237255,-89.502396,"WGS84",45.2,522.2,0.3,"3 - trap door open or closed w/ spoor left","ShermanLF","2018-08-09","2018-08-09",,,,,,,,,,,,,,,,,,,,,,,,,,,,,,,,,,,,,,,,,,,,"jswenson@battelleecology.org","dsmith1@battelleecology.org",,,
"895f6f3c-a593-49cc-9106-26090ba6a6d6","984fd740-33f4-44d7-9198-514d8d33b8e2","UNDE_012.mammalGrid.mam","D05","UNDE","UNDE_012","E10","distributed","woodyWetlands",46.237255,-89.502396,"WGS84",45.2,522.2,0.3,"3 - trap door open or closed w/ spoor left","ShermanLF","2018-08-09","2018-08-09",,,,,,,,,,,,,,,,,,,,,,,,,,,,,,,,,,,,,,,,,,,,"jswenson@battelleecology.org","dsmith1@battelleecology.org",,,
"eeb5b88d-e118-4965-ba0a-f3a6a430c39a","984fd740-33f4-44d7-9198-514d8d33b8e2","UNDE_012.mammalGrid.mam","D05","UNDE","UNDE_012","C9","distributed","woodyWetlands",46.237255,-89.502396,"WGS84",45.2,522.2,0.3,"3 - trap door open or closed w/ spoor left","ShermanLF","2018-08-09","2018-08-09",,,,,,,,,,,,,,,,,,,,,,,,,,,,,,,,,,,,,,,,,,,,"jswenson@battelleecology.org","dsmith1@battelleecology.org",,,
"79778ab2-6d83-4dcc-a85b-b6d92e225a95","984fd740-33f4-44d7-9198-514d8d33b8e2","UNDE_012.mammalGrid.mam","D05","UNDE","UNDE_012","E6","distributed","woodyWetlands",46.237255,-89.502396,"WGS84",45.2,522.2,0.3,"3 - trap door open or closed w/ spoor left","ShermanLF","2018-08-09","2018-08-09",,,,,,,,,,,,,,,,,,,,,,,,,,,,,,,,,,,,,,,,,,,,"jswenson@battelleecology.org","dsmith1@battelleecology.org",,,
"9ff02577-0b19-40d5-b44f-09abe8ce10af","984fd740-33f4-44d7-9198-514d8d33b8e2","UNDE_012.mammalGrid.mam","D05","UNDE","UNDE_012","H4","distributed","woodyWetlands",46.237255,-89.502396,"WGS84",45.2,522.2,0.3,"2 - trap disturbed/door closed but empty","ShermanLF","2018-08-09","2018-08-09",,,,,,,,,,,,,,,,,,,,,,,,,,,,,,,,,,,,,,,,,,,,"jswenson@battelleecology.org","dsmith1@battelleecology.org",,,
"cf557354-845d-42ba-ae4c-1191cbea8dab","e8126ae3-7b3b-46c0-945e-f142e9848635","UNDE_027.mammalGrid.mam","D05","UNDE","UNDE_027","F7","distributed","deciduousForest",46.211194,-89.491388,"WGS84",45.2,517.2,0.2,"3 - trap door open or closed w/ spoor left","ShermanLF","2018-08-09","2018-08-09",,,,,,,,,,,,,,,,,,,,,,,,,,,,,,,,,,,,,,,,,,,,"aspink@neoninc.org","rchambliss@battelleecology.org",,,
"b26500ae-9a33-45ab-b6f6-573cdd961fe6","e8126ae3-7b3b-46c0-945e-f142e9848635","UNDE_027.mammalGrid.mam","D05","UNDE","UNDE_027","B7","distributed","deciduousForest",46.211194,-89.491388,"WGS84",45.2,517.2,0.2,"3 - trap door open or closed w/ spoor left","ShermanLF","2018-08-09","2018-08-09",,,,,,,,,,,,,,,,,,,,,,,,,,,,,,,,,,,,,,,,,,,,"aspink@neoninc.org","rchambliss@battelleecology.org",,,
"5eb6b1d1-45d3-4d24-9907-bf0b8dcab94e","e8126ae3-7b3b-46c0-945e-f142e9848635","UNDE_027.mammalGrid.mam","D05","UNDE","UNDE_027","D8","distributed","deciduousForest",46.211194,-89.491388,"WGS84",45.2,517.2,0.2,"3 - trap door open or closed w/ spoor left","ShermanLF","2018-08-09","2018-08-09",,,,,,,,,,,,,,,,,,,,,,,,,,,,,,,,,,,,,,,,,,,,"aspink@neoninc.org","rchambliss@battelleecology.org",,,
"054adc06-61d2-49ab-800c-a36e3e0d891c","e8126ae3-7b3b-46c0-945e-f142e9848635","UNDE_027.mammalGrid.mam","D05","UNDE","UNDE_027","J3","distributed","deciduousForest",46.211194,-89.491388,"WGS84",45.2,517.2,0.2,"5 - capture","ShermanLF","2018-08-09","2018-08-09","NEON.MAM.D05.R4384",,"PELE","Peromyscus leucopus","species","cf. species",,,,"N","M","Y","released",,"adult","scrotal",,,,21,15,,,21,"N","N","N",,,,"UNDE.20180809.R4384.B","D00000012638","mandibular",,,,,,"UNDE.20180809.R4384.H","B00000021418","hairAndWhisker",,,"aspink@neoninc.org","rchambliss@battelleecology.org",,,
"4000a06e-09d3-4de5-b5fc-7d638525e4b5","984fd740-33f4-44d7-9198-514d8d33b8e2","UNDE_012.mammalGrid.mam","D05","UNDE","UNDE_012","I2","distributed","woodyWetlands",46.237255,-89.502396,"WGS84",45.2,522.2,0.3,"5 - capture","ShermanLF","2018-08-09","2018-08-09","NEON.MAM.D05.O012I220180809",,"BLBR","Blarina brevicauda","species",,,,,"N","U","U","released",,"unknown",,,,,,,,,,"U","U","U",,,,,,,,,,,,,,,,,"jswenson@battelleecology.org","dsmith1@battelleecology.org",,,
"f90a8b41-63cf-47fe-ac65-13b16b1f19b5","984fd740-33f4-44d7-9198-514d8d33b8e2","UNDE_012.mammalGrid.mam","D05","UNDE","UNDE_012","D10","distributed","woodyWetlands",46.237255,-89.502396,"WGS84",45.2,522.2,0.3,"6 - trap set and empty","ShermanLF","2018-08-09","2018-08-09",,,,,,,,,,,,,,,,,,,,,,,,,,,,,,,,,,,,,,,,,,,,"jswenson@battelleecology.org","dsmith1@battelleecology.org",,,
"fa615f82-e7b9-4962-89f3-70d9dc2375ff","984fd740-33f4-44d7-9198-514d8d33b8e2","UNDE_012.mammalGrid.mam","D05","UNDE","UNDE_012","A3","distributed","woodyWetlands",46.237255,-89.502396,"WGS84",45.2,522.2,0.3,"3 - trap door open or closed w/ spoor left","ShermanLF","2018-08-09","2018-08-09",,,,,,,,,,,,,,,,,,,,,,,,,,,,,,,,,,,,,,,,,,,,"jswenson@battelleecology.org","dsmith1@battelleecology.org",,,
"a2ce9d6e-45e5-4a18-a812-439ee7c1bab6","984fd740-33f4-44d7-9198-514d8d33b8e2","UNDE_012.mammalGrid.mam","D05","UNDE","UNDE_012","A5","distributed","woodyWetlands",46.237255,-89.502396,"WGS84",45.2,522.2,0.3,"5 - capture","ShermanLF","2018-08-09","2018-08-09","NEON.MAM.D05.L4396",,"MYGA","Myodes gapperi","species",,,,,"N","F","Y","released",,"adult",,"enlarged","not","neither",20,,,,26,"N","N","N",,,,,,,"UNDE.20180809.L4396.F","D00000011524","fresh",,,,,,,,"jswenson@battelleecology.org","dsmith1@battelleecology.org",,,
"0fa7d006-b602-40dc-bd0b-8e6f8d2c7b6f","e8126ae3-7b3b-46c0-945e-f142e9848635","UNDE_027.mammalGrid.mam","D05","UNDE","UNDE_027","H4","distributed","deciduousForest",46.211194,-89.491388,"WGS84",45.2,517.2,0.2,"6 - trap set and empty","ShermanLF","2018-08-09","2018-08-09",,,,,,,,,,,,,,,,,,,,,,,,,,,,,,,,,,,,,,,,,,,,"aspink@neoninc.org","rchambliss@battelleecology.org",,,
"19d555c1-98b2-4505-ab87-9f6569787410","e8126ae3-7b3b-46c0-945e-f142e9848635","UNDE_027.mammalGrid.mam","D05","UNDE","UNDE_027","A7","distributed","deciduousForest",46.211194,-89.491388,"WGS84",45.2,517.2,0.2,"3 - trap door open or closed w/ spoor left","ShermanLF","2018-08-09","2018-08-09",,,,,,,,,,,,,,,,,,,,,,,,,,,,,,,,,,,,,,,,,,,,"aspink@neoninc.org","rchambliss@battelleecology.org",,,
"78cd0d2c-ab3f-4a38-991c-fd69213f6237","e8126ae3-7b3b-46c0-945e-f142e9848635","UNDE_027.mammalGrid.mam","D05","UNDE","UNDE_027","H2","distributed","deciduousForest",46.211194,-89.491388,"WGS84",45.2,517.2,0.2,"3 - trap door open or closed w/ spoor left","ShermanLF","2018-08-09","2018-08-09",,,,,,,,,,,,,,,,,,,,,,,,,,,,,,,,,,,,,,,,,,,,"aspink@neoninc.org","rchambliss@battelleecology.org",,,
"c2419dcd-fdfb-4391-8ccd-1db725a225ee","e8126ae3-7b3b-46c0-945e-f142e9848635","UNDE_027.mammalGrid.mam","D05","UNDE","UNDE_027","D2","distributed","deciduousForest",46.211194,-89.491388,"WGS84",45.2,517.2,0.2,"6 - trap set and empty","ShermanLF","2018-08-09","2018-08-09",,,,,,,,,,,,,,,,,,,,,,,,,,,,,,,,,,,,,,,,,,,,"aspink@neoninc.org","rchambliss@battelleecology.org",,,
"5d814d13-724b-47fa-9df3-9070858110ab","984fd740-33f4-44d7-9198-514d8d33b8e2","UNDE_012.mammalGrid.mam","D05","UNDE","UNDE_012","H5","distributed","woodyWetlands",46.237255,-89.502396,"WGS84",45.2,522.2,0.3,"2 - trap disturbed/door closed but empty","ShermanLF","2018-08-09","2018-08-09",,,,,,,,,,,,,,,,,,,,,,,,,,,,,,,,,,,,,,,,,,,,"jswenson@battelleecology.org","dsmith1@battelleecology.org",,,
"f0447e18-004d-42f0-b431-d9452a5f4cab","984fd740-33f4-44d7-9198-514d8d33b8e2","UNDE_012.mammalGrid.mam","D05","UNDE","UNDE_012","A8","distributed","woodyWetlands",46.237255,-89.502396,"WGS84",45.2,522.2,0.3,"5 - capture","ShermanLF","2018-08-09","2018-08-09","NEON.MAM.D05.R4744",,"NAIN","Napaeozapus insignis","species","cf. genus",,,,"N","M","N","released",,"adult","nonscrotal",,,,31,,,,33,"N","N","N",,,,"UNDE.20180809.R4744.B","D00000012560","mandibular - QNS",,,,"UNDE.20180809.R4744.E","D00000012507",,,,,,"jswenson@battelleecology.org","dsmith1@battelleecology.org",,,
"6f9cee59-5e9a-4dbd-9ccb-84504c038d63","984fd740-33f4-44d7-9198-514d8d33b8e2","UNDE_012.mammalGrid.mam","D05","UNDE","UNDE_012","G10","distributed","woodyWetlands",46.237255,-89.502396,"WGS84",45.2,522.2,0.3,"6 - trap set and empty","ShermanLF","2018-08-09","2018-08-09",,,,,,,,,,,,,,,,,,,,,,,,,,,,,,,,,,,,,,,,,,,,"jswenson@battelleecology.org","dsmith1@battelleecology.org",,,
"38ec3d14-651e-4a33-805a-cfd4b9c316e0","984fd740-33f4-44d7-9198-514d8d33b8e2","UNDE_012.mammalGrid.mam","D05","UNDE","UNDE_012","A2","distributed","woodyWetlands",46.237255,-89.502396,"WGS84",45.2,522.2,0.3,"3 - trap door open or closed w/ spoor left","ShermanLF","2018-08-09","2018-08-09",,,,,,,,,,,,,,,,,,,,,,,,,,,,,,,,,,,,,,,,,,,,"jswenson@battelleecology.org","dsmith1@battelleecology.org",,,
"ee1d9215-0d1c-4897-a854-94ffb0a44c5b","984fd740-33f4-44d7-9198-514d8d33b8e2","UNDE_012.mammalGrid.mam","D05","UNDE","UNDE_012","I5","distributed","woodyWetlands",46.237255,-89.502396,"WGS84",45.2,522.2,0.3,"5 - capture","ShermanLF","2018-08-09","2018-08-09","NEON.MAM.D05.R4619",,"PEMA","Peromyscus maniculatus","species",,,,,"N","M","Y","released",,"adult","nonscrotal",,,,21,18,,,18,"N","N","N",,,,,,,,,,,,,,,,,"jswenson@battelleecology.org","dsmith1@battelleecology.org","TaxonID confirmed due to evidence from voucher review or genetic testing of tissue from individual with this tagID on different capture date.",,
"30fe0a3d-8c98-4cab-a620-b1795c658f57","984fd740-33f4-44d7-9198-514d8d33b8e2","UNDE_012.mammalGrid.mam","D05","UNDE","UNDE_012","I4","distributed","woodyWetlands",46.237255,-89.502396,"WGS84",45.2,522.2,0.3,"5 - capture","ShermanLF","2018-08-09","2018-08-09","NEON.MAM.D05.O012I420180809",,"BLBR","Blarina brevicauda","species",,,,"sex and reproductive conditions","N","M","U","dead",,"unknown",,,,,,,,,,"U","U","U",,,,,,,,,,,,,,,"UNDE.20180809.O012I420180809.V","B00000021601","jswenson@battelleecology.org","dsmith1@battelleecology.org",,,
"8f859fb9-fa59-4ef9-b4dc-980462d4b17d","e8126ae3-7b3b-46c0-945e-f142e9848635","UNDE_027.mammalGrid.mam","D05","UNDE","UNDE_027","J2","distributed","deciduousForest",46.211194,-89.491388,"WGS84",45.2,517.2,0.2,"5 - capture","ShermanLF","2018-08-09","2018-08-09","NEON.MAM.D05.R4592",,"PELE","Peromyscus leucopus","species","cf. species",,,,"N","M","Y","released",,"adult","scrotal",,,,21,17,,,26,"N","N","N",,,,,,,"UNDE.20180809.R4592.F","D00000012508","fresh",,,"UNDE.20180809.R4592.H","B00000021414","hairAndWhisker",,,"aspink@neoninc.org","rchambliss@battelleecology.org",,,
"bc17e345-ff37-4124-907b-871b2e182367","984fd740-33f4-44d7-9198-514d8d33b8e2","UNDE_012.mammalGrid.mam","D05","UNDE","UNDE_012","I9","distributed","woodyWetlands",46.237255,-89.502396,"WGS84",45.2,522.2,0.3,"3 - trap door open or closed w/ spoor left","ShermanLF","2018-08-09","2018-08-09",,,,,,,,,,,,,,,,,,,,,,,,,,,,,,,,,,,,,,,,,,,,"jswenson@battelleecology.org","dsmith1@battelleecology.org",,,
"50655152-bc03-48aa-908c-b320bb7fe997","984fd740-33f4-44d7-9198-514d8d33b8e2","UNDE_012.mammalGrid.mam","D05","UNDE","UNDE_012","C2","distributed","woodyWetlands",46.237255,-89.502396,"WGS84",45.2,522.2,0.3,"6 - trap set and empty","ShermanLF","2018-08-09","2018-08-09",,,,,,,,,,,,,,,,,,,,,,,,,,,,,,,,,,,,,,,,,,,,"jswenson@battelleecology.org","dsmith1@battelleecology.org",,,
"3a621cc8-c51b-4411-a5ea-ae59daa6974d","984fd740-33f4-44d7-9198-514d8d33b8e2","UNDE_012.mammalGrid.mam","D05","UNDE","UNDE_012","D2","distributed","woodyWetlands",46.237255,-89.502396,"WGS84",45.2,522.2,0.3,"6 - trap set and empty","ShermanLF","2018-08-09","2018-08-09",,,,,,,,,,,,,,,,,,,,,,,,,,,,,,,,,,,,,,,,,,,,"jswenson@battelleecology.org","dsmith1@battelleecology.org",,,
"dcd8755a-1293-4247-9855-2607b105a29e","e8126ae3-7b3b-46c0-945e-f142e9848635","UNDE_027.mammalGrid.mam","D05","UNDE","UNDE_027","B9","distributed","deciduousForest",46.211194,-89.491388,"WGS84",45.2,517.2,0.2,"6 - trap set and empty","ShermanLF","2018-08-09","2018-08-09",,,,,,,,,,,,,,,,,,,,,,,,,,,,,,,,,,,,,,,,,,,,"aspink@neoninc.org","rchambliss@battelleecology.org",,,
"966a6d4b-c305-4eb5-a01e-5266109d5208","984fd740-33f4-44d7-9198-514d8d33b8e2","UNDE_012.mammalGrid.mam","D05","UNDE","UNDE_012","J9","distributed","woodyWetlands",46.237255,-89.502396,"WGS84",45.2,522.2,0.3,"3 - trap door open or closed w/ spoor left","ShermanLF","2018-08-09","2018-08-09",,,,,,,,,,,,,,,,,,,,,,,,,,,,,,,,,,,,,,,,,,,,"jswenson@battelleecology.org","dsmith1@battelleecology.org",,,
"3aa8d4c9-f152-4ba0-97cb-9d3c2e697ab3","e8126ae3-7b3b-46c0-945e-f142e9848635","UNDE_027.mammalGrid.mam","D05","UNDE","UNDE_027","C3","distributed","deciduousForest",46.211194,-89.491388,"WGS84",45.2,517.2,0.2,"6 - trap set and empty","ShermanLF","2018-08-09","2018-08-09",,,,,,,,,,,,,,,,,,,,,,,,,,,,,,,,,,,,,,,,,,,,"aspink@neoninc.org","rchambliss@battelleecology.org",,,
"b5032347-8ac9-48ed-9c6a-279e0ca5a881","984fd740-33f4-44d7-9198-514d8d33b8e2","UNDE_012.mammalGrid.mam","D05","UNDE","UNDE_012","J2","distributed","woodyWetlands",46.237255,-89.502396,"WGS84",45.2,522.2,0.3,"5 - capture","ShermanLF","2018-08-09","2018-08-09","NEON.MAM.D05.L4100",,"PEMA","Peromyscus maniculatus","species",,,,,"N","F","Y","released",,"adult",,"enlarged","pregnant","swollen",20,20,,,30,"N","N","N",,,,,,,,,,,,,,,,,"jswenson@battelleecology.org","dsmith1@battelleecology.org",,,
"abf5c1de-7543-4a2c-8005-1b2f67f7ea4f","984fd740-33f4-44d7-9198-514d8d33b8e2","UNDE_012.mammalGrid.mam","D05","UNDE","UNDE_012","D4","distributed","woodyWetlands",46.237255,-89.502396,"WGS84",45.2,522.2,0.3,"6 - trap set and empty","ShermanLF","2018-08-09","2018-08-09",,,,,,,,,,,,,,,,,,,,,,,,,,,,,,,,,,,,,,,,,,,,"jswenson@battelleecology.org","dsmith1@battelleecology.org",,,
"261653e0-49cb-4cd0-8485-5dddecd48cff","e8126ae3-7b3b-46c0-945e-f142e9848635","UNDE_027.mammalGrid.mam","D05","UNDE","UNDE_027","A3","distributed","deciduousForest",46.211194,-89.491388,"WGS84",45.2,517.2,0.2,"6 - trap set and empty","ShermanLF","2018-08-09","2018-08-09",,,,,,,,,,,,,,,,,,,,,,,,,,,,,,,,,,,,,,,,,,,,"aspink@neoninc.org","rchambliss@battelleecology.org",,,
"dba3855b-7a1c-4c43-8199-7f0e637b371a","984fd740-33f4-44d7-9198-514d8d33b8e2","UNDE_012.mammalGrid.mam","D05","UNDE","UNDE_012","F3","distributed","woodyWetlands",46.237255,-89.502396,"WGS84",45.2,522.2,0.3,"5 - capture","ShermanLF","2018-08-09","2018-08-09","NEON.MAM.D05.O012F320180809",,"BLBR","Blarina brevicauda","species",,,,"sex and reproductive conditions","N","F","U","dead",,"unknown",,"nonenlarged","not","swollen",,,,,,"U","U","U",,,,,,,,,,,,,,,"UNDE.20180809.O012F320180809.V","B00000021598","jswenson@battelleecology.org","dsmith1@battelleecology.org",,,
"b2a7f929-407f-4c83-a6c2-ca35d3563006","e8126ae3-7b3b-46c0-945e-f142e9848635","UNDE_027.mammalGrid.mam","D05","UNDE","UNDE_027","A6","distributed","deciduousForest",46.211194,-89.491388,"WGS84",45.2,517.2,0.2,"3 - trap door open or closed w/ spoor left","ShermanLF","2018-08-09","2018-08-09",,,,,,,,,,,,,,,,,,,,,,,,,,,,,,,,,,,,,,,,,,,,"aspink@neoninc.org","rchambliss@battelleecology.org",,,
"8fc1aab1-f39b-4bb3-af64-6814ee149c37","984fd740-33f4-44d7-9198-514d8d33b8e2","UNDE_012.mammalGrid.mam","D05","UNDE","UNDE_012","H8","distributed","woodyWetlands",46.237255,-89.502396,"WGS84",45.2,522.2,0.3,"6 - trap set and empty","ShermanLF","2018-08-09","2018-08-09",,,,,,,,,,,,,,,,,,,,,,,,,,,,,,,,,,,,,,,,,,,,"jswenson@battelleecology.org","dsmith1@battelleecology.org",,,
"75432d6d-9cc0-48c1-9f49-74c71c02d534","e8126ae3-7b3b-46c0-945e-f142e9848635","UNDE_027.mammalGrid.mam","D05","UNDE","UNDE_027","J8","distributed","deciduousForest",46.211194,-89.491388,"WGS84",45.2,517.2,0.2,"5 - capture","ShermanLF","2018-08-09","2018-08-09","NEON.MAM.D05.R4406",,"PEMA","Peromyscus maniculatus","species",,,,"taxonID confirmed","N","M","Y","released",,"adult","nonscrotal",,,,21,17,,,17,"N","N","N",,,,"UNDE.20180809.R4406.B","D00000012096","mandibular","UNDE.20180809.R4406.F","D00000011764","fresh","UNDE.20180809.R4406.E","D00000011572","UNDE.20180809.R4406.H","B00000021415","hairAndWhisker",,,"aspink@neoninc.org","rchambliss@battelleecology.org",,,
"fad9be97-c469-4970-9393-d521e48f6cba","e8126ae3-7b3b-46c0-945e-f142e9848635","UNDE_027.mammalGrid.mam","D05","UNDE","UNDE_027","D7","distributed","deciduousForest",46.211194,-89.491388,"WGS84",45.2,517.2,0.2,"5 - capture","ShermanLF","2018-08-09","2018-08-09","NEON.MAM.D05.O027D720180809",,"BLBR","Blarina brevicauda","species",,,,,"N","U","Y","released",,"adult",,,,,,,,,,"U","U","U",,,,,,,,,,,,,,,,,"aspink@neoninc.org","rchambliss@battelleecology.org",,,
"6ca5708d-4f47-4954-add4-2ae6211586e3","d3c507fe-ee95-4acd-b85a-802c030f8864","UNDE_027.mammalGrid.mam","D05","UNDE","UNDE_027","I6","distributed","deciduousForest",46.211194,-89.491388,"WGS84",45.2,517.2,0.2,"5 - capture","ShermanLF","2018-08-10","2018-08-10","NEON.MAM.D05.R4420",,"PEMA","Peromyscus maniculatus","species",,,,,"N","M","Y","released",,"adult","nonscrotal",,,,21,18,,,19,"N","N","N",,,,,,,,,,,,,,,,,"jswenson@battelleecology.org","dsmith1@battelleecology.org",,,
"256c031e-4743-4e1b-99c3-be9ff3dbbebe","1383b11b-64bc-4103-bb40-919aaa46822f","UNDE_012.mammalGrid.mam","D05","UNDE","UNDE_012","C10","distributed","woodyWetlands",46.237255,-89.502396,"WGS84",45.2,522.2,0.3,"2 - trap disturbed/door closed but empty","ShermanLF","2018-08-10","2018-08-10",,,,,,,,,,,,,,,,,,,,,,,,,,,,,,,,,,,,,,,,,,,,"aspink@neoninc.org","rchambliss@battelleecology.org",,,
"0a586448-84f3-436c-92a0-fae304f96947","d3c507fe-ee95-4acd-b85a-802c030f8864","UNDE_027.mammalGrid.mam","D05","UNDE","UNDE_027","J4","distributed","deciduousForest",46.211194,-89.491388,"WGS84",45.2,517.2,0.2,"3 - trap door open or closed w/ spoor left","ShermanLF","2018-08-10","2018-08-10",,,,,,,,,,,,,,,,,,,,,,,,,,,,,,,,,,,,,,,,,,,,"jswenson@battelleecology.org","dsmith1@battelleecology.org",,,
"115bc792-7e24-4ec2-8c88-314915caa478","d3c507fe-ee95-4acd-b85a-802c030f8864","UNDE_027.mammalGrid.mam","D05","UNDE","UNDE_027","B10","distributed","deciduousForest",46.211194,-89.491388,"WGS84",45.2,517.2,0.2,"5 - capture","ShermanLF","2018-08-10","2018-08-10","NEON.MAM.D05.R4692",,"PELE","Peromyscus leucopus","species",,,,,"N","M","N","released",,"adult","scrotal",,,,21,15,,,20,"N","N","N",,,,"UNDE.20180810.R4692.B","D00000003338","mandibular","UNDE.20180810.R4692.F","D00000003349","fresh","UNDE.20180810.R4692.E","D00000003327","UNDE.20180810.R4692.H","B00000021509","hairAndWhisker",,,"jswenson@battelleecology.org","dsmith1@battelleecology.org",,,
"b9e60577-8998-4d8e-afe7-80ea13efd73f","1383b11b-64bc-4103-bb40-919aaa46822f","UNDE_012.mammalGrid.mam","D05","UNDE","UNDE_012","B4","distributed","woodyWetlands",46.237255,-89.502396,"WGS84",45.2,522.2,0.3,"6 - trap set and empty","ShermanLF","2018-08-10","2018-08-10",,,,,,,,,,,,,,,,,,,,,,,,,,,,,,,,,,,,,,,,,,,,"aspink@neoninc.org","rchambliss@battelleecology.org",,,
"4173ad74-8453-4f7c-b39d-03fbcf501928","d3c507fe-ee95-4acd-b85a-802c030f8864","UNDE_027.mammalGrid.mam","D05","UNDE","UNDE_027","E5","distributed","deciduousForest",46.211194,-89.491388,"WGS84",45.2,517.2,0.2,"2 - trap disturbed/door closed but empty","ShermanLF","2018-08-10","2018-08-10",,,,,,,,,,,,,,,,,,,,,,,,,,,,,,,,,,,,,,,,,,,,"jswenson@battelleecology.org","dsmith1@battelleecology.org",,,
"ddeee5f0-90b2-4372-8cf7-308c01fa3fe6","1383b11b-64bc-4103-bb40-919aaa46822f","UNDE_012.mammalGrid.mam","D05","UNDE","UNDE_012","B6","distributed","woodyWetlands",46.237255,-89.502396,"WGS84",45.2,522.2,0.3,"5 - capture","ShermanLF","2018-08-10","2018-08-10","NEON.MAM.D05.L4396",,"MYGA","Myodes gapperi","species",,,,,"N","F","Y","released",,"adult",,,"not","neither",18,,,,26,"N","N","Y",,,,,,,"UNDE.20180810.L4396.F","D00000003588","fresh",,,,,,,,"aspink@neoninc.org","rchambliss@battelleecology.org",,,
"f4a0d686-c752-4b9a-940a-72dc4cc223f4","d3c507fe-ee95-4acd-b85a-802c030f8864","UNDE_027.mammalGrid.mam","D05","UNDE","UNDE_027","J2","distributed","deciduousForest",46.211194,-89.491388,"WGS84",45.2,517.2,0.2,"3 - trap door open or closed w/ spoor left","ShermanLF","2018-08-10","2018-08-10",,,,,,,,,,,,,,,,,,,,,,,,,,,,,,,,,,,,,,,,,,,,"jswenson@battelleecology.org","dsmith1@battelleecology.org",,,
"65af9abc-f7f2-4a64-a38f-9ea2ad67c4c3","d3c507fe-ee95-4acd-b85a-802c030f8864","UNDE_027.mammalGrid.mam","D05","UNDE","UNDE_027","F9","distributed","deciduousForest",46.211194,-89.491388,"WGS84",45.2,517.2,0.2,"3 - trap door open or closed w/ spoor left","ShermanLF","2018-08-10","2018-08-10",,,,,,,,,,,,,,,,,,,,,,,,,,,,,,,,,,,,,,,,,,,,"jswenson@battelleecology.org","dsmith1@battelleecology.org",,,
"4150d0bd-da4c-496b-a754-d697f43f5cda","d3c507fe-ee95-4acd-b85a-802c030f8864","UNDE_027.mammalGrid.mam","D05","UNDE","UNDE_027","H5","distributed","deciduousForest",46.211194,-89.491388,"WGS84",45.2,517.2,0.2,"3 - trap door open or closed w/ spoor left","ShermanLF","2018-08-10","2018-08-10",,,,,,,,,,,,,,,,,,,,,,,,,,,,,,,,,,,,,,,,,,,,"jswenson@battelleecology.org","dsmith1@battelleecology.org",,,
"accf892e-cde5-4557-ace5-b7465a18399e","d3c507fe-ee95-4acd-b85a-802c030f8864","UNDE_027.mammalGrid.mam","D05","UNDE","UNDE_027","J1","distributed","deciduousForest",46.211194,-89.491388,"WGS84",45.2,517.2,0.2,"5 - capture","ShermanLF","2018-08-10","2018-08-10","NEON.MAM.D05.R4034",,"PEMA","Peromyscus maniculatus","species",,,,,"N","M","Y","released",,"adult","scrotal",,,,18,21,,,26,"N","N","N",,,,"UNDE.20180810.R4034.B","D00000003441","mandibular",,,,,,,,,,,"jswenson@battelleecology.org","dsmith1@battelleecology.org",,,
"65a183ba-5bcd-40a0-910d-562fed764d5c","1383b11b-64bc-4103-bb40-919aaa46822f","UNDE_012.mammalGrid.mam","D05","UNDE","UNDE_012","E3","distributed","woodyWetlands",46.237255,-89.502396,"WGS84",45.2,522.2,0.3,"6 - trap set and empty","ShermanLF","2018-08-10","2018-08-10",,,,,,,,,,,,,,,,,,,,,,,,,,,,,,,,,,,,,,,,,,,,"aspink@neoninc.org","rchambliss@battelleecology.org",,,
"30ab9134-2c55-41c6-bf8d-bf25f5575976","d3c507fe-ee95-4acd-b85a-802c030f8864","UNDE_027.mammalGrid.mam","D05","UNDE","UNDE_027","F8","distributed","deciduousForest",46.211194,-89.491388,"WGS84",45.2,517.2,0.2,"5 - capture","ShermanLF","2018-08-10","2018-08-10","NEON.MAM.D05.O027F820180810",,"BLBR","Blarina brevicauda","species",,,,"sex and reproductive conditions","N","M","Y","dead",,"adult",,,,,,,,,,"U","U","U",,,,,,,,,,,,,,,"UNDE.20180810.O027F820180810.V","B00000021603","jswenson@battelleecology.org","dsmith1@battelleecology.org",,,
"9e7e08bd-9df9-430a-ba94-86515495f451","d3c507fe-ee95-4acd-b85a-802c030f8864","UNDE_027.mammalGrid.mam","D05","UNDE","UNDE_027","C2","distributed","deciduousForest",46.211194,-89.491388,"WGS84",45.2,517.2,0.2,"3 - trap door open or closed w/ spoor left","ShermanLF","2018-08-10","2018-08-10",,,,,,,,,,,,,,,,,,,,,,,,,,,,,,,,,,,,,,,,,,,,"jswenson@battelleecology.org","dsmith1@battelleecology.org",,,
"aee49711-b85e-4723-adec-d649ac3b6e8d","d3c507fe-ee95-4acd-b85a-802c030f8864","UNDE_027.mammalGrid.mam","D05","UNDE","UNDE_027","G10","distributed","deciduousForest",46.211194,-89.491388,"WGS84",45.2,517.2,0.2,"3 - trap door open or closed w/ spoor left","ShermanLF","2018-08-10","2018-08-10",,,,,,,,,,,,,,,,,,,,,,,,,,,,,,,,,,,,,,,,,,,,"jswenson@battelleecology.org","dsmith1@battelleecology.org",,,
"5c941dff-c632-4273-a9ee-40c23b79b94f","d3c507fe-ee95-4acd-b85a-802c030f8864","UNDE_027.mammalGrid.mam","D05","UNDE","UNDE_027","I9","distributed","deciduousForest",46.211194,-89.491388,"WGS84",45.2,517.2,0.2,"5 - capture","ShermanLF","2018-08-10","2018-08-10","NEON.MAM.D05.R4523",,"PEMA","Peromyscus maniculatus","species","cf. species",,,,"N","F","Y","released",,"subadult",,"nonenlarged","not","neither",19,17,,,12,"N","N","N",,,,,,,,,,,,,,,,,"jswenson@battelleecology.org","dsmith1@battelleecology.org",,,
"84e7cded-fbbf-482d-b993-c2a310d7f7b8","d3c507fe-ee95-4acd-b85a-802c030f8864","UNDE_027.mammalGrid.mam","D05","UNDE","UNDE_027","H2","distributed","deciduousForest",46.211194,-89.491388,"WGS84",45.2,517.2,0.2,"5 - capture","ShermanLF","2018-08-10","2018-08-10","NEON.MAM.D05.R4500",,"ZAHU","Zapus hudsonius","species",,,,,"N","F","N","released",,"adult",,"nonenlarged","not","neither",,,,,15,"N","N","N",,,,"UNDE.20180810.R4500.B","D00000003566","mandibular",,,,,,,,,,,"jswenson@battelleecology.org","dsmith1@battelleecology.org",,,
"21a9edf8-0e85-4b28-b4f9-96fc8b6ebb91","1383b11b-64bc-4103-bb40-919aaa46822f","UNDE_012.mammalGrid.mam","D05","UNDE","UNDE_012","D6","distributed","woodyWetlands",46.237255,-89.502396,"WGS84",45.2,522.2,0.3,"5 - capture","ShermanLF","2018-08-10","2018-08-10","NEON.MAM.D05.O012D620180810",,"GLSA","Glaucomys sabrinus","species",,,,,"N","U","U","not processed",,"adult",,,,,,,,,,"U","U","U",,,,,,,,,,,,,,,,,"aspink@neoninc.org","rchambliss@battelleecology.org",,,
"ce15e1fd-5e06-4075-964d-d08daabcfe36","1383b11b-64bc-4103-bb40-919aaa46822f","UNDE_012.mammalGrid.mam","D05","UNDE","UNDE_012","F1","distributed","woodyWetlands",46.237255,-89.502396,"WGS84",45.2,522.2,0.3,"3 - trap door open or closed w/ spoor left","ShermanLF","2018-08-10","2018-08-10",,,,,,,,,,,,,,,,,,,,,,,,,,,,,,,,,,,,,,,,,,,,"aspink@neoninc.org","rchambliss@battelleecology.org",,,
"21d39506-2f91-4877-81b6-aaab31257137","1383b11b-64bc-4103-bb40-919aaa46822f","UNDE_012.mammalGrid.mam","D05","UNDE","UNDE_012","D3","distributed","woodyWetlands",46.237255,-89.502396,"WGS84",45.2,522.2,0.3,"3 - trap door open or closed w/ spoor left","ShermanLF","2018-08-10","2018-08-10",,,,,,,,,,,,,,,,,,,,,,,,,,,,,,,,,,,,,,,,,,,,"aspink@neoninc.org","rchambliss@battelleecology.org",,,
"93590e1c-8f53-46fe-a6b0-7c58c74ec624","1383b11b-64bc-4103-bb40-919aaa46822f","UNDE_012.mammalGrid.mam","D05","UNDE","UNDE_012","G2","distributed","woodyWetlands",46.237255,-89.502396,"WGS84",45.2,522.2,0.3,"6 - trap set and empty","ShermanLF","2018-08-10","2018-08-10",,,,,,,,,,,,,,,,,,,,,,,,,,,,,,,,,,,,,,,,,,,,"aspink@neoninc.org","rchambliss@battelleecology.org",,,
"bf347ac2-e18b-4477-9101-d6753dcdda24","d3c507fe-ee95-4acd-b85a-802c030f8864","UNDE_027.mammalGrid.mam","D05","UNDE","UNDE_027","H6","distributed","deciduousForest",46.211194,-89.491388,"WGS84",45.2,517.2,0.2,"5 - capture","ShermanLF","2018-08-10","2018-08-10","NEON.MAM.D05.R4517",,"ZAHU","Zapus hudsonius","species",,,,,"N","M","N","released",,"adult","scrotal",,,,30,,,,16,"N","N","N",,,,"UNDE.20180810.R4517.B","D00000003460","mandibular - QNS",,,,,,,,,,,"jswenson@battelleecology.org","dsmith1@battelleecology.org",,,
"59dc46bc-6886-4e33-85b1-59c175530f9d","d3c507fe-ee95-4acd-b85a-802c030f8864","UNDE_027.mammalGrid.mam","D05","UNDE","UNDE_027","A5","distributed","deciduousForest",46.211194,-89.491388,"WGS84",45.2,517.2,0.2,"5 - capture","ShermanLF","2018-08-10","2018-08-10","NEON.MAM.D05.R4164",,"ZAHU","Zapus hudsonius","species",,,,,"N","F","Y","released",,"adult",,"nonenlarged","not","neither",29,,,,28,"N","N","N",,,,"UNDE.20180810.R4164.B","D00000003319","mandibular",,,,"UNDE.20180810.R4164.E","D00000003357",,,,,,"jswenson@battelleecology.org","dsmith1@battelleecology.org",,,
"d5ba0135-42bb-4466-86a7-3982d88ee0fe","1383b11b-64bc-4103-bb40-919aaa46822f","UNDE_012.mammalGrid.mam","D05","UNDE","UNDE_012","I9","distributed","woodyWetlands",46.237255,-89.502396,"WGS84",45.2,522.2,0.3,"3 - trap door open or closed w/ spoor left","ShermanLF","2018-08-10","2018-08-10",,,,,,,,,,,,,,,,,,,,,,,,,,,,,,,,,,,,,,,,,,,,"aspink@neoninc.org","rchambliss@battelleecology.org",,,
"322fdae0-8eb2-46c3-aee4-0a47208e5aaa","1383b11b-64bc-4103-bb40-919aaa46822f","UNDE_012.mammalGrid.mam","D05","UNDE","UNDE_012","J6","distributed","woodyWetlands",46.237255,-89.502396,"WGS84",45.2,522.2,0.3,"3 - trap door open or closed w/ spoor left","ShermanLF","2018-08-10","2018-08-10",,,,,,,,,,,,,,,,,,,,,,,,,,,,,,,,,,,,,,,,,,,,"aspink@neoninc.org","rchambliss@battelleecology.org",,,
"c7873da7-d5c7-48c6-aac6-3bd8cb67b84e","1383b11b-64bc-4103-bb40-919aaa46822f","UNDE_012.mammalGrid.mam","D05","UNDE","UNDE_012","E9","distributed","woodyWetlands",46.237255,-89.502396,"WGS84",45.2,522.2,0.3,"5 - capture","ShermanLF","2018-08-10","2018-08-10","NEON.MAM.D05.R4550",,"ZAHU","Zapus hudsonius","species",,,,,"N","M","N","released",,"adult","nonscrotal",,,,32,,,,17,"N","N","N",,,,"UNDE.20180810.R4550.B","D00000003368","mandibular - QNS","UNDE.20180810.R4550.F","D00000003390","fresh",,,,,,,,"aspink@neoninc.org","rchambliss@battelleecology.org",,,
"cedad782-62b6-4f33-b88f-45ab0199d8c8","1383b11b-64bc-4103-bb40-919aaa46822f","UNDE_012.mammalGrid.mam","D05","UNDE","UNDE_012","I7","distributed","woodyWetlands",46.237255,-89.502396,"WGS84",45.2,522.2,0.3,"5 - capture","ShermanLF","2018-08-10","2018-08-10","NEON.MAM.D05.O012I720180810",,"GLSA","Glaucomys sabrinus","species",,,,,"N","M","U","not processed",,"adult","unknown",,,,,,,,,"U","U","U",,,,,,,,,,,,,,,,,"aspink@neoninc.org","rchambliss@battelleecology.org",,,
"6dcee2e1-17a1-4866-bfd9-10bc8af3e2fa","d3c507fe-ee95-4acd-b85a-802c030f8864","UNDE_027.mammalGrid.mam","D05","UNDE","UNDE_027","G9","distributed","deciduousForest",46.211194,-89.491388,"WGS84",45.2,517.2,0.2,"5 - capture","ShermanLF","2018-08-10","2018-08-10","NEON.MAM.D05.R4213",,"ZAHU","Zapus hudsonius","species",,,,,"N","F","Y","released",,"adult",,"nonenlarged","not","neither",30,,,,26,"N","N","N",,,,,,,,,,,,,,,,,"jswenson@battelleecology.org","dsmith1@battelleecology.org",,,
"ee41f3f7-349c-4eb0-b1d9-3662566137dd","d3c507fe-ee95-4acd-b85a-802c030f8864","UNDE_027.mammalGrid.mam","D05","UNDE","UNDE_027","E1","distributed","deciduousForest",46.211194,-89.491388,"WGS84",45.2,517.2,0.2,"6 - trap set and empty","ShermanLF","2018-08-10","2018-08-10",,,,,,,,,,,,,,,,,,,,,,,,,,,,,,,,,,,,,,,,,,,,"jswenson@battelleecology.org","dsmith1@battelleecology.org",,,
"433811f3-3a02-456d-b153-688a56351fc8","1383b11b-64bc-4103-bb40-919aaa46822f","UNDE_012.mammalGrid.mam","D05","UNDE","UNDE_012","F10","distributed","woodyWetlands",46.237255,-89.502396,"WGS84",45.2,522.2,0.3,"6 - trap set and empty","ShermanLF","2018-08-10","2018-08-10",,,,,,,,,,,,,,,,,,,,,,,,,,,,,,,,,,,,,,,,,,,,"aspink@neoninc.org","rchambliss@battelleecology.org",,,
"546a424b-9d3e-4d49-9049-43d28b6a70ed","1383b11b-64bc-4103-bb40-919aaa46822f","UNDE_012.mammalGrid.mam","D05","UNDE","UNDE_012","H4","distributed","woodyWetlands",46.237255,-89.502396,"WGS84",45.2,522.2,0.3,"2 - trap disturbed/door closed but empty","ShermanLF","2018-08-10","2018-08-10",,,,,,,,,,,,,,,,,,,,,,,,,,,,,,,,,,,,,,,,,,,,"aspink@neoninc.org","rchambliss@battelleecology.org",,,
"8492b372-eb82-4716-beab-841428144053","1383b11b-64bc-4103-bb40-919aaa46822f","UNDE_012.mammalGrid.mam","D05","UNDE","UNDE_012","I8","distributed","woodyWetlands",46.237255,-89.502396,"WGS84",45.2,522.2,0.3,"6 - trap set and empty","ShermanLF","2018-08-10","2018-08-10",,,,,,,,,,,,,,,,,,,,,,,,,,,,,,,,,,,,,,,,,,,,"aspink@neoninc.org","rchambliss@battelleecology.org",,,
"0ebb32fc-e30a-43a2-9049-21cafbd95731","1383b11b-64bc-4103-bb40-919aaa46822f","UNDE_012.mammalGrid.mam","D05","UNDE","UNDE_012","D9","distributed","woodyWetlands",46.237255,-89.502396,"WGS84",45.2,522.2,0.3,"6 - trap set and empty","ShermanLF","2018-08-10","2018-08-10",,,,,,,,,,,,,,,,,,,,,,,,,,,,,,,,,,,,,,,,,,,,"aspink@neoninc.org","rchambliss@battelleecology.org",,,
"8f55ba3d-c19d-40db-a18e-07ea04b49940","d3c507fe-ee95-4acd-b85a-802c030f8864","UNDE_027.mammalGrid.mam","D05","UNDE","UNDE_027","A8","distributed","deciduousForest",46.211194,-89.491388,"WGS84",45.2,517.2,0.2,"2 - trap disturbed/door closed but empty","ShermanLF","2018-08-10","2018-08-10",,,,,,,,,,,,,,,,,,,,,,,,,,,,,,,,,,,,,,,,,,,,"jswenson@battelleecology.org","dsmith1@battelleecology.org",,,
"be3d8c30-640b-485f-b8b2-90bb93592a40","1383b11b-64bc-4103-bb40-919aaa46822f","UNDE_012.mammalGrid.mam","D05","UNDE","UNDE_012","G6","distributed","woodyWetlands",46.237255,-89.502396,"WGS84",45.2,522.2,0.3,"6 - trap set and empty","ShermanLF","2018-08-10","2018-08-10",,,,,,,,,,,,,,,,,,,,,,,,,,,,,,,,,,,,,,,,,,,,"aspink@neoninc.org","rchambliss@battelleecology.org",,,
"f0587858-043f-430d-aea8-ee5f214b9138","1383b11b-64bc-4103-bb40-919aaa46822f","UNDE_012.mammalGrid.mam","D05","UNDE","UNDE_012","G5","distributed","woodyWetlands",46.237255,-89.502396,"WGS84",45.2,522.2,0.3,"5 - capture","ShermanLF","2018-08-10","2018-08-10","NEON.MAM.D05.R4551",,"PEMA","Peromyscus maniculatus","species",,,,,"N","F","N","released",,"adult",,"nonenlarged","not","neither",19,18,,,15,"N","N","N",,,,"UNDE.20180810.R4551.B","D00000003587","mandibular",,,,"UNDE.20180810.R4551.E","D00000003411",,,,,,"aspink@neoninc.org","rchambliss@battelleecology.org",,,
"8bbd808d-4766-45cc-8ba3-b49017566515","1383b11b-64bc-4103-bb40-919aaa46822f","UNDE_012.mammalGrid.mam","D05","UNDE","UNDE_012","C8","distributed","woodyWetlands",46.237255,-89.502396,"WGS84",45.2,522.2,0.3,"6 - trap set and empty","ShermanLF","2018-08-10","2018-08-10",,,,,,,,,,,,,,,,,,,,,,,,,,,,,,,,,,,,,,,,,,,,"aspink@neoninc.org","rchambliss@battelleecology.org",,,
"09e2cb25-2056-402a-8105-6fc795f3783b","1383b11b-64bc-4103-bb40-919aaa46822f","UNDE_012.mammalGrid.mam","D05","UNDE","UNDE_012","J2","distributed","woodyWetlands",46.237255,-89.502396,"WGS84",45.2,522.2,0.3,"5 - capture","ShermanLF","2018-08-10","2018-08-10","NEON.MAM.D05.R4587",,"PELE","Peromyscus leucopus","species",,,,"taxonID confirmed","N","M","N","released",,"adult","scrotal",,,,20,16,,,20,"N","N","N",,,,"UNDE.20180810.R4587.B","D00000003369","mandibular","UNDE.20180810.R4587.F","D00000003602","fresh","UNDE.20180810.R4587.E","D00000003613","UNDE.20180810.R4587.H","B00000021374","hairAndWhisker",,,"aspink@neoninc.org","rchambliss@battelleecology.org",,,
"0759e536-e4b8-4460-bf18-f2d32ddbb35a","1383b11b-64bc-4103-bb40-919aaa46822f","UNDE_012.mammalGrid.mam","D05","UNDE","UNDE_012","E6","distributed","woodyWetlands",46.237255,-89.502396,"WGS84",45.2,522.2,0.3,"2 - trap disturbed/door closed but empty","ShermanLF","2018-08-10","2018-08-10",,,,,,,,,,,,,,,,,,,,,,,,,,,,,,,,,,,,,,,,,,,,"aspink@neoninc.org","rchambliss@battelleecology.org",,,
"f794e399-6859-47dc-bdbc-6cc8e97eceb5","1383b11b-64bc-4103-bb40-919aaa46822f","UNDE_012.mammalGrid.mam","D05","UNDE","UNDE_012","F5","distributed","woodyWetlands",46.237255,-89.502396,"WGS84",45.2,522.2,0.3,"5 - capture","ShermanLF","2018-08-10","2018-08-10","NEON.MAM.D05.R4610",,"PEMA","Peromyscus maniculatus","species",,,,,"N","M","Y","released",,"adult","nonscrotal",,,,21,18,,,18,"N","N","N",,,,,,,,,,,,,,,,,"aspink@neoninc.org","rchambliss@battelleecology.org","TaxonID confirmed due to evidence from voucher review or genetic testing of tissue from individual with this tagID on different capture date.",,
"40d2b658-48f5-4af7-bf68-0143e4fd3a10","d3c507fe-ee95-4acd-b85a-802c030f8864","UNDE_027.mammalGrid.mam","D05","UNDE","UNDE_027","B1","distributed","deciduousForest",46.211194,-89.491388,"WGS84",45.2,517.2,0.2,"5 - capture","ShermanLF","2018-08-10","2018-08-10","NEON.MAM.D05.R4682",,"PEMA","Peromyscus maniculatus","species",,,,,"N","M","N","released",,"adult","scrotal",,,,22,18,,,25,"N","N","N",,,,"UNDE.20180810.R4682.B","D00000003364","mandibular - QNS",,,,"UNDE.20180810.R4682.E","D00000003318",,,,,,"jswenson@battelleecology.org","dsmith1@battelleecology.org",,,
"72700f95-9279-44ac-8ddd-816d6d501c64","1383b11b-64bc-4103-bb40-919aaa46822f","UNDE_012.mammalGrid.mam","D05","UNDE","UNDE_012","H6","distributed","woodyWetlands",46.237255,-89.502396,"WGS84",45.2,522.2,0.3,"5 - capture","ShermanLF","2018-08-10","2018-08-10","NEON.MAM.D05.R4613",,"PEMA","Peromyscus maniculatus","species","cf. species",,,,"N","M","Y","released",,"adult","nonscrotal",,,,21,17,,,16,"N","N","N",,,,"UNDE.20180810.R4613.B","D00000003586","mandibular - QNS",,,,,,,,,,,"aspink@neoninc.org","rchambliss@battelleecology.org",,,
"0e0f6910-56be-40d7-9b77-451185dce110","d3c507fe-ee95-4acd-b85a-802c030f8864","UNDE_027.mammalGrid.mam","D05","UNDE","UNDE_027","J9","distributed","deciduousForest",46.211194,-89.491388,"WGS84",45.2,517.2,0.2,"2 - trap disturbed/door closed but empty","ShermanLF","2018-08-10","2018-08-10",,,,,,,,,,,,,,,,,,,,,,,,,,,,,,,,,,,,,,,,,,,,"jswenson@battelleecology.org","dsmith1@battelleecology.org",,,
"a2dae57a-01dc-481b-a5e5-16cc6c9670bd","d3c507fe-ee95-4acd-b85a-802c030f8864","UNDE_027.mammalGrid.mam","D05","UNDE","UNDE_027","G1","distributed","deciduousForest",46.211194,-89.491388,"WGS84",45.2,517.2,0.2,"5 - capture","ShermanLF","2018-08-10","2018-08-10","NEON.MAM.D05.R4520",,"PEMA","Peromyscus maniculatus","species",,,,,"N","M","N","released",,"adult","nonscrotal",,,,21,19,,,16,"N","N","N",,,,"UNDE.20180810.R4520.B","D00000003429","mandibular",,,,,,,,,,,"jswenson@battelleecology.org","dsmith1@battelleecology.org",,,
"a47b28ef-6729-4698-9560-dc633a830f3e","d3c507fe-ee95-4acd-b85a-802c030f8864","UNDE_027.mammalGrid.mam","D05","UNDE","UNDE_027","F1","distributed","deciduousForest",46.211194,-89.491388,"WGS84",45.2,517.2,0.2,"3 - trap door open or closed w/ spoor left","ShermanLF","2018-08-10","2018-08-10",,,,,,,,,,,,,,,,,,,,,,,,,,,,,,,,,,,,,,,,,,,,"jswenson@battelleecology.org","dsmith1@battelleecology.org",,,
"d4737bcd-dbe4-439a-baea-babff5b60950","d3c507fe-ee95-4acd-b85a-802c030f8864","UNDE_027.mammalGrid.mam","D05","UNDE","UNDE_027","E3","distributed","deciduousForest",46.211194,-89.491388,"WGS84",45.2,517.2,0.2,"6 - trap set and empty","ShermanLF","2018-08-10","2018-08-10",,,,,,,,,,,,,,,,,,,,,,,,,,,,,,,,,,,,,,,,,,,,"jswenson@battelleecology.org","dsmith1@battelleecology.org",,,
"5e0bd9ab-beb2-4588-84d3-499a85ca0854","d3c507fe-ee95-4acd-b85a-802c030f8864","UNDE_027.mammalGrid.mam","D05","UNDE","UNDE_027","H10","distributed","deciduousForest",46.211194,-89.491388,"WGS84",45.2,517.2,0.2,"5 - capture","ShermanLF","2018-08-10","2018-08-10","NEON.MAM.D05.R4765",,"ZAHU","Zapus hudsonius","species",,,,,"N","F","N","released",,"subadult",,"nonenlarged","not","neither",28,,,,13,"N","N","N",,,,"UNDE.20180810.R4765.B","D00000003478","mandibular",,,,,,,,,,,"jswenson@battelleecology.org","dsmith1@battelleecology.org",,,
"d0c89291-c0f1-4222-ad6b-053e2bb68ab5","d3c507fe-ee95-4acd-b85a-802c030f8864","UNDE_027.mammalGrid.mam","D05","UNDE","UNDE_027","A10","distributed","deciduousForest",46.211194,-89.491388,"WGS84",45.2,517.2,0.2,"6 - trap set and empty","ShermanLF","2018-08-10","2018-08-10",,,,,,,,,,,,,,,,,,,,,,,,,,,,,,,,,,,,,,,,,,,,"jswenson@battelleecology.org","dsmith1@battelleecology.org",,,
"265a1ac1-cbc3-4820-8dcd-1c57f0130ef2","d3c507fe-ee95-4acd-b85a-802c030f8864","UNDE_027.mammalGrid.mam","D05","UNDE","UNDE_027","D5","distributed","deciduousForest",46.211194,-89.491388,"WGS84",45.2,517.2,0.2,"6 - trap set and empty","ShermanLF","2018-08-10","2018-08-10",,,,,,,,,,,,,,,,,,,,,,,,,,,,,,,,,,,,,,,,,,,,"jswenson@battelleecology.org","dsmith1@battelleecology.org",,,
"583ef79a-9b99-4d21-b503-cab87b10663f","1383b11b-64bc-4103-bb40-919aaa46822f","UNDE_012.mammalGrid.mam","D05","UNDE","UNDE_012","H3","distributed","woodyWetlands",46.237255,-89.502396,"WGS84",45.2,522.2,0.3,"2 - trap disturbed/door closed but empty","ShermanLF","2018-08-10","2018-08-10",,,,,,,,,,,,,,,,,,,,,,,,,,,,,,,,,,,,,,,,,,,,"aspink@neoninc.org","rchambliss@battelleecology.org",,,
"90552116-b6d2-41fd-a5c4-f9dbe35516ca","1383b11b-64bc-4103-bb40-919aaa46822f","UNDE_012.mammalGrid.mam","D05","UNDE","UNDE_012","D2","distributed","woodyWetlands",46.237255,-89.502396,"WGS84",45.2,522.2,0.3,"6 - trap set and empty","ShermanLF","2018-08-10","2018-08-10",,,,,,,,,,,,,,,,,,,,,,,,,,,,,,,,,,,,,,,,,,,,"aspink@neoninc.org","rchambliss@battelleecology.org",,,
"b883901e-e525-4e1f-96bf-3d4d198aa53b","d3c507fe-ee95-4acd-b85a-802c030f8864","UNDE_027.mammalGrid.mam","D05","UNDE","UNDE_027","C5","distributed","deciduousForest",46.211194,-89.491388,"WGS84",45.2,517.2,0.2,"5 - capture","ShermanLF","2018-08-10","2018-08-10","NEON.MAM.D05.R4263",,"ZAHU","Zapus hudsonius","species",,,,,"N","F","N","released",,"adult",,"nonenlarged","not","neither",29,,,,20,"N","N","N",,,,"UNDE.20180810.R4263.B","D00000003333","mandibular",,,,"UNDE.20180810.R4263.E","D00000003358",,,,,,"jswenson@battelleecology.org","dsmith1@battelleecology.org",,,
"12a2d3b7-7644-4d7f-8d19-15d78db39c01","1383b11b-64bc-4103-bb40-919aaa46822f","UNDE_012.mammalGrid.mam","D05","UNDE","UNDE_012","B9","distributed","woodyWetlands",46.237255,-89.502396,"WGS84",45.2,522.2,0.3,"6 - trap set and empty","ShermanLF","2018-08-10","2018-08-10",,,,,,,,,,,,,,,,,,,,,,,,,,,,,,,,,,,,,,,,,,,,"aspink@neoninc.org","rchambliss@battelleecology.org",,,
"b02664a9-2227-4320-9056-ad8c60232f9e","d3c507fe-ee95-4acd-b85a-802c030f8864","UNDE_027.mammalGrid.mam","D05","UNDE","UNDE_027","H9","distributed","deciduousForest",46.211194,-89.491388,"WGS84",45.2,517.2,0.2,"5 - capture","ShermanLF","2018-08-10","2018-08-10","NEON.MAM.D05.R4830",,"PEMA","Peromyscus maniculatus","species",,,,,"N","F","N","released",,"subadult",,"nonenlarged","not","neither",19,18,,,12,"N","N","N",,,,"UNDE.20180810.R4830.B","D00000003458","mandibular",,,,,,,,,,,"jswenson@battelleecology.org","dsmith1@battelleecology.org",,,
"f2e99ff4-c66a-44a8-b613-2c1de3d22eb3","1383b11b-64bc-4103-bb40-919aaa46822f","UNDE_012.mammalGrid.mam","D05","UNDE","UNDE_012","E4","distributed","woodyWetlands",46.237255,-89.502396,"WGS84",45.2,522.2,0.3,"2 - trap disturbed/door closed but empty","ShermanLF","2018-08-10","2018-08-10",,,,,,,,,,,,,,,,,,,,,,,,,,,,,,,,,,,,,,,,,,,,"aspink@neoninc.org","rchambliss@battelleecology.org",,,
"31d7e2b7-2f0f-41bf-b040-67fc274e19b6","1383b11b-64bc-4103-bb40-919aaa46822f","UNDE_012.mammalGrid.mam","D05","UNDE","UNDE_012","H2","distributed","woodyWetlands",46.237255,-89.502396,"WGS84",45.2,522.2,0.3,"2 - trap disturbed/door closed but empty","ShermanLF","2018-08-10","2018-08-10",,,,,,,,,,,,,,,,,,,,,,,,,,,,,,,,,,,,,,,,,,,,"aspink@neoninc.org","rchambliss@battelleecology.org",,,
"7d825ade-9605-46ec-ac52-b979717c59af","1383b11b-64bc-4103-bb40-919aaa46822f","UNDE_012.mammalGrid.mam","D05","UNDE","UNDE_012","A2","distributed","woodyWetlands",46.237255,-89.502396,"WGS84",45.2,522.2,0.3,"5 - capture","ShermanLF","2018-08-10","2018-08-10","NEON.MAM.D05.R4146",,"PEMA","Peromyscus maniculatus","species",,,,,"N","M","Y","released",,"adult","scrotal",,,,21,18,,,23,"N","N","N",,,,,,,,,,,,,,,,,"aspink@neoninc.org","rchambliss@battelleecology.org",,,
"d3700fb7-23f8-4e8c-97ce-ee3e90f68615","1383b11b-64bc-4103-bb40-919aaa46822f","UNDE_012.mammalGrid.mam","D05","UNDE","UNDE_012","F6","distributed","woodyWetlands",46.237255,-89.502396,"WGS84",45.2,522.2,0.3,"6 - trap set and empty","ShermanLF","2018-08-10","2018-08-10",,,,,,,,,,,,,,,,,,,,,,,,,,,,,,,,,,,,,,,,,,,,"aspink@neoninc.org","rchambliss@battelleecology.org",,,
"399d3be4-8fba-4a95-88e8-681825fb3b38","d3c507fe-ee95-4acd-b85a-802c030f8864","UNDE_027.mammalGrid.mam","D05","UNDE","UNDE_027","H7","distributed","deciduousForest",46.211194,-89.491388,"WGS84",45.2,517.2,0.2,"6 - trap set and empty","ShermanLF","2018-08-10","2018-08-10",,,,,,,,,,,,,,,,,,,,,,,,,,,,,,,,,,,,,,,,,,,,"jswenson@battelleecology.org","dsmith1@battelleecology.org",,,
"2ed7f62e-7b1a-498a-95f9-b22e56d44d2f","d3c507fe-ee95-4acd-b85a-802c030f8864","UNDE_027.mammalGrid.mam","D05","UNDE","UNDE_027","I4","distributed","deciduousForest",46.211194,-89.491388,"WGS84",45.2,517.2,0.2,"5 - capture","ShermanLF","2018-08-10","2018-08-10","NEON.MAM.D05.L2833",,"PEMA","Peromyscus maniculatus","species","cf. species",,,,"N","M","Y","released",,"adult","scrotal",,,,20,17,,,22,"N","N","N",,,,"UNDE.20180810.L2833.B","D00000003568","mandibular",,,,,,,,,,,"jswenson@battelleecology.org","dsmith1@battelleecology.org",,,
"8af466d9-7ed0-46d7-b559-a4c448f2a9d0","d3c507fe-ee95-4acd-b85a-802c030f8864","UNDE_027.mammalGrid.mam","D05","UNDE","UNDE_027","D8","distributed","deciduousForest",46.211194,-89.491388,"WGS84",45.2,517.2,0.2,"3 - trap door open or closed w/ spoor left","ShermanLF","2018-08-10","2018-08-10",,,,,,,,,,,,,,,,,,,,,,,,,,,,,,,,,,,,,,,,,,,,"jswenson@battelleecology.org","dsmith1@battelleecology.org",,,
"4ed763c8-0b84-4eff-ba76-073a8612f066","d3c507fe-ee95-4acd-b85a-802c030f8864","UNDE_027.mammalGrid.mam","D05","UNDE","UNDE_027","B5","distributed","deciduousForest",46.211194,-89.491388,"WGS84",45.2,517.2,0.2,"5 - capture","ShermanLF","2018-08-10","2018-08-10","NEON.MAM.D05.R4472",,"PEMA","Peromyscus maniculatus","species",,,,,"N","M","Y","released","R3841","subadult","nonscrotal",,,,21,19,,,17,"N","N","N",,,,"UNDE.20180810.R4472.B","D00000003360","mandibular",,,,"UNDE.20180810.R4472.E","D00000003334",,,,,,"jswenson@battelleecology.org","dsmith1@battelleecology.org",,,
"db8081ca-dfc1-423c-ac4a-44738696f596","1383b11b-64bc-4103-bb40-919aaa46822f","UNDE_012.mammalGrid.mam","D05","UNDE","UNDE_012","I3","distributed","woodyWetlands",46.237255,-89.502396,"WGS84",45.2,522.2,0.3,"6 - trap set and empty","ShermanLF","2018-08-10","2018-08-10",,,,,,,,,,,,,,,,,,,,,,,,,,,,,,,,,,,,,,,,,,,,"aspink@neoninc.org","rchambliss@battelleecology.org",,,
"10715f34-c94c-41c1-9e8c-16cb12250991","d3c507fe-ee95-4acd-b85a-802c030f8864","UNDE_027.mammalGrid.mam","D05","UNDE","UNDE_027","C1","distributed","deciduousForest",46.211194,-89.491388,"WGS84",45.2,517.2,0.2,"5 - capture","ShermanLF","2018-08-10","2018-08-10","NEON.MAM.D05.R4595",,"ZAHU","Zapus hudsonius","species",,,,,"N","F","Y","released",,"adult",,"nonenlarged","not","neither",30,,,,16,"N","N","N",,,,,,,,,,"UNDE.20180810.R4595.E","D00000003353",,,,,,"jswenson@battelleecology.org","dsmith1@battelleecology.org",,,
"6aa533df-d968-489d-bb09-661141a507af","1383b11b-64bc-4103-bb40-919aaa46822f","UNDE_012.mammalGrid.mam","D05","UNDE","UNDE_012","H8","distributed","woodyWetlands",46.237255,-89.502396,"WGS84",45.2,522.2,0.3,"6 - trap set and empty","ShermanLF","2018-08-10","2018-08-10",,,,,,,,,,,,,,,,,,,,,,,,,,,,,,,,,,,,,,,,,,,,"aspink@neoninc.org","rchambliss@battelleecology.org",,,
"4b739200-5ec2-442e-a053-41978bead90a","1383b11b-64bc-4103-bb40-919aaa46822f","UNDE_012.mammalGrid.mam","D05","UNDE","UNDE_012","D7","distributed","woodyWetlands",46.237255,-89.502396,"WGS84",45.2,522.2,0.3,"6 - trap set and empty","ShermanLF","2018-08-10","2018-08-10",,,,,,,,,,,,,,,,,,,,,,,,,,,,,,,,,,,,,,,,,,,,"aspink@neoninc.org","rchambliss@battelleecology.org",,,
"d9c4865e-05ad-4201-bf9f-7b4485198864","1383b11b-64bc-4103-bb40-919aaa46822f","UNDE_012.mammalGrid.mam","D05","UNDE","UNDE_012","A6","distributed","woodyWetlands",46.237255,-89.502396,"WGS84",45.2,522.2,0.3,"6 - trap set and empty","ShermanLF","2018-08-10","2018-08-10",,,,,,,,,,,,,,,,,,,,,,,,,,,,,,,,,,,,,,,,,,,,"aspink@neoninc.org","rchambliss@battelleecology.org",,,
"bf864249-337b-4bc6-a460-4adc58654260","1383b11b-64bc-4103-bb40-919aaa46822f","UNDE_012.mammalGrid.mam","D05","UNDE","UNDE_012","C3","distributed","woodyWetlands",46.237255,-89.502396,"WGS84",45.2,522.2,0.3,"2 - trap disturbed/door closed but empty","ShermanLF","2018-08-10","2018-08-10",,,,,,,,,,,,,,,,,,,,,,,,,,,,,,,,,,,,,,,,,,,,"aspink@neoninc.org","rchambliss@battelleecology.org",,,
"e7bbb434-141c-437d-9f4f-e8c4fe21638c","d3c507fe-ee95-4acd-b85a-802c030f8864","UNDE_027.mammalGrid.mam","D05","UNDE","UNDE_027","F5","distributed","deciduousForest",46.211194,-89.491388,"WGS84",45.2,517.2,0.2,"5 - capture","ShermanLF","2018-08-10","2018-08-10","NEON.MAM.D05.R4110",,"PEMA","Peromyscus maniculatus","species",,,,,"N","F","N","released",,"subadult",,"nonenlarged","not","neither",20,18,,,14,"N","N","N",,,,"UNDE.20180810.R4110.B",,"mandibular",,,,,,,,,,,"jswenson@battelleecology.org","dsmith1@battelleecology.org",,,
"51515b6b-fe98-426d-80aa-5e57de59bf9b","1383b11b-64bc-4103-bb40-919aaa46822f","UNDE_012.mammalGrid.mam","D05","UNDE","UNDE_012","J10","distributed","woodyWetlands",46.237255,-89.502396,"WGS84",45.2,522.2,0.3,"5 - capture","ShermanLF","2018-08-10","2018-08-10","NEON.MAM.D05.R4553",,"NAIN","Napaeozapus insignis","species",,,,,"N","F","N","released",,"adult",,"nonenlarged","not","neither",30,,,,21,"N","N","N",,,,"UNDE.20180810.R4553.B","D00000003604","mandibular",,,,"UNDE.20180810.R4553.E","D00000003576",,,,,,"aspink@neoninc.org","rchambliss@battelleecology.org",,,
"56d24855-e6d3-4337-8523-e9eb536a1d21","1383b11b-64bc-4103-bb40-919aaa46822f","UNDE_012.mammalGrid.mam","D05","UNDE","UNDE_012","D1","distributed","woodyWetlands",46.237255,-89.502396,"WGS84",45.2,522.2,0.3,"3 - trap door open or closed w/ spoor left","ShermanLF","2018-08-10","2018-08-10",,,,,,,,,,,,,,,,,,,,,,,,,,,,,,,,,,,,,,,,,,,,"aspink@neoninc.org","rchambliss@battelleecology.org",,,
"f0ad6c5d-c792-4635-9057-a4510eca3f86","1383b11b-64bc-4103-bb40-919aaa46822f","UNDE_012.mammalGrid.mam","D05","UNDE","UNDE_012","I2","distributed","woodyWetlands",46.237255,-89.502396,"WGS84",45.2,522.2,0.3,"3 - trap door open or closed w/ spoor left","ShermanLF","2018-08-10","2018-08-10",,,,,,,,,,,,,,,,,,,,,,,,,,,,,,,,,,,,,,,,,,,,"aspink@neoninc.org","rchambliss@battelleecology.org",,,
"fef15969-c5e4-469c-aad6-07acc5a9982e","1383b11b-64bc-4103-bb40-919aaa46822f","UNDE_012.mammalGrid.mam","D05","UNDE","UNDE_012","J4","distributed","woodyWetlands",46.237255,-89.502396,"WGS84",45.2,522.2,0.3,"3 - trap door open or closed w/ spoor left","ShermanLF","2018-08-10","2018-08-10",,,,,,,,,,,,,,,,,,,,,,,,,,,,,,,,,,,,,,,,,,,,"aspink@neoninc.org","rchambliss@battelleecology.org",,,
"2d7bb6a4-03bc-4c4b-b293-f87da8b3c616","d3c507fe-ee95-4acd-b85a-802c030f8864","UNDE_027.mammalGrid.mam","D05","UNDE","UNDE_027","G7","distributed","deciduousForest",46.211194,-89.491388,"WGS84",45.2,517.2,0.2,"3 - trap door open or closed w/ spoor left","ShermanLF","2018-08-10","2018-08-10",,,,,,,,,,,,,,,,,,,,,,,,,,,,,,,,,,,,,,,,,,,,"jswenson@battelleecology.org","dsmith1@battelleecology.org",,,
"5a3ddbc9-0d59-4552-bf7f-e889677246de","1383b11b-64bc-4103-bb40-919aaa46822f","UNDE_012.mammalGrid.mam","D05","UNDE","UNDE_012","J7","distributed","woodyWetlands",46.237255,-89.502396,"WGS84",45.2,522.2,0.3,"6 - trap set and empty","ShermanLF","2018-08-10","2018-08-10",,,,,,,,,,,,,,,,,,,,,,,,,,,,,,,,,,,,,,,,,,,,"aspink@neoninc.org","rchambliss@battelleecology.org",,,
"4ee55dd3-010f-4277-95bf-d164f644d1b8","d3c507fe-ee95-4acd-b85a-802c030f8864","UNDE_027.mammalGrid.mam","D05","UNDE","UNDE_027","H8","distributed","deciduousForest",46.211194,-89.491388,"WGS84",45.2,517.2,0.2,"5 - capture","ShermanLF","2018-08-10","2018-08-10","NEON.MAM.D05.R4594",,"ZAHU","Zapus hudsonius","species",,,,,"N","F","N","released",,"subadult",,"nonenlarged","not","neither",30,,,,13,"N","N","N",,,,"UNDE.20180810.R4594.B","D00000003415","mandibular",,,,,,,,,,,"jswenson@battelleecology.org","dsmith1@battelleecology.org",,,
"d21a8c15-f475-4de2-b05b-fda59bec316c","1383b11b-64bc-4103-bb40-919aaa46822f","UNDE_012.mammalGrid.mam","D05","UNDE","UNDE_012","D8","distributed","woodyWetlands",46.237255,-89.502396,"WGS84",45.2,522.2,0.3,"3 - trap door open or closed w/ spoor left","ShermanLF","2018-08-10","2018-08-10",,,,,,,,,,,,,,,,,,,,,,,,,,,,,,,,,,,,,,,,,,,,"aspink@neoninc.org","rchambliss@battelleecology.org",,,
"3ba6bf9b-a8fc-43c1-9091-657024bd93a2","d3c507fe-ee95-4acd-b85a-802c030f8864","UNDE_027.mammalGrid.mam","D05","UNDE","UNDE_027","G6","distributed","deciduousForest",46.211194,-89.491388,"WGS84",45.2,517.2,0.2,"3 - trap door open or closed w/ spoor left","ShermanLF","2018-08-10","2018-08-10",,,,,,,,,,,,,,,,,,,,,,,,,,,,,,,,,,,,,,,,,,,,"jswenson@battelleecology.org","dsmith1@battelleecology.org",,,
"2a032bfb-ab8b-47eb-9944-b01a97c5668f","1383b11b-64bc-4103-bb40-919aaa46822f","UNDE_012.mammalGrid.mam","D05","UNDE","UNDE_012","C4","distributed","woodyWetlands",46.237255,-89.502396,"WGS84",45.2,522.2,0.3,"5 - capture","ShermanLF","2018-08-10","2018-08-10","NEON.MAM.D05.O012C420180810",,"BLBR","Blarina brevicauda","species",,,,"sex and reproductive conditions","N","M","N","dead",,"adult",,,,,,,,,,"U","U","U",,,,,,,,,,,,,,,"UNDE.20180810.O012C420180810.V","B00000021577","aspink@neoninc.org","rchambliss@battelleecology.org",,,
"c82d2ab4-d520-4bc7-934c-c558eff3cc21","1383b11b-64bc-4103-bb40-919aaa46822f","UNDE_012.mammalGrid.mam","D05","UNDE","UNDE_012","B1","distributed","woodyWetlands",46.237255,-89.502396,"WGS84",45.2,522.2,0.3,"6 - trap set and empty","ShermanLF","2018-08-10","2018-08-10",,,,,,,,,,,,,,,,,,,,,,,,,,,,,,,,,,,,,,,,,,,,"aspink@neoninc.org","rchambliss@battelleecology.org",,,
"e1dd5da2-7cf1-4d6a-aad0-8986692f2776","d3c507fe-ee95-4acd-b85a-802c030f8864","UNDE_027.mammalGrid.mam","D05","UNDE","UNDE_027","I8","distributed","deciduousForest",46.211194,-89.491388,"WGS84",45.2,517.2,0.2,"5 - capture","ShermanLF","2018-08-10","2018-08-10","NEON.MAM.D05.O027I820180810",,"BLBR","Blarina brevicauda","species",,,,"sex and reproductive conditions","N","M","Y","dead",,"adult",,,,,,,,,,"U","U","U",,,,,,,,,,,,,,,"UNDE.20180810.O027I820180810.V","B00000021579","jswenson@battelleecology.org","dsmith1@battelleecology.org",,,
"8ae89fb6-6662-43e9-95eb-bfb49a1662c2","d3c507fe-ee95-4acd-b85a-802c030f8864","UNDE_027.mammalGrid.mam","D05","UNDE","UNDE_027","G5","distributed","deciduousForest",46.211194,-89.491388,"WGS84",45.2,517.2,0.2,"5 - capture","ShermanLF","2018-08-10","2018-08-10","NEON.MAM.D05.R4465",,"PEMA","Peromyscus maniculatus","species",,,,,"N","M","Y","released",,"adult","scrotal",,,,21,19,,,26,"N","N","N",,,,,,,,,,,,,,,,,"jswenson@battelleecology.org","dsmith1@battelleecology.org",,,
"c35b59a6-ea74-4c8a-9e52-11010a9d8b09","d3c507fe-ee95-4acd-b85a-802c030f8864","UNDE_027.mammalGrid.mam","D05","UNDE","UNDE_027","F10","distributed","deciduousForest",46.211194,-89.491388,"WGS84",45.2,517.2,0.2,"5 - capture","ShermanLF","2018-08-10","2018-08-10","NEON.MAM.D05.R4740",,"PELE","Peromyscus leucopus","species","cf. species",,,,"N","M","Y","released",,"subadult",,,,,20,17,,,12,"N","N","N",,,,"UNDE.20180810.R4740.B","D00000003332","mandibular",,,,"UNDE.20180810.R4740.E","D00000003326","UNDE.20180810.R4740.H","B00000021399","hairAndWhisker",,,"jswenson@battelleecology.org","dsmith1@battelleecology.org",,,
"36fd4f86-b4ad-4d46-8eb0-a9f243b585e9","1383b11b-64bc-4103-bb40-919aaa46822f","UNDE_012.mammalGrid.mam","D05","UNDE","UNDE_012","G3","distributed","woodyWetlands",46.237255,-89.502396,"WGS84",45.2,522.2,0.3,"2 - trap disturbed/door closed but empty","ShermanLF","2018-08-10","2018-08-10",,,,,,,,,,,,,,,,,,,,,,,,,,,,,,,,,,,,,,,,,,,,"aspink@neoninc.org","rchambliss@battelleecology.org",,,
"849f3317-4d2b-4442-8ee1-d29acdbbe763","d3c507fe-ee95-4acd-b85a-802c030f8864","UNDE_027.mammalGrid.mam","D05","UNDE","UNDE_027","J7","distributed","deciduousForest",46.211194,-89.491388,"WGS84",45.2,517.2,0.2,"5 - capture","ShermanLF","2018-08-10","2018-08-10","NEON.MAM.D05.R4637",,"PEMA","Peromyscus maniculatus","species",,,,,"N","F","N","released",,"subadult",,"nonenlarged","not","neither",20,19,,,13,"N","N","N",,,,"UNDE.20180810.R4637.B","D00000003422","mandibular",,,,,,,,,,,"jswenson@battelleecology.org","dsmith1@battelleecology.org",,,
"1c237417-3869-4006-adaf-f97b2d2c6773","d3c507fe-ee95-4acd-b85a-802c030f8864","UNDE_027.mammalGrid.mam","D05","UNDE","UNDE_027","C10","distributed","deciduousForest",46.211194,-89.491388,"WGS84",45.2,517.2,0.2,"5 - capture","ShermanLF","2018-08-10","2018-08-10","NEON.MAM.D05.L4444",,"PELE","Peromyscus leucopus","species",,,,"taxonID confirmed","N","M","N","released",,"subadult","scrotal",,,,20,17,,,19,"N","N","N",,,,"UNDE.20180810.L4444.B","D00000003350","mandibular","UNDE.20180810.L4444.F","D00000003329","fresh","UNDE.20180810.L4444.E","D00000003336","UNDE.20180810.L4444.H","B00000021492","hairAndWhisker",,,"jswenson@battelleecology.org","dsmith1@battelleecology.org",,,
"4ff64d58-fe17-40ab-a27d-19deef91f958","d3c507fe-ee95-4acd-b85a-802c030f8864","UNDE_027.mammalGrid.mam","D05","UNDE","UNDE_027","E10","distributed","deciduousForest",46.211194,-89.491388,"WGS84",45.2,517.2,0.2,"5 - capture","ShermanLF","2018-08-10","2018-08-10","NEON.MAM.D05.R4499",,"PEMA","Peromyscus maniculatus","species",,,,,"N","F","Y","released",,"adult",,"nonenlarged","unknown","neither",21,19,,,24,"N","N","N",,,,,,,,,,,,,,,,,"jswenson@battelleecology.org","dsmith1@battelleecology.org",,,
"902bb098-7c03-4cf3-a74b-b431cc7c7a72","d3c507fe-ee95-4acd-b85a-802c030f8864","UNDE_027.mammalGrid.mam","D05","UNDE","UNDE_027","G2","distributed","deciduousForest",46.211194,-89.491388,"WGS84",45.2,517.2,0.2,"5 - capture","ShermanLF","2018-08-10","2018-08-10","NEON.MAM.D05.R4644",,"ZAHU","Zapus hudsonius","species",,,,,"N","F","N","released",,"adult",,"nonenlarged","not","neither",30,,,,17,"N","N","N",,,,"UNDE.20180810.R4644.B","D00000003433","mandibular",,,,,,,,,,,"jswenson@battelleecology.org","dsmith1@battelleecology.org",,,
"b9c6cbb3-4cd8-4ca3-889a-1ee44aac2de0","d3c507fe-ee95-4acd-b85a-802c030f8864","UNDE_027.mammalGrid.mam","D05","UNDE","UNDE_027","C4","distributed","deciduousForest",46.211194,-89.491388,"WGS84",45.2,517.2,0.2,"3 - trap door open or closed w/ spoor left","ShermanLF","2018-08-10","2018-08-10",,,,,,,,,,,,,,,,,,,,,,,,,,,,,,,,,,,,,,,,,,,,"jswenson@battelleecology.org","dsmith1@battelleecology.org",,,
"477cba65-c515-493c-86f2-54e64357f69c","1383b11b-64bc-4103-bb40-919aaa46822f","UNDE_012.mammalGrid.mam","D05","UNDE","UNDE_012","F8","distributed","woodyWetlands",46.237255,-89.502396,"WGS84",45.2,522.2,0.3,"2 - trap disturbed/door closed but empty","ShermanLF","2018-08-10","2018-08-10",,,,,,,,,,,,,,,,,,,,,,,,,,,,,,,,,,,,,,,,,,,,"aspink@neoninc.org","rchambliss@battelleecology.org",,,
"8ecb70b5-6fca-4c4f-86c6-9e331e122f35","1383b11b-64bc-4103-bb40-919aaa46822f","UNDE_012.mammalGrid.mam","D05","UNDE","UNDE_012","B5","distributed","woodyWetlands",46.237255,-89.502396,"WGS84",45.2,522.2,0.3,"3 - trap door open or closed w/ spoor left","ShermanLF","2018-08-10","2018-08-10",,,,,,,,,,,,,,,,,,,,,,,,,,,,,,,,,,,,,,,,,,,,"aspink@neoninc.org","rchambliss@battelleecology.org",,,
"6c201618-7773-4677-837f-9786ab723f05","d3c507fe-ee95-4acd-b85a-802c030f8864","UNDE_027.mammalGrid.mam","D05","UNDE","UNDE_027","I3","distributed","deciduousForest",46.211194,-89.491388,"WGS84",45.2,517.2,0.2,"3 - trap door open or closed w/ spoor left","ShermanLF","2018-08-10","2018-08-10",,,,,,,,,,,,,,,,,,,,,,,,,,,,,,,,,,,,,,,,,,,,"jswenson@battelleecology.org","dsmith1@battelleecology.org",,,
"54f544e2-2070-4363-b78c-953950aa42cb","1383b11b-64bc-4103-bb40-919aaa46822f","UNDE_012.mammalGrid.mam","D05","UNDE","UNDE_012","F3","distributed","woodyWetlands",46.237255,-89.502396,"WGS84",45.2,522.2,0.3,"6 - trap set and empty","ShermanLF","2018-08-10","2018-08-10",,,,,,,,,,,,,,,,,,,,,,,,,,,,,,,,,,,,,,,,,,,,"aspink@neoninc.org","rchambliss@battelleecology.org",,,
"fac71368-5928-4715-875d-9d64352a1634","d3c507fe-ee95-4acd-b85a-802c030f8864","UNDE_027.mammalGrid.mam","D05","UNDE","UNDE_027","B6","distributed","deciduousForest",46.211194,-89.491388,"WGS84",45.2,517.2,0.2,"3 - trap door open or closed w/ spoor left","ShermanLF","2018-08-10","2018-08-10",,,,,,,,,,,,,,,,,,,,,,,,,,,,,,,,,,,,,,,,,,,,"jswenson@battelleecology.org","dsmith1@battelleecology.org",,,
"eb172a72-2665-4ecd-8cb2-f16d1d8b3f84","1383b11b-64bc-4103-bb40-919aaa46822f","UNDE_012.mammalGrid.mam","D05","UNDE","UNDE_012","J9","distributed","woodyWetlands",46.237255,-89.502396,"WGS84",45.2,522.2,0.3,"5 - capture","ShermanLF","2018-08-10","2018-08-10","NEON.MAM.D05.R3189",,"NAIN","Napaeozapus insignis","species",,,,,"N","F","Y","released",,"adult",,"enlarged","pregnant","neither",30,,,,38,"N","N","N",,,,,,,,,,,,,,,,,"aspink@neoninc.org","rchambliss@battelleecology.org",,,
"ebd7fa1c-28a6-4782-adb5-c9df4b75da93","1383b11b-64bc-4103-bb40-919aaa46822f","UNDE_012.mammalGrid.mam","D05","UNDE","UNDE_012","B2","distributed","woodyWetlands",46.237255,-89.502396,"WGS84",45.2,522.2,0.3,"6 - trap set and empty","ShermanLF","2018-08-10","2018-08-10",,,,,,,,,,,,,,,,,,,,,,,,,,,,,,,,,,,,,,,,,,,,"aspink@neoninc.org","rchambliss@battelleecology.org",,,
"9196405b-9b4d-4045-af6b-3ddd06aa8944","1383b11b-64bc-4103-bb40-919aaa46822f","UNDE_012.mammalGrid.mam","D05","UNDE","UNDE_012","A8","distributed","woodyWetlands",46.237255,-89.502396,"WGS84",45.2,522.2,0.3,"3 - trap door open or closed w/ spoor left","ShermanLF","2018-08-10","2018-08-10",,,,,,,,,,,,,,,,,,,,,,,,,,,,,,,,,,,,,,,,,,,,"aspink@neoninc.org","rchambliss@battelleecology.org",,,
"2ba7c804-4f67-4cd4-98a3-c30d2c147f05","d3c507fe-ee95-4acd-b85a-802c030f8864","UNDE_027.mammalGrid.mam","D05","UNDE","UNDE_027","D7","distributed","deciduousForest",46.211194,-89.491388,"WGS84",45.2,517.2,0.2,"5 - capture","ShermanLF","2018-08-10","2018-08-10","NEON.MAM.D05.R4333",,"PELE","Peromyscus leucopus","species",,,,,"N","M","Y","released",,"adult","unknown",,,,22,16,,,26,"N","N","N",,,,,,,"UNDE.20180810.R4333.F","D00000003317","fresh",,,,,,,,"jswenson@battelleecology.org","dsmith1@battelleecology.org",,,
"094f2f9b-ef56-4bec-b79c-567c5aa993e5","d3c507fe-ee95-4acd-b85a-802c030f8864","UNDE_027.mammalGrid.mam","D05","UNDE","UNDE_027","A2","distributed","deciduousForest",46.211194,-89.491388,"WGS84",45.2,517.2,0.2,"5 - capture","ShermanLF","2018-08-10","2018-08-10","NEON.MAM.D05.O027A220180810",,"BLBR","Blarina brevicauda","species",,,,"sex and reproductive conditions","N","M","N","dead",,"adult",,,,,,,,,,"U","U","U",,,,,,,,,,,,,,,"UNDE.20180810.O027A220180810.V","B00000021576","jswenson@battelleecology.org","dsmith1@battelleecology.org",,,
"ee4abbbd-bfcc-4afd-9825-5f4a9e62de2d","1383b11b-64bc-4103-bb40-919aaa46822f","UNDE_012.mammalGrid.mam","D05","UNDE","UNDE_012","I6","distributed","woodyWetlands",46.237255,-89.502396,"WGS84",45.2,522.2,0.3,"3 - trap door open or closed w/ spoor left","ShermanLF","2018-08-10","2018-08-10",,,,,,,,,,,,,,,,,,,,,,,,,,,,,,,,,,,,,,,,,,,,"aspink@neoninc.org","rchambliss@battelleecology.org",,,
"33173213-5143-49ac-b957-189f87c831f6","d3c507fe-ee95-4acd-b85a-802c030f8864","UNDE_027.mammalGrid.mam","D05","UNDE","UNDE_027","E4","distributed","deciduousForest",46.211194,-89.491388,"WGS84",45.2,517.2,0.2,"3 - trap door open or closed w/ spoor left","ShermanLF","2018-08-10","2018-08-10",,,,,,,,,,,,,,,,,,,,,,,,,,,,,,,,,,,,,,,,,,,,"jswenson@battelleecology.org","dsmith1@battelleecology.org",,,
"c3f75bc7-54df-4def-ab79-b6b7cb45138f","d3c507fe-ee95-4acd-b85a-802c030f8864","UNDE_027.mammalGrid.mam","D05","UNDE","UNDE_027","G3","distributed","deciduousForest",46.211194,-89.491388,"WGS84",45.2,517.2,0.2,"3 - trap door open or closed w/ spoor left","ShermanLF","2018-08-10","2018-08-10",,,,,,,,,,,,,,,,,,,,,,,,,,,,,,,,,,,,,,,,,,,,"jswenson@battelleecology.org","dsmith1@battelleecology.org",,,
"233fb124-5bd8-4eaf-a6e5-ca3bb5d3e9ff","1383b11b-64bc-4103-bb40-919aaa46822f","UNDE_012.mammalGrid.mam","D05","UNDE","UNDE_012","G4","distributed","woodyWetlands",46.237255,-89.502396,"WGS84",45.2,522.2,0.3,"6 - trap set and empty","ShermanLF","2018-08-10","2018-08-10",,,,,,,,,,,,,,,,,,,,,,,,,,,,,,,,,,,,,,,,,,,,"aspink@neoninc.org","rchambliss@battelleecology.org",,,
"188bd391-9ed7-450a-b0b9-601a6829597e","d3c507fe-ee95-4acd-b85a-802c030f8864","UNDE_027.mammalGrid.mam","D05","UNDE","UNDE_027","E9","distributed","deciduousForest",46.211194,-89.491388,"WGS84",45.2,517.2,0.2,"3 - trap door open or closed w/ spoor left","ShermanLF","2018-08-10","2018-08-10",,,,,,,,,,,,,,,,,,,,,,,,,,,,,,,,,,,,,,,,,,,,"jswenson@battelleecology.org","dsmith1@battelleecology.org",,,
"64083127-4aee-4417-83a9-48cbb8ae421a","d3c507fe-ee95-4acd-b85a-802c030f8864","UNDE_027.mammalGrid.mam","D05","UNDE","UNDE_027","F7","distributed","deciduousForest",46.211194,-89.491388,"WGS84",45.2,517.2,0.2,"5 - capture","ShermanLF","2018-08-10","2018-08-10","NEON.MAM.D05.R4104",,"PEMA","Peromyscus maniculatus","species",,,,,"N","M","Y","released",,"adult","nonscrotal",,,,22,18,,,20,"N","N","N",,,,,,,,,,,,,,,,,"jswenson@battelleecology.org","dsmith1@battelleecology.org","TaxonID confirmed due to evidence from voucher review or genetic testing of tissue from individual with this tagID on different capture date.",,
"125d0b8c-ccff-4c18-b23c-93621204839b","d3c507fe-ee95-4acd-b85a-802c030f8864","UNDE_027.mammalGrid.mam","D05","UNDE","UNDE_027","I5","distributed","deciduousForest",46.211194,-89.491388,"WGS84",45.2,517.2,0.2,"5 - capture","ShermanLF","2018-08-10","2018-08-10","NEON.MAM.D05.R3834",,"PEMA","Peromyscus maniculatus","species",,,,,"N","F","Y","released",,"adult",,"nonenlarged","not","neither",20,18,,,16,"N","N","N",,,,,,,,,,,,,,,,,"jswenson@battelleecology.org","dsmith1@battelleecology.org",,,
"f840f1c1-9944-4fa5-9967-bf4f3c02928b","d3c507fe-ee95-4acd-b85a-802c030f8864","UNDE_027.mammalGrid.mam","D05","UNDE","UNDE_027","B9","distributed","deciduousForest",46.211194,-89.491388,"WGS84",45.2,517.2,0.2,"6 - trap set and empty","ShermanLF","2018-08-10","2018-08-10",,,,,,,,,,,,,,,,,,,,,,,,,,,,,,,,,,,,,,,,,,,,"jswenson@battelleecology.org","dsmith1@battelleecology.org",,,
"cb323420-1d5d-46a9-8a0d-15838789ea7d","1383b11b-64bc-4103-bb40-919aaa46822f","UNDE_012.mammalGrid.mam","D05","UNDE","UNDE_012","E2","distributed","woodyWetlands",46.237255,-89.502396,"WGS84",45.2,522.2,0.3,"6 - trap set and empty","ShermanLF","2018-08-10","2018-08-10",,,,,,,,,,,,,,,,,,,,,,,,,,,,,,,,,,,,,,,,,,,,"aspink@neoninc.org","rchambliss@battelleecology.org",,,
"72b8be52-c374-4fdc-98db-1902e0ab49be","1383b11b-64bc-4103-bb40-919aaa46822f","UNDE_012.mammalGrid.mam","D05","UNDE","UNDE_012","I10","distributed","woodyWetlands",46.237255,-89.502396,"WGS84",45.2,522.2,0.3,"5 - capture","ShermanLF","2018-08-10","2018-08-10","NEON.MAM.D05.R4552",,"ZAHU","Zapus hudsonius","species",,,,,"N","M","N","released",,"adult","nonscrotal",,,,31,,,,20,"N","N","N",,,,"UNDE.20180810.R4552.B","D00000003564","mandibular",,,,,,,,,,,"aspink@neoninc.org","rchambliss@battelleecology.org",,,
"e86c85e1-c51a-4ee3-826d-0ae519b4edb5","1383b11b-64bc-4103-bb40-919aaa46822f","UNDE_012.mammalGrid.mam","D05","UNDE","UNDE_012","I4","distributed","woodyWetlands",46.237255,-89.502396,"WGS84",45.2,522.2,0.3,"5 - capture","ShermanLF","2018-08-10","2018-08-10","NEON.MAM.D05.R4341",,"PEMA","Peromyscus maniculatus","species",,,,,"N","F","Y","released",,"adult",,"nonenlarged","not","neither",19,18,,,15,"N","N","N",,,,,,,,,,,,,,,,,"aspink@neoninc.org","rchambliss@battelleecology.org",,,
"1ab93d96-f7f7-435e-bf7c-b757050bc69a","d3c507fe-ee95-4acd-b85a-802c030f8864","UNDE_027.mammalGrid.mam","D05","UNDE","UNDE_027","A6","distributed","deciduousForest",46.211194,-89.491388,"WGS84",45.2,517.2,0.2,"2 - trap disturbed/door closed but empty","ShermanLF","2018-08-10","2018-08-10",,,,,,,,,,,,,,,,,,,,,,,,,,,,,,,,,,,,,,,,,,,,"jswenson@battelleecology.org","dsmith1@battelleecology.org",,,
"7c34453f-d875-4615-95dc-0be97c35b99c","d3c507fe-ee95-4acd-b85a-802c030f8864","UNDE_027.mammalGrid.mam","D05","UNDE","UNDE_027","J6","distributed","deciduousForest",46.211194,-89.491388,"WGS84",45.2,517.2,0.2,"5 - capture","ShermanLF","2018-08-10","2018-08-10","NEON.MAM.D05.R2216",,"NAIN","Napaeozapus insignis","species",,,,,"N","M","Y","released",,"adult","nonscrotal",,,,30,,,,31,"Y","N","N",,,,"UNDE.20180810.R2216.B","D00000003471","mandibular","UNDE.20180810.R2216.F","D00000003442","fresh",,,,,,,,"jswenson@battelleecology.org","dsmith1@battelleecology.org",,,
"64aae58b-50d0-4d60-b971-a63cd75b17ec","1383b11b-64bc-4103-bb40-919aaa46822f","UNDE_012.mammalGrid.mam","D05","UNDE","UNDE_012","J3","distributed","woodyWetlands",46.237255,-89.502396,"WGS84",45.2,522.2,0.3,"2 - trap disturbed/door closed but empty","ShermanLF","2018-08-10","2018-08-10",,,,,,,,,,,,,,,,,,,,,,,,,,,,,,,,,,,,,,,,,,,,"aspink@neoninc.org","rchambliss@battelleecology.org",,,
"5bdd8aa8-56d0-4fc8-a043-574632a8209c","1383b11b-64bc-4103-bb40-919aaa46822f","UNDE_012.mammalGrid.mam","D05","UNDE","UNDE_012","H7","distributed","woodyWetlands",46.237255,-89.502396,"WGS84",45.2,522.2,0.3,"3 - trap door open or closed w/ spoor left","ShermanLF","2018-08-10","2018-08-10",,,,,,,,,,,,,,,,,,,,,,,,,,,,,,,,,,,,,,,,,,,,"aspink@neoninc.org","rchambliss@battelleecology.org",,,
"b7dce36e-1dd2-4693-95c9-9ec3e87cba84","d3c507fe-ee95-4acd-b85a-802c030f8864","UNDE_027.mammalGrid.mam","D05","UNDE","UNDE_027","A3","distributed","deciduousForest",46.211194,-89.491388,"WGS84",45.2,517.2,0.2,"2 - trap disturbed/door closed but empty","ShermanLF","2018-08-10","2018-08-10",,,,,,,,,,,,,,,,,,,,,,,,,,,,,,,,,,,,,,,,,,,,"jswenson@battelleecology.org","dsmith1@battelleecology.org",,,
"e5bc96e0-0a6b-4e41-91ea-46902444784c","d3c507fe-ee95-4acd-b85a-802c030f8864","UNDE_027.mammalGrid.mam","D05","UNDE","UNDE_027","E2","distributed","deciduousForest",46.211194,-89.491388,"WGS84",45.2,517.2,0.2,"6 - trap set and empty","ShermanLF","2018-08-10","2018-08-10",,,,,,,,,,,,,,,,,,,,,,,,,,,,,,,,,,,,,,,,,,,,"jswenson@battelleecology.org","dsmith1@battelleecology.org",,,
"b784681c-8a11-445d-a197-3f34018fb25a","1383b11b-64bc-4103-bb40-919aaa46822f","UNDE_012.mammalGrid.mam","D05","UNDE","UNDE_012","H5","distributed","woodyWetlands",46.237255,-89.502396,"WGS84",45.2,522.2,0.3,"3 - trap door open or closed w/ spoor left","ShermanLF","2018-08-10","2018-08-10",,,,,,,,,,,,,,,,,,,,,,,,,,,,,,,,,,,,,,,,,,,,"aspink@neoninc.org","rchambliss@battelleecology.org",,,
"c021923a-d67e-4137-a0bc-c5afe460f650","d3c507fe-ee95-4acd-b85a-802c030f8864","UNDE_027.mammalGrid.mam","D05","UNDE","UNDE_027","B3","distributed","deciduousForest",46.211194,-89.491388,"WGS84",45.2,517.2,0.2,"3 - trap door open or closed w/ spoor left","ShermanLF","2018-08-10","2018-08-10",,,,,,,,,,,,,,,,,,,,,,,,,,,,,,,,,,,,,,,,,,,,"jswenson@battelleecology.org","dsmith1@battelleecology.org",,,
"9958ff59-c6c3-4eca-99df-a7f916dcba03","d3c507fe-ee95-4acd-b85a-802c030f8864","UNDE_027.mammalGrid.mam","D05","UNDE","UNDE_027","J8","distributed","deciduousForest",46.211194,-89.491388,"WGS84",45.2,517.2,0.2,"5 - capture","ShermanLF","2018-08-10","2018-08-10","NEON.MAM.D05.R4516",,"PEMA","Peromyscus maniculatus","species",,,,,"N","M","N","released",,"adult","nonscrotal",,,,21,19,,,16,"N","N","N",,,,"UNDE.20180810.R4516.B","D00000003461","mandibular",,,,,,,,,,,"jswenson@battelleecology.org","dsmith1@battelleecology.org",,,
"dcc65729-0b8a-45af-9c3c-261049bcd8cf","d3c507fe-ee95-4acd-b85a-802c030f8864","UNDE_027.mammalGrid.mam","D05","UNDE","UNDE_027","D2","distributed","deciduousForest",46.211194,-89.491388,"WGS84",45.2,517.2,0.2,"6 - trap set and empty","ShermanLF","2018-08-10","2018-08-10",,,,,,,,,,,,,,,,,,,,,,,,,,,,,,,,,,,,,,,,,,,,"jswenson@battelleecology.org","dsmith1@battelleecology.org",,,
"1464d4ed-bb50-4646-96d0-95cf4b2b7fd1","d3c507fe-ee95-4acd-b85a-802c030f8864","UNDE_027.mammalGrid.mam","D05","UNDE","UNDE_027","I1","distributed","deciduousForest",46.211194,-89.491388,"WGS84",45.2,517.2,0.2,"2 - trap disturbed/door closed but empty","ShermanLF","2018-08-10","2018-08-10",,,,,,,,,,,,,,,,,,,,,,,,,,,,,,,,,,,,,,,,,,,,"jswenson@battelleecology.org","dsmith1@battelleecology.org",,,
"87b6cbcb-c2b8-4e9d-9e6d-9cd44031000a","d3c507fe-ee95-4acd-b85a-802c030f8864","UNDE_027.mammalGrid.mam","D05","UNDE","UNDE_027","H4","distributed","deciduousForest",46.211194,-89.491388,"WGS84",45.2,517.2,0.2,"6 - trap set and empty","ShermanLF","2018-08-10","2018-08-10",,,,,,,,,,,,,,,,,,,,,,,,,,,,,,,,,,,,,,,,,,,,"jswenson@battelleecology.org","dsmith1@battelleecology.org",,,
"4b4034ee-8a2b-4634-9310-0c99ee29d3da","d3c507fe-ee95-4acd-b85a-802c030f8864","UNDE_027.mammalGrid.mam","D05","UNDE","UNDE_027","F4","distributed","deciduousForest",46.211194,-89.491388,"WGS84",45.2,517.2,0.2,"2 - trap disturbed/door closed but empty","ShermanLF","2018-08-10","2018-08-10",,,,,,,,,,,,,,,,,,,,,,,,,,,,,,,,,,,,,,,,,,,,"jswenson@battelleecology.org","dsmith1@battelleecology.org",,,
"35f1fdab-50ef-4a2f-84e3-64c39468942a","1383b11b-64bc-4103-bb40-919aaa46822f","UNDE_012.mammalGrid.mam","D05","UNDE","UNDE_012","F7","distributed","woodyWetlands",46.237255,-89.502396,"WGS84",45.2,522.2,0.3,"6 - trap set and empty","ShermanLF","2018-08-10","2018-08-10",,,,,,,,,,,,,,,,,,,,,,,,,,,,,,,,,,,,,,,,,,,,"aspink@neoninc.org","rchambliss@battelleecology.org",,,
"6d9395eb-8433-474e-a9db-2dbccc6dfc82","1383b11b-64bc-4103-bb40-919aaa46822f","UNDE_012.mammalGrid.mam","D05","UNDE","UNDE_012","A9","distributed","woodyWetlands",46.237255,-89.502396,"WGS84",45.2,522.2,0.3,"5 - capture","ShermanLF","2018-08-10","2018-08-10","NEON.MAM.D05.R4584",,"ZAHU","Zapus hudsonius","species",,,,,"N","F","N","released",,"adult",,"nonenlarged","not","neither",28,,,,19,"N","N","N",,,,"UNDE.20180810.R4584.B","D00000003413","mandibular",,,,,,,,,,,"aspink@neoninc.org","rchambliss@battelleecology.org",,,
"92e1b606-5f83-4736-9170-1357c315d93e","d3c507fe-ee95-4acd-b85a-802c030f8864","UNDE_027.mammalGrid.mam","D05","UNDE","UNDE_027","D3","distributed","deciduousForest",46.211194,-89.491388,"WGS84",45.2,517.2,0.2,"6 - trap set and empty","ShermanLF","2018-08-10","2018-08-10",,,,,,,,,,,,,,,,,,,,,,,,,,,,,,,,,,,,,,,,,,,,"jswenson@battelleecology.org","dsmith1@battelleecology.org",,,
"8773507f-7158-4768-bc79-b4500e6d1e6d","d3c507fe-ee95-4acd-b85a-802c030f8864","UNDE_027.mammalGrid.mam","D05","UNDE","UNDE_027","D4","distributed","deciduousForest",46.211194,-89.491388,"WGS84",45.2,517.2,0.2,"6 - trap set and empty","ShermanLF","2018-08-10","2018-08-10",,,,,,,,,,,,,,,,,,,,,,,,,,,,,,,,,,,,,,,,,,,,"jswenson@battelleecology.org","dsmith1@battelleecology.org",,,
"b3a45541-c9ca-4ec1-b8a1-b9b027f79305","1383b11b-64bc-4103-bb40-919aaa46822f","UNDE_012.mammalGrid.mam","D05","UNDE","UNDE_012","E1","distributed","woodyWetlands",46.237255,-89.502396,"WGS84",45.2,522.2,0.3,"6 - trap set and empty","ShermanLF","2018-08-10","2018-08-10",,,,,,,,,,,,,,,,,,,,,,,,,,,,,,,,,,,,,,,,,,,,"aspink@neoninc.org","rchambliss@battelleecology.org",,,
"0dabc9ae-bc4c-4e85-b464-9f3d5e14ae5f","d3c507fe-ee95-4acd-b85a-802c030f8864","UNDE_027.mammalGrid.mam","D05","UNDE","UNDE_027","I2","distributed","deciduousForest",46.211194,-89.491388,"WGS84",45.2,517.2,0.2,"5 - capture","ShermanLF","2018-08-10","2018-08-10","NEON.MAM.D05.R4521",,"PEMA","Peromyscus maniculatus","species",,,,,"N","M","Y","released",,"adult","nonscrotal",,,,22,18,,,17,"N","N","N",,,,,,,,,,,,,,,,,"jswenson@battelleecology.org","dsmith1@battelleecology.org",,,
"e70ff08c-b910-42dc-ac4c-14049ba01d1f","1383b11b-64bc-4103-bb40-919aaa46822f","UNDE_012.mammalGrid.mam","D05","UNDE","UNDE_012","G1","distributed","woodyWetlands",46.237255,-89.502396,"WGS84",45.2,522.2,0.3,"5 - capture","ShermanLF","2018-08-10","2018-08-10","NEON.MAM.D05.O012G120180810",,"GLSA","Glaucomys sabrinus","species",,,,,"N","U","U","not processed",,"adult",,,,,,,,,,"U","U","U",,,,,,,,,,,,,,,,,"aspink@neoninc.org","rchambliss@battelleecology.org",,,
"06ef0da2-e4ce-44e2-8500-5035abcc6c2b","d3c507fe-ee95-4acd-b85a-802c030f8864","UNDE_027.mammalGrid.mam","D05","UNDE","UNDE_027","J10","distributed","deciduousForest",46.211194,-89.491388,"WGS84",45.2,517.2,0.2,"5 - capture","ShermanLF","2018-08-10","2018-08-10","NEON.MAM.D05.R3740",,"PELE","Peromyscus leucopus","species","cf. species",,,,"N","F","Y","released",,"adult",,"enlarged","not","neither",21,17,,,25,"N","N","N",,,,,,,"UNDE.20180810.R3740.F","D00000003447","fresh",,,,,,,,"jswenson@battelleecology.org","dsmith1@battelleecology.org",,,
"4b91b2f6-3445-4119-a679-38b877af4fa8","1383b11b-64bc-4103-bb40-919aaa46822f","UNDE_012.mammalGrid.mam","D05","UNDE","UNDE_012","C5","distributed","woodyWetlands",46.237255,-89.502396,"WGS84",45.2,522.2,0.3,"2 - trap disturbed/door closed but empty","ShermanLF","2018-08-10","2018-08-10",,,,,,,,,,,,,,,,,,,,,,,,,,,,,,,,,,,,,,,,,,,,"aspink@neoninc.org","rchambliss@battelleecology.org",,,
"d12c734d-ea2f-46a2-9433-c9861bb31618","1383b11b-64bc-4103-bb40-919aaa46822f","UNDE_012.mammalGrid.mam","D05","UNDE","UNDE_012","E10","distributed","woodyWetlands",46.237255,-89.502396,"WGS84",45.2,522.2,0.3,"6 - trap set and empty","ShermanLF","2018-08-10","2018-08-10",,,,,,,,,,,,,,,,,,,,,,,,,,,,,,,,,,,,,,,,,,,,"aspink@neoninc.org","rchambliss@battelleecology.org",,,
"b476e13c-5b35-4321-8e3d-ebfe8e30b0eb","1383b11b-64bc-4103-bb40-919aaa46822f","UNDE_012.mammalGrid.mam","D05","UNDE","UNDE_012","I1","distributed","woodyWetlands",46.237255,-89.502396,"WGS84",45.2,522.2,0.3,"6 - trap set and empty","ShermanLF","2018-08-10","2018-08-10",,,,,,,,,,,,,,,,,,,,,,,,,,,,,,,,,,,,,,,,,,,,"aspink@neoninc.org","rchambliss@battelleecology.org",,,
"8197403f-fa1b-4cff-a026-e6d223392d33","d3c507fe-ee95-4acd-b85a-802c030f8864","UNDE_027.mammalGrid.mam","D05","UNDE","UNDE_027","C3","distributed","deciduousForest",46.211194,-89.491388,"WGS84",45.2,517.2,0.2,"6 - trap set and empty","ShermanLF","2018-08-10","2018-08-10",,,,,,,,,,,,,,,,,,,,,,,,,,,,,,,,,,,,,,,,,,,,"jswenson@battelleecology.org","dsmith1@battelleecology.org",,,
"30f27f29-e84d-4847-842d-320b160bba6c","d3c507fe-ee95-4acd-b85a-802c030f8864","UNDE_027.mammalGrid.mam","D05","UNDE","UNDE_027","B8","distributed","deciduousForest",46.211194,-89.491388,"WGS84",45.2,517.2,0.2,"3 - trap door open or closed w/ spoor left","ShermanLF","2018-08-10","2018-08-10",,,,,,,,,,,,,,,,,,,,,,,,,,,,,,,,,,,,,,,,,,,,"jswenson@battelleecology.org","dsmith1@battelleecology.org",,,
"567a046e-8bc3-44be-9d29-48606c011af7","d3c507fe-ee95-4acd-b85a-802c030f8864","UNDE_027.mammalGrid.mam","D05","UNDE","UNDE_027","H3","distributed","deciduousForest",46.211194,-89.491388,"WGS84",45.2,517.2,0.2,"3 - trap door open or closed w/ spoor left","ShermanLF","2018-08-10","2018-08-10",,,,,,,,,,,,,,,,,,,,,,,,,,,,,,,,,,,,,,,,,,,,"jswenson@battelleecology.org","dsmith1@battelleecology.org",,,
"6593b3cf-6546-4960-bd19-f7c45f9202af","d3c507fe-ee95-4acd-b85a-802c030f8864","UNDE_027.mammalGrid.mam","D05","UNDE","UNDE_027","F6","distributed","deciduousForest",46.211194,-89.491388,"WGS84",45.2,517.2,0.2,"6 - trap set and empty","ShermanLF","2018-08-10","2018-08-10",,,,,,,,,,,,,,,,,,,,,,,,,,,,,,,,,,,,,,,,,,,,"jswenson@battelleecology.org","dsmith1@battelleecology.org",,,
"f828b706-2a2e-4f69-ad4a-85eb0b8d7f22","1383b11b-64bc-4103-bb40-919aaa46822f","UNDE_012.mammalGrid.mam","D05","UNDE","UNDE_012","G8","distributed","woodyWetlands",46.237255,-89.502396,"WGS84",45.2,522.2,0.3,"2 - trap disturbed/door closed but empty","ShermanLF","2018-08-10","2018-08-10",,,,,,,,,,,,,,,,,,,,,,,,,,,,,,,,,,,,,,,,,,,,"aspink@neoninc.org","rchambliss@battelleecology.org",,,
"3f195ef0-db98-4d15-843e-356744359c0a","1383b11b-64bc-4103-bb40-919aaa46822f","UNDE_012.mammalGrid.mam","D05","UNDE","UNDE_012","C9","distributed","woodyWetlands",46.237255,-89.502396,"WGS84",45.2,522.2,0.3,"2 - trap disturbed/door closed but empty","ShermanLF","2018-08-10","2018-08-10",,,,,,,,,,,,,,,,,,,,,,,,,,,,,,,,,,,,,,,,,,,,"aspink@neoninc.org","rchambliss@battelleecology.org",,,
"7a3e63a6-c62b-41b7-858f-e2373166fd1a","d3c507fe-ee95-4acd-b85a-802c030f8864","UNDE_027.mammalGrid.mam","D05","UNDE","UNDE_027","G4","distributed","deciduousForest",46.211194,-89.491388,"WGS84",45.2,517.2,0.2,"3 - trap door open or closed w/ spoor left","ShermanLF","2018-08-10","2018-08-10",,,,,,,,,,,,,,,,,,,,,,,,,,,,,,,,,,,,,,,,,,,,"jswenson@battelleecology.org","dsmith1@battelleecology.org",,,
"15a94dca-567e-4a1a-aa98-9dc1f79ca524","1383b11b-64bc-4103-bb40-919aaa46822f","UNDE_012.mammalGrid.mam","D05","UNDE","UNDE_012","E5","distributed","woodyWetlands",46.237255,-89.502396,"WGS84",45.2,522.2,0.3,"6 - trap set and empty","ShermanLF","2018-08-10","2018-08-10",,,,,,,,,,,,,,,,,,,,,,,,,,,,,,,,,,,,,,,,,,,,"aspink@neoninc.org","rchambliss@battelleecology.org",,,
"2378fa6c-33a2-40af-9013-e28f1e429a5a","d3c507fe-ee95-4acd-b85a-802c030f8864","UNDE_027.mammalGrid.mam","D05","UNDE","UNDE_027","E6","distributed","deciduousForest",46.211194,-89.491388,"WGS84",45.2,517.2,0.2,"3 - trap door open or closed w/ spoor left","ShermanLF","2018-08-10","2018-08-10",,,,,,,,,,,,,,,,,,,,,,,,,,,,,,,,,,,,,,,,,,,,"jswenson@battelleecology.org","dsmith1@battelleecology.org",,,
"c3d03fa7-8097-446f-bc48-18632f49d52e","1383b11b-64bc-4103-bb40-919aaa46822f","UNDE_012.mammalGrid.mam","D05","UNDE","UNDE_012","G10","distributed","woodyWetlands",46.237255,-89.502396,"WGS84",45.2,522.2,0.3,"6 - trap set and empty","ShermanLF","2018-08-10","2018-08-10",,,,,,,,,,,,,,,,,,,,,,,,,,,,,,,,,,,,,,,,,,,,"aspink@neoninc.org","rchambliss@battelleecology.org",,,
"aac13bb7-094c-4147-b90a-e3ab582d9394","d3c507fe-ee95-4acd-b85a-802c030f8864","UNDE_027.mammalGrid.mam","D05","UNDE","UNDE_027","D9","distributed","deciduousForest",46.211194,-89.491388,"WGS84",45.2,517.2,0.2,"6 - trap set and empty","ShermanLF","2018-08-10","2018-08-10",,,,,,,,,,,,,,,,,,,,,,,,,,,,,,,,,,,,,,,,,,,,"jswenson@battelleecology.org","dsmith1@battelleecology.org",,,
"fd4994f7-6605-4fe2-9c62-3ebec0b1bbd6","1383b11b-64bc-4103-bb40-919aaa46822f","UNDE_012.mammalGrid.mam","D05","UNDE","UNDE_012","B3","distributed","woodyWetlands",46.237255,-89.502396,"WGS84",45.2,522.2,0.3,"3 - trap door open or closed w/ spoor left","ShermanLF","2018-08-10","2018-08-10",,,,,,,,,,,,,,,,,,,,,,,,,,,,,,,,,,,,,,,,,,,,"aspink@neoninc.org","rchambliss@battelleecology.org",,,
"7c58be1f-bbfc-4564-92d3-a6d3842a4f5d","1383b11b-64bc-4103-bb40-919aaa46822f","UNDE_012.mammalGrid.mam","D05","UNDE","UNDE_012","B8","distributed","woodyWetlands",46.237255,-89.502396,"WGS84",45.2,522.2,0.3,"6 - trap set and empty","ShermanLF","2018-08-10","2018-08-10",,,,,,,,,,,,,,,,,,,,,,,,,,,,,,,,,,,,,,,,,,,,"aspink@neoninc.org","rchambliss@battelleecology.org",,,
"d91db852-023d-44ac-a482-5afd23293616","1383b11b-64bc-4103-bb40-919aaa46822f","UNDE_012.mammalGrid.mam","D05","UNDE","UNDE_012","A3","distributed","woodyWetlands",46.237255,-89.502396,"WGS84",45.2,522.2,0.3,"6 - trap set and empty","ShermanLF","2018-08-10","2018-08-10",,,,,,,,,,,,,,,,,,,,,,,,,,,,,,,,,,,,,,,,,,,,"aspink@neoninc.org","rchambliss@battelleecology.org",,,
"7df2b302-d94b-407d-b722-75c1fe76e774","1383b11b-64bc-4103-bb40-919aaa46822f","UNDE_012.mammalGrid.mam","D05","UNDE","UNDE_012","H10","distributed","woodyWetlands",46.237255,-89.502396,"WGS84",45.2,522.2,0.3,"6 - trap set and empty","ShermanLF","2018-08-10","2018-08-10",,,,,,,,,,,,,,,,,,,,,,,,,,,,,,,,,,,,,,,,,,,,"aspink@neoninc.org","rchambliss@battelleecology.org",,,
"df62b099-c728-4ada-b664-7016f96ee1a4","d3c507fe-ee95-4acd-b85a-802c030f8864","UNDE_027.mammalGrid.mam","D05","UNDE","UNDE_027","G8","distributed","deciduousForest",46.211194,-89.491388,"WGS84",45.2,517.2,0.2,"5 - capture","ShermanLF","2018-08-10","2018-08-10","NEON.MAM.D05.R4513",,"ZAHU","Zapus hudsonius","species",,,,,"N","F","N","released",,"adult",,"nonenlarged","not","neither",29,,,,18,"N","N","N",,,,"UNDE.20180810.R4513.B","D00000003452","mandibular",,,,,,,,,,,"jswenson@battelleecology.org","dsmith1@battelleecology.org",,,
"a738e6c4-0772-47cc-924b-ce3cdba55d71","1383b11b-64bc-4103-bb40-919aaa46822f","UNDE_012.mammalGrid.mam","D05","UNDE","UNDE_012","J1","distributed","woodyWetlands",46.237255,-89.502396,"WGS84",45.2,522.2,0.3,"2 - trap disturbed/door closed but empty","ShermanLF","2018-08-10","2018-08-10",,,,,,,,,,,,,,,,,,,,,,,,,,,,,,,,,,,,,,,,,,,,"aspink@neoninc.org","rchambliss@battelleecology.org",,,
"b962fccf-104c-42bd-910f-783f6772ed8e","1383b11b-64bc-4103-bb40-919aaa46822f","UNDE_012.mammalGrid.mam","D05","UNDE","UNDE_012","H1","distributed","woodyWetlands",46.237255,-89.502396,"WGS84",45.2,522.2,0.3,"2 - trap disturbed/door closed but empty","ShermanLF","2018-08-10","2018-08-10",,,,,,,,,,,,,,,,,,,,,,,,,,,,,,,,,,,,,,,,,,,,"aspink@neoninc.org","rchambliss@battelleecology.org",,,
"c2f2ad2c-d490-4f0c-baa1-30a42046e136","d3c507fe-ee95-4acd-b85a-802c030f8864","UNDE_027.mammalGrid.mam","D05","UNDE","UNDE_027","B4","distributed","deciduousForest",46.211194,-89.491388,"WGS84",45.2,517.2,0.2,"5 - capture","ShermanLF","2018-08-10","2018-08-10","NEON.MAM.D05.R3758",,"PEMA","Peromyscus maniculatus","species",,,,,"N","F","Y","released",,"adult",,"enlarged","not","neither",22,19,,,29,"N","N","N",,,,,,,,,,,,,,,,,"jswenson@battelleecology.org","dsmith1@battelleecology.org",,,
"1e721056-b627-48f4-be24-ff2d061c9e66","d3c507fe-ee95-4acd-b85a-802c030f8864","UNDE_027.mammalGrid.mam","D05","UNDE","UNDE_027","I7","distributed","deciduousForest",46.211194,-89.491388,"WGS84",45.2,517.2,0.2,"5 - capture","ShermanLF","2018-08-10","2018-08-10","NEON.MAM.D05.R4524",,"PEMA","Peromyscus maniculatus","species",,,,,"N","M","Y","released",,"adult","nonscrotal",,,,20,18,,,16,"N","N","N",,,,,,,,,,,,,,,,,"jswenson@battelleecology.org","dsmith1@battelleecology.org",,,
"f6a67fe7-61f2-4acf-902c-c0062f01799b","d3c507fe-ee95-4acd-b85a-802c030f8864","UNDE_027.mammalGrid.mam","D05","UNDE","UNDE_027","B7","distributed","deciduousForest",46.211194,-89.491388,"WGS84",45.2,517.2,0.2,"3 - trap door open or closed w/ spoor left","ShermanLF","2018-08-10","2018-08-10",,,,,,,,,,,,,,,,,,,,,,,,,,,,,,,,,,,,,,,,,,,,"jswenson@battelleecology.org","dsmith1@battelleecology.org",,,
"6651c0ee-d46e-4a8f-8a14-456f51cf8cf0","d3c507fe-ee95-4acd-b85a-802c030f8864","UNDE_027.mammalGrid.mam","D05","UNDE","UNDE_027","C6","distributed","deciduousForest",46.211194,-89.491388,"WGS84",45.2,517.2,0.2,"5 - capture","ShermanLF","2018-08-10","2018-08-10","NEON.MAM.D05.R4451",,"ZAHU","Zapus hudsonius","species",,,,,"N","F","N","released",,"adult",,"nonenlarged","not","neither",29,,,,17,"N","N","N",,,,"UNDE.20180810.R4451.B","D00000003342","mandibular - QNS",,,,"UNDE.20180810.R4451.E","D00000003321",,,,,,"jswenson@battelleecology.org","dsmith1@battelleecology.org",,,
"37293ed0-c9c1-423b-8d55-a4ec6f315d98","d3c507fe-ee95-4acd-b85a-802c030f8864","UNDE_027.mammalGrid.mam","D05","UNDE","UNDE_027","A7","distributed","deciduousForest",46.211194,-89.491388,"WGS84",45.2,517.2,0.2,"2 - trap disturbed/door closed but empty","ShermanLF","2018-08-10","2018-08-10",,,,,,,,,,,,,,,,,,,,,,,,,,,,,,,,,,,,,,,,,,,,"jswenson@battelleecology.org","dsmith1@battelleecology.org",,,
"019c2342-33bf-466a-8eed-8d2c0cd87eb1","1383b11b-64bc-4103-bb40-919aaa46822f","UNDE_012.mammalGrid.mam","D05","UNDE","UNDE_012","B10","distributed","woodyWetlands",46.237255,-89.502396,"WGS84",45.2,522.2,0.3,"3 - trap door open or closed w/ spoor left","ShermanLF","2018-08-10","2018-08-10",,,,,,,,,,,,,,,,,,,,,,,,,,,,,,,,,,,,,,,,,,,,"aspink@neoninc.org","rchambliss@battelleecology.org",,,
"2c0c1b5b-34cf-47de-a7c1-2ce3babdd53a","d3c507fe-ee95-4acd-b85a-802c030f8864","UNDE_027.mammalGrid.mam","D05","UNDE","UNDE_027","J5","distributed","deciduousForest",46.211194,-89.491388,"WGS84",45.2,517.2,0.2,"6 - trap set and empty","ShermanLF","2018-08-10","2018-08-10",,,,,,,,,,,,,,,,,,,,,,,,,,,,,,,,,,,,,,,,,,,,"jswenson@battelleecology.org","dsmith1@battelleecology.org",,,
"e2cb6fd8-934f-4a65-b16b-ccf0e26ad694","1383b11b-64bc-4103-bb40-919aaa46822f","UNDE_012.mammalGrid.mam","D05","UNDE","UNDE_012","A7","distributed","woodyWetlands",46.237255,-89.502396,"WGS84",45.2,522.2,0.3,"5 - capture","ShermanLF","2018-08-10","2018-08-10","NEON.MAM.D05.L4621",,"NAIN","Napaeozapus insignis","species",,,,,"N","F","Y","released",,"adult",,"nonenlarged","not","neither",28,,,,30,"N","N","N",,,,,,,,,,,,,,,,,"aspink@neoninc.org","rchambliss@battelleecology.org",,,
"3493d610-eac3-468d-95a6-61717590c8fd","1383b11b-64bc-4103-bb40-919aaa46822f","UNDE_012.mammalGrid.mam","D05","UNDE","UNDE_012","J5","distributed","woodyWetlands",46.237255,-89.502396,"WGS84",45.2,522.2,0.3,"3 - trap door open or closed w/ spoor left","ShermanLF","2018-08-10","2018-08-10",,,,,,,,,,,,,,,,,,,,,,,,,,,,,,,,,,,,,,,,,,,,"aspink@neoninc.org","rchambliss@battelleecology.org",,,
"8ae4f482-f670-4e69-bd58-1284c801528b","d3c507fe-ee95-4acd-b85a-802c030f8864","UNDE_027.mammalGrid.mam","D05","UNDE","UNDE_027","D6","distributed","deciduousForest",46.211194,-89.491388,"WGS84",45.2,517.2,0.2,"6 - trap set and empty","ShermanLF","2018-08-10","2018-08-10",,,,,,,,,,,,,,,,,,,,,,,,,,,,,,,,,,,,,,,,,,,,"jswenson@battelleecology.org","dsmith1@battelleecology.org",,,
"baf71009-9f5d-4c58-b4cb-e90035eff9a6","d3c507fe-ee95-4acd-b85a-802c030f8864","UNDE_027.mammalGrid.mam","D05","UNDE","UNDE_027","F3","distributed","deciduousForest",46.211194,-89.491388,"WGS84",45.2,517.2,0.2,"6 - trap set and empty","ShermanLF","2018-08-10","2018-08-10",,,,,,,,,,,,,,,,,,,,,,,,,,,,,,,,,,,,,,,,,,,,"jswenson@battelleecology.org","dsmith1@battelleecology.org",,,
"0918c9a9-dff7-4c91-825b-125f7a2bfbb2","1383b11b-64bc-4103-bb40-919aaa46822f","UNDE_012.mammalGrid.mam","D05","UNDE","UNDE_012","F2","distributed","woodyWetlands",46.237255,-89.502396,"WGS84",45.2,522.2,0.3,"6 - trap set and empty","ShermanLF","2018-08-10","2018-08-10",,,,,,,,,,,,,,,,,,,,,,,,,,,,,,,,,,,,,,,,,,,,"aspink@neoninc.org","rchambliss@battelleecology.org",,,
"a58c3205-450e-4712-9225-df1b4abaab5e","d3c507fe-ee95-4acd-b85a-802c030f8864","UNDE_027.mammalGrid.mam","D05","UNDE","UNDE_027","E7","distributed","deciduousForest",46.211194,-89.491388,"WGS84",45.2,517.2,0.2,"6 - trap set and empty","ShermanLF","2018-08-10","2018-08-10",,,,,,,,,,,,,,,,,,,,,,,,,,,,,,,,,,,,,,,,,,,,"jswenson@battelleecology.org","dsmith1@battelleecology.org",,,
"5a59ab5f-b73e-4703-8731-54b7e09119c1","1383b11b-64bc-4103-bb40-919aaa46822f","UNDE_012.mammalGrid.mam","D05","UNDE","UNDE_012","E7","distributed","woodyWetlands",46.237255,-89.502396,"WGS84",45.2,522.2,0.3,"6 - trap set and empty","ShermanLF","2018-08-10","2018-08-10",,,,,,,,,,,,,,,,,,,,,,,,,,,,,,,,,,,,,,,,,,,,"aspink@neoninc.org","rchambliss@battelleecology.org",,,
"83d4026b-141c-45e3-9645-30969ce72ed1","1383b11b-64bc-4103-bb40-919aaa46822f","UNDE_012.mammalGrid.mam","D05","UNDE","UNDE_012","C7","distributed","woodyWetlands",46.237255,-89.502396,"WGS84",45.2,522.2,0.3,"6 - trap set and empty","ShermanLF","2018-08-10","2018-08-10",,,,,,,,,,,,,,,,,,,,,,,,,,,,,,,,,,,,,,,,,,,,"aspink@neoninc.org","rchambliss@battelleecology.org",,,
"bf6da71a-410d-4122-bf33-e7e5b78ba634","d3c507fe-ee95-4acd-b85a-802c030f8864","UNDE_027.mammalGrid.mam","D05","UNDE","UNDE_027","A4","distributed","deciduousForest",46.211194,-89.491388,"WGS84",45.2,517.2,0.2,"2 - trap disturbed/door closed but empty","ShermanLF","2018-08-10","2018-08-10",,,,,,,,,,,,,,,,,,,,,,,,,,,,,,,,,,,,,,,,,,,,"jswenson@battelleecology.org","dsmith1@battelleecology.org",,,
"e53617e0-ea95-457a-a4d0-63cdee141eb3","1383b11b-64bc-4103-bb40-919aaa46822f","UNDE_012.mammalGrid.mam","D05","UNDE","UNDE_012","C6","distributed","woodyWetlands",46.237255,-89.502396,"WGS84",45.2,522.2,0.3,"5 - capture","ShermanLF","2018-08-10","2018-08-10","NEON.MAM.D05.R4414",,"ZAHU","Zapus hudsonius","species","cf. genus",,,,"N","M","Y","released",,"adult","nonscrotal",,,,31,,,,29,"N","N","N",,,,,,,,,,,,,,,,,"aspink@neoninc.org","rchambliss@battelleecology.org",,,
"55a9ac10-f130-4e62-8307-2dd91585354f","d3c507fe-ee95-4acd-b85a-802c030f8864","UNDE_027.mammalGrid.mam","D05","UNDE","UNDE_027","B2","distributed","deciduousForest",46.211194,-89.491388,"WGS84",45.2,517.2,0.2,"6 - trap set and empty","ShermanLF","2018-08-10","2018-08-10",,,,,,,,,,,,,,,,,,,,,,,,,,,,,,,,,,,,,,,,,,,,"jswenson@battelleecology.org","dsmith1@battelleecology.org",,,
"30c128c2-706a-4f34-9e68-64ae40d35260","1383b11b-64bc-4103-bb40-919aaa46822f","UNDE_012.mammalGrid.mam","D05","UNDE","UNDE_012","A10","distributed","woodyWetlands",46.237255,-89.502396,"WGS84",45.2,522.2,0.3,"5 - capture","ShermanLF","2018-08-10","2018-08-10","NEON.MAM.D05.R4585",,"ZAHU","Zapus hudsonius","species",,,,"sex confirmed","N","M","N","dead",,"adult","nonscrotal",,,,,,,,,"U","U","U",,,,"UNDE.20180810.R4585.B","D00000003593","mandibular","UNDE.20180810.R4585.F","D00000003605","fresh",,,,,,"UNDE.20180810.R4585.V","B00000021580","aspink@neoninc.org","rchambliss@battelleecology.org",,,
"8e615650-c95a-43e3-a7e4-57f71a308703","d3c507fe-ee95-4acd-b85a-802c030f8864","UNDE_027.mammalGrid.mam","D05","UNDE","UNDE_027","E8","distributed","deciduousForest",46.211194,-89.491388,"WGS84",45.2,517.2,0.2,"5 - capture","ShermanLF","2018-08-10","2018-08-10","NEON.MAM.D05.R4579",,"PELE","Peromyscus leucopus","species",,,,"taxonID confirmed","N","M","Y","released",,"adult","nonscrotal",,,,21,16,,,17,"N","N","N",,,,,,,"UNDE.20180810.R4579.F","D00000003315","fresh",,,"UNDE.20180810.R4579.H","B00000021495","hairAndWhisker",,,"jswenson@battelleecology.org","dsmith1@battelleecology.org",,,
"726c5f49-4121-4cd4-b97b-cce1a210bd19","1383b11b-64bc-4103-bb40-919aaa46822f","UNDE_012.mammalGrid.mam","D05","UNDE","UNDE_012","A5","distributed","woodyWetlands",46.237255,-89.502396,"WGS84",45.2,522.2,0.3,"5 - capture","ShermanLF","2018-08-10","2018-08-10","NEON.MAM.D05.R4586",,"ZAHU","Zapus hudsonius","species",,,,,"N","F","N","released",,"adult",,"nonenlarged","not","neither",29,,,,18,"N","N","N",,,,"UNDE.20180810.R4586.B","D00000003372","mandibular","UNDE.20180810.R4586.F","D00000003596","fresh","UNDE.20180810.R4586.E","D00000003600",,,,,,"aspink@neoninc.org","rchambliss@battelleecology.org",,,
"8b88b327-05a8-46b2-81f9-2f5212352ea8","1383b11b-64bc-4103-bb40-919aaa46822f","UNDE_012.mammalGrid.mam","D05","UNDE","UNDE_012","C2","distributed","woodyWetlands",46.237255,-89.502396,"WGS84",45.2,522.2,0.3,"5 - capture","ShermanLF","2018-08-10","2018-08-10","NEON.MAM.D05.L4743",,"PEMA","Peromyscus maniculatus","species",,,,,"N","F","Y","released",,"adult",,"nonenlarged","not","neither",21,18,,,21,"N","N","N",,,,,,,,,,,,,,,,,"aspink@neoninc.org","rchambliss@battelleecology.org",,,
"dc82bcdd-ee8d-4c36-955a-211f58d676ca","1383b11b-64bc-4103-bb40-919aaa46822f","UNDE_012.mammalGrid.mam","D05","UNDE","UNDE_012","A4","distributed","woodyWetlands",46.237255,-89.502396,"WGS84",45.2,522.2,0.3,"5 - capture","ShermanLF","2018-08-10","2018-08-10","NEON.MAM.D05.R4588",,"ZAHU","Zapus hudsonius","species",,,,,"N","F","N","released",,"adult",,"nonenlarged","not","neither",30,,,,18,"N","N","N",,,,"UNDE.20180810.R4588.B","D00000003367","mandibular",,,,"UNDE.20180810.R4588.E","D00000003594",,,,,,"aspink@neoninc.org","rchambliss@battelleecology.org",,,
"00d2fec9-3ce4-4270-8c59-934f2507589c","d3c507fe-ee95-4acd-b85a-802c030f8864","UNDE_027.mammalGrid.mam","D05","UNDE","UNDE_027","C7","distributed","deciduousForest",46.211194,-89.491388,"WGS84",45.2,517.2,0.2,"6 - trap set and empty","ShermanLF","2018-08-10","2018-08-10",,,,,,,,,,,,,,,,,,,,,,,,,,,,,,,,,,,,,,,,,,,,"jswenson@battelleecology.org","dsmith1@battelleecology.org",,,
"7e59ab83-941e-4779-b3ff-6df856c788e7","1383b11b-64bc-4103-bb40-919aaa46822f","UNDE_012.mammalGrid.mam","D05","UNDE","UNDE_012","F4","distributed","woodyWetlands",46.237255,-89.502396,"WGS84",45.2,522.2,0.3,"2 - trap disturbed/door closed but empty","ShermanLF","2018-08-10","2018-08-10",,,,,,,,,,,,,,,,,,,,,,,,,,,,,,,,,,,,,,,,,,,,"aspink@neoninc.org","rchambliss@battelleecology.org",,,
"535e74f0-9fae-456c-b68f-4b13446a961a","1383b11b-64bc-4103-bb40-919aaa46822f","UNDE_012.mammalGrid.mam","D05","UNDE","UNDE_012","G9","distributed","woodyWetlands",46.237255,-89.502396,"WGS84",45.2,522.2,0.3,"3 - trap door open or closed w/ spoor left","ShermanLF","2018-08-10","2018-08-10",,,,,,,,,,,,,,,,,,,,,,,,,,,,,,,,,,,,,,,,,,,,"aspink@neoninc.org","rchambliss@battelleecology.org",,,
"9563249b-8640-4990-8705-e8317370c8a2","1383b11b-64bc-4103-bb40-919aaa46822f","UNDE_012.mammalGrid.mam","D05","UNDE","UNDE_012","H9","distributed","woodyWetlands",46.237255,-89.502396,"WGS84",45.2,522.2,0.3,"5 - capture","ShermanLF","2018-08-10","2018-08-10","NEON.MAM.D05.R4114",,"PEMA","Peromyscus maniculatus","species",,,,,"N","M","Y","released",,"adult","nonscrotal",,,,21,19,,,16,"N","N","N",,,,,,,,,,,,,,,,,"aspink@neoninc.org","rchambliss@battelleecology.org",,,
"4511a603-4b95-4ec2-a2a2-974e64e83d0e","1383b11b-64bc-4103-bb40-919aaa46822f","UNDE_012.mammalGrid.mam","D05","UNDE","UNDE_012","A1","distributed","woodyWetlands",46.237255,-89.502396,"WGS84",45.2,522.2,0.3,"6 - trap set and empty","ShermanLF","2018-08-10","2018-08-10",,,,,,,,,,,,,,,,,,,,,,,,,,,,,,,,,,,,,,,,,,,,"aspink@neoninc.org","rchambliss@battelleecology.org",,,
"91d24451-4ff3-4d11-8815-b01797e4d13e","1383b11b-64bc-4103-bb40-919aaa46822f","UNDE_012.mammalGrid.mam","D05","UNDE","UNDE_012","C1","distributed","woodyWetlands",46.237255,-89.502396,"WGS84",45.2,522.2,0.3,"5 - capture","ShermanLF","2018-08-10","2018-08-10","NEON.MAM.D05.O012C120180810",,"GLSA","Glaucomys sabrinus","species",,,,,"N","U","U","released",,"unknown",,,,,,,,,,"U","U","U",,,,,,,,,,,,,,,,,"aspink@neoninc.org","rchambliss@battelleecology.org",,,
"c1e6792a-240d-4372-a5db-f88cec984b89","1383b11b-64bc-4103-bb40-919aaa46822f","UNDE_012.mammalGrid.mam","D05","UNDE","UNDE_012","I5","distributed","woodyWetlands",46.237255,-89.502396,"WGS84",45.2,522.2,0.3,"5 - capture","ShermanLF","2018-08-10","2018-08-10","NEON.MAM.D05.R4619",,"PEMA","Peromyscus maniculatus","species",,,,,"N","M","Y","released",,"adult","nonscrotal",,,,21,18,,,16,"N","N","N",,,,,,,,,,,,,,,,,"aspink@neoninc.org","rchambliss@battelleecology.org","TaxonID confirmed due to evidence from voucher review or genetic testing of tissue from individual with this tagID on different capture date.",,
"a1b25792-4f9e-4b3d-bc62-47bf4253135a","1383b11b-64bc-4103-bb40-919aaa46822f","UNDE_012.mammalGrid.mam","D05","UNDE","UNDE_012","D5","distributed","woodyWetlands",46.237255,-89.502396,"WGS84",45.2,522.2,0.3,"2 - trap disturbed/door closed but empty","ShermanLF","2018-08-10","2018-08-10",,,,,,,,,,,,,,,,,,,,,,,,,,,,,,,,,,,,,,,,,,,,"aspink@neoninc.org","rchambliss@battelleecology.org",,,
"35e7184c-800a-45f0-b626-307a104a912c","d3c507fe-ee95-4acd-b85a-802c030f8864","UNDE_027.mammalGrid.mam","D05","UNDE","UNDE_027","D1","distributed","deciduousForest",46.211194,-89.491388,"WGS84",45.2,517.2,0.2,"5 - capture","ShermanLF","2018-08-10","2018-08-10","NEON.MAM.D05.L4599",,"ZAHU","Zapus hudsonius","species",,,,,"N","F","Y","released",,"adult",,"nonenlarged","not","neither",29,,,,22,"N","N","N",,,,,,,,,,,,,,,,,"jswenson@battelleecology.org","dsmith1@battelleecology.org",,,
"8a35cfa6-b554-4e43-8c25-761084f40746","d3c507fe-ee95-4acd-b85a-802c030f8864","UNDE_027.mammalGrid.mam","D05","UNDE","UNDE_027","F2","distributed","deciduousForest",46.211194,-89.491388,"WGS84",45.2,517.2,0.2,"5 - capture","ShermanLF","2018-08-10","2018-08-10","NEON.MAM.D05.R4592",,"PELE","Peromyscus leucopus","species",,,,,"N","M","Y","released",,"adult","scrotal",,,,20,16,,,23,"N","N","N",,,,"UNDE.20180810.R4592.B","D00000003341","mandibular",,,,,,,,,,,"jswenson@battelleecology.org","dsmith1@battelleecology.org",,,
"928e8f8b-0c63-4373-bfd3-620c191dc4a7","d3c507fe-ee95-4acd-b85a-802c030f8864","UNDE_027.mammalGrid.mam","D05","UNDE","UNDE_027","C8","distributed","deciduousForest",46.211194,-89.491388,"WGS84",45.2,517.2,0.2,"5 - capture","ShermanLF","2018-08-10","2018-08-10","NEON.MAM.D05.R4689",,"ZAHU","Zapus hudsonius","species",,,,,"N","F","N","released",,"subadult",,"nonenlarged","not","neither",21,,,,16,"N","N","N",,,,"UNDE.20180810.R4689.B","D00000003330","mandibular","UNDE.20180810.R4689.F","D00000003331","fresh","UNDE.20180810.R4689.E","D00000003328",,,,,,"jswenson@battelleecology.org","dsmith1@battelleecology.org",,,
"a2b0d304-6227-446c-b2ee-b1215bd45277","d3c507fe-ee95-4acd-b85a-802c030f8864","UNDE_027.mammalGrid.mam","D05","UNDE","UNDE_027","A9","distributed","deciduousForest",46.211194,-89.491388,"WGS84",45.2,517.2,0.2,"2 - trap disturbed/door closed but empty","ShermanLF","2018-08-10","2018-08-10",,,,,,,,,,,,,,,,,,,,,,,,,,,,,,,,,,,,,,,,,,,,"jswenson@battelleecology.org","dsmith1@battelleecology.org",,,
"d03b980c-08ee-4f33-83ac-a6398586c3dd","d3c507fe-ee95-4acd-b85a-802c030f8864","UNDE_027.mammalGrid.mam","D05","UNDE","UNDE_027","A1","distributed","deciduousForest",46.211194,-89.491388,"WGS84",45.2,517.2,0.2,"5 - capture","ShermanLF","2018-08-10","2018-08-10","NEON.MAM.D05.R4408",,"ZAHU","Zapus hudsonius","species",,,,"sex confirmed","N","F","N","dead",,"unknown",,"enlarged","not","unknown",29,,,,24,"N","N","N",,,,"UNDE.20180810.R4408.B","D00000003324","mandibular - QNS",,,,,,,,,"UNDE.20180810.R4408.V","B00000021607","jswenson@battelleecology.org","dsmith1@battelleecology.org",,,
"a90eba28-b765-41e9-a868-c659869d8906","d3c507fe-ee95-4acd-b85a-802c030f8864","UNDE_027.mammalGrid.mam","D05","UNDE","UNDE_027","I10","distributed","deciduousForest",46.211194,-89.491388,"WGS84",45.2,517.2,0.2,"5 - capture","ShermanLF","2018-08-10","2018-08-10","NEON.MAM.D05.R4764",,"ZAHU","Zapus hudsonius","species",,,,,"N","M","N","released",,"adult","nonscrotal",,,,29,,,,16,"N","N","N",,,,"UNDE.20180810.R4764.B","D00000003444","mandibular","UNDE.20180810.R4764.F","D00000003450","fresh","UNDE.20180810.R4764.E","D00000003473",,,,,,"jswenson@battelleecology.org","dsmith1@battelleecology.org",,,
"15234c36-a359-4d62-b7ad-9465d6b0245b","1383b11b-64bc-4103-bb40-919aaa46822f","UNDE_012.mammalGrid.mam","D05","UNDE","UNDE_012","E8","distributed","woodyWetlands",46.237255,-89.502396,"WGS84",45.2,522.2,0.3,"6 - trap set and empty","ShermanLF","2018-08-10","2018-08-10",,,,,,,,,,,,,,,,,,,,,,,,,,,,,,,,,,,,,,,,,,,,"aspink@neoninc.org","rchambliss@battelleecology.org",,,
"5ee17e78-5d30-40d6-92ab-0e06a54c344f","d3c507fe-ee95-4acd-b85a-802c030f8864","UNDE_027.mammalGrid.mam","D05","UNDE","UNDE_027","D10","distributed","deciduousForest",46.211194,-89.491388,"WGS84",45.2,517.2,0.2,"3 - trap door open or closed w/ spoor left","ShermanLF","2018-08-10","2018-08-10",,,,,,,,,,,,,,,,,,,,,,,,,,,,,,,,,,,,,,,,,,,,"jswenson@battelleecology.org","dsmith1@battelleecology.org",,,
"9777b094-b903-4067-8c7f-97e361bb867a","1383b11b-64bc-4103-bb40-919aaa46822f","UNDE_012.mammalGrid.mam","D05","UNDE","UNDE_012","G7","distributed","woodyWetlands",46.237255,-89.502396,"WGS84",45.2,522.2,0.3,"6 - trap set and empty","ShermanLF","2018-08-10","2018-08-10",,,,,,,,,,,,,,,,,,,,,,,,,,,,,,,,,,,,,,,,,,,,"aspink@neoninc.org","rchambliss@battelleecology.org",,,
"37d92ff3-c1a7-4d22-a51a-032244260f53","1383b11b-64bc-4103-bb40-919aaa46822f","UNDE_012.mammalGrid.mam","D05","UNDE","UNDE_012","F9","distributed","woodyWetlands",46.237255,-89.502396,"WGS84",45.2,522.2,0.3,"6 - trap set and empty","ShermanLF","2018-08-10","2018-08-10",,,,,,,,,,,,,,,,,,,,,,,,,,,,,,,,,,,,,,,,,,,,"aspink@neoninc.org","rchambliss@battelleecology.org",,,
"52c20447-e685-44ea-94b2-84059248577f","1383b11b-64bc-4103-bb40-919aaa46822f","UNDE_012.mammalGrid.mam","D05","UNDE","UNDE_012","B7","distributed","woodyWetlands",46.237255,-89.502396,"WGS84",45.2,522.2,0.3,"6 - trap set and empty","ShermanLF","2018-08-10","2018-08-10",,,,,,,,,,,,,,,,,,,,,,,,,,,,,,,,,,,,,,,,,,,,"aspink@neoninc.org","rchambliss@battelleecology.org",,,
"6893f204-83f2-4c9b-b8a6-a448995862a9","1383b11b-64bc-4103-bb40-919aaa46822f","UNDE_012.mammalGrid.mam","D05","UNDE","UNDE_012","D4","distributed","woodyWetlands",46.237255,-89.502396,"WGS84",45.2,522.2,0.3,"6 - trap set and empty","ShermanLF","2018-08-10","2018-08-10",,,,,,,,,,,,,,,,,,,,,,,,,,,,,,,,,,,,,,,,,,,,"aspink@neoninc.org","rchambliss@battelleecology.org",,,
"3ff6fa18-dc69-4d93-9cb7-4e1adcfff4ba","1383b11b-64bc-4103-bb40-919aaa46822f","UNDE_012.mammalGrid.mam","D05","UNDE","UNDE_012","J8","distributed","woodyWetlands",46.237255,-89.502396,"WGS84",45.2,522.2,0.3,"2 - trap disturbed/door closed but empty","ShermanLF","2018-08-10","2018-08-10",,,,,,,,,,,,,,,,,,,,,,,,,,,,,,,,,,,,,,,,,,,,"aspink@neoninc.org","rchambliss@battelleecology.org",,,
"88b0c12e-373a-4005-91ab-3ffa67c09cbd","d3c507fe-ee95-4acd-b85a-802c030f8864","UNDE_027.mammalGrid.mam","D05","UNDE","UNDE_027","H1","distributed","deciduousForest",46.211194,-89.491388,"WGS84",45.2,517.2,0.2,"3 - trap door open or closed w/ spoor left","ShermanLF","2018-08-10","2018-08-10",,,,,,,,,,,,,,,,,,,,,,,,,,,,,,,,,,,,,,,,,,,,"jswenson@battelleecology.org","dsmith1@battelleecology.org",,,
"61ee0ec7-ecb9-4129-a783-67756fec91b7","1383b11b-64bc-4103-bb40-919aaa46822f","UNDE_012.mammalGrid.mam","D05","UNDE","UNDE_012","D10","distributed","woodyWetlands",46.237255,-89.502396,"WGS84",45.2,522.2,0.3,"3 - trap door open or closed w/ spoor left","ShermanLF","2018-08-10","2018-08-10",,,,,,,,,,,,,,,,,,,,,,,,,,,,,,,,,,,,,,,,,,,,"aspink@neoninc.org","rchambliss@battelleecology.org",,,
"af39d3a9-6fa5-4dc5-aa16-c5d43451ec70","d3c507fe-ee95-4acd-b85a-802c030f8864","UNDE_027.mammalGrid.mam","D05","UNDE","UNDE_027","J3","distributed","deciduousForest",46.211194,-89.491388,"WGS84",45.2,517.2,0.2,"5 - capture","ShermanLF","2018-08-10","2018-08-10","NEON.MAM.D05.R4417",,"PEMA","Peromyscus maniculatus","species",,,,,"N","F","Y","released",,"adult",,"nonenlarged","not","neither",20,20,,,15,"N","N","N",,,,"UNDE.20180810.R4417.B","D00000003434","mandibular",,,,,,,,,,,"jswenson@battelleecology.org","dsmith1@battelleecology.org",,,
"ea70d888-e083-4b99-8553-edd4d61a91b8","d3c507fe-ee95-4acd-b85a-802c030f8864","UNDE_027.mammalGrid.mam","D05","UNDE","UNDE_027","C9","distributed","deciduousForest",46.211194,-89.491388,"WGS84",45.2,517.2,0.2,"5 - capture","ShermanLF","2018-08-10","2018-08-10","NEON.MAM.D05.R4347",,"PEMA","Peromyscus maniculatus","species",,,,,"N","F","N","escaped",,"adult",,"enlarged","pregnant","neither",21,18,,,29,"N","N","N",,,,"UNDE.20180810.R4347.B","D00000003345","mandibular",,,,,,,,,,,"jswenson@battelleecology.org","dsmith1@battelleecology.org",,,
"80fb3702-e54f-41dd-830d-defdc8d8e046","fcc2805c-20b6-47a8-87bf-10596fa8b034","UNDE_002.mammalGrid.mam","D05","UNDE","UNDE_002","I8","distributed","woodyWetlands",46.244297,-89.543943,"WGS84",45.1,504.3,0.2,"6 - trap set and empty","ShermanLF","2018-08-11","2018-08-11",,,,,,,,,,,,,,,,,,,,,,,,,,,,,,,,,,,,,,,,,,,,"aspink@neoninc.org","dsmith1@battelleecology.org",,,
"6dbaf705-485a-405f-be7d-dc122e1f96d6","82c4ba99-3914-49fc-843f-49dd793a4448","UNDE_001.mammalGrid.mam","D05","UNDE","UNDE_001","G10","distributed","deciduousForest",46.235415,-89.559203,"WGS84",45.2,538.4,0.3,"3 - trap door open or closed w/ spoor left","ShermanLF","2018-08-11","2018-08-11",,,,,,,,,,,,,,,,,,,,,,,,,,,,,,,,,,,,,,,,,,,,"dsmith1@battelleecology.org","jswenson@battelleecology.org",,,
"1c8f721f-4366-4e1a-a873-fee6e6de6991","0288762d-3e27-4fad-8f7f-491730f916bd","UNDE_008.mammalGrid.mam","D05","UNDE","UNDE_008","J10","distributed","mixedForest",46.255793,-89.513196,"WGS84",45.1,511.6,0.2,"3 - trap door open or closed w/ spoor left","ShermanLF","2018-08-11","2018-08-11",,,,,,,,,,,,,,,,,,,,,,,,,,,,,,,,,,,,,,,,,,,,"jbuza@battelleecology.org","rchambliss@battelleecology.org",,,
"496611ae-ed0e-4927-890c-f7aaa44d756c","0288762d-3e27-4fad-8f7f-491730f916bd","UNDE_008.mammalGrid.mam","D05","UNDE","UNDE_008","E10","distributed","mixedForest",46.255793,-89.513196,"WGS84",45.1,511.6,0.2,"6 - trap set and empty","ShermanLF","2018-08-11","2018-08-11",,,,,,,,,,,,,,,,,,,,,,,,,,,,,,,,,,,,,,,,,,,,"jbuza@battelleecology.org","rchambliss@battelleecology.org",,,
"5d523880-1fc3-4e98-a5bc-b86cec89d538","0288762d-3e27-4fad-8f7f-491730f916bd","UNDE_008.mammalGrid.mam","D05","UNDE","UNDE_008","D1","distributed","mixedForest",46.255793,-89.513196,"WGS84",45.1,511.6,0.2,"6 - trap set and empty","ShermanLF","2018-08-11","2018-08-11",,,,,,,,,,,,,,,,,,,,,,,,,,,,,,,,,,,,,,,,,,,,"jbuza@battelleecology.org","rchambliss@battelleecology.org",,,
"33bb6440-ed56-46fa-ac55-b1839a09d53d","fcc2805c-20b6-47a8-87bf-10596fa8b034","UNDE_002.mammalGrid.mam","D05","UNDE","UNDE_002","B6","distributed","woodyWetlands",46.244297,-89.543943,"WGS84",45.1,504.3,0.2,"6 - trap set and empty","ShermanLF","2018-08-11","2018-08-11",,,,,,,,,,,,,,,,,,,,,,,,,,,,,,,,,,,,,,,,,,,,"aspink@neoninc.org","dsmith1@battelleecology.org",,,
"1978942b-485d-4463-b2ad-ae713d165cc7","0288762d-3e27-4fad-8f7f-491730f916bd","UNDE_008.mammalGrid.mam","D05","UNDE","UNDE_008","I10","distributed","mixedForest",46.255793,-89.513196,"WGS84",45.1,511.6,0.2,"6 - trap set and empty","ShermanLF","2018-08-11","2018-08-11",,,,,,,,,,,,,,,,,,,,,,,,,,,,,,,,,,,,,,,,,,,,"jbuza@battelleecology.org","rchambliss@battelleecology.org",,,
"1a43735a-1741-4918-aeee-9dc131bb19cb","0288762d-3e27-4fad-8f7f-491730f916bd","UNDE_008.mammalGrid.mam","D05","UNDE","UNDE_008","E6","distributed","mixedForest",46.255793,-89.513196,"WGS84",45.1,511.6,0.2,"6 - trap set and empty","ShermanLF","2018-08-11","2018-08-11",,,,,,,,,,,,,,,,,,,,,,,,,,,,,,,,,,,,,,,,,,,,"jbuza@battelleecology.org","rchambliss@battelleecology.org",,,
"1d32dbac-3621-4361-b583-b007ef70bd5f","08d9e920-a5cd-4cd4-842a-772c09a41d7d","UNDE_003.mammalGrid.mam","D05","UNDE","UNDE_003","E8","distributed","woodyWetlands",46.255040,-89.535332,"WGS84",45.2,505.1,0.3,"6 - trap set and empty","ShermanLF","2018-08-11","2018-08-11",,,,,,,,,,,,,,,,,,,,,,,,,,,,,,,,,,,,,,,,,,,,"rchambliss@battelleecology.org","jbuza@battelleecology.org",,,
"8d573cc3-5032-4151-9dbf-641d2e45fcda","0288762d-3e27-4fad-8f7f-491730f916bd","UNDE_008.mammalGrid.mam","D05","UNDE","UNDE_008","F5","distributed","mixedForest",46.255793,-89.513196,"WGS84",45.1,511.6,0.2,"6 - trap set and empty","ShermanLF","2018-08-11","2018-08-11",,,,,,,,,,,,,,,,,,,,,,,,,,,,,,,,,,,,,,,,,,,,"jbuza@battelleecology.org","rchambliss@battelleecology.org",,,
"ee70d3a1-b248-439e-abcd-3d6cf734feed","82c4ba99-3914-49fc-843f-49dd793a4448","UNDE_001.mammalGrid.mam","D05","UNDE","UNDE_001","F7","distributed","deciduousForest",46.235415,-89.559203,"WGS84",45.2,538.4,0.3,"6 - trap set and empty","ShermanLF","2018-08-11","2018-08-11",,,,,,,,,,,,,,,,,,,,,,,,,,,,,,,,,,,,,,,,,,,,"dsmith1@battelleecology.org","jswenson@battelleecology.org",,,
"2878e8e6-d142-4ddf-a817-cba8b278f4ed","fcc2805c-20b6-47a8-87bf-10596fa8b034","UNDE_002.mammalGrid.mam","D05","UNDE","UNDE_002","C9","distributed","woodyWetlands",46.244297,-89.543943,"WGS84",45.1,504.3,0.2,"6 - trap set and empty","ShermanLF","2018-08-11","2018-08-11",,,,,,,,,,,,,,,,,,,,,,,,,,,,,,,,,,,,,,,,,,,,"aspink@neoninc.org","dsmith1@battelleecology.org",,,
"9f5dd7d7-d4b0-4532-9841-f5d3cd4b2c5e","82c4ba99-3914-49fc-843f-49dd793a4448","UNDE_001.mammalGrid.mam","D05","UNDE","UNDE_001","A5","distributed","deciduousForest",46.235415,-89.559203,"WGS84",45.2,538.4,0.3,"6 - trap set and empty","ShermanLF","2018-08-11","2018-08-11",,,,,,,,,,,,,,,,,,,,,,,,,,,,,,,,,,,,,,,,,,,,"dsmith1@battelleecology.org","jswenson@battelleecology.org",,,
"3a197b80-541e-479f-b4d1-d5b991049deb","fcc2805c-20b6-47a8-87bf-10596fa8b034","UNDE_002.mammalGrid.mam","D05","UNDE","UNDE_002","I7","distributed","woodyWetlands",46.244297,-89.543943,"WGS84",45.1,504.3,0.2,"3 - trap door open or closed w/ spoor left","ShermanLF","2018-08-11","2018-08-11",,,,,,,,,,,,,,,,,,,,,,,,,,,,,,,,,,,,,,,,,,,,"aspink@neoninc.org","dsmith1@battelleecology.org",,,
"c9c31b2d-797d-42ef-83f2-9c15f5443ab1","0288762d-3e27-4fad-8f7f-491730f916bd","UNDE_008.mammalGrid.mam","D05","UNDE","UNDE_008","E3","distributed","mixedForest",46.255793,-89.513196,"WGS84",45.1,511.6,0.2,"6 - trap set and empty","ShermanLF","2018-08-11","2018-08-11",,,,,,,,,,,,,,,,,,,,,,,,,,,,,,,,,,,,,,,,,,,,"jbuza@battelleecology.org","rchambliss@battelleecology.org",,,
"077665df-9d06-4365-bc91-6c89cefe1dad","fcc2805c-20b6-47a8-87bf-10596fa8b034","UNDE_002.mammalGrid.mam","D05","UNDE","UNDE_002","E3","distributed","woodyWetlands",46.244297,-89.543943,"WGS84",45.1,504.3,0.2,"6 - trap set and empty","ShermanLF","2018-08-11","2018-08-11",,,,,,,,,,,,,,,,,,,,,,,,,,,,,,,,,,,,,,,,,,,,"aspink@neoninc.org","dsmith1@battelleecology.org",,,
"5a723f76-f263-4090-a097-82a4fd9b3e86","fcc2805c-20b6-47a8-87bf-10596fa8b034","UNDE_002.mammalGrid.mam","D05","UNDE","UNDE_002","G7","distributed","woodyWetlands",46.244297,-89.543943,"WGS84",45.1,504.3,0.2,"6 - trap set and empty","ShermanLF","2018-08-11","2018-08-11",,,,,,,,,,,,,,,,,,,,,,,,,,,,,,,,,,,,,,,,,,,,"aspink@neoninc.org","dsmith1@battelleecology.org",,,
"d435ba12-4026-4756-aa05-aa3780fb7ff2","82c4ba99-3914-49fc-843f-49dd793a4448","UNDE_001.mammalGrid.mam","D05","UNDE","UNDE_001","E8","distributed","deciduousForest",46.235415,-89.559203,"WGS84",45.2,538.4,0.3,"6 - trap set and empty","ShermanLF","2018-08-11","2018-08-11",,,,,,,,,,,,,,,,,,,,,,,,,,,,,,,,,,,,,,,,,,,,"dsmith1@battelleecology.org","jswenson@battelleecology.org",,,
"15e32888-a366-4529-95de-d1ac481d215f","82c4ba99-3914-49fc-843f-49dd793a4448","UNDE_001.mammalGrid.mam","D05","UNDE","UNDE_001","E10","distributed","deciduousForest",46.235415,-89.559203,"WGS84",45.2,538.4,0.3,"5 - capture","ShermanLF","2018-08-11","2018-08-11","NEON.MAM.D05.R4824",,"PEMA","Peromyscus maniculatus","species",,,,,"N","F","N","released",,"adult",,"nonenlarged","not","neither",20,18,,,21,"N","N","N",,,,,,,"UNDE.20180811.R4824.F","D00000003485","fresh","UNDE.20180811.R4824.E","D00000003488","UNDE.20180811.R4824.H","B00000021502","hairAndWhisker",,,"dsmith1@battelleecology.org","jswenson@battelleecology.org",,,
"352a3f51-2c1a-4b67-8f92-27b504ef24c9","08d9e920-a5cd-4cd4-842a-772c09a41d7d","UNDE_003.mammalGrid.mam","D05","UNDE","UNDE_003","C9","distributed","woodyWetlands",46.255040,-89.535332,"WGS84",45.2,505.1,0.3,"6 - trap set and empty","ShermanLF","2018-08-11","2018-08-11",,,,,,,,,,,,,,,,,,,,,,,,,,,,,,,,,,,,,,,,,,,,"rchambliss@battelleecology.org","jbuza@battelleecology.org",,,
"0933122b-c1b9-43d0-9e72-3f0e2fc7fd31","82c4ba99-3914-49fc-843f-49dd793a4448","UNDE_001.mammalGrid.mam","D05","UNDE","UNDE_001","B7","distributed","deciduousForest",46.235415,-89.559203,"WGS84",45.2,538.4,0.3,"5 - capture","ShermanLF","2018-08-11","2018-08-11","NEON.MAM.D05.R4534",,"ZAHU","Zapus hudsonius","species",,,,,"N","F","N","released",,"adult",,"nonenlarged","not","neither",28,,,,15,"N","N","N",,,,,,,,,,"UNDE.20180811.R4534.E","D00000003486",,,,,,"dsmith1@battelleecology.org","jswenson@battelleecology.org",,,
"41317054-0406-46b8-8b3f-19931389b92d","fcc2805c-20b6-47a8-87bf-10596fa8b034","UNDE_002.mammalGrid.mam","D05","UNDE","UNDE_002","G4","distributed","woodyWetlands",46.244297,-89.543943,"WGS84",45.1,504.3,0.2,"6 - trap set and empty","ShermanLF","2018-08-11","2018-08-11",,,,,,,,,,,,,,,,,,,,,,,,,,,,,,,,,,,,,,,,,,,,"aspink@neoninc.org","dsmith1@battelleecology.org",,,
"9a90564d-d6cb-4756-ac57-183138188ddc","0288762d-3e27-4fad-8f7f-491730f916bd","UNDE_008.mammalGrid.mam","D05","UNDE","UNDE_008","J9","distributed","mixedForest",46.255793,-89.513196,"WGS84",45.1,511.6,0.2,"5 - capture","ShermanLF","2018-08-11","2018-08-11","NEON.MAM.D05.R4318",,"PELE","Peromyscus leucopus","species",,,,,"N","M","N","released",,"subadult","nonscrotal",,,,19,16,,,15,"N","N","N",,,,,,,,,,"UNDE.20180811.R4318.E","D00000003609","UNDE.20180811.R4318.H","B00000021515","hairAndWhisker",,,"jbuza@battelleecology.org","rchambliss@battelleecology.org",,,
"b7e979d6-6220-4f83-9937-9f78b6355fd6","08d9e920-a5cd-4cd4-842a-772c09a41d7d","UNDE_003.mammalGrid.mam","D05","UNDE","UNDE_003","G8","distributed","woodyWetlands",46.255040,-89.535332,"WGS84",45.2,505.1,0.3,"6 - trap set and empty","ShermanLF","2018-08-11","2018-08-11",,,,,,,,,,,,,,,,,,,,,,,,,,,,,,,,,,,,,,,,,,,,"rchambliss@battelleecology.org","jbuza@battelleecology.org",,,
"1037b6da-df9a-47ab-8a10-20ca6e255d66","82c4ba99-3914-49fc-843f-49dd793a4448","UNDE_001.mammalGrid.mam","D05","UNDE","UNDE_001","G8","distributed","deciduousForest",46.235415,-89.559203,"WGS84",45.2,538.4,0.3,"6 - trap set and empty","ShermanLF","2018-08-11","2018-08-11",,,,,,,,,,,,,,,,,,,,,,,,,,,,,,,,,,,,,,,,,,,,"dsmith1@battelleecology.org","jswenson@battelleecology.org",,,
"45621662-2feb-4451-ad99-ecde9b47e23f","0288762d-3e27-4fad-8f7f-491730f916bd","UNDE_008.mammalGrid.mam","D05","UNDE","UNDE_008","C8","distributed","mixedForest",46.255793,-89.513196,"WGS84",45.1,511.6,0.2,"6 - trap set and empty","ShermanLF","2018-08-11","2018-08-11",,,,,,,,,,,,,,,,,,,,,,,,,,,,,,,,,,,,,,,,,,,,"jbuza@battelleecology.org","rchambliss@battelleecology.org",,,
"e75e708b-2f72-4401-a404-92c57f0cacb3","fcc2805c-20b6-47a8-87bf-10596fa8b034","UNDE_002.mammalGrid.mam","D05","UNDE","UNDE_002","D7","distributed","woodyWetlands",46.244297,-89.543943,"WGS84",45.1,504.3,0.2,"6 - trap set and empty","ShermanLF","2018-08-11","2018-08-11",,,,,,,,,,,,,,,,,,,,,,,,,,,,,,,,,,,,,,,,,,,,"aspink@neoninc.org","dsmith1@battelleecology.org",,,
"ccad1fd7-b0d8-43d2-a57c-18471bf5b18e","fcc2805c-20b6-47a8-87bf-10596fa8b034","UNDE_002.mammalGrid.mam","D05","UNDE","UNDE_002","A3","distributed","woodyWetlands",46.244297,-89.543943,"WGS84",45.1,504.3,0.2,"6 - trap set and empty","ShermanLF","2018-08-11","2018-08-11",,,,,,,,,,,,,,,,,,,,,,,,,,,,,,,,,,,,,,,,,,,,"aspink@neoninc.org","dsmith1@battelleecology.org",,,
"0b26dac2-a5f4-45bd-9816-24299b85f504","08d9e920-a5cd-4cd4-842a-772c09a41d7d","UNDE_003.mammalGrid.mam","D05","UNDE","UNDE_003","D5","distributed","woodyWetlands",46.255040,-89.535332,"WGS84",45.2,505.1,0.3,"6 - trap set and empty","ShermanLF","2018-08-11","2018-08-11",,,,,,,,,,,,,,,,,,,,,,,,,,,,,,,,,,,,,,,,,,,,"rchambliss@battelleecology.org","jbuza@battelleecology.org",,,
"11d15353-0b01-4688-b6f4-2e8e46ab5c12","82c4ba99-3914-49fc-843f-49dd793a4448","UNDE_001.mammalGrid.mam","D05","UNDE","UNDE_001","J8","distributed","deciduousForest",46.235415,-89.559203,"WGS84",45.2,538.4,0.3,"3 - trap door open or closed w/ spoor left","ShermanLF","2018-08-11","2018-08-11",,,,,,,,,,,,,,,,,,,,,,,,,,,,,,,,,,,,,,,,,,,,"dsmith1@battelleecology.org","jswenson@battelleecology.org",,,
"cdd2aa67-158c-4783-b30f-252cefbfb0f2","08d9e920-a5cd-4cd4-842a-772c09a41d7d","UNDE_003.mammalGrid.mam","D05","UNDE","UNDE_003","H8","distributed","woodyWetlands",46.255040,-89.535332,"WGS84",45.2,505.1,0.3,"5 - capture","ShermanLF","2018-08-11","2018-08-11","NEON.MAM.D05.R4507",,"ZAHU","Zapus hudsonius","species",,,,,"N","M","N","released",,"adult","nonscrotal",,,,33,,,,17,"N","N","N",,,,,,,,,,"UNDE.20180811.R4507.E","D00000003414",,,,,,"rchambliss@battelleecology.org","jbuza@battelleecology.org",,,
"3c2fa743-e836-4cbc-bfb9-430d4b7b3451","fcc2805c-20b6-47a8-87bf-10596fa8b034","UNDE_002.mammalGrid.mam","D05","UNDE","UNDE_002","A5","distributed","woodyWetlands",46.244297,-89.543943,"WGS84",45.1,504.3,0.2,"6 - trap set and empty","ShermanLF","2018-08-11","2018-08-11",,,,,,,,,,,,,,,,,,,,,,,,,,,,,,,,,,,,,,,,,,,,"aspink@neoninc.org","dsmith1@battelleecology.org",,,
"9678ab48-c4f8-4f0e-9420-56dd41eca2a3","08d9e920-a5cd-4cd4-842a-772c09a41d7d","UNDE_003.mammalGrid.mam","D05","UNDE","UNDE_003","C4","distributed","woodyWetlands",46.255040,-89.535332,"WGS84",45.2,505.1,0.3,"6 - trap set and empty","ShermanLF","2018-08-11","2018-08-11",,,,,,,,,,,,,,,,,,,,,,,,,,,,,,,,,,,,,,,,,,,,"rchambliss@battelleecology.org","jbuza@battelleecology.org",,,
"d1bd763c-1e0c-4ba9-96b2-466b090a8b28","fcc2805c-20b6-47a8-87bf-10596fa8b034","UNDE_002.mammalGrid.mam","D05","UNDE","UNDE_002","H1","distributed","woodyWetlands",46.244297,-89.543943,"WGS84",45.1,504.3,0.2,"6 - trap set and empty","ShermanLF","2018-08-11","2018-08-11",,,,,,,,,,,,,,,,,,,,,,,,,,,,,,,,,,,,,,,,,,,,"aspink@neoninc.org","dsmith1@battelleecology.org",,,
"069bfea2-f05b-4acc-8116-fbaf50826260","08d9e920-a5cd-4cd4-842a-772c09a41d7d","UNDE_003.mammalGrid.mam","D05","UNDE","UNDE_003","C1","distributed","woodyWetlands",46.255040,-89.535332,"WGS84",45.2,505.1,0.3,"6 - trap set and empty","ShermanLF","2018-08-11","2018-08-11",,,,,,,,,,,,,,,,,,,,,,,,,,,,,,,,,,,,,,,,,,,,"rchambliss@battelleecology.org","jbuza@battelleecology.org",,,
"62cbb611-14d1-4ff5-a073-8d1d86d17185","08d9e920-a5cd-4cd4-842a-772c09a41d7d","UNDE_003.mammalGrid.mam","D05","UNDE","UNDE_003","D3","distributed","woodyWetlands",46.255040,-89.535332,"WGS84",45.2,505.1,0.3,"6 - trap set and empty","ShermanLF","2018-08-11","2018-08-11",,,,,,,,,,,,,,,,,,,,,,,,,,,,,,,,,,,,,,,,,,,,"rchambliss@battelleecology.org","jbuza@battelleecology.org",,,
"1a682257-8982-4773-90c5-d55c824a084a","08d9e920-a5cd-4cd4-842a-772c09a41d7d","UNDE_003.mammalGrid.mam","D05","UNDE","UNDE_003","B8","distributed","woodyWetlands",46.255040,-89.535332,"WGS84",45.2,505.1,0.3,"6 - trap set and empty","ShermanLF","2018-08-11","2018-08-11",,,,,,,,,,,,,,,,,,,,,,,,,,,,,,,,,,,,,,,,,,,,"rchambliss@battelleecology.org","jbuza@battelleecology.org",,,
"ac9afb96-97f4-4165-9409-bf1d647d4f8f","fcc2805c-20b6-47a8-87bf-10596fa8b034","UNDE_002.mammalGrid.mam","D05","UNDE","UNDE_002","J3","distributed","woodyWetlands",46.244297,-89.543943,"WGS84",45.1,504.3,0.2,"5 - capture","ShermanLF","2018-08-11","2018-08-11","NEON.MAM.D05.O002J320180811",,"SOAR","Sorex arcticus","species",,,,"taxonID confirmed, sex and reproductive conditions updated","N","M","N","dead",,"adult",,,,,,,,,,"U","U","U",,,,,,,,,,,,,,,"UNDE.20180811.O002J320180811.V","B00000021586","aspink@neoninc.org","dsmith1@battelleecology.org",,,
"5537ef3d-feed-4870-a457-f6453b2886f4","82c4ba99-3914-49fc-843f-49dd793a4448","UNDE_001.mammalGrid.mam","D05","UNDE","UNDE_001","F10","distributed","deciduousForest",46.235415,-89.559203,"WGS84",45.2,538.4,0.3,"5 - capture","ShermanLF","2018-08-11","2018-08-11","NEON.MAM.D05.R4710",,"NAIN","Napaeozapus insignis","species",,,,,"N","F","U","released",,"adult",,"nonenlarged","not","swollen",28,,,,30,"N","N","N",,,,,,,,,,"UNDE.20180811.R4710.E","D00000003512",,,,,,"dsmith1@battelleecology.org","jswenson@battelleecology.org",,,
"4596b67f-87bf-4547-be00-b83ff4e9a9ab","82c4ba99-3914-49fc-843f-49dd793a4448","UNDE_001.mammalGrid.mam","D05","UNDE","UNDE_001","J5","distributed","deciduousForest",46.235415,-89.559203,"WGS84",45.2,538.4,0.3,"5 - capture","ShermanLF","2018-08-11","2018-08-11","NEON.MAM.D05.O001J520180811",,"NAIN","Napaeozapus insignis","species",,,,,"N","U","U","escaped",,"unknown",,,,,,,,,,"U","U","U",,,,,,,,,,,,,,,,,"dsmith1@battelleecology.org","jswenson@battelleecology.org",,,
"bd91a66c-17b6-4e0d-bd79-01cbab038c9d","fcc2805c-20b6-47a8-87bf-10596fa8b034","UNDE_002.mammalGrid.mam","D05","UNDE","UNDE_002","I9","distributed","woodyWetlands",46.244297,-89.543943,"WGS84",45.1,504.3,0.2,"5 - capture","ShermanLF","2018-08-11","2018-08-11","NEON.MAM.D05.O002I920180811",,"BLBR","Blarina brevicauda","species",,,,,"N","U","N","released",,"adult",,,,,,,,,,"U","U","U",,,,,,,,,,,,,,,,,"aspink@neoninc.org","dsmith1@battelleecology.org",,,
"2cd9f8d1-316a-464d-9aa5-2a76b44a37a4","fcc2805c-20b6-47a8-87bf-10596fa8b034","UNDE_002.mammalGrid.mam","D05","UNDE","UNDE_002","F6","distributed","woodyWetlands",46.244297,-89.543943,"WGS84",45.1,504.3,0.2,"6 - trap set and empty","ShermanLF","2018-08-11","2018-08-11",,,,,,,,,,,,,,,,,,,,,,,,,,,,,,,,,,,,,,,,,,,,"aspink@neoninc.org","dsmith1@battelleecology.org",,,
"4468dbcd-e62d-4665-8234-209917d791a9","08d9e920-a5cd-4cd4-842a-772c09a41d7d","UNDE_003.mammalGrid.mam","D05","UNDE","UNDE_003","G10","distributed","woodyWetlands",46.255040,-89.535332,"WGS84",45.2,505.1,0.3,"6 - trap set and empty","ShermanLF","2018-08-11","2018-08-11",,,,,,,,,,,,,,,,,,,,,,,,,,,,,,,,,,,,,,,,,,,,"rchambliss@battelleecology.org","jbuza@battelleecology.org",,,
"1b574d01-83d9-413a-901c-60bdc4bf57f1","0288762d-3e27-4fad-8f7f-491730f916bd","UNDE_008.mammalGrid.mam","D05","UNDE","UNDE_008","F10","distributed","mixedForest",46.255793,-89.513196,"WGS84",45.1,511.6,0.2,"3 - trap door open or closed w/ spoor left","ShermanLF","2018-08-11","2018-08-11",,,,,,,,,,,,,,,,,,,,,,,,,,,,,,,,,,,,,,,,,,,,"jbuza@battelleecology.org","rchambliss@battelleecology.org",,,
"f51361a4-2995-4be5-9c49-ac26742b3d91","0288762d-3e27-4fad-8f7f-491730f916bd","UNDE_008.mammalGrid.mam","D05","UNDE","UNDE_008","A5","distributed","mixedForest",46.255793,-89.513196,"WGS84",45.1,511.6,0.2,"6 - trap set and empty","ShermanLF","2018-08-11","2018-08-11",,,,,,,,,,,,,,,,,,,,,,,,,,,,,,,,,,,,,,,,,,,,"jbuza@battelleecology.org","rchambliss@battelleecology.org",,,
"68276112-eef0-4da5-8164-cce7507a6d24","fcc2805c-20b6-47a8-87bf-10596fa8b034","UNDE_002.mammalGrid.mam","D05","UNDE","UNDE_002","G6","distributed","woodyWetlands",46.244297,-89.543943,"WGS84",45.1,504.3,0.2,"6 - trap set and empty","ShermanLF","2018-08-11","2018-08-11",,,,,,,,,,,,,,,,,,,,,,,,,,,,,,,,,,,,,,,,,,,,"aspink@neoninc.org","dsmith1@battelleecology.org",,,
"71ee4259-b976-4e93-b919-30ba345b8f75","fcc2805c-20b6-47a8-87bf-10596fa8b034","UNDE_002.mammalGrid.mam","D05","UNDE","UNDE_002","G3","distributed","woodyWetlands",46.244297,-89.543943,"WGS84",45.1,504.3,0.2,"6 - trap set and empty","ShermanLF","2018-08-11","2018-08-11",,,,,,,,,,,,,,,,,,,,,,,,,,,,,,,,,,,,,,,,,,,,"aspink@neoninc.org","dsmith1@battelleecology.org",,,
"e53681aa-815f-4770-9bff-aaa8d6d6eceb","0288762d-3e27-4fad-8f7f-491730f916bd","UNDE_008.mammalGrid.mam","D05","UNDE","UNDE_008","G1","distributed","mixedForest",46.255793,-89.513196,"WGS84",45.1,511.6,0.2,"6 - trap set and empty","ShermanLF","2018-08-11","2018-08-11",,,,,,,,,,,,,,,,,,,,,,,,,,,,,,,,,,,,,,,,,,,,"jbuza@battelleecology.org","rchambliss@battelleecology.org",,,
"feb1ff82-c6ef-4064-8413-6f7fb7817d01","82c4ba99-3914-49fc-843f-49dd793a4448","UNDE_001.mammalGrid.mam","D05","UNDE","UNDE_001","D4","distributed","deciduousForest",46.235415,-89.559203,"WGS84",45.2,538.4,0.3,"6 - trap set and empty","ShermanLF","2018-08-11","2018-08-11",,,,,,,,,,,,,,,,,,,,,,,,,,,,,,,,,,,,,,,,,,,,"dsmith1@battelleecology.org","jswenson@battelleecology.org",,,
"d2ce9bea-9559-47c7-bb5d-8177ef2db19f","fcc2805c-20b6-47a8-87bf-10596fa8b034","UNDE_002.mammalGrid.mam","D05","UNDE","UNDE_002","C7","distributed","woodyWetlands",46.244297,-89.543943,"WGS84",45.1,504.3,0.2,"6 - trap set and empty","ShermanLF","2018-08-11","2018-08-11",,,,,,,,,,,,,,,,,,,,,,,,,,,,,,,,,,,,,,,,,,,,"aspink@neoninc.org","dsmith1@battelleecology.org",,,
"56361354-73d7-4ace-acad-ceabe3838b16","82c4ba99-3914-49fc-843f-49dd793a4448","UNDE_001.mammalGrid.mam","D05","UNDE","UNDE_001","C5","distributed","deciduousForest",46.235415,-89.559203,"WGS84",45.2,538.4,0.3,"6 - trap set and empty","ShermanLF","2018-08-11","2018-08-11",,,,,,,,,,,,,,,,,,,,,,,,,,,,,,,,,,,,,,,,,,,,"dsmith1@battelleecology.org","jswenson@battelleecology.org",,,
"38d623bc-b5b2-41f9-8b57-d3d2975cc191","0288762d-3e27-4fad-8f7f-491730f916bd","UNDE_008.mammalGrid.mam","D05","UNDE","UNDE_008","G3","distributed","mixedForest",46.255793,-89.513196,"WGS84",45.1,511.6,0.2,"6 - trap set and empty","ShermanLF","2018-08-11","2018-08-11",,,,,,,,,,,,,,,,,,,,,,,,,,,,,,,,,,,,,,,,,,,,"jbuza@battelleecology.org","rchambliss@battelleecology.org",,,
"c8598c95-9361-403d-9ee6-ea2e553d92c8","0288762d-3e27-4fad-8f7f-491730f916bd","UNDE_008.mammalGrid.mam","D05","UNDE","UNDE_008","D5","distributed","mixedForest",46.255793,-89.513196,"WGS84",45.1,511.6,0.2,"6 - trap set and empty","ShermanLF","2018-08-11","2018-08-11",,,,,,,,,,,,,,,,,,,,,,,,,,,,,,,,,,,,,,,,,,,,"jbuza@battelleecology.org","rchambliss@battelleecology.org",,,
"e0041cc2-3ea1-470a-8b67-a2a239c1bc5f","0288762d-3e27-4fad-8f7f-491730f916bd","UNDE_008.mammalGrid.mam","D05","UNDE","UNDE_008","D10","distributed","mixedForest",46.255793,-89.513196,"WGS84",45.1,511.6,0.2,"3 - trap door open or closed w/ spoor left","ShermanLF","2018-08-11","2018-08-11",,,,,,,,,,,,,,,,,,,,,,,,,,,,,,,,,,,,,,,,,,,,"jbuza@battelleecology.org","rchambliss@battelleecology.org",,,
"29dd1280-45eb-4a21-94bf-cd3911868f25","0288762d-3e27-4fad-8f7f-491730f916bd","UNDE_008.mammalGrid.mam","D05","UNDE","UNDE_008","H9","distributed","mixedForest",46.255793,-89.513196,"WGS84",45.1,511.6,0.2,"6 - trap set and empty","ShermanLF","2018-08-11","2018-08-11",,,,,,,,,,,,,,,,,,,,,,,,,,,,,,,,,,,,,,,,,,,,"jbuza@battelleecology.org","rchambliss@battelleecology.org",,,
"1829c7ae-8324-44c4-b5b1-e9bbb1f9abd2","82c4ba99-3914-49fc-843f-49dd793a4448","UNDE_001.mammalGrid.mam","D05","UNDE","UNDE_001","I2","distributed","deciduousForest",46.235415,-89.559203,"WGS84",45.2,538.4,0.3,"6 - trap set and empty","ShermanLF","2018-08-11","2018-08-11",,,,,,,,,,,,,,,,,,,,,,,,,,,,,,,,,,,,,,,,,,,,"dsmith1@battelleecology.org","jswenson@battelleecology.org",,,
"38d8cc90-41e1-4993-bdf9-060cb061e9f3","82c4ba99-3914-49fc-843f-49dd793a4448","UNDE_001.mammalGrid.mam","D05","UNDE","UNDE_001","C10","distributed","deciduousForest",46.235415,-89.559203,"WGS84",45.2,538.4,0.3,"3 - trap door open or closed w/ spoor left","ShermanLF","2018-08-11","2018-08-11",,,,,,,,,,,,,,,,,,,,,,,,,,,,,,,,,,,,,,,,,,,,"dsmith1@battelleecology.org","jswenson@battelleecology.org",,,
"6d45b88f-bd8d-4242-adee-cdda997f7426","0288762d-3e27-4fad-8f7f-491730f916bd","UNDE_008.mammalGrid.mam","D05","UNDE","UNDE_008","I5","distributed","mixedForest",46.255793,-89.513196,"WGS84",45.1,511.6,0.2,"5 - capture","ShermanLF","2018-08-11","2018-08-11","NEON.MAM.D05.R4352",,"PELE","Peromyscus leucopus","species",,,,,"N","M","N","released",,"adult","nonscrotal",,,,21,16,,,17,"N","N","N",,,,,,,,,,"UNDE.20180811.R4352.E","D00000003404","UNDE.20180811.R4352.H","B00000021514","hairAndWhisker",,,"jbuza@battelleecology.org","rchambliss@battelleecology.org",,,
"d2f94104-bb85-46d4-ac50-883dbb3dec78","08d9e920-a5cd-4cd4-842a-772c09a41d7d","UNDE_003.mammalGrid.mam","D05","UNDE","UNDE_003","H5","distributed","woodyWetlands",46.255040,-89.535332,"WGS84",45.2,505.1,0.3,"6 - trap set and empty","ShermanLF","2018-08-11","2018-08-11",,,,,,,,,,,,,,,,,,,,,,,,,,,,,,,,,,,,,,,,,,,,"rchambliss@battelleecology.org","jbuza@battelleecology.org",,,
"423460da-32a3-4d1e-bd98-839de5742c2b","fcc2805c-20b6-47a8-87bf-10596fa8b034","UNDE_002.mammalGrid.mam","D05","UNDE","UNDE_002","F4","distributed","woodyWetlands",46.244297,-89.543943,"WGS84",45.1,504.3,0.2,"6 - trap set and empty","ShermanLF","2018-08-11","2018-08-11",,,,,,,,,,,,,,,,,,,,,,,,,,,,,,,,,,,,,,,,,,,,"aspink@neoninc.org","dsmith1@battelleecology.org",,,
"3c0f2706-f1eb-4f6d-99ab-2cd26f9ba2fa","fcc2805c-20b6-47a8-87bf-10596fa8b034","UNDE_002.mammalGrid.mam","D05","UNDE","UNDE_002","C3","distributed","woodyWetlands",46.244297,-89.543943,"WGS84",45.1,504.3,0.2,"5 - capture","ShermanLF","2018-08-11","2018-08-11","NEON.MAM.D05.O002C320180811",,"SOAR","Sorex arcticus","species",,,,"taxonID confirmed, sex and reproductive conditions updated","N","M","N","dead",,"adult",,,,,,,,,,"U","U","U",,,,,,,,,,,,,,,"UNDE.20180811.O002C320180811.V","B00000021596","aspink@neoninc.org","dsmith1@battelleecology.org","Trap coordinate not certain",,
"786e4dac-b1a5-4e6d-805b-43d70289bae6","fcc2805c-20b6-47a8-87bf-10596fa8b034","UNDE_002.mammalGrid.mam","D05","UNDE","UNDE_002","G10","distributed","woodyWetlands",46.244297,-89.543943,"WGS84",45.1,504.3,0.2,"6 - trap set and empty","ShermanLF","2018-08-11","2018-08-11",,,,,,,,,,,,,,,,,,,,,,,,,,,,,,,,,,,,,,,,,,,,"aspink@neoninc.org","dsmith1@battelleecology.org",,,
"ea3d201c-7683-4793-8e5d-e3f4393c775d","fcc2805c-20b6-47a8-87bf-10596fa8b034","UNDE_002.mammalGrid.mam","D05","UNDE","UNDE_002","H3","distributed","woodyWetlands",46.244297,-89.543943,"WGS84",45.1,504.3,0.2,"6 - trap set and empty","ShermanLF","2018-08-11","2018-08-11",,,,,,,,,,,,,,,,,,,,,,,,,,,,,,,,,,,,,,,,,,,,"aspink@neoninc.org","dsmith1@battelleecology.org",,,
"9b84b55a-6ee6-45a1-9420-868fd06aa703","82c4ba99-3914-49fc-843f-49dd793a4448","UNDE_001.mammalGrid.mam","D05","UNDE","UNDE_001","H8","distributed","deciduousForest",46.235415,-89.559203,"WGS84",45.2,538.4,0.3,"5 - capture","ShermanLF","2018-08-11","2018-08-11","NEON.MAM.D05.R4802",,"NAIN","Napaeozapus insignis","species",,,,,"N","F","N","released",,"adult",,"enlarged","not","swollen",32,,,,40,"N","N","N",,,,,,,,,,"UNDE.20180811.R4802.E","D00000003509",,,,,,"dsmith1@battelleecology.org","jswenson@battelleecology.org",,,
"905ca426-4bb2-4ef1-b7d7-44bc69c0130f","08d9e920-a5cd-4cd4-842a-772c09a41d7d","UNDE_003.mammalGrid.mam","D05","UNDE","UNDE_003","E6","distributed","woodyWetlands",46.255040,-89.535332,"WGS84",45.2,505.1,0.3,"6 - trap set and empty","ShermanLF","2018-08-11","2018-08-11",,,,,,,,,,,,,,,,,,,,,,,,,,,,,,,,,,,,,,,,,,,,"rchambliss@battelleecology.org","jbuza@battelleecology.org",,,
"3ae9f1f4-4292-4c57-9d07-f3a8ee3b84a9","82c4ba99-3914-49fc-843f-49dd793a4448","UNDE_001.mammalGrid.mam","D05","UNDE","UNDE_001","F1","distributed","deciduousForest",46.235415,-89.559203,"WGS84",45.2,538.4,0.3,"6 - trap set and empty","ShermanLF","2018-08-11","2018-08-11",,,,,,,,,,,,,,,,,,,,,,,,,,,,,,,,,,,,,,,,,,,,"dsmith1@battelleecology.org","jswenson@battelleecology.org",,,
"cd1308a1-7e21-4254-b3b4-e766df0a8e34","08d9e920-a5cd-4cd4-842a-772c09a41d7d","UNDE_003.mammalGrid.mam","D05","UNDE","UNDE_003","J1","distributed","woodyWetlands",46.255040,-89.535332,"WGS84",45.2,505.1,0.3,"5 - capture","ShermanLF","2018-08-11","2018-08-11","NEON.MAM.D05.R4555",,"TAST","Tamias striatus","species",,,,,"N","M","N","released",,"adult","nonscrotal",,,,34,,,,97,"N","N","N",,,,,,,"UNDE.20180811.R4555.F","D00000003412","fresh","UNDE.20180811.R4555.E","D00000003501",,,,,,"rchambliss@battelleecology.org","jbuza@battelleecology.org",,,
"d051f1ed-d9cb-46fd-aec1-d71c8010e2aa","0288762d-3e27-4fad-8f7f-491730f916bd","UNDE_008.mammalGrid.mam","D05","UNDE","UNDE_008","A10","distributed","mixedForest",46.255793,-89.513196,"WGS84",45.1,511.6,0.2,"3 - trap door open or closed w/ spoor left","ShermanLF","2018-08-11","2018-08-11",,,,,,,,,,,,,,,,,,,,,,,,,,,,,,,,,,,,,,,,,,,,"jbuza@battelleecology.org","rchambliss@battelleecology.org",,,
"8c0039c8-a778-44df-8430-90538f0ee283","fcc2805c-20b6-47a8-87bf-10596fa8b034","UNDE_002.mammalGrid.mam","D05","UNDE","UNDE_002","F9","distributed","woodyWetlands",46.244297,-89.543943,"WGS84",45.1,504.3,0.2,"6 - trap set and empty","ShermanLF","2018-08-11","2018-08-11",,,,,,,,,,,,,,,,,,,,,,,,,,,,,,,,,,,,,,,,,,,,"aspink@neoninc.org","dsmith1@battelleecology.org",,,
"d2e0533e-644f-4c35-865a-866b8f533873","82c4ba99-3914-49fc-843f-49dd793a4448","UNDE_001.mammalGrid.mam","D05","UNDE","UNDE_001","F4","distributed","deciduousForest",46.235415,-89.559203,"WGS84",45.2,538.4,0.3,"3 - trap door open or closed w/ spoor left","ShermanLF","2018-08-11","2018-08-11",,,,,,,,,,,,,,,,,,,,,,,,,,,,,,,,,,,,,,,,,,,,"dsmith1@battelleecology.org","jswenson@battelleecology.org",,,
"fc9cf505-8102-4c3a-96e4-21745c147f47","fcc2805c-20b6-47a8-87bf-10596fa8b034","UNDE_002.mammalGrid.mam","D05","UNDE","UNDE_002","B5","distributed","woodyWetlands",46.244297,-89.543943,"WGS84",45.1,504.3,0.2,"6 - trap set and empty","ShermanLF","2018-08-11","2018-08-11",,,,,,,,,,,,,,,,,,,,,,,,,,,,,,,,,,,,,,,,,,,,"aspink@neoninc.org","dsmith1@battelleecology.org",,,
"711922b9-74b9-46e1-91e0-aca5cc602dd0","fcc2805c-20b6-47a8-87bf-10596fa8b034","UNDE_002.mammalGrid.mam","D05","UNDE","UNDE_002","G9","distributed","woodyWetlands",46.244297,-89.543943,"WGS84",45.1,504.3,0.2,"6 - trap set and empty","ShermanLF","2018-08-11","2018-08-11",,,,,,,,,,,,,,,,,,,,,,,,,,,,,,,,,,,,,,,,,,,,"aspink@neoninc.org","dsmith1@battelleecology.org",,,
"e59b6107-1704-4787-b429-398a0aaa6030","82c4ba99-3914-49fc-843f-49dd793a4448","UNDE_001.mammalGrid.mam","D05","UNDE","UNDE_001","E5","distributed","deciduousForest",46.235415,-89.559203,"WGS84",45.2,538.4,0.3,"6 - trap set and empty","ShermanLF","2018-08-11","2018-08-11",,,,,,,,,,,,,,,,,,,,,,,,,,,,,,,,,,,,,,,,,,,,"dsmith1@battelleecology.org","jswenson@battelleecology.org",,,
"c02a0146-83bd-4f15-a90a-6bb8c5c4b093","0288762d-3e27-4fad-8f7f-491730f916bd","UNDE_008.mammalGrid.mam","D05","UNDE","UNDE_008","D7","distributed","mixedForest",46.255793,-89.513196,"WGS84",45.1,511.6,0.2,"3 - trap door open or closed w/ spoor left","ShermanLF","2018-08-11","2018-08-11",,,,,,,,,,,,,,,,,,,,,,,,,,,,,,,,,,,,,,,,,,,,"jbuza@battelleecology.org","rchambliss@battelleecology.org",,,
"40417279-e281-4014-90bd-ca9ab24f9328","fcc2805c-20b6-47a8-87bf-10596fa8b034","UNDE_002.mammalGrid.mam","D05","UNDE","UNDE_002","H2","distributed","woodyWetlands",46.244297,-89.543943,"WGS84",45.1,504.3,0.2,"6 - trap set and empty","ShermanLF","2018-08-11","2018-08-11",,,,,,,,,,,,,,,,,,,,,,,,,,,,,,,,,,,,,,,,,,,,"aspink@neoninc.org","dsmith1@battelleecology.org",,,
"a41c5955-5787-48ac-841b-467eab3b8850","08d9e920-a5cd-4cd4-842a-772c09a41d7d","UNDE_003.mammalGrid.mam","D05","UNDE","UNDE_003","D4","distributed","woodyWetlands",46.255040,-89.535332,"WGS84",45.2,505.1,0.3,"5 - capture","ShermanLF","2018-08-11","2018-08-11","NEON.MAM.D05.O003D420180811",,"SOCI","Sorex cinereus","species",,,,"taxonID confirmed, sex and reproductive conditions updated","N","M","N","dead",,"adult",,,,,,,,,,"U","U","U",,,,,,,,,,,,,,,"UNDE.20180811.O003D420180811.V","B00000021581","rchambliss@battelleecology.org","jbuza@battelleecology.org",,,
"54a27efd-2228-40a5-bbe8-0bc8d6be2451","fcc2805c-20b6-47a8-87bf-10596fa8b034","UNDE_002.mammalGrid.mam","D05","UNDE","UNDE_002","J10","distributed","woodyWetlands",46.244297,-89.543943,"WGS84",45.1,504.3,0.2,"6 - trap set and empty","ShermanLF","2018-08-11","2018-08-11",,,,,,,,,,,,,,,,,,,,,,,,,,,,,,,,,,,,,,,,,,,,"aspink@neoninc.org","dsmith1@battelleecology.org",,,
"082ca8a6-bf98-478f-ae6a-45900817d146","82c4ba99-3914-49fc-843f-49dd793a4448","UNDE_001.mammalGrid.mam","D05","UNDE","UNDE_001","B3","distributed","deciduousForest",46.235415,-89.559203,"WGS84",45.2,538.4,0.3,"6 - trap set and empty","ShermanLF","2018-08-11","2018-08-11",,,,,,,,,,,,,,,,,,,,,,,,,,,,,,,,,,,,,,,,,,,,"dsmith1@battelleecology.org","jswenson@battelleecology.org",,,
"e658df8b-440d-4cb0-8d05-900b032a285c","08d9e920-a5cd-4cd4-842a-772c09a41d7d","UNDE_003.mammalGrid.mam","D05","UNDE","UNDE_003","I4","distributed","woodyWetlands",46.255040,-89.535332,"WGS84",45.2,505.1,0.3,"6 - trap set and empty","ShermanLF","2018-08-11","2018-08-11",,,,,,,,,,,,,,,,,,,,,,,,,,,,,,,,,,,,,,,,,,,,"rchambliss@battelleecology.org","jbuza@battelleecology.org",,,
"b75708e9-534d-403e-9496-eb19aaae569b","82c4ba99-3914-49fc-843f-49dd793a4448","UNDE_001.mammalGrid.mam","D05","UNDE","UNDE_001","J6","distributed","deciduousForest",46.235415,-89.559203,"WGS84",45.2,538.4,0.3,"6 - trap set and empty","ShermanLF","2018-08-11","2018-08-11",,,,,,,,,,,,,,,,,,,,,,,,,,,,,,,,,,,,,,,,,,,,"dsmith1@battelleecology.org","jswenson@battelleecology.org",,,
"3b5c3676-409d-45c7-a786-735739d1009c","0288762d-3e27-4fad-8f7f-491730f916bd","UNDE_008.mammalGrid.mam","D05","UNDE","UNDE_008","F6","distributed","mixedForest",46.255793,-89.513196,"WGS84",45.1,511.6,0.2,"6 - trap set and empty","ShermanLF","2018-08-11","2018-08-11",,,,,,,,,,,,,,,,,,,,,,,,,,,,,,,,,,,,,,,,,,,,"jbuza@battelleecology.org","rchambliss@battelleecology.org",,,
"c412fbcc-092e-4a0e-b075-887d58ce693d","fcc2805c-20b6-47a8-87bf-10596fa8b034","UNDE_002.mammalGrid.mam","D05","UNDE","UNDE_002","A4","distributed","woodyWetlands",46.244297,-89.543943,"WGS84",45.1,504.3,0.2,"6 - trap set and empty","ShermanLF","2018-08-11","2018-08-11",,,,,,,,,,,,,,,,,,,,,,,,,,,,,,,,,,,,,,,,,,,,"aspink@neoninc.org","dsmith1@battelleecology.org",,,
"610a0fa6-af45-4a62-96af-51dd34e66e09","82c4ba99-3914-49fc-843f-49dd793a4448","UNDE_001.mammalGrid.mam","D05","UNDE","UNDE_001","G5","distributed","deciduousForest",46.235415,-89.559203,"WGS84",45.2,538.4,0.3,"6 - trap set and empty","ShermanLF","2018-08-11","2018-08-11",,,,,,,,,,,,,,,,,,,,,,,,,,,,,,,,,,,,,,,,,,,,"dsmith1@battelleecology.org","jswenson@battelleecology.org",,,
"8b81adeb-8f92-4bab-ba18-855958089b87","0288762d-3e27-4fad-8f7f-491730f916bd","UNDE_008.mammalGrid.mam","D05","UNDE","UNDE_008","D2","distributed","mixedForest",46.255793,-89.513196,"WGS84",45.1,511.6,0.2,"6 - trap set and empty","ShermanLF","2018-08-11","2018-08-11",,,,,,,,,,,,,,,,,,,,,,,,,,,,,,,,,,,,,,,,,,,,"jbuza@battelleecology.org","rchambliss@battelleecology.org",,,
"ef5649d8-7abc-4e42-8a8c-b435cca99b54","fcc2805c-20b6-47a8-87bf-10596fa8b034","UNDE_002.mammalGrid.mam","D05","UNDE","UNDE_002","E5","distributed","woodyWetlands",46.244297,-89.543943,"WGS84",45.1,504.3,0.2,"5 - capture","ShermanLF","2018-08-11","2018-08-11","NEON.MAM.D05.961080",,"MIPE","Microtus pennsylvanicus","species",,,,,"N","M","N","released",,"adult","nonscrotal",,,,19,,,,24,"N","N","N",,,,,,,"UNDE.20180811.961080.F","D00000003506","fresh","UNDE.20180811.961080.E","D00000003500",,,,,,"aspink@neoninc.org","dsmith1@battelleecology.org",,,
"1c30c54f-0c40-4481-8b64-e0095d6eead6","08d9e920-a5cd-4cd4-842a-772c09a41d7d","UNDE_003.mammalGrid.mam","D05","UNDE","UNDE_003","H4","distributed","woodyWetlands",46.255040,-89.535332,"WGS84",45.2,505.1,0.3,"5 - capture","ShermanLF","2018-08-11","2018-08-11","NEON.MAM.D05.O003H420180811",,"BLBR","Blarina brevicauda","species",,,,"sex and reproductive conditions","N","M","N","dead",,"adult",,,,,,,,,,"U","U","U",,,,,,,,,,,,,,,"UNDE.20180811.O003H420180811.V","B00000021583","rchambliss@battelleecology.org","jbuza@battelleecology.org",,,
"e5fd8007-949c-4e5b-a279-1f88bb361601","fcc2805c-20b6-47a8-87bf-10596fa8b034","UNDE_002.mammalGrid.mam","D05","UNDE","UNDE_002","F2","distributed","woodyWetlands",46.244297,-89.543943,"WGS84",45.1,504.3,0.2,"6 - trap set and empty","ShermanLF","2018-08-11","2018-08-11",,,,,,,,,,,,,,,,,,,,,,,,,,,,,,,,,,,,,,,,,,,,"aspink@neoninc.org","dsmith1@battelleecology.org",,,
"4f7b813e-ee49-41b3-9780-2ebb375e4c23","82c4ba99-3914-49fc-843f-49dd793a4448","UNDE_001.mammalGrid.mam","D05","UNDE","UNDE_001","A9","distributed","deciduousForest",46.235415,-89.559203,"WGS84",45.2,538.4,0.3,"6 - trap set and empty","ShermanLF","2018-08-11","2018-08-11",,,,,,,,,,,,,,,,,,,,,,,,,,,,,,,,,,,,,,,,,,,,"dsmith1@battelleecology.org","jswenson@battelleecology.org",,,
"97726a76-0a76-4205-97ff-24e1dcd20dd0","82c4ba99-3914-49fc-843f-49dd793a4448","UNDE_001.mammalGrid.mam","D05","UNDE","UNDE_001","E4","distributed","deciduousForest",46.235415,-89.559203,"WGS84",45.2,538.4,0.3,"6 - trap set and empty","ShermanLF","2018-08-11","2018-08-11",,,,,,,,,,,,,,,,,,,,,,,,,,,,,,,,,,,,,,,,,,,,"dsmith1@battelleecology.org","jswenson@battelleecology.org",,,
"dbab936c-dbec-445c-87a2-b8813aa0d2bc","0288762d-3e27-4fad-8f7f-491730f916bd","UNDE_008.mammalGrid.mam","D05","UNDE","UNDE_008","D4","distributed","mixedForest",46.255793,-89.513196,"WGS84",45.1,511.6,0.2,"5 - capture","ShermanLF","2018-08-11","2018-08-11","NEON.MAM.D05.R4353",,"MYGA","Myodes gapperi","species",,,,,"N","M","N","released",,"adult","nonscrotal",,,,19,,,,24,"N","N","N",,,,,,,,,,"UNDE.20180811.R4353.E","D00000003582",,,,,,"jbuza@battelleecology.org","rchambliss@battelleecology.org",,,
"2d8e6dac-9c4d-413e-a6fc-849de03ce6be","82c4ba99-3914-49fc-843f-49dd793a4448","UNDE_001.mammalGrid.mam","D05","UNDE","UNDE_001","D6","distributed","deciduousForest",46.235415,-89.559203,"WGS84",45.2,538.4,0.3,"5 - capture","ShermanLF","2018-08-11","2018-08-11","NEON.MAM.D05.R3879",,"NAIN","Napaeozapus insignis","species",,,,,"N","F","N","released",,"adult",,"nonenlarged","not","swollen",30,,,,25,"N","N","N",,,,,,,,,,"UNDE.20180811.R3879.E","D00000003362",,,,,,"dsmith1@battelleecology.org","jswenson@battelleecology.org",,,
"b0e870a9-e75d-45c8-a30d-b779283fd4df","82c4ba99-3914-49fc-843f-49dd793a4448","UNDE_001.mammalGrid.mam","D05","UNDE","UNDE_001","C1","distributed","deciduousForest",46.235415,-89.559203,"WGS84",45.2,538.4,0.3,"6 - trap set and empty","ShermanLF","2018-08-11","2018-08-11",,,,,,,,,,,,,,,,,,,,,,,,,,,,,,,,,,,,,,,,,,,,"dsmith1@battelleecology.org","jswenson@battelleecology.org",,,
"8574f9d1-d9c3-429c-8af9-bc2c06525b83","08d9e920-a5cd-4cd4-842a-772c09a41d7d","UNDE_003.mammalGrid.mam","D05","UNDE","UNDE_003","J7","distributed","woodyWetlands",46.255040,-89.535332,"WGS84",45.2,505.1,0.3,"5 - capture","ShermanLF","2018-08-11","2018-08-11","NEON.MAM.D05.O003J720180811",,"BLBR","Blarina brevicauda","species",,,,,"N","U","U","released",,"unknown",,,,,,,,,,"U","U","U",,,,,,,,,,,,,,,,,"rchambliss@battelleecology.org","jbuza@battelleecology.org",,,
"dc010d4f-2bc3-432e-ab9a-69934c22d1f3","08d9e920-a5cd-4cd4-842a-772c09a41d7d","UNDE_003.mammalGrid.mam","D05","UNDE","UNDE_003","I10","distributed","woodyWetlands",46.255040,-89.535332,"WGS84",45.2,505.1,0.3,"6 - trap set and empty","ShermanLF","2018-08-11","2018-08-11",,,,,,,,,,,,,,,,,,,,,,,,,,,,,,,,,,,,,,,,,,,,"rchambliss@battelleecology.org","jbuza@battelleecology.org",,,
"bed9873b-8e61-4b4b-bbdb-908a060565b1","08d9e920-a5cd-4cd4-842a-772c09a41d7d","UNDE_003.mammalGrid.mam","D05","UNDE","UNDE_003","C7","distributed","woodyWetlands",46.255040,-89.535332,"WGS84",45.2,505.1,0.3,"6 - trap set and empty","ShermanLF","2018-08-11","2018-08-11",,,,,,,,,,,,,,,,,,,,,,,,,,,,,,,,,,,,,,,,,,,,"rchambliss@battelleecology.org","jbuza@battelleecology.org",,,
"1343f5e7-dae8-4362-9d5b-ff9d8f38f934","08d9e920-a5cd-4cd4-842a-772c09a41d7d","UNDE_003.mammalGrid.mam","D05","UNDE","UNDE_003","G6","distributed","woodyWetlands",46.255040,-89.535332,"WGS84",45.2,505.1,0.3,"6 - trap set and empty","ShermanLF","2018-08-11","2018-08-11",,,,,,,,,,,,,,,,,,,,,,,,,,,,,,,,,,,,,,,,,,,,"rchambliss@battelleecology.org","jbuza@battelleecology.org",,,
"382558c4-8012-439d-ab0b-19e0d651a6a6","0288762d-3e27-4fad-8f7f-491730f916bd","UNDE_008.mammalGrid.mam","D05","UNDE","UNDE_008","B4","distributed","mixedForest",46.255793,-89.513196,"WGS84",45.1,511.6,0.2,"6 - trap set and empty","ShermanLF","2018-08-11","2018-08-11",,,,,,,,,,,,,,,,,,,,,,,,,,,,,,,,,,,,,,,,,,,,"jbuza@battelleecology.org","rchambliss@battelleecology.org",,,
"9744dfbf-fb01-49a0-be8c-ecfadcd3fa05","82c4ba99-3914-49fc-843f-49dd793a4448","UNDE_001.mammalGrid.mam","D05","UNDE","UNDE_001","I4","distributed","deciduousForest",46.235415,-89.559203,"WGS84",45.2,538.4,0.3,"6 - trap set and empty","ShermanLF","2018-08-11","2018-08-11",,,,,,,,,,,,,,,,,,,,,,,,,,,,,,,,,,,,,,,,,,,,"dsmith1@battelleecology.org","jswenson@battelleecology.org",,,
"f53474d8-593e-4eb8-9bd5-2cbc7f7dedba","0288762d-3e27-4fad-8f7f-491730f916bd","UNDE_008.mammalGrid.mam","D05","UNDE","UNDE_008","J2","distributed","mixedForest",46.255793,-89.513196,"WGS84",45.1,511.6,0.2,"6 - trap set and empty","ShermanLF","2018-08-11","2018-08-11",,,,,,,,,,,,,,,,,,,,,,,,,,,,,,,,,,,,,,,,,,,,"jbuza@battelleecology.org","rchambliss@battelleecology.org",,,
"672900f0-bcdc-459b-bf69-01e7ae47b6e3","08d9e920-a5cd-4cd4-842a-772c09a41d7d","UNDE_003.mammalGrid.mam","D05","UNDE","UNDE_003","J3","distributed","woodyWetlands",46.255040,-89.535332,"WGS84",45.2,505.1,0.3,"6 - trap set and empty","ShermanLF","2018-08-11","2018-08-11",,,,,,,,,,,,,,,,,,,,,,,,,,,,,,,,,,,,,,,,,,,,"rchambliss@battelleecology.org","jbuza@battelleecology.org",,,
"47ae4e9f-dc06-4265-a28d-b06e0e6823ba","fcc2805c-20b6-47a8-87bf-10596fa8b034","UNDE_002.mammalGrid.mam","D05","UNDE","UNDE_002","C2","distributed","woodyWetlands",46.244297,-89.543943,"WGS84",45.1,504.3,0.2,"6 - trap set and empty","ShermanLF","2018-08-11","2018-08-11",,,,,,,,,,,,,,,,,,,,,,,,,,,,,,,,,,,,,,,,,,,,"aspink@neoninc.org","dsmith1@battelleecology.org",,,
"73146ce6-1e3f-4d43-8371-5b9376a860f0","fcc2805c-20b6-47a8-87bf-10596fa8b034","UNDE_002.mammalGrid.mam","D05","UNDE","UNDE_002","B9","distributed","woodyWetlands",46.244297,-89.543943,"WGS84",45.1,504.3,0.2,"6 - trap set and empty","ShermanLF","2018-08-11","2018-08-11",,,,,,,,,,,,,,,,,,,,,,,,,,,,,,,,,,,,,,,,,,,,"aspink@neoninc.org","dsmith1@battelleecology.org",,,
"6cf1398e-73fc-4b34-b59d-c0b00f57c85f","08d9e920-a5cd-4cd4-842a-772c09a41d7d","UNDE_003.mammalGrid.mam","D05","UNDE","UNDE_003","E2","distributed","woodyWetlands",46.255040,-89.535332,"WGS84",45.2,505.1,0.3,"6 - trap set and empty","ShermanLF","2018-08-11","2018-08-11",,,,,,,,,,,,,,,,,,,,,,,,,,,,,,,,,,,,,,,,,,,,"rchambliss@battelleecology.org","jbuza@battelleecology.org",,,
"3a2cb5ab-4e38-4d83-b10e-2e03b3eaa490","fcc2805c-20b6-47a8-87bf-10596fa8b034","UNDE_002.mammalGrid.mam","D05","UNDE","UNDE_002","D10","distributed","woodyWetlands",46.244297,-89.543943,"WGS84",45.1,504.3,0.2,"6 - trap set and empty","ShermanLF","2018-08-11","2018-08-11",,,,,,,,,,,,,,,,,,,,,,,,,,,,,,,,,,,,,,,,,,,,"aspink@neoninc.org","dsmith1@battelleecology.org",,,
"6b283d52-95bb-4ca3-af59-f1dedd881a81","fcc2805c-20b6-47a8-87bf-10596fa8b034","UNDE_002.mammalGrid.mam","D05","UNDE","UNDE_002","E9","distributed","woodyWetlands",46.244297,-89.543943,"WGS84",45.1,504.3,0.2,"6 - trap set and empty","ShermanLF","2018-08-11","2018-08-11",,,,,,,,,,,,,,,,,,,,,,,,,,,,,,,,,,,,,,,,,,,,"aspink@neoninc.org","dsmith1@battelleecology.org",,,
"c1315a18-7de1-4c9e-8a5b-c3bdaca11968","08d9e920-a5cd-4cd4-842a-772c09a41d7d","UNDE_003.mammalGrid.mam","D05","UNDE","UNDE_003","I7","distributed","woodyWetlands",46.255040,-89.535332,"WGS84",45.2,505.1,0.3,"3 - trap door open or closed w/ spoor left","ShermanLF","2018-08-11","2018-08-11",,,,,,,,,,,,,,,,,,,,,,,,,,,,,,,,,,,,,,,,,,,,"rchambliss@battelleecology.org","jbuza@battelleecology.org",,,
"36470d48-5322-4015-9ad9-0bf1484cb06e","08d9e920-a5cd-4cd4-842a-772c09a41d7d","UNDE_003.mammalGrid.mam","D05","UNDE","UNDE_003","C5","distributed","woodyWetlands",46.255040,-89.535332,"WGS84",45.2,505.1,0.3,"5 - capture","ShermanLF","2018-08-11","2018-08-11","NEON.MAM.D05.O003C520180811",,"BLBR","Blarina brevicauda","species",,,,"sex and reproductive conditions","N","F","N","dead",,"adult",,"nonenlarged","not","unknown",,,,,,"U","U","U",,,,,,,,,,,,,,,"UNDE.20180811.O003C520180811.V","B00000021582","rchambliss@battelleecology.org","jbuza@battelleecology.org",,,
"d8ab4050-b983-46ca-b7c0-81ba91e4a297","82c4ba99-3914-49fc-843f-49dd793a4448","UNDE_001.mammalGrid.mam","D05","UNDE","UNDE_001","C9","distributed","deciduousForest",46.235415,-89.559203,"WGS84",45.2,538.4,0.3,"6 - trap set and empty","ShermanLF","2018-08-11","2018-08-11",,,,,,,,,,,,,,,,,,,,,,,,,,,,,,,,,,,,,,,,,,,,"dsmith1@battelleecology.org","jswenson@battelleecology.org",,,
"ea0e2e40-a847-486e-8d9b-28eadc04e672","08d9e920-a5cd-4cd4-842a-772c09a41d7d","UNDE_003.mammalGrid.mam","D05","UNDE","UNDE_003","H10","distributed","woodyWetlands",46.255040,-89.535332,"WGS84",45.2,505.1,0.3,"6 - trap set and empty","ShermanLF","2018-08-11","2018-08-11",,,,,,,,,,,,,,,,,,,,,,,,,,,,,,,,,,,,,,,,,,,,"rchambliss@battelleecology.org","jbuza@battelleecology.org",,,
"16114ec4-ef9a-4bd8-b4b2-00f78c0b6610","08d9e920-a5cd-4cd4-842a-772c09a41d7d","UNDE_003.mammalGrid.mam","D05","UNDE","UNDE_003","F9","distributed","woodyWetlands",46.255040,-89.535332,"WGS84",45.2,505.1,0.3,"6 - trap set and empty","ShermanLF","2018-08-11","2018-08-11",,,,,,,,,,,,,,,,,,,,,,,,,,,,,,,,,,,,,,,,,,,,"rchambliss@battelleecology.org","jbuza@battelleecology.org",,,
"d6100bf5-14ff-4c13-868b-5ebe0722c029","08d9e920-a5cd-4cd4-842a-772c09a41d7d","UNDE_003.mammalGrid.mam","D05","UNDE","UNDE_003","C2","distributed","woodyWetlands",46.255040,-89.535332,"WGS84",45.2,505.1,0.3,"6 - trap set and empty","ShermanLF","2018-08-11","2018-08-11",,,,,,,,,,,,,,,,,,,,,,,,,,,,,,,,,,,,,,,,,,,,"rchambliss@battelleecology.org","jbuza@battelleecology.org",,,
"4e93be4a-3cfb-417d-b225-b74340940e10","0288762d-3e27-4fad-8f7f-491730f916bd","UNDE_008.mammalGrid.mam","D05","UNDE","UNDE_008","I8","distributed","mixedForest",46.255793,-89.513196,"WGS84",45.1,511.6,0.2,"6 - trap set and empty","ShermanLF","2018-08-11","2018-08-11",,,,,,,,,,,,,,,,,,,,,,,,,,,,,,,,,,,,,,,,,,,,"jbuza@battelleecology.org","rchambliss@battelleecology.org",,,
"aae9dfad-366f-4b0b-b0e3-aab9cd53a490","fcc2805c-20b6-47a8-87bf-10596fa8b034","UNDE_002.mammalGrid.mam","D05","UNDE","UNDE_002","D3","distributed","woodyWetlands",46.244297,-89.543943,"WGS84",45.1,504.3,0.2,"5 - capture","ShermanLF","2018-08-11","2018-08-11","NEON.MAM.D05.O002D320180811",,"BLBR","Blarina brevicauda","species",,,,,"N","M","N","released",,"adult",,,,,,,,,,"U","U","U",,,,,,,,,,,,,,,,,"aspink@neoninc.org","dsmith1@battelleecology.org",,,
"0a381acd-3965-47a1-afe5-69491e48b346","82c4ba99-3914-49fc-843f-49dd793a4448","UNDE_001.mammalGrid.mam","D05","UNDE","UNDE_001","H3","distributed","deciduousForest",46.235415,-89.559203,"WGS84",45.2,538.4,0.3,"3 - trap door open or closed w/ spoor left","ShermanLF","2018-08-11","2018-08-11",,,,,,,,,,,,,,,,,,,,,,,,,,,,,,,,,,,,,,,,,,,,"dsmith1@battelleecology.org","jswenson@battelleecology.org",,,
"9b60e254-a321-4418-8075-e613ddbc6d16","fcc2805c-20b6-47a8-87bf-10596fa8b034","UNDE_002.mammalGrid.mam","D05","UNDE","UNDE_002","I4","distributed","woodyWetlands",46.244297,-89.543943,"WGS84",45.1,504.3,0.2,"6 - trap set and empty","ShermanLF","2018-08-11","2018-08-11",,,,,,,,,,,,,,,,,,,,,,,,,,,,,,,,,,,,,,,,,,,,"aspink@neoninc.org","dsmith1@battelleecology.org",,,
"fdbe409a-2974-4509-ad0d-b5dc69d6ac28","82c4ba99-3914-49fc-843f-49dd793a4448","UNDE_001.mammalGrid.mam","D05","UNDE","UNDE_001","D2","distributed","deciduousForest",46.235415,-89.559203,"WGS84",45.2,538.4,0.3,"6 - trap set and empty","ShermanLF","2018-08-11","2018-08-11",,,,,,,,,,,,,,,,,,,,,,,,,,,,,,,,,,,,,,,,,,,,"dsmith1@battelleecology.org","jswenson@battelleecology.org",,,
"391c17d6-1dfe-475c-892d-75f4962ce359","08d9e920-a5cd-4cd4-842a-772c09a41d7d","UNDE_003.mammalGrid.mam","D05","UNDE","UNDE_003","F5","distributed","woodyWetlands",46.255040,-89.535332,"WGS84",45.2,505.1,0.3,"6 - trap set and empty","ShermanLF","2018-08-11","2018-08-11",,,,,,,,,,,,,,,,,,,,,,,,,,,,,,,,,,,,,,,,,,,,"rchambliss@battelleecology.org","jbuza@battelleecology.org",,,
"a75af44a-998b-49b3-be2d-86e9f4fbbbd2","fcc2805c-20b6-47a8-87bf-10596fa8b034","UNDE_002.mammalGrid.mam","D05","UNDE","UNDE_002","J7","distributed","woodyWetlands",46.244297,-89.543943,"WGS84",45.1,504.3,0.2,"6 - trap set and empty","ShermanLF","2018-08-11","2018-08-11",,,,,,,,,,,,,,,,,,,,,,,,,,,,,,,,,,,,,,,,,,,,"aspink@neoninc.org","dsmith1@battelleecology.org",,,
"52077f56-a0c8-4e3a-8140-3a294ed18568","0288762d-3e27-4fad-8f7f-491730f916bd","UNDE_008.mammalGrid.mam","D05","UNDE","UNDE_008","E2","distributed","mixedForest",46.255793,-89.513196,"WGS84",45.1,511.6,0.2,"6 - trap set and empty","ShermanLF","2018-08-11","2018-08-11",,,,,,,,,,,,,,,,,,,,,,,,,,,,,,,,,,,,,,,,,,,,"jbuza@battelleecology.org","rchambliss@battelleecology.org",,,
"9c7703c4-71f7-457b-b302-b07c15400dda","82c4ba99-3914-49fc-843f-49dd793a4448","UNDE_001.mammalGrid.mam","D05","UNDE","UNDE_001","J1","distributed","deciduousForest",46.235415,-89.559203,"WGS84",45.2,538.4,0.3,"3 - trap door open or closed w/ spoor left","ShermanLF","2018-08-11","2018-08-11",,,,,,,,,,,,,,,,,,,,,,,,,,,,,,,,,,,,,,,,,,,,"dsmith1@battelleecology.org","jswenson@battelleecology.org",,,
"09f011eb-becc-4759-b511-5d04af0ae2d6","08d9e920-a5cd-4cd4-842a-772c09a41d7d","UNDE_003.mammalGrid.mam","D05","UNDE","UNDE_003","H7","distributed","woodyWetlands",46.255040,-89.535332,"WGS84",45.2,505.1,0.3,"6 - trap set and empty","ShermanLF","2018-08-11","2018-08-11",,,,,,,,,,,,,,,,,,,,,,,,,,,,,,,,,,,,,,,,,,,,"rchambliss@battelleecology.org","jbuza@battelleecology.org",,,
"bfbf1ab3-8803-47ec-a0f0-1aaf86b735cc","fcc2805c-20b6-47a8-87bf-10596fa8b034","UNDE_002.mammalGrid.mam","D05","UNDE","UNDE_002","J2","distributed","woodyWetlands",46.244297,-89.543943,"WGS84",45.1,504.3,0.2,"5 - capture","ShermanLF","2018-08-11","2018-08-11","NEON.MAM.D05.010771",,"MIPE","Microtus pennsylvanicus","species",,,,,"N","F","N","released",,"adult",,"enlarged","not","neither",20,,,,32,"N","N","N",,,,,,,"UNDE.20180811.010771.F","D00000003492","fresh","UNDE.20180811.010771.E","D00000003514",,,,,,"aspink@neoninc.org","dsmith1@battelleecology.org",,,
"47e29c92-1f21-441a-8a83-d9032286dc2b","0288762d-3e27-4fad-8f7f-491730f916bd","UNDE_008.mammalGrid.mam","D05","UNDE","UNDE_008","A6","distributed","mixedForest",46.255793,-89.513196,"WGS84",45.1,511.6,0.2,"6 - trap set and empty","ShermanLF","2018-08-11","2018-08-11",,,,,,,,,,,,,,,,,,,,,,,,,,,,,,,,,,,,,,,,,,,,"jbuza@battelleecology.org","rchambliss@battelleecology.org",,,
"349dc1ea-487a-4cad-b26a-b6e2bc6e0a2e","08d9e920-a5cd-4cd4-842a-772c09a41d7d","UNDE_003.mammalGrid.mam","D05","UNDE","UNDE_003","E3","distributed","woodyWetlands",46.255040,-89.535332,"WGS84",45.2,505.1,0.3,"6 - trap set and empty","ShermanLF","2018-08-11","2018-08-11",,,,,,,,,,,,,,,,,,,,,,,,,,,,,,,,,,,,,,,,,,,,"rchambliss@battelleecology.org","jbuza@battelleecology.org",,,
"d2bee2fc-205c-449a-b878-8cc416555f6c","fcc2805c-20b6-47a8-87bf-10596fa8b034","UNDE_002.mammalGrid.mam","D05","UNDE","UNDE_002","D4","distributed","woodyWetlands",46.244297,-89.543943,"WGS84",45.1,504.3,0.2,"6 - trap set and empty","ShermanLF","2018-08-11","2018-08-11",,,,,,,,,,,,,,,,,,,,,,,,,,,,,,,,,,,,,,,,,,,,"aspink@neoninc.org","dsmith1@battelleecology.org",,,
"197121bf-fb4c-4af7-bb18-f229d6dd2094","0288762d-3e27-4fad-8f7f-491730f916bd","UNDE_008.mammalGrid.mam","D05","UNDE","UNDE_008","J4","distributed","mixedForest",46.255793,-89.513196,"WGS84",45.1,511.6,0.2,"2 - trap disturbed/door closed but empty","ShermanLF","2018-08-11","2018-08-11",,,,,,,,,,,,,,,,,,,,,,,,,,,,,,,,,,,,,,,,,,,,"jbuza@battelleecology.org","rchambliss@battelleecology.org",,,
"07e89305-5f28-4e80-933b-bcab1d4610b8","82c4ba99-3914-49fc-843f-49dd793a4448","UNDE_001.mammalGrid.mam","D05","UNDE","UNDE_001","H6","distributed","deciduousForest",46.235415,-89.559203,"WGS84",45.2,538.4,0.3,"6 - trap set and empty","ShermanLF","2018-08-11","2018-08-11",,,,,,,,,,,,,,,,,,,,,,,,,,,,,,,,,,,,,,,,,,,,"dsmith1@battelleecology.org","jswenson@battelleecology.org",,,
"a7befd41-fb45-47c0-a071-cfee1f149845","08d9e920-a5cd-4cd4-842a-772c09a41d7d","UNDE_003.mammalGrid.mam","D05","UNDE","UNDE_003","I1","distributed","woodyWetlands",46.255040,-89.535332,"WGS84",45.2,505.1,0.3,"6 - trap set and empty","ShermanLF","2018-08-11","2018-08-11",,,,,,,,,,,,,,,,,,,,,,,,,,,,,,,,,,,,,,,,,,,,"rchambliss@battelleecology.org","jbuza@battelleecology.org",,,
"5e0d8672-cd79-4d78-be6c-bb6ec2ff247c","82c4ba99-3914-49fc-843f-49dd793a4448","UNDE_001.mammalGrid.mam","D05","UNDE","UNDE_001","D10","distributed","deciduousForest",46.235415,-89.559203,"WGS84",45.2,538.4,0.3,"5 - capture","ShermanLF","2018-08-11","2018-08-11","NEON.MAM.D05.O001D1020180811",,"BLBR","Blarina brevicauda","species",,,,,"N","M","N","released",,"adult","unknown",,,,,,,,,"U","U","U",,,,,,,,,,,,,,,,,"dsmith1@battelleecology.org","jswenson@battelleecology.org",,,
"5299d207-2a9a-4058-987c-8ca0120a403e","fcc2805c-20b6-47a8-87bf-10596fa8b034","UNDE_002.mammalGrid.mam","D05","UNDE","UNDE_002","G8","distributed","woodyWetlands",46.244297,-89.543943,"WGS84",45.1,504.3,0.2,"6 - trap set and empty","ShermanLF","2018-08-11","2018-08-11",,,,,,,,,,,,,,,,,,,,,,,,,,,,,,,,,,,,,,,,,,,,"aspink@neoninc.org","dsmith1@battelleecology.org",,,
"d8854d2e-6eb4-4494-b9a4-14fcb0e1913f","08d9e920-a5cd-4cd4-842a-772c09a41d7d","UNDE_003.mammalGrid.mam","D05","UNDE","UNDE_003","C6","distributed","woodyWetlands",46.255040,-89.535332,"WGS84",45.2,505.1,0.3,"6 - trap set and empty","ShermanLF","2018-08-11","2018-08-11",,,,,,,,,,,,,,,,,,,,,,,,,,,,,,,,,,,,,,,,,,,,"rchambliss@battelleecology.org","jbuza@battelleecology.org",,,
"a84ba724-e52c-41f1-b0f9-ed7ce0bea09c","fcc2805c-20b6-47a8-87bf-10596fa8b034","UNDE_002.mammalGrid.mam","D05","UNDE","UNDE_002","I3","distributed","woodyWetlands",46.244297,-89.543943,"WGS84",45.1,504.3,0.2,"6 - trap set and empty","ShermanLF","2018-08-11","2018-08-11",,,,,,,,,,,,,,,,,,,,,,,,,,,,,,,,,,,,,,,,,,,,"aspink@neoninc.org","dsmith1@battelleecology.org",,,
"4c25d152-e6e0-489f-b4d2-70796c67c34f","82c4ba99-3914-49fc-843f-49dd793a4448","UNDE_001.mammalGrid.mam","D05","UNDE","UNDE_001","C2","distributed","deciduousForest",46.235415,-89.559203,"WGS84",45.2,538.4,0.3,"6 - trap set and empty","ShermanLF","2018-08-11","2018-08-11",,,,,,,,,,,,,,,,,,,,,,,,,,,,,,,,,,,,,,,,,,,,"dsmith1@battelleecology.org","jswenson@battelleecology.org",,,
"9f8a5fe2-df29-49bd-be21-3e619e498db9","fcc2805c-20b6-47a8-87bf-10596fa8b034","UNDE_002.mammalGrid.mam","D05","UNDE","UNDE_002","H9","distributed","woodyWetlands",46.244297,-89.543943,"WGS84",45.1,504.3,0.2,"6 - trap set and empty","ShermanLF","2018-08-11","2018-08-11",,,,,,,,,,,,,,,,,,,,,,,,,,,,,,,,,,,,,,,,,,,,"aspink@neoninc.org","dsmith1@battelleecology.org",,,
"936f7ca4-08f9-4894-85d2-94dc6723b444","08d9e920-a5cd-4cd4-842a-772c09a41d7d","UNDE_003.mammalGrid.mam","D05","UNDE","UNDE_003","A2","distributed","woodyWetlands",46.255040,-89.535332,"WGS84",45.2,505.1,0.3,"6 - trap set and empty","ShermanLF","2018-08-11","2018-08-11",,,,,,,,,,,,,,,,,,,,,,,,,,,,,,,,,,,,,,,,,,,,"rchambliss@battelleecology.org","jbuza@battelleecology.org",,,
"ba1702e6-4c06-497b-9dbc-490956dbecb8","0288762d-3e27-4fad-8f7f-491730f916bd","UNDE_008.mammalGrid.mam","D05","UNDE","UNDE_008","A1","distributed","mixedForest",46.255793,-89.513196,"WGS84",45.1,511.6,0.2,"6 - trap set and empty","ShermanLF","2018-08-11","2018-08-11",,,,,,,,,,,,,,,,,,,,,,,,,,,,,,,,,,,,,,,,,,,,"jbuza@battelleecology.org","rchambliss@battelleecology.org",,,
"6f310cf7-94ad-402e-8eda-abc7bab08aa7","0288762d-3e27-4fad-8f7f-491730f916bd","UNDE_008.mammalGrid.mam","D05","UNDE","UNDE_008","A3","distributed","mixedForest",46.255793,-89.513196,"WGS84",45.1,511.6,0.2,"6 - trap set and empty","ShermanLF","2018-08-11","2018-08-11",,,,,,,,,,,,,,,,,,,,,,,,,,,,,,,,,,,,,,,,,,,,"jbuza@battelleecology.org","rchambliss@battelleecology.org",,,
"84d2f89d-a9b6-4c56-8592-847a5e44c80a","0288762d-3e27-4fad-8f7f-491730f916bd","UNDE_008.mammalGrid.mam","D05","UNDE","UNDE_008","C3","distributed","mixedForest",46.255793,-89.513196,"WGS84",45.1,511.6,0.2,"6 - trap set and empty","ShermanLF","2018-08-11","2018-08-11",,,,,,,,,,,,,,,,,,,,,,,,,,,,,,,,,,,,,,,,,,,,"jbuza@battelleecology.org","rchambliss@battelleecology.org",,,
"f347294c-e07e-474a-a6ed-d214832f3e71","0288762d-3e27-4fad-8f7f-491730f916bd","UNDE_008.mammalGrid.mam","D05","UNDE","UNDE_008","C2","distributed","mixedForest",46.255793,-89.513196,"WGS84",45.1,511.6,0.2,"6 - trap set and empty","ShermanLF","2018-08-11","2018-08-11",,,,,,,,,,,,,,,,,,,,,,,,,,,,,,,,,,,,,,,,,,,,"jbuza@battelleecology.org","rchambliss@battelleecology.org",,,
"b57aeb06-67ef-4ed3-98b1-3623fc2044bb","0288762d-3e27-4fad-8f7f-491730f916bd","UNDE_008.mammalGrid.mam","D05","UNDE","UNDE_008","J1","distributed","mixedForest",46.255793,-89.513196,"WGS84",45.1,511.6,0.2,"6 - trap set and empty","ShermanLF","2018-08-11","2018-08-11",,,,,,,,,,,,,,,,,,,,,,,,,,,,,,,,,,,,,,,,,,,,"jbuza@battelleecology.org","rchambliss@battelleecology.org",,,
"a47ec12f-bbac-4ba2-bdac-96a1752f454e","0288762d-3e27-4fad-8f7f-491730f916bd","UNDE_008.mammalGrid.mam","D05","UNDE","UNDE_008","H3","distributed","mixedForest",46.255793,-89.513196,"WGS84",45.1,511.6,0.2,"6 - trap set and empty","ShermanLF","2018-08-11","2018-08-11",,,,,,,,,,,,,,,,,,,,,,,,,,,,,,,,,,,,,,,,,,,,"jbuza@battelleecology.org","rchambliss@battelleecology.org",,,
"0260763b-d57c-43a4-ae8f-839d32d882db","82c4ba99-3914-49fc-843f-49dd793a4448","UNDE_001.mammalGrid.mam","D05","UNDE","UNDE_001","I6","distributed","deciduousForest",46.235415,-89.559203,"WGS84",45.2,538.4,0.3,"6 - trap set and empty","ShermanLF","2018-08-11","2018-08-11",,,,,,,,,,,,,,,,,,,,,,,,,,,,,,,,,,,,,,,,,,,,"dsmith1@battelleecology.org","jswenson@battelleecology.org",,,
"a8076c71-8c1f-45e4-9761-2fe7245d83ab","08d9e920-a5cd-4cd4-842a-772c09a41d7d","UNDE_003.mammalGrid.mam","D05","UNDE","UNDE_003","B3","distributed","woodyWetlands",46.255040,-89.535332,"WGS84",45.2,505.1,0.3,"6 - trap set and empty","ShermanLF","2018-08-11","2018-08-11",,,,,,,,,,,,,,,,,,,,,,,,,,,,,,,,,,,,,,,,,,,,"rchambliss@battelleecology.org","jbuza@battelleecology.org",,,
"6a392a1c-4224-4af2-87a6-eba4deec0c68","82c4ba99-3914-49fc-843f-49dd793a4448","UNDE_001.mammalGrid.mam","D05","UNDE","UNDE_001","A10","distributed","deciduousForest",46.235415,-89.559203,"WGS84",45.2,538.4,0.3,"5 - capture","ShermanLF","2018-08-11","2018-08-11","NEON.MAM.D05.R4336",,"PEMA","Peromyscus maniculatus","species",,,,,"N","M","N","released",,"adult","nonscrotal",,,,22,18,,,23,"N","N","N",,,,,,,,,,"UNDE.20180811.R4336.E","D00000003346","UNDE.20180811.R4336.H","B00000021496","hairAndWhisker",,,"dsmith1@battelleecology.org","jswenson@battelleecology.org",,,
"644c2727-cce1-4636-88da-3300270a0604","08d9e920-a5cd-4cd4-842a-772c09a41d7d","UNDE_003.mammalGrid.mam","D05","UNDE","UNDE_003","J4","distributed","woodyWetlands",46.255040,-89.535332,"WGS84",45.2,505.1,0.3,"6 - trap set and empty","ShermanLF","2018-08-11","2018-08-11",,,,,,,,,,,,,,,,,,,,,,,,,,,,,,,,,,,,,,,,,,,,"rchambliss@battelleecology.org","jbuza@battelleecology.org",,,
"2472507a-9c6e-4af2-bd55-3c25fa7d4806","82c4ba99-3914-49fc-843f-49dd793a4448","UNDE_001.mammalGrid.mam","D05","UNDE","UNDE_001","J9","distributed","deciduousForest",46.235415,-89.559203,"WGS84",45.2,538.4,0.3,"3 - trap door open or closed w/ spoor left","ShermanLF","2018-08-11","2018-08-11",,,,,,,,,,,,,,,,,,,,,,,,,,,,,,,,,,,,,,,,,,,,"dsmith1@battelleecology.org","jswenson@battelleecology.org",,,
"fa1f0ddf-2877-4f58-acc6-40108c60cc68","08d9e920-a5cd-4cd4-842a-772c09a41d7d","UNDE_003.mammalGrid.mam","D05","UNDE","UNDE_003","D10","distributed","woodyWetlands",46.255040,-89.535332,"WGS84",45.2,505.1,0.3,"6 - trap set and empty","ShermanLF","2018-08-11","2018-08-11",,,,,,,,,,,,,,,,,,,,,,,,,,,,,,,,,,,,,,,,,,,,"rchambliss@battelleecology.org","jbuza@battelleecology.org",,,
"21aae46e-3bdd-48d5-83c4-d729f4b29792","fcc2805c-20b6-47a8-87bf-10596fa8b034","UNDE_002.mammalGrid.mam","D05","UNDE","UNDE_002","A9","distributed","woodyWetlands",46.244297,-89.543943,"WGS84",45.1,504.3,0.2,"6 - trap set and empty","ShermanLF","2018-08-11","2018-08-11",,,,,,,,,,,,,,,,,,,,,,,,,,,,,,,,,,,,,,,,,,,,"aspink@neoninc.org","dsmith1@battelleecology.org",,,
"e6ab58a5-f1b6-4c58-b3bd-973b3ca1e1c7","fcc2805c-20b6-47a8-87bf-10596fa8b034","UNDE_002.mammalGrid.mam","D05","UNDE","UNDE_002","D2","distributed","woodyWetlands",46.244297,-89.543943,"WGS84",45.1,504.3,0.2,"6 - trap set and empty","ShermanLF","2018-08-11","2018-08-11",,,,,,,,,,,,,,,,,,,,,,,,,,,,,,,,,,,,,,,,,,,,"aspink@neoninc.org","dsmith1@battelleecology.org",,,
"ee3e1d1c-9a87-431a-89f7-e0b0ad499d50","08d9e920-a5cd-4cd4-842a-772c09a41d7d","UNDE_003.mammalGrid.mam","D05","UNDE","UNDE_003","A7","distributed","woodyWetlands",46.255040,-89.535332,"WGS84",45.2,505.1,0.3,"6 - trap set and empty","ShermanLF","2018-08-11","2018-08-11",,,,,,,,,,,,,,,,,,,,,,,,,,,,,,,,,,,,,,,,,,,,"rchambliss@battelleecology.org","jbuza@battelleecology.org",,,
"45285d35-7cbc-447d-8d87-32dc502edbdb","0288762d-3e27-4fad-8f7f-491730f916bd","UNDE_008.mammalGrid.mam","D05","UNDE","UNDE_008","E4","distributed","mixedForest",46.255793,-89.513196,"WGS84",45.1,511.6,0.2,"6 - trap set and empty","ShermanLF","2018-08-11","2018-08-11",,,,,,,,,,,,,,,,,,,,,,,,,,,,,,,,,,,,,,,,,,,,"jbuza@battelleecology.org","rchambliss@battelleecology.org",,,
"11c8196f-1972-4980-9d2b-dbe4daa3f4c7","08d9e920-a5cd-4cd4-842a-772c09a41d7d","UNDE_003.mammalGrid.mam","D05","UNDE","UNDE_003","D8","distributed","woodyWetlands",46.255040,-89.535332,"WGS84",45.2,505.1,0.3,"5 - capture","ShermanLF","2018-08-11","2018-08-11","NEON.MAM.D05.O003D820180811",,"SOAR","Sorex arcticus","species",,,,"taxonID confirmed, sex and reproductive conditions updated","N","F","N","dead",,"adult",,"nonenlarged","not","unknown",,,,,,"U","U","U",,,,,,,,,,,,,,,"UNDE.20180811.O003D820180811.V","B00000021587","rchambliss@battelleecology.org","jbuza@battelleecology.org",,,
"67067711-7243-44e2-97ce-6dfda4bdd1e1","fcc2805c-20b6-47a8-87bf-10596fa8b034","UNDE_002.mammalGrid.mam","D05","UNDE","UNDE_002","J5","distributed","woodyWetlands",46.244297,-89.543943,"WGS84",45.1,504.3,0.2,"6 - trap set and empty","ShermanLF","2018-08-11","2018-08-11",,,,,,,,,,,,,,,,,,,,,,,,,,,,,,,,,,,,,,,,,,,,"aspink@neoninc.org","dsmith1@battelleecology.org",,,
"3bb6e4dc-1389-47d2-a539-74c1e72ad083","fcc2805c-20b6-47a8-87bf-10596fa8b034","UNDE_002.mammalGrid.mam","D05","UNDE","UNDE_002","I10","distributed","woodyWetlands",46.244297,-89.543943,"WGS84",45.1,504.3,0.2,"3 - trap door open or closed w/ spoor left","ShermanLF","2018-08-11","2018-08-11",,,,,,,,,,,,,,,,,,,,,,,,,,,,,,,,,,,,,,,,,,,,"aspink@neoninc.org","dsmith1@battelleecology.org",,,
"31ca077a-15d4-4b33-879a-4e5ec56f50ba","0288762d-3e27-4fad-8f7f-491730f916bd","UNDE_008.mammalGrid.mam","D05","UNDE","UNDE_008","A4","distributed","mixedForest",46.255793,-89.513196,"WGS84",45.1,511.6,0.2,"6 - trap set and empty","ShermanLF","2018-08-11","2018-08-11",,,,,,,,,,,,,,,,,,,,,,,,,,,,,,,,,,,,,,,,,,,,"jbuza@battelleecology.org","rchambliss@battelleecology.org",,,
"5e02e6ca-5ae7-4d1d-bad9-50290ecbc5b5","08d9e920-a5cd-4cd4-842a-772c09a41d7d","UNDE_003.mammalGrid.mam","D05","UNDE","UNDE_003","B10","distributed","woodyWetlands",46.255040,-89.535332,"WGS84",45.2,505.1,0.3,"3 - trap door open or closed w/ spoor left","ShermanLF","2018-08-11","2018-08-11",,,,,,,,,,,,,,,,,,,,,,,,,,,,,,,,,,,,,,,,,,,,"rchambliss@battelleecology.org","jbuza@battelleecology.org",,,
"1b723e88-2ae8-458c-8dbb-23b1fe6fea4b","fcc2805c-20b6-47a8-87bf-10596fa8b034","UNDE_002.mammalGrid.mam","D05","UNDE","UNDE_002","A7","distributed","woodyWetlands",46.244297,-89.543943,"WGS84",45.1,504.3,0.2,"6 - trap set and empty","ShermanLF","2018-08-11","2018-08-11",,,,,,,,,,,,,,,,,,,,,,,,,,,,,,,,,,,,,,,,,,,,"aspink@neoninc.org","dsmith1@battelleecology.org",,,
"e5a7377e-3094-4f86-93d5-dbf60a3f4a0b","0288762d-3e27-4fad-8f7f-491730f916bd","UNDE_008.mammalGrid.mam","D05","UNDE","UNDE_008","H5","distributed","mixedForest",46.255793,-89.513196,"WGS84",45.1,511.6,0.2,"6 - trap set and empty","ShermanLF","2018-08-11","2018-08-11",,,,,,,,,,,,,,,,,,,,,,,,,,,,,,,,,,,,,,,,,,,,"jbuza@battelleecology.org","rchambliss@battelleecology.org",,,
"70b7bc9c-4fc0-4043-abec-b5314228e4c6","0288762d-3e27-4fad-8f7f-491730f916bd","UNDE_008.mammalGrid.mam","D05","UNDE","UNDE_008","J3","distributed","mixedForest",46.255793,-89.513196,"WGS84",45.1,511.6,0.2,"6 - trap set and empty","ShermanLF","2018-08-11","2018-08-11",,,,,,,,,,,,,,,,,,,,,,,,,,,,,,,,,,,,,,,,,,,,"jbuza@battelleecology.org","rchambliss@battelleecology.org",,,
"79d18a9b-68ef-49e0-bc94-37f643cffc8b","08d9e920-a5cd-4cd4-842a-772c09a41d7d","UNDE_003.mammalGrid.mam","D05","UNDE","UNDE_003","F10","distributed","woodyWetlands",46.255040,-89.535332,"WGS84",45.2,505.1,0.3,"6 - trap set and empty","ShermanLF","2018-08-11","2018-08-11",,,,,,,,,,,,,,,,,,,,,,,,,,,,,,,,,,,,,,,,,,,,"rchambliss@battelleecology.org","jbuza@battelleecology.org",,,
"c1aa9a9c-2ff3-4388-8d4b-72ef43baa699","08d9e920-a5cd-4cd4-842a-772c09a41d7d","UNDE_003.mammalGrid.mam","D05","UNDE","UNDE_003","H6","distributed","woodyWetlands",46.255040,-89.535332,"WGS84",45.2,505.1,0.3,"6 - trap set and empty","ShermanLF","2018-08-11","2018-08-11",,,,,,,,,,,,,,,,,,,,,,,,,,,,,,,,,,,,,,,,,,,,"rchambliss@battelleecology.org","jbuza@battelleecology.org",,,
"84eb7cf6-0bbe-4165-9de9-6a9c608b7068","08d9e920-a5cd-4cd4-842a-772c09a41d7d","UNDE_003.mammalGrid.mam","D05","UNDE","UNDE_003","G7","distributed","woodyWetlands",46.255040,-89.535332,"WGS84",45.2,505.1,0.3,"6 - trap set and empty","ShermanLF","2018-08-11","2018-08-11",,,,,,,,,,,,,,,,,,,,,,,,,,,,,,,,,,,,,,,,,,,,"rchambliss@battelleecology.org","jbuza@battelleecology.org",,,
"76562154-f85c-4be8-a5ba-0eb5be7bcb2b","0288762d-3e27-4fad-8f7f-491730f916bd","UNDE_008.mammalGrid.mam","D05","UNDE","UNDE_008","F9","distributed","mixedForest",46.255793,-89.513196,"WGS84",45.1,511.6,0.2,"6 - trap set and empty","ShermanLF","2018-08-11","2018-08-11",,,,,,,,,,,,,,,,,,,,,,,,,,,,,,,,,,,,,,,,,,,,"jbuza@battelleecology.org","rchambliss@battelleecology.org",,,
"9511e074-4c50-475c-9b51-2e03be28decc","fcc2805c-20b6-47a8-87bf-10596fa8b034","UNDE_002.mammalGrid.mam","D05","UNDE","UNDE_002","C1","distributed","woodyWetlands",46.244297,-89.543943,"WGS84",45.1,504.3,0.2,"6 - trap set and empty","ShermanLF","2018-08-11","2018-08-11",,,,,,,,,,,,,,,,,,,,,,,,,,,,,,,,,,,,,,,,,,,,"aspink@neoninc.org","dsmith1@battelleecology.org",,,
"4472c438-6ea9-4f68-9fe7-306c91956f4a","0288762d-3e27-4fad-8f7f-491730f916bd","UNDE_008.mammalGrid.mam","D05","UNDE","UNDE_008","D9","distributed","mixedForest",46.255793,-89.513196,"WGS84",45.1,511.6,0.2,"5 - capture","ShermanLF","2018-08-11","2018-08-11","NEON.MAM.D05.O008D920180811",,"GLSA","Glaucomys sabrinus","species",,,,,"N","U","U","released",,"unknown",,,,,,,,,,"U","U","U",,,,,,,,,,,,,,,,,"jbuza@battelleecology.org","rchambliss@battelleecology.org",,,
"dae4bafe-48dc-43a6-a9cc-cd7750c7d254","08d9e920-a5cd-4cd4-842a-772c09a41d7d","UNDE_003.mammalGrid.mam","D05","UNDE","UNDE_003","G2","distributed","woodyWetlands",46.255040,-89.535332,"WGS84",45.2,505.1,0.3,"6 - trap set and empty","ShermanLF","2018-08-11","2018-08-11",,,,,,,,,,,,,,,,,,,,,,,,,,,,,,,,,,,,,,,,,,,,"rchambliss@battelleecology.org","jbuza@battelleecology.org",,,
"6ed74333-8b7a-47d2-ba6d-70282d1a2491","82c4ba99-3914-49fc-843f-49dd793a4448","UNDE_001.mammalGrid.mam","D05","UNDE","UNDE_001","J4","distributed","deciduousForest",46.235415,-89.559203,"WGS84",45.2,538.4,0.3,"3 - trap door open or closed w/ spoor left","ShermanLF","2018-08-11","2018-08-11",,,,,,,,,,,,,,,,,,,,,,,,,,,,,,,,,,,,,,,,,,,,"dsmith1@battelleecology.org","jswenson@battelleecology.org",,,
"74f02f2e-7e58-4497-9e30-01b21a24d34d","0288762d-3e27-4fad-8f7f-491730f916bd","UNDE_008.mammalGrid.mam","D05","UNDE","UNDE_008","B9","distributed","mixedForest",46.255793,-89.513196,"WGS84",45.1,511.6,0.2,"6 - trap set and empty","ShermanLF","2018-08-11","2018-08-11",,,,,,,,,,,,,,,,,,,,,,,,,,,,,,,,,,,,,,,,,,,,"jbuza@battelleecology.org","rchambliss@battelleecology.org",,,
"ace5f98b-2515-4e09-aa9f-3cdd77c3a500","82c4ba99-3914-49fc-843f-49dd793a4448","UNDE_001.mammalGrid.mam","D05","UNDE","UNDE_001","G1","distributed","deciduousForest",46.235415,-89.559203,"WGS84",45.2,538.4,0.3,"5 - capture","ShermanLF","2018-08-11","2018-08-11","NEON.MAM.D05.R4803",,"PEMA","Peromyscus maniculatus","species","cf. species",,,,"N","F","N","released",,"adult",,"nonenlarged","not","neither",21,17,,,19,"N","N","N",,,,,,,"UNDE.20180811.R4803.F","D00000003356","fresh","UNDE.20180811.R4803.E","D00000003339","UNDE.20180811.R4803.H","B00000021507","hairAndWhisker",,,"dsmith1@battelleecology.org","jswenson@battelleecology.org",,,
"6b6d2ff7-7dec-4a21-936b-007851f2e677","82c4ba99-3914-49fc-843f-49dd793a4448","UNDE_001.mammalGrid.mam","D05","UNDE","UNDE_001","E6","distributed","deciduousForest",46.235415,-89.559203,"WGS84",45.2,538.4,0.3,"3 - trap door open or closed w/ spoor left","ShermanLF","2018-08-11","2018-08-11",,,,,,,,,,,,,,,,,,,,,,,,,,,,,,,,,,,,,,,,,,,,"dsmith1@battelleecology.org","jswenson@battelleecology.org",,,
"140bd541-e1f9-452d-a98e-a06c61bfbf6a","08d9e920-a5cd-4cd4-842a-772c09a41d7d","UNDE_003.mammalGrid.mam","D05","UNDE","UNDE_003","B5","distributed","woodyWetlands",46.255040,-89.535332,"WGS84",45.2,505.1,0.3,"5 - capture","ShermanLF","2018-08-11","2018-08-11","NEON.MAM.D05.R4769",,"MYGA","Myodes gapperi","species",,,,,"N","F","N","released",,"adult",,"nonenlarged","not","neither",20,,,,25,"N","N","N",,,,,,,"UNDE.20180811.R4769.F","D00000003373","fresh","UNDE.20180811.R4769.E","D00000003410",,,,,,"rchambliss@battelleecology.org","jbuza@battelleecology.org",,,
"0a271be3-e35b-459c-91fa-d8bfc2a029d7","fcc2805c-20b6-47a8-87bf-10596fa8b034","UNDE_002.mammalGrid.mam","D05","UNDE","UNDE_002","F3","distributed","woodyWetlands",46.244297,-89.543943,"WGS84",45.1,504.3,0.2,"6 - trap set and empty","ShermanLF","2018-08-11","2018-08-11",,,,,,,,,,,,,,,,,,,,,,,,,,,,,,,,,,,,,,,,,,,,"aspink@neoninc.org","dsmith1@battelleecology.org",,,
"a057b6f3-b077-4223-baa0-1e40a89340c4","08d9e920-a5cd-4cd4-842a-772c09a41d7d","UNDE_003.mammalGrid.mam","D05","UNDE","UNDE_003","H3","distributed","woodyWetlands",46.255040,-89.535332,"WGS84",45.2,505.1,0.3,"6 - trap set and empty","ShermanLF","2018-08-11","2018-08-11",,,,,,,,,,,,,,,,,,,,,,,,,,,,,,,,,,,,,,,,,,,,"rchambliss@battelleecology.org","jbuza@battelleecology.org",,,
"6dbd21db-7c1b-4d1f-8ad0-312f718af6f0","08d9e920-a5cd-4cd4-842a-772c09a41d7d","UNDE_003.mammalGrid.mam","D05","UNDE","UNDE_003","I6","distributed","woodyWetlands",46.255040,-89.535332,"WGS84",45.2,505.1,0.3,"6 - trap set and empty","ShermanLF","2018-08-11","2018-08-11",,,,,,,,,,,,,,,,,,,,,,,,,,,,,,,,,,,,,,,,,,,,"rchambliss@battelleecology.org","jbuza@battelleecology.org",,,
"2725fe18-1a0c-4965-ab66-f30c24df583c","0288762d-3e27-4fad-8f7f-491730f916bd","UNDE_008.mammalGrid.mam","D05","UNDE","UNDE_008","H10","distributed","mixedForest",46.255793,-89.513196,"WGS84",45.1,511.6,0.2,"6 - trap set and empty","ShermanLF","2018-08-11","2018-08-11",,,,,,,,,,,,,,,,,,,,,,,,,,,,,,,,,,,,,,,,,,,,"jbuza@battelleecology.org","rchambliss@battelleecology.org",,,
"093a96da-0411-4d09-9d7d-b14a095c9bcd","0288762d-3e27-4fad-8f7f-491730f916bd","UNDE_008.mammalGrid.mam","D05","UNDE","UNDE_008","G8","distributed","mixedForest",46.255793,-89.513196,"WGS84",45.1,511.6,0.2,"6 - trap set and empty","ShermanLF","2018-08-11","2018-08-11",,,,,,,,,,,,,,,,,,,,,,,,,,,,,,,,,,,,,,,,,,,,"jbuza@battelleecology.org","rchambliss@battelleecology.org",,,
"35569291-e5d8-4666-b644-d88f84e4d524","08d9e920-a5cd-4cd4-842a-772c09a41d7d","UNDE_003.mammalGrid.mam","D05","UNDE","UNDE_003","I8","distributed","woodyWetlands",46.255040,-89.535332,"WGS84",45.2,505.1,0.3,"6 - trap set and empty","ShermanLF","2018-08-11","2018-08-11",,,,,,,,,,,,,,,,,,,,,,,,,,,,,,,,,,,,,,,,,,,,"rchambliss@battelleecology.org","jbuza@battelleecology.org",,,
"7fac7975-5eb7-4105-88d0-ff7ccb109b21","08d9e920-a5cd-4cd4-842a-772c09a41d7d","UNDE_003.mammalGrid.mam","D05","UNDE","UNDE_003","G9","distributed","woodyWetlands",46.255040,-89.535332,"WGS84",45.2,505.1,0.3,"5 - capture","ShermanLF","2018-08-11","2018-08-11","NEON.MAM.D05.R4636",,"ZAHU","Zapus hudsonius","species",,,,,"N","M","N","released",,"adult","scrotal",,,,30,,,,16,"N","N","N",,,,,,,"UNDE.20180811.R4636.F","D00000003608","fresh","UNDE.20180811.R4636.E","D00000003610",,,,,,"rchambliss@battelleecology.org","jbuza@battelleecology.org",,,
"7b06bdae-33fd-479f-892e-88f67f3dcdf4","08d9e920-a5cd-4cd4-842a-772c09a41d7d","UNDE_003.mammalGrid.mam","D05","UNDE","UNDE_003","H1","distributed","woodyWetlands",46.255040,-89.535332,"WGS84",45.2,505.1,0.3,"6 - trap set and empty","ShermanLF","2018-08-11","2018-08-11",,,,,,,,,,,,,,,,,,,,,,,,,,,,,,,,,,,,,,,,,,,,"rchambliss@battelleecology.org","jbuza@battelleecology.org",,,
"8c01c776-79de-4166-8d26-928ed070e659","0288762d-3e27-4fad-8f7f-491730f916bd","UNDE_008.mammalGrid.mam","D05","UNDE","UNDE_008","J5","distributed","mixedForest",46.255793,-89.513196,"WGS84",45.1,511.6,0.2,"6 - trap set and empty","ShermanLF","2018-08-11","2018-08-11",,,,,,,,,,,,,,,,,,,,,,,,,,,,,,,,,,,,,,,,,,,,"jbuza@battelleecology.org","rchambliss@battelleecology.org",,,
"214a8d7e-35d3-42b0-b5c0-1a835c4b69e9","82c4ba99-3914-49fc-843f-49dd793a4448","UNDE_001.mammalGrid.mam","D05","UNDE","UNDE_001","J10","distributed","deciduousForest",46.235415,-89.559203,"WGS84",45.2,538.4,0.3,"3 - trap door open or closed w/ spoor left","ShermanLF","2018-08-11","2018-08-11",,,,,,,,,,,,,,,,,,,,,,,,,,,,,,,,,,,,,,,,,,,,"dsmith1@battelleecology.org","jswenson@battelleecology.org",,,
"6917e875-cb5c-4c0e-8265-bd53b76623df","0288762d-3e27-4fad-8f7f-491730f916bd","UNDE_008.mammalGrid.mam","D05","UNDE","UNDE_008","I4","distributed","mixedForest",46.255793,-89.513196,"WGS84",45.1,511.6,0.2,"6 - trap set and empty","ShermanLF","2018-08-11","2018-08-11",,,,,,,,,,,,,,,,,,,,,,,,,,,,,,,,,,,,,,,,,,,,"jbuza@battelleecology.org","rchambliss@battelleecology.org",,,
"d6949e41-17e8-4d13-9f48-7d22c7770191","82c4ba99-3914-49fc-843f-49dd793a4448","UNDE_001.mammalGrid.mam","D05","UNDE","UNDE_001","A1","distributed","deciduousForest",46.235415,-89.559203,"WGS84",45.2,538.4,0.3,"5 - capture","ShermanLF","2018-08-11","2018-08-11","NEON.MAM.D05.R4690",,"PEMA","Peromyscus maniculatus","species",,,,"taxonID confirmed","N","F","N","released",,"subadult",,"nonenlarged","not","neither",18,17,,,14,"Y","N","N",,,,,,,"UNDE.20180811.R4690.F","D00000003320","fresh","UNDE.20180811.R4690.E","D00000003494","UNDE.20180811.R4690.H","B00000021493","hairAndWhisker",,,"dsmith1@battelleecology.org","jswenson@battelleecology.org",,,
"ee3b9b59-e69f-4f39-b0dc-b5b3b901334a","82c4ba99-3914-49fc-843f-49dd793a4448","UNDE_001.mammalGrid.mam","D05","UNDE","UNDE_001","A8","distributed","deciduousForest",46.235415,-89.559203,"WGS84",45.2,538.4,0.3,"6 - trap set and empty","ShermanLF","2018-08-11","2018-08-11",,,,,,,,,,,,,,,,,,,,,,,,,,,,,,,,,,,,,,,,,,,,"dsmith1@battelleecology.org","jswenson@battelleecology.org",,,
"e73a4653-1fb8-458c-b652-79a1d6d0cc2e","08d9e920-a5cd-4cd4-842a-772c09a41d7d","UNDE_003.mammalGrid.mam","D05","UNDE","UNDE_003","H2","distributed","woodyWetlands",46.255040,-89.535332,"WGS84",45.2,505.1,0.3,"6 - trap set and empty","ShermanLF","2018-08-11","2018-08-11",,,,,,,,,,,,,,,,,,,,,,,,,,,,,,,,,,,,,,,,,,,,"rchambliss@battelleecology.org","jbuza@battelleecology.org",,,
"d024364c-a94f-4a0b-9332-db145b1f8be7","fcc2805c-20b6-47a8-87bf-10596fa8b034","UNDE_002.mammalGrid.mam","D05","UNDE","UNDE_002","B10","distributed","woodyWetlands",46.244297,-89.543943,"WGS84",45.1,504.3,0.2,"6 - trap set and empty","ShermanLF","2018-08-11","2018-08-11",,,,,,,,,,,,,,,,,,,,,,,,,,,,,,,,,,,,,,,,,,,,"aspink@neoninc.org","dsmith1@battelleecology.org",,,
"ab609a8f-1054-482b-adc0-b0e536890f5b","fcc2805c-20b6-47a8-87bf-10596fa8b034","UNDE_002.mammalGrid.mam","D05","UNDE","UNDE_002","I2","distributed","woodyWetlands",46.244297,-89.543943,"WGS84",45.1,504.3,0.2,"6 - trap set and empty","ShermanLF","2018-08-11","2018-08-11",,,,,,,,,,,,,,,,,,,,,,,,,,,,,,,,,,,,,,,,,,,,"aspink@neoninc.org","dsmith1@battelleecology.org",,,
"bdffab42-a8c4-423f-8def-51d3fd0e851b","0288762d-3e27-4fad-8f7f-491730f916bd","UNDE_008.mammalGrid.mam","D05","UNDE","UNDE_008","C1","distributed","mixedForest",46.255793,-89.513196,"WGS84",45.1,511.6,0.2,"6 - trap set and empty","ShermanLF","2018-08-11","2018-08-11",,,,,,,,,,,,,,,,,,,,,,,,,,,,,,,,,,,,,,,,,,,,"jbuza@battelleecology.org","rchambliss@battelleecology.org",,,
"5dfdcb6e-55cc-4e2a-998c-abc28f0b80e7","82c4ba99-3914-49fc-843f-49dd793a4448","UNDE_001.mammalGrid.mam","D05","UNDE","UNDE_001","A7","distributed","deciduousForest",46.235415,-89.559203,"WGS84",45.2,538.4,0.3,"6 - trap set and empty","ShermanLF","2018-08-11","2018-08-11",,,,,,,,,,,,,,,,,,,,,,,,,,,,,,,,,,,,,,,,,,,,"dsmith1@battelleecology.org","jswenson@battelleecology.org",,,
"dbc02b22-0760-4310-915b-6eb654b669a3","fcc2805c-20b6-47a8-87bf-10596fa8b034","UNDE_002.mammalGrid.mam","D05","UNDE","UNDE_002","H6","distributed","woodyWetlands",46.244297,-89.543943,"WGS84",45.1,504.3,0.2,"6 - trap set and empty","ShermanLF","2018-08-11","2018-08-11",,,,,,,,,,,,,,,,,,,,,,,,,,,,,,,,,,,,,,,,,,,,"aspink@neoninc.org","dsmith1@battelleecology.org",,,
"544f0da5-6e21-4d05-84dd-aa8ce15c716c","08d9e920-a5cd-4cd4-842a-772c09a41d7d","UNDE_003.mammalGrid.mam","D05","UNDE","UNDE_003","E5","distributed","woodyWetlands",46.255040,-89.535332,"WGS84",45.2,505.1,0.3,"5 - capture","ShermanLF","2018-08-11","2018-08-11","NEON.MAM.D05.R4831",,"TAST","Tamias striatus","species",,,,,"N","M","N","released",,"adult","nonscrotal",,,,32,,,,92,"N","N","N",,,,,,,"UNDE.20180811.R4831.F","D00000003583","fresh","UNDE.20180811.R4831.E","D00000003496",,,,,,"rchambliss@battelleecology.org","jbuza@battelleecology.org",,,
"3aa9d1c2-656c-4c73-8cac-a006aa94a63a","0288762d-3e27-4fad-8f7f-491730f916bd","UNDE_008.mammalGrid.mam","D05","UNDE","UNDE_008","C10","distributed","mixedForest",46.255793,-89.513196,"WGS84",45.1,511.6,0.2,"6 - trap set and empty","ShermanLF","2018-08-11","2018-08-11",,,,,,,,,,,,,,,,,,,,,,,,,,,,,,,,,,,,,,,,,,,,"jbuza@battelleecology.org","rchambliss@battelleecology.org",,,
"d304482a-9c95-4369-955c-b695c830ed86","82c4ba99-3914-49fc-843f-49dd793a4448","UNDE_001.mammalGrid.mam","D05","UNDE","UNDE_001","B9","distributed","deciduousForest",46.235415,-89.559203,"WGS84",45.2,538.4,0.3,"6 - trap set and empty","ShermanLF","2018-08-11","2018-08-11",,,,,,,,,,,,,,,,,,,,,,,,,,,,,,,,,,,,,,,,,,,,"dsmith1@battelleecology.org","jswenson@battelleecology.org",,,
"24135d95-b1ca-498e-bc47-f82145627283","0288762d-3e27-4fad-8f7f-491730f916bd","UNDE_008.mammalGrid.mam","D05","UNDE","UNDE_008","G5","distributed","mixedForest",46.255793,-89.513196,"WGS84",45.1,511.6,0.2,"5 - capture","ShermanLF","2018-08-11","2018-08-11","NEON.MAM.D05.O008G520180811",,"BLBR","Blarina brevicauda","species",,,,,"N","U","U","released",,"unknown",,,,,,,,,,"U","U","U",,,,,,,,,,,,,,,,,"jbuza@battelleecology.org","rchambliss@battelleecology.org",,,
"642736f9-cdb3-4ef6-b078-619d58e51b03","fcc2805c-20b6-47a8-87bf-10596fa8b034","UNDE_002.mammalGrid.mam","D05","UNDE","UNDE_002","A2","distributed","woodyWetlands",46.244297,-89.543943,"WGS84",45.1,504.3,0.2,"6 - trap set and empty","ShermanLF","2018-08-11","2018-08-11",,,,,,,,,,,,,,,,,,,,,,,,,,,,,,,,,,,,,,,,,,,,"aspink@neoninc.org","dsmith1@battelleecology.org",,,
"1c5cc4cc-c14e-44fc-9716-88f05e65c030","fcc2805c-20b6-47a8-87bf-10596fa8b034","UNDE_002.mammalGrid.mam","D05","UNDE","UNDE_002","H8","distributed","woodyWetlands",46.244297,-89.543943,"WGS84",45.1,504.3,0.2,"6 - trap set and empty","ShermanLF","2018-08-11","2018-08-11",,,,,,,,,,,,,,,,,,,,,,,,,,,,,,,,,,,,,,,,,,,,"aspink@neoninc.org","dsmith1@battelleecology.org",,,
"6cbdbba8-73d3-439d-a9f1-9e3334b5b8ba","fcc2805c-20b6-47a8-87bf-10596fa8b034","UNDE_002.mammalGrid.mam","D05","UNDE","UNDE_002","A8","distributed","woodyWetlands",46.244297,-89.543943,"WGS84",45.1,504.3,0.2,"6 - trap set and empty","ShermanLF","2018-08-11","2018-08-11",,,,,,,,,,,,,,,,,,,,,,,,,,,,,,,,,,,,,,,,,,,,"aspink@neoninc.org","dsmith1@battelleecology.org",,,
"bfaa2d40-a7c0-4a2b-ac7e-41b969c17815","82c4ba99-3914-49fc-843f-49dd793a4448","UNDE_001.mammalGrid.mam","D05","UNDE","UNDE_001","F3","distributed","deciduousForest",46.235415,-89.559203,"WGS84",45.2,538.4,0.3,"6 - trap set and empty","ShermanLF","2018-08-11","2018-08-11",,,,,,,,,,,,,,,,,,,,,,,,,,,,,,,,,,,,,,,,,,,,"dsmith1@battelleecology.org","jswenson@battelleecology.org",,,
"5945d911-79ec-476e-a59d-77a341cd3785","fcc2805c-20b6-47a8-87bf-10596fa8b034","UNDE_002.mammalGrid.mam","D05","UNDE","UNDE_002","F1","distributed","woodyWetlands",46.244297,-89.543943,"WGS84",45.1,504.3,0.2,"6 - trap set and empty","ShermanLF","2018-08-11","2018-08-11",,,,,,,,,,,,,,,,,,,,,,,,,,,,,,,,,,,,,,,,,,,,"aspink@neoninc.org","dsmith1@battelleecology.org",,,
"3b8fd12f-400d-4882-acf6-36ed65bfea5a","08d9e920-a5cd-4cd4-842a-772c09a41d7d","UNDE_003.mammalGrid.mam","D05","UNDE","UNDE_003","G1","distributed","woodyWetlands",46.255040,-89.535332,"WGS84",45.2,505.1,0.3,"6 - trap set and empty","ShermanLF","2018-08-11","2018-08-11",,,,,,,,,,,,,,,,,,,,,,,,,,,,,,,,,,,,,,,,,,,,"rchambliss@battelleecology.org","jbuza@battelleecology.org",,,
"e26b45a8-4210-49d7-8712-1b2dbf1e34e6","fcc2805c-20b6-47a8-87bf-10596fa8b034","UNDE_002.mammalGrid.mam","D05","UNDE","UNDE_002","J1","distributed","woodyWetlands",46.244297,-89.543943,"WGS84",45.1,504.3,0.2,"6 - trap set and empty","ShermanLF","2018-08-11","2018-08-11",,,,,,,,,,,,,,,,,,,,,,,,,,,,,,,,,,,,,,,,,,,,"aspink@neoninc.org","dsmith1@battelleecology.org",,,
"eed7bc78-365e-44f5-b5ec-6199971cb460","0288762d-3e27-4fad-8f7f-491730f916bd","UNDE_008.mammalGrid.mam","D05","UNDE","UNDE_008","B2","distributed","mixedForest",46.255793,-89.513196,"WGS84",45.1,511.6,0.2,"6 - trap set and empty","ShermanLF","2018-08-11","2018-08-11",,,,,,,,,,,,,,,,,,,,,,,,,,,,,,,,,,,,,,,,,,,,"jbuza@battelleecology.org","rchambliss@battelleecology.org",,,
"01237a43-6aec-47f5-848b-c702df901e2f","0288762d-3e27-4fad-8f7f-491730f916bd","UNDE_008.mammalGrid.mam","D05","UNDE","UNDE_008","G4","distributed","mixedForest",46.255793,-89.513196,"WGS84",45.1,511.6,0.2,"6 - trap set and empty","ShermanLF","2018-08-11","2018-08-11",,,,,,,,,,,,,,,,,,,,,,,,,,,,,,,,,,,,,,,,,,,,"jbuza@battelleecology.org","rchambliss@battelleecology.org",,,
"dd03ebd2-925f-4c2b-a924-b834d3b62561","fcc2805c-20b6-47a8-87bf-10596fa8b034","UNDE_002.mammalGrid.mam","D05","UNDE","UNDE_002","C8","distributed","woodyWetlands",46.244297,-89.543943,"WGS84",45.1,504.3,0.2,"6 - trap set and empty","ShermanLF","2018-08-11","2018-08-11",,,,,,,,,,,,,,,,,,,,,,,,,,,,,,,,,,,,,,,,,,,,"aspink@neoninc.org","dsmith1@battelleecology.org",,,
"86f4a626-88b0-44e7-a766-f4e65f40e25e","0288762d-3e27-4fad-8f7f-491730f916bd","UNDE_008.mammalGrid.mam","D05","UNDE","UNDE_008","E7","distributed","mixedForest",46.255793,-89.513196,"WGS84",45.1,511.6,0.2,"6 - trap set and empty","ShermanLF","2018-08-11","2018-08-11",,,,,,,,,,,,,,,,,,,,,,,,,,,,,,,,,,,,,,,,,,,,"jbuza@battelleecology.org","rchambliss@battelleecology.org",,,
"e38d416e-1b2b-428d-a2b6-df4662645409","0288762d-3e27-4fad-8f7f-491730f916bd","UNDE_008.mammalGrid.mam","D05","UNDE","UNDE_008","G2","distributed","mixedForest",46.255793,-89.513196,"WGS84",45.1,511.6,0.2,"6 - trap set and empty","ShermanLF","2018-08-11","2018-08-11",,,,,,,,,,,,,,,,,,,,,,,,,,,,,,,,,,,,,,,,,,,,"jbuza@battelleecology.org","rchambliss@battelleecology.org",,,
"b2c32fa3-ea5c-4c9d-b330-6613831b20f7","0288762d-3e27-4fad-8f7f-491730f916bd","UNDE_008.mammalGrid.mam","D05","UNDE","UNDE_008","G7","distributed","mixedForest",46.255793,-89.513196,"WGS84",45.1,511.6,0.2,"6 - trap set and empty","ShermanLF","2018-08-11","2018-08-11",,,,,,,,,,,,,,,,,,,,,,,,,,,,,,,,,,,,,,,,,,,,"jbuza@battelleecology.org","rchambliss@battelleecology.org",,,
"061c2aa1-48fe-4219-88c1-b5b943cdf284","fcc2805c-20b6-47a8-87bf-10596fa8b034","UNDE_002.mammalGrid.mam","D05","UNDE","UNDE_002","C6","distributed","woodyWetlands",46.244297,-89.543943,"WGS84",45.1,504.3,0.2,"6 - trap set and empty","ShermanLF","2018-08-11","2018-08-11",,,,,,,,,,,,,,,,,,,,,,,,,,,,,,,,,,,,,,,,,,,,"aspink@neoninc.org","dsmith1@battelleecology.org",,,
"b4502236-8fde-44ba-8d0a-828aceae65bb","82c4ba99-3914-49fc-843f-49dd793a4448","UNDE_001.mammalGrid.mam","D05","UNDE","UNDE_001","F5","distributed","deciduousForest",46.235415,-89.559203,"WGS84",45.2,538.4,0.3,"6 - trap set and empty","ShermanLF","2018-08-11","2018-08-11",,,,,,,,,,,,,,,,,,,,,,,,,,,,,,,,,,,,,,,,,,,,"dsmith1@battelleecology.org","jswenson@battelleecology.org",,,
"8c63f935-f9c1-4f9d-b5bd-c3f21adc4618","0288762d-3e27-4fad-8f7f-491730f916bd","UNDE_008.mammalGrid.mam","D05","UNDE","UNDE_008","D3","distributed","mixedForest",46.255793,-89.513196,"WGS84",45.1,511.6,0.2,"6 - trap set and empty","ShermanLF","2018-08-11","2018-08-11",,,,,,,,,,,,,,,,,,,,,,,,,,,,,,,,,,,,,,,,,,,,"jbuza@battelleecology.org","rchambliss@battelleecology.org",,,
"a9e266f2-105c-4b8a-b0bc-4c04553c354c","0288762d-3e27-4fad-8f7f-491730f916bd","UNDE_008.mammalGrid.mam","D05","UNDE","UNDE_008","H8","distributed","mixedForest",46.255793,-89.513196,"WGS84",45.1,511.6,0.2,"5 - capture","ShermanLF","2018-08-11","2018-08-11","NEON.MAM.D05.O008H820180811",,"BLBR","Blarina brevicauda","species",,,,,"N","U","N","released",,"adult",,,,,,,,,,"U","U","U",,,,,,,,,,,,,,,,,"jbuza@battelleecology.org","rchambliss@battelleecology.org",,,
"a8a039fe-5bbc-421e-8b9f-1bd2a2a2fc97","fcc2805c-20b6-47a8-87bf-10596fa8b034","UNDE_002.mammalGrid.mam","D05","UNDE","UNDE_002","J6","distributed","woodyWetlands",46.244297,-89.543943,"WGS84",45.1,504.3,0.2,"6 - trap set and empty","ShermanLF","2018-08-11","2018-08-11",,,,,,,,,,,,,,,,,,,,,,,,,,,,,,,,,,,,,,,,,,,,"aspink@neoninc.org","dsmith1@battelleecology.org",,,
"e3005635-4948-44e9-bd5e-4b813bc358d7","08d9e920-a5cd-4cd4-842a-772c09a41d7d","UNDE_003.mammalGrid.mam","D05","UNDE","UNDE_003","F1","distributed","woodyWetlands",46.255040,-89.535332,"WGS84",45.2,505.1,0.3,"5 - capture","ShermanLF","2018-08-11","2018-08-11","NEON.MAM.D05.R2528",,"TAST","Tamias striatus","species",,,,,"N","F","Y","released",,"adult",,"enlarged","pregnant",,30,,,,109,"N","N","N",,,,,,,"UNDE.20180811.R2528.F","D00000003585","fresh",,,,,,,,"rchambliss@battelleecology.org","jbuza@battelleecology.org",,,
"5dd81315-d883-49f2-ab9f-38df2370f2ee","0288762d-3e27-4fad-8f7f-491730f916bd","UNDE_008.mammalGrid.mam","D05","UNDE","UNDE_008","F8","distributed","mixedForest",46.255793,-89.513196,"WGS84",45.1,511.6,0.2,"6 - trap set and empty","ShermanLF","2018-08-11","2018-08-11",,,,,,,,,,,,,,,,,,,,,,,,,,,,,,,,,,,,,,,,,,,,"jbuza@battelleecology.org","rchambliss@battelleecology.org",,,
"18e0f52a-dd26-4332-aeae-e528e4492f7f","0288762d-3e27-4fad-8f7f-491730f916bd","UNDE_008.mammalGrid.mam","D05","UNDE","UNDE_008","J7","distributed","mixedForest",46.255793,-89.513196,"WGS84",45.1,511.6,0.2,"5 - capture","ShermanLF","2018-08-11","2018-08-11","NEON.MAM.D05.O008J720180811",,"BLBR","Blarina brevicauda","species",,,,,"N","U","N","released",,"adult",,,,,,,,,,"U","U","U",,,,,,,,,,,,,,,,,"jbuza@battelleecology.org","rchambliss@battelleecology.org",,,
"82dc2216-7b3f-43fa-8fbe-f2acf113e439","0288762d-3e27-4fad-8f7f-491730f916bd","UNDE_008.mammalGrid.mam","D05","UNDE","UNDE_008","C4","distributed","mixedForest",46.255793,-89.513196,"WGS84",45.1,511.6,0.2,"6 - trap set and empty","ShermanLF","2018-08-11","2018-08-11",,,,,,,,,,,,,,,,,,,,,,,,,,,,,,,,,,,,,,,,,,,,"jbuza@battelleecology.org","rchambliss@battelleecology.org",,,
"9b4ddcf1-bce4-4871-995f-653453e93651","82c4ba99-3914-49fc-843f-49dd793a4448","UNDE_001.mammalGrid.mam","D05","UNDE","UNDE_001","A4","distributed","deciduousForest",46.235415,-89.559203,"WGS84",45.2,538.4,0.3,"6 - trap set and empty","ShermanLF","2018-08-11","2018-08-11",,,,,,,,,,,,,,,,,,,,,,,,,,,,,,,,,,,,,,,,,,,,"dsmith1@battelleecology.org","jswenson@battelleecology.org",,,
"56fcf6e7-c469-4498-b193-ebfd95646101","fcc2805c-20b6-47a8-87bf-10596fa8b034","UNDE_002.mammalGrid.mam","D05","UNDE","UNDE_002","D6","distributed","woodyWetlands",46.244297,-89.543943,"WGS84",45.1,504.3,0.2,"6 - trap set and empty","ShermanLF","2018-08-11","2018-08-11",,,,,,,,,,,,,,,,,,,,,,,,,,,,,,,,,,,,,,,,,,,,"aspink@neoninc.org","dsmith1@battelleecology.org",,,
"550656c4-0769-48ea-bef2-f81b6779f9f4","0288762d-3e27-4fad-8f7f-491730f916bd","UNDE_008.mammalGrid.mam","D05","UNDE","UNDE_008","C9","distributed","mixedForest",46.255793,-89.513196,"WGS84",45.1,511.6,0.2,"6 - trap set and empty","ShermanLF","2018-08-11","2018-08-11",,,,,,,,,,,,,,,,,,,,,,,,,,,,,,,,,,,,,,,,,,,,"jbuza@battelleecology.org","rchambliss@battelleecology.org",,,
"356d376e-4f15-4f9a-b855-f464e5d56c4e","82c4ba99-3914-49fc-843f-49dd793a4448","UNDE_001.mammalGrid.mam","D05","UNDE","UNDE_001","D1","distributed","deciduousForest",46.235415,-89.559203,"WGS84",45.2,538.4,0.3,"5 - capture","ShermanLF","2018-08-11","2018-08-11","NEON.MAM.D05.R4389",,"PEMA","Peromyscus maniculatus","species",,,,,"N","M","N","released",,"subadult","scrotal",,,,20,18,,,15,"N","N","N",,,,,,,"UNDE.20180811.R4389.F","D00000003495","fresh","UNDE.20180811.R4389.E","D00000003511","UNDE.20180811.R4389.H","B00000021501","hairAndWhisker",,,"dsmith1@battelleecology.org","jswenson@battelleecology.org",,,
"f4704b79-52a9-430d-a216-a00353ffba7c","fcc2805c-20b6-47a8-87bf-10596fa8b034","UNDE_002.mammalGrid.mam","D05","UNDE","UNDE_002","E7","distributed","woodyWetlands",46.244297,-89.543943,"WGS84",45.1,504.3,0.2,"6 - trap set and empty","ShermanLF","2018-08-11","2018-08-11",,,,,,,,,,,,,,,,,,,,,,,,,,,,,,,,,,,,,,,,,,,,"aspink@neoninc.org","dsmith1@battelleecology.org",,,
"668e3385-5abd-41d5-8a72-0a84cb53dd9b","0288762d-3e27-4fad-8f7f-491730f916bd","UNDE_008.mammalGrid.mam","D05","UNDE","UNDE_008","B1","distributed","mixedForest",46.255793,-89.513196,"WGS84",45.1,511.6,0.2,"5 - capture","ShermanLF","2018-08-11","2018-08-11","NEON.MAM.D05.R4758",,"PEMA","Peromyscus maniculatus","species",,,,,"N","M","N","not processed",,"subadult","nonscrotal",,,,21,18,,,14,"N","N","N",,,,,,,,,,"UNDE.20180811.R4758.E","D00000003611","UNDE.20180811.R4758.H","B00000021513","hairAndWhisker",,,"jbuza@battelleecology.org","rchambliss@battelleecology.org",,,
"137466c5-0189-44f3-8987-2a09a0cbd2cb","0288762d-3e27-4fad-8f7f-491730f916bd","UNDE_008.mammalGrid.mam","D05","UNDE","UNDE_008","F1","distributed","mixedForest",46.255793,-89.513196,"WGS84",45.1,511.6,0.2,"3 - trap door open or closed w/ spoor left","ShermanLF","2018-08-11","2018-08-11",,,,,,,,,,,,,,,,,,,,,,,,,,,,,,,,,,,,,,,,,,,,"jbuza@battelleecology.org","rchambliss@battelleecology.org",,,
"2ea40605-8d46-4990-b1d0-6ec9fa5c95b7","82c4ba99-3914-49fc-843f-49dd793a4448","UNDE_001.mammalGrid.mam","D05","UNDE","UNDE_001","H9","distributed","deciduousForest",46.235415,-89.559203,"WGS84",45.2,538.4,0.3,"3 - trap door open or closed w/ spoor left","ShermanLF","2018-08-11","2018-08-11",,,,,,,,,,,,,,,,,,,,,,,,,,,,,,,,,,,,,,,,,,,,"dsmith1@battelleecology.org","jswenson@battelleecology.org",,,
"6cd9ba07-1805-45d1-94f8-b786ff390498","82c4ba99-3914-49fc-843f-49dd793a4448","UNDE_001.mammalGrid.mam","D05","UNDE","UNDE_001","E3","distributed","deciduousForest",46.235415,-89.559203,"WGS84",45.2,538.4,0.3,"6 - trap set and empty","ShermanLF","2018-08-11","2018-08-11",,,,,,,,,,,,,,,,,,,,,,,,,,,,,,,,,,,,,,,,,,,,"dsmith1@battelleecology.org","jswenson@battelleecology.org",,,
"607341f3-a5ad-478a-8f40-9fe3efb6ba40","82c4ba99-3914-49fc-843f-49dd793a4448","UNDE_001.mammalGrid.mam","D05","UNDE","UNDE_001","B6","distributed","deciduousForest",46.235415,-89.559203,"WGS84",45.2,538.4,0.3,"6 - trap set and empty","ShermanLF","2018-08-11","2018-08-11",,,,,,,,,,,,,,,,,,,,,,,,,,,,,,,,,,,,,,,,,,,,"dsmith1@battelleecology.org","jswenson@battelleecology.org",,,
"44b9a35f-37cf-428d-8bd2-100fb3148f14","0288762d-3e27-4fad-8f7f-491730f916bd","UNDE_008.mammalGrid.mam","D05","UNDE","UNDE_008","C6","distributed","mixedForest",46.255793,-89.513196,"WGS84",45.1,511.6,0.2,"6 - trap set and empty","ShermanLF","2018-08-11","2018-08-11",,,,,,,,,,,,,,,,,,,,,,,,,,,,,,,,,,,,,,,,,,,,"jbuza@battelleecology.org","rchambliss@battelleecology.org",,,
"f828e213-6921-480d-8db0-551e78fd4d7e","82c4ba99-3914-49fc-843f-49dd793a4448","UNDE_001.mammalGrid.mam","D05","UNDE","UNDE_001","A2","distributed","deciduousForest",46.235415,-89.559203,"WGS84",45.2,538.4,0.3,"5 - capture","ShermanLF","2018-08-11","2018-08-11","NEON.MAM.D05.R4999",,"PEMA","Peromyscus maniculatus","species",,,,,"N","F","N","released",,"subadult",,"nonenlarged","not","neither",21,19,,,14,"N","N","N",,,,,,,"UNDE.20180811.R4999.F","D00000003323","fresh","UNDE.20180811.R4999.E","D00000003348","UNDE.20180811.R4999.H","B00000021494","hairAndWhisker",,,"dsmith1@battelleecology.org","jswenson@battelleecology.org",,,
"75960c17-1aa6-49d6-bf62-16a930ebbf9d","fcc2805c-20b6-47a8-87bf-10596fa8b034","UNDE_002.mammalGrid.mam","D05","UNDE","UNDE_002","C5","distributed","woodyWetlands",46.244297,-89.543943,"WGS84",45.1,504.3,0.2,"6 - trap set and empty","ShermanLF","2018-08-11","2018-08-11",,,,,,,,,,,,,,,,,,,,,,,,,,,,,,,,,,,,,,,,,,,,"aspink@neoninc.org","dsmith1@battelleecology.org",,,
"82546bf4-db44-44a8-aa88-5c235c229ef9","82c4ba99-3914-49fc-843f-49dd793a4448","UNDE_001.mammalGrid.mam","D05","UNDE","UNDE_001","I7","distributed","deciduousForest",46.235415,-89.559203,"WGS84",45.2,538.4,0.3,"6 - trap set and empty","ShermanLF","2018-08-11","2018-08-11",,,,,,,,,,,,,,,,,,,,,,,,,,,,,,,,,,,,,,,,,,,,"dsmith1@battelleecology.org","jswenson@battelleecology.org",,,
"dd5f8af0-b787-4a64-b05c-71197f1b65a1","08d9e920-a5cd-4cd4-842a-772c09a41d7d","UNDE_003.mammalGrid.mam","D05","UNDE","UNDE_003","C3","distributed","woodyWetlands",46.255040,-89.535332,"WGS84",45.2,505.1,0.3,"6 - trap set and empty","ShermanLF","2018-08-11","2018-08-11",,,,,,,,,,,,,,,,,,,,,,,,,,,,,,,,,,,,,,,,,,,,"rchambliss@battelleecology.org","jbuza@battelleecology.org",,,
"0ad0f024-593d-4928-8d9d-54d57702c4d1","0288762d-3e27-4fad-8f7f-491730f916bd","UNDE_008.mammalGrid.mam","D05","UNDE","UNDE_008","B5","distributed","mixedForest",46.255793,-89.513196,"WGS84",45.1,511.6,0.2,"6 - trap set and empty","ShermanLF","2018-08-11","2018-08-11",,,,,,,,,,,,,,,,,,,,,,,,,,,,,,,,,,,,,,,,,,,,"jbuza@battelleecology.org","rchambliss@battelleecology.org",,,
"a8f71c31-7d0e-47df-a39d-bb2e47a694ca","82c4ba99-3914-49fc-843f-49dd793a4448","UNDE_001.mammalGrid.mam","D05","UNDE","UNDE_001","H5","distributed","deciduousForest",46.235415,-89.559203,"WGS84",45.2,538.4,0.3,"3 - trap door open or closed w/ spoor left","ShermanLF","2018-08-11","2018-08-11",,,,,,,,,,,,,,,,,,,,,,,,,,,,,,,,,,,,,,,,,,,,"dsmith1@battelleecology.org","jswenson@battelleecology.org",,,
"f76c5309-20a3-4c60-a027-60b864dbba71","82c4ba99-3914-49fc-843f-49dd793a4448","UNDE_001.mammalGrid.mam","D05","UNDE","UNDE_001","G4","distributed","deciduousForest",46.235415,-89.559203,"WGS84",45.2,538.4,0.3,"6 - trap set and empty","ShermanLF","2018-08-11","2018-08-11",,,,,,,,,,,,,,,,,,,,,,,,,,,,,,,,,,,,,,,,,,,,"dsmith1@battelleecology.org","jswenson@battelleecology.org",,,
"71fb2b92-d44d-43b0-b21d-ec0914ab365a","fcc2805c-20b6-47a8-87bf-10596fa8b034","UNDE_002.mammalGrid.mam","D05","UNDE","UNDE_002","B2","distributed","woodyWetlands",46.244297,-89.543943,"WGS84",45.1,504.3,0.2,"6 - trap set and empty","ShermanLF","2018-08-11","2018-08-11",,,,,,,,,,,,,,,,,,,,,,,,,,,,,,,,,,,,,,,,,,,,"aspink@neoninc.org","dsmith1@battelleecology.org",,,
"ad5a0aa6-3017-415e-a1a0-402afef50b9e","fcc2805c-20b6-47a8-87bf-10596fa8b034","UNDE_002.mammalGrid.mam","D05","UNDE","UNDE_002","E4","distributed","woodyWetlands",46.244297,-89.543943,"WGS84",45.1,504.3,0.2,"6 - trap set and empty","ShermanLF","2018-08-11","2018-08-11",,,,,,,,,,,,,,,,,,,,,,,,,,,,,,,,,,,,,,,,,,,,"aspink@neoninc.org","dsmith1@battelleecology.org",,,
"faca3e95-9df2-46bd-9d2a-2cecbc988fbd","fcc2805c-20b6-47a8-87bf-10596fa8b034","UNDE_002.mammalGrid.mam","D05","UNDE","UNDE_002","E8","distributed","woodyWetlands",46.244297,-89.543943,"WGS84",45.1,504.3,0.2,"6 - trap set and empty","ShermanLF","2018-08-11","2018-08-11",,,,,,,,,,,,,,,,,,,,,,,,,,,,,,,,,,,,,,,,,,,,"aspink@neoninc.org","dsmith1@battelleecology.org",,,
"5da1448b-24d6-47d9-86c0-b0bddee307e9","fcc2805c-20b6-47a8-87bf-10596fa8b034","UNDE_002.mammalGrid.mam","D05","UNDE","UNDE_002","B7","distributed","woodyWetlands",46.244297,-89.543943,"WGS84",45.1,504.3,0.2,"6 - trap set and empty","ShermanLF","2018-08-11","2018-08-11",,,,,,,,,,,,,,,,,,,,,,,,,,,,,,,,,,,,,,,,,,,,"aspink@neoninc.org","dsmith1@battelleecology.org",,,
"802d9055-d77f-4402-ba74-76815d134a6e","08d9e920-a5cd-4cd4-842a-772c09a41d7d","UNDE_003.mammalGrid.mam","D05","UNDE","UNDE_003","H9","distributed","woodyWetlands",46.255040,-89.535332,"WGS84",45.2,505.1,0.3,"5 - capture","ShermanLF","2018-08-11","2018-08-11","NEON.MAM.D05.O003H920180811",,"BLBR","Blarina brevicauda","species",,,,,"N","U","U","released",,"unknown",,,,,,,,,,"U","U","U",,,,,,,,,,,,,,,,,"rchambliss@battelleecology.org","jbuza@battelleecology.org",,,
"a6698219-5b52-4a1a-86f1-5e85b5e7b0c2","fcc2805c-20b6-47a8-87bf-10596fa8b034","UNDE_002.mammalGrid.mam","D05","UNDE","UNDE_002","I5","distributed","woodyWetlands",46.244297,-89.543943,"WGS84",45.1,504.3,0.2,"6 - trap set and empty","ShermanLF","2018-08-11","2018-08-11",,,,,,,,,,,,,,,,,,,,,,,,,,,,,,,,,,,,,,,,,,,,"aspink@neoninc.org","dsmith1@battelleecology.org",,,
"619215a0-ae06-4456-911f-4d542a483ec3","82c4ba99-3914-49fc-843f-49dd793a4448","UNDE_001.mammalGrid.mam","D05","UNDE","UNDE_001","I8","distributed","deciduousForest",46.235415,-89.559203,"WGS84",45.2,538.4,0.3,"6 - trap set and empty","ShermanLF","2018-08-11","2018-08-11",,,,,,,,,,,,,,,,,,,,,,,,,,,,,,,,,,,,,,,,,,,,"dsmith1@battelleecology.org","jswenson@battelleecology.org",,,
"7026dc59-0954-467a-b764-fb5c280eadc7","0288762d-3e27-4fad-8f7f-491730f916bd","UNDE_008.mammalGrid.mam","D05","UNDE","UNDE_008","I1","distributed","mixedForest",46.255793,-89.513196,"WGS84",45.1,511.6,0.2,"6 - trap set and empty","ShermanLF","2018-08-11","2018-08-11",,,,,,,,,,,,,,,,,,,,,,,,,,,,,,,,,,,,,,,,,,,,"jbuza@battelleecology.org","rchambliss@battelleecology.org",,,
"4992e467-751f-46e0-a11d-72041be24d05","82c4ba99-3914-49fc-843f-49dd793a4448","UNDE_001.mammalGrid.mam","D05","UNDE","UNDE_001","E1","distributed","deciduousForest",46.235415,-89.559203,"WGS84",45.2,538.4,0.3,"5 - capture","ShermanLF","2018-08-11","2018-08-11","NEON.MAM.D05.R2734",,"PEMA","Peromyscus maniculatus","species","cf. species",,,,"N","M","Y","released",,"adult","scrotal",,,,21,16,,,23,"N","N","N",,,,,,,,,,,,"UNDE.20180811.R2734.H","B00000021504","hairAndWhisker",,,"dsmith1@battelleecology.org","jswenson@battelleecology.org",,,
"7cb11125-b049-494c-9dae-3ffef39dc1c5","08d9e920-a5cd-4cd4-842a-772c09a41d7d","UNDE_003.mammalGrid.mam","D05","UNDE","UNDE_003","F8","distributed","woodyWetlands",46.255040,-89.535332,"WGS84",45.2,505.1,0.3,"6 - trap set and empty","ShermanLF","2018-08-11","2018-08-11",,,,,,,,,,,,,,,,,,,,,,,,,,,,,,,,,,,,,,,,,,,,"rchambliss@battelleecology.org","jbuza@battelleecology.org",,,
"5e1f1121-ea77-474b-a3bf-c82a1fb1f7ce","82c4ba99-3914-49fc-843f-49dd793a4448","UNDE_001.mammalGrid.mam","D05","UNDE","UNDE_001","I1","distributed","deciduousForest",46.235415,-89.559203,"WGS84",45.2,538.4,0.3,"2 - trap disturbed/door closed but empty","ShermanLF","2018-08-11","2018-08-11",,,,,,,,,,,,,,,,,,,,,,,,,,,,,,,,,,,,,,,,,,,,"dsmith1@battelleecology.org","jswenson@battelleecology.org",,,
"c2a0acba-61d1-4439-a2c5-8701eb365141","82c4ba99-3914-49fc-843f-49dd793a4448","UNDE_001.mammalGrid.mam","D05","UNDE","UNDE_001","D7","distributed","deciduousForest",46.235415,-89.559203,"WGS84",45.2,538.4,0.3,"6 - trap set and empty","ShermanLF","2018-08-11","2018-08-11",,,,,,,,,,,,,,,,,,,,,,,,,,,,,,,,,,,,,,,,,,,,"dsmith1@battelleecology.org","jswenson@battelleecology.org",,,
"ffdd63b4-91c3-48ae-a194-208555b0d135","82c4ba99-3914-49fc-843f-49dd793a4448","UNDE_001.mammalGrid.mam","D05","UNDE","UNDE_001","F9","distributed","deciduousForest",46.235415,-89.559203,"WGS84",45.2,538.4,0.3,"5 - capture","ShermanLF","2018-08-11","2018-08-11","NEON.MAM.D05.R4109",,"PELE","Peromyscus leucopus","species","cf. species",,,,"N","F","Y","released",,"adult",,"enlarged","not","swollen",19,17,,,21,"N","N","N",,,,,,,"UNDE.20180811.R4109.F","D00000003499","fresh",,,"UNDE.20180811.R4109.H","B00000021505","hairAndWhisker",,,"dsmith1@battelleecology.org","jswenson@battelleecology.org",,,
"4103b52d-4a13-426b-9692-0330e3b254ec","0288762d-3e27-4fad-8f7f-491730f916bd","UNDE_008.mammalGrid.mam","D05","UNDE","UNDE_008","H7","distributed","mixedForest",46.255793,-89.513196,"WGS84",45.1,511.6,0.2,"6 - trap set and empty","ShermanLF","2018-08-11","2018-08-11",,,,,,,,,,,,,,,,,,,,,,,,,,,,,,,,,,,,,,,,,,,,"jbuza@battelleecology.org","rchambliss@battelleecology.org",,,
"2642242e-4dc7-43a8-b283-2e40439e89fd","82c4ba99-3914-49fc-843f-49dd793a4448","UNDE_001.mammalGrid.mam","D05","UNDE","UNDE_001","D3","distributed","deciduousForest",46.235415,-89.559203,"WGS84",45.2,538.4,0.3,"6 - trap set and empty","ShermanLF","2018-08-11","2018-08-11",,,,,,,,,,,,,,,,,,,,,,,,,,,,,,,,,,,,,,,,,,,,"dsmith1@battelleecology.org","jswenson@battelleecology.org",,,
"f0c19083-6e4c-4e6a-ba03-83335513dd30","fcc2805c-20b6-47a8-87bf-10596fa8b034","UNDE_002.mammalGrid.mam","D05","UNDE","UNDE_002","E1","distributed","woodyWetlands",46.244297,-89.543943,"WGS84",45.1,504.3,0.2,"6 - trap set and empty","ShermanLF","2018-08-11","2018-08-11",,,,,,,,,,,,,,,,,,,,,,,,,,,,,,,,,,,,,,,,,,,,"aspink@neoninc.org","dsmith1@battelleecology.org",,,
"b4e2e03b-3191-492b-863b-3e9f12135f79","82c4ba99-3914-49fc-843f-49dd793a4448","UNDE_001.mammalGrid.mam","D05","UNDE","UNDE_001","C3","distributed","deciduousForest",46.235415,-89.559203,"WGS84",45.2,538.4,0.3,"6 - trap set and empty","ShermanLF","2018-08-11","2018-08-11",,,,,,,,,,,,,,,,,,,,,,,,,,,,,,,,,,,,,,,,,,,,"dsmith1@battelleecology.org","jswenson@battelleecology.org",,,
"6140bd4f-0142-4ff5-b1ba-27db3c249240","fcc2805c-20b6-47a8-87bf-10596fa8b034","UNDE_002.mammalGrid.mam","D05","UNDE","UNDE_002","E6","distributed","woodyWetlands",46.244297,-89.543943,"WGS84",45.1,504.3,0.2,"6 - trap set and empty","ShermanLF","2018-08-11","2018-08-11",,,,,,,,,,,,,,,,,,,,,,,,,,,,,,,,,,,,,,,,,,,,"aspink@neoninc.org","dsmith1@battelleecology.org",,,
"9c36a904-2303-43bd-8e9b-c612e06639de","0288762d-3e27-4fad-8f7f-491730f916bd","UNDE_008.mammalGrid.mam","D05","UNDE","UNDE_008","I6","distributed","mixedForest",46.255793,-89.513196,"WGS84",45.1,511.6,0.2,"6 - trap set and empty","ShermanLF","2018-08-11","2018-08-11",,,,,,,,,,,,,,,,,,,,,,,,,,,,,,,,,,,,,,,,,,,,"jbuza@battelleecology.org","rchambliss@battelleecology.org",,,
"351c8450-0fbe-48db-9193-8d53eba215a1","0288762d-3e27-4fad-8f7f-491730f916bd","UNDE_008.mammalGrid.mam","D05","UNDE","UNDE_008","E5","distributed","mixedForest",46.255793,-89.513196,"WGS84",45.1,511.6,0.2,"6 - trap set and empty","ShermanLF","2018-08-11","2018-08-11",,,,,,,,,,,,,,,,,,,,,,,,,,,,,,,,,,,,,,,,,,,,"jbuza@battelleecology.org","rchambliss@battelleecology.org",,,
"07a587df-69fe-440a-8185-b40adcc29dca","fcc2805c-20b6-47a8-87bf-10596fa8b034","UNDE_002.mammalGrid.mam","D05","UNDE","UNDE_002","B3","distributed","woodyWetlands",46.244297,-89.543943,"WGS84",45.1,504.3,0.2,"6 - trap set and empty","ShermanLF","2018-08-11","2018-08-11",,,,,,,,,,,,,,,,,,,,,,,,,,,,,,,,,,,,,,,,,,,,"aspink@neoninc.org","dsmith1@battelleecology.org",,,
"029fad72-1fc0-47b7-b488-f6323a048f41","0288762d-3e27-4fad-8f7f-491730f916bd","UNDE_008.mammalGrid.mam","D05","UNDE","UNDE_008","I9","distributed","mixedForest",46.255793,-89.513196,"WGS84",45.1,511.6,0.2,"5 - capture","ShermanLF","2018-08-11","2018-08-11","NEON.MAM.D05.R4390",,"PEMA","Peromyscus maniculatus","species",,,,,"N","M","Y","released",,"adult","nonscrotal",,,,21,19,,,21,"N","N","N",,,,,,,,,,,,"UNDE.20180811.R4390.H","B00000021342","hairAndWhisker",,,"jbuza@battelleecology.org","rchambliss@battelleecology.org",,,
"0ee2e8fb-6c67-4361-bdc6-6272485893e0","0288762d-3e27-4fad-8f7f-491730f916bd","UNDE_008.mammalGrid.mam","D05","UNDE","UNDE_008","I7","distributed","mixedForest",46.255793,-89.513196,"WGS84",45.1,511.6,0.2,"5 - capture","ShermanLF","2018-08-11","2018-08-11","NEON.MAM.D05.R4502",,"ZAHU","Zapus hudsonius","species",,,,,"N","M","N","released",,"adult","scrotal",,,,32,,,,22,"N","N","N",,,,,,,,,,"UNDE.20180811.R4502.E","D00000003409",,,,,,"jbuza@battelleecology.org","rchambliss@battelleecology.org",,,
"8ada5095-55d4-4def-8af8-059f0a5ee6ed","82c4ba99-3914-49fc-843f-49dd793a4448","UNDE_001.mammalGrid.mam","D05","UNDE","UNDE_001","I10","distributed","deciduousForest",46.235415,-89.559203,"WGS84",45.2,538.4,0.3,"6 - trap set and empty","ShermanLF","2018-08-11","2018-08-11",,,,,,,,,,,,,,,,,,,,,,,,,,,,,,,,,,,,,,,,,,,,"dsmith1@battelleecology.org","jswenson@battelleecology.org",,,
"397c856d-0d9d-4812-ab63-2d6ce19abb3e","82c4ba99-3914-49fc-843f-49dd793a4448","UNDE_001.mammalGrid.mam","D05","UNDE","UNDE_001","C8","distributed","deciduousForest",46.235415,-89.559203,"WGS84",45.2,538.4,0.3,"6 - trap set and empty","ShermanLF","2018-08-11","2018-08-11",,,,,,,,,,,,,,,,,,,,,,,,,,,,,,,,,,,,,,,,,,,,"dsmith1@battelleecology.org","jswenson@battelleecology.org",,,
"1a75f736-52cc-47c0-9844-0891219d5914","08d9e920-a5cd-4cd4-842a-772c09a41d7d","UNDE_003.mammalGrid.mam","D05","UNDE","UNDE_003","B9","distributed","woodyWetlands",46.255040,-89.535332,"WGS84",45.2,505.1,0.3,"5 - capture","ShermanLF","2018-08-11","2018-08-11","NEON.MAM.D05.L4366",,"TAST","Tamias striatus","species",,,,,"N","F","N","escaped",,"adult",,"nonenlarged","not","neither",37,,,,105,"N","N","N",,,,,,,"UNDE.20180811.L4366.F","D00000003592","fresh",,,,,,,,"rchambliss@battelleecology.org","jbuza@battelleecology.org",,,
"f3613217-f7b3-4cf7-92af-6c4f568e7d08","82c4ba99-3914-49fc-843f-49dd793a4448","UNDE_001.mammalGrid.mam","D05","UNDE","UNDE_001","G3","distributed","deciduousForest",46.235415,-89.559203,"WGS84",45.2,538.4,0.3,"3 - trap door open or closed w/ spoor left","ShermanLF","2018-08-11","2018-08-11",,,,,,,,,,,,,,,,,,,,,,,,,,,,,,,,,,,,,,,,,,,,"dsmith1@battelleecology.org","jswenson@battelleecology.org",,,
"b3d93eef-a08e-4a71-957d-68bbda05bfe3","82c4ba99-3914-49fc-843f-49dd793a4448","UNDE_001.mammalGrid.mam","D05","UNDE","UNDE_001","G2","distributed","deciduousForest",46.235415,-89.559203,"WGS84",45.2,538.4,0.3,"5 - capture","ShermanLF","2018-08-11","2018-08-11","NEON.MAM.D05.O001G220180811",,"BLBR","Blarina brevicauda","species",,,,,"N","F","N","released",,"adult",,"unknown","unknown","unknown",,,,,,"U","U","U",,,,,,,,,,,,,,,,,"dsmith1@battelleecology.org","jswenson@battelleecology.org",,,
"8cadf350-0d99-4308-b9e2-04983ca789de","08d9e920-a5cd-4cd4-842a-772c09a41d7d","UNDE_003.mammalGrid.mam","D05","UNDE","UNDE_003","J6","distributed","woodyWetlands",46.255040,-89.535332,"WGS84",45.2,505.1,0.3,"6 - trap set and empty","ShermanLF","2018-08-11","2018-08-11",,,,,,,,,,,,,,,,,,,,,,,,,,,,,,,,,,,,,,,,,,,,"rchambliss@battelleecology.org","jbuza@battelleecology.org",,,
"7bcb4d87-ae21-4b75-8229-3c89e5ec391c","08d9e920-a5cd-4cd4-842a-772c09a41d7d","UNDE_003.mammalGrid.mam","D05","UNDE","UNDE_003","F3","distributed","woodyWetlands",46.255040,-89.535332,"WGS84",45.2,505.1,0.3,"6 - trap set and empty","ShermanLF","2018-08-11","2018-08-11",,,,,,,,,,,,,,,,,,,,,,,,,,,,,,,,,,,,,,,,,,,,"rchambliss@battelleecology.org","jbuza@battelleecology.org",,,
"c9294c71-b95d-4185-9cfd-01dd5c006320","82c4ba99-3914-49fc-843f-49dd793a4448","UNDE_001.mammalGrid.mam","D05","UNDE","UNDE_001","F6","distributed","deciduousForest",46.235415,-89.559203,"WGS84",45.2,538.4,0.3,"5 - capture","ShermanLF","2018-08-11","2018-08-11","NEON.MAM.D05.R4397",,"PELE","Peromyscus leucopus","species","cf. species",,,,"N","M","N","released",,"adult","scrotal",,,,20,17,,,22,"N","N","N",,,,,,,"UNDE.20180811.R4397.F","D00000003361","fresh","UNDE.20180811.R4397.E","D00000003347","UNDE.20180811.R4397.H","B00000021503","hairAndWhisker",,,"dsmith1@battelleecology.org","jswenson@battelleecology.org",,,
"3b89d23b-ea3d-442e-b860-08f2399ffbd3","fcc2805c-20b6-47a8-87bf-10596fa8b034","UNDE_002.mammalGrid.mam","D05","UNDE","UNDE_002","E2","distributed","woodyWetlands",46.244297,-89.543943,"WGS84",45.1,504.3,0.2,"5 - capture","ShermanLF","2018-08-11","2018-08-11","NEON.MAM.D05.O002E220180811",,"GLSA","Glaucomys sabrinus","species",,,,"sex confirmed","N","M","U","dead",,"adult","unknown",,,,,,,,,"U","U","U",,,,,,,,,,,,,,,"UNDE.20180811.O002E220180811.V","B00000021575","aspink@neoninc.org","dsmith1@battelleecology.org",,,
"0d7880c0-db90-43bb-b257-9777fbf7a32c","0288762d-3e27-4fad-8f7f-491730f916bd","UNDE_008.mammalGrid.mam","D05","UNDE","UNDE_008","C5","distributed","mixedForest",46.255793,-89.513196,"WGS84",45.1,511.6,0.2,"6 - trap set and empty","ShermanLF","2018-08-11","2018-08-11",,,,,,,,,,,,,,,,,,,,,,,,,,,,,,,,,,,,,,,,,,,,"jbuza@battelleecology.org","rchambliss@battelleecology.org",,,
"24b1f497-ee70-42f7-acdd-820e62ae0ef8","0288762d-3e27-4fad-8f7f-491730f916bd","UNDE_008.mammalGrid.mam","D05","UNDE","UNDE_008","G10","distributed","mixedForest",46.255793,-89.513196,"WGS84",45.1,511.6,0.2,"6 - trap set and empty","ShermanLF","2018-08-11","2018-08-11",,,,,,,,,,,,,,,,,,,,,,,,,,,,,,,,,,,,,,,,,,,,"jbuza@battelleecology.org","rchambliss@battelleecology.org",,,
"9d492c35-744b-4f73-abed-f0c9b0a360a4","fcc2805c-20b6-47a8-87bf-10596fa8b034","UNDE_002.mammalGrid.mam","D05","UNDE","UNDE_002","A6","distributed","woodyWetlands",46.244297,-89.543943,"WGS84",45.1,504.3,0.2,"6 - trap set and empty","ShermanLF","2018-08-11","2018-08-11",,,,,,,,,,,,,,,,,,,,,,,,,,,,,,,,,,,,,,,,,,,,"aspink@neoninc.org","dsmith1@battelleecology.org",,,
"7c5ceaae-172f-4685-bf80-bda78f7e5678","82c4ba99-3914-49fc-843f-49dd793a4448","UNDE_001.mammalGrid.mam","D05","UNDE","UNDE_001","F2","distributed","deciduousForest",46.235415,-89.559203,"WGS84",45.2,538.4,0.3,"5 - capture","ShermanLF","2018-08-11","2018-08-11","NEON.MAM.D05.R4823",,"NAIN","Napaeozapus insignis","species",,,,,"N","F","N","released",,"adult",,"nonenlarged","not","neither",29,,,,22,"N","N","N",,,,,,,"UNDE.20180811.R4823.F","D00000003343","fresh","UNDE.20180811.R4823.E","D00000003335",,,,,,"dsmith1@battelleecology.org","jswenson@battelleecology.org",,,
"f105254c-9db1-47c0-8151-f667a996a7a9","0288762d-3e27-4fad-8f7f-491730f916bd","UNDE_008.mammalGrid.mam","D05","UNDE","UNDE_008","B6","distributed","mixedForest",46.255793,-89.513196,"WGS84",45.1,511.6,0.2,"5 - capture","ShermanLF","2018-08-11","2018-08-11","NEON.MAM.D05.O008B620180811",,"BLBR","Blarina brevicauda","species",,,,,"N","U","U","released",,"unknown",,,,,,,,,,"U","U","U",,,,,,,,,,,,,,,,,"jbuza@battelleecology.org","rchambliss@battelleecology.org",,,
"9e8a82a1-18c9-4def-bdb7-41d09fc2e790","0288762d-3e27-4fad-8f7f-491730f916bd","UNDE_008.mammalGrid.mam","D05","UNDE","UNDE_008","H4","distributed","mixedForest",46.255793,-89.513196,"WGS84",45.1,511.6,0.2,"2 - trap disturbed/door closed but empty","ShermanLF","2018-08-11","2018-08-11",,,,,,,,,,,,,,,,,,,,,,,,,,,,,,,,,,,,,,,,,,,,"jbuza@battelleecology.org","rchambliss@battelleecology.org",,,
"2c543f93-3f2c-48c4-b218-ec8f1086fa2e","08d9e920-a5cd-4cd4-842a-772c09a41d7d","UNDE_003.mammalGrid.mam","D05","UNDE","UNDE_003","A8","distributed","woodyWetlands",46.255040,-89.535332,"WGS84",45.2,505.1,0.3,"6 - trap set and empty","ShermanLF","2018-08-11","2018-08-11",,,,,,,,,,,,,,,,,,,,,,,,,,,,,,,,,,,,,,,,,,,,"rchambliss@battelleecology.org","jbuza@battelleecology.org",,,
"64b4711b-83e0-49dd-bac6-f83c63ee5999","0288762d-3e27-4fad-8f7f-491730f916bd","UNDE_008.mammalGrid.mam","D05","UNDE","UNDE_008","D8","distributed","mixedForest",46.255793,-89.513196,"WGS84",45.1,511.6,0.2,"6 - trap set and empty","ShermanLF","2018-08-11","2018-08-11",,,,,,,,,,,,,,,,,,,,,,,,,,,,,,,,,,,,,,,,,,,,"jbuza@battelleecology.org","rchambliss@battelleecology.org",,,
"115be101-c66a-4f70-816d-eb918f962e12","fcc2805c-20b6-47a8-87bf-10596fa8b034","UNDE_002.mammalGrid.mam","D05","UNDE","UNDE_002","F10","distributed","woodyWetlands",46.244297,-89.543943,"WGS84",45.1,504.3,0.2,"6 - trap set and empty","ShermanLF","2018-08-11","2018-08-11",,,,,,,,,,,,,,,,,,,,,,,,,,,,,,,,,,,,,,,,,,,,"aspink@neoninc.org","dsmith1@battelleecology.org",,,
"2f75e330-a536-4d2a-ba6e-7ebfdc81a30f","0288762d-3e27-4fad-8f7f-491730f916bd","UNDE_008.mammalGrid.mam","D05","UNDE","UNDE_008","F7","distributed","mixedForest",46.255793,-89.513196,"WGS84",45.1,511.6,0.2,"6 - trap set and empty","ShermanLF","2018-08-11","2018-08-11",,,,,,,,,,,,,,,,,,,,,,,,,,,,,,,,,,,,,,,,,,,,"jbuza@battelleecology.org","rchambliss@battelleecology.org",,,
"2b7a5224-b546-40ea-8187-bfde89854bc3","0288762d-3e27-4fad-8f7f-491730f916bd","UNDE_008.mammalGrid.mam","D05","UNDE","UNDE_008","B10","distributed","mixedForest",46.255793,-89.513196,"WGS84",45.1,511.6,0.2,"3 - trap door open or closed w/ spoor left","ShermanLF","2018-08-11","2018-08-11",,,,,,,,,,,,,,,,,,,,,,,,,,,,,,,,,,,,,,,,,,,,"jbuza@battelleecology.org","rchambliss@battelleecology.org",,,
"d1d27d26-dc51-44ca-9ab7-fa2d0d3cb4c9","0288762d-3e27-4fad-8f7f-491730f916bd","UNDE_008.mammalGrid.mam","D05","UNDE","UNDE_008","A9","distributed","mixedForest",46.255793,-89.513196,"WGS84",45.1,511.6,0.2,"6 - trap set and empty","ShermanLF","2018-08-11","2018-08-11",,,,,,,,,,,,,,,,,,,,,,,,,,,,,,,,,,,,,,,,,,,,"jbuza@battelleecology.org","rchambliss@battelleecology.org",,,
"4670925b-15be-4f6c-b229-c6ae2768ce5a","0288762d-3e27-4fad-8f7f-491730f916bd","UNDE_008.mammalGrid.mam","D05","UNDE","UNDE_008","A2","distributed","mixedForest",46.255793,-89.513196,"WGS84",45.1,511.6,0.2,"5 - capture","ShermanLF","2018-08-11","2018-08-11","NEON.MAM.D05.O008A220180811",,"BLBR","Blarina brevicauda","species",,,,,"N","U","U","released",,"unknown",,,,,,,,,,"U","U","U",,,,,,,,,,,,,,,,,"jbuza@battelleecology.org","rchambliss@battelleecology.org",,,
"1222ece4-e0d2-4ee7-9a29-42340cd78ff0","08d9e920-a5cd-4cd4-842a-772c09a41d7d","UNDE_003.mammalGrid.mam","D05","UNDE","UNDE_003","J8","distributed","woodyWetlands",46.255040,-89.535332,"WGS84",45.2,505.1,0.3,"5 - capture","ShermanLF","2018-08-11","2018-08-11","NEON.MAM.D05.036563",,"NAIN","Napaeozapus insignis","species",,,,,"N","M","U","released","L","adult","scrotal",,,,33,,,,30,"N","N","N",,,,,,,,,,,,,,,,,"rchambliss@battelleecology.org","jbuza@battelleecology.org",,,
"ad654d5f-42b1-4318-8bd1-1c4b5ceca345","82c4ba99-3914-49fc-843f-49dd793a4448","UNDE_001.mammalGrid.mam","D05","UNDE","UNDE_001","H2","distributed","deciduousForest",46.235415,-89.559203,"WGS84",45.2,538.4,0.3,"6 - trap set and empty","ShermanLF","2018-08-11","2018-08-11",,,,,,,,,,,,,,,,,,,,,,,,,,,,,,,,,,,,,,,,,,,,"dsmith1@battelleecology.org","jswenson@battelleecology.org",,,
"bd4888a1-d288-4b6e-9793-99be3e1fb1bb","0288762d-3e27-4fad-8f7f-491730f916bd","UNDE_008.mammalGrid.mam","D05","UNDE","UNDE_008","J6","distributed","mixedForest",46.255793,-89.513196,"WGS84",45.1,511.6,0.2,"5 - capture","ShermanLF","2018-08-11","2018-08-11","NEON.MAM.D05.R4244",,"PELE","Peromyscus leucopus","species","cf. species",,,,"N","M","Y","released",,"adult","nonscrotal",,,,20,16,,,24,"N","N","N",,,,,,,,,,,,"UNDE.20180811.R4244.H","B00000021516","hairAndWhisker",,,"jbuza@battelleecology.org","rchambliss@battelleecology.org",,,
"b89058ce-31b5-4dd3-837b-2238b2a5e074","82c4ba99-3914-49fc-843f-49dd793a4448","UNDE_001.mammalGrid.mam","D05","UNDE","UNDE_001","J3","distributed","deciduousForest",46.235415,-89.559203,"WGS84",45.2,538.4,0.3,"6 - trap set and empty","ShermanLF","2018-08-11","2018-08-11",,,,,,,,,,,,,,,,,,,,,,,,,,,,,,,,,,,,,,,,,,,,"dsmith1@battelleecology.org","jswenson@battelleecology.org",,,
"851bddac-3e25-4f20-ba11-4bcd7601dc6e","08d9e920-a5cd-4cd4-842a-772c09a41d7d","UNDE_003.mammalGrid.mam","D05","UNDE","UNDE_003","B1","distributed","woodyWetlands",46.255040,-89.535332,"WGS84",45.2,505.1,0.3,"6 - trap set and empty","ShermanLF","2018-08-11","2018-08-11",,,,,,,,,,,,,,,,,,,,,,,,,,,,,,,,,,,,,,,,,,,,"rchambliss@battelleecology.org","jbuza@battelleecology.org",,,
"c9e5a227-aad7-4f21-a1ca-c6c22c7394c6","82c4ba99-3914-49fc-843f-49dd793a4448","UNDE_001.mammalGrid.mam","D05","UNDE","UNDE_001","B8","distributed","deciduousForest",46.235415,-89.559203,"WGS84",45.2,538.4,0.3,"5 - capture","ShermanLF","2018-08-11","2018-08-11","NEON.MAM.D05.R4386",,"PEMA","Peromyscus maniculatus","species",,,,,"N","F","Y","released",,"adult",,"enlarged",,"swollen",19,18,,,22,"N","N","N",,,,,,,,,,,,"UNDE.20180811.R4386.H","B00000021500","hairAndWhisker",,,"dsmith1@battelleecology.org","jswenson@battelleecology.org",,,
"011d021f-4ecd-4d31-9977-f48d13994c90","08d9e920-a5cd-4cd4-842a-772c09a41d7d","UNDE_003.mammalGrid.mam","D05","UNDE","UNDE_003","B7","distributed","woodyWetlands",46.255040,-89.535332,"WGS84",45.2,505.1,0.3,"6 - trap set and empty","ShermanLF","2018-08-11","2018-08-11",,,,,,,,,,,,,,,,,,,,,,,,,,,,,,,,,,,,,,,,,,,,"rchambliss@battelleecology.org","jbuza@battelleecology.org",,,
"70fcd79a-238e-45c8-8b35-3842e5521784","0288762d-3e27-4fad-8f7f-491730f916bd","UNDE_008.mammalGrid.mam","D05","UNDE","UNDE_008","E8","distributed","mixedForest",46.255793,-89.513196,"WGS84",45.1,511.6,0.2,"6 - trap set and empty","ShermanLF","2018-08-11","2018-08-11",,,,,,,,,,,,,,,,,,,,,,,,,,,,,,,,,,,,,,,,,,,,"jbuza@battelleecology.org","rchambliss@battelleecology.org",,,
"3b4e9b94-b68a-49cd-b78e-fe9b4ce108fb","0288762d-3e27-4fad-8f7f-491730f916bd","UNDE_008.mammalGrid.mam","D05","UNDE","UNDE_008","F4","distributed","mixedForest",46.255793,-89.513196,"WGS84",45.1,511.6,0.2,"6 - trap set and empty","ShermanLF","2018-08-11","2018-08-11",,,,,,,,,,,,,,,,,,,,,,,,,,,,,,,,,,,,,,,,,,,,"jbuza@battelleecology.org","rchambliss@battelleecology.org",,,
"a0c8df02-6406-4345-a25c-56537df6bea0","fcc2805c-20b6-47a8-87bf-10596fa8b034","UNDE_002.mammalGrid.mam","D05","UNDE","UNDE_002","J9","distributed","woodyWetlands",46.244297,-89.543943,"WGS84",45.1,504.3,0.2,"6 - trap set and empty","ShermanLF","2018-08-11","2018-08-11",,,,,,,,,,,,,,,,,,,,,,,,,,,,,,,,,,,,,,,,,,,,"aspink@neoninc.org","dsmith1@battelleecology.org",,,
"1f5d0390-e7f5-4d17-95b8-faf9ffa0f891","fcc2805c-20b6-47a8-87bf-10596fa8b034","UNDE_002.mammalGrid.mam","D05","UNDE","UNDE_002","B4","distributed","woodyWetlands",46.244297,-89.543943,"WGS84",45.1,504.3,0.2,"6 - trap set and empty","ShermanLF","2018-08-11","2018-08-11",,,,,,,,,,,,,,,,,,,,,,,,,,,,,,,,,,,,,,,,,,,,"aspink@neoninc.org","dsmith1@battelleecology.org",,,
"849d526e-d280-4b18-af81-75fca0503b70","fcc2805c-20b6-47a8-87bf-10596fa8b034","UNDE_002.mammalGrid.mam","D05","UNDE","UNDE_002","D1","distributed","woodyWetlands",46.244297,-89.543943,"WGS84",45.1,504.3,0.2,"6 - trap set and empty","ShermanLF","2018-08-11","2018-08-11",,,,,,,,,,,,,,,,,,,,,,,,,,,,,,,,,,,,,,,,,,,,"aspink@neoninc.org","dsmith1@battelleecology.org",,,
"39957336-5b8e-4156-a6c5-d05ec65175fe","08d9e920-a5cd-4cd4-842a-772c09a41d7d","UNDE_003.mammalGrid.mam","D05","UNDE","UNDE_003","I9","distributed","woodyWetlands",46.255040,-89.535332,"WGS84",45.2,505.1,0.3,"6 - trap set and empty","ShermanLF","2018-08-11","2018-08-11",,,,,,,,,,,,,,,,,,,,,,,,,,,,,,,,,,,,,,,,,,,,"rchambliss@battelleecology.org","jbuza@battelleecology.org",,,
"6aeab359-a3e7-42e8-aaaa-8a8d74345071","fcc2805c-20b6-47a8-87bf-10596fa8b034","UNDE_002.mammalGrid.mam","D05","UNDE","UNDE_002","D8","distributed","woodyWetlands",46.244297,-89.543943,"WGS84",45.1,504.3,0.2,"5 - capture","ShermanLF","2018-08-11","2018-08-11","NEON.MAM.D05.O002D820180811",,"SOAR","Sorex arcticus","species",,,,"taxonID confirmed, sex and reproductive conditions updated","N","M","N","dead",,"adult",,,,,,,,,,"U","U","U",,,,,,,,,,,,,,,"UNDE.20180811.O002D820180811.V","B00000021595","aspink@neoninc.org","dsmith1@battelleecology.org","Trap coordinate not certain",,
"b3c31448-df21-4148-9f04-ac5f79476211","08d9e920-a5cd-4cd4-842a-772c09a41d7d","UNDE_003.mammalGrid.mam","D05","UNDE","UNDE_003","E10","distributed","woodyWetlands",46.255040,-89.535332,"WGS84",45.2,505.1,0.3,"6 - trap set and empty","ShermanLF","2018-08-11","2018-08-11",,,,,,,,,,,,,,,,,,,,,,,,,,,,,,,,,,,,,,,,,,,,"rchambliss@battelleecology.org","jbuza@battelleecology.org",,,
"5dee3eae-985a-4d6d-9eef-c1308413ac36","08d9e920-a5cd-4cd4-842a-772c09a41d7d","UNDE_003.mammalGrid.mam","D05","UNDE","UNDE_003","G3","distributed","woodyWetlands",46.255040,-89.535332,"WGS84",45.2,505.1,0.3,"5 - capture","ShermanLF","2018-08-11","2018-08-11","NEON.MAM.D05.O003G320180811",,"BLBR","Blarina brevicauda","species",,,,,"N","U","U","released",,"unknown",,,,,,,,,,"U","U","U",,,,,,,,,,,,,,,,,"rchambliss@battelleecology.org","jbuza@battelleecology.org",,,
"5dadb047-63e5-4fff-9f6b-106ec2546a62","82c4ba99-3914-49fc-843f-49dd793a4448","UNDE_001.mammalGrid.mam","D05","UNDE","UNDE_001","C6","distributed","deciduousForest",46.235415,-89.559203,"WGS84",45.2,538.4,0.3,"6 - trap set and empty","ShermanLF","2018-08-11","2018-08-11",,,,,,,,,,,,,,,,,,,,,,,,,,,,,,,,,,,,,,,,,,,,"dsmith1@battelleecology.org","jswenson@battelleecology.org",,,
"1180ad01-2934-4f35-9ae0-5a3b709314f6","82c4ba99-3914-49fc-843f-49dd793a4448","UNDE_001.mammalGrid.mam","D05","UNDE","UNDE_001","H7","distributed","deciduousForest",46.235415,-89.559203,"WGS84",45.2,538.4,0.3,"6 - trap set and empty","ShermanLF","2018-08-11","2018-08-11",,,,,,,,,,,,,,,,,,,,,,,,,,,,,,,,,,,,,,,,,,,,"dsmith1@battelleecology.org","jswenson@battelleecology.org",,,
"50cd9361-7a06-40f8-b6a5-c1f243887ed1","08d9e920-a5cd-4cd4-842a-772c09a41d7d","UNDE_003.mammalGrid.mam","D05","UNDE","UNDE_003","D1","distributed","woodyWetlands",46.255040,-89.535332,"WGS84",45.2,505.1,0.3,"3 - trap door open or closed w/ spoor left","ShermanLF","2018-08-11","2018-08-11",,,,,,,,,,,,,,,,,,,,,,,,,,,,,,,,,,,,,,,,,,,,"rchambliss@battelleecology.org","jbuza@battelleecology.org",,,
"d4b3d188-3961-46d7-ab02-91274d9605ec","82c4ba99-3914-49fc-843f-49dd793a4448","UNDE_001.mammalGrid.mam","D05","UNDE","UNDE_001","E9","distributed","deciduousForest",46.235415,-89.559203,"WGS84",45.2,538.4,0.3,"6 - trap set and empty","ShermanLF","2018-08-11","2018-08-11",,,,,,,,,,,,,,,,,,,,,,,,,,,,,,,,,,,,,,,,,,,,"dsmith1@battelleecology.org","jswenson@battelleecology.org",,,
"a417f98a-4ac0-4eca-9312-16230708eacf","fcc2805c-20b6-47a8-87bf-10596fa8b034","UNDE_002.mammalGrid.mam","D05","UNDE","UNDE_002","E10","distributed","woodyWetlands",46.244297,-89.543943,"WGS84",45.1,504.3,0.2,"6 - trap set and empty","ShermanLF","2018-08-11","2018-08-11",,,,,,,,,,,,,,,,,,,,,,,,,,,,,,,,,,,,,,,,,,,,"aspink@neoninc.org","dsmith1@battelleecology.org",,,
"2d04cacb-7709-4f95-b3f8-d171c9eccff1","fcc2805c-20b6-47a8-87bf-10596fa8b034","UNDE_002.mammalGrid.mam","D05","UNDE","UNDE_002","B1","distributed","woodyWetlands",46.244297,-89.543943,"WGS84",45.1,504.3,0.2,"6 - trap set and empty","ShermanLF","2018-08-11","2018-08-11",,,,,,,,,,,,,,,,,,,,,,,,,,,,,,,,,,,,,,,,,,,,"aspink@neoninc.org","dsmith1@battelleecology.org",,,
"1cb167ea-ad29-4424-a863-24b9cce2a4eb","fcc2805c-20b6-47a8-87bf-10596fa8b034","UNDE_002.mammalGrid.mam","D05","UNDE","UNDE_002","H5","distributed","woodyWetlands",46.244297,-89.543943,"WGS84",45.1,504.3,0.2,"6 - trap set and empty","ShermanLF","2018-08-11","2018-08-11",,,,,,,,,,,,,,,,,,,,,,,,,,,,,,,,,,,,,,,,,,,,"aspink@neoninc.org","dsmith1@battelleecology.org",,,
"0150afd3-1cf4-4a8c-9f9a-f37fa095fa7b","08d9e920-a5cd-4cd4-842a-772c09a41d7d","UNDE_003.mammalGrid.mam","D05","UNDE","UNDE_003","C8","distributed","woodyWetlands",46.255040,-89.535332,"WGS84",45.2,505.1,0.3,"6 - trap set and empty","ShermanLF","2018-08-11","2018-08-11",,,,,,,,,,,,,,,,,,,,,,,,,,,,,,,,,,,,,,,,,,,,"rchambliss@battelleecology.org","jbuza@battelleecology.org",,,
"1d7f4e47-6a1b-4d23-b2d1-14e6dc010d5e","08d9e920-a5cd-4cd4-842a-772c09a41d7d","UNDE_003.mammalGrid.mam","D05","UNDE","UNDE_003","J2","distributed","woodyWetlands",46.255040,-89.535332,"WGS84",45.2,505.1,0.3,"5 - capture","ShermanLF","2018-08-11","2018-08-11","NEON.MAM.D05.R4556",,"PEMA","Peromyscus maniculatus","species",,,,,"N","M","N","released",,"adult","nonscrotal",,,,22,20,,,16,"N","N","N",,,,,,,"UNDE.20180811.R4556.F","D00000003590","fresh","UNDE.20180811.R4556.E","D00000003577","UNDE.20180811.R4556.H","B00000021405","hairAndWhisker",,,"rchambliss@battelleecology.org","jbuza@battelleecology.org",,,
"17c8d70b-84db-4d81-adf6-ea4dedececa3","82c4ba99-3914-49fc-843f-49dd793a4448","UNDE_001.mammalGrid.mam","D05","UNDE","UNDE_001","I3","distributed","deciduousForest",46.235415,-89.559203,"WGS84",45.2,538.4,0.3,"3 - trap door open or closed w/ spoor left","ShermanLF","2018-08-11","2018-08-11",,,,,,,,,,,,,,,,,,,,,,,,,,,,,,,,,,,,,,,,,,,,"dsmith1@battelleecology.org","jswenson@battelleecology.org",,,
"c1dce659-e4b3-45ab-b92c-bffbfa327057","08d9e920-a5cd-4cd4-842a-772c09a41d7d","UNDE_003.mammalGrid.mam","D05","UNDE","UNDE_003","A9","distributed","woodyWetlands",46.255040,-89.535332,"WGS84",45.2,505.1,0.3,"6 - trap set and empty","ShermanLF","2018-08-11","2018-08-11",,,,,,,,,,,,,,,,,,,,,,,,,,,,,,,,,,,,,,,,,,,,"rchambliss@battelleecology.org","jbuza@battelleecology.org",,,
"476acba0-55a5-4ac5-bdaa-d3b2424ec518","82c4ba99-3914-49fc-843f-49dd793a4448","UNDE_001.mammalGrid.mam","D05","UNDE","UNDE_001","A3","distributed","deciduousForest",46.235415,-89.559203,"WGS84",45.2,538.4,0.3,"3 - trap door open or closed w/ spoor left","ShermanLF","2018-08-11","2018-08-11",,,,,,,,,,,,,,,,,,,,,,,,,,,,,,,,,,,,,,,,,,,,"dsmith1@battelleecology.org","jswenson@battelleecology.org",,,
"2c3ad737-4cf1-49f6-a75b-02100df6e3f9","08d9e920-a5cd-4cd4-842a-772c09a41d7d","UNDE_003.mammalGrid.mam","D05","UNDE","UNDE_003","A3","distributed","woodyWetlands",46.255040,-89.535332,"WGS84",45.2,505.1,0.3,"5 - capture","ShermanLF","2018-08-11","2018-08-11","NEON.MAM.D05.O003A320180811",,"MUFR","Mustela frenata","species","cf. species",,,,"N","U","N","not processed",,"unknown",,,,,,,,,,"U","U","U",,,,,,,,,,,,,,,,,"rchambliss@battelleecology.org","jbuza@battelleecology.org",,,
"558c06f8-fb3f-49b9-8ed9-365c5f3bd915","0288762d-3e27-4fad-8f7f-491730f916bd","UNDE_008.mammalGrid.mam","D05","UNDE","UNDE_008","F3","distributed","mixedForest",46.255793,-89.513196,"WGS84",45.1,511.6,0.2,"6 - trap set and empty","ShermanLF","2018-08-11","2018-08-11",,,,,,,,,,,,,,,,,,,,,,,,,,,,,,,,,,,,,,,,,,,,"jbuza@battelleecology.org","rchambliss@battelleecology.org",,,
"7cd35064-ecb3-4c91-b969-621ed1e27b53","fcc2805c-20b6-47a8-87bf-10596fa8b034","UNDE_002.mammalGrid.mam","D05","UNDE","UNDE_002","J4","distributed","woodyWetlands",46.244297,-89.543943,"WGS84",45.1,504.3,0.2,"6 - trap set and empty","ShermanLF","2018-08-11","2018-08-11",,,,,,,,,,,,,,,,,,,,,,,,,,,,,,,,,,,,,,,,,,,,"aspink@neoninc.org","dsmith1@battelleecology.org",,,
"6f6a58b0-2a81-4b3e-9677-54d8028d9093","08d9e920-a5cd-4cd4-842a-772c09a41d7d","UNDE_003.mammalGrid.mam","D05","UNDE","UNDE_003","D6","distributed","woodyWetlands",46.255040,-89.535332,"WGS84",45.2,505.1,0.3,"3 - trap door open or closed w/ spoor left","ShermanLF","2018-08-11","2018-08-11",,,,,,,,,,,,,,,,,,,,,,,,,,,,,,,,,,,,,,,,,,,,"rchambliss@battelleecology.org","jbuza@battelleecology.org",,,
"0b172ab6-f5d1-4200-ae31-911bf78d8b99","08d9e920-a5cd-4cd4-842a-772c09a41d7d","UNDE_003.mammalGrid.mam","D05","UNDE","UNDE_003","J10","distributed","woodyWetlands",46.255040,-89.535332,"WGS84",45.2,505.1,0.3,"6 - trap set and empty","ShermanLF","2018-08-11","2018-08-11",,,,,,,,,,,,,,,,,,,,,,,,,,,,,,,,,,,,,,,,,,,,"rchambliss@battelleecology.org","jbuza@battelleecology.org",,,
"c7f2dc1f-5360-4382-991f-7c5c8bddfb98","fcc2805c-20b6-47a8-87bf-10596fa8b034","UNDE_002.mammalGrid.mam","D05","UNDE","UNDE_002","F7","distributed","woodyWetlands",46.244297,-89.543943,"WGS84",45.1,504.3,0.2,"5 - capture","ShermanLF","2018-08-11","2018-08-11","NEON.MAM.D05.323961",,"MIPE","Microtus pennsylvanicus","species",,,,,"N","M","U","released",,"adult","scrotal",,,,19,,,,38,"N","N","N",,,,,,,,,,,,,,,,,"aspink@neoninc.org","dsmith1@battelleecology.org",,,
"536c50b2-230a-4c05-84ec-aee61ee999b8","0288762d-3e27-4fad-8f7f-491730f916bd","UNDE_008.mammalGrid.mam","D05","UNDE","UNDE_008","I3","distributed","mixedForest",46.255793,-89.513196,"WGS84",45.1,511.6,0.2,"6 - trap set and empty","ShermanLF","2018-08-11","2018-08-11",,,,,,,,,,,,,,,,,,,,,,,,,,,,,,,,,,,,,,,,,,,,"jbuza@battelleecology.org","rchambliss@battelleecology.org",,,
"06e2b335-c854-475b-b4ac-60e8e458e593","82c4ba99-3914-49fc-843f-49dd793a4448","UNDE_001.mammalGrid.mam","D05","UNDE","UNDE_001","E2","distributed","deciduousForest",46.235415,-89.559203,"WGS84",45.2,538.4,0.3,"3 - trap door open or closed w/ spoor left","ShermanLF","2018-08-11","2018-08-11",,,,,,,,,,,,,,,,,,,,,,,,,,,,,,,,,,,,,,,,,,,,"dsmith1@battelleecology.org","jswenson@battelleecology.org",,,
"fdc8a1b5-d32c-4860-ae72-1d55ebda1f5e","82c4ba99-3914-49fc-843f-49dd793a4448","UNDE_001.mammalGrid.mam","D05","UNDE","UNDE_001","G9","distributed","deciduousForest",46.235415,-89.559203,"WGS84",45.2,538.4,0.3,"6 - trap set and empty","ShermanLF","2018-08-11","2018-08-11",,,,,,,,,,,,,,,,,,,,,,,,,,,,,,,,,,,,,,,,,,,,"dsmith1@battelleecology.org","jswenson@battelleecology.org",,,
"dced8636-2664-4bba-b431-d24c1d0c4970","0288762d-3e27-4fad-8f7f-491730f916bd","UNDE_008.mammalGrid.mam","D05","UNDE","UNDE_008","A8","distributed","mixedForest",46.255793,-89.513196,"WGS84",45.1,511.6,0.2,"3 - trap door open or closed w/ spoor left","ShermanLF","2018-08-11","2018-08-11",,,,,,,,,,,,,,,,,,,,,,,,,,,,,,,,,,,,,,,,,,,,"jbuza@battelleecology.org","rchambliss@battelleecology.org",,,
"89607935-162b-47ba-bf6f-8f8cb00992ba","fcc2805c-20b6-47a8-87bf-10596fa8b034","UNDE_002.mammalGrid.mam","D05","UNDE","UNDE_002","I6","distributed","woodyWetlands",46.244297,-89.543943,"WGS84",45.1,504.3,0.2,"6 - trap set and empty","ShermanLF","2018-08-11","2018-08-11",,,,,,,,,,,,,,,,,,,,,,,,,,,,,,,,,,,,,,,,,,,,"aspink@neoninc.org","dsmith1@battelleecology.org",,,
"c423df4e-9b72-4803-8694-6bc83b5cfeb8","fcc2805c-20b6-47a8-87bf-10596fa8b034","UNDE_002.mammalGrid.mam","D05","UNDE","UNDE_002","A10","distributed","woodyWetlands",46.244297,-89.543943,"WGS84",45.1,504.3,0.2,"6 - trap set and empty","ShermanLF","2018-08-11","2018-08-11",,,,,,,,,,,,,,,,,,,,,,,,,,,,,,,,,,,,,,,,,,,,"aspink@neoninc.org","dsmith1@battelleecology.org",,,
"7ac2dc58-fbdb-4c48-94a5-6b29daf4a697","08d9e920-a5cd-4cd4-842a-772c09a41d7d","UNDE_003.mammalGrid.mam","D05","UNDE","UNDE_003","A10","distributed","woodyWetlands",46.255040,-89.535332,"WGS84",45.2,505.1,0.3,"6 - trap set and empty","ShermanLF","2018-08-11","2018-08-11",,,,,,,,,,,,,,,,,,,,,,,,,,,,,,,,,,,,,,,,,,,,"rchambliss@battelleecology.org","jbuza@battelleecology.org",,,
"77e0b8e1-1fe6-4e1d-b8c1-98d7bfa75f1f","0288762d-3e27-4fad-8f7f-491730f916bd","UNDE_008.mammalGrid.mam","D05","UNDE","UNDE_008","B3","distributed","mixedForest",46.255793,-89.513196,"WGS84",45.1,511.6,0.2,"6 - trap set and empty","ShermanLF","2018-08-11","2018-08-11",,,,,,,,,,,,,,,,,,,,,,,,,,,,,,,,,,,,,,,,,,,,"jbuza@battelleecology.org","rchambliss@battelleecology.org",,,
"6372c72c-e558-4a1e-879e-e6347146886c","08d9e920-a5cd-4cd4-842a-772c09a41d7d","UNDE_003.mammalGrid.mam","D05","UNDE","UNDE_003","E1","distributed","woodyWetlands",46.255040,-89.535332,"WGS84",45.2,505.1,0.3,"3 - trap door open or closed w/ spoor left","ShermanLF","2018-08-11","2018-08-11",,,,,,,,,,,,,,,,,,,,,,,,,,,,,,,,,,,,,,,,,,,,"rchambliss@battelleecology.org","jbuza@battelleecology.org",,,
"d7707327-5805-4063-a772-8f7a89314f61","08d9e920-a5cd-4cd4-842a-772c09a41d7d","UNDE_003.mammalGrid.mam","D05","UNDE","UNDE_003","B2","distributed","woodyWetlands",46.255040,-89.535332,"WGS84",45.2,505.1,0.3,"6 - trap set and empty","ShermanLF","2018-08-11","2018-08-11",,,,,,,,,,,,,,,,,,,,,,,,,,,,,,,,,,,,,,,,,,,,"rchambliss@battelleecology.org","jbuza@battelleecology.org",,,
"805b19f6-d191-4427-bcec-f36f3f6c357c","fcc2805c-20b6-47a8-87bf-10596fa8b034","UNDE_002.mammalGrid.mam","D05","UNDE","UNDE_002","D5","distributed","woodyWetlands",46.244297,-89.543943,"WGS84",45.1,504.3,0.2,"6 - trap set and empty","ShermanLF","2018-08-11","2018-08-11",,,,,,,,,,,,,,,,,,,,,,,,,,,,,,,,,,,,,,,,,,,,"aspink@neoninc.org","dsmith1@battelleecology.org",,,
"3159fbcc-90ec-424f-bcb0-8d29ac834887","fcc2805c-20b6-47a8-87bf-10596fa8b034","UNDE_002.mammalGrid.mam","D05","UNDE","UNDE_002","F8","distributed","woodyWetlands",46.244297,-89.543943,"WGS84",45.1,504.3,0.2,"5 - capture","ShermanLF","2018-08-11","2018-08-11","NEON.MAM.D05.010827",,"MIPE","Microtus pennsylvanicus","species",,,,,"N","M","N","released",,"adult","scrotal",,,,21,,,,31,"N","N","N",,,,,,,"UNDE.20180811.010827.F","D00000003344","fresh","UNDE.20180811.010827.E","D00000003484",,,,,,"aspink@neoninc.org","dsmith1@battelleecology.org",,,
"0865abb7-c623-4691-bf3b-2c2f61f205d9","82c4ba99-3914-49fc-843f-49dd793a4448","UNDE_001.mammalGrid.mam","D05","UNDE","UNDE_001","F8","distributed","deciduousForest",46.235415,-89.559203,"WGS84",45.2,538.4,0.3,"5 - capture","ShermanLF","2018-08-11","2018-08-11","NEON.MAM.D05.R4800",,"ZAHU","Zapus hudsonius","species",,,,,"N","F","N","released",,"adult",,"nonenlarged","not","neither",28,,,,18,"N","N","N",,,,,,,,,,"UNDE.20180811.R4800.E","D00000003510",,,,,,"dsmith1@battelleecology.org","jswenson@battelleecology.org",,,
"5c07256c-f783-4614-b9d8-39fa05b0c50e","0288762d-3e27-4fad-8f7f-491730f916bd","UNDE_008.mammalGrid.mam","D05","UNDE","UNDE_008","A7","distributed","mixedForest",46.255793,-89.513196,"WGS84",45.1,511.6,0.2,"6 - trap set and empty","ShermanLF","2018-08-11","2018-08-11",,,,,,,,,,,,,,,,,,,,,,,,,,,,,,,,,,,,,,,,,,,,"jbuza@battelleecology.org","rchambliss@battelleecology.org",,,
"e930454b-83be-418d-a108-7fdfeac5766e","82c4ba99-3914-49fc-843f-49dd793a4448","UNDE_001.mammalGrid.mam","D05","UNDE","UNDE_001","C7","distributed","deciduousForest",46.235415,-89.559203,"WGS84",45.2,538.4,0.3,"6 - trap set and empty","ShermanLF","2018-08-11","2018-08-11",,,,,,,,,,,,,,,,,,,,,,,,,,,,,,,,,,,,,,,,,,,,"dsmith1@battelleecology.org","jswenson@battelleecology.org",,,
"c840fe1d-7378-4f3e-86da-0489d34e7c73","fcc2805c-20b6-47a8-87bf-10596fa8b034","UNDE_002.mammalGrid.mam","D05","UNDE","UNDE_002","B8","distributed","woodyWetlands",46.244297,-89.543943,"WGS84",45.1,504.3,0.2,"6 - trap set and empty","ShermanLF","2018-08-11","2018-08-11",,,,,,,,,,,,,,,,,,,,,,,,,,,,,,,,,,,,,,,,,,,,"aspink@neoninc.org","dsmith1@battelleecology.org",,,
"ba9d07cc-5821-4afb-9bdf-d52c3dbfe12d","82c4ba99-3914-49fc-843f-49dd793a4448","UNDE_001.mammalGrid.mam","D05","UNDE","UNDE_001","J7","distributed","deciduousForest",46.235415,-89.559203,"WGS84",45.2,538.4,0.3,"5 - capture","ShermanLF","2018-08-11","2018-08-11","NEON.MAM.D05.R4822",,"PEMA","Peromyscus maniculatus","species",,,,,"N","F","N","released",,"subadult",,"nonenlarged","not","swollen",17,17,,,14,"N","N","N",,,,,,,,,,"UNDE.20180811.R4822.E","D00000003504","UNDE.20180811.R4822.H","B00000021498","hairAndWhisker",,,"dsmith1@battelleecology.org","jswenson@battelleecology.org",,,
"2ca82632-5a3a-42f6-b187-4fc35d24ab96","fcc2805c-20b6-47a8-87bf-10596fa8b034","UNDE_002.mammalGrid.mam","D05","UNDE","UNDE_002","H7","distributed","woodyWetlands",46.244297,-89.543943,"WGS84",45.1,504.3,0.2,"6 - trap set and empty","ShermanLF","2018-08-11","2018-08-11",,,,,,,,,,,,,,,,,,,,,,,,,,,,,,,,,,,,,,,,,,,,"aspink@neoninc.org","dsmith1@battelleecology.org",,,
"96c7fcb4-5f1b-4894-aa0b-a2f7f563518e","08d9e920-a5cd-4cd4-842a-772c09a41d7d","UNDE_003.mammalGrid.mam","D05","UNDE","UNDE_003","E4","distributed","woodyWetlands",46.255040,-89.535332,"WGS84",45.2,505.1,0.3,"6 - trap set and empty","ShermanLF","2018-08-11","2018-08-11",,,,,,,,,,,,,,,,,,,,,,,,,,,,,,,,,,,,,,,,,,,,"rchambliss@battelleecology.org","jbuza@battelleecology.org",,,
"d9aa3093-2cff-40cf-a4c3-21d7d0a5c6eb","fcc2805c-20b6-47a8-87bf-10596fa8b034","UNDE_002.mammalGrid.mam","D05","UNDE","UNDE_002","G1","distributed","woodyWetlands",46.244297,-89.543943,"WGS84",45.1,504.3,0.2,"6 - trap set and empty","ShermanLF","2018-08-11","2018-08-11",,,,,,,,,,,,,,,,,,,,,,,,,,,,,,,,,,,,,,,,,,,,"aspink@neoninc.org","dsmith1@battelleecology.org",,,
"f3477041-b116-4d86-8046-d21427c0b8eb","08d9e920-a5cd-4cd4-842a-772c09a41d7d","UNDE_003.mammalGrid.mam","D05","UNDE","UNDE_003","J5","distributed","woodyWetlands",46.255040,-89.535332,"WGS84",45.2,505.1,0.3,"6 - trap set and empty","ShermanLF","2018-08-11","2018-08-11",,,,,,,,,,,,,,,,,,,,,,,,,,,,,,,,,,,,,,,,,,,,"rchambliss@battelleecology.org","jbuza@battelleecology.org",,,
"e67c13f2-8a66-4f48-8d11-812ca344c0c1","08d9e920-a5cd-4cd4-842a-772c09a41d7d","UNDE_003.mammalGrid.mam","D05","UNDE","UNDE_003","E9","distributed","woodyWetlands",46.255040,-89.535332,"WGS84",45.2,505.1,0.3,"6 - trap set and empty","ShermanLF","2018-08-11","2018-08-11",,,,,,,,,,,,,,,,,,,,,,,,,,,,,,,,,,,,,,,,,,,,"rchambliss@battelleecology.org","jbuza@battelleecology.org",,,
"e1f9362c-0a25-497b-b54a-a9947b44d1ef","0288762d-3e27-4fad-8f7f-491730f916bd","UNDE_008.mammalGrid.mam","D05","UNDE","UNDE_008","H2","distributed","mixedForest",46.255793,-89.513196,"WGS84",45.1,511.6,0.2,"3 - trap door open or closed w/ spoor left","ShermanLF","2018-08-11","2018-08-11",,,,,,,,,,,,,,,,,,,,,,,,,,,,,,,,,,,,,,,,,,,,"jbuza@battelleecology.org","rchambliss@battelleecology.org",,,
"c763478d-92c9-4c80-bfb3-3fc452a454ca","fcc2805c-20b6-47a8-87bf-10596fa8b034","UNDE_002.mammalGrid.mam","D05","UNDE","UNDE_002","A1","distributed","woodyWetlands",46.244297,-89.543943,"WGS84",45.1,504.3,0.2,"5 - capture","ShermanLF","2018-08-11","2018-08-11","NEON.MAM.D05.O002A120180811",,"SOAR","Sorex arcticus","species",,,,"taxonID confirmed, sex and reproductive conditions updated","N","M","N","dead",,"adult",,,,,,,,,,"U","U","U",,,,,,,,,,,,,,,"UNDE.20180811.O002A120180811.V","B00000021578","aspink@neoninc.org","dsmith1@battelleecology.org",,,
"50cfcf6b-667f-4525-aa70-4ae81c81e607","82c4ba99-3914-49fc-843f-49dd793a4448","UNDE_001.mammalGrid.mam","D05","UNDE","UNDE_001","B1","distributed","deciduousForest",46.235415,-89.559203,"WGS84",45.2,538.4,0.3,"5 - capture","ShermanLF","2018-08-11","2018-08-11","NEON.MAM.D05.R4949",,"PELE","Peromyscus leucopus","species","cf. species",,,,"N","F","N","released",,"subadult",,"nonenlarged","not","neither",20,17,,,15,"N","N","N",,,,,,,,,,"UNDE.20180811.R4949.E","D00000003359","UNDE.20180811.R4949.H","B00000021497","hairAndWhisker",,,"dsmith1@battelleecology.org","jswenson@battelleecology.org",,,
"552bdd35-44f7-48fd-a96f-240910bd3118","08d9e920-a5cd-4cd4-842a-772c09a41d7d","UNDE_003.mammalGrid.mam","D05","UNDE","UNDE_003","F2","distributed","woodyWetlands",46.255040,-89.535332,"WGS84",45.2,505.1,0.3,"6 - trap set and empty","ShermanLF","2018-08-11","2018-08-11",,,,,,,,,,,,,,,,,,,,,,,,,,,,,,,,,,,,,,,,,,,,"rchambliss@battelleecology.org","jbuza@battelleecology.org",,,
"0a6c16f0-5875-48e3-9bea-8bb7f0acc5ae","08d9e920-a5cd-4cd4-842a-772c09a41d7d","UNDE_003.mammalGrid.mam","D05","UNDE","UNDE_003","A1","distributed","woodyWetlands",46.255040,-89.535332,"WGS84",45.2,505.1,0.3,"6 - trap set and empty","ShermanLF","2018-08-11","2018-08-11",,,,,,,,,,,,,,,,,,,,,,,,,,,,,,,,,,,,,,,,,,,,"rchambliss@battelleecology.org","jbuza@battelleecology.org",,,
"b2ba976a-8170-4e2e-a375-86f72cbee4c2","08d9e920-a5cd-4cd4-842a-772c09a41d7d","UNDE_003.mammalGrid.mam","D05","UNDE","UNDE_003","G4","distributed","woodyWetlands",46.255040,-89.535332,"WGS84",45.2,505.1,0.3,"5 - capture","ShermanLF","2018-08-11","2018-08-11","NEON.MAM.D05.R4612",,"PEMA","Peromyscus maniculatus","species",,,,,"N","M","N","released",,"adult","nonscrotal",,,,23,17,,,17,"N","N","N",,,,,,,,,,"UNDE.20180811.R4612.E","D00000003563","UNDE.20180811.R4612.H","B00000021393","hairAndWhisker",,,"rchambliss@battelleecology.org","jbuza@battelleecology.org",,,
"6c9e74a7-cf09-4704-b31b-a65f6c48613c","08d9e920-a5cd-4cd4-842a-772c09a41d7d","UNDE_003.mammalGrid.mam","D05","UNDE","UNDE_003","I5","distributed","woodyWetlands",46.255040,-89.535332,"WGS84",45.2,505.1,0.3,"6 - trap set and empty","ShermanLF","2018-08-11","2018-08-11",,,,,,,,,,,,,,,,,,,,,,,,,,,,,,,,,,,,,,,,,,,,"rchambliss@battelleecology.org","jbuza@battelleecology.org",,,
"1eb9c878-703a-4a55-b09d-6def5c7a7088","82c4ba99-3914-49fc-843f-49dd793a4448","UNDE_001.mammalGrid.mam","D05","UNDE","UNDE_001","H10","distributed","deciduousForest",46.235415,-89.559203,"WGS84",45.2,538.4,0.3,"5 - capture","ShermanLF","2018-08-11","2018-08-11","NEON.MAM.D05.R4804",,"ZAHU","Zapus hudsonius","species",,,,,"N","F","N","released",,"adult",,"enlarged","unknown","neither",30,,,,22,"N","N","N",,,,,,,,,,"UNDE.20180811.R4804.E","D00000003498",,,,,,"dsmith1@battelleecology.org","jswenson@battelleecology.org",,,
"fbaa4f4f-d4a3-42cd-a7d1-1252b37cdf2b","08d9e920-a5cd-4cd4-842a-772c09a41d7d","UNDE_003.mammalGrid.mam","D05","UNDE","UNDE_003","C10","distributed","woodyWetlands",46.255040,-89.535332,"WGS84",45.2,505.1,0.3,"5 - capture","ShermanLF","2018-08-11","2018-08-11","NEON.MAM.D05.R4770",,"MYGA","Myodes gapperi","species",,,,,"N","M","N","released",,"adult","nonscrotal",,,,20,,,,18,"N","N","N",,,,,,,"UNDE.20180811.R4770.F","D00000003505","fresh","UNDE.20180811.R4770.E","D00000003502",,,,,,"rchambliss@battelleecology.org","jbuza@battelleecology.org",,,
"b542c4aa-28c4-4061-be7c-40d569e60f6c","0288762d-3e27-4fad-8f7f-491730f916bd","UNDE_008.mammalGrid.mam","D05","UNDE","UNDE_008","E1","distributed","mixedForest",46.255793,-89.513196,"WGS84",45.1,511.6,0.2,"6 - trap set and empty","ShermanLF","2018-08-11","2018-08-11",,,,,,,,,,,,,,,,,,,,,,,,,,,,,,,,,,,,,,,,,,,,"jbuza@battelleecology.org","rchambliss@battelleecology.org",,,
"975ccecc-edcb-4f90-8d2f-9a9126a86644","0288762d-3e27-4fad-8f7f-491730f916bd","UNDE_008.mammalGrid.mam","D05","UNDE","UNDE_008","J8","distributed","mixedForest",46.255793,-89.513196,"WGS84",45.1,511.6,0.2,"6 - trap set and empty","ShermanLF","2018-08-11","2018-08-11",,,,,,,,,,,,,,,,,,,,,,,,,,,,,,,,,,,,,,,,,,,,"jbuza@battelleecology.org","rchambliss@battelleecology.org",,,
"1d4ef7d1-6b96-4e80-83be-ce154cdacb1e","0288762d-3e27-4fad-8f7f-491730f916bd","UNDE_008.mammalGrid.mam","D05","UNDE","UNDE_008","D6","distributed","mixedForest",46.255793,-89.513196,"WGS84",45.1,511.6,0.2,"3 - trap door open or closed w/ spoor left","ShermanLF","2018-08-11","2018-08-11",,,,,,,,,,,,,,,,,,,,,,,,,,,,,,,,,,,,,,,,,,,,"jbuza@battelleecology.org","rchambliss@battelleecology.org",,,
"600ddc65-edb9-4ec5-9004-3c8d992b21f7","82c4ba99-3914-49fc-843f-49dd793a4448","UNDE_001.mammalGrid.mam","D05","UNDE","UNDE_001","B10","distributed","deciduousForest",46.235415,-89.559203,"WGS84",45.2,538.4,0.3,"3 - trap door open or closed w/ spoor left","ShermanLF","2018-08-11","2018-08-11",,,,,,,,,,,,,,,,,,,,,,,,,,,,,,,,,,,,,,,,,,,,"dsmith1@battelleecology.org","jswenson@battelleecology.org",,,
"445c4518-8e12-4655-babb-262ced586be0","82c4ba99-3914-49fc-843f-49dd793a4448","UNDE_001.mammalGrid.mam","D05","UNDE","UNDE_001","D5","distributed","deciduousForest",46.235415,-89.559203,"WGS84",45.2,538.4,0.3,"6 - trap set and empty","ShermanLF","2018-08-11","2018-08-11",,,,,,,,,,,,,,,,,,,,,,,,,,,,,,,,,,,,,,,,,,,,"dsmith1@battelleecology.org","jswenson@battelleecology.org",,,
"34239ba0-4b8a-4be7-86b3-3dba96d173d2","0288762d-3e27-4fad-8f7f-491730f916bd","UNDE_008.mammalGrid.mam","D05","UNDE","UNDE_008","E9","distributed","mixedForest",46.255793,-89.513196,"WGS84",45.1,511.6,0.2,"5 - capture","ShermanLF","2018-08-11","2018-08-11","NEON.MAM.D05.R4313",,"PELE","Peromyscus leucopus","species",,,,,"N","M","N","released",,"subadult","nonscrotal",,,,19,14,,,14,"N","N","N",,,,,,,,,,"UNDE.20180811.R4313.E","D00000003580","UNDE.20180811.R4313.H","B00000021341","hairAndWhisker",,,"jbuza@battelleecology.org","rchambliss@battelleecology.org",,,
"6199c381-b007-4a29-a5ce-8b6956a88190","08d9e920-a5cd-4cd4-842a-772c09a41d7d","UNDE_003.mammalGrid.mam","D05","UNDE","UNDE_003","B4","distributed","woodyWetlands",46.255040,-89.535332,"WGS84",45.2,505.1,0.3,"5 - capture","ShermanLF","2018-08-11","2018-08-11","NEON.MAM.D05.O003B420180811",,"BLBR","Blarina brevicauda","species",,,,"sex and reproductive conditions","N","M","N","dead",,"adult",,,,,,,,,,"U","U","U",,,,,,,,,,,,,,,"UNDE.20180811.O003B420180811.V","B00000021589","rchambliss@battelleecology.org","jbuza@battelleecology.org",,,
"a925a409-6aee-410a-abc2-1c115590fb00","82c4ba99-3914-49fc-843f-49dd793a4448","UNDE_001.mammalGrid.mam","D05","UNDE","UNDE_001","G6","distributed","deciduousForest",46.235415,-89.559203,"WGS84",45.2,538.4,0.3,"3 - trap door open or closed w/ spoor left","ShermanLF","2018-08-11","2018-08-11",,,,,,,,,,,,,,,,,,,,,,,,,,,,,,,,,,,,,,,,,,,,"dsmith1@battelleecology.org","jswenson@battelleecology.org",,,
"9c48e278-243e-4f79-84b2-2a7730996ee5","82c4ba99-3914-49fc-843f-49dd793a4448","UNDE_001.mammalGrid.mam","D05","UNDE","UNDE_001","D8","distributed","deciduousForest",46.235415,-89.559203,"WGS84",45.2,538.4,0.3,"6 - trap set and empty","ShermanLF","2018-08-11","2018-08-11",,,,,,,,,,,,,,,,,,,,,,,,,,,,,,,,,,,,,,,,,,,,"dsmith1@battelleecology.org","jswenson@battelleecology.org",,,
"3e98fc9d-a97e-4b94-920d-84ba3959bbbe","82c4ba99-3914-49fc-843f-49dd793a4448","UNDE_001.mammalGrid.mam","D05","UNDE","UNDE_001","D9","distributed","deciduousForest",46.235415,-89.559203,"WGS84",45.2,538.4,0.3,"6 - trap set and empty","ShermanLF","2018-08-11","2018-08-11",,,,,,,,,,,,,,,,,,,,,,,,,,,,,,,,,,,,,,,,,,,,"dsmith1@battelleecology.org","jswenson@battelleecology.org",,,
"620f587c-ebaf-4921-aa79-21fcc6c4024f","08d9e920-a5cd-4cd4-842a-772c09a41d7d","UNDE_003.mammalGrid.mam","D05","UNDE","UNDE_003","F6","distributed","woodyWetlands",46.255040,-89.535332,"WGS84",45.2,505.1,0.3,"6 - trap set and empty","ShermanLF","2018-08-11","2018-08-11",,,,,,,,,,,,,,,,,,,,,,,,,,,,,,,,,,,,,,,,,,,,"rchambliss@battelleecology.org","jbuza@battelleecology.org",,,
"cffde3b8-7de5-4dc2-bf5c-184de6ab6524","fcc2805c-20b6-47a8-87bf-10596fa8b034","UNDE_002.mammalGrid.mam","D05","UNDE","UNDE_002","C4","distributed","woodyWetlands",46.244297,-89.543943,"WGS84",45.1,504.3,0.2,"6 - trap set and empty","ShermanLF","2018-08-11","2018-08-11",,,,,,,,,,,,,,,,,,,,,,,,,,,,,,,,,,,,,,,,,,,,"aspink@neoninc.org","dsmith1@battelleecology.org",,,
"fb16c473-5f9c-47d8-a42a-7fb51474aa8d","08d9e920-a5cd-4cd4-842a-772c09a41d7d","UNDE_003.mammalGrid.mam","D05","UNDE","UNDE_003","I3","distributed","woodyWetlands",46.255040,-89.535332,"WGS84",45.2,505.1,0.3,"6 - trap set and empty","ShermanLF","2018-08-11","2018-08-11",,,,,,,,,,,,,,,,,,,,,,,,,,,,,,,,,,,,,,,,,,,,"rchambliss@battelleecology.org","jbuza@battelleecology.org",,,
"7a39346e-7216-4cf1-8d97-8355e382ca8c","fcc2805c-20b6-47a8-87bf-10596fa8b034","UNDE_002.mammalGrid.mam","D05","UNDE","UNDE_002","D9","distributed","woodyWetlands",46.244297,-89.543943,"WGS84",45.1,504.3,0.2,"6 - trap set and empty","ShermanLF","2018-08-11","2018-08-11",,,,,,,,,,,,,,,,,,,,,,,,,,,,,,,,,,,,,,,,,,,,"aspink@neoninc.org","dsmith1@battelleecology.org",,,
"240545a9-d767-4f1c-8f4b-bae8a5adbd84","fcc2805c-20b6-47a8-87bf-10596fa8b034","UNDE_002.mammalGrid.mam","D05","UNDE","UNDE_002","H4","distributed","woodyWetlands",46.244297,-89.543943,"WGS84",45.1,504.3,0.2,"6 - trap set and empty","ShermanLF","2018-08-11","2018-08-11",,,,,,,,,,,,,,,,,,,,,,,,,,,,,,,,,,,,,,,,,,,,"aspink@neoninc.org","dsmith1@battelleecology.org",,,
"15be1249-4d80-42fd-82b6-8c3f7c096430","82c4ba99-3914-49fc-843f-49dd793a4448","UNDE_001.mammalGrid.mam","D05","UNDE","UNDE_001","I9","distributed","deciduousForest",46.235415,-89.559203,"WGS84",45.2,538.4,0.3,"5 - capture","ShermanLF","2018-08-11","2018-08-11","NEON.MAM.D05.R4462",,"PEMA","Peromyscus maniculatus","species",,,,"taxonID confirmed","N","F","Y","released",,"adult",,"enlarged","not","neither",20,18,,,22,"N","N","N",,,,,,,"UNDE.20180811.R4462.F","D00000003493","fresh",,,"UNDE.20180811.R4462.H","B00000021499","hairAndWhisker",,,"dsmith1@battelleecology.org","jswenson@battelleecology.org",,,
"b109bd6d-79a7-432b-be51-b056cb579a4e","08d9e920-a5cd-4cd4-842a-772c09a41d7d","UNDE_003.mammalGrid.mam","D05","UNDE","UNDE_003","B6","distributed","woodyWetlands",46.255040,-89.535332,"WGS84",45.2,505.1,0.3,"6 - trap set and empty","ShermanLF","2018-08-11","2018-08-11",,,,,,,,,,,,,,,,,,,,,,,,,,,,,,,,,,,,,,,,,,,,"rchambliss@battelleecology.org","jbuza@battelleecology.org",,,
"278b32c8-7ca1-4db2-affb-896e4ecda136","82c4ba99-3914-49fc-843f-49dd793a4448","UNDE_001.mammalGrid.mam","D05","UNDE","UNDE_001","I5","distributed","deciduousForest",46.235415,-89.559203,"WGS84",45.2,538.4,0.3,"6 - trap set and empty","ShermanLF","2018-08-11","2018-08-11",,,,,,,,,,,,,,,,,,,,,,,,,,,,,,,,,,,,,,,,,,,,"dsmith1@battelleecology.org","jswenson@battelleecology.org",,,
"63b3ecf9-0073-4aa6-965b-5f8e6ba50d1b","fcc2805c-20b6-47a8-87bf-10596fa8b034","UNDE_002.mammalGrid.mam","D05","UNDE","UNDE_002","J8","distributed","woodyWetlands",46.244297,-89.543943,"WGS84",45.1,504.3,0.2,"6 - trap set and empty","ShermanLF","2018-08-11","2018-08-11",,,,,,,,,,,,,,,,,,,,,,,,,,,,,,,,,,,,,,,,,,,,"aspink@neoninc.org","dsmith1@battelleecology.org",,,
"c16b02a8-9e1e-4676-8454-018474bfbf25","82c4ba99-3914-49fc-843f-49dd793a4448","UNDE_001.mammalGrid.mam","D05","UNDE","UNDE_001","B4","distributed","deciduousForest",46.235415,-89.559203,"WGS84",45.2,538.4,0.3,"6 - trap set and empty","ShermanLF","2018-08-11","2018-08-11",,,,,,,,,,,,,,,,,,,,,,,,,,,,,,,,,,,,,,,,,,,,"dsmith1@battelleecology.org","jswenson@battelleecology.org",,,
"65c10966-3012-4dd5-b084-623d4232b85e","82c4ba99-3914-49fc-843f-49dd793a4448","UNDE_001.mammalGrid.mam","D05","UNDE","UNDE_001","A6","distributed","deciduousForest",46.235415,-89.559203,"WGS84",45.2,538.4,0.3,"5 - capture","ShermanLF","2018-08-11","2018-08-11","NEON.MAM.D05.R4702",,"PELE","Peromyscus leucopus","species",,,,,"N","F","N","released",,"adult",,"enlarged","not","swollen",19,15,,,24,"N","N","N",,,,,,,"UNDE.20180811.R4702.F","D00000003337","fresh","UNDE.20180811.R4702.E","D00000003363","UNDE.20180811.R4702.H","B00000021491","hairAndWhisker",,,"dsmith1@battelleecology.org","jswenson@battelleecology.org",,,
"4f9c9355-2133-4e97-aba8-b1cf8ac940a3","82c4ba99-3914-49fc-843f-49dd793a4448","UNDE_001.mammalGrid.mam","D05","UNDE","UNDE_001","C4","distributed","deciduousForest",46.235415,-89.559203,"WGS84",45.2,538.4,0.3,"6 - trap set and empty","ShermanLF","2018-08-11","2018-08-11",,,,,,,,,,,,,,,,,,,,,,,,,,,,,,,,,,,,,,,,,,,,"dsmith1@battelleecology.org","jswenson@battelleecology.org",,,
"51eda704-d72f-4919-8980-0d84e22591e7","82c4ba99-3914-49fc-843f-49dd793a4448","UNDE_001.mammalGrid.mam","D05","UNDE","UNDE_001","H4","distributed","deciduousForest",46.235415,-89.559203,"WGS84",45.2,538.4,0.3,"5 - capture","ShermanLF","2018-08-11","2018-08-11","NEON.MAM.D05.R4085",,"PELE","Peromyscus leucopus","species",,,,"taxonID confirmed","N","M","N","released",,"adult","scrotal",,,,21,15,,,26,"N","N","N",,,,,,,"UNDE.20180811.R4085.F","D00000003497","fresh","UNDE.20180811.R4085.E","D00000003316","UNDE.20180811.R4085.H","B00000021508","hairAndWhisker",,,"dsmith1@battelleecology.org","jswenson@battelleecology.org",,,
"35ecb80f-3cc3-4327-8be7-c1d4f3bd8d7b","fcc2805c-20b6-47a8-87bf-10596fa8b034","UNDE_002.mammalGrid.mam","D05","UNDE","UNDE_002","G2","distributed","woodyWetlands",46.244297,-89.543943,"WGS84",45.1,504.3,0.2,"5 - capture","ShermanLF","2018-08-11","2018-08-11","NEON.MAM.D05.O002G220180811",,"SOAR","Sorex arcticus","species",,,,"taxonID confirmed, sex and reproductive conditions updated","N","F","N","dead",,"adult",,"nonenlarged","not","unknown",,,,,,"U","U","U",,,,,,,,,,,,,,,"UNDE.20180811.O002G220180811.V","B00000021588","aspink@neoninc.org","dsmith1@battelleecology.org",,,
"7b256182-54aa-4313-88c3-5d3d15295969","08d9e920-a5cd-4cd4-842a-772c09a41d7d","UNDE_003.mammalGrid.mam","D05","UNDE","UNDE_003","D9","distributed","woodyWetlands",46.255040,-89.535332,"WGS84",45.2,505.1,0.3,"6 - trap set and empty","ShermanLF","2018-08-11","2018-08-11",,,,,,,,,,,,,,,,,,,,,,,,,,,,,,,,,,,,,,,,,,,,"rchambliss@battelleecology.org","jbuza@battelleecology.org",,,
"d783c282-b0ef-4589-a93d-571c20664468","08d9e920-a5cd-4cd4-842a-772c09a41d7d","UNDE_003.mammalGrid.mam","D05","UNDE","UNDE_003","G5","distributed","woodyWetlands",46.255040,-89.535332,"WGS84",45.2,505.1,0.3,"6 - trap set and empty","ShermanLF","2018-08-11","2018-08-11",,,,,,,,,,,,,,,,,,,,,,,,,,,,,,,,,,,,,,,,,,,,"rchambliss@battelleecology.org","jbuza@battelleecology.org",,,
"1067bb01-8983-4cf9-8458-bd014f15a76e","0288762d-3e27-4fad-8f7f-491730f916bd","UNDE_008.mammalGrid.mam","D05","UNDE","UNDE_008","F2","distributed","mixedForest",46.255793,-89.513196,"WGS84",45.1,511.6,0.2,"6 - trap set and empty","ShermanLF","2018-08-11","2018-08-11",,,,,,,,,,,,,,,,,,,,,,,,,,,,,,,,,,,,,,,,,,,,"jbuza@battelleecology.org","rchambliss@battelleecology.org",,,
"72974924-2201-4891-a22a-aa4bbb09f5d5","08d9e920-a5cd-4cd4-842a-772c09a41d7d","UNDE_003.mammalGrid.mam","D05","UNDE","UNDE_003","J9","distributed","woodyWetlands",46.255040,-89.535332,"WGS84",45.2,505.1,0.3,"5 - capture","ShermanLF","2018-08-11","2018-08-11","NEON.MAM.D05.O003J920180811",,"BLBR","Blarina brevicauda","species",,,,,"N","U","U","released",,"unknown",,,,,,,,,,"U","U","U",,,,,,,,,,,,,,,,,"rchambliss@battelleecology.org","jbuza@battelleecology.org",,,
"287f35ae-c5df-4d67-86af-3398c2fb6730","0288762d-3e27-4fad-8f7f-491730f916bd","UNDE_008.mammalGrid.mam","D05","UNDE","UNDE_008","H1","distributed","mixedForest",46.255793,-89.513196,"WGS84",45.1,511.6,0.2,"6 - trap set and empty","ShermanLF","2018-08-11","2018-08-11",,,,,,,,,,,,,,,,,,,,,,,,,,,,,,,,,,,,,,,,,,,,"jbuza@battelleecology.org","rchambliss@battelleecology.org",,,
"0a6f43e7-88ab-4828-988a-4cb24322cd68","fcc2805c-20b6-47a8-87bf-10596fa8b034","UNDE_002.mammalGrid.mam","D05","UNDE","UNDE_002","I1","distributed","woodyWetlands",46.244297,-89.543943,"WGS84",45.1,504.3,0.2,"6 - trap set and empty","ShermanLF","2018-08-11","2018-08-11",,,,,,,,,,,,,,,,,,,,,,,,,,,,,,,,,,,,,,,,,,,,"aspink@neoninc.org","dsmith1@battelleecology.org",,,
"e1ba6efe-79c7-4664-b542-7bd265613516","82c4ba99-3914-49fc-843f-49dd793a4448","UNDE_001.mammalGrid.mam","D05","UNDE","UNDE_001","B5","distributed","deciduousForest",46.235415,-89.559203,"WGS84",45.2,538.4,0.3,"5 - capture","ShermanLF","2018-08-11","2018-08-11","NEON.MAM.D05.O001B520180811",,"BLBR","Blarina brevicauda","species",,,,,"N","M","N","released",,"adult","unknown",,,,,,,,,"U","U","U",,,,,,,,,,,,,,,,,"dsmith1@battelleecology.org","jswenson@battelleecology.org",,,
"d82d5877-9b6e-4970-8ac3-e708e93d38a5","fcc2805c-20b6-47a8-87bf-10596fa8b034","UNDE_002.mammalGrid.mam","D05","UNDE","UNDE_002","C10","distributed","woodyWetlands",46.244297,-89.543943,"WGS84",45.1,504.3,0.2,"6 - trap set and empty","ShermanLF","2018-08-11","2018-08-11",,,,,,,,,,,,,,,,,,,,,,,,,,,,,,,,,,,,,,,,,,,,"aspink@neoninc.org","dsmith1@battelleecology.org",,,
"7c133d02-4b83-4bac-942f-74d37564e442","08d9e920-a5cd-4cd4-842a-772c09a41d7d","UNDE_003.mammalGrid.mam","D05","UNDE","UNDE_003","E7","distributed","woodyWetlands",46.255040,-89.535332,"WGS84",45.2,505.1,0.3,"6 - trap set and empty","ShermanLF","2018-08-11","2018-08-11",,,,,,,,,,,,,,,,,,,,,,,,,,,,,,,,,,,,,,,,,,,,"rchambliss@battelleecology.org","jbuza@battelleecology.org",,,
"7ca43392-2122-45cc-aaeb-fc8f3728510b","0288762d-3e27-4fad-8f7f-491730f916bd","UNDE_008.mammalGrid.mam","D05","UNDE","UNDE_008","G6","distributed","mixedForest",46.255793,-89.513196,"WGS84",45.1,511.6,0.2,"6 - trap set and empty","ShermanLF","2018-08-11","2018-08-11",,,,,,,,,,,,,,,,,,,,,,,,,,,,,,,,,,,,,,,,,,,,"jbuza@battelleecology.org","rchambliss@battelleecology.org",,,
"73c26033-3ac4-4fb8-a779-4d69c7a1e4a6","08d9e920-a5cd-4cd4-842a-772c09a41d7d","UNDE_003.mammalGrid.mam","D05","UNDE","UNDE_003","F7","distributed","woodyWetlands",46.255040,-89.535332,"WGS84",45.2,505.1,0.3,"6 - trap set and empty","ShermanLF","2018-08-11","2018-08-11",,,,,,,,,,,,,,,,,,,,,,,,,,,,,,,,,,,,,,,,,,,,"rchambliss@battelleecology.org","jbuza@battelleecology.org",,,
"14123b7a-c597-453b-b09a-4f8c1e9d51c1","0288762d-3e27-4fad-8f7f-491730f916bd","UNDE_008.mammalGrid.mam","D05","UNDE","UNDE_008","H6","distributed","mixedForest",46.255793,-89.513196,"WGS84",45.1,511.6,0.2,"6 - trap set and empty","ShermanLF","2018-08-11","2018-08-11",,,,,,,,,,,,,,,,,,,,,,,,,,,,,,,,,,,,,,,,,,,,"jbuza@battelleecology.org","rchambliss@battelleecology.org",,,
"abddc5bd-3fad-423d-a234-3ee76f516aa4","82c4ba99-3914-49fc-843f-49dd793a4448","UNDE_001.mammalGrid.mam","D05","UNDE","UNDE_001","B2","distributed","deciduousForest",46.235415,-89.559203,"WGS84",45.2,538.4,0.3,"3 - trap door open or closed w/ spoor left","ShermanLF","2018-08-11","2018-08-11",,,,,,,,,,,,,,,,,,,,,,,,,,,,,,,,,,,,,,,,,,,,"dsmith1@battelleecology.org","jswenson@battelleecology.org",,,
"bd1d57a7-955b-4886-ab33-ebed90d4e48b","0288762d-3e27-4fad-8f7f-491730f916bd","UNDE_008.mammalGrid.mam","D05","UNDE","UNDE_008","G9","distributed","mixedForest",46.255793,-89.513196,"WGS84",45.1,511.6,0.2,"6 - trap set and empty","ShermanLF","2018-08-11","2018-08-11",,,,,,,,,,,,,,,,,,,,,,,,,,,,,,,,,,,,,,,,,,,,"jbuza@battelleecology.org","rchambliss@battelleecology.org",,,
"a40d6559-c29c-44aa-a375-01c98c9b06e8","08d9e920-a5cd-4cd4-842a-772c09a41d7d","UNDE_003.mammalGrid.mam","D05","UNDE","UNDE_003","D7","distributed","woodyWetlands",46.255040,-89.535332,"WGS84",45.2,505.1,0.3,"6 - trap set and empty","ShermanLF","2018-08-11","2018-08-11",,,,,,,,,,,,,,,,,,,,,,,,,,,,,,,,,,,,,,,,,,,,"rchambliss@battelleecology.org","jbuza@battelleecology.org",,,
"eebe8177-a957-44a4-9caa-49c0cb613bd2","08d9e920-a5cd-4cd4-842a-772c09a41d7d","UNDE_003.mammalGrid.mam","D05","UNDE","UNDE_003","A4","distributed","woodyWetlands",46.255040,-89.535332,"WGS84",45.2,505.1,0.3,"5 - capture","ShermanLF","2018-08-11","2018-08-11","NEON.MAM.D05.L4360",,"TAST","Tamias striatus","species",,,,,"N","M","U","released","R","adult","nonscrotal",,,,34,,,,105,"N","N","N",,,,,,,"UNDE.20180811.L4360.F","D00000003382","fresh",,,,,,,,"rchambliss@battelleecology.org","jbuza@battelleecology.org",,,
"9f9454b3-2a36-4c4b-84a9-343b98a5dc4c","08d9e920-a5cd-4cd4-842a-772c09a41d7d","UNDE_003.mammalGrid.mam","D05","UNDE","UNDE_003","A5","distributed","woodyWetlands",46.255040,-89.535332,"WGS84",45.2,505.1,0.3,"2 - trap disturbed/door closed but empty","ShermanLF","2018-08-11","2018-08-11",,,,,,,,,,,,,,,,,,,,,,,,,,,,,,,,,,,,,,,,,,,,"rchambliss@battelleecology.org","jbuza@battelleecology.org",,,
"2ed7ce88-c66d-4f43-8f2c-aa8d97d7ef2c","fcc2805c-20b6-47a8-87bf-10596fa8b034","UNDE_002.mammalGrid.mam","D05","UNDE","UNDE_002","G5","distributed","woodyWetlands",46.244297,-89.543943,"WGS84",45.1,504.3,0.2,"5 - capture","ShermanLF","2018-08-11","2018-08-11","NEON.MAM.D05.O002G520180811",,"SOAR","Sorex arcticus","species",,,,"sex and reproductive conditions","N","F","N","dead",,"adult",,"nonenlarged","not","unknown",,,,,,"U","U","U",,,,,,,,,,,,,,,"UNDE.20180811.O002G520180811.V","B00000021606","aspink@neoninc.org","dsmith1@battelleecology.org",,,
"e5723087-71ad-4cc9-bf03-62d7c3f26e3c","82c4ba99-3914-49fc-843f-49dd793a4448","UNDE_001.mammalGrid.mam","D05","UNDE","UNDE_001","H1","distributed","deciduousForest",46.235415,-89.559203,"WGS84",45.2,538.4,0.3,"5 - capture","ShermanLF","2018-08-11","2018-08-11","NEON.MAM.D05.R4801",,"PEMA","Peromyscus maniculatus","species","cf. species",,,,"N","M","N","released",,"subadult","nonscrotal",,,,22,16,,,16,"N","N","N",,,,,,,,,,"UNDE.20180811.R4801.E","D00000003325","UNDE.20180811.R4801.H","B00000021506","hairAndWhisker",,,"dsmith1@battelleecology.org","jswenson@battelleecology.org",,,
"31fd8eca-6721-48aa-8487-5a8d3354978c","82c4ba99-3914-49fc-843f-49dd793a4448","UNDE_001.mammalGrid.mam","D05","UNDE","UNDE_001","E7","distributed","deciduousForest",46.235415,-89.559203,"WGS84",45.2,538.4,0.3,"6 - trap set and empty","ShermanLF","2018-08-11","2018-08-11",,,,,,,,,,,,,,,,,,,,,,,,,,,,,,,,,,,,,,,,,,,,"dsmith1@battelleecology.org","jswenson@battelleecology.org",,,
"e1d80438-5a49-4b9d-897a-0cefa9487b97","0288762d-3e27-4fad-8f7f-491730f916bd","UNDE_008.mammalGrid.mam","D05","UNDE","UNDE_008","B8","distributed","mixedForest",46.255793,-89.513196,"WGS84",45.1,511.6,0.2,"3 - trap door open or closed w/ spoor left","ShermanLF","2018-08-11","2018-08-11",,,,,,,,,,,,,,,,,,,,,,,,,,,,,,,,,,,,,,,,,,,,"jbuza@battelleecology.org","rchambliss@battelleecology.org",,,
"59779ba2-075c-4fed-a19c-9e0b34067090","82c4ba99-3914-49fc-843f-49dd793a4448","UNDE_001.mammalGrid.mam","D05","UNDE","UNDE_001","G7","distributed","deciduousForest",46.235415,-89.559203,"WGS84",45.2,538.4,0.3,"6 - trap set and empty","ShermanLF","2018-08-11","2018-08-11",,,,,,,,,,,,,,,,,,,,,,,,,,,,,,,,,,,,,,,,,,,,"dsmith1@battelleecology.org","jswenson@battelleecology.org",,,
"0b699900-0a00-4c51-81c4-b9a7e900c60d","82c4ba99-3914-49fc-843f-49dd793a4448","UNDE_001.mammalGrid.mam","D05","UNDE","UNDE_001","J2","distributed","deciduousForest",46.235415,-89.559203,"WGS84",45.2,538.4,0.3,"3 - trap door open or closed w/ spoor left","ShermanLF","2018-08-11","2018-08-11",,,,,,,,,,,,,,,,,,,,,,,,,,,,,,,,,,,,,,,,,,,,"dsmith1@battelleecology.org","jswenson@battelleecology.org",,,
"9964f9f1-2a1f-4e48-8a88-69ea95b762e8","fcc2805c-20b6-47a8-87bf-10596fa8b034","UNDE_002.mammalGrid.mam","D05","UNDE","UNDE_002","H10","distributed","woodyWetlands",46.244297,-89.543943,"WGS84",45.1,504.3,0.2,"6 - trap set and empty","ShermanLF","2018-08-11","2018-08-11",,,,,,,,,,,,,,,,,,,,,,,,,,,,,,,,,,,,,,,,,,,,"aspink@neoninc.org","dsmith1@battelleecology.org",,,
"daf7e822-e332-4239-9a74-9879726a5cfc","08d9e920-a5cd-4cd4-842a-772c09a41d7d","UNDE_003.mammalGrid.mam","D05","UNDE","UNDE_003","D2","distributed","woodyWetlands",46.255040,-89.535332,"WGS84",45.2,505.1,0.3,"6 - trap set and empty","ShermanLF","2018-08-11","2018-08-11",,,,,,,,,,,,,,,,,,,,,,,,,,,,,,,,,,,,,,,,,,,,"rchambliss@battelleecology.org","jbuza@battelleecology.org",,,
"6f891422-5061-4401-9a5d-07e54babd239","08d9e920-a5cd-4cd4-842a-772c09a41d7d","UNDE_003.mammalGrid.mam","D05","UNDE","UNDE_003","F4","distributed","woodyWetlands",46.255040,-89.535332,"WGS84",45.2,505.1,0.3,"6 - trap set and empty","ShermanLF","2018-08-11","2018-08-11",,,,,,,,,,,,,,,,,,,,,,,,,,,,,,,,,,,,,,,,,,,,"rchambliss@battelleecology.org","jbuza@battelleecology.org",,,
"08a61e39-2c7f-4c3c-979a-9debb0b86558","0288762d-3e27-4fad-8f7f-491730f916bd","UNDE_008.mammalGrid.mam","D05","UNDE","UNDE_008","B7","distributed","mixedForest",46.255793,-89.513196,"WGS84",45.1,511.6,0.2,"6 - trap set and empty","ShermanLF","2018-08-11","2018-08-11",,,,,,,,,,,,,,,,,,,,,,,,,,,,,,,,,,,,,,,,,,,,"jbuza@battelleecology.org","rchambliss@battelleecology.org",,,
"4adb9d92-1f99-462a-9525-80746d0f1c1c","fcc2805c-20b6-47a8-87bf-10596fa8b034","UNDE_002.mammalGrid.mam","D05","UNDE","UNDE_002","F5","distributed","woodyWetlands",46.244297,-89.543943,"WGS84",45.1,504.3,0.2,"6 - trap set and empty","ShermanLF","2018-08-11","2018-08-11",,,,,,,,,,,,,,,,,,,,,,,,,,,,,,,,,,,,,,,,,,,,"aspink@neoninc.org","dsmith1@battelleecology.org",,,
"6c303390-f1bb-4dc3-ba3d-d4afb1e50148","0288762d-3e27-4fad-8f7f-491730f916bd","UNDE_008.mammalGrid.mam","D05","UNDE","UNDE_008","I2","distributed","mixedForest",46.255793,-89.513196,"WGS84",45.1,511.6,0.2,"6 - trap set and empty","ShermanLF","2018-08-11","2018-08-11",,,,,,,,,,,,,,,,,,,,,,,,,,,,,,,,,,,,,,,,,,,,"jbuza@battelleecology.org","rchambliss@battelleecology.org",,,
"34480c2d-5ede-4abb-9910-bfb25f911d97","0288762d-3e27-4fad-8f7f-491730f916bd","UNDE_008.mammalGrid.mam","D05","UNDE","UNDE_008","C7","distributed","mixedForest",46.255793,-89.513196,"WGS84",45.1,511.6,0.2,"5 - capture","ShermanLF","2018-08-11","2018-08-11","NEON.MAM.D05.R4828",,"NAIN","Napaeozapus insignis","species",,,,,"N","F","N","released",,"adult",,"nonenlarged","not","unknown",32,,,,27,"N","N","N",,,,,,,,,,"UNDE.20180811.R4828.E","D00000003388",,,,,,"jbuza@battelleecology.org","rchambliss@battelleecology.org",,,
"699fab46-748d-42d2-a038-8b95f810f19f","08d9e920-a5cd-4cd4-842a-772c09a41d7d","UNDE_003.mammalGrid.mam","D05","UNDE","UNDE_003","A6","distributed","woodyWetlands",46.255040,-89.535332,"WGS84",45.2,505.1,0.3,"6 - trap set and empty","ShermanLF","2018-08-11","2018-08-11",,,,,,,,,,,,,,,,,,,,,,,,,,,,,,,,,,,,,,,,,,,,"rchambliss@battelleecology.org","jbuza@battelleecology.org",,,
"0999a05a-ab56-4d7c-934b-576359615d0a","08d9e920-a5cd-4cd4-842a-772c09a41d7d","UNDE_003.mammalGrid.mam","D05","UNDE","UNDE_003","I2","distributed","woodyWetlands",46.255040,-89.535332,"WGS84",45.2,505.1,0.3,"6 - trap set and empty","ShermanLF","2018-08-11","2018-08-11",,,,,,,,,,,,,,,,,,,,,,,,,,,,,,,,,,,,,,,,,,,,"rchambliss@battelleecology.org","jbuza@battelleecology.org",,,
