uid,nightuid,namedLocation,domainID,siteID,plotID,trapCoordinate,plotType,nlcdClass,decimalLatitude,decimalLongitude,geodeticDatum,coordinateUncertainty,elevation,elevationUncertainty,trapStatus,trapType,collectDate,endDate,tagID,individualCode,taxonID,scientificName,taxonRank,identificationQualifier,identificationReferences,identificationHistoryID,voucherUpdate,nativeStatusCode,sex,recapture,fate,replacedTag,lifeStage,testes,nipples,pregnancyStatus,vagina,hindfootLength,earLength,tailLength,totalLength,weight,larvalTicksAttached,nymphalTicksAttached,adultTicksAttached,tickNumber,additionalParasites,frozenSamplePrepMethod,bloodSampleID,bloodSampleBarcode,bloodSampleMethod,fecalSampleID,fecalSampleBarcode,fecalSampleCondition,earSampleID,earSampleBarcode,hairSampleID,hairSampleBarcode,hairSampleContents,voucherSampleID,voucherSampleBarcode,measuredBy,recordedBy,remarks,dataQF,dataEntryRecordID
"2f70740a-2f26-487d-b7b6-b848a72a1764","bfc4c2eb-7348-4e6f-9dc4-b98658c54543","OAES_001.mammalGrid.mam","D11","OAES","OAES_001","B9","distributed","grasslandHerbaceous",35.413861,-99.058786,"WGS84",45.1,517.8,0.1,"5 - capture","ShermanXLK","2022-08-23","2022-08-23","NEON.MAM.D11.R3951",,"PEMA","Peromyscus maniculatus","species",,"NEON.DOC.003137",,"taxonID confirmed","N","M","N","processed",,"adult","nonscrotal",,,,19,,50,120,14,"N","N","N",,,,,,,,,,"OAES.20220823.R3951.E","D00000185872",,,,,,"0000-0002-4194-7642","0000-0002-0594-4276",,,"9d26b1ff-1b40-47a8-afe6-24ddb1f62ac9"
"8a91720c-025b-40bb-a7bd-85bd48d3a456","3873056a-d752-4ce7-be47-f04274f12b4f","OAES_002.mammalGrid.mam","D11","OAES","OAES_002","B1","distributed","grasslandHerbaceous",35.419111,-99.050850,"WGS84",45.1,516.9,0.1,"6 - trap set and empty","ShermanXLK","2022-08-23","2022-08-23",,,,,,,,,,,,,,,,,,,,,,,,,,,,,,,,,,,,,,,,,,,,"0000-0000-0068-7943","0000-0002-5328-740X",,,"34664a74-1ced-494b-89b2-1582c8bc5a4a"
"261b2b4e-daed-452b-ac87-085b841f1f4b","bfc4c2eb-7348-4e6f-9dc4-b98658c54543","OAES_001.mammalGrid.mam","D11","OAES","OAES_001","I1","distributed","grasslandHerbaceous",35.413861,-99.058786,"WGS84",45.1,517.8,0.1,"2 - trap disturbed/door closed but empty","ShermanXLK","2022-08-23","2022-08-23",,,,,,,,,,,,,,,,,,,,,,,,,,,,,,,,,,,,,,,,,,,,"0000-0002-4194-7642","0000-0002-0594-4276",,,"ebc8775b-cd5d-417e-88eb-d6098bc51a05"
"b8ff061b-19b5-4c71-b46c-8096931d84b5","84d06aef-31f0-4e51-8479-2ff441087aec","OAES_007.mammalGrid.mam","D11","OAES","OAES_007","G10","distributed","shrubScrub",35.419420,-99.055808,"WGS84",45.1,522.6,0.1,"6 - trap set and empty","ShermanXLK","2022-08-23","2022-08-23",,,,,,,,,,,,,,,,,,,,,,,,,,,,,,,,,,,,,,,,,,,,"0000-0002-5328-740X","0000-0000-0068-7943",,,"d919eb76-48e0-41c7-a565-74adaafc3f64"
"d20806ec-909c-49a2-9896-0fd38382c3e0","8371aa48-40a5-4d8e-a5dc-5ba728080544","OAES_003.mammalGrid.mam","D11","OAES","OAES_003","G3","distributed","grasslandHerbaceous",35.411667,-99.071306,"WGS84",45.1,506.6,0.1,"2 - trap disturbed/door closed but empty","ShermanXLK","2022-08-23","2022-08-23",,,,,,,,,,,,,,,,,,,,,,,,,,,,,,,,,,,,,,,,,,,,"0000-0002-4194-7642","0000-0002-0594-4276","Ants removed seeds from door",,"7870ceca-56a2-43ba-a5f8-605095a7daed"
"bab0e8b5-93e3-4ed7-8c55-64de2edad322","8371aa48-40a5-4d8e-a5dc-5ba728080544","OAES_003.mammalGrid.mam","D11","OAES","OAES_003","I5","distributed","grasslandHerbaceous",35.411667,-99.071306,"WGS84",45.1,506.6,0.1,"6 - trap set and empty","ShermanXLK","2022-08-23","2022-08-23",,,,,,,,,,,,,,,,,,,,,,,,,,,,,,,,,,,,,,,,,,,,"0000-0002-4194-7642","0000-0002-0594-4276",,,"df955fa8-4570-4629-b8a1-0f66f4adcaab"
"0beca769-b9e6-44ac-86ea-60fce91ba192","8371aa48-40a5-4d8e-a5dc-5ba728080544","OAES_003.mammalGrid.mam","D11","OAES","OAES_003","D5","distributed","grasslandHerbaceous",35.411667,-99.071306,"WGS84",45.1,506.6,0.1,"6 - trap set and empty","ShermanXLK","2022-08-23","2022-08-23",,,,,,,,,,,,,,,,,,,,,,,,,,,,,,,,,,,,,,,,,,,,"0000-0002-4194-7642","0000-0002-0594-4276",,,"1cebdabd-1651-4666-9d81-aed0f351209e"
"629ddbb9-401b-4829-90d1-76d73a88f986","84d06aef-31f0-4e51-8479-2ff441087aec","OAES_007.mammalGrid.mam","D11","OAES","OAES_007","I7","distributed","shrubScrub",35.419420,-99.055808,"WGS84",45.1,522.6,0.1,"6 - trap set and empty","ShermanXLK","2022-08-23","2022-08-23",,,,,,,,,,,,,,,,,,,,,,,,,,,,,,,,,,,,,,,,,,,,"0000-0002-5328-740X","0000-0000-0068-7943",,,"edfb1e4f-a619-469f-9dfc-376fdef6d6fe"
"bc620c00-2c35-441e-bf76-79cb44efb2c3","bfc4c2eb-7348-4e6f-9dc4-b98658c54543","OAES_001.mammalGrid.mam","D11","OAES","OAES_001","F2","distributed","grasslandHerbaceous",35.413861,-99.058786,"WGS84",45.1,517.8,0.1,"6 - trap set and empty","ShermanXLK","2022-08-23","2022-08-23",,,,,,,,,,,,,,,,,,,,,,,,,,,,,,,,,,,,,,,,,,,,"0000-0002-4194-7642","0000-0002-0594-4276",,,"2c167bff-4b41-49f9-af5b-9a80f3bc6051"
"b05ce586-fdff-46f7-ba9c-a1b5b7e6b1d1","84d06aef-31f0-4e51-8479-2ff441087aec","OAES_007.mammalGrid.mam","D11","OAES","OAES_007","B4","distributed","shrubScrub",35.419420,-99.055808,"WGS84",45.1,522.6,0.1,"6 - trap set and empty","ShermanXLK","2022-08-23","2022-08-23",,,,,,,,,,,,,,,,,,,,,,,,,,,,,,,,,,,,,,,,,,,,"0000-0002-5328-740X","0000-0000-0068-7943",,,"e9e82926-62e0-4b11-8bbc-a5f65bb7153b"
"ddc0060a-0e96-4b96-8f90-7cdf90d9d55c","84d06aef-31f0-4e51-8479-2ff441087aec","OAES_007.mammalGrid.mam","D11","OAES","OAES_007","J7","distributed","shrubScrub",35.419420,-99.055808,"WGS84",45.1,522.6,0.1,"2 - trap disturbed/door closed but empty","ShermanXLK","2022-08-23","2022-08-23",,,,,,,,,,,,,,,,,,,,,,,,,,,,,,,,,,,,,,,,,,,,"0000-0002-5328-740X","0000-0000-0068-7943",,,"063b1b84-b4be-4652-ac7b-f53059303761"
"a5e60588-8191-4a7e-9db5-803b19ee8613","84d06aef-31f0-4e51-8479-2ff441087aec","OAES_007.mammalGrid.mam","D11","OAES","OAES_007","G9","distributed","shrubScrub",35.419420,-99.055808,"WGS84",45.1,522.6,0.1,"2 - trap disturbed/door closed but empty","ShermanXLK","2022-08-23","2022-08-23",,,,,,,,,,,,,,,,,,,,,,,,,,,,,,,,,,,,,,,,,,,,"0000-0002-5328-740X","0000-0000-0068-7943",,,"1db49f7a-f733-447f-b1e1-b2e379566df1"
"c6764add-fd4f-4f23-8f2c-00bfd83163d3","8371aa48-40a5-4d8e-a5dc-5ba728080544","OAES_003.mammalGrid.mam","D11","OAES","OAES_003","H10","distributed","grasslandHerbaceous",35.411667,-99.071306,"WGS84",45.1,506.6,0.1,"6 - trap set and empty","ShermanXLK","2022-08-23","2022-08-23",,,,,,,,,,,,,,,,,,,,,,,,,,,,,,,,,,,,,,,,,,,,"0000-0002-4194-7642","0000-0002-0594-4276",,,"ae797ecb-2a98-450f-81e4-010078acaf4b"
"6c1002d2-5e26-4495-b992-c5e9c11a7b49","84d06aef-31f0-4e51-8479-2ff441087aec","OAES_007.mammalGrid.mam","D11","OAES","OAES_007","F4","distributed","shrubScrub",35.419420,-99.055808,"WGS84",45.1,522.6,0.1,"2 - trap disturbed/door closed but empty","ShermanXLK","2022-08-23","2022-08-23",,,,,,,,,,,,,,,,,,,,,,,,,,,,,,,,,,,,,,,,,,,,"0000-0002-5328-740X","0000-0000-0068-7943",,,"8096b2a8-38a8-4b9c-9130-2f8cff198577"
"cffdaf5b-0eef-4ddf-91a3-6fbda2b44e79","84d06aef-31f0-4e51-8479-2ff441087aec","OAES_007.mammalGrid.mam","D11","OAES","OAES_007","E3","distributed","shrubScrub",35.419420,-99.055808,"WGS84",45.1,522.6,0.1,"6 - trap set and empty","ShermanXLK","2022-08-23","2022-08-23",,,,,,,,,,,,,,,,,,,,,,,,,,,,,,,,,,,,,,,,,,,,"0000-0002-5328-740X","0000-0000-0068-7943",,,"936a86bc-ddbc-4ffe-99bf-d05876f3fae0"
"e8eea88e-12d1-4264-b509-af85e42a8350","8371aa48-40a5-4d8e-a5dc-5ba728080544","OAES_003.mammalGrid.mam","D11","OAES","OAES_003","D10","distributed","grasslandHerbaceous",35.411667,-99.071306,"WGS84",45.1,506.6,0.1,"2 - trap disturbed/door closed but empty","ShermanXLK","2022-08-23","2022-08-23",,,,,,,,,,,,,,,,,,,,,,,,,,,,,,,,,,,,,,,,,,,,"0000-0002-4194-7642","0000-0002-0594-4276",,,"5f4401c9-fe31-41a5-943b-ab3944c4df02"
"4c6da5ca-d32d-492b-b0a1-13e42c4d54a2","84d06aef-31f0-4e51-8479-2ff441087aec","OAES_007.mammalGrid.mam","D11","OAES","OAES_007","I2","distributed","shrubScrub",35.419420,-99.055808,"WGS84",45.1,522.6,0.1,"6 - trap set and empty","ShermanXLK","2022-08-23","2022-08-23",,,,,,,,,,,,,,,,,,,,,,,,,,,,,,,,,,,,,,,,,,,,"0000-0002-5328-740X","0000-0000-0068-7943",,,"12b8906e-1c6a-4f74-bc95-a234a59f8a07"
"c9e8e8c3-2f1d-41fa-9fe4-5b9f121b9c25","84d06aef-31f0-4e51-8479-2ff441087aec","OAES_007.mammalGrid.mam","D11","OAES","OAES_007","B7","distributed","shrubScrub",35.419420,-99.055808,"WGS84",45.1,522.6,0.1,"2 - trap disturbed/door closed but empty","ShermanXLK","2022-08-23","2022-08-23",,,,,,,,,,,,,,,,,,,,,,,,,,,,,,,,,,,,,,,,,,,,"0000-0002-5328-740X","0000-0000-0068-7943",,,"d36205ce-a300-43f4-9454-f85cac1cf22a"
"04dc2d67-8e05-4b5b-b5b6-578d0065501e","3873056a-d752-4ce7-be47-f04274f12b4f","OAES_002.mammalGrid.mam","D11","OAES","OAES_002","B8","distributed","grasslandHerbaceous",35.419111,-99.050850,"WGS84",45.1,516.9,0.1,"6 - trap set and empty","ShermanXLK","2022-08-23","2022-08-23",,,,,,,,,,,,,,,,,,,,,,,,,,,,,,,,,,,,,,,,,,,,"0000-0000-0068-7943","0000-0002-5328-740X",,,"76e2ecfd-ab25-419e-8a89-243c32fb6a04"
"d6c67636-aa49-4b3f-af58-becbb9e97e15","84d06aef-31f0-4e51-8479-2ff441087aec","OAES_007.mammalGrid.mam","D11","OAES","OAES_007","A4","distributed","shrubScrub",35.419420,-99.055808,"WGS84",45.1,522.6,0.1,"6 - trap set and empty","ShermanXLK","2022-08-23","2022-08-23",,,,,,,,,,,,,,,,,,,,,,,,,,,,,,,,,,,,,,,,,,,,"0000-0002-5328-740X","0000-0000-0068-7943",,,"89db72bb-a3c1-4dd0-8a04-27e52f40c124"
"0cf77dc2-e59c-462b-a57f-1546ba57c35f","8371aa48-40a5-4d8e-a5dc-5ba728080544","OAES_003.mammalGrid.mam","D11","OAES","OAES_003","A3","distributed","grasslandHerbaceous",35.411667,-99.071306,"WGS84",45.1,506.6,0.1,"6 - trap set and empty","ShermanXLK","2022-08-23","2022-08-23",,,,,,,,,,,,,,,,,,,,,,,,,,,,,,,,,,,,,,,,,,,,"0000-0002-4194-7642","0000-0002-0594-4276",,,"58fd7f12-ad41-4888-b169-8f047d10e2f1"
"cf0868cf-cf1c-48ef-b1ae-a0a4bc7f4c9d","8371aa48-40a5-4d8e-a5dc-5ba728080544","OAES_003.mammalGrid.mam","D11","OAES","OAES_003","E7","distributed","grasslandHerbaceous",35.411667,-99.071306,"WGS84",45.1,506.6,0.1,"6 - trap set and empty","ShermanXLK","2022-08-23","2022-08-23",,,,,,,,,,,,,,,,,,,,,,,,,,,,,,,,,,,,,,,,,,,,"0000-0002-4194-7642","0000-0002-0594-4276",,,"e2b7c237-818d-49a9-b8d5-656439d80505"
"8c9bead8-51df-42ea-84df-9f15af61f9a3","bfc4c2eb-7348-4e6f-9dc4-b98658c54543","OAES_001.mammalGrid.mam","D11","OAES","OAES_001","J4","distributed","grasslandHerbaceous",35.413861,-99.058786,"WGS84",45.1,517.8,0.1,"5 - capture","ShermanXLK","2022-08-23","2022-08-23","NEON.MAM.D11.L3690",,"PEMA","Peromyscus maniculatus","species",,"NEON.DOC.003137",,,"N","F","Y","processed",,"adult",,"nonenlarged","not","not plugged",18,,61,131,13,"N","N","N",,,,"OAES.20220823.L3690.B","D00000185371","mandibular",,,,,,"OAES.20220823.L3690.H","D00000186114","hairAndWhisker",,,"0000-0002-4194-7642","0000-0002-0594-4276",,,"b0277af7-2bb7-4795-99ca-472d103321e9"
"c04c0297-62c4-49e8-9895-5c80400fe426","bfc4c2eb-7348-4e6f-9dc4-b98658c54543","OAES_001.mammalGrid.mam","D11","OAES","OAES_001","F1","distributed","grasslandHerbaceous",35.413861,-99.058786,"WGS84",45.1,517.8,0.1,"2 - trap disturbed/door closed but empty","ShermanXLK","2022-08-23","2022-08-23",,,,,,,,,,,,,,,,,,,,,,,,,,,,,,,,,,,,,,,,,,,,"0000-0002-4194-7642","0000-0002-0594-4276",,,"8bb2d66e-dcfa-44f0-88aa-4be0f5bd00c0"
"6493a66c-1abc-4780-8ba4-a0c6786b1445","8371aa48-40a5-4d8e-a5dc-5ba728080544","OAES_003.mammalGrid.mam","D11","OAES","OAES_003","C2","distributed","grasslandHerbaceous",35.411667,-99.071306,"WGS84",45.1,506.6,0.1,"2 - trap disturbed/door closed but empty","ShermanXLK","2022-08-23","2022-08-23",,,,,,,,,,,,,,,,,,,,,,,,,,,,,,,,,,,,,,,,,,,,"0000-0002-4194-7642","0000-0002-0594-4276","Ants removed seeds from door",,"0d80824f-0a3b-49ff-8b30-74a585dc0995"
"ad358514-198b-4590-b0df-97a10617922e","bfc4c2eb-7348-4e6f-9dc4-b98658c54543","OAES_001.mammalGrid.mam","D11","OAES","OAES_001","G5","distributed","grasslandHerbaceous",35.413861,-99.058786,"WGS84",45.1,517.8,0.1,"6 - trap set and empty","ShermanXLK","2022-08-23","2022-08-23",,,,,,,,,,,,,,,,,,,,,,,,,,,,,,,,,,,,,,,,,,,,"0000-0002-4194-7642","0000-0002-0594-4276",,,"bb06e7c3-b875-4e27-b395-14541efc2301"
"6b2f87c6-ce3e-4f78-aa82-21023fac9297","bfc4c2eb-7348-4e6f-9dc4-b98658c54543","OAES_001.mammalGrid.mam","D11","OAES","OAES_001","E9","distributed","grasslandHerbaceous",35.413861,-99.058786,"WGS84",45.1,517.8,0.1,"5 - capture","ShermanXLK","2022-08-23","2022-08-23","NEON.MAM.D11.373550",,"CHHI","Chaetodipus hispidus","species",,"NEON.DOC.003137",,,"N","F","Y","processed",,"adult",,"enlarged","not","not plugged",,,,,38,"N","N","N",,,,,,,"OAES.20220823.373550.F","D00000185883","fresh",,,,,,,,"0000-0002-4194-7642","0000-0002-0594-4276",,,"f70c72fe-4469-469f-9442-61f5f409c027"
"e1f83dfe-ee11-40d3-a3ff-154e3f6d522b","84d06aef-31f0-4e51-8479-2ff441087aec","OAES_007.mammalGrid.mam","D11","OAES","OAES_007","D3","distributed","shrubScrub",35.419420,-99.055808,"WGS84",45.1,522.6,0.1,"5 - capture","ShermanXLK","2022-08-23","2022-08-23","NEON.MAM.D11.L3647",,"PELE","Peromyscus leucopus","species","cf. species",,,,"N","M","N","processed",,"adult","scrotal",,,,19,12,90,,12,"N","N","N",,,,,,,,,,,,,,,,,"0000-0002-5328-740X","0000-0000-0068-7943",,,"20fe965a-c442-4e2b-975f-6e5ac76249f2"
"064e0ac3-b9e7-4f7b-a183-64c9df4edb73","bfc4c2eb-7348-4e6f-9dc4-b98658c54543","OAES_001.mammalGrid.mam","D11","OAES","OAES_001","F5","distributed","grasslandHerbaceous",35.413861,-99.058786,"WGS84",45.1,517.8,0.1,"6 - trap set and empty","ShermanXLK","2022-08-23","2022-08-23",,,,,,,,,,,,,,,,,,,,,,,,,,,,,,,,,,,,,,,,,,,,"0000-0002-4194-7642","0000-0002-0594-4276",,,"77dc1cc0-6575-42db-8eca-845c0c85b451"
"2df0afc1-c53c-4faa-a1f6-ac787fbee638","8371aa48-40a5-4d8e-a5dc-5ba728080544","OAES_003.mammalGrid.mam","D11","OAES","OAES_003","A6","distributed","grasslandHerbaceous",35.411667,-99.071306,"WGS84",45.1,506.6,0.1,"6 - trap set and empty","ShermanXLK","2022-08-23","2022-08-23",,,,,,,,,,,,,,,,,,,,,,,,,,,,,,,,,,,,,,,,,,,,"0000-0002-4194-7642","0000-0002-0594-4276",,,"f74e638c-ae97-4109-b037-53be9484ee57"
"229e40b3-fce6-4cc4-9474-cbe8a07b4830","bfc4c2eb-7348-4e6f-9dc4-b98658c54543","OAES_001.mammalGrid.mam","D11","OAES","OAES_001","D9","distributed","grasslandHerbaceous",35.413861,-99.058786,"WGS84",45.1,517.8,0.1,"6 - trap set and empty","ShermanXLK","2022-08-23","2022-08-23",,,,,,,,,,,,,,,,,,,,,,,,,,,,,,,,,,,,,,,,,,,,"0000-0002-4194-7642","0000-0002-0594-4276",,,"a51ded3c-7ab4-469c-8aa4-42a49d69eec5"
"88431b8f-61d1-4abb-81d4-5ba2ad295f8b","84d06aef-31f0-4e51-8479-2ff441087aec","OAES_007.mammalGrid.mam","D11","OAES","OAES_007","C2","distributed","shrubScrub",35.419420,-99.055808,"WGS84",45.1,522.6,0.1,"5 - capture","ShermanXLK","2022-08-23","2022-08-23","NEON.MAM.D11.373595",,"CHHI","Chaetodipus hispidus","species",,,,,"N","M","N","processed",,"adult","scrotal",,,,24,,93,,42,"N","N","N",,,,,,,,,,,,,,,,,"0000-0002-5328-740X","0000-0000-0068-7943",,,"dcbf4e8e-9a09-4717-8956-99618dc8747a"
"2a5e070f-be50-428c-a64c-49e53ea51097","84d06aef-31f0-4e51-8479-2ff441087aec","OAES_007.mammalGrid.mam","D11","OAES","OAES_007","B1","distributed","shrubScrub",35.419420,-99.055808,"WGS84",45.1,522.6,0.1,"6 - trap set and empty","ShermanXLK","2022-08-23","2022-08-23",,,,,,,,,,,,,,,,,,,,,,,,,,,,,,,,,,,,,,,,,,,,"0000-0002-5328-740X","0000-0000-0068-7943",,,"6b33db16-a149-46f6-b4e3-2b466f482af0"
"1934d711-d7ff-483f-abe3-8ef5c29bdd76","3873056a-d752-4ce7-be47-f04274f12b4f","OAES_002.mammalGrid.mam","D11","OAES","OAES_002","F8","distributed","grasslandHerbaceous",35.419111,-99.050850,"WGS84",45.1,516.9,0.1,"6 - trap set and empty","ShermanXLK","2022-08-23","2022-08-23",,,,,,,,,,,,,,,,,,,,,,,,,,,,,,,,,,,,,,,,,,,,"0000-0000-0068-7943","0000-0002-5328-740X",,,"3a1c7e6f-91d2-4a74-bacf-1ab38aae4383"
"a94f4760-3129-4c61-81c7-a4bb0a0e3020","3873056a-d752-4ce7-be47-f04274f12b4f","OAES_002.mammalGrid.mam","D11","OAES","OAES_002","F5","distributed","grasslandHerbaceous",35.419111,-99.050850,"WGS84",45.1,516.9,0.1,"6 - trap set and empty","ShermanXLK","2022-08-23","2022-08-23",,,,,,,,,,,,,,,,,,,,,,,,,,,,,,,,,,,,,,,,,,,,"0000-0000-0068-7943","0000-0002-5328-740X",,,"7f413385-c8db-4c9f-9bc7-04b47dec136e"
"b1499363-2b8a-4ab5-b2d2-9fdc010667da","8371aa48-40a5-4d8e-a5dc-5ba728080544","OAES_003.mammalGrid.mam","D11","OAES","OAES_003","E8","distributed","grasslandHerbaceous",35.411667,-99.071306,"WGS84",45.1,506.6,0.1,"6 - trap set and empty","ShermanXLK","2022-08-23","2022-08-23",,,,,,,,,,,,,,,,,,,,,,,,,,,,,,,,,,,,,,,,,,,,"0000-0002-4194-7642","0000-0002-0594-4276",,,"dc9a5ae2-1b74-4959-a9ba-c8ab3995d84b"
"eb27214a-8012-46c4-8186-f67d1869ca20","8371aa48-40a5-4d8e-a5dc-5ba728080544","OAES_003.mammalGrid.mam","D11","OAES","OAES_003","E10","distributed","grasslandHerbaceous",35.411667,-99.071306,"WGS84",45.1,506.6,0.1,"6 - trap set and empty","ShermanXLK","2022-08-23","2022-08-23",,,,,,,,,,,,,,,,,,,,,,,,,,,,,,,,,,,,,,,,,,,,"0000-0002-4194-7642","0000-0002-0594-4276",,,"d8f45086-d69f-466a-8fc2-ff18ea119b31"
"9ea933f8-5b77-433b-9dab-9b0f820810fd","84d06aef-31f0-4e51-8479-2ff441087aec","OAES_007.mammalGrid.mam","D11","OAES","OAES_007","E7","distributed","shrubScrub",35.419420,-99.055808,"WGS84",45.1,522.6,0.1,"6 - trap set and empty","ShermanXLK","2022-08-23","2022-08-23",,,,,,,,,,,,,,,,,,,,,,,,,,,,,,,,,,,,,,,,,,,,"0000-0002-5328-740X","0000-0000-0068-7943",,,"6887eddb-8622-4adf-942e-b890ba1b6091"
"a2429426-6639-4fdd-93e4-b66f852cba61","8371aa48-40a5-4d8e-a5dc-5ba728080544","OAES_003.mammalGrid.mam","D11","OAES","OAES_003","D4","distributed","grasslandHerbaceous",35.411667,-99.071306,"WGS84",45.1,506.6,0.1,"6 - trap set and empty","ShermanXLK","2022-08-23","2022-08-23",,,,,,,,,,,,,,,,,,,,,,,,,,,,,,,,,,,,,,,,,,,,"0000-0002-4194-7642","0000-0002-0594-4276",,,"a006a70c-49bf-4f7f-bd35-1e45eeea7a60"
"5937c6f6-eed3-4be0-977b-8d41e61c170d","8371aa48-40a5-4d8e-a5dc-5ba728080544","OAES_003.mammalGrid.mam","D11","OAES","OAES_003","A10","distributed","grasslandHerbaceous",35.411667,-99.071306,"WGS84",45.1,506.6,0.1,"6 - trap set and empty","ShermanXLK","2022-08-23","2022-08-23",,,,,,,,,,,,,,,,,,,,,,,,,,,,,,,,,,,,,,,,,,,,"0000-0002-4194-7642","0000-0002-0594-4276",,,"087ed73f-831d-4873-8aa7-b1ace453ef65"
"8c34c7ba-e012-4a8c-8f3b-2d8201caed6e","8371aa48-40a5-4d8e-a5dc-5ba728080544","OAES_003.mammalGrid.mam","D11","OAES","OAES_003","H2","distributed","grasslandHerbaceous",35.411667,-99.071306,"WGS84",45.1,506.6,0.1,"5 - capture","ShermanXLK","2022-08-23","2022-08-23","NEON.MAM.D11.373675",,"CHHI","Chaetodipus hispidus","species",,"NEON.DOC.003137",,,"N","M","Y","processed",,"adult","nonscrotal",,,,,,,,44,"N","N","N",,,,,,,"OAES.20220823.373675.F","D00000185909","fresh",,,,,,,,"0000-0002-4194-7642","0000-0002-0594-4276",,,"975301b8-ded4-4777-81ce-dadaf5a0d9df"
"d3352f15-c9e7-468d-b86d-383170f1158a","bfc4c2eb-7348-4e6f-9dc4-b98658c54543","OAES_001.mammalGrid.mam","D11","OAES","OAES_001","B1","distributed","grasslandHerbaceous",35.413861,-99.058786,"WGS84",45.1,517.8,0.1,"2 - trap disturbed/door closed but empty","ShermanXLK","2022-08-23","2022-08-23",,,,,,,,,,,,,,,,,,,,,,,,,,,,,,,,,,,,,,,,,,,,"0000-0002-4194-7642","0000-0002-0594-4276",,,"75e53149-bf35-49c4-ba62-0fea92d82606"
"7a9bf24b-5df6-466d-99d3-192a8dea44af","3873056a-d752-4ce7-be47-f04274f12b4f","OAES_002.mammalGrid.mam","D11","OAES","OAES_002","I9","distributed","grasslandHerbaceous",35.419111,-99.050850,"WGS84",45.1,516.9,0.1,"6 - trap set and empty","ShermanXLK","2022-08-23","2022-08-23",,,,,,,,,,,,,,,,,,,,,,,,,,,,,,,,,,,,,,,,,,,,"0000-0000-0068-7943","0000-0002-5328-740X",,,"770a6144-b107-455b-afdd-55274f003a89"
"c52091ef-0b71-42e9-b9fd-3601708bb308","84d06aef-31f0-4e51-8479-2ff441087aec","OAES_007.mammalGrid.mam","D11","OAES","OAES_007","A5","distributed","shrubScrub",35.419420,-99.055808,"WGS84",45.1,522.6,0.1,"6 - trap set and empty","ShermanXLK","2022-08-23","2022-08-23",,,,,,,,,,,,,,,,,,,,,,,,,,,,,,,,,,,,,,,,,,,,"0000-0002-5328-740X","0000-0000-0068-7943",,,"ee292704-17a0-4b81-b92f-fe8bf77faf91"
"03671bfa-b68b-454f-a13e-d254787df479","bfc4c2eb-7348-4e6f-9dc4-b98658c54543","OAES_001.mammalGrid.mam","D11","OAES","OAES_001","B3","distributed","grasslandHerbaceous",35.413861,-99.058786,"WGS84",45.1,517.8,0.1,"6 - trap set and empty","ShermanXLK","2022-08-23","2022-08-23",,,,,,,,,,,,,,,,,,,,,,,,,,,,,,,,,,,,,,,,,,,,"0000-0002-4194-7642","0000-0002-0594-4276",,,"289061f4-7724-490e-9be8-8fe2057c4e68"
"edf37830-98df-44f7-b2bb-8e7002e9005e","8371aa48-40a5-4d8e-a5dc-5ba728080544","OAES_003.mammalGrid.mam","D11","OAES","OAES_003","B7","distributed","grasslandHerbaceous",35.411667,-99.071306,"WGS84",45.1,506.6,0.1,"6 - trap set and empty","ShermanXLK","2022-08-23","2022-08-23",,,,,,,,,,,,,,,,,,,,,,,,,,,,,,,,,,,,,,,,,,,,"0000-0002-4194-7642","0000-0002-0594-4276",,,"2e57ecdb-ff65-470f-8bc1-5409b7308a1b"
"8a384f28-7504-4341-bc22-8966ac575566","8371aa48-40a5-4d8e-a5dc-5ba728080544","OAES_003.mammalGrid.mam","D11","OAES","OAES_003","A2","distributed","grasslandHerbaceous",35.411667,-99.071306,"WGS84",45.1,506.6,0.1,"6 - trap set and empty","ShermanXLK","2022-08-23","2022-08-23",,,,,,,,,,,,,,,,,,,,,,,,,,,,,,,,,,,,,,,,,,,,"0000-0002-4194-7642","0000-0002-0594-4276",,,"580aa4ce-72e3-428d-b9f7-722cb38b907b"
"153cd195-9357-4589-bdf7-6915bd17225a","bfc4c2eb-7348-4e6f-9dc4-b98658c54543","OAES_001.mammalGrid.mam","D11","OAES","OAES_001","C1","distributed","grasslandHerbaceous",35.413861,-99.058786,"WGS84",45.1,517.8,0.1,"2 - trap disturbed/door closed but empty","ShermanXLK","2022-08-23","2022-08-23",,,,,,,,,,,,,,,,,,,,,,,,,,,,,,,,,,,,,,,,,,,,"0000-0002-4194-7642","0000-0002-0594-4276",,,"4bfaecc0-fc46-4a5d-b104-b091949c3af8"
"2068f12f-b2a5-4290-8b9d-de51ab54363b","bfc4c2eb-7348-4e6f-9dc4-b98658c54543","OAES_001.mammalGrid.mam","D11","OAES","OAES_001","E4","distributed","grasslandHerbaceous",35.413861,-99.058786,"WGS84",45.1,517.8,0.1,"6 - trap set and empty","ShermanXLK","2022-08-23","2022-08-23",,,,,,,,,,,,,,,,,,,,,,,,,,,,,,,,,,,,,,,,,,,,"0000-0002-4194-7642","0000-0002-0594-4276",,,"f4e7615a-c523-417d-9d6b-23c1dea770ac"
"2713ec55-3086-497b-b675-fbadb07031be","3873056a-d752-4ce7-be47-f04274f12b4f","OAES_002.mammalGrid.mam","D11","OAES","OAES_002","H3","distributed","grasslandHerbaceous",35.419111,-99.050850,"WGS84",45.1,516.9,0.1,"6 - trap set and empty","ShermanXLK","2022-08-23","2022-08-23",,,,,,,,,,,,,,,,,,,,,,,,,,,,,,,,,,,,,,,,,,,,"0000-0000-0068-7943","0000-0002-5328-740X",,,"5beb4dc7-1371-4086-a87b-847c84663950"
"54258f41-ccd6-481f-90ef-c324f23bd6c2","8371aa48-40a5-4d8e-a5dc-5ba728080544","OAES_003.mammalGrid.mam","D11","OAES","OAES_003","B4","distributed","grasslandHerbaceous",35.411667,-99.071306,"WGS84",45.1,506.6,0.1,"5 - capture","ShermanXLK","2022-08-23","2022-08-23","NEON.MAM.D11.R3970",,"PELE","Peromyscus leucopus","species",,"NEON.DOC.003137",,"taxonID confirmed","N","M","N","processed",,"adult","nonscrotal",,,,21,15,71,142,18,"N","N","N",,,,"OAES.20220823.R3970.B","D00000185366","mandibular","OAES.20220823.R3970.F","D00000185901","fresh","OAES.20220823.R3970.E","D00000185898","OAES.20220823.R3970.H","D00000186120","hairAndWhisker",,,"0000-0002-4194-7642","0000-0002-0594-4276",,,"a7a98465-eaaf-4208-aee0-f422d71eef0e"
"d42c8974-f05d-4247-b66f-799f93c11740","8371aa48-40a5-4d8e-a5dc-5ba728080544","OAES_003.mammalGrid.mam","D11","OAES","OAES_003","I1","distributed","grasslandHerbaceous",35.411667,-99.071306,"WGS84",45.1,506.6,0.1,"5 - capture","ShermanXLK","2022-08-23","2022-08-23","NEON.MAM.D11.373604",,"CHHI","Chaetodipus hispidus","species",,"NEON.DOC.003137",,,"N","M","Y","processed",,"adult","nonscrotal",,,,,,,,37,"N","N","N",,,,,,,,,,,,,,,,,"0000-0002-4194-7642","0000-0002-0594-4276",,,"b75fbbf2-4d83-4d0d-a776-57cf1f048ef8"
"2229693f-8446-4da3-8aa7-7d43979caded","84d06aef-31f0-4e51-8479-2ff441087aec","OAES_007.mammalGrid.mam","D11","OAES","OAES_007","J10","distributed","shrubScrub",35.419420,-99.055808,"WGS84",45.1,522.6,0.1,"5 - capture","ShermanXLK","2022-08-23","2022-08-23","NEON.MAM.D11.373592",,"PEFL","Perognathus flavus","species","cf. species",,,,"N","M","N","processed",,"adult","scrotal",,,,,,,,11,"N","N","N",,,,,,,,,,,,,,,,,"0000-0002-5328-740X","0000-0000-0068-7943",,,"3e60005a-2eed-4efb-97c7-17a053cdc451"
"312a8b22-90b4-405c-934f-a1cdf11bf6cd","84d06aef-31f0-4e51-8479-2ff441087aec","OAES_007.mammalGrid.mam","D11","OAES","OAES_007","C9","distributed","shrubScrub",35.419420,-99.055808,"WGS84",45.1,522.6,0.1,"6 - trap set and empty","ShermanXLK","2022-08-23","2022-08-23",,,,,,,,,,,,,,,,,,,,,,,,,,,,,,,,,,,,,,,,,,,,"0000-0002-5328-740X","0000-0000-0068-7943",,,"b0e9d329-12ae-4a66-ab1e-eb18ad110dd6"
"f4c84300-bf37-471e-95b6-fd0f7ad5a97d","8371aa48-40a5-4d8e-a5dc-5ba728080544","OAES_003.mammalGrid.mam","D11","OAES","OAES_003","G6","distributed","grasslandHerbaceous",35.411667,-99.071306,"WGS84",45.1,506.6,0.1,"6 - trap set and empty","ShermanXLK","2022-08-23","2022-08-23",,,,,,,,,,,,,,,,,,,,,,,,,,,,,,,,,,,,,,,,,,,,"0000-0002-4194-7642","0000-0002-0594-4276",,,"d094d0b3-6e15-44f3-b75d-30a9b9ef2860"
"e5547a18-bf14-4b21-9c62-8aa7bb6c5b8f","84d06aef-31f0-4e51-8479-2ff441087aec","OAES_007.mammalGrid.mam","D11","OAES","OAES_007","D10","distributed","shrubScrub",35.419420,-99.055808,"WGS84",45.1,522.6,0.1,"5 - capture","ShermanXLK","2022-08-23","2022-08-23","NEON.MAM.D11.R2958",,"PELE","Peromyscus leucopus","species","cf. species",,,,"N","F","N","processed",,"adult",,"enlarged","not","not plugged",19,13,94,,12,"N","N","N",,,,,,,,,,,,,,,,,"0000-0002-5328-740X","0000-0000-0068-7943",,,"19ff0e16-b466-49d7-8569-b04c1036c5c8"
"91343945-50a2-441d-af1a-d6c2b18852b6","3873056a-d752-4ce7-be47-f04274f12b4f","OAES_002.mammalGrid.mam","D11","OAES","OAES_002","J3","distributed","grasslandHerbaceous",35.419111,-99.050850,"WGS84",45.1,516.9,0.1,"6 - trap set and empty","ShermanXLK","2022-08-23","2022-08-23",,,,,,,,,,,,,,,,,,,,,,,,,,,,,,,,,,,,,,,,,,,,"0000-0000-0068-7943","0000-0002-5328-740X",,,"fff04551-7502-4b65-ae39-d3460dab75a3"
"c3b2a35b-99c2-4d6b-866b-e66272072d74","84d06aef-31f0-4e51-8479-2ff441087aec","OAES_007.mammalGrid.mam","D11","OAES","OAES_007","C10","distributed","shrubScrub",35.419420,-99.055808,"WGS84",45.1,522.6,0.1,"6 - trap set and empty","ShermanXLK","2022-08-23","2022-08-23",,,,,,,,,,,,,,,,,,,,,,,,,,,,,,,,,,,,,,,,,,,,"0000-0002-5328-740X","0000-0000-0068-7943",,,"fc94f4b5-5888-48af-9518-0907ef839872"
"c009d4bb-98e0-4ec2-8e41-a8fe62892bda","8371aa48-40a5-4d8e-a5dc-5ba728080544","OAES_003.mammalGrid.mam","D11","OAES","OAES_003","D9","distributed","grasslandHerbaceous",35.411667,-99.071306,"WGS84",45.1,506.6,0.1,"5 - capture","ShermanXLK","2022-08-23","2022-08-23","NEON.MAM.D11.373727",,"CHHI","Chaetodipus hispidus","species",,"NEON.DOC.003137",,,"N","M","Y","processed",,"adult","nonscrotal",,,,29,,,,44,"N","N","N",,,,,,,"OAES.20220823.373727.F","D00000185899","fresh",,,"OAES.20220823.373727.H","D00000186121","hairAndWhisker",,,"0000-0002-4194-7642","0000-0002-0594-4276",,,"dd003b27-e0c0-4ff1-91d1-f561803bc164"
"d6d78889-0761-4e3d-89ca-d2723841deb8","3873056a-d752-4ce7-be47-f04274f12b4f","OAES_002.mammalGrid.mam","D11","OAES","OAES_002","F10","distributed","grasslandHerbaceous",35.419111,-99.050850,"WGS84",45.1,516.9,0.1,"6 - trap set and empty","ShermanXLK","2022-08-23","2022-08-23",,,,,,,,,,,,,,,,,,,,,,,,,,,,,,,,,,,,,,,,,,,,"0000-0000-0068-7943","0000-0002-5328-740X",,,"75860dc7-26b3-4935-861f-088811e71629"
"42fa6eea-0ac9-46fb-b022-36d3b1a11570","bfc4c2eb-7348-4e6f-9dc4-b98658c54543","OAES_001.mammalGrid.mam","D11","OAES","OAES_001","F9","distributed","grasslandHerbaceous",35.413861,-99.058786,"WGS84",45.1,517.8,0.1,"6 - trap set and empty","ShermanXLK","2022-08-23","2022-08-23",,,,,,,,,,,,,,,,,,,,,,,,,,,,,,,,,,,,,,,,,,,,"0000-0002-4194-7642","0000-0002-0594-4276",,,"4e63a1b7-4bd7-43bc-93d9-dcdd9cbdb0a3"
"68f88ea4-d822-4428-b05e-8eef13d73e68","84d06aef-31f0-4e51-8479-2ff441087aec","OAES_007.mammalGrid.mam","D11","OAES","OAES_007","B8","distributed","shrubScrub",35.419420,-99.055808,"WGS84",45.1,522.6,0.1,"2 - trap disturbed/door closed but empty","ShermanXLK","2022-08-23","2022-08-23",,,,,,,,,,,,,,,,,,,,,,,,,,,,,,,,,,,,,,,,,,,,"0000-0002-5328-740X","0000-0000-0068-7943",,,"bece18cf-b233-4682-8dbb-107516bbd155"
"0b00939f-c3e0-4c58-895b-9558edc4dc69","84d06aef-31f0-4e51-8479-2ff441087aec","OAES_007.mammalGrid.mam","D11","OAES","OAES_007","E9","distributed","shrubScrub",35.419420,-99.055808,"WGS84",45.1,522.6,0.1,"6 - trap set and empty","ShermanXLK","2022-08-23","2022-08-23",,,,,,,,,,,,,,,,,,,,,,,,,,,,,,,,,,,,,,,,,,,,"0000-0002-5328-740X","0000-0000-0068-7943",,,"8c116511-16c1-4cf3-9659-839d545189f4"
"98fb8ac1-ee4f-4890-aa00-6511ce6c37f0","3873056a-d752-4ce7-be47-f04274f12b4f","OAES_002.mammalGrid.mam","D11","OAES","OAES_002","E5","distributed","grasslandHerbaceous",35.419111,-99.050850,"WGS84",45.1,516.9,0.1,"6 - trap set and empty","ShermanXLK","2022-08-23","2022-08-23",,,,,,,,,,,,,,,,,,,,,,,,,,,,,,,,,,,,,,,,,,,,"0000-0000-0068-7943","0000-0002-5328-740X",,,"2565c747-f479-42b0-bbe5-3beda2329d6b"
"599517d5-12fd-4d63-b7f2-647465747d04","bfc4c2eb-7348-4e6f-9dc4-b98658c54543","OAES_001.mammalGrid.mam","D11","OAES","OAES_001","G10","distributed","grasslandHerbaceous",35.413861,-99.058786,"WGS84",45.1,517.8,0.1,"5 - capture","ShermanXLK","2022-08-23","2022-08-23","NEON.MAM.D11.R3789",,"PEMA","Peromyscus maniculatus","species",,"NEON.DOC.003137",,,"N","M","N","processed",,"adult","nonscrotal",,,,18,,59,139,14,"N","N","N",,,,"OAES.20220823.R3789.B","D00000185365","mandibular",,,,"OAES.20220823.R3789.E","D00000185862","OAES.20220823.R3789.H","D00000186116","hairOnly",,,"0000-0002-4194-7642","0000-0002-0594-4276",,,"3e9fd330-9283-4493-b790-179c65cdd615"
"f2443328-d9dd-438b-a45e-355209e81d48","3873056a-d752-4ce7-be47-f04274f12b4f","OAES_002.mammalGrid.mam","D11","OAES","OAES_002","A5","distributed","grasslandHerbaceous",35.419111,-99.050850,"WGS84",45.1,516.9,0.1,"3 - trap door open or closed w/ spoor left","ShermanXLK","2022-08-23","2022-08-23",,,,,,,,,,,,,,,,,,,,,,,,,,,,,,,,,,,,,,,,,,,,"0000-0000-0068-7943","0000-0002-5328-740X",,,"ba5f6783-2e19-4bfc-ae16-4c32eba9ef76"
"5bdd316a-d5bf-4aaa-983b-4c0b500f9e9c","84d06aef-31f0-4e51-8479-2ff441087aec","OAES_007.mammalGrid.mam","D11","OAES","OAES_007","H7","distributed","shrubScrub",35.419420,-99.055808,"WGS84",45.1,522.6,0.1,"6 - trap set and empty","ShermanXLK","2022-08-23","2022-08-23",,,,,,,,,,,,,,,,,,,,,,,,,,,,,,,,,,,,,,,,,,,,"0000-0002-5328-740X","0000-0000-0068-7943",,,"9f592da1-b661-4f74-bf8e-1aacc99c0f60"
"ee803db1-48e8-409a-82fa-d39c2a7dcae8","bfc4c2eb-7348-4e6f-9dc4-b98658c54543","OAES_001.mammalGrid.mam","D11","OAES","OAES_001","C10","distributed","grasslandHerbaceous",35.413861,-99.058786,"WGS84",45.1,517.8,0.1,"6 - trap set and empty","ShermanXLK","2022-08-23","2022-08-23",,,,,,,,,,,,,,,,,,,,,,,,,,,,,,,,,,,,,,,,,,,,"0000-0002-4194-7642","0000-0002-0594-4276",,,"c4276bbd-2a25-4871-b374-771315571f88"
"30eb095e-0542-4cfc-84f3-0eb3f911a193","8371aa48-40a5-4d8e-a5dc-5ba728080544","OAES_003.mammalGrid.mam","D11","OAES","OAES_003","C5","distributed","grasslandHerbaceous",35.411667,-99.071306,"WGS84",45.1,506.6,0.1,"2 - trap disturbed/door closed but empty","ShermanXLK","2022-08-23","2022-08-23",,,,,,,,,,,,,,,,,,,,,,,,,,,,,,,,,,,,,,,,,,,,"0000-0002-4194-7642","0000-0002-0594-4276",,,"41a7539b-ea27-4b23-90bc-8a5e4e08bed1"
"0896b820-f665-4640-b222-60c23c1db24a","84d06aef-31f0-4e51-8479-2ff441087aec","OAES_007.mammalGrid.mam","D11","OAES","OAES_007","C5","distributed","shrubScrub",35.419420,-99.055808,"WGS84",45.1,522.6,0.1,"6 - trap set and empty","ShermanXLK","2022-08-23","2022-08-23",,,,,,,,,,,,,,,,,,,,,,,,,,,,,,,,,,,,,,,,,,,,"0000-0002-5328-740X","0000-0000-0068-7943",,,"13358116-669d-4e92-8976-01c09eec65e1"
"f2f12efa-851d-4179-ac18-e5b7dc8adb3b","84d06aef-31f0-4e51-8479-2ff441087aec","OAES_007.mammalGrid.mam","D11","OAES","OAES_007","C6","distributed","shrubScrub",35.419420,-99.055808,"WGS84",45.1,522.6,0.1,"6 - trap set and empty","ShermanXLK","2022-08-23","2022-08-23",,,,,,,,,,,,,,,,,,,,,,,,,,,,,,,,,,,,,,,,,,,,"0000-0002-5328-740X","0000-0000-0068-7943",,,"27d392d4-2b79-4818-8a60-a37878fc0de9"
"a6ade17e-e743-4983-a170-602143403c3b","3873056a-d752-4ce7-be47-f04274f12b4f","OAES_002.mammalGrid.mam","D11","OAES","OAES_002","A6","distributed","grasslandHerbaceous",35.419111,-99.050850,"WGS84",45.1,516.9,0.1,"6 - trap set and empty","ShermanXLK","2022-08-23","2022-08-23",,,,,,,,,,,,,,,,,,,,,,,,,,,,,,,,,,,,,,,,,,,,"0000-0000-0068-7943","0000-0002-5328-740X",,,"954e75ad-cb26-4a6a-9495-c2e249c958b7"
"d5d48f5b-f49a-4e91-b8ea-b7fc7ac11fc7","8371aa48-40a5-4d8e-a5dc-5ba728080544","OAES_003.mammalGrid.mam","D11","OAES","OAES_003","E2","distributed","grasslandHerbaceous",35.411667,-99.071306,"WGS84",45.1,506.6,0.1,"6 - trap set and empty","ShermanXLK","2022-08-23","2022-08-23",,,,,,,,,,,,,,,,,,,,,,,,,,,,,,,,,,,,,,,,,,,,"0000-0002-4194-7642","0000-0002-0594-4276",,,"20262fc7-ba17-471c-9b6a-4c832c97a2d6"
"76625fff-81b0-416c-be29-1d10bd9e25b5","3873056a-d752-4ce7-be47-f04274f12b4f","OAES_002.mammalGrid.mam","D11","OAES","OAES_002","I5","distributed","grasslandHerbaceous",35.419111,-99.050850,"WGS84",45.1,516.9,0.1,"5 - capture","ShermanXLK","2022-08-23","2022-08-23","NEON.MAM.D11.O002I520220823",,"SIHI","Sigmodon hispidus","species",,,,,"N","U","N","escaped",,"unknown",,,,,,,,,,"U","U","U",,,,,,,,,,,,,,,,,"0000-0000-0068-7943","0000-0002-5328-740X",,,"0d7c5bd2-b938-4efa-8cc5-84c7bae7ac21"
"43e5558e-7d2c-4a1d-9a4b-cdf87d44b50a","bfc4c2eb-7348-4e6f-9dc4-b98658c54543","OAES_001.mammalGrid.mam","D11","OAES","OAES_001","C4","distributed","grasslandHerbaceous",35.413861,-99.058786,"WGS84",45.1,517.8,0.1,"6 - trap set and empty","ShermanXLK","2022-08-23","2022-08-23",,,,,,,,,,,,,,,,,,,,,,,,,,,,,,,,,,,,,,,,,,,,"0000-0002-4194-7642","0000-0002-0594-4276",,,"7974dbf7-95e9-4f9f-8819-6bd9e91ff3b6"
"c5db60c1-df8b-499b-b536-04ca3422d124","8371aa48-40a5-4d8e-a5dc-5ba728080544","OAES_003.mammalGrid.mam","D11","OAES","OAES_003","J6","distributed","grasslandHerbaceous",35.411667,-99.071306,"WGS84",45.1,506.6,0.1,"6 - trap set and empty","ShermanXLK","2022-08-23","2022-08-23",,,,,,,,,,,,,,,,,,,,,,,,,,,,,,,,,,,,,,,,,,,,"0000-0002-4194-7642","0000-0002-0594-4276",,,"f8822abc-f795-4d36-af92-a5d20411238a"
"ea25560c-c64d-4a32-afb8-1318069bfad7","8371aa48-40a5-4d8e-a5dc-5ba728080544","OAES_003.mammalGrid.mam","D11","OAES","OAES_003","J1","distributed","grasslandHerbaceous",35.411667,-99.071306,"WGS84",45.1,506.6,0.1,"6 - trap set and empty","ShermanXLK","2022-08-23","2022-08-23",,,,,,,,,,,,,,,,,,,,,,,,,,,,,,,,,,,,,,,,,,,,"0000-0002-4194-7642","0000-0002-0594-4276",,,"40aea875-7a52-4dca-9927-9048916003c5"
"b912655f-0dec-4f6f-9afd-13e8d309ef1f","bfc4c2eb-7348-4e6f-9dc4-b98658c54543","OAES_001.mammalGrid.mam","D11","OAES","OAES_001","D10","distributed","grasslandHerbaceous",35.413861,-99.058786,"WGS84",45.1,517.8,0.1,"2 - trap disturbed/door closed but empty","ShermanXLK","2022-08-23","2022-08-23",,,,,,,,,,,,,,,,,,,,,,,,,,,,,,,,,,,,,,,,,,,,"0000-0002-4194-7642","0000-0002-0594-4276",,,"1b3045e5-ff81-431c-8bc1-d4be68302bdc"
"17fc544e-e032-4806-bea3-5353029ae4d8","bfc4c2eb-7348-4e6f-9dc4-b98658c54543","OAES_001.mammalGrid.mam","D11","OAES","OAES_001","H5","distributed","grasslandHerbaceous",35.413861,-99.058786,"WGS84",45.1,517.8,0.1,"6 - trap set and empty","ShermanXLK","2022-08-23","2022-08-23",,,,,,,,,,,,,,,,,,,,,,,,,,,,,,,,,,,,,,,,,,,,"0000-0002-4194-7642","0000-0002-0594-4276",,,"778852c6-bf97-42ee-b0c6-5476ca7d9484"
"76a5f38a-e026-4d79-87b3-98a6c72b645d","84d06aef-31f0-4e51-8479-2ff441087aec","OAES_007.mammalGrid.mam","D11","OAES","OAES_007","G4","distributed","shrubScrub",35.419420,-99.055808,"WGS84",45.1,522.6,0.1,"5 - capture","ShermanXLK","2022-08-23","2022-08-23","NEON.MAM.D11.373711",,"CHHI","Chaetodipus hispidus","species",,,,,"N","F","Y","processed",,"adult",,"nonenlarged","not",,,,,,41,"N","N","N",,,,,,,,,,,,,,,,,"0000-0002-5328-740X","0000-0000-0068-7943",,,"ed159fa8-e6f8-4eaa-8319-2446040450ec"
"9e334eab-c6c5-47e8-844d-f25f5e3ffcd2","8371aa48-40a5-4d8e-a5dc-5ba728080544","OAES_003.mammalGrid.mam","D11","OAES","OAES_003","D2","distributed","grasslandHerbaceous",35.411667,-99.071306,"WGS84",45.1,506.6,0.1,"6 - trap set and empty","ShermanXLK","2022-08-23","2022-08-23",,,,,,,,,,,,,,,,,,,,,,,,,,,,,,,,,,,,,,,,,,,,"0000-0002-4194-7642","0000-0002-0594-4276",,,"0315620c-2f48-4820-ad0a-e60b00fea136"
"cede2cc0-4955-4786-8dbe-ece556d5d90f","3873056a-d752-4ce7-be47-f04274f12b4f","OAES_002.mammalGrid.mam","D11","OAES","OAES_002","E9","distributed","grasslandHerbaceous",35.419111,-99.050850,"WGS84",45.1,516.9,0.1,"5 - capture","ShermanXLK","2022-08-23","2022-08-23","NEON.MAM.D11.297190",,"PEFV","Perognathus flavescens","species","cf. species",,,,"N","M","Y","processed",,"adult","nonscrotal",,,,15,,51,110,9,"N","N","N",,,,,,,,,,,,"OAES.20220823.297190.H","D00000021152","whiskerOnly",,,"0000-0000-0068-7943","0000-0002-5328-740X",,,"80514a6e-ad25-47a3-a905-9073a5a0eba0"
"ed0cfdaa-3a35-44fc-8ffc-180b5274c5af","84d06aef-31f0-4e51-8479-2ff441087aec","OAES_007.mammalGrid.mam","D11","OAES","OAES_007","I4","distributed","shrubScrub",35.419420,-99.055808,"WGS84",45.1,522.6,0.1,"6 - trap set and empty","ShermanXLK","2022-08-23","2022-08-23",,,,,,,,,,,,,,,,,,,,,,,,,,,,,,,,,,,,,,,,,,,,"0000-0002-5328-740X","0000-0000-0068-7943",,,"e0a21107-0dc1-4695-8ad7-93ec5c90b5c8"
"d3e74429-9d74-47db-82f5-5eba83836bcd","84d06aef-31f0-4e51-8479-2ff441087aec","OAES_007.mammalGrid.mam","D11","OAES","OAES_007","H9","distributed","shrubScrub",35.419420,-99.055808,"WGS84",45.1,522.6,0.1,"6 - trap set and empty","ShermanXLK","2022-08-23","2022-08-23",,,,,,,,,,,,,,,,,,,,,,,,,,,,,,,,,,,,,,,,,,,,"0000-0002-5328-740X","0000-0000-0068-7943",,,"ed81b73b-93d4-4672-86cd-d00e53f4fe4c"
"62531b7f-5a25-48c8-9b77-179ba283259c","bfc4c2eb-7348-4e6f-9dc4-b98658c54543","OAES_001.mammalGrid.mam","D11","OAES","OAES_001","G4","distributed","grasslandHerbaceous",35.413861,-99.058786,"WGS84",45.1,517.8,0.1,"6 - trap set and empty","ShermanXLK","2022-08-23","2022-08-23",,,,,,,,,,,,,,,,,,,,,,,,,,,,,,,,,,,,,,,,,,,,"0000-0002-4194-7642","0000-0002-0594-4276",,,"b3610c60-0926-4911-8617-81e724ee32cc"
"73d5c997-656f-4be8-a2a3-eedb79087ff6","bfc4c2eb-7348-4e6f-9dc4-b98658c54543","OAES_001.mammalGrid.mam","D11","OAES","OAES_001","J3","distributed","grasslandHerbaceous",35.413861,-99.058786,"WGS84",45.1,517.8,0.1,"5 - capture","ShermanXLK","2022-08-23","2022-08-23","NEON.MAM.D11.R3764",,"PEMA","Peromyscus maniculatus","species",,"NEON.DOC.003137",,,"N","M","N","processed",,"adult","nonscrotal",,,,19,,64,149,17,"N","N","N",,,,"OAES.20220823.R3764.B","D00000185375","mandibular - QNS","OAES.20220823.R3764.F","D00000185902","fresh","OAES.20220823.R3764.E","D00000185871","OAES.20220823.R3764.H","D00000186115","hairAndWhisker",,,"0000-0002-4194-7642","0000-0002-0594-4276",,,"a0d6b10f-9565-41ea-81da-e2a6f452f105"
"c4811bd4-d6b9-4fb2-900c-b9875db8e50d","84d06aef-31f0-4e51-8479-2ff441087aec","OAES_007.mammalGrid.mam","D11","OAES","OAES_007","A7","distributed","shrubScrub",35.419420,-99.055808,"WGS84",45.1,522.6,0.1,"6 - trap set and empty","ShermanXLK","2022-08-23","2022-08-23",,,,,,,,,,,,,,,,,,,,,,,,,,,,,,,,,,,,,,,,,,,,"0000-0002-5328-740X","0000-0000-0068-7943",,,"4a8ce420-23aa-4bec-8c47-e57ba0c1b280"
"59dc2286-3f52-4898-8543-8561e982c7a0","8371aa48-40a5-4d8e-a5dc-5ba728080544","OAES_003.mammalGrid.mam","D11","OAES","OAES_003","B3","distributed","grasslandHerbaceous",35.411667,-99.071306,"WGS84",45.1,506.6,0.1,"2 - trap disturbed/door closed but empty","ShermanXLK","2022-08-23","2022-08-23",,,,,,,,,,,,,,,,,,,,,,,,,,,,,,,,,,,,,,,,,,,,"0000-0002-4194-7642","0000-0002-0594-4276",,,"e16a2d83-d560-4b29-8522-2285670bae54"
"b758ed25-a31e-48b2-a092-121c71ebb909","8371aa48-40a5-4d8e-a5dc-5ba728080544","OAES_003.mammalGrid.mam","D11","OAES","OAES_003","H1","distributed","grasslandHerbaceous",35.411667,-99.071306,"WGS84",45.1,506.6,0.1,"5 - capture","ShermanXLK","2022-08-23","2022-08-23","NEON.MAM.D11.373713",,"CHHI","Chaetodipus hispidus","species",,"NEON.DOC.003137",,,"N","F","N","processed",,"adult",,"nonenlarged","not","not plugged",26,,,,27,"N","N","N",,,,,,,,,,"OAES.20220823.373713.E","D00000185881","OAES.20220823.373713.H","D00000186175","hairAndWhisker",,,"0000-0002-4194-7642","0000-0002-0594-4276",,,"9ee32f26-e243-41b6-8a62-e687583a23fe"
"cff74095-8603-4ba6-ba27-a254ae227005","bfc4c2eb-7348-4e6f-9dc4-b98658c54543","OAES_001.mammalGrid.mam","D11","OAES","OAES_001","I5","distributed","grasslandHerbaceous",35.413861,-99.058786,"WGS84",45.1,517.8,0.1,"6 - trap set and empty","ShermanXLK","2022-08-23","2022-08-23",,,,,,,,,,,,,,,,,,,,,,,,,,,,,,,,,,,,,,,,,,,,"0000-0002-4194-7642","0000-0002-0594-4276",,,"fde5d5ba-3b2b-4688-9113-7166abccad8b"
"086750fb-fa72-4daf-a797-3c60017e7e0f","84d06aef-31f0-4e51-8479-2ff441087aec","OAES_007.mammalGrid.mam","D11","OAES","OAES_007","H5","distributed","shrubScrub",35.419420,-99.055808,"WGS84",45.1,522.6,0.1,"2 - trap disturbed/door closed but empty","ShermanXLK","2022-08-23","2022-08-23",,,,,,,,,,,,,,,,,,,,,,,,,,,,,,,,,,,,,,,,,,,,"0000-0002-5328-740X","0000-0000-0068-7943",,,"9ec069c5-ef68-4124-b085-a00088b20da1"
"9f3af38d-285b-4034-9c4a-756c8823cd8c","84d06aef-31f0-4e51-8479-2ff441087aec","OAES_007.mammalGrid.mam","D11","OAES","OAES_007","J4","distributed","shrubScrub",35.419420,-99.055808,"WGS84",45.1,522.6,0.1,"2 - trap disturbed/door closed but empty","ShermanXLK","2022-08-23","2022-08-23",,,,,,,,,,,,,,,,,,,,,,,,,,,,,,,,,,,,,,,,,,,,"0000-0002-5328-740X","0000-0000-0068-7943",,,"6e0668a0-7958-47f9-9632-4d5bb0f44547"
"3cbd707e-485f-4fb3-b797-b70713de28b1","bfc4c2eb-7348-4e6f-9dc4-b98658c54543","OAES_001.mammalGrid.mam","D11","OAES","OAES_001","E7","distributed","grasslandHerbaceous",35.413861,-99.058786,"WGS84",45.1,517.8,0.1,"6 - trap set and empty","ShermanXLK","2022-08-23","2022-08-23",,,,,,,,,,,,,,,,,,,,,,,,,,,,,,,,,,,,,,,,,,,,"0000-0002-4194-7642","0000-0002-0594-4276",,,"fa03c684-a983-4483-aeb7-15f7e83c03f7"
"bf289eed-907e-4e45-b8f4-fa281f34cf25","84d06aef-31f0-4e51-8479-2ff441087aec","OAES_007.mammalGrid.mam","D11","OAES","OAES_007","J9","distributed","shrubScrub",35.419420,-99.055808,"WGS84",45.1,522.6,0.1,"2 - trap disturbed/door closed but empty","ShermanXLK","2022-08-23","2022-08-23",,,,,,,,,,,,,,,,,,,,,,,,,,,,,,,,,,,,,,,,,,,,"0000-0002-5328-740X","0000-0000-0068-7943",,,"80093a2e-d866-4387-bb79-3ad479019f73"
"8656470b-53ef-4c3e-a3f6-1f11d1ab58cb","8371aa48-40a5-4d8e-a5dc-5ba728080544","OAES_003.mammalGrid.mam","D11","OAES","OAES_003","B10","distributed","grasslandHerbaceous",35.411667,-99.071306,"WGS84",45.1,506.6,0.1,"6 - trap set and empty","ShermanXLK","2022-08-23","2022-08-23",,,,,,,,,,,,,,,,,,,,,,,,,,,,,,,,,,,,,,,,,,,,"0000-0002-4194-7642","0000-0002-0594-4276",,,"887be0a4-1e59-4bde-86a3-796252cf10a7"
"8f72cbf1-a3d9-4de4-b72d-974e2aa5ef2a","84d06aef-31f0-4e51-8479-2ff441087aec","OAES_007.mammalGrid.mam","D11","OAES","OAES_007","D1","distributed","shrubScrub",35.419420,-99.055808,"WGS84",45.1,522.6,0.1,"6 - trap set and empty","ShermanXLK","2022-08-23","2022-08-23",,,,,,,,,,,,,,,,,,,,,,,,,,,,,,,,,,,,,,,,,,,,"0000-0002-5328-740X","0000-0000-0068-7943",,,"eab8d459-5a62-4484-855a-d09efa735ae0"
"a196fb4f-fa65-417e-b5c0-d561974a46b0","84d06aef-31f0-4e51-8479-2ff441087aec","OAES_007.mammalGrid.mam","D11","OAES","OAES_007","I6","distributed","shrubScrub",35.419420,-99.055808,"WGS84",45.1,522.6,0.1,"2 - trap disturbed/door closed but empty","ShermanXLK","2022-08-23","2022-08-23",,,,,,,,,,,,,,,,,,,,,,,,,,,,,,,,,,,,,,,,,,,,"0000-0002-5328-740X","0000-0000-0068-7943",,,"272c864b-48d5-4e63-878d-5dee53aed308"
"46408a67-c63d-48f4-ae28-80126776f354","3873056a-d752-4ce7-be47-f04274f12b4f","OAES_002.mammalGrid.mam","D11","OAES","OAES_002","E4","distributed","grasslandHerbaceous",35.419111,-99.050850,"WGS84",45.1,516.9,0.1,"6 - trap set and empty","ShermanXLK","2022-08-23","2022-08-23",,,,,,,,,,,,,,,,,,,,,,,,,,,,,,,,,,,,,,,,,,,,"0000-0000-0068-7943","0000-0002-5328-740X",,,"cf435c0c-2bc2-467e-b105-1cf478aef92c"
"c7eb1fd1-fd7a-4ba2-973d-22ebf003e7a7","3873056a-d752-4ce7-be47-f04274f12b4f","OAES_002.mammalGrid.mam","D11","OAES","OAES_002","C7","distributed","grasslandHerbaceous",35.419111,-99.050850,"WGS84",45.1,516.9,0.1,"6 - trap set and empty","ShermanXLK","2022-08-23","2022-08-23",,,,,,,,,,,,,,,,,,,,,,,,,,,,,,,,,,,,,,,,,,,,"0000-0000-0068-7943","0000-0002-5328-740X",,,"138991fa-b2ef-4afa-9520-9903c8c7b059"
"9857ccb4-663c-4bc7-95b9-985089585709","8371aa48-40a5-4d8e-a5dc-5ba728080544","OAES_003.mammalGrid.mam","D11","OAES","OAES_003","E1","distributed","grasslandHerbaceous",35.411667,-99.071306,"WGS84",45.1,506.6,0.1,"6 - trap set and empty","ShermanXLK","2022-08-23","2022-08-23",,,,,,,,,,,,,,,,,,,,,,,,,,,,,,,,,,,,,,,,,,,,"0000-0002-4194-7642","0000-0002-0594-4276",,,"95940b14-d4ee-4fa3-8e19-1ecdc942f710"
"82f8f317-5e88-41bb-b68d-cc1b3da1a2a6","8371aa48-40a5-4d8e-a5dc-5ba728080544","OAES_003.mammalGrid.mam","D11","OAES","OAES_003","E9","distributed","grasslandHerbaceous",35.411667,-99.071306,"WGS84",45.1,506.6,0.1,"2 - trap disturbed/door closed but empty","ShermanXLK","2022-08-23","2022-08-23",,,,,,,,,,,,,,,,,,,,,,,,,,,,,,,,,,,,,,,,,,,,"0000-0002-4194-7642","0000-0002-0594-4276",,,"f11ae7cf-5af8-4d11-855e-7ebcfbce3eb1"
"bf39d8c7-174e-4135-b448-2a18f9286f68","8371aa48-40a5-4d8e-a5dc-5ba728080544","OAES_003.mammalGrid.mam","D11","OAES","OAES_003","A7","distributed","grasslandHerbaceous",35.411667,-99.071306,"WGS84",45.1,506.6,0.1,"6 - trap set and empty","ShermanXLK","2022-08-23","2022-08-23",,,,,,,,,,,,,,,,,,,,,,,,,,,,,,,,,,,,,,,,,,,,"0000-0002-4194-7642","0000-0002-0594-4276",,,"b74ac241-384b-4eff-ab46-eb4e006c5be1"
"ea616a44-37e8-4e4c-bedd-af8757deb305","84d06aef-31f0-4e51-8479-2ff441087aec","OAES_007.mammalGrid.mam","D11","OAES","OAES_007","J8","distributed","shrubScrub",35.419420,-99.055808,"WGS84",45.1,522.6,0.1,"6 - trap set and empty","ShermanXLK","2022-08-23","2022-08-23",,,,,,,,,,,,,,,,,,,,,,,,,,,,,,,,,,,,,,,,,,,,"0000-0002-5328-740X","0000-0000-0068-7943",,,"3766ae7b-3b81-4196-a9d1-26d06c85ae1b"
"68c48bdc-cb5e-44cb-9920-365be154100f","84d06aef-31f0-4e51-8479-2ff441087aec","OAES_007.mammalGrid.mam","D11","OAES","OAES_007","G1","distributed","shrubScrub",35.419420,-99.055808,"WGS84",45.1,522.6,0.1,"3 - trap door open or closed w/ spoor left","ShermanXLK","2022-08-23","2022-08-23",,,,,,,,,,,,,,,,,,,,,,,,,,,,,,,,,,,,,,,,,,,,"0000-0002-5328-740X","0000-0000-0068-7943",,,"6d6258ec-2025-4881-b3ec-44fa8266094a"
"1af4494f-ec81-4801-af8a-9a65d799d3a4","bfc4c2eb-7348-4e6f-9dc4-b98658c54543","OAES_001.mammalGrid.mam","D11","OAES","OAES_001","J10","distributed","grasslandHerbaceous",35.413861,-99.058786,"WGS84",45.1,517.8,0.1,"6 - trap set and empty","ShermanXLK","2022-08-23","2022-08-23",,,,,,,,,,,,,,,,,,,,,,,,,,,,,,,,,,,,,,,,,,,,"0000-0002-4194-7642","0000-0002-0594-4276",,,"cf3bfbc5-8028-47ac-a634-44e668616bac"
"a04e7b11-2588-4751-91d8-59e416aa1ca5","84d06aef-31f0-4e51-8479-2ff441087aec","OAES_007.mammalGrid.mam","D11","OAES","OAES_007","F10","distributed","shrubScrub",35.419420,-99.055808,"WGS84",45.1,522.6,0.1,"6 - trap set and empty","ShermanXLK","2022-08-23","2022-08-23",,,,,,,,,,,,,,,,,,,,,,,,,,,,,,,,,,,,,,,,,,,,"0000-0002-5328-740X","0000-0000-0068-7943",,,"47cd8348-a476-4c93-b1d2-b4438411072d"
"39704de7-b0bc-4107-8573-144e684e126b","bfc4c2eb-7348-4e6f-9dc4-b98658c54543","OAES_001.mammalGrid.mam","D11","OAES","OAES_001","A8","distributed","grasslandHerbaceous",35.413861,-99.058786,"WGS84",45.1,517.8,0.1,"6 - trap set and empty","ShermanXLK","2022-08-23","2022-08-23",,,,,,,,,,,,,,,,,,,,,,,,,,,,,,,,,,,,,,,,,,,,"0000-0002-4194-7642","0000-0002-0594-4276",,,"b6f0dbf4-891e-4edb-ac36-7e30d63bc7d4"
"9ecccc82-2aa5-4656-a42e-8ce3e6177af6","bfc4c2eb-7348-4e6f-9dc4-b98658c54543","OAES_001.mammalGrid.mam","D11","OAES","OAES_001","I10","distributed","grasslandHerbaceous",35.413861,-99.058786,"WGS84",45.1,517.8,0.1,"6 - trap set and empty","ShermanXLK","2022-08-23","2022-08-23",,,,,,,,,,,,,,,,,,,,,,,,,,,,,,,,,,,,,,,,,,,,"0000-0002-4194-7642","0000-0002-0594-4276",,,"6e4f9470-9b10-453d-ae16-0f2a1a7e56b5"
"c34f27c7-1fad-40b7-bd3d-582f18b5b783","84d06aef-31f0-4e51-8479-2ff441087aec","OAES_007.mammalGrid.mam","D11","OAES","OAES_007","E5","distributed","shrubScrub",35.419420,-99.055808,"WGS84",45.1,522.6,0.1,"6 - trap set and empty","ShermanXLK","2022-08-23","2022-08-23",,,,,,,,,,,,,,,,,,,,,,,,,,,,,,,,,,,,,,,,,,,,"0000-0002-5328-740X","0000-0000-0068-7943",,,"475ee541-eca4-4ba8-9f7c-36964db75891"
"3970273f-be2b-4853-a67d-e70eb1c98abe","3873056a-d752-4ce7-be47-f04274f12b4f","OAES_002.mammalGrid.mam","D11","OAES","OAES_002","C4","distributed","grasslandHerbaceous",35.419111,-99.050850,"WGS84",45.1,516.9,0.1,"6 - trap set and empty","ShermanXLK","2022-08-23","2022-08-23",,,,,,,,,,,,,,,,,,,,,,,,,,,,,,,,,,,,,,,,,,,,"0000-0000-0068-7943","0000-0002-5328-740X",,,"a1df0b15-ffd1-41a7-9a3e-edc3321fba54"
"6e0d66c2-3b47-4e63-a007-3a08020aad1c","3873056a-d752-4ce7-be47-f04274f12b4f","OAES_002.mammalGrid.mam","D11","OAES","OAES_002","B5","distributed","grasslandHerbaceous",35.419111,-99.050850,"WGS84",45.1,516.9,0.1,"6 - trap set and empty","ShermanXLK","2022-08-23","2022-08-23",,,,,,,,,,,,,,,,,,,,,,,,,,,,,,,,,,,,,,,,,,,,"0000-0000-0068-7943","0000-0002-5328-740X",,,"c4f83df8-a961-41ae-91fc-e121db7e2f3f"
"0919ddb5-b36d-413e-9ebd-b9c892c568e0","bfc4c2eb-7348-4e6f-9dc4-b98658c54543","OAES_001.mammalGrid.mam","D11","OAES","OAES_001","C9","distributed","grasslandHerbaceous",35.413861,-99.058786,"WGS84",45.1,517.8,0.1,"2 - trap disturbed/door closed but empty","ShermanXLK","2022-08-23","2022-08-23",,,,,,,,,,,,,,,,,,,,,,,,,,,,,,,,,,,,,,,,,,,,"0000-0002-4194-7642","0000-0002-0594-4276",,,"b442ee78-28f8-424d-b1d8-a903c4b3dafd"
"e4b095a2-ee53-4342-bd8e-327aff3cdde7","bfc4c2eb-7348-4e6f-9dc4-b98658c54543","OAES_001.mammalGrid.mam","D11","OAES","OAES_001","B10","distributed","grasslandHerbaceous",35.413861,-99.058786,"WGS84",45.1,517.8,0.1,"6 - trap set and empty","ShermanXLK","2022-08-23","2022-08-23",,,,,,,,,,,,,,,,,,,,,,,,,,,,,,,,,,,,,,,,,,,,"0000-0002-4194-7642","0000-0002-0594-4276",,,"3ed7bc35-b400-429d-8f8f-a6e98e13e0a2"
"efb6b4d2-3455-434c-81f7-4e27b888ccec","3873056a-d752-4ce7-be47-f04274f12b4f","OAES_002.mammalGrid.mam","D11","OAES","OAES_002","E10","distributed","grasslandHerbaceous",35.419111,-99.050850,"WGS84",45.1,516.9,0.1,"6 - trap set and empty","ShermanXLK","2022-08-23","2022-08-23",,,,,,,,,,,,,,,,,,,,,,,,,,,,,,,,,,,,,,,,,,,,"0000-0000-0068-7943","0000-0002-5328-740X",,,"1f91981c-6a32-4928-aa5a-305cff11bdee"
"c8a2a5bd-94a8-47e0-9ec5-7a632b2aeb1e","3873056a-d752-4ce7-be47-f04274f12b4f","OAES_002.mammalGrid.mam","D11","OAES","OAES_002","I4","distributed","grasslandHerbaceous",35.419111,-99.050850,"WGS84",45.1,516.9,0.1,"6 - trap set and empty","ShermanXLK","2022-08-23","2022-08-23",,,,,,,,,,,,,,,,,,,,,,,,,,,,,,,,,,,,,,,,,,,,"0000-0000-0068-7943","0000-0002-5328-740X",,,"68cf1ebb-7ca7-4c0a-a688-ede67789bb8d"
"c34c15da-fdc7-4b8b-964e-c8b525f4cf50","3873056a-d752-4ce7-be47-f04274f12b4f","OAES_002.mammalGrid.mam","D11","OAES","OAES_002","E7","distributed","grasslandHerbaceous",35.419111,-99.050850,"WGS84",45.1,516.9,0.1,"6 - trap set and empty","ShermanXLK","2022-08-23","2022-08-23",,,,,,,,,,,,,,,,,,,,,,,,,,,,,,,,,,,,,,,,,,,,"0000-0000-0068-7943","0000-0002-5328-740X",,,"698d6e01-6af8-4f8c-b149-9c10e2dc2b94"
"efb83c58-0bcb-4d79-906d-447a273823b9","bfc4c2eb-7348-4e6f-9dc4-b98658c54543","OAES_001.mammalGrid.mam","D11","OAES","OAES_001","A6","distributed","grasslandHerbaceous",35.413861,-99.058786,"WGS84",45.1,517.8,0.1,"2 - trap disturbed/door closed but empty","ShermanXLK","2022-08-23","2022-08-23",,,,,,,,,,,,,,,,,,,,,,,,,,,,,,,,,,,,,,,,,,,,"0000-0002-4194-7642","0000-0002-0594-4276",,,"d563e9ba-7a0e-4916-b73a-58797a131feb"
"f70f8d89-926a-4279-b0b3-3ecd063e40ab","3873056a-d752-4ce7-be47-f04274f12b4f","OAES_002.mammalGrid.mam","D11","OAES","OAES_002","D10","distributed","grasslandHerbaceous",35.419111,-99.050850,"WGS84",45.1,516.9,0.1,"6 - trap set and empty","ShermanXLK","2022-08-23","2022-08-23",,,,,,,,,,,,,,,,,,,,,,,,,,,,,,,,,,,,,,,,,,,,"0000-0000-0068-7943","0000-0002-5328-740X",,,"9ed45924-91f1-48d0-b0c5-5c0057cf6709"
"1a5c592a-8c59-4c13-a256-6f7dbfc0267e","3873056a-d752-4ce7-be47-f04274f12b4f","OAES_002.mammalGrid.mam","D11","OAES","OAES_002","A10","distributed","grasslandHerbaceous",35.419111,-99.050850,"WGS84",45.1,516.9,0.1,"5 - capture","ShermanXLK","2022-08-23","2022-08-23","NEON.MAM.D11.373729",,"CHHI","Chaetodipus hispidus","species",,,,,"N","M","Y","processed",,"adult","nonscrotal",,,,26,,104,218,54,"N","N","N",,,,,,,,,,,,"OAES.20220823.373729.H","D00000186069","hairAndWhisker",,,"0000-0000-0068-7943","0000-0002-5328-740X",,,"4714b785-a751-4f6a-b98e-8c00a77dbe63"
"2465162c-81eb-4b60-b29b-e26e792dc65f","bfc4c2eb-7348-4e6f-9dc4-b98658c54543","OAES_001.mammalGrid.mam","D11","OAES","OAES_001","I7","distributed","grasslandHerbaceous",35.413861,-99.058786,"WGS84",45.1,517.8,0.1,"6 - trap set and empty","ShermanXLK","2022-08-23","2022-08-23",,,,,,,,,,,,,,,,,,,,,,,,,,,,,,,,,,,,,,,,,,,,"0000-0002-4194-7642","0000-0002-0594-4276",,,"e2e12dad-f7b9-49de-9747-d0bc6fa2b61b"
"eb78d9c0-7ba6-4436-8045-ab9e0dfe11af","84d06aef-31f0-4e51-8479-2ff441087aec","OAES_007.mammalGrid.mam","D11","OAES","OAES_007","C7","distributed","shrubScrub",35.419420,-99.055808,"WGS84",45.1,522.6,0.1,"6 - trap set and empty","ShermanXLK","2022-08-23","2022-08-23",,,,,,,,,,,,,,,,,,,,,,,,,,,,,,,,,,,,,,,,,,,,"0000-0002-5328-740X","0000-0000-0068-7943",,,"f7b07e93-30fd-4208-a678-5d38c1a8c446"
"94387226-caa7-4936-ae48-758f7df57cd6","84d06aef-31f0-4e51-8479-2ff441087aec","OAES_007.mammalGrid.mam","D11","OAES","OAES_007","B2","distributed","shrubScrub",35.419420,-99.055808,"WGS84",45.1,522.6,0.1,"6 - trap set and empty","ShermanXLK","2022-08-23","2022-08-23",,,,,,,,,,,,,,,,,,,,,,,,,,,,,,,,,,,,,,,,,,,,"0000-0002-5328-740X","0000-0000-0068-7943",,,"ae2e1e3f-efac-4ddf-bb70-4d4f3953b07d"
"e3bc75df-6547-47c9-90ae-59b4d4ef7f7f","8371aa48-40a5-4d8e-a5dc-5ba728080544","OAES_003.mammalGrid.mam","D11","OAES","OAES_003","G10","distributed","grasslandHerbaceous",35.411667,-99.071306,"WGS84",45.1,506.6,0.1,"2 - trap disturbed/door closed but empty","ShermanXLK","2022-08-23","2022-08-23",,,,,,,,,,,,,,,,,,,,,,,,,,,,,,,,,,,,,,,,,,,,"0000-0002-4194-7642","0000-0002-0594-4276","Ants removed seeds from door",,"db05b01f-c66f-41df-a40d-7994cfd3f0d6"
"111146d4-8a12-44ad-ae4b-e15b4e4575bc","3873056a-d752-4ce7-be47-f04274f12b4f","OAES_002.mammalGrid.mam","D11","OAES","OAES_002","G1","distributed","grasslandHerbaceous",35.419111,-99.050850,"WGS84",45.1,516.9,0.1,"3 - trap door open or closed w/ spoor left","ShermanXLK","2022-08-23","2022-08-23",,,,,,,,,,,,,,,,,,,,,,,,,,,,,,,,,,,,,,,,,,,,"0000-0000-0068-7943","0000-0002-5328-740X",,,"f714588c-4c91-406c-8367-ef177dbadbe5"
"f9eb776f-2bc0-44f3-a02d-8a38fabc55dc","8371aa48-40a5-4d8e-a5dc-5ba728080544","OAES_003.mammalGrid.mam","D11","OAES","OAES_003","C7","distributed","grasslandHerbaceous",35.411667,-99.071306,"WGS84",45.1,506.6,0.1,"6 - trap set and empty","ShermanXLK","2022-08-23","2022-08-23",,,,,,,,,,,,,,,,,,,,,,,,,,,,,,,,,,,,,,,,,,,,"0000-0002-4194-7642","0000-0002-0594-4276",,,"74131ad0-4260-4249-b69b-1f31ab5d8aa8"
"1755bd99-d10d-43c6-b34a-bad1b7a3d892","8371aa48-40a5-4d8e-a5dc-5ba728080544","OAES_003.mammalGrid.mam","D11","OAES","OAES_003","H5","distributed","grasslandHerbaceous",35.411667,-99.071306,"WGS84",45.1,506.6,0.1,"6 - trap set and empty","ShermanXLK","2022-08-23","2022-08-23",,,,,,,,,,,,,,,,,,,,,,,,,,,,,,,,,,,,,,,,,,,,"0000-0002-4194-7642","0000-0002-0594-4276",,,"122de980-9cbc-4967-ace3-40832306cbef"
"29be70bc-fc23-4f81-8610-8a5586b5d652","8371aa48-40a5-4d8e-a5dc-5ba728080544","OAES_003.mammalGrid.mam","D11","OAES","OAES_003","B8","distributed","grasslandHerbaceous",35.411667,-99.071306,"WGS84",45.1,506.6,0.1,"6 - trap set and empty","ShermanXLK","2022-08-23","2022-08-23",,,,,,,,,,,,,,,,,,,,,,,,,,,,,,,,,,,,,,,,,,,,"0000-0002-4194-7642","0000-0002-0594-4276",,,"f187cf92-16f1-4a6a-820e-2312236c2f2a"
"f13e135c-7f9e-4734-a5f4-76ed159da413","84d06aef-31f0-4e51-8479-2ff441087aec","OAES_007.mammalGrid.mam","D11","OAES","OAES_007","D8","distributed","shrubScrub",35.419420,-99.055808,"WGS84",45.1,522.6,0.1,"6 - trap set and empty","ShermanXLK","2022-08-23","2022-08-23",,,,,,,,,,,,,,,,,,,,,,,,,,,,,,,,,,,,,,,,,,,,"0000-0002-5328-740X","0000-0000-0068-7943",,,"7f585717-d0d6-4608-87bf-0e0aa213b5af"
"d0528bfa-e898-42ce-96b7-4b23ac8e3c8c","8371aa48-40a5-4d8e-a5dc-5ba728080544","OAES_003.mammalGrid.mam","D11","OAES","OAES_003","G9","distributed","grasslandHerbaceous",35.411667,-99.071306,"WGS84",45.1,506.6,0.1,"6 - trap set and empty","ShermanXLK","2022-08-23","2022-08-23",,,,,,,,,,,,,,,,,,,,,,,,,,,,,,,,,,,,,,,,,,,,"0000-0002-4194-7642","0000-0002-0594-4276",,,"0cfbd70e-3288-4d8f-81a5-d27b4fbc8b28"
"2b55ed4b-ef27-47b4-8fc7-a6504b776550","3873056a-d752-4ce7-be47-f04274f12b4f","OAES_002.mammalGrid.mam","D11","OAES","OAES_002","D8","distributed","grasslandHerbaceous",35.419111,-99.050850,"WGS84",45.1,516.9,0.1,"6 - trap set and empty","ShermanXLK","2022-08-23","2022-08-23",,,,,,,,,,,,,,,,,,,,,,,,,,,,,,,,,,,,,,,,,,,,"0000-0000-0068-7943","0000-0002-5328-740X",,,"f206da43-c51f-4813-808c-1d6c42674a4c"
"73096d79-3ed1-47da-837e-e786efccafff","bfc4c2eb-7348-4e6f-9dc4-b98658c54543","OAES_001.mammalGrid.mam","D11","OAES","OAES_001","C5","distributed","grasslandHerbaceous",35.413861,-99.058786,"WGS84",45.1,517.8,0.1,"6 - trap set and empty","ShermanXLK","2022-08-23","2022-08-23",,,,,,,,,,,,,,,,,,,,,,,,,,,,,,,,,,,,,,,,,,,,"0000-0002-4194-7642","0000-0002-0594-4276",,,"65be5627-c490-4501-b75e-9ca4c027677c"
"259a6db0-8f9f-4fb9-960f-ac6f06089010","bfc4c2eb-7348-4e6f-9dc4-b98658c54543","OAES_001.mammalGrid.mam","D11","OAES","OAES_001","J8","distributed","grasslandHerbaceous",35.413861,-99.058786,"WGS84",45.1,517.8,0.1,"6 - trap set and empty","ShermanXLK","2022-08-23","2022-08-23",,,,,,,,,,,,,,,,,,,,,,,,,,,,,,,,,,,,,,,,,,,,"0000-0002-4194-7642","0000-0002-0594-4276",,,"c5dcb4dd-fb83-4cc8-ad0d-5c4775528c63"
"1b39906f-7167-4af4-b2a5-5d17d278b4b7","3873056a-d752-4ce7-be47-f04274f12b4f","OAES_002.mammalGrid.mam","D11","OAES","OAES_002","D1","distributed","grasslandHerbaceous",35.419111,-99.050850,"WGS84",45.1,516.9,0.1,"5 - capture","ShermanXLK","2022-08-23","2022-08-23","NEON.MAM.D11.L3614",,"PEMA","Peromyscus maniculatus","species","cf. species",,,,"N","M","N","processed",,"adult","nonscrotal",,,,18,12,59,132,16,"N","N","N",,,,"OAES.20220823.L3614.B","D00000185466","mandibular","OAES.20220823.L3614.F","D00000185620","fresh",,,"OAES.20220823.L3614.H","D00000021154","whiskerOnly",,,"0000-0000-0068-7943","0000-0002-5328-740X",,,"8e9f441e-ee2a-429c-ba89-e7a3aa588ac2"
"f0fee814-0aa7-46d4-9af5-ed4895b591ea","3873056a-d752-4ce7-be47-f04274f12b4f","OAES_002.mammalGrid.mam","D11","OAES","OAES_002","G6","distributed","grasslandHerbaceous",35.419111,-99.050850,"WGS84",45.1,516.9,0.1,"6 - trap set and empty","ShermanXLK","2022-08-23","2022-08-23",,,,,,,,,,,,,,,,,,,,,,,,,,,,,,,,,,,,,,,,,,,,"0000-0000-0068-7943","0000-0002-5328-740X",,,"9a6c9f31-909b-4aee-88dd-8d95d00ad023"
"158f95bc-d2e1-46c3-88b0-dadb66f477b8","8371aa48-40a5-4d8e-a5dc-5ba728080544","OAES_003.mammalGrid.mam","D11","OAES","OAES_003","A9","distributed","grasslandHerbaceous",35.411667,-99.071306,"WGS84",45.1,506.6,0.1,"6 - trap set and empty","ShermanXLK","2022-08-23","2022-08-23",,,,,,,,,,,,,,,,,,,,,,,,,,,,,,,,,,,,,,,,,,,,"0000-0002-4194-7642","0000-0002-0594-4276",,,"ddb667a7-1b1d-4e92-aa67-b131deec0567"
"823ee2ff-e51d-454c-aa34-aeff7b7e12be","3873056a-d752-4ce7-be47-f04274f12b4f","OAES_002.mammalGrid.mam","D11","OAES","OAES_002","G5","distributed","grasslandHerbaceous",35.419111,-99.050850,"WGS84",45.1,516.9,0.1,"6 - trap set and empty","ShermanXLK","2022-08-23","2022-08-23",,,,,,,,,,,,,,,,,,,,,,,,,,,,,,,,,,,,,,,,,,,,"0000-0000-0068-7943","0000-0002-5328-740X",,,"26c4d0b7-d1bf-4114-a417-ef3c007364dc"
"61239750-ec1c-42c3-91a0-844213b1e1e5","3873056a-d752-4ce7-be47-f04274f12b4f","OAES_002.mammalGrid.mam","D11","OAES","OAES_002","I6","distributed","grasslandHerbaceous",35.419111,-99.050850,"WGS84",45.1,516.9,0.1,"6 - trap set and empty","ShermanXLK","2022-08-23","2022-08-23",,,,,,,,,,,,,,,,,,,,,,,,,,,,,,,,,,,,,,,,,,,,"0000-0000-0068-7943","0000-0002-5328-740X",,,"678f228a-8111-401f-a672-f43edd36345a"
"e155d027-e0ed-4155-b5bf-a09b41244bcf","bfc4c2eb-7348-4e6f-9dc4-b98658c54543","OAES_001.mammalGrid.mam","D11","OAES","OAES_001","J1","distributed","grasslandHerbaceous",35.413861,-99.058786,"WGS84",45.1,517.8,0.1,"2 - trap disturbed/door closed but empty","ShermanXLK","2022-08-23","2022-08-23",,,,,,,,,,,,,,,,,,,,,,,,,,,,,,,,,,,,,,,,,,,,"0000-0002-4194-7642","0000-0002-0594-4276",,,"6e287ebd-6b89-4c20-a0f5-990fccd7d418"
"32f72d4d-b804-4472-8aca-852c37b85987","84d06aef-31f0-4e51-8479-2ff441087aec","OAES_007.mammalGrid.mam","D11","OAES","OAES_007","E6","distributed","shrubScrub",35.419420,-99.055808,"WGS84",45.1,522.6,0.1,"5 - capture","ShermanXLK","2022-08-23","2022-08-23","NEON.MAM.D11.373714",,"CHHI","Chaetodipus hispidus","species",,,,,"N","M","N","processed",,"juvenile","nonscrotal",,,,22,,80,,19,"N","N","N",,,,,,,,,,,,,,,,,"0000-0002-5328-740X","0000-0000-0068-7943",,,"dacc76cb-477e-4bd3-b2c0-e5845ee137d7"
"85d0bcaa-c3f3-4d84-817e-57a45636edc2","bfc4c2eb-7348-4e6f-9dc4-b98658c54543","OAES_001.mammalGrid.mam","D11","OAES","OAES_001","D6","distributed","grasslandHerbaceous",35.413861,-99.058786,"WGS84",45.1,517.8,0.1,"6 - trap set and empty","ShermanXLK","2022-08-23","2022-08-23",,,,,,,,,,,,,,,,,,,,,,,,,,,,,,,,,,,,,,,,,,,,"0000-0002-4194-7642","0000-0002-0594-4276",,,"f8ff9b3f-3ae2-4700-b9bf-97af70e894bb"
"c8f697ee-28aa-4d90-a48b-df1fe6bc05c9","bfc4c2eb-7348-4e6f-9dc4-b98658c54543","OAES_001.mammalGrid.mam","D11","OAES","OAES_001","J7","distributed","grasslandHerbaceous",35.413861,-99.058786,"WGS84",45.1,517.8,0.1,"6 - trap set and empty","ShermanXLK","2022-08-23","2022-08-23",,,,,,,,,,,,,,,,,,,,,,,,,,,,,,,,,,,,,,,,,,,,"0000-0002-4194-7642","0000-0002-0594-4276",,,"8337150c-3f6b-47e6-80c6-29df69975c86"
"7469e16e-c1fe-47a2-bca7-418d701c4f15","84d06aef-31f0-4e51-8479-2ff441087aec","OAES_007.mammalGrid.mam","D11","OAES","OAES_007","G2","distributed","shrubScrub",35.419420,-99.055808,"WGS84",45.1,522.6,0.1,"6 - trap set and empty","ShermanXLK","2022-08-23","2022-08-23",,,,,,,,,,,,,,,,,,,,,,,,,,,,,,,,,,,,,,,,,,,,"0000-0002-5328-740X","0000-0000-0068-7943",,,"0476615c-ba73-487b-a943-afb2bc3397ca"
"20892b16-f68a-4079-8b3d-9e4bd17afca1","8371aa48-40a5-4d8e-a5dc-5ba728080544","OAES_003.mammalGrid.mam","D11","OAES","OAES_003","A5","distributed","grasslandHerbaceous",35.411667,-99.071306,"WGS84",45.1,506.6,0.1,"6 - trap set and empty","ShermanXLK","2022-08-23","2022-08-23",,,,,,,,,,,,,,,,,,,,,,,,,,,,,,,,,,,,,,,,,,,,"0000-0002-4194-7642","0000-0002-0594-4276",,,"f6719d50-badf-4515-9449-abd89d9b9c78"
"ae86fcf4-549d-4caa-9873-55446bbbe780","bfc4c2eb-7348-4e6f-9dc4-b98658c54543","OAES_001.mammalGrid.mam","D11","OAES","OAES_001","A5","distributed","grasslandHerbaceous",35.413861,-99.058786,"WGS84",45.1,517.8,0.1,"5 - capture","ShermanXLK","2022-08-23","2022-08-23","NEON.MAM.D11.L3900",,"PEMA","Peromyscus maniculatus","species",,"NEON.DOC.003137",,,"N","M","N","processed","R3688","adult","nonscrotal",,,,,,,,16,"N","N","N",,,,,,,,,,,,,,,,,"0000-0002-4194-7642","0000-0002-0594-4276","Not bled; tag replaced",,"9d6df7c2-8f32-4b42-aeee-ba412c1e7973"
"1a72bfb6-dbac-4fd7-9f12-ecfd4df03bc5","bfc4c2eb-7348-4e6f-9dc4-b98658c54543","OAES_001.mammalGrid.mam","D11","OAES","OAES_001","E2","distributed","grasslandHerbaceous",35.413861,-99.058786,"WGS84",45.1,517.8,0.1,"6 - trap set and empty","ShermanXLK","2022-08-23","2022-08-23",,,,,,,,,,,,,,,,,,,,,,,,,,,,,,,,,,,,,,,,,,,,"0000-0002-4194-7642","0000-0002-0594-4276",,,"618df5d2-011f-40f3-9aa4-a48376d0ab36"
"23596fbd-ca6a-4dd1-ac1a-55d6a03a5d8b","8371aa48-40a5-4d8e-a5dc-5ba728080544","OAES_003.mammalGrid.mam","D11","OAES","OAES_003","G1","distributed","grasslandHerbaceous",35.411667,-99.071306,"WGS84",45.1,506.6,0.1,"5 - capture","ShermanXLK","2022-08-23","2022-08-23","NEON.MAM.D11.373590",,"PEFV","Perognathus flavescens","species",,"NEON.DOC.003137",,,"N","F","N","processed",,"adult",,"nonenlarged","not","not plugged",15,,,,7,"N","N","N",,,,,,,"OAES.20220823.373590.F","D00000185910","fresh","OAES.20220823.373590.E","D00000185890",,,,,,"0000-0002-4194-7642","0000-0002-0594-4276","Mites on genitals",,"500a7c32-362b-403d-b8d8-3d8cf0a3bc4f"
"3a9150d5-d93d-479d-ad29-0417e4974b46","84d06aef-31f0-4e51-8479-2ff441087aec","OAES_007.mammalGrid.mam","D11","OAES","OAES_007","C4","distributed","shrubScrub",35.419420,-99.055808,"WGS84",45.1,522.6,0.1,"6 - trap set and empty","ShermanXLK","2022-08-23","2022-08-23",,,,,,,,,,,,,,,,,,,,,,,,,,,,,,,,,,,,,,,,,,,,"0000-0002-5328-740X","0000-0000-0068-7943",,,"f8ef33e9-87cb-4000-999b-dac5001bc9af"
"c959cf18-b5b7-49eb-97cf-5a5e81051ddb","3873056a-d752-4ce7-be47-f04274f12b4f","OAES_002.mammalGrid.mam","D11","OAES","OAES_002","F6","distributed","grasslandHerbaceous",35.419111,-99.050850,"WGS84",45.1,516.9,0.1,"6 - trap set and empty","ShermanXLK","2022-08-23","2022-08-23",,,,,,,,,,,,,,,,,,,,,,,,,,,,,,,,,,,,,,,,,,,,"0000-0000-0068-7943","0000-0002-5328-740X",,,"1cfaa9a9-59c4-44cb-add6-d213a1e98158"
"e755397f-7505-42f2-96f0-340a3c9dce56","8371aa48-40a5-4d8e-a5dc-5ba728080544","OAES_003.mammalGrid.mam","D11","OAES","OAES_003","D7","distributed","grasslandHerbaceous",35.411667,-99.071306,"WGS84",45.1,506.6,0.1,"5 - capture","ShermanXLK","2022-08-23","2022-08-23","NEON.MAM.D11.373628",,"PEFL","Perognathus flavus","species",,"NEON.DOC.003137",,,"N","F","N","processed",,"adult",,"nonenlarged","not","swollen",15,,,,7,"N","N","N",,,,,,,"OAES.20220823.373628.F","D00000185889","fresh","OAES.20220823.373628.E","D00000185895",,,,,,"0000-0002-4194-7642","0000-0002-0594-4276",,,"e086ca91-b95c-4d95-8452-576ad45a80be"
"7e74ae96-bfd8-4a4e-bf27-7ec5c0c0d94c","3873056a-d752-4ce7-be47-f04274f12b4f","OAES_002.mammalGrid.mam","D11","OAES","OAES_002","A7","distributed","grasslandHerbaceous",35.419111,-99.050850,"WGS84",45.1,516.9,0.1,"6 - trap set and empty","ShermanXLK","2022-08-23","2022-08-23",,,,,,,,,,,,,,,,,,,,,,,,,,,,,,,,,,,,,,,,,,,,"0000-0000-0068-7943","0000-0002-5328-740X",,,"34789e71-56b8-456d-8f57-8fff43d765df"
"870d5745-d7c8-438d-8d23-eb69eb589f13","8371aa48-40a5-4d8e-a5dc-5ba728080544","OAES_003.mammalGrid.mam","D11","OAES","OAES_003","I8","distributed","grasslandHerbaceous",35.411667,-99.071306,"WGS84",45.1,506.6,0.1,"6 - trap set and empty","ShermanXLK","2022-08-23","2022-08-23",,,,,,,,,,,,,,,,,,,,,,,,,,,,,,,,,,,,,,,,,,,,"0000-0002-4194-7642","0000-0002-0594-4276",,,"6cb3b047-63ff-4c86-becb-6f52e4dca9aa"
"42a395a7-55fe-4049-b78e-1adfac68ed5e","84d06aef-31f0-4e51-8479-2ff441087aec","OAES_007.mammalGrid.mam","D11","OAES","OAES_007","D5","distributed","shrubScrub",35.419420,-99.055808,"WGS84",45.1,522.6,0.1,"5 - capture","ShermanXLK","2022-08-23","2022-08-23","NEON.MAM.D11.373565",,"PEFL","Perognathus flavus","species","cf. species",,,,"N","F","N","processed",,"adult",,"enlarged","not","not plugged",15,,53,,8,"N","N","N",,,,,,,,,,,,,,,,,"0000-0002-5328-740X","0000-0000-0068-7943",,,"7490f0ba-1a26-444c-bc9e-81df4e6201f8"
"5d6147ec-1591-4b43-a315-4fdd6e210d5f","3873056a-d752-4ce7-be47-f04274f12b4f","OAES_002.mammalGrid.mam","D11","OAES","OAES_002","H10","distributed","grasslandHerbaceous",35.419111,-99.050850,"WGS84",45.1,516.9,0.1,"6 - trap set and empty","ShermanXLK","2022-08-23","2022-08-23",,,,,,,,,,,,,,,,,,,,,,,,,,,,,,,,,,,,,,,,,,,,"0000-0000-0068-7943","0000-0002-5328-740X",,,"4ec52cb2-d054-4b3b-8d87-cfca6fb3f0a0"
"c6d0cb4b-f8d3-4790-a209-16496e8c3104","84d06aef-31f0-4e51-8479-2ff441087aec","OAES_007.mammalGrid.mam","D11","OAES","OAES_007","G8","distributed","shrubScrub",35.419420,-99.055808,"WGS84",45.1,522.6,0.1,"6 - trap set and empty","ShermanXLK","2022-08-23","2022-08-23",,,,,,,,,,,,,,,,,,,,,,,,,,,,,,,,,,,,,,,,,,,,"0000-0002-5328-740X","0000-0000-0068-7943",,,"f7f660c6-92de-43f7-86c5-a3ce4239cd2a"
"c3d3d6c3-bff5-4a37-b43e-1f7d15009e38","3873056a-d752-4ce7-be47-f04274f12b4f","OAES_002.mammalGrid.mam","D11","OAES","OAES_002","J6","distributed","grasslandHerbaceous",35.419111,-99.050850,"WGS84",45.1,516.9,0.1,"6 - trap set and empty","ShermanXLK","2022-08-23","2022-08-23",,,,,,,,,,,,,,,,,,,,,,,,,,,,,,,,,,,,,,,,,,,,"0000-0000-0068-7943","0000-0002-5328-740X",,,"12465b8e-7c58-4b3d-9db8-676b004d15f9"
"8029a22f-5764-4109-acbf-cd1e7bef5af5","8371aa48-40a5-4d8e-a5dc-5ba728080544","OAES_003.mammalGrid.mam","D11","OAES","OAES_003","H4","distributed","grasslandHerbaceous",35.411667,-99.071306,"WGS84",45.1,506.6,0.1,"6 - trap set and empty","ShermanXLK","2022-08-23","2022-08-23",,,,,,,,,,,,,,,,,,,,,,,,,,,,,,,,,,,,,,,,,,,,"0000-0002-4194-7642","0000-0002-0594-4276",,,"77ac9d3b-034a-4748-a485-254784aa780d"
"614dd20b-9b1c-4c69-8bf8-9d814c65ae27","3873056a-d752-4ce7-be47-f04274f12b4f","OAES_002.mammalGrid.mam","D11","OAES","OAES_002","C8","distributed","grasslandHerbaceous",35.419111,-99.050850,"WGS84",45.1,516.9,0.1,"5 - capture","ShermanXLK","2022-08-23","2022-08-23","NEON.MAM.D11.L3643",,"REFU","Reithrodontomys fulvescens","species",,,"cfd7f626-cc68-40e3-ae27-87b9d6d27d25","taxonID and sex confirmed","N","M","N","dead",,"adult","nonscrotal",,,,21,11,101,,14,"N","N","N",,,,"OAES.20220823.L3643.B","D00000185463","mandibular",,,,,,,,,"OAES.20220823.L3643.V","D00000185649","0000-0002-0878-4132","0000-0002-5328-740X",,,"bff6b6e4-b447-41b2-a90d-dd4650bec22a"
"8d6497da-3d3f-453a-b12f-8d9b952e6eab","3873056a-d752-4ce7-be47-f04274f12b4f","OAES_002.mammalGrid.mam","D11","OAES","OAES_002","A9","distributed","grasslandHerbaceous",35.419111,-99.050850,"WGS84",45.1,516.9,0.1,"6 - trap set and empty","ShermanXLK","2022-08-23","2022-08-23",,,,,,,,,,,,,,,,,,,,,,,,,,,,,,,,,,,,,,,,,,,,"0000-0000-0068-7943","0000-0002-5328-740X",,,"189c98e4-c1c4-4681-850a-016ca189101e"
"68836599-2f4c-4ec9-a10d-2fdf30cc7b27","84d06aef-31f0-4e51-8479-2ff441087aec","OAES_007.mammalGrid.mam","D11","OAES","OAES_007","E10","distributed","shrubScrub",35.419420,-99.055808,"WGS84",45.1,522.6,0.1,"5 - capture","ShermanXLK","2022-08-23","2022-08-23","NEON.MAM.D11.R3693",,"PELE","Peromyscus leucopus","species","cf. species",,,,"N","M","N","processed",,"adult","scrotal",,,,,,,,14,"N","N","N",,,,,,,,,,,,,,,,,"0000-0002-5328-740X","0000-0000-0068-7943",,,"338155ea-00f6-40f9-9af0-ec4c61a2590c"
"15acd653-c0ea-4b7e-917d-008570b0cf33","3873056a-d752-4ce7-be47-f04274f12b4f","OAES_002.mammalGrid.mam","D11","OAES","OAES_002","C1","distributed","grasslandHerbaceous",35.419111,-99.050850,"WGS84",45.1,516.9,0.1,"3 - trap door open or closed w/ spoor left","ShermanXLK","2022-08-23","2022-08-23",,,,,,,,,,,,,,,,,,,,,,,,,,,,,,,,,,,,,,,,,,,,"0000-0000-0068-7943","0000-0002-5328-740X",,,"27d44786-db2f-473a-ad33-65eb46bf3d8a"
"d07efc84-bce4-4811-953e-f41ce2ba254f","3873056a-d752-4ce7-be47-f04274f12b4f","OAES_002.mammalGrid.mam","D11","OAES","OAES_002","G8","distributed","grasslandHerbaceous",35.419111,-99.050850,"WGS84",45.1,516.9,0.1,"5 - capture","ShermanXLK","2022-08-23","2022-08-23","NEON.MAM.D11.R3670",,"SIHI","Sigmodon hispidus","species",,,,,"N","M","Y","processed",,"adult","nonscrotal",,,,28,18,110,,144,"N","N","N",,,,,,"unsuccessful","OAES.20220823.R3670.F","D00000185629","fresh",,,"OAES.20220823.R3670.H","D00000186188","hairAndWhisker",,,"0000-0000-0068-7943","0000-0002-5328-740X",,,"c18b7876-df29-40de-9042-6f4acbaf83c3"
"3c15f89c-5bbc-46db-92c5-a2f89d32c749","8371aa48-40a5-4d8e-a5dc-5ba728080544","OAES_003.mammalGrid.mam","D11","OAES","OAES_003","C9","distributed","grasslandHerbaceous",35.411667,-99.071306,"WGS84",45.1,506.6,0.1,"2 - trap disturbed/door closed but empty","ShermanXLK","2022-08-23","2022-08-23",,,,,,,,,,,,,,,,,,,,,,,,,,,,,,,,,,,,,,,,,,,,"0000-0002-4194-7642","0000-0002-0594-4276","Ants removed seeds from door",,"9e415dcd-83a9-4e78-944b-367743014759"
"f08bfac4-f797-4ff1-b110-7f960cf3b39e","3873056a-d752-4ce7-be47-f04274f12b4f","OAES_002.mammalGrid.mam","D11","OAES","OAES_002","A8","distributed","grasslandHerbaceous",35.419111,-99.050850,"WGS84",45.1,516.9,0.1,"6 - trap set and empty","ShermanXLK","2022-08-23","2022-08-23",,,,,,,,,,,,,,,,,,,,,,,,,,,,,,,,,,,,,,,,,,,,"0000-0000-0068-7943","0000-0002-5328-740X",,,"6da512b8-1df1-4ac3-9a94-bfa17ea70b4f"
"c59e0f71-f470-49e3-ba54-9dc2b4d89e51","8371aa48-40a5-4d8e-a5dc-5ba728080544","OAES_003.mammalGrid.mam","D11","OAES","OAES_003","H9","distributed","grasslandHerbaceous",35.411667,-99.071306,"WGS84",45.1,506.6,0.1,"6 - trap set and empty","ShermanXLK","2022-08-23","2022-08-23",,,,,,,,,,,,,,,,,,,,,,,,,,,,,,,,,,,,,,,,,,,,"0000-0002-4194-7642","0000-0002-0594-4276",,,"f50ed053-b27c-4abb-bb4d-7b72cbd019fa"
"90b51502-4110-4e40-af00-eaa76a3152c2","3873056a-d752-4ce7-be47-f04274f12b4f","OAES_002.mammalGrid.mam","D11","OAES","OAES_002","G9","distributed","grasslandHerbaceous",35.419111,-99.050850,"WGS84",45.1,516.9,0.1,"6 - trap set and empty","ShermanXLK","2022-08-23","2022-08-23",,,,,,,,,,,,,,,,,,,,,,,,,,,,,,,,,,,,,,,,,,,,"0000-0000-0068-7943","0000-0002-5328-740X",,,"1ff2dea2-8bac-490a-9f1b-c4b57751c06f"
"7e4a0f7e-64a9-4e1b-80dc-821ea849992f","84d06aef-31f0-4e51-8479-2ff441087aec","OAES_007.mammalGrid.mam","D11","OAES","OAES_007","C3","distributed","shrubScrub",35.419420,-99.055808,"WGS84",45.1,522.6,0.1,"5 - capture","ShermanXLK","2022-08-23","2022-08-23","NEON.MAM.D11.R3636",,"MIOC","Microtus ochrogaster","species","cf. species",,,,"N","F","N","processed",,"adult",,"nonenlarged","not","not plugged",19,,40,,40,"N","N","N",,,,,,,"OAES.20220823.R3636.F","D00000185650","fresh","OAES.20220823.R3636.E","D00000185632",,,,,,"0000-0002-5328-740X","0000-0000-0068-7943",,,"2b165ee3-0d67-48e6-a5f4-03ce40139560"
"9a275d76-66b8-4062-87b8-a1f17d3354c4","3873056a-d752-4ce7-be47-f04274f12b4f","OAES_002.mammalGrid.mam","D11","OAES","OAES_002","F7","distributed","grasslandHerbaceous",35.419111,-99.050850,"WGS84",45.1,516.9,0.1,"6 - trap set and empty","ShermanXLK","2022-08-23","2022-08-23",,,,,,,,,,,,,,,,,,,,,,,,,,,,,,,,,,,,,,,,,,,,"0000-0000-0068-7943","0000-0002-5328-740X",,,"38218baa-3cff-4761-8a6a-9d1d1fe6c7f6"
"a58bd0b3-92e1-4442-b439-6e2b9341ab4a","8371aa48-40a5-4d8e-a5dc-5ba728080544","OAES_003.mammalGrid.mam","D11","OAES","OAES_003","F10","distributed","grasslandHerbaceous",35.411667,-99.071306,"WGS84",45.1,506.6,0.1,"6 - trap set and empty","ShermanXLK","2022-08-23","2022-08-23",,,,,,,,,,,,,,,,,,,,,,,,,,,,,,,,,,,,,,,,,,,,"0000-0002-4194-7642","0000-0002-0594-4276",,,"b3f0a898-8a21-47ab-a9fa-b9cbfda83f3f"
"03446b7c-3722-4d58-b4d3-e3fc177ef223","bfc4c2eb-7348-4e6f-9dc4-b98658c54543","OAES_001.mammalGrid.mam","D11","OAES","OAES_001","F4","distributed","grasslandHerbaceous",35.413861,-99.058786,"WGS84",45.1,517.8,0.1,"2 - trap disturbed/door closed but empty","ShermanXLK","2022-08-23","2022-08-23",,,,,,,,,,,,,,,,,,,,,,,,,,,,,,,,,,,,,,,,,,,,"0000-0002-4194-7642","0000-0002-0594-4276",,,"15761c0e-20e0-4aa4-8d1c-c45a47ead374"
"c3955571-1ed8-4da8-9947-9aa86fae5bb3","3873056a-d752-4ce7-be47-f04274f12b4f","OAES_002.mammalGrid.mam","D11","OAES","OAES_002","E6","distributed","grasslandHerbaceous",35.419111,-99.050850,"WGS84",45.1,516.9,0.1,"6 - trap set and empty","ShermanXLK","2022-08-23","2022-08-23",,,,,,,,,,,,,,,,,,,,,,,,,,,,,,,,,,,,,,,,,,,,"0000-0000-0068-7943","0000-0002-5328-740X",,,"af400ba8-f3a2-4c16-87d4-5655546b5a35"
"46e8fdd0-4ef4-4c30-924d-899c12a81881","84d06aef-31f0-4e51-8479-2ff441087aec","OAES_007.mammalGrid.mam","D11","OAES","OAES_007","J6","distributed","shrubScrub",35.419420,-99.055808,"WGS84",45.1,522.6,0.1,"2 - trap disturbed/door closed but empty","ShermanXLK","2022-08-23","2022-08-23",,,,,,,,,,,,,,,,,,,,,,,,,,,,,,,,,,,,,,,,,,,,"0000-0002-5328-740X","0000-0000-0068-7943",,,"ba159baf-f287-4685-86f7-e676ac8d93ef"
"321040f3-56ab-467b-a6f3-b37243723157","8371aa48-40a5-4d8e-a5dc-5ba728080544","OAES_003.mammalGrid.mam","D11","OAES","OAES_003","J5","distributed","grasslandHerbaceous",35.411667,-99.071306,"WGS84",45.1,506.6,0.1,"6 - trap set and empty","ShermanXLK","2022-08-23","2022-08-23",,,,,,,,,,,,,,,,,,,,,,,,,,,,,,,,,,,,,,,,,,,,"0000-0002-4194-7642","0000-0002-0594-4276",,,"8f94f1eb-7965-4978-b04d-4e67e1eb97ba"
"9ee8f263-77bf-4954-bce9-5914e30ba699","bfc4c2eb-7348-4e6f-9dc4-b98658c54543","OAES_001.mammalGrid.mam","D11","OAES","OAES_001","D1","distributed","grasslandHerbaceous",35.413861,-99.058786,"WGS84",45.1,517.8,0.1,"2 - trap disturbed/door closed but empty","ShermanXLK","2022-08-23","2022-08-23",,,,,,,,,,,,,,,,,,,,,,,,,,,,,,,,,,,,,,,,,,,,"0000-0002-4194-7642","0000-0002-0594-4276",,,"ac0e28d1-ae6a-4598-b1f1-8f39a66a96c3"
"6b523a48-219c-45c2-8645-bc5f1c86ea7b","bfc4c2eb-7348-4e6f-9dc4-b98658c54543","OAES_001.mammalGrid.mam","D11","OAES","OAES_001","H7","distributed","grasslandHerbaceous",35.413861,-99.058786,"WGS84",45.1,517.8,0.1,"6 - trap set and empty","ShermanXLK","2022-08-23","2022-08-23",,,,,,,,,,,,,,,,,,,,,,,,,,,,,,,,,,,,,,,,,,,,"0000-0002-4194-7642","0000-0002-0594-4276",,,"31984086-883c-4632-af45-ec2bce73a3f9"
"725be0d7-0b33-4935-bd54-ae46f1f44c34","84d06aef-31f0-4e51-8479-2ff441087aec","OAES_007.mammalGrid.mam","D11","OAES","OAES_007","A8","distributed","shrubScrub",35.419420,-99.055808,"WGS84",45.1,522.6,0.1,"6 - trap set and empty","ShermanXLK","2022-08-23","2022-08-23",,,,,,,,,,,,,,,,,,,,,,,,,,,,,,,,,,,,,,,,,,,,"0000-0002-5328-740X","0000-0000-0068-7943",,,"93443766-83c8-4369-b1d8-11b6f3d94de1"
"9e012a1f-8846-44d0-a12c-c48f0d56815c","3873056a-d752-4ce7-be47-f04274f12b4f","OAES_002.mammalGrid.mam","D11","OAES","OAES_002","G7","distributed","grasslandHerbaceous",35.419111,-99.050850,"WGS84",45.1,516.9,0.1,"6 - trap set and empty","ShermanXLK","2022-08-23","2022-08-23",,,,,,,,,,,,,,,,,,,,,,,,,,,,,,,,,,,,,,,,,,,,"0000-0000-0068-7943","0000-0002-5328-740X",,,"420b0a9d-6cfb-4245-b033-bf0b22690a2a"
"e25ecee7-577a-42fd-b1c8-6758dd7f91d9","8371aa48-40a5-4d8e-a5dc-5ba728080544","OAES_003.mammalGrid.mam","D11","OAES","OAES_003","I7","distributed","grasslandHerbaceous",35.411667,-99.071306,"WGS84",45.1,506.6,0.1,"6 - trap set and empty","ShermanXLK","2022-08-23","2022-08-23",,,,,,,,,,,,,,,,,,,,,,,,,,,,,,,,,,,,,,,,,,,,"0000-0002-4194-7642","0000-0002-0594-4276",,,"76bb0f33-3e74-4d7a-8fac-3753b6cce884"
"7338d969-e179-40ea-a1c4-88e77c504dbb","8371aa48-40a5-4d8e-a5dc-5ba728080544","OAES_003.mammalGrid.mam","D11","OAES","OAES_003","E3","distributed","grasslandHerbaceous",35.411667,-99.071306,"WGS84",45.1,506.6,0.1,"6 - trap set and empty","ShermanXLK","2022-08-23","2022-08-23",,,,,,,,,,,,,,,,,,,,,,,,,,,,,,,,,,,,,,,,,,,,"0000-0002-4194-7642","0000-0002-0594-4276",,,"6c560c01-8b01-4151-a33d-055f5ac8cce6"
"a8d76c43-6452-4d90-a479-ce4745a1db6d","bfc4c2eb-7348-4e6f-9dc4-b98658c54543","OAES_001.mammalGrid.mam","D11","OAES","OAES_001","I4","distributed","grasslandHerbaceous",35.413861,-99.058786,"WGS84",45.1,517.8,0.1,"6 - trap set and empty","ShermanXLK","2022-08-23","2022-08-23",,,,,,,,,,,,,,,,,,,,,,,,,,,,,,,,,,,,,,,,,,,,"0000-0002-4194-7642","0000-0002-0594-4276",,,"e3f76047-b972-442e-a42b-f974b24efff5"
"16890f6b-0ddd-41d1-9587-4adb82625e4d","8371aa48-40a5-4d8e-a5dc-5ba728080544","OAES_003.mammalGrid.mam","D11","OAES","OAES_003","A4","distributed","grasslandHerbaceous",35.411667,-99.071306,"WGS84",45.1,506.6,0.1,"5 - capture","ShermanXLK","2022-08-23","2022-08-23","NEON.MAM.D11.R3955",,"PELE","Peromyscus leucopus","species",,"NEON.DOC.003137",,"taxonID confirmed","N","F","Y","processed",,"adult",,"nonenlarged","not","not plugged",22,15,78,153,20,"N","N","N",,,,"OAES.20220823.R3955.B","D00000185359","mandibular","OAES.20220823.R3955.F","D00000185896","fresh",,,,,,,,"0000-0002-4194-7642","0000-0002-0594-4276",,,"33c302e4-1df7-47e7-aee2-762d5fd5e17a"
"af927418-14f9-419e-a323-78c533b3a8a1","8371aa48-40a5-4d8e-a5dc-5ba728080544","OAES_003.mammalGrid.mam","D11","OAES","OAES_003","F2","distributed","grasslandHerbaceous",35.411667,-99.071306,"WGS84",45.1,506.6,0.1,"6 - trap set and empty","ShermanXLK","2022-08-23","2022-08-23",,,,,,,,,,,,,,,,,,,,,,,,,,,,,,,,,,,,,,,,,,,,"0000-0002-4194-7642","0000-0002-0594-4276",,,"bfc395a9-243b-423c-bc96-3694a93ec62a"
"88e470e0-fc5f-4292-b5e5-4903bf7a4c5c","84d06aef-31f0-4e51-8479-2ff441087aec","OAES_007.mammalGrid.mam","D11","OAES","OAES_007","J2","distributed","shrubScrub",35.419420,-99.055808,"WGS84",45.1,522.6,0.1,"2 - trap disturbed/door closed but empty","ShermanXLK","2022-08-23","2022-08-23",,,,,,,,,,,,,,,,,,,,,,,,,,,,,,,,,,,,,,,,,,,,"0000-0002-5328-740X","0000-0000-0068-7943",,,"203e49db-d8f5-454a-826b-9c92dcc889d8"
"fa73b298-5e52-4245-be3a-9532d2ac5165","84d06aef-31f0-4e51-8479-2ff441087aec","OAES_007.mammalGrid.mam","D11","OAES","OAES_007","D4","distributed","shrubScrub",35.419420,-99.055808,"WGS84",45.1,522.6,0.1,"6 - trap set and empty","ShermanXLK","2022-08-23","2022-08-23",,,,,,,,,,,,,,,,,,,,,,,,,,,,,,,,,,,,,,,,,,,,"0000-0002-5328-740X","0000-0000-0068-7943",,,"ee632447-ebf9-48d1-bb6f-5076a5d556eb"
"4b97a2aa-5f83-4028-9ae1-91502d71d65b","8371aa48-40a5-4d8e-a5dc-5ba728080544","OAES_003.mammalGrid.mam","D11","OAES","OAES_003","F5","distributed","grasslandHerbaceous",35.411667,-99.071306,"WGS84",45.1,506.6,0.1,"6 - trap set and empty","ShermanXLK","2022-08-23","2022-08-23",,,,,,,,,,,,,,,,,,,,,,,,,,,,,,,,,,,,,,,,,,,,"0000-0002-4194-7642","0000-0002-0594-4276",,,"a7f1aa0f-55fb-40ab-9989-348f3c9eb0c5"
"25954104-7199-4d1d-9095-88924aa6a49e","3873056a-d752-4ce7-be47-f04274f12b4f","OAES_002.mammalGrid.mam","D11","OAES","OAES_002","H8","distributed","grasslandHerbaceous",35.419111,-99.050850,"WGS84",45.1,516.9,0.1,"6 - trap set and empty","ShermanXLK","2022-08-23","2022-08-23",,,,,,,,,,,,,,,,,,,,,,,,,,,,,,,,,,,,,,,,,,,,"0000-0000-0068-7943","0000-0002-5328-740X",,,"8e1fcfa7-20da-4b98-b8b7-92e1014e00eb"
"5ec641b7-8411-4869-838e-8c1ca3b27080","3873056a-d752-4ce7-be47-f04274f12b4f","OAES_002.mammalGrid.mam","D11","OAES","OAES_002","F2","distributed","grasslandHerbaceous",35.419111,-99.050850,"WGS84",45.1,516.9,0.1,"5 - capture","ShermanXLK","2022-08-23","2022-08-23","NEON.MAM.D11.373618",,"PEFV","Perognathus flavescens","species","cf. species",,,,"N","F","N","processed",,"adult",,"nonenlarged","not","not plugged",15,,55,114,8,"N","N","N",,,,,,,"OAES.20220823.373618.F","D00000185631","fresh","OAES.20220823.373618.E","D00000185476","OAES.20220823.373618.H","D00000186187","whiskerOnly",,,"0000-0000-0068-7943","0000-0002-5328-740X",,,"ea7302e9-5917-4961-86fe-a9a35af11333"
"d61eb225-1f07-4e72-9cf2-3ab273734e83","3873056a-d752-4ce7-be47-f04274f12b4f","OAES_002.mammalGrid.mam","D11","OAES","OAES_002","D5","distributed","grasslandHerbaceous",35.419111,-99.050850,"WGS84",45.1,516.9,0.1,"6 - trap set and empty","ShermanXLK","2022-08-23","2022-08-23",,,,,,,,,,,,,,,,,,,,,,,,,,,,,,,,,,,,,,,,,,,,"0000-0000-0068-7943","0000-0002-5328-740X",,,"9feeda23-3ffd-4888-bfdc-05aae9d96a67"
"b187370f-3a7f-4917-b77d-faccde5632dd","bfc4c2eb-7348-4e6f-9dc4-b98658c54543","OAES_001.mammalGrid.mam","D11","OAES","OAES_001","F8","distributed","grasslandHerbaceous",35.413861,-99.058786,"WGS84",45.1,517.8,0.1,"2 - trap disturbed/door closed but empty","ShermanXLK","2022-08-23","2022-08-23",,,,,,,,,,,,,,,,,,,,,,,,,,,,,,,,,,,,,,,,,,,,"0000-0002-4194-7642","0000-0002-0594-4276",,,"098f7786-bfe5-407e-978f-85dc39f16dfa"
"cad19b70-aab3-4599-ae6c-8f76e0dbf829","84d06aef-31f0-4e51-8479-2ff441087aec","OAES_007.mammalGrid.mam","D11","OAES","OAES_007","I5","distributed","shrubScrub",35.419420,-99.055808,"WGS84",45.1,522.6,0.1,"6 - trap set and empty","ShermanXLK","2022-08-23","2022-08-23",,,,,,,,,,,,,,,,,,,,,,,,,,,,,,,,,,,,,,,,,,,,"0000-0002-5328-740X","0000-0000-0068-7943",,,"e48af215-b121-4df9-b042-f25f07a2883e"
"4a03426e-e1f3-4b71-9956-821d7d3c0ef8","3873056a-d752-4ce7-be47-f04274f12b4f","OAES_002.mammalGrid.mam","D11","OAES","OAES_002","H4","distributed","grasslandHerbaceous",35.419111,-99.050850,"WGS84",45.1,516.9,0.1,"6 - trap set and empty","ShermanXLK","2022-08-23","2022-08-23",,,,,,,,,,,,,,,,,,,,,,,,,,,,,,,,,,,,,,,,,,,,"0000-0000-0068-7943","0000-0002-5328-740X",,,"f3819dfb-fa22-4284-a110-ce27a949117c"
"307f9309-1c2b-4159-b71b-465b24874978","84d06aef-31f0-4e51-8479-2ff441087aec","OAES_007.mammalGrid.mam","D11","OAES","OAES_007","E2","distributed","shrubScrub",35.419420,-99.055808,"WGS84",45.1,522.6,0.1,"5 - capture","ShermanXLK","2022-08-23","2022-08-23","NEON.MAM.D11.373639",,"CHHI","Chaetodipus hispidus","species",,,,,"N","M","Y","processed",,"adult","scrotal",,,,22,,75,,36,"N","N","N",,,,,,,,,,,,,,,,,"0000-0002-5328-740X","0000-0000-0068-7943",,,"b8baa416-bd41-4968-84b4-21df5d664bfa"
"9e1ec974-4f20-447c-8283-3a31c2cffbe9","3873056a-d752-4ce7-be47-f04274f12b4f","OAES_002.mammalGrid.mam","D11","OAES","OAES_002","I2","distributed","grasslandHerbaceous",35.419111,-99.050850,"WGS84",45.1,516.9,0.1,"5 - capture","ShermanXLK","2022-08-23","2022-08-23","NEON.MAM.D11.R3717",,"SIHI","Sigmodon hispidus","species",,,,,"N","M","N","processed",,"subadult","nonscrotal",,,,,,,,,"N","N","N",,,,,,,,,,,,,,,,,"0000-0000-0068-7943","0000-0002-5328-740X",,,"50fd7e30-525f-45c2-9e55-c98359eb9d3a"
"9dc311d7-f3ff-4cf6-a629-026b63dfb2e1","3873056a-d752-4ce7-be47-f04274f12b4f","OAES_002.mammalGrid.mam","D11","OAES","OAES_002","D3","distributed","grasslandHerbaceous",35.419111,-99.050850,"WGS84",45.1,516.9,0.1,"6 - trap set and empty","ShermanXLK","2022-08-23","2022-08-23",,,,,,,,,,,,,,,,,,,,,,,,,,,,,,,,,,,,,,,,,,,,"0000-0000-0068-7943","0000-0002-5328-740X",,,"1b0c39b6-0780-4a2a-a4d7-4682e5dac030"
"f3246a87-4324-4ced-a0a8-2d5ad8434400","bfc4c2eb-7348-4e6f-9dc4-b98658c54543","OAES_001.mammalGrid.mam","D11","OAES","OAES_001","D4","distributed","grasslandHerbaceous",35.413861,-99.058786,"WGS84",45.1,517.8,0.1,"6 - trap set and empty","ShermanXLK","2022-08-23","2022-08-23",,,,,,,,,,,,,,,,,,,,,,,,,,,,,,,,,,,,,,,,,,,,"0000-0002-4194-7642","0000-0002-0594-4276",,,"ddb0b9df-f5cb-440f-8eab-4c056b319c0f"
"bf752bcd-c002-41e6-829d-3f8d55d25aec","8371aa48-40a5-4d8e-a5dc-5ba728080544","OAES_003.mammalGrid.mam","D11","OAES","OAES_003","J10","distributed","grasslandHerbaceous",35.411667,-99.071306,"WGS84",45.1,506.6,0.1,"6 - trap set and empty","ShermanXLK","2022-08-23","2022-08-23",,,,,,,,,,,,,,,,,,,,,,,,,,,,,,,,,,,,,,,,,,,,"0000-0002-4194-7642","0000-0002-0594-4276",,,"56fb6350-a4e4-42b0-92ae-185b3f1e988e"
"aa5a496c-27ea-4986-9b6b-e749e1a87626","3873056a-d752-4ce7-be47-f04274f12b4f","OAES_002.mammalGrid.mam","D11","OAES","OAES_002","B6","distributed","grasslandHerbaceous",35.419111,-99.050850,"WGS84",45.1,516.9,0.1,"6 - trap set and empty","ShermanXLK","2022-08-23","2022-08-23",,,,,,,,,,,,,,,,,,,,,,,,,,,,,,,,,,,,,,,,,,,,"0000-0000-0068-7943","0000-0002-5328-740X",,,"fc4efab8-b9fc-4d10-901c-5d1ce94c52bf"
"8dc56d29-d8a5-4a8a-8a3c-88d39386a618","3873056a-d752-4ce7-be47-f04274f12b4f","OAES_002.mammalGrid.mam","D11","OAES","OAES_002","I10","distributed","grasslandHerbaceous",35.419111,-99.050850,"WGS84",45.1,516.9,0.1,"6 - trap set and empty","ShermanXLK","2022-08-23","2022-08-23",,,,,,,,,,,,,,,,,,,,,,,,,,,,,,,,,,,,,,,,,,,,"0000-0000-0068-7943","0000-0002-5328-740X",,,"69d26f46-b769-4157-885f-760283b59152"
"9232fd76-2dcb-4d7c-aeca-15a29cbd82b8","3873056a-d752-4ce7-be47-f04274f12b4f","OAES_002.mammalGrid.mam","D11","OAES","OAES_002","C6","distributed","grasslandHerbaceous",35.419111,-99.050850,"WGS84",45.1,516.9,0.1,"5 - capture","ShermanXLK","2022-08-23","2022-08-23","NEON.MAM.D11.373559",,"PEFV","Perognathus flavescens","species","cf. species",,,,"N","F","N","processed",,"subadult",,"nonenlarged","not","not plugged",15,,51,,7,"N","N","N",,,,,,,,,,,,"OAES.20220823.373559.H","D00000021155","whiskerOnly",,,"0000-0000-0068-7943","0000-0002-5328-740X",,,"d0dcc533-66cc-4879-9dcc-cf3f2c3f92a2"
"830c622e-e277-4bfb-8167-232e1e47998b","84d06aef-31f0-4e51-8479-2ff441087aec","OAES_007.mammalGrid.mam","D11","OAES","OAES_007","F6","distributed","shrubScrub",35.419420,-99.055808,"WGS84",45.1,522.6,0.1,"6 - trap set and empty","ShermanXLK","2022-08-23","2022-08-23",,,,,,,,,,,,,,,,,,,,,,,,,,,,,,,,,,,,,,,,,,,,"0000-0002-5328-740X","0000-0000-0068-7943",,,"688e3354-344c-44c1-bdd1-04156cdd7312"
"a374ab4e-892c-4636-ab58-28afa8131591","84d06aef-31f0-4e51-8479-2ff441087aec","OAES_007.mammalGrid.mam","D11","OAES","OAES_007","A10","distributed","shrubScrub",35.419420,-99.055808,"WGS84",45.1,522.6,0.1,"6 - trap set and empty","ShermanXLK","2022-08-23","2022-08-23",,,,,,,,,,,,,,,,,,,,,,,,,,,,,,,,,,,,,,,,,,,,"0000-0002-5328-740X","0000-0000-0068-7943",,,"4e885970-0f99-430f-997c-bf139a5f841e"
"3f16497b-1186-4828-b19a-3047f4de0d7e","bfc4c2eb-7348-4e6f-9dc4-b98658c54543","OAES_001.mammalGrid.mam","D11","OAES","OAES_001","G1","distributed","grasslandHerbaceous",35.413861,-99.058786,"WGS84",45.1,517.8,0.1,"2 - trap disturbed/door closed but empty","ShermanXLK","2022-08-23","2022-08-23",,,,,,,,,,,,,,,,,,,,,,,,,,,,,,,,,,,,,,,,,,,,"0000-0002-4194-7642","0000-0002-0594-4276",,,"ff8ca285-ecfc-48a3-bdf5-02eafad8fcd4"
"ada1bb30-ec27-4104-aa31-53e43ce7dec4","84d06aef-31f0-4e51-8479-2ff441087aec","OAES_007.mammalGrid.mam","D11","OAES","OAES_007","H6","distributed","shrubScrub",35.419420,-99.055808,"WGS84",45.1,522.6,0.1,"6 - trap set and empty","ShermanXLK","2022-08-23","2022-08-23",,,,,,,,,,,,,,,,,,,,,,,,,,,,,,,,,,,,,,,,,,,,"0000-0002-5328-740X","0000-0000-0068-7943",,,"8b8201d4-01eb-49b0-b648-a925ba8fa776"
"37d7157e-c4cf-446b-8dc2-95757b937c60","84d06aef-31f0-4e51-8479-2ff441087aec","OAES_007.mammalGrid.mam","D11","OAES","OAES_007","F7","distributed","shrubScrub",35.419420,-99.055808,"WGS84",45.1,522.6,0.1,"6 - trap set and empty","ShermanXLK","2022-08-23","2022-08-23",,,,,,,,,,,,,,,,,,,,,,,,,,,,,,,,,,,,,,,,,,,,"0000-0002-5328-740X","0000-0000-0068-7943",,,"59d12f84-93b7-49ed-8a50-d36b2a711162"
"01838e0f-7896-49a4-a178-3b3bf8b6f322","3873056a-d752-4ce7-be47-f04274f12b4f","OAES_002.mammalGrid.mam","D11","OAES","OAES_002","B2","distributed","grasslandHerbaceous",35.419111,-99.050850,"WGS84",45.1,516.9,0.1,"5 - capture","ShermanXLK","2022-08-23","2022-08-23","NEON.MAM.D11.R3651",,"SIHI","Sigmodon hispidus","species",,,,,"N","M","Y","processed",,"adult","nonscrotal",,,,28,15,105,,128,"N","N","N",,,,"OAES.20220823.R3651.B","D00000185474","mandibular","OAES.20220823.R3651.F","D00000185646","fresh",,,"OAES.20220823.R3651.H","D00000186107","whiskerOnly",,,"0000-0000-0068-7943","0000-0002-5328-740X",,,"0af84bdd-7782-4c31-bae9-0ea84704b0ca"
"218c1b48-5724-4c5e-b2e1-4998776c2572","8371aa48-40a5-4d8e-a5dc-5ba728080544","OAES_003.mammalGrid.mam","D11","OAES","OAES_003","C1","distributed","grasslandHerbaceous",35.411667,-99.071306,"WGS84",45.1,506.6,0.1,"6 - trap set and empty","ShermanXLK","2022-08-23","2022-08-23",,,,,,,,,,,,,,,,,,,,,,,,,,,,,,,,,,,,,,,,,,,,"0000-0002-4194-7642","0000-0002-0594-4276",,,"b303249c-f9ab-4c00-aa95-ccd2e39917a5"
"5f1b782f-300e-4211-8c54-e3f930297006","84d06aef-31f0-4e51-8479-2ff441087aec","OAES_007.mammalGrid.mam","D11","OAES","OAES_007","J1","distributed","shrubScrub",35.419420,-99.055808,"WGS84",45.1,522.6,0.1,"2 - trap disturbed/door closed but empty","ShermanXLK","2022-08-23","2022-08-23",,,,,,,,,,,,,,,,,,,,,,,,,,,,,,,,,,,,,,,,,,,,"0000-0002-5328-740X","0000-0000-0068-7943",,,"68a42889-b26f-4475-b78f-7bc4e7fe5873"
"e356809f-8146-432b-82cf-600936a9d1dc","bfc4c2eb-7348-4e6f-9dc4-b98658c54543","OAES_001.mammalGrid.mam","D11","OAES","OAES_001","B7","distributed","grasslandHerbaceous",35.413861,-99.058786,"WGS84",45.1,517.8,0.1,"2 - trap disturbed/door closed but empty","ShermanXLK","2022-08-23","2022-08-23",,,,,,,,,,,,,,,,,,,,,,,,,,,,,,,,,,,,,,,,,,,,"0000-0002-4194-7642","0000-0002-0594-4276",,,"10fbde41-5fac-4204-bc71-eb59e368f785"
"ec3df16b-8288-4dc1-a4b6-c35bdd52ff2c","bfc4c2eb-7348-4e6f-9dc4-b98658c54543","OAES_001.mammalGrid.mam","D11","OAES","OAES_001","D8","distributed","grasslandHerbaceous",35.413861,-99.058786,"WGS84",45.1,517.8,0.1,"6 - trap set and empty","ShermanXLK","2022-08-23","2022-08-23",,,,,,,,,,,,,,,,,,,,,,,,,,,,,,,,,,,,,,,,,,,,"0000-0002-4194-7642","0000-0002-0594-4276",,,"56b44533-b26d-4604-b6c2-3e2b484d6717"
"8e3f0dc6-0b7a-43d6-82b0-6905166fd7ab","bfc4c2eb-7348-4e6f-9dc4-b98658c54543","OAES_001.mammalGrid.mam","D11","OAES","OAES_001","H4","distributed","grasslandHerbaceous",35.413861,-99.058786,"WGS84",45.1,517.8,0.1,"6 - trap set and empty","ShermanXLK","2022-08-23","2022-08-23",,,,,,,,,,,,,,,,,,,,,,,,,,,,,,,,,,,,,,,,,,,,"0000-0002-4194-7642","0000-0002-0594-4276",,,"6481e9bc-0c7e-4239-9a57-f2a66499ea3a"
"b95438ec-3c29-48bf-bdd5-720a42e87625","3873056a-d752-4ce7-be47-f04274f12b4f","OAES_002.mammalGrid.mam","D11","OAES","OAES_002","I7","distributed","grasslandHerbaceous",35.419111,-99.050850,"WGS84",45.1,516.9,0.1,"3 - trap door open or closed w/ spoor left","ShermanXLK","2022-08-23","2022-08-23",,,,,,,,,,,,,,,,,,,,,,,,,,,,,,,,,,,,,,,,,,,,"0000-0000-0068-7943","0000-0002-5328-740X",,,"8da92ddf-703b-479c-a4e7-ed8f181f4356"
"e5328738-b02a-49fd-bec3-8a4f5a61c3b0","3873056a-d752-4ce7-be47-f04274f12b4f","OAES_002.mammalGrid.mam","D11","OAES","OAES_002","J8","distributed","grasslandHerbaceous",35.419111,-99.050850,"WGS84",45.1,516.9,0.1,"6 - trap set and empty","ShermanXLK","2022-08-23","2022-08-23",,,,,,,,,,,,,,,,,,,,,,,,,,,,,,,,,,,,,,,,,,,,"0000-0000-0068-7943","0000-0002-5328-740X",,,"7f0830e2-d98b-4b31-bd94-33d482207a50"
"c083cb70-c62d-41f4-96cf-e121d303c0f8","84d06aef-31f0-4e51-8479-2ff441087aec","OAES_007.mammalGrid.mam","D11","OAES","OAES_007","J3","distributed","shrubScrub",35.419420,-99.055808,"WGS84",45.1,522.6,0.1,"6 - trap set and empty","ShermanXLK","2022-08-23","2022-08-23",,,,,,,,,,,,,,,,,,,,,,,,,,,,,,,,,,,,,,,,,,,,"0000-0002-5328-740X","0000-0000-0068-7943",,,"01d8a7c3-43b5-4034-8c27-215f8999b1df"
"11bc3fd1-4ab9-4b11-93db-10e3b806d85a","8371aa48-40a5-4d8e-a5dc-5ba728080544","OAES_003.mammalGrid.mam","D11","OAES","OAES_003","D8","distributed","grasslandHerbaceous",35.411667,-99.071306,"WGS84",45.1,506.6,0.1,"6 - trap set and empty","ShermanXLK","2022-08-23","2022-08-23",,,,,,,,,,,,,,,,,,,,,,,,,,,,,,,,,,,,,,,,,,,,"0000-0002-4194-7642","0000-0002-0594-4276",,,"26e32286-fe96-4094-b92b-7ce891e29b6c"
"e3d5e7c2-e2c7-44c8-b66a-7a8a2a2fde10","84d06aef-31f0-4e51-8479-2ff441087aec","OAES_007.mammalGrid.mam","D11","OAES","OAES_007","A3","distributed","shrubScrub",35.419420,-99.055808,"WGS84",45.1,522.6,0.1,"6 - trap set and empty","ShermanXLK","2022-08-23","2022-08-23",,,,,,,,,,,,,,,,,,,,,,,,,,,,,,,,,,,,,,,,,,,,"0000-0002-5328-740X","0000-0000-0068-7943",,,"958d8f8b-7109-4907-9f0a-4eb1baecbfce"
"5abd83f8-8890-4309-b039-37b0c325f9b6","8371aa48-40a5-4d8e-a5dc-5ba728080544","OAES_003.mammalGrid.mam","D11","OAES","OAES_003","J2","distributed","grasslandHerbaceous",35.411667,-99.071306,"WGS84",45.1,506.6,0.1,"6 - trap set and empty","ShermanXLK","2022-08-23","2022-08-23",,,,,,,,,,,,,,,,,,,,,,,,,,,,,,,,,,,,,,,,,,,,"0000-0002-4194-7642","0000-0002-0594-4276",,,"1c2d336a-b542-4604-be2f-e64959ebfb16"
"b2d880a5-b7cd-4c07-a84a-88d9d84994c7","8371aa48-40a5-4d8e-a5dc-5ba728080544","OAES_003.mammalGrid.mam","D11","OAES","OAES_003","C6","distributed","grasslandHerbaceous",35.411667,-99.071306,"WGS84",45.1,506.6,0.1,"6 - trap set and empty","ShermanXLK","2022-08-23","2022-08-23",,,,,,,,,,,,,,,,,,,,,,,,,,,,,,,,,,,,,,,,,,,,"0000-0002-4194-7642","0000-0002-0594-4276",,,"1f459776-927b-4c90-b648-71e16a599b3a"
"13ad284e-c102-466f-b547-bcee2db3c9b1","bfc4c2eb-7348-4e6f-9dc4-b98658c54543","OAES_001.mammalGrid.mam","D11","OAES","OAES_001","B2","distributed","grasslandHerbaceous",35.413861,-99.058786,"WGS84",45.1,517.8,0.1,"6 - trap set and empty","ShermanXLK","2022-08-23","2022-08-23",,,,,,,,,,,,,,,,,,,,,,,,,,,,,,,,,,,,,,,,,,,,"0000-0002-4194-7642","0000-0002-0594-4276",,,"19a831e0-de0d-4d72-ae73-59297cfcd47b"
"cf178522-7008-4635-95ef-52814dbaf4ee","8371aa48-40a5-4d8e-a5dc-5ba728080544","OAES_003.mammalGrid.mam","D11","OAES","OAES_003","I3","distributed","grasslandHerbaceous",35.411667,-99.071306,"WGS84",45.1,506.6,0.1,"6 - trap set and empty","ShermanXLK","2022-08-23","2022-08-23",,,,,,,,,,,,,,,,,,,,,,,,,,,,,,,,,,,,,,,,,,,,"0000-0002-4194-7642","0000-0002-0594-4276",,,"50565e25-0343-4465-999b-25d5a7ee5284"
"f8ca974c-c8ce-47f4-9c80-390e761427e2","84d06aef-31f0-4e51-8479-2ff441087aec","OAES_007.mammalGrid.mam","D11","OAES","OAES_007","I1","distributed","shrubScrub",35.419420,-99.055808,"WGS84",45.1,522.6,0.1,"6 - trap set and empty","ShermanXLK","2022-08-23","2022-08-23",,,,,,,,,,,,,,,,,,,,,,,,,,,,,,,,,,,,,,,,,,,,"0000-0002-5328-740X","0000-0000-0068-7943",,,"0ee03971-8807-46bc-a28c-c3d910d56eca"
"d4f6f1e4-5cc2-4720-adf1-6d3bb4cdc0bd","8371aa48-40a5-4d8e-a5dc-5ba728080544","OAES_003.mammalGrid.mam","D11","OAES","OAES_003","E6","distributed","grasslandHerbaceous",35.411667,-99.071306,"WGS84",45.1,506.6,0.1,"3 - trap door open or closed w/ spoor left","ShermanXLK","2022-08-23","2022-08-23",,,,,,,,,,,,,,,,,,,,,,,,,,,,,,,,,,,,,,,,,,,,"0000-0002-4194-7642","0000-0002-0594-4276","Ants removed seeds from door",,"764a2429-a59d-4f01-8a8f-0c0607725d07"
"084fa308-ce0e-4c3b-b298-fe5e5ff01905","8371aa48-40a5-4d8e-a5dc-5ba728080544","OAES_003.mammalGrid.mam","D11","OAES","OAES_003","E4","distributed","grasslandHerbaceous",35.411667,-99.071306,"WGS84",45.1,506.6,0.1,"6 - trap set and empty","ShermanXLK","2022-08-23","2022-08-23",,,,,,,,,,,,,,,,,,,,,,,,,,,,,,,,,,,,,,,,,,,,"0000-0002-4194-7642","0000-0002-0594-4276",,,"58ddc2f2-94eb-4913-8709-4d04a7c4f8a8"
"fd09b247-8903-496e-a915-1a68133c9383","3873056a-d752-4ce7-be47-f04274f12b4f","OAES_002.mammalGrid.mam","D11","OAES","OAES_002","E8","distributed","grasslandHerbaceous",35.419111,-99.050850,"WGS84",45.1,516.9,0.1,"6 - trap set and empty","ShermanXLK","2022-08-23","2022-08-23",,,,,,,,,,,,,,,,,,,,,,,,,,,,,,,,,,,,,,,,,,,,"0000-0000-0068-7943","0000-0002-5328-740X",,,"1081402d-7979-49d0-8448-4ba28086fe9d"
"4ce678f3-2512-4bbb-a8a5-e1cf21ec8430","3873056a-d752-4ce7-be47-f04274f12b4f","OAES_002.mammalGrid.mam","D11","OAES","OAES_002","F4","distributed","grasslandHerbaceous",35.419111,-99.050850,"WGS84",45.1,516.9,0.1,"6 - trap set and empty","ShermanXLK","2022-08-23","2022-08-23",,,,,,,,,,,,,,,,,,,,,,,,,,,,,,,,,,,,,,,,,,,,"0000-0000-0068-7943","0000-0002-5328-740X",,,"22fd0883-1cf2-491b-b38b-51de3927752e"
"f3451a96-223c-48d8-91c7-fb5d953d06f7","3873056a-d752-4ce7-be47-f04274f12b4f","OAES_002.mammalGrid.mam","D11","OAES","OAES_002","G4","distributed","grasslandHerbaceous",35.419111,-99.050850,"WGS84",45.1,516.9,0.1,"6 - trap set and empty","ShermanXLK","2022-08-23","2022-08-23",,,,,,,,,,,,,,,,,,,,,,,,,,,,,,,,,,,,,,,,,,,,"0000-0000-0068-7943","0000-0002-5328-740X",,,"7c2a7c2a-b39e-4b0f-8f3e-2809a4fb873a"
"c8544f60-228a-4393-a5ae-7c4157bb97ee","8371aa48-40a5-4d8e-a5dc-5ba728080544","OAES_003.mammalGrid.mam","D11","OAES","OAES_003","D6","distributed","grasslandHerbaceous",35.411667,-99.071306,"WGS84",45.1,506.6,0.1,"6 - trap set and empty","ShermanXLK","2022-08-23","2022-08-23",,,,,,,,,,,,,,,,,,,,,,,,,,,,,,,,,,,,,,,,,,,,"0000-0002-4194-7642","0000-0002-0594-4276",,,"aedf1149-7198-40e5-aa58-faef84e93e56"
"328128cf-ebf2-41e1-845a-dd880226e534","bfc4c2eb-7348-4e6f-9dc4-b98658c54543","OAES_001.mammalGrid.mam","D11","OAES","OAES_001","C7","distributed","grasslandHerbaceous",35.413861,-99.058786,"WGS84",45.1,517.8,0.1,"5 - capture","ShermanXLK","2022-08-23","2022-08-23","NEON.MAM.D11.373605",,"CHHI","Chaetodipus hispidus","species",,"NEON.DOC.003137",,,"N","F","Y","processed",,"adult",,"nonenlarged","not","not plugged",24,,,,31,"N","N","N",,,,,,,"OAES.20220823.373605.F","D00000185865","fresh",,,"OAES.20220823.373605.H","D00000186117","hairAndWhisker",,,"0000-0002-4194-7642","0000-0002-0594-4276",,,"3a351951-60f6-4344-ad21-b8b8133e3596"
"4218c82b-e29e-42b4-bef5-ab95d6e06ced","8371aa48-40a5-4d8e-a5dc-5ba728080544","OAES_003.mammalGrid.mam","D11","OAES","OAES_003","H7","distributed","grasslandHerbaceous",35.411667,-99.071306,"WGS84",45.1,506.6,0.1,"6 - trap set and empty","ShermanXLK","2022-08-23","2022-08-23",,,,,,,,,,,,,,,,,,,,,,,,,,,,,,,,,,,,,,,,,,,,"0000-0002-4194-7642","0000-0002-0594-4276",,,"6a68fa3a-5072-40ae-bde9-a41c4ea2b452"
"4df76e2c-f72c-48af-ba12-403fb4087227","84d06aef-31f0-4e51-8479-2ff441087aec","OAES_007.mammalGrid.mam","D11","OAES","OAES_007","E4","distributed","shrubScrub",35.419420,-99.055808,"WGS84",45.1,522.6,0.1,"2 - trap disturbed/door closed but empty","ShermanXLK","2022-08-23","2022-08-23",,,,,,,,,,,,,,,,,,,,,,,,,,,,,,,,,,,,,,,,,,,,"0000-0002-5328-740X","0000-0000-0068-7943",,,"125d9c93-62a5-4485-910b-479236587f8a"
"27d7ec98-5ece-4348-b008-731454c542c0","3873056a-d752-4ce7-be47-f04274f12b4f","OAES_002.mammalGrid.mam","D11","OAES","OAES_002","F9","distributed","grasslandHerbaceous",35.419111,-99.050850,"WGS84",45.1,516.9,0.1,"3 - trap door open or closed w/ spoor left","ShermanXLK","2022-08-23","2022-08-23",,,,,,,,,,,,,,,,,,,,,,,,,,,,,,,,,,,,,,,,,,,,"0000-0000-0068-7943","0000-0002-5328-740X",,,"64f21fc4-5a42-405c-a6bf-12011e49b931"
"3c8b11b7-549d-4573-b1df-5e45720d416c","84d06aef-31f0-4e51-8479-2ff441087aec","OAES_007.mammalGrid.mam","D11","OAES","OAES_007","B5","distributed","shrubScrub",35.419420,-99.055808,"WGS84",45.1,522.6,0.1,"6 - trap set and empty","ShermanXLK","2022-08-23","2022-08-23",,,,,,,,,,,,,,,,,,,,,,,,,,,,,,,,,,,,,,,,,,,,"0000-0002-5328-740X","0000-0000-0068-7943",,,"2e7d0e9a-6c2c-4fa9-98e2-28e8a5aab333"
"153189bb-b47c-448d-8903-bb535eb23af1","8371aa48-40a5-4d8e-a5dc-5ba728080544","OAES_003.mammalGrid.mam","D11","OAES","OAES_003","H8","distributed","grasslandHerbaceous",35.411667,-99.071306,"WGS84",45.1,506.6,0.1,"5 - capture","ShermanXLK","2022-08-23","2022-08-23","NEON.MAM.D11.373578",,"CHHI","Chaetodipus hispidus","species",,"NEON.DOC.003137",,,"N","F","N","processed",,"adult",,"nonenlarged","not","not plugged",,,,,43,"N","N","N",,,,,,,,,,"OAES.20220823.373578.E","D00000185906",,,,,,"0000-0002-4194-7642","0000-0002-0594-4276",,,"d9d4d9f3-b574-42c7-a989-95f563e7fe03"
"660ddf77-88f0-46c2-a718-c4fea04cb8e9","bfc4c2eb-7348-4e6f-9dc4-b98658c54543","OAES_001.mammalGrid.mam","D11","OAES","OAES_001","G6","distributed","grasslandHerbaceous",35.413861,-99.058786,"WGS84",45.1,517.8,0.1,"6 - trap set and empty","ShermanXLK","2022-08-23","2022-08-23",,,,,,,,,,,,,,,,,,,,,,,,,,,,,,,,,,,,,,,,,,,,"0000-0002-4194-7642","0000-0002-0594-4276",,,"4246974e-819a-4b0e-9689-a46858f6df84"
"f756dc07-a36d-422b-914c-5b864a1e2c23","3873056a-d752-4ce7-be47-f04274f12b4f","OAES_002.mammalGrid.mam","D11","OAES","OAES_002","B10","distributed","grasslandHerbaceous",35.419111,-99.050850,"WGS84",45.1,516.9,0.1,"6 - trap set and empty","ShermanXLK","2022-08-23","2022-08-23",,,,,,,,,,,,,,,,,,,,,,,,,,,,,,,,,,,,,,,,,,,,"0000-0000-0068-7943","0000-0002-5328-740X",,,"cd46ef85-00e1-41c1-a268-41e85e54c615"
"24497d27-7c70-4bbb-803f-7c1626a07030","84d06aef-31f0-4e51-8479-2ff441087aec","OAES_007.mammalGrid.mam","D11","OAES","OAES_007","E1","distributed","shrubScrub",35.419420,-99.055808,"WGS84",45.1,522.6,0.1,"5 - capture","ShermanXLK","2022-08-23","2022-08-23","NEON.MAM.D11.R2959",,"PELE","Peromyscus leucopus","species","cf. species",,,,"N","M","N","processed",,"adult","scrotal",,,,21,10,93,,14,"N","N","N",,,,,,,,,,,,,,,,,"0000-0002-5328-740X","0000-0000-0068-7943",,,"f986212e-543b-4a80-bb34-1ac1a5b680ba"
"49def192-9e3c-438b-afce-800d4a890523","8371aa48-40a5-4d8e-a5dc-5ba728080544","OAES_003.mammalGrid.mam","D11","OAES","OAES_003","G5","distributed","grasslandHerbaceous",35.411667,-99.071306,"WGS84",45.1,506.6,0.1,"6 - trap set and empty","ShermanXLK","2022-08-23","2022-08-23",,,,,,,,,,,,,,,,,,,,,,,,,,,,,,,,,,,,,,,,,,,,"0000-0002-4194-7642","0000-0002-0594-4276",,,"41be41e5-d394-46db-b7be-6ec4930e2a7f"
"773e1378-8439-46af-940c-346cd31d9ee9","3873056a-d752-4ce7-be47-f04274f12b4f","OAES_002.mammalGrid.mam","D11","OAES","OAES_002","J2","distributed","grasslandHerbaceous",35.419111,-99.050850,"WGS84",45.1,516.9,0.1,"3 - trap door open or closed w/ spoor left","ShermanXLK","2022-08-23","2022-08-23",,,,,,,,,,,,,,,,,,,,,,,,,,,,,,,,,,,,,,,,,,,,"0000-0000-0068-7943","0000-0002-5328-740X",,,"c9c5413c-436e-4aef-a665-79b18b5727c4"
"91055a1b-c33d-4fff-953c-b2068c6eaf7e","3873056a-d752-4ce7-be47-f04274f12b4f","OAES_002.mammalGrid.mam","D11","OAES","OAES_002","G10","distributed","grasslandHerbaceous",35.419111,-99.050850,"WGS84",45.1,516.9,0.1,"6 - trap set and empty","ShermanXLK","2022-08-23","2022-08-23",,,,,,,,,,,,,,,,,,,,,,,,,,,,,,,,,,,,,,,,,,,,"0000-0000-0068-7943","0000-0002-5328-740X",,,"166f3306-23b8-4a75-803d-0274bedec382"
"de28f0bb-d392-4b59-a41b-9959edcf5e98","84d06aef-31f0-4e51-8479-2ff441087aec","OAES_007.mammalGrid.mam","D11","OAES","OAES_007","I3","distributed","shrubScrub",35.419420,-99.055808,"WGS84",45.1,522.6,0.1,"5 - capture","ShermanXLK","2022-08-23","2022-08-23","NEON.MAM.D11.R3680",,"SIHI","Sigmodon hispidus","species",,,,,"N","M","N","processed",,"adult","scrotal",,,,,,,,129,"N","N","N",,,,,,,,,,,,,,,,,"0000-0002-5328-740X","0000-0000-0068-7943",,,"bbdae939-2525-43a0-8a0d-44c0585b9f9d"
"66daf3db-df85-4bb8-a4fa-a7868c52198d","3873056a-d752-4ce7-be47-f04274f12b4f","OAES_002.mammalGrid.mam","D11","OAES","OAES_002","I1","distributed","grasslandHerbaceous",35.419111,-99.050850,"WGS84",45.1,516.9,0.1,"6 - trap set and empty","ShermanXLK","2022-08-23","2022-08-23",,,,,,,,,,,,,,,,,,,,,,,,,,,,,,,,,,,,,,,,,,,,"0000-0000-0068-7943","0000-0002-5328-740X",,,"bd376830-e96b-48a5-8d20-4032ee504a24"
"1266ddbb-7b13-440f-b3f6-a411e78370fa","bfc4c2eb-7348-4e6f-9dc4-b98658c54543","OAES_001.mammalGrid.mam","D11","OAES","OAES_001","H10","distributed","grasslandHerbaceous",35.413861,-99.058786,"WGS84",45.1,517.8,0.1,"6 - trap set and empty","ShermanXLK","2022-08-23","2022-08-23",,,,,,,,,,,,,,,,,,,,,,,,,,,,,,,,,,,,,,,,,,,,"0000-0002-4194-7642","0000-0002-0594-4276",,,"26229aea-2dc6-4d2b-a078-88eb7edf4014"
"462f4200-f4b2-4aa9-8171-4c815f8dbc51","8371aa48-40a5-4d8e-a5dc-5ba728080544","OAES_003.mammalGrid.mam","D11","OAES","OAES_003","G8","distributed","grasslandHerbaceous",35.411667,-99.071306,"WGS84",45.1,506.6,0.1,"5 - capture","ShermanXLK","2022-08-23","2022-08-23","NEON.MAM.D11.R3753",,"PELE","Peromyscus leucopus","species",,"NEON.DOC.003137",,"taxonID confirmed","N","M","N","processed",,"adult","nonscrotal",,,,22,16,80,165,25,"N","N","N",,,,"OAES.20220823.R3753.B","D00000185383","mandibular","OAES.20220823.R3753.F","D00000185882","fresh","OAES.20220823.R3753.E","D00000185897","OAES.20220823.R3753.H","D00000186174","hairAndWhisker",,,"0000-0002-4194-7642","0000-0002-0594-4276",,,"fdd636d1-09af-4394-92cb-45b592406da7"
"6d8474ae-4d94-47d4-ab8d-6d6dfffe2cb1","bfc4c2eb-7348-4e6f-9dc4-b98658c54543","OAES_001.mammalGrid.mam","D11","OAES","OAES_001","H3","distributed","grasslandHerbaceous",35.413861,-99.058786,"WGS84",45.1,517.8,0.1,"2 - trap disturbed/door closed but empty","ShermanXLK","2022-08-23","2022-08-23",,,,,,,,,,,,,,,,,,,,,,,,,,,,,,,,,,,,,,,,,,,,"0000-0002-4194-7642","0000-0002-0594-4276",,,"5d7a206c-dc4f-4080-ab30-7a441354b489"
"a8686e43-6cd9-4dae-969c-b6e82be66df2","bfc4c2eb-7348-4e6f-9dc4-b98658c54543","OAES_001.mammalGrid.mam","D11","OAES","OAES_001","E3","distributed","grasslandHerbaceous",35.413861,-99.058786,"WGS84",45.1,517.8,0.1,"6 - trap set and empty","ShermanXLK","2022-08-23","2022-08-23",,,,,,,,,,,,,,,,,,,,,,,,,,,,,,,,,,,,,,,,,,,,"0000-0002-4194-7642","0000-0002-0594-4276",,,"ea17327a-c805-454d-afae-b04eaf35a18f"
"b092d099-6704-4e79-b28c-d64d5e0e7a60","8371aa48-40a5-4d8e-a5dc-5ba728080544","OAES_003.mammalGrid.mam","D11","OAES","OAES_003","J9","distributed","grasslandHerbaceous",35.411667,-99.071306,"WGS84",45.1,506.6,0.1,"6 - trap set and empty","ShermanXLK","2022-08-23","2022-08-23",,,,,,,,,,,,,,,,,,,,,,,,,,,,,,,,,,,,,,,,,,,,"0000-0002-4194-7642","0000-0002-0594-4276",,,"6f663304-086b-4869-9513-66c617cf161f"
"85e2c014-3e16-4f08-9e68-b65882bb9f4a","84d06aef-31f0-4e51-8479-2ff441087aec","OAES_007.mammalGrid.mam","D11","OAES","OAES_007","H2","distributed","shrubScrub",35.419420,-99.055808,"WGS84",45.1,522.6,0.1,"6 - trap set and empty","ShermanXLK","2022-08-23","2022-08-23",,,,,,,,,,,,,,,,,,,,,,,,,,,,,,,,,,,,,,,,,,,,"0000-0002-5328-740X","0000-0000-0068-7943",,,"c664788a-dafc-4112-8fd1-6e9a7f246006"
"d145c5f0-59a3-4cbc-bc98-f74fc01f8e08","3873056a-d752-4ce7-be47-f04274f12b4f","OAES_002.mammalGrid.mam","D11","OAES","OAES_002","E2","distributed","grasslandHerbaceous",35.419111,-99.050850,"WGS84",45.1,516.9,0.1,"3 - trap door open or closed w/ spoor left","ShermanXLK","2022-08-23","2022-08-23",,,,,,,,,,,,,,,,,,,,,,,,,,,,,,,,,,,,,,,,,,,,"0000-0000-0068-7943","0000-0002-5328-740X",,,"e3da6aaf-d838-418d-a7f0-6f4d00ec8f69"
"fa8d0df2-d5c0-45b0-b0f0-73bdf30beb51","3873056a-d752-4ce7-be47-f04274f12b4f","OAES_002.mammalGrid.mam","D11","OAES","OAES_002","E1","distributed","grasslandHerbaceous",35.419111,-99.050850,"WGS84",45.1,516.9,0.1,"6 - trap set and empty","ShermanXLK","2022-08-23","2022-08-23",,,,,,,,,,,,,,,,,,,,,,,,,,,,,,,,,,,,,,,,,,,,"0000-0000-0068-7943","0000-0002-5328-740X",,,"038b7ceb-767a-4635-9e15-80d8408a0b44"
"7c04f3b6-7e9b-4041-83ef-66170f511b20","84d06aef-31f0-4e51-8479-2ff441087aec","OAES_007.mammalGrid.mam","D11","OAES","OAES_007","F2","distributed","shrubScrub",35.419420,-99.055808,"WGS84",45.1,522.6,0.1,"6 - trap set and empty","ShermanXLK","2022-08-23","2022-08-23",,,,,,,,,,,,,,,,,,,,,,,,,,,,,,,,,,,,,,,,,,,,"0000-0002-5328-740X","0000-0000-0068-7943",,,"562b8620-92f0-4a72-bdcc-94019fa30e6f"
"3efe71c2-bd83-402c-b0f7-3eaf9da6df46","3873056a-d752-4ce7-be47-f04274f12b4f","OAES_002.mammalGrid.mam","D11","OAES","OAES_002","A1","distributed","grasslandHerbaceous",35.419111,-99.050850,"WGS84",45.1,516.9,0.1,"6 - trap set and empty","ShermanXLK","2022-08-23","2022-08-23",,,,,,,,,,,,,,,,,,,,,,,,,,,,,,,,,,,,,,,,,,,,"0000-0000-0068-7943","0000-0002-5328-740X",,,"ab1d5deb-2e48-4739-badf-d5eedbcbc0b7"
"979d6ed9-0420-4891-806b-710bd2f94b2f","3873056a-d752-4ce7-be47-f04274f12b4f","OAES_002.mammalGrid.mam","D11","OAES","OAES_002","B9","distributed","grasslandHerbaceous",35.419111,-99.050850,"WGS84",45.1,516.9,0.1,"6 - trap set and empty","ShermanXLK","2022-08-23","2022-08-23",,,,,,,,,,,,,,,,,,,,,,,,,,,,,,,,,,,,,,,,,,,,"0000-0000-0068-7943","0000-0002-5328-740X",,,"b922df5a-577a-46ca-9bdf-9f8cf383b29e"
"417ebdfb-3dc4-4efe-ad26-6ea7ecd68a57","8371aa48-40a5-4d8e-a5dc-5ba728080544","OAES_003.mammalGrid.mam","D11","OAES","OAES_003","J8","distributed","grasslandHerbaceous",35.411667,-99.071306,"WGS84",45.1,506.6,0.1,"6 - trap set and empty","ShermanXLK","2022-08-23","2022-08-23",,,,,,,,,,,,,,,,,,,,,,,,,,,,,,,,,,,,,,,,,,,,"0000-0002-4194-7642","0000-0002-0594-4276",,,"7d4ead77-ce02-44dc-a4a6-e70b5c52b2ca"
"42862188-84bd-4cfd-8fad-5a4992712741","bfc4c2eb-7348-4e6f-9dc4-b98658c54543","OAES_001.mammalGrid.mam","D11","OAES","OAES_001","G2","distributed","grasslandHerbaceous",35.413861,-99.058786,"WGS84",45.1,517.8,0.1,"6 - trap set and empty","ShermanXLK","2022-08-23","2022-08-23",,,,,,,,,,,,,,,,,,,,,,,,,,,,,,,,,,,,,,,,,,,,"0000-0002-4194-7642","0000-0002-0594-4276",,,"032a2f77-0c4c-4b9b-8e04-b7e620e251c5"
"575c4b51-c291-49c4-bd03-3433374fe072","8371aa48-40a5-4d8e-a5dc-5ba728080544","OAES_003.mammalGrid.mam","D11","OAES","OAES_003","I9","distributed","grasslandHerbaceous",35.411667,-99.071306,"WGS84",45.1,506.6,0.1,"2 - trap disturbed/door closed but empty","ShermanXLK","2022-08-23","2022-08-23",,,,,,,,,,,,,,,,,,,,,,,,,,,,,,,,,,,,,,,,,,,,"0000-0002-4194-7642","0000-0002-0594-4276",,,"84db6f7c-2037-4550-a334-3cb4ec8ef4f4"
"2cb4e1cc-0f6a-4739-ba86-5561b83edfd2","3873056a-d752-4ce7-be47-f04274f12b4f","OAES_002.mammalGrid.mam","D11","OAES","OAES_002","A4","distributed","grasslandHerbaceous",35.419111,-99.050850,"WGS84",45.1,516.9,0.1,"3 - trap door open or closed w/ spoor left","ShermanXLK","2022-08-23","2022-08-23",,,,,,,,,,,,,,,,,,,,,,,,,,,,,,,,,,,,,,,,,,,,"0000-0000-0068-7943","0000-0002-5328-740X",,,"a2bdaff5-53bb-4edc-b9f0-772d325eaf5b"
"3a2f8809-ee67-4de7-b52e-c19f4301ffb6","bfc4c2eb-7348-4e6f-9dc4-b98658c54543","OAES_001.mammalGrid.mam","D11","OAES","OAES_001","E6","distributed","grasslandHerbaceous",35.413861,-99.058786,"WGS84",45.1,517.8,0.1,"6 - trap set and empty","ShermanXLK","2022-08-23","2022-08-23",,,,,,,,,,,,,,,,,,,,,,,,,,,,,,,,,,,,,,,,,,,,"0000-0002-4194-7642","0000-0002-0594-4276",,,"40004da8-22a0-4261-9bb4-23f7b8c57de2"
"ff594578-56bd-446e-90c1-205e26005966","bfc4c2eb-7348-4e6f-9dc4-b98658c54543","OAES_001.mammalGrid.mam","D11","OAES","OAES_001","D2","distributed","grasslandHerbaceous",35.413861,-99.058786,"WGS84",45.1,517.8,0.1,"2 - trap disturbed/door closed but empty","ShermanXLK","2022-08-23","2022-08-23",,,,,,,,,,,,,,,,,,,,,,,,,,,,,,,,,,,,,,,,,,,,"0000-0002-4194-7642","0000-0002-0594-4276",,,"21829506-83d0-4618-8b6b-f31acb0862d5"
"0f711869-a735-490c-b4a5-c319acf4037e","bfc4c2eb-7348-4e6f-9dc4-b98658c54543","OAES_001.mammalGrid.mam","D11","OAES","OAES_001","I3","distributed","grasslandHerbaceous",35.413861,-99.058786,"WGS84",45.1,517.8,0.1,"6 - trap set and empty","ShermanXLK","2022-08-23","2022-08-23",,,,,,,,,,,,,,,,,,,,,,,,,,,,,,,,,,,,,,,,,,,,"0000-0002-4194-7642","0000-0002-0594-4276",,,"95a78194-3071-4589-8e00-54c4c7444f5c"
"83a93803-7e7f-4373-8406-a17f924b88c8","bfc4c2eb-7348-4e6f-9dc4-b98658c54543","OAES_001.mammalGrid.mam","D11","OAES","OAES_001","I8","distributed","grasslandHerbaceous",35.413861,-99.058786,"WGS84",45.1,517.8,0.1,"6 - trap set and empty","ShermanXLK","2022-08-23","2022-08-23",,,,,,,,,,,,,,,,,,,,,,,,,,,,,,,,,,,,,,,,,,,,"0000-0002-4194-7642","0000-0002-0594-4276",,,"e987565a-378d-4e97-9557-fd69a93282b0"
"48dd752f-91f1-431a-99b5-29802c569b8e","bfc4c2eb-7348-4e6f-9dc4-b98658c54543","OAES_001.mammalGrid.mam","D11","OAES","OAES_001","B6","distributed","grasslandHerbaceous",35.413861,-99.058786,"WGS84",45.1,517.8,0.1,"6 - trap set and empty","ShermanXLK","2022-08-23","2022-08-23",,,,,,,,,,,,,,,,,,,,,,,,,,,,,,,,,,,,,,,,,,,,"0000-0002-4194-7642","0000-0002-0594-4276",,,"16a37ccb-95d5-4859-9f35-815b229ee44f"
"51d30d65-59d7-4a52-9952-cfa9a196eeac","84d06aef-31f0-4e51-8479-2ff441087aec","OAES_007.mammalGrid.mam","D11","OAES","OAES_007","D2","distributed","shrubScrub",35.419420,-99.055808,"WGS84",45.1,522.6,0.1,"2 - trap disturbed/door closed but empty","ShermanXLK","2022-08-23","2022-08-23",,,,,,,,,,,,,,,,,,,,,,,,,,,,,,,,,,,,,,,,,,,,"0000-0002-5328-740X","0000-0000-0068-7943",,,"97f502d2-74a5-4aae-95f8-8367c87305bb"
"90f910aa-c991-4bc1-850e-abb962de096c","3873056a-d752-4ce7-be47-f04274f12b4f","OAES_002.mammalGrid.mam","D11","OAES","OAES_002","C10","distributed","grasslandHerbaceous",35.419111,-99.050850,"WGS84",45.1,516.9,0.1,"6 - trap set and empty","ShermanXLK","2022-08-23","2022-08-23",,,,,,,,,,,,,,,,,,,,,,,,,,,,,,,,,,,,,,,,,,,,"0000-0000-0068-7943","0000-0002-5328-740X",,,"1bafc29f-3c4c-475a-8090-9a1730ca1226"
"ab6b26bc-73fd-4926-96b1-60075d2cdcc8","3873056a-d752-4ce7-be47-f04274f12b4f","OAES_002.mammalGrid.mam","D11","OAES","OAES_002","D4","distributed","grasslandHerbaceous",35.419111,-99.050850,"WGS84",45.1,516.9,0.1,"6 - trap set and empty","ShermanXLK","2022-08-23","2022-08-23",,,,,,,,,,,,,,,,,,,,,,,,,,,,,,,,,,,,,,,,,,,,"0000-0000-0068-7943","0000-0002-5328-740X",,,"72fd1082-f810-441c-bfa6-cdf1943bc538"
"8b016bff-bb5b-405d-b259-dc5b8d1fa417","bfc4c2eb-7348-4e6f-9dc4-b98658c54543","OAES_001.mammalGrid.mam","D11","OAES","OAES_001","A7","distributed","grasslandHerbaceous",35.413861,-99.058786,"WGS84",45.1,517.8,0.1,"2 - trap disturbed/door closed but empty","ShermanXLK","2022-08-23","2022-08-23",,,,,,,,,,,,,,,,,,,,,,,,,,,,,,,,,,,,,,,,,,,,"0000-0002-4194-7642","0000-0002-0594-4276",,,"c2496891-40ea-43c2-b4a9-a9e063df90b6"
"eba4a107-d638-456f-a3ca-4d1578ab033d","84d06aef-31f0-4e51-8479-2ff441087aec","OAES_007.mammalGrid.mam","D11","OAES","OAES_007","H3","distributed","shrubScrub",35.419420,-99.055808,"WGS84",45.1,522.6,0.1,"6 - trap set and empty","ShermanXLK","2022-08-23","2022-08-23",,,,,,,,,,,,,,,,,,,,,,,,,,,,,,,,,,,,,,,,,,,,"0000-0002-5328-740X","0000-0000-0068-7943",,,"6224103c-5fe6-4a75-bdf5-49147a18ece9"
"3fdbbc52-f73b-4573-a277-28a4ad26f5c8","84d06aef-31f0-4e51-8479-2ff441087aec","OAES_007.mammalGrid.mam","D11","OAES","OAES_007","F1","distributed","shrubScrub",35.419420,-99.055808,"WGS84",45.1,522.6,0.1,"6 - trap set and empty","ShermanXLK","2022-08-23","2022-08-23",,,,,,,,,,,,,,,,,,,,,,,,,,,,,,,,,,,,,,,,,,,,"0000-0002-5328-740X","0000-0000-0068-7943",,,"1f9e03ad-88f7-4cd9-9b62-0e4b0bfda6f2"
"204909f0-6f6f-41de-86c4-f0f49779b120","bfc4c2eb-7348-4e6f-9dc4-b98658c54543","OAES_001.mammalGrid.mam","D11","OAES","OAES_001","C6","distributed","grasslandHerbaceous",35.413861,-99.058786,"WGS84",45.1,517.8,0.1,"2 - trap disturbed/door closed but empty","ShermanXLK","2022-08-23","2022-08-23",,,,,,,,,,,,,,,,,,,,,,,,,,,,,,,,,,,,,,,,,,,,"0000-0002-4194-7642","0000-0002-0594-4276",,,"196fa055-5d00-4ef6-892b-9353bee0d3fc"
"a8394af3-1d8f-46f9-a605-6bf972095235","3873056a-d752-4ce7-be47-f04274f12b4f","OAES_002.mammalGrid.mam","D11","OAES","OAES_002","A3","distributed","grasslandHerbaceous",35.419111,-99.050850,"WGS84",45.1,516.9,0.1,"5 - capture","ShermanXLK","2022-08-23","2022-08-23","NEON.MAM.D11.373561",,"PEFL","Perognathus flavus","species","cf. species",,,,"N","M","N","processed",,"adult","nonscrotal",,,,15,,53,107,7,"N","N","N",,,,,,,,,,"OAES.20220823.373561.E","D00000185642","OAES.20220823.373561.H","D00000186070","whiskerOnly",,,"0000-0000-0068-7943","0000-0002-5328-740X",,,"a409c305-4979-44c1-91b1-7daa909e4735"
"b16e010a-8f8d-489d-9dbd-9cbeec116cbd","3873056a-d752-4ce7-be47-f04274f12b4f","OAES_002.mammalGrid.mam","D11","OAES","OAES_002","D2","distributed","grasslandHerbaceous",35.419111,-99.050850,"WGS84",45.1,516.9,0.1,"5 - capture","ShermanXLK","2022-08-23","2022-08-23","NEON.MAM.D11.L3698",,"PEMA","Peromyscus maniculatus","species",,,,"taxonID confirmed","N","M","N","processed",,"adult","nonscrotal",,,,12,11,52,138,16,"N","N","N",,,,"OAES.20220823.L3698.B","D00000185494","mandibular - QNS","OAES.20220823.L3698.F","D00000185652","fresh","OAES.20220823.L3698.E","D00000185627","OAES.20220823.L3698.H","D00000021153","hairAndWhisker",,,"0000-0000-0068-7943","0000-0002-5328-740X",,,"72745868-67d4-49e1-bbb0-228e1e23b0cd"
"c3ca10fd-007a-4165-b7c8-5df609b4c95c","3873056a-d752-4ce7-be47-f04274f12b4f","OAES_002.mammalGrid.mam","D11","OAES","OAES_002","C2","distributed","grasslandHerbaceous",35.419111,-99.050850,"WGS84",45.1,516.9,0.1,"6 - trap set and empty","ShermanXLK","2022-08-23","2022-08-23",,,,,,,,,,,,,,,,,,,,,,,,,,,,,,,,,,,,,,,,,,,,"0000-0000-0068-7943","0000-0002-5328-740X",,,"08e28efc-db39-4140-83a1-d16b320a145b"
"a6c4fe55-c17f-4395-b0c5-54d1bbe0d90c","8371aa48-40a5-4d8e-a5dc-5ba728080544","OAES_003.mammalGrid.mam","D11","OAES","OAES_003","B5","distributed","grasslandHerbaceous",35.411667,-99.071306,"WGS84",45.1,506.6,0.1,"2 - trap disturbed/door closed but empty","ShermanXLK","2022-08-23","2022-08-23",,,,,,,,,,,,,,,,,,,,,,,,,,,,,,,,,,,,,,,,,,,,"0000-0002-4194-7642","0000-0002-0594-4276","Ants removed seeds from door",,"39eb7ab5-1106-4bf2-be96-8e9a4d90288f"
"fceda894-b968-4bb2-98ac-7a5c4bccfec4","8371aa48-40a5-4d8e-a5dc-5ba728080544","OAES_003.mammalGrid.mam","D11","OAES","OAES_003","I6","distributed","grasslandHerbaceous",35.411667,-99.071306,"WGS84",45.1,506.6,0.1,"6 - trap set and empty","ShermanXLK","2022-08-23","2022-08-23",,,,,,,,,,,,,,,,,,,,,,,,,,,,,,,,,,,,,,,,,,,,"0000-0002-4194-7642","0000-0002-0594-4276",,,"5eafeed5-9119-4951-aa68-2bbf4fe9c8a4"
"0f36503b-36a3-4057-bc48-da36e2fb5de2","84d06aef-31f0-4e51-8479-2ff441087aec","OAES_007.mammalGrid.mam","D11","OAES","OAES_007","F8","distributed","shrubScrub",35.419420,-99.055808,"WGS84",45.1,522.6,0.1,"6 - trap set and empty","ShermanXLK","2022-08-23","2022-08-23",,,,,,,,,,,,,,,,,,,,,,,,,,,,,,,,,,,,,,,,,,,,"0000-0002-5328-740X","0000-0000-0068-7943",,,"81dfe717-7a5e-4b93-9b5b-1483e5e66722"
"992ea885-bbba-4a2d-9edb-2f8f30e76929","3873056a-d752-4ce7-be47-f04274f12b4f","OAES_002.mammalGrid.mam","D11","OAES","OAES_002","D7","distributed","grasslandHerbaceous",35.419111,-99.050850,"WGS84",45.1,516.9,0.1,"6 - trap set and empty","ShermanXLK","2022-08-23","2022-08-23",,,,,,,,,,,,,,,,,,,,,,,,,,,,,,,,,,,,,,,,,,,,"0000-0000-0068-7943","0000-0002-5328-740X",,,"a673a9a6-0476-4f9f-a3e0-33266750bacd"
"05531323-6948-4509-9cfa-760987eb33b2","3873056a-d752-4ce7-be47-f04274f12b4f","OAES_002.mammalGrid.mam","D11","OAES","OAES_002","E3","distributed","grasslandHerbaceous",35.419111,-99.050850,"WGS84",45.1,516.9,0.1,"6 - trap set and empty","ShermanXLK","2022-08-23","2022-08-23",,,,,,,,,,,,,,,,,,,,,,,,,,,,,,,,,,,,,,,,,,,,"0000-0000-0068-7943","0000-0002-5328-740X",,,"fbc01510-7ab6-4a9c-a638-8b4e925366d0"
"225f0a65-f805-4f05-a0ea-60333fa8d7a6","8371aa48-40a5-4d8e-a5dc-5ba728080544","OAES_003.mammalGrid.mam","D11","OAES","OAES_003","G7","distributed","grasslandHerbaceous",35.411667,-99.071306,"WGS84",45.1,506.6,0.1,"6 - trap set and empty","ShermanXLK","2022-08-23","2022-08-23",,,,,,,,,,,,,,,,,,,,,,,,,,,,,,,,,,,,,,,,,,,,"0000-0002-4194-7642","0000-0002-0594-4276",,,"f0be9325-97dc-4f64-a6e7-1230f6452ec4"
"3bbef38d-e3df-4f2a-b409-cf4f0a3d549d","84d06aef-31f0-4e51-8479-2ff441087aec","OAES_007.mammalGrid.mam","D11","OAES","OAES_007","D9","distributed","shrubScrub",35.419420,-99.055808,"WGS84",45.1,522.6,0.1,"6 - trap set and empty","ShermanXLK","2022-08-23","2022-08-23",,,,,,,,,,,,,,,,,,,,,,,,,,,,,,,,,,,,,,,,,,,,"0000-0002-5328-740X","0000-0000-0068-7943",,,"3150cc92-1069-49c3-aa19-43ebafcd5e0f"
"e1be73df-0945-45f8-bb7b-e0f1cdb97b4f","84d06aef-31f0-4e51-8479-2ff441087aec","OAES_007.mammalGrid.mam","D11","OAES","OAES_007","G6","distributed","shrubScrub",35.419420,-99.055808,"WGS84",45.1,522.6,0.1,"6 - trap set and empty","ShermanXLK","2022-08-23","2022-08-23",,,,,,,,,,,,,,,,,,,,,,,,,,,,,,,,,,,,,,,,,,,,"0000-0002-5328-740X","0000-0000-0068-7943",,,"03cb7954-17bb-45c5-9f4f-abb7331f1bde"
"5d32d21e-bcab-4eff-b0fb-56ed62466e59","84d06aef-31f0-4e51-8479-2ff441087aec","OAES_007.mammalGrid.mam","D11","OAES","OAES_007","H1","distributed","shrubScrub",35.419420,-99.055808,"WGS84",45.1,522.6,0.1,"6 - trap set and empty","ShermanXLK","2022-08-23","2022-08-23",,,,,,,,,,,,,,,,,,,,,,,,,,,,,,,,,,,,,,,,,,,,"0000-0002-5328-740X","0000-0000-0068-7943",,,"1eeba496-d37e-469e-bf4d-908cd5e48bb8"
"f5e80984-e520-4795-8e40-ea29d245091d","8371aa48-40a5-4d8e-a5dc-5ba728080544","OAES_003.mammalGrid.mam","D11","OAES","OAES_003","I4","distributed","grasslandHerbaceous",35.411667,-99.071306,"WGS84",45.1,506.6,0.1,"6 - trap set and empty","ShermanXLK","2022-08-23","2022-08-23",,,,,,,,,,,,,,,,,,,,,,,,,,,,,,,,,,,,,,,,,,,,"0000-0002-4194-7642","0000-0002-0594-4276",,,"ed9f8c37-f437-4df0-9c0f-c7276ffe1a9f"
"daf3fe95-a329-4270-b385-eb0f04078ef7","bfc4c2eb-7348-4e6f-9dc4-b98658c54543","OAES_001.mammalGrid.mam","D11","OAES","OAES_001","D5","distributed","grasslandHerbaceous",35.413861,-99.058786,"WGS84",45.1,517.8,0.1,"6 - trap set and empty","ShermanXLK","2022-08-23","2022-08-23",,,,,,,,,,,,,,,,,,,,,,,,,,,,,,,,,,,,,,,,,,,,"0000-0002-4194-7642","0000-0002-0594-4276",,,"dafebd49-db84-4b59-b8a5-971fa491066b"
"dc2d5afb-2554-4d5c-81e7-ee857fe38bf2","bfc4c2eb-7348-4e6f-9dc4-b98658c54543","OAES_001.mammalGrid.mam","D11","OAES","OAES_001","A2","distributed","grasslandHerbaceous",35.413861,-99.058786,"WGS84",45.1,517.8,0.1,"5 - capture","ShermanXLK","2022-08-23","2022-08-23","NEON.MAM.D11.R3625",,"PEMA","Peromyscus maniculatus","species",,"NEON.DOC.003137",,"taxonID confirmed","N","F","Y","processed",,"adult",,"nonenlarged","not","not plugged",19,,64,134,14,"N","N","N",,,,"OAES.20220823.R3625.B","D00000185392","mandibular - QNS","OAES.20220823.R3625.F","D00000185907","fresh",,,"OAES.20220823.R3625.H","D00000186119","hairAndWhisker",,,"0000-0002-4194-7642","0000-0002-0594-4276",,,"1f2ea2af-e4dc-4b6b-bd3e-2a9a17836cf5"
"2039ead8-18a9-40ec-892a-3a33914c1fdf","8371aa48-40a5-4d8e-a5dc-5ba728080544","OAES_003.mammalGrid.mam","D11","OAES","OAES_003","A8","distributed","grasslandHerbaceous",35.411667,-99.071306,"WGS84",45.1,506.6,0.1,"6 - trap set and empty","ShermanXLK","2022-08-23","2022-08-23",,,,,,,,,,,,,,,,,,,,,,,,,,,,,,,,,,,,,,,,,,,,"0000-0002-4194-7642","0000-0002-0594-4276",,,"be88ec9e-5811-45ed-a33c-1a1f3ae1aaeb"
"d836754a-609b-47c8-8213-73f9ce3b404e","3873056a-d752-4ce7-be47-f04274f12b4f","OAES_002.mammalGrid.mam","D11","OAES","OAES_002","C3","distributed","grasslandHerbaceous",35.419111,-99.050850,"WGS84",45.1,516.9,0.1,"6 - trap set and empty","ShermanXLK","2022-08-23","2022-08-23",,,,,,,,,,,,,,,,,,,,,,,,,,,,,,,,,,,,,,,,,,,,"0000-0000-0068-7943","0000-0002-5328-740X",,,"52e1ad44-1639-465f-a2b0-dc8a8e6506d3"
"8bbe9d2d-4c0a-4075-a711-a683eb4418c9","84d06aef-31f0-4e51-8479-2ff441087aec","OAES_007.mammalGrid.mam","D11","OAES","OAES_007","G7","distributed","shrubScrub",35.419420,-99.055808,"WGS84",45.1,522.6,0.1,"6 - trap set and empty","ShermanXLK","2022-08-23","2022-08-23",,,,,,,,,,,,,,,,,,,,,,,,,,,,,,,,,,,,,,,,,,,,"0000-0002-5328-740X","0000-0000-0068-7943",,,"465808df-1197-45de-bf72-17ef8b3d4f7c"
"9dbf3b9a-4eb9-4740-8767-af99f121c62e","84d06aef-31f0-4e51-8479-2ff441087aec","OAES_007.mammalGrid.mam","D11","OAES","OAES_007","H4","distributed","shrubScrub",35.419420,-99.055808,"WGS84",45.1,522.6,0.1,"6 - trap set and empty","ShermanXLK","2022-08-23","2022-08-23",,,,,,,,,,,,,,,,,,,,,,,,,,,,,,,,,,,,,,,,,,,,"0000-0002-5328-740X","0000-0000-0068-7943",,,"2585abd7-a8ac-4068-ab72-561b1a6faf72"
"017898b8-a075-45c5-961d-70a09478846c","3873056a-d752-4ce7-be47-f04274f12b4f","OAES_002.mammalGrid.mam","D11","OAES","OAES_002","A2","distributed","grasslandHerbaceous",35.419111,-99.050850,"WGS84",45.1,516.9,0.1,"6 - trap set and empty","ShermanXLK","2022-08-23","2022-08-23",,,,,,,,,,,,,,,,,,,,,,,,,,,,,,,,,,,,,,,,,,,,"0000-0000-0068-7943","0000-0002-5328-740X",,,"0ca24430-a310-4fe1-b2ba-20e4ce5ed4e9"
"fdf5ca30-a3f7-41aa-a1b9-b7ce9b53223b","bfc4c2eb-7348-4e6f-9dc4-b98658c54543","OAES_001.mammalGrid.mam","D11","OAES","OAES_001","D7","distributed","grasslandHerbaceous",35.413861,-99.058786,"WGS84",45.1,517.8,0.1,"6 - trap set and empty","ShermanXLK","2022-08-23","2022-08-23",,,,,,,,,,,,,,,,,,,,,,,,,,,,,,,,,,,,,,,,,,,,"0000-0002-4194-7642","0000-0002-0594-4276",,,"9f86b3e2-5771-4427-affc-0e859856921e"
"7b760994-e835-42a6-ad30-c79d9acf7314","bfc4c2eb-7348-4e6f-9dc4-b98658c54543","OAES_001.mammalGrid.mam","D11","OAES","OAES_001","A10","distributed","grasslandHerbaceous",35.413861,-99.058786,"WGS84",45.1,517.8,0.1,"2 - trap disturbed/door closed but empty","ShermanXLK","2022-08-23","2022-08-23",,,,,,,,,,,,,,,,,,,,,,,,,,,,,,,,,,,,,,,,,,,,"0000-0002-4194-7642","0000-0002-0594-4276",,,"ca79eca0-5f48-48fa-bf49-8eaf2425cdf9"
"c83d58f9-a653-4680-8871-9a64bf467eec","8371aa48-40a5-4d8e-a5dc-5ba728080544","OAES_003.mammalGrid.mam","D11","OAES","OAES_003","I10","distributed","grasslandHerbaceous",35.411667,-99.071306,"WGS84",45.1,506.6,0.1,"5 - capture","ShermanXLK","2022-08-23","2022-08-23","NEON.MAM.D11.373542",,"CHHI","Chaetodipus hispidus","species",,"NEON.DOC.003137",,,"N","F","N","processed",,"adult",,"enlarged","not","not plugged",24,,,,40,"N","N","N",,,,,,,"OAES.20220823.373542.F","D00000185900","fresh","OAES.20220823.373542.E","D00000185891","OAES.20220823.373542.H","D00000186176","hairAndWhisker",,,"0000-0002-4194-7642","0000-0002-0594-4276",,,"b2df76bb-51b1-4a68-a2c9-4afe4b43b85f"
"981ddcab-145f-4904-b2b7-b089675a43f7","84d06aef-31f0-4e51-8479-2ff441087aec","OAES_007.mammalGrid.mam","D11","OAES","OAES_007","H10","distributed","shrubScrub",35.419420,-99.055808,"WGS84",45.1,522.6,0.1,"6 - trap set and empty","ShermanXLK","2022-08-23","2022-08-23",,,,,,,,,,,,,,,,,,,,,,,,,,,,,,,,,,,,,,,,,,,,"0000-0002-5328-740X","0000-0000-0068-7943",,,"9f73cd76-b07a-48b5-97c7-2eb3d1b14b2f"
"fb43d82a-1d3e-4405-bf4f-25f738717266","bfc4c2eb-7348-4e6f-9dc4-b98658c54543","OAES_001.mammalGrid.mam","D11","OAES","OAES_001","J5","distributed","grasslandHerbaceous",35.413861,-99.058786,"WGS84",45.1,517.8,0.1,"6 - trap set and empty","ShermanXLK","2022-08-23","2022-08-23",,,,,,,,,,,,,,,,,,,,,,,,,,,,,,,,,,,,,,,,,,,,"0000-0002-4194-7642","0000-0002-0594-4276",,,"fed17ea6-e1a9-45bb-8b7a-302e67302c61"
"1b5ff61c-7808-4831-ba0f-dff078bdcfd0","3873056a-d752-4ce7-be47-f04274f12b4f","OAES_002.mammalGrid.mam","D11","OAES","OAES_002","H6","distributed","grasslandHerbaceous",35.419111,-99.050850,"WGS84",45.1,516.9,0.1,"6 - trap set and empty","ShermanXLK","2022-08-23","2022-08-23",,,,,,,,,,,,,,,,,,,,,,,,,,,,,,,,,,,,,,,,,,,,"0000-0000-0068-7943","0000-0002-5328-740X",,,"7021b522-b298-432c-a437-aa0be0b924d4"
"9de4131f-9ef6-4f1a-bdc3-ce5f8c22855f","3873056a-d752-4ce7-be47-f04274f12b4f","OAES_002.mammalGrid.mam","D11","OAES","OAES_002","G3","distributed","grasslandHerbaceous",35.419111,-99.050850,"WGS84",45.1,516.9,0.1,"6 - trap set and empty","ShermanXLK","2022-08-23","2022-08-23",,,,,,,,,,,,,,,,,,,,,,,,,,,,,,,,,,,,,,,,,,,,"0000-0000-0068-7943","0000-0002-5328-740X",,,"742dc5a5-83f1-485f-b934-37520907f058"
"3617f622-1f32-46c3-bfd0-fbc08e1a0e8f","bfc4c2eb-7348-4e6f-9dc4-b98658c54543","OAES_001.mammalGrid.mam","D11","OAES","OAES_001","F6","distributed","grasslandHerbaceous",35.413861,-99.058786,"WGS84",45.1,517.8,0.1,"6 - trap set and empty","ShermanXLK","2022-08-23","2022-08-23",,,,,,,,,,,,,,,,,,,,,,,,,,,,,,,,,,,,,,,,,,,,"0000-0002-4194-7642","0000-0002-0594-4276",,,"226da39b-eea1-4b1f-ac24-81d03646f618"
"99be52b5-5026-4fce-bb46-800480c3602a","bfc4c2eb-7348-4e6f-9dc4-b98658c54543","OAES_001.mammalGrid.mam","D11","OAES","OAES_001","A9","distributed","grasslandHerbaceous",35.413861,-99.058786,"WGS84",45.1,517.8,0.1,"5 - capture","ShermanXLK","2022-08-23","2022-08-23","NEON.MAM.D11.373695",,"CHHI","Chaetodipus hispidus","species",,"NEON.DOC.003137",,,"N","F","N","processed",,"adult",,"nonenlarged","not","not plugged",24,,,,25,"N","N","N",,,,,,,"OAES.20220823.373695.F","D00000185867","fresh","OAES.20220823.373695.E","D00000185864","OAES.20220823.373695.H","D00000186118","hairOnly",,,"0000-0002-4194-7642","0000-0002-0594-4276",,,"bf3d4cf2-1998-4333-980d-d628ef5410ca"
"3d7a4326-1161-4f8c-b0d6-303a8c44271b","bfc4c2eb-7348-4e6f-9dc4-b98658c54543","OAES_001.mammalGrid.mam","D11","OAES","OAES_001","J2","distributed","grasslandHerbaceous",35.413861,-99.058786,"WGS84",45.1,517.8,0.1,"6 - trap set and empty","ShermanXLK","2022-08-23","2022-08-23",,,,,,,,,,,,,,,,,,,,,,,,,,,,,,,,,,,,,,,,,,,,"0000-0002-4194-7642","0000-0002-0594-4276",,,"da593294-0ad7-45dc-9c97-ae28831810e4"
"e8f7d86e-7965-4db8-98bc-bdf81b7fde1a","bfc4c2eb-7348-4e6f-9dc4-b98658c54543","OAES_001.mammalGrid.mam","D11","OAES","OAES_001","F3","distributed","grasslandHerbaceous",35.413861,-99.058786,"WGS84",45.1,517.8,0.1,"2 - trap disturbed/door closed but empty","ShermanXLK","2022-08-23","2022-08-23",,,,,,,,,,,,,,,,,,,,,,,,,,,,,,,,,,,,,,,,,,,,"0000-0002-4194-7642","0000-0002-0594-4276",,,"7213d6e1-8f96-4789-b540-041ba92f1ddb"
"29ff4ec2-0d97-4441-977f-94d77280a704","84d06aef-31f0-4e51-8479-2ff441087aec","OAES_007.mammalGrid.mam","D11","OAES","OAES_007","F9","distributed","shrubScrub",35.419420,-99.055808,"WGS84",45.1,522.6,0.1,"6 - trap set and empty","ShermanXLK","2022-08-23","2022-08-23",,,,,,,,,,,,,,,,,,,,,,,,,,,,,,,,,,,,,,,,,,,,"0000-0002-5328-740X","0000-0000-0068-7943",,,"e4b7be1d-ef1d-4046-ba95-9721dcde07f4"
"a2eaf823-736d-40ae-8a5e-b249b2fbd174","3873056a-d752-4ce7-be47-f04274f12b4f","OAES_002.mammalGrid.mam","D11","OAES","OAES_002","H5","distributed","grasslandHerbaceous",35.419111,-99.050850,"WGS84",45.1,516.9,0.1,"6 - trap set and empty","ShermanXLK","2022-08-23","2022-08-23",,,,,,,,,,,,,,,,,,,,,,,,,,,,,,,,,,,,,,,,,,,,"0000-0000-0068-7943","0000-0002-5328-740X",,,"e4ce2701-486c-4fd7-91b5-c5c4951f6ab5"
"eabaeba8-dfb3-4f3d-a3e1-9122e12b0e88","3873056a-d752-4ce7-be47-f04274f12b4f","OAES_002.mammalGrid.mam","D11","OAES","OAES_002","C5","distributed","grasslandHerbaceous",35.419111,-99.050850,"WGS84",45.1,516.9,0.1,"6 - trap set and empty","ShermanXLK","2022-08-23","2022-08-23",,,,,,,,,,,,,,,,,,,,,,,,,,,,,,,,,,,,,,,,,,,,"0000-0000-0068-7943","0000-0002-5328-740X",,,"718fd583-e7dc-4f9a-8c17-22a8e2f48c8b"
"51c76b32-7708-449f-ac42-800aad5d2ce1","8371aa48-40a5-4d8e-a5dc-5ba728080544","OAES_003.mammalGrid.mam","D11","OAES","OAES_003","I2","distributed","grasslandHerbaceous",35.411667,-99.071306,"WGS84",45.1,506.6,0.1,"6 - trap set and empty","ShermanXLK","2022-08-23","2022-08-23",,,,,,,,,,,,,,,,,,,,,,,,,,,,,,,,,,,,,,,,,,,,"0000-0002-4194-7642","0000-0002-0594-4276",,,"670ccd35-240d-4ebd-b96f-73d950dbb62e"
"2496eb91-8676-4305-9dc5-0e1c34b9307b","bfc4c2eb-7348-4e6f-9dc4-b98658c54543","OAES_001.mammalGrid.mam","D11","OAES","OAES_001","J9","distributed","grasslandHerbaceous",35.413861,-99.058786,"WGS84",45.1,517.8,0.1,"6 - trap set and empty","ShermanXLK","2022-08-23","2022-08-23",,,,,,,,,,,,,,,,,,,,,,,,,,,,,,,,,,,,,,,,,,,,"0000-0002-4194-7642","0000-0002-0594-4276",,,"0fae51ae-2c20-410d-8632-0397a2d4d31b"
"d844efce-7033-4f36-94dd-6598920ab619","3873056a-d752-4ce7-be47-f04274f12b4f","OAES_002.mammalGrid.mam","D11","OAES","OAES_002","J4","distributed","grasslandHerbaceous",35.419111,-99.050850,"WGS84",45.1,516.9,0.1,"6 - trap set and empty","ShermanXLK","2022-08-23","2022-08-23",,,,,,,,,,,,,,,,,,,,,,,,,,,,,,,,,,,,,,,,,,,,"0000-0000-0068-7943","0000-0002-5328-740X",,,"d9fa22bd-401c-4e4e-979e-91327cc8bd32"
"3921cec5-286e-4622-9597-a08d23a5d0ad","bfc4c2eb-7348-4e6f-9dc4-b98658c54543","OAES_001.mammalGrid.mam","D11","OAES","OAES_001","B4","distributed","grasslandHerbaceous",35.413861,-99.058786,"WGS84",45.1,517.8,0.1,"6 - trap set and empty","ShermanXLK","2022-08-23","2022-08-23",,,,,,,,,,,,,,,,,,,,,,,,,,,,,,,,,,,,,,,,,,,,"0000-0002-4194-7642","0000-0002-0594-4276",,,"23921bd8-862c-4287-82b7-24ddb4e65381"
"5271ab59-cc6d-43d0-8aa6-c346cdb448ea","bfc4c2eb-7348-4e6f-9dc4-b98658c54543","OAES_001.mammalGrid.mam","D11","OAES","OAES_001","B8","distributed","grasslandHerbaceous",35.413861,-99.058786,"WGS84",45.1,517.8,0.1,"2 - trap disturbed/door closed but empty","ShermanXLK","2022-08-23","2022-08-23",,,,,,,,,,,,,,,,,,,,,,,,,,,,,,,,,,,,,,,,,,,,"0000-0002-4194-7642","0000-0002-0594-4276",,,"11be12e3-7bf6-43a5-93af-84f6e559c394"
"1bf4e7a1-6a60-409f-a2ec-ca346fb9f9a0","8371aa48-40a5-4d8e-a5dc-5ba728080544","OAES_003.mammalGrid.mam","D11","OAES","OAES_003","F9","distributed","grasslandHerbaceous",35.411667,-99.071306,"WGS84",45.1,506.6,0.1,"6 - trap set and empty","ShermanXLK","2022-08-23","2022-08-23",,,,,,,,,,,,,,,,,,,,,,,,,,,,,,,,,,,,,,,,,,,,"0000-0002-4194-7642","0000-0002-0594-4276",,,"773b8841-2103-4076-b8e7-2d39ad04665a"
"f08317cb-fb4c-44a1-b801-7ca48be477fc","8371aa48-40a5-4d8e-a5dc-5ba728080544","OAES_003.mammalGrid.mam","D11","OAES","OAES_003","C4","distributed","grasslandHerbaceous",35.411667,-99.071306,"WGS84",45.1,506.6,0.1,"3 - trap door open or closed w/ spoor left","ShermanXLK","2022-08-23","2022-08-23",,,,,,,,,,,,,,,,,,,,,,,,,,,,,,,,,,,,,,,,,,,,"0000-0002-4194-7642","0000-0002-0594-4276",,,"b9c11330-30fc-4bc3-ac5b-cc501b976e81"
"c26410d7-33fd-4086-b7eb-85173c9f7a35","8371aa48-40a5-4d8e-a5dc-5ba728080544","OAES_003.mammalGrid.mam","D11","OAES","OAES_003","B6","distributed","grasslandHerbaceous",35.411667,-99.071306,"WGS84",45.1,506.6,0.1,"3 - trap door open or closed w/ spoor left","ShermanXLK","2022-08-23","2022-08-23",,,,,,,,,,,,,,,,,,,,,,,,,,,,,,,,,,,,,,,,,,,,"0000-0002-4194-7642","0000-0002-0594-4276",,,"ef04a2b6-e4bd-48e0-bf9a-19d6a8f5d07e"
"1f617fb6-c490-46fc-9bcf-aba26bbafbc0","8371aa48-40a5-4d8e-a5dc-5ba728080544","OAES_003.mammalGrid.mam","D11","OAES","OAES_003","F1","distributed","grasslandHerbaceous",35.411667,-99.071306,"WGS84",45.1,506.6,0.1,"6 - trap set and empty","ShermanXLK","2022-08-23","2022-08-23",,,,,,,,,,,,,,,,,,,,,,,,,,,,,,,,,,,,,,,,,,,,"0000-0002-4194-7642","0000-0002-0594-4276",,,"6d3eb432-7a15-4ea1-8988-4d18ef99d0e1"
"a91fedc2-69d5-496d-b952-4a4435710088","8371aa48-40a5-4d8e-a5dc-5ba728080544","OAES_003.mammalGrid.mam","D11","OAES","OAES_003","F7","distributed","grasslandHerbaceous",35.411667,-99.071306,"WGS84",45.1,506.6,0.1,"6 - trap set and empty","ShermanXLK","2022-08-23","2022-08-23",,,,,,,,,,,,,,,,,,,,,,,,,,,,,,,,,,,,,,,,,,,,"0000-0002-4194-7642","0000-0002-0594-4276",,,"6e25e57c-57b4-464b-8bb8-8711d7180777"
"4261745d-50fa-4fde-838a-74c922d827d3","bfc4c2eb-7348-4e6f-9dc4-b98658c54543","OAES_001.mammalGrid.mam","D11","OAES","OAES_001","C3","distributed","grasslandHerbaceous",35.413861,-99.058786,"WGS84",45.1,517.8,0.1,"6 - trap set and empty","ShermanXLK","2022-08-23","2022-08-23",,,,,,,,,,,,,,,,,,,,,,,,,,,,,,,,,,,,,,,,,,,,"0000-0002-4194-7642","0000-0002-0594-4276",,,"caf0b52f-5316-4efd-949a-27eee2b9e12e"
"e5a6af7f-fdb1-4a86-9eb3-6c38ece706e1","8371aa48-40a5-4d8e-a5dc-5ba728080544","OAES_003.mammalGrid.mam","D11","OAES","OAES_003","B9","distributed","grasslandHerbaceous",35.411667,-99.071306,"WGS84",45.1,506.6,0.1,"3 - trap door open or closed w/ spoor left","ShermanXLK","2022-08-23","2022-08-23",,,,,,,,,,,,,,,,,,,,,,,,,,,,,,,,,,,,,,,,,,,,"0000-0002-4194-7642","0000-0002-0594-4276",,,"1e49c97c-8eb9-4917-9e76-2e7249d20822"
"9820232d-7c2f-4b17-83ad-8c002aee1221","bfc4c2eb-7348-4e6f-9dc4-b98658c54543","OAES_001.mammalGrid.mam","D11","OAES","OAES_001","H9","distributed","grasslandHerbaceous",35.413861,-99.058786,"WGS84",45.1,517.8,0.1,"6 - trap set and empty","ShermanXLK","2022-08-23","2022-08-23",,,,,,,,,,,,,,,,,,,,,,,,,,,,,,,,,,,,,,,,,,,,"0000-0002-4194-7642","0000-0002-0594-4276",,,"b92029a9-9a8d-4985-a89d-08c7e23e7084"
"e86e8140-64a6-4afa-a7a7-bb8ec5e79c9f","3873056a-d752-4ce7-be47-f04274f12b4f","OAES_002.mammalGrid.mam","D11","OAES","OAES_002","B7","distributed","grasslandHerbaceous",35.419111,-99.050850,"WGS84",45.1,516.9,0.1,"6 - trap set and empty","ShermanXLK","2022-08-23","2022-08-23",,,,,,,,,,,,,,,,,,,,,,,,,,,,,,,,,,,,,,,,,,,,"0000-0000-0068-7943","0000-0002-5328-740X",,,"bf82d556-f1e7-4490-9796-c7d8e6561a31"
"b2e70411-7b59-42af-9a84-6e22f89c8a62","bfc4c2eb-7348-4e6f-9dc4-b98658c54543","OAES_001.mammalGrid.mam","D11","OAES","OAES_001","A3","distributed","grasslandHerbaceous",35.413861,-99.058786,"WGS84",45.1,517.8,0.1,"6 - trap set and empty","ShermanXLK","2022-08-23","2022-08-23",,,,,,,,,,,,,,,,,,,,,,,,,,,,,,,,,,,,,,,,,,,,"0000-0002-4194-7642","0000-0002-0594-4276",,,"29564cc6-6e07-4bea-882f-13b4434e4ea0"
"84ec50f4-74b9-4f2d-88ee-f24b0d250741","bfc4c2eb-7348-4e6f-9dc4-b98658c54543","OAES_001.mammalGrid.mam","D11","OAES","OAES_001","D3","distributed","grasslandHerbaceous",35.413861,-99.058786,"WGS84",45.1,517.8,0.1,"6 - trap set and empty","ShermanXLK","2022-08-23","2022-08-23",,,,,,,,,,,,,,,,,,,,,,,,,,,,,,,,,,,,,,,,,,,,"0000-0002-4194-7642","0000-0002-0594-4276",,,"4bbb88d6-7dbb-4dc7-8f02-9a58f7327ddc"
"d4eae414-86f4-45a3-81e9-790cfdb2f9c9","bfc4c2eb-7348-4e6f-9dc4-b98658c54543","OAES_001.mammalGrid.mam","D11","OAES","OAES_001","I6","distributed","grasslandHerbaceous",35.413861,-99.058786,"WGS84",45.1,517.8,0.1,"6 - trap set and empty","ShermanXLK","2022-08-23","2022-08-23",,,,,,,,,,,,,,,,,,,,,,,,,,,,,,,,,,,,,,,,,,,,"0000-0002-4194-7642","0000-0002-0594-4276",,,"931654c0-ac2f-41db-b817-5dc551abaff1"
"797b13a8-f4af-445f-9cc2-076781aa8813","bfc4c2eb-7348-4e6f-9dc4-b98658c54543","OAES_001.mammalGrid.mam","D11","OAES","OAES_001","J6","distributed","grasslandHerbaceous",35.413861,-99.058786,"WGS84",45.1,517.8,0.1,"6 - trap set and empty","ShermanXLK","2022-08-23","2022-08-23",,,,,,,,,,,,,,,,,,,,,,,,,,,,,,,,,,,,,,,,,,,,"0000-0002-4194-7642","0000-0002-0594-4276",,,"0ca26387-26fe-485b-9651-77110ada2b5c"
"0d31076a-8abd-4bc2-a0c7-fd9bb8dae3dd","84d06aef-31f0-4e51-8479-2ff441087aec","OAES_007.mammalGrid.mam","D11","OAES","OAES_007","C1","distributed","shrubScrub",35.419420,-99.055808,"WGS84",45.1,522.6,0.1,"6 - trap set and empty","ShermanXLK","2022-08-23","2022-08-23",,,,,,,,,,,,,,,,,,,,,,,,,,,,,,,,,,,,,,,,,,,,"0000-0002-5328-740X","0000-0000-0068-7943",,,"35b1812d-1968-4f6a-938a-163ff8d9d051"
"705f2802-f568-4fe8-84be-d018fd7ac04d","3873056a-d752-4ce7-be47-f04274f12b4f","OAES_002.mammalGrid.mam","D11","OAES","OAES_002","B4","distributed","grasslandHerbaceous",35.419111,-99.050850,"WGS84",45.1,516.9,0.1,"5 - capture","ShermanXLK","2022-08-23","2022-08-23","NEON.MAM.D11.373598",,"CHHI","Chaetodipus hispidus","species",,,,,"N","M","N","processed",,"subadult","nonscrotal",,,,24,,78,,34,"N","N","N",,,,,,,"OAES.20220823.373598.F","D00000185644","fresh","OAES.20220823.373598.E","D00000185654","OAES.20220823.373598.H","D00000021212","hairAndWhisker",,,"0000-0000-0068-7943","0000-0002-5328-740X",,,"297bdd09-eef8-4182-bd69-dc4f52d9354c"
"0b1f7123-b78f-4c6d-b677-850bf371a6dd","bfc4c2eb-7348-4e6f-9dc4-b98658c54543","OAES_001.mammalGrid.mam","D11","OAES","OAES_001","E10","distributed","grasslandHerbaceous",35.413861,-99.058786,"WGS84",45.1,517.8,0.1,"6 - trap set and empty","ShermanXLK","2022-08-23","2022-08-23",,,,,,,,,,,,,,,,,,,,,,,,,,,,,,,,,,,,,,,,,,,,"0000-0002-4194-7642","0000-0002-0594-4276",,,"b53a569b-20c6-4ea0-8005-79b5b8353085"
"b94fce4c-6abe-4e62-893e-d023d7a69d35","84d06aef-31f0-4e51-8479-2ff441087aec","OAES_007.mammalGrid.mam","D11","OAES","OAES_007","B3","distributed","shrubScrub",35.419420,-99.055808,"WGS84",45.1,522.6,0.1,"5 - capture","ShermanXLK","2022-08-23","2022-08-23","NEON.MAM.D11.373694",,"CHHI","Chaetodipus hispidus","species",,,,,"N","F","N","processed",,"adult",,"enlarged","not","not plugged",20,,88,,45,"N","N","N",,,,,,,,,,,,,,,,,"0000-0002-5328-740X","0000-0000-0068-7943",,,"89e2602f-441a-47ff-bbc6-af7782acc40b"
"d7aa6174-e1a3-4276-8ef6-c067ec04ed63","bfc4c2eb-7348-4e6f-9dc4-b98658c54543","OAES_001.mammalGrid.mam","D11","OAES","OAES_001","E8","distributed","grasslandHerbaceous",35.413861,-99.058786,"WGS84",45.1,517.8,0.1,"5 - capture","ShermanXLK","2022-08-23","2022-08-23","NEON.MAM.D11.R3730",,"PEMA","Peromyscus maniculatus","species",,"NEON.DOC.003137",,,"N","F","N","processed",,"adult",,"nonenlarged","not","swollen",18,,61,145,18,"N","N","N",,,,"OAES.20220823.R3730.B","D00000185378","mandibular - QNS","OAES.20220823.R3730.F","D00000185877","fresh",,,,,,,,"0000-0002-4194-7642","0000-0002-0594-4276","Vagina bruised",,"e2be218e-804e-4c72-88a3-0a9d0918a0d9"
"a2843047-bfa5-4406-a127-ff90845e7c95","3873056a-d752-4ce7-be47-f04274f12b4f","OAES_002.mammalGrid.mam","D11","OAES","OAES_002","J7","distributed","grasslandHerbaceous",35.419111,-99.050850,"WGS84",45.1,516.9,0.1,"6 - trap set and empty","ShermanXLK","2022-08-23","2022-08-23",,,,,,,,,,,,,,,,,,,,,,,,,,,,,,,,,,,,,,,,,,,,"0000-0000-0068-7943","0000-0002-5328-740X",,,"7a4ba9b5-3258-4f8a-a8ee-815956a0b1a0"
"881a5592-8add-498e-b997-3b2cdd76e4f4","bfc4c2eb-7348-4e6f-9dc4-b98658c54543","OAES_001.mammalGrid.mam","D11","OAES","OAES_001","H2","distributed","grasslandHerbaceous",35.413861,-99.058786,"WGS84",45.1,517.8,0.1,"2 - trap disturbed/door closed but empty","ShermanXLK","2022-08-23","2022-08-23",,,,,,,,,,,,,,,,,,,,,,,,,,,,,,,,,,,,,,,,,,,,"0000-0002-4194-7642","0000-0002-0594-4276",,,"d2a7b671-a76b-495b-abd8-595116731904"
"ca7ec991-b5b6-4a38-9c96-7395d9a8b867","8371aa48-40a5-4d8e-a5dc-5ba728080544","OAES_003.mammalGrid.mam","D11","OAES","OAES_003","G4","distributed","grasslandHerbaceous",35.411667,-99.071306,"WGS84",45.1,506.6,0.1,"6 - trap set and empty","ShermanXLK","2022-08-23","2022-08-23",,,,,,,,,,,,,,,,,,,,,,,,,,,,,,,,,,,,,,,,,,,,"0000-0002-4194-7642","0000-0002-0594-4276",,,"182206a1-d9fc-4709-8933-4514a0282338"
"6812cecd-79dc-4a10-8c8e-8540531051b9","8371aa48-40a5-4d8e-a5dc-5ba728080544","OAES_003.mammalGrid.mam","D11","OAES","OAES_003","D1","distributed","grasslandHerbaceous",35.411667,-99.071306,"WGS84",45.1,506.6,0.1,"6 - trap set and empty","ShermanXLK","2022-08-23","2022-08-23",,,,,,,,,,,,,,,,,,,,,,,,,,,,,,,,,,,,,,,,,,,,"0000-0002-4194-7642","0000-0002-0594-4276",,,"d227173a-de36-40b9-9aff-986f532b0899"
"a42f598e-4423-46c9-9324-07b69dcdc4aa","3873056a-d752-4ce7-be47-f04274f12b4f","OAES_002.mammalGrid.mam","D11","OAES","OAES_002","B3","distributed","grasslandHerbaceous",35.419111,-99.050850,"WGS84",45.1,516.9,0.1,"6 - trap set and empty","ShermanXLK","2022-08-23","2022-08-23",,,,,,,,,,,,,,,,,,,,,,,,,,,,,,,,,,,,,,,,,,,,"0000-0000-0068-7943","0000-0002-5328-740X",,,"19543cfe-3d62-4545-a6eb-a0c1690f4b2a"
"28dd120e-db28-4325-8ce0-05c3492461a9","84d06aef-31f0-4e51-8479-2ff441087aec","OAES_007.mammalGrid.mam","D11","OAES","OAES_007","D6","distributed","shrubScrub",35.419420,-99.055808,"WGS84",45.1,522.6,0.1,"5 - capture","ShermanXLK","2022-08-23","2022-08-23","NEON.MAM.D11.373656",,"PEFL","Perognathus flavus","species","cf. species",,,,"N","M","N","processed",,"adult","scrotal",,,,14,,46,,6,"N","N","N",,,,,,,,,,,,,,,,,"0000-0002-5328-740X","0000-0000-0068-7943",,,"5925e7ae-043c-462d-b76f-378a04b5081f"
"ffc3cc75-2d44-41bc-87fc-fd71e69de6f5","8371aa48-40a5-4d8e-a5dc-5ba728080544","OAES_003.mammalGrid.mam","D11","OAES","OAES_003","J7","distributed","grasslandHerbaceous",35.411667,-99.071306,"WGS84",45.1,506.6,0.1,"6 - trap set and empty","ShermanXLK","2022-08-23","2022-08-23",,,,,,,,,,,,,,,,,,,,,,,,,,,,,,,,,,,,,,,,,,,,"0000-0002-4194-7642","0000-0002-0594-4276",,,"c3c09f79-97c2-4bca-a908-c1719814e39e"
"cbdd51b4-5137-44e2-a155-99f385e09cf3","bfc4c2eb-7348-4e6f-9dc4-b98658c54543","OAES_001.mammalGrid.mam","D11","OAES","OAES_001","C8","distributed","grasslandHerbaceous",35.413861,-99.058786,"WGS84",45.1,517.8,0.1,"2 - trap disturbed/door closed but empty","ShermanXLK","2022-08-23","2022-08-23",,,,,,,,,,,,,,,,,,,,,,,,,,,,,,,,,,,,,,,,,,,,"0000-0002-4194-7642","0000-0002-0594-4276",,,"7de90cfa-8d03-455e-83e1-874b950e23ae"
"f1dbd9d1-0bf9-4ef7-bc5b-bec19b3b435d","84d06aef-31f0-4e51-8479-2ff441087aec","OAES_007.mammalGrid.mam","D11","OAES","OAES_007","F3","distributed","shrubScrub",35.419420,-99.055808,"WGS84",45.1,522.6,0.1,"5 - capture","ShermanXLK","2022-08-23","2022-08-23","NEON.MAM.D11.R2951",,"SIHI","Sigmodon hispidus","species",,,,,"N","M","N","processed",,"subadult","nonscrotal",,,,,,,,43,"N","N","N",,,,,,,,,,,,,,,,,"0000-0002-5328-740X","0000-0000-0068-7943",,,"8b5a5abc-30ba-44e2-8eda-527b10338531"
"093618a8-7f9c-4e83-97ef-76a0f98e0136","84d06aef-31f0-4e51-8479-2ff441087aec","OAES_007.mammalGrid.mam","D11","OAES","OAES_007","B6","distributed","shrubScrub",35.419420,-99.055808,"WGS84",45.1,522.6,0.1,"2 - trap disturbed/door closed but empty","ShermanXLK","2022-08-23","2022-08-23",,,,,,,,,,,,,,,,,,,,,,,,,,,,,,,,,,,,,,,,,,,,"0000-0002-5328-740X","0000-0000-0068-7943",,,"c827db7e-a79f-4664-b386-9c8ae7e9f082"
"0eaaec5d-e2c2-4607-ad32-3d1306c1ad2a","8371aa48-40a5-4d8e-a5dc-5ba728080544","OAES_003.mammalGrid.mam","D11","OAES","OAES_003","C3","distributed","grasslandHerbaceous",35.411667,-99.071306,"WGS84",45.1,506.6,0.1,"5 - capture","ShermanXLK","2022-08-23","2022-08-23","NEON.MAM.D11.R3956",,"PELE","Peromyscus leucopus","species",,"NEON.DOC.003137",,"taxonID confirmed","N","M","N","escaped",,"adult","nonscrotal",,,,,,,,14,"U","U","U",,,,"OAES.20220823.R3956.B","D00000185356","mandibular","OAES.20220823.R3956.F","D00000185893","fresh","OAES.20220823.R3956.E","D00000185868","OAES.20220823.R3956.H","D00000186173","hairOnly",,,"0000-0002-4194-7642","0000-0002-0594-4276",,,"1d56751c-7c07-4d4f-9afd-5be9cddf49b6"
"bc5524ff-7e45-48e3-ae80-eac931a68be2","8371aa48-40a5-4d8e-a5dc-5ba728080544","OAES_003.mammalGrid.mam","D11","OAES","OAES_003","H6","distributed","grasslandHerbaceous",35.411667,-99.071306,"WGS84",45.1,506.6,0.1,"6 - trap set and empty","ShermanXLK","2022-08-23","2022-08-23",,,,,,,,,,,,,,,,,,,,,,,,,,,,,,,,,,,,,,,,,,,,"0000-0002-4194-7642","0000-0002-0594-4276",,,"92248d4b-e790-44d8-bc54-e25baca00724"
"b39927c3-f3b2-4e69-9174-ecbabc3b71fd","84d06aef-31f0-4e51-8479-2ff441087aec","OAES_007.mammalGrid.mam","D11","OAES","OAES_007","I9","distributed","shrubScrub",35.419420,-99.055808,"WGS84",45.1,522.6,0.1,"2 - trap disturbed/door closed but empty","ShermanXLK","2022-08-23","2022-08-23",,,,,,,,,,,,,,,,,,,,,,,,,,,,,,,,,,,,,,,,,,,,"0000-0002-5328-740X","0000-0000-0068-7943",,,"8aa8df5b-e128-41fc-9a02-951f6f89cf76"
"c565e5ad-64b2-4238-93ac-bef9832d45c7","bfc4c2eb-7348-4e6f-9dc4-b98658c54543","OAES_001.mammalGrid.mam","D11","OAES","OAES_001","I9","distributed","grasslandHerbaceous",35.413861,-99.058786,"WGS84",45.1,517.8,0.1,"6 - trap set and empty","ShermanXLK","2022-08-23","2022-08-23",,,,,,,,,,,,,,,,,,,,,,,,,,,,,,,,,,,,,,,,,,,,"0000-0002-4194-7642","0000-0002-0594-4276",,,"b5b040cd-37b7-4d78-9c7f-88c17ff61e3a"
"d68f7336-e6ae-437d-ba68-02d096b20339","3873056a-d752-4ce7-be47-f04274f12b4f","OAES_002.mammalGrid.mam","D11","OAES","OAES_002","H9","distributed","grasslandHerbaceous",35.419111,-99.050850,"WGS84",45.1,516.9,0.1,"6 - trap set and empty","ShermanXLK","2022-08-23","2022-08-23",,,,,,,,,,,,,,,,,,,,,,,,,,,,,,,,,,,,,,,,,,,,"0000-0000-0068-7943","0000-0002-5328-740X",,,"48e22938-90b0-47fa-b011-bd48feec15a6"
"9b67809e-2dd7-4355-a9ae-35be511d2999","3873056a-d752-4ce7-be47-f04274f12b4f","OAES_002.mammalGrid.mam","D11","OAES","OAES_002","H2","distributed","grasslandHerbaceous",35.419111,-99.050850,"WGS84",45.1,516.9,0.1,"6 - trap set and empty","ShermanXLK","2022-08-23","2022-08-23",,,,,,,,,,,,,,,,,,,,,,,,,,,,,,,,,,,,,,,,,,,,"0000-0000-0068-7943","0000-0002-5328-740X",,,"4ed5a984-5331-4672-82ce-92d8d03b5271"
"3fc5cd48-ec5f-4df3-b532-16f449d0fbd2","bfc4c2eb-7348-4e6f-9dc4-b98658c54543","OAES_001.mammalGrid.mam","D11","OAES","OAES_001","F10","distributed","grasslandHerbaceous",35.413861,-99.058786,"WGS84",45.1,517.8,0.1,"6 - trap set and empty","ShermanXLK","2022-08-23","2022-08-23",,,,,,,,,,,,,,,,,,,,,,,,,,,,,,,,,,,,,,,,,,,,"0000-0002-4194-7642","0000-0002-0594-4276",,,"05bc7612-6dce-4e93-a097-200ac638fdd6"
"7ab7406c-b2c9-4b84-aa92-6f9c6afed606","3873056a-d752-4ce7-be47-f04274f12b4f","OAES_002.mammalGrid.mam","D11","OAES","OAES_002","J9","distributed","grasslandHerbaceous",35.419111,-99.050850,"WGS84",45.1,516.9,0.1,"6 - trap set and empty","ShermanXLK","2022-08-23","2022-08-23",,,,,,,,,,,,,,,,,,,,,,,,,,,,,,,,,,,,,,,,,,,,"0000-0000-0068-7943","0000-0002-5328-740X",,,"8ba0199a-d0fa-444b-bdb9-9c2c96528aff"
"65d314f6-0eaa-4b32-be37-0327bd77bd49","3873056a-d752-4ce7-be47-f04274f12b4f","OAES_002.mammalGrid.mam","D11","OAES","OAES_002","I3","distributed","grasslandHerbaceous",35.419111,-99.050850,"WGS84",45.1,516.9,0.1,"6 - trap set and empty","ShermanXLK","2022-08-23","2022-08-23",,,,,,,,,,,,,,,,,,,,,,,,,,,,,,,,,,,,,,,,,,,,"0000-0000-0068-7943","0000-0002-5328-740X",,,"d7a486c5-7cd8-4d4c-9cfb-15c477670250"
"d4c4236a-ed92-49ab-b407-7409a8c526a6","84d06aef-31f0-4e51-8479-2ff441087aec","OAES_007.mammalGrid.mam","D11","OAES","OAES_007","H8","distributed","shrubScrub",35.419420,-99.055808,"WGS84",45.1,522.6,0.1,"6 - trap set and empty","ShermanXLK","2022-08-23","2022-08-23",,,,,,,,,,,,,,,,,,,,,,,,,,,,,,,,,,,,,,,,,,,,"0000-0002-5328-740X","0000-0000-0068-7943",,,"32aae907-66c3-498e-9648-529970b329c8"
"0979b566-103d-45e8-9aca-85caec76e2fe","bfc4c2eb-7348-4e6f-9dc4-b98658c54543","OAES_001.mammalGrid.mam","D11","OAES","OAES_001","A4","distributed","grasslandHerbaceous",35.413861,-99.058786,"WGS84",45.1,517.8,0.1,"6 - trap set and empty","ShermanXLK","2022-08-23","2022-08-23",,,,,,,,,,,,,,,,,,,,,,,,,,,,,,,,,,,,,,,,,,,,"0000-0002-4194-7642","0000-0002-0594-4276",,,"b18f9bc0-a430-47a8-8b6d-122274517029"
"a27f5c9b-9791-4607-b058-d9a26bc6beb4","bfc4c2eb-7348-4e6f-9dc4-b98658c54543","OAES_001.mammalGrid.mam","D11","OAES","OAES_001","H6","distributed","grasslandHerbaceous",35.413861,-99.058786,"WGS84",45.1,517.8,0.1,"6 - trap set and empty","ShermanXLK","2022-08-23","2022-08-23",,,,,,,,,,,,,,,,,,,,,,,,,,,,,,,,,,,,,,,,,,,,"0000-0002-4194-7642","0000-0002-0594-4276",,,"02cc4f54-84b7-4725-b869-86c4610189bd"
"cba5bf30-791e-4459-8b2c-d35d4d2f5058","3873056a-d752-4ce7-be47-f04274f12b4f","OAES_002.mammalGrid.mam","D11","OAES","OAES_002","F1","distributed","grasslandHerbaceous",35.419111,-99.050850,"WGS84",45.1,516.9,0.1,"5 - capture","ShermanXLK","2022-08-23","2022-08-23","NEON.MAM.D11.373568",,"PEFL","Perognathus flavus","species","cf. species",,,,"N","F","U","processed",,"adult",,"enlarged","not","not plugged",16,,52,113,7,"N","N","N",,,,,,,"OAES.20220823.373568.F","D00000185658","fresh",,,"OAES.20220823.373568.H","D00000021151","whiskerOnly",,,"0000-0000-0068-7943","0000-0002-5328-740X","Right ear looks to have been previously punched.",,"944ccec5-3299-4ddf-bb90-d1780f3368c1"
"4992190e-0816-4dc0-aef3-ef00f38a6a56","3873056a-d752-4ce7-be47-f04274f12b4f","OAES_002.mammalGrid.mam","D11","OAES","OAES_002","H7","distributed","grasslandHerbaceous",35.419111,-99.050850,"WGS84",45.1,516.9,0.1,"5 - capture","ShermanXLK","2022-08-23","2022-08-23","NEON.MAM.D11.373686",,"CHHI","Chaetodipus hispidus","species",,,,,"N","M","Y","processed",,"adult","scrotal",,,,22,,79,,30,"N","N","N",,,,,,,,,,,,"OAES.20220823.373686.H","D00000186189","whiskerOnly",,,"0000-0000-0068-7943","0000-0002-5328-740X",,,"a9516f71-567b-46b5-8559-5cf892e58415"
"d79f985f-386a-4a97-a2c2-cf3f23c5446e","bfc4c2eb-7348-4e6f-9dc4-b98658c54543","OAES_001.mammalGrid.mam","D11","OAES","OAES_001","G7","distributed","grasslandHerbaceous",35.413861,-99.058786,"WGS84",45.1,517.8,0.1,"6 - trap set and empty","ShermanXLK","2022-08-23","2022-08-23",,,,,,,,,,,,,,,,,,,,,,,,,,,,,,,,,,,,,,,,,,,,"0000-0002-4194-7642","0000-0002-0594-4276",,,"cc17c130-a94e-4fce-a2f4-ee659299a28c"
"3b4339c8-e4ef-491e-ab74-fa5597b5f349","bfc4c2eb-7348-4e6f-9dc4-b98658c54543","OAES_001.mammalGrid.mam","D11","OAES","OAES_001","G8","distributed","grasslandHerbaceous",35.413861,-99.058786,"WGS84",45.1,517.8,0.1,"6 - trap set and empty","ShermanXLK","2022-08-23","2022-08-23",,,,,,,,,,,,,,,,,,,,,,,,,,,,,,,,,,,,,,,,,,,,"0000-0002-4194-7642","0000-0002-0594-4276",,,"9e11b30e-a236-4566-9373-292de2ecf5b2"
"17605800-1bbe-4bfa-9749-fa979ad9474d","8371aa48-40a5-4d8e-a5dc-5ba728080544","OAES_003.mammalGrid.mam","D11","OAES","OAES_003","E5","distributed","grasslandHerbaceous",35.411667,-99.071306,"WGS84",45.1,506.6,0.1,"6 - trap set and empty","ShermanXLK","2022-08-23","2022-08-23",,,,,,,,,,,,,,,,,,,,,,,,,,,,,,,,,,,,,,,,,,,,"0000-0002-4194-7642","0000-0002-0594-4276",,,"d7f3f534-9e12-48a6-9c3b-2362d5c141f4"
"88b8759a-6179-430d-8fed-af8369c9f977","bfc4c2eb-7348-4e6f-9dc4-b98658c54543","OAES_001.mammalGrid.mam","D11","OAES","OAES_001","A1","distributed","grasslandHerbaceous",35.413861,-99.058786,"WGS84",45.1,517.8,0.1,"2 - trap disturbed/door closed but empty","ShermanXLK","2022-08-23","2022-08-23",,,,,,,,,,,,,,,,,,,,,,,,,,,,,,,,,,,,,,,,,,,,"0000-0002-4194-7642","0000-0002-0594-4276",,,"557430c5-439f-4cd4-8d50-9c3ccc0f693e"
"6e84d2f6-5d7b-44d5-9c86-21bb35ab0af7","8371aa48-40a5-4d8e-a5dc-5ba728080544","OAES_003.mammalGrid.mam","D11","OAES","OAES_003","C8","distributed","grasslandHerbaceous",35.411667,-99.071306,"WGS84",45.1,506.6,0.1,"2 - trap disturbed/door closed but empty","ShermanXLK","2022-08-23","2022-08-23",,,,,,,,,,,,,,,,,,,,,,,,,,,,,,,,,,,,,,,,,,,,"0000-0002-4194-7642","0000-0002-0594-4276","Ants removed seeds from door",,"d7d45b8b-174a-4603-a601-bae6fb6ac613"
"3b3144f3-6e8b-4c06-9921-270faf4165ce","3873056a-d752-4ce7-be47-f04274f12b4f","OAES_002.mammalGrid.mam","D11","OAES","OAES_002","J1","distributed","grasslandHerbaceous",35.419111,-99.050850,"WGS84",45.1,516.9,0.1,"3 - trap door open or closed w/ spoor left","ShermanXLK","2022-08-23","2022-08-23",,,,,,,,,,,,,,,,,,,,,,,,,,,,,,,,,,,,,,,,,,,,"0000-0000-0068-7943","0000-0002-5328-740X",,,"49cb330c-9e24-41c2-af32-f15bcf720f42"
"8e1cd9be-8a35-43ec-9c4b-2decb7e22af0","84d06aef-31f0-4e51-8479-2ff441087aec","OAES_007.mammalGrid.mam","D11","OAES","OAES_007","D7","distributed","shrubScrub",35.419420,-99.055808,"WGS84",45.1,522.6,0.1,"6 - trap set and empty","ShermanXLK","2022-08-23","2022-08-23",,,,,,,,,,,,,,,,,,,,,,,,,,,,,,,,,,,,,,,,,,,,"0000-0002-5328-740X","0000-0000-0068-7943",,,"0e127751-8020-4dc2-bf9f-bdbcee39c017"
"329c665b-f22d-4173-bb00-d7715b66dd7e","8371aa48-40a5-4d8e-a5dc-5ba728080544","OAES_003.mammalGrid.mam","D11","OAES","OAES_003","D3","distributed","grasslandHerbaceous",35.411667,-99.071306,"WGS84",45.1,506.6,0.1,"6 - trap set and empty","ShermanXLK","2022-08-23","2022-08-23",,,,,,,,,,,,,,,,,,,,,,,,,,,,,,,,,,,,,,,,,,,,"0000-0002-4194-7642","0000-0002-0594-4276",,,"c3510c3c-dcd3-49e9-b3ad-1eced1b9579d"
"77f19ee0-3e49-44ef-a1e2-eaf7c8e3bab5","84d06aef-31f0-4e51-8479-2ff441087aec","OAES_007.mammalGrid.mam","D11","OAES","OAES_007","F5","distributed","shrubScrub",35.419420,-99.055808,"WGS84",45.1,522.6,0.1,"6 - trap set and empty","ShermanXLK","2022-08-23","2022-08-23",,,,,,,,,,,,,,,,,,,,,,,,,,,,,,,,,,,,,,,,,,,,"0000-0002-5328-740X","0000-0000-0068-7943",,,"87235ad3-52bd-49c4-bc11-da4c8316563a"
"3a31d2f0-b3a6-4bff-80e4-cac37ec6c7d5","84d06aef-31f0-4e51-8479-2ff441087aec","OAES_007.mammalGrid.mam","D11","OAES","OAES_007","I10","distributed","shrubScrub",35.419420,-99.055808,"WGS84",45.1,522.6,0.1,"6 - trap set and empty","ShermanXLK","2022-08-23","2022-08-23",,,,,,,,,,,,,,,,,,,,,,,,,,,,,,,,,,,,,,,,,,,,"0000-0002-5328-740X","0000-0000-0068-7943",,,"74540888-7277-4610-b243-1e135d203059"
"74888845-0afc-4d05-adcd-693eaa943212","8371aa48-40a5-4d8e-a5dc-5ba728080544","OAES_003.mammalGrid.mam","D11","OAES","OAES_003","C10","distributed","grasslandHerbaceous",35.411667,-99.071306,"WGS84",45.1,506.6,0.1,"2 - trap disturbed/door closed but empty","ShermanXLK","2022-08-23","2022-08-23",,,,,,,,,,,,,,,,,,,,,,,,,,,,,,,,,,,,,,,,,,,,"0000-0002-4194-7642","0000-0002-0594-4276","Ants removed seeds from door",,"bcec65d6-dd23-48d8-9193-55bd8c86f445"
"b1fdb93f-e994-4331-bb84-a74e7dee6cdd","bfc4c2eb-7348-4e6f-9dc4-b98658c54543","OAES_001.mammalGrid.mam","D11","OAES","OAES_001","I2","distributed","grasslandHerbaceous",35.413861,-99.058786,"WGS84",45.1,517.8,0.1,"6 - trap set and empty","ShermanXLK","2022-08-23","2022-08-23",,,,,,,,,,,,,,,,,,,,,,,,,,,,,,,,,,,,,,,,,,,,"0000-0002-4194-7642","0000-0002-0594-4276",,,"7ee86876-bf8d-4c4d-8209-aa6d86bccb7b"
"7fe328f1-60fa-40c1-a46b-7cf54c2dfa85","84d06aef-31f0-4e51-8479-2ff441087aec","OAES_007.mammalGrid.mam","D11","OAES","OAES_007","G3","distributed","shrubScrub",35.419420,-99.055808,"WGS84",45.1,522.6,0.1,"6 - trap set and empty","ShermanXLK","2022-08-23","2022-08-23",,,,,,,,,,,,,,,,,,,,,,,,,,,,,,,,,,,,,,,,,,,,"0000-0002-5328-740X","0000-0000-0068-7943",,,"510ce9b5-6226-4ee1-95cc-9cf6e1f25ff1"
"0c740f61-316f-4168-90c5-2ab7a2614f91","8371aa48-40a5-4d8e-a5dc-5ba728080544","OAES_003.mammalGrid.mam","D11","OAES","OAES_003","F6","distributed","grasslandHerbaceous",35.411667,-99.071306,"WGS84",45.1,506.6,0.1,"6 - trap set and empty","ShermanXLK","2022-08-23","2022-08-23",,,,,,,,,,,,,,,,,,,,,,,,,,,,,,,,,,,,,,,,,,,,"0000-0002-4194-7642","0000-0002-0594-4276",,,"83fb472a-14b9-4d9f-a10d-e80ad0329e78"
"d3da6ddb-10b7-45ed-8e7e-58d472babb6b","bfc4c2eb-7348-4e6f-9dc4-b98658c54543","OAES_001.mammalGrid.mam","D11","OAES","OAES_001","E1","distributed","grasslandHerbaceous",35.413861,-99.058786,"WGS84",45.1,517.8,0.1,"2 - trap disturbed/door closed but empty","ShermanXLK","2022-08-23","2022-08-23",,,,,,,,,,,,,,,,,,,,,,,,,,,,,,,,,,,,,,,,,,,,"0000-0002-4194-7642","0000-0002-0594-4276",,,"080b7530-6654-47f6-9540-8884e4da5da1"
"a7f0542e-0163-4bb2-87b7-05694ae429c5","8371aa48-40a5-4d8e-a5dc-5ba728080544","OAES_003.mammalGrid.mam","D11","OAES","OAES_003","A1","distributed","grasslandHerbaceous",35.411667,-99.071306,"WGS84",45.1,506.6,0.1,"5 - capture","ShermanXLK","2022-08-23","2022-08-23","NEON.MAM.D11.373724",,"PEFL","Perognathus flavus","species",,"NEON.DOC.003137",,,"N","F","N","processed",,"adult",,"nonenlarged","not","not plugged",14,,,,6,"N","N","N",,,,,,,"OAES.20220823.373724.F","D00000185908","fresh","OAES.20220823.373724.E","D00000185885",,,,,,"0000-0002-4194-7642","0000-0002-0594-4276","Mites on genitals",,"c8699077-5ebb-4478-b280-96435508a970"
"00c8b884-d5e4-4171-9959-08174349249c","3873056a-d752-4ce7-be47-f04274f12b4f","OAES_002.mammalGrid.mam","D11","OAES","OAES_002","D6","distributed","grasslandHerbaceous",35.419111,-99.050850,"WGS84",45.1,516.9,0.1,"6 - trap set and empty","ShermanXLK","2022-08-23","2022-08-23",,,,,,,,,,,,,,,,,,,,,,,,,,,,,,,,,,,,,,,,,,,,"0000-0000-0068-7943","0000-0002-5328-740X",,,"b53b91da-b263-4518-a197-fe18ac5fbc30"
"8e9b1ce5-c6db-41a3-9a67-26183b610954","bfc4c2eb-7348-4e6f-9dc4-b98658c54543","OAES_001.mammalGrid.mam","D11","OAES","OAES_001","H8","distributed","grasslandHerbaceous",35.413861,-99.058786,"WGS84",45.1,517.8,0.1,"6 - trap set and empty","ShermanXLK","2022-08-23","2022-08-23",,,,,,,,,,,,,,,,,,,,,,,,,,,,,,,,,,,,,,,,,,,,"0000-0002-4194-7642","0000-0002-0594-4276",,,"6743709c-efd9-4404-a257-55d0cd8968f3"
"5fa1909f-31ef-44db-b090-dae6878d2766","3873056a-d752-4ce7-be47-f04274f12b4f","OAES_002.mammalGrid.mam","D11","OAES","OAES_002","G2","distributed","grasslandHerbaceous",35.419111,-99.050850,"WGS84",45.1,516.9,0.1,"6 - trap set and empty","ShermanXLK","2022-08-23","2022-08-23",,,,,,,,,,,,,,,,,,,,,,,,,,,,,,,,,,,,,,,,,,,,"0000-0000-0068-7943","0000-0002-5328-740X",,,"ae587d62-64d1-4c52-a26d-bc47a9bc7e9c"
"f551128d-1651-4cbb-a41e-f0da1a345f3f","8371aa48-40a5-4d8e-a5dc-5ba728080544","OAES_003.mammalGrid.mam","D11","OAES","OAES_003","J3","distributed","grasslandHerbaceous",35.411667,-99.071306,"WGS84",45.1,506.6,0.1,"6 - trap set and empty","ShermanXLK","2022-08-23","2022-08-23",,,,,,,,,,,,,,,,,,,,,,,,,,,,,,,,,,,,,,,,,,,,"0000-0002-4194-7642","0000-0002-0594-4276",,,"39f0e056-8c38-42a2-8e7a-30b07c73d35a"
"7c2aecc5-5a29-4e67-b297-5b2f68fec8e3","bfc4c2eb-7348-4e6f-9dc4-b98658c54543","OAES_001.mammalGrid.mam","D11","OAES","OAES_001","G3","distributed","grasslandHerbaceous",35.413861,-99.058786,"WGS84",45.1,517.8,0.1,"6 - trap set and empty","ShermanXLK","2022-08-23","2022-08-23",,,,,,,,,,,,,,,,,,,,,,,,,,,,,,,,,,,,,,,,,,,,"0000-0002-4194-7642","0000-0002-0594-4276",,,"58fb33ec-860b-4b87-b81b-97816cff0ade"
"e9f67c54-a32c-4fe4-8bcb-becd178d4c20","84d06aef-31f0-4e51-8479-2ff441087aec","OAES_007.mammalGrid.mam","D11","OAES","OAES_007","C8","distributed","shrubScrub",35.419420,-99.055808,"WGS84",45.1,522.6,0.1,"6 - trap set and empty","ShermanXLK","2022-08-23","2022-08-23",,,,,,,,,,,,,,,,,,,,,,,,,,,,,,,,,,,,,,,,,,,,"0000-0002-5328-740X","0000-0000-0068-7943",,,"09dbc0c8-ec67-4792-9083-6fd9ecbe4a0a"
"1cf43c70-5a51-4235-a63a-c1be84995dda","3873056a-d752-4ce7-be47-f04274f12b4f","OAES_002.mammalGrid.mam","D11","OAES","OAES_002","F3","distributed","grasslandHerbaceous",35.419111,-99.050850,"WGS84",45.1,516.9,0.1,"6 - trap set and empty","ShermanXLK","2022-08-23","2022-08-23",,,,,,,,,,,,,,,,,,,,,,,,,,,,,,,,,,,,,,,,,,,,"0000-0000-0068-7943","0000-0002-5328-740X",,,"15c3ff06-2be6-425c-b3fc-69af45c7f2ec"
"9a6b7e5d-54d6-49b2-be48-2a40b526c925","bfc4c2eb-7348-4e6f-9dc4-b98658c54543","OAES_001.mammalGrid.mam","D11","OAES","OAES_001","E5","distributed","grasslandHerbaceous",35.413861,-99.058786,"WGS84",45.1,517.8,0.1,"6 - trap set and empty","ShermanXLK","2022-08-23","2022-08-23",,,,,,,,,,,,,,,,,,,,,,,,,,,,,,,,,,,,,,,,,,,,"0000-0002-4194-7642","0000-0002-0594-4276",,,"4ca3514d-84a7-47b9-9323-89fb0ab2086a"
"78f47e7e-1a5e-4f4b-88f6-2281af14ab5b","bfc4c2eb-7348-4e6f-9dc4-b98658c54543","OAES_001.mammalGrid.mam","D11","OAES","OAES_001","F7","distributed","grasslandHerbaceous",35.413861,-99.058786,"WGS84",45.1,517.8,0.1,"6 - trap set and empty","ShermanXLK","2022-08-23","2022-08-23",,,,,,,,,,,,,,,,,,,,,,,,,,,,,,,,,,,,,,,,,,,,"0000-0002-4194-7642","0000-0002-0594-4276",,,"f7c9540e-a503-4e33-a1c2-79097be9198c"
"b3e71f2e-6cbf-46d0-80f6-60f188b3af5f","3873056a-d752-4ce7-be47-f04274f12b4f","OAES_002.mammalGrid.mam","D11","OAES","OAES_002","C9","distributed","grasslandHerbaceous",35.419111,-99.050850,"WGS84",45.1,516.9,0.1,"6 - trap set and empty","ShermanXLK","2022-08-23","2022-08-23",,,,,,,,,,,,,,,,,,,,,,,,,,,,,,,,,,,,,,,,,,,,"0000-0000-0068-7943","0000-0002-5328-740X",,,"982741f4-48e5-4fab-ade0-e573b9cacf05"
"36740dd0-ec1f-4433-a38a-df3185bcec18","84d06aef-31f0-4e51-8479-2ff441087aec","OAES_007.mammalGrid.mam","D11","OAES","OAES_007","G5","distributed","shrubScrub",35.419420,-99.055808,"WGS84",45.1,522.6,0.1,"2 - trap disturbed/door closed but empty","ShermanXLK","2022-08-23","2022-08-23",,,,,,,,,,,,,,,,,,,,,,,,,,,,,,,,,,,,,,,,,,,,"0000-0002-5328-740X","0000-0000-0068-7943",,,"4f22f2ce-7118-4f5d-a841-3d1fff9fae01"
"09430afb-fc9b-4b2e-a175-fb3aaa1130c5","8371aa48-40a5-4d8e-a5dc-5ba728080544","OAES_003.mammalGrid.mam","D11","OAES","OAES_003","H3","distributed","grasslandHerbaceous",35.411667,-99.071306,"WGS84",45.1,506.6,0.1,"6 - trap set and empty","ShermanXLK","2022-08-23","2022-08-23",,,,,,,,,,,,,,,,,,,,,,,,,,,,,,,,,,,,,,,,,,,,"0000-0002-4194-7642","0000-0002-0594-4276",,,"d0320095-a49a-4ddd-80e1-3a6eff6397b8"
"a413d462-6993-457f-92c1-6c836d2b115b","bfc4c2eb-7348-4e6f-9dc4-b98658c54543","OAES_001.mammalGrid.mam","D11","OAES","OAES_001","B5","distributed","grasslandHerbaceous",35.413861,-99.058786,"WGS84",45.1,517.8,0.1,"6 - trap set and empty","ShermanXLK","2022-08-23","2022-08-23",,,,,,,,,,,,,,,,,,,,,,,,,,,,,,,,,,,,,,,,,,,,"0000-0002-4194-7642","0000-0002-0594-4276",,,"0068cd63-c7a9-45d7-8038-5e5e7a29c13d"
"45d46299-8b51-4d68-a6ca-e465b2b4e42a","bfc4c2eb-7348-4e6f-9dc4-b98658c54543","OAES_001.mammalGrid.mam","D11","OAES","OAES_001","G9","distributed","grasslandHerbaceous",35.413861,-99.058786,"WGS84",45.1,517.8,0.1,"2 - trap disturbed/door closed but empty","ShermanXLK","2022-08-23","2022-08-23",,,,,,,,,,,,,,,,,,,,,,,,,,,,,,,,,,,,,,,,,,,,"0000-0002-4194-7642","0000-0002-0594-4276",,,"e31dcc46-b8eb-4af6-a9fc-70f1afa11b4a"
"42046433-a4ad-46f1-9edb-b6c4781a0ea4","84d06aef-31f0-4e51-8479-2ff441087aec","OAES_007.mammalGrid.mam","D11","OAES","OAES_007","J5","distributed","shrubScrub",35.419420,-99.055808,"WGS84",45.1,522.6,0.1,"2 - trap disturbed/door closed but empty","ShermanXLK","2022-08-23","2022-08-23",,,,,,,,,,,,,,,,,,,,,,,,,,,,,,,,,,,,,,,,,,,,"0000-0002-5328-740X","0000-0000-0068-7943",,,"78d8e855-9642-48c6-8749-7248581e06e2"
"36857cb7-a882-4cf0-ad20-ba77aefd91fb","8371aa48-40a5-4d8e-a5dc-5ba728080544","OAES_003.mammalGrid.mam","D11","OAES","OAES_003","F3","distributed","grasslandHerbaceous",35.411667,-99.071306,"WGS84",45.1,506.6,0.1,"6 - trap set and empty","ShermanXLK","2022-08-23","2022-08-23",,,,,,,,,,,,,,,,,,,,,,,,,,,,,,,,,,,,,,,,,,,,"0000-0002-4194-7642","0000-0002-0594-4276",,,"8cbf6457-7666-4f15-804b-d70491298cb3"
"85e0f212-c3f8-440c-bb19-c1a635101b38","84d06aef-31f0-4e51-8479-2ff441087aec","OAES_007.mammalGrid.mam","D11","OAES","OAES_007","E8","distributed","shrubScrub",35.419420,-99.055808,"WGS84",45.1,522.6,0.1,"6 - trap set and empty","ShermanXLK","2022-08-23","2022-08-23",,,,,,,,,,,,,,,,,,,,,,,,,,,,,,,,,,,,,,,,,,,,"0000-0002-5328-740X","0000-0000-0068-7943",,,"5efac637-2acb-4287-9f20-7b24f45d9d58"
"29e40fb5-cc22-4ecd-b049-45ea26326df5","8371aa48-40a5-4d8e-a5dc-5ba728080544","OAES_003.mammalGrid.mam","D11","OAES","OAES_003","B2","distributed","grasslandHerbaceous",35.411667,-99.071306,"WGS84",45.1,506.6,0.1,"6 - trap set and empty","ShermanXLK","2022-08-23","2022-08-23",,,,,,,,,,,,,,,,,,,,,,,,,,,,,,,,,,,,,,,,,,,,"0000-0002-4194-7642","0000-0002-0594-4276",,,"61b35bbc-0153-4ad8-adec-6c523aae49ef"
"0efe495f-2698-4979-a66a-90d0902576b8","84d06aef-31f0-4e51-8479-2ff441087aec","OAES_007.mammalGrid.mam","D11","OAES","OAES_007","A9","distributed","shrubScrub",35.419420,-99.055808,"WGS84",45.1,522.6,0.1,"6 - trap set and empty","ShermanXLK","2022-08-23","2022-08-23",,,,,,,,,,,,,,,,,,,,,,,,,,,,,,,,,,,,,,,,,,,,"0000-0002-5328-740X","0000-0000-0068-7943",,,"21543a18-73fe-4e21-bc2a-0e18c9adbe59"
"56d44624-624b-4674-8f3c-ef199ef13bed","bfc4c2eb-7348-4e6f-9dc4-b98658c54543","OAES_001.mammalGrid.mam","D11","OAES","OAES_001","C2","distributed","grasslandHerbaceous",35.413861,-99.058786,"WGS84",45.1,517.8,0.1,"6 - trap set and empty","ShermanXLK","2022-08-23","2022-08-23",,,,,,,,,,,,,,,,,,,,,,,,,,,,,,,,,,,,,,,,,,,,"0000-0002-4194-7642","0000-0002-0594-4276",,,"2f241228-7e79-4765-80ab-b738afcdc7c3"
"67cf416d-bc0b-40d2-99e7-05ef0f67f767","3873056a-d752-4ce7-be47-f04274f12b4f","OAES_002.mammalGrid.mam","D11","OAES","OAES_002","J5","distributed","grasslandHerbaceous",35.419111,-99.050850,"WGS84",45.1,516.9,0.1,"6 - trap set and empty","ShermanXLK","2022-08-23","2022-08-23",,,,,,,,,,,,,,,,,,,,,,,,,,,,,,,,,,,,,,,,,,,,"0000-0000-0068-7943","0000-0002-5328-740X",,,"f79753ed-ea05-480c-aa86-92d24f0ea323"
"a664d006-1fbd-47d0-a9b6-8dd6dbb66d10","84d06aef-31f0-4e51-8479-2ff441087aec","OAES_007.mammalGrid.mam","D11","OAES","OAES_007","I8","distributed","shrubScrub",35.419420,-99.055808,"WGS84",45.1,522.6,0.1,"2 - trap disturbed/door closed but empty","ShermanXLK","2022-08-23","2022-08-23",,,,,,,,,,,,,,,,,,,,,,,,,,,,,,,,,,,,,,,,,,,,"0000-0002-5328-740X","0000-0000-0068-7943",,,"99435388-c57d-412c-a842-8f2e514b3bf8"
"b702b31a-b321-488c-9331-e7c3b8e126d5","bfc4c2eb-7348-4e6f-9dc4-b98658c54543","OAES_001.mammalGrid.mam","D11","OAES","OAES_001","H1","distributed","grasslandHerbaceous",35.413861,-99.058786,"WGS84",45.1,517.8,0.1,"2 - trap disturbed/door closed but empty","ShermanXLK","2022-08-23","2022-08-23",,,,,,,,,,,,,,,,,,,,,,,,,,,,,,,,,,,,,,,,,,,,"0000-0002-4194-7642","0000-0002-0594-4276",,,"c0ee1fca-8eac-4a1e-ad19-9ef17b6826d4"
"d5b4bd0a-a528-4b53-a2c5-9cd923d29ce1","84d06aef-31f0-4e51-8479-2ff441087aec","OAES_007.mammalGrid.mam","D11","OAES","OAES_007","A1","distributed","shrubScrub",35.419420,-99.055808,"WGS84",45.1,522.6,0.1,"6 - trap set and empty","ShermanXLK","2022-08-23","2022-08-23",,,,,,,,,,,,,,,,,,,,,,,,,,,,,,,,,,,,,,,,,,,,"0000-0002-5328-740X","0000-0000-0068-7943",,,"3be96240-a5c3-43c2-b2dd-e30d481f1f6e"
"3f88b771-e02e-4b0d-b4a7-8fb682ca2c92","84d06aef-31f0-4e51-8479-2ff441087aec","OAES_007.mammalGrid.mam","D11","OAES","OAES_007","B10","distributed","shrubScrub",35.419420,-99.055808,"WGS84",45.1,522.6,0.1,"5 - capture","ShermanXLK","2022-08-23","2022-08-23","NEON.MAM.D11.R3648",,"SIHI","Sigmodon hispidus","species",,,,,"N","F","N","processed",,"adult",,"nonenlarged","not","plugged",33,,118,,94,"N","N","N",,,,,,,,,,,,,,,,,"0000-0002-5328-740X","0000-0000-0068-7943",,,"c5d4c0d4-cb8d-4d29-874a-406f004812a5"
"77f41676-d6c2-43e4-8c2f-392925e22536","84d06aef-31f0-4e51-8479-2ff441087aec","OAES_007.mammalGrid.mam","D11","OAES","OAES_007","A6","distributed","shrubScrub",35.419420,-99.055808,"WGS84",45.1,522.6,0.1,"2 - trap disturbed/door closed but empty","ShermanXLK","2022-08-23","2022-08-23",,,,,,,,,,,,,,,,,,,,,,,,,,,,,,,,,,,,,,,,,,,,"0000-0002-5328-740X","0000-0000-0068-7943",,,"a21f2584-c3c1-400f-ad85-9c38d2eb88bc"
"b6d71067-35c1-40dc-88f4-27ac6c68f406","3873056a-d752-4ce7-be47-f04274f12b4f","OAES_002.mammalGrid.mam","D11","OAES","OAES_002","I8","distributed","grasslandHerbaceous",35.419111,-99.050850,"WGS84",45.1,516.9,0.1,"5 - capture","ShermanXLK","2022-08-23","2022-08-23","NEON.MAM.D11.373581",,"CHHI","Chaetodipus hispidus","species",,,,,"N","F","N","processed",,"adult",,"nonenlarged","not","not plugged",,,,,,"U","U","U",,,,,,,,,,,,,,,,,"0000-0000-0068-7943","0000-0002-5328-740X",,,"fb0a0825-626c-4ce4-a0b4-51ea02cf5de9"
"3c6551ff-f5d7-4b2e-a75c-3e2a53f4f3b7","84d06aef-31f0-4e51-8479-2ff441087aec","OAES_007.mammalGrid.mam","D11","OAES","OAES_007","B9","distributed","shrubScrub",35.419420,-99.055808,"WGS84",45.1,522.6,0.1,"6 - trap set and empty","ShermanXLK","2022-08-23","2022-08-23",,,,,,,,,,,,,,,,,,,,,,,,,,,,,,,,,,,,,,,,,,,,"0000-0002-5328-740X","0000-0000-0068-7943",,,"90300a62-3f06-47cd-b65a-0cfbee60de87"
"2964ad34-d3de-4e26-ba4b-c71852ad3d56","8371aa48-40a5-4d8e-a5dc-5ba728080544","OAES_003.mammalGrid.mam","D11","OAES","OAES_003","F4","distributed","grasslandHerbaceous",35.411667,-99.071306,"WGS84",45.1,506.6,0.1,"6 - trap set and empty","ShermanXLK","2022-08-23","2022-08-23",,,,,,,,,,,,,,,,,,,,,,,,,,,,,,,,,,,,,,,,,,,,"0000-0002-4194-7642","0000-0002-0594-4276",,,"a3da4412-414e-4813-ab96-04718a4b42b4"
"a6c97607-b3f1-48e1-b2ae-edeaa3c51cf6","8371aa48-40a5-4d8e-a5dc-5ba728080544","OAES_003.mammalGrid.mam","D11","OAES","OAES_003","F8","distributed","grasslandHerbaceous",35.411667,-99.071306,"WGS84",45.1,506.6,0.1,"6 - trap set and empty","ShermanXLK","2022-08-23","2022-08-23",,,,,,,,,,,,,,,,,,,,,,,,,,,,,,,,,,,,,,,,,,,,"0000-0002-4194-7642","0000-0002-0594-4276",,,"ac2c0faf-5d13-4892-964f-eca4a3f31688"
"76e5cda8-4222-4f8b-b46f-9c9a0387a682","84d06aef-31f0-4e51-8479-2ff441087aec","OAES_007.mammalGrid.mam","D11","OAES","OAES_007","A2","distributed","shrubScrub",35.419420,-99.055808,"WGS84",45.1,522.6,0.1,"6 - trap set and empty","ShermanXLK","2022-08-23","2022-08-23",,,,,,,,,,,,,,,,,,,,,,,,,,,,,,,,,,,,,,,,,,,,"0000-0002-5328-740X","0000-0000-0068-7943",,,"9367bb22-4c1a-404a-9156-4361f817e90a"
"4cdc79cd-9e44-4aca-b962-a8408c1bcee8","8371aa48-40a5-4d8e-a5dc-5ba728080544","OAES_003.mammalGrid.mam","D11","OAES","OAES_003","J4","distributed","grasslandHerbaceous",35.411667,-99.071306,"WGS84",45.1,506.6,0.1,"5 - capture","ShermanXLK","2022-08-23","2022-08-23","NEON.MAM.D11.373710",,"CHHI","Chaetodipus hispidus","species",,"NEON.DOC.003137",,,"N","F","Y","processed",,"adult",,"enlarged","not","not plugged",,,,,37,"N","N","N",,,,,,,"OAES.20220823.373710.F","D00000185888","fresh",,,"OAES.20220823.373710.H","D00000186177","hairAndWhisker",,,"0000-0002-4194-7642","0000-0002-0594-4276",,,"2feb4a6e-84bc-475c-bf48-4c5a55ebc3a4"
"a42fb8bd-efbd-43c1-a0ca-3ac2fc4bd506","3873056a-d752-4ce7-be47-f04274f12b4f","OAES_002.mammalGrid.mam","D11","OAES","OAES_002","D9","distributed","grasslandHerbaceous",35.419111,-99.050850,"WGS84",45.1,516.9,0.1,"3 - trap door open or closed w/ spoor left","ShermanXLK","2022-08-23","2022-08-23",,,,,,,,,,,,,,,,,,,,,,,,,,,,,,,,,,,,,,,,,,,,"0000-0000-0068-7943","0000-0002-5328-740X",,,"08f36f2b-c480-4338-8aca-9c462658a4c6"
"39909a97-20ba-42d2-899b-d81f248dd9be","8371aa48-40a5-4d8e-a5dc-5ba728080544","OAES_003.mammalGrid.mam","D11","OAES","OAES_003","G2","distributed","grasslandHerbaceous",35.411667,-99.071306,"WGS84",45.1,506.6,0.1,"6 - trap set and empty","ShermanXLK","2022-08-23","2022-08-23",,,,,,,,,,,,,,,,,,,,,,,,,,,,,,,,,,,,,,,,,,,,"0000-0002-4194-7642","0000-0002-0594-4276",,,"148f5579-6f12-4adb-a0c9-7b6c5ccd5452"
"db389c67-0b3c-45b8-a078-b7460543c52c","8371aa48-40a5-4d8e-a5dc-5ba728080544","OAES_003.mammalGrid.mam","D11","OAES","OAES_003","B1","distributed","grasslandHerbaceous",35.411667,-99.071306,"WGS84",45.1,506.6,0.1,"6 - trap set and empty","ShermanXLK","2022-08-23","2022-08-23",,,,,,,,,,,,,,,,,,,,,,,,,,,,,,,,,,,,,,,,,,,,"0000-0002-4194-7642","0000-0002-0594-4276",,,"d7a5ba3b-f367-4c17-bbc8-16ee0689e45a"
"11555f45-412e-4dd1-8b46-425989b196a5","3873056a-d752-4ce7-be47-f04274f12b4f","OAES_002.mammalGrid.mam","D11","OAES","OAES_002","J10","distributed","grasslandHerbaceous",35.419111,-99.050850,"WGS84",45.1,516.9,0.1,"6 - trap set and empty","ShermanXLK","2022-08-23","2022-08-23",,,,,,,,,,,,,,,,,,,,,,,,,,,,,,,,,,,,,,,,,,,,"0000-0000-0068-7943","0000-0002-5328-740X",,,"94cf4d2d-03d6-4cef-9fdd-5e729e32e4f5"
"dc6ceba4-4df6-47c4-beac-b345a6f852a8","3873056a-d752-4ce7-be47-f04274f12b4f","OAES_002.mammalGrid.mam","D11","OAES","OAES_002","H1","distributed","grasslandHerbaceous",35.419111,-99.050850,"WGS84",45.1,516.9,0.1,"6 - trap set and empty","ShermanXLK","2022-08-23","2022-08-23",,,,,,,,,,,,,,,,,,,,,,,,,,,,,,,,,,,,,,,,,,,,"0000-0000-0068-7943","0000-0002-5328-740X",,,"8799e487-bd0c-42fd-a556-8d5e7eaa61f2"
"004f9bcb-93d2-4298-9cd9-c99d3455c5f8","fadab322-24d7-4246-b156-700156fbb86d","OAES_002.mammalGrid.mam","D11","OAES","OAES_002","H8","distributed","grasslandHerbaceous",35.419111,-99.050850,"WGS84",45.1,516.9,0.1,"6 - trap set and empty","ShermanXLK","2022-08-24","2022-08-24",,,,,,,,,,,,,,,,,,,,,,,,,,,,,,,,,,,,,,,,,,,,"0000-0002-4194-7642","0000-0002-0594-4276",,,"95e18a57-6e0b-47a8-8e70-c1d451b90e16"
"9f5089e0-7aee-41d5-a668-362322aeff27","316e8c37-d7a1-45cd-9f04-8a177465e026","OAES_001.mammalGrid.mam","D11","OAES","OAES_001","C3","distributed","grasslandHerbaceous",35.413861,-99.058786,"WGS84",45.1,517.8,0.1,"6 - trap set and empty","ShermanXLK","2022-08-24","2022-08-24",,,,,,,,,,,,,,,,,,,,,,,,,,,,,,,,,,,,,,,,,,,,"0000-0002-5328-740X","0000-0000-0068-7943",,,"523489db-0531-4e7e-9b68-43bb639a5388"
"38ca77ba-30c5-47b1-99bf-0d95c6f90187","c9f15a56-982d-4bb3-8724-e46435247a06","OAES_004.mammalGrid.mam","D11","OAES","OAES_004","I7","distributed","grasslandHerbaceous",35.413166,-99.084368,"WGS84",45.1,507.6,0.1,"6 - trap set and empty","ShermanXLK","2022-08-24","2022-08-24",,,,,,,,,,,,,,,,,,,,,,,,,,,,,,,,,,,,,,,,,,,,"0000-0000-0068-7943","0000-0002-5328-740X",,,"8bdd5fe6-ee1d-456d-96fe-44ee4bfef1ed"
"9a437572-a492-4f91-8ceb-29d1571cd4a5","e85e602e-5bcb-4cab-af4d-7b73697647f5","OAES_007.mammalGrid.mam","D11","OAES","OAES_007","C6","distributed","shrubScrub",35.419420,-99.055808,"WGS84",45.1,522.6,0.1,"6 - trap set and empty","ShermanXLK","2022-08-24","2022-08-24",,,,,,,,,,,,,,,,,,,,,,,,,,,,,,,,,,,,,,,,,,,,"0000-0002-4194-7642","0000-0002-0594-4276",,,"b6740e32-1a63-4d65-bfed-7cc8b02de3cd"
"3478d488-0f1c-49da-8991-0f36f64c2c14","316e8c37-d7a1-45cd-9f04-8a177465e026","OAES_001.mammalGrid.mam","D11","OAES","OAES_001","I4","distributed","grasslandHerbaceous",35.413861,-99.058786,"WGS84",45.1,517.8,0.1,"2 - trap disturbed/door closed but empty","ShermanXLK","2022-08-24","2022-08-24",,,,,,,,,,,,,,,,,,,,,,,,,,,,,,,,,,,,,,,,,,,,"0000-0002-5328-740X","0000-0000-0068-7943",,,"a41e1d18-e8fa-4cc0-9048-2768ca5107a9"
"7d26169a-c344-49d4-9046-bcb39201faf2","316e8c37-d7a1-45cd-9f04-8a177465e026","OAES_001.mammalGrid.mam","D11","OAES","OAES_001","J9","distributed","grasslandHerbaceous",35.413861,-99.058786,"WGS84",45.1,517.8,0.1,"6 - trap set and empty","ShermanXLK","2022-08-24","2022-08-24",,,,,,,,,,,,,,,,,,,,,,,,,,,,,,,,,,,,,,,,,,,,"0000-0002-5328-740X","0000-0000-0068-7943",,,"a485029f-087f-4393-a268-adfbeba86b04"
"2bf4ce72-1818-4f33-b797-0e22be7bdefa","e85e602e-5bcb-4cab-af4d-7b73697647f5","OAES_007.mammalGrid.mam","D11","OAES","OAES_007","B10","distributed","shrubScrub",35.419420,-99.055808,"WGS84",45.1,522.6,0.1,"5 - capture","ShermanXLK","2022-08-24","2022-08-24","NEON.MAM.D11.R3677",,"SIHI","Sigmodon hispidus","species",,,,,"N","M","N","processed",,"adult","scrotal",,,,30,,118,,181,"Y","N","N","1-5",,,,,,,,,"OAES.20220824.R3677.E","D00000185758","OAES.20220824.R3677.H","D00000186128","hairAndWhisker",,,"0000-0002-4194-7642","0000-0002-0594-4276",,,"fc6dc75b-aab6-4925-b378-136116e3e436"
"3f3b1a5a-3f15-4814-9bfb-1532783a5232","316e8c37-d7a1-45cd-9f04-8a177465e026","OAES_001.mammalGrid.mam","D11","OAES","OAES_001","B5","distributed","grasslandHerbaceous",35.413861,-99.058786,"WGS84",45.1,517.8,0.1,"6 - trap set and empty","ShermanXLK","2022-08-24","2022-08-24",,,,,,,,,,,,,,,,,,,,,,,,,,,,,,,,,,,,,,,,,,,,"0000-0002-5328-740X","0000-0000-0068-7943",,,"bed8c674-c735-40f0-9ded-25c293dc0c15"
"e5ee1198-adc9-49aa-827e-9ebca24b2c28","316e8c37-d7a1-45cd-9f04-8a177465e026","OAES_001.mammalGrid.mam","D11","OAES","OAES_001","G9","distributed","grasslandHerbaceous",35.413861,-99.058786,"WGS84",45.1,517.8,0.1,"6 - trap set and empty","ShermanXLK","2022-08-24","2022-08-24",,,,,,,,,,,,,,,,,,,,,,,,,,,,,,,,,,,,,,,,,,,,"0000-0002-5328-740X","0000-0000-0068-7943",,,"349270a9-5149-488d-9719-ac2dea9c0976"
"df0b08ef-6df4-45e2-8403-c3695d4ddbc3","fadab322-24d7-4246-b156-700156fbb86d","OAES_002.mammalGrid.mam","D11","OAES","OAES_002","A7","distributed","grasslandHerbaceous",35.419111,-99.050850,"WGS84",45.1,516.9,0.1,"6 - trap set and empty","ShermanXLK","2022-08-24","2022-08-24",,,,,,,,,,,,,,,,,,,,,,,,,,,,,,,,,,,,,,,,,,,,"0000-0002-4194-7642","0000-0002-0594-4276",,,"fc3504d3-3f14-4f12-8d3f-2fcf46fe19dc"
"9dae1e05-d7a4-4ebd-b97f-f4b17435ab2b","fadab322-24d7-4246-b156-700156fbb86d","OAES_002.mammalGrid.mam","D11","OAES","OAES_002","E2","distributed","grasslandHerbaceous",35.419111,-99.050850,"WGS84",45.1,516.9,0.1,"5 - capture","ShermanXLK","2022-08-24","2022-08-24","NEON.MAM.D11.R3904",,"PELE","Peromyscus leucopus","species",,"NEON.DOC.003137",,,"N","M","N","processed",,"subadult","nonscrotal",,,,19,,75,150,18,"N","N","N",,,,"OAES.20220824.R3904.B","D00000185587","mandibular","OAES.20220824.R3904.F","D00000185567","fresh","OAES.20220824.R3904.E","D00000185569","OAES.20220824.R3904.H","D00000186111","hairAndWhisker",,,"0000-0002-4194-7642","0000-0002-0594-4276",,,"4b560099-4194-4cf8-9f05-99c894d51d5e"
"bcf2d0fc-a098-43f3-8d38-869d777dd17a","e85e602e-5bcb-4cab-af4d-7b73697647f5","OAES_007.mammalGrid.mam","D11","OAES","OAES_007","I5","distributed","shrubScrub",35.419420,-99.055808,"WGS84",45.1,522.6,0.1,"6 - trap set and empty","ShermanXLK","2022-08-24","2022-08-24",,,,,,,,,,,,,,,,,,,,,,,,,,,,,,,,,,,,,,,,,,,,"0000-0002-4194-7642","0000-0002-0594-4276",,,"8720f7de-060e-42d8-a0dc-6b094ed424a2"
"becd4b6c-6fd7-497c-b4c1-656924008a47","e85e602e-5bcb-4cab-af4d-7b73697647f5","OAES_007.mammalGrid.mam","D11","OAES","OAES_007","J8","distributed","shrubScrub",35.419420,-99.055808,"WGS84",45.1,522.6,0.1,"5 - capture","ShermanXLK","2022-08-24","2022-08-24","NEON.MAM.D11.373592",,"PEFL","Perognathus flavus","species",,,,,"N","M","Y","processed",,"adult","nonscrotal",,,,,,,,7,"U","U","U",,,,,,,,,,"OAES.20220824.373592.E","D00000185595",,,,,,"0000-0002-4194-7642","0000-0002-0594-4276",,,"34ca8557-634c-4343-9b60-9fca98438a42"
"e5b5a3e8-40f6-4278-9139-d7fb81bbbc83","fadab322-24d7-4246-b156-700156fbb86d","OAES_002.mammalGrid.mam","D11","OAES","OAES_002","A8","distributed","grasslandHerbaceous",35.419111,-99.050850,"WGS84",45.1,516.9,0.1,"6 - trap set and empty","ShermanXLK","2022-08-24","2022-08-24",,,,,,,,,,,,,,,,,,,,,,,,,,,,,,,,,,,,,,,,,,,,"0000-0002-4194-7642","0000-0002-0594-4276",,,"aa5247ce-27fb-49a2-8b67-3fbda15ff13d"
"ef0a6b85-42e4-4836-8b85-ce9473dba8d4","fadab322-24d7-4246-b156-700156fbb86d","OAES_002.mammalGrid.mam","D11","OAES","OAES_002","B10","distributed","grasslandHerbaceous",35.419111,-99.050850,"WGS84",45.1,516.9,0.1,"5 - capture","ShermanXLK","2022-08-24","2022-08-24","NEON.MAM.D11.373729",,"CHHI","Chaetodipus hispidus","species",,"NEON.DOC.003137",,,"N","M","Y","processed",,"adult","nonscrotal",,,,25,,,,52,"N","N","N",,,,,,,"OAES.20220824.373729.F","D00000185572","fresh",,,,,,,,"0000-0002-4194-7642","0000-0002-0594-4276",,,"8adce215-d1b2-46a5-acf8-798fd4b15df1"
"7ebe9504-e785-4708-9e1f-4b3b2d1e78b9","fadab322-24d7-4246-b156-700156fbb86d","OAES_002.mammalGrid.mam","D11","OAES","OAES_002","D1","distributed","grasslandHerbaceous",35.419111,-99.050850,"WGS84",45.1,516.9,0.1,"5 - capture","ShermanXLK","2022-08-24","2022-08-24","NEON.MAM.D11.R3901",,"PELE","Peromyscus leucopus","species",,"NEON.DOC.003137",,,"N","M","N","processed",,"adult","nonscrotal",,,,21,,71,146,19,"N","N","N",,,,"OAES.20220824.R3901.B","D00000185305","mandibular",,,,"OAES.20220824.R3901.E","D00000185869","OAES.20220824.R3901.H","D00000186112","hairAndWhisker",,,"0000-0002-4194-7642","0000-0002-0594-4276",,,"4d6f341a-31af-45d2-bfd3-ff5ae8b9c215"
"f269e205-7cfa-4103-bd06-ae140863ad10","fadab322-24d7-4246-b156-700156fbb86d","OAES_002.mammalGrid.mam","D11","OAES","OAES_002","I8","distributed","grasslandHerbaceous",35.419111,-99.050850,"WGS84",45.1,516.9,0.1,"6 - trap set and empty","ShermanXLK","2022-08-24","2022-08-24",,,,,,,,,,,,,,,,,,,,,,,,,,,,,,,,,,,,,,,,,,,,"0000-0002-4194-7642","0000-0002-0594-4276",,,"32edfe50-48a8-45f8-a124-21f645dc087c"
"7c2fdfdc-ff36-4338-b0c5-0b0ec7ab11cf","c9f15a56-982d-4bb3-8724-e46435247a06","OAES_004.mammalGrid.mam","D11","OAES","OAES_004","H6","distributed","grasslandHerbaceous",35.413166,-99.084368,"WGS84",45.1,507.6,0.1,"6 - trap set and empty","ShermanXLK","2022-08-24","2022-08-24",,,,,,,,,,,,,,,,,,,,,,,,,,,,,,,,,,,,,,,,,,,,"0000-0000-0068-7943","0000-0002-5328-740X",,,"7a6f856d-32b0-4ab2-8f96-0fd28c2086c2"
"3fdb5e83-c99d-436a-b602-b3dc079768d6","fadab322-24d7-4246-b156-700156fbb86d","OAES_002.mammalGrid.mam","D11","OAES","OAES_002","E7","distributed","grasslandHerbaceous",35.419111,-99.050850,"WGS84",45.1,516.9,0.1,"3 - trap door open or closed w/ spoor left","ShermanXLK","2022-08-24","2022-08-24",,,,,,,,,,,,,,,,,,,,,,,,,,,,,,,,,,,,,,,,,,,,"0000-0002-4194-7642","0000-0002-0594-4276",,,"c0925756-e547-406a-b52b-f845bb766e9e"
"593dec59-84dd-4a53-aff6-0ae08200b746","e85e602e-5bcb-4cab-af4d-7b73697647f5","OAES_007.mammalGrid.mam","D11","OAES","OAES_007","A5","distributed","shrubScrub",35.419420,-99.055808,"WGS84",45.1,522.6,0.1,"6 - trap set and empty","ShermanXLK","2022-08-24","2022-08-24",,,,,,,,,,,,,,,,,,,,,,,,,,,,,,,,,,,,,,,,,,,,"0000-0002-4194-7642","0000-0002-0594-4276",,,"a6e967ff-196b-474b-82ae-1aa2302be19f"
"9a8a5f4f-101a-415b-a822-6c6b725c9f5d","316e8c37-d7a1-45cd-9f04-8a177465e026","OAES_001.mammalGrid.mam","D11","OAES","OAES_001","F4","distributed","grasslandHerbaceous",35.413861,-99.058786,"WGS84",45.1,517.8,0.1,"2 - trap disturbed/door closed but empty","ShermanXLK","2022-08-24","2022-08-24",,,,,,,,,,,,,,,,,,,,,,,,,,,,,,,,,,,,,,,,,,,,"0000-0002-5328-740X","0000-0000-0068-7943",,,"380d6ab2-9242-4425-b760-34bd8a997bdb"
"ddccc2f2-26e7-44b1-8247-395b799d4130","c9f15a56-982d-4bb3-8724-e46435247a06","OAES_004.mammalGrid.mam","D11","OAES","OAES_004","F8","distributed","grasslandHerbaceous",35.413166,-99.084368,"WGS84",45.1,507.6,0.1,"5 - capture","ShermanXLK","2022-08-24","2022-08-24","NEON.MAM.D11.373640",,"CHHI","Chaetodipus hispidus","species",,,,,"N","M","Y","processed",,"adult","nonscrotal",,,,25,,99,,42,"N","N","N",,,,,,,"OAES.20220824.373640.F","D00000185732","fresh",,,"OAES.20220824.373640.H","D00000186104","hairAndWhisker",,,"0000-0000-0068-7943","0000-0002-5328-740X",,,"0b6e6b3a-4058-4abc-83e0-847c6aa8639b"
"c493eead-5297-4c00-827a-9d9e110e077d","c9f15a56-982d-4bb3-8724-e46435247a06","OAES_004.mammalGrid.mam","D11","OAES","OAES_004","B4","distributed","grasslandHerbaceous",35.413166,-99.084368,"WGS84",45.1,507.6,0.1,"6 - trap set and empty","ShermanXLK","2022-08-24","2022-08-24",,,,,,,,,,,,,,,,,,,,,,,,,,,,,,,,,,,,,,,,,,,,"0000-0000-0068-7943","0000-0002-5328-740X",,,"05d47a53-d4f9-4c45-b81a-1d54fca872b9"
"9b3399eb-73e5-4086-80d2-3b8ba66c12a2","fadab322-24d7-4246-b156-700156fbb86d","OAES_002.mammalGrid.mam","D11","OAES","OAES_002","G1","distributed","grasslandHerbaceous",35.419111,-99.050850,"WGS84",45.1,516.9,0.1,"6 - trap set and empty","ShermanXLK","2022-08-24","2022-08-24",,,,,,,,,,,,,,,,,,,,,,,,,,,,,,,,,,,,,,,,,,,,"0000-0002-4194-7642","0000-0002-0594-4276",,,"b916080c-6985-4ddb-a8d6-45c6f72685db"
"6ea5bb4b-ab62-465e-b3a6-ab48725d0f90","316e8c37-d7a1-45cd-9f04-8a177465e026","OAES_001.mammalGrid.mam","D11","OAES","OAES_001","I1","distributed","grasslandHerbaceous",35.413861,-99.058786,"WGS84",45.1,517.8,0.1,"6 - trap set and empty","ShermanXLK","2022-08-24","2022-08-24",,,,,,,,,,,,,,,,,,,,,,,,,,,,,,,,,,,,,,,,,,,,"0000-0002-5328-740X","0000-0000-0068-7943",,,"8177ee8d-567b-46af-b2b3-a5f58dad3c11"
"01ab36fa-3132-4778-b0c4-3735777288cf","c9f15a56-982d-4bb3-8724-e46435247a06","OAES_004.mammalGrid.mam","D11","OAES","OAES_004","G2","distributed","grasslandHerbaceous",35.413166,-99.084368,"WGS84",45.1,507.6,0.1,"6 - trap set and empty","ShermanXLK","2022-08-24","2022-08-24",,,,,,,,,,,,,,,,,,,,,,,,,,,,,,,,,,,,,,,,,,,,"0000-0000-0068-7943","0000-0002-5328-740X",,,"40e60418-bec9-4078-a627-5ebe34bebf7d"
"5f7bcaa4-de83-4ca5-a14c-8a5d7ab8043c","c9f15a56-982d-4bb3-8724-e46435247a06","OAES_004.mammalGrid.mam","D11","OAES","OAES_004","H4","distributed","grasslandHerbaceous",35.413166,-99.084368,"WGS84",45.1,507.6,0.1,"6 - trap set and empty","ShermanXLK","2022-08-24","2022-08-24",,,,,,,,,,,,,,,,,,,,,,,,,,,,,,,,,,,,,,,,,,,,"0000-0000-0068-7943","0000-0002-5328-740X",,,"ba832fdd-6f91-481d-bd50-694659c489ed"
"70a3b0e0-1cd6-4da4-984d-cea0b8390488","c9f15a56-982d-4bb3-8724-e46435247a06","OAES_004.mammalGrid.mam","D11","OAES","OAES_004","A6","distributed","grasslandHerbaceous",35.413166,-99.084368,"WGS84",45.1,507.6,0.1,"6 - trap set and empty","ShermanXLK","2022-08-24","2022-08-24",,,,,,,,,,,,,,,,,,,,,,,,,,,,,,,,,,,,,,,,,,,,"0000-0000-0068-7943","0000-0002-5328-740X",,,"3771eeec-eaf1-4b7f-bce8-cc44435cb8fe"
"b8aa8bad-70ae-48d6-9e9e-0ccff0f110a6","fadab322-24d7-4246-b156-700156fbb86d","OAES_002.mammalGrid.mam","D11","OAES","OAES_002","A1","distributed","grasslandHerbaceous",35.419111,-99.050850,"WGS84",45.1,516.9,0.1,"6 - trap set and empty","ShermanXLK","2022-08-24","2022-08-24",,,,,,,,,,,,,,,,,,,,,,,,,,,,,,,,,,,,,,,,,,,,"0000-0002-4194-7642","0000-0002-0594-4276",,,"bf95211d-42a4-49fb-b14f-bbf476bc49e4"
"aeda186f-0a0a-4f2e-bd02-6bb67cc24760","fadab322-24d7-4246-b156-700156fbb86d","OAES_002.mammalGrid.mam","D11","OAES","OAES_002","B9","distributed","grasslandHerbaceous",35.419111,-99.050850,"WGS84",45.1,516.9,0.1,"6 - trap set and empty","ShermanXLK","2022-08-24","2022-08-24",,,,,,,,,,,,,,,,,,,,,,,,,,,,,,,,,,,,,,,,,,,,"0000-0002-4194-7642","0000-0002-0594-4276",,,"b577183e-034a-4e22-a095-1a23a0b9bea1"
"a3a26195-cff2-45d8-8168-561ff42e8a5e","c9f15a56-982d-4bb3-8724-e46435247a06","OAES_004.mammalGrid.mam","D11","OAES","OAES_004","B2","distributed","grasslandHerbaceous",35.413166,-99.084368,"WGS84",45.1,507.6,0.1,"6 - trap set and empty","ShermanXLK","2022-08-24","2022-08-24",,,,,,,,,,,,,,,,,,,,,,,,,,,,,,,,,,,,,,,,,,,,"0000-0000-0068-7943","0000-0002-5328-740X",,,"6f1c8bfe-5652-4c30-b24a-9cf8d4ac63ed"
"c39a81ad-6fbc-47c6-b7b3-7760de81bcbe","c9f15a56-982d-4bb3-8724-e46435247a06","OAES_004.mammalGrid.mam","D11","OAES","OAES_004","B8","distributed","grasslandHerbaceous",35.413166,-99.084368,"WGS84",45.1,507.6,0.1,"6 - trap set and empty","ShermanXLK","2022-08-24","2022-08-24",,,,,,,,,,,,,,,,,,,,,,,,,,,,,,,,,,,,,,,,,,,,"0000-0000-0068-7943","0000-0002-5328-740X",,,"1165fc1b-52d7-410b-a4ad-aa08145c26bd"
"1d553650-868b-474f-8b92-476bedbb2aa0","fadab322-24d7-4246-b156-700156fbb86d","OAES_002.mammalGrid.mam","D11","OAES","OAES_002","H5","distributed","grasslandHerbaceous",35.419111,-99.050850,"WGS84",45.1,516.9,0.1,"6 - trap set and empty","ShermanXLK","2022-08-24","2022-08-24",,,,,,,,,,,,,,,,,,,,,,,,,,,,,,,,,,,,,,,,,,,,"0000-0002-4194-7642","0000-0002-0594-4276",,,"a8652e28-4336-4f14-94d3-90dc04042446"
"beb99669-086c-456f-954c-8b3b6073d82e","fadab322-24d7-4246-b156-700156fbb86d","OAES_002.mammalGrid.mam","D11","OAES","OAES_002","F9","distributed","grasslandHerbaceous",35.419111,-99.050850,"WGS84",45.1,516.9,0.1,"6 - trap set and empty","ShermanXLK","2022-08-24","2022-08-24",,,,,,,,,,,,,,,,,,,,,,,,,,,,,,,,,,,,,,,,,,,,"0000-0002-4194-7642","0000-0002-0594-4276",,,"ea6eef88-7e03-4c3c-8cfd-44d86b3386c2"
"4e40810e-0ef7-4301-b8bc-5407777db4e6","316e8c37-d7a1-45cd-9f04-8a177465e026","OAES_001.mammalGrid.mam","D11","OAES","OAES_001","G4","distributed","grasslandHerbaceous",35.413861,-99.058786,"WGS84",45.1,517.8,0.1,"6 - trap set and empty","ShermanXLK","2022-08-24","2022-08-24",,,,,,,,,,,,,,,,,,,,,,,,,,,,,,,,,,,,,,,,,,,,"0000-0002-5328-740X","0000-0000-0068-7943",,,"f3ab7f07-5684-48ff-9444-c7f5711986bd"
"1e9c3ad5-df15-4bdc-b3bc-802b05831b00","e85e602e-5bcb-4cab-af4d-7b73697647f5","OAES_007.mammalGrid.mam","D11","OAES","OAES_007","D7","distributed","shrubScrub",35.419420,-99.055808,"WGS84",45.1,522.6,0.1,"6 - trap set and empty","ShermanXLK","2022-08-24","2022-08-24",,,,,,,,,,,,,,,,,,,,,,,,,,,,,,,,,,,,,,,,,,,,"0000-0002-4194-7642","0000-0002-0594-4276",,,"2781691f-4613-436c-a9e1-a24dc894ef8e"
"22601749-1996-4736-badb-fb2055f1f253","316e8c37-d7a1-45cd-9f04-8a177465e026","OAES_001.mammalGrid.mam","D11","OAES","OAES_001","H5","distributed","grasslandHerbaceous",35.413861,-99.058786,"WGS84",45.1,517.8,0.1,"6 - trap set and empty","ShermanXLK","2022-08-24","2022-08-24",,,,,,,,,,,,,,,,,,,,,,,,,,,,,,,,,,,,,,,,,,,,"0000-0002-5328-740X","0000-0000-0068-7943",,,"2aa5482e-4677-4c7b-aece-fa3a2e437d8e"
"7d42bdca-9108-45d8-b484-fde0c195f489","fadab322-24d7-4246-b156-700156fbb86d","OAES_002.mammalGrid.mam","D11","OAES","OAES_002","J10","distributed","grasslandHerbaceous",35.419111,-99.050850,"WGS84",45.1,516.9,0.1,"6 - trap set and empty","ShermanXLK","2022-08-24","2022-08-24",,,,,,,,,,,,,,,,,,,,,,,,,,,,,,,,,,,,,,,,,,,,"0000-0002-4194-7642","0000-0002-0594-4276",,,"49225b62-782b-4019-9177-430f549a9468"
"f4f4b7d7-5d76-4505-af32-c8d90e9e9669","316e8c37-d7a1-45cd-9f04-8a177465e026","OAES_001.mammalGrid.mam","D11","OAES","OAES_001","C2","distributed","grasslandHerbaceous",35.413861,-99.058786,"WGS84",45.1,517.8,0.1,"6 - trap set and empty","ShermanXLK","2022-08-24","2022-08-24",,,,,,,,,,,,,,,,,,,,,,,,,,,,,,,,,,,,,,,,,,,,"0000-0002-5328-740X","0000-0000-0068-7943",,,"22635bdf-22ef-4004-9390-ffbf123d3038"
"0f0be243-7d39-46cf-9620-fa26beb80889","316e8c37-d7a1-45cd-9f04-8a177465e026","OAES_001.mammalGrid.mam","D11","OAES","OAES_001","D7","distributed","grasslandHerbaceous",35.413861,-99.058786,"WGS84",45.1,517.8,0.1,"6 - trap set and empty","ShermanXLK","2022-08-24","2022-08-24",,,,,,,,,,,,,,,,,,,,,,,,,,,,,,,,,,,,,,,,,,,,"0000-0002-5328-740X","0000-0000-0068-7943",,,"dea87d62-92dd-4457-b7f2-bdebfad9ccb2"
"1765c64c-a735-4258-8ab0-71a37d677da8","e85e602e-5bcb-4cab-af4d-7b73697647f5","OAES_007.mammalGrid.mam","D11","OAES","OAES_007","A9","distributed","shrubScrub",35.419420,-99.055808,"WGS84",45.1,522.6,0.1,"6 - trap set and empty","ShermanXLK","2022-08-24","2022-08-24",,,,,,,,,,,,,,,,,,,,,,,,,,,,,,,,,,,,,,,,,,,,"0000-0002-4194-7642","0000-0002-0594-4276",,,"8a2622db-d330-43d9-9095-fb8888ae651d"
"9b1a0028-2760-4206-aaa9-7c4babb809db","c9f15a56-982d-4bb3-8724-e46435247a06","OAES_004.mammalGrid.mam","D11","OAES","OAES_004","C2","distributed","grasslandHerbaceous",35.413166,-99.084368,"WGS84",45.1,507.6,0.1,"6 - trap set and empty","ShermanXLK","2022-08-24","2022-08-24",,,,,,,,,,,,,,,,,,,,,,,,,,,,,,,,,,,,,,,,,,,,"0000-0000-0068-7943","0000-0002-5328-740X",,,"c96d695b-d120-4916-94cb-e11e1816f29f"
"0d0cf947-6ba5-4650-b106-9c969c3c33c8","e85e602e-5bcb-4cab-af4d-7b73697647f5","OAES_007.mammalGrid.mam","D11","OAES","OAES_007","H6","distributed","shrubScrub",35.419420,-99.055808,"WGS84",45.1,522.6,0.1,"6 - trap set and empty","ShermanXLK","2022-08-24","2022-08-24",,,,,,,,,,,,,,,,,,,,,,,,,,,,,,,,,,,,,,,,,,,,"0000-0002-4194-7642","0000-0002-0594-4276",,,"414e0ae0-9b0f-40ac-839e-d88407ae45cf"
"57fdf420-6eb2-40dc-8be5-c648d4c05b65","fadab322-24d7-4246-b156-700156fbb86d","OAES_002.mammalGrid.mam","D11","OAES","OAES_002","I3","distributed","grasslandHerbaceous",35.419111,-99.050850,"WGS84",45.1,516.9,0.1,"6 - trap set and empty","ShermanXLK","2022-08-24","2022-08-24",,,,,,,,,,,,,,,,,,,,,,,,,,,,,,,,,,,,,,,,,,,,"0000-0002-4194-7642","0000-0002-0594-4276",,,"1ea968e9-def0-401e-a215-ce9d84c905aa"
"d23ea105-aa58-4d93-ac5f-d012fefb46e8","e85e602e-5bcb-4cab-af4d-7b73697647f5","OAES_007.mammalGrid.mam","D11","OAES","OAES_007","I2","distributed","shrubScrub",35.419420,-99.055808,"WGS84",45.1,522.6,0.1,"6 - trap set and empty","ShermanXLK","2022-08-24","2022-08-24",,,,,,,,,,,,,,,,,,,,,,,,,,,,,,,,,,,,,,,,,,,,"0000-0002-4194-7642","0000-0002-0594-4276",,,"b6c6355a-d3d9-4474-8ff7-6d8ef0ec97c6"
"e3a4093b-bf97-4234-8698-e36b5dbbdd5f","316e8c37-d7a1-45cd-9f04-8a177465e026","OAES_001.mammalGrid.mam","D11","OAES","OAES_001","E3","distributed","grasslandHerbaceous",35.413861,-99.058786,"WGS84",45.1,517.8,0.1,"2 - trap disturbed/door closed but empty","ShermanXLK","2022-08-24","2022-08-24",,,,,,,,,,,,,,,,,,,,,,,,,,,,,,,,,,,,,,,,,,,,"0000-0002-5328-740X","0000-0000-0068-7943",,,"784d0cd7-170b-49e3-ab06-10aa182bca5b"
"aa4878d3-3b87-4e09-a8a6-6f6b78229a59","e85e602e-5bcb-4cab-af4d-7b73697647f5","OAES_007.mammalGrid.mam","D11","OAES","OAES_007","C9","distributed","shrubScrub",35.419420,-99.055808,"WGS84",45.1,522.6,0.1,"6 - trap set and empty","ShermanXLK","2022-08-24","2022-08-24",,,,,,,,,,,,,,,,,,,,,,,,,,,,,,,,,,,,,,,,,,,,"0000-0002-4194-7642","0000-0002-0594-4276",,,"fb337e4a-9fe3-4876-bdfc-d361ae2bd29c"
"b9598a43-2817-4d54-9c91-2ba2a7889df5","c9f15a56-982d-4bb3-8724-e46435247a06","OAES_004.mammalGrid.mam","D11","OAES","OAES_004","C8","distributed","grasslandHerbaceous",35.413166,-99.084368,"WGS84",45.1,507.6,0.1,"6 - trap set and empty","ShermanXLK","2022-08-24","2022-08-24",,,,,,,,,,,,,,,,,,,,,,,,,,,,,,,,,,,,,,,,,,,,"0000-0000-0068-7943","0000-0002-5328-740X",,,"f9d850e6-2a29-462d-b8d3-4b502a921e17"
"408e1cc9-13ae-4d11-94b0-62dbc26ab8f5","c9f15a56-982d-4bb3-8724-e46435247a06","OAES_004.mammalGrid.mam","D11","OAES","OAES_004","I1","distributed","grasslandHerbaceous",35.413166,-99.084368,"WGS84",45.1,507.6,0.1,"6 - trap set and empty","ShermanXLK","2022-08-24","2022-08-24",,,,,,,,,,,,,,,,,,,,,,,,,,,,,,,,,,,,,,,,,,,,"0000-0000-0068-7943","0000-0002-5328-740X",,,"af8544fc-28f0-48e0-b89f-8a44179280b9"
"fc1b3ba2-c7f1-4eac-9926-b465f304e7a9","e85e602e-5bcb-4cab-af4d-7b73697647f5","OAES_007.mammalGrid.mam","D11","OAES","OAES_007","H4","distributed","shrubScrub",35.419420,-99.055808,"WGS84",45.1,522.6,0.1,"6 - trap set and empty","ShermanXLK","2022-08-24","2022-08-24",,,,,,,,,,,,,,,,,,,,,,,,,,,,,,,,,,,,,,,,,,,,"0000-0002-4194-7642","0000-0002-0594-4276",,,"d6483a20-4b1e-4ba3-81c5-bc92eb17968d"
"aef92780-3ef6-4845-964c-3f3aedacacb1","c9f15a56-982d-4bb3-8724-e46435247a06","OAES_004.mammalGrid.mam","D11","OAES","OAES_004","J6","distributed","grasslandHerbaceous",35.413166,-99.084368,"WGS84",45.1,507.6,0.1,"5 - capture","ShermanXLK","2022-08-24","2022-08-24","NEON.MAM.D11.297143",,"CHHI","Chaetodipus hispidus","species",,,,,"N","F","Y","processed",,"adult",,"enlarged","not","not plugged",24,,101,,44,"N","N","N",,,,,,,"OAES.20220824.297143.F","D00000185736","fresh",,,"OAES.20220824.297143.H","D00000186103","hairAndWhisker",,,"0000-0000-0068-7943","0000-0002-5328-740X",,,"1ed21c97-8ba8-4aea-89e7-8babf7dfaf33"
"2db2c9db-d825-4b6f-b65a-6ed103c8fff0","e85e602e-5bcb-4cab-af4d-7b73697647f5","OAES_007.mammalGrid.mam","D11","OAES","OAES_007","H2","distributed","shrubScrub",35.419420,-99.055808,"WGS84",45.1,522.6,0.1,"6 - trap set and empty","ShermanXLK","2022-08-24","2022-08-24",,,,,,,,,,,,,,,,,,,,,,,,,,,,,,,,,,,,,,,,,,,,"0000-0002-4194-7642","0000-0002-0594-4276",,,"acaeda46-9861-4548-bdd5-73f5a83064d0"
"916c2926-26c7-401a-a18a-acb508dbc50e","316e8c37-d7a1-45cd-9f04-8a177465e026","OAES_001.mammalGrid.mam","D11","OAES","OAES_001","B4","distributed","grasslandHerbaceous",35.413861,-99.058786,"WGS84",45.1,517.8,0.1,"6 - trap set and empty","ShermanXLK","2022-08-24","2022-08-24",,,,,,,,,,,,,,,,,,,,,,,,,,,,,,,,,,,,,,,,,,,,"0000-0002-5328-740X","0000-0000-0068-7943",,,"d8f17439-ce7e-49ab-9673-4d0f9d7e85ad"
"108cd115-f1cb-4ded-9105-d75e635f1f6e","316e8c37-d7a1-45cd-9f04-8a177465e026","OAES_001.mammalGrid.mam","D11","OAES","OAES_001","C10","distributed","grasslandHerbaceous",35.413861,-99.058786,"WGS84",45.1,517.8,0.1,"6 - trap set and empty","ShermanXLK","2022-08-24","2022-08-24",,,,,,,,,,,,,,,,,,,,,,,,,,,,,,,,,,,,,,,,,,,,"0000-0002-5328-740X","0000-0000-0068-7943",,,"288d59f4-e9a8-4faf-936a-7315909dac57"
"1d6ee3c4-50f7-49d1-a1ac-4f734a013f09","e85e602e-5bcb-4cab-af4d-7b73697647f5","OAES_007.mammalGrid.mam","D11","OAES","OAES_007","G2","distributed","shrubScrub",35.419420,-99.055808,"WGS84",45.1,522.6,0.1,"6 - trap set and empty","ShermanXLK","2022-08-24","2022-08-24",,,,,,,,,,,,,,,,,,,,,,,,,,,,,,,,,,,,,,,,,,,,"0000-0002-4194-7642","0000-0002-0594-4276",,,"56e5e455-5810-4bd8-a4a5-60a9c4471463"
"d1b3a7eb-cff7-4863-aa3d-5480f6446f0b","e85e602e-5bcb-4cab-af4d-7b73697647f5","OAES_007.mammalGrid.mam","D11","OAES","OAES_007","D9","distributed","shrubScrub",35.419420,-99.055808,"WGS84",45.1,522.6,0.1,"6 - trap set and empty","ShermanXLK","2022-08-24","2022-08-24",,,,,,,,,,,,,,,,,,,,,,,,,,,,,,,,,,,,,,,,,,,,"0000-0002-4194-7642","0000-0002-0594-4276",,,"eecad588-245f-4103-ac3a-95d4359623e0"
"873dee78-6b84-4be7-9720-72e885477740","e85e602e-5bcb-4cab-af4d-7b73697647f5","OAES_007.mammalGrid.mam","D11","OAES","OAES_007","J2","distributed","shrubScrub",35.419420,-99.055808,"WGS84",45.1,522.6,0.1,"6 - trap set and empty","ShermanXLK","2022-08-24","2022-08-24",,,,,,,,,,,,,,,,,,,,,,,,,,,,,,,,,,,,,,,,,,,,"0000-0002-4194-7642","0000-0002-0594-4276",,,"1aec159f-0115-41ea-80a6-badba2816c4d"
"4774c5ac-259f-4959-b262-caf8c09928c4","316e8c37-d7a1-45cd-9f04-8a177465e026","OAES_001.mammalGrid.mam","D11","OAES","OAES_001","A10","distributed","grasslandHerbaceous",35.413861,-99.058786,"WGS84",45.1,517.8,0.1,"6 - trap set and empty","ShermanXLK","2022-08-24","2022-08-24",,,,,,,,,,,,,,,,,,,,,,,,,,,,,,,,,,,,,,,,,,,,"0000-0002-5328-740X","0000-0000-0068-7943",,,"5a34589b-0fe0-47c7-ab06-7285793f2617"
"03f8b2a8-7883-412c-ae13-00589ab07a84","e85e602e-5bcb-4cab-af4d-7b73697647f5","OAES_007.mammalGrid.mam","D11","OAES","OAES_007","B7","distributed","shrubScrub",35.419420,-99.055808,"WGS84",45.1,522.6,0.1,"6 - trap set and empty","ShermanXLK","2022-08-24","2022-08-24",,,,,,,,,,,,,,,,,,,,,,,,,,,,,,,,,,,,,,,,,,,,"0000-0002-4194-7642","0000-0002-0594-4276",,,"dd9967c2-8cc3-4f64-800f-0bf6e79b8797"
"667f985d-bee9-468f-891c-78adcfd1dace","316e8c37-d7a1-45cd-9f04-8a177465e026","OAES_001.mammalGrid.mam","D11","OAES","OAES_001","B8","distributed","grasslandHerbaceous",35.413861,-99.058786,"WGS84",45.1,517.8,0.1,"6 - trap set and empty","ShermanXLK","2022-08-24","2022-08-24",,,,,,,,,,,,,,,,,,,,,,,,,,,,,,,,,,,,,,,,,,,,"0000-0002-5328-740X","0000-0000-0068-7943",,,"c6a56f68-2b23-4601-93bd-9ab1fb45fb33"
"1f2ccd04-cd44-464c-92e5-6e4ca0c71ea0","316e8c37-d7a1-45cd-9f04-8a177465e026","OAES_001.mammalGrid.mam","D11","OAES","OAES_001","G2","distributed","grasslandHerbaceous",35.413861,-99.058786,"WGS84",45.1,517.8,0.1,"2 - trap disturbed/door closed but empty","ShermanXLK","2022-08-24","2022-08-24",,,,,,,,,,,,,,,,,,,,,,,,,,,,,,,,,,,,,,,,,,,,"0000-0002-5328-740X","0000-0000-0068-7943",,,"d4e28898-9448-4de9-a4f2-531c69bde4b5"
"865d6214-37bc-4b50-ae5a-f93e4ef2c208","c9f15a56-982d-4bb3-8724-e46435247a06","OAES_004.mammalGrid.mam","D11","OAES","OAES_004","G8","distributed","grasslandHerbaceous",35.413166,-99.084368,"WGS84",45.1,507.6,0.1,"6 - trap set and empty","ShermanXLK","2022-08-24","2022-08-24",,,,,,,,,,,,,,,,,,,,,,,,,,,,,,,,,,,,,,,,,,,,"0000-0000-0068-7943","0000-0002-5328-740X",,,"47f7e21f-5f85-4df5-a2b5-9ddafc014f01"
"ac2e7298-6773-4680-8db6-49586fda0d8b","e85e602e-5bcb-4cab-af4d-7b73697647f5","OAES_007.mammalGrid.mam","D11","OAES","OAES_007","I9","distributed","shrubScrub",35.419420,-99.055808,"WGS84",45.1,522.6,0.1,"6 - trap set and empty","ShermanXLK","2022-08-24","2022-08-24",,,,,,,,,,,,,,,,,,,,,,,,,,,,,,,,,,,,,,,,,,,,"0000-0002-4194-7642","0000-0002-0594-4276",,,"b6465ad3-6898-438d-ba05-2aa6ceb20a47"
"c5c2ff1f-a8ed-49c5-b1f5-2c2e0b8cc8ed","e85e602e-5bcb-4cab-af4d-7b73697647f5","OAES_007.mammalGrid.mam","D11","OAES","OAES_007","H10","distributed","shrubScrub",35.419420,-99.055808,"WGS84",45.1,522.6,0.1,"6 - trap set and empty","ShermanXLK","2022-08-24","2022-08-24",,,,,,,,,,,,,,,,,,,,,,,,,,,,,,,,,,,,,,,,,,,,"0000-0002-4194-7642","0000-0002-0594-4276",,,"2cfae804-bff0-45aa-8113-db092ec59158"
"99372747-0c21-42aa-94ae-0d390f4c8875","fadab322-24d7-4246-b156-700156fbb86d","OAES_002.mammalGrid.mam","D11","OAES","OAES_002","G3","distributed","grasslandHerbaceous",35.419111,-99.050850,"WGS84",45.1,516.9,0.1,"6 - trap set and empty","ShermanXLK","2022-08-24","2022-08-24",,,,,,,,,,,,,,,,,,,,,,,,,,,,,,,,,,,,,,,,,,,,"0000-0002-4194-7642","0000-0002-0594-4276",,,"1f00c447-c551-4451-a44a-7e3511321658"
"d341cdda-5957-47ea-8a4f-78b7172841c5","e85e602e-5bcb-4cab-af4d-7b73697647f5","OAES_007.mammalGrid.mam","D11","OAES","OAES_007","J5","distributed","shrubScrub",35.419420,-99.055808,"WGS84",45.1,522.6,0.1,"6 - trap set and empty","ShermanXLK","2022-08-24","2022-08-24",,,,,,,,,,,,,,,,,,,,,,,,,,,,,,,,,,,,,,,,,,,,"0000-0002-4194-7642","0000-0002-0594-4276",,,"b4ec8ff5-b3a7-4c9a-9a1e-1e82ab23a1ef"
"0aa453ea-42b9-452d-b6e6-e0f4a7aee6c4","c9f15a56-982d-4bb3-8724-e46435247a06","OAES_004.mammalGrid.mam","D11","OAES","OAES_004","B9","distributed","grasslandHerbaceous",35.413166,-99.084368,"WGS84",45.1,507.6,0.1,"6 - trap set and empty","ShermanXLK","2022-08-24","2022-08-24",,,,,,,,,,,,,,,,,,,,,,,,,,,,,,,,,,,,,,,,,,,,"0000-0000-0068-7943","0000-0002-5328-740X",,,"28316965-799b-4c1c-b76a-a3a20b085843"
"2f7c0449-56b7-4af5-a265-586a11a13f1a","e85e602e-5bcb-4cab-af4d-7b73697647f5","OAES_007.mammalGrid.mam","D11","OAES","OAES_007","A4","distributed","shrubScrub",35.419420,-99.055808,"WGS84",45.1,522.6,0.1,"5 - capture","ShermanXLK","2022-08-24","2022-08-24","NEON.MAM.D11.373694",,"CHHI","Chaetodipus hispidus","species",,,,,"N","F","Y","processed",,"adult",,"nonenlarged","not","not plugged",24,,88,,45,"N","N","N",,,,,,,,,,"OAES.20220824.373694.E","D00000185727","OAES.20220824.373694.H","D00000186075","hairAndWhisker",,,"0000-0002-4194-7642","0000-0002-0594-4276",,,"47d60512-d4b9-4d35-998d-db0c4916e4fc"
"01e3259f-da7a-46d9-8f0f-c1cf44736823","fadab322-24d7-4246-b156-700156fbb86d","OAES_002.mammalGrid.mam","D11","OAES","OAES_002","J4","distributed","grasslandHerbaceous",35.419111,-99.050850,"WGS84",45.1,516.9,0.1,"5 - capture","ShermanXLK","2022-08-24","2022-08-24","NEON.MAM.D11.R3692",,"SIHI","Sigmodon hispidus","species",,"NEON.DOC.003137",,,"N","F","Y","processed",,"adult",,"nonenlarged","pregnant","not plugged",30,,,,117,"N","N","N",,,,"OAES.20220824.R3692.B","D00000185290","mandibular",,,,,,"OAES.20220824.R3692.H","D00000186134","hairAndWhisker",,,"0000-0002-4194-7642","0000-0002-0594-4276",,,"a1f1a990-c717-4f9f-a439-29d7cd604395"
"ce77991c-2ef9-4f47-8e22-403a76a11e8a","c9f15a56-982d-4bb3-8724-e46435247a06","OAES_004.mammalGrid.mam","D11","OAES","OAES_004","D3","distributed","grasslandHerbaceous",35.413166,-99.084368,"WGS84",45.1,507.6,0.1,"6 - trap set and empty","ShermanXLK","2022-08-24","2022-08-24",,,,,,,,,,,,,,,,,,,,,,,,,,,,,,,,,,,,,,,,,,,,"0000-0000-0068-7943","0000-0002-5328-740X",,,"4c4819ca-54fc-4aea-a8e1-d879e214af7a"
"04f3bce7-9a82-4376-820f-d47b650bf143","fadab322-24d7-4246-b156-700156fbb86d","OAES_002.mammalGrid.mam","D11","OAES","OAES_002","H4","distributed","grasslandHerbaceous",35.419111,-99.050850,"WGS84",45.1,516.9,0.1,"6 - trap set and empty","ShermanXLK","2022-08-24","2022-08-24",,,,,,,,,,,,,,,,,,,,,,,,,,,,,,,,,,,,,,,,,,,,"0000-0002-4194-7642","0000-0002-0594-4276",,,"7b54dd74-5db4-4dcc-879c-2ba18a779269"
"9d224e44-eafb-48e6-a17f-9311cb7b728c","fadab322-24d7-4246-b156-700156fbb86d","OAES_002.mammalGrid.mam","D11","OAES","OAES_002","D4","distributed","grasslandHerbaceous",35.419111,-99.050850,"WGS84",45.1,516.9,0.1,"6 - trap set and empty","ShermanXLK","2022-08-24","2022-08-24",,,,,,,,,,,,,,,,,,,,,,,,,,,,,,,,,,,,,,,,,,,,"0000-0002-4194-7642","0000-0002-0594-4276",,,"a53daddf-ba27-4cf2-a6ec-faee804fcffb"
"8d8357b9-7642-4dfe-a0ac-b23d431080cd","c9f15a56-982d-4bb3-8724-e46435247a06","OAES_004.mammalGrid.mam","D11","OAES","OAES_004","D1","distributed","grasslandHerbaceous",35.413166,-99.084368,"WGS84",45.1,507.6,0.1,"6 - trap set and empty","ShermanXLK","2022-08-24","2022-08-24",,,,,,,,,,,,,,,,,,,,,,,,,,,,,,,,,,,,,,,,,,,,"0000-0000-0068-7943","0000-0002-5328-740X",,,"1139854d-cdbe-4794-b463-44e772512e4f"
"61474f71-9ffe-4272-aacd-acc843d1a789","316e8c37-d7a1-45cd-9f04-8a177465e026","OAES_001.mammalGrid.mam","D11","OAES","OAES_001","B2","distributed","grasslandHerbaceous",35.413861,-99.058786,"WGS84",45.1,517.8,0.1,"6 - trap set and empty","ShermanXLK","2022-08-24","2022-08-24",,,,,,,,,,,,,,,,,,,,,,,,,,,,,,,,,,,,,,,,,,,,"0000-0002-5328-740X","0000-0000-0068-7943",,,"3a2741ef-9f8b-4a8d-858f-01e96eb3bfbc"
"05047ad0-8a31-46ce-89a6-30487b6e9415","c9f15a56-982d-4bb3-8724-e46435247a06","OAES_004.mammalGrid.mam","D11","OAES","OAES_004","E9","distributed","grasslandHerbaceous",35.413166,-99.084368,"WGS84",45.1,507.6,0.1,"3 - trap door open or closed w/ spoor left","ShermanXLK","2022-08-24","2022-08-24",,,,,,,,,,,,,,,,,,,,,,,,,,,,,,,,,,,,,,,,,,,,"0000-0000-0068-7943","0000-0002-5328-740X",,,"28661aad-ecaa-4b10-8edb-b73f04f5aad3"
"8378e81f-38bc-4dd6-9b80-ea82e065416c","c9f15a56-982d-4bb3-8724-e46435247a06","OAES_004.mammalGrid.mam","D11","OAES","OAES_004","B3","distributed","grasslandHerbaceous",35.413166,-99.084368,"WGS84",45.1,507.6,0.1,"6 - trap set and empty","ShermanXLK","2022-08-24","2022-08-24",,,,,,,,,,,,,,,,,,,,,,,,,,,,,,,,,,,,,,,,,,,,"0000-0000-0068-7943","0000-0002-5328-740X",,,"a6ca7286-292d-46b3-8b4d-a51e41dbdcc4"
"999a298e-0a4f-4a3d-857f-a6f078b502f4","316e8c37-d7a1-45cd-9f04-8a177465e026","OAES_001.mammalGrid.mam","D11","OAES","OAES_001","E4","distributed","grasslandHerbaceous",35.413861,-99.058786,"WGS84",45.1,517.8,0.1,"6 - trap set and empty","ShermanXLK","2022-08-24","2022-08-24",,,,,,,,,,,,,,,,,,,,,,,,,,,,,,,,,,,,,,,,,,,,"0000-0002-5328-740X","0000-0000-0068-7943",,,"85d7f586-9239-4209-b9c5-a0d2fc8e5431"
"d0d822f5-e412-4cd4-89a8-99b114194786","316e8c37-d7a1-45cd-9f04-8a177465e026","OAES_001.mammalGrid.mam","D11","OAES","OAES_001","J5","distributed","grasslandHerbaceous",35.413861,-99.058786,"WGS84",45.1,517.8,0.1,"6 - trap set and empty","ShermanXLK","2022-08-24","2022-08-24",,,,,,,,,,,,,,,,,,,,,,,,,,,,,,,,,,,,,,,,,,,,"0000-0002-5328-740X","0000-0000-0068-7943",,,"320316b4-b125-432f-afc5-b09a2ad3039d"
"157aebf1-82ac-40a4-8b39-66cee9ddad36","316e8c37-d7a1-45cd-9f04-8a177465e026","OAES_001.mammalGrid.mam","D11","OAES","OAES_001","I7","distributed","grasslandHerbaceous",35.413861,-99.058786,"WGS84",45.1,517.8,0.1,"6 - trap set and empty","ShermanXLK","2022-08-24","2022-08-24",,,,,,,,,,,,,,,,,,,,,,,,,,,,,,,,,,,,,,,,,,,,"0000-0002-5328-740X","0000-0000-0068-7943",,,"464d93d2-b021-406d-849c-920230d233e8"
"43c2d77d-2f36-4819-b23e-fb6dfae90d02","316e8c37-d7a1-45cd-9f04-8a177465e026","OAES_001.mammalGrid.mam","D11","OAES","OAES_001","H1","distributed","grasslandHerbaceous",35.413861,-99.058786,"WGS84",45.1,517.8,0.1,"6 - trap set and empty","ShermanXLK","2022-08-24","2022-08-24",,,,,,,,,,,,,,,,,,,,,,,,,,,,,,,,,,,,,,,,,,,,"0000-0002-5328-740X","0000-0000-0068-7943",,,"c34bb0f1-6b67-4eb9-af55-c556bd9de0ac"
"22beaafb-b3a5-40be-b80c-770958cccf58","e85e602e-5bcb-4cab-af4d-7b73697647f5","OAES_007.mammalGrid.mam","D11","OAES","OAES_007","F10","distributed","shrubScrub",35.419420,-99.055808,"WGS84",45.1,522.6,0.1,"6 - trap set and empty","ShermanXLK","2022-08-24","2022-08-24",,,,,,,,,,,,,,,,,,,,,,,,,,,,,,,,,,,,,,,,,,,,"0000-0002-4194-7642","0000-0002-0594-4276",,,"16821879-7d26-40e2-90a7-963ca776d289"
"5749b52e-84bd-4dfb-a80d-2d531260ec78","c9f15a56-982d-4bb3-8724-e46435247a06","OAES_004.mammalGrid.mam","D11","OAES","OAES_004","C10","distributed","grasslandHerbaceous",35.413166,-99.084368,"WGS84",45.1,507.6,0.1,"6 - trap set and empty","ShermanXLK","2022-08-24","2022-08-24",,,,,,,,,,,,,,,,,,,,,,,,,,,,,,,,,,,,,,,,,,,,"0000-0000-0068-7943","0000-0002-5328-740X",,,"052c4238-e5dd-41ea-bb0a-018c651d9fcf"
"22f44bc9-ba66-46fe-9b02-5934a02bb6f9","316e8c37-d7a1-45cd-9f04-8a177465e026","OAES_001.mammalGrid.mam","D11","OAES","OAES_001","H3","distributed","grasslandHerbaceous",35.413861,-99.058786,"WGS84",45.1,517.8,0.1,"6 - trap set and empty","ShermanXLK","2022-08-24","2022-08-24",,,,,,,,,,,,,,,,,,,,,,,,,,,,,,,,,,,,,,,,,,,,"0000-0002-5328-740X","0000-0000-0068-7943",,,"4659bfb3-6a50-4fe1-a823-a75ec8712eea"
"aec639db-e586-42e4-b21a-dbba4af2737e","e85e602e-5bcb-4cab-af4d-7b73697647f5","OAES_007.mammalGrid.mam","D11","OAES","OAES_007","G8","distributed","shrubScrub",35.419420,-99.055808,"WGS84",45.1,522.6,0.1,"6 - trap set and empty","ShermanXLK","2022-08-24","2022-08-24",,,,,,,,,,,,,,,,,,,,,,,,,,,,,,,,,,,,,,,,,,,,"0000-0002-4194-7642","0000-0002-0594-4276",,,"986d9e1e-80fb-4b96-9ecf-279964a2cb46"
"497022af-f815-4e30-9737-f9134c94061b","316e8c37-d7a1-45cd-9f04-8a177465e026","OAES_001.mammalGrid.mam","D11","OAES","OAES_001","F10","distributed","grasslandHerbaceous",35.413861,-99.058786,"WGS84",45.1,517.8,0.1,"6 - trap set and empty","ShermanXLK","2022-08-24","2022-08-24",,,,,,,,,,,,,,,,,,,,,,,,,,,,,,,,,,,,,,,,,,,,"0000-0002-5328-740X","0000-0000-0068-7943",,,"982ac435-5895-4a9b-a733-17a0731a8542"
"cde490d0-4e6f-4b03-a631-98dddd7ee35a","c9f15a56-982d-4bb3-8724-e46435247a06","OAES_004.mammalGrid.mam","D11","OAES","OAES_004","D8","distributed","grasslandHerbaceous",35.413166,-99.084368,"WGS84",45.1,507.6,0.1,"6 - trap set and empty","ShermanXLK","2022-08-24","2022-08-24",,,,,,,,,,,,,,,,,,,,,,,,,,,,,,,,,,,,,,,,,,,,"0000-0000-0068-7943","0000-0002-5328-740X",,,"7d63cf6f-3c4e-4873-8073-46873d0b304b"
"437ce779-4314-43f4-9fc7-72a265ff9a0c","fadab322-24d7-4246-b156-700156fbb86d","OAES_002.mammalGrid.mam","D11","OAES","OAES_002","H3","distributed","grasslandHerbaceous",35.419111,-99.050850,"WGS84",45.1,516.9,0.1,"6 - trap set and empty","ShermanXLK","2022-08-24","2022-08-24",,,,,,,,,,,,,,,,,,,,,,,,,,,,,,,,,,,,,,,,,,,,"0000-0002-4194-7642","0000-0002-0594-4276",,,"46e33848-0076-4b01-bdca-4c2fb092834f"
"1606b42f-fceb-4481-bb8d-b244e2a95986","fadab322-24d7-4246-b156-700156fbb86d","OAES_002.mammalGrid.mam","D11","OAES","OAES_002","D3","distributed","grasslandHerbaceous",35.419111,-99.050850,"WGS84",45.1,516.9,0.1,"3 - trap door open or closed w/ spoor left","ShermanXLK","2022-08-24","2022-08-24",,,,,,,,,,,,,,,,,,,,,,,,,,,,,,,,,,,,,,,,,,,,"0000-0002-4194-7642","0000-0002-0594-4276",,,"af5300c2-bc44-484f-b8a6-cc60a63997fc"
"568290dd-d54a-4697-931b-0422186a7b58","c9f15a56-982d-4bb3-8724-e46435247a06","OAES_004.mammalGrid.mam","D11","OAES","OAES_004","I10","distributed","grasslandHerbaceous",35.413166,-99.084368,"WGS84",45.1,507.6,0.1,"6 - trap set and empty","ShermanXLK","2022-08-24","2022-08-24",,,,,,,,,,,,,,,,,,,,,,,,,,,,,,,,,,,,,,,,,,,,"0000-0000-0068-7943","0000-0002-5328-740X",,,"f72f6be5-27ef-4d1d-b59b-3ff1267c5304"
"693bf903-ec77-43d3-84a8-0a189e1e2578","316e8c37-d7a1-45cd-9f04-8a177465e026","OAES_001.mammalGrid.mam","D11","OAES","OAES_001","G1","distributed","grasslandHerbaceous",35.413861,-99.058786,"WGS84",45.1,517.8,0.1,"2 - trap disturbed/door closed but empty","ShermanXLK","2022-08-24","2022-08-24",,,,,,,,,,,,,,,,,,,,,,,,,,,,,,,,,,,,,,,,,,,,"0000-0002-5328-740X","0000-0000-0068-7943",,,"9707ab76-b64b-4ef1-b8fe-aa48a75f96ac"
"35cd88bf-1b20-49d0-a12e-5280ea57c857","e85e602e-5bcb-4cab-af4d-7b73697647f5","OAES_007.mammalGrid.mam","D11","OAES","OAES_007","J6","distributed","shrubScrub",35.419420,-99.055808,"WGS84",45.1,522.6,0.1,"6 - trap set and empty","ShermanXLK","2022-08-24","2022-08-24",,,,,,,,,,,,,,,,,,,,,,,,,,,,,,,,,,,,,,,,,,,,"0000-0002-4194-7642","0000-0002-0594-4276",,,"8d9b4b0a-4e9c-4c77-9f53-c38335cd864d"
"4b975fb6-2a80-45b1-b2b2-a0af751bcfff","fadab322-24d7-4246-b156-700156fbb86d","OAES_002.mammalGrid.mam","D11","OAES","OAES_002","C8","distributed","grasslandHerbaceous",35.419111,-99.050850,"WGS84",45.1,516.9,0.1,"6 - trap set and empty","ShermanXLK","2022-08-24","2022-08-24",,,,,,,,,,,,,,,,,,,,,,,,,,,,,,,,,,,,,,,,,,,,"0000-0002-4194-7642","0000-0002-0594-4276",,,"c9866c6f-1d30-4db7-bb72-d97541341210"
"7e03b69b-cfe6-428f-aad9-a347653f1bbc","fadab322-24d7-4246-b156-700156fbb86d","OAES_002.mammalGrid.mam","D11","OAES","OAES_002","D10","distributed","grasslandHerbaceous",35.419111,-99.050850,"WGS84",45.1,516.9,0.1,"5 - capture","ShermanXLK","2022-08-24","2022-08-24","NEON.MAM.D11.297190",,"PEFL","Perognathus flavus","species",,"NEON.DOC.003137",,,"N","M","Y","processed",,"adult","nonscrotal",,,,16,,,,6,"N","N","N",,,,,,,"OAES.20220824.297190.F","D00000185879","fresh",,,,,,,,"0000-0002-4194-7642","0000-0002-0594-4276",,,"43289530-eb66-4516-9fea-92e82c0c17a1"
"6c491e20-0849-45f5-99b5-091ce1c11708","c9f15a56-982d-4bb3-8724-e46435247a06","OAES_004.mammalGrid.mam","D11","OAES","OAES_004","G6","distributed","grasslandHerbaceous",35.413166,-99.084368,"WGS84",45.1,507.6,0.1,"6 - trap set and empty","ShermanXLK","2022-08-24","2022-08-24",,,,,,,,,,,,,,,,,,,,,,,,,,,,,,,,,,,,,,,,,,,,"0000-0000-0068-7943","0000-0002-5328-740X",,,"07a9fd18-8f6f-46f0-8417-41303ba0ebd1"
"433cda77-41c9-41ac-9452-3bf7dc2b5a3c","c9f15a56-982d-4bb3-8724-e46435247a06","OAES_004.mammalGrid.mam","D11","OAES","OAES_004","C1","distributed","grasslandHerbaceous",35.413166,-99.084368,"WGS84",45.1,507.6,0.1,"6 - trap set and empty","ShermanXLK","2022-08-24","2022-08-24",,,,,,,,,,,,,,,,,,,,,,,,,,,,,,,,,,,,,,,,,,,,"0000-0000-0068-7943","0000-0002-5328-740X",,,"f881bb0a-5e13-4c62-9a54-e4ec90d1cf76"
"aba9c297-4a3a-4b3f-9ea8-b120ea9f5903","c9f15a56-982d-4bb3-8724-e46435247a06","OAES_004.mammalGrid.mam","D11","OAES","OAES_004","G7","distributed","grasslandHerbaceous",35.413166,-99.084368,"WGS84",45.1,507.6,0.1,"6 - trap set and empty","ShermanXLK","2022-08-24","2022-08-24",,,,,,,,,,,,,,,,,,,,,,,,,,,,,,,,,,,,,,,,,,,,"0000-0000-0068-7943","0000-0002-5328-740X",,,"26134f4d-0625-4ef3-a410-943912ee412a"
"f70e2d88-f3b0-47c4-bcb3-111532fd2c20","316e8c37-d7a1-45cd-9f04-8a177465e026","OAES_001.mammalGrid.mam","D11","OAES","OAES_001","F5","distributed","grasslandHerbaceous",35.413861,-99.058786,"WGS84",45.1,517.8,0.1,"3 - trap door open or closed w/ spoor left","ShermanXLK","2022-08-24","2022-08-24",,,,,,,,,,,,,,,,,,,,,,,,,,,,,,,,,,,,,,,,,,,,"0000-0002-5328-740X","0000-0000-0068-7943",,,"282ae3bc-17b5-41a4-b89c-abbfe443d972"
"85d99b38-db88-41e2-9670-5ccf2717a32e","316e8c37-d7a1-45cd-9f04-8a177465e026","OAES_001.mammalGrid.mam","D11","OAES","OAES_001","C4","distributed","grasslandHerbaceous",35.413861,-99.058786,"WGS84",45.1,517.8,0.1,"6 - trap set and empty","ShermanXLK","2022-08-24","2022-08-24",,,,,,,,,,,,,,,,,,,,,,,,,,,,,,,,,,,,,,,,,,,,"0000-0002-5328-740X","0000-0000-0068-7943",,,"f7e4cf4e-ea78-46ba-9613-05994ef7a639"
"d070fa66-b7b3-49b6-8e05-a4ac518e424c","e85e602e-5bcb-4cab-af4d-7b73697647f5","OAES_007.mammalGrid.mam","D11","OAES","OAES_007","F7","distributed","shrubScrub",35.419420,-99.055808,"WGS84",45.1,522.6,0.1,"6 - trap set and empty","ShermanXLK","2022-08-24","2022-08-24",,,,,,,,,,,,,,,,,,,,,,,,,,,,,,,,,,,,,,,,,,,,"0000-0002-4194-7642","0000-0002-0594-4276",,,"17b6feee-02cd-4de6-832d-2636312f2cc3"
"1ad55981-a28f-47a9-99d0-dd98cf0867c5","c9f15a56-982d-4bb3-8724-e46435247a06","OAES_004.mammalGrid.mam","D11","OAES","OAES_004","A9","distributed","grasslandHerbaceous",35.413166,-99.084368,"WGS84",45.1,507.6,0.1,"6 - trap set and empty","ShermanXLK","2022-08-24","2022-08-24",,,,,,,,,,,,,,,,,,,,,,,,,,,,,,,,,,,,,,,,,,,,"0000-0000-0068-7943","0000-0002-5328-740X",,,"e668955e-de9f-4449-bf08-4e22e70b3e01"
"1cf22940-b074-4b1f-a4e6-5d470ff618a8","c9f15a56-982d-4bb3-8724-e46435247a06","OAES_004.mammalGrid.mam","D11","OAES","OAES_004","C5","distributed","grasslandHerbaceous",35.413166,-99.084368,"WGS84",45.1,507.6,0.1,"6 - trap set and empty","ShermanXLK","2022-08-24","2022-08-24",,,,,,,,,,,,,,,,,,,,,,,,,,,,,,,,,,,,,,,,,,,,"0000-0000-0068-7943","0000-0002-5328-740X",,,"cce06c82-52a7-4ba2-b6fc-65ac732b73b3"
"38df8525-4055-4dfb-a803-d79487e930ea","c9f15a56-982d-4bb3-8724-e46435247a06","OAES_004.mammalGrid.mam","D11","OAES","OAES_004","A2","distributed","grasslandHerbaceous",35.413166,-99.084368,"WGS84",45.1,507.6,0.1,"6 - trap set and empty","ShermanXLK","2022-08-24","2022-08-24",,,,,,,,,,,,,,,,,,,,,,,,,,,,,,,,,,,,,,,,,,,,"0000-0000-0068-7943","0000-0002-5328-740X",,,"21dca1bf-39f1-4e19-8f07-d2afb2c77727"
"8a10bb2d-09f8-42ac-a440-b3b2a358648e","e85e602e-5bcb-4cab-af4d-7b73697647f5","OAES_007.mammalGrid.mam","D11","OAES","OAES_007","C4","distributed","shrubScrub",35.419420,-99.055808,"WGS84",45.1,522.6,0.1,"6 - trap set and empty","ShermanXLK","2022-08-24","2022-08-24",,,,,,,,,,,,,,,,,,,,,,,,,,,,,,,,,,,,,,,,,,,,"0000-0002-4194-7642","0000-0002-0594-4276",,,"78faab49-579f-48f9-ad09-43830bbc81ae"
"3d2a9f15-640b-4bee-969c-01420b6a3a82","e85e602e-5bcb-4cab-af4d-7b73697647f5","OAES_007.mammalGrid.mam","D11","OAES","OAES_007","I8","distributed","shrubScrub",35.419420,-99.055808,"WGS84",45.1,522.6,0.1,"6 - trap set and empty","ShermanXLK","2022-08-24","2022-08-24",,,,,,,,,,,,,,,,,,,,,,,,,,,,,,,,,,,,,,,,,,,,"0000-0002-4194-7642","0000-0002-0594-4276",,,"43960f1e-6e39-4c18-9448-d82a5c66efd1"
"6f1a6afb-80a0-4d0c-b430-d024d4d332f0","fadab322-24d7-4246-b156-700156fbb86d","OAES_002.mammalGrid.mam","D11","OAES","OAES_002","B6","distributed","grasslandHerbaceous",35.419111,-99.050850,"WGS84",45.1,516.9,0.1,"6 - trap set and empty","ShermanXLK","2022-08-24","2022-08-24",,,,,,,,,,,,,,,,,,,,,,,,,,,,,,,,,,,,,,,,,,,,"0000-0002-4194-7642","0000-0002-0594-4276",,,"34e8c721-6385-4e7d-a40c-28886d1a2637"
"0c4840b4-43d4-404c-b41d-4da8c4e83979","316e8c37-d7a1-45cd-9f04-8a177465e026","OAES_001.mammalGrid.mam","D11","OAES","OAES_001","A2","distributed","grasslandHerbaceous",35.413861,-99.058786,"WGS84",45.1,517.8,0.1,"6 - trap set and empty","ShermanXLK","2022-08-24","2022-08-24",,,,,,,,,,,,,,,,,,,,,,,,,,,,,,,,,,,,,,,,,,,,"0000-0002-5328-740X","0000-0000-0068-7943",,,"75297ed4-a662-4935-bce9-fe198b5849a0"
"3f2fc2ef-3af9-4a04-9fb4-00f8ef3164b3","e85e602e-5bcb-4cab-af4d-7b73697647f5","OAES_007.mammalGrid.mam","D11","OAES","OAES_007","F8","distributed","shrubScrub",35.419420,-99.055808,"WGS84",45.1,522.6,0.1,"6 - trap set and empty","ShermanXLK","2022-08-24","2022-08-24",,,,,,,,,,,,,,,,,,,,,,,,,,,,,,,,,,,,,,,,,,,,"0000-0002-4194-7642","0000-0002-0594-4276",,,"1a50ffd6-b4d4-444d-930e-7043b7eb1598"
"44cb8ca1-3032-4377-9242-ff4ab11d3990","fadab322-24d7-4246-b156-700156fbb86d","OAES_002.mammalGrid.mam","D11","OAES","OAES_002","B5","distributed","grasslandHerbaceous",35.419111,-99.050850,"WGS84",45.1,516.9,0.1,"5 - capture","ShermanXLK","2022-08-24","2022-08-24","NEON.MAM.D11.373657",,"PEFL","Perognathus flavus","species",,"NEON.DOC.003137",,,"N","M","N","processed",,"adult","scrotal",,,,14,,,,9,"N","N","N",,,,,,,"OAES.20220824.373657.F","D00000185564","fresh","OAES.20220824.373657.E","D00000185604",,,,,,"0000-0002-4194-7642","0000-0002-0594-4276",,,"b2c18b1d-0db1-47d2-a0b3-b5aaf7c5b92d"
"dd14970b-c382-4293-861a-5be290e0c8b7","fadab322-24d7-4246-b156-700156fbb86d","OAES_002.mammalGrid.mam","D11","OAES","OAES_002","H6","distributed","grasslandHerbaceous",35.419111,-99.050850,"WGS84",45.1,516.9,0.1,"6 - trap set and empty","ShermanXLK","2022-08-24","2022-08-24",,,,,,,,,,,,,,,,,,,,,,,,,,,,,,,,,,,,,,,,,,,,"0000-0002-4194-7642","0000-0002-0594-4276",,,"665b6b5f-803a-40bf-b5b6-30e7c70a3940"
"c5803b02-cb6b-4fcd-ac79-0ed8b75ae839","fadab322-24d7-4246-b156-700156fbb86d","OAES_002.mammalGrid.mam","D11","OAES","OAES_002","J9","distributed","grasslandHerbaceous",35.419111,-99.050850,"WGS84",45.1,516.9,0.1,"6 - trap set and empty","ShermanXLK","2022-08-24","2022-08-24",,,,,,,,,,,,,,,,,,,,,,,,,,,,,,,,,,,,,,,,,,,,"0000-0002-4194-7642","0000-0002-0594-4276",,,"53489bda-f517-4143-bf0f-bd4f1493b1be"
"3cb07463-78a2-41f7-9d59-352b085aaf86","e85e602e-5bcb-4cab-af4d-7b73697647f5","OAES_007.mammalGrid.mam","D11","OAES","OAES_007","C5","distributed","shrubScrub",35.419420,-99.055808,"WGS84",45.1,522.6,0.1,"6 - trap set and empty","ShermanXLK","2022-08-24","2022-08-24",,,,,,,,,,,,,,,,,,,,,,,,,,,,,,,,,,,,,,,,,,,,"0000-0002-4194-7642","0000-0002-0594-4276",,,"023ca7e9-b605-47a0-ad1e-3c47cad1f552"
"5afd4193-e494-45ad-8186-7cb8d7c90295","fadab322-24d7-4246-b156-700156fbb86d","OAES_002.mammalGrid.mam","D11","OAES","OAES_002","J7","distributed","grasslandHerbaceous",35.419111,-99.050850,"WGS84",45.1,516.9,0.1,"6 - trap set and empty","ShermanXLK","2022-08-24","2022-08-24",,,,,,,,,,,,,,,,,,,,,,,,,,,,,,,,,,,,,,,,,,,,"0000-0002-4194-7642","0000-0002-0594-4276",,,"15151260-bb2c-4704-b6fd-1af5960d7ab9"
"ee1d63e6-8cdf-4c92-8616-1e9b6a0f1eac","fadab322-24d7-4246-b156-700156fbb86d","OAES_002.mammalGrid.mam","D11","OAES","OAES_002","A3","distributed","grasslandHerbaceous",35.419111,-99.050850,"WGS84",45.1,516.9,0.1,"6 - trap set and empty","ShermanXLK","2022-08-24","2022-08-24",,,,,,,,,,,,,,,,,,,,,,,,,,,,,,,,,,,,,,,,,,,,"0000-0002-4194-7642","0000-0002-0594-4276",,,"daafd4e9-359c-47db-a178-3e412b650517"
"ec2747bb-bcc6-4b43-932e-aa051f13c7e3","c9f15a56-982d-4bb3-8724-e46435247a06","OAES_004.mammalGrid.mam","D11","OAES","OAES_004","H9","distributed","grasslandHerbaceous",35.413166,-99.084368,"WGS84",45.1,507.6,0.1,"6 - trap set and empty","ShermanXLK","2022-08-24","2022-08-24",,,,,,,,,,,,,,,,,,,,,,,,,,,,,,,,,,,,,,,,,,,,"0000-0000-0068-7943","0000-0002-5328-740X",,,"fdb3278d-81a2-4576-b3aa-2720a1510d02"
"9fa9bfa2-15dd-4339-81df-329ca6eef4d2","fadab322-24d7-4246-b156-700156fbb86d","OAES_002.mammalGrid.mam","D11","OAES","OAES_002","F5","distributed","grasslandHerbaceous",35.419111,-99.050850,"WGS84",45.1,516.9,0.1,"6 - trap set and empty","ShermanXLK","2022-08-24","2022-08-24",,,,,,,,,,,,,,,,,,,,,,,,,,,,,,,,,,,,,,,,,,,,"0000-0002-4194-7642","0000-0002-0594-4276",,,"adbe43fa-8e5a-40c4-91e4-c86892a372d0"
"2fa738c4-6892-4d73-b1a8-c40877cced78","c9f15a56-982d-4bb3-8724-e46435247a06","OAES_004.mammalGrid.mam","D11","OAES","OAES_004","J8","distributed","grasslandHerbaceous",35.413166,-99.084368,"WGS84",45.1,507.6,0.1,"6 - trap set and empty","ShermanXLK","2022-08-24","2022-08-24",,,,,,,,,,,,,,,,,,,,,,,,,,,,,,,,,,,,,,,,,,,,"0000-0000-0068-7943","0000-0002-5328-740X",,,"8c61db18-92bd-425c-938d-a79f236cd386"
"8d69cb1e-2f50-4ac0-aaa1-af83041d2cb6","c9f15a56-982d-4bb3-8724-e46435247a06","OAES_004.mammalGrid.mam","D11","OAES","OAES_004","I2","distributed","grasslandHerbaceous",35.413166,-99.084368,"WGS84",45.1,507.6,0.1,"6 - trap set and empty","ShermanXLK","2022-08-24","2022-08-24",,,,,,,,,,,,,,,,,,,,,,,,,,,,,,,,,,,,,,,,,,,,"0000-0000-0068-7943","0000-0002-5328-740X",,,"d887d3ee-1f4b-4914-801c-8f45e74b4867"
"6db3451a-5fa4-4f04-82f7-f775dfdb98ec","fadab322-24d7-4246-b156-700156fbb86d","OAES_002.mammalGrid.mam","D11","OAES","OAES_002","I1","distributed","grasslandHerbaceous",35.419111,-99.050850,"WGS84",45.1,516.9,0.1,"6 - trap set and empty","ShermanXLK","2022-08-24","2022-08-24",,,,,,,,,,,,,,,,,,,,,,,,,,,,,,,,,,,,,,,,,,,,"0000-0002-4194-7642","0000-0002-0594-4276",,,"83762022-3fea-4383-a52d-0892af428df2"
"51678f90-2fb0-4ccf-9f4a-cededeaa1053","316e8c37-d7a1-45cd-9f04-8a177465e026","OAES_001.mammalGrid.mam","D11","OAES","OAES_001","A3","distributed","grasslandHerbaceous",35.413861,-99.058786,"WGS84",45.1,517.8,0.1,"5 - capture","ShermanXLK","2022-08-24","2022-08-24","NEON.MAM.D11.373600",,"CHHI","Chaetodipus hispidus","species",,,,,"N","F","N","processed",,"subadult",,"nonenlarged","not","not plugged",24,,98,,28,"N","N","N",,,,,,,,,,"OAES.20220824.373600.E","D00000185742","OAES.20220824.373600.H","D00000186073","hairAndWhisker",,,"0000-0002-5328-740X","0000-0000-0068-7943",,,"ff80a201-5dbd-4c83-8ab6-915bfb8272f8"
"294b4ba0-f334-472d-8137-b26d95257e40","fadab322-24d7-4246-b156-700156fbb86d","OAES_002.mammalGrid.mam","D11","OAES","OAES_002","I9","distributed","grasslandHerbaceous",35.419111,-99.050850,"WGS84",45.1,516.9,0.1,"5 - capture","ShermanXLK","2022-08-24","2022-08-24","NEON.MAM.D11.R3914",,"REMO","Reithrodontomys montanus","species","cf. species","NEON.DOC.003137",,,"N","M","N","processed",,"adult","nonscrotal",,,,16,,55,,9,"N","N","N",,,,,,,"OAES.20220824.R3914.F","D00000185607","fresh","OAES.20220824.R3914.E","D00000185581","OAES.20220824.R3914.H","D00000186136","hairAndWhisker",,,"0000-0002-4194-7642","0000-0002-0594-4276",,,"058a0fda-cfb8-4e17-aebb-f4d4fb13dc56"
"826ac8e8-c65b-400c-bf46-d4e7f9b33175","fadab322-24d7-4246-b156-700156fbb86d","OAES_002.mammalGrid.mam","D11","OAES","OAES_002","C4","distributed","grasslandHerbaceous",35.419111,-99.050850,"WGS84",45.1,516.9,0.1,"6 - trap set and empty","ShermanXLK","2022-08-24","2022-08-24",,,,,,,,,,,,,,,,,,,,,,,,,,,,,,,,,,,,,,,,,,,,"0000-0002-4194-7642","0000-0002-0594-4276",,,"92d14f00-ecd3-4c04-bdbe-211fc00acb7a"
"f1d067a9-1929-4224-b59e-137aa87ca481","316e8c37-d7a1-45cd-9f04-8a177465e026","OAES_001.mammalGrid.mam","D11","OAES","OAES_001","F9","distributed","grasslandHerbaceous",35.413861,-99.058786,"WGS84",45.1,517.8,0.1,"6 - trap set and empty","ShermanXLK","2022-08-24","2022-08-24",,,,,,,,,,,,,,,,,,,,,,,,,,,,,,,,,,,,,,,,,,,,"0000-0002-5328-740X","0000-0000-0068-7943",,,"a7f1a76b-f003-4796-b5b0-791f26f69921"
"f60456bd-5139-48fb-a398-e491aeaf3666","316e8c37-d7a1-45cd-9f04-8a177465e026","OAES_001.mammalGrid.mam","D11","OAES","OAES_001","F8","distributed","grasslandHerbaceous",35.413861,-99.058786,"WGS84",45.1,517.8,0.1,"5 - capture","ShermanXLK","2022-08-24","2022-08-24","NEON.MAM.D11.373550",,"CHHI","Chaetodipus hispidus","species",,,,,"N","F","Y","processed",,"adult",,"nonenlarged","not","not plugged",24,,95,,30,"N","N","N",,,,,,,"OAES.20220824.373550.F","D00000185741","fresh",,,"OAES.20220824.373550.H","D00000186108","hairAndWhisker",,,"0000-0002-5328-740X","0000-0000-0068-7943",,,"fa305b23-4399-4ef2-9fb8-ce114d049ed8"
"45037725-cd0d-4cd1-a98f-df4abf776544","e85e602e-5bcb-4cab-af4d-7b73697647f5","OAES_007.mammalGrid.mam","D11","OAES","OAES_007","J10","distributed","shrubScrub",35.419420,-99.055808,"WGS84",45.1,522.6,0.1,"6 - trap set and empty","ShermanXLK","2022-08-24","2022-08-24",,,,,,,,,,,,,,,,,,,,,,,,,,,,,,,,,,,,,,,,,,,,"0000-0002-4194-7642","0000-0002-0594-4276",,,"e776062a-8153-44cc-8a7c-a18ee3ca14c8"
"e019d396-a8cc-4d82-b18c-a5aa50d52b2a","c9f15a56-982d-4bb3-8724-e46435247a06","OAES_004.mammalGrid.mam","D11","OAES","OAES_004","D4","distributed","grasslandHerbaceous",35.413166,-99.084368,"WGS84",45.1,507.6,0.1,"6 - trap set and empty","ShermanXLK","2022-08-24","2022-08-24",,,,,,,,,,,,,,,,,,,,,,,,,,,,,,,,,,,,,,,,,,,,"0000-0000-0068-7943","0000-0002-5328-740X",,,"4cb692cd-d846-4b65-b93b-6c2fe6ecb6f3"
"1f67d4b3-f3d7-4455-a9ea-fdbae6ac3d3a","316e8c37-d7a1-45cd-9f04-8a177465e026","OAES_001.mammalGrid.mam","D11","OAES","OAES_001","D10","distributed","grasslandHerbaceous",35.413861,-99.058786,"WGS84",45.1,517.8,0.1,"6 - trap set and empty","ShermanXLK","2022-08-24","2022-08-24",,,,,,,,,,,,,,,,,,,,,,,,,,,,,,,,,,,,,,,,,,,,"0000-0002-5328-740X","0000-0000-0068-7943",,,"1f976d3b-5c7f-40ca-bbfa-53686bb8710a"
"33f920ce-32e7-4945-a1e0-eed2089e2fa1","316e8c37-d7a1-45cd-9f04-8a177465e026","OAES_001.mammalGrid.mam","D11","OAES","OAES_001","C7","distributed","grasslandHerbaceous",35.413861,-99.058786,"WGS84",45.1,517.8,0.1,"5 - capture","ShermanXLK","2022-08-24","2022-08-24","NEON.MAM.D11.373605",,"CHHI","Chaetodipus hispidus","species",,,,,"N","F","Y","processed",,"adult",,"nonenlarged","not","not plugged",23,,90,,27,"N","N","N",,,,,,,,,,,,"OAES.20220824.373605.H","D00000186071","hairAndWhisker",,,"0000-0002-5328-740X","0000-0000-0068-7943",,,"6b5a3d7e-5ec1-4b81-8fb0-5bbab754ec33"
"def85a44-89f8-4989-b981-bbcc57aca9a3","fadab322-24d7-4246-b156-700156fbb86d","OAES_002.mammalGrid.mam","D11","OAES","OAES_002","I5","distributed","grasslandHerbaceous",35.419111,-99.050850,"WGS84",45.1,516.9,0.1,"5 - capture","ShermanXLK","2022-08-24","2022-08-24","NEON.MAM.D11.R3965",,"SIHI","Sigmodon hispidus","species",,"NEON.DOC.003137",,,"N","F","Y","not processed",,"adult",,"nonenlarged","not","not plugged",,,,,,"N","N","N",,,,,,,,,,,,,,,,,"0000-0002-4194-7642","0000-0002-0594-4276",,,"c26b91fa-0182-4d66-8341-e989057f7e0d"
"c11bfbed-b181-4a74-8dcc-c3c92b71ab54","e85e602e-5bcb-4cab-af4d-7b73697647f5","OAES_007.mammalGrid.mam","D11","OAES","OAES_007","E7","distributed","shrubScrub",35.419420,-99.055808,"WGS84",45.1,522.6,0.1,"6 - trap set and empty","ShermanXLK","2022-08-24","2022-08-24",,,,,,,,,,,,,,,,,,,,,,,,,,,,,,,,,,,,,,,,,,,,"0000-0002-4194-7642","0000-0002-0594-4276",,,"4cbd3288-b3cd-49e0-8c2e-a93bcbaebd19"
"8acbfe40-4c58-4ecd-9356-78d35461d33e","c9f15a56-982d-4bb3-8724-e46435247a06","OAES_004.mammalGrid.mam","D11","OAES","OAES_004","F2","distributed","grasslandHerbaceous",35.413166,-99.084368,"WGS84",45.1,507.6,0.1,"6 - trap set and empty","ShermanXLK","2022-08-24","2022-08-24",,,,,,,,,,,,,,,,,,,,,,,,,,,,,,,,,,,,,,,,,,,,"0000-0000-0068-7943","0000-0002-5328-740X",,,"fb283db3-c2bf-40b5-bc52-27b5bdbfb4ef"
"006fcc6c-43ca-43aa-a4b8-20e4b0b68e82","fadab322-24d7-4246-b156-700156fbb86d","OAES_002.mammalGrid.mam","D11","OAES","OAES_002","F7","distributed","grasslandHerbaceous",35.419111,-99.050850,"WGS84",45.1,516.9,0.1,"6 - trap set and empty","ShermanXLK","2022-08-24","2022-08-24",,,,,,,,,,,,,,,,,,,,,,,,,,,,,,,,,,,,,,,,,,,,"0000-0002-4194-7642","0000-0002-0594-4276",,,"f8360432-050d-43a0-909c-aa728d83e2c9"
"35fd316b-fa06-4110-a5ee-a296a2ff8ed8","c9f15a56-982d-4bb3-8724-e46435247a06","OAES_004.mammalGrid.mam","D11","OAES","OAES_004","B1","distributed","grasslandHerbaceous",35.413166,-99.084368,"WGS84",45.1,507.6,0.1,"6 - trap set and empty","ShermanXLK","2022-08-24","2022-08-24",,,,,,,,,,,,,,,,,,,,,,,,,,,,,,,,,,,,,,,,,,,,"0000-0000-0068-7943","0000-0002-5328-740X",,,"aee6c285-98b6-44ed-a1e0-7c42b94ca1d5"
"6dc9ab05-902d-4590-afae-5202e0aafe5c","fadab322-24d7-4246-b156-700156fbb86d","OAES_002.mammalGrid.mam","D11","OAES","OAES_002","C2","distributed","grasslandHerbaceous",35.419111,-99.050850,"WGS84",45.1,516.9,0.1,"5 - capture","ShermanXLK","2022-08-24","2022-08-24","NEON.MAM.D11.R3925",,"PELE","Peromyscus leucopus","species",,"NEON.DOC.003137",,,"N","F","N","dead",,"subadult",,"nonenlarged","not","not plugged",21,,72,147,16,"N","N","N",,,,,,"unsuccessful","OAES.20220824.R3925.F","D00000185880","fresh","OAES.20220824.R3925.E","D00000185884","OAES.20220824.R3925.H","D00000186113","hairAndWhisker",,,"0000-0002-4194-7642","0000-0002-0594-4276",,,"998e0ca8-3b66-41ac-b914-cb513ffe799b"
"76a48897-27f2-461a-9e9c-38d0bfeaf445","e85e602e-5bcb-4cab-af4d-7b73697647f5","OAES_007.mammalGrid.mam","D11","OAES","OAES_007","C10","distributed","shrubScrub",35.419420,-99.055808,"WGS84",45.1,522.6,0.1,"6 - trap set and empty","ShermanXLK","2022-08-24","2022-08-24",,,,,,,,,,,,,,,,,,,,,,,,,,,,,,,,,,,,,,,,,,,,"0000-0002-4194-7642","0000-0002-0594-4276",,,"0ab85559-7929-4825-bfd6-33cb54a7ef58"
"b6b70a6a-9b1d-4c3e-af2c-0822e6b05a75","316e8c37-d7a1-45cd-9f04-8a177465e026","OAES_001.mammalGrid.mam","D11","OAES","OAES_001","I5","distributed","grasslandHerbaceous",35.413861,-99.058786,"WGS84",45.1,517.8,0.1,"6 - trap set and empty","ShermanXLK","2022-08-24","2022-08-24",,,,,,,,,,,,,,,,,,,,,,,,,,,,,,,,,,,,,,,,,,,,"0000-0002-5328-740X","0000-0000-0068-7943",,,"a78a048d-1745-4b8e-bdd6-0aa66dc67005"
"19b63544-d2e5-4492-be27-9086e6a5c631","fadab322-24d7-4246-b156-700156fbb86d","OAES_002.mammalGrid.mam","D11","OAES","OAES_002","C5","distributed","grasslandHerbaceous",35.419111,-99.050850,"WGS84",45.1,516.9,0.1,"3 - trap door open or closed w/ spoor left","ShermanXLK","2022-08-24","2022-08-24",,,,,,,,,,,,,,,,,,,,,,,,,,,,,,,,,,,,,,,,,,,,"0000-0002-4194-7642","0000-0002-0594-4276",,,"9d3777ca-7179-4ea6-bdbc-92fbe1f0bfa2"
"dab889c8-496b-40f4-83c3-9e37ddcec777","316e8c37-d7a1-45cd-9f04-8a177465e026","OAES_001.mammalGrid.mam","D11","OAES","OAES_001","B10","distributed","grasslandHerbaceous",35.413861,-99.058786,"WGS84",45.1,517.8,0.1,"6 - trap set and empty","ShermanXLK","2022-08-24","2022-08-24",,,,,,,,,,,,,,,,,,,,,,,,,,,,,,,,,,,,,,,,,,,,"0000-0002-5328-740X","0000-0000-0068-7943",,,"92ea3381-d364-4da0-8242-6091c7b19886"
"3aafa1d6-8bee-43ed-b4df-29cc4c0063d4","c9f15a56-982d-4bb3-8724-e46435247a06","OAES_004.mammalGrid.mam","D11","OAES","OAES_004","E10","distributed","grasslandHerbaceous",35.413166,-99.084368,"WGS84",45.1,507.6,0.1,"6 - trap set and empty","ShermanXLK","2022-08-24","2022-08-24",,,,,,,,,,,,,,,,,,,,,,,,,,,,,,,,,,,,,,,,,,,,"0000-0000-0068-7943","0000-0002-5328-740X",,,"f852b14e-25d0-4cc1-b6ef-6fe7fbfac106"
"6d102007-8283-41dd-b4d5-eb0f74136719","fadab322-24d7-4246-b156-700156fbb86d","OAES_002.mammalGrid.mam","D11","OAES","OAES_002","A5","distributed","grasslandHerbaceous",35.419111,-99.050850,"WGS84",45.1,516.9,0.1,"6 - trap set and empty","ShermanXLK","2022-08-24","2022-08-24",,,,,,,,,,,,,,,,,,,,,,,,,,,,,,,,,,,,,,,,,,,,"0000-0002-4194-7642","0000-0002-0594-4276",,,"64c9a6ce-10ff-48b4-b1ef-48540b139f06"
"e3e1f1dc-de05-4438-9d80-3170f36d9ed1","c9f15a56-982d-4bb3-8724-e46435247a06","OAES_004.mammalGrid.mam","D11","OAES","OAES_004","H1","distributed","grasslandHerbaceous",35.413166,-99.084368,"WGS84",45.1,507.6,0.1,"5 - capture","ShermanXLK","2022-08-24","2022-08-24","NEON.MAM.D11.373697",,"CHHI","Chaetodipus hispidus","species",,,,,"N","F","Y","processed",,"adult",,"enlarged","not","not plugged",25,,99,,47,"N","N","N",,,,,,,,,,,,"OAES.20220824.373697.H","D00000186105","hairAndWhisker",,,"0000-0000-0068-7943","0000-0002-5328-740X",,,"03fdc879-19e4-4054-922f-82092d6c22c7"
"28184088-f0ab-4d44-b0de-8d5f72a414a7","316e8c37-d7a1-45cd-9f04-8a177465e026","OAES_001.mammalGrid.mam","D11","OAES","OAES_001","I2","distributed","grasslandHerbaceous",35.413861,-99.058786,"WGS84",45.1,517.8,0.1,"6 - trap set and empty","ShermanXLK","2022-08-24","2022-08-24",,,,,,,,,,,,,,,,,,,,,,,,,,,,,,,,,,,,,,,,,,,,"0000-0002-5328-740X","0000-0000-0068-7943",,,"1505e968-3c23-4c98-a740-1b0001628204"
"f90f3348-73b4-4923-b709-211b8edbd5cb","fadab322-24d7-4246-b156-700156fbb86d","OAES_002.mammalGrid.mam","D11","OAES","OAES_002","F2","distributed","grasslandHerbaceous",35.419111,-99.050850,"WGS84",45.1,516.9,0.1,"5 - capture","ShermanXLK","2022-08-24","2022-08-24","NEON.MAM.D11.373618",,"PEFV","Perognathus flavescens","species",,"NEON.DOC.003137",,,"N","F","Y","processed",,"adult",,"nonenlarged","not","not plugged",16,,,,10,"N","N","N",,,,,,,"OAES.20220824.373618.F","D00000185589","fresh",,,,,,,,"0000-0002-4194-7642","0000-0002-0594-4276",,,"b150e5a8-70f0-4f45-ab4a-49661cff6151"
"be39338a-5d1e-49a4-b20c-6139b12a2a07","c9f15a56-982d-4bb3-8724-e46435247a06","OAES_004.mammalGrid.mam","D11","OAES","OAES_004","E7","distributed","grasslandHerbaceous",35.413166,-99.084368,"WGS84",45.1,507.6,0.1,"6 - trap set and empty","ShermanXLK","2022-08-24","2022-08-24",,,,,,,,,,,,,,,,,,,,,,,,,,,,,,,,,,,,,,,,,,,,"0000-0000-0068-7943","0000-0002-5328-740X",,,"dd3f9264-4696-45e9-add6-8272e191011d"
"71d4fb9e-0011-46c5-977a-5348a1bcb11b","316e8c37-d7a1-45cd-9f04-8a177465e026","OAES_001.mammalGrid.mam","D11","OAES","OAES_001","H10","distributed","grasslandHerbaceous",35.413861,-99.058786,"WGS84",45.1,517.8,0.1,"6 - trap set and empty","ShermanXLK","2022-08-24","2022-08-24",,,,,,,,,,,,,,,,,,,,,,,,,,,,,,,,,,,,,,,,,,,,"0000-0002-5328-740X","0000-0000-0068-7943",,,"17a7a12b-1151-48fb-8d59-208f6f425fc4"
"092cd610-23d9-4528-9a1e-6259c1ff4993","e85e602e-5bcb-4cab-af4d-7b73697647f5","OAES_007.mammalGrid.mam","D11","OAES","OAES_007","J1","distributed","shrubScrub",35.419420,-99.055808,"WGS84",45.1,522.6,0.1,"6 - trap set and empty","ShermanXLK","2022-08-24","2022-08-24",,,,,,,,,,,,,,,,,,,,,,,,,,,,,,,,,,,,,,,,,,,,"0000-0002-4194-7642","0000-0002-0594-4276",,,"78a8e80a-b42e-426a-acef-cd7e38647176"
"dfa960cf-6d0f-4f45-8ae6-98e7d62731fb","c9f15a56-982d-4bb3-8724-e46435247a06","OAES_004.mammalGrid.mam","D11","OAES","OAES_004","E8","distributed","grasslandHerbaceous",35.413166,-99.084368,"WGS84",45.1,507.6,0.1,"6 - trap set and empty","ShermanXLK","2022-08-24","2022-08-24",,,,,,,,,,,,,,,,,,,,,,,,,,,,,,,,,,,,,,,,,,,,"0000-0000-0068-7943","0000-0002-5328-740X",,,"7668ddc4-acd6-4c6f-b182-523c1582d998"
"79bfe274-fb20-4bcc-8a90-05ea34bff3a3","c9f15a56-982d-4bb3-8724-e46435247a06","OAES_004.mammalGrid.mam","D11","OAES","OAES_004","F6","distributed","grasslandHerbaceous",35.413166,-99.084368,"WGS84",45.1,507.6,0.1,"6 - trap set and empty","ShermanXLK","2022-08-24","2022-08-24",,,,,,,,,,,,,,,,,,,,,,,,,,,,,,,,,,,,,,,,,,,,"0000-0000-0068-7943","0000-0002-5328-740X",,,"b8f57156-f619-4467-bc57-47528bbd6c76"
"84c5c25f-7f80-4754-8238-84002a7e67a7","fadab322-24d7-4246-b156-700156fbb86d","OAES_002.mammalGrid.mam","D11","OAES","OAES_002","H10","distributed","grasslandHerbaceous",35.419111,-99.050850,"WGS84",45.1,516.9,0.1,"5 - capture","ShermanXLK","2022-08-24","2022-08-24","NEON.MAM.D11.373701",,"PEFL","Perognathus flavus","species",,"NEON.DOC.003137",,,"N","M","N","processed",,"adult","nonscrotal",,,,15,,,,7,"N","N","N",,,,,,,"OAES.20220824.373701.F","D00000185586","fresh","OAES.20220824.373701.E","D00000185559",,,,,,"0000-0002-4194-7642","0000-0002-0594-4276",,,"15c5ff69-7d3f-4842-bbd9-6df793781e4f"
"67e3d22d-f107-4c0a-82bc-fac60d874ca0","e85e602e-5bcb-4cab-af4d-7b73697647f5","OAES_007.mammalGrid.mam","D11","OAES","OAES_007","A10","distributed","shrubScrub",35.419420,-99.055808,"WGS84",45.1,522.6,0.1,"5 - capture","ShermanXLK","2022-08-24","2022-08-24","NEON.MAM.D11.R3648",,"SIHI","Sigmodon hispidus","species",,,,,"N","F","Y","processed",,"adult",,"nonenlarged","not","swollen",26,17,106,,89,"Y","N","N","1-5",,,"OAES.20220824.R3648.B","D00000185468","mandibular - QNS",,,,"OAES.20220824.R3648.E","D00000185730","OAES.20220824.R3648.H","D00000186129","hairAndWhisker",,,"0000-0002-4194-7642","0000-0002-0594-4276",,,"defbab1b-2510-4b80-8b5f-f6cf660adf9a"
"f078cfa0-e4f6-4a14-9a30-09b45b165458","c9f15a56-982d-4bb3-8724-e46435247a06","OAES_004.mammalGrid.mam","D11","OAES","OAES_004","B5","distributed","grasslandHerbaceous",35.413166,-99.084368,"WGS84",45.1,507.6,0.1,"6 - trap set and empty","ShermanXLK","2022-08-24","2022-08-24",,,,,,,,,,,,,,,,,,,,,,,,,,,,,,,,,,,,,,,,,,,,"0000-0000-0068-7943","0000-0002-5328-740X",,,"e87b322d-33d6-4507-9cfb-be89e604d0f8"
"e19bb43f-c19e-4188-8daf-ea19a53c004f","fadab322-24d7-4246-b156-700156fbb86d","OAES_002.mammalGrid.mam","D11","OAES","OAES_002","A6","distributed","grasslandHerbaceous",35.419111,-99.050850,"WGS84",45.1,516.9,0.1,"6 - trap set and empty","ShermanXLK","2022-08-24","2022-08-24",,,,,,,,,,,,,,,,,,,,,,,,,,,,,,,,,,,,,,,,,,,,"0000-0002-4194-7642","0000-0002-0594-4276",,,"11b055f1-4f32-41b7-b8a9-6b2279fdc36b"
"d99d8637-034a-4dad-8dbd-d73675b27f06","fadab322-24d7-4246-b156-700156fbb86d","OAES_002.mammalGrid.mam","D11","OAES","OAES_002","A2","distributed","grasslandHerbaceous",35.419111,-99.050850,"WGS84",45.1,516.9,0.1,"3 - trap door open or closed w/ spoor left","ShermanXLK","2022-08-24","2022-08-24",,,,,,,,,,,,,,,,,,,,,,,,,,,,,,,,,,,,,,,,,,,,"0000-0002-4194-7642","0000-0002-0594-4276",,,"0d4659b7-c14a-46a0-bb0e-e8cc6ba2a8a5"
"bf1f2dae-619e-4101-8fba-663a2ad3dd76","c9f15a56-982d-4bb3-8724-e46435247a06","OAES_004.mammalGrid.mam","D11","OAES","OAES_004","A4","distributed","grasslandHerbaceous",35.413166,-99.084368,"WGS84",45.1,507.6,0.1,"6 - trap set and empty","ShermanXLK","2022-08-24","2022-08-24",,,,,,,,,,,,,,,,,,,,,,,,,,,,,,,,,,,,,,,,,,,,"0000-0000-0068-7943","0000-0002-5328-740X",,,"65134b29-34e6-41c6-8883-4471bb3be7ff"
"7cfbb8dd-1f71-468c-9928-64e871df154f","fadab322-24d7-4246-b156-700156fbb86d","OAES_002.mammalGrid.mam","D11","OAES","OAES_002","D7","distributed","grasslandHerbaceous",35.419111,-99.050850,"WGS84",45.1,516.9,0.1,"6 - trap set and empty","ShermanXLK","2022-08-24","2022-08-24",,,,,,,,,,,,,,,,,,,,,,,,,,,,,,,,,,,,,,,,,,,,"0000-0002-4194-7642","0000-0002-0594-4276",,,"256e8b50-bd63-4c8f-861e-025f12a6bf42"
"f418e765-0c89-43df-9fed-8261b68b41db","fadab322-24d7-4246-b156-700156fbb86d","OAES_002.mammalGrid.mam","D11","OAES","OAES_002","E5","distributed","grasslandHerbaceous",35.419111,-99.050850,"WGS84",45.1,516.9,0.1,"6 - trap set and empty","ShermanXLK","2022-08-24","2022-08-24",,,,,,,,,,,,,,,,,,,,,,,,,,,,,,,,,,,,,,,,,,,,"0000-0002-4194-7642","0000-0002-0594-4276",,,"6b65cfb1-8fd5-4892-9544-f66c99fb3299"
"8c618c6f-1082-4cb4-8dbc-0b9b0f605b02","316e8c37-d7a1-45cd-9f04-8a177465e026","OAES_001.mammalGrid.mam","D11","OAES","OAES_001","G3","distributed","grasslandHerbaceous",35.413861,-99.058786,"WGS84",45.1,517.8,0.1,"6 - trap set and empty","ShermanXLK","2022-08-24","2022-08-24",,,,,,,,,,,,,,,,,,,,,,,,,,,,,,,,,,,,,,,,,,,,"0000-0002-5328-740X","0000-0000-0068-7943",,,"cb6ddd25-1fa6-4824-92d3-70443c7229f4"
"22fa6fde-8a6c-475b-ab05-f20878cd3f29","fadab322-24d7-4246-b156-700156fbb86d","OAES_002.mammalGrid.mam","D11","OAES","OAES_002","A10","distributed","grasslandHerbaceous",35.419111,-99.050850,"WGS84",45.1,516.9,0.1,"5 - capture","ShermanXLK","2022-08-24","2022-08-24","NEON.MAM.D11.373654",,"PEFL","Perognathus flavus","species",,"NEON.DOC.003137",,,"N","F","N","processed",,"adult",,"nonenlarged","not","not plugged",15,,,,8,"N","N","N",,,,,,,,,,"OAES.20220824.373654.E","D00000185892",,,,,,"0000-0002-4194-7642","0000-0002-0594-4276",,,"99981a0f-33d5-4c2f-86bc-c67c12b63829"
"f03da508-d978-4248-886e-ea7b8f7ec034","fadab322-24d7-4246-b156-700156fbb86d","OAES_002.mammalGrid.mam","D11","OAES","OAES_002","G10","distributed","grasslandHerbaceous",35.419111,-99.050850,"WGS84",45.1,516.9,0.1,"6 - trap set and empty","ShermanXLK","2022-08-24","2022-08-24",,,,,,,,,,,,,,,,,,,,,,,,,,,,,,,,,,,,,,,,,,,,"0000-0002-4194-7642","0000-0002-0594-4276",,,"265bf440-1096-4aa5-8797-1afbc22dc17b"
"64d59fb5-601a-4cbb-a8ca-0e68d2caeabd","fadab322-24d7-4246-b156-700156fbb86d","OAES_002.mammalGrid.mam","D11","OAES","OAES_002","J2","distributed","grasslandHerbaceous",35.419111,-99.050850,"WGS84",45.1,516.9,0.1,"6 - trap set and empty","ShermanXLK","2022-08-24","2022-08-24",,,,,,,,,,,,,,,,,,,,,,,,,,,,,,,,,,,,,,,,,,,,"0000-0002-4194-7642","0000-0002-0594-4276",,,"0c113a42-5365-4baf-ae40-68ba0adc6298"
"b701fb66-576f-4056-81ee-28f02b231f1b","fadab322-24d7-4246-b156-700156fbb86d","OAES_002.mammalGrid.mam","D11","OAES","OAES_002","E6","distributed","grasslandHerbaceous",35.419111,-99.050850,"WGS84",45.1,516.9,0.1,"5 - capture","ShermanXLK","2022-08-24","2022-08-24","NEON.MAM.D11.R3905",,"SIHI","Sigmodon hispidus","species",,"NEON.DOC.003137",,,"N","M","N","processed",,"subadult","nonscrotal",,,,29,,,,52,"N","N","N",,,,"OAES.20220824.R3905.B","D00000185296","mandibular","OAES.20220824.R3905.F","D00000185878","fresh","OAES.20220824.R3905.E","D00000185596","OAES.20220824.R3905.H","D00000186110","hairAndWhisker",,,"0000-0002-4194-7642","0000-0002-0594-4276",,,"7722edeb-572e-4b0f-bf18-eeaca9372963"
"ee9fef98-7a3a-49e8-8f89-cc031857f85b","e85e602e-5bcb-4cab-af4d-7b73697647f5","OAES_007.mammalGrid.mam","D11","OAES","OAES_007","D8","distributed","shrubScrub",35.419420,-99.055808,"WGS84",45.1,522.6,0.1,"6 - trap set and empty","ShermanXLK","2022-08-24","2022-08-24",,,,,,,,,,,,,,,,,,,,,,,,,,,,,,,,,,,,,,,,,,,,"0000-0002-4194-7642","0000-0002-0594-4276",,,"62a234b3-db75-42a4-8b33-4df1d21708e2"
"c973485c-217b-4e7f-87d3-2181de2ffbe9","c9f15a56-982d-4bb3-8724-e46435247a06","OAES_004.mammalGrid.mam","D11","OAES","OAES_004","F1","distributed","grasslandHerbaceous",35.413166,-99.084368,"WGS84",45.1,507.6,0.1,"6 - trap set and empty","ShermanXLK","2022-08-24","2022-08-24",,,,,,,,,,,,,,,,,,,,,,,,,,,,,,,,,,,,,,,,,,,,"0000-0000-0068-7943","0000-0002-5328-740X",,,"4ae347b7-7a8c-4def-af37-0eb5ba43011b"
"fbf6d3b6-3a41-44b0-abfb-ad0f1c1f9b40","fadab322-24d7-4246-b156-700156fbb86d","OAES_002.mammalGrid.mam","D11","OAES","OAES_002","E10","distributed","grasslandHerbaceous",35.419111,-99.050850,"WGS84",45.1,516.9,0.1,"6 - trap set and empty","ShermanXLK","2022-08-24","2022-08-24",,,,,,,,,,,,,,,,,,,,,,,,,,,,,,,,,,,,,,,,,,,,"0000-0002-4194-7642","0000-0002-0594-4276",,,"c6e3c9ca-3e70-497d-9f2f-a972129cfb72"
"3684f837-f261-44ff-96fd-c3ca3f72629e","c9f15a56-982d-4bb3-8724-e46435247a06","OAES_004.mammalGrid.mam","D11","OAES","OAES_004","H3","distributed","grasslandHerbaceous",35.413166,-99.084368,"WGS84",45.1,507.6,0.1,"6 - trap set and empty","ShermanXLK","2022-08-24","2022-08-24",,,,,,,,,,,,,,,,,,,,,,,,,,,,,,,,,,,,,,,,,,,,"0000-0000-0068-7943","0000-0002-5328-740X",,,"d80039eb-cf8c-4666-a6ca-91c746502092"
"21905fd1-56ea-4421-83b2-13e2a50fa2b8","c9f15a56-982d-4bb3-8724-e46435247a06","OAES_004.mammalGrid.mam","D11","OAES","OAES_004","H2","distributed","grasslandHerbaceous",35.413166,-99.084368,"WGS84",45.1,507.6,0.1,"6 - trap set and empty","ShermanXLK","2022-08-24","2022-08-24",,,,,,,,,,,,,,,,,,,,,,,,,,,,,,,,,,,,,,,,,,,,"0000-0000-0068-7943","0000-0002-5328-740X",,,"fa5465ff-e896-4097-b5c2-257507641e1d"
"d74f83ab-d655-44dc-ad54-8400f89e61ca","316e8c37-d7a1-45cd-9f04-8a177465e026","OAES_001.mammalGrid.mam","D11","OAES","OAES_001","D8","distributed","grasslandHerbaceous",35.413861,-99.058786,"WGS84",45.1,517.8,0.1,"6 - trap set and empty","ShermanXLK","2022-08-24","2022-08-24",,,,,,,,,,,,,,,,,,,,,,,,,,,,,,,,,,,,,,,,,,,,"0000-0002-5328-740X","0000-0000-0068-7943",,,"6bdd721c-8fbe-44e8-84ae-e87388fec121"
"3bd4cece-b2ea-4cf6-8eea-e1d9cda7c202","fadab322-24d7-4246-b156-700156fbb86d","OAES_002.mammalGrid.mam","D11","OAES","OAES_002","E3","distributed","grasslandHerbaceous",35.419111,-99.050850,"WGS84",45.1,516.9,0.1,"6 - trap set and empty","ShermanXLK","2022-08-24","2022-08-24",,,,,,,,,,,,,,,,,,,,,,,,,,,,,,,,,,,,,,,,,,,,"0000-0002-4194-7642","0000-0002-0594-4276",,,"369b1352-d6e8-4711-940a-8917aa64e4b8"
"269863e8-193a-48ad-84ac-fa7cf7889108","c9f15a56-982d-4bb3-8724-e46435247a06","OAES_004.mammalGrid.mam","D11","OAES","OAES_004","J7","distributed","grasslandHerbaceous",35.413166,-99.084368,"WGS84",45.1,507.6,0.1,"2 - trap disturbed/door closed but empty","ShermanXLK","2022-08-24","2022-08-24",,,,,,,,,,,,,,,,,,,,,,,,,,,,,,,,,,,,,,,,,,,,"0000-0000-0068-7943","0000-0002-5328-740X",,,"bff849de-7cdd-4ed5-828f-0bbb10ba95a9"
"dab1aa23-bfaa-4198-87b3-72e1a0554c5b","316e8c37-d7a1-45cd-9f04-8a177465e026","OAES_001.mammalGrid.mam","D11","OAES","OAES_001","E9","distributed","grasslandHerbaceous",35.413861,-99.058786,"WGS84",45.1,517.8,0.1,"6 - trap set and empty","ShermanXLK","2022-08-24","2022-08-24",,,,,,,,,,,,,,,,,,,,,,,,,,,,,,,,,,,,,,,,,,,,"0000-0002-5328-740X","0000-0000-0068-7943",,,"44014afc-41de-42b2-af30-7eeee1c3c926"
"97ca79c0-96fd-4296-a915-5239eb557e50","e85e602e-5bcb-4cab-af4d-7b73697647f5","OAES_007.mammalGrid.mam","D11","OAES","OAES_007","B1","distributed","shrubScrub",35.419420,-99.055808,"WGS84",45.1,522.6,0.1,"6 - trap set and empty","ShermanXLK","2022-08-24","2022-08-24",,,,,,,,,,,,,,,,,,,,,,,,,,,,,,,,,,,,,,,,,,,,"0000-0002-4194-7642","0000-0002-0594-4276",,,"b6a61fa2-595e-46c6-8ca4-78db1c30583c"
"149de853-e5d9-4824-abff-6331310ebfde","e85e602e-5bcb-4cab-af4d-7b73697647f5","OAES_007.mammalGrid.mam","D11","OAES","OAES_007","E8","distributed","shrubScrub",35.419420,-99.055808,"WGS84",45.1,522.6,0.1,"6 - trap set and empty","ShermanXLK","2022-08-24","2022-08-24",,,,,,,,,,,,,,,,,,,,,,,,,,,,,,,,,,,,,,,,,,,,"0000-0002-4194-7642","0000-0002-0594-4276",,,"26064d65-7e9b-41fe-a171-a2d8aef2659b"
"6116b8d7-d54c-488d-8bdb-55395955ffaa","316e8c37-d7a1-45cd-9f04-8a177465e026","OAES_001.mammalGrid.mam","D11","OAES","OAES_001","H7","distributed","grasslandHerbaceous",35.413861,-99.058786,"WGS84",45.1,517.8,0.1,"6 - trap set and empty","ShermanXLK","2022-08-24","2022-08-24",,,,,,,,,,,,,,,,,,,,,,,,,,,,,,,,,,,,,,,,,,,,"0000-0002-5328-740X","0000-0000-0068-7943",,,"2215b324-6f4e-4466-b122-f97e836db051"
"ef4a7072-91f7-4ba4-940b-c367e95d6058","c9f15a56-982d-4bb3-8724-e46435247a06","OAES_004.mammalGrid.mam","D11","OAES","OAES_004","J9","distributed","grasslandHerbaceous",35.413166,-99.084368,"WGS84",45.1,507.6,0.1,"6 - trap set and empty","ShermanXLK","2022-08-24","2022-08-24",,,,,,,,,,,,,,,,,,,,,,,,,,,,,,,,,,,,,,,,,,,,"0000-0000-0068-7943","0000-0002-5328-740X",,,"ccdef236-952b-490b-93cc-524c93f3dd07"
"6b32d66a-aff0-44cc-8481-e44fa9b2c379","e85e602e-5bcb-4cab-af4d-7b73697647f5","OAES_007.mammalGrid.mam","D11","OAES","OAES_007","A3","distributed","shrubScrub",35.419420,-99.055808,"WGS84",45.1,522.6,0.1,"6 - trap set and empty","ShermanXLK","2022-08-24","2022-08-24",,,,,,,,,,,,,,,,,,,,,,,,,,,,,,,,,,,,,,,,,,,,"0000-0002-4194-7642","0000-0002-0594-4276",,,"00b83919-8cf3-4078-8908-fda02d0ea743"
"4d2e6abf-6332-427f-b8c3-05babf5581cb","e85e602e-5bcb-4cab-af4d-7b73697647f5","OAES_007.mammalGrid.mam","D11","OAES","OAES_007","E4","distributed","shrubScrub",35.419420,-99.055808,"WGS84",45.1,522.6,0.1,"5 - capture","ShermanXLK","2022-08-24","2022-08-24","NEON.MAM.D11.373714",,"CHHI","Chaetodipus hispidus","species",,"NEON.DOC.003137",,,"N","M","Y","processed",,"juvenile","nonscrotal",,,,,,,,18,"U","U","U",,,,,,,"OAES.20220824.373714.F","D00000185861","fresh","OAES.20220824.373714.E","D00000185875",,,,,,"0000-0002-4194-7642","0000-0002-0594-4276",,,"709a50a8-a8ae-45b4-bdb3-97d3bf62c148"
"0929932b-6ed8-4964-b681-1705477d3727","316e8c37-d7a1-45cd-9f04-8a177465e026","OAES_001.mammalGrid.mam","D11","OAES","OAES_001","I10","distributed","grasslandHerbaceous",35.413861,-99.058786,"WGS84",45.1,517.8,0.1,"6 - trap set and empty","ShermanXLK","2022-08-24","2022-08-24",,,,,,,,,,,,,,,,,,,,,,,,,,,,,,,,,,,,,,,,,,,,"0000-0002-5328-740X","0000-0000-0068-7943",,,"e4b47d7b-91f4-4e21-8f5e-10039700242c"
"6922efdf-79dc-4950-9860-40db4d7d8644","316e8c37-d7a1-45cd-9f04-8a177465e026","OAES_001.mammalGrid.mam","D11","OAES","OAES_001","H6","distributed","grasslandHerbaceous",35.413861,-99.058786,"WGS84",45.1,517.8,0.1,"5 - capture","ShermanXLK","2022-08-24","2022-08-24","NEON.MAM.D11.R3789",,"PEMA","Peromyscus maniculatus","species",,,,,"N","M","Y","processed",,"adult","nonscrotal",,,,17,13,54,,15,"N","N","N",,,,,,,"OAES.20220824.R3789.F","D00000185754","fresh",,,,,,,,"0000-0002-5328-740X","0000-0000-0068-7943",,,"5ff717b9-be6a-4979-8955-bd6943b9aaf3"
"409159dd-05fb-49c1-895b-e2fcbe4cdd20","316e8c37-d7a1-45cd-9f04-8a177465e026","OAES_001.mammalGrid.mam","D11","OAES","OAES_001","C5","distributed","grasslandHerbaceous",35.413861,-99.058786,"WGS84",45.1,517.8,0.1,"6 - trap set and empty","ShermanXLK","2022-08-24","2022-08-24",,,,,,,,,,,,,,,,,,,,,,,,,,,,,,,,,,,,,,,,,,,,"0000-0002-5328-740X","0000-0000-0068-7943",,,"c1338754-d1fa-4b26-98fb-c4c394930822"
"dff1f578-b131-4902-9650-554b95404d2d","316e8c37-d7a1-45cd-9f04-8a177465e026","OAES_001.mammalGrid.mam","D11","OAES","OAES_001","E5","distributed","grasslandHerbaceous",35.413861,-99.058786,"WGS84",45.1,517.8,0.1,"6 - trap set and empty","ShermanXLK","2022-08-24","2022-08-24",,,,,,,,,,,,,,,,,,,,,,,,,,,,,,,,,,,,,,,,,,,,"0000-0002-5328-740X","0000-0000-0068-7943",,,"723d1732-f4f9-4434-8723-41f567d88d78"
"27273576-fab2-4537-88c3-3682a45b24c4","316e8c37-d7a1-45cd-9f04-8a177465e026","OAES_001.mammalGrid.mam","D11","OAES","OAES_001","B7","distributed","grasslandHerbaceous",35.413861,-99.058786,"WGS84",45.1,517.8,0.1,"6 - trap set and empty","ShermanXLK","2022-08-24","2022-08-24",,,,,,,,,,,,,,,,,,,,,,,,,,,,,,,,,,,,,,,,,,,,"0000-0002-5328-740X","0000-0000-0068-7943",,,"86cf15de-9023-4c06-8289-2281018f740a"
"5603dba7-7c00-4ae6-8e9a-3f6ee3603fc0","e85e602e-5bcb-4cab-af4d-7b73697647f5","OAES_007.mammalGrid.mam","D11","OAES","OAES_007","B4","distributed","shrubScrub",35.419420,-99.055808,"WGS84",45.1,522.6,0.1,"5 - capture","ShermanXLK","2022-08-24","2022-08-24","NEON.MAM.D11.373546",,"CHHI","Chaetodipus hispidus","species",,,,,"N","F","N","processed",,"adult",,"nonenlarged","not","not plugged",27,,79,,50,"Y","N","N","1-5",,,,,,"OAES.20220824.373546.F","D00000185755","fresh","OAES.20220824.373546.E","D00000185635","OAES.20220824.373546.H","D00000186140","hairAndWhisker",,,"0000-0002-4194-7642","0000-0002-0594-4276",,,"baba9e13-43d5-4ff3-bb01-de77bf90d031"
"ff9c6add-594f-476b-865c-b3163fce4973","fadab322-24d7-4246-b156-700156fbb86d","OAES_002.mammalGrid.mam","D11","OAES","OAES_002","F1","distributed","grasslandHerbaceous",35.419111,-99.050850,"WGS84",45.1,516.9,0.1,"6 - trap set and empty","ShermanXLK","2022-08-24","2022-08-24",,,,,,,,,,,,,,,,,,,,,,,,,,,,,,,,,,,,,,,,,,,,"0000-0002-4194-7642","0000-0002-0594-4276",,,"a02809ea-d66e-4c23-b300-52f7a579c17e"
"86bde0bc-919d-4a7b-972a-557d6885497d","fadab322-24d7-4246-b156-700156fbb86d","OAES_002.mammalGrid.mam","D11","OAES","OAES_002","G8","distributed","grasslandHerbaceous",35.419111,-99.050850,"WGS84",45.1,516.9,0.1,"6 - trap set and empty","ShermanXLK","2022-08-24","2022-08-24",,,,,,,,,,,,,,,,,,,,,,,,,,,,,,,,,,,,,,,,,,,,"0000-0002-4194-7642","0000-0002-0594-4276",,,"197b5ff4-0106-4776-a3c3-90b94fb99853"
"69f2a28e-0802-49b9-9249-5e563930b05a","316e8c37-d7a1-45cd-9f04-8a177465e026","OAES_001.mammalGrid.mam","D11","OAES","OAES_001","J6","distributed","grasslandHerbaceous",35.413861,-99.058786,"WGS84",45.1,517.8,0.1,"2 - trap disturbed/door closed but empty","ShermanXLK","2022-08-24","2022-08-24",,,,,,,,,,,,,,,,,,,,,,,,,,,,,,,,,,,,,,,,,,,,"0000-0002-5328-740X","0000-0000-0068-7943",,,"ffd0c0f8-9549-4c47-aac2-ec0e882bde96"
"675f5727-f67d-4ba2-b94a-ce1fc47e890b","fadab322-24d7-4246-b156-700156fbb86d","OAES_002.mammalGrid.mam","D11","OAES","OAES_002","G2","distributed","grasslandHerbaceous",35.419111,-99.050850,"WGS84",45.1,516.9,0.1,"6 - trap set and empty","ShermanXLK","2022-08-24","2022-08-24",,,,,,,,,,,,,,,,,,,,,,,,,,,,,,,,,,,,,,,,,,,,"0000-0002-4194-7642","0000-0002-0594-4276",,,"ecd29254-ba2d-4a1b-a5aa-48f9fe22b590"
"5062b8ed-cd63-4e4a-b7bc-d50e4575dd9d","fadab322-24d7-4246-b156-700156fbb86d","OAES_002.mammalGrid.mam","D11","OAES","OAES_002","F4","distributed","grasslandHerbaceous",35.419111,-99.050850,"WGS84",45.1,516.9,0.1,"6 - trap set and empty","ShermanXLK","2022-08-24","2022-08-24",,,,,,,,,,,,,,,,,,,,,,,,,,,,,,,,,,,,,,,,,,,,"0000-0002-4194-7642","0000-0002-0594-4276",,,"d3c23f91-42b8-4241-8bb6-74b3adbf2312"
"6ae98db4-986b-4a9e-9244-04b7db5ac5f1","316e8c37-d7a1-45cd-9f04-8a177465e026","OAES_001.mammalGrid.mam","D11","OAES","OAES_001","G5","distributed","grasslandHerbaceous",35.413861,-99.058786,"WGS84",45.1,517.8,0.1,"6 - trap set and empty","ShermanXLK","2022-08-24","2022-08-24",,,,,,,,,,,,,,,,,,,,,,,,,,,,,,,,,,,,,,,,,,,,"0000-0002-5328-740X","0000-0000-0068-7943",,,"41a76123-76b1-4ab4-8415-e16941780c93"
"86ca758b-05c6-4692-a595-4acf26d7007d","fadab322-24d7-4246-b156-700156fbb86d","OAES_002.mammalGrid.mam","D11","OAES","OAES_002","C9","distributed","grasslandHerbaceous",35.419111,-99.050850,"WGS84",45.1,516.9,0.1,"6 - trap set and empty","ShermanXLK","2022-08-24","2022-08-24",,,,,,,,,,,,,,,,,,,,,,,,,,,,,,,,,,,,,,,,,,,,"0000-0002-4194-7642","0000-0002-0594-4276",,,"2f78abc1-334d-442c-aa86-dd17a1e1d578"
"cc62028c-51ae-4737-b00f-f65cf75d34de","fadab322-24d7-4246-b156-700156fbb86d","OAES_002.mammalGrid.mam","D11","OAES","OAES_002","G6","distributed","grasslandHerbaceous",35.419111,-99.050850,"WGS84",45.1,516.9,0.1,"6 - trap set and empty","ShermanXLK","2022-08-24","2022-08-24",,,,,,,,,,,,,,,,,,,,,,,,,,,,,,,,,,,,,,,,,,,,"0000-0002-4194-7642","0000-0002-0594-4276",,,"a63b4cd4-e8be-49f1-8bfa-e10bb21bae43"
"cad3596d-aeac-4063-9042-76e879dfc615","316e8c37-d7a1-45cd-9f04-8a177465e026","OAES_001.mammalGrid.mam","D11","OAES","OAES_001","A4","distributed","grasslandHerbaceous",35.413861,-99.058786,"WGS84",45.1,517.8,0.1,"6 - trap set and empty","ShermanXLK","2022-08-24","2022-08-24",,,,,,,,,,,,,,,,,,,,,,,,,,,,,,,,,,,,,,,,,,,,"0000-0002-5328-740X","0000-0000-0068-7943",,,"fd055c1b-85b0-49a6-be41-f0d8e76c311f"
"187566a5-da53-4fb0-a38e-d9be09ea76d5","316e8c37-d7a1-45cd-9f04-8a177465e026","OAES_001.mammalGrid.mam","D11","OAES","OAES_001","B1","distributed","grasslandHerbaceous",35.413861,-99.058786,"WGS84",45.1,517.8,0.1,"2 - trap disturbed/door closed but empty","ShermanXLK","2022-08-24","2022-08-24",,,,,,,,,,,,,,,,,,,,,,,,,,,,,,,,,,,,,,,,,,,,"0000-0002-5328-740X","0000-0000-0068-7943",,,"1398d566-5c8b-4d92-ae6e-883846d808df"
"ff6462d1-d3ec-48ba-bc0f-e822756710c1","c9f15a56-982d-4bb3-8724-e46435247a06","OAES_004.mammalGrid.mam","D11","OAES","OAES_004","B7","distributed","grasslandHerbaceous",35.413166,-99.084368,"WGS84",45.1,507.6,0.1,"6 - trap set and empty","ShermanXLK","2022-08-24","2022-08-24",,,,,,,,,,,,,,,,,,,,,,,,,,,,,,,,,,,,,,,,,,,,"0000-0000-0068-7943","0000-0002-5328-740X",,,"d7497f73-63d3-4cf9-ac03-079f07f8caff"
"1cb8fdd2-01ef-4364-be31-ea1578c57d0c","e85e602e-5bcb-4cab-af4d-7b73697647f5","OAES_007.mammalGrid.mam","D11","OAES","OAES_007","I10","distributed","shrubScrub",35.419420,-99.055808,"WGS84",45.1,522.6,0.1,"6 - trap set and empty","ShermanXLK","2022-08-24","2022-08-24",,,,,,,,,,,,,,,,,,,,,,,,,,,,,,,,,,,,,,,,,,,,"0000-0002-4194-7642","0000-0002-0594-4276",,,"52a9ddae-36ec-4d62-9c8e-e2446645e216"
"7a0a5b5d-43ea-46ea-b40e-5553a571926b","e85e602e-5bcb-4cab-af4d-7b73697647f5","OAES_007.mammalGrid.mam","D11","OAES","OAES_007","D5","distributed","shrubScrub",35.419420,-99.055808,"WGS84",45.1,522.6,0.1,"6 - trap set and empty","ShermanXLK","2022-08-24","2022-08-24",,,,,,,,,,,,,,,,,,,,,,,,,,,,,,,,,,,,,,,,,,,,"0000-0002-4194-7642","0000-0002-0594-4276",,,"7ec2ca19-30b3-4c29-a6ae-d48ea0509a2c"
"a7ae341b-8adf-425d-9efb-ec68d755d061","fadab322-24d7-4246-b156-700156fbb86d","OAES_002.mammalGrid.mam","D11","OAES","OAES_002","B1","distributed","grasslandHerbaceous",35.419111,-99.050850,"WGS84",45.1,516.9,0.1,"5 - capture","ShermanXLK","2022-08-24","2022-08-24","NEON.MAM.D11.R3651",,"SIHI","Sigmodon hispidus","species",,"NEON.DOC.003137",,,"N","M","Y","processed",,"adult","nonscrotal",,,,29,,,,127,"N","N","N",,,,,,,,,,,,,,,,,"0000-0002-4194-7642","0000-0002-0594-4276",,,"1acfd814-5a88-465b-a5d0-b35569b1953e"
"8dcfa225-1919-44ad-8a50-2a08527fa2d1","e85e602e-5bcb-4cab-af4d-7b73697647f5","OAES_007.mammalGrid.mam","D11","OAES","OAES_007","I3","distributed","shrubScrub",35.419420,-99.055808,"WGS84",45.1,522.6,0.1,"5 - capture","ShermanXLK","2022-08-24","2022-08-24","NEON.MAM.D11.R3967",,"SIHI","Sigmodon hispidus","species",,"NEON.DOC.003137",,,"N","F","N","processed",,"juvenile",,"nonenlarged","not","not plugged",,,,,59,"U","U","U",,,,"OAES.20220824.R3967.B","D00000185259","mandibular - QNS","OAES.20220824.R3967.F","D00000185603","fresh","OAES.20220824.R3967.E","D00000185886",,,,,,"0000-0002-4194-7642","0000-0002-0594-4276",,,"4f9274f7-19f9-4951-accd-b7ccd474561e"
"393528ca-7d98-4ef8-b9b1-72b0c7b0ca2b","c9f15a56-982d-4bb3-8724-e46435247a06","OAES_004.mammalGrid.mam","D11","OAES","OAES_004","J1","distributed","grasslandHerbaceous",35.413166,-99.084368,"WGS84",45.1,507.6,0.1,"6 - trap set and empty","ShermanXLK","2022-08-24","2022-08-24",,,,,,,,,,,,,,,,,,,,,,,,,,,,,,,,,,,,,,,,,,,,"0000-0000-0068-7943","0000-0002-5328-740X",,,"dc544119-699a-4823-800e-40fd21df4f0e"
"c3db8b22-402e-4ab9-8ff8-e446cacdbf55","316e8c37-d7a1-45cd-9f04-8a177465e026","OAES_001.mammalGrid.mam","D11","OAES","OAES_001","E6","distributed","grasslandHerbaceous",35.413861,-99.058786,"WGS84",45.1,517.8,0.1,"6 - trap set and empty","ShermanXLK","2022-08-24","2022-08-24",,,,,,,,,,,,,,,,,,,,,,,,,,,,,,,,,,,,,,,,,,,,"0000-0002-5328-740X","0000-0000-0068-7943",,,"720cf2c0-8ba5-4014-a8c9-f66fd0c9ef24"
"d3676db5-5c8a-4010-9f20-644665c074c3","e85e602e-5bcb-4cab-af4d-7b73697647f5","OAES_007.mammalGrid.mam","D11","OAES","OAES_007","F9","distributed","shrubScrub",35.419420,-99.055808,"WGS84",45.1,522.6,0.1,"6 - trap set and empty","ShermanXLK","2022-08-24","2022-08-24",,,,,,,,,,,,,,,,,,,,,,,,,,,,,,,,,,,,,,,,,,,,"0000-0002-4194-7642","0000-0002-0594-4276",,,"a5a3f8ac-af57-4fcf-ba75-28fa1015fd67"
"ccfd3f81-1165-4752-9fab-799379103c0b","e85e602e-5bcb-4cab-af4d-7b73697647f5","OAES_007.mammalGrid.mam","D11","OAES","OAES_007","G4","distributed","shrubScrub",35.419420,-99.055808,"WGS84",45.1,522.6,0.1,"6 - trap set and empty","ShermanXLK","2022-08-24","2022-08-24",,,,,,,,,,,,,,,,,,,,,,,,,,,,,,,,,,,,,,,,,,,,"0000-0002-4194-7642","0000-0002-0594-4276",,,"83334cb4-53af-4790-83a0-ad62576e357f"
"936bbb3a-a486-4486-b8bc-c481ec932baa","e85e602e-5bcb-4cab-af4d-7b73697647f5","OAES_007.mammalGrid.mam","D11","OAES","OAES_007","G1","distributed","shrubScrub",35.419420,-99.055808,"WGS84",45.1,522.6,0.1,"6 - trap set and empty","ShermanXLK","2022-08-24","2022-08-24",,,,,,,,,,,,,,,,,,,,,,,,,,,,,,,,,,,,,,,,,,,,"0000-0002-4194-7642","0000-0002-0594-4276",,,"81f67411-4c83-4dca-900f-36f02eb4b7c2"
"492fabdb-061d-4440-9a61-6fde00e96f99","e85e602e-5bcb-4cab-af4d-7b73697647f5","OAES_007.mammalGrid.mam","D11","OAES","OAES_007","E6","distributed","shrubScrub",35.419420,-99.055808,"WGS84",45.1,522.6,0.1,"5 - capture","ShermanXLK","2022-08-24","2022-08-24","NEON.MAM.D11.373656",,"PEFL","Perognathus flavus","species",,"NEON.DOC.003137",,,"N","M","Y","processed",,"adult","nonscrotal",,,,,,,,5,"U","U","U",,,,,,,,,,"OAES.20220824.373656.E","D00000185876",,,,,,"0000-0002-4194-7642","0000-0002-0594-4276",,,"16f018be-360f-4469-9dd8-47e5000ab535"
"09fa1008-a51e-4b81-b653-f8aea6d36d83","c9f15a56-982d-4bb3-8724-e46435247a06","OAES_004.mammalGrid.mam","D11","OAES","OAES_004","H5","distributed","grasslandHerbaceous",35.413166,-99.084368,"WGS84",45.1,507.6,0.1,"6 - trap set and empty","ShermanXLK","2022-08-24","2022-08-24",,,,,,,,,,,,,,,,,,,,,,,,,,,,,,,,,,,,,,,,,,,,"0000-0000-0068-7943","0000-0002-5328-740X",,,"b510a351-887b-4b90-bfb7-6d014d450579"
"d4125a16-03af-4517-b8d4-c33ae9131c89","fadab322-24d7-4246-b156-700156fbb86d","OAES_002.mammalGrid.mam","D11","OAES","OAES_002","E9","distributed","grasslandHerbaceous",35.419111,-99.050850,"WGS84",45.1,516.9,0.1,"6 - trap set and empty","ShermanXLK","2022-08-24","2022-08-24",,,,,,,,,,,,,,,,,,,,,,,,,,,,,,,,,,,,,,,,,,,,"0000-0002-4194-7642","0000-0002-0594-4276",,,"76c653f8-c926-43a6-8c5c-bff748511bcd"
"9c6e0df9-0d05-4800-8657-f20f448e7d45","e85e602e-5bcb-4cab-af4d-7b73697647f5","OAES_007.mammalGrid.mam","D11","OAES","OAES_007","J7","distributed","shrubScrub",35.419420,-99.055808,"WGS84",45.1,522.6,0.1,"6 - trap set and empty","ShermanXLK","2022-08-24","2022-08-24",,,,,,,,,,,,,,,,,,,,,,,,,,,,,,,,,,,,,,,,,,,,"0000-0002-4194-7642","0000-0002-0594-4276",,,"96513d91-1b22-4bbd-ac93-43c3563ee5f2"
"ee404e66-7e9d-48a9-aaa3-1ff18fcfc985","e85e602e-5bcb-4cab-af4d-7b73697647f5","OAES_007.mammalGrid.mam","D11","OAES","OAES_007","H9","distributed","shrubScrub",35.419420,-99.055808,"WGS84",45.1,522.6,0.1,"6 - trap set and empty","ShermanXLK","2022-08-24","2022-08-24",,,,,,,,,,,,,,,,,,,,,,,,,,,,,,,,,,,,,,,,,,,,"0000-0002-4194-7642","0000-0002-0594-4276",,,"25e200e7-4e67-4b5c-96a5-ff904097b236"
"34a9bb18-209a-4453-9b1c-b9cff4e3f10a","e85e602e-5bcb-4cab-af4d-7b73697647f5","OAES_007.mammalGrid.mam","D11","OAES","OAES_007","E9","distributed","shrubScrub",35.419420,-99.055808,"WGS84",45.1,522.6,0.1,"6 - trap set and empty","ShermanXLK","2022-08-24","2022-08-24",,,,,,,,,,,,,,,,,,,,,,,,,,,,,,,,,,,,,,,,,,,,"0000-0002-4194-7642","0000-0002-0594-4276",,,"125b46f0-1f52-47ff-b666-180e196be4ee"
"3a54c44d-bb81-48b0-8a3b-a7a218da88fc","fadab322-24d7-4246-b156-700156fbb86d","OAES_002.mammalGrid.mam","D11","OAES","OAES_002","G7","distributed","grasslandHerbaceous",35.419111,-99.050850,"WGS84",45.1,516.9,0.1,"6 - trap set and empty","ShermanXLK","2022-08-24","2022-08-24",,,,,,,,,,,,,,,,,,,,,,,,,,,,,,,,,,,,,,,,,,,,"0000-0002-4194-7642","0000-0002-0594-4276",,,"2cff8760-8271-4bd1-be00-822bfddbb5c6"
"62617874-b7fb-4d4e-b7fd-2e47ca2018a3","e85e602e-5bcb-4cab-af4d-7b73697647f5","OAES_007.mammalGrid.mam","D11","OAES","OAES_007","C8","distributed","shrubScrub",35.419420,-99.055808,"WGS84",45.1,522.6,0.1,"6 - trap set and empty","ShermanXLK","2022-08-24","2022-08-24",,,,,,,,,,,,,,,,,,,,,,,,,,,,,,,,,,,,,,,,,,,,"0000-0002-4194-7642","0000-0002-0594-4276",,,"a338ee68-3e09-4601-b213-6c09a2506dab"
"5fad0b66-39c4-4537-a20b-782c87eea0ec","e85e602e-5bcb-4cab-af4d-7b73697647f5","OAES_007.mammalGrid.mam","D11","OAES","OAES_007","B9","distributed","shrubScrub",35.419420,-99.055808,"WGS84",45.1,522.6,0.1,"5 - capture","ShermanXLK","2022-08-24","2022-08-24","NEON.MAM.D11.373723",,"CHHI","Chaetodipus hispidus","species",,,,,"N","M","Y","processed",,"adult","nonscrotal",,,,23,,90,,32,"N","N","N",,,,,,,"OAES.20220824.373723.F","D00000185752","fresh","OAES.20220824.373723.E","D00000185748","OAES.20220824.373723.H","D00000186190","hairAndWhisker",,,"0000-0002-4194-7642","0000-0002-0594-4276",,,"7e7df781-b0c4-471a-b377-83337e7db1e1"
"97dd79cf-72ab-451a-99d3-902976e16aa9","c9f15a56-982d-4bb3-8724-e46435247a06","OAES_004.mammalGrid.mam","D11","OAES","OAES_004","B10","distributed","grasslandHerbaceous",35.413166,-99.084368,"WGS84",45.1,507.6,0.1,"6 - trap set and empty","ShermanXLK","2022-08-24","2022-08-24",,,,,,,,,,,,,,,,,,,,,,,,,,,,,,,,,,,,,,,,,,,,"0000-0000-0068-7943","0000-0002-5328-740X",,,"c5cf710f-940b-4b5d-b65f-1e24bea89e93"
"01403a25-e557-4d54-b5eb-903efd71e2e6","316e8c37-d7a1-45cd-9f04-8a177465e026","OAES_001.mammalGrid.mam","D11","OAES","OAES_001","B3","distributed","grasslandHerbaceous",35.413861,-99.058786,"WGS84",45.1,517.8,0.1,"3 - trap door open or closed w/ spoor left","ShermanXLK","2022-08-24","2022-08-24",,,,,,,,,,,,,,,,,,,,,,,,,,,,,,,,,,,,,,,,,,,,"0000-0002-5328-740X","0000-0000-0068-7943",,,"12eea923-7813-475b-8353-9d628f3ffe1b"
"7204cb8a-1a14-42ff-8302-7079ecfb3f81","316e8c37-d7a1-45cd-9f04-8a177465e026","OAES_001.mammalGrid.mam","D11","OAES","OAES_001","G10","distributed","grasslandHerbaceous",35.413861,-99.058786,"WGS84",45.1,517.8,0.1,"6 - trap set and empty","ShermanXLK","2022-08-24","2022-08-24",,,,,,,,,,,,,,,,,,,,,,,,,,,,,,,,,,,,,,,,,,,,"0000-0002-5328-740X","0000-0000-0068-7943",,,"eff59c7b-582a-4ff9-b9ff-aa2e28ba7e8a"
"6aadfe15-de76-465b-83c6-62e3d8aba3bc","e85e602e-5bcb-4cab-af4d-7b73697647f5","OAES_007.mammalGrid.mam","D11","OAES","OAES_007","B5","distributed","shrubScrub",35.419420,-99.055808,"WGS84",45.1,522.6,0.1,"6 - trap set and empty","ShermanXLK","2022-08-24","2022-08-24",,,,,,,,,,,,,,,,,,,,,,,,,,,,,,,,,,,,,,,,,,,,"0000-0002-4194-7642","0000-0002-0594-4276",,,"99479518-bb41-4f62-adf0-405c378c2fb3"
"eeae3bf4-ca0e-4c2c-ad14-7a7c6382e8fe","c9f15a56-982d-4bb3-8724-e46435247a06","OAES_004.mammalGrid.mam","D11","OAES","OAES_004","C4","distributed","grasslandHerbaceous",35.413166,-99.084368,"WGS84",45.1,507.6,0.1,"6 - trap set and empty","ShermanXLK","2022-08-24","2022-08-24",,,,,,,,,,,,,,,,,,,,,,,,,,,,,,,,,,,,,,,,,,,,"0000-0000-0068-7943","0000-0002-5328-740X",,,"679dec1e-3ab7-488f-aba6-ab34688474d3"
"bc789e58-f71e-4f8d-ba90-f2952ed7f5e9","fadab322-24d7-4246-b156-700156fbb86d","OAES_002.mammalGrid.mam","D11","OAES","OAES_002","J8","distributed","grasslandHerbaceous",35.419111,-99.050850,"WGS84",45.1,516.9,0.1,"5 - capture","ShermanXLK","2022-08-24","2022-08-24","NEON.MAM.D11.373581",,"CHHI","Chaetodipus hispidus","species",,"NEON.DOC.003137",,,"N","F","Y","processed",,"subadult",,"nonenlarged","not","not plugged",25,,,,22,"N","N","N",,,,,,,"OAES.20220824.373581.F","D00000185560","fresh","OAES.20220824.373581.E","D00000185580","OAES.20220824.373581.H","D00000186133","hairAndWhisker",,,"0000-0002-4194-7642","0000-0002-0594-4276",,,"29626079-81ee-4945-b726-2271ed953e9e"
"aaebe256-bf3d-4bfa-a80f-5e942c4957f2","fadab322-24d7-4246-b156-700156fbb86d","OAES_002.mammalGrid.mam","D11","OAES","OAES_002","H2","distributed","grasslandHerbaceous",35.419111,-99.050850,"WGS84",45.1,516.9,0.1,"6 - trap set and empty","ShermanXLK","2022-08-24","2022-08-24",,,,,,,,,,,,,,,,,,,,,,,,,,,,,,,,,,,,,,,,,,,,"0000-0002-4194-7642","0000-0002-0594-4276",,,"e1ec23fd-e526-4a2a-aa71-b050006fef4f"
"0cde2a3a-4be6-4b94-9c85-a22e40f76da8","e85e602e-5bcb-4cab-af4d-7b73697647f5","OAES_007.mammalGrid.mam","D11","OAES","OAES_007","F2","distributed","shrubScrub",35.419420,-99.055808,"WGS84",45.1,522.6,0.1,"5 - capture","ShermanXLK","2022-08-24","2022-08-24","NEON.MAM.D11.R3963",,"SIHI","Sigmodon hispidus","species",,"NEON.DOC.003137",,,"N","F","N","processed",,"subadult",,"nonenlarged","not","not plugged",29,,,,54,"U","U","U",,,,"OAES.20220824.R3963.B","D00000185283","mandibular",,,,"OAES.20220824.R3963.E","D00000185866",,,,,,"0000-0002-4194-7642","0000-0002-0594-4276",,,"0fe08659-a359-4c36-b5d6-626ff1c635dd"
"84344508-771c-41d2-ad92-d54e3be7ff1e","c9f15a56-982d-4bb3-8724-e46435247a06","OAES_004.mammalGrid.mam","D11","OAES","OAES_004","C9","distributed","grasslandHerbaceous",35.413166,-99.084368,"WGS84",45.1,507.6,0.1,"5 - capture","ShermanXLK","2022-08-24","2022-08-24","NEON.MAM.D11.373670",,"CHHI","Chaetodipus hispidus","species",,,,,"N","F","Y","processed",,"adult",,"nonenlarged","not","not plugged",25,,105,,43,"N","N","N",,,,,,,,,,,,"OAES.20220824.373670.H","D00000186106","hairAndWhisker",,,"0000-0000-0068-7943","0000-0002-5328-740X",,,"0cc81766-8816-49b3-9737-e209b42cf75e"
"85367922-72af-4045-b457-4fbd0cc2729e","fadab322-24d7-4246-b156-700156fbb86d","OAES_002.mammalGrid.mam","D11","OAES","OAES_002","F8","distributed","grasslandHerbaceous",35.419111,-99.050850,"WGS84",45.1,516.9,0.1,"5 - capture","ShermanXLK","2022-08-24","2022-08-24","NEON.MAM.D11.R3906",,"SIHI","Sigmodon hispidus","species",,"NEON.DOC.003137",,,"N","M","N","processed",,"adult","nonscrotal",,,,32,,,,122,"N","N","N",,,,"OAES.20220824.R3906.B","D00000185277","mandibular","OAES.20220824.R3906.F","D00000185582","fresh","OAES.20220824.R3906.E","D00000185588","OAES.20220824.R3906.H","D00000186109","hairAndWhisker",,,"0000-0002-4194-7642","0000-0002-0594-4276",,,"6a25b0fe-9cfd-44b2-92f0-fbc6bb2e92ed"
"de02cd22-7533-4ec9-b1d5-54a42ae9e52b","fadab322-24d7-4246-b156-700156fbb86d","OAES_002.mammalGrid.mam","D11","OAES","OAES_002","G4","distributed","grasslandHerbaceous",35.419111,-99.050850,"WGS84",45.1,516.9,0.1,"6 - trap set and empty","ShermanXLK","2022-08-24","2022-08-24",,,,,,,,,,,,,,,,,,,,,,,,,,,,,,,,,,,,,,,,,,,,"0000-0002-4194-7642","0000-0002-0594-4276",,,"e428a812-03af-4d59-9cbf-0d2efd02a540"
"44320865-4be1-4c78-b6fc-b19651b7b4d4","c9f15a56-982d-4bb3-8724-e46435247a06","OAES_004.mammalGrid.mam","D11","OAES","OAES_004","E1","distributed","grasslandHerbaceous",35.413166,-99.084368,"WGS84",45.1,507.6,0.1,"6 - trap set and empty","ShermanXLK","2022-08-24","2022-08-24",,,,,,,,,,,,,,,,,,,,,,,,,,,,,,,,,,,,,,,,,,,,"0000-0000-0068-7943","0000-0002-5328-740X",,,"5ed38621-c15c-4ca6-857d-2f11545c10ee"
"3d85430e-aeb2-498a-98c6-03a7b27b0659","e85e602e-5bcb-4cab-af4d-7b73697647f5","OAES_007.mammalGrid.mam","D11","OAES","OAES_007","B8","distributed","shrubScrub",35.419420,-99.055808,"WGS84",45.1,522.6,0.1,"6 - trap set and empty","ShermanXLK","2022-08-24","2022-08-24",,,,,,,,,,,,,,,,,,,,,,,,,,,,,,,,,,,,,,,,,,,,"0000-0002-4194-7642","0000-0002-0594-4276",,,"0a14a13c-32d2-4b04-9118-bcf828139693"
"2b5360ad-e5cd-4a07-bb09-0748f1b2b4cf","c9f15a56-982d-4bb3-8724-e46435247a06","OAES_004.mammalGrid.mam","D11","OAES","OAES_004","I6","distributed","grasslandHerbaceous",35.413166,-99.084368,"WGS84",45.1,507.6,0.1,"6 - trap set and empty","ShermanXLK","2022-08-24","2022-08-24",,,,,,,,,,,,,,,,,,,,,,,,,,,,,,,,,,,,,,,,,,,,"0000-0000-0068-7943","0000-0002-5328-740X",,,"0e876475-1f9c-46ce-b312-0070df701938"
"93e3faef-3a25-4c6e-9153-3657ec5219b3","c9f15a56-982d-4bb3-8724-e46435247a06","OAES_004.mammalGrid.mam","D11","OAES","OAES_004","F7","distributed","grasslandHerbaceous",35.413166,-99.084368,"WGS84",45.1,507.6,0.1,"6 - trap set and empty","ShermanXLK","2022-08-24","2022-08-24",,,,,,,,,,,,,,,,,,,,,,,,,,,,,,,,,,,,,,,,,,,,"0000-0000-0068-7943","0000-0002-5328-740X",,,"c19cabb7-bd09-4525-b932-e305b09cdec5"
"185f679f-968c-4ed7-aa39-58d70aec4e7f","c9f15a56-982d-4bb3-8724-e46435247a06","OAES_004.mammalGrid.mam","D11","OAES","OAES_004","A8","distributed","grasslandHerbaceous",35.413166,-99.084368,"WGS84",45.1,507.6,0.1,"6 - trap set and empty","ShermanXLK","2022-08-24","2022-08-24",,,,,,,,,,,,,,,,,,,,,,,,,,,,,,,,,,,,,,,,,,,,"0000-0000-0068-7943","0000-0002-5328-740X",,,"fad0220b-803b-4f39-a1cb-0cb25a6625fa"
"39673742-3adc-4759-b346-e37da468b258","e85e602e-5bcb-4cab-af4d-7b73697647f5","OAES_007.mammalGrid.mam","D11","OAES","OAES_007","F6","distributed","shrubScrub",35.419420,-99.055808,"WGS84",45.1,522.6,0.1,"6 - trap set and empty","ShermanXLK","2022-08-24","2022-08-24",,,,,,,,,,,,,,,,,,,,,,,,,,,,,,,,,,,,,,,,,,,,"0000-0002-4194-7642","0000-0002-0594-4276",,,"e1b0f757-af9f-4ccd-8b30-d7de0e671aae"
"bbc797d1-e99a-4604-bb99-d5926534b85e","316e8c37-d7a1-45cd-9f04-8a177465e026","OAES_001.mammalGrid.mam","D11","OAES","OAES_001","E7","distributed","grasslandHerbaceous",35.413861,-99.058786,"WGS84",45.1,517.8,0.1,"2 - trap disturbed/door closed but empty","ShermanXLK","2022-08-24","2022-08-24",,,,,,,,,,,,,,,,,,,,,,,,,,,,,,,,,,,,,,,,,,,,"0000-0002-5328-740X","0000-0000-0068-7943",,,"aa26aec0-2f14-4472-8d15-fac51d4af7aa"
"79dee5fe-e219-432c-b3f9-3dcb156deb06","316e8c37-d7a1-45cd-9f04-8a177465e026","OAES_001.mammalGrid.mam","D11","OAES","OAES_001","G8","distributed","grasslandHerbaceous",35.413861,-99.058786,"WGS84",45.1,517.8,0.1,"6 - trap set and empty","ShermanXLK","2022-08-24","2022-08-24",,,,,,,,,,,,,,,,,,,,,,,,,,,,,,,,,,,,,,,,,,,,"0000-0002-5328-740X","0000-0000-0068-7943",,,"ab1e12b4-2c3d-4392-9eef-37e81ba63420"
"458c067f-d911-4dda-89b1-7979f6696346","c9f15a56-982d-4bb3-8724-e46435247a06","OAES_004.mammalGrid.mam","D11","OAES","OAES_004","I9","distributed","grasslandHerbaceous",35.413166,-99.084368,"WGS84",45.1,507.6,0.1,"6 - trap set and empty","ShermanXLK","2022-08-24","2022-08-24",,,,,,,,,,,,,,,,,,,,,,,,,,,,,,,,,,,,,,,,,,,,"0000-0000-0068-7943","0000-0002-5328-740X",,,"22d4d9da-a414-44b8-81fa-1e4812703dd5"
"501c16ce-0de4-42d4-bbf5-ce0a5add4fc4","fadab322-24d7-4246-b156-700156fbb86d","OAES_002.mammalGrid.mam","D11","OAES","OAES_002","D2","distributed","grasslandHerbaceous",35.419111,-99.050850,"WGS84",45.1,516.9,0.1,"5 - capture","ShermanXLK","2022-08-24","2022-08-24","NEON.MAM.D11.L3902",,"PEMA","Peromyscus maniculatus","species",,"NEON.DOC.003137",,,"N","F","N","processed",,"adult",,"nonenlarged","not","not plugged",19,,57,127,17,"N","N","N",,,,,,,"OAES.20220824.L3902.F","D00000185903","fresh","OAES.20220824.L3902.E","D00000185887",,,,,,"0000-0002-4194-7642","0000-0002-0594-4276",,,"0bdb0d1d-6e4b-4786-ab01-a09ca118fa78"
"8e8addb2-f409-4fba-91e9-86c45e807316","c9f15a56-982d-4bb3-8724-e46435247a06","OAES_004.mammalGrid.mam","D11","OAES","OAES_004","F4","distributed","grasslandHerbaceous",35.413166,-99.084368,"WGS84",45.1,507.6,0.1,"6 - trap set and empty","ShermanXLK","2022-08-24","2022-08-24",,,,,,,,,,,,,,,,,,,,,,,,,,,,,,,,,,,,,,,,,,,,"0000-0000-0068-7943","0000-0002-5328-740X",,,"fe954b4d-f85f-4441-9314-bc453d1415d8"
"5ffd79cb-e089-419b-979d-7b2d73d9c981","fadab322-24d7-4246-b156-700156fbb86d","OAES_002.mammalGrid.mam","D11","OAES","OAES_002","I4","distributed","grasslandHerbaceous",35.419111,-99.050850,"WGS84",45.1,516.9,0.1,"6 - trap set and empty","ShermanXLK","2022-08-24","2022-08-24",,,,,,,,,,,,,,,,,,,,,,,,,,,,,,,,,,,,,,,,,,,,"0000-0002-4194-7642","0000-0002-0594-4276",,,"755e3a66-4d11-48d3-affe-18de46605350"
"fd946044-db12-4c9e-b5db-d84c19c38823","316e8c37-d7a1-45cd-9f04-8a177465e026","OAES_001.mammalGrid.mam","D11","OAES","OAES_001","I6","distributed","grasslandHerbaceous",35.413861,-99.058786,"WGS84",45.1,517.8,0.1,"6 - trap set and empty","ShermanXLK","2022-08-24","2022-08-24",,,,,,,,,,,,,,,,,,,,,,,,,,,,,,,,,,,,,,,,,,,,"0000-0002-5328-740X","0000-0000-0068-7943",,,"a2d00a78-3eb7-4632-be5f-f226534ae5b3"
"6f1b1ed4-e9c0-4188-b140-8a2e1222eed8","c9f15a56-982d-4bb3-8724-e46435247a06","OAES_004.mammalGrid.mam","D11","OAES","OAES_004","I4","distributed","grasslandHerbaceous",35.413166,-99.084368,"WGS84",45.1,507.6,0.1,"6 - trap set and empty","ShermanXLK","2022-08-24","2022-08-24",,,,,,,,,,,,,,,,,,,,,,,,,,,,,,,,,,,,,,,,,,,,"0000-0000-0068-7943","0000-0002-5328-740X",,,"e02ec01e-a7c8-4c98-9cf2-6f800c8053d9"
"ee88a443-b947-43de-8bac-10eccb4454dc","c9f15a56-982d-4bb3-8724-e46435247a06","OAES_004.mammalGrid.mam","D11","OAES","OAES_004","E6","distributed","grasslandHerbaceous",35.413166,-99.084368,"WGS84",45.1,507.6,0.1,"3 - trap door open or closed w/ spoor left","ShermanXLK","2022-08-24","2022-08-24",,,,,,,,,,,,,,,,,,,,,,,,,,,,,,,,,,,,,,,,,,,,"0000-0000-0068-7943","0000-0002-5328-740X",,,"ea1b85e7-ff54-47e1-a436-f721bb781f75"
"bce44f96-4787-454a-ab1b-1be362f376a1","c9f15a56-982d-4bb3-8724-e46435247a06","OAES_004.mammalGrid.mam","D11","OAES","OAES_004","G9","distributed","grasslandHerbaceous",35.413166,-99.084368,"WGS84",45.1,507.6,0.1,"2 - trap disturbed/door closed but empty","ShermanXLK","2022-08-24","2022-08-24",,,,,,,,,,,,,,,,,,,,,,,,,,,,,,,,,,,,,,,,,,,,"0000-0000-0068-7943","0000-0002-5328-740X",,,"e002541e-bc94-4bfc-a2fb-e6b7cb19e7ba"
"a1ef40cd-bed1-41d3-baa1-34779b5e590a","316e8c37-d7a1-45cd-9f04-8a177465e026","OAES_001.mammalGrid.mam","D11","OAES","OAES_001","E8","distributed","grasslandHerbaceous",35.413861,-99.058786,"WGS84",45.1,517.8,0.1,"6 - trap set and empty","ShermanXLK","2022-08-24","2022-08-24",,,,,,,,,,,,,,,,,,,,,,,,,,,,,,,,,,,,,,,,,,,,"0000-0002-5328-740X","0000-0000-0068-7943",,,"e99ae645-1f9e-4c8f-b1f9-0356e8d597f5"
"8619eba0-9ad1-4073-b73a-c78f6ec7cb14","e85e602e-5bcb-4cab-af4d-7b73697647f5","OAES_007.mammalGrid.mam","D11","OAES","OAES_007","F3","distributed","shrubScrub",35.419420,-99.055808,"WGS84",45.1,522.6,0.1,"5 - capture","ShermanXLK","2022-08-24","2022-08-24","NEON.MAM.D11.R2951",,"SIHI","Sigmodon hispidus","species",,"NEON.DOC.003137",,,"N","F","Y","processed",,"juvenile",,"nonenlarged",,"not plugged",27,,,,42,"U","U","U",,,,,,,,,,"OAES.20220824.R2951.E","D00000185585","OAES.20220824.R2951.H","D00000186179","hairAndWhisker",,,"0000-0002-4194-7642","0000-0002-0594-4276",,,"900f68af-6b67-4e6e-976e-0bb7f84f8d02"
"7d29df7d-f06a-4d06-ae9a-849b7e731332","c9f15a56-982d-4bb3-8724-e46435247a06","OAES_004.mammalGrid.mam","D11","OAES","OAES_004","H8","distributed","grasslandHerbaceous",35.413166,-99.084368,"WGS84",45.1,507.6,0.1,"6 - trap set and empty","ShermanXLK","2022-08-24","2022-08-24",,,,,,,,,,,,,,,,,,,,,,,,,,,,,,,,,,,,,,,,,,,,"0000-0000-0068-7943","0000-0002-5328-740X",,,"7e0d05ec-19a6-4749-ade1-3b07d51183fd"
"5b5882c9-e5d2-4144-b3ab-d536e537246c","316e8c37-d7a1-45cd-9f04-8a177465e026","OAES_001.mammalGrid.mam","D11","OAES","OAES_001","J8","distributed","grasslandHerbaceous",35.413861,-99.058786,"WGS84",45.1,517.8,0.1,"6 - trap set and empty","ShermanXLK","2022-08-24","2022-08-24",,,,,,,,,,,,,,,,,,,,,,,,,,,,,,,,,,,,,,,,,,,,"0000-0002-5328-740X","0000-0000-0068-7943",,,"2bbc4800-5d4e-4e76-9837-cc3a30e1d404"
"af669c3e-5656-4c2a-8184-74c9024f9775","fadab322-24d7-4246-b156-700156fbb86d","OAES_002.mammalGrid.mam","D11","OAES","OAES_002","H9","distributed","grasslandHerbaceous",35.419111,-99.050850,"WGS84",45.1,516.9,0.1,"6 - trap set and empty","ShermanXLK","2022-08-24","2022-08-24",,,,,,,,,,,,,,,,,,,,,,,,,,,,,,,,,,,,,,,,,,,,"0000-0002-4194-7642","0000-0002-0594-4276",,,"b794b579-eb8f-4ad2-93d0-25ca9037403a"
"30648b17-63e5-4250-8299-fa80af8a7d5f","c9f15a56-982d-4bb3-8724-e46435247a06","OAES_004.mammalGrid.mam","D11","OAES","OAES_004","F10","distributed","grasslandHerbaceous",35.413166,-99.084368,"WGS84",45.1,507.6,0.1,"6 - trap set and empty","ShermanXLK","2022-08-24","2022-08-24",,,,,,,,,,,,,,,,,,,,,,,,,,,,,,,,,,,,,,,,,,,,"0000-0000-0068-7943","0000-0002-5328-740X",,,"13056aa4-8220-4b4b-9269-09dfd301cc74"
"7e4af7d3-71e7-4fea-a18a-da840f872d68","e85e602e-5bcb-4cab-af4d-7b73697647f5","OAES_007.mammalGrid.mam","D11","OAES","OAES_007","F5","distributed","shrubScrub",35.419420,-99.055808,"WGS84",45.1,522.6,0.1,"6 - trap set and empty","ShermanXLK","2022-08-24","2022-08-24",,,,,,,,,,,,,,,,,,,,,,,,,,,,,,,,,,,,,,,,,,,,"0000-0002-4194-7642","0000-0002-0594-4276",,,"2260218c-3d94-4e4f-9c8f-fb447f79c860"
"7d8e5735-4055-468c-a305-f0b92b9a8a9d","fadab322-24d7-4246-b156-700156fbb86d","OAES_002.mammalGrid.mam","D11","OAES","OAES_002","D5","distributed","grasslandHerbaceous",35.419111,-99.050850,"WGS84",45.1,516.9,0.1,"6 - trap set and empty","ShermanXLK","2022-08-24","2022-08-24",,,,,,,,,,,,,,,,,,,,,,,,,,,,,,,,,,,,,,,,,,,,"0000-0002-4194-7642","0000-0002-0594-4276",,,"c815a15e-57ab-48f2-9102-409698f44f81"
"d06c4ae2-c7c3-4fc5-82a2-b7159cb9bb2d","316e8c37-d7a1-45cd-9f04-8a177465e026","OAES_001.mammalGrid.mam","D11","OAES","OAES_001","G6","distributed","grasslandHerbaceous",35.413861,-99.058786,"WGS84",45.1,517.8,0.1,"6 - trap set and empty","ShermanXLK","2022-08-24","2022-08-24",,,,,,,,,,,,,,,,,,,,,,,,,,,,,,,,,,,,,,,,,,,,"0000-0002-5328-740X","0000-0000-0068-7943",,,"528ee307-eae8-43b1-bde6-1428e6e7c138"
"d893f3d4-0df0-425b-82fb-212ed2014be1","316e8c37-d7a1-45cd-9f04-8a177465e026","OAES_001.mammalGrid.mam","D11","OAES","OAES_001","D9","distributed","grasslandHerbaceous",35.413861,-99.058786,"WGS84",45.1,517.8,0.1,"6 - trap set and empty","ShermanXLK","2022-08-24","2022-08-24",,,,,,,,,,,,,,,,,,,,,,,,,,,,,,,,,,,,,,,,,,,,"0000-0002-5328-740X","0000-0000-0068-7943",,,"2e9b28a4-b8c2-4204-9af1-82b0bcfce261"
"41c3fccb-c250-4000-9067-bfc562a9f1e4","c9f15a56-982d-4bb3-8724-e46435247a06","OAES_004.mammalGrid.mam","D11","OAES","OAES_004","D9","distributed","grasslandHerbaceous",35.413166,-99.084368,"WGS84",45.1,507.6,0.1,"6 - trap set and empty","ShermanXLK","2022-08-24","2022-08-24",,,,,,,,,,,,,,,,,,,,,,,,,,,,,,,,,,,,,,,,,,,,"0000-0000-0068-7943","0000-0002-5328-740X",,,"ef96a4b6-88b7-4b4a-8319-50e8cd6bd3ee"
"db38a0d7-df7d-43d0-98d8-3e33e00b381e","e85e602e-5bcb-4cab-af4d-7b73697647f5","OAES_007.mammalGrid.mam","D11","OAES","OAES_007","C1","distributed","shrubScrub",35.419420,-99.055808,"WGS84",45.1,522.6,0.1,"6 - trap set and empty","ShermanXLK","2022-08-24","2022-08-24",,,,,,,,,,,,,,,,,,,,,,,,,,,,,,,,,,,,,,,,,,,,"0000-0002-4194-7642","0000-0002-0594-4276",,,"6deb5760-d45a-4ce3-9da8-8d4a2872f049"
"7a3f5f7a-734b-47fc-b85c-23d7e9ac105b","c9f15a56-982d-4bb3-8724-e46435247a06","OAES_004.mammalGrid.mam","D11","OAES","OAES_004","A7","distributed","grasslandHerbaceous",35.413166,-99.084368,"WGS84",45.1,507.6,0.1,"6 - trap set and empty","ShermanXLK","2022-08-24","2022-08-24",,,,,,,,,,,,,,,,,,,,,,,,,,,,,,,,,,,,,,,,,,,,"0000-0000-0068-7943","0000-0002-5328-740X",,,"c54ce49f-4b28-4079-b0c1-1b66efd71e78"
"8134030e-008f-4d1e-9f6b-33fb09c895fd","316e8c37-d7a1-45cd-9f04-8a177465e026","OAES_001.mammalGrid.mam","D11","OAES","OAES_001","D4","distributed","grasslandHerbaceous",35.413861,-99.058786,"WGS84",45.1,517.8,0.1,"5 - capture","ShermanXLK","2022-08-24","2022-08-24","NEON.MAM.D11.R3625",,"PEMA","Peromyscus maniculatus","species",,,,"taxonID confirmed","N","F","Y","processed",,"adult",,"nonenlarged","not","not plugged",18,13,64,,15,"N","N","N",,,,,,,"OAES.20220824.R3625.F","D00000185630","fresh",,,,,,,,"0000-0002-5328-740X","0000-0000-0068-7943",,,"ad72ce33-7f26-4ea8-824d-00fd9704d136"
"ddc24755-9505-44a4-9ffa-7c110b8a502d","316e8c37-d7a1-45cd-9f04-8a177465e026","OAES_001.mammalGrid.mam","D11","OAES","OAES_001","D5","distributed","grasslandHerbaceous",35.413861,-99.058786,"WGS84",45.1,517.8,0.1,"6 - trap set and empty","ShermanXLK","2022-08-24","2022-08-24",,,,,,,,,,,,,,,,,,,,,,,,,,,,,,,,,,,,,,,,,,,,"0000-0002-5328-740X","0000-0000-0068-7943",,,"b40f1001-567f-4bc6-b5f4-7dfa191fc552"
"c75994ee-f227-41c3-a276-2dd9112a9717","316e8c37-d7a1-45cd-9f04-8a177465e026","OAES_001.mammalGrid.mam","D11","OAES","OAES_001","E2","distributed","grasslandHerbaceous",35.413861,-99.058786,"WGS84",45.1,517.8,0.1,"2 - trap disturbed/door closed but empty","ShermanXLK","2022-08-24","2022-08-24",,,,,,,,,,,,,,,,,,,,,,,,,,,,,,,,,,,,,,,,,,,,"0000-0002-5328-740X","0000-0000-0068-7943",,,"901f7408-e05e-4a1b-92a8-f35aba885b76"
"46941926-8a02-4381-9e2c-9b5f46e7cbb1","316e8c37-d7a1-45cd-9f04-8a177465e026","OAES_001.mammalGrid.mam","D11","OAES","OAES_001","J7","distributed","grasslandHerbaceous",35.413861,-99.058786,"WGS84",45.1,517.8,0.1,"6 - trap set and empty","ShermanXLK","2022-08-24","2022-08-24",,,,,,,,,,,,,,,,,,,,,,,,,,,,,,,,,,,,,,,,,,,,"0000-0002-5328-740X","0000-0000-0068-7943",,,"0a7081ab-6707-4a5c-969f-aa266876f3b9"
"778e8ed1-b4ad-43f8-bc1f-d38564347ba4","fadab322-24d7-4246-b156-700156fbb86d","OAES_002.mammalGrid.mam","D11","OAES","OAES_002","D6","distributed","grasslandHerbaceous",35.419111,-99.050850,"WGS84",45.1,516.9,0.1,"6 - trap set and empty","ShermanXLK","2022-08-24","2022-08-24",,,,,,,,,,,,,,,,,,,,,,,,,,,,,,,,,,,,,,,,,,,,"0000-0002-4194-7642","0000-0002-0594-4276",,,"2960d7c5-d49a-4ab7-8102-32bcd11cab79"
"90faa4a6-adb4-474f-8ac6-6cf791e5da22","fadab322-24d7-4246-b156-700156fbb86d","OAES_002.mammalGrid.mam","D11","OAES","OAES_002","J3","distributed","grasslandHerbaceous",35.419111,-99.050850,"WGS84",45.1,516.9,0.1,"5 - capture","ShermanXLK","2022-08-24","2022-08-24","NEON.MAM.D11.R3907",,"SIHI","Sigmodon hispidus","species",,"NEON.DOC.003137",,,"N","F","N","processed",,"subadult",,"nonenlarged","not","not plugged",27,,,,36,"N","N","N",,,,"OAES.20220824.R3907.B","D00000185258","mandibular",,,,"OAES.20220824.R3907.E","D00000185297","OAES.20220824.R3907.H","D00000186135","hairAndWhisker",,,"0000-0002-4194-7642","0000-0002-0594-4276",,,"3c7725f6-da35-4a11-8bd6-27ac212f3a45"
"415f33b0-1cbd-44ca-b0c3-1afe8b170387","316e8c37-d7a1-45cd-9f04-8a177465e026","OAES_001.mammalGrid.mam","D11","OAES","OAES_001","C6","distributed","grasslandHerbaceous",35.413861,-99.058786,"WGS84",45.1,517.8,0.1,"6 - trap set and empty","ShermanXLK","2022-08-24","2022-08-24",,,,,,,,,,,,,,,,,,,,,,,,,,,,,,,,,,,,,,,,,,,,"0000-0002-5328-740X","0000-0000-0068-7943",,,"15fc05eb-e857-408b-915f-883535589e08"
"1be25607-be9d-4616-880b-2a2dd4be5124","c9f15a56-982d-4bb3-8724-e46435247a06","OAES_004.mammalGrid.mam","D11","OAES","OAES_004","H7","distributed","grasslandHerbaceous",35.413166,-99.084368,"WGS84",45.1,507.6,0.1,"2 - trap disturbed/door closed but empty","ShermanXLK","2022-08-24","2022-08-24",,,,,,,,,,,,,,,,,,,,,,,,,,,,,,,,,,,,,,,,,,,,"0000-0000-0068-7943","0000-0002-5328-740X",,,"39c44853-e5e4-49a7-9646-2dc7d160e868"
"c4c32f03-b7a9-4345-9855-fb94f29bd26d","e85e602e-5bcb-4cab-af4d-7b73697647f5","OAES_007.mammalGrid.mam","D11","OAES","OAES_007","G7","distributed","shrubScrub",35.419420,-99.055808,"WGS84",45.1,522.6,0.1,"6 - trap set and empty","ShermanXLK","2022-08-24","2022-08-24",,,,,,,,,,,,,,,,,,,,,,,,,,,,,,,,,,,,,,,,,,,,"0000-0002-4194-7642","0000-0002-0594-4276",,,"77d23c85-b5c4-4c10-9e57-b75ce256cfe4"
"28da2789-f378-4914-96ac-4fdc19ba8cac","fadab322-24d7-4246-b156-700156fbb86d","OAES_002.mammalGrid.mam","D11","OAES","OAES_002","H1","distributed","grasslandHerbaceous",35.419111,-99.050850,"WGS84",45.1,516.9,0.1,"6 - trap set and empty","ShermanXLK","2022-08-24","2022-08-24",,,,,,,,,,,,,,,,,,,,,,,,,,,,,,,,,,,,,,,,,,,,"0000-0002-4194-7642","0000-0002-0594-4276",,,"edb37fd2-7731-4b5d-bb24-02f1392bea86"
"bec0b2f2-ec75-45e7-aae1-8d38d34073fb","e85e602e-5bcb-4cab-af4d-7b73697647f5","OAES_007.mammalGrid.mam","D11","OAES","OAES_007","E5","distributed","shrubScrub",35.419420,-99.055808,"WGS84",45.1,522.6,0.1,"6 - trap set and empty","ShermanXLK","2022-08-24","2022-08-24",,,,,,,,,,,,,,,,,,,,,,,,,,,,,,,,,,,,,,,,,,,,"0000-0002-4194-7642","0000-0002-0594-4276",,,"dd824514-0395-40e6-b551-2e0a1f1b279c"
"805060ee-cb51-4cc5-9d0f-64ad403e8955","fadab322-24d7-4246-b156-700156fbb86d","OAES_002.mammalGrid.mam","D11","OAES","OAES_002","D9","distributed","grasslandHerbaceous",35.419111,-99.050850,"WGS84",45.1,516.9,0.1,"6 - trap set and empty","ShermanXLK","2022-08-24","2022-08-24",,,,,,,,,,,,,,,,,,,,,,,,,,,,,,,,,,,,,,,,,,,,"0000-0002-4194-7642","0000-0002-0594-4276",,,"d763cdf8-cc2b-4ac7-9048-393af0fd47e7"
"1150248c-2948-498d-811c-9e301362b9b6","316e8c37-d7a1-45cd-9f04-8a177465e026","OAES_001.mammalGrid.mam","D11","OAES","OAES_001","F6","distributed","grasslandHerbaceous",35.413861,-99.058786,"WGS84",45.1,517.8,0.1,"6 - trap set and empty","ShermanXLK","2022-08-24","2022-08-24",,,,,,,,,,,,,,,,,,,,,,,,,,,,,,,,,,,,,,,,,,,,"0000-0002-5328-740X","0000-0000-0068-7943",,,"69703015-8700-4910-92d9-0dc6215737e4"
"9a6532ed-1b27-44fb-9202-030098a1fd53","c9f15a56-982d-4bb3-8724-e46435247a06","OAES_004.mammalGrid.mam","D11","OAES","OAES_004","A1","distributed","grasslandHerbaceous",35.413166,-99.084368,"WGS84",45.1,507.6,0.1,"6 - trap set and empty","ShermanXLK","2022-08-24","2022-08-24",,,,,,,,,,,,,,,,,,,,,,,,,,,,,,,,,,,,,,,,,,,,"0000-0000-0068-7943","0000-0002-5328-740X",,,"75f0e180-0bf1-4108-bd6e-05d5fb3c0b9b"
"b968bef5-bfe2-477c-aba6-a41aa99436cc","316e8c37-d7a1-45cd-9f04-8a177465e026","OAES_001.mammalGrid.mam","D11","OAES","OAES_001","B6","distributed","grasslandHerbaceous",35.413861,-99.058786,"WGS84",45.1,517.8,0.1,"6 - trap set and empty","ShermanXLK","2022-08-24","2022-08-24",,,,,,,,,,,,,,,,,,,,,,,,,,,,,,,,,,,,,,,,,,,,"0000-0002-5328-740X","0000-0000-0068-7943",,,"c78490a3-83ad-4a53-9a96-911501c2832b"
"568cdb4f-da5c-4281-88ae-65e91dfe5595","c9f15a56-982d-4bb3-8724-e46435247a06","OAES_004.mammalGrid.mam","D11","OAES","OAES_004","H10","distributed","grasslandHerbaceous",35.413166,-99.084368,"WGS84",45.1,507.6,0.1,"6 - trap set and empty","ShermanXLK","2022-08-24","2022-08-24",,,,,,,,,,,,,,,,,,,,,,,,,,,,,,,,,,,,,,,,,,,,"0000-0000-0068-7943","0000-0002-5328-740X",,,"a81e26ae-23d9-46be-85fc-9bedfd71d99a"
"84480cf2-e1be-483c-a18c-9717170bebcf","e85e602e-5bcb-4cab-af4d-7b73697647f5","OAES_007.mammalGrid.mam","D11","OAES","OAES_007","E2","distributed","shrubScrub",35.419420,-99.055808,"WGS84",45.1,522.6,0.1,"5 - capture","ShermanXLK","2022-08-24","2022-08-24","NEON.MAM.D11.373639",,"CHHI","Chaetodipus hispidus","species",,,,,"N","M","Y","processed",,"adult","nonscrotal",,,,,,,,35,"U","U","U",,,,,,,"OAES.20220824.373639.F","D00000185904","fresh",,,"OAES.20220824.373639.H","D00000186178","hairAndWhisker",,,"0000-0002-4194-7642","0000-0002-0594-4276",,,"07f42187-ccd8-452a-9d1a-353f485b954d"
"de37f041-db8e-42d0-b52f-b98b17ba06eb","c9f15a56-982d-4bb3-8724-e46435247a06","OAES_004.mammalGrid.mam","D11","OAES","OAES_004","C7","distributed","grasslandHerbaceous",35.413166,-99.084368,"WGS84",45.1,507.6,0.1,"6 - trap set and empty","ShermanXLK","2022-08-24","2022-08-24",,,,,,,,,,,,,,,,,,,,,,,,,,,,,,,,,,,,,,,,,,,,"0000-0000-0068-7943","0000-0002-5328-740X",,,"6387161c-e6fd-42d0-8eda-9b86a2e5751c"
"266a58fe-6c57-4b25-8c47-2c6c45b61176","fadab322-24d7-4246-b156-700156fbb86d","OAES_002.mammalGrid.mam","D11","OAES","OAES_002","I6","distributed","grasslandHerbaceous",35.419111,-99.050850,"WGS84",45.1,516.9,0.1,"5 - capture","ShermanXLK","2022-08-24","2022-08-24","NEON.MAM.D11.R3913",,"SIHI","Sigmodon hispidus","species",,"NEON.DOC.003137",,,"N","M","N","processed",,"adult","nonscrotal",,,,30,,,,142,"N","N","N",,,,"OAES.20220824.R3913.B","D00000185287","mandibular","OAES.20220824.R3913.F","D00000185592","fresh","OAES.20220824.R3913.E","D00000185605","OAES.20220824.R3913.H","D00000186137","hairAndWhisker",,,"0000-0002-4194-7642","0000-0002-0594-4276",,,"0ad2402b-9378-4776-b087-ac135b91d64f"
"681f1eba-9f80-4297-9795-33dd6ed78e70","316e8c37-d7a1-45cd-9f04-8a177465e026","OAES_001.mammalGrid.mam","D11","OAES","OAES_001","F7","distributed","grasslandHerbaceous",35.413861,-99.058786,"WGS84",45.1,517.8,0.1,"6 - trap set and empty","ShermanXLK","2022-08-24","2022-08-24",,,,,,,,,,,,,,,,,,,,,,,,,,,,,,,,,,,,,,,,,,,,"0000-0002-5328-740X","0000-0000-0068-7943",,,"cf63283f-5342-4095-b149-93392e80077a"
"8a7a6b1b-af8e-47dc-93a3-1effd5197383","fadab322-24d7-4246-b156-700156fbb86d","OAES_002.mammalGrid.mam","D11","OAES","OAES_002","J6","distributed","grasslandHerbaceous",35.419111,-99.050850,"WGS84",45.1,516.9,0.1,"5 - capture","ShermanXLK","2022-08-24","2022-08-24","NEON.MAM.D11.373707",,"CHHI","Chaetodipus hispidus","species",,"NEON.DOC.003137",,,"N","F","Y","processed",,"adult",,"enlarged","not","swollen",,,,,30,"N","N","N",,,,,,,"OAES.20220824.373707.F","D00000185863","fresh",,,,,,,,"0000-0002-4194-7642","0000-0002-0594-4276",,,"4165e442-081e-4e14-b274-9ff189e9dac9"
"5a362eae-1c5c-4b3c-9d75-4b439308e5f2","316e8c37-d7a1-45cd-9f04-8a177465e026","OAES_001.mammalGrid.mam","D11","OAES","OAES_001","A7","distributed","grasslandHerbaceous",35.413861,-99.058786,"WGS84",45.1,517.8,0.1,"5 - capture","ShermanXLK","2022-08-24","2022-08-24","NEON.MAM.D11.R3672",,"PESP","Peromyscus sp.","genus","cf. species",,,,"N","M","N","processed",,"juvenile","nonscrotal",,,,14,,61,,8,"N","N","N",,,,,,,"OAES.20220824.R3672.F","D00000185750","fresh","OAES.20220824.R3672.E","D00000185744","OAES.20220824.R3672.H","D00000186074","hairAndWhisker",,,"0000-0002-5328-740X","0000-0000-0068-7943",,,"eb41f42c-72a1-4cc4-9aa0-a0964f7270a4"
"40a4d1ba-e550-4096-9d7c-40f3cb9e3b1d","e85e602e-5bcb-4cab-af4d-7b73697647f5","OAES_007.mammalGrid.mam","D11","OAES","OAES_007","B2","distributed","shrubScrub",35.419420,-99.055808,"WGS84",45.1,522.6,0.1,"6 - trap set and empty","ShermanXLK","2022-08-24","2022-08-24",,,,,,,,,,,,,,,,,,,,,,,,,,,,,,,,,,,,,,,,,,,,"0000-0002-4194-7642","0000-0002-0594-4276",,,"ad96de6b-b541-48eb-a691-09e500d3a3ab"
"72f25cf3-187c-46e7-86c6-730cbc4f6a0c","e85e602e-5bcb-4cab-af4d-7b73697647f5","OAES_007.mammalGrid.mam","D11","OAES","OAES_007","A8","distributed","shrubScrub",35.419420,-99.055808,"WGS84",45.1,522.6,0.1,"6 - trap set and empty","ShermanXLK","2022-08-24","2022-08-24",,,,,,,,,,,,,,,,,,,,,,,,,,,,,,,,,,,,,,,,,,,,"0000-0002-4194-7642","0000-0002-0594-4276",,,"ed324838-96a1-4825-9559-6a3c924d7976"
"db52dc4b-630b-4a0d-a437-4b0eaeaf56e5","fadab322-24d7-4246-b156-700156fbb86d","OAES_002.mammalGrid.mam","D11","OAES","OAES_002","J1","distributed","grasslandHerbaceous",35.419111,-99.050850,"WGS84",45.1,516.9,0.1,"2 - trap disturbed/door closed but empty","ShermanXLK","2022-08-24","2022-08-24",,,,,,,,,,,,,,,,,,,,,,,,,,,,,,,,,,,,,,,,,,,,"0000-0002-4194-7642","0000-0002-0594-4276",,,"e78ec315-1e27-4671-a695-c1e580e0327b"
"9fc40a4a-ed94-4cc3-b6ca-f682447a714c","c9f15a56-982d-4bb3-8724-e46435247a06","OAES_004.mammalGrid.mam","D11","OAES","OAES_004","C3","distributed","grasslandHerbaceous",35.413166,-99.084368,"WGS84",45.1,507.6,0.1,"2 - trap disturbed/door closed but empty","ShermanXLK","2022-08-24","2022-08-24",,,,,,,,,,,,,,,,,,,,,,,,,,,,,,,,,,,,,,,,,,,,"0000-0000-0068-7943","0000-0002-5328-740X",,,"be260379-b13d-4d71-be41-737b846746d0"
"5d003251-df2b-43fc-a55d-9c9489d8728f","fadab322-24d7-4246-b156-700156fbb86d","OAES_002.mammalGrid.mam","D11","OAES","OAES_002","E8","distributed","grasslandHerbaceous",35.419111,-99.050850,"WGS84",45.1,516.9,0.1,"6 - trap set and empty","ShermanXLK","2022-08-24","2022-08-24",,,,,,,,,,,,,,,,,,,,,,,,,,,,,,,,,,,,,,,,,,,,"0000-0002-4194-7642","0000-0002-0594-4276",,,"16660e91-512b-408e-b4e3-02245696cb11"
"d01de454-191e-4f65-ad7a-713690d87617","c9f15a56-982d-4bb3-8724-e46435247a06","OAES_004.mammalGrid.mam","D11","OAES","OAES_004","F9","distributed","grasslandHerbaceous",35.413166,-99.084368,"WGS84",45.1,507.6,0.1,"6 - trap set and empty","ShermanXLK","2022-08-24","2022-08-24",,,,,,,,,,,,,,,,,,,,,,,,,,,,,,,,,,,,,,,,,,,,"0000-0000-0068-7943","0000-0002-5328-740X",,,"c21fce86-dde0-47ab-b5de-747e15a727ce"
"5e1eb5e8-85c3-44ad-8644-4ea20fa8ee24","316e8c37-d7a1-45cd-9f04-8a177465e026","OAES_001.mammalGrid.mam","D11","OAES","OAES_001","E1","distributed","grasslandHerbaceous",35.413861,-99.058786,"WGS84",45.1,517.8,0.1,"2 - trap disturbed/door closed but empty","ShermanXLK","2022-08-24","2022-08-24",,,,,,,,,,,,,,,,,,,,,,,,,,,,,,,,,,,,,,,,,,,,"0000-0002-5328-740X","0000-0000-0068-7943",,,"fb5a83a1-52fa-417c-87dd-f2f28a47aa1e"
"6d9cebc4-f7e4-4160-b9ad-4855805ab0b7","316e8c37-d7a1-45cd-9f04-8a177465e026","OAES_001.mammalGrid.mam","D11","OAES","OAES_001","F1","distributed","grasslandHerbaceous",35.413861,-99.058786,"WGS84",45.1,517.8,0.1,"2 - trap disturbed/door closed but empty","ShermanXLK","2022-08-24","2022-08-24",,,,,,,,,,,,,,,,,,,,,,,,,,,,,,,,,,,,,,,,,,,,"0000-0002-5328-740X","0000-0000-0068-7943",,,"ef9055b8-6263-4325-b023-d63127153546"
"b505c096-9189-42a5-a726-d8cfdb5bea3c","c9f15a56-982d-4bb3-8724-e46435247a06","OAES_004.mammalGrid.mam","D11","OAES","OAES_004","C6","distributed","grasslandHerbaceous",35.413166,-99.084368,"WGS84",45.1,507.6,0.1,"6 - trap set and empty","ShermanXLK","2022-08-24","2022-08-24",,,,,,,,,,,,,,,,,,,,,,,,,,,,,,,,,,,,,,,,,,,,"0000-0000-0068-7943","0000-0002-5328-740X",,,"b721ccdb-cbf4-4ad4-bd03-404679fd8862"
"a7fe9ebb-ea48-426a-9272-44f63fdc1766","316e8c37-d7a1-45cd-9f04-8a177465e026","OAES_001.mammalGrid.mam","D11","OAES","OAES_001","F2","distributed","grasslandHerbaceous",35.413861,-99.058786,"WGS84",45.1,517.8,0.1,"6 - trap set and empty","ShermanXLK","2022-08-24","2022-08-24",,,,,,,,,,,,,,,,,,,,,,,,,,,,,,,,,,,,,,,,,,,,"0000-0002-5328-740X","0000-0000-0068-7943",,,"1a0d8c17-227a-455c-a952-3f0266e9b1ae"
"e9f9ee49-ea00-479f-843a-ccbb9b5bd437","316e8c37-d7a1-45cd-9f04-8a177465e026","OAES_001.mammalGrid.mam","D11","OAES","OAES_001","A6","distributed","grasslandHerbaceous",35.413861,-99.058786,"WGS84",45.1,517.8,0.1,"6 - trap set and empty","ShermanXLK","2022-08-24","2022-08-24",,,,,,,,,,,,,,,,,,,,,,,,,,,,,,,,,,,,,,,,,,,,"0000-0002-5328-740X","0000-0000-0068-7943",,,"0aec3be7-d185-4e7d-98d3-2709492ff727"
"b874bbdf-cd51-4fa5-a93d-3f7d56cdbabc","fadab322-24d7-4246-b156-700156fbb86d","OAES_002.mammalGrid.mam","D11","OAES","OAES_002","B7","distributed","grasslandHerbaceous",35.419111,-99.050850,"WGS84",45.1,516.9,0.1,"6 - trap set and empty","ShermanXLK","2022-08-24","2022-08-24",,,,,,,,,,,,,,,,,,,,,,,,,,,,,,,,,,,,,,,,,,,,"0000-0002-4194-7642","0000-0002-0594-4276",,,"13c69237-23be-4e07-93bb-7a25679b0c9f"
"9ed7cd13-520f-43a2-8573-f444bb5801bf","e85e602e-5bcb-4cab-af4d-7b73697647f5","OAES_007.mammalGrid.mam","D11","OAES","OAES_007","A1","distributed","shrubScrub",35.419420,-99.055808,"WGS84",45.1,522.6,0.1,"6 - trap set and empty","ShermanXLK","2022-08-24","2022-08-24",,,,,,,,,,,,,,,,,,,,,,,,,,,,,,,,,,,,,,,,,,,,"0000-0002-4194-7642","0000-0002-0594-4276",,,"cda9e8a8-33fd-42cf-94db-387d6210aea9"
"0a28364d-3a88-4e32-8a57-7e181fc99d40","c9f15a56-982d-4bb3-8724-e46435247a06","OAES_004.mammalGrid.mam","D11","OAES","OAES_004","F5","distributed","grasslandHerbaceous",35.413166,-99.084368,"WGS84",45.1,507.6,0.1,"6 - trap set and empty","ShermanXLK","2022-08-24","2022-08-24",,,,,,,,,,,,,,,,,,,,,,,,,,,,,,,,,,,,,,,,,,,,"0000-0000-0068-7943","0000-0002-5328-740X",,,"9c9924f4-4213-4201-8917-e8228a032837"
"662161cf-0853-4955-ab42-d7462b96d378","e85e602e-5bcb-4cab-af4d-7b73697647f5","OAES_007.mammalGrid.mam","D11","OAES","OAES_007","I1","distributed","shrubScrub",35.419420,-99.055808,"WGS84",45.1,522.6,0.1,"6 - trap set and empty","ShermanXLK","2022-08-24","2022-08-24",,,,,,,,,,,,,,,,,,,,,,,,,,,,,,,,,,,,,,,,,,,,"0000-0002-4194-7642","0000-0002-0594-4276",,,"2fefef36-628b-4edc-9ce5-3320dcb2383f"
"303432cc-ff9b-403e-8242-8a386082b886","316e8c37-d7a1-45cd-9f04-8a177465e026","OAES_001.mammalGrid.mam","D11","OAES","OAES_001","D3","distributed","grasslandHerbaceous",35.413861,-99.058786,"WGS84",45.1,517.8,0.1,"6 - trap set and empty","ShermanXLK","2022-08-24","2022-08-24",,,,,,,,,,,,,,,,,,,,,,,,,,,,,,,,,,,,,,,,,,,,"0000-0002-5328-740X","0000-0000-0068-7943",,,"66a35637-0928-4c5f-8903-e47e6217dd4f"
"f89dd62f-627d-4ddc-896f-51bad68dfb43","e85e602e-5bcb-4cab-af4d-7b73697647f5","OAES_007.mammalGrid.mam","D11","OAES","OAES_007","A2","distributed","shrubScrub",35.419420,-99.055808,"WGS84",45.1,522.6,0.1,"6 - trap set and empty","ShermanXLK","2022-08-24","2022-08-24",,,,,,,,,,,,,,,,,,,,,,,,,,,,,,,,,,,,,,,,,,,,"0000-0002-4194-7642","0000-0002-0594-4276",,,"a6e62a5f-b23c-4d5b-9296-efa6405bc1e0"
"eaf89f35-fa5d-467f-8425-dc47deb4c346","e85e602e-5bcb-4cab-af4d-7b73697647f5","OAES_007.mammalGrid.mam","D11","OAES","OAES_007","C3","distributed","shrubScrub",35.419420,-99.055808,"WGS84",45.1,522.6,0.1,"6 - trap set and empty","ShermanXLK","2022-08-24","2022-08-24",,,,,,,,,,,,,,,,,,,,,,,,,,,,,,,,,,,,,,,,,,,,"0000-0002-4194-7642","0000-0002-0594-4276",,,"0fe0f38c-2976-46bd-a330-3accc87c22c9"
"7b5d20fe-1689-4f0e-b126-dae5343f8463","e85e602e-5bcb-4cab-af4d-7b73697647f5","OAES_007.mammalGrid.mam","D11","OAES","OAES_007","C2","distributed","shrubScrub",35.419420,-99.055808,"WGS84",45.1,522.6,0.1,"5 - capture","ShermanXLK","2022-08-24","2022-08-24","NEON.MAM.D11.373595",,"CHHI","Chaetodipus hispidus","species",,,,,"N","M","Y","processed",,"adult","nonscrotal",,,,24,,93,,42,"N","N","N",,,,,,,"OAES.20220824.373595.F","D00000185728","fresh",,,"OAES.20220824.373595.H","D00000186141","hairAndWhisker",,,"0000-0002-4194-7642","0000-0002-0594-4276",,,"ad56062f-b431-43a5-b06b-a6f68fc25f4f"
"34725132-168c-4948-a73f-2bbba077f7fe","e85e602e-5bcb-4cab-af4d-7b73697647f5","OAES_007.mammalGrid.mam","D11","OAES","OAES_007","H5","distributed","shrubScrub",35.419420,-99.055808,"WGS84",45.1,522.6,0.1,"6 - trap set and empty","ShermanXLK","2022-08-24","2022-08-24",,,,,,,,,,,,,,,,,,,,,,,,,,,,,,,,,,,,,,,,,,,,"0000-0002-4194-7642","0000-0002-0594-4276",,,"e9fb7e60-5efd-4ab2-bb2c-335b82f0e555"
"46066345-ed60-48c1-8707-fe957e69be56","c9f15a56-982d-4bb3-8724-e46435247a06","OAES_004.mammalGrid.mam","D11","OAES","OAES_004","D2","distributed","grasslandHerbaceous",35.413166,-99.084368,"WGS84",45.1,507.6,0.1,"6 - trap set and empty","ShermanXLK","2022-08-24","2022-08-24",,,,,,,,,,,,,,,,,,,,,,,,,,,,,,,,,,,,,,,,,,,,"0000-0000-0068-7943","0000-0002-5328-740X",,,"8ef80fdf-a5e0-4812-b1d7-cfbc799a7e35"
"b056a975-47dc-41d0-916e-292bba40813c","316e8c37-d7a1-45cd-9f04-8a177465e026","OAES_001.mammalGrid.mam","D11","OAES","OAES_001","E10","distributed","grasslandHerbaceous",35.413861,-99.058786,"WGS84",45.1,517.8,0.1,"6 - trap set and empty","ShermanXLK","2022-08-24","2022-08-24",,,,,,,,,,,,,,,,,,,,,,,,,,,,,,,,,,,,,,,,,,,,"0000-0002-5328-740X","0000-0000-0068-7943",,,"90d1d259-022a-4bea-912f-9eef86c9f090"
"34822ba9-c73f-43e9-956d-d406b8d7cac0","316e8c37-d7a1-45cd-9f04-8a177465e026","OAES_001.mammalGrid.mam","D11","OAES","OAES_001","J2","distributed","grasslandHerbaceous",35.413861,-99.058786,"WGS84",45.1,517.8,0.1,"6 - trap set and empty","ShermanXLK","2022-08-24","2022-08-24",,,,,,,,,,,,,,,,,,,,,,,,,,,,,,,,,,,,,,,,,,,,"0000-0002-5328-740X","0000-0000-0068-7943",,,"c2447d52-a936-4bdc-ba3c-60873fa4018c"
"4fa6566a-93f1-44a9-8a09-0cfca368ec97","e85e602e-5bcb-4cab-af4d-7b73697647f5","OAES_007.mammalGrid.mam","D11","OAES","OAES_007","J4","distributed","shrubScrub",35.419420,-99.055808,"WGS84",45.1,522.6,0.1,"6 - trap set and empty","ShermanXLK","2022-08-24","2022-08-24",,,,,,,,,,,,,,,,,,,,,,,,,,,,,,,,,,,,,,,,,,,,"0000-0002-4194-7642","0000-0002-0594-4276",,,"d6003243-6eb2-4724-9431-09aa3318cb4b"
"43a83ecb-b90c-4266-966d-6008a30012dc","fadab322-24d7-4246-b156-700156fbb86d","OAES_002.mammalGrid.mam","D11","OAES","OAES_002","C1","distributed","grasslandHerbaceous",35.419111,-99.050850,"WGS84",45.1,516.9,0.1,"5 - capture","ShermanXLK","2022-08-24","2022-08-24","NEON.MAM.D11.373568",,"PEFL","Perognathus flavus","species",,"NEON.DOC.003137",,,"N","F","Y","processed",,"adult",,"nonenlarged","not","not plugged",15,,,,8,"N","N","N",,,,,,,"OAES.20220824.373568.F","D00000185874","fresh",,,,,,,,"0000-0002-4194-7642","0000-0002-0594-4276",,,"d7f4403e-722d-4b03-a60b-42b720e91bb7"
"38eb3d72-9f9b-49bf-9ce9-bf0b72b5fc27","316e8c37-d7a1-45cd-9f04-8a177465e026","OAES_001.mammalGrid.mam","D11","OAES","OAES_001","D1","distributed","grasslandHerbaceous",35.413861,-99.058786,"WGS84",45.1,517.8,0.1,"2 - trap disturbed/door closed but empty","ShermanXLK","2022-08-24","2022-08-24",,,,,,,,,,,,,,,,,,,,,,,,,,,,,,,,,,,,,,,,,,,,"0000-0002-5328-740X","0000-0000-0068-7943",,,"a9f70be0-f432-4b0d-aa4f-60aca2cbefc1"
"2bd7a41f-5c7e-46fe-847f-8d4cb9ce70d8","c9f15a56-982d-4bb3-8724-e46435247a06","OAES_004.mammalGrid.mam","D11","OAES","OAES_004","J3","distributed","grasslandHerbaceous",35.413166,-99.084368,"WGS84",45.1,507.6,0.1,"6 - trap set and empty","ShermanXLK","2022-08-24","2022-08-24",,,,,,,,,,,,,,,,,,,,,,,,,,,,,,,,,,,,,,,,,,,,"0000-0000-0068-7943","0000-0002-5328-740X",,,"45b2d197-6553-417c-8352-07814aa2342b"
"778fa6ba-183b-4676-846f-096bb7498e08","316e8c37-d7a1-45cd-9f04-8a177465e026","OAES_001.mammalGrid.mam","D11","OAES","OAES_001","A5","distributed","grasslandHerbaceous",35.413861,-99.058786,"WGS84",45.1,517.8,0.1,"6 - trap set and empty","ShermanXLK","2022-08-24","2022-08-24",,,,,,,,,,,,,,,,,,,,,,,,,,,,,,,,,,,,,,,,,,,,"0000-0002-5328-740X","0000-0000-0068-7943",,,"11aeaf5f-9070-4e9c-bafc-f6888d3874fd"
"dc1b1fbd-1b90-477f-8573-e1d341635798","e85e602e-5bcb-4cab-af4d-7b73697647f5","OAES_007.mammalGrid.mam","D11","OAES","OAES_007","G3","distributed","shrubScrub",35.419420,-99.055808,"WGS84",45.1,522.6,0.1,"5 - capture","ShermanXLK","2022-08-24","2022-08-24","NEON.MAM.D11.R3952",,"SIHI","Sigmodon hispidus","species",,"NEON.DOC.003137",,,"N","M","N","processed",,"subadult","nonscrotal",,,,31,,,,94,"U","U","U",,,,"OAES.20220824.R3952.B","D00000185274","mandibular - QNS",,,,"OAES.20220824.R3952.E","D00000185873","OAES.20220824.R3952.H","D00000186180","hairAndWhisker",,,"0000-0002-4194-7642","0000-0002-0594-4276",,,"ccf44d73-c8bb-4ae0-a6bc-d6ce1fa44a1a"
"7c285f5e-bc70-44a9-9220-27eaf20f97e0","c9f15a56-982d-4bb3-8724-e46435247a06","OAES_004.mammalGrid.mam","D11","OAES","OAES_004","D6","distributed","grasslandHerbaceous",35.413166,-99.084368,"WGS84",45.1,507.6,0.1,"6 - trap set and empty","ShermanXLK","2022-08-24","2022-08-24",,,,,,,,,,,,,,,,,,,,,,,,,,,,,,,,,,,,,,,,,,,,"0000-0000-0068-7943","0000-0002-5328-740X",,,"6245b73b-284d-4d5f-aa84-359c7adecfa5"
"7f08f338-2630-459a-9ba8-373a28a05b9d","fadab322-24d7-4246-b156-700156fbb86d","OAES_002.mammalGrid.mam","D11","OAES","OAES_002","G9","distributed","grasslandHerbaceous",35.419111,-99.050850,"WGS84",45.1,516.9,0.1,"5 - capture","ShermanXLK","2022-08-24","2022-08-24","NEON.MAM.D11.L3698",,"PEMA","Peromyscus maniculatus","species",,"NEON.DOC.003137",,"taxonID confirmed","N","M","Y","processed",,"adult","nonscrotal",,,,18,14,53,,19,"N","N","N",,,,,,,"OAES.20220824.L3698.F","D00000185590","fresh",,,,,,,,"0000-0002-4194-7642","0000-0002-0594-4276",,,"3c3c963b-6105-4c3f-a467-a5f8495a012f"
"0a91ed7a-7788-4996-ac88-ea1d3f4738b5","fadab322-24d7-4246-b156-700156fbb86d","OAES_002.mammalGrid.mam","D11","OAES","OAES_002","I10","distributed","grasslandHerbaceous",35.419111,-99.050850,"WGS84",45.1,516.9,0.1,"6 - trap set and empty","ShermanXLK","2022-08-24","2022-08-24",,,,,,,,,,,,,,,,,,,,,,,,,,,,,,,,,,,,,,,,,,,,"0000-0002-4194-7642","0000-0002-0594-4276",,,"9713fdbb-ef56-4e4d-a2c0-794ac3f7cffa"
"2c903063-15db-49f9-bb63-8f7cef094021","c9f15a56-982d-4bb3-8724-e46435247a06","OAES_004.mammalGrid.mam","D11","OAES","OAES_004","A10","distributed","grasslandHerbaceous",35.413166,-99.084368,"WGS84",45.1,507.6,0.1,"6 - trap set and empty","ShermanXLK","2022-08-24","2022-08-24",,,,,,,,,,,,,,,,,,,,,,,,,,,,,,,,,,,,,,,,,,,,"0000-0000-0068-7943","0000-0002-5328-740X",,,"50d9efc5-0209-4688-8deb-3268ee19fad4"
"9ad95883-19da-47b1-9346-8f9431581e92","c9f15a56-982d-4bb3-8724-e46435247a06","OAES_004.mammalGrid.mam","D11","OAES","OAES_004","D5","distributed","grasslandHerbaceous",35.413166,-99.084368,"WGS84",45.1,507.6,0.1,"6 - trap set and empty","ShermanXLK","2022-08-24","2022-08-24",,,,,,,,,,,,,,,,,,,,,,,,,,,,,,,,,,,,,,,,,,,,"0000-0000-0068-7943","0000-0002-5328-740X",,,"92b9b4f1-caf4-40ea-b246-e993ce2b4333"
"74541cf2-4ed9-4466-b0a9-e8c556557897","e85e602e-5bcb-4cab-af4d-7b73697647f5","OAES_007.mammalGrid.mam","D11","OAES","OAES_007","E1","distributed","shrubScrub",35.419420,-99.055808,"WGS84",45.1,522.6,0.1,"2 - trap disturbed/door closed but empty","ShermanXLK","2022-08-24","2022-08-24",,,,,,,,,,,,,,,,,,,,,,,,,,,,,,,,,,,,,,,,,,,,"0000-0002-4194-7642","0000-0002-0594-4276",,,"9572f4bb-cba8-4711-8f48-209e3b05284b"
"89a97d49-fd39-4ffa-aa00-6363a1379559","e85e602e-5bcb-4cab-af4d-7b73697647f5","OAES_007.mammalGrid.mam","D11","OAES","OAES_007","D4","distributed","shrubScrub",35.419420,-99.055808,"WGS84",45.1,522.6,0.1,"5 - capture","ShermanXLK","2022-08-24","2022-08-24","NEON.MAM.D11.R3636",,"MIOC","Microtus ochrogaster","species",,,,,"N","F","Y","processed",,"adult",,"nonenlarged","not","not plugged",19,,35,,38,"N","N","N",,,,,,,"OAES.20220824.R3636.F","D00000185617","fresh",,,"OAES.20220824.R3636.H","D00000186142","hairAndWhisker",,,"0000-0002-4194-7642","0000-0002-0594-4276",,,"e58c45f3-d5c5-42ad-9376-d6f1e24d9f2a"
"a2b0f99f-22a4-4a9d-b90c-c497dd7e7fb3","316e8c37-d7a1-45cd-9f04-8a177465e026","OAES_001.mammalGrid.mam","D11","OAES","OAES_001","J1","distributed","grasslandHerbaceous",35.413861,-99.058786,"WGS84",45.1,517.8,0.1,"6 - trap set and empty","ShermanXLK","2022-08-24","2022-08-24",,,,,,,,,,,,,,,,,,,,,,,,,,,,,,,,,,,,,,,,,,,,"0000-0002-5328-740X","0000-0000-0068-7943",,,"cb82974d-c314-4b85-918f-c7d159df2cd0"
"9799befe-3784-4d6a-9369-ead3c75da9d7","e85e602e-5bcb-4cab-af4d-7b73697647f5","OAES_007.mammalGrid.mam","D11","OAES","OAES_007","G9","distributed","shrubScrub",35.419420,-99.055808,"WGS84",45.1,522.6,0.1,"6 - trap set and empty","ShermanXLK","2022-08-24","2022-08-24",,,,,,,,,,,,,,,,,,,,,,,,,,,,,,,,,,,,,,,,,,,,"0000-0002-4194-7642","0000-0002-0594-4276",,,"da9c3716-b77c-4937-a252-7ff9930e573e"
"bebd1b87-3704-43c9-911e-332bb64cfae1","fadab322-24d7-4246-b156-700156fbb86d","OAES_002.mammalGrid.mam","D11","OAES","OAES_002","F10","distributed","grasslandHerbaceous",35.419111,-99.050850,"WGS84",45.1,516.9,0.1,"6 - trap set and empty","ShermanXLK","2022-08-24","2022-08-24",,,,,,,,,,,,,,,,,,,,,,,,,,,,,,,,,,,,,,,,,,,,"0000-0002-4194-7642","0000-0002-0594-4276",,,"c71abfa6-26f5-4a93-87ac-f5d3900da035"
"b0211870-8524-4e0f-81b7-2b3c56233290","fadab322-24d7-4246-b156-700156fbb86d","OAES_002.mammalGrid.mam","D11","OAES","OAES_002","E1","distributed","grasslandHerbaceous",35.419111,-99.050850,"WGS84",45.1,516.9,0.1,"6 - trap set and empty","ShermanXLK","2022-08-24","2022-08-24",,,,,,,,,,,,,,,,,,,,,,,,,,,,,,,,,,,,,,,,,,,,"0000-0002-4194-7642","0000-0002-0594-4276",,,"67359f59-d066-44f0-8c26-3cf94454207f"
"b4158564-c984-4320-9e21-e69ca88a891d","316e8c37-d7a1-45cd-9f04-8a177465e026","OAES_001.mammalGrid.mam","D11","OAES","OAES_001","D6","distributed","grasslandHerbaceous",35.413861,-99.058786,"WGS84",45.1,517.8,0.1,"6 - trap set and empty","ShermanXLK","2022-08-24","2022-08-24",,,,,,,,,,,,,,,,,,,,,,,,,,,,,,,,,,,,,,,,,,,,"0000-0002-5328-740X","0000-0000-0068-7943",,,"91297ac1-4aa1-4234-9caa-7c61eca241f7"
"127a5930-0c28-469f-aeb5-a8bb3970b9ef","c9f15a56-982d-4bb3-8724-e46435247a06","OAES_004.mammalGrid.mam","D11","OAES","OAES_004","B6","distributed","grasslandHerbaceous",35.413166,-99.084368,"WGS84",45.1,507.6,0.1,"6 - trap set and empty","ShermanXLK","2022-08-24","2022-08-24",,,,,,,,,,,,,,,,,,,,,,,,,,,,,,,,,,,,,,,,,,,,"0000-0000-0068-7943","0000-0002-5328-740X",,,"49d8eb35-7732-4578-925f-e6be9af6256e"
"3017f97d-8562-4bd2-ae01-4fd805c23749","316e8c37-d7a1-45cd-9f04-8a177465e026","OAES_001.mammalGrid.mam","D11","OAES","OAES_001","J4","distributed","grasslandHerbaceous",35.413861,-99.058786,"WGS84",45.1,517.8,0.1,"3 - trap door open or closed w/ spoor left","ShermanXLK","2022-08-24","2022-08-24",,,,,,,,,,,,,,,,,,,,,,,,,,,,,,,,,,,,,,,,,,,,"0000-0002-5328-740X","0000-0000-0068-7943",,,"10977d0c-e675-4d19-ac1a-65015717a524"
"d6382c97-2658-4be5-a610-81c8865cf396","c9f15a56-982d-4bb3-8724-e46435247a06","OAES_004.mammalGrid.mam","D11","OAES","OAES_004","G4","distributed","grasslandHerbaceous",35.413166,-99.084368,"WGS84",45.1,507.6,0.1,"6 - trap set and empty","ShermanXLK","2022-08-24","2022-08-24",,,,,,,,,,,,,,,,,,,,,,,,,,,,,,,,,,,,,,,,,,,,"0000-0000-0068-7943","0000-0002-5328-740X",,,"9525d41a-e8cc-4692-9d92-80a41209bc52"
"17158a94-2910-4199-98ee-5bff7d78e93f","c9f15a56-982d-4bb3-8724-e46435247a06","OAES_004.mammalGrid.mam","D11","OAES","OAES_004","F3","distributed","grasslandHerbaceous",35.413166,-99.084368,"WGS84",45.1,507.6,0.1,"6 - trap set and empty","ShermanXLK","2022-08-24","2022-08-24",,,,,,,,,,,,,,,,,,,,,,,,,,,,,,,,,,,,,,,,,,,,"0000-0000-0068-7943","0000-0002-5328-740X",,,"7c61f2fe-ec07-495c-b988-5b369fabb83f"
"b0a3c4c7-d004-447d-8daf-2253d3e02fea","e85e602e-5bcb-4cab-af4d-7b73697647f5","OAES_007.mammalGrid.mam","D11","OAES","OAES_007","D2","distributed","shrubScrub",35.419420,-99.055808,"WGS84",45.1,522.6,0.1,"6 - trap set and empty","ShermanXLK","2022-08-24","2022-08-24",,,,,,,,,,,,,,,,,,,,,,,,,,,,,,,,,,,,,,,,,,,,"0000-0002-4194-7642","0000-0002-0594-4276",,,"11b10c04-4919-484a-bd46-b83fa4fdb6ea"
"ae02c4ca-2389-45fc-8ff4-48b7d90a09e8","e85e602e-5bcb-4cab-af4d-7b73697647f5","OAES_007.mammalGrid.mam","D11","OAES","OAES_007","D3","distributed","shrubScrub",35.419420,-99.055808,"WGS84",45.1,522.6,0.1,"2 - trap disturbed/door closed but empty","ShermanXLK","2022-08-24","2022-08-24",,,,,,,,,,,,,,,,,,,,,,,,,,,,,,,,,,,,,,,,,,,,"0000-0002-4194-7642","0000-0002-0594-4276",,,"e2fe3d6c-1a34-4552-9d94-83e1ae3df142"
"f9f6dbaa-1e6e-4b3b-827f-171426e21a60","316e8c37-d7a1-45cd-9f04-8a177465e026","OAES_001.mammalGrid.mam","D11","OAES","OAES_001","H2","distributed","grasslandHerbaceous",35.413861,-99.058786,"WGS84",45.1,517.8,0.1,"6 - trap set and empty","ShermanXLK","2022-08-24","2022-08-24",,,,,,,,,,,,,,,,,,,,,,,,,,,,,,,,,,,,,,,,,,,,"0000-0002-5328-740X","0000-0000-0068-7943",,,"f6afd7c2-e29c-49d0-a03e-78a6ba0d3c42"
"9d50577d-ecbe-467a-ba0a-87a1c512397f","c9f15a56-982d-4bb3-8724-e46435247a06","OAES_004.mammalGrid.mam","D11","OAES","OAES_004","J2","distributed","grasslandHerbaceous",35.413166,-99.084368,"WGS84",45.1,507.6,0.1,"6 - trap set and empty","ShermanXLK","2022-08-24","2022-08-24",,,,,,,,,,,,,,,,,,,,,,,,,,,,,,,,,,,,,,,,,,,,"0000-0000-0068-7943","0000-0002-5328-740X",,,"86d81274-0301-4a71-9236-1e9f07da7764"
"c023c916-9706-435b-95c6-504f436e005e","e85e602e-5bcb-4cab-af4d-7b73697647f5","OAES_007.mammalGrid.mam","D11","OAES","OAES_007","E10","distributed","shrubScrub",35.419420,-99.055808,"WGS84",45.1,522.6,0.1,"1 - trap not set","ShermanXLK","2022-08-24","2022-08-24",,,,,,,,,,,,,,,,,,,,,,,,,,,,,,,,,,,,,,,,,,,,"0000-0002-4194-7642","0000-0002-0594-4276",,,"13f18c03-d5a5-4a3c-8f0e-987b8c2e5f2b"
"4039c318-84fa-4d31-b4c6-7db06658807d","fadab322-24d7-4246-b156-700156fbb86d","OAES_002.mammalGrid.mam","D11","OAES","OAES_002","I7","distributed","grasslandHerbaceous",35.419111,-99.050850,"WGS84",45.1,516.9,0.1,"6 - trap set and empty","ShermanXLK","2022-08-24","2022-08-24",,,,,,,,,,,,,,,,,,,,,,,,,,,,,,,,,,,,,,,,,,,,"0000-0002-4194-7642","0000-0002-0594-4276",,,"7d4a5e19-c33c-4025-8a30-8109740bd365"
"1d0353fd-acae-45c7-bf49-ad0e1366b314","e85e602e-5bcb-4cab-af4d-7b73697647f5","OAES_007.mammalGrid.mam","D11","OAES","OAES_007","B3","distributed","shrubScrub",35.419420,-99.055808,"WGS84",45.1,522.6,0.1,"2 - trap disturbed/door closed but empty","ShermanXLK","2022-08-24","2022-08-24",,,,,,,,,,,,,,,,,,,,,,,,,,,,,,,,,,,,,,,,,,,,"0000-0002-4194-7642","0000-0002-0594-4276",,,"57272c48-e8b6-407b-a2a2-e13707583c0b"
"7743a3d7-77e5-49a2-848b-2df4b950a468","fadab322-24d7-4246-b156-700156fbb86d","OAES_002.mammalGrid.mam","D11","OAES","OAES_002","F6","distributed","grasslandHerbaceous",35.419111,-99.050850,"WGS84",45.1,516.9,0.1,"6 - trap set and empty","ShermanXLK","2022-08-24","2022-08-24",,,,,,,,,,,,,,,,,,,,,,,,,,,,,,,,,,,,,,,,,,,,"0000-0002-4194-7642","0000-0002-0594-4276",,,"07feea3a-cd8e-4c8a-ae24-19fa2c6855c9"
"9abb28af-c61c-49c0-ae19-b45b39c77b53","e85e602e-5bcb-4cab-af4d-7b73697647f5","OAES_007.mammalGrid.mam","D11","OAES","OAES_007","H7","distributed","shrubScrub",35.419420,-99.055808,"WGS84",45.1,522.6,0.1,"6 - trap set and empty","ShermanXLK","2022-08-24","2022-08-24",,,,,,,,,,,,,,,,,,,,,,,,,,,,,,,,,,,,,,,,,,,,"0000-0002-4194-7642","0000-0002-0594-4276",,,"41361452-8de5-4d8d-b263-8c8ec67db845"
"fd0523bc-a575-4b53-8102-14aef5aa4331","c9f15a56-982d-4bb3-8724-e46435247a06","OAES_004.mammalGrid.mam","D11","OAES","OAES_004","G5","distributed","grasslandHerbaceous",35.413166,-99.084368,"WGS84",45.1,507.6,0.1,"6 - trap set and empty","ShermanXLK","2022-08-24","2022-08-24",,,,,,,,,,,,,,,,,,,,,,,,,,,,,,,,,,,,,,,,,,,,"0000-0000-0068-7943","0000-0002-5328-740X",,,"cf91a9d4-1926-44a8-9025-715ccadc3d4b"
"aaff54e2-9221-4ba6-8d46-59f571919b51","e85e602e-5bcb-4cab-af4d-7b73697647f5","OAES_007.mammalGrid.mam","D11","OAES","OAES_007","G10","distributed","shrubScrub",35.419420,-99.055808,"WGS84",45.1,522.6,0.1,"6 - trap set and empty","ShermanXLK","2022-08-24","2022-08-24",,,,,,,,,,,,,,,,,,,,,,,,,,,,,,,,,,,,,,,,,,,,"0000-0002-4194-7642","0000-0002-0594-4276",,,"70d8659d-c645-414a-a170-3bd6e32924ee"
"e6356492-0aba-4875-bfe5-f4e5e10a5b09","c9f15a56-982d-4bb3-8724-e46435247a06","OAES_004.mammalGrid.mam","D11","OAES","OAES_004","A3","distributed","grasslandHerbaceous",35.413166,-99.084368,"WGS84",45.1,507.6,0.1,"6 - trap set and empty","ShermanXLK","2022-08-24","2022-08-24",,,,,,,,,,,,,,,,,,,,,,,,,,,,,,,,,,,,,,,,,,,,"0000-0000-0068-7943","0000-0002-5328-740X",,,"906b56fc-93df-47b9-868e-91a51f9262b3"
"a18e3aa2-4eb7-44e9-bd41-5b79df3008d5","c9f15a56-982d-4bb3-8724-e46435247a06","OAES_004.mammalGrid.mam","D11","OAES","OAES_004","D7","distributed","grasslandHerbaceous",35.413166,-99.084368,"WGS84",45.1,507.6,0.1,"6 - trap set and empty","ShermanXLK","2022-08-24","2022-08-24",,,,,,,,,,,,,,,,,,,,,,,,,,,,,,,,,,,,,,,,,,,,"0000-0000-0068-7943","0000-0002-5328-740X",,,"925516ea-fc83-4cf2-b8cd-7b7c9c5e4ce6"
"415e72da-358b-4dab-a012-de1d33019517","316e8c37-d7a1-45cd-9f04-8a177465e026","OAES_001.mammalGrid.mam","D11","OAES","OAES_001","B9","distributed","grasslandHerbaceous",35.413861,-99.058786,"WGS84",45.1,517.8,0.1,"6 - trap set and empty","ShermanXLK","2022-08-24","2022-08-24",,,,,,,,,,,,,,,,,,,,,,,,,,,,,,,,,,,,,,,,,,,,"0000-0002-5328-740X","0000-0000-0068-7943",,,"cfe5c372-2f38-4908-ae1f-5c0423ca5831"
"5760fd95-c1c0-4824-9f56-3458e4d18830","fadab322-24d7-4246-b156-700156fbb86d","OAES_002.mammalGrid.mam","D11","OAES","OAES_002","B3","distributed","grasslandHerbaceous",35.419111,-99.050850,"WGS84",45.1,516.9,0.1,"6 - trap set and empty","ShermanXLK","2022-08-24","2022-08-24",,,,,,,,,,,,,,,,,,,,,,,,,,,,,,,,,,,,,,,,,,,,"0000-0002-4194-7642","0000-0002-0594-4276",,,"b13d0a2a-00fa-4c5d-ab97-5309a00b4dc4"
"9e789987-9475-4f78-9c9f-f4ec8dc5d9a5","fadab322-24d7-4246-b156-700156fbb86d","OAES_002.mammalGrid.mam","D11","OAES","OAES_002","F3","distributed","grasslandHerbaceous",35.419111,-99.050850,"WGS84",45.1,516.9,0.1,"6 - trap set and empty","ShermanXLK","2022-08-24","2022-08-24",,,,,,,,,,,,,,,,,,,,,,,,,,,,,,,,,,,,,,,,,,,,"0000-0002-4194-7642","0000-0002-0594-4276",,,"dd1666d1-8569-4b01-a8cb-027de8182a14"
"9e8cd988-b08b-4a3b-b919-438401105fae","fadab322-24d7-4246-b156-700156fbb86d","OAES_002.mammalGrid.mam","D11","OAES","OAES_002","E4","distributed","grasslandHerbaceous",35.419111,-99.050850,"WGS84",45.1,516.9,0.1,"6 - trap set and empty","ShermanXLK","2022-08-24","2022-08-24",,,,,,,,,,,,,,,,,,,,,,,,,,,,,,,,,,,,,,,,,,,,"0000-0002-4194-7642","0000-0002-0594-4276",,,"b5dde661-9e93-482d-96ae-797dd5a64f80"
"15ac0703-7b6c-4099-895b-3cf8286e5e13","fadab322-24d7-4246-b156-700156fbb86d","OAES_002.mammalGrid.mam","D11","OAES","OAES_002","H7","distributed","grasslandHerbaceous",35.419111,-99.050850,"WGS84",45.1,516.9,0.1,"5 - capture","ShermanXLK","2022-08-24","2022-08-24","NEON.MAM.D11.373686",,"CHHI","Chaetodipus hispidus","species",,"NEON.DOC.003137",,,"N","M","Y","processed",,"adult","nonscrotal",,,,,,,,42,"N","N","N",,,,,,,,,,,,"OAES.20220824.373686.H","D00000186139","hairAndWhisker",,,"0000-0002-4194-7642","0000-0002-0594-4276",,,"398b7206-a151-497c-ba75-4492f2580cfb"
"ff3ced1f-0133-4b0e-86f2-267119260e18","c9f15a56-982d-4bb3-8724-e46435247a06","OAES_004.mammalGrid.mam","D11","OAES","OAES_004","J5","distributed","grasslandHerbaceous",35.413166,-99.084368,"WGS84",45.1,507.6,0.1,"6 - trap set and empty","ShermanXLK","2022-08-24","2022-08-24",,,,,,,,,,,,,,,,,,,,,,,,,,,,,,,,,,,,,,,,,,,,"0000-0000-0068-7943","0000-0002-5328-740X",,,"35f7099c-b33c-43d8-90b4-1f69f4c5b795"
"9b0d99b1-4821-45ec-8833-95b6ce21fc02","c9f15a56-982d-4bb3-8724-e46435247a06","OAES_004.mammalGrid.mam","D11","OAES","OAES_004","J4","distributed","grasslandHerbaceous",35.413166,-99.084368,"WGS84",45.1,507.6,0.1,"6 - trap set and empty","ShermanXLK","2022-08-24","2022-08-24",,,,,,,,,,,,,,,,,,,,,,,,,,,,,,,,,,,,,,,,,,,,"0000-0000-0068-7943","0000-0002-5328-740X",,,"59449fc7-9492-476a-a0c9-54826df93330"
"79b9b635-35f4-44f6-a7d3-8df3e5164259","e85e602e-5bcb-4cab-af4d-7b73697647f5","OAES_007.mammalGrid.mam","D11","OAES","OAES_007","D10","distributed","shrubScrub",35.419420,-99.055808,"WGS84",45.1,522.6,0.1,"5 - capture","ShermanXLK","2022-08-24","2022-08-24","NEON.MAM.D11.R3933",,"SIHI","Sigmodon hispidus","species",,"NEON.DOC.003137",,,"N","F","N","processed",,"juvenile",,"nonenlarged","not","not plugged",26,,,,44,"N","N","N",,,,"OAES.20220824.R3933.B","D00000185304","mandibular","OAES.20220824.R3933.F","D00000185894","fresh","OAES.20220824.R3933.E","D00000185905","OAES.20220824.R3933.H","D00000186132","hairAndWhisker",,,"0000-0002-4194-7642","0000-0002-0594-4276",,,"1cc3c551-da08-4708-a9f9-729f5d04536b"
"edaf5157-fcbe-48f3-a375-74dd7d4a4adc","fadab322-24d7-4246-b156-700156fbb86d","OAES_002.mammalGrid.mam","D11","OAES","OAES_002","J5","distributed","grasslandHerbaceous",35.419111,-99.050850,"WGS84",45.1,516.9,0.1,"6 - trap set and empty","ShermanXLK","2022-08-24","2022-08-24",,,,,,,,,,,,,,,,,,,,,,,,,,,,,,,,,,,,,,,,,,,,"0000-0002-4194-7642","0000-0002-0594-4276",,,"aebc801f-f47a-4d88-9baf-640402e79c28"
"4a1c77f7-2c87-4651-83b4-a911cbc116c1","316e8c37-d7a1-45cd-9f04-8a177465e026","OAES_001.mammalGrid.mam","D11","OAES","OAES_001","J10","distributed","grasslandHerbaceous",35.413861,-99.058786,"WGS84",45.1,517.8,0.1,"6 - trap set and empty","ShermanXLK","2022-08-24","2022-08-24",,,,,,,,,,,,,,,,,,,,,,,,,,,,,,,,,,,,,,,,,,,,"0000-0002-5328-740X","0000-0000-0068-7943",,,"6702566a-c363-47f3-a093-e04de8860dd9"
"57913901-f14f-4c18-b68c-b5ae5617f86b","c9f15a56-982d-4bb3-8724-e46435247a06","OAES_004.mammalGrid.mam","D11","OAES","OAES_004","I8","distributed","grasslandHerbaceous",35.413166,-99.084368,"WGS84",45.1,507.6,0.1,"6 - trap set and empty","ShermanXLK","2022-08-24","2022-08-24",,,,,,,,,,,,,,,,,,,,,,,,,,,,,,,,,,,,,,,,,,,,"0000-0000-0068-7943","0000-0002-5328-740X",,,"7edfb13b-7cc1-4889-9718-cc9921e8b72f"
"a83508f6-9f60-4e46-bdd6-b1c30d27d0f2","fadab322-24d7-4246-b156-700156fbb86d","OAES_002.mammalGrid.mam","D11","OAES","OAES_002","C6","distributed","grasslandHerbaceous",35.419111,-99.050850,"WGS84",45.1,516.9,0.1,"6 - trap set and empty","ShermanXLK","2022-08-24","2022-08-24",,,,,,,,,,,,,,,,,,,,,,,,,,,,,,,,,,,,,,,,,,,,"0000-0002-4194-7642","0000-0002-0594-4276",,,"a89f1afc-18eb-41b3-963d-ba766226389c"
"c9291aef-1821-48c7-a172-55c9f0d9e869","fadab322-24d7-4246-b156-700156fbb86d","OAES_002.mammalGrid.mam","D11","OAES","OAES_002","C10","distributed","grasslandHerbaceous",35.419111,-99.050850,"WGS84",45.1,516.9,0.1,"6 - trap set and empty","ShermanXLK","2022-08-24","2022-08-24",,,,,,,,,,,,,,,,,,,,,,,,,,,,,,,,,,,,,,,,,,,,"0000-0002-4194-7642","0000-0002-0594-4276",,,"ca22378e-f4f5-4b09-a7a1-8cf5eb6ab314"
"35385ff5-72c3-40b4-a5ea-2d3d37bc776e","c9f15a56-982d-4bb3-8724-e46435247a06","OAES_004.mammalGrid.mam","D11","OAES","OAES_004","G3","distributed","grasslandHerbaceous",35.413166,-99.084368,"WGS84",45.1,507.6,0.1,"6 - trap set and empty","ShermanXLK","2022-08-24","2022-08-24",,,,,,,,,,,,,,,,,,,,,,,,,,,,,,,,,,,,,,,,,,,,"0000-0000-0068-7943","0000-0002-5328-740X",,,"7707b578-9e87-4316-aa52-ea8f97784564"
"7af32716-50bf-414f-8f9b-2b7542103c98","e85e602e-5bcb-4cab-af4d-7b73697647f5","OAES_007.mammalGrid.mam","D11","OAES","OAES_007","F4","distributed","shrubScrub",35.419420,-99.055808,"WGS84",45.1,522.6,0.1,"6 - trap set and empty","ShermanXLK","2022-08-24","2022-08-24",,,,,,,,,,,,,,,,,,,,,,,,,,,,,,,,,,,,,,,,,,,,"0000-0002-4194-7642","0000-0002-0594-4276",,,"b02a8e53-e6ed-415f-ab7c-8c6050b1433d"
"6dc1454c-cdd0-4c88-8e88-6c2f05c8fcf0","c9f15a56-982d-4bb3-8724-e46435247a06","OAES_004.mammalGrid.mam","D11","OAES","OAES_004","E3","distributed","grasslandHerbaceous",35.413166,-99.084368,"WGS84",45.1,507.6,0.1,"6 - trap set and empty","ShermanXLK","2022-08-24","2022-08-24",,,,,,,,,,,,,,,,,,,,,,,,,,,,,,,,,,,,,,,,,,,,"0000-0000-0068-7943","0000-0002-5328-740X",,,"9eb0e07d-010f-4fef-91cc-01ffe23af3d4"
"a484403d-3cab-49f1-849e-538fc7bd4956","fadab322-24d7-4246-b156-700156fbb86d","OAES_002.mammalGrid.mam","D11","OAES","OAES_002","G5","distributed","grasslandHerbaceous",35.419111,-99.050850,"WGS84",45.1,516.9,0.1,"6 - trap set and empty","ShermanXLK","2022-08-24","2022-08-24",,,,,,,,,,,,,,,,,,,,,,,,,,,,,,,,,,,,,,,,,,,,"0000-0002-4194-7642","0000-0002-0594-4276",,,"674c064a-43d0-434c-97e6-320d70bd6115"
"520f717b-13f7-4a18-bcd9-33e6b8c478c8","c9f15a56-982d-4bb3-8724-e46435247a06","OAES_004.mammalGrid.mam","D11","OAES","OAES_004","I3","distributed","grasslandHerbaceous",35.413166,-99.084368,"WGS84",45.1,507.6,0.1,"6 - trap set and empty","ShermanXLK","2022-08-24","2022-08-24",,,,,,,,,,,,,,,,,,,,,,,,,,,,,,,,,,,,,,,,,,,,"0000-0000-0068-7943","0000-0002-5328-740X",,,"774c7695-0a44-4937-9af5-ea2a81b5de3b"
"f831975a-f106-4eb8-bcbc-44a574571ca9","e85e602e-5bcb-4cab-af4d-7b73697647f5","OAES_007.mammalGrid.mam","D11","OAES","OAES_007","A6","distributed","shrubScrub",35.419420,-99.055808,"WGS84",45.1,522.6,0.1,"5 - capture","ShermanXLK","2022-08-24","2022-08-24","NEON.MAM.D11.373565",,"PEFL","Perognathus flavus","species","cf. species",,,,"N","F","Y","processed",,"adult",,"nonenlarged","not","not plugged",15,,56,,8,"N","N","N",,,,,,,"OAES.20220824.373565.F","D00000185759","fresh","OAES.20220824.373565.E","D00000185641",,,,,,"0000-0002-4194-7642","0000-0002-0594-4276",,,"ab06afb3-d58d-41bf-8217-70a55dea862f"
"db613deb-a7b2-4c45-a248-729745f3d984","c9f15a56-982d-4bb3-8724-e46435247a06","OAES_004.mammalGrid.mam","D11","OAES","OAES_004","J10","distributed","grasslandHerbaceous",35.413166,-99.084368,"WGS84",45.1,507.6,0.1,"6 - trap set and empty","ShermanXLK","2022-08-24","2022-08-24",,,,,,,,,,,,,,,,,,,,,,,,,,,,,,,,,,,,,,,,,,,,"0000-0000-0068-7943","0000-0002-5328-740X",,,"a701ca25-8f6a-4c1f-84fa-b4a7beefe954"
"1825265e-54c2-4d6a-a564-bfd04c7405cb","316e8c37-d7a1-45cd-9f04-8a177465e026","OAES_001.mammalGrid.mam","D11","OAES","OAES_001","C1","distributed","grasslandHerbaceous",35.413861,-99.058786,"WGS84",45.1,517.8,0.1,"6 - trap set and empty","ShermanXLK","2022-08-24","2022-08-24",,,,,,,,,,,,,,,,,,,,,,,,,,,,,,,,,,,,,,,,,,,,"0000-0002-5328-740X","0000-0000-0068-7943",,,"6fdc184a-d057-4bc2-b4cd-2b95d88b38fe"
"da1ab56e-ecd4-4035-a784-5f47401418be","e85e602e-5bcb-4cab-af4d-7b73697647f5","OAES_007.mammalGrid.mam","D11","OAES","OAES_007","J3","distributed","shrubScrub",35.419420,-99.055808,"WGS84",45.1,522.6,0.1,"6 - trap set and empty","ShermanXLK","2022-08-24","2022-08-24",,,,,,,,,,,,,,,,,,,,,,,,,,,,,,,,,,,,,,,,,,,,"0000-0002-4194-7642","0000-0002-0594-4276",,,"bec98025-095a-49f3-aac1-4d011abca0df"
"46bd973c-7ca7-4cef-89c9-5cbae2f70475","fadab322-24d7-4246-b156-700156fbb86d","OAES_002.mammalGrid.mam","D11","OAES","OAES_002","C7","distributed","grasslandHerbaceous",35.419111,-99.050850,"WGS84",45.1,516.9,0.1,"6 - trap set and empty","ShermanXLK","2022-08-24","2022-08-24",,,,,,,,,,,,,,,,,,,,,,,,,,,,,,,,,,,,,,,,,,,,"0000-0002-4194-7642","0000-0002-0594-4276",,,"cf067e7b-29ee-4c3e-a5e0-fd3030e80187"
"69fcd97a-e351-48fa-821c-95b386c2302e","e85e602e-5bcb-4cab-af4d-7b73697647f5","OAES_007.mammalGrid.mam","D11","OAES","OAES_007","G6","distributed","shrubScrub",35.419420,-99.055808,"WGS84",45.1,522.6,0.1,"6 - trap set and empty","ShermanXLK","2022-08-24","2022-08-24",,,,,,,,,,,,,,,,,,,,,,,,,,,,,,,,,,,,,,,,,,,,"0000-0002-4194-7642","0000-0002-0594-4276",,,"b8d7f7f4-6bcb-4c90-a32c-34346c61ff8f"
"1b88d81e-edd4-4ac5-9187-8f2f5e695f10","316e8c37-d7a1-45cd-9f04-8a177465e026","OAES_001.mammalGrid.mam","D11","OAES","OAES_001","I9","distributed","grasslandHerbaceous",35.413861,-99.058786,"WGS84",45.1,517.8,0.1,"6 - trap set and empty","ShermanXLK","2022-08-24","2022-08-24",,,,,,,,,,,,,,,,,,,,,,,,,,,,,,,,,,,,,,,,,,,,"0000-0002-5328-740X","0000-0000-0068-7943",,,"53c8ae49-15f3-4720-84bf-686e0b1ec0a5"
"f62f8c4c-032d-4bda-ad28-18fa7151193c","fadab322-24d7-4246-b156-700156fbb86d","OAES_002.mammalGrid.mam","D11","OAES","OAES_002","D8","distributed","grasslandHerbaceous",35.419111,-99.050850,"WGS84",45.1,516.9,0.1,"3 - trap door open or closed w/ spoor left","ShermanXLK","2022-08-24","2022-08-24",,,,,,,,,,,,,,,,,,,,,,,,,,,,,,,,,,,,,,,,,,,,"0000-0002-4194-7642","0000-0002-0594-4276",,,"b09ee7fa-360d-4e95-918f-272fb0a6b67d"
"a4f0c0db-394a-41e5-9e77-9b782de697be","e85e602e-5bcb-4cab-af4d-7b73697647f5","OAES_007.mammalGrid.mam","D11","OAES","OAES_007","I6","distributed","shrubScrub",35.419420,-99.055808,"WGS84",45.1,522.6,0.1,"6 - trap set and empty","ShermanXLK","2022-08-24","2022-08-24",,,,,,,,,,,,,,,,,,,,,,,,,,,,,,,,,,,,,,,,,,,,"0000-0002-4194-7642","0000-0002-0594-4276",,,"af1f005f-bc39-499f-aa37-ef9d1c3d011b"
"74e871ad-7c57-4bc8-b92e-ac6c95c69f41","316e8c37-d7a1-45cd-9f04-8a177465e026","OAES_001.mammalGrid.mam","D11","OAES","OAES_001","H4","distributed","grasslandHerbaceous",35.413861,-99.058786,"WGS84",45.1,517.8,0.1,"2 - trap disturbed/door closed but empty","ShermanXLK","2022-08-24","2022-08-24",,,,,,,,,,,,,,,,,,,,,,,,,,,,,,,,,,,,,,,,,,,,"0000-0002-5328-740X","0000-0000-0068-7943",,,"4ffcd169-76f5-4655-81d7-cebccaa51978"
"3e6b29dc-cfc8-419c-8545-34741dc1be9f","316e8c37-d7a1-45cd-9f04-8a177465e026","OAES_001.mammalGrid.mam","D11","OAES","OAES_001","G7","distributed","grasslandHerbaceous",35.413861,-99.058786,"WGS84",45.1,517.8,0.1,"6 - trap set and empty","ShermanXLK","2022-08-24","2022-08-24",,,,,,,,,,,,,,,,,,,,,,,,,,,,,,,,,,,,,,,,,,,,"0000-0002-5328-740X","0000-0000-0068-7943",,,"e26f0c9c-b911-4025-aeeb-a2fab47b76ff"
"4d1de262-4630-4383-8951-7cd0bf0e5b54","c9f15a56-982d-4bb3-8724-e46435247a06","OAES_004.mammalGrid.mam","D11","OAES","OAES_004","G1","distributed","grasslandHerbaceous",35.413166,-99.084368,"WGS84",45.1,507.6,0.1,"6 - trap set and empty","ShermanXLK","2022-08-24","2022-08-24",,,,,,,,,,,,,,,,,,,,,,,,,,,,,,,,,,,,,,,,,,,,"0000-0000-0068-7943","0000-0002-5328-740X",,,"32f106d2-85b5-4c3e-8beb-2b1a97679bf2"
"6d062cd6-4934-4b79-b691-4fdcf34fb894","316e8c37-d7a1-45cd-9f04-8a177465e026","OAES_001.mammalGrid.mam","D11","OAES","OAES_001","D2","distributed","grasslandHerbaceous",35.413861,-99.058786,"WGS84",45.1,517.8,0.1,"2 - trap disturbed/door closed but empty","ShermanXLK","2022-08-24","2022-08-24",,,,,,,,,,,,,,,,,,,,,,,,,,,,,,,,,,,,,,,,,,,,"0000-0002-5328-740X","0000-0000-0068-7943",,,"642d529d-7283-4405-962d-ac3d4ed9eaa2"
"9a1627a1-e1f3-46ab-9e28-b9c93c58efbc","e85e602e-5bcb-4cab-af4d-7b73697647f5","OAES_007.mammalGrid.mam","D11","OAES","OAES_007","E3","distributed","shrubScrub",35.419420,-99.055808,"WGS84",45.1,522.6,0.1,"6 - trap set and empty","ShermanXLK","2022-08-24","2022-08-24",,,,,,,,,,,,,,,,,,,,,,,,,,,,,,,,,,,,,,,,,,,,"0000-0002-4194-7642","0000-0002-0594-4276",,,"5c340580-7b01-40ff-a7ff-dec392d69016"
"a04a6d3d-2321-4595-9a1a-b0b2b3b9ebd6","e85e602e-5bcb-4cab-af4d-7b73697647f5","OAES_007.mammalGrid.mam","D11","OAES","OAES_007","I4","distributed","shrubScrub",35.419420,-99.055808,"WGS84",45.1,522.6,0.1,"6 - trap set and empty","ShermanXLK","2022-08-24","2022-08-24",,,,,,,,,,,,,,,,,,,,,,,,,,,,,,,,,,,,,,,,,,,,"0000-0002-4194-7642","0000-0002-0594-4276",,,"93cf277f-d4b3-41bc-832c-ef73798855a0"
"28d57a1a-b804-405f-9948-f541d893a524","316e8c37-d7a1-45cd-9f04-8a177465e026","OAES_001.mammalGrid.mam","D11","OAES","OAES_001","J3","distributed","grasslandHerbaceous",35.413861,-99.058786,"WGS84",45.1,517.8,0.1,"2 - trap disturbed/door closed but empty","ShermanXLK","2022-08-24","2022-08-24",,,,,,,,,,,,,,,,,,,,,,,,,,,,,,,,,,,,,,,,,,,,"0000-0002-5328-740X","0000-0000-0068-7943",,,"ff1f646b-b09d-4380-83d1-0270a42fca04"
"3233b4f8-a35f-4ed3-b559-feeaea03e4e2","e85e602e-5bcb-4cab-af4d-7b73697647f5","OAES_007.mammalGrid.mam","D11","OAES","OAES_007","F1","distributed","shrubScrub",35.419420,-99.055808,"WGS84",45.1,522.6,0.1,"6 - trap set and empty","ShermanXLK","2022-08-24","2022-08-24",,,,,,,,,,,,,,,,,,,,,,,,,,,,,,,,,,,,,,,,,,,,"0000-0002-4194-7642","0000-0002-0594-4276",,,"0ee84a99-db97-45f0-9e56-fde11cd8e7a3"
"df6327bd-7bcc-4b72-83cf-b84d2433f503","c9f15a56-982d-4bb3-8724-e46435247a06","OAES_004.mammalGrid.mam","D11","OAES","OAES_004","D10","distributed","grasslandHerbaceous",35.413166,-99.084368,"WGS84",45.1,507.6,0.1,"6 - trap set and empty","ShermanXLK","2022-08-24","2022-08-24",,,,,,,,,,,,,,,,,,,,,,,,,,,,,,,,,,,,,,,,,,,,"0000-0000-0068-7943","0000-0002-5328-740X",,,"d6c8870e-d3b5-4d14-b515-2cb1d2b301cc"
"c9087f17-0c34-4534-a025-dc0b8c929ffc","e85e602e-5bcb-4cab-af4d-7b73697647f5","OAES_007.mammalGrid.mam","D11","OAES","OAES_007","H8","distributed","shrubScrub",35.419420,-99.055808,"WGS84",45.1,522.6,0.1,"6 - trap set and empty","ShermanXLK","2022-08-24","2022-08-24",,,,,,,,,,,,,,,,,,,,,,,,,,,,,,,,,,,,,,,,,,,,"0000-0002-4194-7642","0000-0002-0594-4276",,,"443c57db-562c-4866-a189-974d14397238"
"a646bc60-d5e9-46ed-b0ab-8c8a2b9050c2","fadab322-24d7-4246-b156-700156fbb86d","OAES_002.mammalGrid.mam","D11","OAES","OAES_002","B8","distributed","grasslandHerbaceous",35.419111,-99.050850,"WGS84",45.1,516.9,0.1,"3 - trap door open or closed w/ spoor left","ShermanXLK","2022-08-24","2022-08-24",,,,,,,,,,,,,,,,,,,,,,,,,,,,,,,,,,,,,,,,,,,,"0000-0002-4194-7642","0000-0002-0594-4276",,,"f47857de-767f-4272-9b71-0b4a3809cd49"
"dd8f7ded-52ff-4f23-b6b7-d1ee655e24c4","c9f15a56-982d-4bb3-8724-e46435247a06","OAES_004.mammalGrid.mam","D11","OAES","OAES_004","E2","distributed","grasslandHerbaceous",35.413166,-99.084368,"WGS84",45.1,507.6,0.1,"6 - trap set and empty","ShermanXLK","2022-08-24","2022-08-24",,,,,,,,,,,,,,,,,,,,,,,,,,,,,,,,,,,,,,,,,,,,"0000-0000-0068-7943","0000-0002-5328-740X",,,"9eb0b011-d0b5-417c-8740-54ac59ae4f59"
"812ab032-65f3-4f3f-a159-dfe3b4d7be69","c9f15a56-982d-4bb3-8724-e46435247a06","OAES_004.mammalGrid.mam","D11","OAES","OAES_004","A5","distributed","grasslandHerbaceous",35.413166,-99.084368,"WGS84",45.1,507.6,0.1,"6 - trap set and empty","ShermanXLK","2022-08-24","2022-08-24",,,,,,,,,,,,,,,,,,,,,,,,,,,,,,,,,,,,,,,,,,,,"0000-0000-0068-7943","0000-0002-5328-740X",,,"53bb79f6-9a16-466f-b3fc-b776b19eb20b"
"25933cbb-c2b4-4667-ad03-baf4ca1d3ff3","316e8c37-d7a1-45cd-9f04-8a177465e026","OAES_001.mammalGrid.mam","D11","OAES","OAES_001","A1","distributed","grasslandHerbaceous",35.413861,-99.058786,"WGS84",45.1,517.8,0.1,"6 - trap set and empty","ShermanXLK","2022-08-24","2022-08-24",,,,,,,,,,,,,,,,,,,,,,,,,,,,,,,,,,,,,,,,,,,,"0000-0002-5328-740X","0000-0000-0068-7943",,,"5f52550f-9f6a-42eb-909d-590c25333562"
"0cceba42-6449-4a04-8990-6f9cb8b4886e","e85e602e-5bcb-4cab-af4d-7b73697647f5","OAES_007.mammalGrid.mam","D11","OAES","OAES_007","H1","distributed","shrubScrub",35.419420,-99.055808,"WGS84",45.1,522.6,0.1,"5 - capture","ShermanXLK","2022-08-24","2022-08-24","NEON.MAM.D11.373711",,"CHHI","Chaetodipus hispidus","species",,"NEON.DOC.003137",,,"N","F","Y","processed",,"adult",,"unknown","unknown","unknown",,,,,,"U","U","U",,,,,,,,,,,,,,,,,"0000-0002-4194-7642","0000-0002-0594-4276",,,"626ed742-19b3-446b-8f89-755192753dff"
"250946c5-06f2-46fc-9cef-78cd2887a3dc","316e8c37-d7a1-45cd-9f04-8a177465e026","OAES_001.mammalGrid.mam","D11","OAES","OAES_001","C9","distributed","grasslandHerbaceous",35.413861,-99.058786,"WGS84",45.1,517.8,0.1,"6 - trap set and empty","ShermanXLK","2022-08-24","2022-08-24",,,,,,,,,,,,,,,,,,,,,,,,,,,,,,,,,,,,,,,,,,,,"0000-0002-5328-740X","0000-0000-0068-7943",,,"1bc46724-dec1-4ab1-b3aa-fe09b46f5d78"
"4bec9250-201a-404e-b6af-7d19a0267d87","fadab322-24d7-4246-b156-700156fbb86d","OAES_002.mammalGrid.mam","D11","OAES","OAES_002","C3","distributed","grasslandHerbaceous",35.419111,-99.050850,"WGS84",45.1,516.9,0.1,"6 - trap set and empty","ShermanXLK","2022-08-24","2022-08-24",,,,,,,,,,,,,,,,,,,,,,,,,,,,,,,,,,,,,,,,,,,,"0000-0002-4194-7642","0000-0002-0594-4276",,,"131cb5c3-fa98-4394-a863-e857e4cfd8e3"
"d2b8f542-60d2-4401-a3b8-62976976d2f7","e85e602e-5bcb-4cab-af4d-7b73697647f5","OAES_007.mammalGrid.mam","D11","OAES","OAES_007","A7","distributed","shrubScrub",35.419420,-99.055808,"WGS84",45.1,522.6,0.1,"5 - capture","ShermanXLK","2022-08-24","2022-08-24","NEON.MAM.D11.R3693",,"PELE","Peromyscus leucopus","species",,,,,"N","M","Y","processed",,"adult","scrotal",,,,19,11,89,,15,"N","N","N",,,,,,"unsuccessful",,,,"OAES.20220824.R3693.E","D00000185737","OAES.20220824.R3693.H","D00000186130","hairAndWhisker",,,"0000-0002-4194-7642","0000-0002-0594-4276",,,"3c392dc8-a639-475d-8765-fb32c52d0ed6"
"ff1b8d69-6ca0-4f67-a3e9-6388801b5952","fadab322-24d7-4246-b156-700156fbb86d","OAES_002.mammalGrid.mam","D11","OAES","OAES_002","A9","distributed","grasslandHerbaceous",35.419111,-99.050850,"WGS84",45.1,516.9,0.1,"6 - trap set and empty","ShermanXLK","2022-08-24","2022-08-24",,,,,,,,,,,,,,,,,,,,,,,,,,,,,,,,,,,,,,,,,,,,"0000-0002-4194-7642","0000-0002-0594-4276",,,"b5dc1f9c-7113-40e9-bec3-6d42b17cb4b2"
"6420adf3-6abc-4fed-9a5f-31ddb92a027b","316e8c37-d7a1-45cd-9f04-8a177465e026","OAES_001.mammalGrid.mam","D11","OAES","OAES_001","H8","distributed","grasslandHerbaceous",35.413861,-99.058786,"WGS84",45.1,517.8,0.1,"6 - trap set and empty","ShermanXLK","2022-08-24","2022-08-24",,,,,,,,,,,,,,,,,,,,,,,,,,,,,,,,,,,,,,,,,,,,"0000-0002-5328-740X","0000-0000-0068-7943",,,"6d617b45-fab2-4334-9585-42d269d801db"
"6ae56634-0de1-4022-b33b-df4f443a8ac2","c9f15a56-982d-4bb3-8724-e46435247a06","OAES_004.mammalGrid.mam","D11","OAES","OAES_004","E4","distributed","grasslandHerbaceous",35.413166,-99.084368,"WGS84",45.1,507.6,0.1,"2 - trap disturbed/door closed but empty","ShermanXLK","2022-08-24","2022-08-24",,,,,,,,,,,,,,,,,,,,,,,,,,,,,,,,,,,,,,,,,,,,"0000-0000-0068-7943","0000-0002-5328-740X",,,"8ff9d986-5d12-4140-aae2-4ca091855253"
"c48d4c93-cc59-47df-bc9e-5ac27c0086a8","e85e602e-5bcb-4cab-af4d-7b73697647f5","OAES_007.mammalGrid.mam","D11","OAES","OAES_007","B6","distributed","shrubScrub",35.419420,-99.055808,"WGS84",45.1,522.6,0.1,"6 - trap set and empty","ShermanXLK","2022-08-24","2022-08-24",,,,,,,,,,,,,,,,,,,,,,,,,,,,,,,,,,,,,,,,,,,,"0000-0002-4194-7642","0000-0002-0594-4276",,,"c854c394-5fd3-4871-8ff2-e65801210f12"
"c5531052-ab09-4ec3-89b4-70264357404d","e85e602e-5bcb-4cab-af4d-7b73697647f5","OAES_007.mammalGrid.mam","D11","OAES","OAES_007","G5","distributed","shrubScrub",35.419420,-99.055808,"WGS84",45.1,522.6,0.1,"6 - trap set and empty","ShermanXLK","2022-08-24","2022-08-24",,,,,,,,,,,,,,,,,,,,,,,,,,,,,,,,,,,,,,,,,,,,"0000-0002-4194-7642","0000-0002-0594-4276",,,"fbbfca81-2ae3-4c3d-bd26-83bc6014a96b"
"670c319c-e849-4dea-a1f1-c6090f7b7aab","e85e602e-5bcb-4cab-af4d-7b73697647f5","OAES_007.mammalGrid.mam","D11","OAES","OAES_007","D6","distributed","shrubScrub",35.419420,-99.055808,"WGS84",45.1,522.6,0.1,"5 - capture","ShermanXLK","2022-08-24","2022-08-24","NEON.MAM.D11.373619",,"PEFV","Perognathus flavescens","species",,,,,"N","M","N","processed",,"adult","nonscrotal",,,,14,,51,,5,"N","N","N",,,,,,,,,,"OAES.20220824.373619.E","D00000185756",,,,,,"0000-0002-4194-7642","0000-0002-0594-4276",,,"c8af173c-1885-493f-a024-3590c2ff66d7"
"4da66ace-914c-4a39-8258-658ba1324fec","e85e602e-5bcb-4cab-af4d-7b73697647f5","OAES_007.mammalGrid.mam","D11","OAES","OAES_007","I7","distributed","shrubScrub",35.419420,-99.055808,"WGS84",45.1,522.6,0.1,"6 - trap set and empty","ShermanXLK","2022-08-24","2022-08-24",,,,,,,,,,,,,,,,,,,,,,,,,,,,,,,,,,,,,,,,,,,,"0000-0002-4194-7642","0000-0002-0594-4276",,,"4ae15b55-29ed-46b2-9a01-ba3613ab8430"
"f27e5263-7754-4c90-bb8f-d52e959c4138","316e8c37-d7a1-45cd-9f04-8a177465e026","OAES_001.mammalGrid.mam","D11","OAES","OAES_001","I3","distributed","grasslandHerbaceous",35.413861,-99.058786,"WGS84",45.1,517.8,0.1,"6 - trap set and empty","ShermanXLK","2022-08-24","2022-08-24",,,,,,,,,,,,,,,,,,,,,,,,,,,,,,,,,,,,,,,,,,,,"0000-0002-5328-740X","0000-0000-0068-7943",,,"c0627b47-27fe-4773-8f09-1422bee47fae"
"2a0d02f2-4743-49eb-9eed-a7ab314a2617","316e8c37-d7a1-45cd-9f04-8a177465e026","OAES_001.mammalGrid.mam","D11","OAES","OAES_001","F3","distributed","grasslandHerbaceous",35.413861,-99.058786,"WGS84",45.1,517.8,0.1,"6 - trap set and empty","ShermanXLK","2022-08-24","2022-08-24",,,,,,,,,,,,,,,,,,,,,,,,,,,,,,,,,,,,,,,,,,,,"0000-0002-5328-740X","0000-0000-0068-7943",,,"6365b871-5993-4af1-8b6b-cfe69e7b7cce"
"a82cebd8-4325-4e75-ab55-31795e96f01a","316e8c37-d7a1-45cd-9f04-8a177465e026","OAES_001.mammalGrid.mam","D11","OAES","OAES_001","C8","distributed","grasslandHerbaceous",35.413861,-99.058786,"WGS84",45.1,517.8,0.1,"6 - trap set and empty","ShermanXLK","2022-08-24","2022-08-24",,,,,,,,,,,,,,,,,,,,,,,,,,,,,,,,,,,,,,,,,,,,"0000-0002-5328-740X","0000-0000-0068-7943",,,"4cdd94ac-082a-4539-aa3c-97d6530b0771"
"06ae65c0-43ab-4fbd-90f1-0b21e392f24c","316e8c37-d7a1-45cd-9f04-8a177465e026","OAES_001.mammalGrid.mam","D11","OAES","OAES_001","H9","distributed","grasslandHerbaceous",35.413861,-99.058786,"WGS84",45.1,517.8,0.1,"6 - trap set and empty","ShermanXLK","2022-08-24","2022-08-24",,,,,,,,,,,,,,,,,,,,,,,,,,,,,,,,,,,,,,,,,,,,"0000-0002-5328-740X","0000-0000-0068-7943",,,"1e0cdeb3-402c-4c48-971e-e90172040931"
"d5259169-b04d-45c9-b6f4-841f126dc85a","e85e602e-5bcb-4cab-af4d-7b73697647f5","OAES_007.mammalGrid.mam","D11","OAES","OAES_007","J9","distributed","shrubScrub",35.419420,-99.055808,"WGS84",45.1,522.6,0.1,"6 - trap set and empty","ShermanXLK","2022-08-24","2022-08-24",,,,,,,,,,,,,,,,,,,,,,,,,,,,,,,,,,,,,,,,,,,,"0000-0002-4194-7642","0000-0002-0594-4276",,,"8fbe6214-7878-4705-9cae-5c1b03dc523b"
"cf010cd7-4ba3-40cd-8f0c-bc934c4bae48","316e8c37-d7a1-45cd-9f04-8a177465e026","OAES_001.mammalGrid.mam","D11","OAES","OAES_001","A8","distributed","grasslandHerbaceous",35.413861,-99.058786,"WGS84",45.1,517.8,0.1,"6 - trap set and empty","ShermanXLK","2022-08-24","2022-08-24",,,,,,,,,,,,,,,,,,,,,,,,,,,,,,,,,,,,,,,,,,,,"0000-0002-5328-740X","0000-0000-0068-7943",,,"92758f61-b7b1-43eb-b704-24c3927c3746"
"2628e6ae-da24-4439-b23e-e5bdc7c788fb","e85e602e-5bcb-4cab-af4d-7b73697647f5","OAES_007.mammalGrid.mam","D11","OAES","OAES_007","C7","distributed","shrubScrub",35.419420,-99.055808,"WGS84",45.1,522.6,0.1,"6 - trap set and empty","ShermanXLK","2022-08-24","2022-08-24",,,,,,,,,,,,,,,,,,,,,,,,,,,,,,,,,,,,,,,,,,,,"0000-0002-4194-7642","0000-0002-0594-4276",,,"78651e14-7c5c-4cc3-985e-995295259b6a"
"e60ce13f-06b2-403c-b8ca-b3cdbb393a7b","c9f15a56-982d-4bb3-8724-e46435247a06","OAES_004.mammalGrid.mam","D11","OAES","OAES_004","I5","distributed","grasslandHerbaceous",35.413166,-99.084368,"WGS84",45.1,507.6,0.1,"6 - trap set and empty","ShermanXLK","2022-08-24","2022-08-24",,,,,,,,,,,,,,,,,,,,,,,,,,,,,,,,,,,,,,,,,,,,"0000-0000-0068-7943","0000-0002-5328-740X",,,"07b26572-b2f5-4774-b2a5-4d3e449884a5"
"0b7a02d0-e894-4276-ab6e-675e04047e73","fadab322-24d7-4246-b156-700156fbb86d","OAES_002.mammalGrid.mam","D11","OAES","OAES_002","I2","distributed","grasslandHerbaceous",35.419111,-99.050850,"WGS84",45.1,516.9,0.1,"5 - capture","ShermanXLK","2022-08-24","2022-08-24","NEON.MAM.D11.R3717",,"SIHI","Sigmodon hispidus","species",,"NEON.DOC.003137",,,"N","M","Y","processed",,"subadult","nonscrotal",,,,29,,,,49,"N","N","N",,,,"OAES.20220824.R3717.B","D00000185302","mandibular",,,,"OAES.20220824.R3717.E","D00000185556","OAES.20220824.R3717.H","D00000186138","hairAndWhisker",,,"0000-0002-4194-7642","0000-0002-0594-4276",,,"bb07854c-b27a-4adb-a8d0-273aef1db886"
"1857a3b0-a6a3-4348-b4ed-928d65d477ff","fadab322-24d7-4246-b156-700156fbb86d","OAES_002.mammalGrid.mam","D11","OAES","OAES_002","B2","distributed","grasslandHerbaceous",35.419111,-99.050850,"WGS84",45.1,516.9,0.1,"6 - trap set and empty","ShermanXLK","2022-08-24","2022-08-24",,,,,,,,,,,,,,,,,,,,,,,,,,,,,,,,,,,,,,,,,,,,"0000-0002-4194-7642","0000-0002-0594-4276",,,"e44e513e-72f9-4b1e-a316-154203e09486"
"59fb2400-eae8-485d-99be-77b7047e9b43","316e8c37-d7a1-45cd-9f04-8a177465e026","OAES_001.mammalGrid.mam","D11","OAES","OAES_001","I8","distributed","grasslandHerbaceous",35.413861,-99.058786,"WGS84",45.1,517.8,0.1,"6 - trap set and empty","ShermanXLK","2022-08-24","2022-08-24",,,,,,,,,,,,,,,,,,,,,,,,,,,,,,,,,,,,,,,,,,,,"0000-0002-5328-740X","0000-0000-0068-7943",,,"a372c151-2bf6-4337-921f-7eec920f3656"
"5c691c63-9e16-4106-9b40-508056e6c10b","c9f15a56-982d-4bb3-8724-e46435247a06","OAES_004.mammalGrid.mam","D11","OAES","OAES_004","E5","distributed","grasslandHerbaceous",35.413166,-99.084368,"WGS84",45.1,507.6,0.1,"6 - trap set and empty","ShermanXLK","2022-08-24","2022-08-24",,,,,,,,,,,,,,,,,,,,,,,,,,,,,,,,,,,,,,,,,,,,"0000-0000-0068-7943","0000-0002-5328-740X",,,"a12550a1-1c51-4429-9b0a-2f958536bb9c"
"92f886ca-84fe-43dd-8102-b25235fc0165","e85e602e-5bcb-4cab-af4d-7b73697647f5","OAES_007.mammalGrid.mam","D11","OAES","OAES_007","H3","distributed","shrubScrub",35.419420,-99.055808,"WGS84",45.1,522.6,0.1,"6 - trap set and empty","ShermanXLK","2022-08-24","2022-08-24",,,,,,,,,,,,,,,,,,,,,,,,,,,,,,,,,,,,,,,,,,,,"0000-0002-4194-7642","0000-0002-0594-4276",,,"e5b58a1e-9baa-4787-86a9-06cf91d1b1e9"
"38dcb034-f845-4d45-a7cf-cc42990ad0e5","e85e602e-5bcb-4cab-af4d-7b73697647f5","OAES_007.mammalGrid.mam","D11","OAES","OAES_007","D1","distributed","shrubScrub",35.419420,-99.055808,"WGS84",45.1,522.6,0.1,"6 - trap set and empty","ShermanXLK","2022-08-24","2022-08-24",,,,,,,,,,,,,,,,,,,,,,,,,,,,,,,,,,,,,,,,,,,,"0000-0002-4194-7642","0000-0002-0594-4276",,,"bc9cc26e-0a74-49f4-ba7f-a6989b2985ff"
"4d52641b-4828-4910-a46a-50baadf3efa3","c9f15a56-982d-4bb3-8724-e46435247a06","OAES_004.mammalGrid.mam","D11","OAES","OAES_004","G10","distributed","grasslandHerbaceous",35.413166,-99.084368,"WGS84",45.1,507.6,0.1,"6 - trap set and empty","ShermanXLK","2022-08-24","2022-08-24",,,,,,,,,,,,,,,,,,,,,,,,,,,,,,,,,,,,,,,,,,,,"0000-0000-0068-7943","0000-0002-5328-740X",,,"08f27163-337e-4e4f-93ab-f5afaf29a011"
"fdf7d84c-3068-468f-94ab-a96ad85bdb00","fadab322-24d7-4246-b156-700156fbb86d","OAES_002.mammalGrid.mam","D11","OAES","OAES_002","A4","distributed","grasslandHerbaceous",35.419111,-99.050850,"WGS84",45.1,516.9,0.1,"6 - trap set and empty","ShermanXLK","2022-08-24","2022-08-24",,,,,,,,,,,,,,,,,,,,,,,,,,,,,,,,,,,,,,,,,,,,"0000-0002-4194-7642","0000-0002-0594-4276",,,"c7aaded9-4eae-4dcd-b540-391ce237e36c"
"18fa2661-cb1e-4e90-af03-0d628cebe14f","fadab322-24d7-4246-b156-700156fbb86d","OAES_002.mammalGrid.mam","D11","OAES","OAES_002","B4","distributed","grasslandHerbaceous",35.419111,-99.050850,"WGS84",45.1,516.9,0.1,"5 - capture","ShermanXLK","2022-08-24","2022-08-24","NEON.MAM.D11.373716",,"CHHI","Chaetodipus hispidus","species",,"NEON.DOC.003137",,,"N","M","Y","processed",,"adult","nonscrotal",,,,26,,,,35,"N","N","N",,,,,,,,,,,,,,,,,"0000-0002-4194-7642","0000-0002-0594-4276",,,"4b5115e8-815e-4d19-873c-aa0bac1b8755"
"31de4fdc-ca99-4c99-8302-b0e1ca8f947b","316e8c37-d7a1-45cd-9f04-8a177465e026","OAES_001.mammalGrid.mam","D11","OAES","OAES_001","A9","distributed","grasslandHerbaceous",35.413861,-99.058786,"WGS84",45.1,517.8,0.1,"5 - capture","ShermanXLK","2022-08-24","2022-08-24","NEON.MAM.D11.373695",,"CHHI","Chaetodipus hispidus","species",,,,,"N","F","Y","processed",,"adult",,"nonenlarged","not","not plugged",25,,99,,29,"N","N","N",,,,,,,"OAES.20220824.373695.F","D00000185734","fresh",,,"OAES.20220824.373695.H","D00000186072","hairAndWhisker",,,"0000-0002-5328-740X","0000-0000-0068-7943",,,"067c1fa0-2c96-4478-b29a-7ea97dd0563b"
"68130bb4-0430-473b-a841-d1e6039e535b","4cbc51ed-77e7-4004-a57f-fad71bb59a6c","OAES_001.mammalGrid.mam","D11","OAES","OAES_001","A4","distributed","grasslandHerbaceous",35.413861,-99.058786,"WGS84",45.1,517.8,0.1,"6 - trap set and empty","ShermanXLK","2022-08-25","2022-08-25",,,,,,,,,,,,,,,,,,,,,,,,,,,,,,,,,,,,,,,,,,,,"0000-0002-5328-740X","0000-0000-0068-7943",,,"b391da67-875e-40e3-936b-59c4f92de12a"
"6319ca15-a82c-4441-83e2-ea3dc8ad72d2","22e5a4e7-f693-4bd3-88c5-cd7d2115a545","OAES_029.mammalGrid.mam","D11","OAES","OAES_029","E8","distributed","shrubScrub",35.416811,-99.050808,"WGS84",45.1,517.3,0.1,"6 - trap set and empty","ShermanXLK","2022-08-25","2022-08-25",,,,,,,,,,,,,,,,,,,,,,,,,,,,,,,,,,,,,,,,,,,,"0000-0002-4194-7642","0000-0002-0594-4276",,,"39129dad-0b55-4186-8645-d56b50e690ea"
"04537647-e635-434c-96eb-52be43181964","f1d8e7f5-fead-4bfa-b156-c6594dae7841","OAES_007.mammalGrid.mam","D11","OAES","OAES_007","D4","distributed","shrubScrub",35.419420,-99.055808,"WGS84",45.1,522.6,0.1,"5 - capture","ShermanXLK","2022-08-25","2022-08-25","NEON.MAM.D11.373714",,"CHHI","Chaetodipus hispidus","species",,,,,"N","M","Y","processed",,"subadult","nonscrotal",,,,23,,79,,19,"N","N","N",,,,,,,"OAES.20220825.373714.F","D00000185718","fresh",,,,,,,,"0000-0000-0068-7943","0000-0002-5328-740X",,,"ff1d05cd-1ee0-4aa8-9cb4-86fb6308b841"
"03b06bcb-6d0e-4533-8831-48629a91759e","f1d8e7f5-fead-4bfa-b156-c6594dae7841","OAES_007.mammalGrid.mam","D11","OAES","OAES_007","D9","distributed","shrubScrub",35.419420,-99.055808,"WGS84",45.1,522.6,0.1,"6 - trap set and empty","ShermanXLK","2022-08-25","2022-08-25",,,,,,,,,,,,,,,,,,,,,,,,,,,,,,,,,,,,,,,,,,,,"0000-0000-0068-7943","0000-0002-5328-740X",,,"e4ca75a8-22e4-4b69-ba0b-24cfca6af6c1"
"3996762a-afa5-4dce-96e5-cc9edeb563d0","22e5a4e7-f693-4bd3-88c5-cd7d2115a545","OAES_029.mammalGrid.mam","D11","OAES","OAES_029","B8","distributed","shrubScrub",35.416811,-99.050808,"WGS84",45.1,517.3,0.1,"5 - capture","ShermanXLK","2022-08-25","2022-08-25","NEON.MAM.D11.R3935",,"REMO","Reithrodontomys montanus","species",,"NEON.DOC.003137",,,"N","M","N","processed",,"adult","nonscrotal",,,,15,11,55,,7,"N","N","N",,,,,,,"OAES.20220825.R3935.F","D00000022181","fresh","OAES.20220825.R3935.E","D00000022151","OAES.20220825.R3935.H","D00000186155","hairAndWhisker",,,"0000-0002-4194-7642","0000-0002-0594-4276",,,"dc965093-2b31-4176-94d5-bf1a14003d76"
"0ecf1d39-2fab-45a1-a1aa-f28fb5ecdd83","e68f96ac-f2ac-4363-8022-ca1ce92c49ad","OAES_002.mammalGrid.mam","D11","OAES","OAES_002","E2","distributed","grasslandHerbaceous",35.419111,-99.050850,"WGS84",45.1,516.9,0.1,"6 - trap set and empty","ShermanXLK","2022-08-25","2022-08-25",,,,,,,,,,,,,,,,,,,,,,,,,,,,,,,,,,,,,,,,,,,,"0000-0002-4194-7642","0000-0002-0594-4276",,,"bf5a5419-00a3-415e-9172-d05411cb6060"
"6d51b8f6-31db-41d7-a285-67a0bf0a488d","4cbc51ed-77e7-4004-a57f-fad71bb59a6c","OAES_001.mammalGrid.mam","D11","OAES","OAES_001","A10","distributed","grasslandHerbaceous",35.413861,-99.058786,"WGS84",45.1,517.8,0.1,"6 - trap set and empty","ShermanXLK","2022-08-25","2022-08-25",,,,,,,,,,,,,,,,,,,,,,,,,,,,,,,,,,,,,,,,,,,,"0000-0002-5328-740X","0000-0000-0068-7943",,,"6234e1b6-5aaa-4f5b-b7c0-9fce97a567ca"
"fa4046bf-171e-4920-b7af-ef42edf74944","4cbc51ed-77e7-4004-a57f-fad71bb59a6c","OAES_001.mammalGrid.mam","D11","OAES","OAES_001","J5","distributed","grasslandHerbaceous",35.413861,-99.058786,"WGS84",45.1,517.8,0.1,"6 - trap set and empty","ShermanXLK","2022-08-25","2022-08-25",,,,,,,,,,,,,,,,,,,,,,,,,,,,,,,,,,,,,,,,,,,,"0000-0002-5328-740X","0000-0000-0068-7943",,,"18d7a3cf-9738-4a0a-ab04-8525a7e8b9f8"
"e741e981-ccaa-421e-9b55-03325fac797b","4cbc51ed-77e7-4004-a57f-fad71bb59a6c","OAES_001.mammalGrid.mam","D11","OAES","OAES_001","H6","distributed","grasslandHerbaceous",35.413861,-99.058786,"WGS84",45.1,517.8,0.1,"6 - trap set and empty","ShermanXLK","2022-08-25","2022-08-25",,,,,,,,,,,,,,,,,,,,,,,,,,,,,,,,,,,,,,,,,,,,"0000-0002-5328-740X","0000-0000-0068-7943",,,"bc83e93c-f17e-4aa5-8e79-0339ee0ceb01"
"4d596e10-6348-4c08-aae5-b292080da920","22e5a4e7-f693-4bd3-88c5-cd7d2115a545","OAES_029.mammalGrid.mam","D11","OAES","OAES_029","D1","distributed","shrubScrub",35.416811,-99.050808,"WGS84",45.1,517.3,0.1,"5 - capture","ShermanXLK","2022-08-25","2022-08-25","NEON.MAM.D11.373671",,"CHHI","Chaetodipus hispidus","species",,"NEON.DOC.003137",,"sex confirmed","N","M","Y","dead",,"adult","nonscrotal",,,,,,,,,"U","U","U",,,,,,,,,,,,,,,"OAES.20220825.373671.V","D00000185043","0000-0002-4194-7642","0000-0002-0594-4276","Barcode replacement needed for final voucher tag",,"779e6958-17f8-4801-931b-4787dcb8f4e6"
"8174cd93-9b9e-48d6-8cf1-4dfba68e8fff","e68f96ac-f2ac-4363-8022-ca1ce92c49ad","OAES_002.mammalGrid.mam","D11","OAES","OAES_002","A1","distributed","grasslandHerbaceous",35.419111,-99.050850,"WGS84",45.1,516.9,0.1,"3 - trap door open or closed w/ spoor left","ShermanXLK","2022-08-25","2022-08-25",,,,,,,,,,,,,,,,,,,,,,,,,,,,,,,,,,,,,,,,,,,,"0000-0002-4194-7642","0000-0002-0594-4276",,,"2e2c4172-887d-413e-b311-f4b6695ad9b2"
"c0c0ba5c-86bd-4bf4-80a2-d637453fabef","22e5a4e7-f693-4bd3-88c5-cd7d2115a545","OAES_029.mammalGrid.mam","D11","OAES","OAES_029","I7","distributed","shrubScrub",35.416811,-99.050808,"WGS84",45.1,517.3,0.1,"6 - trap set and empty","ShermanXLK","2022-08-25","2022-08-25",,,,,,,,,,,,,,,,,,,,,,,,,,,,,,,,,,,,,,,,,,,,"0000-0002-4194-7642","0000-0002-0594-4276",,,"cafcc7be-a30b-4f6a-ae35-166c871d453c"
"89fedb88-46d2-4bcf-b4a0-bd89c6fc7d46","e68f96ac-f2ac-4363-8022-ca1ce92c49ad","OAES_002.mammalGrid.mam","D11","OAES","OAES_002","H10","distributed","grasslandHerbaceous",35.419111,-99.050850,"WGS84",45.1,516.9,0.1,"6 - trap set and empty","ShermanXLK","2022-08-25","2022-08-25",,,,,,,,,,,,,,,,,,,,,,,,,,,,,,,,,,,,,,,,,,,,"0000-0002-4194-7642","0000-0002-0594-4276",,,"095293b9-b2dc-48e3-a97e-784e84bcc327"
"3ba6e6cd-be08-4616-8f80-98e98c4555e7","e68f96ac-f2ac-4363-8022-ca1ce92c49ad","OAES_002.mammalGrid.mam","D11","OAES","OAES_002","C5","distributed","grasslandHerbaceous",35.419111,-99.050850,"WGS84",45.1,516.9,0.1,"3 - trap door open or closed w/ spoor left","ShermanXLK","2022-08-25","2022-08-25",,,,,,,,,,,,,,,,,,,,,,,,,,,,,,,,,,,,,,,,,,,,"0000-0002-4194-7642","0000-0002-0594-4276",,,"c440f8da-0fa4-47a4-994c-16414aa32216"
"ecb90ec6-aa1e-4a04-bcab-44baaa135a0f","4cbc51ed-77e7-4004-a57f-fad71bb59a6c","OAES_001.mammalGrid.mam","D11","OAES","OAES_001","F3","distributed","grasslandHerbaceous",35.413861,-99.058786,"WGS84",45.1,517.8,0.1,"6 - trap set and empty","ShermanXLK","2022-08-25","2022-08-25",,,,,,,,,,,,,,,,,,,,,,,,,,,,,,,,,,,,,,,,,,,,"0000-0002-5328-740X","0000-0000-0068-7943",,,"5ebce61d-60dd-4b4b-ba28-5bb645aa8f33"
"22bd21e1-43d9-4495-9091-5b7195cb06be","f1d8e7f5-fead-4bfa-b156-c6594dae7841","OAES_007.mammalGrid.mam","D11","OAES","OAES_007","E1","distributed","shrubScrub",35.419420,-99.055808,"WGS84",45.1,522.6,0.1,"6 - trap set and empty","ShermanXLK","2022-08-25","2022-08-25",,,,,,,,,,,,,,,,,,,,,,,,,,,,,,,,,,,,,,,,,,,,"0000-0000-0068-7943","0000-0002-5328-740X",,,"5d2500e1-5723-4a1d-8c04-34074f3dd2cd"
"588e31ae-df93-4860-939d-2a5a9dd8b60a","4cbc51ed-77e7-4004-a57f-fad71bb59a6c","OAES_001.mammalGrid.mam","D11","OAES","OAES_001","J3","distributed","grasslandHerbaceous",35.413861,-99.058786,"WGS84",45.1,517.8,0.1,"6 - trap set and empty","ShermanXLK","2022-08-25","2022-08-25",,,,,,,,,,,,,,,,,,,,,,,,,,,,,,,,,,,,,,,,,,,,"0000-0002-5328-740X","0000-0000-0068-7943",,,"2cabd1ed-8824-4ef5-ae37-01fdc27bace2"
"126ab0f7-cd74-4312-89ce-b58e961d9499","e68f96ac-f2ac-4363-8022-ca1ce92c49ad","OAES_002.mammalGrid.mam","D11","OAES","OAES_002","C10","distributed","grasslandHerbaceous",35.419111,-99.050850,"WGS84",45.1,516.9,0.1,"6 - trap set and empty","ShermanXLK","2022-08-25","2022-08-25",,,,,,,,,,,,,,,,,,,,,,,,,,,,,,,,,,,,,,,,,,,,"0000-0002-4194-7642","0000-0002-0594-4276",,,"ca7f9d78-a92a-49d1-bef0-27a72fae4dbd"
"43cc3ca5-6ccd-4b71-b0aa-51765f6edbf8","f1d8e7f5-fead-4bfa-b156-c6594dae7841","OAES_007.mammalGrid.mam","D11","OAES","OAES_007","D6","distributed","shrubScrub",35.419420,-99.055808,"WGS84",45.1,522.6,0.1,"6 - trap set and empty","ShermanXLK","2022-08-25","2022-08-25",,,,,,,,,,,,,,,,,,,,,,,,,,,,,,,,,,,,,,,,,,,,"0000-0000-0068-7943","0000-0002-5328-740X",,,"772887e3-50a3-437d-9a85-8407c5fd165a"
"847b4ea4-74be-430d-b54b-47d8d5f821e7","e68f96ac-f2ac-4363-8022-ca1ce92c49ad","OAES_002.mammalGrid.mam","D11","OAES","OAES_002","E4","distributed","grasslandHerbaceous",35.419111,-99.050850,"WGS84",45.1,516.9,0.1,"6 - trap set and empty","ShermanXLK","2022-08-25","2022-08-25",,,,,,,,,,,,,,,,,,,,,,,,,,,,,,,,,,,,,,,,,,,,"0000-0002-4194-7642","0000-0002-0594-4276",,,"e5585ea7-e49f-4e33-b124-2d1a81448fa2"
"bb760c9e-69f0-4ff0-b5d1-b3f6aad8ca5e","22e5a4e7-f693-4bd3-88c5-cd7d2115a545","OAES_029.mammalGrid.mam","D11","OAES","OAES_029","G6","distributed","shrubScrub",35.416811,-99.050808,"WGS84",45.1,517.3,0.1,"5 - capture","ShermanXLK","2022-08-25","2022-08-25","NEON.MAM.D11.R3797",,"REFU","Reithrodontomys fulvescens","species",,"NEON.DOC.003137",,,"N","M","N","processed",,"adult","scrotal",,,,19,13,85,,11,"N","N","N",,,,,,,"OAES.20220825.R3797.F","D00000022170","fresh","OAES.20220825.R3797.E","D00000185870","OAES.20220825.R3797.H","D00000186153","hairAndWhisker",,,"0000-0002-4194-7642","0000-0002-0594-4276",,,"8fbb1845-dd46-4ab9-a763-6bde1a0e6dc2"
"fa63a810-4e42-4b26-85b0-ea6e55559f50","4cbc51ed-77e7-4004-a57f-fad71bb59a6c","OAES_001.mammalGrid.mam","D11","OAES","OAES_001","G6","distributed","grasslandHerbaceous",35.413861,-99.058786,"WGS84",45.1,517.8,0.1,"6 - trap set and empty","ShermanXLK","2022-08-25","2022-08-25",,,,,,,,,,,,,,,,,,,,,,,,,,,,,,,,,,,,,,,,,,,,"0000-0002-5328-740X","0000-0000-0068-7943",,,"2161df3f-9e17-48eb-9194-b3290b9f93d0"
"38f0e096-d4b7-45a4-9855-8051b955fbea","22e5a4e7-f693-4bd3-88c5-cd7d2115a545","OAES_029.mammalGrid.mam","D11","OAES","OAES_029","I1","distributed","shrubScrub",35.416811,-99.050808,"WGS84",45.1,517.3,0.1,"5 - capture","ShermanXLK","2022-08-25","2022-08-25","NEON.MAM.D11.R3595",,"REMO","Reithrodontomys montanus","species",,"NEON.DOC.003137",,,"N","M","N","processed",,"adult","scrotal",,,,15,,55,,11,"N","N","N",,,,,,,"OAES.20220825.R3595.F","D00000022180","fresh","OAES.20220825.R3595.E","D00000022141",,,,,,"0000-0002-4194-7642","0000-0002-0594-4276",,,"89c707da-f516-4b59-b793-831d94047d8b"
"8d310e5d-83ff-4ed7-8d71-50eee778a91b","e68f96ac-f2ac-4363-8022-ca1ce92c49ad","OAES_002.mammalGrid.mam","D11","OAES","OAES_002","A10","distributed","grasslandHerbaceous",35.419111,-99.050850,"WGS84",45.1,516.9,0.1,"6 - trap set and empty","ShermanXLK","2022-08-25","2022-08-25",,,,,,,,,,,,,,,,,,,,,,,,,,,,,,,,,,,,,,,,,,,,"0000-0002-4194-7642","0000-0002-0594-4276",,,"8a27944e-b11c-4625-aa4d-0892382cb834"
"8ca0b301-41d2-4e93-9692-9693b86702d4","e68f96ac-f2ac-4363-8022-ca1ce92c49ad","OAES_002.mammalGrid.mam","D11","OAES","OAES_002","D7","distributed","grasslandHerbaceous",35.419111,-99.050850,"WGS84",45.1,516.9,0.1,"6 - trap set and empty","ShermanXLK","2022-08-25","2022-08-25",,,,,,,,,,,,,,,,,,,,,,,,,,,,,,,,,,,,,,,,,,,,"0000-0002-4194-7642","0000-0002-0594-4276",,,"3f8483b8-e8cf-4b56-8d87-9bae6fcf62df"
"57827c52-88de-4bf8-972b-ccf6b732ff31","22e5a4e7-f693-4bd3-88c5-cd7d2115a545","OAES_029.mammalGrid.mam","D11","OAES","OAES_029","C10","distributed","shrubScrub",35.416811,-99.050808,"WGS84",45.1,517.3,0.1,"6 - trap set and empty","ShermanXLK","2022-08-25","2022-08-25",,,,,,,,,,,,,,,,,,,,,,,,,,,,,,,,,,,,,,,,,,,,"0000-0002-4194-7642","0000-0002-0594-4276",,,"d9f3fac3-866d-4566-81a2-e8641bcac6f2"
"68483b87-c765-46fd-b656-b552d19d8acb","e68f96ac-f2ac-4363-8022-ca1ce92c49ad","OAES_002.mammalGrid.mam","D11","OAES","OAES_002","B5","distributed","grasslandHerbaceous",35.419111,-99.050850,"WGS84",45.1,516.9,0.1,"2 - trap disturbed/door closed but empty","ShermanXLK","2022-08-25","2022-08-25",,,,,,,,,,,,,,,,,,,,,,,,,,,,,,,,,,,,,,,,,,,,"0000-0002-4194-7642","0000-0002-0594-4276",,,"9e20a4ef-6935-4884-9719-2aeb2f5aa90f"
"3752c270-88c2-42f4-bcaa-51cd0c8c9795","e68f96ac-f2ac-4363-8022-ca1ce92c49ad","OAES_002.mammalGrid.mam","D11","OAES","OAES_002","H4","distributed","grasslandHerbaceous",35.419111,-99.050850,"WGS84",45.1,516.9,0.1,"6 - trap set and empty","ShermanXLK","2022-08-25","2022-08-25",,,,,,,,,,,,,,,,,,,,,,,,,,,,,,,,,,,,,,,,,,,,"0000-0002-4194-7642","0000-0002-0594-4276",,,"6ac225e4-0051-4225-8288-c3795a60bfb9"
"26922472-7654-4786-a9f2-2af3f9e6d3ed","4cbc51ed-77e7-4004-a57f-fad71bb59a6c","OAES_001.mammalGrid.mam","D11","OAES","OAES_001","D2","distributed","grasslandHerbaceous",35.413861,-99.058786,"WGS84",45.1,517.8,0.1,"6 - trap set and empty","ShermanXLK","2022-08-25","2022-08-25",,,,,,,,,,,,,,,,,,,,,,,,,,,,,,,,,,,,,,,,,,,,"0000-0002-5328-740X","0000-0000-0068-7943",,,"9c9435af-18a8-4f62-aae7-98f081039c9d"
"19fd5485-854f-4f7f-a7aa-d6270019b03a","f1d8e7f5-fead-4bfa-b156-c6594dae7841","OAES_007.mammalGrid.mam","D11","OAES","OAES_007","D7","distributed","shrubScrub",35.419420,-99.055808,"WGS84",45.1,522.6,0.1,"6 - trap set and empty","ShermanXLK","2022-08-25","2022-08-25",,,,,,,,,,,,,,,,,,,,,,,,,,,,,,,,,,,,,,,,,,,,"0000-0000-0068-7943","0000-0002-5328-740X",,,"b71e12e6-9f86-4810-a612-7742f9817fe1"
"cb0fb999-6de3-406f-90e3-f801a0972d33","f1d8e7f5-fead-4bfa-b156-c6594dae7841","OAES_007.mammalGrid.mam","D11","OAES","OAES_007","C3","distributed","shrubScrub",35.419420,-99.055808,"WGS84",45.1,522.6,0.1,"6 - trap set and empty","ShermanXLK","2022-08-25","2022-08-25",,,,,,,,,,,,,,,,,,,,,,,,,,,,,,,,,,,,,,,,,,,,"0000-0000-0068-7943","0000-0002-5328-740X",,,"011d28eb-8caf-4b00-91d2-3cf1b6272312"
"cf1b4af5-1743-4e1d-8260-6c39cd26ae37","e68f96ac-f2ac-4363-8022-ca1ce92c49ad","OAES_002.mammalGrid.mam","D11","OAES","OAES_002","I3","distributed","grasslandHerbaceous",35.419111,-99.050850,"WGS84",45.1,516.9,0.1,"5 - capture","ShermanXLK","2022-08-25","2022-08-25","NEON.MAM.D11.R3907",,"SIHI","Sigmodon hispidus","species",,"NEON.DOC.003137",,,"N","F","Y","processed",,"juvenile",,"nonenlarged",,"not plugged",28,,,,42,"N","N","N",,,,,,,,,,,,,,,,,"0000-0002-4194-7642","0000-0002-0594-4276",,,"39de30a6-cdbc-4442-b540-a89b384d8fdf"
"3ae1682c-9288-4e26-b2e4-07ad45b5073a","4cbc51ed-77e7-4004-a57f-fad71bb59a6c","OAES_001.mammalGrid.mam","D11","OAES","OAES_001","E2","distributed","grasslandHerbaceous",35.413861,-99.058786,"WGS84",45.1,517.8,0.1,"6 - trap set and empty","ShermanXLK","2022-08-25","2022-08-25",,,,,,,,,,,,,,,,,,,,,,,,,,,,,,,,,,,,,,,,,,,,"0000-0002-5328-740X","0000-0000-0068-7943",,,"c59643e6-e09d-496a-992f-37efbcb2242e"
"eeb9141f-ace0-4134-94ab-bcf6649d364c","f1d8e7f5-fead-4bfa-b156-c6594dae7841","OAES_007.mammalGrid.mam","D11","OAES","OAES_007","I4","distributed","shrubScrub",35.419420,-99.055808,"WGS84",45.1,522.6,0.1,"6 - trap set and empty","ShermanXLK","2022-08-25","2022-08-25",,,,,,,,,,,,,,,,,,,,,,,,,,,,,,,,,,,,,,,,,,,,"0000-0000-0068-7943","0000-0002-5328-740X",,,"0e9599c9-eac7-43a9-b81c-763e4ed20aaf"
"877d2bb0-1cfc-48c1-b33c-12d0e17792cb","e68f96ac-f2ac-4363-8022-ca1ce92c49ad","OAES_002.mammalGrid.mam","D11","OAES","OAES_002","C6","distributed","grasslandHerbaceous",35.419111,-99.050850,"WGS84",45.1,516.9,0.1,"5 - capture","ShermanXLK","2022-08-25","2022-08-25","NEON.MAM.D11.373661",,"PEFL","Perognathus flavus","species",,"NEON.DOC.003137",,,"N","M","N","processed",,"adult","nonscrotal",,,,15,,,,8,"N","N","N",,,,,,,,,,,,,,,,,"0000-0002-4194-7642","0000-0002-0594-4276",,,"bed8972b-e770-4636-a2f1-9481c2c97ecc"
"e49ef722-48b8-493e-bbca-cfd5b4d1b1fa","4cbc51ed-77e7-4004-a57f-fad71bb59a6c","OAES_001.mammalGrid.mam","D11","OAES","OAES_001","G5","distributed","grasslandHerbaceous",35.413861,-99.058786,"WGS84",45.1,517.8,0.1,"6 - trap set and empty","ShermanXLK","2022-08-25","2022-08-25",,,,,,,,,,,,,,,,,,,,,,,,,,,,,,,,,,,,,,,,,,,,"0000-0002-5328-740X","0000-0000-0068-7943",,,"0ed4de3b-5a87-4bba-ac39-a6848cf15d77"
"70c45211-53e5-4ba6-a8e6-7ac9f2560bff","e68f96ac-f2ac-4363-8022-ca1ce92c49ad","OAES_002.mammalGrid.mam","D11","OAES","OAES_002","I1","distributed","grasslandHerbaceous",35.419111,-99.050850,"WGS84",45.1,516.9,0.1,"6 - trap set and empty","ShermanXLK","2022-08-25","2022-08-25",,,,,,,,,,,,,,,,,,,,,,,,,,,,,,,,,,,,,,,,,,,,"0000-0002-4194-7642","0000-0002-0594-4276",,,"73fd795a-22e1-4b76-b040-404b0fb39e84"
"5d1ad738-e7cf-424c-aff0-4c9f4b2f13a2","e68f96ac-f2ac-4363-8022-ca1ce92c49ad","OAES_002.mammalGrid.mam","D11","OAES","OAES_002","I6","distributed","grasslandHerbaceous",35.419111,-99.050850,"WGS84",45.1,516.9,0.1,"5 - capture","ShermanXLK","2022-08-25","2022-08-25","NEON.MAM.D11.R3670",,"SIHI","Sigmodon hispidus","species",,"NEON.DOC.003137",,,"N","F","Y","processed",,"adult",,"enlarged","not","not plugged",28,,,,150,"N","N","N",,,,,,,,,,,,,,,,,"0000-0002-4194-7642","0000-0002-0594-4276",,,"da805b26-8d24-42dd-b059-3b1210ec5769"
"3bb7ddba-ae1e-45ca-9769-356f82e8d299","f1d8e7f5-fead-4bfa-b156-c6594dae7841","OAES_007.mammalGrid.mam","D11","OAES","OAES_007","J1","distributed","shrubScrub",35.419420,-99.055808,"WGS84",45.1,522.6,0.1,"6 - trap set and empty","ShermanXLK","2022-08-25","2022-08-25",,,,,,,,,,,,,,,,,,,,,,,,,,,,,,,,,,,,,,,,,,,,"0000-0000-0068-7943","0000-0002-5328-740X",,,"80e4ce04-db7a-487b-b4a2-0064bc2c0bfd"
"e8174250-2f70-4c83-9187-7b1446108679","f1d8e7f5-fead-4bfa-b156-c6594dae7841","OAES_007.mammalGrid.mam","D11","OAES","OAES_007","F10","distributed","shrubScrub",35.419420,-99.055808,"WGS84",45.1,522.6,0.1,"6 - trap set and empty","ShermanXLK","2022-08-25","2022-08-25",,,,,,,,,,,,,,,,,,,,,,,,,,,,,,,,,,,,,,,,,,,,"0000-0000-0068-7943","0000-0002-5328-740X",,,"b141ba35-2d73-4d05-bcf0-dd60a105e7bf"
"152f8cff-72f6-4314-af67-5e68db4ae5b8","f1d8e7f5-fead-4bfa-b156-c6594dae7841","OAES_007.mammalGrid.mam","D11","OAES","OAES_007","B1","distributed","shrubScrub",35.419420,-99.055808,"WGS84",45.1,522.6,0.1,"6 - trap set and empty","ShermanXLK","2022-08-25","2022-08-25",,,,,,,,,,,,,,,,,,,,,,,,,,,,,,,,,,,,,,,,,,,,"0000-0000-0068-7943","0000-0002-5328-740X",,,"258fcbac-8d9c-4f5f-8fb0-f457809d051c"
"e9229747-b953-4417-b2cd-1dea3402d5bc","e68f96ac-f2ac-4363-8022-ca1ce92c49ad","OAES_002.mammalGrid.mam","D11","OAES","OAES_002","F10","distributed","grasslandHerbaceous",35.419111,-99.050850,"WGS84",45.1,516.9,0.1,"6 - trap set and empty","ShermanXLK","2022-08-25","2022-08-25",,,,,,,,,,,,,,,,,,,,,,,,,,,,,,,,,,,,,,,,,,,,"0000-0002-4194-7642","0000-0002-0594-4276",,,"7531ca20-1e35-4677-8a96-5698a3e679b5"
"066d19e7-71a9-43ac-b5b3-fc42b6ff84ec","22e5a4e7-f693-4bd3-88c5-cd7d2115a545","OAES_029.mammalGrid.mam","D11","OAES","OAES_029","B6","distributed","shrubScrub",35.416811,-99.050808,"WGS84",45.1,517.3,0.1,"6 - trap set and empty","ShermanXLK","2022-08-25","2022-08-25",,,,,,,,,,,,,,,,,,,,,,,,,,,,,,,,,,,,,,,,,,,,"0000-0002-4194-7642","0000-0002-0594-4276",,,"6acf7375-90b3-4605-a2eb-e371796c827d"
"54b13668-f239-45e8-9e8f-cf266e05251f","f1d8e7f5-fead-4bfa-b156-c6594dae7841","OAES_007.mammalGrid.mam","D11","OAES","OAES_007","J5","distributed","shrubScrub",35.419420,-99.055808,"WGS84",45.1,522.6,0.1,"6 - trap set and empty","ShermanXLK","2022-08-25","2022-08-25",,,,,,,,,,,,,,,,,,,,,,,,,,,,,,,,,,,,,,,,,,,,"0000-0000-0068-7943","0000-0002-5328-740X",,,"0ba67df1-c3c0-4133-8719-a1b4c4ec1173"
"06be2e6b-de69-4df5-8335-299696eaaacc","4cbc51ed-77e7-4004-a57f-fad71bb59a6c","OAES_001.mammalGrid.mam","D11","OAES","OAES_001","D1","distributed","grasslandHerbaceous",35.413861,-99.058786,"WGS84",45.1,517.8,0.1,"6 - trap set and empty","ShermanXLK","2022-08-25","2022-08-25",,,,,,,,,,,,,,,,,,,,,,,,,,,,,,,,,,,,,,,,,,,,"0000-0002-5328-740X","0000-0000-0068-7943",,,"e7345e58-d277-4d05-8e63-873b49abc2b1"
"76351b71-0712-4fbe-a916-21b459a71e75","e68f96ac-f2ac-4363-8022-ca1ce92c49ad","OAES_002.mammalGrid.mam","D11","OAES","OAES_002","G8","distributed","grasslandHerbaceous",35.419111,-99.050850,"WGS84",45.1,516.9,0.1,"6 - trap set and empty","ShermanXLK","2022-08-25","2022-08-25",,,,,,,,,,,,,,,,,,,,,,,,,,,,,,,,,,,,,,,,,,,,"0000-0002-4194-7642","0000-0002-0594-4276",,,"876bb88d-bdf4-440d-8b96-5d63162751be"
"4de22177-ebbf-4974-9cae-b2ab1cd88c4a","e68f96ac-f2ac-4363-8022-ca1ce92c49ad","OAES_002.mammalGrid.mam","D11","OAES","OAES_002","A2","distributed","grasslandHerbaceous",35.419111,-99.050850,"WGS84",45.1,516.9,0.1,"3 - trap door open or closed w/ spoor left","ShermanXLK","2022-08-25","2022-08-25",,,,,,,,,,,,,,,,,,,,,,,,,,,,,,,,,,,,,,,,,,,,"0000-0002-4194-7642","0000-0002-0594-4276",,,"bfde5467-8d2f-4c15-919f-27cd50827cb1"
"195e6163-e0b4-47e3-82f2-d691395764b4","f1d8e7f5-fead-4bfa-b156-c6594dae7841","OAES_007.mammalGrid.mam","D11","OAES","OAES_007","C5","distributed","shrubScrub",35.419420,-99.055808,"WGS84",45.1,522.6,0.1,"6 - trap set and empty","ShermanXLK","2022-08-25","2022-08-25",,,,,,,,,,,,,,,,,,,,,,,,,,,,,,,,,,,,,,,,,,,,"0000-0000-0068-7943","0000-0002-5328-740X",,,"9c4642b8-74d8-4b67-8dc0-7a9ac7da7f5c"
"45e8e618-1d31-4070-aa6e-15d3d6696069","f1d8e7f5-fead-4bfa-b156-c6594dae7841","OAES_007.mammalGrid.mam","D11","OAES","OAES_007","E4","distributed","shrubScrub",35.419420,-99.055808,"WGS84",45.1,522.6,0.1,"6 - trap set and empty","ShermanXLK","2022-08-25","2022-08-25",,,,,,,,,,,,,,,,,,,,,,,,,,,,,,,,,,,,,,,,,,,,"0000-0000-0068-7943","0000-0002-5328-740X",,,"14a2dbb9-8dcb-4eab-b651-1739ff85e7bc"
"4bb7d2b4-1212-4649-85a2-7cba3f66be6c","4cbc51ed-77e7-4004-a57f-fad71bb59a6c","OAES_001.mammalGrid.mam","D11","OAES","OAES_001","B6","distributed","grasslandHerbaceous",35.413861,-99.058786,"WGS84",45.1,517.8,0.1,"6 - trap set and empty","ShermanXLK","2022-08-25","2022-08-25",,,,,,,,,,,,,,,,,,,,,,,,,,,,,,,,,,,,,,,,,,,,"0000-0002-5328-740X","0000-0000-0068-7943",,,"662a8375-4e26-47bf-9097-cc5393fe53d9"
"72876e50-81e8-41e7-b50c-4d6447691a83","4cbc51ed-77e7-4004-a57f-fad71bb59a6c","OAES_001.mammalGrid.mam","D11","OAES","OAES_001","E5","distributed","grasslandHerbaceous",35.413861,-99.058786,"WGS84",45.1,517.8,0.1,"6 - trap set and empty","ShermanXLK","2022-08-25","2022-08-25",,,,,,,,,,,,,,,,,,,,,,,,,,,,,,,,,,,,,,,,,,,,"0000-0002-5328-740X","0000-0000-0068-7943",,,"62490173-4500-42b4-a84d-85c3fad661a9"
"75684caf-7d3a-40b5-8b57-5b273f84e6fc","4cbc51ed-77e7-4004-a57f-fad71bb59a6c","OAES_001.mammalGrid.mam","D11","OAES","OAES_001","A7","distributed","grasslandHerbaceous",35.413861,-99.058786,"WGS84",45.1,517.8,0.1,"6 - trap set and empty","ShermanXLK","2022-08-25","2022-08-25",,,,,,,,,,,,,,,,,,,,,,,,,,,,,,,,,,,,,,,,,,,,"0000-0002-5328-740X","0000-0000-0068-7943",,,"ace2ce8a-88ec-4691-ae51-33f24fe216d0"
"e51bd25b-06ee-4ed9-b80d-d06198cbe95d","22e5a4e7-f693-4bd3-88c5-cd7d2115a545","OAES_029.mammalGrid.mam","D11","OAES","OAES_029","G10","distributed","shrubScrub",35.416811,-99.050808,"WGS84",45.1,517.3,0.1,"6 - trap set and empty","ShermanXLK","2022-08-25","2022-08-25",,,,,,,,,,,,,,,,,,,,,,,,,,,,,,,,,,,,,,,,,,,,"0000-0002-4194-7642","0000-0002-0594-4276",,,"351d02c1-9085-4450-a1fd-105d07345244"
"bad7aaa3-25a0-4bd5-8549-ddcde5f45e86","e68f96ac-f2ac-4363-8022-ca1ce92c49ad","OAES_002.mammalGrid.mam","D11","OAES","OAES_002","G4","distributed","grasslandHerbaceous",35.419111,-99.050850,"WGS84",45.1,516.9,0.1,"6 - trap set and empty","ShermanXLK","2022-08-25","2022-08-25",,,,,,,,,,,,,,,,,,,,,,,,,,,,,,,,,,,,,,,,,,,,"0000-0002-4194-7642","0000-0002-0594-4276",,,"665c168c-d754-4197-995e-7f0a45ca68b3"
"30755fd0-1d2f-4ade-b2f5-bd5d6708c5a1","e68f96ac-f2ac-4363-8022-ca1ce92c49ad","OAES_002.mammalGrid.mam","D11","OAES","OAES_002","D2","distributed","grasslandHerbaceous",35.419111,-99.050850,"WGS84",45.1,516.9,0.1,"6 - trap set and empty","ShermanXLK","2022-08-25","2022-08-25",,,,,,,,,,,,,,,,,,,,,,,,,,,,,,,,,,,,,,,,,,,,"0000-0002-4194-7642","0000-0002-0594-4276",,,"e7d9c91c-2e04-4166-a968-22288ee97e60"
"ccafb919-d2e9-4b20-8d6e-94e65a749fb7","22e5a4e7-f693-4bd3-88c5-cd7d2115a545","OAES_029.mammalGrid.mam","D11","OAES","OAES_029","F9","distributed","shrubScrub",35.416811,-99.050808,"WGS84",45.1,517.3,0.1,"6 - trap set and empty","ShermanXLK","2022-08-25","2022-08-25",,,,,,,,,,,,,,,,,,,,,,,,,,,,,,,,,,,,,,,,,,,,"0000-0002-4194-7642","0000-0002-0594-4276",,,"59a218a8-621d-4d82-9cb1-eeac6c5f2cf1"
"4a182def-c4fd-420d-b089-769efea942cc","e68f96ac-f2ac-4363-8022-ca1ce92c49ad","OAES_002.mammalGrid.mam","D11","OAES","OAES_002","B6","distributed","grasslandHerbaceous",35.419111,-99.050850,"WGS84",45.1,516.9,0.1,"6 - trap set and empty","ShermanXLK","2022-08-25","2022-08-25",,,,,,,,,,,,,,,,,,,,,,,,,,,,,,,,,,,,,,,,,,,,"0000-0002-4194-7642","0000-0002-0594-4276",,,"fe1e6219-979b-4b6b-9bf4-cc92378ccee9"
"c16d9ba4-2006-4cd8-8892-42044e762035","4cbc51ed-77e7-4004-a57f-fad71bb59a6c","OAES_001.mammalGrid.mam","D11","OAES","OAES_001","G3","distributed","grasslandHerbaceous",35.413861,-99.058786,"WGS84",45.1,517.8,0.1,"6 - trap set and empty","ShermanXLK","2022-08-25","2022-08-25",,,,,,,,,,,,,,,,,,,,,,,,,,,,,,,,,,,,,,,,,,,,"0000-0002-5328-740X","0000-0000-0068-7943",,,"e56dd6bf-0bfd-4482-86db-6188e7693acb"
"4cf994c8-5c97-45bb-b36f-49f618573e12","f1d8e7f5-fead-4bfa-b156-c6594dae7841","OAES_007.mammalGrid.mam","D11","OAES","OAES_007","H6","distributed","shrubScrub",35.419420,-99.055808,"WGS84",45.1,522.6,0.1,"6 - trap set and empty","ShermanXLK","2022-08-25","2022-08-25",,,,,,,,,,,,,,,,,,,,,,,,,,,,,,,,,,,,,,,,,,,,"0000-0000-0068-7943","0000-0002-5328-740X",,,"1a587eb8-d179-4870-8505-36ad3c7c70e1"
"8c1a4cba-3b19-4f2c-bf9f-c7c20a99b946","4cbc51ed-77e7-4004-a57f-fad71bb59a6c","OAES_001.mammalGrid.mam","D11","OAES","OAES_001","G2","distributed","grasslandHerbaceous",35.413861,-99.058786,"WGS84",45.1,517.8,0.1,"6 - trap set and empty","ShermanXLK","2022-08-25","2022-08-25",,,,,,,,,,,,,,,,,,,,,,,,,,,,,,,,,,,,,,,,,,,,"0000-0002-5328-740X","0000-0000-0068-7943",,,"47a15e0f-5dc7-4db8-8cd8-65ce4f8b0aec"
"b09f6d41-9e70-430b-bd2d-fd63f5d9b9cd","f1d8e7f5-fead-4bfa-b156-c6594dae7841","OAES_007.mammalGrid.mam","D11","OAES","OAES_007","I6","distributed","shrubScrub",35.419420,-99.055808,"WGS84",45.1,522.6,0.1,"6 - trap set and empty","ShermanXLK","2022-08-25","2022-08-25",,,,,,,,,,,,,,,,,,,,,,,,,,,,,,,,,,,,,,,,,,,,"0000-0000-0068-7943","0000-0002-5328-740X",,,"8c2882fa-9a62-4899-8437-16d65b28cdd6"
"3f280ba0-a3ac-41eb-b8e3-655b82984fc4","f1d8e7f5-fead-4bfa-b156-c6594dae7841","OAES_007.mammalGrid.mam","D11","OAES","OAES_007","C6","distributed","shrubScrub",35.419420,-99.055808,"WGS84",45.1,522.6,0.1,"6 - trap set and empty","ShermanXLK","2022-08-25","2022-08-25",,,,,,,,,,,,,,,,,,,,,,,,,,,,,,,,,,,,,,,,,,,,"0000-0000-0068-7943","0000-0002-5328-740X",,,"fb17cbad-83aa-4ff2-81e5-4263cf2b606d"
"4b9983f1-ba39-499e-8af6-fbc9a0c3dd04","f1d8e7f5-fead-4bfa-b156-c6594dae7841","OAES_007.mammalGrid.mam","D11","OAES","OAES_007","F3","distributed","shrubScrub",35.419420,-99.055808,"WGS84",45.1,522.6,0.1,"6 - trap set and empty","ShermanXLK","2022-08-25","2022-08-25",,,,,,,,,,,,,,,,,,,,,,,,,,,,,,,,,,,,,,,,,,,,"0000-0000-0068-7943","0000-0002-5328-740X",,,"08e35d3d-e1d3-4b31-88a2-99dec9ce1e11"
"c8eb391d-5a52-4ac7-9e69-42590be30b6f","f1d8e7f5-fead-4bfa-b156-c6594dae7841","OAES_007.mammalGrid.mam","D11","OAES","OAES_007","J4","distributed","shrubScrub",35.419420,-99.055808,"WGS84",45.1,522.6,0.1,"6 - trap set and empty","ShermanXLK","2022-08-25","2022-08-25",,,,,,,,,,,,,,,,,,,,,,,,,,,,,,,,,,,,,,,,,,,,"0000-0000-0068-7943","0000-0002-5328-740X",,,"b21ef85d-9b9e-4500-a038-45c0b594944f"
"c01e9131-257d-4a67-9f5d-ba60cf585e59","e68f96ac-f2ac-4363-8022-ca1ce92c49ad","OAES_002.mammalGrid.mam","D11","OAES","OAES_002","H5","distributed","grasslandHerbaceous",35.419111,-99.050850,"WGS84",45.1,516.9,0.1,"6 - trap set and empty","ShermanXLK","2022-08-25","2022-08-25",,,,,,,,,,,,,,,,,,,,,,,,,,,,,,,,,,,,,,,,,,,,"0000-0002-4194-7642","0000-0002-0594-4276",,,"308d1059-2d08-4b16-b035-c00395765197"
"15867032-8856-4045-bad3-2f0e1229f1fc","4cbc51ed-77e7-4004-a57f-fad71bb59a6c","OAES_001.mammalGrid.mam","D11","OAES","OAES_001","D3","distributed","grasslandHerbaceous",35.413861,-99.058786,"WGS84",45.1,517.8,0.1,"6 - trap set and empty","ShermanXLK","2022-08-25","2022-08-25",,,,,,,,,,,,,,,,,,,,,,,,,,,,,,,,,,,,,,,,,,,,"0000-0002-5328-740X","0000-0000-0068-7943",,,"27598bff-371f-4d10-89a9-13d783329fb1"
"f760a6cd-7a2e-43af-87bc-2c2a47909f08","22e5a4e7-f693-4bd3-88c5-cd7d2115a545","OAES_029.mammalGrid.mam","D11","OAES","OAES_029","A8","distributed","shrubScrub",35.416811,-99.050808,"WGS84",45.1,517.3,0.1,"6 - trap set and empty","ShermanXLK","2022-08-25","2022-08-25",,,,,,,,,,,,,,,,,,,,,,,,,,,,,,,,,,,,,,,,,,,,"0000-0002-4194-7642","0000-0002-0594-4276",,,"4778e3f7-be2f-490e-a176-d305488f7f91"
"e125ad29-917a-4b0f-adaf-270f06c4bd42","e68f96ac-f2ac-4363-8022-ca1ce92c49ad","OAES_002.mammalGrid.mam","D11","OAES","OAES_002","G7","distributed","grasslandHerbaceous",35.419111,-99.050850,"WGS84",45.1,516.9,0.1,"6 - trap set and empty","ShermanXLK","2022-08-25","2022-08-25",,,,,,,,,,,,,,,,,,,,,,,,,,,,,,,,,,,,,,,,,,,,"0000-0002-4194-7642","0000-0002-0594-4276",,,"7a3516ce-32a0-4006-94f9-cbea9a4987e8"
"a7bc2968-b24d-4452-9164-a4c754763fd0","22e5a4e7-f693-4bd3-88c5-cd7d2115a545","OAES_029.mammalGrid.mam","D11","OAES","OAES_029","A4","distributed","shrubScrub",35.416811,-99.050808,"WGS84",45.1,517.3,0.1,"6 - trap set and empty","ShermanXLK","2022-08-25","2022-08-25",,,,,,,,,,,,,,,,,,,,,,,,,,,,,,,,,,,,,,,,,,,,"0000-0002-4194-7642","0000-0002-0594-4276",,,"5beeb345-3661-41b5-a36e-dee8cee512f3"
"8bff8e3b-c674-4248-9408-c7cba79cbb72","f1d8e7f5-fead-4bfa-b156-c6594dae7841","OAES_007.mammalGrid.mam","D11","OAES","OAES_007","C8","distributed","shrubScrub",35.419420,-99.055808,"WGS84",45.1,522.6,0.1,"6 - trap set and empty","ShermanXLK","2022-08-25","2022-08-25",,,,,,,,,,,,,,,,,,,,,,,,,,,,,,,,,,,,,,,,,,,,"0000-0000-0068-7943","0000-0002-5328-740X",,,"87795377-43c1-4e30-a7c6-013f91a6672b"
"b5ec308a-4cfa-485f-a0b8-52561aaaa609","e68f96ac-f2ac-4363-8022-ca1ce92c49ad","OAES_002.mammalGrid.mam","D11","OAES","OAES_002","F6","distributed","grasslandHerbaceous",35.419111,-99.050850,"WGS84",45.1,516.9,0.1,"6 - trap set and empty","ShermanXLK","2022-08-25","2022-08-25",,,,,,,,,,,,,,,,,,,,,,,,,,,,,,,,,,,,,,,,,,,,"0000-0002-4194-7642","0000-0002-0594-4276",,,"657061c0-c52c-4c3a-a35b-494e9d5cac67"
"c0792d65-c1d1-4256-957d-63708109625c","e68f96ac-f2ac-4363-8022-ca1ce92c49ad","OAES_002.mammalGrid.mam","D11","OAES","OAES_002","I4","distributed","grasslandHerbaceous",35.419111,-99.050850,"WGS84",45.1,516.9,0.1,"6 - trap set and empty","ShermanXLK","2022-08-25","2022-08-25",,,,,,,,,,,,,,,,,,,,,,,,,,,,,,,,,,,,,,,,,,,,"0000-0002-4194-7642","0000-0002-0594-4276",,,"9fe825e4-da04-4da1-8c91-0051f71995b9"
"aad9127a-a408-4d1c-94cf-4717f84ad0c8","4cbc51ed-77e7-4004-a57f-fad71bb59a6c","OAES_001.mammalGrid.mam","D11","OAES","OAES_001","A5","distributed","grasslandHerbaceous",35.413861,-99.058786,"WGS84",45.1,517.8,0.1,"6 - trap set and empty","ShermanXLK","2022-08-25","2022-08-25",,,,,,,,,,,,,,,,,,,,,,,,,,,,,,,,,,,,,,,,,,,,"0000-0002-5328-740X","0000-0000-0068-7943",,,"dda43400-861a-4768-8600-5825fda529c3"
"516f85ff-4be4-4141-b890-8f8ca4a2c46d","22e5a4e7-f693-4bd3-88c5-cd7d2115a545","OAES_029.mammalGrid.mam","D11","OAES","OAES_029","B4","distributed","shrubScrub",35.416811,-99.050808,"WGS84",45.1,517.3,0.1,"2 - trap disturbed/door closed but empty","ShermanXLK","2022-08-25","2022-08-25",,,,,,,,,,,,,,,,,,,,,,,,,,,,,,,,,,,,,,,,,,,,"0000-0002-4194-7642","0000-0002-0594-4276",,,"712b7ebc-960f-46d8-b3e3-3480558f58ef"
"26f019fd-1745-44fc-8cbf-69f333bd99c0","e68f96ac-f2ac-4363-8022-ca1ce92c49ad","OAES_002.mammalGrid.mam","D11","OAES","OAES_002","E1","distributed","grasslandHerbaceous",35.419111,-99.050850,"WGS84",45.1,516.9,0.1,"6 - trap set and empty","ShermanXLK","2022-08-25","2022-08-25",,,,,,,,,,,,,,,,,,,,,,,,,,,,,,,,,,,,,,,,,,,,"0000-0002-4194-7642","0000-0002-0594-4276",,,"c987ddd5-7318-48c9-a9a3-5e366d893f6f"
"6f81c5d3-0ff0-42c7-982e-67ee372a8d91","f1d8e7f5-fead-4bfa-b156-c6594dae7841","OAES_007.mammalGrid.mam","D11","OAES","OAES_007","A2","distributed","shrubScrub",35.419420,-99.055808,"WGS84",45.1,522.6,0.1,"6 - trap set and empty","ShermanXLK","2022-08-25","2022-08-25",,,,,,,,,,,,,,,,,,,,,,,,,,,,,,,,,,,,,,,,,,,,"0000-0000-0068-7943","0000-0002-5328-740X",,,"6b66527c-2fa7-4586-9751-e3619b65364f"
"573c2c9a-e12b-4fc6-ab65-0a7cb76f3b74","22e5a4e7-f693-4bd3-88c5-cd7d2115a545","OAES_029.mammalGrid.mam","D11","OAES","OAES_029","D3","distributed","shrubScrub",35.416811,-99.050808,"WGS84",45.1,517.3,0.1,"6 - trap set and empty","ShermanXLK","2022-08-25","2022-08-25",,,,,,,,,,,,,,,,,,,,,,,,,,,,,,,,,,,,,,,,,,,,"0000-0002-4194-7642","0000-0002-0594-4276",,,"5a486ba0-6520-4470-9190-8952477e3943"
"55b40142-4e5d-42ac-a821-350fe1d5d183","e68f96ac-f2ac-4363-8022-ca1ce92c49ad","OAES_002.mammalGrid.mam","D11","OAES","OAES_002","H6","distributed","grasslandHerbaceous",35.419111,-99.050850,"WGS84",45.1,516.9,0.1,"5 - capture","ShermanXLK","2022-08-25","2022-08-25","NEON.MAM.D11.373686",,"CHHI","Chaetodipus hispidus","species",,"NEON.DOC.003137",,,"N","M","Y","processed",,"adult","scrotal",,,,23,,,,36,"U","U","U",,,,,,,"OAES.20220825.373686.F","D00000022159","fresh",,,,,,,,"0000-0002-4194-7642","0000-0002-0594-4276",,,"906737c2-d149-4675-9d86-038e38346afa"
"52288948-2c47-4419-b0cb-a029bba8fbc5","f1d8e7f5-fead-4bfa-b156-c6594dae7841","OAES_007.mammalGrid.mam","D11","OAES","OAES_007","B7","distributed","shrubScrub",35.419420,-99.055808,"WGS84",45.1,522.6,0.1,"6 - trap set and empty","ShermanXLK","2022-08-25","2022-08-25",,,,,,,,,,,,,,,,,,,,,,,,,,,,,,,,,,,,,,,,,,,,"0000-0000-0068-7943","0000-0002-5328-740X",,,"b22606e5-266b-43a8-849e-0248b5e43e82"
"680d2bae-0dce-4620-904c-013c569b8ed9","f1d8e7f5-fead-4bfa-b156-c6594dae7841","OAES_007.mammalGrid.mam","D11","OAES","OAES_007","G9","distributed","shrubScrub",35.419420,-99.055808,"WGS84",45.1,522.6,0.1,"6 - trap set and empty","ShermanXLK","2022-08-25","2022-08-25",,,,,,,,,,,,,,,,,,,,,,,,,,,,,,,,,,,,,,,,,,,,"0000-0000-0068-7943","0000-0002-5328-740X",,,"9385457c-e2bf-41c9-b984-956f68c51ef0"
"b52a83dc-5bda-49dc-a47d-e023f490adb6","4cbc51ed-77e7-4004-a57f-fad71bb59a6c","OAES_001.mammalGrid.mam","D11","OAES","OAES_001","I3","distributed","grasslandHerbaceous",35.413861,-99.058786,"WGS84",45.1,517.8,0.1,"6 - trap set and empty","ShermanXLK","2022-08-25","2022-08-25",,,,,,,,,,,,,,,,,,,,,,,,,,,,,,,,,,,,,,,,,,,,"0000-0002-5328-740X","0000-0000-0068-7943",,,"7c328ebd-df6c-4401-b778-f1c699bdec5a"
"75d60584-4102-447d-ba88-f973e2afa8e8","22e5a4e7-f693-4bd3-88c5-cd7d2115a545","OAES_029.mammalGrid.mam","D11","OAES","OAES_029","B10","distributed","shrubScrub",35.416811,-99.050808,"WGS84",45.1,517.3,0.1,"6 - trap set and empty","ShermanXLK","2022-08-25","2022-08-25",,,,,,,,,,,,,,,,,,,,,,,,,,,,,,,,,,,,,,,,,,,,"0000-0002-4194-7642","0000-0002-0594-4276",,,"3b8e4397-9173-4715-8413-344e913da0c6"
"ab025f67-d5c2-4a0d-bf89-d970e527648b","22e5a4e7-f693-4bd3-88c5-cd7d2115a545","OAES_029.mammalGrid.mam","D11","OAES","OAES_029","C3","distributed","shrubScrub",35.416811,-99.050808,"WGS84",45.1,517.3,0.1,"6 - trap set and empty","ShermanXLK","2022-08-25","2022-08-25",,,,,,,,,,,,,,,,,,,,,,,,,,,,,,,,,,,,,,,,,,,,"0000-0002-4194-7642","0000-0002-0594-4276",,,"cce68f34-dbe4-4437-8dc3-046f21a5fa39"
"aada35b3-d5fb-4a54-ad15-eb0fc95b6232","e68f96ac-f2ac-4363-8022-ca1ce92c49ad","OAES_002.mammalGrid.mam","D11","OAES","OAES_002","H2","distributed","grasslandHerbaceous",35.419111,-99.050850,"WGS84",45.1,516.9,0.1,"6 - trap set and empty","ShermanXLK","2022-08-25","2022-08-25",,,,,,,,,,,,,,,,,,,,,,,,,,,,,,,,,,,,,,,,,,,,"0000-0002-4194-7642","0000-0002-0594-4276",,,"322023ea-bdcd-4b3e-b0c4-282cf81d1fe1"
"dd975f23-f06b-4a9f-a642-d0e3b7d945aa","f1d8e7f5-fead-4bfa-b156-c6594dae7841","OAES_007.mammalGrid.mam","D11","OAES","OAES_007","G1","distributed","shrubScrub",35.419420,-99.055808,"WGS84",45.1,522.6,0.1,"6 - trap set and empty","ShermanXLK","2022-08-25","2022-08-25",,,,,,,,,,,,,,,,,,,,,,,,,,,,,,,,,,,,,,,,,,,,"0000-0000-0068-7943","0000-0002-5328-740X",,,"80d6c11c-c84c-440f-9e0b-edc45ba3b471"
"ee5da6e1-ae00-41a5-b072-e4b354a4f5f6","4cbc51ed-77e7-4004-a57f-fad71bb59a6c","OAES_001.mammalGrid.mam","D11","OAES","OAES_001","E8","distributed","grasslandHerbaceous",35.413861,-99.058786,"WGS84",45.1,517.8,0.1,"6 - trap set and empty","ShermanXLK","2022-08-25","2022-08-25",,,,,,,,,,,,,,,,,,,,,,,,,,,,,,,,,,,,,,,,,,,,"0000-0002-5328-740X","0000-0000-0068-7943",,,"b898fdaa-dd07-4753-928f-9891dc7c0116"
"d24a23f3-e0d7-4f27-b8d8-f9a011bd6444","22e5a4e7-f693-4bd3-88c5-cd7d2115a545","OAES_029.mammalGrid.mam","D11","OAES","OAES_029","F7","distributed","shrubScrub",35.416811,-99.050808,"WGS84",45.1,517.3,0.1,"6 - trap set and empty","ShermanXLK","2022-08-25","2022-08-25",,,,,,,,,,,,,,,,,,,,,,,,,,,,,,,,,,,,,,,,,,,,"0000-0002-4194-7642","0000-0002-0594-4276",,,"0c416764-2e24-43ff-92fe-684650bb6db6"
"f3726b77-69bc-48ca-a9b1-841c659ac5d4","22e5a4e7-f693-4bd3-88c5-cd7d2115a545","OAES_029.mammalGrid.mam","D11","OAES","OAES_029","A7","distributed","shrubScrub",35.416811,-99.050808,"WGS84",45.1,517.3,0.1,"6 - trap set and empty","ShermanXLK","2022-08-25","2022-08-25",,,,,,,,,,,,,,,,,,,,,,,,,,,,,,,,,,,,,,,,,,,,"0000-0002-4194-7642","0000-0002-0594-4276",,,"2824beb2-fdc1-475a-ba23-f488719c5f12"
"1de58dc3-415a-492b-a4b7-eebf310da125","4cbc51ed-77e7-4004-a57f-fad71bb59a6c","OAES_001.mammalGrid.mam","D11","OAES","OAES_001","B1","distributed","grasslandHerbaceous",35.413861,-99.058786,"WGS84",45.1,517.8,0.1,"6 - trap set and empty","ShermanXLK","2022-08-25","2022-08-25",,,,,,,,,,,,,,,,,,,,,,,,,,,,,,,,,,,,,,,,,,,,"0000-0002-5328-740X","0000-0000-0068-7943",,,"bee577e2-4e6e-48f1-87ce-d50a157c40de"
"2ea10531-aa8e-4773-8dd1-60e1bea451fe","e68f96ac-f2ac-4363-8022-ca1ce92c49ad","OAES_002.mammalGrid.mam","D11","OAES","OAES_002","J4","distributed","grasslandHerbaceous",35.419111,-99.050850,"WGS84",45.1,516.9,0.1,"6 - trap set and empty","ShermanXLK","2022-08-25","2022-08-25",,,,,,,,,,,,,,,,,,,,,,,,,,,,,,,,,,,,,,,,,,,,"0000-0002-4194-7642","0000-0002-0594-4276",,,"9bea08f6-cbc1-4e96-adac-1d71174055b5"
"3446a4d3-955c-4d6a-be68-40c4c3f1c75f","e68f96ac-f2ac-4363-8022-ca1ce92c49ad","OAES_002.mammalGrid.mam","D11","OAES","OAES_002","E3","distributed","grasslandHerbaceous",35.419111,-99.050850,"WGS84",45.1,516.9,0.1,"3 - trap door open or closed w/ spoor left","ShermanXLK","2022-08-25","2022-08-25",,,,,,,,,,,,,,,,,,,,,,,,,,,,,,,,,,,,,,,,,,,,"0000-0002-4194-7642","0000-0002-0594-4276",,,"3f561896-0d19-4e2f-b6e6-5d41eb352402"
"939fe69d-8611-4991-a63d-35a3ef7c8e33","22e5a4e7-f693-4bd3-88c5-cd7d2115a545","OAES_029.mammalGrid.mam","D11","OAES","OAES_029","G1","distributed","shrubScrub",35.416811,-99.050808,"WGS84",45.1,517.3,0.1,"5 - capture","ShermanXLK","2022-08-25","2022-08-25","NEON.MAM.D11.373719",,"PEFL","Perognathus flavus","species",,"NEON.DOC.003137",,,"N","M","N","processed",,"adult","nonscrotal",,,,15,,,,7,"N","N","N",,,,,,,,,,"OAES.20220825.373719.E","D00000022183",,,,,,"0000-0002-4194-7642","0000-0002-0594-4276",,,"9248e2ad-ace0-41a7-a34d-47be4d238fe8"
"eb0789a1-085d-4c78-bd0c-b81d63059ff0","4cbc51ed-77e7-4004-a57f-fad71bb59a6c","OAES_001.mammalGrid.mam","D11","OAES","OAES_001","J8","distributed","grasslandHerbaceous",35.413861,-99.058786,"WGS84",45.1,517.8,0.1,"5 - capture","ShermanXLK","2022-08-25","2022-08-25","NEON.MAM.D11.R3789",,"PEMA","Peromyscus maniculatus","species",,,,,"N","M","Y","processed",,"adult","scrotal",,,,19,12,55,,13,"N","N","N",,,,,,,,,,,,,,,,,"0000-0002-5328-740X","0000-0000-0068-7943",,,"1c6c8e86-1012-41fc-9348-aa4f4d3f32b1"
"ad43beba-13e2-4933-8380-608f04e3a1a9","f1d8e7f5-fead-4bfa-b156-c6594dae7841","OAES_007.mammalGrid.mam","D11","OAES","OAES_007","J8","distributed","shrubScrub",35.419420,-99.055808,"WGS84",45.1,522.6,0.1,"6 - trap set and empty","ShermanXLK","2022-08-25","2022-08-25",,,,,,,,,,,,,,,,,,,,,,,,,,,,,,,,,,,,,,,,,,,,"0000-0000-0068-7943","0000-0002-5328-740X",,,"5b3923f5-21ba-4a50-856c-989dc7b8777f"
"108e1780-0529-4f14-851c-e2e0e07a6daa","e68f96ac-f2ac-4363-8022-ca1ce92c49ad","OAES_002.mammalGrid.mam","D11","OAES","OAES_002","H3","distributed","grasslandHerbaceous",35.419111,-99.050850,"WGS84",45.1,516.9,0.1,"5 - capture","ShermanXLK","2022-08-25","2022-08-25","NEON.MAM.D11.R3642",,"SIHI","Sigmodon hispidus","species",,"NEON.DOC.003137",,,"N","F","Y","processed",,"adult",,"nonenlarged","not","not plugged",31,,,,107,"U","U","U",,,,,,,"OAES.20220825.R3642.F","D00000022164","fresh",,,,,,,,"0000-0002-4194-7642","0000-0002-0594-4276",,,"41ddc165-2e12-4ccc-acc8-8d4622b0b970"
"3f6af1f8-cdc1-42e1-9757-332a8e65bc75","22e5a4e7-f693-4bd3-88c5-cd7d2115a545","OAES_029.mammalGrid.mam","D11","OAES","OAES_029","C2","distributed","shrubScrub",35.416811,-99.050808,"WGS84",45.1,517.3,0.1,"6 - trap set and empty","ShermanXLK","2022-08-25","2022-08-25",,,,,,,,,,,,,,,,,,,,,,,,,,,,,,,,,,,,,,,,,,,,"0000-0002-4194-7642","0000-0002-0594-4276",,,"a4a62aef-15a2-4f7c-8a97-28fe8155d9c3"
"9d6c304e-7802-4af0-b1c5-e15f94d63969","4cbc51ed-77e7-4004-a57f-fad71bb59a6c","OAES_001.mammalGrid.mam","D11","OAES","OAES_001","H8","distributed","grasslandHerbaceous",35.413861,-99.058786,"WGS84",45.1,517.8,0.1,"6 - trap set and empty","ShermanXLK","2022-08-25","2022-08-25",,,,,,,,,,,,,,,,,,,,,,,,,,,,,,,,,,,,,,,,,,,,"0000-0002-5328-740X","0000-0000-0068-7943",,,"6e62df5c-f5d0-4855-b335-121ee4f8c421"
"ac4b1973-f0d4-4149-ab11-bc6d52551815","f1d8e7f5-fead-4bfa-b156-c6594dae7841","OAES_007.mammalGrid.mam","D11","OAES","OAES_007","C4","distributed","shrubScrub",35.419420,-99.055808,"WGS84",45.1,522.6,0.1,"6 - trap set and empty","ShermanXLK","2022-08-25","2022-08-25",,,,,,,,,,,,,,,,,,,,,,,,,,,,,,,,,,,,,,,,,,,,"0000-0000-0068-7943","0000-0002-5328-740X",,,"270b1c9e-bad8-4258-a058-3901408227a9"
"fa26d856-3afb-4790-9f0f-209f6adcf37a","4cbc51ed-77e7-4004-a57f-fad71bb59a6c","OAES_001.mammalGrid.mam","D11","OAES","OAES_001","G4","distributed","grasslandHerbaceous",35.413861,-99.058786,"WGS84",45.1,517.8,0.1,"6 - trap set and empty","ShermanXLK","2022-08-25","2022-08-25",,,,,,,,,,,,,,,,,,,,,,,,,,,,,,,,,,,,,,,,,,,,"0000-0002-5328-740X","0000-0000-0068-7943",,,"e07e66c0-9135-47e0-bc2b-d09a54515f35"
"28e7b518-c6c4-4ec4-b091-d48cb5778ef5","f1d8e7f5-fead-4bfa-b156-c6594dae7841","OAES_007.mammalGrid.mam","D11","OAES","OAES_007","D10","distributed","shrubScrub",35.419420,-99.055808,"WGS84",45.1,522.6,0.1,"6 - trap set and empty","ShermanXLK","2022-08-25","2022-08-25",,,,,,,,,,,,,,,,,,,,,,,,,,,,,,,,,,,,,,,,,,,,"0000-0000-0068-7943","0000-0002-5328-740X",,,"691d1168-e3d4-46e1-8dfc-ca8c92295883"
"8753aee3-09ea-48b4-ae8d-611449966d5d","22e5a4e7-f693-4bd3-88c5-cd7d2115a545","OAES_029.mammalGrid.mam","D11","OAES","OAES_029","H10","distributed","shrubScrub",35.416811,-99.050808,"WGS84",45.1,517.3,0.1,"6 - trap set and empty","ShermanXLK","2022-08-25","2022-08-25",,,,,,,,,,,,,,,,,,,,,,,,,,,,,,,,,,,,,,,,,,,,"0000-0002-4194-7642","0000-0002-0594-4276",,,"b29167f3-e1e3-437f-ac1b-fafb11aa5e01"
"8334feb4-28eb-4a5b-aa44-4a7eadccb78a","e68f96ac-f2ac-4363-8022-ca1ce92c49ad","OAES_002.mammalGrid.mam","D11","OAES","OAES_002","A7","distributed","grasslandHerbaceous",35.419111,-99.050850,"WGS84",45.1,516.9,0.1,"6 - trap set and empty","ShermanXLK","2022-08-25","2022-08-25",,,,,,,,,,,,,,,,,,,,,,,,,,,,,,,,,,,,,,,,,,,,"0000-0002-4194-7642","0000-0002-0594-4276",,,"b54bc8ee-9279-4bb9-9287-df91cbb0d949"
"97634854-71e7-420f-88cf-924053965c76","f1d8e7f5-fead-4bfa-b156-c6594dae7841","OAES_007.mammalGrid.mam","D11","OAES","OAES_007","I10","distributed","shrubScrub",35.419420,-99.055808,"WGS84",45.1,522.6,0.1,"5 - capture","ShermanXLK","2022-08-25","2022-08-25","NEON.MAM.D11.373592",,"PEFL","Perognathus flavus","species",,,,,"N","M","Y","processed",,"adult","nonscrotal",,,,15,,53,,7,"N","N","N",,,,,,,,,,,,,,,,,"0000-0000-0068-7943","0000-0002-5328-740X",,,"181a1d97-d1d2-4848-9d77-e340443d592a"
"f30865c0-c7bd-45c6-be82-19ddadfddc35","4cbc51ed-77e7-4004-a57f-fad71bb59a6c","OAES_001.mammalGrid.mam","D11","OAES","OAES_001","H4","distributed","grasslandHerbaceous",35.413861,-99.058786,"WGS84",45.1,517.8,0.1,"6 - trap set and empty","ShermanXLK","2022-08-25","2022-08-25",,,,,,,,,,,,,,,,,,,,,,,,,,,,,,,,,,,,,,,,,,,,"0000-0002-5328-740X","0000-0000-0068-7943",,,"77fa75a8-0b2e-4baa-b1c9-5c6f70907ae0"
"15a59504-df92-4221-8aba-5935bc06331e","e68f96ac-f2ac-4363-8022-ca1ce92c49ad","OAES_002.mammalGrid.mam","D11","OAES","OAES_002","I5","distributed","grasslandHerbaceous",35.419111,-99.050850,"WGS84",45.1,516.9,0.1,"6 - trap set and empty","ShermanXLK","2022-08-25","2022-08-25",,,,,,,,,,,,,,,,,,,,,,,,,,,,,,,,,,,,,,,,,,,,"0000-0002-4194-7642","0000-0002-0594-4276",,,"ceb8a28c-b421-4874-83b3-ac46a8d4966b"
"7205a6eb-4748-4ddf-b633-9221fbc47b3b","f1d8e7f5-fead-4bfa-b156-c6594dae7841","OAES_007.mammalGrid.mam","D11","OAES","OAES_007","I3","distributed","shrubScrub",35.419420,-99.055808,"WGS84",45.1,522.6,0.1,"3 - trap door open or closed w/ spoor left","ShermanXLK","2022-08-25","2022-08-25",,,,,,,,,,,,,,,,,,,,,,,,,,,,,,,,,,,,,,,,,,,,"0000-0000-0068-7943","0000-0002-5328-740X",,,"9e99fda4-2bce-4849-947d-4b0ece07dc42"
"4af9ac57-41fe-424b-bf7c-571c6c0ed9b8","e68f96ac-f2ac-4363-8022-ca1ce92c49ad","OAES_002.mammalGrid.mam","D11","OAES","OAES_002","B1","distributed","grasslandHerbaceous",35.419111,-99.050850,"WGS84",45.1,516.9,0.1,"6 - trap set and empty","ShermanXLK","2022-08-25","2022-08-25",,,,,,,,,,,,,,,,,,,,,,,,,,,,,,,,,,,,,,,,,,,,"0000-0002-4194-7642","0000-0002-0594-4276",,,"d01a4397-a946-4afc-ad30-161a17a8625f"
"6d75bdc3-515b-4a1f-a6e9-ad475df92a13","f1d8e7f5-fead-4bfa-b156-c6594dae7841","OAES_007.mammalGrid.mam","D11","OAES","OAES_007","G8","distributed","shrubScrub",35.419420,-99.055808,"WGS84",45.1,522.6,0.1,"6 - trap set and empty","ShermanXLK","2022-08-25","2022-08-25",,,,,,,,,,,,,,,,,,,,,,,,,,,,,,,,,,,,,,,,,,,,"0000-0000-0068-7943","0000-0002-5328-740X",,,"a4e936d7-0f5e-4ea9-bc3b-955651ce1f9b"
"8fc67129-2876-4b2d-b869-408ab76c1991","4cbc51ed-77e7-4004-a57f-fad71bb59a6c","OAES_001.mammalGrid.mam","D11","OAES","OAES_001","F2","distributed","grasslandHerbaceous",35.413861,-99.058786,"WGS84",45.1,517.8,0.1,"6 - trap set and empty","ShermanXLK","2022-08-25","2022-08-25",,,,,,,,,,,,,,,,,,,,,,,,,,,,,,,,,,,,,,,,,,,,"0000-0002-5328-740X","0000-0000-0068-7943",,,"8a9af266-3200-4627-8737-ac2fe4575206"
"cab7f62f-9cbe-4125-bdd1-a62157526a0a","22e5a4e7-f693-4bd3-88c5-cd7d2115a545","OAES_029.mammalGrid.mam","D11","OAES","OAES_029","G8","distributed","shrubScrub",35.416811,-99.050808,"WGS84",45.1,517.3,0.1,"6 - trap set and empty","ShermanXLK","2022-08-25","2022-08-25",,,,,,,,,,,,,,,,,,,,,,,,,,,,,,,,,,,,,,,,,,,,"0000-0002-4194-7642","0000-0002-0594-4276",,,"f4074e22-a567-4d8f-b301-65a65bc3d751"
"5470dc8b-e69b-4a1e-afda-58b37a195d78","f1d8e7f5-fead-4bfa-b156-c6594dae7841","OAES_007.mammalGrid.mam","D11","OAES","OAES_007","H7","distributed","shrubScrub",35.419420,-99.055808,"WGS84",45.1,522.6,0.1,"6 - trap set and empty","ShermanXLK","2022-08-25","2022-08-25",,,,,,,,,,,,,,,,,,,,,,,,,,,,,,,,,,,,,,,,,,,,"0000-0000-0068-7943","0000-0002-5328-740X",,,"b718f701-fbbb-4680-b155-b9862bbe908f"
"cac31ce2-66cb-44fe-bd06-de1d0d8aac58","22e5a4e7-f693-4bd3-88c5-cd7d2115a545","OAES_029.mammalGrid.mam","D11","OAES","OAES_029","D6","distributed","shrubScrub",35.416811,-99.050808,"WGS84",45.1,517.3,0.1,"6 - trap set and empty","ShermanXLK","2022-08-25","2022-08-25",,,,,,,,,,,,,,,,,,,,,,,,,,,,,,,,,,,,,,,,,,,,"0000-0002-4194-7642","0000-0002-0594-4276",,,"048c27b2-8ab6-4935-b868-35144eb7e60b"
"c97e96b2-8704-4235-bc89-eae85571f651","e68f96ac-f2ac-4363-8022-ca1ce92c49ad","OAES_002.mammalGrid.mam","D11","OAES","OAES_002","J7","distributed","grasslandHerbaceous",35.419111,-99.050850,"WGS84",45.1,516.9,0.1,"6 - trap set and empty","ShermanXLK","2022-08-25","2022-08-25",,,,,,,,,,,,,,,,,,,,,,,,,,,,,,,,,,,,,,,,,,,,"0000-0002-4194-7642","0000-0002-0594-4276",,,"f718e021-a9d0-473c-a1aa-beabc060b61f"
"4f2333e0-f272-4054-92d5-a70e53e95cac","e68f96ac-f2ac-4363-8022-ca1ce92c49ad","OAES_002.mammalGrid.mam","D11","OAES","OAES_002","C1","distributed","grasslandHerbaceous",35.419111,-99.050850,"WGS84",45.1,516.9,0.1,"5 - capture","ShermanXLK","2022-08-25","2022-08-25","NEON.MAM.D11.373561",,"PEFL","Perognathus flavus","species",,"NEON.DOC.003137",,,"N","F","Y","processed",,"adult",,"nonenlarged","unknown","not plugged",15,,,,7,"N","N","N",,,,,,,"OAES.20220825.373561.F","D00000022161","fresh",,,,,,,,"0000-0002-4194-7642","0000-0002-0594-4276",,,"eb55f0f9-0a27-4ba9-bd3c-9973dc1b1be8"
"b497eb84-213e-42d2-9283-5647b174deb1","f1d8e7f5-fead-4bfa-b156-c6594dae7841","OAES_007.mammalGrid.mam","D11","OAES","OAES_007","A10","distributed","shrubScrub",35.419420,-99.055808,"WGS84",45.1,522.6,0.1,"5 - capture","ShermanXLK","2022-08-25","2022-08-25","NEON.MAM.D11.R2958",,"PELE","Peromyscus leucopus","species",,,,,"N","F","Y","processed",,"adult",,"enlarged","pregnant","not plugged",19,12,92,,13,"N","N","N",,,,"OAES.20220825.R2958.B","D00000185479","mandibular","OAES.20220825.R2958.F","D00000185725","fresh","OAES.20220825.R2958.E","D00000185720","OAES.20220825.R2958.H","D00000186122","hairAndWhisker",,,"0000-0000-0068-7943","0000-0002-5328-740X",,,"59773f88-5193-47e4-8652-88aa4385910e"
"1ed4d6a2-ce10-4735-94bd-d21152648abf","4cbc51ed-77e7-4004-a57f-fad71bb59a6c","OAES_001.mammalGrid.mam","D11","OAES","OAES_001","F5","distributed","grasslandHerbaceous",35.413861,-99.058786,"WGS84",45.1,517.8,0.1,"6 - trap set and empty","ShermanXLK","2022-08-25","2022-08-25",,,,,,,,,,,,,,,,,,,,,,,,,,,,,,,,,,,,,,,,,,,,"0000-0002-5328-740X","0000-0000-0068-7943",,,"2956a817-3793-46b4-89d1-5645288444d3"
"bbc71282-e6fb-44b7-8ff1-c362e3e5b3d2","4cbc51ed-77e7-4004-a57f-fad71bb59a6c","OAES_001.mammalGrid.mam","D11","OAES","OAES_001","I4","distributed","grasslandHerbaceous",35.413861,-99.058786,"WGS84",45.1,517.8,0.1,"6 - trap set and empty","ShermanXLK","2022-08-25","2022-08-25",,,,,,,,,,,,,,,,,,,,,,,,,,,,,,,,,,,,,,,,,,,,"0000-0002-5328-740X","0000-0000-0068-7943",,,"10f003da-26ee-4696-acd2-a647b1d0ea83"
"b78ca7c6-89bf-4922-8fb9-648ce96813dd","4cbc51ed-77e7-4004-a57f-fad71bb59a6c","OAES_001.mammalGrid.mam","D11","OAES","OAES_001","I9","distributed","grasslandHerbaceous",35.413861,-99.058786,"WGS84",45.1,517.8,0.1,"6 - trap set and empty","ShermanXLK","2022-08-25","2022-08-25",,,,,,,,,,,,,,,,,,,,,,,,,,,,,,,,,,,,,,,,,,,,"0000-0002-5328-740X","0000-0000-0068-7943",,,"34817c0d-44f4-44b4-91f1-f65e1171e7ef"
"2be30e02-d9a9-4599-bb5b-865ca1efbded","4cbc51ed-77e7-4004-a57f-fad71bb59a6c","OAES_001.mammalGrid.mam","D11","OAES","OAES_001","G8","distributed","grasslandHerbaceous",35.413861,-99.058786,"WGS84",45.1,517.8,0.1,"6 - trap set and empty","ShermanXLK","2022-08-25","2022-08-25",,,,,,,,,,,,,,,,,,,,,,,,,,,,,,,,,,,,,,,,,,,,"0000-0002-5328-740X","0000-0000-0068-7943",,,"eaf422b9-9f74-4032-9234-bf7fc102c1b2"
"f70af1e4-011d-43b2-8096-5e4456756c65","4cbc51ed-77e7-4004-a57f-fad71bb59a6c","OAES_001.mammalGrid.mam","D11","OAES","OAES_001","E10","distributed","grasslandHerbaceous",35.413861,-99.058786,"WGS84",45.1,517.8,0.1,"6 - trap set and empty","ShermanXLK","2022-08-25","2022-08-25",,,,,,,,,,,,,,,,,,,,,,,,,,,,,,,,,,,,,,,,,,,,"0000-0002-5328-740X","0000-0000-0068-7943",,,"028d8813-4ea2-4b2c-879e-3fa5f9168b9c"
"00c8da3c-df7c-49bc-9540-3aaa44fbba33","22e5a4e7-f693-4bd3-88c5-cd7d2115a545","OAES_029.mammalGrid.mam","D11","OAES","OAES_029","J10","distributed","shrubScrub",35.416811,-99.050808,"WGS84",45.1,517.3,0.1,"6 - trap set and empty","ShermanXLK","2022-08-25","2022-08-25",,,,,,,,,,,,,,,,,,,,,,,,,,,,,,,,,,,,,,,,,,,,"0000-0002-4194-7642","0000-0002-0594-4276",,,"00b8306d-aa97-4f85-b15f-e276b7533ab4"
"9ba02925-91b7-4015-94db-d2582be9591d","22e5a4e7-f693-4bd3-88c5-cd7d2115a545","OAES_029.mammalGrid.mam","D11","OAES","OAES_029","A3","distributed","shrubScrub",35.416811,-99.050808,"WGS84",45.1,517.3,0.1,"6 - trap set and empty","ShermanXLK","2022-08-25","2022-08-25",,,,,,,,,,,,,,,,,,,,,,,,,,,,,,,,,,,,,,,,,,,,"0000-0002-4194-7642","0000-0002-0594-4276",,,"234d3610-d50f-43ec-959e-58400f811df0"
"17d3d962-e3ed-482e-883c-3394ec843793","f1d8e7f5-fead-4bfa-b156-c6594dae7841","OAES_007.mammalGrid.mam","D11","OAES","OAES_007","F5","distributed","shrubScrub",35.419420,-99.055808,"WGS84",45.1,522.6,0.1,"6 - trap set and empty","ShermanXLK","2022-08-25","2022-08-25",,,,,,,,,,,,,,,,,,,,,,,,,,,,,,,,,,,,,,,,,,,,"0000-0000-0068-7943","0000-0002-5328-740X",,,"23abdfe2-9191-448a-a4f2-71b87e636776"
"01b5b648-91a3-40bd-82af-1b32d6818b8e","22e5a4e7-f693-4bd3-88c5-cd7d2115a545","OAES_029.mammalGrid.mam","D11","OAES","OAES_029","C4","distributed","shrubScrub",35.416811,-99.050808,"WGS84",45.1,517.3,0.1,"6 - trap set and empty","ShermanXLK","2022-08-25","2022-08-25",,,,,,,,,,,,,,,,,,,,,,,,,,,,,,,,,,,,,,,,,,,,"0000-0002-4194-7642","0000-0002-0594-4276",,,"ae3de2c6-88b3-423a-890f-b627201908a1"
"bedb6b09-8bb2-49d1-8014-b43b2fc37b8f","4cbc51ed-77e7-4004-a57f-fad71bb59a6c","OAES_001.mammalGrid.mam","D11","OAES","OAES_001","D10","distributed","grasslandHerbaceous",35.413861,-99.058786,"WGS84",45.1,517.8,0.1,"6 - trap set and empty","ShermanXLK","2022-08-25","2022-08-25",,,,,,,,,,,,,,,,,,,,,,,,,,,,,,,,,,,,,,,,,,,,"0000-0002-5328-740X","0000-0000-0068-7943",,,"d7465e03-693d-4fc6-b9a2-b547d1a4d327"
"91eb886d-c65d-44f2-88a8-fbeaf4f21565","4cbc51ed-77e7-4004-a57f-fad71bb59a6c","OAES_001.mammalGrid.mam","D11","OAES","OAES_001","B3","distributed","grasslandHerbaceous",35.413861,-99.058786,"WGS84",45.1,517.8,0.1,"6 - trap set and empty","ShermanXLK","2022-08-25","2022-08-25",,,,,,,,,,,,,,,,,,,,,,,,,,,,,,,,,,,,,,,,,,,,"0000-0002-5328-740X","0000-0000-0068-7943",,,"6926f7b8-8e40-49d0-9974-1fd4d685f2ab"
"6e3c9c47-10ed-4b10-8284-c2be4a62bde2","4cbc51ed-77e7-4004-a57f-fad71bb59a6c","OAES_001.mammalGrid.mam","D11","OAES","OAES_001","H2","distributed","grasslandHerbaceous",35.413861,-99.058786,"WGS84",45.1,517.8,0.1,"6 - trap set and empty","ShermanXLK","2022-08-25","2022-08-25",,,,,,,,,,,,,,,,,,,,,,,,,,,,,,,,,,,,,,,,,,,,"0000-0002-5328-740X","0000-0000-0068-7943",,,"84a3ad5b-2ebd-4b99-ae65-946b047056a1"
"98104e61-7b46-47f9-beed-f315574d48df","22e5a4e7-f693-4bd3-88c5-cd7d2115a545","OAES_029.mammalGrid.mam","D11","OAES","OAES_029","I8","distributed","shrubScrub",35.416811,-99.050808,"WGS84",45.1,517.3,0.1,"6 - trap set and empty","ShermanXLK","2022-08-25","2022-08-25",,,,,,,,,,,,,,,,,,,,,,,,,,,,,,,,,,,,,,,,,,,,"0000-0002-4194-7642","0000-0002-0594-4276",,,"198403cd-cfb4-46be-90d1-73e3e5b71151"
"0415206c-a66b-4a9a-9ed8-3aa47a2168fc","22e5a4e7-f693-4bd3-88c5-cd7d2115a545","OAES_029.mammalGrid.mam","D11","OAES","OAES_029","E6","distributed","shrubScrub",35.416811,-99.050808,"WGS84",45.1,517.3,0.1,"6 - trap set and empty","ShermanXLK","2022-08-25","2022-08-25",,,,,,,,,,,,,,,,,,,,,,,,,,,,,,,,,,,,,,,,,,,,"0000-0002-4194-7642","0000-0002-0594-4276",,,"39ff3f49-4798-429a-ad15-4b130863de29"
"8f20ce52-b265-4e3e-9d05-c78e552e186b","4cbc51ed-77e7-4004-a57f-fad71bb59a6c","OAES_001.mammalGrid.mam","D11","OAES","OAES_001","I7","distributed","grasslandHerbaceous",35.413861,-99.058786,"WGS84",45.1,517.8,0.1,"6 - trap set and empty","ShermanXLK","2022-08-25","2022-08-25",,,,,,,,,,,,,,,,,,,,,,,,,,,,,,,,,,,,,,,,,,,,"0000-0002-5328-740X","0000-0000-0068-7943",,,"f25c8b44-a032-45da-afed-ffe1f5ddd395"
"e66aeb21-a73f-4ba1-881e-bacab27ab2ba","22e5a4e7-f693-4bd3-88c5-cd7d2115a545","OAES_029.mammalGrid.mam","D11","OAES","OAES_029","D9","distributed","shrubScrub",35.416811,-99.050808,"WGS84",45.1,517.3,0.1,"6 - trap set and empty","ShermanXLK","2022-08-25","2022-08-25",,,,,,,,,,,,,,,,,,,,,,,,,,,,,,,,,,,,,,,,,,,,"0000-0002-4194-7642","0000-0002-0594-4276",,,"f79ea6cc-5fcb-49ca-8555-cdb5f8d432f5"
"157d323a-9bec-4a78-aec9-58dc07adc3d7","4cbc51ed-77e7-4004-a57f-fad71bb59a6c","OAES_001.mammalGrid.mam","D11","OAES","OAES_001","A8","distributed","grasslandHerbaceous",35.413861,-99.058786,"WGS84",45.1,517.8,0.1,"6 - trap set and empty","ShermanXLK","2022-08-25","2022-08-25",,,,,,,,,,,,,,,,,,,,,,,,,,,,,,,,,,,,,,,,,,,,"0000-0002-5328-740X","0000-0000-0068-7943",,,"c8e3aaf4-7294-4794-bca6-22263c932c89"
"e4e5e61f-6233-42f0-9f70-000bc691389b","f1d8e7f5-fead-4bfa-b156-c6594dae7841","OAES_007.mammalGrid.mam","D11","OAES","OAES_007","A1","distributed","shrubScrub",35.419420,-99.055808,"WGS84",45.1,522.6,0.1,"5 - capture","ShermanXLK","2022-08-25","2022-08-25","NEON.MAM.D11.373535",,"CHHI","Chaetodipus hispidus","species",,,,,"N","F","N","processed",,"adult",,"nonenlarged","not","not plugged",23,,98,,32,"N","N","N",,,,,,,,,,"OAES.20220825.373535.E","D00000185749","OAES.20220825.373535.H","D00000186123","hairAndWhisker",,,"0000-0000-0068-7943","0000-0002-5328-740X",,,"3b8cd335-0eb9-4fb1-aab5-474772d85191"
"ec192564-5bba-4c0d-ad6a-6498eac7f36a","f1d8e7f5-fead-4bfa-b156-c6594dae7841","OAES_007.mammalGrid.mam","D11","OAES","OAES_007","C2","distributed","shrubScrub",35.419420,-99.055808,"WGS84",45.1,522.6,0.1,"5 - capture","ShermanXLK","2022-08-25","2022-08-25","NEON.MAM.D11.373595",,"CHHI","Chaetodipus hispidus","species",,,,,"N","M","Y","processed",,"adult","nonscrotal",,,,25,,88,,41,"N","N","N",,,,,,,"OAES.20220825.373595.F","D00000185722","fresh",,,,,,,,"0000-0000-0068-7943","0000-0002-5328-740X",,,"48b66447-a146-4b98-9537-da6775f6c04b"
"868f0ee7-bb97-4533-a69f-2ca674449291","22e5a4e7-f693-4bd3-88c5-cd7d2115a545","OAES_029.mammalGrid.mam","D11","OAES","OAES_029","G9","distributed","shrubScrub",35.416811,-99.050808,"WGS84",45.1,517.3,0.1,"6 - trap set and empty","ShermanXLK","2022-08-25","2022-08-25",,,,,,,,,,,,,,,,,,,,,,,,,,,,,,,,,,,,,,,,,,,,"0000-0002-4194-7642","0000-0002-0594-4276",,,"2fd23ea8-2027-445e-99d2-563a705deadc"
"e2825ed3-5168-49ed-9efd-43e223cb98c2","4cbc51ed-77e7-4004-a57f-fad71bb59a6c","OAES_001.mammalGrid.mam","D11","OAES","OAES_001","A3","distributed","grasslandHerbaceous",35.413861,-99.058786,"WGS84",45.1,517.8,0.1,"6 - trap set and empty","ShermanXLK","2022-08-25","2022-08-25",,,,,,,,,,,,,,,,,,,,,,,,,,,,,,,,,,,,,,,,,,,,"0000-0002-5328-740X","0000-0000-0068-7943",,,"7dfb3a0e-03cf-44da-a7c6-2838ee5aed58"
"bdef3098-8996-4f90-9382-6197aca080f5","e68f96ac-f2ac-4363-8022-ca1ce92c49ad","OAES_002.mammalGrid.mam","D11","OAES","OAES_002","C8","distributed","grasslandHerbaceous",35.419111,-99.050850,"WGS84",45.1,516.9,0.1,"6 - trap set and empty","ShermanXLK","2022-08-25","2022-08-25",,,,,,,,,,,,,,,,,,,,,,,,,,,,,,,,,,,,,,,,,,,,"0000-0002-4194-7642","0000-0002-0594-4276",,,"b71a08a0-96ee-4614-9175-cce08a3b15f9"
"a6b9ba9c-8d88-4668-93d5-0f1b076d1c9d","22e5a4e7-f693-4bd3-88c5-cd7d2115a545","OAES_029.mammalGrid.mam","D11","OAES","OAES_029","E9","distributed","shrubScrub",35.416811,-99.050808,"WGS84",45.1,517.3,0.1,"6 - trap set and empty","ShermanXLK","2022-08-25","2022-08-25",,,,,,,,,,,,,,,,,,,,,,,,,,,,,,,,,,,,,,,,,,,,"0000-0002-4194-7642","0000-0002-0594-4276",,,"934dff4b-8206-47b4-be26-7e00077350d6"
"bfe5615b-93bc-4398-99cd-157cafd9e107","4cbc51ed-77e7-4004-a57f-fad71bb59a6c","OAES_001.mammalGrid.mam","D11","OAES","OAES_001","A9","distributed","grasslandHerbaceous",35.413861,-99.058786,"WGS84",45.1,517.8,0.1,"6 - trap set and empty","ShermanXLK","2022-08-25","2022-08-25",,,,,,,,,,,,,,,,,,,,,,,,,,,,,,,,,,,,,,,,,,,,"0000-0002-5328-740X","0000-0000-0068-7943",,,"337cf2cb-3088-4cbf-9af7-34d3c5fb21b9"
"1a73c866-55db-4fd4-977c-330a96ab2b47","f1d8e7f5-fead-4bfa-b156-c6594dae7841","OAES_007.mammalGrid.mam","D11","OAES","OAES_007","E9","distributed","shrubScrub",35.419420,-99.055808,"WGS84",45.1,522.6,0.1,"6 - trap set and empty","ShermanXLK","2022-08-25","2022-08-25",,,,,,,,,,,,,,,,,,,,,,,,,,,,,,,,,,,,,,,,,,,,"0000-0000-0068-7943","0000-0002-5328-740X",,,"bdd92d3b-0096-4cc5-ad2b-c36decf1adbb"
"256e7c01-bb7e-448b-86e1-bdd386b8b152","f1d8e7f5-fead-4bfa-b156-c6594dae7841","OAES_007.mammalGrid.mam","D11","OAES","OAES_007","G6","distributed","shrubScrub",35.419420,-99.055808,"WGS84",45.1,522.6,0.1,"6 - trap set and empty","ShermanXLK","2022-08-25","2022-08-25",,,,,,,,,,,,,,,,,,,,,,,,,,,,,,,,,,,,,,,,,,,,"0000-0000-0068-7943","0000-0002-5328-740X",,,"b1f205c8-9823-45cc-8cc0-8b8d4312643b"
"b5d1199b-c6dc-44b5-8b3a-228c64b77674","e68f96ac-f2ac-4363-8022-ca1ce92c49ad","OAES_002.mammalGrid.mam","D11","OAES","OAES_002","G6","distributed","grasslandHerbaceous",35.419111,-99.050850,"WGS84",45.1,516.9,0.1,"5 - capture","ShermanXLK","2022-08-25","2022-08-25","NEON.MAM.D11.L3698",,"PEMA","Peromyscus maniculatus","species",,"NEON.DOC.003137",,"taxonID confirmed","N","M","Y","processed",,"adult","nonscrotal",,,,17,15,55,,15,"N","N","N",,,,,,,"OAES.20220825.L3698.F","D00000022169","fresh",,,,,,,,"0000-0002-4194-7642","0000-0002-0594-4276",,,"f38c448d-c520-4d2e-b67b-0137a443b9d3"
"2dc26c3d-7b07-418c-bc89-a722f5b9db2e","e68f96ac-f2ac-4363-8022-ca1ce92c49ad","OAES_002.mammalGrid.mam","D11","OAES","OAES_002","J1","distributed","grasslandHerbaceous",35.419111,-99.050850,"WGS84",45.1,516.9,0.1,"6 - trap set and empty","ShermanXLK","2022-08-25","2022-08-25",,,,,,,,,,,,,,,,,,,,,,,,,,,,,,,,,,,,,,,,,,,,"0000-0002-4194-7642","0000-0002-0594-4276",,,"dbac1a01-d811-40fa-a7e1-f26f21f68a5f"
"e51d9c7c-73bf-4335-a4f1-a42e7d7d4582","4cbc51ed-77e7-4004-a57f-fad71bb59a6c","OAES_001.mammalGrid.mam","D11","OAES","OAES_001","H3","distributed","grasslandHerbaceous",35.413861,-99.058786,"WGS84",45.1,517.8,0.1,"6 - trap set and empty","ShermanXLK","2022-08-25","2022-08-25",,,,,,,,,,,,,,,,,,,,,,,,,,,,,,,,,,,,,,,,,,,,"0000-0002-5328-740X","0000-0000-0068-7943",,,"be198aeb-2919-4c05-bc4a-d63e384a251a"
"153cd527-9935-45b0-b123-1f2938bfe64d","4cbc51ed-77e7-4004-a57f-fad71bb59a6c","OAES_001.mammalGrid.mam","D11","OAES","OAES_001","C7","distributed","grasslandHerbaceous",35.413861,-99.058786,"WGS84",45.1,517.8,0.1,"5 - capture","ShermanXLK","2022-08-25","2022-08-25","NEON.MAM.D11.373605",,"CHHI","Chaetodipus hispidus","species",,,,,"N","F","Y","processed",,"adult",,"nonenlarged","not","not plugged",22,,90,,28,"N","N","N",,,,,,,"OAES.20220825.373605.F","D00000185719","fresh",,,,,,,,"0000-0002-5328-740X","0000-0000-0068-7943",,,"f17dc033-5bae-454e-9be0-5b4ec556d648"
"4b82d1ad-6fdc-465d-8ddf-b62c1f25ce01","4cbc51ed-77e7-4004-a57f-fad71bb59a6c","OAES_001.mammalGrid.mam","D11","OAES","OAES_001","E1","distributed","grasslandHerbaceous",35.413861,-99.058786,"WGS84",45.1,517.8,0.1,"6 - trap set and empty","ShermanXLK","2022-08-25","2022-08-25",,,,,,,,,,,,,,,,,,,,,,,,,,,,,,,,,,,,,,,,,,,,"0000-0002-5328-740X","0000-0000-0068-7943",,,"82c0cb3b-d20f-4a06-8665-5eb470f1a05d"
"1a6219dd-a89e-4284-99b2-8f343958557c","22e5a4e7-f693-4bd3-88c5-cd7d2115a545","OAES_029.mammalGrid.mam","D11","OAES","OAES_029","H5","distributed","shrubScrub",35.416811,-99.050808,"WGS84",45.1,517.3,0.1,"6 - trap set and empty","ShermanXLK","2022-08-25","2022-08-25",,,,,,,,,,,,,,,,,,,,,,,,,,,,,,,,,,,,,,,,,,,,"0000-0002-4194-7642","0000-0002-0594-4276",,,"b3edfbc4-d2a4-45fe-b93c-3616a85de9cb"
"88051415-c248-491e-9798-979f4fa5b529","e68f96ac-f2ac-4363-8022-ca1ce92c49ad","OAES_002.mammalGrid.mam","D11","OAES","OAES_002","J6","distributed","grasslandHerbaceous",35.419111,-99.050850,"WGS84",45.1,516.9,0.1,"5 - capture","ShermanXLK","2022-08-25","2022-08-25","NEON.MAM.D11.373707",,"CHHI","Chaetodipus hispidus","species",,"NEON.DOC.003137",,,"N","F","Y","processed",,"adult",,"nonenlarged","not","not plugged",,,,,34,"N","N","N",,,,,,,"OAES.20220825.373707.F","D00000022176","fresh",,,,,,,,"0000-0002-4194-7642","0000-0002-0594-4276",,,"9225508b-12e0-464e-91c1-af79da74b3bd"
"8b9fb517-f9ae-4bd8-910e-3f9a416b4f17","e68f96ac-f2ac-4363-8022-ca1ce92c49ad","OAES_002.mammalGrid.mam","D11","OAES","OAES_002","E10","distributed","grasslandHerbaceous",35.419111,-99.050850,"WGS84",45.1,516.9,0.1,"5 - capture","ShermanXLK","2022-08-25","2022-08-25","NEON.MAM.D11.297190",,"PEFL","Perognathus flavus","species",,,,,"N","M","Y","processed",,"adult","scrotal",,,,16,,,,7,"N","N","N",,,,,,,"OAES.20220825.297190.F","D00000022145","fresh",,,,,,,,"0000-0002-4194-7642","0000-0002-0594-4276",,,"a7561291-16e0-4dc9-be93-90740f1281b4"
"01e5b50a-55b7-40f2-83dd-aae5f2a81cbf","22e5a4e7-f693-4bd3-88c5-cd7d2115a545","OAES_029.mammalGrid.mam","D11","OAES","OAES_029","J5","distributed","shrubScrub",35.416811,-99.050808,"WGS84",45.1,517.3,0.1,"6 - trap set and empty","ShermanXLK","2022-08-25","2022-08-25",,,,,,,,,,,,,,,,,,,,,,,,,,,,,,,,,,,,,,,,,,,,"0000-0002-4194-7642","0000-0002-0594-4276",,,"994423bc-5bad-4913-8447-b22683db0dfc"
"29a84e26-0b15-4424-a93d-56a761f0d62a","22e5a4e7-f693-4bd3-88c5-cd7d2115a545","OAES_029.mammalGrid.mam","D11","OAES","OAES_029","J9","distributed","shrubScrub",35.416811,-99.050808,"WGS84",45.1,517.3,0.1,"6 - trap set and empty","ShermanXLK","2022-08-25","2022-08-25",,,,,,,,,,,,,,,,,,,,,,,,,,,,,,,,,,,,,,,,,,,,"0000-0002-4194-7642","0000-0002-0594-4276",,,"bbcbc863-e419-47d3-b9e7-376f71b5143a"
"30023565-c2f3-4e23-b8a7-a1a6de2bbfae","22e5a4e7-f693-4bd3-88c5-cd7d2115a545","OAES_029.mammalGrid.mam","D11","OAES","OAES_029","F5","distributed","shrubScrub",35.416811,-99.050808,"WGS84",45.1,517.3,0.1,"6 - trap set and empty","ShermanXLK","2022-08-25","2022-08-25",,,,,,,,,,,,,,,,,,,,,,,,,,,,,,,,,,,,,,,,,,,,"0000-0002-4194-7642","0000-0002-0594-4276",,,"588fa12e-9862-4807-ada8-e01d7ab522e9"
"fd0603db-d4fd-44ad-b527-ddb169fe3ecf","f1d8e7f5-fead-4bfa-b156-c6594dae7841","OAES_007.mammalGrid.mam","D11","OAES","OAES_007","D3","distributed","shrubScrub",35.419420,-99.055808,"WGS84",45.1,522.6,0.1,"5 - capture","ShermanXLK","2022-08-25","2022-08-25","NEON.MAM.D11.R3654",,"SIHI","Sigmodon hispidus","species",,,,,"N","M","N","processed",,"subadult","nonscrotal",,,,30,,93,,88,"N","N","N",,,,,,"unsuccessful","OAES.20220825.R3654.F","D00000185716","fresh","OAES.20220825.R3654.E","D00000185711","OAES.20220825.R3654.H","D00000186144","hairAndWhisker",,,"0000-0000-0068-7943","0000-0002-5328-740X",,,"a6bb4fee-5da8-4fb9-8350-761acdf97795"
"eabb6cb6-abde-45d9-be3d-05c3613adf81","f1d8e7f5-fead-4bfa-b156-c6594dae7841","OAES_007.mammalGrid.mam","D11","OAES","OAES_007","C7","distributed","shrubScrub",35.419420,-99.055808,"WGS84",45.1,522.6,0.1,"6 - trap set and empty","ShermanXLK","2022-08-25","2022-08-25",,,,,,,,,,,,,,,,,,,,,,,,,,,,,,,,,,,,,,,,,,,,"0000-0000-0068-7943","0000-0002-5328-740X",,,"c48d298e-a400-4daf-8320-e1b081f5968d"
"5e702ba9-8276-4817-b6c2-bdf651d875a3","4cbc51ed-77e7-4004-a57f-fad71bb59a6c","OAES_001.mammalGrid.mam","D11","OAES","OAES_001","B7","distributed","grasslandHerbaceous",35.413861,-99.058786,"WGS84",45.1,517.8,0.1,"6 - trap set and empty","ShermanXLK","2022-08-25","2022-08-25",,,,,,,,,,,,,,,,,,,,,,,,,,,,,,,,,,,,,,,,,,,,"0000-0002-5328-740X","0000-0000-0068-7943",,,"0c8fb59b-e47c-47da-b154-e99816887436"
"0123438a-81da-49ee-8a06-a903f008ccc3","4cbc51ed-77e7-4004-a57f-fad71bb59a6c","OAES_001.mammalGrid.mam","D11","OAES","OAES_001","I8","distributed","grasslandHerbaceous",35.413861,-99.058786,"WGS84",45.1,517.8,0.1,"6 - trap set and empty","ShermanXLK","2022-08-25","2022-08-25",,,,,,,,,,,,,,,,,,,,,,,,,,,,,,,,,,,,,,,,,,,,"0000-0002-5328-740X","0000-0000-0068-7943",,,"9a42498d-b6d4-4a43-a555-13c152a99c2a"
"d1bdb1d5-aec6-4b9a-9e9d-6539946c79b9","4cbc51ed-77e7-4004-a57f-fad71bb59a6c","OAES_001.mammalGrid.mam","D11","OAES","OAES_001","F10","distributed","grasslandHerbaceous",35.413861,-99.058786,"WGS84",45.1,517.8,0.1,"6 - trap set and empty","ShermanXLK","2022-08-25","2022-08-25",,,,,,,,,,,,,,,,,,,,,,,,,,,,,,,,,,,,,,,,,,,,"0000-0002-5328-740X","0000-0000-0068-7943",,,"287b7689-fdaa-4631-b3fe-d12410f0f656"
"22560fd0-08da-4cb0-9bfc-323b1d213a13","e68f96ac-f2ac-4363-8022-ca1ce92c49ad","OAES_002.mammalGrid.mam","D11","OAES","OAES_002","I8","distributed","grasslandHerbaceous",35.419111,-99.050850,"WGS84",45.1,516.9,0.1,"6 - trap set and empty","ShermanXLK","2022-08-25","2022-08-25",,,,,,,,,,,,,,,,,,,,,,,,,,,,,,,,,,,,,,,,,,,,"0000-0002-4194-7642","0000-0002-0594-4276",,,"9d7dcafc-a1c6-4d77-8ba7-de24fbb990dd"
"783f06c5-10a0-4d4f-b403-b122bd96b4f2","4cbc51ed-77e7-4004-a57f-fad71bb59a6c","OAES_001.mammalGrid.mam","D11","OAES","OAES_001","G9","distributed","grasslandHerbaceous",35.413861,-99.058786,"WGS84",45.1,517.8,0.1,"6 - trap set and empty","ShermanXLK","2022-08-25","2022-08-25",,,,,,,,,,,,,,,,,,,,,,,,,,,,,,,,,,,,,,,,,,,,"0000-0002-5328-740X","0000-0000-0068-7943",,,"51287499-2e86-420b-abc8-d52c076e82e1"
"2ca0e49c-cadc-4eaf-ad05-eec6f5181f84","22e5a4e7-f693-4bd3-88c5-cd7d2115a545","OAES_029.mammalGrid.mam","D11","OAES","OAES_029","J3","distributed","shrubScrub",35.416811,-99.050808,"WGS84",45.1,517.3,0.1,"6 - trap set and empty","ShermanXLK","2022-08-25","2022-08-25",,,,,,,,,,,,,,,,,,,,,,,,,,,,,,,,,,,,,,,,,,,,"0000-0002-4194-7642","0000-0002-0594-4276",,,"9b2b7f9c-3a58-4615-9740-fb12f8efd7ea"
"1c5696a6-be8b-4162-a248-be0e2acd9d60","4cbc51ed-77e7-4004-a57f-fad71bb59a6c","OAES_001.mammalGrid.mam","D11","OAES","OAES_001","D8","distributed","grasslandHerbaceous",35.413861,-99.058786,"WGS84",45.1,517.8,0.1,"6 - trap set and empty","ShermanXLK","2022-08-25","2022-08-25",,,,,,,,,,,,,,,,,,,,,,,,,,,,,,,,,,,,,,,,,,,,"0000-0002-5328-740X","0000-0000-0068-7943",,,"6524d7c9-e03e-4186-be64-38ff19eab84c"
"34975409-47ae-4b6d-b6a1-21f3b149f512","22e5a4e7-f693-4bd3-88c5-cd7d2115a545","OAES_029.mammalGrid.mam","D11","OAES","OAES_029","A9","distributed","shrubScrub",35.416811,-99.050808,"WGS84",45.1,517.3,0.1,"6 - trap set and empty","ShermanXLK","2022-08-25","2022-08-25",,,,,,,,,,,,,,,,,,,,,,,,,,,,,,,,,,,,,,,,,,,,"0000-0002-4194-7642","0000-0002-0594-4276",,,"5893c86e-c15f-4cbd-937c-b31ca55527c7"
"0ca755ce-21a6-48f9-adc6-55a89fa48f7a","f1d8e7f5-fead-4bfa-b156-c6594dae7841","OAES_007.mammalGrid.mam","D11","OAES","OAES_007","J10","distributed","shrubScrub",35.419420,-99.055808,"WGS84",45.1,522.6,0.1,"6 - trap set and empty","ShermanXLK","2022-08-25","2022-08-25",,,,,,,,,,,,,,,,,,,,,,,,,,,,,,,,,,,,,,,,,,,,"0000-0000-0068-7943","0000-0002-5328-740X",,,"47cb3f37-a381-44a5-a1f5-6aeb26ac90af"
"1237d07b-1187-425a-956b-a7f9a0362361","e68f96ac-f2ac-4363-8022-ca1ce92c49ad","OAES_002.mammalGrid.mam","D11","OAES","OAES_002","E9","distributed","grasslandHerbaceous",35.419111,-99.050850,"WGS84",45.1,516.9,0.1,"6 - trap set and empty","ShermanXLK","2022-08-25","2022-08-25",,,,,,,,,,,,,,,,,,,,,,,,,,,,,,,,,,,,,,,,,,,,"0000-0002-4194-7642","0000-0002-0594-4276",,,"1e8928e5-f164-4810-a3a8-e25fd7ce0b34"
"b0a64af0-a69d-435b-83dc-c11da650b6cf","4cbc51ed-77e7-4004-a57f-fad71bb59a6c","OAES_001.mammalGrid.mam","D11","OAES","OAES_001","C10","distributed","grasslandHerbaceous",35.413861,-99.058786,"WGS84",45.1,517.8,0.1,"6 - trap set and empty","ShermanXLK","2022-08-25","2022-08-25",,,,,,,,,,,,,,,,,,,,,,,,,,,,,,,,,,,,,,,,,,,,"0000-0002-5328-740X","0000-0000-0068-7943",,,"a4ccb96a-27f8-4720-b7eb-0561d65ab3e2"
"57b7cabb-ed79-4e2e-a5a3-c32ccb047b71","f1d8e7f5-fead-4bfa-b156-c6594dae7841","OAES_007.mammalGrid.mam","D11","OAES","OAES_007","G2","distributed","shrubScrub",35.419420,-99.055808,"WGS84",45.1,522.6,0.1,"3 - trap door open or closed w/ spoor left","ShermanXLK","2022-08-25","2022-08-25",,,,,,,,,,,,,,,,,,,,,,,,,,,,,,,,,,,,,,,,,,,,"0000-0000-0068-7943","0000-0002-5328-740X",,,"f240f029-2500-49b9-b60a-87054a79851d"
"03ead737-4b55-470d-be2c-ac4dc219cd08","e68f96ac-f2ac-4363-8022-ca1ce92c49ad","OAES_002.mammalGrid.mam","D11","OAES","OAES_002","J10","distributed","grasslandHerbaceous",35.419111,-99.050850,"WGS84",45.1,516.9,0.1,"6 - trap set and empty","ShermanXLK","2022-08-25","2022-08-25",,,,,,,,,,,,,,,,,,,,,,,,,,,,,,,,,,,,,,,,,,,,"0000-0002-4194-7642","0000-0002-0594-4276",,,"814f13cd-5d3c-46f9-9903-a7d4d97d83e0"
"f7161707-e7cd-4535-b751-a353d29bbaf0","e68f96ac-f2ac-4363-8022-ca1ce92c49ad","OAES_002.mammalGrid.mam","D11","OAES","OAES_002","A3","distributed","grasslandHerbaceous",35.419111,-99.050850,"WGS84",45.1,516.9,0.1,"6 - trap set and empty","ShermanXLK","2022-08-25","2022-08-25",,,,,,,,,,,,,,,,,,,,,,,,,,,,,,,,,,,,,,,,,,,,"0000-0002-4194-7642","0000-0002-0594-4276",,,"80b77a54-4f3a-4010-87a8-a160cb2a4f73"
"def12516-2052-466b-bb61-65c66c01341b","4cbc51ed-77e7-4004-a57f-fad71bb59a6c","OAES_001.mammalGrid.mam","D11","OAES","OAES_001","B2","distributed","grasslandHerbaceous",35.413861,-99.058786,"WGS84",45.1,517.8,0.1,"6 - trap set and empty","ShermanXLK","2022-08-25","2022-08-25",,,,,,,,,,,,,,,,,,,,,,,,,,,,,,,,,,,,,,,,,,,,"0000-0002-5328-740X","0000-0000-0068-7943",,,"48105c32-0e08-41a5-9b48-af283fba61d6"
"4d35c8e8-3166-4221-9a61-5b80159a7985","22e5a4e7-f693-4bd3-88c5-cd7d2115a545","OAES_029.mammalGrid.mam","D11","OAES","OAES_029","J6","distributed","shrubScrub",35.416811,-99.050808,"WGS84",45.1,517.3,0.1,"6 - trap set and empty","ShermanXLK","2022-08-25","2022-08-25",,,,,,,,,,,,,,,,,,,,,,,,,,,,,,,,,,,,,,,,,,,,"0000-0002-4194-7642","0000-0002-0594-4276",,,"7ed56c13-cb82-4c94-833c-e7c3950a75fa"
"43d7d0fd-a0ab-44e2-af10-233fe3d7841f","22e5a4e7-f693-4bd3-88c5-cd7d2115a545","OAES_029.mammalGrid.mam","D11","OAES","OAES_029","F2","distributed","shrubScrub",35.416811,-99.050808,"WGS84",45.1,517.3,0.1,"6 - trap set and empty","ShermanXLK","2022-08-25","2022-08-25",,,,,,,,,,,,,,,,,,,,,,,,,,,,,,,,,,,,,,,,,,,,"0000-0002-4194-7642","0000-0002-0594-4276",,,"d92a0427-6263-43cb-a095-d2f41d50c511"
"264c5e3f-cace-4262-a039-607e14a2b565","f1d8e7f5-fead-4bfa-b156-c6594dae7841","OAES_007.mammalGrid.mam","D11","OAES","OAES_007","H5","distributed","shrubScrub",35.419420,-99.055808,"WGS84",45.1,522.6,0.1,"6 - trap set and empty","ShermanXLK","2022-08-25","2022-08-25",,,,,,,,,,,,,,,,,,,,,,,,,,,,,,,,,,,,,,,,,,,,"0000-0000-0068-7943","0000-0002-5328-740X",,,"ae3b6470-529e-42dc-92f5-256b2618f3da"
"117639fe-fda5-475d-ae20-148e611a767e","f1d8e7f5-fead-4bfa-b156-c6594dae7841","OAES_007.mammalGrid.mam","D11","OAES","OAES_007","J9","distributed","shrubScrub",35.419420,-99.055808,"WGS84",45.1,522.6,0.1,"6 - trap set and empty","ShermanXLK","2022-08-25","2022-08-25",,,,,,,,,,,,,,,,,,,,,,,,,,,,,,,,,,,,,,,,,,,,"0000-0000-0068-7943","0000-0002-5328-740X",,,"7d752a00-fa3e-409a-81b3-ac7716c454a3"
"a60582f6-a9ad-47b3-be0a-2f59ec843e57","e68f96ac-f2ac-4363-8022-ca1ce92c49ad","OAES_002.mammalGrid.mam","D11","OAES","OAES_002","F4","distributed","grasslandHerbaceous",35.419111,-99.050850,"WGS84",45.1,516.9,0.1,"6 - trap set and empty","ShermanXLK","2022-08-25","2022-08-25",,,,,,,,,,,,,,,,,,,,,,,,,,,,,,,,,,,,,,,,,,,,"0000-0002-4194-7642","0000-0002-0594-4276",,,"ac8ce6dd-3c0b-4f22-bf96-4a47f4b5ea9b"
"4806660a-ee79-4c6f-ba1d-94793c18329d","22e5a4e7-f693-4bd3-88c5-cd7d2115a545","OAES_029.mammalGrid.mam","D11","OAES","OAES_029","E7","distributed","shrubScrub",35.416811,-99.050808,"WGS84",45.1,517.3,0.1,"6 - trap set and empty","ShermanXLK","2022-08-25","2022-08-25",,,,,,,,,,,,,,,,,,,,,,,,,,,,,,,,,,,,,,,,,,,,"0000-0002-4194-7642","0000-0002-0594-4276",,,"5d222494-6ce8-4f93-a404-53a39d70993f"
"e6e17b3b-3ad2-4886-a702-7ed05ce3f3d4","4cbc51ed-77e7-4004-a57f-fad71bb59a6c","OAES_001.mammalGrid.mam","D11","OAES","OAES_001","I5","distributed","grasslandHerbaceous",35.413861,-99.058786,"WGS84",45.1,517.8,0.1,"5 - capture","ShermanXLK","2022-08-25","2022-08-25","NEON.MAM.D11.R3625",,"PEMA","Peromyscus maniculatus","species",,,,"taxonID confirmed","N","F","Y","processed",,"adult",,"nonenlarged","not","not plugged",19,,62,,14,"N","N","N",,,,,,,"OAES.20220825.R3625.F","D00000185746","fresh",,,,,,,,"0000-0002-5328-740X","0000-0000-0068-7943",,,"fd5d0389-fc69-4afc-a390-60791923b231"
"db26966e-68c2-44bc-877e-36bec62b07e2","22e5a4e7-f693-4bd3-88c5-cd7d2115a545","OAES_029.mammalGrid.mam","D11","OAES","OAES_029","D5","distributed","shrubScrub",35.416811,-99.050808,"WGS84",45.1,517.3,0.1,"6 - trap set and empty","ShermanXLK","2022-08-25","2022-08-25",,,,,,,,,,,,,,,,,,,,,,,,,,,,,,,,,,,,,,,,,,,,"0000-0002-4194-7642","0000-0002-0594-4276",,,"12789803-30df-49de-97cf-1b3c5f73e060"
"9b37d124-498c-4571-9413-e749cd68497f","f1d8e7f5-fead-4bfa-b156-c6594dae7841","OAES_007.mammalGrid.mam","D11","OAES","OAES_007","I1","distributed","shrubScrub",35.419420,-99.055808,"WGS84",45.1,522.6,0.1,"6 - trap set and empty","ShermanXLK","2022-08-25","2022-08-25",,,,,,,,,,,,,,,,,,,,,,,,,,,,,,,,,,,,,,,,,,,,"0000-0000-0068-7943","0000-0002-5328-740X",,,"f21e947c-709e-4243-b61e-1f4600e9730e"
"7e0127e8-aca0-4eea-8e66-eaacb7c92387","22e5a4e7-f693-4bd3-88c5-cd7d2115a545","OAES_029.mammalGrid.mam","D11","OAES","OAES_029","H7","distributed","shrubScrub",35.416811,-99.050808,"WGS84",45.1,517.3,0.1,"6 - trap set and empty","ShermanXLK","2022-08-25","2022-08-25",,,,,,,,,,,,,,,,,,,,,,,,,,,,,,,,,,,,,,,,,,,,"0000-0002-4194-7642","0000-0002-0594-4276",,,"c3fc0333-b9b2-4ce7-bf99-5ea47f9fd123"
"417058d8-ad79-44c9-a5ba-5cda3bc17619","4cbc51ed-77e7-4004-a57f-fad71bb59a6c","OAES_001.mammalGrid.mam","D11","OAES","OAES_001","A6","distributed","grasslandHerbaceous",35.413861,-99.058786,"WGS84",45.1,517.8,0.1,"5 - capture","ShermanXLK","2022-08-25","2022-08-25","NEON.MAM.D11.373629",,"CHHI","Chaetodipus hispidus","species",,,,,"N","F","N","processed",,"adult",,"nonenlarged","not","not plugged",25,,103,,42,"N","N","N",,,,,,,,,,"OAES.20220825.373629.E","D00000185733","OAES.20220825.373629.H","D00000186127","hairAndWhisker",,,"0000-0002-5328-740X","0000-0000-0068-7943",,,"3145f4a2-c323-4033-bcea-21bf7f21c808"
"4326a8ad-37f4-44bc-95e2-86966a5d2921","f1d8e7f5-fead-4bfa-b156-c6594dae7841","OAES_007.mammalGrid.mam","D11","OAES","OAES_007","D1","distributed","shrubScrub",35.419420,-99.055808,"WGS84",45.1,522.6,0.1,"5 - capture","ShermanXLK","2022-08-25","2022-08-25","NEON.MAM.D11.R2957",,"REFU","Reithrodontomys fulvescens","species","cf. species",,,,"N","M","N","processed",,"adult","scrotal",,,,18,14,90,175,11,"N","N","N",,,,"OAES.20220825.R2957.B","D00000185491","mandibular","OAES.20220825.R2957.F","D00000185713","fresh","OAES.20220825.R2957.E","D00000185743","OAES.20220825.R2957.H","D00000186125","hairAndWhisker",,,"0000-0000-0068-7943","0000-0002-5328-740X",,,"87d10d19-97a3-472f-a6e0-9cf5ff4df24a"
"df85d7a0-3ec3-4f4f-9fcc-a78a680fb2f4","4cbc51ed-77e7-4004-a57f-fad71bb59a6c","OAES_001.mammalGrid.mam","D11","OAES","OAES_001","E6","distributed","grasslandHerbaceous",35.413861,-99.058786,"WGS84",45.1,517.8,0.1,"6 - trap set and empty","ShermanXLK","2022-08-25","2022-08-25",,,,,,,,,,,,,,,,,,,,,,,,,,,,,,,,,,,,,,,,,,,,"0000-0002-5328-740X","0000-0000-0068-7943",,,"132e5d20-1d8c-438e-bfb2-93a8e835116d"
"c1580d3f-3cbc-4ed7-aca1-9292367053f8","22e5a4e7-f693-4bd3-88c5-cd7d2115a545","OAES_029.mammalGrid.mam","D11","OAES","OAES_029","A10","distributed","shrubScrub",35.416811,-99.050808,"WGS84",45.1,517.3,0.1,"6 - trap set and empty","ShermanXLK","2022-08-25","2022-08-25",,,,,,,,,,,,,,,,,,,,,,,,,,,,,,,,,,,,,,,,,,,,"0000-0002-4194-7642","0000-0002-0594-4276",,,"13b81858-f91d-4b09-8968-95897793b0c7"
"efaf68e7-5f2f-42d9-979a-921c4eca94cf","22e5a4e7-f693-4bd3-88c5-cd7d2115a545","OAES_029.mammalGrid.mam","D11","OAES","OAES_029","H8","distributed","shrubScrub",35.416811,-99.050808,"WGS84",45.1,517.3,0.1,"6 - trap set and empty","ShermanXLK","2022-08-25","2022-08-25",,,,,,,,,,,,,,,,,,,,,,,,,,,,,,,,,,,,,,,,,,,,"0000-0002-4194-7642","0000-0002-0594-4276",,,"982f3b6f-7b83-473e-9265-5f4179a1ab0e"
"5af7ace7-953c-4457-8e57-555d7930ff97","22e5a4e7-f693-4bd3-88c5-cd7d2115a545","OAES_029.mammalGrid.mam","D11","OAES","OAES_029","F1","distributed","shrubScrub",35.416811,-99.050808,"WGS84",45.1,517.3,0.1,"6 - trap set and empty","ShermanXLK","2022-08-25","2022-08-25",,,,,,,,,,,,,,,,,,,,,,,,,,,,,,,,,,,,,,,,,,,,"0000-0002-4194-7642","0000-0002-0594-4276",,,"89a5260d-da0d-4687-8bda-0e1ba267e1c4"
"27a0372d-828e-4c42-be38-3e67245b42bd","e68f96ac-f2ac-4363-8022-ca1ce92c49ad","OAES_002.mammalGrid.mam","D11","OAES","OAES_002","F1","distributed","grasslandHerbaceous",35.419111,-99.050850,"WGS84",45.1,516.9,0.1,"5 - capture","ShermanXLK","2022-08-25","2022-08-25","NEON.MAM.D11.373680",,"CHHI","Chaetodipus hispidus","species",,"NEON.DOC.003137",,,"N","M","N","processed",,"adult","nonscrotal",,,,24,,,,27,"N","N","N",,,,,,,"OAES.20220825.373680.F","D00000022173","fresh","OAES.20220825.373680.E","D00000022155","OAES.20220825.373680.H","D00000186131","hairAndWhisker",,,"0000-0002-4194-7642","0000-0002-0594-4276",,,"04fdc441-82cd-4c47-8027-cfe44b7b871a"
"0cdcd900-a763-4b50-a5e9-492a5505541a","22e5a4e7-f693-4bd3-88c5-cd7d2115a545","OAES_029.mammalGrid.mam","D11","OAES","OAES_029","C7","distributed","shrubScrub",35.416811,-99.050808,"WGS84",45.1,517.3,0.1,"6 - trap set and empty","ShermanXLK","2022-08-25","2022-08-25",,,,,,,,,,,,,,,,,,,,,,,,,,,,,,,,,,,,,,,,,,,,"0000-0002-4194-7642","0000-0002-0594-4276",,,"5c73571c-a716-4ad4-84f9-c6339f97bb5c"
"98e5896d-f145-4717-b783-2162bb15dc7b","f1d8e7f5-fead-4bfa-b156-c6594dae7841","OAES_007.mammalGrid.mam","D11","OAES","OAES_007","C9","distributed","shrubScrub",35.419420,-99.055808,"WGS84",45.1,522.6,0.1,"5 - capture","ShermanXLK","2022-08-25","2022-08-25","NEON.MAM.D11.373723",,"CHHI","Chaetodipus hispidus","species",,,,,"N","M","Y","processed",,"adult","nonscrotal",,,,22,,,,32,"N","N","N",,,,,,,"OAES.20220825.373723.F","D00000185715","fresh",,,,,,,,"0000-0000-0068-7943","0000-0002-5328-740X",,,"69f571da-75f7-42b7-99f6-545183ea9f3b"
"a9239edd-bc12-4d02-9e02-8d4e5a86bbe5","f1d8e7f5-fead-4bfa-b156-c6594dae7841","OAES_007.mammalGrid.mam","D11","OAES","OAES_007","G4","distributed","shrubScrub",35.419420,-99.055808,"WGS84",45.1,522.6,0.1,"6 - trap set and empty","ShermanXLK","2022-08-25","2022-08-25",,,,,,,,,,,,,,,,,,,,,,,,,,,,,,,,,,,,,,,,,,,,"0000-0000-0068-7943","0000-0002-5328-740X",,,"c39e3f93-63e4-460d-a97c-396f37003f98"
"0ca80c64-556d-42a3-9fdf-7c45d0d3f8e6","e68f96ac-f2ac-4363-8022-ca1ce92c49ad","OAES_002.mammalGrid.mam","D11","OAES","OAES_002","B8","distributed","grasslandHerbaceous",35.419111,-99.050850,"WGS84",45.1,516.9,0.1,"2 - trap disturbed/door closed but empty","ShermanXLK","2022-08-25","2022-08-25",,,,,,,,,,,,,,,,,,,,,,,,,,,,,,,,,,,,,,,,,,,,"0000-0002-4194-7642","0000-0002-0594-4276",,,"b810a955-70dd-46c1-84cd-292cde41c446"
"743a6980-f4e6-4f05-922d-30f3b2c0210b","22e5a4e7-f693-4bd3-88c5-cd7d2115a545","OAES_029.mammalGrid.mam","D11","OAES","OAES_029","B9","distributed","shrubScrub",35.416811,-99.050808,"WGS84",45.1,517.3,0.1,"6 - trap set and empty","ShermanXLK","2022-08-25","2022-08-25",,,,,,,,,,,,,,,,,,,,,,,,,,,,,,,,,,,,,,,,,,,,"0000-0002-4194-7642","0000-0002-0594-4276",,,"7f9b33fe-b023-4496-a5de-2ec134944886"
"cb949cb9-0886-43eb-914b-4022dbc3d9f3","f1d8e7f5-fead-4bfa-b156-c6594dae7841","OAES_007.mammalGrid.mam","D11","OAES","OAES_007","I7","distributed","shrubScrub",35.419420,-99.055808,"WGS84",45.1,522.6,0.1,"3 - trap door open or closed w/ spoor left","ShermanXLK","2022-08-25","2022-08-25",,,,,,,,,,,,,,,,,,,,,,,,,,,,,,,,,,,,,,,,,,,,"0000-0000-0068-7943","0000-0002-5328-740X",,,"5eb6b433-32a4-4f1f-b7b3-59fe0581fc83"
"6558b1d9-5945-46d6-8118-16a898575f25","f1d8e7f5-fead-4bfa-b156-c6594dae7841","OAES_007.mammalGrid.mam","D11","OAES","OAES_007","C1","distributed","shrubScrub",35.419420,-99.055808,"WGS84",45.1,522.6,0.1,"6 - trap set and empty","ShermanXLK","2022-08-25","2022-08-25",,,,,,,,,,,,,,,,,,,,,,,,,,,,,,,,,,,,,,,,,,,,"0000-0000-0068-7943","0000-0002-5328-740X",,,"04e3df5c-571f-4e93-82ee-aa31450f4b09"
"d6f776fa-b600-4815-bc86-6e243526fa67","22e5a4e7-f693-4bd3-88c5-cd7d2115a545","OAES_029.mammalGrid.mam","D11","OAES","OAES_029","G2","distributed","shrubScrub",35.416811,-99.050808,"WGS84",45.1,517.3,0.1,"6 - trap set and empty","ShermanXLK","2022-08-25","2022-08-25",,,,,,,,,,,,,,,,,,,,,,,,,,,,,,,,,,,,,,,,,,,,"0000-0002-4194-7642","0000-0002-0594-4276",,,"5a028ffd-464d-465e-8166-235a195b93cd"
"4f8e0307-ffb3-4965-b369-32da2c7ac011","e68f96ac-f2ac-4363-8022-ca1ce92c49ad","OAES_002.mammalGrid.mam","D11","OAES","OAES_002","A9","distributed","grasslandHerbaceous",35.419111,-99.050850,"WGS84",45.1,516.9,0.1,"5 - capture","ShermanXLK","2022-08-25","2022-08-25","NEON.MAM.D11.373729",,"CHHI","Chaetodipus hispidus","species",,"NEON.DOC.003137",,,"N","M","Y","processed",,"adult","nonscrotal",,,,,,,,50,"N","N","N",,,,,,,"OAES.20220825.373729.F","D00000022157","fresh",,,,,,,,"0000-0002-4194-7642","0000-0002-0594-4276",,,"3173a057-81ed-4759-9067-b8c70b2326a2"
"f4dd8652-5ff9-41fa-9810-a3a3e840dfa7","4cbc51ed-77e7-4004-a57f-fad71bb59a6c","OAES_001.mammalGrid.mam","D11","OAES","OAES_001","A2","distributed","grasslandHerbaceous",35.413861,-99.058786,"WGS84",45.1,517.8,0.1,"6 - trap set and empty","ShermanXLK","2022-08-25","2022-08-25",,,,,,,,,,,,,,,,,,,,,,,,,,,,,,,,,,,,,,,,,,,,"0000-0002-5328-740X","0000-0000-0068-7943",,,"7baa6f40-784b-469e-85d9-1f6f99c092de"
"20acdf96-c123-4464-95bd-abf08a0bae0d","22e5a4e7-f693-4bd3-88c5-cd7d2115a545","OAES_029.mammalGrid.mam","D11","OAES","OAES_029","D7","distributed","shrubScrub",35.416811,-99.050808,"WGS84",45.1,517.3,0.1,"6 - trap set and empty","ShermanXLK","2022-08-25","2022-08-25",,,,,,,,,,,,,,,,,,,,,,,,,,,,,,,,,,,,,,,,,,,,"0000-0002-4194-7642","0000-0002-0594-4276",,,"c4f02b79-fcd5-42e4-bd1f-ff9140231f57"
"a9b72dc4-1359-4148-9ee0-b0a75fe26385","22e5a4e7-f693-4bd3-88c5-cd7d2115a545","OAES_029.mammalGrid.mam","D11","OAES","OAES_029","D8","distributed","shrubScrub",35.416811,-99.050808,"WGS84",45.1,517.3,0.1,"6 - trap set and empty","ShermanXLK","2022-08-25","2022-08-25",,,,,,,,,,,,,,,,,,,,,,,,,,,,,,,,,,,,,,,,,,,,"0000-0002-4194-7642","0000-0002-0594-4276",,,"f6e1cca5-5c15-4731-a057-b9a1afdac2a5"
"829ea703-5fba-4193-afca-564e8e834622","22e5a4e7-f693-4bd3-88c5-cd7d2115a545","OAES_029.mammalGrid.mam","D11","OAES","OAES_029","D2","distributed","shrubScrub",35.416811,-99.050808,"WGS84",45.1,517.3,0.1,"5 - capture","ShermanXLK","2022-08-25","2022-08-25","NEON.MAM.D11.R3936",,"REMO","Reithrodontomys montanus","species",,"NEON.DOC.003137",,,"N","F","N","processed",,"adult",,"nonenlarged","not","swollen",15,,57,,8,"N","N","N",,,,,,,,,,,,,,,,,"0000-0002-4194-7642","0000-0002-0594-4276",,,"6673d200-6ac5-4ad4-aaec-2f83a0c98aff"
"21bc2c23-d2ea-4cfd-bcf2-eaa63df109bb","e68f96ac-f2ac-4363-8022-ca1ce92c49ad","OAES_002.mammalGrid.mam","D11","OAES","OAES_002","J3","distributed","grasslandHerbaceous",35.419111,-99.050850,"WGS84",45.1,516.9,0.1,"5 - capture","ShermanXLK","2022-08-25","2022-08-25","NEON.MAM.D11.R3913",,"SIHI","Sigmodon hispidus","species",,"NEON.DOC.003137",,,"N","M","Y","processed",,"adult","nonscrotal",,,,31,,,,137,"N","N","Y","1-5",,,,,,"OAES.20220825.R3913.F","D00000022166","fresh",,,,,,,,"0000-0002-4194-7642","0000-0002-0594-4276",,,"7f1c884b-4e8c-40a8-a9fd-e3f7c2116da2"
"534f0696-4b6f-440a-aa69-9875b8d60511","4cbc51ed-77e7-4004-a57f-fad71bb59a6c","OAES_001.mammalGrid.mam","D11","OAES","OAES_001","A1","distributed","grasslandHerbaceous",35.413861,-99.058786,"WGS84",45.1,517.8,0.1,"6 - trap set and empty","ShermanXLK","2022-08-25","2022-08-25",,,,,,,,,,,,,,,,,,,,,,,,,,,,,,,,,,,,,,,,,,,,"0000-0002-5328-740X","0000-0000-0068-7943",,,"b9998b78-0e13-47a4-8c95-94fb6a44eb36"
"53e3af30-3048-4587-8f73-39def0bd9e4a","f1d8e7f5-fead-4bfa-b156-c6594dae7841","OAES_007.mammalGrid.mam","D11","OAES","OAES_007","J3","distributed","shrubScrub",35.419420,-99.055808,"WGS84",45.1,522.6,0.1,"6 - trap set and empty","ShermanXLK","2022-08-25","2022-08-25",,,,,,,,,,,,,,,,,,,,,,,,,,,,,,,,,,,,,,,,,,,,"0000-0000-0068-7943","0000-0002-5328-740X",,,"4ae90a89-e046-4ad9-8cb3-38e24d1ac8b7"
"57ba0cf1-9010-455d-b563-61f8db4ea09b","22e5a4e7-f693-4bd3-88c5-cd7d2115a545","OAES_029.mammalGrid.mam","D11","OAES","OAES_029","J4","distributed","shrubScrub",35.416811,-99.050808,"WGS84",45.1,517.3,0.1,"6 - trap set and empty","ShermanXLK","2022-08-25","2022-08-25",,,,,,,,,,,,,,,,,,,,,,,,,,,,,,,,,,,,,,,,,,,,"0000-0002-4194-7642","0000-0002-0594-4276",,,"17087f74-89a3-447c-8149-2e3e5cf1361f"
"b0d7d34c-0183-4ebc-95ea-99ab6b0166f5","4cbc51ed-77e7-4004-a57f-fad71bb59a6c","OAES_001.mammalGrid.mam","D11","OAES","OAES_001","I1","distributed","grasslandHerbaceous",35.413861,-99.058786,"WGS84",45.1,517.8,0.1,"6 - trap set and empty","ShermanXLK","2022-08-25","2022-08-25",,,,,,,,,,,,,,,,,,,,,,,,,,,,,,,,,,,,,,,,,,,,"0000-0002-5328-740X","0000-0000-0068-7943",,,"e8da00d6-3470-4b73-872a-f2352c27194a"
"b4dee9ef-4177-4b00-b557-f2a8090b3704","4cbc51ed-77e7-4004-a57f-fad71bb59a6c","OAES_001.mammalGrid.mam","D11","OAES","OAES_001","F9","distributed","grasslandHerbaceous",35.413861,-99.058786,"WGS84",45.1,517.8,0.1,"6 - trap set and empty","ShermanXLK","2022-08-25","2022-08-25",,,,,,,,,,,,,,,,,,,,,,,,,,,,,,,,,,,,,,,,,,,,"0000-0002-5328-740X","0000-0000-0068-7943",,,"b332cc83-779a-4960-a577-7710014ee789"
"6b64f301-49d4-49e3-9fd2-e4a2f62e4f6e","22e5a4e7-f693-4bd3-88c5-cd7d2115a545","OAES_029.mammalGrid.mam","D11","OAES","OAES_029","I2","distributed","shrubScrub",35.416811,-99.050808,"WGS84",45.1,517.3,0.1,"6 - trap set and empty","ShermanXLK","2022-08-25","2022-08-25",,,,,,,,,,,,,,,,,,,,,,,,,,,,,,,,,,,,,,,,,,,,"0000-0002-4194-7642","0000-0002-0594-4276",,,"1b437ad7-3b27-4b03-a7fd-12c9308dbefb"
"90ada3bf-9fad-4b45-b06c-ef9d76617cc2","4cbc51ed-77e7-4004-a57f-fad71bb59a6c","OAES_001.mammalGrid.mam","D11","OAES","OAES_001","J7","distributed","grasslandHerbaceous",35.413861,-99.058786,"WGS84",45.1,517.8,0.1,"5 - capture","ShermanXLK","2022-08-25","2022-08-25","NEON.MAM.D11.373534",,"CHHI","Chaetodipus hispidus","species",,,,,"N","F","N","processed",,"adult",,"enlarged","not","not plugged",26,,89,,42,"N","N","N",,,,,,,"OAES.20220825.373534.F","D00000185714","fresh","OAES.20220825.373534.E","D00000185735","OAES.20220825.373534.H","D00000186124","hairAndWhisker",,,"0000-0002-5328-740X","0000-0000-0068-7943",,,"fa7b7f3e-e810-4f18-be43-673d93bdf8d1"
"d45450ce-43e5-4d1d-ba4d-d23563028566","22e5a4e7-f693-4bd3-88c5-cd7d2115a545","OAES_029.mammalGrid.mam","D11","OAES","OAES_029","A1","distributed","shrubScrub",35.416811,-99.050808,"WGS84",45.1,517.3,0.1,"6 - trap set and empty","ShermanXLK","2022-08-25","2022-08-25",,,,,,,,,,,,,,,,,,,,,,,,,,,,,,,,,,,,,,,,,,,,"0000-0002-4194-7642","0000-0002-0594-4276",,,"2d7299a8-33ab-4bed-bf47-1d1375542583"
"ec443792-1fa5-438d-b6a1-a11d504c029d","4cbc51ed-77e7-4004-a57f-fad71bb59a6c","OAES_001.mammalGrid.mam","D11","OAES","OAES_001","C2","distributed","grasslandHerbaceous",35.413861,-99.058786,"WGS84",45.1,517.8,0.1,"6 - trap set and empty","ShermanXLK","2022-08-25","2022-08-25",,,,,,,,,,,,,,,,,,,,,,,,,,,,,,,,,,,,,,,,,,,,"0000-0002-5328-740X","0000-0000-0068-7943",,,"4b3eff42-ea48-446f-b2ba-87fe5cb4657d"
"b9ae176e-480e-44f0-ac41-c0d620cc7ae5","22e5a4e7-f693-4bd3-88c5-cd7d2115a545","OAES_029.mammalGrid.mam","D11","OAES","OAES_029","H4","distributed","shrubScrub",35.416811,-99.050808,"WGS84",45.1,517.3,0.1,"2 - trap disturbed/door closed but empty","ShermanXLK","2022-08-25","2022-08-25",,,,,,,,,,,,,,,,,,,,,,,,,,,,,,,,,,,,,,,,,,,,"0000-0002-4194-7642","0000-0002-0594-4276","Ants removed seeds removed from door",,"0006808a-025b-479b-9f31-27e029bccf6a"
"067c0816-563d-4d2c-a8fd-ad5c5ce66fc4","e68f96ac-f2ac-4363-8022-ca1ce92c49ad","OAES_002.mammalGrid.mam","D11","OAES","OAES_002","G2","distributed","grasslandHerbaceous",35.419111,-99.050850,"WGS84",45.1,516.9,0.1,"6 - trap set and empty","ShermanXLK","2022-08-25","2022-08-25",,,,,,,,,,,,,,,,,,,,,,,,,,,,,,,,,,,,,,,,,,,,"0000-0002-4194-7642","0000-0002-0594-4276",,,"0c8ff934-6c29-45b7-a9f5-7b42c7e789d8"
"740d41a1-1f4d-4966-9f5c-40b97e127ad6","4cbc51ed-77e7-4004-a57f-fad71bb59a6c","OAES_001.mammalGrid.mam","D11","OAES","OAES_001","E4","distributed","grasslandHerbaceous",35.413861,-99.058786,"WGS84",45.1,517.8,0.1,"6 - trap set and empty","ShermanXLK","2022-08-25","2022-08-25",,,,,,,,,,,,,,,,,,,,,,,,,,,,,,,,,,,,,,,,,,,,"0000-0002-5328-740X","0000-0000-0068-7943",,,"57585145-cd32-46e2-b66d-0b18675ba3f9"
"44ba91c3-a158-4988-b699-ce0b70e8f12e","22e5a4e7-f693-4bd3-88c5-cd7d2115a545","OAES_029.mammalGrid.mam","D11","OAES","OAES_029","C6","distributed","shrubScrub",35.416811,-99.050808,"WGS84",45.1,517.3,0.1,"5 - capture","ShermanXLK","2022-08-25","2022-08-25","NEON.MAM.D11.373712",,"CHHI","Chaetodipus hispidus","species",,"NEON.DOC.003137",,,"N","F","Y","processed",,"adult",,"nonenlarged","not","plugged",,,,,44,"N","N","N",,,,,,,"OAES.20220825.373712.F","D00000022152","fresh","OAES.20220825.373712.E","D00000022160",,,,,,"0000-0002-4194-7642","0000-0002-0594-4276",,,"0d10cb62-7ac2-4d94-85d0-42a9f0b5c696"
"2a48ec53-71b6-4a06-a497-cbf3e4f95570","4cbc51ed-77e7-4004-a57f-fad71bb59a6c","OAES_001.mammalGrid.mam","D11","OAES","OAES_001","I2","distributed","grasslandHerbaceous",35.413861,-99.058786,"WGS84",45.1,517.8,0.1,"5 - capture","ShermanXLK","2022-08-25","2022-08-25","NEON.MAM.D11.373567",,"CHHI","Chaetodipus hispidus","species",,,,,"N","F","Y","processed",,"adult",,"enlarged","not","not plugged",24,,99,,40,"N","N","N",,,,,,,"OAES.20220825.373567.F","D00000185740","fresh",,,,,,,,"0000-0002-5328-740X","0000-0000-0068-7943",,,"94b33207-53f1-4b67-b870-5e63d924d31c"
"dace390f-d07c-459a-a464-d8296448fcb7","e68f96ac-f2ac-4363-8022-ca1ce92c49ad","OAES_002.mammalGrid.mam","D11","OAES","OAES_002","E8","distributed","grasslandHerbaceous",35.419111,-99.050850,"WGS84",45.1,516.9,0.1,"6 - trap set and empty","ShermanXLK","2022-08-25","2022-08-25",,,,,,,,,,,,,,,,,,,,,,,,,,,,,,,,,,,,,,,,,,,,"0000-0002-4194-7642","0000-0002-0594-4276",,,"a017e397-0c78-42e7-bbaf-611f97a4ff8f"
"3e72197c-e87c-4255-a852-78424dbf8558","4cbc51ed-77e7-4004-a57f-fad71bb59a6c","OAES_001.mammalGrid.mam","D11","OAES","OAES_001","F6","distributed","grasslandHerbaceous",35.413861,-99.058786,"WGS84",45.1,517.8,0.1,"6 - trap set and empty","ShermanXLK","2022-08-25","2022-08-25",,,,,,,,,,,,,,,,,,,,,,,,,,,,,,,,,,,,,,,,,,,,"0000-0002-5328-740X","0000-0000-0068-7943",,,"98f4db0a-33e4-4e63-b943-e7233e47f78e"
"836d5453-2864-4285-814b-0dd1fee5cf3a","f1d8e7f5-fead-4bfa-b156-c6594dae7841","OAES_007.mammalGrid.mam","D11","OAES","OAES_007","E2","distributed","shrubScrub",35.419420,-99.055808,"WGS84",45.1,522.6,0.1,"5 - capture","ShermanXLK","2022-08-25","2022-08-25","NEON.MAM.D11.R2951",,"SIHI","Sigmodon hispidus","species",,,,,"N","F","Y","processed",,"subadult",,"nonenlarged","not","not plugged",26,,82,,42,"N","N","N",,,,,,"unsuccessful","OAES.20220825.R2951.F","D00000185709","fresh",,,,,,,,"0000-0000-0068-7943","0000-0002-5328-740X",,,"37dd6e70-60b4-40a7-874a-3e37c954e6d4"
"5dca3d28-eb8b-4736-9a63-c178c447515d","f1d8e7f5-fead-4bfa-b156-c6594dae7841","OAES_007.mammalGrid.mam","D11","OAES","OAES_007","J6","distributed","shrubScrub",35.419420,-99.055808,"WGS84",45.1,522.6,0.1,"6 - trap set and empty","ShermanXLK","2022-08-25","2022-08-25",,,,,,,,,,,,,,,,,,,,,,,,,,,,,,,,,,,,,,,,,,,,"0000-0000-0068-7943","0000-0002-5328-740X",,,"d0de8eaf-b85e-457e-a8fe-c7fab5e7998e"
"a7d04c73-3895-41dd-b495-ebc004e01cbf","e68f96ac-f2ac-4363-8022-ca1ce92c49ad","OAES_002.mammalGrid.mam","D11","OAES","OAES_002","J2","distributed","grasslandHerbaceous",35.419111,-99.050850,"WGS84",45.1,516.9,0.1,"6 - trap set and empty","ShermanXLK","2022-08-25","2022-08-25",,,,,,,,,,,,,,,,,,,,,,,,,,,,,,,,,,,,,,,,,,,,"0000-0002-4194-7642","0000-0002-0594-4276",,,"d7dc28d4-3bb9-4b62-94c4-cbc092ff6036"
"e44f583a-3e42-4a28-91b4-9441a85a811f","4cbc51ed-77e7-4004-a57f-fad71bb59a6c","OAES_001.mammalGrid.mam","D11","OAES","OAES_001","J6","distributed","grasslandHerbaceous",35.413861,-99.058786,"WGS84",45.1,517.8,0.1,"6 - trap set and empty","ShermanXLK","2022-08-25","2022-08-25",,,,,,,,,,,,,,,,,,,,,,,,,,,,,,,,,,,,,,,,,,,,"0000-0002-5328-740X","0000-0000-0068-7943",,,"4ed8cfd8-ab91-4c44-bb24-347a670052ad"
"02587418-1a04-4130-b0ed-337f51cef2af","4cbc51ed-77e7-4004-a57f-fad71bb59a6c","OAES_001.mammalGrid.mam","D11","OAES","OAES_001","C6","distributed","grasslandHerbaceous",35.413861,-99.058786,"WGS84",45.1,517.8,0.1,"6 - trap set and empty","ShermanXLK","2022-08-25","2022-08-25",,,,,,,,,,,,,,,,,,,,,,,,,,,,,,,,,,,,,,,,,,,,"0000-0002-5328-740X","0000-0000-0068-7943",,,"d479e7b0-d2bb-4350-aef2-4ae23ba029c5"
"b9345e1b-deb2-42b1-9831-f6b562f51303","e68f96ac-f2ac-4363-8022-ca1ce92c49ad","OAES_002.mammalGrid.mam","D11","OAES","OAES_002","H1","distributed","grasslandHerbaceous",35.419111,-99.050850,"WGS84",45.1,516.9,0.1,"6 - trap set and empty","ShermanXLK","2022-08-25","2022-08-25",,,,,,,,,,,,,,,,,,,,,,,,,,,,,,,,,,,,,,,,,,,,"0000-0002-4194-7642","0000-0002-0594-4276",,,"5fd07c06-9ef2-4d85-aaaf-78ab11d6f834"
"7f031ac8-8e05-4ee6-af92-891b305f935a","22e5a4e7-f693-4bd3-88c5-cd7d2115a545","OAES_029.mammalGrid.mam","D11","OAES","OAES_029","A2","distributed","shrubScrub",35.416811,-99.050808,"WGS84",45.1,517.3,0.1,"6 - trap set and empty","ShermanXLK","2022-08-25","2022-08-25",,,,,,,,,,,,,,,,,,,,,,,,,,,,,,,,,,,,,,,,,,,,"0000-0002-4194-7642","0000-0002-0594-4276",,,"58d3aad0-aaa6-4c53-835e-34d7e5c14279"
"04e12a3b-eb34-41b2-ac81-9dc02f906070","22e5a4e7-f693-4bd3-88c5-cd7d2115a545","OAES_029.mammalGrid.mam","D11","OAES","OAES_029","B7","distributed","shrubScrub",35.416811,-99.050808,"WGS84",45.1,517.3,0.1,"5 - capture","ShermanXLK","2022-08-25","2022-08-25","NEON.MAM.D11.R3940",,"MIOC","Microtus ochrogaster","species",,"NEON.DOC.003137",,,"N","M","N","processed",,"adult","nonscrotal",,,,18,13,34,105,34,"N","N","N",,,,"OAES.20220825.R3940.B","D00000185260","mandibular",,,,"OAES.20220825.R3940.E","D00000022150","OAES.20220825.R3940.H","D00000186156","hairAndWhisker",,,"0000-0002-4194-7642","0000-0002-0594-4276",,,"02708fd5-8457-4f4f-b524-b8fd5f54e932"
"7b3388aa-be97-45f4-bdc4-828cf91211a3","4cbc51ed-77e7-4004-a57f-fad71bb59a6c","OAES_001.mammalGrid.mam","D11","OAES","OAES_001","F8","distributed","grasslandHerbaceous",35.413861,-99.058786,"WGS84",45.1,517.8,0.1,"6 - trap set and empty","ShermanXLK","2022-08-25","2022-08-25",,,,,,,,,,,,,,,,,,,,,,,,,,,,,,,,,,,,,,,,,,,,"0000-0002-5328-740X","0000-0000-0068-7943",,,"16991fd5-1584-4d32-93ea-974cc083b100"
"68317ecc-9157-487f-a093-2b351d4da2ed","f1d8e7f5-fead-4bfa-b156-c6594dae7841","OAES_007.mammalGrid.mam","D11","OAES","OAES_007","B2","distributed","shrubScrub",35.419420,-99.055808,"WGS84",45.1,522.6,0.1,"6 - trap set and empty","ShermanXLK","2022-08-25","2022-08-25",,,,,,,,,,,,,,,,,,,,,,,,,,,,,,,,,,,,,,,,,,,,"0000-0000-0068-7943","0000-0002-5328-740X",,,"dd15556f-a15b-43f0-ac73-8c78a7986aff"
"d63a033a-6036-4e0e-8335-e383f751e0fa","e68f96ac-f2ac-4363-8022-ca1ce92c49ad","OAES_002.mammalGrid.mam","D11","OAES","OAES_002","D1","distributed","grasslandHerbaceous",35.419111,-99.050850,"WGS84",45.1,516.9,0.1,"5 - capture","ShermanXLK","2022-08-25","2022-08-25","NEON.MAM.D11.373568",,"PEFL","Perognathus flavus","species",,,,,"N","F","Y","processed",,"adult",,"enlarged","not","not plugged",15,,,,9,"U","U","U",,,,,,,,,,,,,,,,,"0000-0002-4194-7642","0000-0002-0594-4276",,,"6ea4b9a1-46ba-4cfa-87d9-76fca6c354e1"
"09e01428-9ee3-4971-a984-342f7390d3a3","f1d8e7f5-fead-4bfa-b156-c6594dae7841","OAES_007.mammalGrid.mam","D11","OAES","OAES_007","C10","distributed","shrubScrub",35.419420,-99.055808,"WGS84",45.1,522.6,0.1,"6 - trap set and empty","ShermanXLK","2022-08-25","2022-08-25",,,,,,,,,,,,,,,,,,,,,,,,,,,,,,,,,,,,,,,,,,,,"0000-0000-0068-7943","0000-0002-5328-740X",,,"5a3d1521-f04c-487d-9233-ea87746c4c5a"
"99929246-cec0-4f6f-b072-82a95a7c670a","f1d8e7f5-fead-4bfa-b156-c6594dae7841","OAES_007.mammalGrid.mam","D11","OAES","OAES_007","J2","distributed","shrubScrub",35.419420,-99.055808,"WGS84",45.1,522.6,0.1,"5 - capture","ShermanXLK","2022-08-25","2022-08-25","NEON.MAM.D11.373711",,"CHHI","Chaetodipus hispidus","species",,,,,"N","F","Y","processed",,"adult",,"nonenlarged","not","not plugged",23,,92,,41,"N","N","N",,,,,,,,,,,,,,,,,"0000-0000-0068-7943","0000-0002-5328-740X",,,"0fa51701-4db1-4cda-b538-599960c64240"
"abbc9892-308d-49cc-85f0-373da6aeec2d","e68f96ac-f2ac-4363-8022-ca1ce92c49ad","OAES_002.mammalGrid.mam","D11","OAES","OAES_002","C7","distributed","grasslandHerbaceous",35.419111,-99.050850,"WGS84",45.1,516.9,0.1,"6 - trap set and empty","ShermanXLK","2022-08-25","2022-08-25",,,,,,,,,,,,,,,,,,,,,,,,,,,,,,,,,,,,,,,,,,,,"0000-0002-4194-7642","0000-0002-0594-4276",,,"427e789c-05f2-46e2-b2bc-4cffb4370758"
"57da935a-13a3-4bb2-96a1-0b2fbb99c891","22e5a4e7-f693-4bd3-88c5-cd7d2115a545","OAES_029.mammalGrid.mam","D11","OAES","OAES_029","B5","distributed","shrubScrub",35.416811,-99.050808,"WGS84",45.1,517.3,0.1,"6 - trap set and empty","ShermanXLK","2022-08-25","2022-08-25",,,,,,,,,,,,,,,,,,,,,,,,,,,,,,,,,,,,,,,,,,,,"0000-0002-4194-7642","0000-0002-0594-4276",,,"eb3cb21a-58c9-47ec-9023-8bc3ff56c13f"
"776f0c58-ddc9-4d04-a536-8c59b1549ed7","e68f96ac-f2ac-4363-8022-ca1ce92c49ad","OAES_002.mammalGrid.mam","D11","OAES","OAES_002","J5","distributed","grasslandHerbaceous",35.419111,-99.050850,"WGS84",45.1,516.9,0.1,"6 - trap set and empty","ShermanXLK","2022-08-25","2022-08-25",,,,,,,,,,,,,,,,,,,,,,,,,,,,,,,,,,,,,,,,,,,,"0000-0002-4194-7642","0000-0002-0594-4276",,,"91251124-5b68-4dce-9960-b3f935a0aedf"
"880d23e8-ab99-4974-ae03-e630d63e23fd","f1d8e7f5-fead-4bfa-b156-c6594dae7841","OAES_007.mammalGrid.mam","D11","OAES","OAES_007","H2","distributed","shrubScrub",35.419420,-99.055808,"WGS84",45.1,522.6,0.1,"3 - trap door open or closed w/ spoor left","ShermanXLK","2022-08-25","2022-08-25",,,,,,,,,,,,,,,,,,,,,,,,,,,,,,,,,,,,,,,,,,,,"0000-0000-0068-7943","0000-0002-5328-740X",,,"841cdb91-02f5-4be5-861a-0855a7418a24"
"5531092f-fd72-47a6-8c82-ccc652176898","22e5a4e7-f693-4bd3-88c5-cd7d2115a545","OAES_029.mammalGrid.mam","D11","OAES","OAES_029","I3","distributed","shrubScrub",35.416811,-99.050808,"WGS84",45.1,517.3,0.1,"6 - trap set and empty","ShermanXLK","2022-08-25","2022-08-25",,,,,,,,,,,,,,,,,,,,,,,,,,,,,,,,,,,,,,,,,,,,"0000-0002-4194-7642","0000-0002-0594-4276",,,"9b3fe36e-e55d-476b-a324-2b0c514a0262"
"40f54621-a025-45c7-8637-df81772f352d","e68f96ac-f2ac-4363-8022-ca1ce92c49ad","OAES_002.mammalGrid.mam","D11","OAES","OAES_002","J8","distributed","grasslandHerbaceous",35.419111,-99.050850,"WGS84",45.1,516.9,0.1,"5 - capture","ShermanXLK","2022-08-25","2022-08-25","NEON.MAM.D11.373581",,"CHHI","Chaetodipus hispidus","species",,"NEON.DOC.003137",,,"N","F","Y","processed",,"juvenile",,"nonenlarged",,"not plugged",23,,,,25,"N","N","N",,,,,,,,,,,,,,,,,"0000-0002-4194-7642","0000-0002-0594-4276",,,"a316e3da-9ddd-4232-a234-cc3658c191a5"
"ddec9551-67f6-48f3-90ba-1fe0778f2621","4cbc51ed-77e7-4004-a57f-fad71bb59a6c","OAES_001.mammalGrid.mam","D11","OAES","OAES_001","E7","distributed","grasslandHerbaceous",35.413861,-99.058786,"WGS84",45.1,517.8,0.1,"6 - trap set and empty","ShermanXLK","2022-08-25","2022-08-25",,,,,,,,,,,,,,,,,,,,,,,,,,,,,,,,,,,,,,,,,,,,"0000-0002-5328-740X","0000-0000-0068-7943",,,"5be5f09f-1756-4e7c-94e4-5bd84852ffc7"
"aad23970-0cb5-4ab0-ad6e-6dfb54d5aa56","4cbc51ed-77e7-4004-a57f-fad71bb59a6c","OAES_001.mammalGrid.mam","D11","OAES","OAES_001","F4","distributed","grasslandHerbaceous",35.413861,-99.058786,"WGS84",45.1,517.8,0.1,"6 - trap set and empty","ShermanXLK","2022-08-25","2022-08-25",,,,,,,,,,,,,,,,,,,,,,,,,,,,,,,,,,,,,,,,,,,,"0000-0002-5328-740X","0000-0000-0068-7943",,,"73d7bbc4-b325-4975-8c6d-65dcf6d20d8d"
"f25b403d-d6d9-4e54-bcb2-512fc4506261","e68f96ac-f2ac-4363-8022-ca1ce92c49ad","OAES_002.mammalGrid.mam","D11","OAES","OAES_002","B7","distributed","grasslandHerbaceous",35.419111,-99.050850,"WGS84",45.1,516.9,0.1,"6 - trap set and empty","ShermanXLK","2022-08-25","2022-08-25",,,,,,,,,,,,,,,,,,,,,,,,,,,,,,,,,,,,,,,,,,,,"0000-0002-4194-7642","0000-0002-0594-4276",,,"8973b4b6-32c2-4389-aed5-0ab4a62e187e"
"71f06404-07a8-4f39-99df-5d8d4aa0deb0","e68f96ac-f2ac-4363-8022-ca1ce92c49ad","OAES_002.mammalGrid.mam","D11","OAES","OAES_002","F9","distributed","grasslandHerbaceous",35.419111,-99.050850,"WGS84",45.1,516.9,0.1,"6 - trap set and empty","ShermanXLK","2022-08-25","2022-08-25",,,,,,,,,,,,,,,,,,,,,,,,,,,,,,,,,,,,,,,,,,,,"0000-0002-4194-7642","0000-0002-0594-4276",,,"ac2d85e1-d787-4ed8-b621-c9b0111d1a51"
"3c6bd4ed-2e4e-4a3e-996d-52590a7b1241","e68f96ac-f2ac-4363-8022-ca1ce92c49ad","OAES_002.mammalGrid.mam","D11","OAES","OAES_002","B3","distributed","grasslandHerbaceous",35.419111,-99.050850,"WGS84",45.1,516.9,0.1,"6 - trap set and empty","ShermanXLK","2022-08-25","2022-08-25",,,,,,,,,,,,,,,,,,,,,,,,,,,,,,,,,,,,,,,,,,,,"0000-0002-4194-7642","0000-0002-0594-4276",,,"e0b4a4b7-9e79-4f63-a45f-bacdec2f09de"
"463e803e-7fb1-4557-be33-2faaae984430","22e5a4e7-f693-4bd3-88c5-cd7d2115a545","OAES_029.mammalGrid.mam","D11","OAES","OAES_029","E3","distributed","shrubScrub",35.416811,-99.050808,"WGS84",45.1,517.3,0.1,"6 - trap set and empty","ShermanXLK","2022-08-25","2022-08-25",,,,,,,,,,,,,,,,,,,,,,,,,,,,,,,,,,,,,,,,,,,,"0000-0002-4194-7642","0000-0002-0594-4276",,,"7c05f8bc-85a6-41d7-be36-6979dc09cba0"
"cf1eac44-3c87-432a-af76-0b946342841c","f1d8e7f5-fead-4bfa-b156-c6594dae7841","OAES_007.mammalGrid.mam","D11","OAES","OAES_007","B4","distributed","shrubScrub",35.419420,-99.055808,"WGS84",45.1,522.6,0.1,"5 - capture","ShermanXLK","2022-08-25","2022-08-25","NEON.MAM.D11.R3623",,"REMO","Reithrodontomys montanus","species","cf. species",,,,"N","M","N","processed",,"adult","scrotal",,,,16,9,59,119,8,"N","N","N",,,,,,,"OAES.20220825.R3623.F","D00000185731","fresh","OAES.20220825.R3623.E","D00000185710","OAES.20220825.R3623.H","D00000186146","hairAndWhisker",,,"0000-0000-0068-7943","0000-0002-5328-740X",,,"3c53bb04-bfce-4f4d-8d9f-8b85e4ea8faa"
"94e6a649-d29b-47f2-a86c-a39b63db426e","f1d8e7f5-fead-4bfa-b156-c6594dae7841","OAES_007.mammalGrid.mam","D11","OAES","OAES_007","H10","distributed","shrubScrub",35.419420,-99.055808,"WGS84",45.1,522.6,0.1,"6 - trap set and empty","ShermanXLK","2022-08-25","2022-08-25",,,,,,,,,,,,,,,,,,,,,,,,,,,,,,,,,,,,,,,,,,,,"0000-0000-0068-7943","0000-0002-5328-740X",,,"95b8e9fb-3f00-445f-b790-8054f92215e3"
"a054751b-2a14-4ad6-99bc-8e3d06e1b147","f1d8e7f5-fead-4bfa-b156-c6594dae7841","OAES_007.mammalGrid.mam","D11","OAES","OAES_007","H9","distributed","shrubScrub",35.419420,-99.055808,"WGS84",45.1,522.6,0.1,"6 - trap set and empty","ShermanXLK","2022-08-25","2022-08-25",,,,,,,,,,,,,,,,,,,,,,,,,,,,,,,,,,,,,,,,,,,,"0000-0000-0068-7943","0000-0002-5328-740X",,,"a1cc237e-a4a6-4793-96cd-bcf43814addb"
"ce2c6c73-c32c-42fd-97d7-19bdd4e1697c","4cbc51ed-77e7-4004-a57f-fad71bb59a6c","OAES_001.mammalGrid.mam","D11","OAES","OAES_001","E3","distributed","grasslandHerbaceous",35.413861,-99.058786,"WGS84",45.1,517.8,0.1,"6 - trap set and empty","ShermanXLK","2022-08-25","2022-08-25",,,,,,,,,,,,,,,,,,,,,,,,,,,,,,,,,,,,,,,,,,,,"0000-0002-5328-740X","0000-0000-0068-7943",,,"194d9da1-a816-4e7b-b5c2-549d66adbef9"
"337c7914-c4e6-443c-bb00-52707a11bcf0","f1d8e7f5-fead-4bfa-b156-c6594dae7841","OAES_007.mammalGrid.mam","D11","OAES","OAES_007","D5","distributed","shrubScrub",35.419420,-99.055808,"WGS84",45.1,522.6,0.1,"6 - trap set and empty","ShermanXLK","2022-08-25","2022-08-25",,,,,,,,,,,,,,,,,,,,,,,,,,,,,,,,,,,,,,,,,,,,"0000-0000-0068-7943","0000-0002-5328-740X",,,"ee5b5f71-c9c8-44ef-b003-084ebbfbd164"
"d870a7aa-be83-4620-a32b-4210dd4f34d6","22e5a4e7-f693-4bd3-88c5-cd7d2115a545","OAES_029.mammalGrid.mam","D11","OAES","OAES_029","B1","distributed","shrubScrub",35.416811,-99.050808,"WGS84",45.1,517.3,0.1,"6 - trap set and empty","ShermanXLK","2022-08-25","2022-08-25",,,,,,,,,,,,,,,,,,,,,,,,,,,,,,,,,,,,,,,,,,,,"0000-0002-4194-7642","0000-0002-0594-4276",,,"1bf7f9f5-6ec0-48d5-a24e-a0086efd39e2"
"51c63cf4-2806-4d5a-9ebb-ae3b1dd5e98d","f1d8e7f5-fead-4bfa-b156-c6594dae7841","OAES_007.mammalGrid.mam","D11","OAES","OAES_007","G3","distributed","shrubScrub",35.419420,-99.055808,"WGS84",45.1,522.6,0.1,"3 - trap door open or closed w/ spoor left","ShermanXLK","2022-08-25","2022-08-25",,,,,,,,,,,,,,,,,,,,,,,,,,,,,,,,,,,,,,,,,,,,"0000-0000-0068-7943","0000-0002-5328-740X",,,"4be2b94c-ad15-4271-9362-ff9555a18af9"
"435b825d-db9f-4fbd-805d-8507ad2ab35f","22e5a4e7-f693-4bd3-88c5-cd7d2115a545","OAES_029.mammalGrid.mam","D11","OAES","OAES_029","A6","distributed","shrubScrub",35.416811,-99.050808,"WGS84",45.1,517.3,0.1,"6 - trap set and empty","ShermanXLK","2022-08-25","2022-08-25",,,,,,,,,,,,,,,,,,,,,,,,,,,,,,,,,,,,,,,,,,,,"0000-0002-4194-7642","0000-0002-0594-4276",,,"d483b253-7240-493d-953e-a66d2449447b"
"6a5a8ba4-499b-4f10-8bcb-d3ddb1a6e6e4","f1d8e7f5-fead-4bfa-b156-c6594dae7841","OAES_007.mammalGrid.mam","D11","OAES","OAES_007","H8","distributed","shrubScrub",35.419420,-99.055808,"WGS84",45.1,522.6,0.1,"6 - trap set and empty","ShermanXLK","2022-08-25","2022-08-25",,,,,,,,,,,,,,,,,,,,,,,,,,,,,,,,,,,,,,,,,,,,"0000-0000-0068-7943","0000-0002-5328-740X",,,"dee7933f-2211-4f73-82f6-228ac1f5b6b3"
"f6187158-0f38-453e-8a83-71c57ec6b09b","22e5a4e7-f693-4bd3-88c5-cd7d2115a545","OAES_029.mammalGrid.mam","D11","OAES","OAES_029","F8","distributed","shrubScrub",35.416811,-99.050808,"WGS84",45.1,517.3,0.1,"5 - capture","ShermanXLK","2022-08-25","2022-08-25","NEON.MAM.D11.R3785",,"PEMA","Peromyscus maniculatus","species","cf. species","NEON.DOC.003137",,,"N","M","N","processed",,"adult","nonscrotal",,,,19,13,61,,17,"N","N","N",,,,"OAES.20220825.R3785.B","D00000185301","mandibular","OAES.20220825.R3785.F","D00000022158","fresh","OAES.20220825.R3785.E","D00000022184","OAES.20220825.R3785.H","D00000186154","hairAndWhisker",,,"0000-0002-4194-7642","0000-0002-0594-4276",,,"d3786938-3fbf-4daf-b407-23daa5116969"
"e0908cb6-ca21-422c-afb0-a0e0fb702452","4cbc51ed-77e7-4004-a57f-fad71bb59a6c","OAES_001.mammalGrid.mam","D11","OAES","OAES_001","C5","distributed","grasslandHerbaceous",35.413861,-99.058786,"WGS84",45.1,517.8,0.1,"6 - trap set and empty","ShermanXLK","2022-08-25","2022-08-25",,,,,,,,,,,,,,,,,,,,,,,,,,,,,,,,,,,,,,,,,,,,"0000-0002-5328-740X","0000-0000-0068-7943",,,"ca5fa31a-a81b-4630-b189-ca3c39eaec2b"
"da3c7a0e-4d43-4469-b2b5-ee38977a2827","f1d8e7f5-fead-4bfa-b156-c6594dae7841","OAES_007.mammalGrid.mam","D11","OAES","OAES_007","I5","distributed","shrubScrub",35.419420,-99.055808,"WGS84",45.1,522.6,0.1,"6 - trap set and empty","ShermanXLK","2022-08-25","2022-08-25",,,,,,,,,,,,,,,,,,,,,,,,,,,,,,,,,,,,,,,,,,,,"0000-0000-0068-7943","0000-0002-5328-740X",,,"69ae462b-f5d2-4d08-b147-4479452a796b"
"7778d451-0676-4f7c-82ce-5c694034bb7b","4cbc51ed-77e7-4004-a57f-fad71bb59a6c","OAES_001.mammalGrid.mam","D11","OAES","OAES_001","H9","distributed","grasslandHerbaceous",35.413861,-99.058786,"WGS84",45.1,517.8,0.1,"6 - trap set and empty","ShermanXLK","2022-08-25","2022-08-25",,,,,,,,,,,,,,,,,,,,,,,,,,,,,,,,,,,,,,,,,,,,"0000-0002-5328-740X","0000-0000-0068-7943",,,"62212a7d-5c4c-43f8-8e22-96ede68d9a0a"
"19e3c238-3c14-4b69-ac20-075705da69c7","22e5a4e7-f693-4bd3-88c5-cd7d2115a545","OAES_029.mammalGrid.mam","D11","OAES","OAES_029","G7","distributed","shrubScrub",35.416811,-99.050808,"WGS84",45.1,517.3,0.1,"6 - trap set and empty","ShermanXLK","2022-08-25","2022-08-25",,,,,,,,,,,,,,,,,,,,,,,,,,,,,,,,,,,,,,,,,,,,"0000-0002-4194-7642","0000-0002-0594-4276",,,"33a1f96a-79e9-431f-82b0-e0b7c075cca1"
"8d670566-9590-42ce-8f5a-ea2b6989c21e","4cbc51ed-77e7-4004-a57f-fad71bb59a6c","OAES_001.mammalGrid.mam","D11","OAES","OAES_001","C4","distributed","grasslandHerbaceous",35.413861,-99.058786,"WGS84",45.1,517.8,0.1,"6 - trap set and empty","ShermanXLK","2022-08-25","2022-08-25",,,,,,,,,,,,,,,,,,,,,,,,,,,,,,,,,,,,,,,,,,,,"0000-0002-5328-740X","0000-0000-0068-7943",,,"e4398603-9ae3-41ab-b96b-848e238fd11e"
"47a78ae6-4282-46e7-807f-8eb08a2c44c2","e68f96ac-f2ac-4363-8022-ca1ce92c49ad","OAES_002.mammalGrid.mam","D11","OAES","OAES_002","F5","distributed","grasslandHerbaceous",35.419111,-99.050850,"WGS84",45.1,516.9,0.1,"6 - trap set and empty","ShermanXLK","2022-08-25","2022-08-25",,,,,,,,,,,,,,,,,,,,,,,,,,,,,,,,,,,,,,,,,,,,"0000-0002-4194-7642","0000-0002-0594-4276",,,"5c548790-d4fa-47fc-b547-9f975786f7ec"
"b8ff411e-7365-4a60-92c7-5c16469c2a8a","e68f96ac-f2ac-4363-8022-ca1ce92c49ad","OAES_002.mammalGrid.mam","D11","OAES","OAES_002","D3","distributed","grasslandHerbaceous",35.419111,-99.050850,"WGS84",45.1,516.9,0.1,"5 - capture","ShermanXLK","2022-08-25","2022-08-25","NEON.MAM.D11.R3904",,"PELE","Peromyscus leucopus","species","cf. species","NEON.DOC.003137",,,"N","M","Y","processed",,"subadult","nonscrotal",,,,19,,73,,16,"N","N","N",,,,,,,"OAES.20220825.R3904.F","D00000022136","fresh",,,,,,,,"0000-0002-4194-7642","0000-0002-0594-4276",,,"c906ac34-bf9f-4502-8a9f-e1d9bd8181ea"
"714fc480-7370-495e-a094-f40108b8b986","4cbc51ed-77e7-4004-a57f-fad71bb59a6c","OAES_001.mammalGrid.mam","D11","OAES","OAES_001","C9","distributed","grasslandHerbaceous",35.413861,-99.058786,"WGS84",45.1,517.8,0.1,"6 - trap set and empty","ShermanXLK","2022-08-25","2022-08-25",,,,,,,,,,,,,,,,,,,,,,,,,,,,,,,,,,,,,,,,,,,,"0000-0002-5328-740X","0000-0000-0068-7943",,,"874ed9c6-3fba-4804-82e7-7330c9792015"
"a2521fea-7547-494e-b6f9-f4e2318888cd","22e5a4e7-f693-4bd3-88c5-cd7d2115a545","OAES_029.mammalGrid.mam","D11","OAES","OAES_029","C9","distributed","shrubScrub",35.416811,-99.050808,"WGS84",45.1,517.3,0.1,"6 - trap set and empty","ShermanXLK","2022-08-25","2022-08-25",,,,,,,,,,,,,,,,,,,,,,,,,,,,,,,,,,,,,,,,,,,,"0000-0002-4194-7642","0000-0002-0594-4276",,,"a0bdceb1-942f-4259-9d5a-205eabf77940"
"3e50554c-7fe4-40f1-8757-03cb105887e7","22e5a4e7-f693-4bd3-88c5-cd7d2115a545","OAES_029.mammalGrid.mam","D11","OAES","OAES_029","C8","distributed","shrubScrub",35.416811,-99.050808,"WGS84",45.1,517.3,0.1,"6 - trap set and empty","ShermanXLK","2022-08-25","2022-08-25",,,,,,,,,,,,,,,,,,,,,,,,,,,,,,,,,,,,,,,,,,,,"0000-0002-4194-7642","0000-0002-0594-4276",,,"f11a4dce-b47f-46ef-9878-7e512c6846e9"
"a5adfca7-c3d1-4822-a293-1004bfa62628","4cbc51ed-77e7-4004-a57f-fad71bb59a6c","OAES_001.mammalGrid.mam","D11","OAES","OAES_001","J9","distributed","grasslandHerbaceous",35.413861,-99.058786,"WGS84",45.1,517.8,0.1,"6 - trap set and empty","ShermanXLK","2022-08-25","2022-08-25",,,,,,,,,,,,,,,,,,,,,,,,,,,,,,,,,,,,,,,,,,,,"0000-0002-5328-740X","0000-0000-0068-7943",,,"ec537fc3-576d-4ecd-8e8d-7e44b0525bcb"
"01919375-0a8b-4910-adcd-c2b371c27f8e","4cbc51ed-77e7-4004-a57f-fad71bb59a6c","OAES_001.mammalGrid.mam","D11","OAES","OAES_001","C1","distributed","grasslandHerbaceous",35.413861,-99.058786,"WGS84",45.1,517.8,0.1,"6 - trap set and empty","ShermanXLK","2022-08-25","2022-08-25",,,,,,,,,,,,,,,,,,,,,,,,,,,,,,,,,,,,,,,,,,,,"0000-0002-5328-740X","0000-0000-0068-7943",,,"cd861544-9027-41d0-a381-60b923654580"
"83402961-3dd2-4b3e-8936-d6e50d7297b8","f1d8e7f5-fead-4bfa-b156-c6594dae7841","OAES_007.mammalGrid.mam","D11","OAES","OAES_007","F6","distributed","shrubScrub",35.419420,-99.055808,"WGS84",45.1,522.6,0.1,"6 - trap set and empty","ShermanXLK","2022-08-25","2022-08-25",,,,,,,,,,,,,,,,,,,,,,,,,,,,,,,,,,,,,,,,,,,,"0000-0000-0068-7943","0000-0002-5328-740X",,,"d8ea4edd-9a6f-4363-90fc-aafc67cf868c"
"ded8decc-d93a-4b2e-bcf7-0bb8ecd9bf84","22e5a4e7-f693-4bd3-88c5-cd7d2115a545","OAES_029.mammalGrid.mam","D11","OAES","OAES_029","E2","distributed","shrubScrub",35.416811,-99.050808,"WGS84",45.1,517.3,0.1,"6 - trap set and empty","ShermanXLK","2022-08-25","2022-08-25",,,,,,,,,,,,,,,,,,,,,,,,,,,,,,,,,,,,,,,,,,,,"0000-0002-4194-7642","0000-0002-0594-4276",,,"3248c2b3-a36c-4840-8a61-c70425631465"
"776b79c0-ebce-4352-979e-fdd1f2709b57","f1d8e7f5-fead-4bfa-b156-c6594dae7841","OAES_007.mammalGrid.mam","D11","OAES","OAES_007","B5","distributed","shrubScrub",35.419420,-99.055808,"WGS84",45.1,522.6,0.1,"6 - trap set and empty","ShermanXLK","2022-08-25","2022-08-25",,,,,,,,,,,,,,,,,,,,,,,,,,,,,,,,,,,,,,,,,,,,"0000-0000-0068-7943","0000-0002-5328-740X",,,"b48dfd6c-9346-466e-810a-950c232f2caa"
"682a7b60-29a2-475a-99f4-28f0d1e2cb3e","22e5a4e7-f693-4bd3-88c5-cd7d2115a545","OAES_029.mammalGrid.mam","D11","OAES","OAES_029","C1","distributed","shrubScrub",35.416811,-99.050808,"WGS84",45.1,517.3,0.1,"6 - trap set and empty","ShermanXLK","2022-08-25","2022-08-25",,,,,,,,,,,,,,,,,,,,,,,,,,,,,,,,,,,,,,,,,,,,"0000-0002-4194-7642","0000-0002-0594-4276",,,"a045c439-89d8-436f-835f-e5bd88b50b40"
"4de23ce6-f7ec-4cd9-9e9d-9bf935339a5d","4cbc51ed-77e7-4004-a57f-fad71bb59a6c","OAES_001.mammalGrid.mam","D11","OAES","OAES_001","C3","distributed","grasslandHerbaceous",35.413861,-99.058786,"WGS84",45.1,517.8,0.1,"6 - trap set and empty","ShermanXLK","2022-08-25","2022-08-25",,,,,,,,,,,,,,,,,,,,,,,,,,,,,,,,,,,,,,,,,,,,"0000-0002-5328-740X","0000-0000-0068-7943",,,"28c3973d-089a-4391-aa9c-42065fdec605"
"d070b960-a357-4ae4-b349-f2b81636cc51","4cbc51ed-77e7-4004-a57f-fad71bb59a6c","OAES_001.mammalGrid.mam","D11","OAES","OAES_001","D5","distributed","grasslandHerbaceous",35.413861,-99.058786,"WGS84",45.1,517.8,0.1,"6 - trap set and empty","ShermanXLK","2022-08-25","2022-08-25",,,,,,,,,,,,,,,,,,,,,,,,,,,,,,,,,,,,,,,,,,,,"0000-0002-5328-740X","0000-0000-0068-7943",,,"a7f8f084-7d02-435e-877b-2df0b17e1966"
"fa2be66e-24ec-42a1-893b-9cdca410f532","e68f96ac-f2ac-4363-8022-ca1ce92c49ad","OAES_002.mammalGrid.mam","D11","OAES","OAES_002","I2","distributed","grasslandHerbaceous",35.419111,-99.050850,"WGS84",45.1,516.9,0.1,"5 - capture","ShermanXLK","2022-08-25","2022-08-25","NEON.MAM.D11.R3941",,"SIHI","Sigmodon hispidus","species",,"NEON.DOC.003137",,,"N","F","N","processed",,"subadult",,"nonenlarged","not","not plugged",29,,,,74,"U","U","U",,,,"OAES.20220825.R3941.B","D00000185275","mandibular",,,,"OAES.20220825.R3941.E","D00000022174","OAES.20220825.R3941.H","D00000186149","hairAndWhisker",,,"0000-0002-4194-7642","0000-0002-0594-4276",,,"adfb35a4-19a8-4070-a16c-1dfb91273021"
"61a8ab06-6f18-4c2f-9919-11539d6367e7","f1d8e7f5-fead-4bfa-b156-c6594dae7841","OAES_007.mammalGrid.mam","D11","OAES","OAES_007","A3","distributed","shrubScrub",35.419420,-99.055808,"WGS84",45.1,522.6,0.1,"6 - trap set and empty","ShermanXLK","2022-08-25","2022-08-25",,,,,,,,,,,,,,,,,,,,,,,,,,,,,,,,,,,,,,,,,,,,"0000-0000-0068-7943","0000-0002-5328-740X",,,"67e0a53b-6add-4528-90d6-be80341dd6c6"
"fa8032a6-0267-4fe6-9e16-11f7f079cd49","f1d8e7f5-fead-4bfa-b156-c6594dae7841","OAES_007.mammalGrid.mam","D11","OAES","OAES_007","A6","distributed","shrubScrub",35.419420,-99.055808,"WGS84",45.1,522.6,0.1,"6 - trap set and empty","ShermanXLK","2022-08-25","2022-08-25",,,,,,,,,,,,,,,,,,,,,,,,,,,,,,,,,,,,,,,,,,,,"0000-0000-0068-7943","0000-0002-5328-740X",,,"340dc2b9-08b2-4669-bbb6-d7d765d25043"
"31b6e3b6-a613-448f-be9f-3708b680863a","e68f96ac-f2ac-4363-8022-ca1ce92c49ad","OAES_002.mammalGrid.mam","D11","OAES","OAES_002","H7","distributed","grasslandHerbaceous",35.419111,-99.050850,"WGS84",45.1,516.9,0.1,"6 - trap set and empty","ShermanXLK","2022-08-25","2022-08-25",,,,,,,,,,,,,,,,,,,,,,,,,,,,,,,,,,,,,,,,,,,,"0000-0002-4194-7642","0000-0002-0594-4276",,,"e361f1a0-111b-417e-a4ee-54aca086e417"
"a88bdab8-eb87-4190-b789-af1d77e8cd98","22e5a4e7-f693-4bd3-88c5-cd7d2115a545","OAES_029.mammalGrid.mam","D11","OAES","OAES_029","F3","distributed","shrubScrub",35.416811,-99.050808,"WGS84",45.1,517.3,0.1,"6 - trap set and empty","ShermanXLK","2022-08-25","2022-08-25",,,,,,,,,,,,,,,,,,,,,,,,,,,,,,,,,,,,,,,,,,,,"0000-0002-4194-7642","0000-0002-0594-4276",,,"c5d3f2c9-ac6c-4d38-9345-c6f8b0328b1b"
"95a046ca-25bd-4944-9423-14afe908cabc","e68f96ac-f2ac-4363-8022-ca1ce92c49ad","OAES_002.mammalGrid.mam","D11","OAES","OAES_002","A5","distributed","grasslandHerbaceous",35.419111,-99.050850,"WGS84",45.1,516.9,0.1,"6 - trap set and empty","ShermanXLK","2022-08-25","2022-08-25",,,,,,,,,,,,,,,,,,,,,,,,,,,,,,,,,,,,,,,,,,,,"0000-0002-4194-7642","0000-0002-0594-4276",,,"443eaab5-0bdf-47d4-9178-db44710e72f4"
"159e3f10-d732-4e08-94ed-3ee4f9506706","e68f96ac-f2ac-4363-8022-ca1ce92c49ad","OAES_002.mammalGrid.mam","D11","OAES","OAES_002","D8","distributed","grasslandHerbaceous",35.419111,-99.050850,"WGS84",45.1,516.9,0.1,"6 - trap set and empty","ShermanXLK","2022-08-25","2022-08-25",,,,,,,,,,,,,,,,,,,,,,,,,,,,,,,,,,,,,,,,,,,,"0000-0002-4194-7642","0000-0002-0594-4276",,,"3acd0c00-9e23-4d74-b8d0-4050c5ddf0bd"
"a864b05d-da55-4829-bde9-0644353df57d","22e5a4e7-f693-4bd3-88c5-cd7d2115a545","OAES_029.mammalGrid.mam","D11","OAES","OAES_029","E10","distributed","shrubScrub",35.416811,-99.050808,"WGS84",45.1,517.3,0.1,"6 - trap set and empty","ShermanXLK","2022-08-25","2022-08-25",,,,,,,,,,,,,,,,,,,,,,,,,,,,,,,,,,,,,,,,,,,,"0000-0002-4194-7642","0000-0002-0594-4276",,,"5af94ce3-df85-46b3-b804-6d7ba33c89a4"
"06654a19-7784-4340-b308-34b65ca0f92c","22e5a4e7-f693-4bd3-88c5-cd7d2115a545","OAES_029.mammalGrid.mam","D11","OAES","OAES_029","H6","distributed","shrubScrub",35.416811,-99.050808,"WGS84",45.1,517.3,0.1,"3 - trap door open or closed w/ spoor left","ShermanXLK","2022-08-25","2022-08-25",,,,,,,,,,,,,,,,,,,,,,,,,,,,,,,,,,,,,,,,,,,,"0000-0002-4194-7642","0000-0002-0594-4276",,,"c8683c7b-54cf-493a-80ca-606de85f420a"
"74ccd0f8-a8a4-4222-b724-c5ab3eade66a","e68f96ac-f2ac-4363-8022-ca1ce92c49ad","OAES_002.mammalGrid.mam","D11","OAES","OAES_002","G9","distributed","grasslandHerbaceous",35.419111,-99.050850,"WGS84",45.1,516.9,0.1,"6 - trap set and empty","ShermanXLK","2022-08-25","2022-08-25",,,,,,,,,,,,,,,,,,,,,,,,,,,,,,,,,,,,,,,,,,,,"0000-0002-4194-7642","0000-0002-0594-4276",,,"8898400c-349c-4d5e-8b71-bb0f07497f1b"
"f14ac3d7-55ca-45c3-a064-bd19a511fd01","4cbc51ed-77e7-4004-a57f-fad71bb59a6c","OAES_001.mammalGrid.mam","D11","OAES","OAES_001","B8","distributed","grasslandHerbaceous",35.413861,-99.058786,"WGS84",45.1,517.8,0.1,"6 - trap set and empty","ShermanXLK","2022-08-25","2022-08-25",,,,,,,,,,,,,,,,,,,,,,,,,,,,,,,,,,,,,,,,,,,,"0000-0002-5328-740X","0000-0000-0068-7943",,,"52adf9bf-4cff-4d58-a567-5e3b4f7a11ff"
"975c5350-62dd-467d-a1fa-decac0ad5593","e68f96ac-f2ac-4363-8022-ca1ce92c49ad","OAES_002.mammalGrid.mam","D11","OAES","OAES_002","F3","distributed","grasslandHerbaceous",35.419111,-99.050850,"WGS84",45.1,516.9,0.1,"6 - trap set and empty","ShermanXLK","2022-08-25","2022-08-25",,,,,,,,,,,,,,,,,,,,,,,,,,,,,,,,,,,,,,,,,,,,"0000-0002-4194-7642","0000-0002-0594-4276",,,"d49b93a8-aaf9-4494-a5c9-4fa3489dedfe"
"67687663-8115-4b08-addc-8c72fe799784","e68f96ac-f2ac-4363-8022-ca1ce92c49ad","OAES_002.mammalGrid.mam","D11","OAES","OAES_002","G10","distributed","grasslandHerbaceous",35.419111,-99.050850,"WGS84",45.1,516.9,0.1,"6 - trap set and empty","ShermanXLK","2022-08-25","2022-08-25",,,,,,,,,,,,,,,,,,,,,,,,,,,,,,,,,,,,,,,,,,,,"0000-0002-4194-7642","0000-0002-0594-4276",,,"db4db0aa-054c-40f5-9352-12b09bb3826e"
"366087ad-22e8-4642-866a-cdc1a4774b8c","e68f96ac-f2ac-4363-8022-ca1ce92c49ad","OAES_002.mammalGrid.mam","D11","OAES","OAES_002","A4","distributed","grasslandHerbaceous",35.419111,-99.050850,"WGS84",45.1,516.9,0.1,"5 - capture","ShermanXLK","2022-08-25","2022-08-25","NEON.MAM.D11.373716",,"CHHI","Chaetodipus hispidus","species",,"NEON.DOC.003137",,,"N","M","Y","processed",,"adult","nonscrotal",,,,25,,,,28,"N","N","N",,,,,,,"OAES.20220825.373716.F","D00000022178","fresh",,,,,,,,"0000-0002-4194-7642","0000-0002-0594-4276",,,"37f76190-f66c-4af3-9842-6632008ca89a"
"7aace671-0f96-4f64-a8d4-fdfc3f035539","e68f96ac-f2ac-4363-8022-ca1ce92c49ad","OAES_002.mammalGrid.mam","D11","OAES","OAES_002","D10","distributed","grasslandHerbaceous",35.419111,-99.050850,"WGS84",45.1,516.9,0.1,"6 - trap set and empty","ShermanXLK","2022-08-25","2022-08-25",,,,,,,,,,,,,,,,,,,,,,,,,,,,,,,,,,,,,,,,,,,,"0000-0002-4194-7642","0000-0002-0594-4276",,,"195a5544-f279-4648-a9fc-1157b6200f8e"
"2a1e7990-7a8d-4d7f-b908-8c845758e80c","e68f96ac-f2ac-4363-8022-ca1ce92c49ad","OAES_002.mammalGrid.mam","D11","OAES","OAES_002","B10","distributed","grasslandHerbaceous",35.419111,-99.050850,"WGS84",45.1,516.9,0.1,"6 - trap set and empty","ShermanXLK","2022-08-25","2022-08-25",,,,,,,,,,,,,,,,,,,,,,,,,,,,,,,,,,,,,,,,,,,,"0000-0002-4194-7642","0000-0002-0594-4276",,,"b3d684c4-8c03-4df1-9eff-c320894dfc21"
"9a169de1-1cf1-4806-b3ce-e81078452c7e","e68f96ac-f2ac-4363-8022-ca1ce92c49ad","OAES_002.mammalGrid.mam","D11","OAES","OAES_002","C2","distributed","grasslandHerbaceous",35.419111,-99.050850,"WGS84",45.1,516.9,0.1,"5 - capture","ShermanXLK","2022-08-25","2022-08-25","NEON.MAM.D11.R3901",,"PELE","Peromyscus leucopus","species","cf. species","NEON.DOC.003137",,,"N","M","Y","processed",,"adult","nonscrotal",,,,21,,71,,19,"N","N","N",,,,,,,"OAES.20220825.R3901.F","D00000022168","fresh",,,,,,,,"0000-0002-4194-7642","0000-0002-0594-4276",,,"78722176-ddc8-4d1f-89b2-eefcaeaa2995"
"888228c9-9231-4fad-93f0-450562387706","22e5a4e7-f693-4bd3-88c5-cd7d2115a545","OAES_029.mammalGrid.mam","D11","OAES","OAES_029","J7","distributed","shrubScrub",35.416811,-99.050808,"WGS84",45.1,517.3,0.1,"3 - trap door open or closed w/ spoor left","ShermanXLK","2022-08-25","2022-08-25",,,,,,,,,,,,,,,,,,,,,,,,,,,,,,,,,,,,,,,,,,,,"0000-0002-4194-7642","0000-0002-0594-4276",,,"497d1474-086f-479d-928b-caf38d3e5a05"
"85c5167e-4622-4916-8ce8-74357d8aacfb","f1d8e7f5-fead-4bfa-b156-c6594dae7841","OAES_007.mammalGrid.mam","D11","OAES","OAES_007","F8","distributed","shrubScrub",35.419420,-99.055808,"WGS84",45.1,522.6,0.1,"6 - trap set and empty","ShermanXLK","2022-08-25","2022-08-25",,,,,,,,,,,,,,,,,,,,,,,,,,,,,,,,,,,,,,,,,,,,"0000-0000-0068-7943","0000-0002-5328-740X",,,"e9d35766-9a52-4bd1-a52d-8e2aa6eb9110"
"9017194c-b2ee-4ce7-b271-c403c3e30c55","22e5a4e7-f693-4bd3-88c5-cd7d2115a545","OAES_029.mammalGrid.mam","D11","OAES","OAES_029","G4","distributed","shrubScrub",35.416811,-99.050808,"WGS84",45.1,517.3,0.1,"6 - trap set and empty","ShermanXLK","2022-08-25","2022-08-25",,,,,,,,,,,,,,,,,,,,,,,,,,,,,,,,,,,,,,,,,,,,"0000-0002-4194-7642","0000-0002-0594-4276",,,"abc6ef73-7096-4997-8cea-fc278c8fa416"
"9d2f42b5-6fd1-482a-bc4a-745c6112994f","f1d8e7f5-fead-4bfa-b156-c6594dae7841","OAES_007.mammalGrid.mam","D11","OAES","OAES_007","H3","distributed","shrubScrub",35.419420,-99.055808,"WGS84",45.1,522.6,0.1,"3 - trap door open or closed w/ spoor left","ShermanXLK","2022-08-25","2022-08-25",,,,,,,,,,,,,,,,,,,,,,,,,,,,,,,,,,,,,,,,,,,,"0000-0000-0068-7943","0000-0002-5328-740X",,,"9458f794-bf2b-4ec6-98e5-a50c949877eb"
"30f6ecbe-2380-40f6-8cca-f66ff5650a52","e68f96ac-f2ac-4363-8022-ca1ce92c49ad","OAES_002.mammalGrid.mam","D11","OAES","OAES_002","G3","distributed","grasslandHerbaceous",35.419111,-99.050850,"WGS84",45.1,516.9,0.1,"6 - trap set and empty","ShermanXLK","2022-08-25","2022-08-25",,,,,,,,,,,,,,,,,,,,,,,,,,,,,,,,,,,,,,,,,,,,"0000-0002-4194-7642","0000-0002-0594-4276",,,"a1d49715-d480-4ac1-b552-8a55cf2bd005"
"8926106c-76ee-422d-bb42-eab59f0c5003","f1d8e7f5-fead-4bfa-b156-c6594dae7841","OAES_007.mammalGrid.mam","D11","OAES","OAES_007","G5","distributed","shrubScrub",35.419420,-99.055808,"WGS84",45.1,522.6,0.1,"6 - trap set and empty","ShermanXLK","2022-08-25","2022-08-25",,,,,,,,,,,,,,,,,,,,,,,,,,,,,,,,,,,,,,,,,,,,"0000-0000-0068-7943","0000-0002-5328-740X",,,"78e2c968-7afd-4461-98e2-673177269063"
"e7d91dfb-8b3d-4a20-b4df-496a8770bc79","f1d8e7f5-fead-4bfa-b156-c6594dae7841","OAES_007.mammalGrid.mam","D11","OAES","OAES_007","E8","distributed","shrubScrub",35.419420,-99.055808,"WGS84",45.1,522.6,0.1,"6 - trap set and empty","ShermanXLK","2022-08-25","2022-08-25",,,,,,,,,,,,,,,,,,,,,,,,,,,,,,,,,,,,,,,,,,,,"0000-0000-0068-7943","0000-0002-5328-740X",,,"a1e95786-372d-4306-b9ee-54976a17e347"
"1dea7b23-0210-47aa-a2f9-eef79858d331","f1d8e7f5-fead-4bfa-b156-c6594dae7841","OAES_007.mammalGrid.mam","D11","OAES","OAES_007","A9","distributed","shrubScrub",35.419420,-99.055808,"WGS84",45.1,522.6,0.1,"6 - trap set and empty","ShermanXLK","2022-08-25","2022-08-25",,,,,,,,,,,,,,,,,,,,,,,,,,,,,,,,,,,,,,,,,,,,"0000-0000-0068-7943","0000-0002-5328-740X",,,"734514cc-4cae-433a-bfcc-b9cc91635d54"
"4099060a-18ad-46ef-8fc9-5a309f3971f3","4cbc51ed-77e7-4004-a57f-fad71bb59a6c","OAES_001.mammalGrid.mam","D11","OAES","OAES_001","D9","distributed","grasslandHerbaceous",35.413861,-99.058786,"WGS84",45.1,517.8,0.1,"6 - trap set and empty","ShermanXLK","2022-08-25","2022-08-25",,,,,,,,,,,,,,,,,,,,,,,,,,,,,,,,,,,,,,,,,,,,"0000-0002-5328-740X","0000-0000-0068-7943",,,"27421ffb-9d67-4db6-b350-4192c16c1574"
"326d9314-191c-41cf-bc88-9b9b340a0843","4cbc51ed-77e7-4004-a57f-fad71bb59a6c","OAES_001.mammalGrid.mam","D11","OAES","OAES_001","B9","distributed","grasslandHerbaceous",35.413861,-99.058786,"WGS84",45.1,517.8,0.1,"6 - trap set and empty","ShermanXLK","2022-08-25","2022-08-25",,,,,,,,,,,,,,,,,,,,,,,,,,,,,,,,,,,,,,,,,,,,"0000-0002-5328-740X","0000-0000-0068-7943",,,"ca622031-28db-40d3-86b4-1c54baddc124"
"238a98f8-e30a-4a8e-9b9c-555764a9aa55","4cbc51ed-77e7-4004-a57f-fad71bb59a6c","OAES_001.mammalGrid.mam","D11","OAES","OAES_001","C8","distributed","grasslandHerbaceous",35.413861,-99.058786,"WGS84",45.1,517.8,0.1,"6 - trap set and empty","ShermanXLK","2022-08-25","2022-08-25",,,,,,,,,,,,,,,,,,,,,,,,,,,,,,,,,,,,,,,,,,,,"0000-0002-5328-740X","0000-0000-0068-7943",,,"9a0f08e1-b4d5-4361-b9c9-168f9fbea195"
"caab9ec1-1530-4490-b1c6-c4d6f7fa567f","4cbc51ed-77e7-4004-a57f-fad71bb59a6c","OAES_001.mammalGrid.mam","D11","OAES","OAES_001","F1","distributed","grasslandHerbaceous",35.413861,-99.058786,"WGS84",45.1,517.8,0.1,"6 - trap set and empty","ShermanXLK","2022-08-25","2022-08-25",,,,,,,,,,,,,,,,,,,,,,,,,,,,,,,,,,,,,,,,,,,,"0000-0002-5328-740X","0000-0000-0068-7943",,,"83949efd-8190-42f4-a735-7d1c31987e6f"
"6428581a-59bc-42ed-95f2-8607dced3ef4","e68f96ac-f2ac-4363-8022-ca1ce92c49ad","OAES_002.mammalGrid.mam","D11","OAES","OAES_002","D5","distributed","grasslandHerbaceous",35.419111,-99.050850,"WGS84",45.1,516.9,0.1,"6 - trap set and empty","ShermanXLK","2022-08-25","2022-08-25",,,,,,,,,,,,,,,,,,,,,,,,,,,,,,,,,,,,,,,,,,,,"0000-0002-4194-7642","0000-0002-0594-4276",,,"b267bda5-6cc3-476a-92c2-8175059b2751"
"073ad00a-a178-49ca-9308-646937d3e18c","e68f96ac-f2ac-4363-8022-ca1ce92c49ad","OAES_002.mammalGrid.mam","D11","OAES","OAES_002","D4","distributed","grasslandHerbaceous",35.419111,-99.050850,"WGS84",45.1,516.9,0.1,"6 - trap set and empty","ShermanXLK","2022-08-25","2022-08-25",,,,,,,,,,,,,,,,,,,,,,,,,,,,,,,,,,,,,,,,,,,,"0000-0002-4194-7642","0000-0002-0594-4276",,,"0eab5029-ba7c-43e7-8b02-1fa3b6f7bfb0"
"99025a8b-a151-436b-a30d-4df12d4a9db4","4cbc51ed-77e7-4004-a57f-fad71bb59a6c","OAES_001.mammalGrid.mam","D11","OAES","OAES_001","H10","distributed","grasslandHerbaceous",35.413861,-99.058786,"WGS84",45.1,517.8,0.1,"6 - trap set and empty","ShermanXLK","2022-08-25","2022-08-25",,,,,,,,,,,,,,,,,,,,,,,,,,,,,,,,,,,,,,,,,,,,"0000-0002-5328-740X","0000-0000-0068-7943",,,"9b988de1-2040-47fa-8078-614f9792aaf2"
"b4ae23e7-e135-4838-bba7-f8066a8637c4","e68f96ac-f2ac-4363-8022-ca1ce92c49ad","OAES_002.mammalGrid.mam","D11","OAES","OAES_002","A8","distributed","grasslandHerbaceous",35.419111,-99.050850,"WGS84",45.1,516.9,0.1,"6 - trap set and empty","ShermanXLK","2022-08-25","2022-08-25",,,,,,,,,,,,,,,,,,,,,,,,,,,,,,,,,,,,,,,,,,,,"0000-0002-4194-7642","0000-0002-0594-4276",,,"286255d8-9afb-4a4f-87b8-7d0342a1d436"
"d39d2d66-ae8b-4399-b22e-b531dbd2077f","22e5a4e7-f693-4bd3-88c5-cd7d2115a545","OAES_029.mammalGrid.mam","D11","OAES","OAES_029","E1","distributed","shrubScrub",35.416811,-99.050808,"WGS84",45.1,517.3,0.1,"6 - trap set and empty","ShermanXLK","2022-08-25","2022-08-25",,,,,,,,,,,,,,,,,,,,,,,,,,,,,,,,,,,,,,,,,,,,"0000-0002-4194-7642","0000-0002-0594-4276",,,"b82edd78-2cf8-416f-9acc-0450e362b0b7"
"8ae0b2ae-d615-4a8a-b028-bfb6de9b7d8c","e68f96ac-f2ac-4363-8022-ca1ce92c49ad","OAES_002.mammalGrid.mam","D11","OAES","OAES_002","D6","distributed","grasslandHerbaceous",35.419111,-99.050850,"WGS84",45.1,516.9,0.1,"6 - trap set and empty","ShermanXLK","2022-08-25","2022-08-25",,,,,,,,,,,,,,,,,,,,,,,,,,,,,,,,,,,,,,,,,,,,"0000-0002-4194-7642","0000-0002-0594-4276",,,"391aa2f8-7e4a-45a2-89b4-a68642eb9cc0"
"051277e3-c83e-4839-b600-6368ca753f59","e68f96ac-f2ac-4363-8022-ca1ce92c49ad","OAES_002.mammalGrid.mam","D11","OAES","OAES_002","F7","distributed","grasslandHerbaceous",35.419111,-99.050850,"WGS84",45.1,516.9,0.1,"6 - trap set and empty","ShermanXLK","2022-08-25","2022-08-25",,,,,,,,,,,,,,,,,,,,,,,,,,,,,,,,,,,,,,,,,,,,"0000-0002-4194-7642","0000-0002-0594-4276",,,"94bafb9b-f3c9-4c65-9e99-0824e1135f83"
"ee07a198-163e-424f-ba10-ab27743e1dfa","4cbc51ed-77e7-4004-a57f-fad71bb59a6c","OAES_001.mammalGrid.mam","D11","OAES","OAES_001","B5","distributed","grasslandHerbaceous",35.413861,-99.058786,"WGS84",45.1,517.8,0.1,"6 - trap set and empty","ShermanXLK","2022-08-25","2022-08-25",,,,,,,,,,,,,,,,,,,,,,,,,,,,,,,,,,,,,,,,,,,,"0000-0002-5328-740X","0000-0000-0068-7943",,,"8b4b8cc2-8a28-4556-b64c-e5c09e27484d"
"d71a6381-3edf-4d0b-906b-1f03ecc0dfd9","22e5a4e7-f693-4bd3-88c5-cd7d2115a545","OAES_029.mammalGrid.mam","D11","OAES","OAES_029","I4","distributed","shrubScrub",35.416811,-99.050808,"WGS84",45.1,517.3,0.1,"5 - capture","ShermanXLK","2022-08-25","2022-08-25","NEON.MAM.D11.373683",,"PEFL","Perognathus flavus","species",,"NEON.DOC.003137",,,"N","M","N","processed",,"adult","nonscrotal",,,,,,,,7,"N","N","N",,,,,,,"OAES.20220825.373683.F","D00000022182","fresh","OAES.20220825.373683.E","D00000185566",,,,,,"0000-0002-4194-7642","0000-0002-0594-4276",,,"be292007-269c-4ce4-bab4-9d7dc850ac0c"
"d7ebca41-9187-4a60-b615-1d07e972a61f","22e5a4e7-f693-4bd3-88c5-cd7d2115a545","OAES_029.mammalGrid.mam","D11","OAES","OAES_029","F10","distributed","shrubScrub",35.416811,-99.050808,"WGS84",45.1,517.3,0.1,"6 - trap set and empty","ShermanXLK","2022-08-25","2022-08-25",,,,,,,,,,,,,,,,,,,,,,,,,,,,,,,,,,,,,,,,,,,,"0000-0002-4194-7642","0000-0002-0594-4276",,,"f58709b4-f55b-4933-9749-343ddeffeffa"
"44e115e6-c9ef-44d8-8106-46f5846ce493","e68f96ac-f2ac-4363-8022-ca1ce92c49ad","OAES_002.mammalGrid.mam","D11","OAES","OAES_002","C3","distributed","grasslandHerbaceous",35.419111,-99.050850,"WGS84",45.1,516.9,0.1,"6 - trap set and empty","ShermanXLK","2022-08-25","2022-08-25",,,,,,,,,,,,,,,,,,,,,,,,,,,,,,,,,,,,,,,,,,,,"0000-0002-4194-7642","0000-0002-0594-4276",,,"2520d862-a24d-4b1d-9d4f-74631d42722e"
"cf12dd15-c198-4cf3-bf3b-3027aa6b1e70","f1d8e7f5-fead-4bfa-b156-c6594dae7841","OAES_007.mammalGrid.mam","D11","OAES","OAES_007","D2","distributed","shrubScrub",35.419420,-99.055808,"WGS84",45.1,522.6,0.1,"5 - capture","ShermanXLK","2022-08-25","2022-08-25","NEON.MAM.D11.R2959",,"PELE","Peromyscus leucopus","species",,,,,"N","M","Y","processed",,"adult","nonscrotal",,,,19,13,93,173,15,"N","N","N",,,,"OAES.20220825.R2959.B","D00000185470","mandibular - QNS","OAES.20220825.R2959.F","D00000185721","fresh","OAES.20220825.R2959.E","D00000185724","OAES.20220825.R2959.H","D00000186143","hairAndWhisker",,,"0000-0000-0068-7943","0000-0002-5328-740X",,,"9285eb86-8820-404e-916f-d9cc527d647e"
"07297b6a-075d-426c-a812-99a0e4bcf588","f1d8e7f5-fead-4bfa-b156-c6594dae7841","OAES_007.mammalGrid.mam","D11","OAES","OAES_007","A5","distributed","shrubScrub",35.419420,-99.055808,"WGS84",45.1,522.6,0.1,"6 - trap set and empty","ShermanXLK","2022-08-25","2022-08-25",,,,,,,,,,,,,,,,,,,,,,,,,,,,,,,,,,,,,,,,,,,,"0000-0000-0068-7943","0000-0002-5328-740X",,,"e0af2ea0-75fc-4d86-90d7-fc4700bf2c8b"
"29942d73-6623-4ef8-8b4e-47f8b1ef58e4","4cbc51ed-77e7-4004-a57f-fad71bb59a6c","OAES_001.mammalGrid.mam","D11","OAES","OAES_001","D4","distributed","grasslandHerbaceous",35.413861,-99.058786,"WGS84",45.1,517.8,0.1,"6 - trap set and empty","ShermanXLK","2022-08-25","2022-08-25",,,,,,,,,,,,,,,,,,,,,,,,,,,,,,,,,,,,,,,,,,,,"0000-0002-5328-740X","0000-0000-0068-7943",,,"7e58d7a4-099f-47d0-84ac-146b198c268e"
"29cae52a-66c1-4097-b65a-fc245e34280a","f1d8e7f5-fead-4bfa-b156-c6594dae7841","OAES_007.mammalGrid.mam","D11","OAES","OAES_007","J7","distributed","shrubScrub",35.419420,-99.055808,"WGS84",45.1,522.6,0.1,"6 - trap set and empty","ShermanXLK","2022-08-25","2022-08-25",,,,,,,,,,,,,,,,,,,,,,,,,,,,,,,,,,,,,,,,,,,,"0000-0000-0068-7943","0000-0002-5328-740X",,,"741466e0-abac-4a01-b500-7d71e06bb38b"
"602e2f0d-0ab0-4323-8b2b-fbd56daed6a1","4cbc51ed-77e7-4004-a57f-fad71bb59a6c","OAES_001.mammalGrid.mam","D11","OAES","OAES_001","H7","distributed","grasslandHerbaceous",35.413861,-99.058786,"WGS84",45.1,517.8,0.1,"6 - trap set and empty","ShermanXLK","2022-08-25","2022-08-25",,,,,,,,,,,,,,,,,,,,,,,,,,,,,,,,,,,,,,,,,,,,"0000-0002-5328-740X","0000-0000-0068-7943",,,"4c0485f7-04d5-4d7e-9a51-f84aad501d87"
"048cf35e-75ea-42f3-8d18-cd83f31936e0","22e5a4e7-f693-4bd3-88c5-cd7d2115a545","OAES_029.mammalGrid.mam","D11","OAES","OAES_029","J2","distributed","shrubScrub",35.416811,-99.050808,"WGS84",45.1,517.3,0.1,"6 - trap set and empty","ShermanXLK","2022-08-25","2022-08-25",,,,,,,,,,,,,,,,,,,,,,,,,,,,,,,,,,,,,,,,,,,,"0000-0002-4194-7642","0000-0002-0594-4276",,,"51a3daba-74e2-4ae1-a222-bf545f646312"
"7f4091d3-3ba0-4b9e-aa1f-4c9fe1567310","f1d8e7f5-fead-4bfa-b156-c6594dae7841","OAES_007.mammalGrid.mam","D11","OAES","OAES_007","B8","distributed","shrubScrub",35.419420,-99.055808,"WGS84",45.1,522.6,0.1,"6 - trap set and empty","ShermanXLK","2022-08-25","2022-08-25",,,,,,,,,,,,,,,,,,,,,,,,,,,,,,,,,,,,,,,,,,,,"0000-0000-0068-7943","0000-0002-5328-740X",,,"feb7a8cf-f4a1-4941-8dff-06e7acaf99b3"
"da8ebb9f-a006-4f66-b660-dd863a3dacab","22e5a4e7-f693-4bd3-88c5-cd7d2115a545","OAES_029.mammalGrid.mam","D11","OAES","OAES_029","D4","distributed","shrubScrub",35.416811,-99.050808,"WGS84",45.1,517.3,0.1,"6 - trap set and empty","ShermanXLK","2022-08-25","2022-08-25",,,,,,,,,,,,,,,,,,,,,,,,,,,,,,,,,,,,,,,,,,,,"0000-0002-4194-7642","0000-0002-0594-4276",,,"6f1e0711-d391-4a34-9679-e2838849ccd1"
"9563eb2e-cc2e-460e-a43d-ead690ad3a52","4cbc51ed-77e7-4004-a57f-fad71bb59a6c","OAES_001.mammalGrid.mam","D11","OAES","OAES_001","B10","distributed","grasslandHerbaceous",35.413861,-99.058786,"WGS84",45.1,517.8,0.1,"6 - trap set and empty","ShermanXLK","2022-08-25","2022-08-25",,,,,,,,,,,,,,,,,,,,,,,,,,,,,,,,,,,,,,,,,,,,"0000-0002-5328-740X","0000-0000-0068-7943",,,"00adac96-ff0c-4f89-853a-3b0c976fcac1"
"388d2134-2b6b-4bcf-89db-997ae9b2a0d7","4cbc51ed-77e7-4004-a57f-fad71bb59a6c","OAES_001.mammalGrid.mam","D11","OAES","OAES_001","B4","distributed","grasslandHerbaceous",35.413861,-99.058786,"WGS84",45.1,517.8,0.1,"6 - trap set and empty","ShermanXLK","2022-08-25","2022-08-25",,,,,,,,,,,,,,,,,,,,,,,,,,,,,,,,,,,,,,,,,,,,"0000-0002-5328-740X","0000-0000-0068-7943",,,"63550174-5fb7-49c3-91ee-e4a60d101cbc"
"78252582-0457-41a3-8e7b-898cd0962e2a","4cbc51ed-77e7-4004-a57f-fad71bb59a6c","OAES_001.mammalGrid.mam","D11","OAES","OAES_001","H5","distributed","grasslandHerbaceous",35.413861,-99.058786,"WGS84",45.1,517.8,0.1,"6 - trap set and empty","ShermanXLK","2022-08-25","2022-08-25",,,,,,,,,,,,,,,,,,,,,,,,,,,,,,,,,,,,,,,,,,,,"0000-0002-5328-740X","0000-0000-0068-7943",,,"5c8cbdc0-b82d-424d-976b-e534d2a0a2b9"
"b71625a8-f7d0-47c4-b493-b72b50878312","22e5a4e7-f693-4bd3-88c5-cd7d2115a545","OAES_029.mammalGrid.mam","D11","OAES","OAES_029","I5","distributed","shrubScrub",35.416811,-99.050808,"WGS84",45.1,517.3,0.1,"6 - trap set and empty","ShermanXLK","2022-08-25","2022-08-25",,,,,,,,,,,,,,,,,,,,,,,,,,,,,,,,,,,,,,,,,,,,"0000-0002-4194-7642","0000-0002-0594-4276",,,"da92970f-0b3d-48d7-9ac6-ffdab5332a7d"
"8dca2a8d-34e6-48f5-bd45-23481b88e605","f1d8e7f5-fead-4bfa-b156-c6594dae7841","OAES_007.mammalGrid.mam","D11","OAES","OAES_007","F7","distributed","shrubScrub",35.419420,-99.055808,"WGS84",45.1,522.6,0.1,"6 - trap set and empty","ShermanXLK","2022-08-25","2022-08-25",,,,,,,,,,,,,,,,,,,,,,,,,,,,,,,,,,,,,,,,,,,,"0000-0000-0068-7943","0000-0002-5328-740X",,,"fd1f2f30-9f8a-4f51-a861-0ea15fe0025f"
"d85917e6-3136-4ed4-a41b-dc6825a6d588","22e5a4e7-f693-4bd3-88c5-cd7d2115a545","OAES_029.mammalGrid.mam","D11","OAES","OAES_029","H3","distributed","shrubScrub",35.416811,-99.050808,"WGS84",45.1,517.3,0.1,"2 - trap disturbed/door closed but empty","ShermanXLK","2022-08-25","2022-08-25",,,,,,,,,,,,,,,,,,,,,,,,,,,,,,,,,,,,,,,,,,,,"0000-0002-4194-7642","0000-0002-0594-4276",,,"734863f0-fa20-4e80-936b-ff05f2687991"
"896ec5ed-01e9-4540-8e03-1958794347bf","f1d8e7f5-fead-4bfa-b156-c6594dae7841","OAES_007.mammalGrid.mam","D11","OAES","OAES_007","E10","distributed","shrubScrub",35.419420,-99.055808,"WGS84",45.1,522.6,0.1,"5 - capture","ShermanXLK","2022-08-25","2022-08-25","NEON.MAM.D11.R3605",,"SIHI","Sigmodon hispidus","species",,,,,"N","M","N","processed",,"adult","scrotal",,,,26,,102,,137,"Y","N","N","1-5",,,,,"unsuccessful","OAES.20220825.R3605.F","D00000185753","fresh","OAES.20220825.R3605.E","D00000185729","OAES.20220825.R3605.H","D00000020868","hairAndWhisker",,,"0000-0000-0068-7943","0000-0002-5328-740X",,,"1ea6c1f3-e83b-4aac-8229-fbd34c70351c"
"f46bc3e6-5e28-4bfd-81f9-5a613f519f9c","e68f96ac-f2ac-4363-8022-ca1ce92c49ad","OAES_002.mammalGrid.mam","D11","OAES","OAES_002","C4","distributed","grasslandHerbaceous",35.419111,-99.050850,"WGS84",45.1,516.9,0.1,"6 - trap set and empty","ShermanXLK","2022-08-25","2022-08-25",,,,,,,,,,,,,,,,,,,,,,,,,,,,,,,,,,,,,,,,,,,,"0000-0002-4194-7642","0000-0002-0594-4276",,,"44dddb17-cdaa-44e9-972c-c1f565f73711"
"504ccdef-03d6-4f66-a676-d0bbcce89685","22e5a4e7-f693-4bd3-88c5-cd7d2115a545","OAES_029.mammalGrid.mam","D11","OAES","OAES_029","B3","distributed","shrubScrub",35.416811,-99.050808,"WGS84",45.1,517.3,0.1,"6 - trap set and empty","ShermanXLK","2022-08-25","2022-08-25",,,,,,,,,,,,,,,,,,,,,,,,,,,,,,,,,,,,,,,,,,,,"0000-0002-4194-7642","0000-0002-0594-4276",,,"8a6384c2-2a3e-4f33-903d-e6318832897d"
"99e42464-0c76-461f-bc4d-bd65c50c2a52","e68f96ac-f2ac-4363-8022-ca1ce92c49ad","OAES_002.mammalGrid.mam","D11","OAES","OAES_002","E6","distributed","grasslandHerbaceous",35.419111,-99.050850,"WGS84",45.1,516.9,0.1,"3 - trap door open or closed w/ spoor left","ShermanXLK","2022-08-25","2022-08-25",,,,,,,,,,,,,,,,,,,,,,,,,,,,,,,,,,,,,,,,,,,,"0000-0002-4194-7642","0000-0002-0594-4276",,,"bdcf2be7-2812-45a8-bc1c-a60f3ae6ba54"
"33a1deea-b22b-42b9-977d-9d499c198ffd","f1d8e7f5-fead-4bfa-b156-c6594dae7841","OAES_007.mammalGrid.mam","D11","OAES","OAES_007","H1","distributed","shrubScrub",35.419420,-99.055808,"WGS84",45.1,522.6,0.1,"5 - capture","ShermanXLK","2022-08-25","2022-08-25","NEON.MAM.D11.R2964",,"SIHI","Sigmodon hispidus","species",,,,,"N","M","N","processed",,"adult","scrotal",,,,29,,118,,145,"Y","N","N","1-5",,,,,"unsuccessful",,,,"OAES.20220825.R2964.E","D00000185810","OAES.20220825.R2964.H","D00000020889","hairAndWhisker",,,"0000-0000-0068-7943","0000-0002-5328-740X",,,"444f30b5-cfc6-4ce4-a0d1-8ed7afd84d99"
"9bc9a8a0-9f79-4bed-8754-1f42f62f0149","22e5a4e7-f693-4bd3-88c5-cd7d2115a545","OAES_029.mammalGrid.mam","D11","OAES","OAES_029","F4","distributed","shrubScrub",35.416811,-99.050808,"WGS84",45.1,517.3,0.1,"6 - trap set and empty","ShermanXLK","2022-08-25","2022-08-25",,,,,,,,,,,,,,,,,,,,,,,,,,,,,,,,,,,,,,,,,,,,"0000-0002-4194-7642","0000-0002-0594-4276",,,"fa23e566-bbeb-434b-ab89-02243a946fe8"
"c2dbf1e8-7fb7-4b1f-ba81-9491983edcb9","e68f96ac-f2ac-4363-8022-ca1ce92c49ad","OAES_002.mammalGrid.mam","D11","OAES","OAES_002","F8","distributed","grasslandHerbaceous",35.419111,-99.050850,"WGS84",45.1,516.9,0.1,"6 - trap set and empty","ShermanXLK","2022-08-25","2022-08-25",,,,,,,,,,,,,,,,,,,,,,,,,,,,,,,,,,,,,,,,,,,,"0000-0002-4194-7642","0000-0002-0594-4276",,,"c34db4ee-2047-4c2e-bf4a-a8fbdd8ffded"
"e2ccb161-0414-40fa-ae70-fa7a825ff358","22e5a4e7-f693-4bd3-88c5-cd7d2115a545","OAES_029.mammalGrid.mam","D11","OAES","OAES_029","F6","distributed","shrubScrub",35.416811,-99.050808,"WGS84",45.1,517.3,0.1,"6 - trap set and empty","ShermanXLK","2022-08-25","2022-08-25",,,,,,,,,,,,,,,,,,,,,,,,,,,,,,,,,,,,,,,,,,,,"0000-0002-4194-7642","0000-0002-0594-4276",,,"e487d36c-6f67-40ec-976d-e25cb7edbbf7"
"8a3b4e82-5203-4ae7-bbfd-747204f567a3","f1d8e7f5-fead-4bfa-b156-c6594dae7841","OAES_007.mammalGrid.mam","D11","OAES","OAES_007","I8","distributed","shrubScrub",35.419420,-99.055808,"WGS84",45.1,522.6,0.1,"6 - trap set and empty","ShermanXLK","2022-08-25","2022-08-25",,,,,,,,,,,,,,,,,,,,,,,,,,,,,,,,,,,,,,,,,,,,"0000-0000-0068-7943","0000-0002-5328-740X",,,"a0c6ac57-d94d-44d9-9ba2-37a9e6c14cb4"
"4e5752bb-2140-4992-bc20-1710f28b8f3b","e68f96ac-f2ac-4363-8022-ca1ce92c49ad","OAES_002.mammalGrid.mam","D11","OAES","OAES_002","F2","distributed","grasslandHerbaceous",35.419111,-99.050850,"WGS84",45.1,516.9,0.1,"5 - capture","ShermanXLK","2022-08-25","2022-08-25","NEON.MAM.D11.R3902",,"PEMA","Peromyscus maniculatus","species","cf. species","NEON.DOC.003137",,,"N","F","N","processed",,"adult",,"nonenlarged","unknown","plugged",18,,61,,15,"U","U","U",,,,,,,"OAES.20220825.R3902.F","D00000022144","fresh",,,,,,,,"0000-0002-4194-7642","0000-0002-0594-4276",,,"88313d2b-e32d-4cb6-b947-6b9496758f3f"
"4bac0336-4458-40e5-af00-7ee0b5ec1ee7","22e5a4e7-f693-4bd3-88c5-cd7d2115a545","OAES_029.mammalGrid.mam","D11","OAES","OAES_029","H2","distributed","shrubScrub",35.416811,-99.050808,"WGS84",45.1,517.3,0.1,"6 - trap set and empty","ShermanXLK","2022-08-25","2022-08-25",,,,,,,,,,,,,,,,,,,,,,,,,,,,,,,,,,,,,,,,,,,,"0000-0002-4194-7642","0000-0002-0594-4276",,,"830ba83f-a602-4bc0-bc05-f2e04b15eaea"
"e968dd76-c1d0-469b-8220-57896ca81f0e","e68f96ac-f2ac-4363-8022-ca1ce92c49ad","OAES_002.mammalGrid.mam","D11","OAES","OAES_002","B2","distributed","grasslandHerbaceous",35.419111,-99.050850,"WGS84",45.1,516.9,0.1,"6 - trap set and empty","ShermanXLK","2022-08-25","2022-08-25",,,,,,,,,,,,,,,,,,,,,,,,,,,,,,,,,,,,,,,,,,,,"0000-0002-4194-7642","0000-0002-0594-4276",,,"11891245-41bf-42e0-87e6-2a2a64839dc9"
"f5509699-54f3-4f28-b3fb-c28345a00316","f1d8e7f5-fead-4bfa-b156-c6594dae7841","OAES_007.mammalGrid.mam","D11","OAES","OAES_007","A7","distributed","shrubScrub",35.419420,-99.055808,"WGS84",45.1,522.6,0.1,"6 - trap set and empty","ShermanXLK","2022-08-25","2022-08-25",,,,,,,,,,,,,,,,,,,,,,,,,,,,,,,,,,,,,,,,,,,,"0000-0000-0068-7943","0000-0002-5328-740X",,,"90344644-2b1e-4681-81f4-b2c61976e41a"
"f8edd05f-d185-49e8-9520-c30090070a0a","4cbc51ed-77e7-4004-a57f-fad71bb59a6c","OAES_001.mammalGrid.mam","D11","OAES","OAES_001","D7","distributed","grasslandHerbaceous",35.413861,-99.058786,"WGS84",45.1,517.8,0.1,"6 - trap set and empty","ShermanXLK","2022-08-25","2022-08-25",,,,,,,,,,,,,,,,,,,,,,,,,,,,,,,,,,,,,,,,,,,,"0000-0002-5328-740X","0000-0000-0068-7943",,,"1fdbca4d-2ed0-44ca-aba3-85a64d34e06c"
"e85a74d6-b447-46f0-8f56-71d471bd1d09","f1d8e7f5-fead-4bfa-b156-c6594dae7841","OAES_007.mammalGrid.mam","D11","OAES","OAES_007","I9","distributed","shrubScrub",35.419420,-99.055808,"WGS84",45.1,522.6,0.1,"6 - trap set and empty","ShermanXLK","2022-08-25","2022-08-25",,,,,,,,,,,,,,,,,,,,,,,,,,,,,,,,,,,,,,,,,,,,"0000-0000-0068-7943","0000-0002-5328-740X",,,"781299cc-0781-42c7-9207-1f205679633b"
"42c87085-4918-440a-bf47-6d04813d9cab","22e5a4e7-f693-4bd3-88c5-cd7d2115a545","OAES_029.mammalGrid.mam","D11","OAES","OAES_029","H9","distributed","shrubScrub",35.416811,-99.050808,"WGS84",45.1,517.3,0.1,"6 - trap set and empty","ShermanXLK","2022-08-25","2022-08-25",,,,,,,,,,,,,,,,,,,,,,,,,,,,,,,,,,,,,,,,,,,,"0000-0002-4194-7642","0000-0002-0594-4276",,,"de5eeaf2-cd32-4e76-8cd0-e2e8001dfbb3"
"5573d96d-bb73-451e-9eb1-90fb20ffa1ef","f1d8e7f5-fead-4bfa-b156-c6594dae7841","OAES_007.mammalGrid.mam","D11","OAES","OAES_007","F4","distributed","shrubScrub",35.419420,-99.055808,"WGS84",45.1,522.6,0.1,"3 - trap door open or closed w/ spoor left","ShermanXLK","2022-08-25","2022-08-25",,,,,,,,,,,,,,,,,,,,,,,,,,,,,,,,,,,,,,,,,,,,"0000-0000-0068-7943","0000-0002-5328-740X",,,"d4df0504-35b8-4a12-b527-78369abbc7ed"
"69be7b1c-bc4b-4f10-b656-e80a45638249","4cbc51ed-77e7-4004-a57f-fad71bb59a6c","OAES_001.mammalGrid.mam","D11","OAES","OAES_001","J1","distributed","grasslandHerbaceous",35.413861,-99.058786,"WGS84",45.1,517.8,0.1,"5 - capture","ShermanXLK","2022-08-25","2022-08-25","NEON.MAM.D11.R3764",,"PEMA","Peromyscus maniculatus","species",,,,,"N","M","Y","processed",,"adult","scrotal",,,,19,13,68,,18,"N","N","N",,,,,,,"OAES.20220825.R3764.F","D00000185738","fresh",,,,,,,,"0000-0002-5328-740X","0000-0000-0068-7943",,,"797a9513-c52f-4488-9b35-7a7f3c6a4596"
"302d827b-ab49-4293-a1fe-8d16bbdf537c","22e5a4e7-f693-4bd3-88c5-cd7d2115a545","OAES_029.mammalGrid.mam","D11","OAES","OAES_029","E5","distributed","shrubScrub",35.416811,-99.050808,"WGS84",45.1,517.3,0.1,"6 - trap set and empty","ShermanXLK","2022-08-25","2022-08-25",,,,,,,,,,,,,,,,,,,,,,,,,,,,,,,,,,,,,,,,,,,,"0000-0002-4194-7642","0000-0002-0594-4276",,,"03b7f270-9a14-41d6-a8ab-151a1448dd45"
"687342e9-b1e3-454f-b314-e7b92846aba4","f1d8e7f5-fead-4bfa-b156-c6594dae7841","OAES_007.mammalGrid.mam","D11","OAES","OAES_007","E5","distributed","shrubScrub",35.419420,-99.055808,"WGS84",45.1,522.6,0.1,"6 - trap set and empty","ShermanXLK","2022-08-25","2022-08-25",,,,,,,,,,,,,,,,,,,,,,,,,,,,,,,,,,,,,,,,,,,,"0000-0000-0068-7943","0000-0002-5328-740X",,,"b99d1f8c-52d0-4f6c-9b96-2292dc005c36"
"5e5d165d-006d-492c-a19a-ea40625f123f","4cbc51ed-77e7-4004-a57f-fad71bb59a6c","OAES_001.mammalGrid.mam","D11","OAES","OAES_001","J10","distributed","grasslandHerbaceous",35.413861,-99.058786,"WGS84",45.1,517.8,0.1,"6 - trap set and empty","ShermanXLK","2022-08-25","2022-08-25",,,,,,,,,,,,,,,,,,,,,,,,,,,,,,,,,,,,,,,,,,,,"0000-0002-5328-740X","0000-0000-0068-7943",,,"a0076091-f809-405a-bfd0-55fb14c1bf74"
"2e618332-33ff-4757-bdad-71e214ceca5f","22e5a4e7-f693-4bd3-88c5-cd7d2115a545","OAES_029.mammalGrid.mam","D11","OAES","OAES_029","I10","distributed","shrubScrub",35.416811,-99.050808,"WGS84",45.1,517.3,0.1,"6 - trap set and empty","ShermanXLK","2022-08-25","2022-08-25",,,,,,,,,,,,,,,,,,,,,,,,,,,,,,,,,,,,,,,,,,,,"0000-0002-4194-7642","0000-0002-0594-4276",,,"89d27e9a-73ea-45b3-b204-ebba854d6e6c"
"dbcf5dfb-83a7-4c19-8595-bc959ce32f1a","f1d8e7f5-fead-4bfa-b156-c6594dae7841","OAES_007.mammalGrid.mam","D11","OAES","OAES_007","G10","distributed","shrubScrub",35.419420,-99.055808,"WGS84",45.1,522.6,0.1,"6 - trap set and empty","ShermanXLK","2022-08-25","2022-08-25",,,,,,,,,,,,,,,,,,,,,,,,,,,,,,,,,,,,,,,,,,,,"0000-0000-0068-7943","0000-0002-5328-740X",,,"8e8d50f5-1c44-4cac-963d-ed25c60c4171"
"3898cdc4-607f-4822-b60b-74c8bbf41339","e68f96ac-f2ac-4363-8022-ca1ce92c49ad","OAES_002.mammalGrid.mam","D11","OAES","OAES_002","C9","distributed","grasslandHerbaceous",35.419111,-99.050850,"WGS84",45.1,516.9,0.1,"6 - trap set and empty","ShermanXLK","2022-08-25","2022-08-25",,,,,,,,,,,,,,,,,,,,,,,,,,,,,,,,,,,,,,,,,,,,"0000-0002-4194-7642","0000-0002-0594-4276",,,"b2420a1e-7c15-45ba-af29-ef2e19a2ad47"
"8c56ec09-0569-4686-8777-df5e0817794f","e68f96ac-f2ac-4363-8022-ca1ce92c49ad","OAES_002.mammalGrid.mam","D11","OAES","OAES_002","J9","distributed","grasslandHerbaceous",35.419111,-99.050850,"WGS84",45.1,516.9,0.1,"6 - trap set and empty","ShermanXLK","2022-08-25","2022-08-25",,,,,,,,,,,,,,,,,,,,,,,,,,,,,,,,,,,,,,,,,,,,"0000-0002-4194-7642","0000-0002-0594-4276",,,"c74b5665-041f-4cb1-9012-56b18cb6cabd"
"54792708-dd0a-4fea-be32-d27d6c2a60b6","f1d8e7f5-fead-4bfa-b156-c6594dae7841","OAES_007.mammalGrid.mam","D11","OAES","OAES_007","F9","distributed","shrubScrub",35.419420,-99.055808,"WGS84",45.1,522.6,0.1,"6 - trap set and empty","ShermanXLK","2022-08-25","2022-08-25",,,,,,,,,,,,,,,,,,,,,,,,,,,,,,,,,,,,,,,,,,,,"0000-0000-0068-7943","0000-0002-5328-740X",,,"3da5feb4-90b7-42ed-87f8-e38ddce50658"
"0a7aec7f-bf29-4267-8fee-2c9825f7b853","22e5a4e7-f693-4bd3-88c5-cd7d2115a545","OAES_029.mammalGrid.mam","D11","OAES","OAES_029","I9","distributed","shrubScrub",35.416811,-99.050808,"WGS84",45.1,517.3,0.1,"6 - trap set and empty","ShermanXLK","2022-08-25","2022-08-25",,,,,,,,,,,,,,,,,,,,,,,,,,,,,,,,,,,,,,,,,,,,"0000-0002-4194-7642","0000-0002-0594-4276",,,"be8f5a89-dccd-4419-84e2-8f5974934abf"
"03819b8c-ddb9-46b7-b550-f37c8b60fbe8","e68f96ac-f2ac-4363-8022-ca1ce92c49ad","OAES_002.mammalGrid.mam","D11","OAES","OAES_002","H8","distributed","grasslandHerbaceous",35.419111,-99.050850,"WGS84",45.1,516.9,0.1,"5 - capture","ShermanXLK","2022-08-25","2022-08-25","NEON.MAM.D11.R3717",,"SIHI","Sigmodon hispidus","species",,"NEON.DOC.003137",,,"N","M","Y","processed",,"juvenile","nonscrotal",,,,29,,,,42,"N","N","N",,,,,,,,,,,,,,,,,"0000-0002-4194-7642","0000-0002-0594-4276",,,"59c628a1-6fd3-4c08-80d0-1fd581319f54"
"3e50e68f-a04b-4682-b6f2-5deac5df9bcb","f1d8e7f5-fead-4bfa-b156-c6594dae7841","OAES_007.mammalGrid.mam","D11","OAES","OAES_007","H4","distributed","shrubScrub",35.419420,-99.055808,"WGS84",45.1,522.6,0.1,"6 - trap set and empty","ShermanXLK","2022-08-25","2022-08-25",,,,,,,,,,,,,,,,,,,,,,,,,,,,,,,,,,,,,,,,,,,,"0000-0000-0068-7943","0000-0002-5328-740X",,,"a21a708f-248f-468d-a4e8-5a2e9c277574"
"93527efd-9d61-46ba-ac27-85ceea4ed1eb","22e5a4e7-f693-4bd3-88c5-cd7d2115a545","OAES_029.mammalGrid.mam","D11","OAES","OAES_029","I6","distributed","shrubScrub",35.416811,-99.050808,"WGS84",45.1,517.3,0.1,"6 - trap set and empty","ShermanXLK","2022-08-25","2022-08-25",,,,,,,,,,,,,,,,,,,,,,,,,,,,,,,,,,,,,,,,,,,,"0000-0002-4194-7642","0000-0002-0594-4276",,,"ccb17675-edde-4362-b258-402eb87c887b"
"21cb91b9-4d0a-4b76-8625-a174c1b204ea","22e5a4e7-f693-4bd3-88c5-cd7d2115a545","OAES_029.mammalGrid.mam","D11","OAES","OAES_029","C5","distributed","shrubScrub",35.416811,-99.050808,"WGS84",45.1,517.3,0.1,"6 - trap set and empty","ShermanXLK","2022-08-25","2022-08-25",,,,,,,,,,,,,,,,,,,,,,,,,,,,,,,,,,,,,,,,,,,,"0000-0002-4194-7642","0000-0002-0594-4276",,,"8b54fa62-4a8e-43e1-8734-654cea86be0c"
"cf8ea2a3-8768-47af-8dc8-13ff66ead766","e68f96ac-f2ac-4363-8022-ca1ce92c49ad","OAES_002.mammalGrid.mam","D11","OAES","OAES_002","D9","distributed","grasslandHerbaceous",35.419111,-99.050850,"WGS84",45.1,516.9,0.1,"6 - trap set and empty","ShermanXLK","2022-08-25","2022-08-25",,,,,,,,,,,,,,,,,,,,,,,,,,,,,,,,,,,,,,,,,,,,"0000-0002-4194-7642","0000-0002-0594-4276",,,"7b4509bd-fb54-49c5-a117-b3f0a5f4b123"
"d67d1b70-5d8d-497a-a82f-427b02532fc4","4cbc51ed-77e7-4004-a57f-fad71bb59a6c","OAES_001.mammalGrid.mam","D11","OAES","OAES_001","H1","distributed","grasslandHerbaceous",35.413861,-99.058786,"WGS84",45.1,517.8,0.1,"6 - trap set and empty","ShermanXLK","2022-08-25","2022-08-25",,,,,,,,,,,,,,,,,,,,,,,,,,,,,,,,,,,,,,,,,,,,"0000-0002-5328-740X","0000-0000-0068-7943",,,"7f308ffd-0b99-4fe0-a37e-4cf70f061c95"
"48db9085-d94f-4414-8a30-73bf0cec01a0","e68f96ac-f2ac-4363-8022-ca1ce92c49ad","OAES_002.mammalGrid.mam","D11","OAES","OAES_002","I9","distributed","grasslandHerbaceous",35.419111,-99.050850,"WGS84",45.1,516.9,0.1,"6 - trap set and empty","ShermanXLK","2022-08-25","2022-08-25",,,,,,,,,,,,,,,,,,,,,,,,,,,,,,,,,,,,,,,,,,,,"0000-0002-4194-7642","0000-0002-0594-4276",,,"7c276c72-de1b-49a9-a774-d4539d549034"
"d3141277-5aba-4ac4-b136-3163d6eaebc8","f1d8e7f5-fead-4bfa-b156-c6594dae7841","OAES_007.mammalGrid.mam","D11","OAES","OAES_007","A8","distributed","shrubScrub",35.419420,-99.055808,"WGS84",45.1,522.6,0.1,"6 - trap set and empty","ShermanXLK","2022-08-25","2022-08-25",,,,,,,,,,,,,,,,,,,,,,,,,,,,,,,,,,,,,,,,,,,,"0000-0000-0068-7943","0000-0002-5328-740X",,,"033341b6-6961-40e3-8b62-5e19812ef8a7"
"f6d3e945-3cd5-4863-9123-a33486fb83d7","4cbc51ed-77e7-4004-a57f-fad71bb59a6c","OAES_001.mammalGrid.mam","D11","OAES","OAES_001","G10","distributed","grasslandHerbaceous",35.413861,-99.058786,"WGS84",45.1,517.8,0.1,"6 - trap set and empty","ShermanXLK","2022-08-25","2022-08-25",,,,,,,,,,,,,,,,,,,,,,,,,,,,,,,,,,,,,,,,,,,,"0000-0002-5328-740X","0000-0000-0068-7943",,,"951236af-4517-4693-b720-494ee3fb8fdc"
"093c82e9-6297-45b1-85ec-6418049e9776","f1d8e7f5-fead-4bfa-b156-c6594dae7841","OAES_007.mammalGrid.mam","D11","OAES","OAES_007","E7","distributed","shrubScrub",35.419420,-99.055808,"WGS84",45.1,522.6,0.1,"6 - trap set and empty","ShermanXLK","2022-08-25","2022-08-25",,,,,,,,,,,,,,,,,,,,,,,,,,,,,,,,,,,,,,,,,,,,"0000-0000-0068-7943","0000-0002-5328-740X",,,"21041e37-058b-4ce6-9738-471e77e85b23"
"fe684250-e6b4-4d5d-a573-bb2d33bf0d34","f1d8e7f5-fead-4bfa-b156-c6594dae7841","OAES_007.mammalGrid.mam","D11","OAES","OAES_007","D8","distributed","shrubScrub",35.419420,-99.055808,"WGS84",45.1,522.6,0.1,"6 - trap set and empty","ShermanXLK","2022-08-25","2022-08-25",,,,,,,,,,,,,,,,,,,,,,,,,,,,,,,,,,,,,,,,,,,,"0000-0000-0068-7943","0000-0002-5328-740X",,,"d4f6c9e4-fc3e-48e8-83f7-9937b0501f3e"
"6c70eed4-5a27-498b-a177-aecd227d5b71","22e5a4e7-f693-4bd3-88c5-cd7d2115a545","OAES_029.mammalGrid.mam","D11","OAES","OAES_029","G5","distributed","shrubScrub",35.416811,-99.050808,"WGS84",45.1,517.3,0.1,"6 - trap set and empty","ShermanXLK","2022-08-25","2022-08-25",,,,,,,,,,,,,,,,,,,,,,,,,,,,,,,,,,,,,,,,,,,,"0000-0002-4194-7642","0000-0002-0594-4276",,,"620cf721-342f-4017-9d00-db6826f0420d"
"da69c2ae-9586-4b41-ad0a-c4d4e664e869","f1d8e7f5-fead-4bfa-b156-c6594dae7841","OAES_007.mammalGrid.mam","D11","OAES","OAES_007","B3","distributed","shrubScrub",35.419420,-99.055808,"WGS84",45.1,522.6,0.1,"6 - trap set and empty","ShermanXLK","2022-08-25","2022-08-25",,,,,,,,,,,,,,,,,,,,,,,,,,,,,,,,,,,,,,,,,,,,"0000-0000-0068-7943","0000-0002-5328-740X",,,"4db25330-c0ea-4eb3-ad9b-aa379cb3004f"
"16d75e4d-5d2a-46db-b810-f7cb315db08f","22e5a4e7-f693-4bd3-88c5-cd7d2115a545","OAES_029.mammalGrid.mam","D11","OAES","OAES_029","B2","distributed","shrubScrub",35.416811,-99.050808,"WGS84",45.1,517.3,0.1,"6 - trap set and empty","ShermanXLK","2022-08-25","2022-08-25",,,,,,,,,,,,,,,,,,,,,,,,,,,,,,,,,,,,,,,,,,,,"0000-0002-4194-7642","0000-0002-0594-4276",,,"adaa6cfa-ffbc-46a2-ba52-b997cd6670ec"
"6eaae22a-dfb4-4611-9410-7fd5af0678a3","e68f96ac-f2ac-4363-8022-ca1ce92c49ad","OAES_002.mammalGrid.mam","D11","OAES","OAES_002","A6","distributed","grasslandHerbaceous",35.419111,-99.050850,"WGS84",45.1,516.9,0.1,"3 - trap door open or closed w/ spoor left","ShermanXLK","2022-08-25","2022-08-25",,,,,,,,,,,,,,,,,,,,,,,,,,,,,,,,,,,,,,,,,,,,"0000-0002-4194-7642","0000-0002-0594-4276",,,"8729aba9-0946-42ee-b0b7-71c487b9159f"
"0b4c3fe7-82c5-42cc-9f7f-b703a6eec5c3","4cbc51ed-77e7-4004-a57f-fad71bb59a6c","OAES_001.mammalGrid.mam","D11","OAES","OAES_001","I6","distributed","grasslandHerbaceous",35.413861,-99.058786,"WGS84",45.1,517.8,0.1,"6 - trap set and empty","ShermanXLK","2022-08-25","2022-08-25",,,,,,,,,,,,,,,,,,,,,,,,,,,,,,,,,,,,,,,,,,,,"0000-0002-5328-740X","0000-0000-0068-7943",,,"f21f3abb-fda5-4fdf-b189-5941ffaecc4f"
"494c4d44-cba5-4ed0-a5fd-a95232149066","22e5a4e7-f693-4bd3-88c5-cd7d2115a545","OAES_029.mammalGrid.mam","D11","OAES","OAES_029","D10","distributed","shrubScrub",35.416811,-99.050808,"WGS84",45.1,517.3,0.1,"5 - capture","ShermanXLK","2022-08-25","2022-08-25","NEON.MAM.D11.373730",,"PEFL","Perognathus flavus","species",,"NEON.DOC.003137",,,"N","M","U","processed",,"adult","nonscrotal",,,,15,,,,7,"N","N","N",,,,,,,,,,"OAES.20220825.373730.E","D00000022175",,,,,,"0000-0002-4194-7642","0000-0002-0594-4276",,,"b9528540-39fe-47e8-92b1-676beff7f5b6"
"676d1c67-f8a2-4af9-b490-2a6b78e75af8","e68f96ac-f2ac-4363-8022-ca1ce92c49ad","OAES_002.mammalGrid.mam","D11","OAES","OAES_002","B9","distributed","grasslandHerbaceous",35.419111,-99.050850,"WGS84",45.1,516.9,0.1,"6 - trap set and empty","ShermanXLK","2022-08-25","2022-08-25",,,,,,,,,,,,,,,,,,,,,,,,,,,,,,,,,,,,,,,,,,,,"0000-0002-4194-7642","0000-0002-0594-4276",,,"5491a0fd-6303-4563-b320-e79334a2085a"
"86d2e2a0-e68a-4970-ab99-9c27ab414a7a","4cbc51ed-77e7-4004-a57f-fad71bb59a6c","OAES_001.mammalGrid.mam","D11","OAES","OAES_001","G1","distributed","grasslandHerbaceous",35.413861,-99.058786,"WGS84",45.1,517.8,0.1,"5 - capture","ShermanXLK","2022-08-25","2022-08-25","NEON.MAM.D11.373564",,"CHHI","Chaetodipus hispidus","species",,,,,"N","M","N","processed",,"adult","nonscrotal",,,,25,,99,,34,"N","N","N",,,,,,,"OAES.20220825.373564.F","D00000185757","fresh","OAES.20220825.373564.E","D00000185723","OAES.20220825.373564.H","D00000186126","hairAndWhisker",,,"0000-0002-5328-740X","0000-0000-0068-7943",,,"3d2564d8-5885-4fd4-bd48-a670422250e2"
"00b35e94-cfe0-439b-b1bb-1f78db6b0312","4cbc51ed-77e7-4004-a57f-fad71bb59a6c","OAES_001.mammalGrid.mam","D11","OAES","OAES_001","E9","distributed","grasslandHerbaceous",35.413861,-99.058786,"WGS84",45.1,517.8,0.1,"6 - trap set and empty","ShermanXLK","2022-08-25","2022-08-25",,,,,,,,,,,,,,,,,,,,,,,,,,,,,,,,,,,,,,,,,,,,"0000-0002-5328-740X","0000-0000-0068-7943",,,"9f1e741d-0aff-4a1e-9dd0-7edd982e469f"
"cfba711a-3227-4744-ad34-d1295cc9e42d","e68f96ac-f2ac-4363-8022-ca1ce92c49ad","OAES_002.mammalGrid.mam","D11","OAES","OAES_002","G5","distributed","grasslandHerbaceous",35.419111,-99.050850,"WGS84",45.1,516.9,0.1,"5 - capture","ShermanXLK","2022-08-25","2022-08-25","NEON.MAM.D11.R3964",,"SIHI","Sigmodon hispidus","species",,"NEON.DOC.003137",,,"N","M","N","processed",,"juvenile","nonscrotal",,,,30,,,,51,"N","N","N",,,,"OAES.20220825.R3964.B","D00000185262","mandibular",,,,"OAES.20220825.R3964.E","D00000022154","OAES.20220825.R3964.H","D00000186157","hairAndWhisker",,,"0000-0002-4194-7642","0000-0002-0594-4276",,,"a3e2b425-7d73-495b-bd32-0f892bba665f"
"d7c3eb2c-9601-43ef-ad0c-ce076f8cbd5f","4cbc51ed-77e7-4004-a57f-fad71bb59a6c","OAES_001.mammalGrid.mam","D11","OAES","OAES_001","J4","distributed","grasslandHerbaceous",35.413861,-99.058786,"WGS84",45.1,517.8,0.1,"5 - capture","ShermanXLK","2022-08-25","2022-08-25","NEON.MAM.D11.L3690",,"PEMA","Peromyscus maniculatus","species",,,,,"N","F","Y","processed",,"adult",,"nonenlarged","not","not plugged",18,13,57,,13,"N","N","N",,,,,,,,,,,,,,,,,"0000-0002-5328-740X","0000-0000-0068-7943",,,"5b40fada-2773-47ab-8f96-ee7601ce7b70"
"17760eb3-a582-4644-b7ae-78c581b6d7f0","f1d8e7f5-fead-4bfa-b156-c6594dae7841","OAES_007.mammalGrid.mam","D11","OAES","OAES_007","B9","distributed","shrubScrub",35.419420,-99.055808,"WGS84",45.1,522.6,0.1,"6 - trap set and empty","ShermanXLK","2022-08-25","2022-08-25",,,,,,,,,,,,,,,,,,,,,,,,,,,,,,,,,,,,,,,,,,,,"0000-0000-0068-7943","0000-0002-5328-740X",,,"0f727852-07d4-4c4f-be39-6b54f0de4536"
"f57ed50c-3416-4ce5-a561-358f227aa0d8","f1d8e7f5-fead-4bfa-b156-c6594dae7841","OAES_007.mammalGrid.mam","D11","OAES","OAES_007","B10","distributed","shrubScrub",35.419420,-99.055808,"WGS84",45.1,522.6,0.1,"5 - capture","ShermanXLK","2022-08-25","2022-08-25","NEON.MAM.D11.R2980",,"REFU","Reithrodontomys fulvescens","species","cf. species",,,,"N","M","N","processed",,"adult","scrotal",,,,19,11,90,173,13,"N","N","N",,,,"OAES.20220825.R2980.B","D00000185505","mandibular","OAES.20220825.R2980.F","D00000185745","fresh","OAES.20220825.R2980.E","D00000185712","OAES.20220825.R2980.H","D00000186145","hairAndWhisker",,,"0000-0000-0068-7943","0000-0002-5328-740X",,,"356f5c8e-1c41-4cf8-a46f-5722a65dbb43"
"246d1c26-c33e-4b77-9cad-178f302d33fe","4cbc51ed-77e7-4004-a57f-fad71bb59a6c","OAES_001.mammalGrid.mam","D11","OAES","OAES_001","J2","distributed","grasslandHerbaceous",35.413861,-99.058786,"WGS84",45.1,517.8,0.1,"6 - trap set and empty","ShermanXLK","2022-08-25","2022-08-25",,,,,,,,,,,,,,,,,,,,,,,,,,,,,,,,,,,,,,,,,,,,"0000-0002-5328-740X","0000-0000-0068-7943",,,"596917ad-4d2e-4011-89de-93a8076fdd76"
"c640d000-982a-44ac-bed0-bbd2bed0ce52","f1d8e7f5-fead-4bfa-b156-c6594dae7841","OAES_007.mammalGrid.mam","D11","OAES","OAES_007","A4","distributed","shrubScrub",35.419420,-99.055808,"WGS84",45.1,522.6,0.1,"5 - capture","ShermanXLK","2022-08-25","2022-08-25","NEON.MAM.D11.373694",,"CHHI","Chaetodipus hispidus","species",,,,,"N","F","Y","processed",,"adult",,"nonenlarged","not","not plugged",25,,83,,45,"N","N","N",,,,,,,,,,,,,,,,,"0000-0000-0068-7943","0000-0002-5328-740X",,,"28e137df-17bb-4f5c-a46a-cc05a60a7fb1"
"e0ad6a26-435e-47ee-bf01-fbb60d750c5a","f1d8e7f5-fead-4bfa-b156-c6594dae7841","OAES_007.mammalGrid.mam","D11","OAES","OAES_007","I2","distributed","shrubScrub",35.419420,-99.055808,"WGS84",45.1,522.6,0.1,"6 - trap set and empty","ShermanXLK","2022-08-25","2022-08-25",,,,,,,,,,,,,,,,,,,,,,,,,,,,,,,,,,,,,,,,,,,,"0000-0000-0068-7943","0000-0002-5328-740X",,,"40b68d3c-74bb-4cbe-b4c3-a7b38f1782ab"
"ed9b69bc-f767-486f-becf-7a395b5242a3","f1d8e7f5-fead-4bfa-b156-c6594dae7841","OAES_007.mammalGrid.mam","D11","OAES","OAES_007","F2","distributed","shrubScrub",35.419420,-99.055808,"WGS84",45.1,522.6,0.1,"6 - trap set and empty","ShermanXLK","2022-08-25","2022-08-25",,,,,,,,,,,,,,,,,,,,,,,,,,,,,,,,,,,,,,,,,,,,"0000-0000-0068-7943","0000-0002-5328-740X",,,"50221a0e-d10b-41c9-8aeb-ecf7c2b81664"
"d6469579-8caf-4ceb-932d-7beee90dd225","4cbc51ed-77e7-4004-a57f-fad71bb59a6c","OAES_001.mammalGrid.mam","D11","OAES","OAES_001","D6","distributed","grasslandHerbaceous",35.413861,-99.058786,"WGS84",45.1,517.8,0.1,"6 - trap set and empty","ShermanXLK","2022-08-25","2022-08-25",,,,,,,,,,,,,,,,,,,,,,,,,,,,,,,,,,,,,,,,,,,,"0000-0002-5328-740X","0000-0000-0068-7943",,,"5aeaa234-31d9-4391-afaa-a794076c6757"
"ad5cd130-b3ee-4217-a768-532515b74ab9","e68f96ac-f2ac-4363-8022-ca1ce92c49ad","OAES_002.mammalGrid.mam","D11","OAES","OAES_002","I7","distributed","grasslandHerbaceous",35.419111,-99.050850,"WGS84",45.1,516.9,0.1,"5 - capture","ShermanXLK","2022-08-25","2022-08-25","NEON.MAM.D11.R3593",,"SIHI","Sigmodon hispidus","species",,"NEON.DOC.003137",,,"N","F","N","processed",,"juvenile",,"nonenlarged",,"not plugged",28,,,,49,"N","Y","N","1-5",,,"OAES.20220825.R3593.B","D00000185256","mandibular","OAES.20220825.R3593.F","D00000022167","fresh","OAES.20220825.R3593.E","D00000022147","OAES.20220825.R3593.H","D00000186181","hairAndWhisker",,,"0000-0002-4194-7642","0000-0002-0594-4276",,,"2660b3bc-ca67-4f7f-a4f6-2ddf01b2b710"
"b8de02ea-bbfc-429b-8fe6-8ae2c20435b9","e68f96ac-f2ac-4363-8022-ca1ce92c49ad","OAES_002.mammalGrid.mam","D11","OAES","OAES_002","B4","distributed","grasslandHerbaceous",35.419111,-99.050850,"WGS84",45.1,516.9,0.1,"2 - trap disturbed/door closed but empty","ShermanXLK","2022-08-25","2022-08-25",,,,,,,,,,,,,,,,,,,,,,,,,,,,,,,,,,,,,,,,,,,,"0000-0002-4194-7642","0000-0002-0594-4276",,,"6bc193d5-9a77-4a0f-8561-79bfe7747d16"
"5b5ac172-02d9-4897-a348-1351ed5b2787","22e5a4e7-f693-4bd3-88c5-cd7d2115a545","OAES_029.mammalGrid.mam","D11","OAES","OAES_029","E4","distributed","shrubScrub",35.416811,-99.050808,"WGS84",45.1,517.3,0.1,"6 - trap set and empty","ShermanXLK","2022-08-25","2022-08-25",,,,,,,,,,,,,,,,,,,,,,,,,,,,,,,,,,,,,,,,,,,,"0000-0002-4194-7642","0000-0002-0594-4276",,,"9779a36e-a287-4aa5-ad45-e7c9be1f5034"
"429bea98-b5a3-42e8-a0f6-6834fa7fa187","22e5a4e7-f693-4bd3-88c5-cd7d2115a545","OAES_029.mammalGrid.mam","D11","OAES","OAES_029","H1","distributed","shrubScrub",35.416811,-99.050808,"WGS84",45.1,517.3,0.1,"2 - trap disturbed/door closed but empty","ShermanXLK","2022-08-25","2022-08-25",,,,,,,,,,,,,,,,,,,,,,,,,,,,,,,,,,,,,,,,,,,,"0000-0002-4194-7642","0000-0002-0594-4276","Ants removed seeds from door",,"7e7a86ba-3cd9-4de9-9a0d-3da4629721d6"
"c922450a-5833-4e58-a2bd-a1a7ace5df66","e68f96ac-f2ac-4363-8022-ca1ce92c49ad","OAES_002.mammalGrid.mam","D11","OAES","OAES_002","I10","distributed","grasslandHerbaceous",35.419111,-99.050850,"WGS84",45.1,516.9,0.1,"2 - trap disturbed/door closed but empty","ShermanXLK","2022-08-25","2022-08-25",,,,,,,,,,,,,,,,,,,,,,,,,,,,,,,,,,,,,,,,,,,,"0000-0002-4194-7642","0000-0002-0594-4276",,,"67f85740-1fc2-4f71-b31a-56ff8b7c1570"
"7b64f460-b048-482d-9dba-5e13fef1f8cf","22e5a4e7-f693-4bd3-88c5-cd7d2115a545","OAES_029.mammalGrid.mam","D11","OAES","OAES_029","J1","distributed","shrubScrub",35.416811,-99.050808,"WGS84",45.1,517.3,0.1,"6 - trap set and empty","ShermanXLK","2022-08-25","2022-08-25",,,,,,,,,,,,,,,,,,,,,,,,,,,,,,,,,,,,,,,,,,,,"0000-0002-4194-7642","0000-0002-0594-4276",,,"5bd57503-6f83-41ce-ac59-9c7de72f0dfe"
"b09e05ac-1ddd-4bff-8e3f-80694cd35e24","f1d8e7f5-fead-4bfa-b156-c6594dae7841","OAES_007.mammalGrid.mam","D11","OAES","OAES_007","B6","distributed","shrubScrub",35.419420,-99.055808,"WGS84",45.1,522.6,0.1,"5 - capture","ShermanXLK","2022-08-25","2022-08-25","NEON.MAM.D11.373565",,"PEFL","Perognathus flavus","species",,,,,"N","F","Y","processed",,"adult",,"nonenlarged","not","not plugged",16,,55,,7,"N","N","N",,,,,,,,,,,,,,,,,"0000-0000-0068-7943","0000-0002-5328-740X",,,"4aa85463-dba1-4461-84db-d33d09313c72"
"6c7deea1-d834-4cb4-b478-aa1dd2bcc97c","22e5a4e7-f693-4bd3-88c5-cd7d2115a545","OAES_029.mammalGrid.mam","D11","OAES","OAES_029","J8","distributed","shrubScrub",35.416811,-99.050808,"WGS84",45.1,517.3,0.1,"6 - trap set and empty","ShermanXLK","2022-08-25","2022-08-25",,,,,,,,,,,,,,,,,,,,,,,,,,,,,,,,,,,,,,,,,,,,"0000-0002-4194-7642","0000-0002-0594-4276",,,"49627a0d-b2d7-4c50-b78a-80ecfa43f399"
"880ccb77-7bc1-4ca3-bf95-259d11d687ca","4cbc51ed-77e7-4004-a57f-fad71bb59a6c","OAES_001.mammalGrid.mam","D11","OAES","OAES_001","F7","distributed","grasslandHerbaceous",35.413861,-99.058786,"WGS84",45.1,517.8,0.1,"6 - trap set and empty","ShermanXLK","2022-08-25","2022-08-25",,,,,,,,,,,,,,,,,,,,,,,,,,,,,,,,,,,,,,,,,,,,"0000-0002-5328-740X","0000-0000-0068-7943",,,"bccff4ea-f71d-4ed6-8e97-b6e6fae9a8b2"
"88d6dfa5-0df8-4aec-ba8e-e05bab14e76c","22e5a4e7-f693-4bd3-88c5-cd7d2115a545","OAES_029.mammalGrid.mam","D11","OAES","OAES_029","G3","distributed","shrubScrub",35.416811,-99.050808,"WGS84",45.1,517.3,0.1,"6 - trap set and empty","ShermanXLK","2022-08-25","2022-08-25",,,,,,,,,,,,,,,,,,,,,,,,,,,,,,,,,,,,,,,,,,,,"0000-0002-4194-7642","0000-0002-0594-4276",,,"cf1e7d5d-dd7a-4094-b4ac-02fb714cc890"
"328053d4-9a81-4b51-b684-06402832fbfa","f1d8e7f5-fead-4bfa-b156-c6594dae7841","OAES_007.mammalGrid.mam","D11","OAES","OAES_007","E3","distributed","shrubScrub",35.419420,-99.055808,"WGS84",45.1,522.6,0.1,"6 - trap set and empty","ShermanXLK","2022-08-25","2022-08-25",,,,,,,,,,,,,,,,,,,,,,,,,,,,,,,,,,,,,,,,,,,,"0000-0000-0068-7943","0000-0002-5328-740X",,,"cf2d5dbd-3bd7-4172-a5ec-fc8281010c13"
"355b4e1b-4e5c-45b0-9752-4e35da7c4a8c","f1d8e7f5-fead-4bfa-b156-c6594dae7841","OAES_007.mammalGrid.mam","D11","OAES","OAES_007","F1","distributed","shrubScrub",35.419420,-99.055808,"WGS84",45.1,522.6,0.1,"5 - capture","ShermanXLK","2022-08-25","2022-08-25","NEON.MAM.D11.373639",,"CHHI","Chaetodipus hispidus","species",,,,,"N","M","Y","processed",,"adult","scrotal",,,,24,,75,,35,"Y","N","N","1-5",,,,,,"OAES.20220825.373639.F","D00000185806","fresh",,,,,,,,"0000-0000-0068-7943","0000-0002-5328-740X",,,"ff8a148b-66ce-4d28-b1a1-93668b19e078"
"c7594bc8-8efd-4835-a529-9ca242d2ba0b","e68f96ac-f2ac-4363-8022-ca1ce92c49ad","OAES_002.mammalGrid.mam","D11","OAES","OAES_002","E5","distributed","grasslandHerbaceous",35.419111,-99.050850,"WGS84",45.1,516.9,0.1,"5 - capture","ShermanXLK","2022-08-25","2022-08-25","NEON.MAM.D11.373618",,"PEFL","Perognathus flavus","species",,"NEON.DOC.003137",,,"N","F","Y","processed",,"adult",,"nonenlarged","unknown","not plugged",15,,,,7,"U","U","U",,,,,,,"OAES.20220825.373618.F","D00000022172","fresh",,,,,,,,"0000-0002-4194-7642","0000-0002-0594-4276",,,"7a832070-9c73-4aa7-8127-6b282eba0c98"
"6a6a720c-d986-4ca6-9614-0bbfcd8f6bfe","e68f96ac-f2ac-4363-8022-ca1ce92c49ad","OAES_002.mammalGrid.mam","D11","OAES","OAES_002","G1","distributed","grasslandHerbaceous",35.419111,-99.050850,"WGS84",45.1,516.9,0.1,"6 - trap set and empty","ShermanXLK","2022-08-25","2022-08-25",,,,,,,,,,,,,,,,,,,,,,,,,,,,,,,,,,,,,,,,,,,,"0000-0002-4194-7642","0000-0002-0594-4276",,,"579e7462-7a86-4bb8-97fe-68dd3c4bd7d7"
"9dfc8abe-b711-4a34-9943-ae71609aff01","f1d8e7f5-fead-4bfa-b156-c6594dae7841","OAES_007.mammalGrid.mam","D11","OAES","OAES_007","G7","distributed","shrubScrub",35.419420,-99.055808,"WGS84",45.1,522.6,0.1,"6 - trap set and empty","ShermanXLK","2022-08-25","2022-08-25",,,,,,,,,,,,,,,,,,,,,,,,,,,,,,,,,,,,,,,,,,,,"0000-0000-0068-7943","0000-0002-5328-740X",,,"c9529f70-2042-475e-821d-add7f3cb20af"
"e1383f1c-52f8-4cc1-9802-0ce999e120b8","4cbc51ed-77e7-4004-a57f-fad71bb59a6c","OAES_001.mammalGrid.mam","D11","OAES","OAES_001","I10","distributed","grasslandHerbaceous",35.413861,-99.058786,"WGS84",45.1,517.8,0.1,"6 - trap set and empty","ShermanXLK","2022-08-25","2022-08-25",,,,,,,,,,,,,,,,,,,,,,,,,,,,,,,,,,,,,,,,,,,,"0000-0002-5328-740X","0000-0000-0068-7943",,,"0b5fc155-71e6-4f2b-b6c1-b81d6904bb0a"
"2927afa7-b02a-472c-8170-ae00bbe9f678","4cbc51ed-77e7-4004-a57f-fad71bb59a6c","OAES_001.mammalGrid.mam","D11","OAES","OAES_001","G7","distributed","grasslandHerbaceous",35.413861,-99.058786,"WGS84",45.1,517.8,0.1,"6 - trap set and empty","ShermanXLK","2022-08-25","2022-08-25",,,,,,,,,,,,,,,,,,,,,,,,,,,,,,,,,,,,,,,,,,,,"0000-0002-5328-740X","0000-0000-0068-7943",,,"c792af00-781d-471a-aaef-0d01774ba440"
"6bd79be7-4147-489a-883f-050424b6a141","e68f96ac-f2ac-4363-8022-ca1ce92c49ad","OAES_002.mammalGrid.mam","D11","OAES","OAES_002","E7","distributed","grasslandHerbaceous",35.419111,-99.050850,"WGS84",45.1,516.9,0.1,"6 - trap set and empty","ShermanXLK","2022-08-25","2022-08-25",,,,,,,,,,,,,,,,,,,,,,,,,,,,,,,,,,,,,,,,,,,,"0000-0002-4194-7642","0000-0002-0594-4276",,,"9d57ebcb-8acf-4edd-ae21-982a6497d8bf"
"20f137d5-a866-46af-bdeb-673b6b71ec18","22e5a4e7-f693-4bd3-88c5-cd7d2115a545","OAES_029.mammalGrid.mam","D11","OAES","OAES_029","A5","distributed","shrubScrub",35.416811,-99.050808,"WGS84",45.1,517.3,0.1,"6 - trap set and empty","ShermanXLK","2022-08-25","2022-08-25",,,,,,,,,,,,,,,,,,,,,,,,,,,,,,,,,,,,,,,,,,,,"0000-0002-4194-7642","0000-0002-0594-4276",,,"f6cfef3f-98eb-415d-9316-e59eccaf37b9"
"317be36b-cc6f-4719-8502-31255d954e53","f1d8e7f5-fead-4bfa-b156-c6594dae7841","OAES_007.mammalGrid.mam","D11","OAES","OAES_007","E6","distributed","shrubScrub",35.419420,-99.055808,"WGS84",45.1,522.6,0.1,"6 - trap set and empty","ShermanXLK","2022-08-25","2022-08-25",,,,,,,,,,,,,,,,,,,,,,,,,,,,,,,,,,,,,,,,,,,,"0000-0000-0068-7943","0000-0002-5328-740X",,,"6a9b154a-c56f-4588-90a9-c398c9770c3d"
"55172d22-920d-46f5-a646-1c8205a2a016","e68f96ac-f2ac-4363-8022-ca1ce92c49ad","OAES_002.mammalGrid.mam","D11","OAES","OAES_002","H9","distributed","grasslandHerbaceous",35.419111,-99.050850,"WGS84",45.1,516.9,0.1,"6 - trap set and empty","ShermanXLK","2022-08-25","2022-08-25",,,,,,,,,,,,,,,,,,,,,,,,,,,,,,,,,,,,,,,,,,,,"0000-0002-4194-7642","0000-0002-0594-4276",,,"b8dc91dd-68f0-4d1c-8c3c-efc92b721772"
