uid,nightuid,namedLocation,domainID,siteID,plotID,trapCoordinate,plotType,nlcdClass,decimalLatitude,decimalLongitude,geodeticDatum,coordinateUncertainty,elevation,elevationUncertainty,trapStatus,trapType,collectDate,endDate,tagID,individualCode,taxonID,scientificName,taxonRank,identificationQualifier,identificationReferences,identificationHistoryID,voucherUpdate,nativeStatusCode,sex,recapture,fate,replacedTag,lifeStage,testes,nipples,pregnancyStatus,vagina,hindfootLength,earLength,tailLength,totalLength,weight,larvalTicksAttached,nymphalTicksAttached,adultTicksAttached,tickNumber,additionalParasites,frozenSamplePrepMethod,bloodSampleID,bloodSampleBarcode,bloodSampleMethod,fecalSampleID,fecalSampleBarcode,fecalSampleCondition,earSampleID,earSampleBarcode,hairSampleID,hairSampleBarcode,hairSampleContents,voucherSampleID,voucherSampleBarcode,measuredBy,recordedBy,remarks,dataQF,dataEntryRecordID
"ccba01ac-045f-45e3-bc03-b6da21711518","16db57c4-74e9-4acf-9884-567a63b4e1a5","BART_062.mammalGrid.mam","D01","BART","BART_062","I3","distributed","deciduousForest",44.057350,-71.308646,"WGS84",45.1,447.2,0.2,"6 - trap set and empty","ShermanLF","2023-09-19","2023-09-19",,,,,,,,,,,,,,,,,,,,,,,,,,,,,,,,,,,,,,,,,,,,"0009-0004-7358-8332","0009-0003-6644-7278",,,"8832417d-af2b-491d-9a29-2eb18a7f74dc"
"6096a9f0-70f5-473a-b49b-b92581c31b22","cbf952d3-3811-4f8d-a135-ae9b4f2f57fc","BART_015.mammalGrid.mam","D01","BART","BART_015","E5","distributed","mixedForest",44.042898,-71.275059,"WGS84",45.2,422.8,0.3,"6 - trap set and empty","ShermanLF","2023-09-19","2023-09-19",,,,,,,,,,,,,,,,,,,,,,,,,,,,,,,,,,,,,,,,,,,,"0000-0002-5964-2409","0009-0009-1224-8349",,,"7231c9cb-aad5-4a80-ad78-c284eeb13232"
"06d0e19c-d66c-48d4-a81b-7f2897cd337c","a8544a3c-aaf4-4112-b145-84fb47af979d","BART_012.mammalGrid.mam","D01","BART","BART_012","H7","distributed","deciduousForest",44.047478,-71.315451,"WGS84",45.3,579.9,0.4,"3 - trap door open or closed w/ spoor left","ShermanLF","2023-09-19","2023-09-19",,,,,,,,,,,,,,,,,,,,,,,,,,,,,"did not check","dry ice",,,,,,,,,,,,,,"0000-0002-5964-2409","0009-0009-1224-8349",,,"c4df0953-4297-4dcf-a64e-9e0bc77a2074"
"50cad788-3a52-464f-8f87-2ec26b3de548","cbf952d3-3811-4f8d-a135-ae9b4f2f57fc","BART_015.mammalGrid.mam","D01","BART","BART_015","D4","distributed","mixedForest",44.042898,-71.275059,"WGS84",45.2,422.8,0.3,"6 - trap set and empty","ShermanLF","2023-09-19","2023-09-19",,,,,,,,,,,,,,,,,,,,,,,,,,,,,,,,,,,,,,,,,,,,"0000-0002-5964-2409","0009-0009-1224-8349",,,"0d60029d-13e3-4f36-a0fc-12c93bb8fdce"
"67985ffa-5e21-49f6-9eab-44fd7ab015db","16db57c4-74e9-4acf-9884-567a63b4e1a5","BART_062.mammalGrid.mam","D01","BART","BART_062","I6","distributed","deciduousForest",44.057350,-71.308646,"WGS84",45.1,447.2,0.2,"6 - trap set and empty","ShermanLF","2023-09-19","2023-09-19",,,,,,,,,,,,,,,,,,,,,,,,,,,,,,,,,,,,,,,,,,,,"0009-0004-7358-8332","0009-0003-6644-7278",,,"201e67c8-28aa-4d53-9d59-421b937f2785"
"7e36bb0f-fe7a-4b3d-a633-d195b210057c","cbf952d3-3811-4f8d-a135-ae9b4f2f57fc","BART_015.mammalGrid.mam","D01","BART","BART_015","A1","distributed","mixedForest",44.042898,-71.275059,"WGS84",45.2,422.8,0.3,"6 - trap set and empty","ShermanLF","2023-09-19","2023-09-19",,,,,,,,,,,,,,,,,,,,,,,,,,,,,,,,,,,,,,,,,,,,"0000-0002-5964-2409","0009-0009-1224-8349",,,"6ed9d76d-d1d7-4c26-9bd5-42e52a289370"
"c52d35f8-9043-487d-86b3-fe957a4010d2","cbf952d3-3811-4f8d-a135-ae9b4f2f57fc","BART_015.mammalGrid.mam","D01","BART","BART_015","J9","distributed","mixedForest",44.042898,-71.275059,"WGS84",45.2,422.8,0.3,"6 - trap set and empty","ShermanLF","2023-09-19","2023-09-19",,,,,,,,,,,,,,,,,,,,,,,,,,,,,,,,,,,,,,,,,,,,"0000-0002-5964-2409","0009-0009-1224-8349",,,"ccf6e7d2-bf18-4b3d-b2da-2480f5cfc8d4"
"92abcc30-e86b-4a88-a835-43e821033ce4","16db57c4-74e9-4acf-9884-567a63b4e1a5","BART_062.mammalGrid.mam","D01","BART","BART_062","D9","distributed","deciduousForest",44.057350,-71.308646,"WGS84",45.1,447.2,0.2,"6 - trap set and empty","ShermanLF","2023-09-19","2023-09-19",,,,,,,,,,,,,,,,,,,,,,,,,,,,,,,,,,,,,,,,,,,,"0009-0004-7358-8332","0009-0003-6644-7278",,,"48af0936-c013-4e41-a5a6-b82ee5d47966"
"85fff832-0c52-4165-978d-3038fe98a320","a8544a3c-aaf4-4112-b145-84fb47af979d","BART_012.mammalGrid.mam","D01","BART","BART_012","B9","distributed","deciduousForest",44.047478,-71.315451,"WGS84",45.3,579.9,0.4,"6 - trap set and empty","ShermanLF","2023-09-19","2023-09-19",,,,,,,,,,,,,,,,,,,,,,,,,,,,,,,,,,,,,,,,,,,,"0000-0002-5964-2409","0009-0009-1224-8349",,,"5beec401-709e-4ae8-9055-cc9f4eb60d71"
"9cbbc616-2449-4426-af68-cce09eb5fbea","16db57c4-74e9-4acf-9884-567a63b4e1a5","BART_062.mammalGrid.mam","D01","BART","BART_062","F2","distributed","deciduousForest",44.057350,-71.308646,"WGS84",45.1,447.2,0.2,"6 - trap set and empty","ShermanLF","2023-09-19","2023-09-19",,,,,,,,,,,,,,,,,,,,,,,,,,,,,,,,,,,,,,,,,,,,"0009-0004-7358-8332","0009-0003-6644-7278",,,"12bc28ee-9ba5-4330-a1e0-0265ae62f734"
"c2046fc3-bd08-4b2d-9888-4a3d443622a5","a8544a3c-aaf4-4112-b145-84fb47af979d","BART_012.mammalGrid.mam","D01","BART","BART_012","D8","distributed","deciduousForest",44.047478,-71.315451,"WGS84",45.3,579.9,0.4,"3 - trap door open or closed w/ spoor left","ShermanLF","2023-09-19","2023-09-19",,,,,,,,,,,,,,,,,,,,,,,,,,,,,"did not check","dry ice",,,,,,,,,,,,,,"0000-0002-5964-2409","0009-0009-1224-8349",,,"aae738ee-bca7-48f8-9bda-ea3bb2d18efb"
"acd1ce01-a8dd-4f47-a7f4-e29488f9c3da","cbf952d3-3811-4f8d-a135-ae9b4f2f57fc","BART_015.mammalGrid.mam","D01","BART","BART_015","G2","distributed","mixedForest",44.042898,-71.275059,"WGS84",45.2,422.8,0.3,"6 - trap set and empty","ShermanLF","2023-09-19","2023-09-19",,,,,,,,,,,,,,,,,,,,,,,,,,,,,,,,,,,,,,,,,,,,"0000-0002-5964-2409","0009-0009-1224-8349",,,"cc99e175-83ba-4233-84ba-b826c13e0b59"
"afe9d024-75ce-4cc8-bfb6-3e034ecc3e90","a8544a3c-aaf4-4112-b145-84fb47af979d","BART_012.mammalGrid.mam","D01","BART","BART_012","I10","distributed","deciduousForest",44.047478,-71.315451,"WGS84",45.3,579.9,0.4,"5 - capture","ShermanLF","2023-09-19","2023-09-19","NEON.MAM.D01.O012I1020230919",,"BLBR","Blarina brevicauda","species",,"NEON.DOC.001907",,,"N","U","U","not processed",,"adult",,,,,,,,,,"U","U","U",,"did not check","dry ice",,,,,,,,,,,,,,"0000-0002-5964-2409","0009-0009-1224-8349",,,"4192bd6a-05a5-4e7c-92d9-bc94c2c253e6"
"affd2c59-01db-4a94-ad15-38093c319547","a8544a3c-aaf4-4112-b145-84fb47af979d","BART_012.mammalGrid.mam","D01","BART","BART_012","C4","distributed","deciduousForest",44.047478,-71.315451,"WGS84",45.3,579.9,0.4,"6 - trap set and empty","ShermanLF","2023-09-19","2023-09-19",,,,,,,,,,,,,,,,,,,,,,,,,,,,,,,,,,,,,,,,,,,,"0000-0002-5964-2409","0009-0009-1224-8349",,,"c55eb0d6-15bd-49d2-97a2-0cce53cfe576"
"218929af-ca47-4358-bc40-e7f8a8ed2595","a8544a3c-aaf4-4112-b145-84fb47af979d","BART_012.mammalGrid.mam","D01","BART","BART_012","G3","distributed","deciduousForest",44.047478,-71.315451,"WGS84",45.3,579.9,0.4,"6 - trap set and empty","ShermanLF","2023-09-19","2023-09-19",,,,,,,,,,,,,,,,,,,,,,,,,,,,,,,,,,,,,,,,,,,,"0000-0002-5964-2409","0009-0009-1224-8349",,,"c8366239-2857-4860-b25d-32d34b9aad26"
"1725b023-6c24-445e-8142-a334a748ecaa","cbf952d3-3811-4f8d-a135-ae9b4f2f57fc","BART_015.mammalGrid.mam","D01","BART","BART_015","B2","distributed","mixedForest",44.042898,-71.275059,"WGS84",45.2,422.8,0.3,"6 - trap set and empty","ShermanLF","2023-09-19","2023-09-19",,,,,,,,,,,,,,,,,,,,,,,,,,,,,,,,,,,,,,,,,,,,"0000-0002-5964-2409","0009-0009-1224-8349",,,"e5e4106f-4768-4bed-818a-f967050e58f0"
"3ca71407-c657-40b4-b8c3-c774f1e79cf6","a8544a3c-aaf4-4112-b145-84fb47af979d","BART_012.mammalGrid.mam","D01","BART","BART_012","H3","distributed","deciduousForest",44.047478,-71.315451,"WGS84",45.3,579.9,0.4,"3 - trap door open or closed w/ spoor left","ShermanLF","2023-09-19","2023-09-19",,,,,,,,,,,,,,,,,,,,,,,,,,,,,"did not check","dry ice",,,,,,,,,,,,,,"0000-0002-5964-2409","0009-0009-1224-8349",,,"9abdacd2-8f9e-4098-b73d-ea200fa20e26"
"737e6020-1a9f-4b88-bf1c-22805004cbd8","16db57c4-74e9-4acf-9884-567a63b4e1a5","BART_062.mammalGrid.mam","D01","BART","BART_062","B10","distributed","deciduousForest",44.057350,-71.308646,"WGS84",45.1,447.2,0.2,"6 - trap set and empty","ShermanLF","2023-09-19","2023-09-19",,,,,,,,,,,,,,,,,,,,,,,,,,,,,,,,,,,,,,,,,,,,"0009-0004-7358-8332","0009-0003-6644-7278",,,"e8e10cab-ed77-4334-8acd-13b06688d3fc"
"296413c2-995f-4499-97c1-18a7ec2e0c5d","a8544a3c-aaf4-4112-b145-84fb47af979d","BART_012.mammalGrid.mam","D01","BART","BART_012","F1","distributed","deciduousForest",44.047478,-71.315451,"WGS84",45.3,579.9,0.4,"6 - trap set and empty","ShermanLF","2023-09-19","2023-09-19",,,,,,,,,,,,,,,,,,,,,,,,,,,,,,,,,,,,,,,,,,,,"0000-0002-5964-2409","0009-0009-1224-8349",,,"8d154b49-37bb-4af5-85e2-1795dbdd1991"
"4e77ecde-b2b9-40cc-a6f4-aa0c5641490f","cbf952d3-3811-4f8d-a135-ae9b4f2f57fc","BART_015.mammalGrid.mam","D01","BART","BART_015","C1","distributed","mixedForest",44.042898,-71.275059,"WGS84",45.2,422.8,0.3,"2 - trap disturbed/door closed but empty","ShermanLF","2023-09-19","2023-09-19",,,,,,,,,,,,,,,,,,,,,,,,,,,,,"did not check","dry ice",,,,,,,,,,,,,,"0000-0002-5964-2409","0009-0009-1224-8349",,,"9dfc2c16-0b3e-4af6-b99e-7bdb6b5f11ce"
"dd8009a2-92cd-40b2-9c1a-95266855ded5","a8544a3c-aaf4-4112-b145-84fb47af979d","BART_012.mammalGrid.mam","D01","BART","BART_012","A5","distributed","deciduousForest",44.047478,-71.315451,"WGS84",45.3,579.9,0.4,"2 - trap disturbed/door closed but empty","ShermanLF","2023-09-19","2023-09-19",,,,,,,,,,,,,,,,,,,,,,,,,,,,,"did not check","dry ice",,,,,,,,,,,,,,"0000-0002-5964-2409","0009-0009-1224-8349",,,"4c4d44a9-f1bf-49ec-bf92-b4972355b014"
"5077e6ad-b38d-44ac-8d73-44de60f2ba9d","cbf952d3-3811-4f8d-a135-ae9b4f2f57fc","BART_015.mammalGrid.mam","D01","BART","BART_015","B1","distributed","mixedForest",44.042898,-71.275059,"WGS84",45.2,422.8,0.3,"2 - trap disturbed/door closed but empty","ShermanLF","2023-09-19","2023-09-19",,,,,,,,,,,,,,,,,,,,,,,,,,,,,"did not check","dry ice",,,,,,,,,,,,,,"0000-0002-5964-2409","0009-0009-1224-8349",,,"41a5064f-b44f-484a-9e6f-8b2cac7a8e76"
"053aec7a-a76c-4277-9cfe-f989b5958eca","a8544a3c-aaf4-4112-b145-84fb47af979d","BART_012.mammalGrid.mam","D01","BART","BART_012","E6","distributed","deciduousForest",44.047478,-71.315451,"WGS84",45.3,579.9,0.4,"6 - trap set and empty","ShermanLF","2023-09-19","2023-09-19",,,,,,,,,,,,,,,,,,,,,,,,,,,,,,,,,,,,,,,,,,,,"0000-0002-5964-2409","0009-0009-1224-8349",,,"be999799-3d19-4962-975b-04041cff4fdb"
"75d74a19-28dd-4e98-ad97-7255a0958b3e","a8544a3c-aaf4-4112-b145-84fb47af979d","BART_012.mammalGrid.mam","D01","BART","BART_012","E4","distributed","deciduousForest",44.047478,-71.315451,"WGS84",45.3,579.9,0.4,"6 - trap set and empty","ShermanLF","2023-09-19","2023-09-19",,,,,,,,,,,,,,,,,,,,,,,,,,,,,,,,,,,,,,,,,,,,"0000-0002-5964-2409","0009-0009-1224-8349",,,"d5c65ccb-1e46-47fe-89ce-88d3e82c11bc"
"43ad4c14-d378-49b5-9dbb-e0f319ba8beb","16db57c4-74e9-4acf-9884-567a63b4e1a5","BART_062.mammalGrid.mam","D01","BART","BART_062","G2","distributed","deciduousForest",44.057350,-71.308646,"WGS84",45.1,447.2,0.2,"5 - capture","ShermanLF","2023-09-19","2023-09-19","NEON.MAM.D01.R9067",,"PELEPEMA","Peromyscus leucopus/maniculatus","speciesGroup",,"NEON.DOC.001907",,,"N","F","Y","processed","L6375","adult",,"enlarged","pregnant","not plugged",21,14,72,,32,"N","N","N",,"fleas","dry ice",,,"unsuccessful",,,,,,,,,,,"0009-0004-7358-8332","0009-0003-6644-7278",,,"da52994b-f442-4a06-8add-896e2698ec2d"
"ce84442e-98d2-429b-84fd-0b1cf9134328","cbf952d3-3811-4f8d-a135-ae9b4f2f57fc","BART_015.mammalGrid.mam","D01","BART","BART_015","E10","distributed","mixedForest",44.042898,-71.275059,"WGS84",45.2,422.8,0.3,"6 - trap set and empty","ShermanLF","2023-09-19","2023-09-19",,,,,,,,,,,,,,,,,,,,,,,,,,,,,,,,,,,,,,,,,,,,"0000-0002-5964-2409","0009-0009-1224-8349",,,"a44d676a-d314-4385-9f42-b65ac36e5291"
"b1f23eed-4a94-4c33-a797-806a9b2036b8","16db57c4-74e9-4acf-9884-567a63b4e1a5","BART_062.mammalGrid.mam","D01","BART","BART_062","B7","distributed","deciduousForest",44.057350,-71.308646,"WGS84",45.1,447.2,0.2,"2 - trap disturbed/door closed but empty","ShermanLF","2023-09-19","2023-09-19",,,,,,,,,,,,,,,,,,,,,,,,,,,,,"did not check","dry ice",,,,,,,,,,,,,,"0009-0004-7358-8332","0009-0003-6644-7278",,,"35081537-694e-4a13-9e25-f749e636d215"
"02114ba5-e67e-4268-89a1-c08c0f94dc53","a8544a3c-aaf4-4112-b145-84fb47af979d","BART_012.mammalGrid.mam","D01","BART","BART_012","F4","distributed","deciduousForest",44.047478,-71.315451,"WGS84",45.3,579.9,0.4,"6 - trap set and empty","ShermanLF","2023-09-19","2023-09-19",,,,,,,,,,,,,,,,,,,,,,,,,,,,,,,,,,,,,,,,,,,,"0000-0002-5964-2409","0009-0009-1224-8349",,,"e5d0e016-4c74-4a41-8213-af4a6ec17800"
"8cf0441a-6ab0-4dab-a1ca-f0aab75c163f","cbf952d3-3811-4f8d-a135-ae9b4f2f57fc","BART_015.mammalGrid.mam","D01","BART","BART_015","A8","distributed","mixedForest",44.042898,-71.275059,"WGS84",45.2,422.8,0.3,"6 - trap set and empty","ShermanLF","2023-09-19","2023-09-19",,,,,,,,,,,,,,,,,,,,,,,,,,,,,,,,,,,,,,,,,,,,"0000-0002-5964-2409","0009-0009-1224-8349",,,"76bcd91c-8ff5-4537-92e4-7f94d0a10a91"
"8baba745-aca4-448b-bbba-f9b7cf240ed8","16db57c4-74e9-4acf-9884-567a63b4e1a5","BART_062.mammalGrid.mam","D01","BART","BART_062","A3","distributed","deciduousForest",44.057350,-71.308646,"WGS84",45.1,447.2,0.2,"6 - trap set and empty","ShermanLF","2023-09-19","2023-09-19",,,,,,,,,,,,,,,,,,,,,,,,,,,,,,,,,,,,,,,,,,,,"0009-0004-7358-8332","0009-0003-6644-7278",,,"9f17b409-8005-43dd-8ba8-7de944cb59d4"
"b804ae9f-8500-494b-8c33-c5c5a8c269bf","a8544a3c-aaf4-4112-b145-84fb47af979d","BART_012.mammalGrid.mam","D01","BART","BART_012","E9","distributed","deciduousForest",44.047478,-71.315451,"WGS84",45.3,579.9,0.4,"6 - trap set and empty","ShermanLF","2023-09-19","2023-09-19",,,,,,,,,,,,,,,,,,,,,,,,,,,,,,,,,,,,,,,,,,,,"0000-0002-5964-2409","0009-0009-1224-8349",,,"b738c9dd-8b22-4167-9489-db79ba6d1dfd"
"6ac8ef27-33da-4900-9eaa-7cd92f63d42f","a8544a3c-aaf4-4112-b145-84fb47af979d","BART_012.mammalGrid.mam","D01","BART","BART_012","C3","distributed","deciduousForest",44.047478,-71.315451,"WGS84",45.3,579.9,0.4,"6 - trap set and empty","ShermanLF","2023-09-19","2023-09-19",,,,,,,,,,,,,,,,,,,,,,,,,,,,,,,,,,,,,,,,,,,,"0000-0002-5964-2409","0009-0009-1224-8349",,,"938ccf90-936a-4ef4-bc84-ec6859a90bc8"
"0b07a95f-ebef-495c-ab65-22549ada2f9e","cbf952d3-3811-4f8d-a135-ae9b4f2f57fc","BART_015.mammalGrid.mam","D01","BART","BART_015","C7","distributed","mixedForest",44.042898,-71.275059,"WGS84",45.2,422.8,0.3,"5 - capture","ShermanLF","2023-09-19","2023-09-19","NEON.MAM.D01.R7225",,"PEMA","Peromyscus maniculatus","species","cf. species","NEON.DOC.001907",,,"N","M","Y","processed",,"adult","scrotal",,,,22,16,89,,19,"N","N","N",,"none","dry ice",,,"unsuccessful",,,,,,,,,,,"0000-0002-5964-2409","0009-0009-1224-8349",,,"521ff1da-5ad5-40ef-aaba-8fcbddd25b24"
"d82894c6-aa40-4df6-b952-a371b067c3d5","16db57c4-74e9-4acf-9884-567a63b4e1a5","BART_062.mammalGrid.mam","D01","BART","BART_062","D6","distributed","deciduousForest",44.057350,-71.308646,"WGS84",45.1,447.2,0.2,"6 - trap set and empty","ShermanLF","2023-09-19","2023-09-19",,,,,,,,,,,,,,,,,,,,,,,,,,,,,,,,,,,,,,,,,,,,"0009-0004-7358-8332","0009-0003-6644-7278",,,"384eaeaa-cef7-4e9c-bee4-2d0d96ab8530"
"e74092ba-dbb2-4407-ac32-4996e7ee3271","cbf952d3-3811-4f8d-a135-ae9b4f2f57fc","BART_015.mammalGrid.mam","D01","BART","BART_015","B10","distributed","mixedForest",44.042898,-71.275059,"WGS84",45.2,422.8,0.3,"6 - trap set and empty","ShermanLF","2023-09-19","2023-09-19",,,,,,,,,,,,,,,,,,,,,,,,,,,,,,,,,,,,,,,,,,,,"0000-0002-5964-2409","0009-0009-1224-8349",,,"5f3094fc-b036-4d1b-9130-d65a6d975c3e"
"79c94b6e-1259-4a5a-bdf1-fd1bd498a93d","a8544a3c-aaf4-4112-b145-84fb47af979d","BART_012.mammalGrid.mam","D01","BART","BART_012","A10","distributed","deciduousForest",44.047478,-71.315451,"WGS84",45.3,579.9,0.4,"2 - trap disturbed/door closed but empty","ShermanLF","2023-09-19","2023-09-19",,,,,,,,,,,,,,,,,,,,,,,,,,,,,"did not check","dry ice",,,,,,,,,,,,,,"0000-0002-5964-2409","0009-0009-1224-8349",,,"7098c4df-2b84-4b26-be24-de2b5af82709"
"1225cc17-328a-4f48-baa1-7e9bd4f41c43","a8544a3c-aaf4-4112-b145-84fb47af979d","BART_012.mammalGrid.mam","D01","BART","BART_012","I7","distributed","deciduousForest",44.047478,-71.315451,"WGS84",45.3,579.9,0.4,"3 - trap door open or closed w/ spoor left","ShermanLF","2023-09-19","2023-09-19",,,,,,,,,,,,,,,,,,,,,,,,,,,,,"did not check","dry ice",,,,,,,,,,,,,,"0000-0002-5964-2409","0009-0009-1224-8349",,,"b087dc57-3d60-4673-96a8-0daab83e3e05"
"9e7cb44b-04cc-4da2-81ef-6745a13e88a3","16db57c4-74e9-4acf-9884-567a63b4e1a5","BART_062.mammalGrid.mam","D01","BART","BART_062","C7","distributed","deciduousForest",44.057350,-71.308646,"WGS84",45.1,447.2,0.2,"6 - trap set and empty","ShermanLF","2023-09-19","2023-09-19",,,,,,,,,,,,,,,,,,,,,,,,,,,,,,,,,,,,,,,,,,,,"0009-0004-7358-8332","0009-0003-6644-7278",,,"0f1ac725-4a0b-4f4d-8363-47ba7121d2f2"
"4327cbf8-8309-4f1b-97df-f8f692ca03ce","16db57c4-74e9-4acf-9884-567a63b4e1a5","BART_062.mammalGrid.mam","D01","BART","BART_062","C3","distributed","deciduousForest",44.057350,-71.308646,"WGS84",45.1,447.2,0.2,"3 - trap door open or closed w/ spoor left","ShermanLF","2023-09-19","2023-09-19",,,,,,,,,,,,,,,,,,,,,,,,,,,,,"did not check","dry ice",,,,,,,,,,,,,,"0009-0004-7358-8332","0009-0003-6644-7278",,,"fcaeb9e9-d5ee-419e-9b92-b0992663e29c"
"f73789df-1810-40b3-b1d1-aaced4bd9653","a8544a3c-aaf4-4112-b145-84fb47af979d","BART_012.mammalGrid.mam","D01","BART","BART_012","E3","distributed","deciduousForest",44.047478,-71.315451,"WGS84",45.3,579.9,0.4,"6 - trap set and empty","ShermanLF","2023-09-19","2023-09-19",,,,,,,,,,,,,,,,,,,,,,,,,,,,,,,,,,,,,,,,,,,,"0000-0002-5964-2409","0009-0009-1224-8349",,,"ac310cc3-34e8-4b16-a818-9db7f4818250"
"cb917a26-6289-46ea-b4ce-a3159dcc494f","cbf952d3-3811-4f8d-a135-ae9b4f2f57fc","BART_015.mammalGrid.mam","D01","BART","BART_015","D3","distributed","mixedForest",44.042898,-71.275059,"WGS84",45.2,422.8,0.3,"5 - capture","ShermanLF","2023-09-19","2023-09-19","NEON.MAM.D01.L6316",,"PELEPEMA","Peromyscus leucopus/maniculatus","speciesGroup",,"NEON.DOC.001907",,,"N","F","Y","processed",,"adult",,"enlarged","pregnant","neither",21,18,97,,23,"N","N","N",,"none","dry ice","BART.20230919.L6316.B","D00000037414","mandibular",,,,,,,,,,,"0000-0002-5964-2409","0009-0009-1224-8349",,,"adf327b4-1ef3-42f8-b15a-3243e8662ad0"
"dfa65f19-ff45-42d4-b635-d9a04919cc27","cbf952d3-3811-4f8d-a135-ae9b4f2f57fc","BART_015.mammalGrid.mam","D01","BART","BART_015","D8","distributed","mixedForest",44.042898,-71.275059,"WGS84",45.2,422.8,0.3,"6 - trap set and empty","ShermanLF","2023-09-19","2023-09-19",,,,,,,,,,,,,,,,,,,,,,,,,,,,,,,,,,,,,,,,,,,,"0000-0002-5964-2409","0009-0009-1224-8349",,,"5aba8c85-1e0b-440b-950e-3f9401209d6e"
"ca1d8f8f-1c33-489e-b6b4-72db03f94859","cbf952d3-3811-4f8d-a135-ae9b4f2f57fc","BART_015.mammalGrid.mam","D01","BART","BART_015","G3","distributed","mixedForest",44.042898,-71.275059,"WGS84",45.2,422.8,0.3,"6 - trap set and empty","ShermanLF","2023-09-19","2023-09-19",,,,,,,,,,,,,,,,,,,,,,,,,,,,,,,,,,,,,,,,,,,,"0000-0002-5964-2409","0009-0009-1224-8349",,,"c782fe27-17b0-427c-a4cb-844ef1d10630"
"fd1598f5-732f-4b19-999b-dc11d2aacfb3","cbf952d3-3811-4f8d-a135-ae9b4f2f57fc","BART_015.mammalGrid.mam","D01","BART","BART_015","J4","distributed","mixedForest",44.042898,-71.275059,"WGS84",45.2,422.8,0.3,"2 - trap disturbed/door closed but empty","ShermanLF","2023-09-19","2023-09-19",,,,,,,,,,,,,,,,,,,,,,,,,,,,,"did not check","dry ice",,,,,,,,,,,,,,"0000-0002-5964-2409","0009-0009-1224-8349",,,"562ff5bf-81a6-41f5-9bb4-38f261a3d6ac"
"d759aa90-60d7-4ce6-9f66-d23985ed5e7b","a8544a3c-aaf4-4112-b145-84fb47af979d","BART_012.mammalGrid.mam","D01","BART","BART_012","E8","distributed","deciduousForest",44.047478,-71.315451,"WGS84",45.3,579.9,0.4,"6 - trap set and empty","ShermanLF","2023-09-19","2023-09-19",,,,,,,,,,,,,,,,,,,,,,,,,,,,,,,,,,,,,,,,,,,,"0000-0002-5964-2409","0009-0009-1224-8349",,,"e663503a-5422-40f3-a754-bb6d467717e0"
"e1c7d0a8-c873-4310-9b10-80953ec1c535","cbf952d3-3811-4f8d-a135-ae9b4f2f57fc","BART_015.mammalGrid.mam","D01","BART","BART_015","F10","distributed","mixedForest",44.042898,-71.275059,"WGS84",45.2,422.8,0.3,"6 - trap set and empty","ShermanLF","2023-09-19","2023-09-19",,,,,,,,,,,,,,,,,,,,,,,,,,,,,,,,,,,,,,,,,,,,"0000-0002-5964-2409","0009-0009-1224-8349",,,"08841a15-cae8-4a99-abc6-7917f0f205a2"
"29f38251-ec40-4394-96d2-59631462e367","a8544a3c-aaf4-4112-b145-84fb47af979d","BART_012.mammalGrid.mam","D01","BART","BART_012","G4","distributed","deciduousForest",44.047478,-71.315451,"WGS84",45.3,579.9,0.4,"6 - trap set and empty","ShermanLF","2023-09-19","2023-09-19",,,,,,,,,,,,,,,,,,,,,,,,,,,,,,,,,,,,,,,,,,,,"0000-0002-5964-2409","0009-0009-1224-8349",,,"16b9d1c7-ba71-4f76-ba60-31603d8686d7"
"c763143b-9237-476a-9b53-3177ad278ba5","a8544a3c-aaf4-4112-b145-84fb47af979d","BART_012.mammalGrid.mam","D01","BART","BART_012","D3","distributed","deciduousForest",44.047478,-71.315451,"WGS84",45.3,579.9,0.4,"6 - trap set and empty","ShermanLF","2023-09-19","2023-09-19",,,,,,,,,,,,,,,,,,,,,,,,,,,,,,,,,,,,,,,,,,,,"0000-0002-5964-2409","0009-0009-1224-8349",,,"7ba0e04f-c7c1-4b89-bf31-f2736d385372"
"526f5d4a-5db5-4ad8-9516-98d71fa6b551","16db57c4-74e9-4acf-9884-567a63b4e1a5","BART_062.mammalGrid.mam","D01","BART","BART_062","H6","distributed","deciduousForest",44.057350,-71.308646,"WGS84",45.1,447.2,0.2,"6 - trap set and empty","ShermanLF","2023-09-19","2023-09-19",,,,,,,,,,,,,,,,,,,,,,,,,,,,,,,,,,,,,,,,,,,,"0009-0004-7358-8332","0009-0003-6644-7278",,,"065645fc-9eb4-4c6d-9ec4-24bfcca3c9c2"
"43164404-c780-44be-8d6d-249130b9c20c","16db57c4-74e9-4acf-9884-567a63b4e1a5","BART_062.mammalGrid.mam","D01","BART","BART_062","I8","distributed","deciduousForest",44.057350,-71.308646,"WGS84",45.1,447.2,0.2,"6 - trap set and empty","ShermanLF","2023-09-19","2023-09-19",,,,,,,,,,,,,,,,,,,,,,,,,,,,,,,,,,,,,,,,,,,,"0009-0004-7358-8332","0009-0003-6644-7278",,,"85a89af1-4467-4d1d-847d-351f0594c69b"
"02f11339-bc3d-4651-95ac-27ef02d0fd1a","cbf952d3-3811-4f8d-a135-ae9b4f2f57fc","BART_015.mammalGrid.mam","D01","BART","BART_015","A9","distributed","mixedForest",44.042898,-71.275059,"WGS84",45.2,422.8,0.3,"6 - trap set and empty","ShermanLF","2023-09-19","2023-09-19",,,,,,,,,,,,,,,,,,,,,,,,,,,,,,,,,,,,,,,,,,,,"0000-0002-5964-2409","0009-0009-1224-8349",,,"74f6d1bc-bcec-4d2a-b020-d5685dc9c1d8"
"1337474a-468e-4669-9616-bb9c63c4f05c","a8544a3c-aaf4-4112-b145-84fb47af979d","BART_012.mammalGrid.mam","D01","BART","BART_012","A6","distributed","deciduousForest",44.047478,-71.315451,"WGS84",45.3,579.9,0.4,"2 - trap disturbed/door closed but empty","ShermanLF","2023-09-19","2023-09-19",,,,,,,,,,,,,,,,,,,,,,,,,,,,,"did not check","dry ice",,,,,,,,,,,,,,"0000-0002-5964-2409","0009-0009-1224-8349",,,"223d0b61-011e-4419-898f-2948ae3a4ef3"
"5dbfb774-a7a6-44b9-8f27-23c99c898bca","16db57c4-74e9-4acf-9884-567a63b4e1a5","BART_062.mammalGrid.mam","D01","BART","BART_062","E4","distributed","deciduousForest",44.057350,-71.308646,"WGS84",45.1,447.2,0.2,"2 - trap disturbed/door closed but empty","ShermanLF","2023-09-19","2023-09-19",,,,,,,,,,,,,,,,,,,,,,,,,,,,,"did not check","dry ice",,,,,,,,,,,,,,"0009-0004-7358-8332","0009-0003-6644-7278",,,"d0d5b0df-44d2-44c7-bf5f-b328a140f7e5"
"a51a7984-ccca-4e9c-8a5e-194b47fe7b04","16db57c4-74e9-4acf-9884-567a63b4e1a5","BART_062.mammalGrid.mam","D01","BART","BART_062","G4","distributed","deciduousForest",44.057350,-71.308646,"WGS84",45.1,447.2,0.2,"6 - trap set and empty","ShermanLF","2023-09-19","2023-09-19",,,,,,,,,,,,,,,,,,,,,,,,,,,,,,,,,,,,,,,,,,,,"0009-0004-7358-8332","0009-0003-6644-7278",,,"40a52af0-b698-464b-907a-d2504e074280"
"0ad836f8-18bd-4335-86e4-5d1c3d33fd28","cbf952d3-3811-4f8d-a135-ae9b4f2f57fc","BART_015.mammalGrid.mam","D01","BART","BART_015","B6","distributed","mixedForest",44.042898,-71.275059,"WGS84",45.2,422.8,0.3,"6 - trap set and empty","ShermanLF","2023-09-19","2023-09-19",,,,,,,,,,,,,,,,,,,,,,,,,,,,,,,,,,,,,,,,,,,,"0000-0002-5964-2409","0009-0009-1224-8349",,,"a4d5c053-4950-478c-a6e5-7bfc1cbcb883"
"c4a06fd6-dca2-427b-aa15-9df3f722cf7b","cbf952d3-3811-4f8d-a135-ae9b4f2f57fc","BART_015.mammalGrid.mam","D01","BART","BART_015","F1","distributed","mixedForest",44.042898,-71.275059,"WGS84",45.2,422.8,0.3,"6 - trap set and empty","ShermanLF","2023-09-19","2023-09-19",,,,,,,,,,,,,,,,,,,,,,,,,,,,,,,,,,,,,,,,,,,,"0000-0002-5964-2409","0009-0009-1224-8349",,,"57be4bed-ed29-4b52-a44a-84a42dc346e6"
"0980b55f-b272-4a50-810a-0a5b86703a6f","a8544a3c-aaf4-4112-b145-84fb47af979d","BART_012.mammalGrid.mam","D01","BART","BART_012","E2","distributed","deciduousForest",44.047478,-71.315451,"WGS84",45.3,579.9,0.4,"6 - trap set and empty","ShermanLF","2023-09-19","2023-09-19",,,,,,,,,,,,,,,,,,,,,,,,,,,,,,,,,,,,,,,,,,,,"0000-0002-5964-2409","0009-0009-1224-8349",,,"ee053892-0d12-44fc-9097-c6556f77f7c4"
"9ab91804-18bc-4724-9aa8-5f6b3bf88db2","16db57c4-74e9-4acf-9884-567a63b4e1a5","BART_062.mammalGrid.mam","D01","BART","BART_062","E8","distributed","deciduousForest",44.057350,-71.308646,"WGS84",45.1,447.2,0.2,"6 - trap set and empty","ShermanLF","2023-09-19","2023-09-19",,,,,,,,,,,,,,,,,,,,,,,,,,,,,,,,,,,,,,,,,,,,"0009-0004-7358-8332","0009-0003-6644-7278",,,"d9b6507c-94c9-456f-9f7b-fbdc33192b91"
"0e3a38b3-e108-4f0d-bd24-69e66a1fd8e5","16db57c4-74e9-4acf-9884-567a63b4e1a5","BART_062.mammalGrid.mam","D01","BART","BART_062","A8","distributed","deciduousForest",44.057350,-71.308646,"WGS84",45.1,447.2,0.2,"6 - trap set and empty","ShermanLF","2023-09-19","2023-09-19",,,,,,,,,,,,,,,,,,,,,,,,,,,,,,,,,,,,,,,,,,,,"0009-0004-7358-8332","0009-0003-6644-7278",,,"ec17f390-b82f-44f3-8d4f-e9c1750c5968"
"8cbb17ba-2392-42ed-bcfa-c1bd4622efb3","16db57c4-74e9-4acf-9884-567a63b4e1a5","BART_062.mammalGrid.mam","D01","BART","BART_062","I9","distributed","deciduousForest",44.057350,-71.308646,"WGS84",45.1,447.2,0.2,"6 - trap set and empty","ShermanLF","2023-09-19","2023-09-19",,,,,,,,,,,,,,,,,,,,,,,,,,,,,,,,,,,,,,,,,,,,"0009-0004-7358-8332","0009-0003-6644-7278",,,"041d78fa-0d2e-4731-8aa7-905d6f0c6ea8"
"ce6e57f0-eaa0-4558-a07a-fa0bf80d05f4","cbf952d3-3811-4f8d-a135-ae9b4f2f57fc","BART_015.mammalGrid.mam","D01","BART","BART_015","F6","distributed","mixedForest",44.042898,-71.275059,"WGS84",45.2,422.8,0.3,"6 - trap set and empty","ShermanLF","2023-09-19","2023-09-19",,,,,,,,,,,,,,,,,,,,,,,,,,,,,,,,,,,,,,,,,,,,"0000-0002-5964-2409","0009-0009-1224-8349",,,"00f78138-6b33-4bf0-9313-0867154f5db9"
"e643fcd1-b225-463e-a2c2-ea41bbafad86","16db57c4-74e9-4acf-9884-567a63b4e1a5","BART_062.mammalGrid.mam","D01","BART","BART_062","F6","distributed","deciduousForest",44.057350,-71.308646,"WGS84",45.1,447.2,0.2,"6 - trap set and empty","ShermanLF","2023-09-19","2023-09-19",,,,,,,,,,,,,,,,,,,,,,,,,,,,,,,,,,,,,,,,,,,,"0009-0004-7358-8332","0009-0003-6644-7278",,,"90f94704-495c-4a49-b68a-38b07b3417f3"
"bde2ed6d-b7f7-4c31-9497-544ec18ed1e8","16db57c4-74e9-4acf-9884-567a63b4e1a5","BART_062.mammalGrid.mam","D01","BART","BART_062","C5","distributed","deciduousForest",44.057350,-71.308646,"WGS84",45.1,447.2,0.2,"6 - trap set and empty","ShermanLF","2023-09-19","2023-09-19",,,,,,,,,,,,,,,,,,,,,,,,,,,,,,,,,,,,,,,,,,,,"0009-0004-7358-8332","0009-0003-6644-7278",,,"87f294ff-407e-4444-93c7-306c4eeb65bb"
"47f195f2-fb75-4e5a-abe1-69ed7a5755aa","16db57c4-74e9-4acf-9884-567a63b4e1a5","BART_062.mammalGrid.mam","D01","BART","BART_062","C2","distributed","deciduousForest",44.057350,-71.308646,"WGS84",45.1,447.2,0.2,"6 - trap set and empty","ShermanLF","2023-09-19","2023-09-19",,,,,,,,,,,,,,,,,,,,,,,,,,,,,,,,,,,,,,,,,,,,"0009-0004-7358-8332","0009-0003-6644-7278",,,"624d3557-3efa-4cfd-b274-bc370e31f325"
"d7185538-6372-41c4-9330-fc7896203a54","a8544a3c-aaf4-4112-b145-84fb47af979d","BART_012.mammalGrid.mam","D01","BART","BART_012","C6","distributed","deciduousForest",44.047478,-71.315451,"WGS84",45.3,579.9,0.4,"6 - trap set and empty","ShermanLF","2023-09-19","2023-09-19",,,,,,,,,,,,,,,,,,,,,,,,,,,,,,,,,,,,,,,,,,,,"0000-0002-5964-2409","0009-0009-1224-8349",,,"a9f43594-8a30-4842-80a4-e2d9010c8c50"
"43eb20a5-1df4-4987-943d-3d352ca6a6d1","a8544a3c-aaf4-4112-b145-84fb47af979d","BART_012.mammalGrid.mam","D01","BART","BART_012","I5","distributed","deciduousForest",44.047478,-71.315451,"WGS84",45.3,579.9,0.4,"6 - trap set and empty","ShermanLF","2023-09-19","2023-09-19",,,,,,,,,,,,,,,,,,,,,,,,,,,,,,,,,,,,,,,,,,,,"0000-0002-5964-2409","0009-0009-1224-8349",,,"5743a8de-eb38-42d6-bc47-5205fa76d676"
"f028b012-0e32-433a-bfb1-df28cd5ab449","16db57c4-74e9-4acf-9884-567a63b4e1a5","BART_062.mammalGrid.mam","D01","BART","BART_062","H10","distributed","deciduousForest",44.057350,-71.308646,"WGS84",45.1,447.2,0.2,"5 - capture","ShermanLF","2023-09-19","2023-09-19","NEON.MAM.D01.L9703",,"PELEPEMA","Peromyscus leucopus/maniculatus","speciesGroup",,"NEON.DOC.001907",,,"N","F","N","processed",,"subadult",,"nonenlarged","not",,21,14,81,,19,"N","N","N",,"botflies","dry ice",,,"unsuccessful",,,,,,,,,,,"0009-0004-7358-8332","0009-0003-6644-7278",,,"9559cbea-cc31-42ec-ae84-15ee0cedcda0"
"ef90d359-fb23-4223-8cbb-425a0ee1c9b9","a8544a3c-aaf4-4112-b145-84fb47af979d","BART_012.mammalGrid.mam","D01","BART","BART_012","I9","distributed","deciduousForest",44.047478,-71.315451,"WGS84",45.3,579.9,0.4,"6 - trap set and empty","ShermanLF","2023-09-19","2023-09-19",,,,,,,,,,,,,,,,,,,,,,,,,,,,,,,,,,,,,,,,,,,,"0000-0002-5964-2409","0009-0009-1224-8349",,,"7709904f-4e2f-4701-ab25-ba741118e352"
"7b1cba50-d2b0-429c-9f38-e82d01eb35c5","cbf952d3-3811-4f8d-a135-ae9b4f2f57fc","BART_015.mammalGrid.mam","D01","BART","BART_015","E9","distributed","mixedForest",44.042898,-71.275059,"WGS84",45.2,422.8,0.3,"6 - trap set and empty","ShermanLF","2023-09-19","2023-09-19",,,,,,,,,,,,,,,,,,,,,,,,,,,,,,,,,,,,,,,,,,,,"0000-0002-5964-2409","0009-0009-1224-8349",,,"daef43fc-397a-4b18-99cd-bc79c602edfa"
"3a6b5d78-eb92-43d7-afb9-29bea9e94fab","16db57c4-74e9-4acf-9884-567a63b4e1a5","BART_062.mammalGrid.mam","D01","BART","BART_062","C10","distributed","deciduousForest",44.057350,-71.308646,"WGS84",45.1,447.2,0.2,"6 - trap set and empty","ShermanLF","2023-09-19","2023-09-19",,,,,,,,,,,,,,,,,,,,,,,,,,,,,,,,,,,,,,,,,,,,"0009-0004-7358-8332","0009-0003-6644-7278",,,"b238b3f1-0efb-4299-a7d2-e36d96ee26c4"
"f4b284d3-a4b5-468f-a02a-60c6cf8b4769","a8544a3c-aaf4-4112-b145-84fb47af979d","BART_012.mammalGrid.mam","D01","BART","BART_012","J7","distributed","deciduousForest",44.047478,-71.315451,"WGS84",45.3,579.9,0.4,"6 - trap set and empty","ShermanLF","2023-09-19","2023-09-19",,,,,,,,,,,,,,,,,,,,,,,,,,,,,,,,,,,,,,,,,,,,"0000-0002-5964-2409","0009-0009-1224-8349",,,"ae2d741c-edad-4ea4-9c3b-821088b10237"
"b2b4fd1c-f30e-4e95-a795-e8215340fdce","a8544a3c-aaf4-4112-b145-84fb47af979d","BART_012.mammalGrid.mam","D01","BART","BART_012","I2","distributed","deciduousForest",44.047478,-71.315451,"WGS84",45.3,579.9,0.4,"6 - trap set and empty","ShermanLF","2023-09-19","2023-09-19",,,,,,,,,,,,,,,,,,,,,,,,,,,,,,,,,,,,,,,,,,,,"0000-0002-5964-2409","0009-0009-1224-8349",,,"cf8117f5-707c-4205-ba7b-fb5edb5db11a"
"24c44f51-a4bb-4279-8e61-bc8c51579037","cbf952d3-3811-4f8d-a135-ae9b4f2f57fc","BART_015.mammalGrid.mam","D01","BART","BART_015","C8","distributed","mixedForest",44.042898,-71.275059,"WGS84",45.2,422.8,0.3,"6 - trap set and empty","ShermanLF","2023-09-19","2023-09-19",,,,,,,,,,,,,,,,,,,,,,,,,,,,,,,,,,,,,,,,,,,,"0000-0002-5964-2409","0009-0009-1224-8349",,,"151948c0-d505-48c2-869c-ac9a077fd440"
"bce01452-77c7-4c42-8bd3-02d6b2f1b7a8","cbf952d3-3811-4f8d-a135-ae9b4f2f57fc","BART_015.mammalGrid.mam","D01","BART","BART_015","H1","distributed","mixedForest",44.042898,-71.275059,"WGS84",45.2,422.8,0.3,"6 - trap set and empty","ShermanLF","2023-09-19","2023-09-19",,,,,,,,,,,,,,,,,,,,,,,,,,,,,,,,,,,,,,,,,,,,"0000-0002-5964-2409","0009-0009-1224-8349",,,"62a6f1b1-42f6-4502-a753-7706e1872d3f"
"1558256a-578b-49c9-a6a2-14d144603feb","a8544a3c-aaf4-4112-b145-84fb47af979d","BART_012.mammalGrid.mam","D01","BART","BART_012","F3","distributed","deciduousForest",44.047478,-71.315451,"WGS84",45.3,579.9,0.4,"6 - trap set and empty","ShermanLF","2023-09-19","2023-09-19",,,,,,,,,,,,,,,,,,,,,,,,,,,,,,,,,,,,,,,,,,,,"0000-0002-5964-2409","0009-0009-1224-8349",,,"5313f545-d20e-4271-9229-11a9c71cf84a"
"adabd491-f45d-4977-b24e-7c7467206f04","cbf952d3-3811-4f8d-a135-ae9b4f2f57fc","BART_015.mammalGrid.mam","D01","BART","BART_015","D10","distributed","mixedForest",44.042898,-71.275059,"WGS84",45.2,422.8,0.3,"6 - trap set and empty","ShermanLF","2023-09-19","2023-09-19",,,,,,,,,,,,,,,,,,,,,,,,,,,,,,,,,,,,,,,,,,,,"0000-0002-5964-2409","0009-0009-1224-8349",,,"cfc3a5c4-16b9-45c2-b265-059cb3557224"
"cd5401d3-8056-482d-95b4-7839201150d2","a8544a3c-aaf4-4112-b145-84fb47af979d","BART_012.mammalGrid.mam","D01","BART","BART_012","D9","distributed","deciduousForest",44.047478,-71.315451,"WGS84",45.3,579.9,0.4,"6 - trap set and empty","ShermanLF","2023-09-19","2023-09-19",,,,,,,,,,,,,,,,,,,,,,,,,,,,,,,,,,,,,,,,,,,,"0000-0002-5964-2409","0009-0009-1224-8349",,,"5269ba4e-91d3-418c-a92e-f48e11368a7c"
"d528d717-3a34-4a9b-b3f1-d780e7895acb","a8544a3c-aaf4-4112-b145-84fb47af979d","BART_012.mammalGrid.mam","D01","BART","BART_012","A2","distributed","deciduousForest",44.047478,-71.315451,"WGS84",45.3,579.9,0.4,"5 - capture","ShermanLF","2023-09-19","2023-09-19","NEON.MAM.D01.L6306",,"PEMA","Peromyscus maniculatus","species","cf. species","NEON.DOC.001907",,,"N","F","Y","processed",,"adult",,"enlarged","pregnant","neither",22,20,103,,28,"N","N","N",,"fleas","dry ice","BART.20230919.L6306.B","D00000036975","mandibular",,,,,,,,,,,"0000-0002-5964-2409","0009-0009-1224-8349",,,"a73c19b4-e888-4c89-ac14-8dff935dd454"
"1fbcc1c9-e728-4b75-a4eb-3fb0c61aa397","16db57c4-74e9-4acf-9884-567a63b4e1a5","BART_062.mammalGrid.mam","D01","BART","BART_062","H8","distributed","deciduousForest",44.057350,-71.308646,"WGS84",45.1,447.2,0.2,"6 - trap set and empty","ShermanLF","2023-09-19","2023-09-19",,,,,,,,,,,,,,,,,,,,,,,,,,,,,,,,,,,,,,,,,,,,"0009-0004-7358-8332","0009-0003-6644-7278",,,"0b82adfc-63a4-49e3-bca2-fe22cd534a80"
"6f5863fd-74a2-4d40-add0-604b52cb0b73","a8544a3c-aaf4-4112-b145-84fb47af979d","BART_012.mammalGrid.mam","D01","BART","BART_012","G6","distributed","deciduousForest",44.047478,-71.315451,"WGS84",45.3,579.9,0.4,"6 - trap set and empty","ShermanLF","2023-09-19","2023-09-19",,,,,,,,,,,,,,,,,,,,,,,,,,,,,,,,,,,,,,,,,,,,"0000-0002-5964-2409","0009-0009-1224-8349",,,"d08bd003-b356-40fa-b487-338ed7eaf75a"
"12cbc596-9a08-44d3-bbe4-c5d1f7416f5e","cbf952d3-3811-4f8d-a135-ae9b4f2f57fc","BART_015.mammalGrid.mam","D01","BART","BART_015","F2","distributed","mixedForest",44.042898,-71.275059,"WGS84",45.2,422.8,0.3,"6 - trap set and empty","ShermanLF","2023-09-19","2023-09-19",,,,,,,,,,,,,,,,,,,,,,,,,,,,,,,,,,,,,,,,,,,,"0000-0002-5964-2409","0009-0009-1224-8349",,,"db6f4018-d503-4965-9203-def70bcd5e8e"
"8733921f-bd19-4fd5-9545-25d0cfa87fbc","16db57c4-74e9-4acf-9884-567a63b4e1a5","BART_062.mammalGrid.mam","D01","BART","BART_062","G5","distributed","deciduousForest",44.057350,-71.308646,"WGS84",45.1,447.2,0.2,"2 - trap disturbed/door closed but empty","ShermanLF","2023-09-19","2023-09-19",,,,,,,,,,,,,,,,,,,,,,,,,,,,,"did not check","dry ice",,,,,,,,,,,,,,"0009-0004-7358-8332","0009-0003-6644-7278",,,"4345e1b1-0f3b-4cc6-96ae-699e424fda2d"
"4cd34348-3fd1-4a54-8d3a-6176c34a4c47","a8544a3c-aaf4-4112-b145-84fb47af979d","BART_012.mammalGrid.mam","D01","BART","BART_012","G8","distributed","deciduousForest",44.047478,-71.315451,"WGS84",45.3,579.9,0.4,"6 - trap set and empty","ShermanLF","2023-09-19","2023-09-19",,,,,,,,,,,,,,,,,,,,,,,,,,,,,,,,,,,,,,,,,,,,"0000-0002-5964-2409","0009-0009-1224-8349",,,"9a491505-3516-4c59-a259-325da475c844"
"b759cb58-659a-47e2-a1af-c4d444642190","cbf952d3-3811-4f8d-a135-ae9b4f2f57fc","BART_015.mammalGrid.mam","D01","BART","BART_015","G4","distributed","mixedForest",44.042898,-71.275059,"WGS84",45.2,422.8,0.3,"6 - trap set and empty","ShermanLF","2023-09-19","2023-09-19",,,,,,,,,,,,,,,,,,,,,,,,,,,,,,,,,,,,,,,,,,,,"0000-0002-5964-2409","0009-0009-1224-8349",,,"b75b5297-83b5-416b-bed4-eb5aeea835ca"
"1b4f3ae7-9a20-4743-b23f-4aaad32e8ae7","a8544a3c-aaf4-4112-b145-84fb47af979d","BART_012.mammalGrid.mam","D01","BART","BART_012","A8","distributed","deciduousForest",44.047478,-71.315451,"WGS84",45.3,579.9,0.4,"6 - trap set and empty","ShermanLF","2023-09-19","2023-09-19",,,,,,,,,,,,,,,,,,,,,,,,,,,,,,,,,,,,,,,,,,,,"0000-0002-5964-2409","0009-0009-1224-8349",,,"3586c700-e95d-4280-9935-198ec0c858d7"
"db164cb0-bbe5-436a-a4e6-fa3814b5f379","a8544a3c-aaf4-4112-b145-84fb47af979d","BART_012.mammalGrid.mam","D01","BART","BART_012","J3","distributed","deciduousForest",44.047478,-71.315451,"WGS84",45.3,579.9,0.4,"6 - trap set and empty","ShermanLF","2023-09-19","2023-09-19",,,,,,,,,,,,,,,,,,,,,,,,,,,,,,,,,,,,,,,,,,,,"0000-0002-5964-2409","0009-0009-1224-8349",,,"5cd75323-00af-4126-84dc-adc26e203964"
"319957d6-5023-4fb5-99a7-02efe9abf5fc","a8544a3c-aaf4-4112-b145-84fb47af979d","BART_012.mammalGrid.mam","D01","BART","BART_012","F6","distributed","deciduousForest",44.047478,-71.315451,"WGS84",45.3,579.9,0.4,"6 - trap set and empty","ShermanLF","2023-09-19","2023-09-19",,,,,,,,,,,,,,,,,,,,,,,,,,,,,,,,,,,,,,,,,,,,"0000-0002-5964-2409","0009-0009-1224-8349",,,"b9bc616e-60eb-4a42-b984-1e231cd4d35a"
"52200605-f326-4d39-be96-c70f45eeeb5e","cbf952d3-3811-4f8d-a135-ae9b4f2f57fc","BART_015.mammalGrid.mam","D01","BART","BART_015","D2","distributed","mixedForest",44.042898,-71.275059,"WGS84",45.2,422.8,0.3,"6 - trap set and empty","ShermanLF","2023-09-19","2023-09-19",,,,,,,,,,,,,,,,,,,,,,,,,,,,,,,,,,,,,,,,,,,,"0000-0002-5964-2409","0009-0009-1224-8349",,,"e5c0d3bc-62c2-45e5-9cb8-188bb2eb9a71"
"9a51f713-255f-4387-b98f-2419648a13ec","a8544a3c-aaf4-4112-b145-84fb47af979d","BART_012.mammalGrid.mam","D01","BART","BART_012","D6","distributed","deciduousForest",44.047478,-71.315451,"WGS84",45.3,579.9,0.4,"6 - trap set and empty","ShermanLF","2023-09-19","2023-09-19",,,,,,,,,,,,,,,,,,,,,,,,,,,,,,,,,,,,,,,,,,,,"0000-0002-5964-2409","0009-0009-1224-8349",,,"1a946234-ca6d-4315-b6c0-15350c665bc6"
"e0988f06-f7bb-4223-8bfe-efa0b160e62f","cbf952d3-3811-4f8d-a135-ae9b4f2f57fc","BART_015.mammalGrid.mam","D01","BART","BART_015","D5","distributed","mixedForest",44.042898,-71.275059,"WGS84",45.2,422.8,0.3,"5 - capture","ShermanLF","2023-09-19","2023-09-19","NEON.MAM.D01.R6315",,"PELEPEMA","Peromyscus leucopus/maniculatus","speciesGroup",,"NEON.DOC.001907",,,"N","F","Y","processed",,"adult",,"enlarged","unknown","neither",22,20,99,,22,"N","N","N",,"none","dry ice","BART.20230919.R6315.B","D00000037439","mandibular",,,,,,,,,,,"0000-0002-5964-2409","0009-0009-1224-8349",,,"28408927-ddf9-4af4-b9bf-18000df597c5"
"dcc0a681-a15d-4383-b971-e077fb91c3b0","16db57c4-74e9-4acf-9884-567a63b4e1a5","BART_062.mammalGrid.mam","D01","BART","BART_062","J6","distributed","deciduousForest",44.057350,-71.308646,"WGS84",45.1,447.2,0.2,"2 - trap disturbed/door closed but empty","ShermanLF","2023-09-19","2023-09-19",,,,,,,,,,,,,,,,,,,,,,,,,,,,,"did not check","dry ice",,,,,,,,,,,,,,"0009-0004-7358-8332","0009-0003-6644-7278",,,"aaab57cb-38e7-407b-8048-b121282eacfd"
"a14dfc8a-c21c-40c6-99dd-2b2db7bb141c","cbf952d3-3811-4f8d-a135-ae9b4f2f57fc","BART_015.mammalGrid.mam","D01","BART","BART_015","G9","distributed","mixedForest",44.042898,-71.275059,"WGS84",45.2,422.8,0.3,"6 - trap set and empty","ShermanLF","2023-09-19","2023-09-19",,,,,,,,,,,,,,,,,,,,,,,,,,,,,,,,,,,,,,,,,,,,"0000-0002-5964-2409","0009-0009-1224-8349",,,"a210e241-f889-43d0-9bea-5b3bde522ba6"
"9cb92441-9d0e-4808-9ae2-303a18e25293","cbf952d3-3811-4f8d-a135-ae9b4f2f57fc","BART_015.mammalGrid.mam","D01","BART","BART_015","H5","distributed","mixedForest",44.042898,-71.275059,"WGS84",45.2,422.8,0.3,"6 - trap set and empty","ShermanLF","2023-09-19","2023-09-19",,,,,,,,,,,,,,,,,,,,,,,,,,,,,,,,,,,,,,,,,,,,"0000-0002-5964-2409","0009-0009-1224-8349",,,"a7894d57-b5d2-410b-b195-d2d3f4dcfb8a"
"d1a592a1-0551-4c3b-92f6-d7fe9539f9bc","cbf952d3-3811-4f8d-a135-ae9b4f2f57fc","BART_015.mammalGrid.mam","D01","BART","BART_015","I9","distributed","mixedForest",44.042898,-71.275059,"WGS84",45.2,422.8,0.3,"6 - trap set and empty","ShermanLF","2023-09-19","2023-09-19",,,,,,,,,,,,,,,,,,,,,,,,,,,,,,,,,,,,,,,,,,,,"0000-0002-5964-2409","0009-0009-1224-8349",,,"dc34a13f-cc30-40e6-9b30-d99267e2b88c"
"20e9977a-4ef1-4f4f-ae29-e3832fc3c33d","16db57c4-74e9-4acf-9884-567a63b4e1a5","BART_062.mammalGrid.mam","D01","BART","BART_062","J5","distributed","deciduousForest",44.057350,-71.308646,"WGS84",45.1,447.2,0.2,"6 - trap set and empty","ShermanLF","2023-09-19","2023-09-19",,,,,,,,,,,,,,,,,,,,,,,,,,,,,,,,,,,,,,,,,,,,"0009-0004-7358-8332","0009-0003-6644-7278",,,"47fd3c95-a028-4238-b7fb-254de9c93c35"
"d1b01c3e-ac5f-4da1-8831-adecfed29d72","16db57c4-74e9-4acf-9884-567a63b4e1a5","BART_062.mammalGrid.mam","D01","BART","BART_062","F5","distributed","deciduousForest",44.057350,-71.308646,"WGS84",45.1,447.2,0.2,"6 - trap set and empty","ShermanLF","2023-09-19","2023-09-19",,,,,,,,,,,,,,,,,,,,,,,,,,,,,,,,,,,,,,,,,,,,"0009-0004-7358-8332","0009-0003-6644-7278",,,"144f62cd-8b44-43af-a186-c263c0be2acc"
"0b8c933f-8bfe-4953-afba-50864f35c87c","16db57c4-74e9-4acf-9884-567a63b4e1a5","BART_062.mammalGrid.mam","D01","BART","BART_062","E7","distributed","deciduousForest",44.057350,-71.308646,"WGS84",45.1,447.2,0.2,"6 - trap set and empty","ShermanLF","2023-09-19","2023-09-19",,,,,,,,,,,,,,,,,,,,,,,,,,,,,,,,,,,,,,,,,,,,"0009-0004-7358-8332","0009-0003-6644-7278",,,"dec2872e-73b8-4193-8fd9-7c1db4e32ed3"
"ec6d418d-7a3e-491f-ab0a-1696f734c3de","a8544a3c-aaf4-4112-b145-84fb47af979d","BART_012.mammalGrid.mam","D01","BART","BART_012","A4","distributed","deciduousForest",44.047478,-71.315451,"WGS84",45.3,579.9,0.4,"2 - trap disturbed/door closed but empty","ShermanLF","2023-09-19","2023-09-19",,,,,,,,,,,,,,,,,,,,,,,,,,,,,"did not check","dry ice",,,,,,,,,,,,,,"0000-0002-5964-2409","0009-0009-1224-8349",,,"c9c32b25-52b9-4394-bbba-51f123a4044b"
"b733d7e5-f63c-4d2c-9077-2b792aa80009","16db57c4-74e9-4acf-9884-567a63b4e1a5","BART_062.mammalGrid.mam","D01","BART","BART_062","F3","distributed","deciduousForest",44.057350,-71.308646,"WGS84",45.1,447.2,0.2,"6 - trap set and empty","ShermanLF","2023-09-19","2023-09-19",,,,,,,,,,,,,,,,,,,,,,,,,,,,,,,,,,,,,,,,,,,,"0009-0004-7358-8332","0009-0003-6644-7278",,,"35937b69-b873-407e-8635-afe093df6d5c"
"0763cdf0-4abe-4e28-bb79-5388af91e677","cbf952d3-3811-4f8d-a135-ae9b4f2f57fc","BART_015.mammalGrid.mam","D01","BART","BART_015","H9","distributed","mixedForest",44.042898,-71.275059,"WGS84",45.2,422.8,0.3,"6 - trap set and empty","ShermanLF","2023-09-19","2023-09-19",,,,,,,,,,,,,,,,,,,,,,,,,,,,,,,,,,,,,,,,,,,,"0000-0002-5964-2409","0009-0009-1224-8349",,,"5c3bb9ad-0f73-4ba9-b46f-7440a9d780c3"
"cd109eed-9d84-481e-8f65-8c001081a4f1","cbf952d3-3811-4f8d-a135-ae9b4f2f57fc","BART_015.mammalGrid.mam","D01","BART","BART_015","F5","distributed","mixedForest",44.042898,-71.275059,"WGS84",45.2,422.8,0.3,"6 - trap set and empty","ShermanLF","2023-09-19","2023-09-19",,,,,,,,,,,,,,,,,,,,,,,,,,,,,,,,,,,,,,,,,,,,"0000-0002-5964-2409","0009-0009-1224-8349",,,"842b317f-cdf1-4a82-afa2-e30a07db3b88"
"0f1e20f4-437d-4de9-9189-d60cdf2505e4","a8544a3c-aaf4-4112-b145-84fb47af979d","BART_012.mammalGrid.mam","D01","BART","BART_012","J5","distributed","deciduousForest",44.047478,-71.315451,"WGS84",45.3,579.9,0.4,"6 - trap set and empty","ShermanLF","2023-09-19","2023-09-19",,,,,,,,,,,,,,,,,,,,,,,,,,,,,,,,,,,,,,,,,,,,"0000-0002-5964-2409","0009-0009-1224-8349",,,"8df61371-db72-4b2a-a692-27906187d9ac"
"451839d3-b0c2-4531-95b0-019735e10809","16db57c4-74e9-4acf-9884-567a63b4e1a5","BART_062.mammalGrid.mam","D01","BART","BART_062","A5","distributed","deciduousForest",44.057350,-71.308646,"WGS84",45.1,447.2,0.2,"2 - trap disturbed/door closed but empty","ShermanLF","2023-09-19","2023-09-19",,,,,,,,,,,,,,,,,,,,,,,,,,,,,"did not check","dry ice",,,,,,,,,,,,,,"0009-0004-7358-8332","0009-0003-6644-7278",,,"1a241113-40ad-48b0-a665-841482b03fc9"
"c2c08de9-e87d-4ba6-8554-3d9423240e20","a8544a3c-aaf4-4112-b145-84fb47af979d","BART_012.mammalGrid.mam","D01","BART","BART_012","H4","distributed","deciduousForest",44.047478,-71.315451,"WGS84",45.3,579.9,0.4,"3 - trap door open or closed w/ spoor left","ShermanLF","2023-09-19","2023-09-19",,,,,,,,,,,,,,,,,,,,,,,,,,,,,"did not check","dry ice",,,,,,,,,,,,,,"0000-0002-5964-2409","0009-0009-1224-8349",,,"df52fd89-736b-44f6-9921-bf95ced3db4c"
"97fa639f-aa6f-4fb8-a909-332bb4184617","16db57c4-74e9-4acf-9884-567a63b4e1a5","BART_062.mammalGrid.mam","D01","BART","BART_062","J4","distributed","deciduousForest",44.057350,-71.308646,"WGS84",45.1,447.2,0.2,"6 - trap set and empty","ShermanLF","2023-09-19","2023-09-19",,,,,,,,,,,,,,,,,,,,,,,,,,,,,,,,,,,,,,,,,,,,"0009-0004-7358-8332","0009-0003-6644-7278",,,"b0c93d4c-472a-46af-b81a-f2c622399272"
"b5652163-81d2-4bf6-9647-1b80274e4f58","16db57c4-74e9-4acf-9884-567a63b4e1a5","BART_062.mammalGrid.mam","D01","BART","BART_062","H7","distributed","deciduousForest",44.057350,-71.308646,"WGS84",45.1,447.2,0.2,"6 - trap set and empty","ShermanLF","2023-09-19","2023-09-19",,,,,,,,,,,,,,,,,,,,,,,,,,,,,,,,,,,,,,,,,,,,"0009-0004-7358-8332","0009-0003-6644-7278",,,"2880b0ee-f90f-4b19-9646-42f22344a46b"
"e3a5489c-7bd2-4224-9427-820f4624a44b","16db57c4-74e9-4acf-9884-567a63b4e1a5","BART_062.mammalGrid.mam","D01","BART","BART_062","J1","distributed","deciduousForest",44.057350,-71.308646,"WGS84",45.1,447.2,0.2,"6 - trap set and empty","ShermanLF","2023-09-19","2023-09-19",,,,,,,,,,,,,,,,,,,,,,,,,,,,,,,,,,,,,,,,,,,,"0009-0004-7358-8332","0009-0003-6644-7278",,,"ffd333cd-62f0-40d2-a167-b89a8e49e17f"
"f6353151-a90a-4ebd-8701-0c607403c38e","16db57c4-74e9-4acf-9884-567a63b4e1a5","BART_062.mammalGrid.mam","D01","BART","BART_062","G9","distributed","deciduousForest",44.057350,-71.308646,"WGS84",45.1,447.2,0.2,"6 - trap set and empty","ShermanLF","2023-09-19","2023-09-19",,,,,,,,,,,,,,,,,,,,,,,,,,,,,,,,,,,,,,,,,,,,"0009-0004-7358-8332","0009-0003-6644-7278",,,"5fc9f875-c4e3-4c48-ba9f-53ae2cbda149"
"73240e55-4ab8-472e-92f0-0fa55e709f96","cbf952d3-3811-4f8d-a135-ae9b4f2f57fc","BART_015.mammalGrid.mam","D01","BART","BART_015","H8","distributed","mixedForest",44.042898,-71.275059,"WGS84",45.2,422.8,0.3,"6 - trap set and empty","ShermanLF","2023-09-19","2023-09-19",,,,,,,,,,,,,,,,,,,,,,,,,,,,,,,,,,,,,,,,,,,,"0000-0002-5964-2409","0009-0009-1224-8349",,,"ec9fc9d6-21d9-4bc6-9982-529a8f264096"
"23fcf955-58dd-4d0a-b87e-2bf5e6b3aac7","a8544a3c-aaf4-4112-b145-84fb47af979d","BART_012.mammalGrid.mam","D01","BART","BART_012","G9","distributed","deciduousForest",44.047478,-71.315451,"WGS84",45.3,579.9,0.4,"2 - trap disturbed/door closed but empty","ShermanLF","2023-09-19","2023-09-19",,,,,,,,,,,,,,,,,,,,,,,,,,,,,"did not check","dry ice",,,,,,,,,,,,,,"0000-0002-5964-2409","0009-0009-1224-8349",,,"b86b0e63-4e51-48be-bb64-c9e513ba19db"
"afa8fa5b-fc82-4686-b368-44eda579885f","a8544a3c-aaf4-4112-b145-84fb47af979d","BART_012.mammalGrid.mam","D01","BART","BART_012","H10","distributed","deciduousForest",44.047478,-71.315451,"WGS84",45.3,579.9,0.4,"6 - trap set and empty","ShermanLF","2023-09-19","2023-09-19",,,,,,,,,,,,,,,,,,,,,,,,,,,,,,,,,,,,,,,,,,,,"0000-0002-5964-2409","0009-0009-1224-8349",,,"0f3d7621-2469-4e1b-9673-c64b759c9a0f"
"84e0e4e1-0f0f-4ad8-8842-6ec7372505d2","a8544a3c-aaf4-4112-b145-84fb47af979d","BART_012.mammalGrid.mam","D01","BART","BART_012","B8","distributed","deciduousForest",44.047478,-71.315451,"WGS84",45.3,579.9,0.4,"5 - capture","ShermanLF","2023-09-19","2023-09-19","NEON.MAM.D01.O012B820230919",,"BLBR","Blarina brevicauda","species",,"NEON.DOC.001907",,,"N","U","U","dead",,"adult",,,,,,,,,,"U","U","U",,"did not check","dry ice",,,,,,,,,,,,"BART.20230919.O012B820230919.V","B00000029531","0000-0002-5964-2409","0009-0009-1224-8349",,,"793ce3e4-f827-4359-8b19-9a867091f42f"
"b7cd643d-ccf7-4c98-89c4-d9c01e8baad5","cbf952d3-3811-4f8d-a135-ae9b4f2f57fc","BART_015.mammalGrid.mam","D01","BART","BART_015","C3","distributed","mixedForest",44.042898,-71.275059,"WGS84",45.2,422.8,0.3,"6 - trap set and empty","ShermanLF","2023-09-19","2023-09-19",,,,,,,,,,,,,,,,,,,,,,,,,,,,,,,,,,,,,,,,,,,,"0000-0002-5964-2409","0009-0009-1224-8349",,,"675239b7-4e8e-42d6-80fc-62b17e10d50e"
"b7832592-76f1-4ec1-a55c-b6e4b5e06c1c","16db57c4-74e9-4acf-9884-567a63b4e1a5","BART_062.mammalGrid.mam","D01","BART","BART_062","H9","distributed","deciduousForest",44.057350,-71.308646,"WGS84",45.1,447.2,0.2,"6 - trap set and empty","ShermanLF","2023-09-19","2023-09-19",,,,,,,,,,,,,,,,,,,,,,,,,,,,,,,,,,,,,,,,,,,,"0009-0004-7358-8332","0009-0003-6644-7278",,,"08498234-9e69-425d-83e6-af8667d7c6ce"
"4cff5a33-5ffd-46b8-b738-b8bebe50d9f6","a8544a3c-aaf4-4112-b145-84fb47af979d","BART_012.mammalGrid.mam","D01","BART","BART_012","J4","distributed","deciduousForest",44.047478,-71.315451,"WGS84",45.3,579.9,0.4,"6 - trap set and empty","ShermanLF","2023-09-19","2023-09-19",,,,,,,,,,,,,,,,,,,,,,,,,,,,,,,,,,,,,,,,,,,,"0000-0002-5964-2409","0009-0009-1224-8349",,,"481199b9-fa89-4661-a9a0-9f251ab535c7"
"d66fae24-2c1a-4c9f-b82c-85f7e8166467","16db57c4-74e9-4acf-9884-567a63b4e1a5","BART_062.mammalGrid.mam","D01","BART","BART_062","B3","distributed","deciduousForest",44.057350,-71.308646,"WGS84",45.1,447.2,0.2,"5 - capture","ShermanLF","2023-09-19","2023-09-19","NEON.MAM.D01.R6594",,"PELEPEMA","Peromyscus leucopus/maniculatus","speciesGroup",,"NEON.DOC.001907",,,"N","F","Y","processed",,"adult",,"enlarged","pregnant",,21,12,81,,29,"N","N","N",,"fleas","dry ice",,,"unsuccessful",,,,,,,,,,,"0009-0004-7358-8332","0009-0003-6644-7278",,,"314e5b9f-2542-4c80-b8c7-da7d385e42d5"
"f66c60a5-35c0-4cbd-9bc4-306ad37c3784","16db57c4-74e9-4acf-9884-567a63b4e1a5","BART_062.mammalGrid.mam","D01","BART","BART_062","E2","distributed","deciduousForest",44.057350,-71.308646,"WGS84",45.1,447.2,0.2,"6 - trap set and empty","ShermanLF","2023-09-19","2023-09-19",,,,,,,,,,,,,,,,,,,,,,,,,,,,,,,,,,,,,,,,,,,,"0009-0004-7358-8332","0009-0003-6644-7278",,,"29c00521-d95f-4fd5-b03d-67f6c0fc779a"
"6ca6984a-692d-4083-9fdf-c9e3d0a2873d","16db57c4-74e9-4acf-9884-567a63b4e1a5","BART_062.mammalGrid.mam","D01","BART","BART_062","C9","distributed","deciduousForest",44.057350,-71.308646,"WGS84",45.1,447.2,0.2,"3 - trap door open or closed w/ spoor left","ShermanLF","2023-09-19","2023-09-19",,,,,,,,,,,,,,,,,,,,,,,,,,,,,"did not check","dry ice",,,,,,,,,,,,,,"0009-0004-7358-8332","0009-0003-6644-7278",,,"38c06627-0ffc-4285-a90c-da8b516a01c6"
"21d25ee6-038c-4ca4-8805-f0ffdd68534b","16db57c4-74e9-4acf-9884-567a63b4e1a5","BART_062.mammalGrid.mam","D01","BART","BART_062","D5","distributed","deciduousForest",44.057350,-71.308646,"WGS84",45.1,447.2,0.2,"6 - trap set and empty","ShermanLF","2023-09-19","2023-09-19",,,,,,,,,,,,,,,,,,,,,,,,,,,,,,,,,,,,,,,,,,,,"0009-0004-7358-8332","0009-0003-6644-7278",,,"f23d078b-9826-4b0c-997e-d920d0d34bdf"
"05523328-06b3-4202-88b3-f14ac4e49200","cbf952d3-3811-4f8d-a135-ae9b4f2f57fc","BART_015.mammalGrid.mam","D01","BART","BART_015","E8","distributed","mixedForest",44.042898,-71.275059,"WGS84",45.2,422.8,0.3,"6 - trap set and empty","ShermanLF","2023-09-19","2023-09-19",,,,,,,,,,,,,,,,,,,,,,,,,,,,,,,,,,,,,,,,,,,,"0000-0002-5964-2409","0009-0009-1224-8349",,,"43e3d69e-5773-4d94-92ee-49d8501413dc"
"581e345f-a1af-412f-9a82-f18fe340c35e","cbf952d3-3811-4f8d-a135-ae9b4f2f57fc","BART_015.mammalGrid.mam","D01","BART","BART_015","I4","distributed","mixedForest",44.042898,-71.275059,"WGS84",45.2,422.8,0.3,"6 - trap set and empty","ShermanLF","2023-09-19","2023-09-19",,,,,,,,,,,,,,,,,,,,,,,,,,,,,,,,,,,,,,,,,,,,"0000-0002-5964-2409","0009-0009-1224-8349",,,"5cbc5430-2a8c-4cbd-9030-c7143834b172"
"9067f285-59d1-4230-8346-4f0be3302716","16db57c4-74e9-4acf-9884-567a63b4e1a5","BART_062.mammalGrid.mam","D01","BART","BART_062","A10","distributed","deciduousForest",44.057350,-71.308646,"WGS84",45.1,447.2,0.2,"6 - trap set and empty","ShermanLF","2023-09-19","2023-09-19",,,,,,,,,,,,,,,,,,,,,,,,,,,,,,,,,,,,,,,,,,,,"0009-0004-7358-8332","0009-0003-6644-7278",,,"ddd54a08-8c82-443d-9222-efdbdcb2b898"
"04314f17-53dd-41f2-b122-f23f801d5497","16db57c4-74e9-4acf-9884-567a63b4e1a5","BART_062.mammalGrid.mam","D01","BART","BART_062","A9","distributed","deciduousForest",44.057350,-71.308646,"WGS84",45.1,447.2,0.2,"6 - trap set and empty","ShermanLF","2023-09-19","2023-09-19",,,,,,,,,,,,,,,,,,,,,,,,,,,,,,,,,,,,,,,,,,,,"0009-0004-7358-8332","0009-0003-6644-7278",,,"61d69553-75e6-4f36-9104-ecd4de247fcd"
"7a5b5204-88d6-4853-b6e8-2adbf802ecdc","16db57c4-74e9-4acf-9884-567a63b4e1a5","BART_062.mammalGrid.mam","D01","BART","BART_062","D8","distributed","deciduousForest",44.057350,-71.308646,"WGS84",45.1,447.2,0.2,"6 - trap set and empty","ShermanLF","2023-09-19","2023-09-19",,,,,,,,,,,,,,,,,,,,,,,,,,,,,,,,,,,,,,,,,,,,"0009-0004-7358-8332","0009-0003-6644-7278",,,"8fa0d255-9bb6-44d1-b097-6e2e0b69e50a"
"eeb438e8-45de-4a56-85ca-9eb8e52806ea","a8544a3c-aaf4-4112-b145-84fb47af979d","BART_012.mammalGrid.mam","D01","BART","BART_012","F5","distributed","deciduousForest",44.047478,-71.315451,"WGS84",45.3,579.9,0.4,"6 - trap set and empty","ShermanLF","2023-09-19","2023-09-19",,,,,,,,,,,,,,,,,,,,,,,,,,,,,,,,,,,,,,,,,,,,"0000-0002-5964-2409","0009-0009-1224-8349",,,"80060aed-655e-49aa-80d1-0a5cff4cfd49"
"ed3d2659-e7da-4837-a545-5c9769b14977","a8544a3c-aaf4-4112-b145-84fb47af979d","BART_012.mammalGrid.mam","D01","BART","BART_012","B5","distributed","deciduousForest",44.047478,-71.315451,"WGS84",45.3,579.9,0.4,"6 - trap set and empty","ShermanLF","2023-09-19","2023-09-19",,,,,,,,,,,,,,,,,,,,,,,,,,,,,,,,,,,,,,,,,,,,"0000-0002-5964-2409","0009-0009-1224-8349",,,"fb07080f-32f1-42c2-87c0-58730a262e39"
"010a020c-8291-476a-bef2-4fa918954ba2","a8544a3c-aaf4-4112-b145-84fb47af979d","BART_012.mammalGrid.mam","D01","BART","BART_012","J6","distributed","deciduousForest",44.047478,-71.315451,"WGS84",45.3,579.9,0.4,"6 - trap set and empty","ShermanLF","2023-09-19","2023-09-19",,,,,,,,,,,,,,,,,,,,,,,,,,,,,,,,,,,,,,,,,,,,"0000-0002-5964-2409","0009-0009-1224-8349",,,"f797ad45-fcaf-4790-90bf-0c1fed895cff"
"b0494a8d-1295-4db6-86f2-60cc027c2ff7","16db57c4-74e9-4acf-9884-567a63b4e1a5","BART_062.mammalGrid.mam","D01","BART","BART_062","F8","distributed","deciduousForest",44.057350,-71.308646,"WGS84",45.1,447.2,0.2,"6 - trap set and empty","ShermanLF","2023-09-19","2023-09-19",,,,,,,,,,,,,,,,,,,,,,,,,,,,,,,,,,,,,,,,,,,,"0009-0004-7358-8332","0009-0003-6644-7278",,,"70df7b1c-ca43-44e2-9ef2-4c4402e874b7"
"8424235f-dbaf-4b5c-b0c9-c375a0241093","cbf952d3-3811-4f8d-a135-ae9b4f2f57fc","BART_015.mammalGrid.mam","D01","BART","BART_015","A2","distributed","mixedForest",44.042898,-71.275059,"WGS84",45.2,422.8,0.3,"6 - trap set and empty","ShermanLF","2023-09-19","2023-09-19",,,,,,,,,,,,,,,,,,,,,,,,,,,,,,,,,,,,,,,,,,,,"0000-0002-5964-2409","0009-0009-1224-8349",,,"1e6bebb4-3475-41c4-9c3e-a6e25b732a80"
"e3e33417-c4fa-42cf-bb0d-30163a04379c","16db57c4-74e9-4acf-9884-567a63b4e1a5","BART_062.mammalGrid.mam","D01","BART","BART_062","G8","distributed","deciduousForest",44.057350,-71.308646,"WGS84",45.1,447.2,0.2,"6 - trap set and empty","ShermanLF","2023-09-19","2023-09-19",,,,,,,,,,,,,,,,,,,,,,,,,,,,,,,,,,,,,,,,,,,,"0009-0004-7358-8332","0009-0003-6644-7278",,,"22dd9b58-eef5-433e-8ee1-6615eeffc9de"
"625bf4bc-efec-4fc0-a3d2-a14456077d62","a8544a3c-aaf4-4112-b145-84fb47af979d","BART_012.mammalGrid.mam","D01","BART","BART_012","F9","distributed","deciduousForest",44.047478,-71.315451,"WGS84",45.3,579.9,0.4,"3 - trap door open or closed w/ spoor left","ShermanLF","2023-09-19","2023-09-19",,,,,,,,,,,,,,,,,,,,,,,,,,,,,"did not check","dry ice",,,,,,,,,,,,,,"0000-0002-5964-2409","0009-0009-1224-8349",,,"949e174c-ab81-4210-9fda-868c12479795"
"a70c420f-197b-4bda-bf40-f806209c1b6b","cbf952d3-3811-4f8d-a135-ae9b4f2f57fc","BART_015.mammalGrid.mam","D01","BART","BART_015","J1","distributed","mixedForest",44.042898,-71.275059,"WGS84",45.2,422.8,0.3,"6 - trap set and empty","ShermanLF","2023-09-19","2023-09-19",,,,,,,,,,,,,,,,,,,,,,,,,,,,,,,,,,,,,,,,,,,,"0000-0002-5964-2409","0009-0009-1224-8349",,,"2a720bb5-ea6c-4ce1-88d2-00cf17976ac7"
"3c9e4dcb-2f1d-4ada-8b0d-c497d9d0e454","a8544a3c-aaf4-4112-b145-84fb47af979d","BART_012.mammalGrid.mam","D01","BART","BART_012","B3","distributed","deciduousForest",44.047478,-71.315451,"WGS84",45.3,579.9,0.4,"3 - trap door open or closed w/ spoor left","ShermanLF","2023-09-19","2023-09-19",,,,,,,,,,,,,,,,,,,,,,,,,,,,,"did not check","dry ice",,,,,,,,,,,,,,"0000-0002-5964-2409","0009-0009-1224-8349",,,"d24d47f4-3e2d-4603-bb5b-70c7ce6e4d63"
"4c8d43ed-4a2f-4ffd-837d-5aa5ce8ecbf6","cbf952d3-3811-4f8d-a135-ae9b4f2f57fc","BART_015.mammalGrid.mam","D01","BART","BART_015","B8","distributed","mixedForest",44.042898,-71.275059,"WGS84",45.2,422.8,0.3,"6 - trap set and empty","ShermanLF","2023-09-19","2023-09-19",,,,,,,,,,,,,,,,,,,,,,,,,,,,,,,,,,,,,,,,,,,,"0000-0002-5964-2409","0009-0009-1224-8349",,,"9780aa80-ff36-41d6-a0c3-05103864000b"
"4aa0c3ab-bdff-4f12-aeea-ce6787258a85","16db57c4-74e9-4acf-9884-567a63b4e1a5","BART_062.mammalGrid.mam","D01","BART","BART_062","E6","distributed","deciduousForest",44.057350,-71.308646,"WGS84",45.1,447.2,0.2,"6 - trap set and empty","ShermanLF","2023-09-19","2023-09-19",,,,,,,,,,,,,,,,,,,,,,,,,,,,,,,,,,,,,,,,,,,,"0009-0004-7358-8332","0009-0003-6644-7278",,,"5be4cdcc-fc66-4526-b732-10c74475c915"
"d30fca38-7c72-443b-ac2e-dfafb2066e13","cbf952d3-3811-4f8d-a135-ae9b4f2f57fc","BART_015.mammalGrid.mam","D01","BART","BART_015","I1","distributed","mixedForest",44.042898,-71.275059,"WGS84",45.2,422.8,0.3,"5 - capture","ShermanLF","2023-09-19","2023-09-19","NEON.MAM.D01.L6349",,"PELE","Peromyscus leucopus","species","cf. species","NEON.DOC.001907",,,"N","F","Y","processed",,"adult",,"enlarged","pregnant","plugged",20,21,89,,23,"N","N","N",,"fleas","dry ice","BART.20230919.L6349.B","D00000037327","mandibular",,,,,,,,,,,"0000-0002-5964-2409","0009-0009-1224-8349",,,"78f3beb3-c5c3-4696-b6de-9f6ac35a4584"
"c1938c81-8be0-4238-92e9-04aeb846e88e","cbf952d3-3811-4f8d-a135-ae9b4f2f57fc","BART_015.mammalGrid.mam","D01","BART","BART_015","E3","distributed","mixedForest",44.042898,-71.275059,"WGS84",45.2,422.8,0.3,"6 - trap set and empty","ShermanLF","2023-09-19","2023-09-19",,,,,,,,,,,,,,,,,,,,,,,,,,,,,,,,,,,,,,,,,,,,"0000-0002-5964-2409","0009-0009-1224-8349",,,"491220f4-e782-44d4-98fe-f03298693bc6"
"225225bf-762e-429c-8e04-e749bad35417","cbf952d3-3811-4f8d-a135-ae9b4f2f57fc","BART_015.mammalGrid.mam","D01","BART","BART_015","J3","distributed","mixedForest",44.042898,-71.275059,"WGS84",45.2,422.8,0.3,"6 - trap set and empty","ShermanLF","2023-09-19","2023-09-19",,,,,,,,,,,,,,,,,,,,,,,,,,,,,,,,,,,,,,,,,,,,"0000-0002-5964-2409","0009-0009-1224-8349",,,"8fdbbe4f-ed8e-4026-b6a4-4a3791a28cd8"
"e8f82b91-de7c-4f32-9c60-689a2615e365","16db57c4-74e9-4acf-9884-567a63b4e1a5","BART_062.mammalGrid.mam","D01","BART","BART_062","E5","distributed","deciduousForest",44.057350,-71.308646,"WGS84",45.1,447.2,0.2,"6 - trap set and empty","ShermanLF","2023-09-19","2023-09-19",,,,,,,,,,,,,,,,,,,,,,,,,,,,,,,,,,,,,,,,,,,,"0009-0004-7358-8332","0009-0003-6644-7278",,,"8fead4f6-6fcc-44e3-be7f-8db08347551b"
"b2640fc5-1b69-4157-b864-ab879e2bd216","cbf952d3-3811-4f8d-a135-ae9b4f2f57fc","BART_015.mammalGrid.mam","D01","BART","BART_015","I10","distributed","mixedForest",44.042898,-71.275059,"WGS84",45.2,422.8,0.3,"5 - capture","ShermanLF","2023-09-19","2023-09-19","NEON.MAM.D01.R6312",,"NAIN","Napaeozapus insignis","species",,"NEON.DOC.001907",,,"N","M","N","processed",,"subadult","nonscrotal",,,,31,,,,11,"N","N","N",,"fleas","dry ice",,,"unsuccessful",,,,,,,,,,,"0000-0002-5964-2409","0009-0009-1224-8349",,,"cc762fb8-adf8-4956-a302-5679c2840e0d"
"4d6bfc62-2e76-4e47-ae53-3bceb0628122","a8544a3c-aaf4-4112-b145-84fb47af979d","BART_012.mammalGrid.mam","D01","BART","BART_012","B10","distributed","deciduousForest",44.047478,-71.315451,"WGS84",45.3,579.9,0.4,"6 - trap set and empty","ShermanLF","2023-09-19","2023-09-19",,,,,,,,,,,,,,,,,,,,,,,,,,,,,,,,,,,,,,,,,,,,"0000-0002-5964-2409","0009-0009-1224-8349",,,"991b02c2-a379-47c4-9b52-89b1ed185b56"
"22a28734-43b8-4e7b-9ed5-56fa1313e82b","cbf952d3-3811-4f8d-a135-ae9b4f2f57fc","BART_015.mammalGrid.mam","D01","BART","BART_015","J10","distributed","mixedForest",44.042898,-71.275059,"WGS84",45.2,422.8,0.3,"3 - trap door open or closed w/ spoor left","ShermanLF","2023-09-19","2023-09-19",,,,,,,,,,,,,,,,,,,,,,,,,,,,,"did not check","dry ice",,,,,,,,,,,,,,"0000-0002-5964-2409","0009-0009-1224-8349",,,"4699d4dd-689c-4ce1-b2ce-f5d906e86809"
"897f16c4-aace-448d-9cd8-2ffde066f848","cbf952d3-3811-4f8d-a135-ae9b4f2f57fc","BART_015.mammalGrid.mam","D01","BART","BART_015","F7","distributed","mixedForest",44.042898,-71.275059,"WGS84",45.2,422.8,0.3,"6 - trap set and empty","ShermanLF","2023-09-19","2023-09-19",,,,,,,,,,,,,,,,,,,,,,,,,,,,,,,,,,,,,,,,,,,,"0000-0002-5964-2409","0009-0009-1224-8349",,,"29bc8eff-408b-45a5-a0b8-757f4a34bdce"
"8c34f8fb-828d-4056-9cb2-2e553afb1b62","cbf952d3-3811-4f8d-a135-ae9b4f2f57fc","BART_015.mammalGrid.mam","D01","BART","BART_015","I3","distributed","mixedForest",44.042898,-71.275059,"WGS84",45.2,422.8,0.3,"5 - capture","ShermanLF","2023-09-19","2023-09-19","NEON.MAM.D01.O015I320230919",,"BLBR","Blarina brevicauda","species",,"NEON.DOC.001907",,,"N","F","U","dead",,"adult",,"enlarged","unknown","unknown",,,,,,"U","U","U",,"did not check","dry ice",,,,,,,,,,,,"BART.20230919.O015I320230919.V","B00000028349","0000-0002-5964-2409","0009-0009-1224-8349",,,"c96f38c1-1003-4168-9c07-ab690f086a64"
"f8291c24-4c14-4147-bee2-9b13cf8de1a5","16db57c4-74e9-4acf-9884-567a63b4e1a5","BART_062.mammalGrid.mam","D01","BART","BART_062","E3","distributed","deciduousForest",44.057350,-71.308646,"WGS84",45.1,447.2,0.2,"6 - trap set and empty","ShermanLF","2023-09-19","2023-09-19",,,,,,,,,,,,,,,,,,,,,,,,,,,,,,,,,,,,,,,,,,,,"0009-0004-7358-8332","0009-0003-6644-7278",,,"80ec2252-9880-4072-a6b1-6d80b7ea5c04"
"304a0d52-c9ef-4643-81b3-77d0c35b6b66","a8544a3c-aaf4-4112-b145-84fb47af979d","BART_012.mammalGrid.mam","D01","BART","BART_012","J9","distributed","deciduousForest",44.047478,-71.315451,"WGS84",45.3,579.9,0.4,"6 - trap set and empty","ShermanLF","2023-09-19","2023-09-19",,,,,,,,,,,,,,,,,,,,,,,,,,,,,,,,,,,,,,,,,,,,"0000-0002-5964-2409","0009-0009-1224-8349",,,"878755f8-8474-465f-ba97-1835f6df6220"
"22a48225-92d0-47fc-9b4d-9f7b3d7f3a0f","16db57c4-74e9-4acf-9884-567a63b4e1a5","BART_062.mammalGrid.mam","D01","BART","BART_062","F7","distributed","deciduousForest",44.057350,-71.308646,"WGS84",45.1,447.2,0.2,"6 - trap set and empty","ShermanLF","2023-09-19","2023-09-19",,,,,,,,,,,,,,,,,,,,,,,,,,,,,,,,,,,,,,,,,,,,"0009-0004-7358-8332","0009-0003-6644-7278",,,"f05c7444-d1a2-49eb-9662-b4f88a262dc6"
"fafda87a-d812-4f0b-8a21-8f7aeddc09a9","a8544a3c-aaf4-4112-b145-84fb47af979d","BART_012.mammalGrid.mam","D01","BART","BART_012","E10","distributed","deciduousForest",44.047478,-71.315451,"WGS84",45.3,579.9,0.4,"6 - trap set and empty","ShermanLF","2023-09-19","2023-09-19",,,,,,,,,,,,,,,,,,,,,,,,,,,,,,,,,,,,,,,,,,,,"0000-0002-5964-2409","0009-0009-1224-8349",,,"f4762e59-af00-466d-9f43-b631ba16d8b0"
"e3a6120f-dba1-4913-abcf-810cdaf09045","16db57c4-74e9-4acf-9884-567a63b4e1a5","BART_062.mammalGrid.mam","D01","BART","BART_062","J7","distributed","deciduousForest",44.057350,-71.308646,"WGS84",45.1,447.2,0.2,"6 - trap set and empty","ShermanLF","2023-09-19","2023-09-19",,,,,,,,,,,,,,,,,,,,,,,,,,,,,,,,,,,,,,,,,,,,"0009-0004-7358-8332","0009-0003-6644-7278",,,"bec88014-7e58-4be6-a89d-8a3b7932e0dc"
"53c6e7af-3e97-4a7b-bc1e-a55be31ef1c4","cbf952d3-3811-4f8d-a135-ae9b4f2f57fc","BART_015.mammalGrid.mam","D01","BART","BART_015","C5","distributed","mixedForest",44.042898,-71.275059,"WGS84",45.2,422.8,0.3,"6 - trap set and empty","ShermanLF","2023-09-19","2023-09-19",,,,,,,,,,,,,,,,,,,,,,,,,,,,,,,,,,,,,,,,,,,,"0000-0002-5964-2409","0009-0009-1224-8349",,,"48450f08-c2a1-4f97-82f8-cc9e903f93d1"
"937315fe-ff7a-4b06-bbe1-5e5e48ef5c91","a8544a3c-aaf4-4112-b145-84fb47af979d","BART_012.mammalGrid.mam","D01","BART","BART_012","C7","distributed","deciduousForest",44.047478,-71.315451,"WGS84",45.3,579.9,0.4,"6 - trap set and empty","ShermanLF","2023-09-19","2023-09-19",,,,,,,,,,,,,,,,,,,,,,,,,,,,,,,,,,,,,,,,,,,,"0000-0002-5964-2409","0009-0009-1224-8349",,,"43473636-a076-4056-b5be-30435e228712"
"943362cf-d6ef-4a63-b788-30fff14f42d1","cbf952d3-3811-4f8d-a135-ae9b4f2f57fc","BART_015.mammalGrid.mam","D01","BART","BART_015","E7","distributed","mixedForest",44.042898,-71.275059,"WGS84",45.2,422.8,0.3,"6 - trap set and empty","ShermanLF","2023-09-19","2023-09-19",,,,,,,,,,,,,,,,,,,,,,,,,,,,,,,,,,,,,,,,,,,,"0000-0002-5964-2409","0009-0009-1224-8349",,,"052a3504-45ef-41f2-8bd5-17906557ca88"
"53c81c1a-4036-4c49-bebb-53d6fd04a644","16db57c4-74e9-4acf-9884-567a63b4e1a5","BART_062.mammalGrid.mam","D01","BART","BART_062","D2","distributed","deciduousForest",44.057350,-71.308646,"WGS84",45.1,447.2,0.2,"6 - trap set and empty","ShermanLF","2023-09-19","2023-09-19",,,,,,,,,,,,,,,,,,,,,,,,,,,,,,,,,,,,,,,,,,,,"0009-0004-7358-8332","0009-0003-6644-7278",,,"1f5bb74f-d0c8-4ef6-89b4-15592e1e26ea"
"7026ae0e-c37a-4a53-b8df-5aae202b1c5d","16db57c4-74e9-4acf-9884-567a63b4e1a5","BART_062.mammalGrid.mam","D01","BART","BART_062","D3","distributed","deciduousForest",44.057350,-71.308646,"WGS84",45.1,447.2,0.2,"6 - trap set and empty","ShermanLF","2023-09-19","2023-09-19",,,,,,,,,,,,,,,,,,,,,,,,,,,,,,,,,,,,,,,,,,,,"0009-0004-7358-8332","0009-0003-6644-7278",,,"856cd674-f241-42b1-a7ee-7504f43aaf3a"
"9e979704-4535-48b3-8a93-ebe4d8bfd053","cbf952d3-3811-4f8d-a135-ae9b4f2f57fc","BART_015.mammalGrid.mam","D01","BART","BART_015","A10","distributed","mixedForest",44.042898,-71.275059,"WGS84",45.2,422.8,0.3,"5 - capture","ShermanLF","2023-09-19","2023-09-19","NEON.MAM.D01.L7216",,"PELEPEMA","Peromyscus leucopus/maniculatus","speciesGroup",,"NEON.DOC.001907",,,"N","F","Y","processed",,"adult",,"enlarged","unknown",,22,13,91,,23,"N","N","N",,"none","dry ice",,,"unsuccessful",,,,,,,,,,,"0000-0002-5964-2409","0009-0009-1224-8349",,,"9f72cfb4-2268-4c06-b4a9-925dc8fb2af1"
"0df364fe-390a-4a5d-a9ea-587c11e50b85","16db57c4-74e9-4acf-9884-567a63b4e1a5","BART_062.mammalGrid.mam","D01","BART","BART_062","A1","distributed","deciduousForest",44.057350,-71.308646,"WGS84",45.1,447.2,0.2,"6 - trap set and empty","ShermanLF","2023-09-19","2023-09-19",,,,,,,,,,,,,,,,,,,,,,,,,,,,,,,,,,,,,,,,,,,,"0009-0004-7358-8332","0009-0003-6644-7278",,,"06a92489-16b3-4a75-95d1-f881f90934b6"
"ccab9537-92cb-4c21-bda4-641ce4474e97","cbf952d3-3811-4f8d-a135-ae9b4f2f57fc","BART_015.mammalGrid.mam","D01","BART","BART_015","F9","distributed","mixedForest",44.042898,-71.275059,"WGS84",45.2,422.8,0.3,"2 - trap disturbed/door closed but empty","ShermanLF","2023-09-19","2023-09-19",,,,,,,,,,,,,,,,,,,,,,,,,,,,,"did not check","dry ice",,,,,,,,,,,,,,"0000-0002-5964-2409","0009-0009-1224-8349",,,"17dca4c2-7bd3-4b9b-b8d6-80b2d2589328"
"36380e33-78fa-41f5-a255-21c53d9dab02","cbf952d3-3811-4f8d-a135-ae9b4f2f57fc","BART_015.mammalGrid.mam","D01","BART","BART_015","A3","distributed","mixedForest",44.042898,-71.275059,"WGS84",45.2,422.8,0.3,"6 - trap set and empty","ShermanLF","2023-09-19","2023-09-19",,,,,,,,,,,,,,,,,,,,,,,,,,,,,,,,,,,,,,,,,,,,"0000-0002-5964-2409","0009-0009-1224-8349",,,"4c7a9e40-44f9-462f-9dfc-309ab5d80208"
"5ab26b60-8114-4c12-8889-0cd53475e3ab","16db57c4-74e9-4acf-9884-567a63b4e1a5","BART_062.mammalGrid.mam","D01","BART","BART_062","J10","distributed","deciduousForest",44.057350,-71.308646,"WGS84",45.1,447.2,0.2,"6 - trap set and empty","ShermanLF","2023-09-19","2023-09-19",,,,,,,,,,,,,,,,,,,,,,,,,,,,,,,,,,,,,,,,,,,,"0009-0004-7358-8332","0009-0003-6644-7278",,,"ce787513-7077-4fc6-bda2-d5d788f2bfcf"
"11416df1-efe2-448c-a1ce-87e2114a859a","cbf952d3-3811-4f8d-a135-ae9b4f2f57fc","BART_015.mammalGrid.mam","D01","BART","BART_015","B5","distributed","mixedForest",44.042898,-71.275059,"WGS84",45.2,422.8,0.3,"6 - trap set and empty","ShermanLF","2023-09-19","2023-09-19",,,,,,,,,,,,,,,,,,,,,,,,,,,,,,,,,,,,,,,,,,,,"0000-0002-5964-2409","0009-0009-1224-8349",,,"fb003591-a121-4540-96c7-b3693f3a6f62"
"c2c3a114-d8dd-4754-8387-72083e6f8413","cbf952d3-3811-4f8d-a135-ae9b4f2f57fc","BART_015.mammalGrid.mam","D01","BART","BART_015","A5","distributed","mixedForest",44.042898,-71.275059,"WGS84",45.2,422.8,0.3,"5 - capture","ShermanLF","2023-09-19","2023-09-19","NEON.MAM.D01.O015A520230919",,"BLBR","Blarina brevicauda","species",,"NEON.DOC.001907",,,"N","U","U","dead",,"adult",,,,,,,,,,"U","U","U",,"did not check","dry ice",,,,,,,,,,,,"BART.20230919.O015A520230919.V","B00000028347","0000-0002-5964-2409","0009-0009-1224-8349",,,"d136d9a7-1b10-4988-a1ec-7431ee793ab1"
"f8b5590e-dc43-485d-aafa-45f8d23b4972","cbf952d3-3811-4f8d-a135-ae9b4f2f57fc","BART_015.mammalGrid.mam","D01","BART","BART_015","C4","distributed","mixedForest",44.042898,-71.275059,"WGS84",45.2,422.8,0.3,"6 - trap set and empty","ShermanLF","2023-09-19","2023-09-19",,,,,,,,,,,,,,,,,,,,,,,,,,,,,,,,,,,,,,,,,,,,"0000-0002-5964-2409","0009-0009-1224-8349",,,"236c761b-a6fa-491b-b283-7aa2921f9f8c"
"ed9269f2-e5a3-4338-bb8a-7b7044d3de12","cbf952d3-3811-4f8d-a135-ae9b4f2f57fc","BART_015.mammalGrid.mam","D01","BART","BART_015","G8","distributed","mixedForest",44.042898,-71.275059,"WGS84",45.2,422.8,0.3,"6 - trap set and empty","ShermanLF","2023-09-19","2023-09-19",,,,,,,,,,,,,,,,,,,,,,,,,,,,,,,,,,,,,,,,,,,,"0000-0002-5964-2409","0009-0009-1224-8349",,,"50f9a8d0-438b-4db8-9113-3f2913ba7064"
"7847d6d6-ea90-43e0-9844-1135eea294a3","16db57c4-74e9-4acf-9884-567a63b4e1a5","BART_062.mammalGrid.mam","D01","BART","BART_062","D4","distributed","deciduousForest",44.057350,-71.308646,"WGS84",45.1,447.2,0.2,"6 - trap set and empty","ShermanLF","2023-09-19","2023-09-19",,,,,,,,,,,,,,,,,,,,,,,,,,,,,,,,,,,,,,,,,,,,"0009-0004-7358-8332","0009-0003-6644-7278",,,"e027a1d9-44e9-4133-a499-129e0a9562b4"
"9428cc45-248f-4eb7-a598-1b3a56bfb8aa","16db57c4-74e9-4acf-9884-567a63b4e1a5","BART_062.mammalGrid.mam","D01","BART","BART_062","B5","distributed","deciduousForest",44.057350,-71.308646,"WGS84",45.1,447.2,0.2,"6 - trap set and empty","ShermanLF","2023-09-19","2023-09-19",,,,,,,,,,,,,,,,,,,,,,,,,,,,,,,,,,,,,,,,,,,,"0009-0004-7358-8332","0009-0003-6644-7278",,,"a44a49e9-fff9-454a-9fdb-049bd362ca97"
"5ac16e83-fe61-475f-8041-c76d2d9c6a02","cbf952d3-3811-4f8d-a135-ae9b4f2f57fc","BART_015.mammalGrid.mam","D01","BART","BART_015","H6","distributed","mixedForest",44.042898,-71.275059,"WGS84",45.2,422.8,0.3,"2 - trap disturbed/door closed but empty","ShermanLF","2023-09-19","2023-09-19",,,,,,,,,,,,,,,,,,,,,,,,,,,,,"did not check","dry ice",,,,,,,,,,,,,,"0000-0002-5964-2409","0009-0009-1224-8349",,,"bc4c2658-d343-4f06-917f-fb146748298f"
"af6f9faf-60d7-4c35-ad67-5f2b752b2107","16db57c4-74e9-4acf-9884-567a63b4e1a5","BART_062.mammalGrid.mam","D01","BART","BART_062","C4","distributed","deciduousForest",44.057350,-71.308646,"WGS84",45.1,447.2,0.2,"6 - trap set and empty","ShermanLF","2023-09-19","2023-09-19",,,,,,,,,,,,,,,,,,,,,,,,,,,,,,,,,,,,,,,,,,,,"0009-0004-7358-8332","0009-0003-6644-7278",,,"c7dfcb5f-f2f3-4c89-b5d5-364d8fa567d0"
"c8d8579a-3c17-44d4-be09-7b6f39f124b1","a8544a3c-aaf4-4112-b145-84fb47af979d","BART_012.mammalGrid.mam","D01","BART","BART_012","B4","distributed","deciduousForest",44.047478,-71.315451,"WGS84",45.3,579.9,0.4,"3 - trap door open or closed w/ spoor left","ShermanLF","2023-09-19","2023-09-19",,,,,,,,,,,,,,,,,,,,,,,,,,,,,"did not check","dry ice",,,,,,,,,,,,,,"0000-0002-5964-2409","0009-0009-1224-8349",,,"762dfdfa-ae1a-4e95-a62d-d46e49e1a420"
"1cd32558-9367-4f01-b698-662922cb0b27","16db57c4-74e9-4acf-9884-567a63b4e1a5","BART_062.mammalGrid.mam","D01","BART","BART_062","I10","distributed","deciduousForest",44.057350,-71.308646,"WGS84",45.1,447.2,0.2,"6 - trap set and empty","ShermanLF","2023-09-19","2023-09-19",,,,,,,,,,,,,,,,,,,,,,,,,,,,,,,,,,,,,,,,,,,,"0009-0004-7358-8332","0009-0003-6644-7278",,,"0367a9f4-717f-4c70-8850-f35930dc80be"
"e8670f46-29cc-4c39-9c8a-248f246ff275","16db57c4-74e9-4acf-9884-567a63b4e1a5","BART_062.mammalGrid.mam","D01","BART","BART_062","J2","distributed","deciduousForest",44.057350,-71.308646,"WGS84",45.1,447.2,0.2,"6 - trap set and empty","ShermanLF","2023-09-19","2023-09-19",,,,,,,,,,,,,,,,,,,,,,,,,,,,,,,,,,,,,,,,,,,,"0009-0004-7358-8332","0009-0003-6644-7278",,,"793a4143-ed0c-4877-bed9-d4b928898f31"
"5ad2f507-3e7b-457a-9e16-8a1faaa63b2c","a8544a3c-aaf4-4112-b145-84fb47af979d","BART_012.mammalGrid.mam","D01","BART","BART_012","I1","distributed","deciduousForest",44.047478,-71.315451,"WGS84",45.3,579.9,0.4,"6 - trap set and empty","ShermanLF","2023-09-19","2023-09-19",,,,,,,,,,,,,,,,,,,,,,,,,,,,,,,,,,,,,,,,,,,,"0000-0002-5964-2409","0009-0009-1224-8349",,,"0ce958db-a240-4495-8b4f-23dd86105f72"
"d95564ea-6ad1-4099-a59b-4bda26d19d2e","16db57c4-74e9-4acf-9884-567a63b4e1a5","BART_062.mammalGrid.mam","D01","BART","BART_062","G1","distributed","deciduousForest",44.057350,-71.308646,"WGS84",45.1,447.2,0.2,"6 - trap set and empty","ShermanLF","2023-09-19","2023-09-19",,,,,,,,,,,,,,,,,,,,,,,,,,,,,,,,,,,,,,,,,,,,"0009-0004-7358-8332","0009-0003-6644-7278",,,"b4fd7021-d38f-4f2e-84b8-83a717a86575"
"0097fff6-faed-4129-8722-18fa93717306","cbf952d3-3811-4f8d-a135-ae9b4f2f57fc","BART_015.mammalGrid.mam","D01","BART","BART_015","D7","distributed","mixedForest",44.042898,-71.275059,"WGS84",45.2,422.8,0.3,"6 - trap set and empty","ShermanLF","2023-09-19","2023-09-19",,,,,,,,,,,,,,,,,,,,,,,,,,,,,,,,,,,,,,,,,,,,"0000-0002-5964-2409","0009-0009-1224-8349",,,"c92c19ba-4404-4531-a947-562a4b4fe916"
"4cb77337-4b17-4a26-b639-7a4e2c7eb111","a8544a3c-aaf4-4112-b145-84fb47af979d","BART_012.mammalGrid.mam","D01","BART","BART_012","B1","distributed","deciduousForest",44.047478,-71.315451,"WGS84",45.3,579.9,0.4,"6 - trap set and empty","ShermanLF","2023-09-19","2023-09-19",,,,,,,,,,,,,,,,,,,,,,,,,,,,,,,,,,,,,,,,,,,,"0000-0002-5964-2409","0009-0009-1224-8349",,,"68bf786b-47fe-4785-b4a7-c16a18f743ce"
"f569bc7a-33db-40a5-ac1a-f3e2d0f9e6c9","a8544a3c-aaf4-4112-b145-84fb47af979d","BART_012.mammalGrid.mam","D01","BART","BART_012","E1","distributed","deciduousForest",44.047478,-71.315451,"WGS84",45.3,579.9,0.4,"6 - trap set and empty","ShermanLF","2023-09-19","2023-09-19",,,,,,,,,,,,,,,,,,,,,,,,,,,,,,,,,,,,,,,,,,,,"0000-0002-5964-2409","0009-0009-1224-8349",,,"4b33340e-fe45-493d-8fc8-f3c67f1d7d4d"
"9f51f3ce-7aa0-48a1-b1bb-ec2f6966600a","a8544a3c-aaf4-4112-b145-84fb47af979d","BART_012.mammalGrid.mam","D01","BART","BART_012","D10","distributed","deciduousForest",44.047478,-71.315451,"WGS84",45.3,579.9,0.4,"6 - trap set and empty","ShermanLF","2023-09-19","2023-09-19",,,,,,,,,,,,,,,,,,,,,,,,,,,,,,,,,,,,,,,,,,,,"0000-0002-5964-2409","0009-0009-1224-8349",,,"333dafb9-e6b3-469b-a050-3bf6b354bc17"
"44ae35c0-5398-4f2d-8b6a-8faa3c6b439c","16db57c4-74e9-4acf-9884-567a63b4e1a5","BART_062.mammalGrid.mam","D01","BART","BART_062","G7","distributed","deciduousForest",44.057350,-71.308646,"WGS84",45.1,447.2,0.2,"6 - trap set and empty","ShermanLF","2023-09-19","2023-09-19",,,,,,,,,,,,,,,,,,,,,,,,,,,,,,,,,,,,,,,,,,,,"0009-0004-7358-8332","0009-0003-6644-7278",,,"a6fa3723-1bd5-4e5e-a7e6-240f66cc54a9"
"30b5b740-5c6a-4570-bcc4-d50fb60612c3","a8544a3c-aaf4-4112-b145-84fb47af979d","BART_012.mammalGrid.mam","D01","BART","BART_012","I3","distributed","deciduousForest",44.047478,-71.315451,"WGS84",45.3,579.9,0.4,"5 - capture","ShermanLF","2023-09-19","2023-09-19","NEON.MAM.D01.O012I320230919",,"BLBR","Blarina brevicauda","species",,"NEON.DOC.001907",,,"N","U","U","not processed",,"adult",,,,,,,,,,"U","U","U",,"did not check","dry ice",,,,,,,,,,,,,,"0000-0002-5964-2409","0009-0009-1224-8349",,,"7e08e608-854e-4eb4-a0db-16c763952e8e"
"f19f979f-6acd-4660-8ab5-4c66aa984c28","a8544a3c-aaf4-4112-b145-84fb47af979d","BART_012.mammalGrid.mam","D01","BART","BART_012","C2","distributed","deciduousForest",44.047478,-71.315451,"WGS84",45.3,579.9,0.4,"5 - capture","ShermanLF","2023-09-19","2023-09-19","NEON.MAM.D01.L8590",,"PELEPEMA","Peromyscus leucopus/maniculatus","speciesGroup",,"NEON.DOC.001907",,,"N","F","Y","processed",,"adult",,"enlarged","pregnant","swollen",20,19,89,,29,"N","N","N",,"none","dry ice","BART.20230919.L8590.B","D00000037138","mandibular",,,,,,,,,,,"0000-0002-5964-2409","0009-0009-1224-8349",,,"3d46137b-e846-414a-8b8c-beb6f876cff0"
"337c3115-c7b1-4486-b6ca-dfe76fa53127","16db57c4-74e9-4acf-9884-567a63b4e1a5","BART_062.mammalGrid.mam","D01","BART","BART_062","C6","distributed","deciduousForest",44.057350,-71.308646,"WGS84",45.1,447.2,0.2,"6 - trap set and empty","ShermanLF","2023-09-19","2023-09-19",,,,,,,,,,,,,,,,,,,,,,,,,,,,,,,,,,,,,,,,,,,,"0009-0004-7358-8332","0009-0003-6644-7278",,,"a60410b8-d41e-4645-a96b-009d82d1f058"
"50fdeb91-a01c-4d58-a5bc-d83ea86ed8a7","cbf952d3-3811-4f8d-a135-ae9b4f2f57fc","BART_015.mammalGrid.mam","D01","BART","BART_015","E6","distributed","mixedForest",44.042898,-71.275059,"WGS84",45.2,422.8,0.3,"6 - trap set and empty","ShermanLF","2023-09-19","2023-09-19",,,,,,,,,,,,,,,,,,,,,,,,,,,,,,,,,,,,,,,,,,,,"0000-0002-5964-2409","0009-0009-1224-8349",,,"002a18d5-3e5d-4040-bb13-4b3eb725e0b8"
"c2303878-4c49-4d1c-ab3b-ca03b64d14ed","cbf952d3-3811-4f8d-a135-ae9b4f2f57fc","BART_015.mammalGrid.mam","D01","BART","BART_015","B3","distributed","mixedForest",44.042898,-71.275059,"WGS84",45.2,422.8,0.3,"6 - trap set and empty","ShermanLF","2023-09-19","2023-09-19",,,,,,,,,,,,,,,,,,,,,,,,,,,,,,,,,,,,,,,,,,,,"0000-0002-5964-2409","0009-0009-1224-8349",,,"e6c501a1-ae04-4ca0-8f11-6efb678a14c8"
"a3e13cc1-9d05-45d3-a272-661d67081f4f","cbf952d3-3811-4f8d-a135-ae9b4f2f57fc","BART_015.mammalGrid.mam","D01","BART","BART_015","D9","distributed","mixedForest",44.042898,-71.275059,"WGS84",45.2,422.8,0.3,"2 - trap disturbed/door closed but empty","ShermanLF","2023-09-19","2023-09-19",,,,,,,,,,,,,,,,,,,,,,,,,,,,,"did not check","dry ice",,,,,,,,,,,,,,"0000-0002-5964-2409","0009-0009-1224-8349",,,"9c54ce3a-d407-4426-9389-d4da8b7ad29d"
"acd4a618-6f2e-4c1e-a0cc-f9bba09b9509","16db57c4-74e9-4acf-9884-567a63b4e1a5","BART_062.mammalGrid.mam","D01","BART","BART_062","C8","distributed","deciduousForest",44.057350,-71.308646,"WGS84",45.1,447.2,0.2,"6 - trap set and empty","ShermanLF","2023-09-19","2023-09-19",,,,,,,,,,,,,,,,,,,,,,,,,,,,,,,,,,,,,,,,,,,,"0009-0004-7358-8332","0009-0003-6644-7278",,,"54911af6-c2df-4057-999f-4f73d01c1574"
"d2f139db-ab7d-4b14-8794-cb1cf0f1dbe0","a8544a3c-aaf4-4112-b145-84fb47af979d","BART_012.mammalGrid.mam","D01","BART","BART_012","J2","distributed","deciduousForest",44.047478,-71.315451,"WGS84",45.3,579.9,0.4,"6 - trap set and empty","ShermanLF","2023-09-19","2023-09-19",,,,,,,,,,,,,,,,,,,,,,,,,,,,,,,,,,,,,,,,,,,,"0000-0002-5964-2409","0009-0009-1224-8349",,,"38dbba92-85e7-4ada-81bd-1f8cf8e40fef"
"7aa6b52c-b9c2-46c4-b589-5b6982bd86d8","cbf952d3-3811-4f8d-a135-ae9b4f2f57fc","BART_015.mammalGrid.mam","D01","BART","BART_015","F4","distributed","mixedForest",44.042898,-71.275059,"WGS84",45.2,422.8,0.3,"6 - trap set and empty","ShermanLF","2023-09-19","2023-09-19",,,,,,,,,,,,,,,,,,,,,,,,,,,,,,,,,,,,,,,,,,,,"0000-0002-5964-2409","0009-0009-1224-8349",,,"8816827d-66c3-4c67-8aef-bee65f079327"
"c051e232-14de-4270-a5d4-576e8cfc23b4","a8544a3c-aaf4-4112-b145-84fb47af979d","BART_012.mammalGrid.mam","D01","BART","BART_012","B7","distributed","deciduousForest",44.047478,-71.315451,"WGS84",45.3,579.9,0.4,"6 - trap set and empty","ShermanLF","2023-09-19","2023-09-19",,,,,,,,,,,,,,,,,,,,,,,,,,,,,,,,,,,,,,,,,,,,"0000-0002-5964-2409","0009-0009-1224-8349",,,"fd5e986b-9360-43f2-a5ae-c1d5905fb2bb"
"bb75b837-bf37-4447-a5cf-e6fd4f007cfd","a8544a3c-aaf4-4112-b145-84fb47af979d","BART_012.mammalGrid.mam","D01","BART","BART_012","A9","distributed","deciduousForest",44.047478,-71.315451,"WGS84",45.3,579.9,0.4,"6 - trap set and empty","ShermanLF","2023-09-19","2023-09-19",,,,,,,,,,,,,,,,,,,,,,,,,,,,,,,,,,,,,,,,,,,,"0000-0002-5964-2409","0009-0009-1224-8349",,,"1fa6a4fc-1b27-4bfb-b22a-6a993c2c32a6"
"727c4465-2314-4724-b240-0a1568ace3cb","a8544a3c-aaf4-4112-b145-84fb47af979d","BART_012.mammalGrid.mam","D01","BART","BART_012","H2","distributed","deciduousForest",44.047478,-71.315451,"WGS84",45.3,579.9,0.4,"6 - trap set and empty","ShermanLF","2023-09-19","2023-09-19",,,,,,,,,,,,,,,,,,,,,,,,,,,,,,,,,,,,,,,,,,,,"0000-0002-5964-2409","0009-0009-1224-8349",,,"25a25e2f-7b5e-4a4d-9fa0-d618f6f53ac2"
"5e4875f9-c4d9-4b96-bd28-6b1ef20c5dde","16db57c4-74e9-4acf-9884-567a63b4e1a5","BART_062.mammalGrid.mam","D01","BART","BART_062","H4","distributed","deciduousForest",44.057350,-71.308646,"WGS84",45.1,447.2,0.2,"6 - trap set and empty","ShermanLF","2023-09-19","2023-09-19",,,,,,,,,,,,,,,,,,,,,,,,,,,,,,,,,,,,,,,,,,,,"0009-0004-7358-8332","0009-0003-6644-7278",,,"b13c99d0-36f9-44bc-893b-84725e5f7a2c"
"a29da46a-c2b6-4ce0-8703-2eb2537b5694","16db57c4-74e9-4acf-9884-567a63b4e1a5","BART_062.mammalGrid.mam","D01","BART","BART_062","D1","distributed","deciduousForest",44.057350,-71.308646,"WGS84",45.1,447.2,0.2,"6 - trap set and empty","ShermanLF","2023-09-19","2023-09-19",,,,,,,,,,,,,,,,,,,,,,,,,,,,,,,,,,,,,,,,,,,,"0009-0004-7358-8332","0009-0003-6644-7278",,,"2b4e1de3-cbb1-4b83-878f-3f96fa8ccf35"
"3d992602-016d-4fbc-b977-8ba431490c13","cbf952d3-3811-4f8d-a135-ae9b4f2f57fc","BART_015.mammalGrid.mam","D01","BART","BART_015","J7","distributed","mixedForest",44.042898,-71.275059,"WGS84",45.2,422.8,0.3,"3 - trap door open or closed w/ spoor left","ShermanLF","2023-09-19","2023-09-19",,,,,,,,,,,,,,,,,,,,,,,,,,,,,"did not check","dry ice",,,,,,,,,,,,,,"0000-0002-5964-2409","0009-0009-1224-8349",,,"a029c21c-4168-49bf-b009-3119f0116dc6"
"52cbed5d-71a4-4b78-9611-7d84a5882846","cbf952d3-3811-4f8d-a135-ae9b4f2f57fc","BART_015.mammalGrid.mam","D01","BART","BART_015","E2","distributed","mixedForest",44.042898,-71.275059,"WGS84",45.2,422.8,0.3,"6 - trap set and empty","ShermanLF","2023-09-19","2023-09-19",,,,,,,,,,,,,,,,,,,,,,,,,,,,,,,,,,,,,,,,,,,,"0000-0002-5964-2409","0009-0009-1224-8349",,,"78da9297-0983-487c-9f9a-afa1a66dc92d"
"c08e6473-904e-41d4-abbc-a69d68d7bbec","cbf952d3-3811-4f8d-a135-ae9b4f2f57fc","BART_015.mammalGrid.mam","D01","BART","BART_015","H3","distributed","mixedForest",44.042898,-71.275059,"WGS84",45.2,422.8,0.3,"6 - trap set and empty","ShermanLF","2023-09-19","2023-09-19",,,,,,,,,,,,,,,,,,,,,,,,,,,,,,,,,,,,,,,,,,,,"0000-0002-5964-2409","0009-0009-1224-8349",,,"43c51a56-c571-4ec4-9172-9f00f0522d40"
"bafcc2cc-b7be-4c7c-ab91-7902e35499c6","cbf952d3-3811-4f8d-a135-ae9b4f2f57fc","BART_015.mammalGrid.mam","D01","BART","BART_015","H7","distributed","mixedForest",44.042898,-71.275059,"WGS84",45.2,422.8,0.3,"6 - trap set and empty","ShermanLF","2023-09-19","2023-09-19",,,,,,,,,,,,,,,,,,,,,,,,,,,,,,,,,,,,,,,,,,,,"0000-0002-5964-2409","0009-0009-1224-8349",,,"f5eea302-0d46-4523-9bc5-515e972c564d"
"121f7469-31d8-4b2b-aba8-bd47452147cf","a8544a3c-aaf4-4112-b145-84fb47af979d","BART_012.mammalGrid.mam","D01","BART","BART_012","F2","distributed","deciduousForest",44.047478,-71.315451,"WGS84",45.3,579.9,0.4,"6 - trap set and empty","ShermanLF","2023-09-19","2023-09-19",,,,,,,,,,,,,,,,,,,,,,,,,,,,,,,,,,,,,,,,,,,,"0000-0002-5964-2409","0009-0009-1224-8349",,,"ff3018c3-6fb0-4c56-a501-23ea12f79c1d"
"43f27c2a-9de0-47bc-bff4-4413a5d2ee37","cbf952d3-3811-4f8d-a135-ae9b4f2f57fc","BART_015.mammalGrid.mam","D01","BART","BART_015","F8","distributed","mixedForest",44.042898,-71.275059,"WGS84",45.2,422.8,0.3,"6 - trap set and empty","ShermanLF","2023-09-19","2023-09-19",,,,,,,,,,,,,,,,,,,,,,,,,,,,,,,,,,,,,,,,,,,,"0000-0002-5964-2409","0009-0009-1224-8349",,,"18efa6fa-525d-44fb-a08b-92c3f33aa724"
"86072a1e-4086-405e-95d4-b486e4f40131","cbf952d3-3811-4f8d-a135-ae9b4f2f57fc","BART_015.mammalGrid.mam","D01","BART","BART_015","G10","distributed","mixedForest",44.042898,-71.275059,"WGS84",45.2,422.8,0.3,"5 - capture","ShermanLF","2023-09-19","2023-09-19","NEON.MAM.D01.R6320",,"PELE","Peromyscus leucopus","species","cf. species","NEON.DOC.001907",,,"N","F","N","processed",,"adult",,"enlarged","unknown","swollen",21,19,97,,21,"N","N","N",,"botflies","dry ice","BART.20230919.R6320.B","D00000078758","mandibular",,,,,,,,,,,"0000-0002-5964-2409","0009-0009-1224-8349",,,"aaf843da-b20b-4076-91b9-f8f7dfb3191b"
"082eee3d-e654-44c8-a0b6-bbf2148dd09d","a8544a3c-aaf4-4112-b145-84fb47af979d","BART_012.mammalGrid.mam","D01","BART","BART_012","H5","distributed","deciduousForest",44.047478,-71.315451,"WGS84",45.3,579.9,0.4,"6 - trap set and empty","ShermanLF","2023-09-19","2023-09-19",,,,,,,,,,,,,,,,,,,,,,,,,,,,,,,,,,,,,,,,,,,,"0000-0002-5964-2409","0009-0009-1224-8349",,,"473295ad-cc23-4e43-aa2b-1fdb2046690e"
"8c732c64-75f4-4e17-8cff-3e4f1a179c50","cbf952d3-3811-4f8d-a135-ae9b4f2f57fc","BART_015.mammalGrid.mam","D01","BART","BART_015","I8","distributed","mixedForest",44.042898,-71.275059,"WGS84",45.2,422.8,0.3,"6 - trap set and empty","ShermanLF","2023-09-19","2023-09-19",,,,,,,,,,,,,,,,,,,,,,,,,,,,,,,,,,,,,,,,,,,,"0000-0002-5964-2409","0009-0009-1224-8349",,,"7fa85c86-0d49-4886-bd69-da0d433bbdfd"
"a7f57629-95bb-4fe7-9649-354e2070eff3","16db57c4-74e9-4acf-9884-567a63b4e1a5","BART_062.mammalGrid.mam","D01","BART","BART_062","A2","distributed","deciduousForest",44.057350,-71.308646,"WGS84",45.1,447.2,0.2,"2 - trap disturbed/door closed but empty","ShermanLF","2023-09-19","2023-09-19",,,,,,,,,,,,,,,,,,,,,,,,,,,,,"did not check","dry ice",,,,,,,,,,,,,,"0009-0004-7358-8332","0009-0003-6644-7278",,,"6327cfce-7705-42fc-9182-e9ca013c5c13"
"2d50afe7-4aa8-4847-a891-f41f7524d6b6","a8544a3c-aaf4-4112-b145-84fb47af979d","BART_012.mammalGrid.mam","D01","BART","BART_012","B6","distributed","deciduousForest",44.047478,-71.315451,"WGS84",45.3,579.9,0.4,"2 - trap disturbed/door closed but empty","ShermanLF","2023-09-19","2023-09-19",,,,,,,,,,,,,,,,,,,,,,,,,,,,,"did not check","dry ice",,,,,,,,,,,,,,"0000-0002-5964-2409","0009-0009-1224-8349",,,"6af65305-7789-4c90-b5b1-5de6a687f48a"
"7ac76d91-eadb-4e73-8a51-f4a2397f5c57","a8544a3c-aaf4-4112-b145-84fb47af979d","BART_012.mammalGrid.mam","D01","BART","BART_012","G7","distributed","deciduousForest",44.047478,-71.315451,"WGS84",45.3,579.9,0.4,"3 - trap door open or closed w/ spoor left","ShermanLF","2023-09-19","2023-09-19",,,,,,,,,,,,,,,,,,,,,,,,,,,,,"did not check","dry ice",,,,,,,,,,,,,,"0000-0002-5964-2409","0009-0009-1224-8349",,,"c38921ce-b2c5-41fd-aa04-48c1a8cc9d6f"
"12d1ad93-a428-4eaf-b8f1-8c78650cc4cb","cbf952d3-3811-4f8d-a135-ae9b4f2f57fc","BART_015.mammalGrid.mam","D01","BART","BART_015","E1","distributed","mixedForest",44.042898,-71.275059,"WGS84",45.2,422.8,0.3,"6 - trap set and empty","ShermanLF","2023-09-19","2023-09-19",,,,,,,,,,,,,,,,,,,,,,,,,,,,,,,,,,,,,,,,,,,,"0000-0002-5964-2409","0009-0009-1224-8349",,,"e8f1aa3d-5efd-4388-855e-561256fd8cdd"
"154afab8-f75b-41e7-bb76-12d7cf845388","16db57c4-74e9-4acf-9884-567a63b4e1a5","BART_062.mammalGrid.mam","D01","BART","BART_062","F9","distributed","deciduousForest",44.057350,-71.308646,"WGS84",45.1,447.2,0.2,"6 - trap set and empty","ShermanLF","2023-09-19","2023-09-19",,,,,,,,,,,,,,,,,,,,,,,,,,,,,,,,,,,,,,,,,,,,"0009-0004-7358-8332","0009-0003-6644-7278",,,"1452d153-203b-4a58-83d9-4c6b755f9d09"
"5858b3cc-d28e-4874-adfe-01b6055b2fc3","16db57c4-74e9-4acf-9884-567a63b4e1a5","BART_062.mammalGrid.mam","D01","BART","BART_062","F4","distributed","deciduousForest",44.057350,-71.308646,"WGS84",45.1,447.2,0.2,"3 - trap door open or closed w/ spoor left","ShermanLF","2023-09-19","2023-09-19",,,,,,,,,,,,,,,,,,,,,,,,,,,,,"did not check","dry ice",,,,,,,,,,,,,,"0009-0004-7358-8332","0009-0003-6644-7278",,,"a4419f75-b36e-4177-9ada-0079570194bc"
"7e20eecf-83eb-4133-847a-e9d05e79b4fc","a8544a3c-aaf4-4112-b145-84fb47af979d","BART_012.mammalGrid.mam","D01","BART","BART_012","D7","distributed","deciduousForest",44.047478,-71.315451,"WGS84",45.3,579.9,0.4,"2 - trap disturbed/door closed but empty","ShermanLF","2023-09-19","2023-09-19",,,,,,,,,,,,,,,,,,,,,,,,,,,,,"did not check","dry ice",,,,,,,,,,,,,,"0000-0002-5964-2409","0009-0009-1224-8349",,,"1235f321-e465-4dc8-968a-82d6330e272e"
"6e844bd8-8034-4695-81d7-f7664aa74fb2","cbf952d3-3811-4f8d-a135-ae9b4f2f57fc","BART_015.mammalGrid.mam","D01","BART","BART_015","A6","distributed","mixedForest",44.042898,-71.275059,"WGS84",45.2,422.8,0.3,"6 - trap set and empty","ShermanLF","2023-09-19","2023-09-19",,,,,,,,,,,,,,,,,,,,,,,,,,,,,,,,,,,,,,,,,,,,"0000-0002-5964-2409","0009-0009-1224-8349",,,"681be29a-141e-4a54-bbb6-e3cf5ec11274"
"8e4ce191-5215-4e89-ab12-0a3d122b9140","a8544a3c-aaf4-4112-b145-84fb47af979d","BART_012.mammalGrid.mam","D01","BART","BART_012","B2","distributed","deciduousForest",44.047478,-71.315451,"WGS84",45.3,579.9,0.4,"6 - trap set and empty","ShermanLF","2023-09-19","2023-09-19",,,,,,,,,,,,,,,,,,,,,,,,,,,,,,,,,,,,,,,,,,,,"0000-0002-5964-2409","0009-0009-1224-8349",,,"6ffd0758-24d5-45fb-acae-8d551566cf4d"
"1bdaf150-527a-424c-add6-e458fc9abea4","16db57c4-74e9-4acf-9884-567a63b4e1a5","BART_062.mammalGrid.mam","D01","BART","BART_062","B4","distributed","deciduousForest",44.057350,-71.308646,"WGS84",45.1,447.2,0.2,"6 - trap set and empty","ShermanLF","2023-09-19","2023-09-19",,,,,,,,,,,,,,,,,,,,,,,,,,,,,,,,,,,,,,,,,,,,"0009-0004-7358-8332","0009-0003-6644-7278",,,"492a7123-bc9a-4e27-93ed-1466220e30b6"
"1d3ef30e-6ffe-4dac-bb58-d7e14e164228","cbf952d3-3811-4f8d-a135-ae9b4f2f57fc","BART_015.mammalGrid.mam","D01","BART","BART_015","I5","distributed","mixedForest",44.042898,-71.275059,"WGS84",45.2,422.8,0.3,"6 - trap set and empty","ShermanLF","2023-09-19","2023-09-19",,,,,,,,,,,,,,,,,,,,,,,,,,,,,,,,,,,,,,,,,,,,"0000-0002-5964-2409","0009-0009-1224-8349",,,"623dfd08-b841-4f50-9e44-22f0266927ad"
"ef646057-9ec6-4548-9318-99b804f0ae6e","a8544a3c-aaf4-4112-b145-84fb47af979d","BART_012.mammalGrid.mam","D01","BART","BART_012","E7","distributed","deciduousForest",44.047478,-71.315451,"WGS84",45.3,579.9,0.4,"6 - trap set and empty","ShermanLF","2023-09-19","2023-09-19",,,,,,,,,,,,,,,,,,,,,,,,,,,,,,,,,,,,,,,,,,,,"0000-0002-5964-2409","0009-0009-1224-8349",,,"847b2568-623d-4c35-a9aa-3fbfdce44411"
"442e5456-08b2-456a-aa85-6259b814c55d","cbf952d3-3811-4f8d-a135-ae9b4f2f57fc","BART_015.mammalGrid.mam","D01","BART","BART_015","I6","distributed","mixedForest",44.042898,-71.275059,"WGS84",45.2,422.8,0.3,"2 - trap disturbed/door closed but empty","ShermanLF","2023-09-19","2023-09-19",,,,,,,,,,,,,,,,,,,,,,,,,,,,,"did not check","dry ice",,,,,,,,,,,,,,"0000-0002-5964-2409","0009-0009-1224-8349",,,"334c34cd-3873-4c81-9366-59288c54286d"
"d9c0d1e3-4ad8-4b9e-b716-991b1dd5bea2","16db57c4-74e9-4acf-9884-567a63b4e1a5","BART_062.mammalGrid.mam","D01","BART","BART_062","J3","distributed","deciduousForest",44.057350,-71.308646,"WGS84",45.1,447.2,0.2,"5 - capture","ShermanLF","2023-09-19","2023-09-19","NEON.MAM.D01.R8439",,"PELEPEMA","Peromyscus leucopus/maniculatus","speciesGroup",,"NEON.DOC.001907",,,"N","F","Y","processed",,"adult",,"enlarged","not","neither",19,14,100,,24,"N","N","N",,"none","dry ice","BART.20230919.R8439.B","D00000037093","mandibular",,,,,,,,,,,"0009-0004-7358-8332","0009-0003-6644-7278",,,"ad928d34-fe0d-4d21-af0a-10eb7d71eab5"
"bb93c239-e075-49d5-b5c5-d621335cded3","a8544a3c-aaf4-4112-b145-84fb47af979d","BART_012.mammalGrid.mam","D01","BART","BART_012","J1","distributed","deciduousForest",44.047478,-71.315451,"WGS84",45.3,579.9,0.4,"6 - trap set and empty","ShermanLF","2023-09-19","2023-09-19",,,,,,,,,,,,,,,,,,,,,,,,,,,,,,,,,,,,,,,,,,,,"0000-0002-5964-2409","0009-0009-1224-8349",,,"0ba20a40-d36d-4fee-9d14-472316bb80f7"
"0c246510-f6cd-418b-b8b1-2e306646ceca","cbf952d3-3811-4f8d-a135-ae9b4f2f57fc","BART_015.mammalGrid.mam","D01","BART","BART_015","B4","distributed","mixedForest",44.042898,-71.275059,"WGS84",45.2,422.8,0.3,"6 - trap set and empty","ShermanLF","2023-09-19","2023-09-19",,,,,,,,,,,,,,,,,,,,,,,,,,,,,,,,,,,,,,,,,,,,"0000-0002-5964-2409","0009-0009-1224-8349",,,"aa744d84-c461-48ce-8848-3b4bb82022ec"
"a527a2a5-73b9-4bcb-9fcd-8b0a28ecc2ca","cbf952d3-3811-4f8d-a135-ae9b4f2f57fc","BART_015.mammalGrid.mam","D01","BART","BART_015","J6","distributed","mixedForest",44.042898,-71.275059,"WGS84",45.2,422.8,0.3,"6 - trap set and empty","ShermanLF","2023-09-19","2023-09-19",,,,,,,,,,,,,,,,,,,,,,,,,,,,,,,,,,,,,,,,,,,,"0000-0002-5964-2409","0009-0009-1224-8349",,,"91076f76-5ce1-4697-b672-6eaa9ec92d7a"
"0193213e-afca-482c-b198-7c2fc76c79a7","cbf952d3-3811-4f8d-a135-ae9b4f2f57fc","BART_015.mammalGrid.mam","D01","BART","BART_015","J2","distributed","mixedForest",44.042898,-71.275059,"WGS84",45.2,422.8,0.3,"2 - trap disturbed/door closed but empty","ShermanLF","2023-09-19","2023-09-19",,,,,,,,,,,,,,,,,,,,,,,,,,,,,"did not check","dry ice",,,,,,,,,,,,,,"0000-0002-5964-2409","0009-0009-1224-8349",,,"8edf17ad-efc9-450b-987c-0ce7bcb43a3b"
"1d4e9121-8804-4d91-9c3c-c57329aceb35","cbf952d3-3811-4f8d-a135-ae9b4f2f57fc","BART_015.mammalGrid.mam","D01","BART","BART_015","J8","distributed","mixedForest",44.042898,-71.275059,"WGS84",45.2,422.8,0.3,"2 - trap disturbed/door closed but empty","ShermanLF","2023-09-19","2023-09-19",,,,,,,,,,,,,,,,,,,,,,,,,,,,,"did not check","dry ice",,,,,,,,,,,,,,"0000-0002-5964-2409","0009-0009-1224-8349",,,"1898b756-b50a-4e6f-8086-362dada95dd9"
"7fab9247-732e-4a7b-8b05-fb7d546de027","16db57c4-74e9-4acf-9884-567a63b4e1a5","BART_062.mammalGrid.mam","D01","BART","BART_062","I7","distributed","deciduousForest",44.057350,-71.308646,"WGS84",45.1,447.2,0.2,"6 - trap set and empty","ShermanLF","2023-09-19","2023-09-19",,,,,,,,,,,,,,,,,,,,,,,,,,,,,,,,,,,,,,,,,,,,"0009-0004-7358-8332","0009-0003-6644-7278",,,"a6e1c293-4036-4380-a000-28a0e896e7d2"
"fa1abae4-b994-4b69-b30a-13969c3ce532","cbf952d3-3811-4f8d-a135-ae9b4f2f57fc","BART_015.mammalGrid.mam","D01","BART","BART_015","F3","distributed","mixedForest",44.042898,-71.275059,"WGS84",45.2,422.8,0.3,"6 - trap set and empty","ShermanLF","2023-09-19","2023-09-19",,,,,,,,,,,,,,,,,,,,,,,,,,,,,,,,,,,,,,,,,,,,"0000-0002-5964-2409","0009-0009-1224-8349",,,"c8b99506-0e85-415d-a889-9ec9e40a2bd3"
"6ab1bd0e-08fc-4984-8ecc-5a432ba9abc3","cbf952d3-3811-4f8d-a135-ae9b4f2f57fc","BART_015.mammalGrid.mam","D01","BART","BART_015","B9","distributed","mixedForest",44.042898,-71.275059,"WGS84",45.2,422.8,0.3,"5 - capture","ShermanLF","2023-09-19","2023-09-19","NEON.MAM.D01.R9068",,"MYGA","Myodes gapperi","species",,"NEON.DOC.001907",,,"N","M","N","processed",,"adult","scrotal",,,,15,,,,23,"N","N","N",,"other - see remarks","dry ice","BART.20230919.R9068.B","D00000037090","mandibular",,,,,,,,,,,"0000-0002-5964-2409","0009-0009-1224-8349","Mites",,"364778e1-a7b4-4368-b4f7-7231775bc3e7"
"4d432863-3047-4a3d-895b-9df1c2bd5989","16db57c4-74e9-4acf-9884-567a63b4e1a5","BART_062.mammalGrid.mam","D01","BART","BART_062","B9","distributed","deciduousForest",44.057350,-71.308646,"WGS84",45.1,447.2,0.2,"6 - trap set and empty","ShermanLF","2023-09-19","2023-09-19",,,,,,,,,,,,,,,,,,,,,,,,,,,,,,,,,,,,,,,,,,,,"0009-0004-7358-8332","0009-0003-6644-7278",,,"7423f13c-a8db-4afc-8fc5-c780b13c534d"
"4b4fc1c3-a2ef-47b7-8ec5-f48e9985a58c","16db57c4-74e9-4acf-9884-567a63b4e1a5","BART_062.mammalGrid.mam","D01","BART","BART_062","B1","distributed","deciduousForest",44.057350,-71.308646,"WGS84",45.1,447.2,0.2,"6 - trap set and empty","ShermanLF","2023-09-19","2023-09-19",,,,,,,,,,,,,,,,,,,,,,,,,,,,,,,,,,,,,,,,,,,,"0009-0004-7358-8332","0009-0003-6644-7278",,,"01cfa8a9-bce0-4cc4-801b-63a9f5734fa3"
"a3a21fe2-1f28-41ac-ae2c-fab8fc0da978","a8544a3c-aaf4-4112-b145-84fb47af979d","BART_012.mammalGrid.mam","D01","BART","BART_012","F10","distributed","deciduousForest",44.047478,-71.315451,"WGS84",45.3,579.9,0.4,"5 - capture","ShermanLF","2023-09-19","2023-09-19","NEON.MAM.D01.R8387",,"PELEPEMA","Peromyscus leucopus/maniculatus","speciesGroup",,"NEON.DOC.001907",,,"N","F","Y","processed",,"adult",,"enlarged","pregnant","swollen",21,16,87,,21,"N","N","N",,"none","dry ice","BART.20230919.R8387.B","D00000078995","mandibular",,,,,,,,,,,"0000-0002-5964-2409","0009-0009-1224-8349",,,"45da441e-eb33-460e-be87-2a72385af362"
"0ed80a5c-d257-449a-81aa-a79f2cedcf7e","cbf952d3-3811-4f8d-a135-ae9b4f2f57fc","BART_015.mammalGrid.mam","D01","BART","BART_015","C9","distributed","mixedForest",44.042898,-71.275059,"WGS84",45.2,422.8,0.3,"6 - trap set and empty","ShermanLF","2023-09-19","2023-09-19",,,,,,,,,,,,,,,,,,,,,,,,,,,,,,,,,,,,,,,,,,,,"0000-0002-5964-2409","0009-0009-1224-8349",,,"96a4173f-c7ed-413d-9374-213a7b191d32"
"86dfddf0-682b-4c44-8d94-44132d2ece8f","16db57c4-74e9-4acf-9884-567a63b4e1a5","BART_062.mammalGrid.mam","D01","BART","BART_062","J8","distributed","deciduousForest",44.057350,-71.308646,"WGS84",45.1,447.2,0.2,"6 - trap set and empty","ShermanLF","2023-09-19","2023-09-19",,,,,,,,,,,,,,,,,,,,,,,,,,,,,,,,,,,,,,,,,,,,"0009-0004-7358-8332","0009-0003-6644-7278",,,"870a1b20-dad7-4dc3-90e7-f240e38c19d7"
"d1ce98b2-b388-44d9-8f39-a88b6b40a8ac","16db57c4-74e9-4acf-9884-567a63b4e1a5","BART_062.mammalGrid.mam","D01","BART","BART_062","D10","distributed","deciduousForest",44.057350,-71.308646,"WGS84",45.1,447.2,0.2,"6 - trap set and empty","ShermanLF","2023-09-19","2023-09-19",,,,,,,,,,,,,,,,,,,,,,,,,,,,,,,,,,,,,,,,,,,,"0009-0004-7358-8332","0009-0003-6644-7278",,,"21c8e470-8de7-45bb-8ec1-4b2600533d72"
"4491072d-1e40-4c35-8aab-6f367151e159","a8544a3c-aaf4-4112-b145-84fb47af979d","BART_012.mammalGrid.mam","D01","BART","BART_012","D2","distributed","deciduousForest",44.047478,-71.315451,"WGS84",45.3,579.9,0.4,"5 - capture","ShermanLF","2023-09-19","2023-09-19","NEON.MAM.D01.O012D220230919",,"BLBR","Blarina brevicauda","species",,"NEON.DOC.001907",,,"N","F","U","dead",,"adult",,"enlarged","unknown","neither",,,,,,"U","U","U",,"did not check","dry ice",,,,,,,,,,,,"BART.20230919.O012D220230919.V","B00000028346","0000-0002-5964-2409","0009-0009-1224-8349",,,"40a424a8-1983-46d6-a81c-4020295938ef"
"37136dba-91fc-463e-9e68-ae47378d1057","cbf952d3-3811-4f8d-a135-ae9b4f2f57fc","BART_015.mammalGrid.mam","D01","BART","BART_015","J5","distributed","mixedForest",44.042898,-71.275059,"WGS84",45.2,422.8,0.3,"6 - trap set and empty","ShermanLF","2023-09-19","2023-09-19",,,,,,,,,,,,,,,,,,,,,,,,,,,,,,,,,,,,,,,,,,,,"0000-0002-5964-2409","0009-0009-1224-8349",,,"99f8931c-25de-4849-942c-7fab47f75145"
"77b7af44-9220-4d35-b13c-e4f4af43f693","a8544a3c-aaf4-4112-b145-84fb47af979d","BART_012.mammalGrid.mam","D01","BART","BART_012","A1","distributed","deciduousForest",44.047478,-71.315451,"WGS84",45.3,579.9,0.4,"6 - trap set and empty","ShermanLF","2023-09-19","2023-09-19",,,,,,,,,,,,,,,,,,,,,,,,,,,,,,,,,,,,,,,,,,,,"0000-0002-5964-2409","0009-0009-1224-8349",,,"dfd561bb-ba8d-4674-9056-4040f3c6d491"
"80e94c24-cfb0-4760-89f8-fa7a2f1aabc4","16db57c4-74e9-4acf-9884-567a63b4e1a5","BART_062.mammalGrid.mam","D01","BART","BART_062","A6","distributed","deciduousForest",44.057350,-71.308646,"WGS84",45.1,447.2,0.2,"6 - trap set and empty","ShermanLF","2023-09-19","2023-09-19",,,,,,,,,,,,,,,,,,,,,,,,,,,,,,,,,,,,,,,,,,,,"0009-0004-7358-8332","0009-0003-6644-7278",,,"264077bc-7707-4586-b1c9-f05380da5f6b"
"7c4c6c2c-9073-40a7-8a37-88a451ee8227","cbf952d3-3811-4f8d-a135-ae9b4f2f57fc","BART_015.mammalGrid.mam","D01","BART","BART_015","C6","distributed","mixedForest",44.042898,-71.275059,"WGS84",45.2,422.8,0.3,"2 - trap disturbed/door closed but empty","ShermanLF","2023-09-19","2023-09-19",,,,,,,,,,,,,,,,,,,,,,,,,,,,,"did not check","dry ice",,,,,,,,,,,,,,"0000-0002-5964-2409","0009-0009-1224-8349",,,"fccf2e8c-2a4a-4bbd-9744-d62acd1046ea"
"675ce264-a7e6-41f1-8d96-d2ee5ecee2d1","16db57c4-74e9-4acf-9884-567a63b4e1a5","BART_062.mammalGrid.mam","D01","BART","BART_062","G10","distributed","deciduousForest",44.057350,-71.308646,"WGS84",45.1,447.2,0.2,"6 - trap set and empty","ShermanLF","2023-09-19","2023-09-19",,,,,,,,,,,,,,,,,,,,,,,,,,,,,,,,,,,,,,,,,,,,"0009-0004-7358-8332","0009-0003-6644-7278",,,"10b58f44-7c2b-49ac-a29c-41bc57a33d72"
"298629ec-f353-424a-b4aa-7bddf15868d4","a8544a3c-aaf4-4112-b145-84fb47af979d","BART_012.mammalGrid.mam","D01","BART","BART_012","G5","distributed","deciduousForest",44.047478,-71.315451,"WGS84",45.3,579.9,0.4,"6 - trap set and empty","ShermanLF","2023-09-19","2023-09-19",,,,,,,,,,,,,,,,,,,,,,,,,,,,,,,,,,,,,,,,,,,,"0000-0002-5964-2409","0009-0009-1224-8349",,,"44a11d72-1404-4d19-948a-9e50b7c5549c"
"47e7f0ec-14fc-47c4-82bc-0e7aa2a6d6f8","16db57c4-74e9-4acf-9884-567a63b4e1a5","BART_062.mammalGrid.mam","D01","BART","BART_062","H5","distributed","deciduousForest",44.057350,-71.308646,"WGS84",45.1,447.2,0.2,"6 - trap set and empty","ShermanLF","2023-09-19","2023-09-19",,,,,,,,,,,,,,,,,,,,,,,,,,,,,,,,,,,,,,,,,,,,"0009-0004-7358-8332","0009-0003-6644-7278",,,"fb87c535-9e6e-47de-ab65-64dffc091c98"
"15684dad-31e8-4362-a79a-fbc54849d676","a8544a3c-aaf4-4112-b145-84fb47af979d","BART_012.mammalGrid.mam","D01","BART","BART_012","C5","distributed","deciduousForest",44.047478,-71.315451,"WGS84",45.3,579.9,0.4,"5 - capture","ShermanLF","2023-09-19","2023-09-19","NEON.MAM.D01.L6303",,"PELEPEMA","Peromyscus leucopus/maniculatus","speciesGroup",,"NEON.DOC.001907",,,"N","M","Y","processed",,"adult","scrotal",,,,21,19,95,,22,"N","N","N",,"none","dry ice","BART.20230919.L6303.B","D00000037202","mandibular",,,,,,,,,,,"0000-0002-5964-2409","0009-0009-1224-8349",,,"81e9c6a6-a1d8-4d79-ace0-af442545b87c"
"db7a3c65-cc2e-4b31-84dd-be91173a884c","16db57c4-74e9-4acf-9884-567a63b4e1a5","BART_062.mammalGrid.mam","D01","BART","BART_062","D7","distributed","deciduousForest",44.057350,-71.308646,"WGS84",45.1,447.2,0.2,"6 - trap set and empty","ShermanLF","2023-09-19","2023-09-19",,,,,,,,,,,,,,,,,,,,,,,,,,,,,,,,,,,,,,,,,,,,"0009-0004-7358-8332","0009-0003-6644-7278",,,"30e88f9a-041e-4861-8b91-f33051c09680"
"e2d0e380-61bd-4bdd-9529-5188cc4ac3fa","cbf952d3-3811-4f8d-a135-ae9b4f2f57fc","BART_015.mammalGrid.mam","D01","BART","BART_015","H2","distributed","mixedForest",44.042898,-71.275059,"WGS84",45.2,422.8,0.3,"6 - trap set and empty","ShermanLF","2023-09-19","2023-09-19",,,,,,,,,,,,,,,,,,,,,,,,,,,,,,,,,,,,,,,,,,,,"0000-0002-5964-2409","0009-0009-1224-8349",,,"dd21a41a-54e3-4b13-9f28-ac5d2ad4e6d8"
"021b198b-b38c-42f9-bc7b-840ed2fb8bb7","cbf952d3-3811-4f8d-a135-ae9b4f2f57fc","BART_015.mammalGrid.mam","D01","BART","BART_015","B7","distributed","mixedForest",44.042898,-71.275059,"WGS84",45.2,422.8,0.3,"6 - trap set and empty","ShermanLF","2023-09-19","2023-09-19",,,,,,,,,,,,,,,,,,,,,,,,,,,,,,,,,,,,,,,,,,,,"0000-0002-5964-2409","0009-0009-1224-8349",,,"36f35093-3aba-4598-b109-9737e9c13046"
"4211163e-567d-44dd-9ecf-f2e65b3f6428","a8544a3c-aaf4-4112-b145-84fb47af979d","BART_012.mammalGrid.mam","D01","BART","BART_012","G10","distributed","deciduousForest",44.047478,-71.315451,"WGS84",45.3,579.9,0.4,"6 - trap set and empty","ShermanLF","2023-09-19","2023-09-19",,,,,,,,,,,,,,,,,,,,,,,,,,,,,,,,,,,,,,,,,,,,"0000-0002-5964-2409","0009-0009-1224-8349",,,"ed1ca7d1-39cc-4f96-b43c-4fc18ecdc056"
"5914332d-d9ba-4746-b4be-651ed85149ef","a8544a3c-aaf4-4112-b145-84fb47af979d","BART_012.mammalGrid.mam","D01","BART","BART_012","C9","distributed","deciduousForest",44.047478,-71.315451,"WGS84",45.3,579.9,0.4,"3 - trap door open or closed w/ spoor left","ShermanLF","2023-09-19","2023-09-19",,,,,,,,,,,,,,,,,,,,,,,,,,,,,"did not check","dry ice",,,,,,,,,,,,,,"0000-0002-5964-2409","0009-0009-1224-8349",,,"f273397a-c697-4c3f-a8dd-733865b47315"
"95b33c56-94e0-451d-bd08-f206378ef47a","a8544a3c-aaf4-4112-b145-84fb47af979d","BART_012.mammalGrid.mam","D01","BART","BART_012","E5","distributed","deciduousForest",44.047478,-71.315451,"WGS84",45.3,579.9,0.4,"2 - trap disturbed/door closed but empty","ShermanLF","2023-09-19","2023-09-19",,,,,,,,,,,,,,,,,,,,,,,,,,,,,"did not check","dry ice",,,,,,,,,,,,,,"0000-0002-5964-2409","0009-0009-1224-8349",,,"bf818d5c-20ad-4948-b9a4-bb06452da5bb"
"347a6444-0288-4edb-831d-551beecaf345","a8544a3c-aaf4-4112-b145-84fb47af979d","BART_012.mammalGrid.mam","D01","BART","BART_012","J8","distributed","deciduousForest",44.047478,-71.315451,"WGS84",45.3,579.9,0.4,"6 - trap set and empty","ShermanLF","2023-09-19","2023-09-19",,,,,,,,,,,,,,,,,,,,,,,,,,,,,,,,,,,,,,,,,,,,"0000-0002-5964-2409","0009-0009-1224-8349",,,"7d09f5a7-c23d-445f-b4d5-ed710117f45a"
"b0483108-7fc4-4215-86ad-143d8062e9a4","a8544a3c-aaf4-4112-b145-84fb47af979d","BART_012.mammalGrid.mam","D01","BART","BART_012","G1","distributed","deciduousForest",44.047478,-71.315451,"WGS84",45.3,579.9,0.4,"6 - trap set and empty","ShermanLF","2023-09-19","2023-09-19",,,,,,,,,,,,,,,,,,,,,,,,,,,,,,,,,,,,,,,,,,,,"0000-0002-5964-2409","0009-0009-1224-8349",,,"440fa394-7405-49ed-b9ca-a7b32d38b4f5"
"d8b821f2-a1c0-42ae-b050-c110ade8ec94","16db57c4-74e9-4acf-9884-567a63b4e1a5","BART_062.mammalGrid.mam","D01","BART","BART_062","I2","distributed","deciduousForest",44.057350,-71.308646,"WGS84",45.1,447.2,0.2,"2 - trap disturbed/door closed but empty","ShermanLF","2023-09-19","2023-09-19",,,,,,,,,,,,,,,,,,,,,,,,,,,,,"did not check","dry ice",,,,,,,,,,,,,,"0009-0004-7358-8332","0009-0003-6644-7278",,,"47991093-da3e-4c22-90d6-ef887acc8602"
"4e49242f-1441-40b2-ade3-65db7f4364bf","16db57c4-74e9-4acf-9884-567a63b4e1a5","BART_062.mammalGrid.mam","D01","BART","BART_062","I5","distributed","deciduousForest",44.057350,-71.308646,"WGS84",45.1,447.2,0.2,"6 - trap set and empty","ShermanLF","2023-09-19","2023-09-19",,,,,,,,,,,,,,,,,,,,,,,,,,,,,,,,,,,,,,,,,,,,"0009-0004-7358-8332","0009-0003-6644-7278",,,"c9e5d6ef-6ce0-4a92-9482-b39e80aa5d20"
"d41d5200-d1be-4ee1-8860-47d6d8ec967e","a8544a3c-aaf4-4112-b145-84fb47af979d","BART_012.mammalGrid.mam","D01","BART","BART_012","H9","distributed","deciduousForest",44.047478,-71.315451,"WGS84",45.3,579.9,0.4,"6 - trap set and empty","ShermanLF","2023-09-19","2023-09-19",,,,,,,,,,,,,,,,,,,,,,,,,,,,,,,,,,,,,,,,,,,,"0000-0002-5964-2409","0009-0009-1224-8349",,,"76200f25-9b05-4d02-803d-68fdf947e3c0"
"4997003f-1763-4b73-935b-cb8c25bbd589","a8544a3c-aaf4-4112-b145-84fb47af979d","BART_012.mammalGrid.mam","D01","BART","BART_012","C8","distributed","deciduousForest",44.047478,-71.315451,"WGS84",45.3,579.9,0.4,"2 - trap disturbed/door closed but empty","ShermanLF","2023-09-19","2023-09-19",,,,,,,,,,,,,,,,,,,,,,,,,,,,,"did not check","dry ice",,,,,,,,,,,,,,"0000-0002-5964-2409","0009-0009-1224-8349",,,"9d8a4b4a-b875-455f-b5c4-c16cee10d4a2"
"c4a9a72f-3dc2-469e-a0cf-8dfd9519acb9","a8544a3c-aaf4-4112-b145-84fb47af979d","BART_012.mammalGrid.mam","D01","BART","BART_012","D4","distributed","deciduousForest",44.047478,-71.315451,"WGS84",45.3,579.9,0.4,"6 - trap set and empty","ShermanLF","2023-09-19","2023-09-19",,,,,,,,,,,,,,,,,,,,,,,,,,,,,,,,,,,,,,,,,,,,"0000-0002-5964-2409","0009-0009-1224-8349",,,"49cec9d6-caf0-4fc0-a1df-c6b886e31e21"
"48bc0d15-0aef-4acd-89bb-7d250699e80d","16db57c4-74e9-4acf-9884-567a63b4e1a5","BART_062.mammalGrid.mam","D01","BART","BART_062","E1","distributed","deciduousForest",44.057350,-71.308646,"WGS84",45.1,447.2,0.2,"6 - trap set and empty","ShermanLF","2023-09-19","2023-09-19",,,,,,,,,,,,,,,,,,,,,,,,,,,,,,,,,,,,,,,,,,,,"0009-0004-7358-8332","0009-0003-6644-7278",,,"de2fcb61-b075-47b3-b8a8-a44ea47e507d"
"a67d1309-53cc-4231-93fc-978486ae3e68","cbf952d3-3811-4f8d-a135-ae9b4f2f57fc","BART_015.mammalGrid.mam","D01","BART","BART_015","G1","distributed","mixedForest",44.042898,-71.275059,"WGS84",45.2,422.8,0.3,"6 - trap set and empty","ShermanLF","2023-09-19","2023-09-19",,,,,,,,,,,,,,,,,,,,,,,,,,,,,,,,,,,,,,,,,,,,"0000-0002-5964-2409","0009-0009-1224-8349",,,"048f29b9-a7a7-4451-bc1f-ea4d28687949"
"757510d5-e657-4fe7-b895-c11c0a17ada2","cbf952d3-3811-4f8d-a135-ae9b4f2f57fc","BART_015.mammalGrid.mam","D01","BART","BART_015","I2","distributed","mixedForest",44.042898,-71.275059,"WGS84",45.2,422.8,0.3,"6 - trap set and empty","ShermanLF","2023-09-19","2023-09-19",,,,,,,,,,,,,,,,,,,,,,,,,,,,,,,,,,,,,,,,,,,,"0000-0002-5964-2409","0009-0009-1224-8349",,,"3155c35f-cd67-4569-b85f-47d9b3f8d157"
"44dcdb97-b97f-4cfc-a072-a447ec864171","16db57c4-74e9-4acf-9884-567a63b4e1a5","BART_062.mammalGrid.mam","D01","BART","BART_062","E10","distributed","deciduousForest",44.057350,-71.308646,"WGS84",45.1,447.2,0.2,"6 - trap set and empty","ShermanLF","2023-09-19","2023-09-19",,,,,,,,,,,,,,,,,,,,,,,,,,,,,,,,,,,,,,,,,,,,"0009-0004-7358-8332","0009-0003-6644-7278",,,"c87fd39b-24d8-4270-9cf0-f7a68f17fd5a"
"00da152e-3016-4dc5-bbaf-be15ee5c70b5","16db57c4-74e9-4acf-9884-567a63b4e1a5","BART_062.mammalGrid.mam","D01","BART","BART_062","E9","distributed","deciduousForest",44.057350,-71.308646,"WGS84",45.1,447.2,0.2,"2 - trap disturbed/door closed but empty","ShermanLF","2023-09-19","2023-09-19",,,,,,,,,,,,,,,,,,,,,,,,,,,,,"did not check","dry ice",,,,,,,,,,,,,,"0009-0004-7358-8332","0009-0003-6644-7278",,,"483dc56e-df5c-4d36-97d7-750f905682c3"
"7e0851fd-51e3-49a5-af49-84fc992bf422","cbf952d3-3811-4f8d-a135-ae9b4f2f57fc","BART_015.mammalGrid.mam","D01","BART","BART_015","C10","distributed","mixedForest",44.042898,-71.275059,"WGS84",45.2,422.8,0.3,"2 - trap disturbed/door closed but empty","ShermanLF","2023-09-19","2023-09-19",,,,,,,,,,,,,,,,,,,,,,,,,,,,,"did not check","dry ice",,,,,,,,,,,,,,"0000-0002-5964-2409","0009-0009-1224-8349",,,"2bdfa009-6ccf-49f4-82b7-c07727663a38"
"a20d329c-b016-42c0-beaa-e9c76df9b93d","a8544a3c-aaf4-4112-b145-84fb47af979d","BART_012.mammalGrid.mam","D01","BART","BART_012","F7","distributed","deciduousForest",44.047478,-71.315451,"WGS84",45.3,579.9,0.4,"6 - trap set and empty","ShermanLF","2023-09-19","2023-09-19",,,,,,,,,,,,,,,,,,,,,,,,,,,,,,,,,,,,,,,,,,,,"0000-0002-5964-2409","0009-0009-1224-8349",,,"aa221158-38b8-4efe-a490-7c1554f9c631"
"4dfc9ee4-cca9-46e7-be1b-a6ef1ee8f34d","16db57c4-74e9-4acf-9884-567a63b4e1a5","BART_062.mammalGrid.mam","D01","BART","BART_062","F1","distributed","deciduousForest",44.057350,-71.308646,"WGS84",45.1,447.2,0.2,"6 - trap set and empty","ShermanLF","2023-09-19","2023-09-19",,,,,,,,,,,,,,,,,,,,,,,,,,,,,,,,,,,,,,,,,,,,"0009-0004-7358-8332","0009-0003-6644-7278",,,"2e6e987e-eb85-4493-84a0-7aabd1ee378c"
"c6b1ba7e-fc07-49a4-b257-f3236b4018d2","cbf952d3-3811-4f8d-a135-ae9b4f2f57fc","BART_015.mammalGrid.mam","D01","BART","BART_015","A7","distributed","mixedForest",44.042898,-71.275059,"WGS84",45.2,422.8,0.3,"6 - trap set and empty","ShermanLF","2023-09-19","2023-09-19",,,,,,,,,,,,,,,,,,,,,,,,,,,,,,,,,,,,,,,,,,,,"0000-0002-5964-2409","0009-0009-1224-8349",,,"05822be0-cb4c-4b57-8546-52d0f72681e3"
"5acbc785-a157-4e27-a73b-8f8777c7602a","cbf952d3-3811-4f8d-a135-ae9b4f2f57fc","BART_015.mammalGrid.mam","D01","BART","BART_015","G7","distributed","mixedForest",44.042898,-71.275059,"WGS84",45.2,422.8,0.3,"6 - trap set and empty","ShermanLF","2023-09-19","2023-09-19",,,,,,,,,,,,,,,,,,,,,,,,,,,,,,,,,,,,,,,,,,,,"0000-0002-5964-2409","0009-0009-1224-8349",,,"9225c88c-b4a2-43f6-870f-759f9bf358a1"
"5aeb37a4-152f-49ec-9f1c-f214d83f9519","cbf952d3-3811-4f8d-a135-ae9b4f2f57fc","BART_015.mammalGrid.mam","D01","BART","BART_015","H10","distributed","mixedForest",44.042898,-71.275059,"WGS84",45.2,422.8,0.3,"3 - trap door open or closed w/ spoor left","ShermanLF","2023-09-19","2023-09-19",,,,,,,,,,,,,,,,,,,,,,,,,,,,,"did not check","dry ice",,,,,,,,,,,,,,"0000-0002-5964-2409","0009-0009-1224-8349",,,"ce5c2b9b-9872-4d7f-a05c-4c710cde824b"
"3ed05129-9e7d-49f7-8638-3f60c715c4c1","16db57c4-74e9-4acf-9884-567a63b4e1a5","BART_062.mammalGrid.mam","D01","BART","BART_062","G6","distributed","deciduousForest",44.057350,-71.308646,"WGS84",45.1,447.2,0.2,"6 - trap set and empty","ShermanLF","2023-09-19","2023-09-19",,,,,,,,,,,,,,,,,,,,,,,,,,,,,,,,,,,,,,,,,,,,"0009-0004-7358-8332","0009-0003-6644-7278",,,"a8640d79-f637-4787-9f38-0d30aeefc29e"
"645e0281-1902-409c-9881-9ca3b8acc942","16db57c4-74e9-4acf-9884-567a63b4e1a5","BART_062.mammalGrid.mam","D01","BART","BART_062","I4","distributed","deciduousForest",44.057350,-71.308646,"WGS84",45.1,447.2,0.2,"6 - trap set and empty","ShermanLF","2023-09-19","2023-09-19",,,,,,,,,,,,,,,,,,,,,,,,,,,,,,,,,,,,,,,,,,,,"0009-0004-7358-8332","0009-0003-6644-7278",,,"3abd0ad3-851c-4e22-bca2-df157c837c68"
"01a4b9d2-7956-4fe6-b377-0d70c5678d8d","a8544a3c-aaf4-4112-b145-84fb47af979d","BART_012.mammalGrid.mam","D01","BART","BART_012","I4","distributed","deciduousForest",44.047478,-71.315451,"WGS84",45.3,579.9,0.4,"6 - trap set and empty","ShermanLF","2023-09-19","2023-09-19",,,,,,,,,,,,,,,,,,,,,,,,,,,,,,,,,,,,,,,,,,,,"0000-0002-5964-2409","0009-0009-1224-8349",,,"c85e4148-eb04-48e6-9739-18717312752f"
"de35ccfa-67cb-4f7c-acc0-267d3c8b57b6","cbf952d3-3811-4f8d-a135-ae9b4f2f57fc","BART_015.mammalGrid.mam","D01","BART","BART_015","H4","distributed","mixedForest",44.042898,-71.275059,"WGS84",45.2,422.8,0.3,"6 - trap set and empty","ShermanLF","2023-09-19","2023-09-19",,,,,,,,,,,,,,,,,,,,,,,,,,,,,,,,,,,,,,,,,,,,"0000-0002-5964-2409","0009-0009-1224-8349",,,"bf4b6593-294b-44d1-9183-484a24b664a6"
"371c295c-4097-40d7-974f-53c0f94bece4","16db57c4-74e9-4acf-9884-567a63b4e1a5","BART_062.mammalGrid.mam","D01","BART","BART_062","I1","distributed","deciduousForest",44.057350,-71.308646,"WGS84",45.1,447.2,0.2,"6 - trap set and empty","ShermanLF","2023-09-19","2023-09-19",,,,,,,,,,,,,,,,,,,,,,,,,,,,,,,,,,,,,,,,,,,,"0009-0004-7358-8332","0009-0003-6644-7278",,,"45e1d1c2-c920-43ec-ada0-5cd40737e9fb"
"fb0054b9-7055-4cb7-b655-7d7a3b004eed","cbf952d3-3811-4f8d-a135-ae9b4f2f57fc","BART_015.mammalGrid.mam","D01","BART","BART_015","I7","distributed","mixedForest",44.042898,-71.275059,"WGS84",45.2,422.8,0.3,"6 - trap set and empty","ShermanLF","2023-09-19","2023-09-19",,,,,,,,,,,,,,,,,,,,,,,,,,,,,,,,,,,,,,,,,,,,"0000-0002-5964-2409","0009-0009-1224-8349",,,"46292dfb-40f9-4f48-9845-7ededc6ad08d"
"4533ebda-4e08-46a0-91cf-1dbc7e23e582","cbf952d3-3811-4f8d-a135-ae9b4f2f57fc","BART_015.mammalGrid.mam","D01","BART","BART_015","G5","distributed","mixedForest",44.042898,-71.275059,"WGS84",45.2,422.8,0.3,"6 - trap set and empty","ShermanLF","2023-09-19","2023-09-19",,,,,,,,,,,,,,,,,,,,,,,,,,,,,,,,,,,,,,,,,,,,"0000-0002-5964-2409","0009-0009-1224-8349",,,"d11b8e5b-e867-4c19-a23c-aa736e99e71c"
"f8dfe051-30d1-4c9f-b5d4-4403ad4e1ea2","16db57c4-74e9-4acf-9884-567a63b4e1a5","BART_062.mammalGrid.mam","D01","BART","BART_062","F10","distributed","deciduousForest",44.057350,-71.308646,"WGS84",45.1,447.2,0.2,"6 - trap set and empty","ShermanLF","2023-09-19","2023-09-19",,,,,,,,,,,,,,,,,,,,,,,,,,,,,,,,,,,,,,,,,,,,"0009-0004-7358-8332","0009-0003-6644-7278",,,"fc24559d-670e-42c4-91ba-b61a14e06e31"
"c7880fca-69a7-4863-9f1f-54ec0b9e1648","a8544a3c-aaf4-4112-b145-84fb47af979d","BART_012.mammalGrid.mam","D01","BART","BART_012","D1","distributed","deciduousForest",44.047478,-71.315451,"WGS84",45.3,579.9,0.4,"3 - trap door open or closed w/ spoor left","ShermanLF","2023-09-19","2023-09-19",,,,,,,,,,,,,,,,,,,,,,,,,,,,,"did not check","dry ice",,,,,,,,,,,,,,"0000-0002-5964-2409","0009-0009-1224-8349",,,"9ca76e06-8326-4618-9dfd-9ca659ad06ef"
"9988bf17-640a-42ea-9d50-49596c80c1c7","a8544a3c-aaf4-4112-b145-84fb47af979d","BART_012.mammalGrid.mam","D01","BART","BART_012","C1","distributed","deciduousForest",44.047478,-71.315451,"WGS84",45.3,579.9,0.4,"6 - trap set and empty","ShermanLF","2023-09-19","2023-09-19",,,,,,,,,,,,,,,,,,,,,,,,,,,,,,,,,,,,,,,,,,,,"0000-0002-5964-2409","0009-0009-1224-8349",,,"0a6089f4-e3c1-4b04-93d6-ff0f247a8ebd"
"9eb2e2a7-a3c2-42e7-974e-53e856249d25","a8544a3c-aaf4-4112-b145-84fb47af979d","BART_012.mammalGrid.mam","D01","BART","BART_012","H1","distributed","deciduousForest",44.047478,-71.315451,"WGS84",45.3,579.9,0.4,"6 - trap set and empty","ShermanLF","2023-09-19","2023-09-19",,,,,,,,,,,,,,,,,,,,,,,,,,,,,,,,,,,,,,,,,,,,"0000-0002-5964-2409","0009-0009-1224-8349",,,"8133e5ef-ae13-4c03-9f7f-f7bb49df848b"
"63d3914c-7bc9-4dcc-acc5-381767d3d23d","16db57c4-74e9-4acf-9884-567a63b4e1a5","BART_062.mammalGrid.mam","D01","BART","BART_062","H2","distributed","deciduousForest",44.057350,-71.308646,"WGS84",45.1,447.2,0.2,"6 - trap set and empty","ShermanLF","2023-09-19","2023-09-19",,,,,,,,,,,,,,,,,,,,,,,,,,,,,,,,,,,,,,,,,,,,"0009-0004-7358-8332","0009-0003-6644-7278",,,"a18f20c9-3230-4171-8264-b07ee02e12e8"
"4c0bd466-9b03-418c-a95a-54ca7abe2a9a","16db57c4-74e9-4acf-9884-567a63b4e1a5","BART_062.mammalGrid.mam","D01","BART","BART_062","B8","distributed","deciduousForest",44.057350,-71.308646,"WGS84",45.1,447.2,0.2,"6 - trap set and empty","ShermanLF","2023-09-19","2023-09-19",,,,,,,,,,,,,,,,,,,,,,,,,,,,,,,,,,,,,,,,,,,,"0009-0004-7358-8332","0009-0003-6644-7278",,,"ab5851b6-25e9-4621-8253-8be83d6a9ff1"
"15ff8821-2791-4f6f-9d1f-b41cbc31de37","16db57c4-74e9-4acf-9884-567a63b4e1a5","BART_062.mammalGrid.mam","D01","BART","BART_062","A4","distributed","deciduousForest",44.057350,-71.308646,"WGS84",45.1,447.2,0.2,"6 - trap set and empty","ShermanLF","2023-09-19","2023-09-19",,,,,,,,,,,,,,,,,,,,,,,,,,,,,,,,,,,,,,,,,,,,"0009-0004-7358-8332","0009-0003-6644-7278",,,"e4cdb812-1e95-4a88-8907-97e4964219fb"
"c2b97a53-35a1-4d17-aa94-ed6243e53770","16db57c4-74e9-4acf-9884-567a63b4e1a5","BART_062.mammalGrid.mam","D01","BART","BART_062","B2","distributed","deciduousForest",44.057350,-71.308646,"WGS84",45.1,447.2,0.2,"6 - trap set and empty","ShermanLF","2023-09-19","2023-09-19",,,,,,,,,,,,,,,,,,,,,,,,,,,,,,,,,,,,,,,,,,,,"0009-0004-7358-8332","0009-0003-6644-7278",,,"0f212faf-5936-4d91-913d-b0df1e46ff44"
"d459bc7d-0393-406d-993d-7d92ad5c9959","a8544a3c-aaf4-4112-b145-84fb47af979d","BART_012.mammalGrid.mam","D01","BART","BART_012","A3","distributed","deciduousForest",44.047478,-71.315451,"WGS84",45.3,579.9,0.4,"6 - trap set and empty","ShermanLF","2023-09-19","2023-09-19",,,,,,,,,,,,,,,,,,,,,,,,,,,,,,,,,,,,,,,,,,,,"0000-0002-5964-2409","0009-0009-1224-8349",,,"ba1881b4-3128-46a0-b43e-43727d5beeee"
"f106d336-1209-4d3d-adf8-558c340f3713","16db57c4-74e9-4acf-9884-567a63b4e1a5","BART_062.mammalGrid.mam","D01","BART","BART_062","J9","distributed","deciduousForest",44.057350,-71.308646,"WGS84",45.1,447.2,0.2,"6 - trap set and empty","ShermanLF","2023-09-19","2023-09-19",,,,,,,,,,,,,,,,,,,,,,,,,,,,,,,,,,,,,,,,,,,,"0009-0004-7358-8332","0009-0003-6644-7278",,,"506b6244-d613-4aa2-9249-51757b7f76fc"
"b51724a4-041a-433c-a606-6984c9fbe5b0","16db57c4-74e9-4acf-9884-567a63b4e1a5","BART_062.mammalGrid.mam","D01","BART","BART_062","G3","distributed","deciduousForest",44.057350,-71.308646,"WGS84",45.1,447.2,0.2,"6 - trap set and empty","ShermanLF","2023-09-19","2023-09-19",,,,,,,,,,,,,,,,,,,,,,,,,,,,,,,,,,,,,,,,,,,,"0009-0004-7358-8332","0009-0003-6644-7278",,,"690d450e-954d-4383-a080-0599ff3596ba"
"1cb5d170-fea2-4d2f-88f3-08b67b7abd62","cbf952d3-3811-4f8d-a135-ae9b4f2f57fc","BART_015.mammalGrid.mam","D01","BART","BART_015","D1","distributed","mixedForest",44.042898,-71.275059,"WGS84",45.2,422.8,0.3,"6 - trap set and empty","ShermanLF","2023-09-19","2023-09-19",,,,,,,,,,,,,,,,,,,,,,,,,,,,,,,,,,,,,,,,,,,,"0000-0002-5964-2409","0009-0009-1224-8349",,,"21703b5c-23bc-4b6b-988a-a3bb96032ebb"
"8155b8c5-8f21-48b5-bc6a-1e371098b155","16db57c4-74e9-4acf-9884-567a63b4e1a5","BART_062.mammalGrid.mam","D01","BART","BART_062","H3","distributed","deciduousForest",44.057350,-71.308646,"WGS84",45.1,447.2,0.2,"6 - trap set and empty","ShermanLF","2023-09-19","2023-09-19",,,,,,,,,,,,,,,,,,,,,,,,,,,,,,,,,,,,,,,,,,,,"0009-0004-7358-8332","0009-0003-6644-7278",,,"927205e8-10af-453a-9e2d-8761fa6ada3d"
"f3737f8b-7dcb-4254-ac6d-7eddeadb4732","a8544a3c-aaf4-4112-b145-84fb47af979d","BART_012.mammalGrid.mam","D01","BART","BART_012","H6","distributed","deciduousForest",44.047478,-71.315451,"WGS84",45.3,579.9,0.4,"6 - trap set and empty","ShermanLF","2023-09-19","2023-09-19",,,,,,,,,,,,,,,,,,,,,,,,,,,,,,,,,,,,,,,,,,,,"0000-0002-5964-2409","0009-0009-1224-8349",,,"0de1b88a-35cc-4e6c-9e4f-ff5756c143d7"
"d3e29088-735d-4325-92df-e947584acd5f","a8544a3c-aaf4-4112-b145-84fb47af979d","BART_012.mammalGrid.mam","D01","BART","BART_012","J10","distributed","deciduousForest",44.047478,-71.315451,"WGS84",45.3,579.9,0.4,"3 - trap door open or closed w/ spoor left","ShermanLF","2023-09-19","2023-09-19",,,,,,,,,,,,,,,,,,,,,,,,,,,,,"did not check","dry ice",,,,,,,,,,,,,,"0000-0002-5964-2409","0009-0009-1224-8349",,,"f34a969a-a0a6-4d1d-a60c-eccd65f49d06"
"5fef4e16-99ec-4801-bb18-c1cf608e1ba0","16db57c4-74e9-4acf-9884-567a63b4e1a5","BART_062.mammalGrid.mam","D01","BART","BART_062","C1","distributed","deciduousForest",44.057350,-71.308646,"WGS84",45.1,447.2,0.2,"6 - trap set and empty","ShermanLF","2023-09-19","2023-09-19",,,,,,,,,,,,,,,,,,,,,,,,,,,,,,,,,,,,,,,,,,,,"0009-0004-7358-8332","0009-0003-6644-7278",,,"a05b4c51-b7ee-4b40-a7c6-8799de08d045"
"9d8ade92-9a17-4cc1-9b29-6420af605f36","a8544a3c-aaf4-4112-b145-84fb47af979d","BART_012.mammalGrid.mam","D01","BART","BART_012","F8","distributed","deciduousForest",44.047478,-71.315451,"WGS84",45.3,579.9,0.4,"6 - trap set and empty","ShermanLF","2023-09-19","2023-09-19",,,,,,,,,,,,,,,,,,,,,,,,,,,,,,,,,,,,,,,,,,,,"0000-0002-5964-2409","0009-0009-1224-8349",,,"6bf9feaf-3cf5-461f-afc7-df327a0f3280"
"3f0d4a8e-b404-4bff-bd24-d40f479c8f7f","16db57c4-74e9-4acf-9884-567a63b4e1a5","BART_062.mammalGrid.mam","D01","BART","BART_062","B6","distributed","deciduousForest",44.057350,-71.308646,"WGS84",45.1,447.2,0.2,"6 - trap set and empty","ShermanLF","2023-09-19","2023-09-19",,,,,,,,,,,,,,,,,,,,,,,,,,,,,,,,,,,,,,,,,,,,"0009-0004-7358-8332","0009-0003-6644-7278",,,"4e621d08-2b8b-4513-bf53-9249cb8a1abd"
"ceb29575-ad9f-4fd9-bcaf-2e785fa9336e","16db57c4-74e9-4acf-9884-567a63b4e1a5","BART_062.mammalGrid.mam","D01","BART","BART_062","H1","distributed","deciduousForest",44.057350,-71.308646,"WGS84",45.1,447.2,0.2,"6 - trap set and empty","ShermanLF","2023-09-19","2023-09-19",,,,,,,,,,,,,,,,,,,,,,,,,,,,,,,,,,,,,,,,,,,,"0009-0004-7358-8332","0009-0003-6644-7278",,,"cc9f3987-b99c-4a54-a370-1369c17464d2"
"34f095e9-d5d3-4d66-bf76-b52d633e5b71","16db57c4-74e9-4acf-9884-567a63b4e1a5","BART_062.mammalGrid.mam","D01","BART","BART_062","A7","distributed","deciduousForest",44.057350,-71.308646,"WGS84",45.1,447.2,0.2,"6 - trap set and empty","ShermanLF","2023-09-19","2023-09-19",,,,,,,,,,,,,,,,,,,,,,,,,,,,,,,,,,,,,,,,,,,,"0009-0004-7358-8332","0009-0003-6644-7278",,,"a48af2ac-3b8f-47d1-a2c1-4e27e652e2e5"
"87d89c5b-2d41-44ce-87d7-80a216b72200","a8544a3c-aaf4-4112-b145-84fb47af979d","BART_012.mammalGrid.mam","D01","BART","BART_012","I8","distributed","deciduousForest",44.047478,-71.315451,"WGS84",45.3,579.9,0.4,"6 - trap set and empty","ShermanLF","2023-09-19","2023-09-19",,,,,,,,,,,,,,,,,,,,,,,,,,,,,,,,,,,,,,,,,,,,"0000-0002-5964-2409","0009-0009-1224-8349",,,"d4032cc5-15de-407d-af15-fb4fe7cb826f"
"7be48502-3552-4668-a4dd-5d05fd47bc3b","cbf952d3-3811-4f8d-a135-ae9b4f2f57fc","BART_015.mammalGrid.mam","D01","BART","BART_015","E4","distributed","mixedForest",44.042898,-71.275059,"WGS84",45.2,422.8,0.3,"6 - trap set and empty","ShermanLF","2023-09-19","2023-09-19",,,,,,,,,,,,,,,,,,,,,,,,,,,,,,,,,,,,,,,,,,,,"0000-0002-5964-2409","0009-0009-1224-8349",,,"f1b8fc3e-39d5-44d5-9c7a-c343b16f7723"
"1a141ee3-9c6f-4cea-becc-53ff2ddc9db0","a8544a3c-aaf4-4112-b145-84fb47af979d","BART_012.mammalGrid.mam","D01","BART","BART_012","A7","distributed","deciduousForest",44.047478,-71.315451,"WGS84",45.3,579.9,0.4,"6 - trap set and empty","ShermanLF","2023-09-19","2023-09-19",,,,,,,,,,,,,,,,,,,,,,,,,,,,,,,,,,,,,,,,,,,,"0000-0002-5964-2409","0009-0009-1224-8349",,,"d82935e5-eb6d-4901-86e8-cf20cb6db657"
"0522c328-127c-4f56-9445-f945dc1582b6","cbf952d3-3811-4f8d-a135-ae9b4f2f57fc","BART_015.mammalGrid.mam","D01","BART","BART_015","A4","distributed","mixedForest",44.042898,-71.275059,"WGS84",45.2,422.8,0.3,"6 - trap set and empty","ShermanLF","2023-09-19","2023-09-19",,,,,,,,,,,,,,,,,,,,,,,,,,,,,,,,,,,,,,,,,,,,"0000-0002-5964-2409","0009-0009-1224-8349",,,"87e1edbe-b6dd-47ab-b059-968ae5b0ffb2"
"746723b7-5d76-4222-909e-f5a9ad7dfcca","a8544a3c-aaf4-4112-b145-84fb47af979d","BART_012.mammalGrid.mam","D01","BART","BART_012","I6","distributed","deciduousForest",44.047478,-71.315451,"WGS84",45.3,579.9,0.4,"2 - trap disturbed/door closed but empty","ShermanLF","2023-09-19","2023-09-19",,,,,,,,,,,,,,,,,,,,,,,,,,,,,"did not check","dry ice",,,,,,,,,,,,,,"0000-0002-5964-2409","0009-0009-1224-8349",,,"1642df08-754a-40b2-bb2d-aeccd2afd7cb"
"b308c439-3adb-45b7-b3e4-e005839f61ba","a8544a3c-aaf4-4112-b145-84fb47af979d","BART_012.mammalGrid.mam","D01","BART","BART_012","H8","distributed","deciduousForest",44.047478,-71.315451,"WGS84",45.3,579.9,0.4,"6 - trap set and empty","ShermanLF","2023-09-19","2023-09-19",,,,,,,,,,,,,,,,,,,,,,,,,,,,,,,,,,,,,,,,,,,,"0000-0002-5964-2409","0009-0009-1224-8349",,,"543ac2e9-e39b-4458-a51f-0ece2868541b"
"01e431bb-d067-424b-8085-0cd517391787","a8544a3c-aaf4-4112-b145-84fb47af979d","BART_012.mammalGrid.mam","D01","BART","BART_012","D5","distributed","deciduousForest",44.047478,-71.315451,"WGS84",45.3,579.9,0.4,"6 - trap set and empty","ShermanLF","2023-09-19","2023-09-19",,,,,,,,,,,,,,,,,,,,,,,,,,,,,,,,,,,,,,,,,,,,"0000-0002-5964-2409","0009-0009-1224-8349",,,"b3d05d72-aa50-4e16-b685-ef7d496878e7"
"1b46c990-8ec0-4501-8e27-f3218d49b260","cbf952d3-3811-4f8d-a135-ae9b4f2f57fc","BART_015.mammalGrid.mam","D01","BART","BART_015","D6","distributed","mixedForest",44.042898,-71.275059,"WGS84",45.2,422.8,0.3,"6 - trap set and empty","ShermanLF","2023-09-19","2023-09-19",,,,,,,,,,,,,,,,,,,,,,,,,,,,,,,,,,,,,,,,,,,,"0000-0002-5964-2409","0009-0009-1224-8349",,,"fb522637-93e1-467c-9631-a2066c6ef4a1"
"b8f0f36e-7aa3-417b-bbc8-d89b25a73c35","cbf952d3-3811-4f8d-a135-ae9b4f2f57fc","BART_015.mammalGrid.mam","D01","BART","BART_015","G6","distributed","mixedForest",44.042898,-71.275059,"WGS84",45.2,422.8,0.3,"6 - trap set and empty","ShermanLF","2023-09-19","2023-09-19",,,,,,,,,,,,,,,,,,,,,,,,,,,,,,,,,,,,,,,,,,,,"0000-0002-5964-2409","0009-0009-1224-8349",,,"b7371551-e896-404c-8e5f-bd77ce01ecc3"
"4e8775fd-c95b-4fd3-9e51-971eb247ebdf","a8544a3c-aaf4-4112-b145-84fb47af979d","BART_012.mammalGrid.mam","D01","BART","BART_012","C10","distributed","deciduousForest",44.047478,-71.315451,"WGS84",45.3,579.9,0.4,"6 - trap set and empty","ShermanLF","2023-09-19","2023-09-19",,,,,,,,,,,,,,,,,,,,,,,,,,,,,,,,,,,,,,,,,,,,"0000-0002-5964-2409","0009-0009-1224-8349",,,"15943b9c-5e8b-4f30-90f9-5e28d5ac0eef"
"ea2241f5-5554-41ef-8861-36e88e8aa14f","cbf952d3-3811-4f8d-a135-ae9b4f2f57fc","BART_015.mammalGrid.mam","D01","BART","BART_015","C2","distributed","mixedForest",44.042898,-71.275059,"WGS84",45.2,422.8,0.3,"6 - trap set and empty","ShermanLF","2023-09-19","2023-09-19",,,,,,,,,,,,,,,,,,,,,,,,,,,,,,,,,,,,,,,,,,,,"0000-0002-5964-2409","0009-0009-1224-8349",,,"5a3ceb65-7b9a-4fe2-9c9c-befd738d603c"
"691257ba-cf6c-4c26-90e0-5f1dc555d0f7","a8544a3c-aaf4-4112-b145-84fb47af979d","BART_012.mammalGrid.mam","D01","BART","BART_012","G2","distributed","deciduousForest",44.047478,-71.315451,"WGS84",45.3,579.9,0.4,"5 - capture","ShermanLF","2023-09-19","2023-09-19","NEON.MAM.D01.R7177",,"PELEPEMA","Peromyscus leucopus/maniculatus","speciesGroup",,"NEON.DOC.001907",,,"N","F","Y","processed",,"adult",,"enlarged","unknown","swollen",21,19,92,,24,"N","N","N",,"none","dry ice","BART.20230919.R7177.B","D00000037477","mandibular",,,,,,,,,,,"0000-0002-5964-2409","0009-0009-1224-8349",,,"ea149d3b-a149-4501-89d3-ab625eb41597"
"8baa63e1-297d-45d1-a082-847e4ad53443","98556381-26f1-4390-b3c3-3f2597505e5c","BART_012.mammalGrid.mam","D01","BART","BART_012","C10","distributed","deciduousForest",44.047478,-71.315451,"WGS84",45.3,579.9,0.4,"6 - trap set and empty","ShermanLF","2023-09-20","2023-09-20",,,,,,,,,,,,,,,,,,,,,,,,,,,,,,,,,,,,,,,,,,,,"0009-0004-7358-8332","0000-0002-5964-2409",,,"5dc4e986-5483-421f-b7a0-0675022506df"
"30a8c07a-074a-4675-840f-68c9a1a59c05","98556381-26f1-4390-b3c3-3f2597505e5c","BART_012.mammalGrid.mam","D01","BART","BART_012","B8","distributed","deciduousForest",44.047478,-71.315451,"WGS84",45.3,579.9,0.4,"6 - trap set and empty","ShermanLF","2023-09-20","2023-09-20",,,,,,,,,,,,,,,,,,,,,,,,,,,,,,,,,,,,,,,,,,,,"0009-0004-7358-8332","0000-0002-5964-2409",,,"87f50fe3-f5d9-4c6d-9942-f5f8731e9af4"
"f2e9f8b7-accb-464f-8261-9d177fd26628","98556381-26f1-4390-b3c3-3f2597505e5c","BART_012.mammalGrid.mam","D01","BART","BART_012","E3","distributed","deciduousForest",44.047478,-71.315451,"WGS84",45.3,579.9,0.4,"6 - trap set and empty","ShermanLF","2023-09-20","2023-09-20",,,,,,,,,,,,,,,,,,,,,,,,,,,,,,,,,,,,,,,,,,,,"0009-0004-7358-8332","0000-0002-5964-2409",,,"ae2e80a9-daf4-40c2-9a0b-a0fb7d5571be"
"e74b1d1e-3f7e-44b4-89e4-2e0f96c39514","98556381-26f1-4390-b3c3-3f2597505e5c","BART_012.mammalGrid.mam","D01","BART","BART_012","H9","distributed","deciduousForest",44.047478,-71.315451,"WGS84",45.3,579.9,0.4,"6 - trap set and empty","ShermanLF","2023-09-20","2023-09-20",,,,,,,,,,,,,,,,,,,,,,,,,,,,,,,,,,,,,,,,,,,,"0009-0004-7358-8332","0000-0002-5964-2409",,,"9966562a-1aaf-4ac1-abdd-311c634ea3b7"
"7c247aaa-62f9-486e-a331-a5b228050532","98556381-26f1-4390-b3c3-3f2597505e5c","BART_012.mammalGrid.mam","D01","BART","BART_012","C5","distributed","deciduousForest",44.047478,-71.315451,"WGS84",45.3,579.9,0.4,"3 - trap door open or closed w/ spoor left","ShermanLF","2023-09-20","2023-09-20",,,,,,,,,,,,,,,,,,,,,,,,,,,,,"did not check","dry ice",,,,,,,,,,,,,,"0009-0004-7358-8332","0000-0002-5964-2409",,,"f3b4ec57-7fc8-440b-86e2-afd2c1899d24"
"ac3054e0-bbec-4075-ad6a-95c142e90e35","98556381-26f1-4390-b3c3-3f2597505e5c","BART_012.mammalGrid.mam","D01","BART","BART_012","G2","distributed","deciduousForest",44.047478,-71.315451,"WGS84",45.3,579.9,0.4,"6 - trap set and empty","ShermanLF","2023-09-20","2023-09-20",,,,,,,,,,,,,,,,,,,,,,,,,,,,,,,,,,,,,,,,,,,,"0009-0004-7358-8332","0000-0002-5964-2409",,,"5ecadf21-e2e4-47a5-8b31-cde2ee62d2d1"
"82abbdeb-0a3b-4d50-ab44-ecd4ba356713","d8a35f9a-a0c7-49a5-8497-c2f475ef724f","BART_015.mammalGrid.mam","D01","BART","BART_015","H10","distributed","mixedForest",44.042898,-71.275059,"WGS84",45.2,422.8,0.3,"5 - capture","ShermanLF","2023-09-20","2023-09-20","NEON.MAM.D01.R6320",,"PELEPEMA","Peromyscus leucopus/maniculatus","speciesGroup",,"NEON.DOC.001907",,,"N","F","Y","processed",,"adult",,"enlarged","unknown","neither",21,19,94,,21,"N","N","N",,"botflies","dry ice",,,,,,,,,,,,,,"0000-0002-5964-2409","0009-0004-7358-8332",,,"02b17ee6-f4dd-4827-bb47-2da66c1b1c30"
"6c8e2f0f-93c5-425c-8cb8-037962d19379","415f11cc-a5b1-4dcb-8bd9-a87574b768b2","BART_062.mammalGrid.mam","D01","BART","BART_062","F2","distributed","deciduousForest",44.057350,-71.308646,"WGS84",45.1,447.2,0.2,"6 - trap set and empty","ShermanLF","2023-09-20","2023-09-20",,,,,,,,,,,,,,,,,,,,,,,,,,,,,,,,,,,,,,,,,,,,"0009-0003-6644-7278","0009-0000-8146-6897",,,"e617b1dd-f097-4ff3-9598-af433459aa6d"
"c47ac2f1-54a6-46f5-80ea-1cc092e3dce7","d8a35f9a-a0c7-49a5-8497-c2f475ef724f","BART_015.mammalGrid.mam","D01","BART","BART_015","D5","distributed","mixedForest",44.042898,-71.275059,"WGS84",45.2,422.8,0.3,"6 - trap set and empty","ShermanLF","2023-09-20","2023-09-20",,,,,,,,,,,,,,,,,,,,,,,,,,,,,,,,,,,,,,,,,,,,"0000-0002-5964-2409","0009-0004-7358-8332",,,"53b9692b-df2c-4bd4-8a77-0fad3c814f8e"
"36134569-ad3d-41e9-886e-e576a723a0f5","d8a35f9a-a0c7-49a5-8497-c2f475ef724f","BART_015.mammalGrid.mam","D01","BART","BART_015","E10","distributed","mixedForest",44.042898,-71.275059,"WGS84",45.2,422.8,0.3,"6 - trap set and empty","ShermanLF","2023-09-20","2023-09-20",,,,,,,,,,,,,,,,,,,,,,,,,,,,,,,,,,,,,,,,,,,,"0000-0002-5964-2409","0009-0004-7358-8332",,,"313ee8ae-b86c-4a78-8979-c6e65934d7b9"
"8db75acb-1eed-4b96-9895-662e1700125f","98556381-26f1-4390-b3c3-3f2597505e5c","BART_012.mammalGrid.mam","D01","BART","BART_012","A6","distributed","deciduousForest",44.047478,-71.315451,"WGS84",45.3,579.9,0.4,"6 - trap set and empty","ShermanLF","2023-09-20","2023-09-20",,,,,,,,,,,,,,,,,,,,,,,,,,,,,,,,,,,,,,,,,,,,"0009-0004-7358-8332","0000-0002-5964-2409",,,"dec44f62-a90f-4ae2-bbb2-2b6a35b1242b"
"ddc59a90-13a9-4c07-b6b3-6da1032f3ce4","415f11cc-a5b1-4dcb-8bd9-a87574b768b2","BART_062.mammalGrid.mam","D01","BART","BART_062","I2","distributed","deciduousForest",44.057350,-71.308646,"WGS84",45.1,447.2,0.2,"6 - trap set and empty","ShermanLF","2023-09-20","2023-09-20",,,,,,,,,,,,,,,,,,,,,,,,,,,,,,,,,,,,,,,,,,,,"0009-0003-6644-7278","0009-0000-8146-6897",,,"4d3f7920-beb4-4600-8a1e-63267bfb0db9"
"1b1c28e5-6112-4a0a-ad3c-635bbc5642d6","98556381-26f1-4390-b3c3-3f2597505e5c","BART_012.mammalGrid.mam","D01","BART","BART_012","D2","distributed","deciduousForest",44.047478,-71.315451,"WGS84",45.3,579.9,0.4,"6 - trap set and empty","ShermanLF","2023-09-20","2023-09-20",,,,,,,,,,,,,,,,,,,,,,,,,,,,,,,,,,,,,,,,,,,,"0009-0004-7358-8332","0000-0002-5964-2409",,,"4b4e5bd5-c73e-4985-b234-3db5003a7192"
"05528d8c-b88e-4568-98ba-230ee83cf2cf","415f11cc-a5b1-4dcb-8bd9-a87574b768b2","BART_062.mammalGrid.mam","D01","BART","BART_062","A7","distributed","deciduousForest",44.057350,-71.308646,"WGS84",45.1,447.2,0.2,"6 - trap set and empty","ShermanLF","2023-09-20","2023-09-20",,,,,,,,,,,,,,,,,,,,,,,,,,,,,,,,,,,,,,,,,,,,"0009-0003-6644-7278","0009-0000-8146-6897",,,"93a44263-7eef-4c7c-8824-956cfabef792"
"c9474468-2177-48ba-a611-370680dedaa4","98556381-26f1-4390-b3c3-3f2597505e5c","BART_012.mammalGrid.mam","D01","BART","BART_012","B1","distributed","deciduousForest",44.047478,-71.315451,"WGS84",45.3,579.9,0.4,"6 - trap set and empty","ShermanLF","2023-09-20","2023-09-20",,,,,,,,,,,,,,,,,,,,,,,,,,,,,,,,,,,,,,,,,,,,"0009-0004-7358-8332","0000-0002-5964-2409",,,"3fe1f1bb-fb69-42a6-9133-449f653ea676"
"18d07acf-2749-4361-8f18-eca57a4caed7","415f11cc-a5b1-4dcb-8bd9-a87574b768b2","BART_062.mammalGrid.mam","D01","BART","BART_062","C1","distributed","deciduousForest",44.057350,-71.308646,"WGS84",45.1,447.2,0.2,"6 - trap set and empty","ShermanLF","2023-09-20","2023-09-20",,,,,,,,,,,,,,,,,,,,,,,,,,,,,,,,,,,,,,,,,,,,"0009-0003-6644-7278","0009-0000-8146-6897",,,"0d13c113-0428-4787-88ab-3c39ad33844b"
"4f6f5b5b-0ae2-469d-bd54-34c881721fc3","d8a35f9a-a0c7-49a5-8497-c2f475ef724f","BART_015.mammalGrid.mam","D01","BART","BART_015","I3","distributed","mixedForest",44.042898,-71.275059,"WGS84",45.2,422.8,0.3,"6 - trap set and empty","ShermanLF","2023-09-20","2023-09-20",,,,,,,,,,,,,,,,,,,,,,,,,,,,,,,,,,,,,,,,,,,,"0000-0002-5964-2409","0009-0004-7358-8332",,,"f11ccaf3-f239-4111-9588-4687485a1d2a"
"7ae66cff-73af-40ef-85f8-2f3a72ccc011","98556381-26f1-4390-b3c3-3f2597505e5c","BART_012.mammalGrid.mam","D01","BART","BART_012","B7","distributed","deciduousForest",44.047478,-71.315451,"WGS84",45.3,579.9,0.4,"3 - trap door open or closed w/ spoor left","ShermanLF","2023-09-20","2023-09-20",,,,,,,,,,,,,,,,,,,,,,,,,,,,,"did not check","dry ice",,,,,,,,,,,,,,"0009-0004-7358-8332","0000-0002-5964-2409",,,"fb133d18-a7b4-4bc5-aa79-8b3d6f3328ab"
"063107e0-a53e-41d9-aa82-77401607c498","415f11cc-a5b1-4dcb-8bd9-a87574b768b2","BART_062.mammalGrid.mam","D01","BART","BART_062","B2","distributed","deciduousForest",44.057350,-71.308646,"WGS84",45.1,447.2,0.2,"6 - trap set and empty","ShermanLF","2023-09-20","2023-09-20",,,,,,,,,,,,,,,,,,,,,,,,,,,,,,,,,,,,,,,,,,,,"0009-0003-6644-7278","0009-0000-8146-6897",,,"66e4d3b3-8d61-4858-8616-37118385e0b9"
"f0b3558b-a65e-4d56-9e16-df0fcecbcde1","d8a35f9a-a0c7-49a5-8497-c2f475ef724f","BART_015.mammalGrid.mam","D01","BART","BART_015","C10","distributed","mixedForest",44.042898,-71.275059,"WGS84",45.2,422.8,0.3,"5 - capture","ShermanLF","2023-09-20","2023-09-20","NEON.MAM.D01.R6311",,"PELEPEMA","Peromyscus leucopus/maniculatus","speciesGroup",,"NEON.DOC.001907",,,"N","M","N","processed",,"subadult","nonscrotal",,,,21,16,71,,11,"N","N","N",,"none","dry ice","BART.20230920.R6311.B","D00000037412","mandibular",,,,,,,,,,,"0000-0002-5964-2409","0009-0004-7358-8332",,,"e65e213c-7664-4450-80e9-5bd12b26b58a"
"4e23e8ff-2312-45c4-b054-40dd98cc42ed","98556381-26f1-4390-b3c3-3f2597505e5c","BART_012.mammalGrid.mam","D01","BART","BART_012","F4","distributed","deciduousForest",44.047478,-71.315451,"WGS84",45.3,579.9,0.4,"6 - trap set and empty","ShermanLF","2023-09-20","2023-09-20",,,,,,,,,,,,,,,,,,,,,,,,,,,,,,,,,,,,,,,,,,,,"0009-0004-7358-8332","0000-0002-5964-2409",,,"2eb37e48-b02e-4e74-8b24-4c0ddb6f526a"
"56cd4e21-4451-49c1-afec-4f7770a23b0c","98556381-26f1-4390-b3c3-3f2597505e5c","BART_012.mammalGrid.mam","D01","BART","BART_012","J7","distributed","deciduousForest",44.047478,-71.315451,"WGS84",45.3,579.9,0.4,"3 - trap door open or closed w/ spoor left","ShermanLF","2023-09-20","2023-09-20",,,,,,,,,,,,,,,,,,,,,,,,,,,,,"did not check","dry ice",,,,,,,,,,,,,,"0009-0004-7358-8332","0000-0002-5964-2409",,,"54bccdf3-4e54-453f-89e1-b44d3fbbba13"
"fba9d14d-2c96-423a-9796-266428db004d","98556381-26f1-4390-b3c3-3f2597505e5c","BART_012.mammalGrid.mam","D01","BART","BART_012","A5","distributed","deciduousForest",44.047478,-71.315451,"WGS84",45.3,579.9,0.4,"6 - trap set and empty","ShermanLF","2023-09-20","2023-09-20",,,,,,,,,,,,,,,,,,,,,,,,,,,,,,,,,,,,,,,,,,,,"0009-0004-7358-8332","0000-0002-5964-2409",,,"b9b93d3a-e4d3-43c2-9a5b-5f35e147d058"
"1918c7cd-7858-421e-a1bd-25a42d92c0a9","d8a35f9a-a0c7-49a5-8497-c2f475ef724f","BART_015.mammalGrid.mam","D01","BART","BART_015","E5","distributed","mixedForest",44.042898,-71.275059,"WGS84",45.2,422.8,0.3,"6 - trap set and empty","ShermanLF","2023-09-20","2023-09-20",,,,,,,,,,,,,,,,,,,,,,,,,,,,,,,,,,,,,,,,,,,,"0000-0002-5964-2409","0009-0004-7358-8332",,,"906554a5-acbe-4b55-86fe-3baf5881d0b3"
"597fd07b-ae8f-4077-b88d-0f7767f7c04c","98556381-26f1-4390-b3c3-3f2597505e5c","BART_012.mammalGrid.mam","D01","BART","BART_012","A1","distributed","deciduousForest",44.047478,-71.315451,"WGS84",45.3,579.9,0.4,"6 - trap set and empty","ShermanLF","2023-09-20","2023-09-20",,,,,,,,,,,,,,,,,,,,,,,,,,,,,,,,,,,,,,,,,,,,"0009-0004-7358-8332","0000-0002-5964-2409",,,"2b5b0f11-619f-4812-9275-17ccc9223d22"
"a5b81529-5325-4b56-a02e-b4227eaf3b19","d8a35f9a-a0c7-49a5-8497-c2f475ef724f","BART_015.mammalGrid.mam","D01","BART","BART_015","G5","distributed","mixedForest",44.042898,-71.275059,"WGS84",45.2,422.8,0.3,"6 - trap set and empty","ShermanLF","2023-09-20","2023-09-20",,,,,,,,,,,,,,,,,,,,,,,,,,,,,,,,,,,,,,,,,,,,"0000-0002-5964-2409","0009-0004-7358-8332",,,"740befe1-054d-4a3e-92e4-7fb5efec06fb"
"52e76789-6a85-4b57-90c5-ef62f5367a0a","d8a35f9a-a0c7-49a5-8497-c2f475ef724f","BART_015.mammalGrid.mam","D01","BART","BART_015","E8","distributed","mixedForest",44.042898,-71.275059,"WGS84",45.2,422.8,0.3,"6 - trap set and empty","ShermanLF","2023-09-20","2023-09-20",,,,,,,,,,,,,,,,,,,,,,,,,,,,,,,,,,,,,,,,,,,,"0000-0002-5964-2409","0009-0004-7358-8332",,,"7cf5cc7d-b515-41c9-8c42-462410173884"
"342c8a1e-38fb-4439-976d-f52e3b81c37c","98556381-26f1-4390-b3c3-3f2597505e5c","BART_012.mammalGrid.mam","D01","BART","BART_012","E4","distributed","deciduousForest",44.047478,-71.315451,"WGS84",45.3,579.9,0.4,"6 - trap set and empty","ShermanLF","2023-09-20","2023-09-20",,,,,,,,,,,,,,,,,,,,,,,,,,,,,,,,,,,,,,,,,,,,"0009-0004-7358-8332","0000-0002-5964-2409",,,"36b57487-4865-4041-a185-ae1b12d7944f"
"b1b3c89f-1cd1-4c71-96df-9d485cd3fb11","415f11cc-a5b1-4dcb-8bd9-a87574b768b2","BART_062.mammalGrid.mam","D01","BART","BART_062","E10","distributed","deciduousForest",44.057350,-71.308646,"WGS84",45.1,447.2,0.2,"6 - trap set and empty","ShermanLF","2023-09-20","2023-09-20",,,,,,,,,,,,,,,,,,,,,,,,,,,,,,,,,,,,,,,,,,,,"0009-0003-6644-7278","0009-0000-8146-6897",,,"e4f0bb0b-a754-49fe-9227-725e009ed3b6"
"ad96caae-46e4-4255-9df5-2a6fe8a3adc7","d8a35f9a-a0c7-49a5-8497-c2f475ef724f","BART_015.mammalGrid.mam","D01","BART","BART_015","E4","distributed","mixedForest",44.042898,-71.275059,"WGS84",45.2,422.8,0.3,"3 - trap door open or closed w/ spoor left","ShermanLF","2023-09-20","2023-09-20",,,,,,,,,,,,,,,,,,,,,,,,,,,,,"did not check","dry ice",,,,,,,,,,,,,,"0000-0002-5964-2409","0009-0004-7358-8332",,,"1e69fdd9-07ed-4153-9707-498821aaf716"
"fa5424e0-35cf-466a-a8b2-6c777ef25a40","98556381-26f1-4390-b3c3-3f2597505e5c","BART_012.mammalGrid.mam","D01","BART","BART_012","B4","distributed","deciduousForest",44.047478,-71.315451,"WGS84",45.3,579.9,0.4,"6 - trap set and empty","ShermanLF","2023-09-20","2023-09-20",,,,,,,,,,,,,,,,,,,,,,,,,,,,,,,,,,,,,,,,,,,,"0009-0004-7358-8332","0000-0002-5964-2409",,,"95229d6b-2093-43c5-a3a6-584ae35cfe0a"
"3a8be663-5642-4b14-9715-3d668d86f238","d8a35f9a-a0c7-49a5-8497-c2f475ef724f","BART_015.mammalGrid.mam","D01","BART","BART_015","J5","distributed","mixedForest",44.042898,-71.275059,"WGS84",45.2,422.8,0.3,"6 - trap set and empty","ShermanLF","2023-09-20","2023-09-20",,,,,,,,,,,,,,,,,,,,,,,,,,,,,,,,,,,,,,,,,,,,"0000-0002-5964-2409","0009-0004-7358-8332",,,"f70a512e-9daf-4ce7-a746-6114405611ed"
"52324bc5-0e10-4b8a-8203-684b3d3864b7","d8a35f9a-a0c7-49a5-8497-c2f475ef724f","BART_015.mammalGrid.mam","D01","BART","BART_015","C2","distributed","mixedForest",44.042898,-71.275059,"WGS84",45.2,422.8,0.3,"3 - trap door open or closed w/ spoor left","ShermanLF","2023-09-20","2023-09-20",,,,,,,,,,,,,,,,,,,,,,,,,,,,,"did not check","dry ice",,,,,,,,,,,,,,"0000-0002-5964-2409","0009-0004-7358-8332",,,"2e2773f0-0dbc-47da-b437-383d9a1f9e66"
"d90bbc7d-aea6-4ed1-898b-6f2913f4d59b","415f11cc-a5b1-4dcb-8bd9-a87574b768b2","BART_062.mammalGrid.mam","D01","BART","BART_062","I1","distributed","deciduousForest",44.057350,-71.308646,"WGS84",45.1,447.2,0.2,"6 - trap set and empty","ShermanLF","2023-09-20","2023-09-20",,,,,,,,,,,,,,,,,,,,,,,,,,,,,,,,,,,,,,,,,,,,"0009-0003-6644-7278","0009-0000-8146-6897",,,"4923ed04-9928-43a2-9b05-5452721e6098"
"f27e9f93-bb91-4870-8d0e-22f01a25761a","98556381-26f1-4390-b3c3-3f2597505e5c","BART_012.mammalGrid.mam","D01","BART","BART_012","J3","distributed","deciduousForest",44.047478,-71.315451,"WGS84",45.3,579.9,0.4,"6 - trap set and empty","ShermanLF","2023-09-20","2023-09-20",,,,,,,,,,,,,,,,,,,,,,,,,,,,,,,,,,,,,,,,,,,,"0009-0004-7358-8332","0000-0002-5964-2409",,,"66d90a99-cf4a-4dff-b43e-0f34efe23b4b"
"ea5b905f-3186-4a1f-8b6b-44ff9112cc4f","d8a35f9a-a0c7-49a5-8497-c2f475ef724f","BART_015.mammalGrid.mam","D01","BART","BART_015","I1","distributed","mixedForest",44.042898,-71.275059,"WGS84",45.2,422.8,0.3,"6 - trap set and empty","ShermanLF","2023-09-20","2023-09-20",,,,,,,,,,,,,,,,,,,,,,,,,,,,,,,,,,,,,,,,,,,,"0000-0002-5964-2409","0009-0004-7358-8332",,,"be2a0c19-bfda-4130-8d63-783356621675"
"15c0dd21-b20f-4386-bb6f-4eefa03796c6","415f11cc-a5b1-4dcb-8bd9-a87574b768b2","BART_062.mammalGrid.mam","D01","BART","BART_062","B6","distributed","deciduousForest",44.057350,-71.308646,"WGS84",45.1,447.2,0.2,"6 - trap set and empty","ShermanLF","2023-09-20","2023-09-20",,,,,,,,,,,,,,,,,,,,,,,,,,,,,,,,,,,,,,,,,,,,"0009-0003-6644-7278","0009-0000-8146-6897",,,"afb07fb5-240b-4fd0-9748-c61f0dcaca83"
"431a245c-c616-45cf-ba64-69206e6951de","d8a35f9a-a0c7-49a5-8497-c2f475ef724f","BART_015.mammalGrid.mam","D01","BART","BART_015","A4","distributed","mixedForest",44.042898,-71.275059,"WGS84",45.2,422.8,0.3,"6 - trap set and empty","ShermanLF","2023-09-20","2023-09-20",,,,,,,,,,,,,,,,,,,,,,,,,,,,,,,,,,,,,,,,,,,,"0000-0002-5964-2409","0009-0004-7358-8332",,,"b1361a33-d3e6-4c61-baea-91253cf32a96"
"16dab801-a222-4aa3-aaa0-9739a8ecc67e","415f11cc-a5b1-4dcb-8bd9-a87574b768b2","BART_062.mammalGrid.mam","D01","BART","BART_062","A4","distributed","deciduousForest",44.057350,-71.308646,"WGS84",45.1,447.2,0.2,"6 - trap set and empty","ShermanLF","2023-09-20","2023-09-20",,,,,,,,,,,,,,,,,,,,,,,,,,,,,,,,,,,,,,,,,,,,"0009-0003-6644-7278","0009-0000-8146-6897",,,"b2bdca85-bb34-47fa-8eed-f3f5073cfbf5"
"cb456995-d075-466d-b750-d7d53d52e8e6","415f11cc-a5b1-4dcb-8bd9-a87574b768b2","BART_062.mammalGrid.mam","D01","BART","BART_062","E6","distributed","deciduousForest",44.057350,-71.308646,"WGS84",45.1,447.2,0.2,"6 - trap set and empty","ShermanLF","2023-09-20","2023-09-20",,,,,,,,,,,,,,,,,,,,,,,,,,,,,,,,,,,,,,,,,,,,"0009-0003-6644-7278","0009-0000-8146-6897",,,"7a44b9cd-d59c-4c17-9a2b-8bb4fa8f2d34"
"71cf14b6-4634-4d23-aafb-ea03f800295f","d8a35f9a-a0c7-49a5-8497-c2f475ef724f","BART_015.mammalGrid.mam","D01","BART","BART_015","G2","distributed","mixedForest",44.042898,-71.275059,"WGS84",45.2,422.8,0.3,"6 - trap set and empty","ShermanLF","2023-09-20","2023-09-20",,,,,,,,,,,,,,,,,,,,,,,,,,,,,,,,,,,,,,,,,,,,"0000-0002-5964-2409","0009-0004-7358-8332",,,"80236005-a0d6-47ae-a7f0-e4f3896694fa"
"d725a4b3-b70b-4379-b799-44b6562f102e","d8a35f9a-a0c7-49a5-8497-c2f475ef724f","BART_015.mammalGrid.mam","D01","BART","BART_015","J8","distributed","mixedForest",44.042898,-71.275059,"WGS84",45.2,422.8,0.3,"6 - trap set and empty","ShermanLF","2023-09-20","2023-09-20",,,,,,,,,,,,,,,,,,,,,,,,,,,,,,,,,,,,,,,,,,,,"0000-0002-5964-2409","0009-0004-7358-8332",,,"80c80b99-bbbb-400a-88d0-e19989e54abd"
"dd1290c7-e30d-4141-b6bf-45ddd758a2c7","d8a35f9a-a0c7-49a5-8497-c2f475ef724f","BART_015.mammalGrid.mam","D01","BART","BART_015","E7","distributed","mixedForest",44.042898,-71.275059,"WGS84",45.2,422.8,0.3,"6 - trap set and empty","ShermanLF","2023-09-20","2023-09-20",,,,,,,,,,,,,,,,,,,,,,,,,,,,,,,,,,,,,,,,,,,,"0000-0002-5964-2409","0009-0004-7358-8332",,,"ba99110a-e944-4842-8adc-6ee9645043de"
"c25e6201-d094-439a-b6e0-8ffd8806c295","415f11cc-a5b1-4dcb-8bd9-a87574b768b2","BART_062.mammalGrid.mam","D01","BART","BART_062","H5","distributed","deciduousForest",44.057350,-71.308646,"WGS84",45.1,447.2,0.2,"6 - trap set and empty","ShermanLF","2023-09-20","2023-09-20",,,,,,,,,,,,,,,,,,,,,,,,,,,,,,,,,,,,,,,,,,,,"0009-0003-6644-7278","0009-0000-8146-6897",,,"6bbdad2a-7bd6-4ca9-9117-46fd21b6855a"
"88c3348b-6f88-4009-b9f4-6bdf97950fb1","d8a35f9a-a0c7-49a5-8497-c2f475ef724f","BART_015.mammalGrid.mam","D01","BART","BART_015","A7","distributed","mixedForest",44.042898,-71.275059,"WGS84",45.2,422.8,0.3,"3 - trap door open or closed w/ spoor left","ShermanLF","2023-09-20","2023-09-20",,,,,,,,,,,,,,,,,,,,,,,,,,,,,"did not check","dry ice",,,,,,,,,,,,,,"0000-0002-5964-2409","0009-0004-7358-8332",,,"9fc9cc8c-3afe-418d-84ac-8eca2faf53fa"
"6dd27740-349e-4ba1-ae7c-2d52c9cfab6d","415f11cc-a5b1-4dcb-8bd9-a87574b768b2","BART_062.mammalGrid.mam","D01","BART","BART_062","B8","distributed","deciduousForest",44.057350,-71.308646,"WGS84",45.1,447.2,0.2,"6 - trap set and empty","ShermanLF","2023-09-20","2023-09-20",,,,,,,,,,,,,,,,,,,,,,,,,,,,,,,,,,,,,,,,,,,,"0009-0003-6644-7278","0009-0000-8146-6897",,,"3f99017c-ced3-4390-916b-30e29ec18c34"
"518fbb7f-3266-4ec1-98d5-d2a66d1f5c96","d8a35f9a-a0c7-49a5-8497-c2f475ef724f","BART_015.mammalGrid.mam","D01","BART","BART_015","B6","distributed","mixedForest",44.042898,-71.275059,"WGS84",45.2,422.8,0.3,"1 - trap not set","ShermanLF","2023-09-20","2023-09-20",,,,,,,,,,,,,,,,,,,,,,,,,,,,,"did not check","dry ice",,,,,,,,,,,,,,"0000-0002-5964-2409","0009-0004-7358-8332",,,"03992992-0804-408d-abfc-486d58ee6e80"
"be2a7895-68e3-4563-8081-339e33e77068","98556381-26f1-4390-b3c3-3f2597505e5c","BART_012.mammalGrid.mam","D01","BART","BART_012","B2","distributed","deciduousForest",44.047478,-71.315451,"WGS84",45.3,579.9,0.4,"3 - trap door open or closed w/ spoor left","ShermanLF","2023-09-20","2023-09-20",,,,,,,,,,,,,,,,,,,,,,,,,,,,,"did not check","dry ice",,,,,,,,,,,,,,"0009-0004-7358-8332","0000-0002-5964-2409",,,"af065565-8d6c-4c22-a78e-bea350d84720"
"7f46dfd6-a38b-4eb2-a836-8c5cfa240ce9","d8a35f9a-a0c7-49a5-8497-c2f475ef724f","BART_015.mammalGrid.mam","D01","BART","BART_015","E2","distributed","mixedForest",44.042898,-71.275059,"WGS84",45.2,422.8,0.3,"6 - trap set and empty","ShermanLF","2023-09-20","2023-09-20",,,,,,,,,,,,,,,,,,,,,,,,,,,,,,,,,,,,,,,,,,,,"0000-0002-5964-2409","0009-0004-7358-8332",,,"5da68775-78c3-4b46-85e4-21ac005654b1"
"ec603784-0d98-47e8-8d82-44aa72549671","98556381-26f1-4390-b3c3-3f2597505e5c","BART_012.mammalGrid.mam","D01","BART","BART_012","G7","distributed","deciduousForest",44.047478,-71.315451,"WGS84",45.3,579.9,0.4,"5 - capture","ShermanLF","2023-09-20","2023-09-20","NEON.MAM.D01.L6319",,"PEMA","Peromyscus maniculatus","species","cf. species","NEON.DOC.001907",,,"N","F","Y","processed",,"adult",,"enlarged","pregnant","neither",21,15,92,,25,"N","N","N",,"botflies","dry ice",,,"unsuccessful",,,,,,,,,,,"0009-0004-7358-8332","0000-0002-5964-2409",,,"07272464-f0b3-4018-a011-501e5dae843c"
"4ca7660a-cbe9-4d2a-a2ad-023fb2bfaaac","d8a35f9a-a0c7-49a5-8497-c2f475ef724f","BART_015.mammalGrid.mam","D01","BART","BART_015","G1","distributed","mixedForest",44.042898,-71.275059,"WGS84",45.2,422.8,0.3,"6 - trap set and empty","ShermanLF","2023-09-20","2023-09-20",,,,,,,,,,,,,,,,,,,,,,,,,,,,,,,,,,,,,,,,,,,,"0000-0002-5964-2409","0009-0004-7358-8332",,,"d8079284-a0b6-44a1-a665-ad544131ad8c"
"8a6eb215-70aa-4f63-a555-70427cc5d219","d8a35f9a-a0c7-49a5-8497-c2f475ef724f","BART_015.mammalGrid.mam","D01","BART","BART_015","J1","distributed","mixedForest",44.042898,-71.275059,"WGS84",45.2,422.8,0.3,"6 - trap set and empty","ShermanLF","2023-09-20","2023-09-20",,,,,,,,,,,,,,,,,,,,,,,,,,,,,,,,,,,,,,,,,,,,"0000-0002-5964-2409","0009-0004-7358-8332",,,"b5e55d26-445b-4e52-9b58-839ce0409077"
"e723fe5c-a518-41b8-b529-74b52fe6546d","98556381-26f1-4390-b3c3-3f2597505e5c","BART_012.mammalGrid.mam","D01","BART","BART_012","B10","distributed","deciduousForest",44.047478,-71.315451,"WGS84",45.3,579.9,0.4,"3 - trap door open or closed w/ spoor left","ShermanLF","2023-09-20","2023-09-20",,,,,,,,,,,,,,,,,,,,,,,,,,,,,"did not check","dry ice",,,,,,,,,,,,,,"0009-0004-7358-8332","0000-0002-5964-2409",,,"ee3a05a2-66d3-4e2a-ba96-f59ee1d05086"
"45e4f666-2849-44f0-b065-a910ffb31d82","d8a35f9a-a0c7-49a5-8497-c2f475ef724f","BART_015.mammalGrid.mam","D01","BART","BART_015","B3","distributed","mixedForest",44.042898,-71.275059,"WGS84",45.2,422.8,0.3,"3 - trap door open or closed w/ spoor left","ShermanLF","2023-09-20","2023-09-20",,,,,,,,,,,,,,,,,,,,,,,,,,,,,"did not check","dry ice",,,,,,,,,,,,,,"0000-0002-5964-2409","0009-0004-7358-8332",,,"a754529d-ffbb-4921-9aea-cc04dfd85b3a"
"58002011-fd19-41db-a26b-62f5fc61cef1","98556381-26f1-4390-b3c3-3f2597505e5c","BART_012.mammalGrid.mam","D01","BART","BART_012","F7","distributed","deciduousForest",44.047478,-71.315451,"WGS84",45.3,579.9,0.4,"6 - trap set and empty","ShermanLF","2023-09-20","2023-09-20",,,,,,,,,,,,,,,,,,,,,,,,,,,,,,,,,,,,,,,,,,,,"0009-0004-7358-8332","0000-0002-5964-2409",,,"2c8eb0ef-8a37-49e2-b9c6-f105aaa83af0"
"f8fd6c95-7411-41af-8011-5c5b03c149bd","415f11cc-a5b1-4dcb-8bd9-a87574b768b2","BART_062.mammalGrid.mam","D01","BART","BART_062","J3","distributed","deciduousForest",44.057350,-71.308646,"WGS84",45.1,447.2,0.2,"5 - capture","ShermanLF","2023-09-20","2023-09-20","NEON.MAM.D01.R8439",,"PEMA","Peromyscus maniculatus","species","cf. species","NEON.DOC.001907",,,"N","F","Y","processed",,"adult",,"enlarged","unknown",,17,16,100,,26,"N","N","N",,"none","dry ice",,,,,,,,,,,,,,"0009-0003-6644-7278","0009-0000-8146-6897",,,"e598945d-62e8-4520-aad7-d3062d186009"
"eba5bd0c-5fb4-414e-8d46-b8c3ceccc77d","d8a35f9a-a0c7-49a5-8497-c2f475ef724f","BART_015.mammalGrid.mam","D01","BART","BART_015","B4","distributed","mixedForest",44.042898,-71.275059,"WGS84",45.2,422.8,0.3,"3 - trap door open or closed w/ spoor left","ShermanLF","2023-09-20","2023-09-20",,,,,,,,,,,,,,,,,,,,,,,,,,,,,"did not check","dry ice",,,,,,,,,,,,,,"0000-0002-5964-2409","0009-0004-7358-8332",,,"6234dd8f-c47b-427f-b9b9-f4e0e9592458"
"e31baac5-7ff2-4c5d-a7a0-c62f1940f690","98556381-26f1-4390-b3c3-3f2597505e5c","BART_012.mammalGrid.mam","D01","BART","BART_012","G8","distributed","deciduousForest",44.047478,-71.315451,"WGS84",45.3,579.9,0.4,"3 - trap door open or closed w/ spoor left","ShermanLF","2023-09-20","2023-09-20",,,,,,,,,,,,,,,,,,,,,,,,,,,,,"did not check","dry ice",,,,,,,,,,,,,,"0009-0004-7358-8332","0000-0002-5964-2409",,,"d431bb0e-ac12-429d-8152-0b7dfdda8ed5"
"c5465d05-0abf-4bc5-b255-e2d843eaf503","415f11cc-a5b1-4dcb-8bd9-a87574b768b2","BART_062.mammalGrid.mam","D01","BART","BART_062","J10","distributed","deciduousForest",44.057350,-71.308646,"WGS84",45.1,447.2,0.2,"6 - trap set and empty","ShermanLF","2023-09-20","2023-09-20",,,,,,,,,,,,,,,,,,,,,,,,,,,,,,,,,,,,,,,,,,,,"0009-0003-6644-7278","0009-0000-8146-6897",,,"4e1e154b-88d4-4e37-b444-87fe8775db90"
"db643700-7d02-4bdd-bc61-1ef1b91ec14d","d8a35f9a-a0c7-49a5-8497-c2f475ef724f","BART_015.mammalGrid.mam","D01","BART","BART_015","E9","distributed","mixedForest",44.042898,-71.275059,"WGS84",45.2,422.8,0.3,"3 - trap door open or closed w/ spoor left","ShermanLF","2023-09-20","2023-09-20",,,,,,,,,,,,,,,,,,,,,,,,,,,,,"did not check","dry ice",,,,,,,,,,,,,,"0000-0002-5964-2409","0009-0004-7358-8332",,,"a778cf88-e3a3-44d9-b33e-76bf1b4b3e53"
"5d52b791-98f5-41b2-8ca6-2e25458c1ec2","d8a35f9a-a0c7-49a5-8497-c2f475ef724f","BART_015.mammalGrid.mam","D01","BART","BART_015","G4","distributed","mixedForest",44.042898,-71.275059,"WGS84",45.2,422.8,0.3,"6 - trap set and empty","ShermanLF","2023-09-20","2023-09-20",,,,,,,,,,,,,,,,,,,,,,,,,,,,,,,,,,,,,,,,,,,,"0000-0002-5964-2409","0009-0004-7358-8332",,,"b0af839e-9d14-4d5b-891b-e3f67a81c226"
"eeba15cd-c643-4d4e-9094-8b65659ec387","415f11cc-a5b1-4dcb-8bd9-a87574b768b2","BART_062.mammalGrid.mam","D01","BART","BART_062","C9","distributed","deciduousForest",44.057350,-71.308646,"WGS84",45.1,447.2,0.2,"6 - trap set and empty","ShermanLF","2023-09-20","2023-09-20",,,,,,,,,,,,,,,,,,,,,,,,,,,,,,,,,,,,,,,,,,,,"0009-0003-6644-7278","0009-0000-8146-6897",,,"afd0ce16-0f1f-484e-8eb8-62e8967a6976"
"3a1c0eae-c0b3-4ee7-a45f-bc185fdfce37","d8a35f9a-a0c7-49a5-8497-c2f475ef724f","BART_015.mammalGrid.mam","D01","BART","BART_015","I10","distributed","mixedForest",44.042898,-71.275059,"WGS84",45.2,422.8,0.3,"3 - trap door open or closed w/ spoor left","ShermanLF","2023-09-20","2023-09-20",,,,,,,,,,,,,,,,,,,,,,,,,,,,,"did not check","dry ice",,,,,,,,,,,,,,"0000-0002-5964-2409","0009-0004-7358-8332",,,"528ceb01-e955-4a31-86e6-0cf572bfc8d1"
"83d9c236-3a50-40e8-bdb3-bce040559cf6","98556381-26f1-4390-b3c3-3f2597505e5c","BART_012.mammalGrid.mam","D01","BART","BART_012","A7","distributed","deciduousForest",44.047478,-71.315451,"WGS84",45.3,579.9,0.4,"5 - capture","ShermanLF","2023-09-20","2023-09-20","NEON.MAM.D01.R6313",,"PELEPEMA","Peromyscus leucopus/maniculatus","speciesGroup",,"NEON.DOC.001907",,,"N","F","Y","processed",,"adult",,"enlarged","pregnant","neither",21,,95,,22,"N","N","N",,"none","dry ice",,,,,,,,,,,,,,"0009-0004-7358-8332","0000-0002-5964-2409",,,"c466825c-f05f-4b1c-a0f3-fd414f4cb2ab"
"7d8183e5-72fd-4e83-8b64-abd138fb7b2b","d8a35f9a-a0c7-49a5-8497-c2f475ef724f","BART_015.mammalGrid.mam","D01","BART","BART_015","F9","distributed","mixedForest",44.042898,-71.275059,"WGS84",45.2,422.8,0.3,"6 - trap set and empty","ShermanLF","2023-09-20","2023-09-20",,,,,,,,,,,,,,,,,,,,,,,,,,,,,,,,,,,,,,,,,,,,"0000-0002-5964-2409","0009-0004-7358-8332",,,"b9727778-2064-472d-86a7-fe8c04927d59"
"26f20dab-0729-4f32-b5c3-eb658a6d2479","d8a35f9a-a0c7-49a5-8497-c2f475ef724f","BART_015.mammalGrid.mam","D01","BART","BART_015","G3","distributed","mixedForest",44.042898,-71.275059,"WGS84",45.2,422.8,0.3,"6 - trap set and empty","ShermanLF","2023-09-20","2023-09-20",,,,,,,,,,,,,,,,,,,,,,,,,,,,,,,,,,,,,,,,,,,,"0000-0002-5964-2409","0009-0004-7358-8332",,,"410bc8ab-92f7-40d3-89d2-9cc552a46237"
"f23b89fa-52c9-4c2d-99aa-000f89320fdf","98556381-26f1-4390-b3c3-3f2597505e5c","BART_012.mammalGrid.mam","D01","BART","BART_012","A10","distributed","deciduousForest",44.047478,-71.315451,"WGS84",45.3,579.9,0.4,"3 - trap door open or closed w/ spoor left","ShermanLF","2023-09-20","2023-09-20",,,,,,,,,,,,,,,,,,,,,,,,,,,,,"did not check","dry ice",,,,,,,,,,,,,,"0009-0004-7358-8332","0000-0002-5964-2409",,,"3900b61c-5344-4d5a-81a5-50b80a6cd5c6"
"78ea1568-462a-44de-83fc-1505de7dfd71","d8a35f9a-a0c7-49a5-8497-c2f475ef724f","BART_015.mammalGrid.mam","D01","BART","BART_015","C4","distributed","mixedForest",44.042898,-71.275059,"WGS84",45.2,422.8,0.3,"6 - trap set and empty","ShermanLF","2023-09-20","2023-09-20",,,,,,,,,,,,,,,,,,,,,,,,,,,,,,,,,,,,,,,,,,,,"0000-0002-5964-2409","0009-0004-7358-8332",,,"c758aec7-4bb9-4fbf-a8b7-1a78e2ec0168"
"8105749c-fd52-4036-81e7-943be0f3cca8","415f11cc-a5b1-4dcb-8bd9-a87574b768b2","BART_062.mammalGrid.mam","D01","BART","BART_062","F9","distributed","deciduousForest",44.057350,-71.308646,"WGS84",45.1,447.2,0.2,"6 - trap set and empty","ShermanLF","2023-09-20","2023-09-20",,,,,,,,,,,,,,,,,,,,,,,,,,,,,,,,,,,,,,,,,,,,"0009-0003-6644-7278","0009-0000-8146-6897",,,"0ed9d56d-15fb-4e87-90b4-2d3ab15904cf"
"536483a1-99fc-4fa3-b063-c61815bf266d","415f11cc-a5b1-4dcb-8bd9-a87574b768b2","BART_062.mammalGrid.mam","D01","BART","BART_062","C2","distributed","deciduousForest",44.057350,-71.308646,"WGS84",45.1,447.2,0.2,"6 - trap set and empty","ShermanLF","2023-09-20","2023-09-20",,,,,,,,,,,,,,,,,,,,,,,,,,,,,,,,,,,,,,,,,,,,"0009-0003-6644-7278","0009-0000-8146-6897",,,"4a235c4d-5729-4e12-885f-24f02e0d0048"
"3766509a-62a1-46c0-90f7-4c8a93fe4a3e","98556381-26f1-4390-b3c3-3f2597505e5c","BART_012.mammalGrid.mam","D01","BART","BART_012","D8","distributed","deciduousForest",44.047478,-71.315451,"WGS84",45.3,579.9,0.4,"6 - trap set and empty","ShermanLF","2023-09-20","2023-09-20",,,,,,,,,,,,,,,,,,,,,,,,,,,,,,,,,,,,,,,,,,,,"0009-0004-7358-8332","0000-0002-5964-2409",,,"b4e0d500-043b-4414-a307-bebedb9713c7"
"8675df6a-bc67-44e4-8916-9c9b70645e53","98556381-26f1-4390-b3c3-3f2597505e5c","BART_012.mammalGrid.mam","D01","BART","BART_012","J5","distributed","deciduousForest",44.047478,-71.315451,"WGS84",45.3,579.9,0.4,"3 - trap door open or closed w/ spoor left","ShermanLF","2023-09-20","2023-09-20",,,,,,,,,,,,,,,,,,,,,,,,,,,,,"did not check","dry ice",,,,,,,,,,,,,,"0009-0004-7358-8332","0000-0002-5964-2409",,,"e0d28c0f-fb17-4f85-a582-b796faea5be1"
"af1d9774-8f7c-4585-832c-d359bb8a205a","d8a35f9a-a0c7-49a5-8497-c2f475ef724f","BART_015.mammalGrid.mam","D01","BART","BART_015","B2","distributed","mixedForest",44.042898,-71.275059,"WGS84",45.2,422.8,0.3,"5 - capture","ShermanLF","2023-09-20","2023-09-20","NEON.MAM.D01.R6310",,"NAIN","Napaeozapus insignis","species",,"NEON.DOC.001907",,,"N","F","N","processed",,"subadult",,"nonenlarged","not","neither",32,,,,15,"N","N","N",,"none","dry ice","BART.20230920.R6310.B","D00000037157","mandibular - QNS",,,,,,,,,,,"0000-0002-5964-2409","0009-0004-7358-8332",,,"dfa3a6f1-f107-40f2-9ea7-e128eccc19a9"
"57d51b1e-4a73-4df6-99aa-d69c352ea213","d8a35f9a-a0c7-49a5-8497-c2f475ef724f","BART_015.mammalGrid.mam","D01","BART","BART_015","H4","distributed","mixedForest",44.042898,-71.275059,"WGS84",45.2,422.8,0.3,"6 - trap set and empty","ShermanLF","2023-09-20","2023-09-20",,,,,,,,,,,,,,,,,,,,,,,,,,,,,,,,,,,,,,,,,,,,"0000-0002-5964-2409","0009-0004-7358-8332",,,"a139c477-5e42-40bb-9e90-b2bd8075f3ce"
"4ed06224-bda1-4323-b2a1-7af0a0d95946","d8a35f9a-a0c7-49a5-8497-c2f475ef724f","BART_015.mammalGrid.mam","D01","BART","BART_015","A10","distributed","mixedForest",44.042898,-71.275059,"WGS84",45.2,422.8,0.3,"3 - trap door open or closed w/ spoor left","ShermanLF","2023-09-20","2023-09-20",,,,,,,,,,,,,,,,,,,,,,,,,,,,,"did not check","dry ice",,,,,,,,,,,,,,"0000-0002-5964-2409","0009-0004-7358-8332",,,"ed3f6413-1461-40cc-9c8c-906ef7b6b73c"
"874665e7-ac1e-4cd8-a76d-b96c1df19520","d8a35f9a-a0c7-49a5-8497-c2f475ef724f","BART_015.mammalGrid.mam","D01","BART","BART_015","G7","distributed","mixedForest",44.042898,-71.275059,"WGS84",45.2,422.8,0.3,"6 - trap set and empty","ShermanLF","2023-09-20","2023-09-20",,,,,,,,,,,,,,,,,,,,,,,,,,,,,,,,,,,,,,,,,,,,"0000-0002-5964-2409","0009-0004-7358-8332",,,"d6dc817d-4c11-49a7-b3b9-c25a8a29a36d"
"d68fd2f7-4b03-40a0-b789-241416ac8bc5","98556381-26f1-4390-b3c3-3f2597505e5c","BART_012.mammalGrid.mam","D01","BART","BART_012","D9","distributed","deciduousForest",44.047478,-71.315451,"WGS84",45.3,579.9,0.4,"3 - trap door open or closed w/ spoor left","ShermanLF","2023-09-20","2023-09-20",,,,,,,,,,,,,,,,,,,,,,,,,,,,,"did not check","dry ice",,,,,,,,,,,,,,"0009-0004-7358-8332","0000-0002-5964-2409",,,"433720cc-f108-4eeb-b645-568879b928ba"
"463bcc2a-9cb9-413c-990b-17032c77d8ca","98556381-26f1-4390-b3c3-3f2597505e5c","BART_012.mammalGrid.mam","D01","BART","BART_012","C6","distributed","deciduousForest",44.047478,-71.315451,"WGS84",45.3,579.9,0.4,"6 - trap set and empty","ShermanLF","2023-09-20","2023-09-20",,,,,,,,,,,,,,,,,,,,,,,,,,,,,,,,,,,,,,,,,,,,"0009-0004-7358-8332","0000-0002-5964-2409",,,"5ce51512-f0f0-4df9-9666-c5a4b897bb3b"
"95f13ef9-df51-4beb-9a7a-4054f428a0ea","415f11cc-a5b1-4dcb-8bd9-a87574b768b2","BART_062.mammalGrid.mam","D01","BART","BART_062","B4","distributed","deciduousForest",44.057350,-71.308646,"WGS84",45.1,447.2,0.2,"6 - trap set and empty","ShermanLF","2023-09-20","2023-09-20",,,,,,,,,,,,,,,,,,,,,,,,,,,,,,,,,,,,,,,,,,,,"0009-0003-6644-7278","0009-0000-8146-6897",,,"a8c4476d-3cc5-4083-9bda-d02de604f6b1"
"22d83cbe-85c0-42cb-b84f-ec5c12ed7da0","415f11cc-a5b1-4dcb-8bd9-a87574b768b2","BART_062.mammalGrid.mam","D01","BART","BART_062","E4","distributed","deciduousForest",44.057350,-71.308646,"WGS84",45.1,447.2,0.2,"6 - trap set and empty","ShermanLF","2023-09-20","2023-09-20",,,,,,,,,,,,,,,,,,,,,,,,,,,,,,,,,,,,,,,,,,,,"0009-0003-6644-7278","0009-0000-8146-6897",,,"b4af6720-2c97-404d-88df-3b3f8a2271b0"
"6d2b5772-a753-45a8-86e9-b80d69eb677c","d8a35f9a-a0c7-49a5-8497-c2f475ef724f","BART_015.mammalGrid.mam","D01","BART","BART_015","D6","distributed","mixedForest",44.042898,-71.275059,"WGS84",45.2,422.8,0.3,"3 - trap door open or closed w/ spoor left","ShermanLF","2023-09-20","2023-09-20",,,,,,,,,,,,,,,,,,,,,,,,,,,,,"did not check","dry ice",,,,,,,,,,,,,,"0000-0002-5964-2409","0009-0004-7358-8332",,,"b874d3e4-fef2-4add-8008-6c8a23cf1702"
"a1e12ae9-7db2-46bb-a7a2-e42e7245b172","d8a35f9a-a0c7-49a5-8497-c2f475ef724f","BART_015.mammalGrid.mam","D01","BART","BART_015","J3","distributed","mixedForest",44.042898,-71.275059,"WGS84",45.2,422.8,0.3,"6 - trap set and empty","ShermanLF","2023-09-20","2023-09-20",,,,,,,,,,,,,,,,,,,,,,,,,,,,,,,,,,,,,,,,,,,,"0000-0002-5964-2409","0009-0004-7358-8332",,,"5c55b80c-46f3-466f-a184-6c601deb9bd1"
"355fac61-9027-478e-ba54-e0c832c4db6c","415f11cc-a5b1-4dcb-8bd9-a87574b768b2","BART_062.mammalGrid.mam","D01","BART","BART_062","D1","distributed","deciduousForest",44.057350,-71.308646,"WGS84",45.1,447.2,0.2,"2 - trap disturbed/door closed but empty","ShermanLF","2023-09-20","2023-09-20",,,,,,,,,,,,,,,,,,,,,,,,,,,,,"did not check","dry ice",,,,,,,,,,,,,,"0009-0003-6644-7278","0009-0000-8146-6897",,,"d5b95924-f2ce-4630-80d6-a17e96bfaf8a"
"2eadc5b2-2415-41e5-9e2c-cff330a64daa","415f11cc-a5b1-4dcb-8bd9-a87574b768b2","BART_062.mammalGrid.mam","D01","BART","BART_062","I8","distributed","deciduousForest",44.057350,-71.308646,"WGS84",45.1,447.2,0.2,"3 - trap door open or closed w/ spoor left","ShermanLF","2023-09-20","2023-09-20",,,,,,,,,,,,,,,,,,,,,,,,,,,,,"did not check","dry ice",,,,,,,,,,,,,,"0009-0003-6644-7278","0009-0000-8146-6897",,,"e8c81f45-91f1-4661-9714-fb77e4de8b9c"
"e21a9320-5cf8-4068-bac1-1b268ea40614","d8a35f9a-a0c7-49a5-8497-c2f475ef724f","BART_015.mammalGrid.mam","D01","BART","BART_015","D3","distributed","mixedForest",44.042898,-71.275059,"WGS84",45.2,422.8,0.3,"6 - trap set and empty","ShermanLF","2023-09-20","2023-09-20",,,,,,,,,,,,,,,,,,,,,,,,,,,,,,,,,,,,,,,,,,,,"0000-0002-5964-2409","0009-0004-7358-8332",,,"ee1a0427-246f-413d-875d-7127933b8fa9"
"365721b1-063c-4fc5-b2b0-51d95082c46e","415f11cc-a5b1-4dcb-8bd9-a87574b768b2","BART_062.mammalGrid.mam","D01","BART","BART_062","A10","distributed","deciduousForest",44.057350,-71.308646,"WGS84",45.1,447.2,0.2,"2 - trap disturbed/door closed but empty","ShermanLF","2023-09-20","2023-09-20",,,,,,,,,,,,,,,,,,,,,,,,,,,,,"did not check","dry ice",,,,,,,,,,,,,,"0009-0003-6644-7278","0009-0000-8146-6897",,,"9ed3538f-d455-454c-89f0-e9c609e2f994"
"a2e89b23-5428-4642-88b0-a5c2dc807b35","415f11cc-a5b1-4dcb-8bd9-a87574b768b2","BART_062.mammalGrid.mam","D01","BART","BART_062","I10","distributed","deciduousForest",44.057350,-71.308646,"WGS84",45.1,447.2,0.2,"6 - trap set and empty","ShermanLF","2023-09-20","2023-09-20",,,,,,,,,,,,,,,,,,,,,,,,,,,,,,,,,,,,,,,,,,,,"0009-0003-6644-7278","0009-0000-8146-6897",,,"9cadafb0-5c9f-450b-a8fa-1c443bf2a45b"
"d7c42740-83ec-4f58-ac6a-98aaeb050e1b","d8a35f9a-a0c7-49a5-8497-c2f475ef724f","BART_015.mammalGrid.mam","D01","BART","BART_015","D8","distributed","mixedForest",44.042898,-71.275059,"WGS84",45.2,422.8,0.3,"3 - trap door open or closed w/ spoor left","ShermanLF","2023-09-20","2023-09-20",,,,,,,,,,,,,,,,,,,,,,,,,,,,,"did not check","dry ice",,,,,,,,,,,,,,"0000-0002-5964-2409","0009-0004-7358-8332",,,"513138ca-c54e-4a18-978d-daaa25036584"
"33d3832f-2a82-4820-acce-866a55a5d821","98556381-26f1-4390-b3c3-3f2597505e5c","BART_012.mammalGrid.mam","D01","BART","BART_012","J4","distributed","deciduousForest",44.047478,-71.315451,"WGS84",45.3,579.9,0.4,"6 - trap set and empty","ShermanLF","2023-09-20","2023-09-20",,,,,,,,,,,,,,,,,,,,,,,,,,,,,,,,,,,,,,,,,,,,"0009-0004-7358-8332","0000-0002-5964-2409",,,"1a59baa4-34e8-41d8-b9a0-eac4e9ae6adc"
"c844d97e-2bb9-45b0-80da-e560bb96b513","98556381-26f1-4390-b3c3-3f2597505e5c","BART_012.mammalGrid.mam","D01","BART","BART_012","I3","distributed","deciduousForest",44.047478,-71.315451,"WGS84",45.3,579.9,0.4,"6 - trap set and empty","ShermanLF","2023-09-20","2023-09-20",,,,,,,,,,,,,,,,,,,,,,,,,,,,,,,,,,,,,,,,,,,,"0009-0004-7358-8332","0000-0002-5964-2409",,,"987d5bab-434b-442a-bceb-5bd54d5ea7cb"
"e13b51c2-a65c-48fd-b85d-43c5473c17f1","d8a35f9a-a0c7-49a5-8497-c2f475ef724f","BART_015.mammalGrid.mam","D01","BART","BART_015","B1","distributed","mixedForest",44.042898,-71.275059,"WGS84",45.2,422.8,0.3,"3 - trap door open or closed w/ spoor left","ShermanLF","2023-09-20","2023-09-20",,,,,,,,,,,,,,,,,,,,,,,,,,,,,"did not check","dry ice",,,,,,,,,,,,,,"0000-0002-5964-2409","0009-0004-7358-8332",,,"b4962075-f819-4986-a5f0-f49af6915846"
"11a7e9a7-b72d-4529-9bbd-7489021ec0e9","415f11cc-a5b1-4dcb-8bd9-a87574b768b2","BART_062.mammalGrid.mam","D01","BART","BART_062","H10","distributed","deciduousForest",44.057350,-71.308646,"WGS84",45.1,447.2,0.2,"2 - trap disturbed/door closed but empty","ShermanLF","2023-09-20","2023-09-20",,,,,,,,,,,,,,,,,,,,,,,,,,,,,"did not check","dry ice",,,,,,,,,,,,,,"0009-0003-6644-7278","0009-0000-8146-6897",,,"8625ef9e-3909-417b-a4fc-8e6fa2f4f7d8"
"9222c939-9e0c-4227-ac83-5177feadf561","415f11cc-a5b1-4dcb-8bd9-a87574b768b2","BART_062.mammalGrid.mam","D01","BART","BART_062","H8","distributed","deciduousForest",44.057350,-71.308646,"WGS84",45.1,447.2,0.2,"6 - trap set and empty","ShermanLF","2023-09-20","2023-09-20",,,,,,,,,,,,,,,,,,,,,,,,,,,,,,,,,,,,,,,,,,,,"0009-0003-6644-7278","0009-0000-8146-6897",,,"4f09788c-d6ae-4f08-812c-12f55fc7e3f8"
"fcf96386-25e3-45ef-b789-46cf460b48ed","d8a35f9a-a0c7-49a5-8497-c2f475ef724f","BART_015.mammalGrid.mam","D01","BART","BART_015","I9","distributed","mixedForest",44.042898,-71.275059,"WGS84",45.2,422.8,0.3,"3 - trap door open or closed w/ spoor left","ShermanLF","2023-09-20","2023-09-20",,,,,,,,,,,,,,,,,,,,,,,,,,,,,"did not check","dry ice",,,,,,,,,,,,,,"0000-0002-5964-2409","0009-0004-7358-8332",,,"fc259321-f6f9-4ee0-a7d3-79484c56550e"
"50e12f86-59e3-407b-9986-d546c16b8bb3","98556381-26f1-4390-b3c3-3f2597505e5c","BART_012.mammalGrid.mam","D01","BART","BART_012","G3","distributed","deciduousForest",44.047478,-71.315451,"WGS84",45.3,579.9,0.4,"6 - trap set and empty","ShermanLF","2023-09-20","2023-09-20",,,,,,,,,,,,,,,,,,,,,,,,,,,,,,,,,,,,,,,,,,,,"0009-0004-7358-8332","0000-0002-5964-2409",,,"f9e50439-976e-4d43-9298-805ee64eef45"
"284bab9d-4604-469a-99da-1e11bf891c3f","415f11cc-a5b1-4dcb-8bd9-a87574b768b2","BART_062.mammalGrid.mam","D01","BART","BART_062","A8","distributed","deciduousForest",44.057350,-71.308646,"WGS84",45.1,447.2,0.2,"6 - trap set and empty","ShermanLF","2023-09-20","2023-09-20",,,,,,,,,,,,,,,,,,,,,,,,,,,,,,,,,,,,,,,,,,,,"0009-0003-6644-7278","0009-0000-8146-6897",,,"bc414b89-83ef-4857-8bee-225ef98b320b"
"98db2289-8551-403c-bed4-27a530ef884e","415f11cc-a5b1-4dcb-8bd9-a87574b768b2","BART_062.mammalGrid.mam","D01","BART","BART_062","G8","distributed","deciduousForest",44.057350,-71.308646,"WGS84",45.1,447.2,0.2,"6 - trap set and empty","ShermanLF","2023-09-20","2023-09-20",,,,,,,,,,,,,,,,,,,,,,,,,,,,,,,,,,,,,,,,,,,,"0009-0003-6644-7278","0009-0000-8146-6897",,,"5ca3e8cd-ae12-42a4-8f51-3fff6ac29771"
"945db058-fde4-4206-a9f4-499ed4662d8a","98556381-26f1-4390-b3c3-3f2597505e5c","BART_012.mammalGrid.mam","D01","BART","BART_012","I9","distributed","deciduousForest",44.047478,-71.315451,"WGS84",45.3,579.9,0.4,"6 - trap set and empty","ShermanLF","2023-09-20","2023-09-20",,,,,,,,,,,,,,,,,,,,,,,,,,,,,,,,,,,,,,,,,,,,"0009-0004-7358-8332","0000-0002-5964-2409",,,"ac2294f5-2fac-4f15-baa9-94b7fd6cf11f"
"b6ddc793-cfc9-4656-a407-9bdedf517cf5","415f11cc-a5b1-4dcb-8bd9-a87574b768b2","BART_062.mammalGrid.mam","D01","BART","BART_062","D7","distributed","deciduousForest",44.057350,-71.308646,"WGS84",45.1,447.2,0.2,"6 - trap set and empty","ShermanLF","2023-09-20","2023-09-20",,,,,,,,,,,,,,,,,,,,,,,,,,,,,,,,,,,,,,,,,,,,"0009-0003-6644-7278","0009-0000-8146-6897",,,"5b8162cb-ef06-41a0-b95f-b9e7a9d65528"
"cb87540c-9ec7-4f7d-84c7-98a98922fcb5","d8a35f9a-a0c7-49a5-8497-c2f475ef724f","BART_015.mammalGrid.mam","D01","BART","BART_015","E1","distributed","mixedForest",44.042898,-71.275059,"WGS84",45.2,422.8,0.3,"3 - trap door open or closed w/ spoor left","ShermanLF","2023-09-20","2023-09-20",,,,,,,,,,,,,,,,,,,,,,,,,,,,,"did not check","dry ice",,,,,,,,,,,,,,"0000-0002-5964-2409","0009-0004-7358-8332",,,"9753b3b7-22d5-4e54-ae6a-a96d650ccb79"
"700b202e-977d-4243-a293-6ca52734e040","415f11cc-a5b1-4dcb-8bd9-a87574b768b2","BART_062.mammalGrid.mam","D01","BART","BART_062","A1","distributed","deciduousForest",44.057350,-71.308646,"WGS84",45.1,447.2,0.2,"2 - trap disturbed/door closed but empty","ShermanLF","2023-09-20","2023-09-20",,,,,,,,,,,,,,,,,,,,,,,,,,,,,"did not check","dry ice",,,,,,,,,,,,,,"0009-0003-6644-7278","0009-0000-8146-6897",,,"5bb3ab73-eb4e-450c-8885-3b3ca896bd74"
"be09de0e-c8e0-4842-970a-eb108a22f5d3","98556381-26f1-4390-b3c3-3f2597505e5c","BART_012.mammalGrid.mam","D01","BART","BART_012","H3","distributed","deciduousForest",44.047478,-71.315451,"WGS84",45.3,579.9,0.4,"6 - trap set and empty","ShermanLF","2023-09-20","2023-09-20",,,,,,,,,,,,,,,,,,,,,,,,,,,,,,,,,,,,,,,,,,,,"0009-0004-7358-8332","0000-0002-5964-2409",,,"d15686c2-440d-4b35-9eb4-8c0feb0b127a"
"9f2350ae-9e7f-4538-8509-38e0f1190822","d8a35f9a-a0c7-49a5-8497-c2f475ef724f","BART_015.mammalGrid.mam","D01","BART","BART_015","F8","distributed","mixedForest",44.042898,-71.275059,"WGS84",45.2,422.8,0.3,"6 - trap set and empty","ShermanLF","2023-09-20","2023-09-20",,,,,,,,,,,,,,,,,,,,,,,,,,,,,,,,,,,,,,,,,,,,"0000-0002-5964-2409","0009-0004-7358-8332",,,"8c0355e8-54e8-4a45-85d4-cef397a79b00"
"f676e85c-1f1d-4564-9c55-5cac9d992717","98556381-26f1-4390-b3c3-3f2597505e5c","BART_012.mammalGrid.mam","D01","BART","BART_012","J1","distributed","deciduousForest",44.047478,-71.315451,"WGS84",45.3,579.9,0.4,"6 - trap set and empty","ShermanLF","2023-09-20","2023-09-20",,,,,,,,,,,,,,,,,,,,,,,,,,,,,,,,,,,,,,,,,,,,"0009-0004-7358-8332","0000-0002-5964-2409",,,"64d52318-5cc1-430c-bc47-65f6740605be"
"b7f552d7-51b0-4333-856a-3421ce0bdb9f","d8a35f9a-a0c7-49a5-8497-c2f475ef724f","BART_015.mammalGrid.mam","D01","BART","BART_015","H7","distributed","mixedForest",44.042898,-71.275059,"WGS84",45.2,422.8,0.3,"6 - trap set and empty","ShermanLF","2023-09-20","2023-09-20",,,,,,,,,,,,,,,,,,,,,,,,,,,,,,,,,,,,,,,,,,,,"0000-0002-5964-2409","0009-0004-7358-8332",,,"092a88a1-23da-415b-8dfd-e348957134d6"
"0c49ba1e-6d27-4d85-a3ce-448136617fd8","415f11cc-a5b1-4dcb-8bd9-a87574b768b2","BART_062.mammalGrid.mam","D01","BART","BART_062","D10","distributed","deciduousForest",44.057350,-71.308646,"WGS84",45.1,447.2,0.2,"6 - trap set and empty","ShermanLF","2023-09-20","2023-09-20",,,,,,,,,,,,,,,,,,,,,,,,,,,,,,,,,,,,,,,,,,,,"0009-0003-6644-7278","0009-0000-8146-6897",,,"0bfdcdb9-8a9b-482e-872b-048a10eb21d6"
"c5e87bd3-5117-4bd7-b8a4-5dc9103be6fd","d8a35f9a-a0c7-49a5-8497-c2f475ef724f","BART_015.mammalGrid.mam","D01","BART","BART_015","H6","distributed","mixedForest",44.042898,-71.275059,"WGS84",45.2,422.8,0.3,"6 - trap set and empty","ShermanLF","2023-09-20","2023-09-20",,,,,,,,,,,,,,,,,,,,,,,,,,,,,,,,,,,,,,,,,,,,"0000-0002-5964-2409","0009-0004-7358-8332",,,"77fde560-d2f1-4206-a5a2-5a6e336268e6"
"f4fe8415-f3b3-4bb4-9beb-4f018faa1cbe","98556381-26f1-4390-b3c3-3f2597505e5c","BART_012.mammalGrid.mam","D01","BART","BART_012","A4","distributed","deciduousForest",44.047478,-71.315451,"WGS84",45.3,579.9,0.4,"6 - trap set and empty","ShermanLF","2023-09-20","2023-09-20",,,,,,,,,,,,,,,,,,,,,,,,,,,,,,,,,,,,,,,,,,,,"0009-0004-7358-8332","0000-0002-5964-2409",,,"b92e5751-16e0-4265-afe9-1113dac0bc81"
"6315672a-523d-4b39-b27a-7d2d76d44d33","d8a35f9a-a0c7-49a5-8497-c2f475ef724f","BART_015.mammalGrid.mam","D01","BART","BART_015","H5","distributed","mixedForest",44.042898,-71.275059,"WGS84",45.2,422.8,0.3,"6 - trap set and empty","ShermanLF","2023-09-20","2023-09-20",,,,,,,,,,,,,,,,,,,,,,,,,,,,,,,,,,,,,,,,,,,,"0000-0002-5964-2409","0009-0004-7358-8332",,,"d9d63620-0064-4031-94ca-56270daafeb8"
"8c53435c-d0b5-44c2-b8d8-b3dfddb568d0","415f11cc-a5b1-4dcb-8bd9-a87574b768b2","BART_062.mammalGrid.mam","D01","BART","BART_062","D2","distributed","deciduousForest",44.057350,-71.308646,"WGS84",45.1,447.2,0.2,"6 - trap set and empty","ShermanLF","2023-09-20","2023-09-20",,,,,,,,,,,,,,,,,,,,,,,,,,,,,,,,,,,,,,,,,,,,"0009-0003-6644-7278","0009-0000-8146-6897",,,"1a1fe6fa-08c7-4ee3-943b-d2b8daec7ff7"
"27ea146f-19df-4ef1-b981-a7a586485022","415f11cc-a5b1-4dcb-8bd9-a87574b768b2","BART_062.mammalGrid.mam","D01","BART","BART_062","F8","distributed","deciduousForest",44.057350,-71.308646,"WGS84",45.1,447.2,0.2,"6 - trap set and empty","ShermanLF","2023-09-20","2023-09-20",,,,,,,,,,,,,,,,,,,,,,,,,,,,,,,,,,,,,,,,,,,,"0009-0003-6644-7278","0009-0000-8146-6897",,,"900dcf9b-697b-4c67-b549-4ef150aab2e7"
"e8e6d01a-caec-4960-ad37-7ef57f021d82","415f11cc-a5b1-4dcb-8bd9-a87574b768b2","BART_062.mammalGrid.mam","D01","BART","BART_062","J4","distributed","deciduousForest",44.057350,-71.308646,"WGS84",45.1,447.2,0.2,"6 - trap set and empty","ShermanLF","2023-09-20","2023-09-20",,,,,,,,,,,,,,,,,,,,,,,,,,,,,,,,,,,,,,,,,,,,"0009-0003-6644-7278","0009-0000-8146-6897",,,"33a8abfe-10d0-4be1-9bbb-3d9add32d864"
"cf1db3a8-beb8-4e25-8ac9-190918e1766c","d8a35f9a-a0c7-49a5-8497-c2f475ef724f","BART_015.mammalGrid.mam","D01","BART","BART_015","F2","distributed","mixedForest",44.042898,-71.275059,"WGS84",45.2,422.8,0.3,"6 - trap set and empty","ShermanLF","2023-09-20","2023-09-20",,,,,,,,,,,,,,,,,,,,,,,,,,,,,,,,,,,,,,,,,,,,"0000-0002-5964-2409","0009-0004-7358-8332",,,"0e8dbf3c-c023-4c41-80da-d05fb5691157"
"c2200c75-2e0d-4df5-bdf7-db93172b42e2","415f11cc-a5b1-4dcb-8bd9-a87574b768b2","BART_062.mammalGrid.mam","D01","BART","BART_062","I9","distributed","deciduousForest",44.057350,-71.308646,"WGS84",45.1,447.2,0.2,"5 - capture","ShermanLF","2023-09-20","2023-09-20","NEON.MAM.D01.R9072",,"PELEPEMA","Peromyscus leucopus/maniculatus","speciesGroup",,"NEON.DOC.001907",,,"N","F","N","processed",,"subadult",,"nonenlarged","not",,19,16,84,,17,"N","N","N",,"did not check","dry ice","BART.20230920.R9072.B","D00000037086","mandibular",,,,,,,,,,,"0009-0003-6644-7278","0009-0000-8146-6897",,,"0cb49baa-9c55-4546-8252-a915e2169dfc"
"5b3e7b74-c02e-422e-8624-7e45d041e9a3","98556381-26f1-4390-b3c3-3f2597505e5c","BART_012.mammalGrid.mam","D01","BART","BART_012","B5","distributed","deciduousForest",44.047478,-71.315451,"WGS84",45.3,579.9,0.4,"6 - trap set and empty","ShermanLF","2023-09-20","2023-09-20",,,,,,,,,,,,,,,,,,,,,,,,,,,,,,,,,,,,,,,,,,,,"0009-0004-7358-8332","0000-0002-5964-2409",,,"cdd78801-e49f-49c5-adcb-3cc694f2a39b"
"9f52cf63-bc25-47ae-b040-b355bf62f829","98556381-26f1-4390-b3c3-3f2597505e5c","BART_012.mammalGrid.mam","D01","BART","BART_012","D7","distributed","deciduousForest",44.047478,-71.315451,"WGS84",45.3,579.9,0.4,"6 - trap set and empty","ShermanLF","2023-09-20","2023-09-20",,,,,,,,,,,,,,,,,,,,,,,,,,,,,,,,,,,,,,,,,,,,"0009-0004-7358-8332","0000-0002-5964-2409",,,"7020ee35-cc67-415f-a76a-a3d0584a9952"
"fbe67230-2462-456a-ae93-914f60af9368","415f11cc-a5b1-4dcb-8bd9-a87574b768b2","BART_062.mammalGrid.mam","D01","BART","BART_062","C4","distributed","deciduousForest",44.057350,-71.308646,"WGS84",45.1,447.2,0.2,"3 - trap door open or closed w/ spoor left","ShermanLF","2023-09-20","2023-09-20",,,,,,,,,,,,,,,,,,,,,,,,,,,,,"did not check","dry ice",,,,,,,,,,,,,,"0009-0003-6644-7278","0009-0000-8146-6897",,,"3469d85e-3b1f-4ea0-ac8e-f47a7448a60e"
"999d27dd-26a2-4e2f-9f8d-b6222d0c1258","415f11cc-a5b1-4dcb-8bd9-a87574b768b2","BART_062.mammalGrid.mam","D01","BART","BART_062","G1","distributed","deciduousForest",44.057350,-71.308646,"WGS84",45.1,447.2,0.2,"6 - trap set and empty","ShermanLF","2023-09-20","2023-09-20",,,,,,,,,,,,,,,,,,,,,,,,,,,,,,,,,,,,,,,,,,,,"0009-0003-6644-7278","0009-0000-8146-6897",,,"2ce00b9d-41ef-4732-bfc3-d74b29a55db5"
"7cbbf7db-a949-4b82-899e-b48d6933e457","415f11cc-a5b1-4dcb-8bd9-a87574b768b2","BART_062.mammalGrid.mam","D01","BART","BART_062","H7","distributed","deciduousForest",44.057350,-71.308646,"WGS84",45.1,447.2,0.2,"6 - trap set and empty","ShermanLF","2023-09-20","2023-09-20",,,,,,,,,,,,,,,,,,,,,,,,,,,,,,,,,,,,,,,,,,,,"0009-0003-6644-7278","0009-0000-8146-6897",,,"c5b1c69d-8bac-42f5-82e8-8739cf5d4b0f"
"d6752c43-ce0a-41b9-99fc-2c17ec259861","98556381-26f1-4390-b3c3-3f2597505e5c","BART_012.mammalGrid.mam","D01","BART","BART_012","C4","distributed","deciduousForest",44.047478,-71.315451,"WGS84",45.3,579.9,0.4,"6 - trap set and empty","ShermanLF","2023-09-20","2023-09-20",,,,,,,,,,,,,,,,,,,,,,,,,,,,,,,,,,,,,,,,,,,,"0009-0004-7358-8332","0000-0002-5964-2409",,,"518a4233-3652-4909-8ba8-d7a4ffdd8f25"
"2592f6a5-1d57-44a7-93e0-bf3799348018","415f11cc-a5b1-4dcb-8bd9-a87574b768b2","BART_062.mammalGrid.mam","D01","BART","BART_062","J9","distributed","deciduousForest",44.057350,-71.308646,"WGS84",45.1,447.2,0.2,"6 - trap set and empty","ShermanLF","2023-09-20","2023-09-20",,,,,,,,,,,,,,,,,,,,,,,,,,,,,,,,,,,,,,,,,,,,"0009-0003-6644-7278","0009-0000-8146-6897",,,"83f9e3f1-768d-4532-a649-3449e04ea068"
"43701752-a8f2-444c-8925-2941ab0d6de5","415f11cc-a5b1-4dcb-8bd9-a87574b768b2","BART_062.mammalGrid.mam","D01","BART","BART_062","A2","distributed","deciduousForest",44.057350,-71.308646,"WGS84",45.1,447.2,0.2,"6 - trap set and empty","ShermanLF","2023-09-20","2023-09-20",,,,,,,,,,,,,,,,,,,,,,,,,,,,,,,,,,,,,,,,,,,,"0009-0003-6644-7278","0009-0000-8146-6897",,,"21479b06-84a5-45ce-add0-4f15f4a6bfeb"
"dc685cc5-b550-4900-8863-9f1ba310467d","d8a35f9a-a0c7-49a5-8497-c2f475ef724f","BART_015.mammalGrid.mam","D01","BART","BART_015","C3","distributed","mixedForest",44.042898,-71.275059,"WGS84",45.2,422.8,0.3,"6 - trap set and empty","ShermanLF","2023-09-20","2023-09-20",,,,,,,,,,,,,,,,,,,,,,,,,,,,,,,,,,,,,,,,,,,,"0000-0002-5964-2409","0009-0004-7358-8332",,,"6b771050-f1d9-4149-8f26-3d8c0612c7ee"
"923e713b-c267-41a1-a932-77237704c76e","415f11cc-a5b1-4dcb-8bd9-a87574b768b2","BART_062.mammalGrid.mam","D01","BART","BART_062","H1","distributed","deciduousForest",44.057350,-71.308646,"WGS84",45.1,447.2,0.2,"6 - trap set and empty","ShermanLF","2023-09-20","2023-09-20",,,,,,,,,,,,,,,,,,,,,,,,,,,,,,,,,,,,,,,,,,,,"0009-0003-6644-7278","0009-0000-8146-6897",,,"230b145e-5fb3-4967-902d-3087fe88efc9"
"79da9e93-bd05-479b-9dd6-764a3be7392b","d8a35f9a-a0c7-49a5-8497-c2f475ef724f","BART_015.mammalGrid.mam","D01","BART","BART_015","J7","distributed","mixedForest",44.042898,-71.275059,"WGS84",45.2,422.8,0.3,"6 - trap set and empty","ShermanLF","2023-09-20","2023-09-20",,,,,,,,,,,,,,,,,,,,,,,,,,,,,,,,,,,,,,,,,,,,"0000-0002-5964-2409","0009-0004-7358-8332",,,"728e80b9-c05f-4371-922f-2411dc25ab13"
"fab69b97-7509-4829-95ef-d8f7857949c5","98556381-26f1-4390-b3c3-3f2597505e5c","BART_012.mammalGrid.mam","D01","BART","BART_012","I5","distributed","deciduousForest",44.047478,-71.315451,"WGS84",45.3,579.9,0.4,"6 - trap set and empty","ShermanLF","2023-09-20","2023-09-20",,,,,,,,,,,,,,,,,,,,,,,,,,,,,,,,,,,,,,,,,,,,"0009-0004-7358-8332","0000-0002-5964-2409",,,"6126857b-9302-421d-854c-34fabcc01166"
"68aea2b5-1466-47c1-85dd-b81f1c61a17d","98556381-26f1-4390-b3c3-3f2597505e5c","BART_012.mammalGrid.mam","D01","BART","BART_012","H10","distributed","deciduousForest",44.047478,-71.315451,"WGS84",45.3,579.9,0.4,"3 - trap door open or closed w/ spoor left","ShermanLF","2023-09-20","2023-09-20",,,,,,,,,,,,,,,,,,,,,,,,,,,,,"did not check","dry ice",,,,,,,,,,,,,,"0009-0004-7358-8332","0000-0002-5964-2409",,,"da048736-74a4-4e3c-9d2e-bdba2c7cf621"
"a3cce752-7f01-4ad9-b6ee-abe4bdac06be","415f11cc-a5b1-4dcb-8bd9-a87574b768b2","BART_062.mammalGrid.mam","D01","BART","BART_062","B5","distributed","deciduousForest",44.057350,-71.308646,"WGS84",45.1,447.2,0.2,"6 - trap set and empty","ShermanLF","2023-09-20","2023-09-20",,,,,,,,,,,,,,,,,,,,,,,,,,,,,,,,,,,,,,,,,,,,"0009-0003-6644-7278","0009-0000-8146-6897",,,"64508651-4c0a-40a2-b984-3990311a5d3b"
"b48e708a-3e16-456b-8cc1-f39080542ef8","415f11cc-a5b1-4dcb-8bd9-a87574b768b2","BART_062.mammalGrid.mam","D01","BART","BART_062","H2","distributed","deciduousForest",44.057350,-71.308646,"WGS84",45.1,447.2,0.2,"6 - trap set and empty","ShermanLF","2023-09-20","2023-09-20",,,,,,,,,,,,,,,,,,,,,,,,,,,,,,,,,,,,,,,,,,,,"0009-0003-6644-7278","0009-0000-8146-6897",,,"f2511304-1aa8-4750-9ecc-beeb2d9293f1"
"2d18403f-1106-4eee-b76d-2d88610c4df5","415f11cc-a5b1-4dcb-8bd9-a87574b768b2","BART_062.mammalGrid.mam","D01","BART","BART_062","G9","distributed","deciduousForest",44.057350,-71.308646,"WGS84",45.1,447.2,0.2,"6 - trap set and empty","ShermanLF","2023-09-20","2023-09-20",,,,,,,,,,,,,,,,,,,,,,,,,,,,,,,,,,,,,,,,,,,,"0009-0003-6644-7278","0009-0000-8146-6897",,,"a729b548-1a72-49ce-b69e-3f6a910dfece"
"24a11b43-9a00-4340-8782-a242fb3fa2c8","d8a35f9a-a0c7-49a5-8497-c2f475ef724f","BART_015.mammalGrid.mam","D01","BART","BART_015","F10","distributed","mixedForest",44.042898,-71.275059,"WGS84",45.2,422.8,0.3,"3 - trap door open or closed w/ spoor left","ShermanLF","2023-09-20","2023-09-20",,,,,,,,,,,,,,,,,,,,,,,,,,,,,"did not check","dry ice",,,,,,,,,,,,,,"0000-0002-5964-2409","0009-0004-7358-8332",,,"6577fcae-f674-41d3-a29f-1a9ac47cc55e"
"72978197-1521-45e4-9d17-f5650f88f33e","d8a35f9a-a0c7-49a5-8497-c2f475ef724f","BART_015.mammalGrid.mam","D01","BART","BART_015","J2","distributed","mixedForest",44.042898,-71.275059,"WGS84",45.2,422.8,0.3,"6 - trap set and empty","ShermanLF","2023-09-20","2023-09-20",,,,,,,,,,,,,,,,,,,,,,,,,,,,,,,,,,,,,,,,,,,,"0000-0002-5964-2409","0009-0004-7358-8332",,,"a6130a15-c3d3-4099-8411-3106c3d16c10"
"96ffdd6b-a15b-4618-8f0d-468ac3395511","415f11cc-a5b1-4dcb-8bd9-a87574b768b2","BART_062.mammalGrid.mam","D01","BART","BART_062","E9","distributed","deciduousForest",44.057350,-71.308646,"WGS84",45.1,447.2,0.2,"6 - trap set and empty","ShermanLF","2023-09-20","2023-09-20",,,,,,,,,,,,,,,,,,,,,,,,,,,,,,,,,,,,,,,,,,,,"0009-0003-6644-7278","0009-0000-8146-6897",,,"2b9a6503-2e23-42c1-9eae-1243d292daed"
"e6ace367-0d57-46d3-ac91-4f178d8ab67e","98556381-26f1-4390-b3c3-3f2597505e5c","BART_012.mammalGrid.mam","D01","BART","BART_012","J2","distributed","deciduousForest",44.047478,-71.315451,"WGS84",45.3,579.9,0.4,"6 - trap set and empty","ShermanLF","2023-09-20","2023-09-20",,,,,,,,,,,,,,,,,,,,,,,,,,,,,,,,,,,,,,,,,,,,"0009-0004-7358-8332","0000-0002-5964-2409",,,"cdac8304-0899-4032-9fdf-911cfcf3e448"
"3e72e2c9-9ca0-491a-a611-91e74eb7bda0","d8a35f9a-a0c7-49a5-8497-c2f475ef724f","BART_015.mammalGrid.mam","D01","BART","BART_015","A3","distributed","mixedForest",44.042898,-71.275059,"WGS84",45.2,422.8,0.3,"3 - trap door open or closed w/ spoor left","ShermanLF","2023-09-20","2023-09-20",,,,,,,,,,,,,,,,,,,,,,,,,,,,,"did not check","dry ice",,,,,,,,,,,,,,"0000-0002-5964-2409","0009-0004-7358-8332",,,"dee49a53-108f-4db9-8c40-40d97bc5a287"
"7b16aaa0-6ebf-4495-a4d6-d62922db4336","415f11cc-a5b1-4dcb-8bd9-a87574b768b2","BART_062.mammalGrid.mam","D01","BART","BART_062","J8","distributed","deciduousForest",44.057350,-71.308646,"WGS84",45.1,447.2,0.2,"6 - trap set and empty","ShermanLF","2023-09-20","2023-09-20",,,,,,,,,,,,,,,,,,,,,,,,,,,,,,,,,,,,,,,,,,,,"0009-0003-6644-7278","0009-0000-8146-6897",,,"67bb7e6e-a98e-4697-a39e-00ae20e3fabb"
"bb4a895b-85ce-4206-80e8-ee78d8fb023f","d8a35f9a-a0c7-49a5-8497-c2f475ef724f","BART_015.mammalGrid.mam","D01","BART","BART_015","G10","distributed","mixedForest",44.042898,-71.275059,"WGS84",45.2,422.8,0.3,"5 - capture","ShermanLF","2023-09-20","2023-09-20","NEON.MAM.D01.R6307",,"MYGA","Myodes gapperi","species",,"NEON.DOC.001907",,,"N","F","N","processed",,"adult",,"enlarged","pregnant","not plugged",20,,42,,34,"N","N","N",,"none","dry ice","BART.20230920.R6307.B","D00000037434","mandibular",,,,,,,,,,,"0000-0002-5964-2409","0009-0004-7358-8332",,,"a3ebc9e4-9e66-448d-91e7-ab7ffb4c88ed"
"f62d7cd9-0fc7-43c9-b051-5bc90a8a0a5e","d8a35f9a-a0c7-49a5-8497-c2f475ef724f","BART_015.mammalGrid.mam","D01","BART","BART_015","I4","distributed","mixedForest",44.042898,-71.275059,"WGS84",45.2,422.8,0.3,"6 - trap set and empty","ShermanLF","2023-09-20","2023-09-20",,,,,,,,,,,,,,,,,,,,,,,,,,,,,,,,,,,,,,,,,,,,"0000-0002-5964-2409","0009-0004-7358-8332",,,"0b3b7591-20e2-41a8-a542-6c00947e29d4"
"d2a9e09f-06dd-44cf-8c63-6302f2a10d54","98556381-26f1-4390-b3c3-3f2597505e5c","BART_012.mammalGrid.mam","D01","BART","BART_012","D10","distributed","deciduousForest",44.047478,-71.315451,"WGS84",45.3,579.9,0.4,"6 - trap set and empty","ShermanLF","2023-09-20","2023-09-20",,,,,,,,,,,,,,,,,,,,,,,,,,,,,,,,,,,,,,,,,,,,"0009-0004-7358-8332","0000-0002-5964-2409",,,"02055774-f475-4e1f-a437-733cf427dd6a"
"7b8f3c0f-198c-4b85-a1cb-0593b51d322f","415f11cc-a5b1-4dcb-8bd9-a87574b768b2","BART_062.mammalGrid.mam","D01","BART","BART_062","F4","distributed","deciduousForest",44.057350,-71.308646,"WGS84",45.1,447.2,0.2,"6 - trap set and empty","ShermanLF","2023-09-20","2023-09-20",,,,,,,,,,,,,,,,,,,,,,,,,,,,,,,,,,,,,,,,,,,,"0009-0003-6644-7278","0009-0000-8146-6897",,,"df4a588e-55fe-465a-af10-a1cb5e77a954"
"b9e1b936-a380-4fc9-8ef5-f4aa1cad8c16","415f11cc-a5b1-4dcb-8bd9-a87574b768b2","BART_062.mammalGrid.mam","D01","BART","BART_062","E2","distributed","deciduousForest",44.057350,-71.308646,"WGS84",45.1,447.2,0.2,"3 - trap door open or closed w/ spoor left","ShermanLF","2023-09-20","2023-09-20",,,,,,,,,,,,,,,,,,,,,,,,,,,,,"did not check","dry ice",,,,,,,,,,,,,,"0009-0003-6644-7278","0009-0000-8146-6897",,,"a2dd43da-abf1-4274-a703-6978b95825ad"
"8eb1123c-9d09-4eaf-b279-e138c79ac159","98556381-26f1-4390-b3c3-3f2597505e5c","BART_012.mammalGrid.mam","D01","BART","BART_012","H1","distributed","deciduousForest",44.047478,-71.315451,"WGS84",45.3,579.9,0.4,"6 - trap set and empty","ShermanLF","2023-09-20","2023-09-20",,,,,,,,,,,,,,,,,,,,,,,,,,,,,,,,,,,,,,,,,,,,"0009-0004-7358-8332","0000-0002-5964-2409",,,"9e56c0f3-3578-4ff9-84ce-4f916add0d1d"
"ae607f26-beaf-4186-b99c-f71a178b5330","415f11cc-a5b1-4dcb-8bd9-a87574b768b2","BART_062.mammalGrid.mam","D01","BART","BART_062","G2","distributed","deciduousForest",44.057350,-71.308646,"WGS84",45.1,447.2,0.2,"6 - trap set and empty","ShermanLF","2023-09-20","2023-09-20",,,,,,,,,,,,,,,,,,,,,,,,,,,,,,,,,,,,,,,,,,,,"0009-0003-6644-7278","0009-0000-8146-6897",,,"a62e5e73-14b3-40b7-bd3a-6065d5f2f5e5"
"bb2afea7-3309-43b9-b930-dfce29f18840","415f11cc-a5b1-4dcb-8bd9-a87574b768b2","BART_062.mammalGrid.mam","D01","BART","BART_062","A6","distributed","deciduousForest",44.057350,-71.308646,"WGS84",45.1,447.2,0.2,"6 - trap set and empty","ShermanLF","2023-09-20","2023-09-20",,,,,,,,,,,,,,,,,,,,,,,,,,,,,,,,,,,,,,,,,,,,"0009-0003-6644-7278","0009-0000-8146-6897",,,"e99d454e-0ab3-41da-80e5-30d9aa90dd53"
"ac3119b1-a000-4327-8349-297bba0846dd","415f11cc-a5b1-4dcb-8bd9-a87574b768b2","BART_062.mammalGrid.mam","D01","BART","BART_062","D9","distributed","deciduousForest",44.057350,-71.308646,"WGS84",45.1,447.2,0.2,"2 - trap disturbed/door closed but empty","ShermanLF","2023-09-20","2023-09-20",,,,,,,,,,,,,,,,,,,,,,,,,,,,,"did not check","dry ice",,,,,,,,,,,,,,"0009-0003-6644-7278","0009-0000-8146-6897",,,"7da2c1e6-eea1-4b88-9398-08e6d6d75fc1"
"a4ea8fe8-283d-4de0-b57d-910d0338884c","d8a35f9a-a0c7-49a5-8497-c2f475ef724f","BART_015.mammalGrid.mam","D01","BART","BART_015","H3","distributed","mixedForest",44.042898,-71.275059,"WGS84",45.2,422.8,0.3,"6 - trap set and empty","ShermanLF","2023-09-20","2023-09-20",,,,,,,,,,,,,,,,,,,,,,,,,,,,,,,,,,,,,,,,,,,,"0000-0002-5964-2409","0009-0004-7358-8332",,,"b46e1e16-dedc-4518-a5ae-980f065881d2"
"d64d7fd7-c3c4-427a-8d02-ddecfd559054","98556381-26f1-4390-b3c3-3f2597505e5c","BART_012.mammalGrid.mam","D01","BART","BART_012","E9","distributed","deciduousForest",44.047478,-71.315451,"WGS84",45.3,579.9,0.4,"3 - trap door open or closed w/ spoor left","ShermanLF","2023-09-20","2023-09-20",,,,,,,,,,,,,,,,,,,,,,,,,,,,,"did not check","dry ice",,,,,,,,,,,,,,"0009-0004-7358-8332","0000-0002-5964-2409",,,"c9ddbc0d-9687-46a5-ad5b-14d767982c92"
"5ad18df6-14d5-4792-b2a0-04c3fd1dc9bd","98556381-26f1-4390-b3c3-3f2597505e5c","BART_012.mammalGrid.mam","D01","BART","BART_012","E1","distributed","deciduousForest",44.047478,-71.315451,"WGS84",45.3,579.9,0.4,"3 - trap door open or closed w/ spoor left","ShermanLF","2023-09-20","2023-09-20",,,,,,,,,,,,,,,,,,,,,,,,,,,,,"did not check","dry ice",,,,,,,,,,,,,,"0009-0004-7358-8332","0000-0002-5964-2409",,,"6b8ca266-3385-4442-bae7-f2eb681574c8"
"6beb65bc-3e11-469b-aa26-c10de0005c0f","98556381-26f1-4390-b3c3-3f2597505e5c","BART_012.mammalGrid.mam","D01","BART","BART_012","E10","distributed","deciduousForest",44.047478,-71.315451,"WGS84",45.3,579.9,0.4,"6 - trap set and empty","ShermanLF","2023-09-20","2023-09-20",,,,,,,,,,,,,,,,,,,,,,,,,,,,,,,,,,,,,,,,,,,,"0009-0004-7358-8332","0000-0002-5964-2409",,,"2584ce24-b3f1-4022-b51d-fb4b5e09f85a"
"4353f660-8419-4fe9-9de1-2745301b67d1","d8a35f9a-a0c7-49a5-8497-c2f475ef724f","BART_015.mammalGrid.mam","D01","BART","BART_015","A6","distributed","mixedForest",44.042898,-71.275059,"WGS84",45.2,422.8,0.3,"3 - trap door open or closed w/ spoor left","ShermanLF","2023-09-20","2023-09-20",,,,,,,,,,,,,,,,,,,,,,,,,,,,,"did not check","dry ice",,,,,,,,,,,,,,"0000-0002-5964-2409","0009-0004-7358-8332",,,"6f473d6d-012e-4da5-820d-1d3e1fe76a1c"
"91bb2a97-b7c1-468e-8e56-73960d8ac5a6","415f11cc-a5b1-4dcb-8bd9-a87574b768b2","BART_062.mammalGrid.mam","D01","BART","BART_062","F3","distributed","deciduousForest",44.057350,-71.308646,"WGS84",45.1,447.2,0.2,"6 - trap set and empty","ShermanLF","2023-09-20","2023-09-20",,,,,,,,,,,,,,,,,,,,,,,,,,,,,,,,,,,,,,,,,,,,"0009-0003-6644-7278","0009-0000-8146-6897",,,"5169e1c6-6d7b-40a9-ab9e-4f5a5f4ad5d0"
"bf42f776-99bd-4aa6-a45b-13f0c71bbffc","d8a35f9a-a0c7-49a5-8497-c2f475ef724f","BART_015.mammalGrid.mam","D01","BART","BART_015","D2","distributed","mixedForest",44.042898,-71.275059,"WGS84",45.2,422.8,0.3,"3 - trap door open or closed w/ spoor left","ShermanLF","2023-09-20","2023-09-20",,,,,,,,,,,,,,,,,,,,,,,,,,,,,"did not check","dry ice",,,,,,,,,,,,,,"0000-0002-5964-2409","0009-0004-7358-8332",,,"2ddbf41a-2e58-4169-8ed7-8392a5004769"
"88021264-d886-4aa0-ab73-c69467333a57","d8a35f9a-a0c7-49a5-8497-c2f475ef724f","BART_015.mammalGrid.mam","D01","BART","BART_015","F1","distributed","mixedForest",44.042898,-71.275059,"WGS84",45.2,422.8,0.3,"6 - trap set and empty","ShermanLF","2023-09-20","2023-09-20",,,,,,,,,,,,,,,,,,,,,,,,,,,,,,,,,,,,,,,,,,,,"0000-0002-5964-2409","0009-0004-7358-8332",,,"21de69e7-5647-497d-9e1a-ab6435c940de"
"b8586f87-bd6d-4de1-85af-12a150863000","d8a35f9a-a0c7-49a5-8497-c2f475ef724f","BART_015.mammalGrid.mam","D01","BART","BART_015","J9","distributed","mixedForest",44.042898,-71.275059,"WGS84",45.2,422.8,0.3,"3 - trap door open or closed w/ spoor left","ShermanLF","2023-09-20","2023-09-20",,,,,,,,,,,,,,,,,,,,,,,,,,,,,"did not check","dry ice",,,,,,,,,,,,,,"0000-0002-5964-2409","0009-0004-7358-8332",,,"6a96f43f-e309-46c3-af81-7597d40d4edc"
"203e25e3-4f95-4d1c-b78c-e6db3b63b83e","98556381-26f1-4390-b3c3-3f2597505e5c","BART_012.mammalGrid.mam","D01","BART","BART_012","J8","distributed","deciduousForest",44.047478,-71.315451,"WGS84",45.3,579.9,0.4,"3 - trap door open or closed w/ spoor left","ShermanLF","2023-09-20","2023-09-20",,,,,,,,,,,,,,,,,,,,,,,,,,,,,"did not check","dry ice",,,,,,,,,,,,,,"0009-0004-7358-8332","0000-0002-5964-2409",,,"0a5f09cc-86d4-480c-81c5-4ea9ad8fa05d"
"7f6af2e6-3fdd-4c35-ae9e-6a791bc23af1","415f11cc-a5b1-4dcb-8bd9-a87574b768b2","BART_062.mammalGrid.mam","D01","BART","BART_062","D5","distributed","deciduousForest",44.057350,-71.308646,"WGS84",45.1,447.2,0.2,"2 - trap disturbed/door closed but empty","ShermanLF","2023-09-20","2023-09-20",,,,,,,,,,,,,,,,,,,,,,,,,,,,,"did not check","dry ice",,,,,,,,,,,,,,"0009-0003-6644-7278","0009-0000-8146-6897",,,"e21dfb3d-b2ea-4c4d-9293-a6e322ed6d49"
"c5ecdf06-b5ce-4450-9538-5641fe87115f","98556381-26f1-4390-b3c3-3f2597505e5c","BART_012.mammalGrid.mam","D01","BART","BART_012","H4","distributed","deciduousForest",44.047478,-71.315451,"WGS84",45.3,579.9,0.4,"6 - trap set and empty","ShermanLF","2023-09-20","2023-09-20",,,,,,,,,,,,,,,,,,,,,,,,,,,,,,,,,,,,,,,,,,,,"0009-0004-7358-8332","0000-0002-5964-2409",,,"40678311-5ca5-4dba-b3b1-5f2575fea266"
"615b4e76-fee5-4fe0-8b64-2ddc003315a1","415f11cc-a5b1-4dcb-8bd9-a87574b768b2","BART_062.mammalGrid.mam","D01","BART","BART_062","G5","distributed","deciduousForest",44.057350,-71.308646,"WGS84",45.1,447.2,0.2,"2 - trap disturbed/door closed but empty","ShermanLF","2023-09-20","2023-09-20",,,,,,,,,,,,,,,,,,,,,,,,,,,,,"did not check","dry ice",,,,,,,,,,,,,,"0009-0003-6644-7278","0009-0000-8146-6897",,,"08db7d6c-5681-4580-80c8-1479f53cba05"
"5847cd70-f299-4623-84e4-7618fe3e179a","98556381-26f1-4390-b3c3-3f2597505e5c","BART_012.mammalGrid.mam","D01","BART","BART_012","E5","distributed","deciduousForest",44.047478,-71.315451,"WGS84",45.3,579.9,0.4,"6 - trap set and empty","ShermanLF","2023-09-20","2023-09-20",,,,,,,,,,,,,,,,,,,,,,,,,,,,,,,,,,,,,,,,,,,,"0009-0004-7358-8332","0000-0002-5964-2409",,,"e2508557-b31c-4ec4-b169-6785969b2e8b"
"d8684a9e-f7f8-41df-bfb2-9b2aa230b1f8","d8a35f9a-a0c7-49a5-8497-c2f475ef724f","BART_015.mammalGrid.mam","D01","BART","BART_015","H8","distributed","mixedForest",44.042898,-71.275059,"WGS84",45.2,422.8,0.3,"6 - trap set and empty","ShermanLF","2023-09-20","2023-09-20",,,,,,,,,,,,,,,,,,,,,,,,,,,,,,,,,,,,,,,,,,,,"0000-0002-5964-2409","0009-0004-7358-8332",,,"158aa9bf-bed4-4591-8466-3a8442225868"
"8dfd053b-6716-42ee-a1d3-5c34bfe699a3","98556381-26f1-4390-b3c3-3f2597505e5c","BART_012.mammalGrid.mam","D01","BART","BART_012","F6","distributed","deciduousForest",44.047478,-71.315451,"WGS84",45.3,579.9,0.4,"6 - trap set and empty","ShermanLF","2023-09-20","2023-09-20",,,,,,,,,,,,,,,,,,,,,,,,,,,,,,,,,,,,,,,,,,,,"0009-0004-7358-8332","0000-0002-5964-2409",,,"76605e84-17ae-4dab-b17c-63766f364895"
"e301eea2-6d81-4c3d-b26b-09947f94b095","415f11cc-a5b1-4dcb-8bd9-a87574b768b2","BART_062.mammalGrid.mam","D01","BART","BART_062","F6","distributed","deciduousForest",44.057350,-71.308646,"WGS84",45.1,447.2,0.2,"6 - trap set and empty","ShermanLF","2023-09-20","2023-09-20",,,,,,,,,,,,,,,,,,,,,,,,,,,,,,,,,,,,,,,,,,,,"0009-0003-6644-7278","0009-0000-8146-6897",,,"d0218bf1-50da-4264-a56a-1602e87e6bfe"
"6c1d52fe-b317-47bc-b0c2-706ad50ba41e","d8a35f9a-a0c7-49a5-8497-c2f475ef724f","BART_015.mammalGrid.mam","D01","BART","BART_015","H9","distributed","mixedForest",44.042898,-71.275059,"WGS84",45.2,422.8,0.3,"6 - trap set and empty","ShermanLF","2023-09-20","2023-09-20",,,,,,,,,,,,,,,,,,,,,,,,,,,,,,,,,,,,,,,,,,,,"0000-0002-5964-2409","0009-0004-7358-8332",,,"ccad08fa-1d9b-4876-997d-15ecacacf7b1"
"cab3c5b3-6beb-40ac-854d-8e3008b64edf","d8a35f9a-a0c7-49a5-8497-c2f475ef724f","BART_015.mammalGrid.mam","D01","BART","BART_015","B9","distributed","mixedForest",44.042898,-71.275059,"WGS84",45.2,422.8,0.3,"3 - trap door open or closed w/ spoor left","ShermanLF","2023-09-20","2023-09-20",,,,,,,,,,,,,,,,,,,,,,,,,,,,,"did not check","dry ice",,,,,,,,,,,,,,"0000-0002-5964-2409","0009-0004-7358-8332",,,"b97646ad-6c37-4ae3-ad2c-636904dee195"
"28369282-ecf1-4297-8d9e-92390651509c","98556381-26f1-4390-b3c3-3f2597505e5c","BART_012.mammalGrid.mam","D01","BART","BART_012","I10","distributed","deciduousForest",44.047478,-71.315451,"WGS84",45.3,579.9,0.4,"3 - trap door open or closed w/ spoor left","ShermanLF","2023-09-20","2023-09-20",,,,,,,,,,,,,,,,,,,,,,,,,,,,,"did not check","dry ice",,,,,,,,,,,,,,"0009-0004-7358-8332","0000-0002-5964-2409",,,"4a366fca-1dcd-4dfd-b070-a22d56cf47b9"
"068a4b8c-d44b-4313-aba1-ca4c5c710b2f","98556381-26f1-4390-b3c3-3f2597505e5c","BART_012.mammalGrid.mam","D01","BART","BART_012","A8","distributed","deciduousForest",44.047478,-71.315451,"WGS84",45.3,579.9,0.4,"6 - trap set and empty","ShermanLF","2023-09-20","2023-09-20",,,,,,,,,,,,,,,,,,,,,,,,,,,,,,,,,,,,,,,,,,,,"0009-0004-7358-8332","0000-0002-5964-2409",,,"f45b2298-5586-4656-a48e-99c5fa23d226"
"74023819-6042-4428-b865-a6d801406c36","98556381-26f1-4390-b3c3-3f2597505e5c","BART_012.mammalGrid.mam","D01","BART","BART_012","J9","distributed","deciduousForest",44.047478,-71.315451,"WGS84",45.3,579.9,0.4,"3 - trap door open or closed w/ spoor left","ShermanLF","2023-09-20","2023-09-20",,,,,,,,,,,,,,,,,,,,,,,,,,,,,"did not check","dry ice",,,,,,,,,,,,,,"0009-0004-7358-8332","0000-0002-5964-2409",,,"9e3ceaec-5465-41ef-a425-a5bb55fcb64f"
"06c94ee4-c05d-40a7-9729-7f1e59529f2c","415f11cc-a5b1-4dcb-8bd9-a87574b768b2","BART_062.mammalGrid.mam","D01","BART","BART_062","F7","distributed","deciduousForest",44.057350,-71.308646,"WGS84",45.1,447.2,0.2,"6 - trap set and empty","ShermanLF","2023-09-20","2023-09-20",,,,,,,,,,,,,,,,,,,,,,,,,,,,,,,,,,,,,,,,,,,,"0009-0003-6644-7278","0009-0000-8146-6897",,,"fa4a48dd-15ed-4411-b137-5718df690fc5"
"2465cb56-3453-44fa-94ef-11cd78104126","415f11cc-a5b1-4dcb-8bd9-a87574b768b2","BART_062.mammalGrid.mam","D01","BART","BART_062","G4","distributed","deciduousForest",44.057350,-71.308646,"WGS84",45.1,447.2,0.2,"6 - trap set and empty","ShermanLF","2023-09-20","2023-09-20",,,,,,,,,,,,,,,,,,,,,,,,,,,,,,,,,,,,,,,,,,,,"0009-0003-6644-7278","0009-0000-8146-6897",,,"8e16eede-d0c8-41d6-a12f-fd769a39d6a4"
"73529f4d-1d3d-4e82-93ae-35f71f219bff","d8a35f9a-a0c7-49a5-8497-c2f475ef724f","BART_015.mammalGrid.mam","D01","BART","BART_015","J10","distributed","mixedForest",44.042898,-71.275059,"WGS84",45.2,422.8,0.3,"3 - trap door open or closed w/ spoor left","ShermanLF","2023-09-20","2023-09-20",,,,,,,,,,,,,,,,,,,,,,,,,,,,,"did not check","dry ice",,,,,,,,,,,,,,"0000-0002-5964-2409","0009-0004-7358-8332",,,"8a37a603-8fc1-414b-b7e4-49bb963aa546"
"02b7f341-d7b0-48d0-b71f-93c53c00eb3c","415f11cc-a5b1-4dcb-8bd9-a87574b768b2","BART_062.mammalGrid.mam","D01","BART","BART_062","F5","distributed","deciduousForest",44.057350,-71.308646,"WGS84",45.1,447.2,0.2,"6 - trap set and empty","ShermanLF","2023-09-20","2023-09-20",,,,,,,,,,,,,,,,,,,,,,,,,,,,,,,,,,,,,,,,,,,,"0009-0003-6644-7278","0009-0000-8146-6897",,,"b0ed108d-7fe9-46f8-822c-458b888888c6"
"ec6c3636-841a-47de-b9c6-da5e26858e4a","415f11cc-a5b1-4dcb-8bd9-a87574b768b2","BART_062.mammalGrid.mam","D01","BART","BART_062","J7","distributed","deciduousForest",44.057350,-71.308646,"WGS84",45.1,447.2,0.2,"6 - trap set and empty","ShermanLF","2023-09-20","2023-09-20",,,,,,,,,,,,,,,,,,,,,,,,,,,,,,,,,,,,,,,,,,,,"0009-0003-6644-7278","0009-0000-8146-6897",,,"3f3cfe8a-bac0-4653-9b0e-7391d62aad16"
"d1b3afad-4ab1-4ded-b0d9-c1037e304afd","d8a35f9a-a0c7-49a5-8497-c2f475ef724f","BART_015.mammalGrid.mam","D01","BART","BART_015","A5","distributed","mixedForest",44.042898,-71.275059,"WGS84",45.2,422.8,0.3,"5 - capture","ShermanLF","2023-09-20","2023-09-20","NEON.MAM.D01.O015A520230920",,"BLBR","Blarina brevicauda","species",,"NEON.DOC.001907",,,"N","U","U","dead",,"unknown",,,,,,,,,,"U","U","U",,"did not check","dry ice",,,,,,,,,,,,"BART.20230920.O015A520230920.V","B00000165700","0000-0002-5964-2409","0009-0004-7358-8332","Teeth not black",,"2822dbfe-348a-4735-a67f-19bc42c7f9be"
"5e023217-19d7-4b76-90a2-9d188efb3101","415f11cc-a5b1-4dcb-8bd9-a87574b768b2","BART_062.mammalGrid.mam","D01","BART","BART_062","D4","distributed","deciduousForest",44.057350,-71.308646,"WGS84",45.1,447.2,0.2,"6 - trap set and empty","ShermanLF","2023-09-20","2023-09-20",,,,,,,,,,,,,,,,,,,,,,,,,,,,,,,,,,,,,,,,,,,,"0009-0003-6644-7278","0009-0000-8146-6897",,,"c24aa868-f72c-4310-b2b3-5b02353a13c6"
"a2216f9e-ac14-4060-81b0-4eb1ca12644a","d8a35f9a-a0c7-49a5-8497-c2f475ef724f","BART_015.mammalGrid.mam","D01","BART","BART_015","C5","distributed","mixedForest",44.042898,-71.275059,"WGS84",45.2,422.8,0.3,"3 - trap door open or closed w/ spoor left","ShermanLF","2023-09-20","2023-09-20",,,,,,,,,,,,,,,,,,,,,,,,,,,,,"did not check","dry ice",,,,,,,,,,,,,,"0000-0002-5964-2409","0009-0004-7358-8332",,,"0401e137-12ef-42a7-af1e-b90bdbe37b05"
"a9e161d4-2a80-4435-a2aa-943dd43fce51","d8a35f9a-a0c7-49a5-8497-c2f475ef724f","BART_015.mammalGrid.mam","D01","BART","BART_015","H2","distributed","mixedForest",44.042898,-71.275059,"WGS84",45.2,422.8,0.3,"6 - trap set and empty","ShermanLF","2023-09-20","2023-09-20",,,,,,,,,,,,,,,,,,,,,,,,,,,,,,,,,,,,,,,,,,,,"0000-0002-5964-2409","0009-0004-7358-8332",,,"b45f2142-f24d-4c0a-8e80-5cac32b97d06"
"8f45d059-9344-46e1-a95a-aafe59bd8b02","98556381-26f1-4390-b3c3-3f2597505e5c","BART_012.mammalGrid.mam","D01","BART","BART_012","A3","distributed","deciduousForest",44.047478,-71.315451,"WGS84",45.3,579.9,0.4,"6 - trap set and empty","ShermanLF","2023-09-20","2023-09-20",,,,,,,,,,,,,,,,,,,,,,,,,,,,,,,,,,,,,,,,,,,,"0009-0004-7358-8332","0000-0002-5964-2409",,,"90a1d288-d896-404d-b29a-cf8e0851b70d"
"ab4b3169-0a5a-45bf-b0bb-4a5b7b22f8b9","98556381-26f1-4390-b3c3-3f2597505e5c","BART_012.mammalGrid.mam","D01","BART","BART_012","I1","distributed","deciduousForest",44.047478,-71.315451,"WGS84",45.3,579.9,0.4,"6 - trap set and empty","ShermanLF","2023-09-20","2023-09-20",,,,,,,,,,,,,,,,,,,,,,,,,,,,,,,,,,,,,,,,,,,,"0009-0004-7358-8332","0000-0002-5964-2409",,,"eb20e2e4-5f8d-449a-939c-17d43dd7f4d2"
"062de9c8-997a-4950-9638-3a5861f42afb","98556381-26f1-4390-b3c3-3f2597505e5c","BART_012.mammalGrid.mam","D01","BART","BART_012","H2","distributed","deciduousForest",44.047478,-71.315451,"WGS84",45.3,579.9,0.4,"6 - trap set and empty","ShermanLF","2023-09-20","2023-09-20",,,,,,,,,,,,,,,,,,,,,,,,,,,,,,,,,,,,,,,,,,,,"0009-0004-7358-8332","0000-0002-5964-2409",,,"b0ffcb2a-c8c4-4dcd-ad19-77b93854a6c2"
"544a3b82-7fa5-4998-8f65-ae3cd9e1dc8f","d8a35f9a-a0c7-49a5-8497-c2f475ef724f","BART_015.mammalGrid.mam","D01","BART","BART_015","I7","distributed","mixedForest",44.042898,-71.275059,"WGS84",45.2,422.8,0.3,"6 - trap set and empty","ShermanLF","2023-09-20","2023-09-20",,,,,,,,,,,,,,,,,,,,,,,,,,,,,,,,,,,,,,,,,,,,"0000-0002-5964-2409","0009-0004-7358-8332",,,"675124c5-4d4c-46b6-9c9f-b41acf79c3ff"
"42f3d524-0b7e-4331-8857-6366f45d7ee9","98556381-26f1-4390-b3c3-3f2597505e5c","BART_012.mammalGrid.mam","D01","BART","BART_012","C2","distributed","deciduousForest",44.047478,-71.315451,"WGS84",45.3,579.9,0.4,"3 - trap door open or closed w/ spoor left","ShermanLF","2023-09-20","2023-09-20",,,,,,,,,,,,,,,,,,,,,,,,,,,,,"did not check","dry ice",,,,,,,,,,,,,,"0009-0004-7358-8332","0000-0002-5964-2409",,,"83506135-9e14-4c41-8b58-512f8a00ba5b"
"23a9faa8-d54a-4ee1-ae36-bbeb0ffd57a3","d8a35f9a-a0c7-49a5-8497-c2f475ef724f","BART_015.mammalGrid.mam","D01","BART","BART_015","I2","distributed","mixedForest",44.042898,-71.275059,"WGS84",45.2,422.8,0.3,"6 - trap set and empty","ShermanLF","2023-09-20","2023-09-20",,,,,,,,,,,,,,,,,,,,,,,,,,,,,,,,,,,,,,,,,,,,"0000-0002-5964-2409","0009-0004-7358-8332",,,"5aa8d7f2-fccd-4f09-bca1-b2d4a452e0c5"
"78b0d413-1dc3-4f1f-b75f-f8c3e4f4b4e3","98556381-26f1-4390-b3c3-3f2597505e5c","BART_012.mammalGrid.mam","D01","BART","BART_012","B3","distributed","deciduousForest",44.047478,-71.315451,"WGS84",45.3,579.9,0.4,"6 - trap set and empty","ShermanLF","2023-09-20","2023-09-20",,,,,,,,,,,,,,,,,,,,,,,,,,,,,,,,,,,,,,,,,,,,"0009-0004-7358-8332","0000-0002-5964-2409",,,"de7c6bf5-cb67-47bc-8e1b-d2c5b219c6fc"
"d7d275c4-b948-4135-a419-9f6b82cb194a","415f11cc-a5b1-4dcb-8bd9-a87574b768b2","BART_062.mammalGrid.mam","D01","BART","BART_062","B10","distributed","deciduousForest",44.057350,-71.308646,"WGS84",45.1,447.2,0.2,"6 - trap set and empty","ShermanLF","2023-09-20","2023-09-20",,,,,,,,,,,,,,,,,,,,,,,,,,,,,,,,,,,,,,,,,,,,"0009-0003-6644-7278","0009-0000-8146-6897",,,"121c6ddb-97d6-400c-b468-f1daad210487"
"8f93c04e-96b2-4518-b98d-754a1d07429a","415f11cc-a5b1-4dcb-8bd9-a87574b768b2","BART_062.mammalGrid.mam","D01","BART","BART_062","G6","distributed","deciduousForest",44.057350,-71.308646,"WGS84",45.1,447.2,0.2,"6 - trap set and empty","ShermanLF","2023-09-20","2023-09-20",,,,,,,,,,,,,,,,,,,,,,,,,,,,,,,,,,,,,,,,,,,,"0009-0003-6644-7278","0009-0000-8146-6897",,,"0944445e-dbbd-4afd-b13e-d6f36ec4764a"
"df2ea927-5864-4843-bc6c-5c69696f0d13","d8a35f9a-a0c7-49a5-8497-c2f475ef724f","BART_015.mammalGrid.mam","D01","BART","BART_015","H1","distributed","mixedForest",44.042898,-71.275059,"WGS84",45.2,422.8,0.3,"2 - trap disturbed/door closed but empty","ShermanLF","2023-09-20","2023-09-20",,,,,,,,,,,,,,,,,,,,,,,,,,,,,"did not check","dry ice",,,,,,,,,,,,,,"0000-0002-5964-2409","0009-0004-7358-8332",,,"5a866660-dcc2-4c6c-a33d-3c7b610f491d"
"32a68a7a-20b1-4d92-beb3-b9adee724e61","98556381-26f1-4390-b3c3-3f2597505e5c","BART_012.mammalGrid.mam","D01","BART","BART_012","C1","distributed","deciduousForest",44.047478,-71.315451,"WGS84",45.3,579.9,0.4,"6 - trap set and empty","ShermanLF","2023-09-20","2023-09-20",,,,,,,,,,,,,,,,,,,,,,,,,,,,,,,,,,,,,,,,,,,,"0009-0004-7358-8332","0000-0002-5964-2409",,,"90f8088c-6d7f-400c-8c6e-2c0db555eeb7"
"7056a63b-b45b-4406-b3f1-f44b4411d500","d8a35f9a-a0c7-49a5-8497-c2f475ef724f","BART_015.mammalGrid.mam","D01","BART","BART_015","I6","distributed","mixedForest",44.042898,-71.275059,"WGS84",45.2,422.8,0.3,"6 - trap set and empty","ShermanLF","2023-09-20","2023-09-20",,,,,,,,,,,,,,,,,,,,,,,,,,,,,,,,,,,,,,,,,,,,"0000-0002-5964-2409","0009-0004-7358-8332",,,"f11e1bef-3ce8-4394-9b39-79c0f998a161"
"b228d22e-0554-445d-b178-5969eefa91df","98556381-26f1-4390-b3c3-3f2597505e5c","BART_012.mammalGrid.mam","D01","BART","BART_012","F1","distributed","deciduousForest",44.047478,-71.315451,"WGS84",45.3,579.9,0.4,"6 - trap set and empty","ShermanLF","2023-09-20","2023-09-20",,,,,,,,,,,,,,,,,,,,,,,,,,,,,,,,,,,,,,,,,,,,"0009-0004-7358-8332","0000-0002-5964-2409",,,"01628d08-26b5-424d-b831-01adca87505a"
"db6d388e-3da1-4a83-8726-43deb8e39f4f","98556381-26f1-4390-b3c3-3f2597505e5c","BART_012.mammalGrid.mam","D01","BART","BART_012","I7","distributed","deciduousForest",44.047478,-71.315451,"WGS84",45.3,579.9,0.4,"6 - trap set and empty","ShermanLF","2023-09-20","2023-09-20",,,,,,,,,,,,,,,,,,,,,,,,,,,,,,,,,,,,,,,,,,,,"0009-0004-7358-8332","0000-0002-5964-2409",,,"c1137afe-e4d0-4396-809d-f15adc6c2c75"
"161091fb-8670-4bb8-ab34-d52c7e6e3960","415f11cc-a5b1-4dcb-8bd9-a87574b768b2","BART_062.mammalGrid.mam","D01","BART","BART_062","D3","distributed","deciduousForest",44.057350,-71.308646,"WGS84",45.1,447.2,0.2,"6 - trap set and empty","ShermanLF","2023-09-20","2023-09-20",,,,,,,,,,,,,,,,,,,,,,,,,,,,,,,,,,,,,,,,,,,,"0009-0003-6644-7278","0009-0000-8146-6897",,,"0aef6e0d-adb1-4172-9197-8c87979d17cc"
"9be0c316-9c0f-44ca-acdd-8ff66b967a38","415f11cc-a5b1-4dcb-8bd9-a87574b768b2","BART_062.mammalGrid.mam","D01","BART","BART_062","H9","distributed","deciduousForest",44.057350,-71.308646,"WGS84",45.1,447.2,0.2,"6 - trap set and empty","ShermanLF","2023-09-20","2023-09-20",,,,,,,,,,,,,,,,,,,,,,,,,,,,,,,,,,,,,,,,,,,,"0009-0003-6644-7278","0009-0000-8146-6897",,,"6dcd0ed3-38b7-4475-93f2-c7ce556463be"
"6005460f-696f-47bd-ab75-e94f7c5021b9","d8a35f9a-a0c7-49a5-8497-c2f475ef724f","BART_015.mammalGrid.mam","D01","BART","BART_015","F4","distributed","mixedForest",44.042898,-71.275059,"WGS84",45.2,422.8,0.3,"6 - trap set and empty","ShermanLF","2023-09-20","2023-09-20",,,,,,,,,,,,,,,,,,,,,,,,,,,,,,,,,,,,,,,,,,,,"0000-0002-5964-2409","0009-0004-7358-8332",,,"113308c2-00e7-4dcb-a2af-fafb1dac9cd1"
"31506eaa-96bd-4a84-9627-024d082ca806","d8a35f9a-a0c7-49a5-8497-c2f475ef724f","BART_015.mammalGrid.mam","D01","BART","BART_015","B10","distributed","mixedForest",44.042898,-71.275059,"WGS84",45.2,422.8,0.3,"5 - capture","ShermanLF","2023-09-20","2023-09-20","NEON.MAM.D01.R6322",,"NAIN","Napaeozapus insignis","species",,"NEON.DOC.001907",,,"N","M","N","processed",,"adult","scrotal",,,,34,,,,14,"N","N","N",,"none","dry ice","BART.20230920.R6322.B","D00000037322","mandibular",,,,,,,,,,,"0000-0002-5964-2409","0009-0004-7358-8332",,,"1628ea0a-4171-4ce3-b01b-bc9d938f21ed"
"a74c2dc7-40a0-4b3d-a483-7d1b5e9dbdc0","d8a35f9a-a0c7-49a5-8497-c2f475ef724f","BART_015.mammalGrid.mam","D01","BART","BART_015","D1","distributed","mixedForest",44.042898,-71.275059,"WGS84",45.2,422.8,0.3,"5 - capture","ShermanLF","2023-09-20","2023-09-20","NEON.MAM.D01.R9071",,"PEMA","Peromyscus maniculatus","species","cf. species","NEON.DOC.001907",,,"N","M","N","processed",,"juvenile","nonscrotal",,,,21,15,91,,,"N","N","N",,"did not check","dry ice","BART.20230920.R9071.B","D00000078925","mandibular",,,,,,,,,,,"0000-0002-5964-2409","0009-0004-7358-8332",,,"7537c0c0-7223-47cb-8805-7cc6b2958b44"
"fa6826a6-d437-45e5-a932-35fa3c51c324","415f11cc-a5b1-4dcb-8bd9-a87574b768b2","BART_062.mammalGrid.mam","D01","BART","BART_062","C7","distributed","deciduousForest",44.057350,-71.308646,"WGS84",45.1,447.2,0.2,"6 - trap set and empty","ShermanLF","2023-09-20","2023-09-20",,,,,,,,,,,,,,,,,,,,,,,,,,,,,,,,,,,,,,,,,,,,"0009-0003-6644-7278","0009-0000-8146-6897",,,"657996e6-4866-4b0a-a883-a7956f858fc2"
"fea7cc10-4547-41a0-962c-f3899b068929","98556381-26f1-4390-b3c3-3f2597505e5c","BART_012.mammalGrid.mam","D01","BART","BART_012","I2","distributed","deciduousForest",44.047478,-71.315451,"WGS84",45.3,579.9,0.4,"6 - trap set and empty","ShermanLF","2023-09-20","2023-09-20",,,,,,,,,,,,,,,,,,,,,,,,,,,,,,,,,,,,,,,,,,,,"0009-0004-7358-8332","0000-0002-5964-2409",,,"c9b0be2d-b388-4997-a8fd-13e1064f8e44"
"7558783d-d358-410f-bdcc-b3c6a4c69b6b","415f11cc-a5b1-4dcb-8bd9-a87574b768b2","BART_062.mammalGrid.mam","D01","BART","BART_062","H6","distributed","deciduousForest",44.057350,-71.308646,"WGS84",45.1,447.2,0.2,"6 - trap set and empty","ShermanLF","2023-09-20","2023-09-20",,,,,,,,,,,,,,,,,,,,,,,,,,,,,,,,,,,,,,,,,,,,"0009-0003-6644-7278","0009-0000-8146-6897",,,"fa4223a8-bde3-472d-82e0-dba6ab1cef22"
"874c2256-1bd1-40ec-9604-3cef836048e6","d8a35f9a-a0c7-49a5-8497-c2f475ef724f","BART_015.mammalGrid.mam","D01","BART","BART_015","A2","distributed","mixedForest",44.042898,-71.275059,"WGS84",45.2,422.8,0.3,"3 - trap door open or closed w/ spoor left","ShermanLF","2023-09-20","2023-09-20",,,,,,,,,,,,,,,,,,,,,,,,,,,,,"did not check","dry ice",,,,,,,,,,,,,,"0000-0002-5964-2409","0009-0004-7358-8332",,,"a029175d-cd23-4758-a385-e3cdd317a8c5"
"16163c56-23a4-48d8-b5e2-d6f5ee3f5e48","d8a35f9a-a0c7-49a5-8497-c2f475ef724f","BART_015.mammalGrid.mam","D01","BART","BART_015","D7","distributed","mixedForest",44.042898,-71.275059,"WGS84",45.2,422.8,0.3,"3 - trap door open or closed w/ spoor left","ShermanLF","2023-09-20","2023-09-20",,,,,,,,,,,,,,,,,,,,,,,,,,,,,"did not check","dry ice",,,,,,,,,,,,,,"0000-0002-5964-2409","0009-0004-7358-8332",,,"7a615153-b8fd-4147-8317-2f1c5317c1fe"
"21d41904-84c5-4e9e-8a9a-387924a89f37","98556381-26f1-4390-b3c3-3f2597505e5c","BART_012.mammalGrid.mam","D01","BART","BART_012","F10","distributed","deciduousForest",44.047478,-71.315451,"WGS84",45.3,579.9,0.4,"3 - trap door open or closed w/ spoor left","ShermanLF","2023-09-20","2023-09-20",,,,,,,,,,,,,,,,,,,,,,,,,,,,,"did not check","dry ice",,,,,,,,,,,,,,"0009-0004-7358-8332","0000-0002-5964-2409",,,"e6c65791-59a9-4feb-9ed7-c3674e3f14f5"
"eeb930b2-ac58-4514-989e-cc3add27b2a1","d8a35f9a-a0c7-49a5-8497-c2f475ef724f","BART_015.mammalGrid.mam","D01","BART","BART_015","E3","distributed","mixedForest",44.042898,-71.275059,"WGS84",45.2,422.8,0.3,"6 - trap set and empty","ShermanLF","2023-09-20","2023-09-20",,,,,,,,,,,,,,,,,,,,,,,,,,,,,,,,,,,,,,,,,,,,"0000-0002-5964-2409","0009-0004-7358-8332",,,"b9b9b0c5-f5ad-46a2-a3cc-c1127944303f"
"c13bb608-3605-4402-b10c-e5b624a8e662","d8a35f9a-a0c7-49a5-8497-c2f475ef724f","BART_015.mammalGrid.mam","D01","BART","BART_015","C8","distributed","mixedForest",44.042898,-71.275059,"WGS84",45.2,422.8,0.3,"6 - trap set and empty","ShermanLF","2023-09-20","2023-09-20",,,,,,,,,,,,,,,,,,,,,,,,,,,,,,,,,,,,,,,,,,,,"0000-0002-5964-2409","0009-0004-7358-8332",,,"ab431363-78cb-4452-b328-cacb68dc9938"
"c43407df-e2f3-41f6-9d7d-af90d7770b7d","d8a35f9a-a0c7-49a5-8497-c2f475ef724f","BART_015.mammalGrid.mam","D01","BART","BART_015","C9","distributed","mixedForest",44.042898,-71.275059,"WGS84",45.2,422.8,0.3,"6 - trap set and empty","ShermanLF","2023-09-20","2023-09-20",,,,,,,,,,,,,,,,,,,,,,,,,,,,,,,,,,,,,,,,,,,,"0000-0002-5964-2409","0009-0004-7358-8332",,,"d3a06859-853d-4769-8f7b-303d58c2f5f9"
"762d7b33-5f70-46c8-85c5-c6209ea53006","d8a35f9a-a0c7-49a5-8497-c2f475ef724f","BART_015.mammalGrid.mam","D01","BART","BART_015","F6","distributed","mixedForest",44.042898,-71.275059,"WGS84",45.2,422.8,0.3,"5 - capture","ShermanLF","2023-09-20","2023-09-20","NEON.MAM.D01.L9060",,"PELEPEMA","Peromyscus leucopus/maniculatus","speciesGroup",,"NEON.DOC.001907",,,"N","M","Y","processed",,"adult","nonscrotal",,,,19,15,94,,22,"N","N","N",,"none","dry ice",,,"unsuccessful",,,,,,,,,,,"0000-0002-5964-2409","0009-0004-7358-8332","Mites",,"593b9dcd-73c6-473c-8563-e57ea68f25e5"
"3f75c429-1e6f-444b-ac08-005835645f01","415f11cc-a5b1-4dcb-8bd9-a87574b768b2","BART_062.mammalGrid.mam","D01","BART","BART_062","J5","distributed","deciduousForest",44.057350,-71.308646,"WGS84",45.1,447.2,0.2,"6 - trap set and empty","ShermanLF","2023-09-20","2023-09-20",,,,,,,,,,,,,,,,,,,,,,,,,,,,,,,,,,,,,,,,,,,,"0009-0003-6644-7278","0009-0000-8146-6897",,,"71c37a4d-9ca3-48e9-84b8-30bcd2a73b45"
"ca1a647b-5038-4825-b5c0-3d404c075e0f","415f11cc-a5b1-4dcb-8bd9-a87574b768b2","BART_062.mammalGrid.mam","D01","BART","BART_062","I4","distributed","deciduousForest",44.057350,-71.308646,"WGS84",45.1,447.2,0.2,"6 - trap set and empty","ShermanLF","2023-09-20","2023-09-20",,,,,,,,,,,,,,,,,,,,,,,,,,,,,,,,,,,,,,,,,,,,"0009-0003-6644-7278","0009-0000-8146-6897",,,"6eb4a2b8-59d4-44f0-bde0-8d83506d812b"
"186225d4-b91b-4f8f-ac24-a9d92226a106","415f11cc-a5b1-4dcb-8bd9-a87574b768b2","BART_062.mammalGrid.mam","D01","BART","BART_062","B9","distributed","deciduousForest",44.057350,-71.308646,"WGS84",45.1,447.2,0.2,"5 - capture","ShermanLF","2023-09-20","2023-09-20","NEON.MAM.D01.R8576",,"PELEPEMA","Peromyscus leucopus/maniculatus","speciesGroup",,"NEON.DOC.001907",,,"N","F","Y","escaped",,"adult",,"enlarged",,,,,,,,"U","U","U",,"did not check","dry ice",,,,,,,,,,,,,,"0009-0003-6644-7278","0009-0000-8146-6897",,,"4f5b3cc2-980e-4d4a-b803-8d2fa6c40ed5"
"18f25bc1-ec48-42b1-8b42-2a7492bd7723","98556381-26f1-4390-b3c3-3f2597505e5c","BART_012.mammalGrid.mam","D01","BART","BART_012","I6","distributed","deciduousForest",44.047478,-71.315451,"WGS84",45.3,579.9,0.4,"6 - trap set and empty","ShermanLF","2023-09-20","2023-09-20",,,,,,,,,,,,,,,,,,,,,,,,,,,,,,,,,,,,,,,,,,,,"0009-0004-7358-8332","0000-0002-5964-2409",,,"6fb4931d-a4cf-4f57-807a-2828f1afd0f1"
"50bc2d37-84e3-4b8f-931b-6ce78c543847","415f11cc-a5b1-4dcb-8bd9-a87574b768b2","BART_062.mammalGrid.mam","D01","BART","BART_062","B7","distributed","deciduousForest",44.057350,-71.308646,"WGS84",45.1,447.2,0.2,"6 - trap set and empty","ShermanLF","2023-09-20","2023-09-20",,,,,,,,,,,,,,,,,,,,,,,,,,,,,,,,,,,,,,,,,,,,"0009-0003-6644-7278","0009-0000-8146-6897",,,"c3e86a5b-1a02-4497-ba36-7a5689c50273"
"1a929dec-ff47-40a6-892c-af854c5dc89b","d8a35f9a-a0c7-49a5-8497-c2f475ef724f","BART_015.mammalGrid.mam","D01","BART","BART_015","B8","distributed","mixedForest",44.042898,-71.275059,"WGS84",45.2,422.8,0.3,"3 - trap door open or closed w/ spoor left","ShermanLF","2023-09-20","2023-09-20",,,,,,,,,,,,,,,,,,,,,,,,,,,,,"did not check","dry ice",,,,,,,,,,,,,,"0000-0002-5964-2409","0009-0004-7358-8332",,,"5d2514f4-c5cf-4c72-9dda-823dca4bc096"
"38bc3020-49cb-446f-b11e-32ad48097957","d8a35f9a-a0c7-49a5-8497-c2f475ef724f","BART_015.mammalGrid.mam","D01","BART","BART_015","J6","distributed","mixedForest",44.042898,-71.275059,"WGS84",45.2,422.8,0.3,"6 - trap set and empty","ShermanLF","2023-09-20","2023-09-20",,,,,,,,,,,,,,,,,,,,,,,,,,,,,,,,,,,,,,,,,,,,"0000-0002-5964-2409","0009-0004-7358-8332",,,"8f0485ea-0f06-4681-933d-fbe0e24c4a66"
"045aea5c-9e74-4744-ae7d-bb638fb64e61","415f11cc-a5b1-4dcb-8bd9-a87574b768b2","BART_062.mammalGrid.mam","D01","BART","BART_062","A5","distributed","deciduousForest",44.057350,-71.308646,"WGS84",45.1,447.2,0.2,"6 - trap set and empty","ShermanLF","2023-09-20","2023-09-20",,,,,,,,,,,,,,,,,,,,,,,,,,,,,,,,,,,,,,,,,,,,"0009-0003-6644-7278","0009-0000-8146-6897",,,"11720ead-895b-4299-abff-e98bf583e0eb"
"02132e32-1453-4a02-b19e-44d7b22959e8","d8a35f9a-a0c7-49a5-8497-c2f475ef724f","BART_015.mammalGrid.mam","D01","BART","BART_015","C7","distributed","mixedForest",44.042898,-71.275059,"WGS84",45.2,422.8,0.3,"6 - trap set and empty","ShermanLF","2023-09-20","2023-09-20",,,,,,,,,,,,,,,,,,,,,,,,,,,,,,,,,,,,,,,,,,,,"0000-0002-5964-2409","0009-0004-7358-8332",,,"d5e31024-0417-446a-9c4a-ffeff9139fda"
"35747e30-aae4-499c-9df6-71ffd1a5bc7b","98556381-26f1-4390-b3c3-3f2597505e5c","BART_012.mammalGrid.mam","D01","BART","BART_012","D1","distributed","deciduousForest",44.047478,-71.315451,"WGS84",45.3,579.9,0.4,"6 - trap set and empty","ShermanLF","2023-09-20","2023-09-20",,,,,,,,,,,,,,,,,,,,,,,,,,,,,,,,,,,,,,,,,,,,"0009-0004-7358-8332","0000-0002-5964-2409",,,"07fa0804-3875-45e8-8686-43b5acd865f3"
"df7a6cba-9934-4920-aa00-9da0f546b33f","98556381-26f1-4390-b3c3-3f2597505e5c","BART_012.mammalGrid.mam","D01","BART","BART_012","C3","distributed","deciduousForest",44.047478,-71.315451,"WGS84",45.3,579.9,0.4,"6 - trap set and empty","ShermanLF","2023-09-20","2023-09-20",,,,,,,,,,,,,,,,,,,,,,,,,,,,,,,,,,,,,,,,,,,,"0009-0004-7358-8332","0000-0002-5964-2409",,,"8c4aa3bf-3bd1-4d2b-b8c4-eb8257203cc1"
"05f7dc98-e487-4b20-b6e3-e15471f96348","415f11cc-a5b1-4dcb-8bd9-a87574b768b2","BART_062.mammalGrid.mam","D01","BART","BART_062","E8","distributed","deciduousForest",44.057350,-71.308646,"WGS84",45.1,447.2,0.2,"6 - trap set and empty","ShermanLF","2023-09-20","2023-09-20",,,,,,,,,,,,,,,,,,,,,,,,,,,,,,,,,,,,,,,,,,,,"0009-0003-6644-7278","0009-0000-8146-6897",,,"122552a6-eeb7-40b1-8a7d-276707403fc8"
"2d1d581f-ffcd-4ead-a78d-01d22d6a7f09","415f11cc-a5b1-4dcb-8bd9-a87574b768b2","BART_062.mammalGrid.mam","D01","BART","BART_062","H3","distributed","deciduousForest",44.057350,-71.308646,"WGS84",45.1,447.2,0.2,"6 - trap set and empty","ShermanLF","2023-09-20","2023-09-20",,,,,,,,,,,,,,,,,,,,,,,,,,,,,,,,,,,,,,,,,,,,"0009-0003-6644-7278","0009-0000-8146-6897",,,"aa167d83-a9f9-4972-8529-04bbf832df59"
"9a803b1b-4041-4e85-b129-cf67c4271fbb","98556381-26f1-4390-b3c3-3f2597505e5c","BART_012.mammalGrid.mam","D01","BART","BART_012","G4","distributed","deciduousForest",44.047478,-71.315451,"WGS84",45.3,579.9,0.4,"6 - trap set and empty","ShermanLF","2023-09-20","2023-09-20",,,,,,,,,,,,,,,,,,,,,,,,,,,,,,,,,,,,,,,,,,,,"0009-0004-7358-8332","0000-0002-5964-2409",,,"86543b0b-9d7a-4eac-a742-3dd354ae9906"
"4788303a-99dd-4443-8e1c-82ea1f7cbeac","415f11cc-a5b1-4dcb-8bd9-a87574b768b2","BART_062.mammalGrid.mam","D01","BART","BART_062","F1","distributed","deciduousForest",44.057350,-71.308646,"WGS84",45.1,447.2,0.2,"6 - trap set and empty","ShermanLF","2023-09-20","2023-09-20",,,,,,,,,,,,,,,,,,,,,,,,,,,,,,,,,,,,,,,,,,,,"0009-0003-6644-7278","0009-0000-8146-6897",,,"b1a7718e-8f99-4662-9e3d-4477985e5d02"
"9e2dfe7b-d675-4eb8-aa99-ad209710636c","415f11cc-a5b1-4dcb-8bd9-a87574b768b2","BART_062.mammalGrid.mam","D01","BART","BART_062","A9","distributed","deciduousForest",44.057350,-71.308646,"WGS84",45.1,447.2,0.2,"6 - trap set and empty","ShermanLF","2023-09-20","2023-09-20",,,,,,,,,,,,,,,,,,,,,,,,,,,,,,,,,,,,,,,,,,,,"0009-0003-6644-7278","0009-0000-8146-6897",,,"1ba14afd-d2d2-4109-bf40-73ba81d9e79b"
"6bafafa0-2e66-4956-bded-92fb2a53877c","415f11cc-a5b1-4dcb-8bd9-a87574b768b2","BART_062.mammalGrid.mam","D01","BART","BART_062","G10","distributed","deciduousForest",44.057350,-71.308646,"WGS84",45.1,447.2,0.2,"6 - trap set and empty","ShermanLF","2023-09-20","2023-09-20",,,,,,,,,,,,,,,,,,,,,,,,,,,,,,,,,,,,,,,,,,,,"0009-0003-6644-7278","0009-0000-8146-6897",,,"50585f54-60df-4c29-a248-3dfd294634cb"
"0916dba9-ceb1-4de2-90e0-e604ffcf1e3b","98556381-26f1-4390-b3c3-3f2597505e5c","BART_012.mammalGrid.mam","D01","BART","BART_012","C7","distributed","deciduousForest",44.047478,-71.315451,"WGS84",45.3,579.9,0.4,"6 - trap set and empty","ShermanLF","2023-09-20","2023-09-20",,,,,,,,,,,,,,,,,,,,,,,,,,,,,,,,,,,,,,,,,,,,"0009-0004-7358-8332","0000-0002-5964-2409",,,"087a7263-cc94-4597-bd73-ad9fd8ddd5c2"
"afd90520-fa73-4b49-b328-73e69db325d4","98556381-26f1-4390-b3c3-3f2597505e5c","BART_012.mammalGrid.mam","D01","BART","BART_012","H6","distributed","deciduousForest",44.047478,-71.315451,"WGS84",45.3,579.9,0.4,"6 - trap set and empty","ShermanLF","2023-09-20","2023-09-20",,,,,,,,,,,,,,,,,,,,,,,,,,,,,,,,,,,,,,,,,,,,"0009-0004-7358-8332","0000-0002-5964-2409",,,"f22a1b12-6b1f-4722-a864-2892be342e13"
"aff7bbf6-3103-47bf-b0f1-a234f4717fd7","415f11cc-a5b1-4dcb-8bd9-a87574b768b2","BART_062.mammalGrid.mam","D01","BART","BART_062","C8","distributed","deciduousForest",44.057350,-71.308646,"WGS84",45.1,447.2,0.2,"6 - trap set and empty","ShermanLF","2023-09-20","2023-09-20",,,,,,,,,,,,,,,,,,,,,,,,,,,,,,,,,,,,,,,,,,,,"0009-0003-6644-7278","0009-0000-8146-6897",,,"055f9230-3806-4a7b-8183-386ccb692f8a"
"62b95338-e040-4fdd-885e-e404e07c1cd6","415f11cc-a5b1-4dcb-8bd9-a87574b768b2","BART_062.mammalGrid.mam","D01","BART","BART_062","E5","distributed","deciduousForest",44.057350,-71.308646,"WGS84",45.1,447.2,0.2,"6 - trap set and empty","ShermanLF","2023-09-20","2023-09-20",,,,,,,,,,,,,,,,,,,,,,,,,,,,,,,,,,,,,,,,,,,,"0009-0003-6644-7278","0009-0000-8146-6897",,,"4e1876fe-ea4c-4975-b000-9c344bd5d18d"
"b07a1d14-3fb2-4e9b-9be9-90696a9c17a4","98556381-26f1-4390-b3c3-3f2597505e5c","BART_012.mammalGrid.mam","D01","BART","BART_012","E6","distributed","deciduousForest",44.047478,-71.315451,"WGS84",45.3,579.9,0.4,"6 - trap set and empty","ShermanLF","2023-09-20","2023-09-20",,,,,,,,,,,,,,,,,,,,,,,,,,,,,,,,,,,,,,,,,,,,"0009-0004-7358-8332","0000-0002-5964-2409",,,"eff7cfa2-0e20-4a29-a6fd-7e0d40942a6b"
"aae15ebc-b5fc-4432-9111-a96a908a31a2","98556381-26f1-4390-b3c3-3f2597505e5c","BART_012.mammalGrid.mam","D01","BART","BART_012","H5","distributed","deciduousForest",44.047478,-71.315451,"WGS84",45.3,579.9,0.4,"6 - trap set and empty","ShermanLF","2023-09-20","2023-09-20",,,,,,,,,,,,,,,,,,,,,,,,,,,,,,,,,,,,,,,,,,,,"0009-0004-7358-8332","0000-0002-5964-2409",,,"0e130a94-4ac7-4043-aa65-3f723ad06f97"
"5d87d6aa-398c-4448-8bf3-b44416e44487","415f11cc-a5b1-4dcb-8bd9-a87574b768b2","BART_062.mammalGrid.mam","D01","BART","BART_062","D6","distributed","deciduousForest",44.057350,-71.308646,"WGS84",45.1,447.2,0.2,"6 - trap set and empty","ShermanLF","2023-09-20","2023-09-20",,,,,,,,,,,,,,,,,,,,,,,,,,,,,,,,,,,,,,,,,,,,"0009-0003-6644-7278","0009-0000-8146-6897",,,"a99c5517-2c4f-4aa4-b833-be2c7bf9c2ab"
"57be144a-4b46-4f64-8533-eb1a2e94e98e","d8a35f9a-a0c7-49a5-8497-c2f475ef724f","BART_015.mammalGrid.mam","D01","BART","BART_015","D9","distributed","mixedForest",44.042898,-71.275059,"WGS84",45.2,422.8,0.3,"6 - trap set and empty","ShermanLF","2023-09-20","2023-09-20",,,,,,,,,,,,,,,,,,,,,,,,,,,,,,,,,,,,,,,,,,,,"0000-0002-5964-2409","0009-0004-7358-8332",,,"66d9a4a7-bb69-4a2e-8a45-9e7021d082dd"
"8562b030-c1b4-4fd8-b57f-dd2081682a7f","d8a35f9a-a0c7-49a5-8497-c2f475ef724f","BART_015.mammalGrid.mam","D01","BART","BART_015","A1","distributed","mixedForest",44.042898,-71.275059,"WGS84",45.2,422.8,0.3,"3 - trap door open or closed w/ spoor left","ShermanLF","2023-09-20","2023-09-20",,,,,,,,,,,,,,,,,,,,,,,,,,,,,"did not check","dry ice",,,,,,,,,,,,,,"0000-0002-5964-2409","0009-0004-7358-8332",,,"16e4c431-c67f-4893-aa08-db3dc243c13f"
"2bfad0cd-3e3b-4c00-b427-40c0a676428d","d8a35f9a-a0c7-49a5-8497-c2f475ef724f","BART_015.mammalGrid.mam","D01","BART","BART_015","G8","distributed","mixedForest",44.042898,-71.275059,"WGS84",45.2,422.8,0.3,"6 - trap set and empty","ShermanLF","2023-09-20","2023-09-20",,,,,,,,,,,,,,,,,,,,,,,,,,,,,,,,,,,,,,,,,,,,"0000-0002-5964-2409","0009-0004-7358-8332",,,"6aa7f543-448f-4407-b6e8-470e24ebecba"
"130e6c20-d976-444c-a694-041396c64c0b","98556381-26f1-4390-b3c3-3f2597505e5c","BART_012.mammalGrid.mam","D01","BART","BART_012","G9","distributed","deciduousForest",44.047478,-71.315451,"WGS84",45.3,579.9,0.4,"6 - trap set and empty","ShermanLF","2023-09-20","2023-09-20",,,,,,,,,,,,,,,,,,,,,,,,,,,,,,,,,,,,,,,,,,,,"0009-0004-7358-8332","0000-0002-5964-2409",,,"a0d0891f-0647-4f20-852a-87b21bd3b032"
"8baef5c5-fd23-4316-8b06-14f876d08e43","98556381-26f1-4390-b3c3-3f2597505e5c","BART_012.mammalGrid.mam","D01","BART","BART_012","C8","distributed","deciduousForest",44.047478,-71.315451,"WGS84",45.3,579.9,0.4,"6 - trap set and empty","ShermanLF","2023-09-20","2023-09-20",,,,,,,,,,,,,,,,,,,,,,,,,,,,,,,,,,,,,,,,,,,,"0009-0004-7358-8332","0000-0002-5964-2409",,,"bc7f0641-3727-4ffc-8d9a-ba3b92ce5c59"
"5af7096a-d9b3-4362-8e83-bbdd4cda6a18","98556381-26f1-4390-b3c3-3f2597505e5c","BART_012.mammalGrid.mam","D01","BART","BART_012","F2","distributed","deciduousForest",44.047478,-71.315451,"WGS84",45.3,579.9,0.4,"3 - trap door open or closed w/ spoor left","ShermanLF","2023-09-20","2023-09-20",,,,,,,,,,,,,,,,,,,,,,,,,,,,,"did not check","dry ice",,,,,,,,,,,,,,"0009-0004-7358-8332","0000-0002-5964-2409",,,"6da95fae-3ef6-4db3-badb-da7652ce05e6"
"32e72a24-57db-470c-bd43-366e453462bd","415f11cc-a5b1-4dcb-8bd9-a87574b768b2","BART_062.mammalGrid.mam","D01","BART","BART_062","J6","distributed","deciduousForest",44.057350,-71.308646,"WGS84",45.1,447.2,0.2,"6 - trap set and empty","ShermanLF","2023-09-20","2023-09-20",,,,,,,,,,,,,,,,,,,,,,,,,,,,,,,,,,,,,,,,,,,,"0009-0003-6644-7278","0009-0000-8146-6897",,,"bd5e677b-271c-4279-9125-831c4c4250e4"
"07bf0964-9f50-4ef9-a783-e8c0fc9083e0","98556381-26f1-4390-b3c3-3f2597505e5c","BART_012.mammalGrid.mam","D01","BART","BART_012","F9","distributed","deciduousForest",44.047478,-71.315451,"WGS84",45.3,579.9,0.4,"5 - capture","ShermanLF","2023-09-20","2023-09-20","NEON.MAM.D01.R8387",,"PEMA","Peromyscus maniculatus","species","cf. species","NEON.DOC.001907",,,"N","F","Y","processed",,"adult",,"enlarged","pregnant","swollen",21,14,86,,21,"N","N","N",,"none","dry ice",,,,,,,,,,,,,,"0009-0004-7358-8332","0000-0002-5964-2409",,,"d0fe70c0-ae25-4a36-b44c-5d1bd630bf57"
"18049091-7bb0-4bb6-b86a-d909077fddcb","415f11cc-a5b1-4dcb-8bd9-a87574b768b2","BART_062.mammalGrid.mam","D01","BART","BART_062","B1","distributed","deciduousForest",44.057350,-71.308646,"WGS84",45.1,447.2,0.2,"5 - capture","ShermanLF","2023-09-20","2023-09-20","NEON.MAM.D01.R6906",,"PEMA","Peromyscus maniculatus","species","cf. species","NEON.DOC.001907",,,"N","F","N","processed",,"adult",,"enlarged","unknown",,19,15,88,,24,"N","N","N",,"fleas","dry ice",,,"unsuccessful",,,,,,,,,,,"0009-0003-6644-7278","0009-0000-8146-6897",,,"ac3bd1ca-1439-4100-974d-013d8baed005"
"01e8ef50-9b52-44d3-ad69-b98daf3c8c2a","415f11cc-a5b1-4dcb-8bd9-a87574b768b2","BART_062.mammalGrid.mam","D01","BART","BART_062","C5","distributed","deciduousForest",44.057350,-71.308646,"WGS84",45.1,447.2,0.2,"6 - trap set and empty","ShermanLF","2023-09-20","2023-09-20",,,,,,,,,,,,,,,,,,,,,,,,,,,,,,,,,,,,,,,,,,,,"0009-0003-6644-7278","0009-0000-8146-6897",,,"c33186eb-a623-48de-84df-ad58608645a3"
"5bfde5b8-2690-408e-becd-2103a9e2f78c","98556381-26f1-4390-b3c3-3f2597505e5c","BART_012.mammalGrid.mam","D01","BART","BART_012","F3","distributed","deciduousForest",44.047478,-71.315451,"WGS84",45.3,579.9,0.4,"6 - trap set and empty","ShermanLF","2023-09-20","2023-09-20",,,,,,,,,,,,,,,,,,,,,,,,,,,,,,,,,,,,,,,,,,,,"0009-0004-7358-8332","0000-0002-5964-2409",,,"97b252ae-2f58-4733-99b2-11bfaa200edf"
"7bf49c2b-976c-48fb-ba6a-3f0e807ce02c","415f11cc-a5b1-4dcb-8bd9-a87574b768b2","BART_062.mammalGrid.mam","D01","BART","BART_062","I6","distributed","deciduousForest",44.057350,-71.308646,"WGS84",45.1,447.2,0.2,"6 - trap set and empty","ShermanLF","2023-09-20","2023-09-20",,,,,,,,,,,,,,,,,,,,,,,,,,,,,,,,,,,,,,,,,,,,"0009-0003-6644-7278","0009-0000-8146-6897",,,"eb16df73-9d9e-42e4-b5a2-56cb11eeafe0"
"4703ddc7-70a1-4330-bbc7-b29cbdcb5a9a","98556381-26f1-4390-b3c3-3f2597505e5c","BART_012.mammalGrid.mam","D01","BART","BART_012","G10","distributed","deciduousForest",44.047478,-71.315451,"WGS84",45.3,579.9,0.4,"6 - trap set and empty","ShermanLF","2023-09-20","2023-09-20",,,,,,,,,,,,,,,,,,,,,,,,,,,,,,,,,,,,,,,,,,,,"0009-0004-7358-8332","0000-0002-5964-2409",,,"7a46bd47-ef08-4eea-8a3a-564d20797225"
"fa5e7f0f-3577-4c40-adf4-8834e64abab0","98556381-26f1-4390-b3c3-3f2597505e5c","BART_012.mammalGrid.mam","D01","BART","BART_012","E8","distributed","deciduousForest",44.047478,-71.315451,"WGS84",45.3,579.9,0.4,"6 - trap set and empty","ShermanLF","2023-09-20","2023-09-20",,,,,,,,,,,,,,,,,,,,,,,,,,,,,,,,,,,,,,,,,,,,"0009-0004-7358-8332","0000-0002-5964-2409",,,"b7ecef83-8171-4057-a859-40046fd586e6"
"0b217fab-367a-4a6e-ae5c-30756c075681","98556381-26f1-4390-b3c3-3f2597505e5c","BART_012.mammalGrid.mam","D01","BART","BART_012","G5","distributed","deciduousForest",44.047478,-71.315451,"WGS84",45.3,579.9,0.4,"6 - trap set and empty","ShermanLF","2023-09-20","2023-09-20",,,,,,,,,,,,,,,,,,,,,,,,,,,,,,,,,,,,,,,,,,,,"0009-0004-7358-8332","0000-0002-5964-2409",,,"a12b125e-3f7c-4107-b56d-4f31e65654cd"
"9c728eaa-cd4c-4eda-93f0-df8e1da1d75b","98556381-26f1-4390-b3c3-3f2597505e5c","BART_012.mammalGrid.mam","D01","BART","BART_012","F5","distributed","deciduousForest",44.047478,-71.315451,"WGS84",45.3,579.9,0.4,"6 - trap set and empty","ShermanLF","2023-09-20","2023-09-20",,,,,,,,,,,,,,,,,,,,,,,,,,,,,,,,,,,,,,,,,,,,"0009-0004-7358-8332","0000-0002-5964-2409",,,"7d4d7894-874c-41dc-87a5-9eb7becd9654"
"9f53d20e-a650-4914-b43d-1c3d1a7f694d","98556381-26f1-4390-b3c3-3f2597505e5c","BART_012.mammalGrid.mam","D01","BART","BART_012","B6","distributed","deciduousForest",44.047478,-71.315451,"WGS84",45.3,579.9,0.4,"6 - trap set and empty","ShermanLF","2023-09-20","2023-09-20",,,,,,,,,,,,,,,,,,,,,,,,,,,,,,,,,,,,,,,,,,,,"0009-0004-7358-8332","0000-0002-5964-2409",,,"3704c823-38e6-40bd-a5f6-0d258c799554"
"272f406a-f769-43bf-aa22-eb29f2d1e8e3","98556381-26f1-4390-b3c3-3f2597505e5c","BART_012.mammalGrid.mam","D01","BART","BART_012","I4","distributed","deciduousForest",44.047478,-71.315451,"WGS84",45.3,579.9,0.4,"6 - trap set and empty","ShermanLF","2023-09-20","2023-09-20",,,,,,,,,,,,,,,,,,,,,,,,,,,,,,,,,,,,,,,,,,,,"0009-0004-7358-8332","0000-0002-5964-2409",,,"3525fe1b-2f7d-4b8a-9369-cfc51390858f"
"06bad9c8-4cf1-4433-ab23-d39230496ee1","d8a35f9a-a0c7-49a5-8497-c2f475ef724f","BART_015.mammalGrid.mam","D01","BART","BART_015","F7","distributed","mixedForest",44.042898,-71.275059,"WGS84",45.2,422.8,0.3,"6 - trap set and empty","ShermanLF","2023-09-20","2023-09-20",,,,,,,,,,,,,,,,,,,,,,,,,,,,,,,,,,,,,,,,,,,,"0000-0002-5964-2409","0009-0004-7358-8332",,,"892674f9-1063-4c2c-ab95-b5b934d1f478"
"07a79427-9b43-42bd-a4ca-5dc2f86dcb98","98556381-26f1-4390-b3c3-3f2597505e5c","BART_012.mammalGrid.mam","D01","BART","BART_012","C9","distributed","deciduousForest",44.047478,-71.315451,"WGS84",45.3,579.9,0.4,"6 - trap set and empty","ShermanLF","2023-09-20","2023-09-20",,,,,,,,,,,,,,,,,,,,,,,,,,,,,,,,,,,,,,,,,,,,"0009-0004-7358-8332","0000-0002-5964-2409",,,"4a2b6244-1728-4126-b29b-7527940d1d8f"
"a56569a0-acd6-4d3f-9aa3-47195b7b8b0a","d8a35f9a-a0c7-49a5-8497-c2f475ef724f","BART_015.mammalGrid.mam","D01","BART","BART_015","C6","distributed","mixedForest",44.042898,-71.275059,"WGS84",45.2,422.8,0.3,"6 - trap set and empty","ShermanLF","2023-09-20","2023-09-20",,,,,,,,,,,,,,,,,,,,,,,,,,,,,,,,,,,,,,,,,,,,"0000-0002-5964-2409","0009-0004-7358-8332",,,"39853718-2acf-422c-b2c3-1e765f0081dd"
"87a20ae0-d242-4ef3-b9ee-a85290854de7","98556381-26f1-4390-b3c3-3f2597505e5c","BART_012.mammalGrid.mam","D01","BART","BART_012","J6","distributed","deciduousForest",44.047478,-71.315451,"WGS84",45.3,579.9,0.4,"6 - trap set and empty","ShermanLF","2023-09-20","2023-09-20",,,,,,,,,,,,,,,,,,,,,,,,,,,,,,,,,,,,,,,,,,,,"0009-0004-7358-8332","0000-0002-5964-2409",,,"80e7ede8-ec2d-4184-943e-f56a94105070"
"91d103be-a6e5-4ede-bb5d-5cb6d391ee1e","98556381-26f1-4390-b3c3-3f2597505e5c","BART_012.mammalGrid.mam","D01","BART","BART_012","A9","distributed","deciduousForest",44.047478,-71.315451,"WGS84",45.3,579.9,0.4,"6 - trap set and empty","ShermanLF","2023-09-20","2023-09-20",,,,,,,,,,,,,,,,,,,,,,,,,,,,,,,,,,,,,,,,,,,,"0009-0004-7358-8332","0000-0002-5964-2409",,,"a27bb8b8-6b21-4f71-9276-e1ac038d5145"
"ceabefe9-f7da-4e08-a122-91bc0345c153","98556381-26f1-4390-b3c3-3f2597505e5c","BART_012.mammalGrid.mam","D01","BART","BART_012","J10","distributed","deciduousForest",44.047478,-71.315451,"WGS84",45.3,579.9,0.4,"6 - trap set and empty","ShermanLF","2023-09-20","2023-09-20",,,,,,,,,,,,,,,,,,,,,,,,,,,,,,,,,,,,,,,,,,,,"0009-0004-7358-8332","0000-0002-5964-2409",,,"ff72bb59-9ff7-4515-836a-547b114059ef"
"c67c1f23-431d-4219-a1bc-fdc8a325c8c9","415f11cc-a5b1-4dcb-8bd9-a87574b768b2","BART_062.mammalGrid.mam","D01","BART","BART_062","D8","distributed","deciduousForest",44.057350,-71.308646,"WGS84",45.1,447.2,0.2,"6 - trap set and empty","ShermanLF","2023-09-20","2023-09-20",,,,,,,,,,,,,,,,,,,,,,,,,,,,,,,,,,,,,,,,,,,,"0009-0003-6644-7278","0009-0000-8146-6897",,,"192e1c70-91ae-42b3-8486-dfe72cc8b57a"
"effb82b3-23a5-47da-84fb-c5622a054337","415f11cc-a5b1-4dcb-8bd9-a87574b768b2","BART_062.mammalGrid.mam","D01","BART","BART_062","G3","distributed","deciduousForest",44.057350,-71.308646,"WGS84",45.1,447.2,0.2,"2 - trap disturbed/door closed but empty","ShermanLF","2023-09-20","2023-09-20",,,,,,,,,,,,,,,,,,,,,,,,,,,,,"did not check","dry ice",,,,,,,,,,,,,,"0009-0003-6644-7278","0009-0000-8146-6897",,,"e8edfe30-eb3a-4f3b-a00a-ccfc3961d88b"
"709b1ea6-2054-4694-afb7-907b86d02372","415f11cc-a5b1-4dcb-8bd9-a87574b768b2","BART_062.mammalGrid.mam","D01","BART","BART_062","G7","distributed","deciduousForest",44.057350,-71.308646,"WGS84",45.1,447.2,0.2,"6 - trap set and empty","ShermanLF","2023-09-20","2023-09-20",,,,,,,,,,,,,,,,,,,,,,,,,,,,,,,,,,,,,,,,,,,,"0009-0003-6644-7278","0009-0000-8146-6897",,,"44ea7a0d-858e-421a-b74f-a2af400b20b9"
"4b9759a5-9db5-4017-a864-027e4e18e235","98556381-26f1-4390-b3c3-3f2597505e5c","BART_012.mammalGrid.mam","D01","BART","BART_012","D3","distributed","deciduousForest",44.047478,-71.315451,"WGS84",45.3,579.9,0.4,"6 - trap set and empty","ShermanLF","2023-09-20","2023-09-20",,,,,,,,,,,,,,,,,,,,,,,,,,,,,,,,,,,,,,,,,,,,"0009-0004-7358-8332","0000-0002-5964-2409",,,"d414d208-3c57-4ce7-9a83-7a0fd124ae0e"
"275b58b5-967c-42d9-863c-b88a149782c4","d8a35f9a-a0c7-49a5-8497-c2f475ef724f","BART_015.mammalGrid.mam","D01","BART","BART_015","E6","distributed","mixedForest",44.042898,-71.275059,"WGS84",45.2,422.8,0.3,"6 - trap set and empty","ShermanLF","2023-09-20","2023-09-20",,,,,,,,,,,,,,,,,,,,,,,,,,,,,,,,,,,,,,,,,,,,"0000-0002-5964-2409","0009-0004-7358-8332",,,"7ef05b08-7ce6-4b59-8c1d-75f7c52d9312"
"87b7a9d2-885f-41c4-b9be-a617cc44694f","98556381-26f1-4390-b3c3-3f2597505e5c","BART_012.mammalGrid.mam","D01","BART","BART_012","H7","distributed","deciduousForest",44.047478,-71.315451,"WGS84",45.3,579.9,0.4,"6 - trap set and empty","ShermanLF","2023-09-20","2023-09-20",,,,,,,,,,,,,,,,,,,,,,,,,,,,,,,,,,,,,,,,,,,,"0009-0004-7358-8332","0000-0002-5964-2409",,,"4f70681e-5ab5-4847-8168-fb2344b29216"
"c362a7c9-c560-4e84-a345-86247ae9c555","98556381-26f1-4390-b3c3-3f2597505e5c","BART_012.mammalGrid.mam","D01","BART","BART_012","D5","distributed","deciduousForest",44.047478,-71.315451,"WGS84",45.3,579.9,0.4,"6 - trap set and empty","ShermanLF","2023-09-20","2023-09-20",,,,,,,,,,,,,,,,,,,,,,,,,,,,,,,,,,,,,,,,,,,,"0009-0004-7358-8332","0000-0002-5964-2409",,,"11fb9dca-7ae1-4b69-9542-c0ba76856bb4"
"0de6a7aa-36cb-4286-bd22-e44e26eb6152","415f11cc-a5b1-4dcb-8bd9-a87574b768b2","BART_062.mammalGrid.mam","D01","BART","BART_062","I7","distributed","deciduousForest",44.057350,-71.308646,"WGS84",45.1,447.2,0.2,"6 - trap set and empty","ShermanLF","2023-09-20","2023-09-20",,,,,,,,,,,,,,,,,,,,,,,,,,,,,,,,,,,,,,,,,,,,"0009-0003-6644-7278","0009-0000-8146-6897",,,"ca5787b9-ae2d-468e-b827-5bff0b36aaf8"
"4d8c4fc8-d952-401d-b13d-e5a7b571b911","d8a35f9a-a0c7-49a5-8497-c2f475ef724f","BART_015.mammalGrid.mam","D01","BART","BART_015","G9","distributed","mixedForest",44.042898,-71.275059,"WGS84",45.2,422.8,0.3,"6 - trap set and empty","ShermanLF","2023-09-20","2023-09-20",,,,,,,,,,,,,,,,,,,,,,,,,,,,,,,,,,,,,,,,,,,,"0000-0002-5964-2409","0009-0004-7358-8332",,,"53a6cbbf-0b6a-4a29-86d1-3935b0922128"
"0a3e0a72-97e1-4046-8b56-0d5c8a5b5996","d8a35f9a-a0c7-49a5-8497-c2f475ef724f","BART_015.mammalGrid.mam","D01","BART","BART_015","F3","distributed","mixedForest",44.042898,-71.275059,"WGS84",45.2,422.8,0.3,"6 - trap set and empty","ShermanLF","2023-09-20","2023-09-20",,,,,,,,,,,,,,,,,,,,,,,,,,,,,,,,,,,,,,,,,,,,"0000-0002-5964-2409","0009-0004-7358-8332",,,"3575cb07-cb8b-46cb-bce1-362da79ba1c5"
"ebfe2b2a-39ac-456a-8b46-8e4f411f2fdc","d8a35f9a-a0c7-49a5-8497-c2f475ef724f","BART_015.mammalGrid.mam","D01","BART","BART_015","D4","distributed","mixedForest",44.042898,-71.275059,"WGS84",45.2,422.8,0.3,"3 - trap door open or closed w/ spoor left","ShermanLF","2023-09-20","2023-09-20",,,,,,,,,,,,,,,,,,,,,,,,,,,,,"did not check","dry ice",,,,,,,,,,,,,,"0000-0002-5964-2409","0009-0004-7358-8332",,,"29775b14-75f6-48ac-98f2-e82efeb0f5ef"
"185e032c-c6ae-4f25-b6d4-c62e3c5b0a93","415f11cc-a5b1-4dcb-8bd9-a87574b768b2","BART_062.mammalGrid.mam","D01","BART","BART_062","J1","distributed","deciduousForest",44.057350,-71.308646,"WGS84",45.1,447.2,0.2,"6 - trap set and empty","ShermanLF","2023-09-20","2023-09-20",,,,,,,,,,,,,,,,,,,,,,,,,,,,,,,,,,,,,,,,,,,,"0009-0003-6644-7278","0009-0000-8146-6897",,,"a1c76ae8-26d2-4839-a442-6dbaa4ece67e"
"d96c39a9-55ad-43b0-8f9a-cbabb7c30223","415f11cc-a5b1-4dcb-8bd9-a87574b768b2","BART_062.mammalGrid.mam","D01","BART","BART_062","C3","distributed","deciduousForest",44.057350,-71.308646,"WGS84",45.1,447.2,0.2,"6 - trap set and empty","ShermanLF","2023-09-20","2023-09-20",,,,,,,,,,,,,,,,,,,,,,,,,,,,,,,,,,,,,,,,,,,,"0009-0003-6644-7278","0009-0000-8146-6897",,,"eea94731-a3fb-4250-88f0-0940825a529d"
"967a32a7-9d60-47ac-ad4c-f03e67baea41","415f11cc-a5b1-4dcb-8bd9-a87574b768b2","BART_062.mammalGrid.mam","D01","BART","BART_062","I3","distributed","deciduousForest",44.057350,-71.308646,"WGS84",45.1,447.2,0.2,"6 - trap set and empty","ShermanLF","2023-09-20","2023-09-20",,,,,,,,,,,,,,,,,,,,,,,,,,,,,,,,,,,,,,,,,,,,"0009-0003-6644-7278","0009-0000-8146-6897",,,"aa324777-63ed-46c8-84f2-b74834ad2947"
"b429c3c2-596c-4962-b3d2-59bbeb4ebc3e","415f11cc-a5b1-4dcb-8bd9-a87574b768b2","BART_062.mammalGrid.mam","D01","BART","BART_062","A3","distributed","deciduousForest",44.057350,-71.308646,"WGS84",45.1,447.2,0.2,"6 - trap set and empty","ShermanLF","2023-09-20","2023-09-20",,,,,,,,,,,,,,,,,,,,,,,,,,,,,,,,,,,,,,,,,,,,"0009-0003-6644-7278","0009-0000-8146-6897",,,"25d0e939-bf30-4125-ac5c-770bca32e783"
"d19e7c11-7336-4a4a-b2c7-84274dcad76c","415f11cc-a5b1-4dcb-8bd9-a87574b768b2","BART_062.mammalGrid.mam","D01","BART","BART_062","E3","distributed","deciduousForest",44.057350,-71.308646,"WGS84",45.1,447.2,0.2,"6 - trap set and empty","ShermanLF","2023-09-20","2023-09-20",,,,,,,,,,,,,,,,,,,,,,,,,,,,,,,,,,,,,,,,,,,,"0009-0003-6644-7278","0009-0000-8146-6897",,,"2fca19c6-e648-4195-9917-23c535a7daf6"
"264e3397-1df1-4ba0-9346-56825b75537e","98556381-26f1-4390-b3c3-3f2597505e5c","BART_012.mammalGrid.mam","D01","BART","BART_012","G6","distributed","deciduousForest",44.047478,-71.315451,"WGS84",45.3,579.9,0.4,"3 - trap door open or closed w/ spoor left","ShermanLF","2023-09-20","2023-09-20",,,,,,,,,,,,,,,,,,,,,,,,,,,,,"did not check","dry ice",,,,,,,,,,,,,,"0009-0004-7358-8332","0000-0002-5964-2409",,,"2221fd11-d6b6-4126-aa0f-f6b8ef5f521d"
"3f24dba0-97b4-4653-aadc-74791ec6fa68","415f11cc-a5b1-4dcb-8bd9-a87574b768b2","BART_062.mammalGrid.mam","D01","BART","BART_062","B3","distributed","deciduousForest",44.057350,-71.308646,"WGS84",45.1,447.2,0.2,"5 - capture","ShermanLF","2023-09-20","2023-09-20","NEON.MAM.D01.R6594",,"PEMA","Peromyscus maniculatus","species","cf. species","NEON.DOC.001907",,,"N","F","Y","processed",,"adult",,"enlarged","pregnant","unknown",21,16,85,,21,"N","N","N",,"none","dry ice",,,,,,,,,,,,,,"0009-0003-6644-7278","0009-0000-8146-6897",,,"8d5f3995-567d-444c-b1ce-a29d31360d4e"
"f1141c4d-d9a0-4dd1-83b4-6fdb39117097","98556381-26f1-4390-b3c3-3f2597505e5c","BART_012.mammalGrid.mam","D01","BART","BART_012","E2","distributed","deciduousForest",44.047478,-71.315451,"WGS84",45.3,579.9,0.4,"6 - trap set and empty","ShermanLF","2023-09-20","2023-09-20",,,,,,,,,,,,,,,,,,,,,,,,,,,,,,,,,,,,,,,,,,,,"0009-0004-7358-8332","0000-0002-5964-2409",,,"be0758a8-ec6c-4d28-bf50-36363eda4ff2"
"6cef7d72-027c-4f7d-bce0-856be637aa35","98556381-26f1-4390-b3c3-3f2597505e5c","BART_012.mammalGrid.mam","D01","BART","BART_012","D4","distributed","deciduousForest",44.047478,-71.315451,"WGS84",45.3,579.9,0.4,"6 - trap set and empty","ShermanLF","2023-09-20","2023-09-20",,,,,,,,,,,,,,,,,,,,,,,,,,,,,,,,,,,,,,,,,,,,"0009-0004-7358-8332","0000-0002-5964-2409",,,"43092c61-917c-42ee-9823-1db86faaf5da"
"421f4288-82db-49a6-b215-d6a9887ab36e","d8a35f9a-a0c7-49a5-8497-c2f475ef724f","BART_015.mammalGrid.mam","D01","BART","BART_015","A9","distributed","mixedForest",44.042898,-71.275059,"WGS84",45.2,422.8,0.3,"3 - trap door open or closed w/ spoor left","ShermanLF","2023-09-20","2023-09-20",,,,,,,,,,,,,,,,,,,,,,,,,,,,,"did not check","dry ice",,,,,,,,,,,,,,"0000-0002-5964-2409","0009-0004-7358-8332",,,"8ca3b748-cae5-4649-beb6-35b326798b1f"
"71796cbf-200c-47e6-80d5-4b3e5d29d0a8","98556381-26f1-4390-b3c3-3f2597505e5c","BART_012.mammalGrid.mam","D01","BART","BART_012","I8","distributed","deciduousForest",44.047478,-71.315451,"WGS84",45.3,579.9,0.4,"3 - trap door open or closed w/ spoor left","ShermanLF","2023-09-20","2023-09-20",,,,,,,,,,,,,,,,,,,,,,,,,,,,,"did not check","dry ice",,,,,,,,,,,,,,"0009-0004-7358-8332","0000-0002-5964-2409",,,"c2c8eef3-1c1a-47fe-b00b-f243697c06e7"
"4a24ff94-a778-42f4-99a7-bd633789588e","d8a35f9a-a0c7-49a5-8497-c2f475ef724f","BART_015.mammalGrid.mam","D01","BART","BART_015","G6","distributed","mixedForest",44.042898,-71.275059,"WGS84",45.2,422.8,0.3,"6 - trap set and empty","ShermanLF","2023-09-20","2023-09-20",,,,,,,,,,,,,,,,,,,,,,,,,,,,,,,,,,,,,,,,,,,,"0000-0002-5964-2409","0009-0004-7358-8332",,,"4210aade-dd7c-4997-bd7f-4ffa34c2f739"
"c02c27c5-dc82-47f1-8ce1-273db68a859c","98556381-26f1-4390-b3c3-3f2597505e5c","BART_012.mammalGrid.mam","D01","BART","BART_012","B9","distributed","deciduousForest",44.047478,-71.315451,"WGS84",45.3,579.9,0.4,"6 - trap set and empty","ShermanLF","2023-09-20","2023-09-20",,,,,,,,,,,,,,,,,,,,,,,,,,,,,,,,,,,,,,,,,,,,"0009-0004-7358-8332","0000-0002-5964-2409",,,"c7befc55-f57d-4097-a9b0-ba734c265aba"
"b7b40f22-240c-422d-9d8a-bb7441962b84","d8a35f9a-a0c7-49a5-8497-c2f475ef724f","BART_015.mammalGrid.mam","D01","BART","BART_015","J4","distributed","mixedForest",44.042898,-71.275059,"WGS84",45.2,422.8,0.3,"6 - trap set and empty","ShermanLF","2023-09-20","2023-09-20",,,,,,,,,,,,,,,,,,,,,,,,,,,,,,,,,,,,,,,,,,,,"0000-0002-5964-2409","0009-0004-7358-8332",,,"be6beb0c-7e88-4a09-bb93-9439116f9e05"
"b4ccad52-4257-4c6d-b11f-5fb88fdde8c6","d8a35f9a-a0c7-49a5-8497-c2f475ef724f","BART_015.mammalGrid.mam","D01","BART","BART_015","B5","distributed","mixedForest",44.042898,-71.275059,"WGS84",45.2,422.8,0.3,"6 - trap set and empty","ShermanLF","2023-09-20","2023-09-20",,,,,,,,,,,,,,,,,,,,,,,,,,,,,,,,,,,,,,,,,,,,"0000-0002-5964-2409","0009-0004-7358-8332",,,"cb4c0804-acd1-42d5-b7f4-63e19e0c1160"
"65c2281d-1722-48e0-ab34-3045c2d8ebb7","d8a35f9a-a0c7-49a5-8497-c2f475ef724f","BART_015.mammalGrid.mam","D01","BART","BART_015","A8","distributed","mixedForest",44.042898,-71.275059,"WGS84",45.2,422.8,0.3,"3 - trap door open or closed w/ spoor left","ShermanLF","2023-09-20","2023-09-20",,,,,,,,,,,,,,,,,,,,,,,,,,,,,"did not check","dry ice",,,,,,,,,,,,,,"0000-0002-5964-2409","0009-0004-7358-8332",,,"6451a4bf-b7d6-4b7c-8acb-d57583f065ff"
"18b1905d-3bb1-46b0-aa2d-6410bca479a1","415f11cc-a5b1-4dcb-8bd9-a87574b768b2","BART_062.mammalGrid.mam","D01","BART","BART_062","I5","distributed","deciduousForest",44.057350,-71.308646,"WGS84",45.1,447.2,0.2,"6 - trap set and empty","ShermanLF","2023-09-20","2023-09-20",,,,,,,,,,,,,,,,,,,,,,,,,,,,,,,,,,,,,,,,,,,,"0009-0003-6644-7278","0009-0000-8146-6897",,,"b7e94deb-3a15-439f-9b35-3b69abc5eb70"
"31541e1a-3d9d-4fcd-aa58-ec7cf1be1596","d8a35f9a-a0c7-49a5-8497-c2f475ef724f","BART_015.mammalGrid.mam","D01","BART","BART_015","I8","distributed","mixedForest",44.042898,-71.275059,"WGS84",45.2,422.8,0.3,"6 - trap set and empty","ShermanLF","2023-09-20","2023-09-20",,,,,,,,,,,,,,,,,,,,,,,,,,,,,,,,,,,,,,,,,,,,"0000-0002-5964-2409","0009-0004-7358-8332",,,"d0e5830b-13d9-4d88-bd4d-a93b2b623035"
"3767a99e-39ad-4bc2-b12b-60491da344f4","98556381-26f1-4390-b3c3-3f2597505e5c","BART_012.mammalGrid.mam","D01","BART","BART_012","E7","distributed","deciduousForest",44.047478,-71.315451,"WGS84",45.3,579.9,0.4,"6 - trap set and empty","ShermanLF","2023-09-20","2023-09-20",,,,,,,,,,,,,,,,,,,,,,,,,,,,,,,,,,,,,,,,,,,,"0009-0004-7358-8332","0000-0002-5964-2409",,,"baaaa0ad-8364-4a70-bede-0f2571c1e09c"
"5b19f72c-aca8-451e-b93a-69b27fa94b52","d8a35f9a-a0c7-49a5-8497-c2f475ef724f","BART_015.mammalGrid.mam","D01","BART","BART_015","F5","distributed","mixedForest",44.042898,-71.275059,"WGS84",45.2,422.8,0.3,"6 - trap set and empty","ShermanLF","2023-09-20","2023-09-20",,,,,,,,,,,,,,,,,,,,,,,,,,,,,,,,,,,,,,,,,,,,"0000-0002-5964-2409","0009-0004-7358-8332",,,"5f527d44-50a8-408d-8d56-013f53d23a1d"
"a96edd29-88f7-4bc8-8e73-297bae0a4377","415f11cc-a5b1-4dcb-8bd9-a87574b768b2","BART_062.mammalGrid.mam","D01","BART","BART_062","J2","distributed","deciduousForest",44.057350,-71.308646,"WGS84",45.1,447.2,0.2,"6 - trap set and empty","ShermanLF","2023-09-20","2023-09-20",,,,,,,,,,,,,,,,,,,,,,,,,,,,,,,,,,,,,,,,,,,,"0009-0003-6644-7278","0009-0000-8146-6897",,,"22928d1f-bd54-4a4a-90ee-83b320fb5b86"
"e846c832-9e9b-4f9a-bed6-8fb226432329","415f11cc-a5b1-4dcb-8bd9-a87574b768b2","BART_062.mammalGrid.mam","D01","BART","BART_062","C10","distributed","deciduousForest",44.057350,-71.308646,"WGS84",45.1,447.2,0.2,"2 - trap disturbed/door closed but empty","ShermanLF","2023-09-20","2023-09-20",,,,,,,,,,,,,,,,,,,,,,,,,,,,,"did not check","dry ice",,,,,,,,,,,,,,"0009-0003-6644-7278","0009-0000-8146-6897",,,"c1a009d6-2830-4537-a37d-f36cbfa7e581"
"040ed98a-580c-4044-82a4-dd511ad41583","415f11cc-a5b1-4dcb-8bd9-a87574b768b2","BART_062.mammalGrid.mam","D01","BART","BART_062","F10","distributed","deciduousForest",44.057350,-71.308646,"WGS84",45.1,447.2,0.2,"6 - trap set and empty","ShermanLF","2023-09-20","2023-09-20",,,,,,,,,,,,,,,,,,,,,,,,,,,,,,,,,,,,,,,,,,,,"0009-0003-6644-7278","0009-0000-8146-6897",,,"e7758d75-db69-465e-a2a7-95ae39f73c76"
"048948ee-7a7a-442d-98f5-6d5c7d7e9667","98556381-26f1-4390-b3c3-3f2597505e5c","BART_012.mammalGrid.mam","D01","BART","BART_012","D6","distributed","deciduousForest",44.047478,-71.315451,"WGS84",45.3,579.9,0.4,"3 - trap door open or closed w/ spoor left","ShermanLF","2023-09-20","2023-09-20",,,,,,,,,,,,,,,,,,,,,,,,,,,,,"did not check","dry ice",,,,,,,,,,,,,,"0009-0004-7358-8332","0000-0002-5964-2409",,,"5dbe0934-5654-4a1b-90f9-96ae40f6683a"
"63d69c9c-cb25-4b96-8ae5-e016f8edc9f0","415f11cc-a5b1-4dcb-8bd9-a87574b768b2","BART_062.mammalGrid.mam","D01","BART","BART_062","H4","distributed","deciduousForest",44.057350,-71.308646,"WGS84",45.1,447.2,0.2,"6 - trap set and empty","ShermanLF","2023-09-20","2023-09-20",,,,,,,,,,,,,,,,,,,,,,,,,,,,,,,,,,,,,,,,,,,,"0009-0003-6644-7278","0009-0000-8146-6897",,,"e3916757-2796-45e8-a48f-edab1cf908f3"
"c79dddef-bf0b-4074-b368-586fff1aee4e","415f11cc-a5b1-4dcb-8bd9-a87574b768b2","BART_062.mammalGrid.mam","D01","BART","BART_062","E7","distributed","deciduousForest",44.057350,-71.308646,"WGS84",45.1,447.2,0.2,"6 - trap set and empty","ShermanLF","2023-09-20","2023-09-20",,,,,,,,,,,,,,,,,,,,,,,,,,,,,,,,,,,,,,,,,,,,"0009-0003-6644-7278","0009-0000-8146-6897",,,"a60aac41-8984-4160-b414-f94caea366da"
"bf78e4f2-9505-4f96-938a-30c6de897779","98556381-26f1-4390-b3c3-3f2597505e5c","BART_012.mammalGrid.mam","D01","BART","BART_012","H8","distributed","deciduousForest",44.047478,-71.315451,"WGS84",45.3,579.9,0.4,"3 - trap door open or closed w/ spoor left","ShermanLF","2023-09-20","2023-09-20",,,,,,,,,,,,,,,,,,,,,,,,,,,,,"did not check","dry ice",,,,,,,,,,,,,,"0009-0004-7358-8332","0000-0002-5964-2409",,,"82a37ac4-4b2a-4d6d-8de8-f73460235aab"
"e2980b43-c95d-4c45-a4d9-c95e00e218ce","d8a35f9a-a0c7-49a5-8497-c2f475ef724f","BART_015.mammalGrid.mam","D01","BART","BART_015","B7","distributed","mixedForest",44.042898,-71.275059,"WGS84",45.2,422.8,0.3,"3 - trap door open or closed w/ spoor left","ShermanLF","2023-09-20","2023-09-20",,,,,,,,,,,,,,,,,,,,,,,,,,,,,"did not check","dry ice",,,,,,,,,,,,,,"0000-0002-5964-2409","0009-0004-7358-8332",,,"8084b2da-6ab9-4936-9430-bf01b2cab065"
"7c555fd4-8714-49c2-84b6-3fef327fcb0d","98556381-26f1-4390-b3c3-3f2597505e5c","BART_012.mammalGrid.mam","D01","BART","BART_012","A2","distributed","deciduousForest",44.047478,-71.315451,"WGS84",45.3,579.9,0.4,"6 - trap set and empty","ShermanLF","2023-09-20","2023-09-20",,,,,,,,,,,,,,,,,,,,,,,,,,,,,,,,,,,,,,,,,,,,"0009-0004-7358-8332","0000-0002-5964-2409",,,"5e6a17b1-2ce3-4cbb-8538-87614d0d7cc1"
"3daae022-2e3f-407d-88a6-b54897b0efab","415f11cc-a5b1-4dcb-8bd9-a87574b768b2","BART_062.mammalGrid.mam","D01","BART","BART_062","C6","distributed","deciduousForest",44.057350,-71.308646,"WGS84",45.1,447.2,0.2,"6 - trap set and empty","ShermanLF","2023-09-20","2023-09-20",,,,,,,,,,,,,,,,,,,,,,,,,,,,,,,,,,,,,,,,,,,,"0009-0003-6644-7278","0009-0000-8146-6897",,,"071f62fd-89fa-4e1e-b611-4439d9cf29a1"
"7f1db043-04f7-4950-8386-ab92550a710d","415f11cc-a5b1-4dcb-8bd9-a87574b768b2","BART_062.mammalGrid.mam","D01","BART","BART_062","E1","distributed","deciduousForest",44.057350,-71.308646,"WGS84",45.1,447.2,0.2,"6 - trap set and empty","ShermanLF","2023-09-20","2023-09-20",,,,,,,,,,,,,,,,,,,,,,,,,,,,,,,,,,,,,,,,,,,,"0009-0003-6644-7278","0009-0000-8146-6897",,,"b342de0f-ff18-4ac7-801c-38b3478c57a4"
"beec2e35-68f9-469c-90b5-ba9f4158e0af","d8a35f9a-a0c7-49a5-8497-c2f475ef724f","BART_015.mammalGrid.mam","D01","BART","BART_015","C1","distributed","mixedForest",44.042898,-71.275059,"WGS84",45.2,422.8,0.3,"6 - trap set and empty","ShermanLF","2023-09-20","2023-09-20",,,,,,,,,,,,,,,,,,,,,,,,,,,,,,,,,,,,,,,,,,,,"0000-0002-5964-2409","0009-0004-7358-8332",,,"216019d6-f738-46bd-998f-ebe04b7818be"
"b0b864d4-db30-4af4-ac77-f0115cd484a0","d8a35f9a-a0c7-49a5-8497-c2f475ef724f","BART_015.mammalGrid.mam","D01","BART","BART_015","I5","distributed","mixedForest",44.042898,-71.275059,"WGS84",45.2,422.8,0.3,"6 - trap set and empty","ShermanLF","2023-09-20","2023-09-20",,,,,,,,,,,,,,,,,,,,,,,,,,,,,,,,,,,,,,,,,,,,"0000-0002-5964-2409","0009-0004-7358-8332",,,"422ea2a3-6cd0-4ddf-bc7e-17b604181bf1"
"da5cf990-0d39-4f8c-a798-1dab2574834a","d8a35f9a-a0c7-49a5-8497-c2f475ef724f","BART_015.mammalGrid.mam","D01","BART","BART_015","D10","distributed","mixedForest",44.042898,-71.275059,"WGS84",45.2,422.8,0.3,"3 - trap door open or closed w/ spoor left","ShermanLF","2023-09-20","2023-09-20",,,,,,,,,,,,,,,,,,,,,,,,,,,,,"did not check","dry ice",,,,,,,,,,,,,,"0000-0002-5964-2409","0009-0004-7358-8332",,,"0bb8e920-c658-4f03-b00b-5084d99b6d22"
"3f4890bb-92bb-4d38-bc65-1e45edc24ac7","98556381-26f1-4390-b3c3-3f2597505e5c","BART_012.mammalGrid.mam","D01","BART","BART_012","F8","distributed","deciduousForest",44.047478,-71.315451,"WGS84",45.3,579.9,0.4,"6 - trap set and empty","ShermanLF","2023-09-20","2023-09-20",,,,,,,,,,,,,,,,,,,,,,,,,,,,,,,,,,,,,,,,,,,,"0009-0004-7358-8332","0000-0002-5964-2409",,,"2c2367d4-becb-41f5-8456-73915b2a0c06"
"d262881e-c7b3-4a63-a23c-47641c2783f8","98556381-26f1-4390-b3c3-3f2597505e5c","BART_012.mammalGrid.mam","D01","BART","BART_012","G1","distributed","deciduousForest",44.047478,-71.315451,"WGS84",45.3,579.9,0.4,"6 - trap set and empty","ShermanLF","2023-09-20","2023-09-20",,,,,,,,,,,,,,,,,,,,,,,,,,,,,,,,,,,,,,,,,,,,"0009-0004-7358-8332","0000-0002-5964-2409",,,"16ef7a4b-081a-4223-8ddc-7a08225680bc"
"152cefd0-e435-492d-87a8-fa73a1eb024b","e7efbdd7-8558-4123-94a8-29c04fa23672","BART_012.mammalGrid.mam","D01","BART","BART_012","B8","distributed","deciduousForest",44.047478,-71.315451,"WGS84",45.3,579.9,0.4,"6 - trap set and empty","ShermanLF","2023-09-21","2023-09-21",,,,,,,,,,,,,,,,,,,,,,,,,,,,,,,,,,,,,,,,,,,,"0009-0000-8146-6897","0009-0003-6644-7278",,,"aa3446c0-2c11-469f-941b-7610e78dbb25"
"0da991ad-d015-4bb4-aef6-6e16ac3f426a","67f9d6e0-1e1e-467d-abaf-7836c9dabc2f","BART_001.mammalGrid.mam","D01","BART","BART_001","H4","distributed","mixedForest",44.046877,-71.305115,"WGS84",45.2,463.7,0.3,"6 - trap set and empty","ShermanLF","2023-09-21","2023-09-21",,,,,,,,,,,,,,,,,,,,,,,,,,,,,,,,,,,,,,,,,,,,"0009-0003-6644-7278","0009-0000-8146-6897",,,"d866242b-ea98-4d34-aeb0-1d4dca714fe7"
"409823bb-eac2-4326-acfb-c4d943780c39","67f9d6e0-1e1e-467d-abaf-7836c9dabc2f","BART_001.mammalGrid.mam","D01","BART","BART_001","G10","distributed","mixedForest",44.046877,-71.305115,"WGS84",45.2,463.7,0.3,"6 - trap set and empty","ShermanLF","2023-09-21","2023-09-21",,,,,,,,,,,,,,,,,,,,,,,,,,,,,,,,,,,,,,,,,,,,"0009-0003-6644-7278","0009-0000-8146-6897",,,"571764db-b237-46e9-aed3-0b31187dfb66"
"c3c710cb-9ef4-47fa-8af0-2962c1466d0d","9f88bcc2-e5f9-4a12-8bc3-f70e25938509","BART_062.mammalGrid.mam","D01","BART","BART_062","G5","distributed","deciduousForest",44.057350,-71.308646,"WGS84",45.1,447.2,0.2,"6 - trap set and empty","ShermanLF","2023-09-21","2023-09-21",,,,,,,,,,,,,,,,,,,,,,,,,,,,,,,,,,,,,,,,,,,,"0009-0004-7358-8332","0009-0009-1224-8349",,,"1c0f46d7-13e2-4060-bc71-f12eb279761a"
"c8fe535d-48e4-44f7-9d8c-0ffcba36caf6","67f9d6e0-1e1e-467d-abaf-7836c9dabc2f","BART_001.mammalGrid.mam","D01","BART","BART_001","A2","distributed","mixedForest",44.046877,-71.305115,"WGS84",45.2,463.7,0.3,"6 - trap set and empty","ShermanLF","2023-09-21","2023-09-21",,,,,,,,,,,,,,,,,,,,,,,,,,,,,,,,,,,,,,,,,,,,"0009-0003-6644-7278","0009-0000-8146-6897",,,"3834d582-35c0-484d-9c3c-85ee70e5ac97"
"58a27b0d-1129-43b7-a6ae-6a52494a26a3","e7efbdd7-8558-4123-94a8-29c04fa23672","BART_012.mammalGrid.mam","D01","BART","BART_012","B4","distributed","deciduousForest",44.047478,-71.315451,"WGS84",45.3,579.9,0.4,"3 - trap door open or closed w/ spoor left","ShermanLF","2023-09-21","2023-09-21",,,,,,,,,,,,,,,,,,,,,,,,,,,,,"did not check","dry ice",,,,,,,,,,,,,,"0009-0000-8146-6897","0009-0003-6644-7278",,,"a42810cd-5770-461e-a653-36defc8081e4"
"9f067cb0-34f9-48b7-985d-a5ce8d21ab7e","9f88bcc2-e5f9-4a12-8bc3-f70e25938509","BART_062.mammalGrid.mam","D01","BART","BART_062","E8","distributed","deciduousForest",44.057350,-71.308646,"WGS84",45.1,447.2,0.2,"6 - trap set and empty","ShermanLF","2023-09-21","2023-09-21",,,,,,,,,,,,,,,,,,,,,,,,,,,,,,,,,,,,,,,,,,,,"0009-0004-7358-8332","0009-0009-1224-8349",,,"95b3506e-7651-47ec-a356-31aac0450c97"
"1f347cba-7c1a-4928-aaf9-02cfe3851af6","67f9d6e0-1e1e-467d-abaf-7836c9dabc2f","BART_001.mammalGrid.mam","D01","BART","BART_001","J5","distributed","mixedForest",44.046877,-71.305115,"WGS84",45.2,463.7,0.3,"6 - trap set and empty","ShermanLF","2023-09-21","2023-09-21",,,,,,,,,,,,,,,,,,,,,,,,,,,,,,,,,,,,,,,,,,,,"0009-0003-6644-7278","0009-0000-8146-6897",,,"f70c1d9a-58ad-4ea1-8459-53acdab69b60"
"720a16ed-313a-4991-93a1-ac790987a016","67f9d6e0-1e1e-467d-abaf-7836c9dabc2f","BART_001.mammalGrid.mam","D01","BART","BART_001","A8","distributed","mixedForest",44.046877,-71.305115,"WGS84",45.2,463.7,0.3,"6 - trap set and empty","ShermanLF","2023-09-21","2023-09-21",,,,,,,,,,,,,,,,,,,,,,,,,,,,,,,,,,,,,,,,,,,,"0009-0003-6644-7278","0009-0000-8146-6897",,,"7abcd156-936b-4405-a244-14cdca435b0c"
"0777ddf2-c180-4512-8f49-c6a6dab9885e","67f9d6e0-1e1e-467d-abaf-7836c9dabc2f","BART_001.mammalGrid.mam","D01","BART","BART_001","F2","distributed","mixedForest",44.046877,-71.305115,"WGS84",45.2,463.7,0.3,"6 - trap set and empty","ShermanLF","2023-09-21","2023-09-21",,,,,,,,,,,,,,,,,,,,,,,,,,,,,,,,,,,,,,,,,,,,"0009-0003-6644-7278","0009-0000-8146-6897",,,"f00d1a81-ec7c-481b-94f3-afb49ef9b49b"
"a980c1b6-f561-4034-96ac-171396ea3fe4","9f88bcc2-e5f9-4a12-8bc3-f70e25938509","BART_062.mammalGrid.mam","D01","BART","BART_062","B7","distributed","deciduousForest",44.057350,-71.308646,"WGS84",45.1,447.2,0.2,"6 - trap set and empty","ShermanLF","2023-09-21","2023-09-21",,,,,,,,,,,,,,,,,,,,,,,,,,,,,,,,,,,,,,,,,,,,"0009-0004-7358-8332","0009-0009-1224-8349",,,"fb6602fe-477e-41c8-9c91-d02fb8a7d7a1"
"dc0275a0-f5a8-491c-bbba-1b95632883f7","9f88bcc2-e5f9-4a12-8bc3-f70e25938509","BART_062.mammalGrid.mam","D01","BART","BART_062","I5","distributed","deciduousForest",44.057350,-71.308646,"WGS84",45.1,447.2,0.2,"6 - trap set and empty","ShermanLF","2023-09-21","2023-09-21",,,,,,,,,,,,,,,,,,,,,,,,,,,,,,,,,,,,,,,,,,,,"0009-0004-7358-8332","0009-0009-1224-8349",,,"021c5f58-42ee-4f99-8109-d3f6bf54bc3c"
"c4fc0690-3812-491e-9848-778e5b7ec521","9f88bcc2-e5f9-4a12-8bc3-f70e25938509","BART_062.mammalGrid.mam","D01","BART","BART_062","A2","distributed","deciduousForest",44.057350,-71.308646,"WGS84",45.1,447.2,0.2,"6 - trap set and empty","ShermanLF","2023-09-21","2023-09-21",,,,,,,,,,,,,,,,,,,,,,,,,,,,,,,,,,,,,,,,,,,,"0009-0004-7358-8332","0009-0009-1224-8349",,,"7a090c44-851d-4f07-81ce-a3aa82514c0d"
"12ce387d-7be2-408c-823f-694eda63f3ca","67f9d6e0-1e1e-467d-abaf-7836c9dabc2f","BART_001.mammalGrid.mam","D01","BART","BART_001","E5","distributed","mixedForest",44.046877,-71.305115,"WGS84",45.2,463.7,0.3,"6 - trap set and empty","ShermanLF","2023-09-21","2023-09-21",,,,,,,,,,,,,,,,,,,,,,,,,,,,,,,,,,,,,,,,,,,,"0009-0003-6644-7278","0009-0000-8146-6897",,,"4834734a-4cb2-49bc-b066-e74e638b0da1"
"1b68b353-a183-4f42-8d42-4d620a36ff2d","9f88bcc2-e5f9-4a12-8bc3-f70e25938509","BART_062.mammalGrid.mam","D01","BART","BART_062","A1","distributed","deciduousForest",44.057350,-71.308646,"WGS84",45.1,447.2,0.2,"6 - trap set and empty","ShermanLF","2023-09-21","2023-09-21",,,,,,,,,,,,,,,,,,,,,,,,,,,,,,,,,,,,,,,,,,,,"0009-0004-7358-8332","0009-0009-1224-8349",,,"dc7406c1-9d9d-4e1d-a765-38545d99f544"
"af09132c-1c86-4272-8ce4-7b13725059b4","9f88bcc2-e5f9-4a12-8bc3-f70e25938509","BART_062.mammalGrid.mam","D01","BART","BART_062","A3","distributed","deciduousForest",44.057350,-71.308646,"WGS84",45.1,447.2,0.2,"6 - trap set and empty","ShermanLF","2023-09-21","2023-09-21",,,,,,,,,,,,,,,,,,,,,,,,,,,,,,,,,,,,,,,,,,,,"0009-0004-7358-8332","0009-0009-1224-8349",,,"ce54f3f6-dacd-44a9-bbd0-bab0325daff2"
"a0265c43-dd0f-4569-adbd-c623d92fcecc","6faecea2-cb9a-4fbc-9875-48e4d476fa6b","BART_015.mammalGrid.mam","D01","BART","BART_015","I1","distributed","mixedForest",44.042898,-71.275059,"WGS84",45.2,422.8,0.3,"3 - trap door open or closed w/ spoor left","ShermanLF","2023-09-21","2023-09-21",,,,,,,,,,,,,,,,,,,,,,,,,,,,,"did not check","dry ice",,,,,,,,,,,,,,"0009-0004-7358-8332","0009-0009-1224-8349",,,"965524b9-fe90-4525-8a8d-ca44307da4e4"
"a421fee4-d02f-4515-9ec3-647d4e2b14ab","e7efbdd7-8558-4123-94a8-29c04fa23672","BART_012.mammalGrid.mam","D01","BART","BART_012","B5","distributed","deciduousForest",44.047478,-71.315451,"WGS84",45.3,579.9,0.4,"6 - trap set and empty","ShermanLF","2023-09-21","2023-09-21",,,,,,,,,,,,,,,,,,,,,,,,,,,,,,,,,,,,,,,,,,,,"0009-0000-8146-6897","0009-0003-6644-7278",,,"2b3a39e4-0ba0-4569-8e0a-00d9a33abd75"
"37bf998b-ba77-4c25-9b25-b37b907147e7","6faecea2-cb9a-4fbc-9875-48e4d476fa6b","BART_015.mammalGrid.mam","D01","BART","BART_015","F4","distributed","mixedForest",44.042898,-71.275059,"WGS84",45.2,422.8,0.3,"6 - trap set and empty","ShermanLF","2023-09-21","2023-09-21",,,,,,,,,,,,,,,,,,,,,,,,,,,,,,,,,,,,,,,,,,,,"0009-0004-7358-8332","0009-0009-1224-8349",,,"0fee3f4b-d659-42ff-83c9-e2c255eb9c0c"
"13daa00d-ea97-4e31-ae45-5e866cacfe7f","67f9d6e0-1e1e-467d-abaf-7836c9dabc2f","BART_001.mammalGrid.mam","D01","BART","BART_001","C10","distributed","mixedForest",44.046877,-71.305115,"WGS84",45.2,463.7,0.3,"6 - trap set and empty","ShermanLF","2023-09-21","2023-09-21",,,,,,,,,,,,,,,,,,,,,,,,,,,,,,,,,,,,,,,,,,,,"0009-0003-6644-7278","0009-0000-8146-6897",,,"3ae7d866-c1e8-4f14-abae-292c5c04c778"
"dccc195f-da4a-454b-92fe-8f62cbd70ffd","6faecea2-cb9a-4fbc-9875-48e4d476fa6b","BART_015.mammalGrid.mam","D01","BART","BART_015","B1","distributed","mixedForest",44.042898,-71.275059,"WGS84",45.2,422.8,0.3,"5 - capture","ShermanLF","2023-09-21","2023-09-21","NEON.MAM.D01.L9906",,"NAIN","Napaeozapus insignis","species",,"NEON.DOC.001907",,,"N","M","N","processed",,"adult","scrotal",,,,31,,,,19,"N","N","N",,"none","dry ice",,,"unsuccessful",,,,,,,,,,,"0009-0004-7358-8332","0009-0009-1224-8349",,,"b8169f41-3361-49b5-b194-0c2c8a228dba"
"fcc3f8f3-767b-48c7-9178-9ad4f78c37c1","6faecea2-cb9a-4fbc-9875-48e4d476fa6b","BART_015.mammalGrid.mam","D01","BART","BART_015","I6","distributed","mixedForest",44.042898,-71.275059,"WGS84",45.2,422.8,0.3,"6 - trap set and empty","ShermanLF","2023-09-21","2023-09-21",,,,,,,,,,,,,,,,,,,,,,,,,,,,,,,,,,,,,,,,,,,,"0009-0004-7358-8332","0009-0009-1224-8349",,,"8f5d1c9c-8d93-40ef-9c5d-be533a866c34"
"9243ffe3-34e5-469e-acd9-73591aa53bbf","e7efbdd7-8558-4123-94a8-29c04fa23672","BART_012.mammalGrid.mam","D01","BART","BART_012","D6","distributed","deciduousForest",44.047478,-71.315451,"WGS84",45.3,579.9,0.4,"5 - capture","ShermanLF","2023-09-21","2023-09-21","NEON.MAM.D01.L6303",,"PELEPEMA","Peromyscus leucopus/maniculatus","speciesGroup",,"NEON.DOC.001907",,,"N","M","Y","processed",,"adult","nonscrotal",,,,20,15,97,,21,"N","N","N",,"other - see remarks","dry ice",,,,,,,,,,,,,,"0009-0000-8146-6897","0009-0003-6644-7278","Mites",,"e7712d65-8765-4c49-91fe-ba51ad89030c"
"8f847328-217d-43b7-9b16-a064a009177d","67f9d6e0-1e1e-467d-abaf-7836c9dabc2f","BART_001.mammalGrid.mam","D01","BART","BART_001","I3","distributed","mixedForest",44.046877,-71.305115,"WGS84",45.2,463.7,0.3,"6 - trap set and empty","ShermanLF","2023-09-21","2023-09-21",,,,,,,,,,,,,,,,,,,,,,,,,,,,,,,,,,,,,,,,,,,,"0009-0003-6644-7278","0009-0000-8146-6897",,,"2cac97cc-46dc-4e38-8deb-f39794fff41f"
"780a6ed4-f17c-42e3-9af6-e6c579038b8f","e7efbdd7-8558-4123-94a8-29c04fa23672","BART_012.mammalGrid.mam","D01","BART","BART_012","J6","distributed","deciduousForest",44.047478,-71.315451,"WGS84",45.3,579.9,0.4,"6 - trap set and empty","ShermanLF","2023-09-21","2023-09-21",,,,,,,,,,,,,,,,,,,,,,,,,,,,,,,,,,,,,,,,,,,,"0009-0000-8146-6897","0009-0003-6644-7278",,,"6ec2c3bd-a781-4c37-a874-0824fe0aa026"
"1a664669-78d8-4bef-9166-77fb8df1ef14","67f9d6e0-1e1e-467d-abaf-7836c9dabc2f","BART_001.mammalGrid.mam","D01","BART","BART_001","C6","distributed","mixedForest",44.046877,-71.305115,"WGS84",45.2,463.7,0.3,"6 - trap set and empty","ShermanLF","2023-09-21","2023-09-21",,,,,,,,,,,,,,,,,,,,,,,,,,,,,,,,,,,,,,,,,,,,"0009-0003-6644-7278","0009-0000-8146-6897",,,"62e3791b-0252-4196-a754-9c385d7d000d"
"3fe9933b-b12b-40c7-9dc0-9204d6b6a6a9","6faecea2-cb9a-4fbc-9875-48e4d476fa6b","BART_015.mammalGrid.mam","D01","BART","BART_015","G1","distributed","mixedForest",44.042898,-71.275059,"WGS84",45.2,422.8,0.3,"3 - trap door open or closed w/ spoor left","ShermanLF","2023-09-21","2023-09-21",,,,,,,,,,,,,,,,,,,,,,,,,,,,,"did not check","dry ice",,,,,,,,,,,,,,"0009-0004-7358-8332","0009-0009-1224-8349",,,"32ff3d0f-1ea6-436a-9273-a6980de28052"
"7178f8a0-2e32-45b5-b54f-e7df9e310e6c","67f9d6e0-1e1e-467d-abaf-7836c9dabc2f","BART_001.mammalGrid.mam","D01","BART","BART_001","B4","distributed","mixedForest",44.046877,-71.305115,"WGS84",45.2,463.7,0.3,"6 - trap set and empty","ShermanLF","2023-09-21","2023-09-21",,,,,,,,,,,,,,,,,,,,,,,,,,,,,,,,,,,,,,,,,,,,"0009-0003-6644-7278","0009-0000-8146-6897",,,"e0931c82-9f48-4e5c-9e5c-b18a2c6e3ec2"
"f3c624c2-875f-476f-9d31-e79cc83c04e1","67f9d6e0-1e1e-467d-abaf-7836c9dabc2f","BART_001.mammalGrid.mam","D01","BART","BART_001","E7","distributed","mixedForest",44.046877,-71.305115,"WGS84",45.2,463.7,0.3,"6 - trap set and empty","ShermanLF","2023-09-21","2023-09-21",,,,,,,,,,,,,,,,,,,,,,,,,,,,,,,,,,,,,,,,,,,,"0009-0003-6644-7278","0009-0000-8146-6897",,,"73e2aea5-74ad-4afc-87a3-7ae6c9d31a37"
"099f6aef-43d7-447b-ad15-9652641db08a","67f9d6e0-1e1e-467d-abaf-7836c9dabc2f","BART_001.mammalGrid.mam","D01","BART","BART_001","E10","distributed","mixedForest",44.046877,-71.305115,"WGS84",45.2,463.7,0.3,"6 - trap set and empty","ShermanLF","2023-09-21","2023-09-21",,,,,,,,,,,,,,,,,,,,,,,,,,,,,,,,,,,,,,,,,,,,"0009-0003-6644-7278","0009-0000-8146-6897",,,"d9f35046-25ba-4938-b92a-e25d23ea7dab"
"dc39ac94-2719-4364-a4f5-0fc9193867c9","6faecea2-cb9a-4fbc-9875-48e4d476fa6b","BART_015.mammalGrid.mam","D01","BART","BART_015","F7","distributed","mixedForest",44.042898,-71.275059,"WGS84",45.2,422.8,0.3,"6 - trap set and empty","ShermanLF","2023-09-21","2023-09-21",,,,,,,,,,,,,,,,,,,,,,,,,,,,,,,,,,,,,,,,,,,,"0009-0004-7358-8332","0009-0009-1224-8349",,,"9aa139ed-76ec-4735-8b45-b20b72b40ace"
"674a6c28-32e1-4428-babf-0299c012ee91","6faecea2-cb9a-4fbc-9875-48e4d476fa6b","BART_015.mammalGrid.mam","D01","BART","BART_015","C2","distributed","mixedForest",44.042898,-71.275059,"WGS84",45.2,422.8,0.3,"3 - trap door open or closed w/ spoor left","ShermanLF","2023-09-21","2023-09-21",,,,,,,,,,,,,,,,,,,,,,,,,,,,,"did not check","dry ice",,,,,,,,,,,,,,"0009-0004-7358-8332","0009-0009-1224-8349",,,"cf633983-bc4f-4a95-9eac-b6b9f8c63b13"
"ad021d32-6977-42cc-b3b8-9a3dac194e19","6faecea2-cb9a-4fbc-9875-48e4d476fa6b","BART_015.mammalGrid.mam","D01","BART","BART_015","H7","distributed","mixedForest",44.042898,-71.275059,"WGS84",45.2,422.8,0.3,"6 - trap set and empty","ShermanLF","2023-09-21","2023-09-21",,,,,,,,,,,,,,,,,,,,,,,,,,,,,,,,,,,,,,,,,,,,"0009-0004-7358-8332","0009-0009-1224-8349",,,"6358807b-47d6-4217-8614-8ba0dece68ef"
"936c7047-8d7b-4a94-b846-771cc65a7012","6faecea2-cb9a-4fbc-9875-48e4d476fa6b","BART_015.mammalGrid.mam","D01","BART","BART_015","C9","distributed","mixedForest",44.042898,-71.275059,"WGS84",45.2,422.8,0.3,"3 - trap door open or closed w/ spoor left","ShermanLF","2023-09-21","2023-09-21",,,,,,,,,,,,,,,,,,,,,,,,,,,,,"did not check","dry ice",,,,,,,,,,,,,,"0009-0004-7358-8332","0009-0009-1224-8349",,,"e8e9ef95-6f46-4db7-816a-87cca345436f"
"45d7b5ec-e8ac-4be6-bd50-50b4e21ae77f","6faecea2-cb9a-4fbc-9875-48e4d476fa6b","BART_015.mammalGrid.mam","D01","BART","BART_015","H9","distributed","mixedForest",44.042898,-71.275059,"WGS84",45.2,422.8,0.3,"3 - trap door open or closed w/ spoor left","ShermanLF","2023-09-21","2023-09-21",,,,,,,,,,,,,,,,,,,,,,,,,,,,,"did not check","dry ice",,,,,,,,,,,,,,"0009-0004-7358-8332","0009-0009-1224-8349",,,"7949a14c-6ee9-4be1-977c-9892e21b56f7"
"a7388464-4494-4a96-b9c9-63982519ad45","6faecea2-cb9a-4fbc-9875-48e4d476fa6b","BART_015.mammalGrid.mam","D01","BART","BART_015","G5","distributed","mixedForest",44.042898,-71.275059,"WGS84",45.2,422.8,0.3,"6 - trap set and empty","ShermanLF","2023-09-21","2023-09-21",,,,,,,,,,,,,,,,,,,,,,,,,,,,,,,,,,,,,,,,,,,,"0009-0004-7358-8332","0009-0009-1224-8349",,,"fb48c11b-3ae5-409c-8ed9-e22c4d2153a1"
"1694a63e-f1dc-4f71-867b-587476df93bf","67f9d6e0-1e1e-467d-abaf-7836c9dabc2f","BART_001.mammalGrid.mam","D01","BART","BART_001","C7","distributed","mixedForest",44.046877,-71.305115,"WGS84",45.2,463.7,0.3,"6 - trap set and empty","ShermanLF","2023-09-21","2023-09-21",,,,,,,,,,,,,,,,,,,,,,,,,,,,,,,,,,,,,,,,,,,,"0009-0003-6644-7278","0009-0000-8146-6897",,,"a3dfa7d5-fb03-49a0-b755-7f4a327e59f6"
"91da1a96-2be0-4df5-b960-51ae4ab7fc01","9f88bcc2-e5f9-4a12-8bc3-f70e25938509","BART_062.mammalGrid.mam","D01","BART","BART_062","C3","distributed","deciduousForest",44.057350,-71.308646,"WGS84",45.1,447.2,0.2,"6 - trap set and empty","ShermanLF","2023-09-21","2023-09-21",,,,,,,,,,,,,,,,,,,,,,,,,,,,,,,,,,,,,,,,,,,,"0009-0004-7358-8332","0009-0009-1224-8349",,,"63b0b1f0-a8a8-4604-9669-4bee80bba5f7"
"c6f05b64-2507-4fa4-b16b-ec0775a4395e","e7efbdd7-8558-4123-94a8-29c04fa23672","BART_012.mammalGrid.mam","D01","BART","BART_012","D3","distributed","deciduousForest",44.047478,-71.315451,"WGS84",45.3,579.9,0.4,"6 - trap set and empty","ShermanLF","2023-09-21","2023-09-21",,,,,,,,,,,,,,,,,,,,,,,,,,,,,,,,,,,,,,,,,,,,"0009-0000-8146-6897","0009-0003-6644-7278",,,"4c942ccf-1f01-41b3-bb99-3100ebc81d96"
"8594d3f8-03c8-462c-b113-0a611901b474","6faecea2-cb9a-4fbc-9875-48e4d476fa6b","BART_015.mammalGrid.mam","D01","BART","BART_015","C10","distributed","mixedForest",44.042898,-71.275059,"WGS84",45.2,422.8,0.3,"5 - capture","ShermanLF","2023-09-21","2023-09-21","NEON.MAM.D01.R9062",,"NAIN","Napaeozapus insignis","species",,"NEON.DOC.001907",,,"N","F","N","processed",,"adult",,"enlarged","pregnant","neither",31,,,,30,"N","N","N",,"none","dry ice",,,"unsuccessful",,,,,,,,,,,"0009-0004-7358-8332","0009-0009-1224-8349",,,"0ce9cfbf-2185-44f5-9637-547ff9cc3976"
"61ec4ba9-b817-487a-bf71-abffc5ca1f06","e7efbdd7-8558-4123-94a8-29c04fa23672","BART_012.mammalGrid.mam","D01","BART","BART_012","D9","distributed","deciduousForest",44.047478,-71.315451,"WGS84",45.3,579.9,0.4,"3 - trap door open or closed w/ spoor left","ShermanLF","2023-09-21","2023-09-21",,,,,,,,,,,,,,,,,,,,,,,,,,,,,"did not check","dry ice",,,,,,,,,,,,,,"0009-0000-8146-6897","0009-0003-6644-7278",,,"3374842f-f41d-4451-929a-e53243481ff7"
"72010c6b-654d-44c5-8730-fd4ebfbf9fca","67f9d6e0-1e1e-467d-abaf-7836c9dabc2f","BART_001.mammalGrid.mam","D01","BART","BART_001","C8","distributed","mixedForest",44.046877,-71.305115,"WGS84",45.2,463.7,0.3,"6 - trap set and empty","ShermanLF","2023-09-21","2023-09-21",,,,,,,,,,,,,,,,,,,,,,,,,,,,,,,,,,,,,,,,,,,,"0009-0003-6644-7278","0009-0000-8146-6897",,,"06ccd4fa-3321-45be-b5b2-b4f31bac225c"
"d55b6fa2-114d-4855-a46f-5f09c0671579","9f88bcc2-e5f9-4a12-8bc3-f70e25938509","BART_062.mammalGrid.mam","D01","BART","BART_062","B5","distributed","deciduousForest",44.057350,-71.308646,"WGS84",45.1,447.2,0.2,"6 - trap set and empty","ShermanLF","2023-09-21","2023-09-21",,,,,,,,,,,,,,,,,,,,,,,,,,,,,,,,,,,,,,,,,,,,"0009-0004-7358-8332","0009-0009-1224-8349",,,"873a06a3-486d-4cdc-9335-f467212d26e8"
"ad81220a-3004-41df-8906-e2430733c1ca","6faecea2-cb9a-4fbc-9875-48e4d476fa6b","BART_015.mammalGrid.mam","D01","BART","BART_015","J4","distributed","mixedForest",44.042898,-71.275059,"WGS84",45.2,422.8,0.3,"6 - trap set and empty","ShermanLF","2023-09-21","2023-09-21",,,,,,,,,,,,,,,,,,,,,,,,,,,,,,,,,,,,,,,,,,,,"0009-0004-7358-8332","0009-0009-1224-8349",,,"43754fe6-347a-4bb3-9ff4-4ed10d5b6d01"
"2d529a6d-a966-46b3-9387-8e4bab76a713","9f88bcc2-e5f9-4a12-8bc3-f70e25938509","BART_062.mammalGrid.mam","D01","BART","BART_062","H8","distributed","deciduousForest",44.057350,-71.308646,"WGS84",45.1,447.2,0.2,"6 - trap set and empty","ShermanLF","2023-09-21","2023-09-21",,,,,,,,,,,,,,,,,,,,,,,,,,,,,,,,,,,,,,,,,,,,"0009-0004-7358-8332","0009-0009-1224-8349",,,"9aa5eb15-9c23-4154-a746-14a32d3a3f52"
"6f9ef3fa-ad6c-4ebc-8936-15c82a571c3f","9f88bcc2-e5f9-4a12-8bc3-f70e25938509","BART_062.mammalGrid.mam","D01","BART","BART_062","B9","distributed","deciduousForest",44.057350,-71.308646,"WGS84",45.1,447.2,0.2,"6 - trap set and empty","ShermanLF","2023-09-21","2023-09-21",,,,,,,,,,,,,,,,,,,,,,,,,,,,,,,,,,,,,,,,,,,,"0009-0004-7358-8332","0009-0009-1224-8349",,,"c4dfe17d-65ef-4a60-bcf8-16ebed7469cf"
"be6e4c15-64c1-4ba3-8ec0-94218c30f384","6faecea2-cb9a-4fbc-9875-48e4d476fa6b","BART_015.mammalGrid.mam","D01","BART","BART_015","A8","distributed","mixedForest",44.042898,-71.275059,"WGS84",45.2,422.8,0.3,"6 - trap set and empty","ShermanLF","2023-09-21","2023-09-21",,,,,,,,,,,,,,,,,,,,,,,,,,,,,,,,,,,,,,,,,,,,"0009-0004-7358-8332","0009-0009-1224-8349",,,"647c5649-ce68-42c0-8b0e-73f57d668204"
"d461363e-05c1-4138-84e5-723f3ca64e43","6faecea2-cb9a-4fbc-9875-48e4d476fa6b","BART_015.mammalGrid.mam","D01","BART","BART_015","B6","distributed","mixedForest",44.042898,-71.275059,"WGS84",45.2,422.8,0.3,"1 - trap not set","ShermanLF","2023-09-21","2023-09-21",,,,,,,,,,,,,,,,,,,,,,,,,,,,,"did not check","dry ice",,,,,,,,,,,,,,"0009-0004-7358-8332","0009-0009-1224-8349",,,"990f232e-676a-4e53-942d-87ad6886fa84"
"0b427137-45ab-4fb6-8488-a14cc345b96c","e7efbdd7-8558-4123-94a8-29c04fa23672","BART_012.mammalGrid.mam","D01","BART","BART_012","A4","distributed","deciduousForest",44.047478,-71.315451,"WGS84",45.3,579.9,0.4,"6 - trap set and empty","ShermanLF","2023-09-21","2023-09-21",,,,,,,,,,,,,,,,,,,,,,,,,,,,,,,,,,,,,,,,,,,,"0009-0000-8146-6897","0009-0003-6644-7278",,,"d8a775f7-f1b9-42a4-8cb9-593daaf6499c"
"c0a91f11-0a76-4e90-80e9-8597b408da7b","6faecea2-cb9a-4fbc-9875-48e4d476fa6b","BART_015.mammalGrid.mam","D01","BART","BART_015","G7","distributed","mixedForest",44.042898,-71.275059,"WGS84",45.2,422.8,0.3,"6 - trap set and empty","ShermanLF","2023-09-21","2023-09-21",,,,,,,,,,,,,,,,,,,,,,,,,,,,,,,,,,,,,,,,,,,,"0009-0004-7358-8332","0009-0009-1224-8349",,,"d99897fc-d3e8-4787-938e-70e1af64474b"
"23c04244-d8af-4048-aad2-9f2df507d85b","6faecea2-cb9a-4fbc-9875-48e4d476fa6b","BART_015.mammalGrid.mam","D01","BART","BART_015","D5","distributed","mixedForest",44.042898,-71.275059,"WGS84",45.2,422.8,0.3,"6 - trap set and empty","ShermanLF","2023-09-21","2023-09-21",,,,,,,,,,,,,,,,,,,,,,,,,,,,,,,,,,,,,,,,,,,,"0009-0004-7358-8332","0009-0009-1224-8349",,,"2cc96a37-85bd-4f39-8cfe-afaa31f5b57d"
"3cf709d2-a2b2-4b8b-83a9-09e8809a558e","6faecea2-cb9a-4fbc-9875-48e4d476fa6b","BART_015.mammalGrid.mam","D01","BART","BART_015","J1","distributed","mixedForest",44.042898,-71.275059,"WGS84",45.2,422.8,0.3,"6 - trap set and empty","ShermanLF","2023-09-21","2023-09-21",,,,,,,,,,,,,,,,,,,,,,,,,,,,,,,,,,,,,,,,,,,,"0009-0004-7358-8332","0009-0009-1224-8349",,,"6cb98b90-8a0b-429d-a26a-56e797426053"
"81800502-73c1-4f8c-9929-839d2da4aa2d","67f9d6e0-1e1e-467d-abaf-7836c9dabc2f","BART_001.mammalGrid.mam","D01","BART","BART_001","G1","distributed","mixedForest",44.046877,-71.305115,"WGS84",45.2,463.7,0.3,"6 - trap set and empty","ShermanLF","2023-09-21","2023-09-21",,,,,,,,,,,,,,,,,,,,,,,,,,,,,,,,,,,,,,,,,,,,"0009-0003-6644-7278","0009-0000-8146-6897",,,"52dcd448-9475-46bf-b4e1-c88c022d8909"
"d15ebe9d-bc12-40ee-ab9b-86cd17dada96","9f88bcc2-e5f9-4a12-8bc3-f70e25938509","BART_062.mammalGrid.mam","D01","BART","BART_062","D7","distributed","deciduousForest",44.057350,-71.308646,"WGS84",45.1,447.2,0.2,"6 - trap set and empty","ShermanLF","2023-09-21","2023-09-21",,,,,,,,,,,,,,,,,,,,,,,,,,,,,,,,,,,,,,,,,,,,"0009-0004-7358-8332","0009-0009-1224-8349",,,"153150ab-86fa-47b4-b20a-45de8b62c6bc"
"c5459b6a-8b64-4984-a070-0a37b9fcc5ff","67f9d6e0-1e1e-467d-abaf-7836c9dabc2f","BART_001.mammalGrid.mam","D01","BART","BART_001","I2","distributed","mixedForest",44.046877,-71.305115,"WGS84",45.2,463.7,0.3,"6 - trap set and empty","ShermanLF","2023-09-21","2023-09-21",,,,,,,,,,,,,,,,,,,,,,,,,,,,,,,,,,,,,,,,,,,,"0009-0003-6644-7278","0009-0000-8146-6897",,,"b45e08b6-9671-4f4f-9e5a-daa9386154b6"
"4d6000bc-b02a-4cb7-a179-4da48e879ee2","6faecea2-cb9a-4fbc-9875-48e4d476fa6b","BART_015.mammalGrid.mam","D01","BART","BART_015","F10","distributed","mixedForest",44.042898,-71.275059,"WGS84",45.2,422.8,0.3,"5 - capture","ShermanLF","2023-09-21","2023-09-21","NEON.MAM.D01.O015F1020230921",,"MYGA","Myodes gapperi","species",,"NEON.DOC.001907",,,"N","F","N","processed",,"subadult",,"nonenlarged","not","neither",18,,,,9,"N","N","N",,"other - see remarks","dry ice",,,,,,,,,,,,,,"0009-0004-7358-8332","0009-0009-1224-8349","Mites",,"d91b1877-6e0f-44e2-992f-b84aa61e6bcd"
"c8e823cc-9bb6-4ad5-9421-a09cfd7fed21","67f9d6e0-1e1e-467d-abaf-7836c9dabc2f","BART_001.mammalGrid.mam","D01","BART","BART_001","E2","distributed","mixedForest",44.046877,-71.305115,"WGS84",45.2,463.7,0.3,"6 - trap set and empty","ShermanLF","2023-09-21","2023-09-21",,,,,,,,,,,,,,,,,,,,,,,,,,,,,,,,,,,,,,,,,,,,"0009-0003-6644-7278","0009-0000-8146-6897",,,"b47db88b-0ae2-45d7-820a-3c9e8db8f4a9"
"e9afb07a-1bee-4f79-8caa-5db9714b5cff","6faecea2-cb9a-4fbc-9875-48e4d476fa6b","BART_015.mammalGrid.mam","D01","BART","BART_015","B8","distributed","mixedForest",44.042898,-71.275059,"WGS84",45.2,422.8,0.3,"3 - trap door open or closed w/ spoor left","ShermanLF","2023-09-21","2023-09-21",,,,,,,,,,,,,,,,,,,,,,,,,,,,,"did not check","dry ice",,,,,,,,,,,,,,"0009-0004-7358-8332","0009-0009-1224-8349",,,"3f61365b-a526-405b-bb38-603a1d32a00e"
"d83f6e98-34b2-429f-8d25-c11a9791c3d0","9f88bcc2-e5f9-4a12-8bc3-f70e25938509","BART_062.mammalGrid.mam","D01","BART","BART_062","E3","distributed","deciduousForest",44.057350,-71.308646,"WGS84",45.1,447.2,0.2,"6 - trap set and empty","ShermanLF","2023-09-21","2023-09-21",,,,,,,,,,,,,,,,,,,,,,,,,,,,,,,,,,,,,,,,,,,,"0009-0004-7358-8332","0009-0009-1224-8349",,,"239d286c-4de6-4fca-b041-3c01711ba170"
"f30f08f8-b546-4320-bf62-be2399f04a6d","67f9d6e0-1e1e-467d-abaf-7836c9dabc2f","BART_001.mammalGrid.mam","D01","BART","BART_001","B5","distributed","mixedForest",44.046877,-71.305115,"WGS84",45.2,463.7,0.3,"6 - trap set and empty","ShermanLF","2023-09-21","2023-09-21",,,,,,,,,,,,,,,,,,,,,,,,,,,,,,,,,,,,,,,,,,,,"0009-0003-6644-7278","0009-0000-8146-6897",,,"c7c634bc-d79b-430c-906f-6c252a0fb35e"
"d4cd240a-2b97-46eb-8935-0fabbfcec030","6faecea2-cb9a-4fbc-9875-48e4d476fa6b","BART_015.mammalGrid.mam","D01","BART","BART_015","E8","distributed","mixedForest",44.042898,-71.275059,"WGS84",45.2,422.8,0.3,"5 - capture","ShermanLF","2023-09-21","2023-09-21","NEON.MAM.D01.L9055",,"MYGA","Myodes gapperi","species",,"NEON.DOC.001907",,,"N","F","N","processed",,"subadult",,"nonenlarged","not","neither",17,,,,10,"N","N","N",,"none","dry ice",,,,,,,,,,,,,,"0009-0004-7358-8332","0009-0009-1224-8349",,,"fb174cc2-4189-4251-8988-a72717cdf850"
"ef2321ad-2c22-43d0-bb7f-b5739160292f","67f9d6e0-1e1e-467d-abaf-7836c9dabc2f","BART_001.mammalGrid.mam","D01","BART","BART_001","I5","distributed","mixedForest",44.046877,-71.305115,"WGS84",45.2,463.7,0.3,"6 - trap set and empty","ShermanLF","2023-09-21","2023-09-21",,,,,,,,,,,,,,,,,,,,,,,,,,,,,,,,,,,,,,,,,,,,"0009-0003-6644-7278","0009-0000-8146-6897",,,"2e64ef8a-2c87-48e6-8053-34c4b27957d1"
"1c6ff0a6-6f93-43f7-b78f-b8b74ceb0243","6faecea2-cb9a-4fbc-9875-48e4d476fa6b","BART_015.mammalGrid.mam","D01","BART","BART_015","A6","distributed","mixedForest",44.042898,-71.275059,"WGS84",45.2,422.8,0.3,"6 - trap set and empty","ShermanLF","2023-09-21","2023-09-21",,,,,,,,,,,,,,,,,,,,,,,,,,,,,,,,,,,,,,,,,,,,"0009-0004-7358-8332","0009-0009-1224-8349",,,"e80b4785-8821-46ac-b239-0d806189b19c"
"841b3177-7825-4878-a0da-e833b4985472","9f88bcc2-e5f9-4a12-8bc3-f70e25938509","BART_062.mammalGrid.mam","D01","BART","BART_062","I9","distributed","deciduousForest",44.057350,-71.308646,"WGS84",45.1,447.2,0.2,"6 - trap set and empty","ShermanLF","2023-09-21","2023-09-21",,,,,,,,,,,,,,,,,,,,,,,,,,,,,,,,,,,,,,,,,,,,"0009-0004-7358-8332","0009-0009-1224-8349",,,"11b36bf5-af9a-4fc6-87f9-30692b1b9099"
"d6f5e5e9-ebcf-4e8f-9539-6614c7e82ae5","67f9d6e0-1e1e-467d-abaf-7836c9dabc2f","BART_001.mammalGrid.mam","D01","BART","BART_001","H9","distributed","mixedForest",44.046877,-71.305115,"WGS84",45.2,463.7,0.3,"6 - trap set and empty","ShermanLF","2023-09-21","2023-09-21",,,,,,,,,,,,,,,,,,,,,,,,,,,,,,,,,,,,,,,,,,,,"0009-0003-6644-7278","0009-0000-8146-6897",,,"61183dd4-488e-489f-a28c-c1327aef4f61"
"87c1ca0a-2a4e-443c-b04a-83ba835f8dd2","e7efbdd7-8558-4123-94a8-29c04fa23672","BART_012.mammalGrid.mam","D01","BART","BART_012","I4","distributed","deciduousForest",44.047478,-71.315451,"WGS84",45.3,579.9,0.4,"6 - trap set and empty","ShermanLF","2023-09-21","2023-09-21",,,,,,,,,,,,,,,,,,,,,,,,,,,,,,,,,,,,,,,,,,,,"0009-0000-8146-6897","0009-0003-6644-7278",,,"dbf5fd22-6879-4898-a4e7-1bf0b41d1364"
"9e170bd1-ce4c-457e-86fa-8cd0f1564e84","e7efbdd7-8558-4123-94a8-29c04fa23672","BART_012.mammalGrid.mam","D01","BART","BART_012","C10","distributed","deciduousForest",44.047478,-71.315451,"WGS84",45.3,579.9,0.4,"6 - trap set and empty","ShermanLF","2023-09-21","2023-09-21",,,,,,,,,,,,,,,,,,,,,,,,,,,,,,,,,,,,,,,,,,,,"0009-0000-8146-6897","0009-0003-6644-7278",,,"38b276c6-07a8-4ae4-83da-6f55c5f303f6"
"ebeb0a59-b020-4ba6-90d5-ba85779eb74e","67f9d6e0-1e1e-467d-abaf-7836c9dabc2f","BART_001.mammalGrid.mam","D01","BART","BART_001","D8","distributed","mixedForest",44.046877,-71.305115,"WGS84",45.2,463.7,0.3,"6 - trap set and empty","ShermanLF","2023-09-21","2023-09-21",,,,,,,,,,,,,,,,,,,,,,,,,,,,,,,,,,,,,,,,,,,,"0009-0003-6644-7278","0009-0000-8146-6897",,,"30341e65-03a4-48f9-960b-f284d7a45000"
"e9c334a4-f6bb-474a-954e-aca3fff0c7fd","6faecea2-cb9a-4fbc-9875-48e4d476fa6b","BART_015.mammalGrid.mam","D01","BART","BART_015","G2","distributed","mixedForest",44.042898,-71.275059,"WGS84",45.2,422.8,0.3,"6 - trap set and empty","ShermanLF","2023-09-21","2023-09-21",,,,,,,,,,,,,,,,,,,,,,,,,,,,,,,,,,,,,,,,,,,,"0009-0004-7358-8332","0009-0009-1224-8349",,,"6898ab74-8dec-44c7-9fe6-f0c3a6e30a11"
"a5900bd7-ae2f-423e-86db-4dca31151448","6faecea2-cb9a-4fbc-9875-48e4d476fa6b","BART_015.mammalGrid.mam","D01","BART","BART_015","B9","distributed","mixedForest",44.042898,-71.275059,"WGS84",45.2,422.8,0.3,"3 - trap door open or closed w/ spoor left","ShermanLF","2023-09-21","2023-09-21",,,,,,,,,,,,,,,,,,,,,,,,,,,,,"did not check","dry ice",,,,,,,,,,,,,,"0009-0004-7358-8332","0009-0009-1224-8349",,,"b317232f-9726-4e20-b3a4-ce2ea85c6eac"
"86bae874-2867-498f-9a46-7880bae3871d","67f9d6e0-1e1e-467d-abaf-7836c9dabc2f","BART_001.mammalGrid.mam","D01","BART","BART_001","J2","distributed","mixedForest",44.046877,-71.305115,"WGS84",45.2,463.7,0.3,"6 - trap set and empty","ShermanLF","2023-09-21","2023-09-21",,,,,,,,,,,,,,,,,,,,,,,,,,,,,,,,,,,,,,,,,,,,"0009-0003-6644-7278","0009-0000-8146-6897",,,"9caa2162-a2f8-4330-8231-8e67d62f7407"
"f9de3fdc-e939-4139-812e-bbb600883084","67f9d6e0-1e1e-467d-abaf-7836c9dabc2f","BART_001.mammalGrid.mam","D01","BART","BART_001","G2","distributed","mixedForest",44.046877,-71.305115,"WGS84",45.2,463.7,0.3,"6 - trap set and empty","ShermanLF","2023-09-21","2023-09-21",,,,,,,,,,,,,,,,,,,,,,,,,,,,,,,,,,,,,,,,,,,,"0009-0003-6644-7278","0009-0000-8146-6897",,,"9333e52a-1bb7-4242-bb0e-617975ff41dd"
"bdf07570-6367-47b7-bedb-023fa73faf69","9f88bcc2-e5f9-4a12-8bc3-f70e25938509","BART_062.mammalGrid.mam","D01","BART","BART_062","D5","distributed","deciduousForest",44.057350,-71.308646,"WGS84",45.1,447.2,0.2,"6 - trap set and empty","ShermanLF","2023-09-21","2023-09-21",,,,,,,,,,,,,,,,,,,,,,,,,,,,,,,,,,,,,,,,,,,,"0009-0004-7358-8332","0009-0009-1224-8349",,,"f74fc79b-f32c-46a1-8fc0-821c5026301e"
"b01b27f7-657a-42a5-a916-1d1bb307cd74","6faecea2-cb9a-4fbc-9875-48e4d476fa6b","BART_015.mammalGrid.mam","D01","BART","BART_015","I8","distributed","mixedForest",44.042898,-71.275059,"WGS84",45.2,422.8,0.3,"6 - trap set and empty","ShermanLF","2023-09-21","2023-09-21",,,,,,,,,,,,,,,,,,,,,,,,,,,,,,,,,,,,,,,,,,,,"0009-0004-7358-8332","0009-0009-1224-8349",,,"3d2027de-bda5-46e4-a10d-cca8ee108bbf"
"99f24a25-584e-470c-998c-bc81423133af","e7efbdd7-8558-4123-94a8-29c04fa23672","BART_012.mammalGrid.mam","D01","BART","BART_012","D5","distributed","deciduousForest",44.047478,-71.315451,"WGS84",45.3,579.9,0.4,"3 - trap door open or closed w/ spoor left","ShermanLF","2023-09-21","2023-09-21",,,,,,,,,,,,,,,,,,,,,,,,,,,,,"did not check","dry ice",,,,,,,,,,,,,,"0009-0000-8146-6897","0009-0003-6644-7278",,,"a1330ffe-0db0-47b5-8fcf-8df05673714e"
"96e9c459-91fb-46bb-99b6-aecac528c29c","67f9d6e0-1e1e-467d-abaf-7836c9dabc2f","BART_001.mammalGrid.mam","D01","BART","BART_001","F1","distributed","mixedForest",44.046877,-71.305115,"WGS84",45.2,463.7,0.3,"6 - trap set and empty","ShermanLF","2023-09-21","2023-09-21",,,,,,,,,,,,,,,,,,,,,,,,,,,,,,,,,,,,,,,,,,,,"0009-0003-6644-7278","0009-0000-8146-6897",,,"37ff77a6-b827-4c14-8d9c-d50ca4db3641"
"4f0e0812-db80-46af-8d83-c459802251e8","6faecea2-cb9a-4fbc-9875-48e4d476fa6b","BART_015.mammalGrid.mam","D01","BART","BART_015","A10","distributed","mixedForest",44.042898,-71.275059,"WGS84",45.2,422.8,0.3,"6 - trap set and empty","ShermanLF","2023-09-21","2023-09-21",,,,,,,,,,,,,,,,,,,,,,,,,,,,,,,,,,,,,,,,,,,,"0009-0004-7358-8332","0009-0009-1224-8349",,,"4352fd1f-ee8c-4b20-b518-2ae36e4d4f20"
"9513910b-3f36-4460-890d-c6d371a3b014","67f9d6e0-1e1e-467d-abaf-7836c9dabc2f","BART_001.mammalGrid.mam","D01","BART","BART_001","A4","distributed","mixedForest",44.046877,-71.305115,"WGS84",45.2,463.7,0.3,"6 - trap set and empty","ShermanLF","2023-09-21","2023-09-21",,,,,,,,,,,,,,,,,,,,,,,,,,,,,,,,,,,,,,,,,,,,"0009-0003-6644-7278","0009-0000-8146-6897",,,"49601a6d-3cdc-4ea7-96db-33a3936b16a3"
"50b41b08-b02f-4dee-866b-89d56c4d744b","e7efbdd7-8558-4123-94a8-29c04fa23672","BART_012.mammalGrid.mam","D01","BART","BART_012","G8","distributed","deciduousForest",44.047478,-71.315451,"WGS84",45.3,579.9,0.4,"5 - capture","ShermanLF","2023-09-21","2023-09-21","NEON.MAM.D01.O012G820230921",,"BLBR","Blarina brevicauda","species",,"NEON.DOC.001907",,,"N","U","U","dead",,"adult",,,,,,,,,10,"U","U","U",,"did not check","dry ice",,,,,,,,,,,,"BART.20230921.O012G820230921.V","B00000165699","0009-0000-8146-6897","0009-0003-6644-7278",,,"6b51bb64-40ec-413c-977a-d7e0829fe0e1"
"5850c4c4-f7fa-46ea-85a6-2c8d812249bf","9f88bcc2-e5f9-4a12-8bc3-f70e25938509","BART_062.mammalGrid.mam","D01","BART","BART_062","G9","distributed","deciduousForest",44.057350,-71.308646,"WGS84",45.1,447.2,0.2,"6 - trap set and empty","ShermanLF","2023-09-21","2023-09-21",,,,,,,,,,,,,,,,,,,,,,,,,,,,,,,,,,,,,,,,,,,,"0009-0004-7358-8332","0009-0009-1224-8349",,,"19b206f4-96f3-44de-9794-293e86c34f8a"
"c4ab4ede-b4bd-4a5c-8c0c-cc314aa47acd","6faecea2-cb9a-4fbc-9875-48e4d476fa6b","BART_015.mammalGrid.mam","D01","BART","BART_015","F8","distributed","mixedForest",44.042898,-71.275059,"WGS84",45.2,422.8,0.3,"6 - trap set and empty","ShermanLF","2023-09-21","2023-09-21",,,,,,,,,,,,,,,,,,,,,,,,,,,,,,,,,,,,,,,,,,,,"0009-0004-7358-8332","0009-0009-1224-8349",,,"eec540d1-61df-487a-ba91-76c0b48f89e7"
"5f49c390-6519-4e16-828d-c3313e309fd5","9f88bcc2-e5f9-4a12-8bc3-f70e25938509","BART_062.mammalGrid.mam","D01","BART","BART_062","G10","distributed","deciduousForest",44.057350,-71.308646,"WGS84",45.1,447.2,0.2,"6 - trap set and empty","ShermanLF","2023-09-21","2023-09-21",,,,,,,,,,,,,,,,,,,,,,,,,,,,,,,,,,,,,,,,,,,,"0009-0004-7358-8332","0009-0009-1224-8349",,,"11bba2e8-bf5d-49c5-90e6-9da9662ea7d2"
"346bc803-9502-45f4-83ad-d6acde1bb2c1","6faecea2-cb9a-4fbc-9875-48e4d476fa6b","BART_015.mammalGrid.mam","D01","BART","BART_015","D6","distributed","mixedForest",44.042898,-71.275059,"WGS84",45.2,422.8,0.3,"5 - capture","ShermanLF","2023-09-21","2023-09-21","NEON.MAM.D01.L9051",,"NAIN","Napaeozapus insignis","species",,"NEON.DOC.001907",,,"N","M","Y","processed",,"subadult","nonscrotal",,,,32,,,,18,"N","N","N",,"none","dry ice","BART.20230921.L9051.B","D00000037073","mandibular - QNS",,,,,,,,,,,"0009-0004-7358-8332","0009-0009-1224-8349",,,"3e9d31d4-a5bb-453b-a9f5-ba48c622dc8a"
"a1e98741-603c-4c43-9d75-ef3acc9771c0","e7efbdd7-8558-4123-94a8-29c04fa23672","BART_012.mammalGrid.mam","D01","BART","BART_012","F9","distributed","deciduousForest",44.047478,-71.315451,"WGS84",45.3,579.9,0.4,"6 - trap set and empty","ShermanLF","2023-09-21","2023-09-21",,,,,,,,,,,,,,,,,,,,,,,,,,,,,,,,,,,,,,,,,,,,"0009-0000-8146-6897","0009-0003-6644-7278",,,"190dcd36-177b-4e5f-bd86-171f2cd234c0"
"0eb5f0cc-2a6a-47f9-b84a-983230cde1c5","67f9d6e0-1e1e-467d-abaf-7836c9dabc2f","BART_001.mammalGrid.mam","D01","BART","BART_001","E6","distributed","mixedForest",44.046877,-71.305115,"WGS84",45.2,463.7,0.3,"6 - trap set and empty","ShermanLF","2023-09-21","2023-09-21",,,,,,,,,,,,,,,,,,,,,,,,,,,,,,,,,,,,,,,,,,,,"0009-0003-6644-7278","0009-0000-8146-6897",,,"3e66520c-8bb6-4732-b5ed-057acf0de0fc"
"c48ce0ea-085d-446b-a8e3-c430787fef72","e7efbdd7-8558-4123-94a8-29c04fa23672","BART_012.mammalGrid.mam","D01","BART","BART_012","D7","distributed","deciduousForest",44.047478,-71.315451,"WGS84",45.3,579.9,0.4,"6 - trap set and empty","ShermanLF","2023-09-21","2023-09-21",,,,,,,,,,,,,,,,,,,,,,,,,,,,,,,,,,,,,,,,,,,,"0009-0000-8146-6897","0009-0003-6644-7278",,,"c56b7cf2-963e-4f42-939d-8b56e3012d95"
"42f64432-c30b-4318-a6df-c55ddc906b74","67f9d6e0-1e1e-467d-abaf-7836c9dabc2f","BART_001.mammalGrid.mam","D01","BART","BART_001","C3","distributed","mixedForest",44.046877,-71.305115,"WGS84",45.2,463.7,0.3,"6 - trap set and empty","ShermanLF","2023-09-21","2023-09-21",,,,,,,,,,,,,,,,,,,,,,,,,,,,,,,,,,,,,,,,,,,,"0009-0003-6644-7278","0009-0000-8146-6897",,,"78b3b6f2-42b0-4aff-ba49-05a2bb5dbac1"
"8c355565-916e-4006-84b8-453a48622648","9f88bcc2-e5f9-4a12-8bc3-f70e25938509","BART_062.mammalGrid.mam","D01","BART","BART_062","B1","distributed","deciduousForest",44.057350,-71.308646,"WGS84",45.1,447.2,0.2,"6 - trap set and empty","ShermanLF","2023-09-21","2023-09-21",,,,,,,,,,,,,,,,,,,,,,,,,,,,,,,,,,,,,,,,,,,,"0009-0004-7358-8332","0009-0009-1224-8349",,,"f6aa6ae8-6794-42e0-8f2b-f0529459bef5"
"f8a82efb-dfe0-4e6c-9b6e-4e68323ffb90","6faecea2-cb9a-4fbc-9875-48e4d476fa6b","BART_015.mammalGrid.mam","D01","BART","BART_015","B2","distributed","mixedForest",44.042898,-71.275059,"WGS84",45.2,422.8,0.3,"6 - trap set and empty","ShermanLF","2023-09-21","2023-09-21",,,,,,,,,,,,,,,,,,,,,,,,,,,,,,,,,,,,,,,,,,,,"0009-0004-7358-8332","0009-0009-1224-8349",,,"bc64cbba-8f20-493b-a134-41c74a5d4e6b"
"a22d6b44-0dfb-429e-a0c3-1d47c3ee1412","6faecea2-cb9a-4fbc-9875-48e4d476fa6b","BART_015.mammalGrid.mam","D01","BART","BART_015","G9","distributed","mixedForest",44.042898,-71.275059,"WGS84",45.2,422.8,0.3,"3 - trap door open or closed w/ spoor left","ShermanLF","2023-09-21","2023-09-21",,,,,,,,,,,,,,,,,,,,,,,,,,,,,"did not check","dry ice",,,,,,,,,,,,,,"0009-0004-7358-8332","0009-0009-1224-8349",,,"42b72d44-7280-4138-a39a-8875f9933bce"
"ba5004eb-07bf-49a3-816d-04fa25eabbbd","e7efbdd7-8558-4123-94a8-29c04fa23672","BART_012.mammalGrid.mam","D01","BART","BART_012","J8","distributed","deciduousForest",44.047478,-71.315451,"WGS84",45.3,579.9,0.4,"6 - trap set and empty","ShermanLF","2023-09-21","2023-09-21",,,,,,,,,,,,,,,,,,,,,,,,,,,,,,,,,,,,,,,,,,,,"0009-0000-8146-6897","0009-0003-6644-7278",,,"485b4bab-8770-4571-ad16-403eeced8164"
"0944479e-c3d1-485f-a172-cdffc870b28c","9f88bcc2-e5f9-4a12-8bc3-f70e25938509","BART_062.mammalGrid.mam","D01","BART","BART_062","G6","distributed","deciduousForest",44.057350,-71.308646,"WGS84",45.1,447.2,0.2,"6 - trap set and empty","ShermanLF","2023-09-21","2023-09-21",,,,,,,,,,,,,,,,,,,,,,,,,,,,,,,,,,,,,,,,,,,,"0009-0004-7358-8332","0009-0009-1224-8349",,,"903ba4e4-e59c-438b-884d-6c682175f14b"
"9ef41478-6eb2-4bb0-b103-2a7749244c6b","9f88bcc2-e5f9-4a12-8bc3-f70e25938509","BART_062.mammalGrid.mam","D01","BART","BART_062","F4","distributed","deciduousForest",44.057350,-71.308646,"WGS84",45.1,447.2,0.2,"6 - trap set and empty","ShermanLF","2023-09-21","2023-09-21",,,,,,,,,,,,,,,,,,,,,,,,,,,,,,,,,,,,,,,,,,,,"0009-0004-7358-8332","0009-0009-1224-8349",,,"9444859c-9507-4095-8a12-53499fc12c9a"
"9fc4b865-7cc4-40ed-abee-425146cb479c","6faecea2-cb9a-4fbc-9875-48e4d476fa6b","BART_015.mammalGrid.mam","D01","BART","BART_015","I2","distributed","mixedForest",44.042898,-71.275059,"WGS84",45.2,422.8,0.3,"3 - trap door open or closed w/ spoor left","ShermanLF","2023-09-21","2023-09-21",,,,,,,,,,,,,,,,,,,,,,,,,,,,,"did not check","dry ice",,,,,,,,,,,,,,"0009-0004-7358-8332","0009-0009-1224-8349",,,"350f1581-82a9-4dcd-8a4b-72fa22c08c95"
"86082dd2-65d8-4f29-a990-34d534e26254","67f9d6e0-1e1e-467d-abaf-7836c9dabc2f","BART_001.mammalGrid.mam","D01","BART","BART_001","G9","distributed","mixedForest",44.046877,-71.305115,"WGS84",45.2,463.7,0.3,"6 - trap set and empty","ShermanLF","2023-09-21","2023-09-21",,,,,,,,,,,,,,,,,,,,,,,,,,,,,,,,,,,,,,,,,,,,"0009-0003-6644-7278","0009-0000-8146-6897",,,"9620f3e6-292b-45c7-b8ba-272c7790383e"
"f90d8dfc-b1b6-4091-a1f0-798afd6b90bd","6faecea2-cb9a-4fbc-9875-48e4d476fa6b","BART_015.mammalGrid.mam","D01","BART","BART_015","J7","distributed","mixedForest",44.042898,-71.275059,"WGS84",45.2,422.8,0.3,"6 - trap set and empty","ShermanLF","2023-09-21","2023-09-21",,,,,,,,,,,,,,,,,,,,,,,,,,,,,,,,,,,,,,,,,,,,"0009-0004-7358-8332","0009-0009-1224-8349",,,"2f228669-b20f-4efa-acd8-201c7a772495"
"d2df31e8-ebbd-49b6-9791-6ad9d7b6744a","9f88bcc2-e5f9-4a12-8bc3-f70e25938509","BART_062.mammalGrid.mam","D01","BART","BART_062","C8","distributed","deciduousForest",44.057350,-71.308646,"WGS84",45.1,447.2,0.2,"6 - trap set and empty","ShermanLF","2023-09-21","2023-09-21",,,,,,,,,,,,,,,,,,,,,,,,,,,,,,,,,,,,,,,,,,,,"0009-0004-7358-8332","0009-0009-1224-8349",,,"a4779682-4085-44a3-bb09-6552635acad8"
"caa38a59-ad1f-40e9-99b7-170a367512bb","e7efbdd7-8558-4123-94a8-29c04fa23672","BART_012.mammalGrid.mam","D01","BART","BART_012","C2","distributed","deciduousForest",44.047478,-71.315451,"WGS84",45.3,579.9,0.4,"2 - trap disturbed/door closed but empty","ShermanLF","2023-09-21","2023-09-21",,,,,,,,,,,,,,,,,,,,,,,,,,,,,"did not check","dry ice",,,,,,,,,,,,,,"0009-0000-8146-6897","0009-0003-6644-7278",,,"d0efadbc-ed52-4c85-840a-6d8dc0afcdab"
"e3069b30-ecfe-4a46-a2eb-ab73f80c5dcb","9f88bcc2-e5f9-4a12-8bc3-f70e25938509","BART_062.mammalGrid.mam","D01","BART","BART_062","F5","distributed","deciduousForest",44.057350,-71.308646,"WGS84",45.1,447.2,0.2,"6 - trap set and empty","ShermanLF","2023-09-21","2023-09-21",,,,,,,,,,,,,,,,,,,,,,,,,,,,,,,,,,,,,,,,,,,,"0009-0004-7358-8332","0009-0009-1224-8349",,,"bec558ca-f404-4aef-ac2a-178943f93a9b"
"920a7af0-a24c-482d-a4bc-ca0ba33511a3","e7efbdd7-8558-4123-94a8-29c04fa23672","BART_012.mammalGrid.mam","D01","BART","BART_012","J10","distributed","deciduousForest",44.047478,-71.315451,"WGS84",45.3,579.9,0.4,"6 - trap set and empty","ShermanLF","2023-09-21","2023-09-21",,,,,,,,,,,,,,,,,,,,,,,,,,,,,,,,,,,,,,,,,,,,"0009-0000-8146-6897","0009-0003-6644-7278",,,"5d0006f5-1365-430c-920a-02cce2f8346b"
"452b9b82-b565-4a55-b0db-a476e0433b53","9f88bcc2-e5f9-4a12-8bc3-f70e25938509","BART_062.mammalGrid.mam","D01","BART","BART_062","E6","distributed","deciduousForest",44.057350,-71.308646,"WGS84",45.1,447.2,0.2,"6 - trap set and empty","ShermanLF","2023-09-21","2023-09-21",,,,,,,,,,,,,,,,,,,,,,,,,,,,,,,,,,,,,,,,,,,,"0009-0004-7358-8332","0009-0009-1224-8349",,,"2fa68400-8c1d-4436-92c7-0da57fe8559d"
"944b935f-355b-400f-975c-b5b8672a1615","e7efbdd7-8558-4123-94a8-29c04fa23672","BART_012.mammalGrid.mam","D01","BART","BART_012","J2","distributed","deciduousForest",44.047478,-71.315451,"WGS84",45.3,579.9,0.4,"6 - trap set and empty","ShermanLF","2023-09-21","2023-09-21",,,,,,,,,,,,,,,,,,,,,,,,,,,,,,,,,,,,,,,,,,,,"0009-0000-8146-6897","0009-0003-6644-7278",,,"5e547fe9-c857-4aae-a953-925c2a59cba9"
"af242694-bae6-4bd9-83ce-f823eed1ca1c","67f9d6e0-1e1e-467d-abaf-7836c9dabc2f","BART_001.mammalGrid.mam","D01","BART","BART_001","A1","distributed","mixedForest",44.046877,-71.305115,"WGS84",45.2,463.7,0.3,"6 - trap set and empty","ShermanLF","2023-09-21","2023-09-21",,,,,,,,,,,,,,,,,,,,,,,,,,,,,,,,,,,,,,,,,,,,"0009-0003-6644-7278","0009-0000-8146-6897",,,"27fa2189-288a-4ea8-a1a0-a08cbcf4a70a"
"cb7e3791-705a-4a6a-ac04-5eaf5ab12b8f","6faecea2-cb9a-4fbc-9875-48e4d476fa6b","BART_015.mammalGrid.mam","D01","BART","BART_015","F2","distributed","mixedForest",44.042898,-71.275059,"WGS84",45.2,422.8,0.3,"3 - trap door open or closed w/ spoor left","ShermanLF","2023-09-21","2023-09-21",,,,,,,,,,,,,,,,,,,,,,,,,,,,,"did not check","dry ice",,,,,,,,,,,,,,"0009-0004-7358-8332","0009-0009-1224-8349",,,"5cd24b80-fc9e-491a-8b9f-27d122c3e6db"
"105086d7-829e-4fe4-9f5c-b19f17c7f608","67f9d6e0-1e1e-467d-abaf-7836c9dabc2f","BART_001.mammalGrid.mam","D01","BART","BART_001","I1","distributed","mixedForest",44.046877,-71.305115,"WGS84",45.2,463.7,0.3,"6 - trap set and empty","ShermanLF","2023-09-21","2023-09-21",,,,,,,,,,,,,,,,,,,,,,,,,,,,,,,,,,,,,,,,,,,,"0009-0003-6644-7278","0009-0000-8146-6897",,,"5559e87b-f12f-421d-9ce4-12145a9f2c91"
"fa0f78d6-a0d9-4b3c-8055-14a0f54f7fc3","6faecea2-cb9a-4fbc-9875-48e4d476fa6b","BART_015.mammalGrid.mam","D01","BART","BART_015","E10","distributed","mixedForest",44.042898,-71.275059,"WGS84",45.2,422.8,0.3,"3 - trap door open or closed w/ spoor left","ShermanLF","2023-09-21","2023-09-21",,,,,,,,,,,,,,,,,,,,,,,,,,,,,"did not check","dry ice",,,,,,,,,,,,,,"0009-0004-7358-8332","0009-0009-1224-8349",,,"113783f6-d408-4220-b2af-59bcb24e4579"
"65362136-62ec-477b-8530-e4db0b37c2fa","67f9d6e0-1e1e-467d-abaf-7836c9dabc2f","BART_001.mammalGrid.mam","D01","BART","BART_001","G5","distributed","mixedForest",44.046877,-71.305115,"WGS84",45.2,463.7,0.3,"6 - trap set and empty","ShermanLF","2023-09-21","2023-09-21",,,,,,,,,,,,,,,,,,,,,,,,,,,,,,,,,,,,,,,,,,,,"0009-0003-6644-7278","0009-0000-8146-6897",,,"1512e16b-ccfb-4d8f-83d3-26b5ffd3c431"
"b9e09801-2267-4aa7-98f0-3a73e88a4a47","67f9d6e0-1e1e-467d-abaf-7836c9dabc2f","BART_001.mammalGrid.mam","D01","BART","BART_001","H8","distributed","mixedForest",44.046877,-71.305115,"WGS84",45.2,463.7,0.3,"6 - trap set and empty","ShermanLF","2023-09-21","2023-09-21",,,,,,,,,,,,,,,,,,,,,,,,,,,,,,,,,,,,,,,,,,,,"0009-0003-6644-7278","0009-0000-8146-6897",,,"c2869193-5b91-4aed-b36a-bc8782d69da6"
"70b2da5e-a149-49aa-834f-8994ab810365","e7efbdd7-8558-4123-94a8-29c04fa23672","BART_012.mammalGrid.mam","D01","BART","BART_012","E9","distributed","deciduousForest",44.047478,-71.315451,"WGS84",45.3,579.9,0.4,"3 - trap door open or closed w/ spoor left","ShermanLF","2023-09-21","2023-09-21",,,,,,,,,,,,,,,,,,,,,,,,,,,,,"did not check","dry ice",,,,,,,,,,,,,,"0009-0000-8146-6897","0009-0003-6644-7278",,,"41232f74-3a9e-4916-b14f-f7b78e1e4a72"
"887d8e11-f2d1-491c-9a56-fa482cd00fc3","67f9d6e0-1e1e-467d-abaf-7836c9dabc2f","BART_001.mammalGrid.mam","D01","BART","BART_001","B2","distributed","mixedForest",44.046877,-71.305115,"WGS84",45.2,463.7,0.3,"6 - trap set and empty","ShermanLF","2023-09-21","2023-09-21",,,,,,,,,,,,,,,,,,,,,,,,,,,,,,,,,,,,,,,,,,,,"0009-0003-6644-7278","0009-0000-8146-6897",,,"d275078e-8e20-4882-9cbb-b636491070aa"
"f5d6e09a-741d-4590-b36f-a0ca09fd9380","6faecea2-cb9a-4fbc-9875-48e4d476fa6b","BART_015.mammalGrid.mam","D01","BART","BART_015","I4","distributed","mixedForest",44.042898,-71.275059,"WGS84",45.2,422.8,0.3,"6 - trap set and empty","ShermanLF","2023-09-21","2023-09-21",,,,,,,,,,,,,,,,,,,,,,,,,,,,,,,,,,,,,,,,,,,,"0009-0004-7358-8332","0009-0009-1224-8349",,,"ffd9a650-9be8-4273-bb66-3257ab44772d"
"ccbb4ef2-ad40-4506-aeea-bf05a9a052a3","67f9d6e0-1e1e-467d-abaf-7836c9dabc2f","BART_001.mammalGrid.mam","D01","BART","BART_001","D10","distributed","mixedForest",44.046877,-71.305115,"WGS84",45.2,463.7,0.3,"6 - trap set and empty","ShermanLF","2023-09-21","2023-09-21",,,,,,,,,,,,,,,,,,,,,,,,,,,,,,,,,,,,,,,,,,,,"0009-0003-6644-7278","0009-0000-8146-6897",,,"09595094-f2f2-41fc-b53f-08fccfc6e288"
"2e4ab17f-0699-4fbb-9d72-7d295b40abcf","e7efbdd7-8558-4123-94a8-29c04fa23672","BART_012.mammalGrid.mam","D01","BART","BART_012","A7","distributed","deciduousForest",44.047478,-71.315451,"WGS84",45.3,579.9,0.4,"6 - trap set and empty","ShermanLF","2023-09-21","2023-09-21",,,,,,,,,,,,,,,,,,,,,,,,,,,,,,,,,,,,,,,,,,,,"0009-0000-8146-6897","0009-0003-6644-7278",,,"d3a040bd-112f-4cbf-8d07-ed6b72946108"
"b95e3529-a01a-4f89-99ec-97934968f005","67f9d6e0-1e1e-467d-abaf-7836c9dabc2f","BART_001.mammalGrid.mam","D01","BART","BART_001","I8","distributed","mixedForest",44.046877,-71.305115,"WGS84",45.2,463.7,0.3,"6 - trap set and empty","ShermanLF","2023-09-21","2023-09-21",,,,,,,,,,,,,,,,,,,,,,,,,,,,,,,,,,,,,,,,,,,,"0009-0003-6644-7278","0009-0000-8146-6897",,,"2aaed39e-c45d-4a31-a5ed-0055e9589092"
"807aa69d-539d-4e09-aea8-021fec7e3ec6","67f9d6e0-1e1e-467d-abaf-7836c9dabc2f","BART_001.mammalGrid.mam","D01","BART","BART_001","B9","distributed","mixedForest",44.046877,-71.305115,"WGS84",45.2,463.7,0.3,"6 - trap set and empty","ShermanLF","2023-09-21","2023-09-21",,,,,,,,,,,,,,,,,,,,,,,,,,,,,,,,,,,,,,,,,,,,"0009-0003-6644-7278","0009-0000-8146-6897",,,"b06abc7d-e372-412e-b417-559c6c8abbc2"
"6f11b151-e865-4f57-8d6c-1056379c3826","67f9d6e0-1e1e-467d-abaf-7836c9dabc2f","BART_001.mammalGrid.mam","D01","BART","BART_001","E8","distributed","mixedForest",44.046877,-71.305115,"WGS84",45.2,463.7,0.3,"6 - trap set and empty","ShermanLF","2023-09-21","2023-09-21",,,,,,,,,,,,,,,,,,,,,,,,,,,,,,,,,,,,,,,,,,,,"0009-0003-6644-7278","0009-0000-8146-6897",,,"a9df2617-8837-4c11-a30d-7b85e88b5003"
"8dc0664f-8ffa-4e0c-a80a-54ea2d57f807","e7efbdd7-8558-4123-94a8-29c04fa23672","BART_012.mammalGrid.mam","D01","BART","BART_012","A1","distributed","deciduousForest",44.047478,-71.315451,"WGS84",45.3,579.9,0.4,"3 - trap door open or closed w/ spoor left","ShermanLF","2023-09-21","2023-09-21",,,,,,,,,,,,,,,,,,,,,,,,,,,,,"did not check","dry ice",,,,,,,,,,,,,,"0009-0000-8146-6897","0009-0003-6644-7278",,,"0e0d01c1-7194-47f6-88e3-8207349abfc5"
"c9c2b509-ed40-43f8-8127-e6998039f3f3","67f9d6e0-1e1e-467d-abaf-7836c9dabc2f","BART_001.mammalGrid.mam","D01","BART","BART_001","I10","distributed","mixedForest",44.046877,-71.305115,"WGS84",45.2,463.7,0.3,"6 - trap set and empty","ShermanLF","2023-09-21","2023-09-21",,,,,,,,,,,,,,,,,,,,,,,,,,,,,,,,,,,,,,,,,,,,"0009-0003-6644-7278","0009-0000-8146-6897",,,"6e77e683-d9ec-4595-b334-c81ce3945f38"
"9f075036-b24e-4f24-a0b0-c974c482f130","6faecea2-cb9a-4fbc-9875-48e4d476fa6b","BART_015.mammalGrid.mam","D01","BART","BART_015","E6","distributed","mixedForest",44.042898,-71.275059,"WGS84",45.2,422.8,0.3,"6 - trap set and empty","ShermanLF","2023-09-21","2023-09-21",,,,,,,,,,,,,,,,,,,,,,,,,,,,,,,,,,,,,,,,,,,,"0009-0004-7358-8332","0009-0009-1224-8349",,,"7c954db0-1516-446b-b729-830af5bb4bc3"
"9a993191-5561-406c-a294-da1c6548ee32","67f9d6e0-1e1e-467d-abaf-7836c9dabc2f","BART_001.mammalGrid.mam","D01","BART","BART_001","C5","distributed","mixedForest",44.046877,-71.305115,"WGS84",45.2,463.7,0.3,"6 - trap set and empty","ShermanLF","2023-09-21","2023-09-21",,,,,,,,,,,,,,,,,,,,,,,,,,,,,,,,,,,,,,,,,,,,"0009-0003-6644-7278","0009-0000-8146-6897",,,"e3a89af4-f3bf-4bd1-844e-abe294841b74"
"eccf3ec1-9990-414c-a519-fef737a1e909","6faecea2-cb9a-4fbc-9875-48e4d476fa6b","BART_015.mammalGrid.mam","D01","BART","BART_015","G4","distributed","mixedForest",44.042898,-71.275059,"WGS84",45.2,422.8,0.3,"6 - trap set and empty","ShermanLF","2023-09-21","2023-09-21",,,,,,,,,,,,,,,,,,,,,,,,,,,,,,,,,,,,,,,,,,,,"0009-0004-7358-8332","0009-0009-1224-8349",,,"ef592bc9-3656-4d51-a5fd-d4a245f4eed1"
"dd1fbc1f-2495-49d1-a119-7a4963563559","67f9d6e0-1e1e-467d-abaf-7836c9dabc2f","BART_001.mammalGrid.mam","D01","BART","BART_001","E9","distributed","mixedForest",44.046877,-71.305115,"WGS84",45.2,463.7,0.3,"6 - trap set and empty","ShermanLF","2023-09-21","2023-09-21",,,,,,,,,,,,,,,,,,,,,,,,,,,,,,,,,,,,,,,,,,,,"0009-0003-6644-7278","0009-0000-8146-6897",,,"9e0f588d-f504-4e1c-b655-9de7b3e510a6"
"e8ccc45e-3832-4558-9427-f7b1dcf0d3d0","67f9d6e0-1e1e-467d-abaf-7836c9dabc2f","BART_001.mammalGrid.mam","D01","BART","BART_001","D5","distributed","mixedForest",44.046877,-71.305115,"WGS84",45.2,463.7,0.3,"6 - trap set and empty","ShermanLF","2023-09-21","2023-09-21",,,,,,,,,,,,,,,,,,,,,,,,,,,,,,,,,,,,,,,,,,,,"0009-0003-6644-7278","0009-0000-8146-6897",,,"6ad9a962-62f4-46dd-bd2a-0695a8c7427f"
"adea40ea-9479-4556-8b16-cc6af3273a59","e7efbdd7-8558-4123-94a8-29c04fa23672","BART_012.mammalGrid.mam","D01","BART","BART_012","B10","distributed","deciduousForest",44.047478,-71.315451,"WGS84",45.3,579.9,0.4,"6 - trap set and empty","ShermanLF","2023-09-21","2023-09-21",,,,,,,,,,,,,,,,,,,,,,,,,,,,,,,,,,,,,,,,,,,,"0009-0000-8146-6897","0009-0003-6644-7278",,,"1faa3aad-aa81-4b38-a642-7d1ad6eb26c5"
"fc1165e2-5cd9-4250-9bab-e8a475984cce","9f88bcc2-e5f9-4a12-8bc3-f70e25938509","BART_062.mammalGrid.mam","D01","BART","BART_062","E1","distributed","deciduousForest",44.057350,-71.308646,"WGS84",45.1,447.2,0.2,"6 - trap set and empty","ShermanLF","2023-09-21","2023-09-21",,,,,,,,,,,,,,,,,,,,,,,,,,,,,,,,,,,,,,,,,,,,"0009-0004-7358-8332","0009-0009-1224-8349",,,"6ec22f25-c397-4141-8554-00c32b15d839"
"119a0300-7040-4f76-b246-8eafb4e59fcd","e7efbdd7-8558-4123-94a8-29c04fa23672","BART_012.mammalGrid.mam","D01","BART","BART_012","F7","distributed","deciduousForest",44.047478,-71.315451,"WGS84",45.3,579.9,0.4,"6 - trap set and empty","ShermanLF","2023-09-21","2023-09-21",,,,,,,,,,,,,,,,,,,,,,,,,,,,,,,,,,,,,,,,,,,,"0009-0000-8146-6897","0009-0003-6644-7278",,,"7bdc8884-0987-4db4-a8d6-2810679df950"
"da041455-c6da-44ec-bf5e-0f33dc4bfa24","6faecea2-cb9a-4fbc-9875-48e4d476fa6b","BART_015.mammalGrid.mam","D01","BART","BART_015","E4","distributed","mixedForest",44.042898,-71.275059,"WGS84",45.2,422.8,0.3,"6 - trap set and empty","ShermanLF","2023-09-21","2023-09-21",,,,,,,,,,,,,,,,,,,,,,,,,,,,,,,,,,,,,,,,,,,,"0009-0004-7358-8332","0009-0009-1224-8349",,,"663d7ce9-278d-4d17-a1f8-982071c87924"
"8e79c142-ebdb-4fee-9979-316980ff1af7","9f88bcc2-e5f9-4a12-8bc3-f70e25938509","BART_062.mammalGrid.mam","D01","BART","BART_062","A4","distributed","deciduousForest",44.057350,-71.308646,"WGS84",45.1,447.2,0.2,"6 - trap set and empty","ShermanLF","2023-09-21","2023-09-21",,,,,,,,,,,,,,,,,,,,,,,,,,,,,,,,,,,,,,,,,,,,"0009-0004-7358-8332","0009-0009-1224-8349",,,"526db0f3-0f11-413f-9725-06d77664e016"
"6d3e9204-f36f-48a7-9165-63c298179a62","6faecea2-cb9a-4fbc-9875-48e4d476fa6b","BART_015.mammalGrid.mam","D01","BART","BART_015","A9","distributed","mixedForest",44.042898,-71.275059,"WGS84",45.2,422.8,0.3,"6 - trap set and empty","ShermanLF","2023-09-21","2023-09-21",,,,,,,,,,,,,,,,,,,,,,,,,,,,,,,,,,,,,,,,,,,,"0009-0004-7358-8332","0009-0009-1224-8349",,,"e7e03ab7-4182-475f-961a-5ad5a6005248"
"da8e8fbe-63bf-40cc-b07c-525b0dba7af0","67f9d6e0-1e1e-467d-abaf-7836c9dabc2f","BART_001.mammalGrid.mam","D01","BART","BART_001","A9","distributed","mixedForest",44.046877,-71.305115,"WGS84",45.2,463.7,0.3,"5 - capture","ShermanLF","2023-09-21","2023-09-21","NEON.MAM.D01.O001A920230921",,"BLBR","Blarina brevicauda","species",,"NEON.DOC.001907",,,"N","U","U","dead",,"adult",,,,,,,,,15,"U","U","U",,"did not check","dry ice",,,,,,,,,,,,"BART.20230921.O001A920230921.V","B00000028348","0009-0003-6644-7278","0009-0000-8146-6897",,,"ff8e8ef1-ef81-436c-b5a3-3eebcdb407c0"
"4051b496-517f-49d0-b909-7478073ae160","9f88bcc2-e5f9-4a12-8bc3-f70e25938509","BART_062.mammalGrid.mam","D01","BART","BART_062","J3","distributed","deciduousForest",44.057350,-71.308646,"WGS84",45.1,447.2,0.2,"6 - trap set and empty","ShermanLF","2023-09-21","2023-09-21",,,,,,,,,,,,,,,,,,,,,,,,,,,,,,,,,,,,,,,,,,,,"0009-0004-7358-8332","0009-0009-1224-8349",,,"9e1be7f2-c819-435f-be56-334f1c4fc6f7"
"6ed35d78-b312-4e4d-8c4c-cb57b8a47794","e7efbdd7-8558-4123-94a8-29c04fa23672","BART_012.mammalGrid.mam","D01","BART","BART_012","J5","distributed","deciduousForest",44.047478,-71.315451,"WGS84",45.3,579.9,0.4,"6 - trap set and empty","ShermanLF","2023-09-21","2023-09-21",,,,,,,,,,,,,,,,,,,,,,,,,,,,,,,,,,,,,,,,,,,,"0009-0000-8146-6897","0009-0003-6644-7278",,,"ddd1571f-7f95-40a5-a6af-7a066697391b"
"54a468a7-57db-404c-8a7b-8214a54f5636","e7efbdd7-8558-4123-94a8-29c04fa23672","BART_012.mammalGrid.mam","D01","BART","BART_012","B9","distributed","deciduousForest",44.047478,-71.315451,"WGS84",45.3,579.9,0.4,"6 - trap set and empty","ShermanLF","2023-09-21","2023-09-21",,,,,,,,,,,,,,,,,,,,,,,,,,,,,,,,,,,,,,,,,,,,"0009-0000-8146-6897","0009-0003-6644-7278",,,"f68b09c7-81ad-4243-a90f-280ef2651def"
"f874784c-4738-4ca6-b139-cc5c2a66419d","e7efbdd7-8558-4123-94a8-29c04fa23672","BART_012.mammalGrid.mam","D01","BART","BART_012","B6","distributed","deciduousForest",44.047478,-71.315451,"WGS84",45.3,579.9,0.4,"5 - capture","ShermanLF","2023-09-21","2023-09-21","NEON.MAM.D01.R6313",,"PELEPEMA","Peromyscus leucopus/maniculatus","speciesGroup",,"NEON.DOC.001907",,,"N","F","Y","escaped",,"adult",,"enlarged","not","neither",,,,,,"N","N","N",,"other - see remarks","dry ice",,,,,,,,,,,,,,"0009-0000-8146-6897","0009-0003-6644-7278","Damaged tail and has mites",,"92952b39-da37-4097-86fc-521669d1454c"
"2eeee6c9-5c53-4598-8a82-47b285bfd14e","9f88bcc2-e5f9-4a12-8bc3-f70e25938509","BART_062.mammalGrid.mam","D01","BART","BART_062","D9","distributed","deciduousForest",44.057350,-71.308646,"WGS84",45.1,447.2,0.2,"6 - trap set and empty","ShermanLF","2023-09-21","2023-09-21",,,,,,,,,,,,,,,,,,,,,,,,,,,,,,,,,,,,,,,,,,,,"0009-0004-7358-8332","0009-0009-1224-8349",,,"09d5a18d-1970-40f8-b2b3-902353716d64"
"20c4eb06-2316-4547-becd-fc15a6e61e5f","9f88bcc2-e5f9-4a12-8bc3-f70e25938509","BART_062.mammalGrid.mam","D01","BART","BART_062","C6","distributed","deciduousForest",44.057350,-71.308646,"WGS84",45.1,447.2,0.2,"6 - trap set and empty","ShermanLF","2023-09-21","2023-09-21",,,,,,,,,,,,,,,,,,,,,,,,,,,,,,,,,,,,,,,,,,,,"0009-0004-7358-8332","0009-0009-1224-8349",,,"5b0b2e2a-5750-4813-8c98-071a7da63251"
"eb3f4eb5-8d55-4875-bb43-c3b2c6e114e3","67f9d6e0-1e1e-467d-abaf-7836c9dabc2f","BART_001.mammalGrid.mam","D01","BART","BART_001","D2","distributed","mixedForest",44.046877,-71.305115,"WGS84",45.2,463.7,0.3,"6 - trap set and empty","ShermanLF","2023-09-21","2023-09-21",,,,,,,,,,,,,,,,,,,,,,,,,,,,,,,,,,,,,,,,,,,,"0009-0003-6644-7278","0009-0000-8146-6897",,,"613e31e3-702f-4f24-9599-32449cf5301b"
"ec33d420-1e1f-43ee-a013-cfe10fd291ba","6faecea2-cb9a-4fbc-9875-48e4d476fa6b","BART_015.mammalGrid.mam","D01","BART","BART_015","J6","distributed","mixedForest",44.042898,-71.275059,"WGS84",45.2,422.8,0.3,"3 - trap door open or closed w/ spoor left","ShermanLF","2023-09-21","2023-09-21",,,,,,,,,,,,,,,,,,,,,,,,,,,,,"did not check","dry ice",,,,,,,,,,,,,,"0009-0004-7358-8332","0009-0009-1224-8349",,,"61608924-da7b-4d88-9981-53274cb4f5cf"
"7261df8a-a8b8-46d0-a17c-43018236d0ec","6faecea2-cb9a-4fbc-9875-48e4d476fa6b","BART_015.mammalGrid.mam","D01","BART","BART_015","I7","distributed","mixedForest",44.042898,-71.275059,"WGS84",45.2,422.8,0.3,"6 - trap set and empty","ShermanLF","2023-09-21","2023-09-21",,,,,,,,,,,,,,,,,,,,,,,,,,,,,,,,,,,,,,,,,,,,"0009-0004-7358-8332","0009-0009-1224-8349",,,"d8bf1a76-5247-4327-b1c0-e0882fabf9db"
"35dc8f2b-1871-4201-8993-b8775b0cf61c","e7efbdd7-8558-4123-94a8-29c04fa23672","BART_012.mammalGrid.mam","D01","BART","BART_012","G9","distributed","deciduousForest",44.047478,-71.315451,"WGS84",45.3,579.9,0.4,"6 - trap set and empty","ShermanLF","2023-09-21","2023-09-21",,,,,,,,,,,,,,,,,,,,,,,,,,,,,,,,,,,,,,,,,,,,"0009-0000-8146-6897","0009-0003-6644-7278",,,"93ddb79d-fefa-45d1-baa2-9bdc0964d003"
"1993c72f-f89e-4546-a1c5-0b145e273c5a","6faecea2-cb9a-4fbc-9875-48e4d476fa6b","BART_015.mammalGrid.mam","D01","BART","BART_015","J5","distributed","mixedForest",44.042898,-71.275059,"WGS84",45.2,422.8,0.3,"6 - trap set and empty","ShermanLF","2023-09-21","2023-09-21",,,,,,,,,,,,,,,,,,,,,,,,,,,,,,,,,,,,,,,,,,,,"0009-0004-7358-8332","0009-0009-1224-8349",,,"12fce3d6-4620-4649-a91d-d065dde97db7"
"dd0e84f4-be1c-4d94-bd33-da7b708edeb3","9f88bcc2-e5f9-4a12-8bc3-f70e25938509","BART_062.mammalGrid.mam","D01","BART","BART_062","I8","distributed","deciduousForest",44.057350,-71.308646,"WGS84",45.1,447.2,0.2,"6 - trap set and empty","ShermanLF","2023-09-21","2023-09-21",,,,,,,,,,,,,,,,,,,,,,,,,,,,,,,,,,,,,,,,,,,,"0009-0004-7358-8332","0009-0009-1224-8349",,,"8776933f-7588-4095-81b0-909717d7fb10"
"0c1282cf-85f7-42ae-bdaa-c8319180d6bf","9f88bcc2-e5f9-4a12-8bc3-f70e25938509","BART_062.mammalGrid.mam","D01","BART","BART_062","F9","distributed","deciduousForest",44.057350,-71.308646,"WGS84",45.1,447.2,0.2,"6 - trap set and empty","ShermanLF","2023-09-21","2023-09-21",,,,,,,,,,,,,,,,,,,,,,,,,,,,,,,,,,,,,,,,,,,,"0009-0004-7358-8332","0009-0009-1224-8349",,,"51bbc669-a13d-4ad2-b277-09ea7b332164"
"41965e3d-5774-424e-852e-ee8a0adf260d","67f9d6e0-1e1e-467d-abaf-7836c9dabc2f","BART_001.mammalGrid.mam","D01","BART","BART_001","J1","distributed","mixedForest",44.046877,-71.305115,"WGS84",45.2,463.7,0.3,"6 - trap set and empty","ShermanLF","2023-09-21","2023-09-21",,,,,,,,,,,,,,,,,,,,,,,,,,,,,,,,,,,,,,,,,,,,"0009-0003-6644-7278","0009-0000-8146-6897",,,"dd4892eb-1c61-4357-95a2-b92e766e13e9"
"beb58cfe-b2c5-4d69-b088-f8eeebb9947c","6faecea2-cb9a-4fbc-9875-48e4d476fa6b","BART_015.mammalGrid.mam","D01","BART","BART_015","J10","distributed","mixedForest",44.042898,-71.275059,"WGS84",45.2,422.8,0.3,"5 - capture","ShermanLF","2023-09-21","2023-09-21","NEON.MAM.D01.L9090",,"NAIN","Napaeozapus insignis","species",,"NEON.DOC.001907",,,"N","F","N","processed",,"adult",,"enlarged","unknown","neither",31,,,,24,"N","N","N",,"none","dry ice","BART.20230921.L9090.B","D00000036320","mandibular - QNS",,,,,,,,,,,"0009-0004-7358-8332","0009-0009-1224-8349",,,"10780577-f61b-4a91-b1f5-3f344a4d58e9"
"0bc9b2aa-a9ee-428c-9820-74257ac26a27","e7efbdd7-8558-4123-94a8-29c04fa23672","BART_012.mammalGrid.mam","D01","BART","BART_012","H8","distributed","deciduousForest",44.047478,-71.315451,"WGS84",45.3,579.9,0.4,"6 - trap set and empty","ShermanLF","2023-09-21","2023-09-21",,,,,,,,,,,,,,,,,,,,,,,,,,,,,,,,,,,,,,,,,,,,"0009-0000-8146-6897","0009-0003-6644-7278",,,"a96c11cd-8b83-4b17-93f8-b380619ff4ef"
"38f018f6-dd96-48c9-9c9c-ca11337de1c5","9f88bcc2-e5f9-4a12-8bc3-f70e25938509","BART_062.mammalGrid.mam","D01","BART","BART_062","A10","distributed","deciduousForest",44.057350,-71.308646,"WGS84",45.1,447.2,0.2,"6 - trap set and empty","ShermanLF","2023-09-21","2023-09-21",,,,,,,,,,,,,,,,,,,,,,,,,,,,,,,,,,,,,,,,,,,,"0009-0004-7358-8332","0009-0009-1224-8349",,,"2c06c058-3619-4e11-9164-cfe5f88ba63e"
"818268ba-dd8b-4a1d-8a76-271e6024e351","9f88bcc2-e5f9-4a12-8bc3-f70e25938509","BART_062.mammalGrid.mam","D01","BART","BART_062","B3","distributed","deciduousForest",44.057350,-71.308646,"WGS84",45.1,447.2,0.2,"5 - capture","ShermanLF","2023-09-21","2023-09-21","NEON.MAM.D01.R6594",,"PEMA","Peromyscus maniculatus","species","cf. species","NEON.DOC.001907",,,"N","F","Y","processed",,"adult",,"nonenlarged","not","neither",22,13,81,,19,"N","N","N",,"none","dry ice",,,,,,,,,,,,,,"0009-0004-7358-8332","0009-0009-1224-8349",,,"4de83f0a-88f8-47de-9586-e5aff6cbc0fd"
"d02e368e-4366-4dc8-bbf2-275b399e06f0","6faecea2-cb9a-4fbc-9875-48e4d476fa6b","BART_015.mammalGrid.mam","D01","BART","BART_015","C8","distributed","mixedForest",44.042898,-71.275059,"WGS84",45.2,422.8,0.3,"6 - trap set and empty","ShermanLF","2023-09-21","2023-09-21",,,,,,,,,,,,,,,,,,,,,,,,,,,,,,,,,,,,,,,,,,,,"0009-0004-7358-8332","0009-0009-1224-8349",,,"9ea245b2-5110-432a-b87e-0676efd98175"
"31ac4f88-02cd-4aaf-8e9a-45493340a9e6","6faecea2-cb9a-4fbc-9875-48e4d476fa6b","BART_015.mammalGrid.mam","D01","BART","BART_015","I5","distributed","mixedForest",44.042898,-71.275059,"WGS84",45.2,422.8,0.3,"6 - trap set and empty","ShermanLF","2023-09-21","2023-09-21",,,,,,,,,,,,,,,,,,,,,,,,,,,,,,,,,,,,,,,,,,,,"0009-0004-7358-8332","0009-0009-1224-8349",,,"8e4b7a41-a7aa-4962-bf83-7588a937b395"
"7538e252-f36b-4d55-9f03-b6b80326cb78","e7efbdd7-8558-4123-94a8-29c04fa23672","BART_012.mammalGrid.mam","D01","BART","BART_012","I1","distributed","deciduousForest",44.047478,-71.315451,"WGS84",45.3,579.9,0.4,"6 - trap set and empty","ShermanLF","2023-09-21","2023-09-21",,,,,,,,,,,,,,,,,,,,,,,,,,,,,,,,,,,,,,,,,,,,"0009-0000-8146-6897","0009-0003-6644-7278",,,"7f5162cf-da2a-4c2c-8230-09d94da6e315"
"3ca55b19-86e7-4f36-a4aa-a1b160e20c05","6faecea2-cb9a-4fbc-9875-48e4d476fa6b","BART_015.mammalGrid.mam","D01","BART","BART_015","F1","distributed","mixedForest",44.042898,-71.275059,"WGS84",45.2,422.8,0.3,"6 - trap set and empty","ShermanLF","2023-09-21","2023-09-21",,,,,,,,,,,,,,,,,,,,,,,,,,,,,,,,,,,,,,,,,,,,"0009-0004-7358-8332","0009-0009-1224-8349",,,"4e20e23b-8740-476a-99c3-7fe953ccc074"
"23ba87bc-5d7d-403a-8c82-3c62f0ca8ba6","9f88bcc2-e5f9-4a12-8bc3-f70e25938509","BART_062.mammalGrid.mam","D01","BART","BART_062","I2","distributed","deciduousForest",44.057350,-71.308646,"WGS84",45.1,447.2,0.2,"6 - trap set and empty","ShermanLF","2023-09-21","2023-09-21",,,,,,,,,,,,,,,,,,,,,,,,,,,,,,,,,,,,,,,,,,,,"0009-0004-7358-8332","0009-0009-1224-8349",,,"c2b79d09-8a0b-42f4-b0fc-aa5aad73f6be"
"fedf0841-f3fe-4256-b87d-fec9f6b376f1","67f9d6e0-1e1e-467d-abaf-7836c9dabc2f","BART_001.mammalGrid.mam","D01","BART","BART_001","B10","distributed","mixedForest",44.046877,-71.305115,"WGS84",45.2,463.7,0.3,"5 - capture","ShermanLF","2023-09-21","2023-09-21","NEON.MAM.D01.R6309",,"PELEPEMA","Peromyscus leucopus/maniculatus","speciesGroup",,"NEON.DOC.001907",,,"N","F","Y","escaped",,"adult",,"nonenlarged","not","neither",,,,,,"N","N","N",,"botflies","dry ice",,,,,,,,,,,,,,"0009-0003-6644-7278","0009-0000-8146-6897",,,"0af37cb7-9992-4a11-97ce-3aef800df34b"
"e292783a-5514-4c18-9e52-f28fba1dd23a","9f88bcc2-e5f9-4a12-8bc3-f70e25938509","BART_062.mammalGrid.mam","D01","BART","BART_062","F7","distributed","deciduousForest",44.057350,-71.308646,"WGS84",45.1,447.2,0.2,"6 - trap set and empty","ShermanLF","2023-09-21","2023-09-21",,,,,,,,,,,,,,,,,,,,,,,,,,,,,,,,,,,,,,,,,,,,"0009-0004-7358-8332","0009-0009-1224-8349",,,"8af3ba5f-baeb-4ea0-a172-f95a35d2b097"
"e07b996b-24e1-4860-b4b3-82322da40b67","9f88bcc2-e5f9-4a12-8bc3-f70e25938509","BART_062.mammalGrid.mam","D01","BART","BART_062","H5","distributed","deciduousForest",44.057350,-71.308646,"WGS84",45.1,447.2,0.2,"6 - trap set and empty","ShermanLF","2023-09-21","2023-09-21",,,,,,,,,,,,,,,,,,,,,,,,,,,,,,,,,,,,,,,,,,,,"0009-0004-7358-8332","0009-0009-1224-8349",,,"3de7e6b6-b9d3-4208-8c62-64972c6b9e17"
"57f87262-670e-4391-ace6-22dd85332b7a","6faecea2-cb9a-4fbc-9875-48e4d476fa6b","BART_015.mammalGrid.mam","D01","BART","BART_015","B4","distributed","mixedForest",44.042898,-71.275059,"WGS84",45.2,422.8,0.3,"6 - trap set and empty","ShermanLF","2023-09-21","2023-09-21",,,,,,,,,,,,,,,,,,,,,,,,,,,,,,,,,,,,,,,,,,,,"0009-0004-7358-8332","0009-0009-1224-8349",,,"d9a4db94-80f0-400a-a995-cff5aa6b6760"
"78538303-666a-4268-bbe0-45dc95a42f0a","6faecea2-cb9a-4fbc-9875-48e4d476fa6b","BART_015.mammalGrid.mam","D01","BART","BART_015","A2","distributed","mixedForest",44.042898,-71.275059,"WGS84",45.2,422.8,0.3,"6 - trap set and empty","ShermanLF","2023-09-21","2023-09-21",,,,,,,,,,,,,,,,,,,,,,,,,,,,,,,,,,,,,,,,,,,,"0009-0004-7358-8332","0009-0009-1224-8349",,,"f13f212f-5f42-45d9-9695-b60e84192826"
"eef983ec-fec0-4c47-becd-58599d2f73ac","e7efbdd7-8558-4123-94a8-29c04fa23672","BART_012.mammalGrid.mam","D01","BART","BART_012","I6","distributed","deciduousForest",44.047478,-71.315451,"WGS84",45.3,579.9,0.4,"3 - trap door open or closed w/ spoor left","ShermanLF","2023-09-21","2023-09-21",,,,,,,,,,,,,,,,,,,,,,,,,,,,,"did not check","dry ice",,,,,,,,,,,,,,"0009-0000-8146-6897","0009-0003-6644-7278",,,"38467140-2986-4153-823b-9a934a7d3e58"
"95573e93-f86f-4710-8cad-308a7af2a45a","e7efbdd7-8558-4123-94a8-29c04fa23672","BART_012.mammalGrid.mam","D01","BART","BART_012","C7","distributed","deciduousForest",44.047478,-71.315451,"WGS84",45.3,579.9,0.4,"6 - trap set and empty","ShermanLF","2023-09-21","2023-09-21",,,,,,,,,,,,,,,,,,,,,,,,,,,,,,,,,,,,,,,,,,,,"0009-0000-8146-6897","0009-0003-6644-7278",,,"099618d1-de3f-431a-9e08-e09dbb0efd9f"
"903da3b9-52a4-459a-ad72-c7e937d9f374","6faecea2-cb9a-4fbc-9875-48e4d476fa6b","BART_015.mammalGrid.mam","D01","BART","BART_015","A7","distributed","mixedForest",44.042898,-71.275059,"WGS84",45.2,422.8,0.3,"6 - trap set and empty","ShermanLF","2023-09-21","2023-09-21",,,,,,,,,,,,,,,,,,,,,,,,,,,,,,,,,,,,,,,,,,,,"0009-0004-7358-8332","0009-0009-1224-8349",,,"c0adb857-1570-43b0-ac5a-48b9499a66d8"
"9c8a0815-8d9c-4d8f-b1af-44c55d5b12f6","67f9d6e0-1e1e-467d-abaf-7836c9dabc2f","BART_001.mammalGrid.mam","D01","BART","BART_001","D7","distributed","mixedForest",44.046877,-71.305115,"WGS84",45.2,463.7,0.3,"6 - trap set and empty","ShermanLF","2023-09-21","2023-09-21",,,,,,,,,,,,,,,,,,,,,,,,,,,,,,,,,,,,,,,,,,,,"0009-0003-6644-7278","0009-0000-8146-6897",,,"4ccb0b71-718e-4596-b881-0e794aa29fbd"
"a81d5f5d-30ac-49d0-af9e-36fc0e97ba1c","6faecea2-cb9a-4fbc-9875-48e4d476fa6b","BART_015.mammalGrid.mam","D01","BART","BART_015","G8","distributed","mixedForest",44.042898,-71.275059,"WGS84",45.2,422.8,0.3,"6 - trap set and empty","ShermanLF","2023-09-21","2023-09-21",,,,,,,,,,,,,,,,,,,,,,,,,,,,,,,,,,,,,,,,,,,,"0009-0004-7358-8332","0009-0009-1224-8349",,,"3231c1de-3259-4cba-a0b7-4a166dac3b2f"
"27de1a6f-bb07-4916-a90c-02914e983490","67f9d6e0-1e1e-467d-abaf-7836c9dabc2f","BART_001.mammalGrid.mam","D01","BART","BART_001","F5","distributed","mixedForest",44.046877,-71.305115,"WGS84",45.2,463.7,0.3,"6 - trap set and empty","ShermanLF","2023-09-21","2023-09-21",,,,,,,,,,,,,,,,,,,,,,,,,,,,,,,,,,,,,,,,,,,,"0009-0003-6644-7278","0009-0000-8146-6897",,,"91ee07ff-d60c-4711-9b86-9c4e30f040b9"
"aedfda22-4c2b-4ca6-a482-1cc47c8edc5f","6faecea2-cb9a-4fbc-9875-48e4d476fa6b","BART_015.mammalGrid.mam","D01","BART","BART_015","H10","distributed","mixedForest",44.042898,-71.275059,"WGS84",45.2,422.8,0.3,"3 - trap door open or closed w/ spoor left","ShermanLF","2023-09-21","2023-09-21",,,,,,,,,,,,,,,,,,,,,,,,,,,,,"did not check","dry ice",,,,,,,,,,,,,,"0009-0004-7358-8332","0009-0009-1224-8349",,,"81d110e7-c69e-4ce8-9c60-51ccede842b9"
"bce15680-a38e-4c35-9aad-d9541b782ca3","6faecea2-cb9a-4fbc-9875-48e4d476fa6b","BART_015.mammalGrid.mam","D01","BART","BART_015","D10","distributed","mixedForest",44.042898,-71.275059,"WGS84",45.2,422.8,0.3,"6 - trap set and empty","ShermanLF","2023-09-21","2023-09-21",,,,,,,,,,,,,,,,,,,,,,,,,,,,,,,,,,,,,,,,,,,,"0009-0004-7358-8332","0009-0009-1224-8349",,,"06e0e4c7-3caa-4711-8464-5f5f590653b2"
"3ca0f505-e802-4934-9a77-828ab0a54649","6faecea2-cb9a-4fbc-9875-48e4d476fa6b","BART_015.mammalGrid.mam","D01","BART","BART_015","J8","distributed","mixedForest",44.042898,-71.275059,"WGS84",45.2,422.8,0.3,"6 - trap set and empty","ShermanLF","2023-09-21","2023-09-21",,,,,,,,,,,,,,,,,,,,,,,,,,,,,,,,,,,,,,,,,,,,"0009-0004-7358-8332","0009-0009-1224-8349",,,"ace7b915-c6c5-4fdc-b236-c9c3f1cada3a"
"622a957e-6416-4552-b136-01622ca60bd7","6faecea2-cb9a-4fbc-9875-48e4d476fa6b","BART_015.mammalGrid.mam","D01","BART","BART_015","G6","distributed","mixedForest",44.042898,-71.275059,"WGS84",45.2,422.8,0.3,"6 - trap set and empty","ShermanLF","2023-09-21","2023-09-21",,,,,,,,,,,,,,,,,,,,,,,,,,,,,,,,,,,,,,,,,,,,"0009-0004-7358-8332","0009-0009-1224-8349",,,"6bf93ab2-ef5e-45a4-963d-f69b63327c9e"
"566ee38e-9f54-490b-a211-d9e0d96113aa","9f88bcc2-e5f9-4a12-8bc3-f70e25938509","BART_062.mammalGrid.mam","D01","BART","BART_062","J6","distributed","deciduousForest",44.057350,-71.308646,"WGS84",45.1,447.2,0.2,"6 - trap set and empty","ShermanLF","2023-09-21","2023-09-21",,,,,,,,,,,,,,,,,,,,,,,,,,,,,,,,,,,,,,,,,,,,"0009-0004-7358-8332","0009-0009-1224-8349",,,"d97e0201-04a2-43f6-8419-a40e6a096b9b"
"dbf7ea21-04b5-422f-8080-7855ba11998b","e7efbdd7-8558-4123-94a8-29c04fa23672","BART_012.mammalGrid.mam","D01","BART","BART_012","H4","distributed","deciduousForest",44.047478,-71.315451,"WGS84",45.3,579.9,0.4,"6 - trap set and empty","ShermanLF","2023-09-21","2023-09-21",,,,,,,,,,,,,,,,,,,,,,,,,,,,,,,,,,,,,,,,,,,,"0009-0000-8146-6897","0009-0003-6644-7278",,,"df870661-3f78-459e-b0f5-671e8396097b"
"1b089772-45aa-4dd8-a312-6eb31dca7885","6faecea2-cb9a-4fbc-9875-48e4d476fa6b","BART_015.mammalGrid.mam","D01","BART","BART_015","J2","distributed","mixedForest",44.042898,-71.275059,"WGS84",45.2,422.8,0.3,"6 - trap set and empty","ShermanLF","2023-09-21","2023-09-21",,,,,,,,,,,,,,,,,,,,,,,,,,,,,,,,,,,,,,,,,,,,"0009-0004-7358-8332","0009-0009-1224-8349",,,"67f3a975-3a4d-4425-804e-3b39371beb5c"
"a9cffbba-4757-4c3e-b4d2-f3dabc24165d","9f88bcc2-e5f9-4a12-8bc3-f70e25938509","BART_062.mammalGrid.mam","D01","BART","BART_062","G7","distributed","deciduousForest",44.057350,-71.308646,"WGS84",45.1,447.2,0.2,"6 - trap set and empty","ShermanLF","2023-09-21","2023-09-21",,,,,,,,,,,,,,,,,,,,,,,,,,,,,,,,,,,,,,,,,,,,"0009-0004-7358-8332","0009-0009-1224-8349",,,"7a358509-5e84-4c44-9c1d-fa26d419b5b9"
"7e8f0321-6943-4f5e-b64d-d5c3457343e3","e7efbdd7-8558-4123-94a8-29c04fa23672","BART_012.mammalGrid.mam","D01","BART","BART_012","C1","distributed","deciduousForest",44.047478,-71.315451,"WGS84",45.3,579.9,0.4,"6 - trap set and empty","ShermanLF","2023-09-21","2023-09-21",,,,,,,,,,,,,,,,,,,,,,,,,,,,,,,,,,,,,,,,,,,,"0009-0000-8146-6897","0009-0003-6644-7278",,,"4095d5ac-aa3e-4fdb-9ab4-bc4ebc13d087"
"d9ebd684-efc7-404a-baa4-81cd706d5cd5","67f9d6e0-1e1e-467d-abaf-7836c9dabc2f","BART_001.mammalGrid.mam","D01","BART","BART_001","G8","distributed","mixedForest",44.046877,-71.305115,"WGS84",45.2,463.7,0.3,"6 - trap set and empty","ShermanLF","2023-09-21","2023-09-21",,,,,,,,,,,,,,,,,,,,,,,,,,,,,,,,,,,,,,,,,,,,"0009-0003-6644-7278","0009-0000-8146-6897",,,"b7d8b0da-9a05-4ba2-bc98-e1c1f5f66ca3"
"2547eee1-2e5e-49ba-baa4-93f58d8fd9ba","e7efbdd7-8558-4123-94a8-29c04fa23672","BART_012.mammalGrid.mam","D01","BART","BART_012","B2","distributed","deciduousForest",44.047478,-71.315451,"WGS84",45.3,579.9,0.4,"6 - trap set and empty","ShermanLF","2023-09-21","2023-09-21",,,,,,,,,,,,,,,,,,,,,,,,,,,,,,,,,,,,,,,,,,,,"0009-0000-8146-6897","0009-0003-6644-7278",,,"4b1becc5-d9a9-4eb9-bf5f-64e5de19e6f8"
"2ef5e22c-91e1-42b9-a7be-8c5dbb8ac409","9f88bcc2-e5f9-4a12-8bc3-f70e25938509","BART_062.mammalGrid.mam","D01","BART","BART_062","A6","distributed","deciduousForest",44.057350,-71.308646,"WGS84",45.1,447.2,0.2,"6 - trap set and empty","ShermanLF","2023-09-21","2023-09-21",,,,,,,,,,,,,,,,,,,,,,,,,,,,,,,,,,,,,,,,,,,,"0009-0004-7358-8332","0009-0009-1224-8349",,,"7931444d-2f4d-4bf6-9d92-5477c84767d5"
"9a2b7cd8-38a6-4158-aa84-d97bfefc184a","e7efbdd7-8558-4123-94a8-29c04fa23672","BART_012.mammalGrid.mam","D01","BART","BART_012","B1","distributed","deciduousForest",44.047478,-71.315451,"WGS84",45.3,579.9,0.4,"6 - trap set and empty","ShermanLF","2023-09-21","2023-09-21",,,,,,,,,,,,,,,,,,,,,,,,,,,,,,,,,,,,,,,,,,,,"0009-0000-8146-6897","0009-0003-6644-7278",,,"76ad0d3f-d18c-4c9c-a77f-adc56a256eb2"
"8445f0b8-8694-477f-9cb8-eb41911b0675","6faecea2-cb9a-4fbc-9875-48e4d476fa6b","BART_015.mammalGrid.mam","D01","BART","BART_015","H6","distributed","mixedForest",44.042898,-71.275059,"WGS84",45.2,422.8,0.3,"6 - trap set and empty","ShermanLF","2023-09-21","2023-09-21",,,,,,,,,,,,,,,,,,,,,,,,,,,,,,,,,,,,,,,,,,,,"0009-0004-7358-8332","0009-0009-1224-8349",,,"f0532881-c105-4c6f-ab07-2b85aa692c47"
"6d28797b-eb32-415f-b9a9-ea45edb66ddc","9f88bcc2-e5f9-4a12-8bc3-f70e25938509","BART_062.mammalGrid.mam","D01","BART","BART_062","G4","distributed","deciduousForest",44.057350,-71.308646,"WGS84",45.1,447.2,0.2,"6 - trap set and empty","ShermanLF","2023-09-21","2023-09-21",,,,,,,,,,,,,,,,,,,,,,,,,,,,,,,,,,,,,,,,,,,,"0009-0004-7358-8332","0009-0009-1224-8349",,,"cf2db965-557d-4d99-8fa5-9c3cfdf2a9fa"
"0c6a967a-ad89-4079-a558-e836aa18de51","67f9d6e0-1e1e-467d-abaf-7836c9dabc2f","BART_001.mammalGrid.mam","D01","BART","BART_001","I9","distributed","mixedForest",44.046877,-71.305115,"WGS84",45.2,463.7,0.3,"5 - capture","ShermanLF","2023-09-21","2023-09-21","NEON.MAM.D01.O001I920230921",,"SOCI","Sorex cinereus","species","cf. species","NEON.DOC.001907",,,"N","U","U","not processed",,"unknown",,,,,,,,,,"U","U","U",,"did not check","dry ice",,,,,,,,,,,,,,"0009-0003-6644-7278","0009-0000-8146-6897",,,"bea1fb1e-1d95-4b3c-a7cb-263ac6f5cccf"
"ca7cf7f0-aa3d-415e-a677-457251cb8438","6faecea2-cb9a-4fbc-9875-48e4d476fa6b","BART_015.mammalGrid.mam","D01","BART","BART_015","C7","distributed","mixedForest",44.042898,-71.275059,"WGS84",45.2,422.8,0.3,"6 - trap set and empty","ShermanLF","2023-09-21","2023-09-21",,,,,,,,,,,,,,,,,,,,,,,,,,,,,,,,,,,,,,,,,,,,"0009-0004-7358-8332","0009-0009-1224-8349",,,"312b084b-2f91-47f0-8964-c2fb3ad0f831"
"997c00c7-10f7-4e4f-aee1-3241098d5694","67f9d6e0-1e1e-467d-abaf-7836c9dabc2f","BART_001.mammalGrid.mam","D01","BART","BART_001","J8","distributed","mixedForest",44.046877,-71.305115,"WGS84",45.2,463.7,0.3,"6 - trap set and empty","ShermanLF","2023-09-21","2023-09-21",,,,,,,,,,,,,,,,,,,,,,,,,,,,,,,,,,,,,,,,,,,,"0009-0003-6644-7278","0009-0000-8146-6897",,,"6b7256c6-86cc-481d-855e-8e2bf21666c7"
"9672f106-e798-47a7-b62b-40afb3c36876","9f88bcc2-e5f9-4a12-8bc3-f70e25938509","BART_062.mammalGrid.mam","D01","BART","BART_062","F3","distributed","deciduousForest",44.057350,-71.308646,"WGS84",45.1,447.2,0.2,"6 - trap set and empty","ShermanLF","2023-09-21","2023-09-21",,,,,,,,,,,,,,,,,,,,,,,,,,,,,,,,,,,,,,,,,,,,"0009-0004-7358-8332","0009-0009-1224-8349",,,"d683e563-32dd-4f85-9954-b144c633629a"
"d0c9b7ab-f87d-449a-86c9-bbad378e2042","9f88bcc2-e5f9-4a12-8bc3-f70e25938509","BART_062.mammalGrid.mam","D01","BART","BART_062","I3","distributed","deciduousForest",44.057350,-71.308646,"WGS84",45.1,447.2,0.2,"6 - trap set and empty","ShermanLF","2023-09-21","2023-09-21",,,,,,,,,,,,,,,,,,,,,,,,,,,,,,,,,,,,,,,,,,,,"0009-0004-7358-8332","0009-0009-1224-8349",,,"96ff5c8f-79ca-44cf-bd5d-d7265772fa1a"
"4a480c58-3eed-4b8e-9b09-10038b6a228a","6faecea2-cb9a-4fbc-9875-48e4d476fa6b","BART_015.mammalGrid.mam","D01","BART","BART_015","C6","distributed","mixedForest",44.042898,-71.275059,"WGS84",45.2,422.8,0.3,"5 - capture","ShermanLF","2023-09-21","2023-09-21","NEON.MAM.D01.L9056",,"NAIN","Napaeozapus insignis","species",,"NEON.DOC.001907",,,"N","F","N","processed",,"subadult",,"nonenlarged","not","neither",30,,,,14,"N","N","N",,"none","dry ice","BART.20230921.L9056.B","D00000078833","mandibular",,,,,,,,,,,"0009-0004-7358-8332","0009-0009-1224-8349",,,"618518a0-5463-4861-8269-f432f5a3d821"
"50b749fa-5465-45de-8e00-da40539a97e2","9f88bcc2-e5f9-4a12-8bc3-f70e25938509","BART_062.mammalGrid.mam","D01","BART","BART_062","B2","distributed","deciduousForest",44.057350,-71.308646,"WGS84",45.1,447.2,0.2,"6 - trap set and empty","ShermanLF","2023-09-21","2023-09-21",,,,,,,,,,,,,,,,,,,,,,,,,,,,,,,,,,,,,,,,,,,,"0009-0004-7358-8332","0009-0009-1224-8349",,,"aa827d31-068b-4a7e-ae34-4762077829ff"
"8e2e91de-7c23-444f-b704-4a860cf7de1c","6faecea2-cb9a-4fbc-9875-48e4d476fa6b","BART_015.mammalGrid.mam","D01","BART","BART_015","E7","distributed","mixedForest",44.042898,-71.275059,"WGS84",45.2,422.8,0.3,"6 - trap set and empty","ShermanLF","2023-09-21","2023-09-21",,,,,,,,,,,,,,,,,,,,,,,,,,,,,,,,,,,,,,,,,,,,"0009-0004-7358-8332","0009-0009-1224-8349",,,"e9a5ee8a-43b4-4f82-9809-1156e181eadd"
"60bd5257-037c-4141-8043-0438d8e20c65","e7efbdd7-8558-4123-94a8-29c04fa23672","BART_012.mammalGrid.mam","D01","BART","BART_012","A6","distributed","deciduousForest",44.047478,-71.315451,"WGS84",45.3,579.9,0.4,"6 - trap set and empty","ShermanLF","2023-09-21","2023-09-21",,,,,,,,,,,,,,,,,,,,,,,,,,,,,,,,,,,,,,,,,,,,"0009-0000-8146-6897","0009-0003-6644-7278",,,"7e334aa4-3d02-4562-b193-6740ce25b08a"
"000dd4bf-5cde-4843-8d80-9857737c17e1","e7efbdd7-8558-4123-94a8-29c04fa23672","BART_012.mammalGrid.mam","D01","BART","BART_012","I8","distributed","deciduousForest",44.047478,-71.315451,"WGS84",45.3,579.9,0.4,"5 - capture","ShermanLF","2023-09-21","2023-09-21","NEON.MAM.D01.L6352",,"NAIN","Napaeozapus insignis","species",,"NEON.DOC.001907",,,"N","F","Y","processed",,"adult",,"nonenlarged","not","neither",33,,,,21,"N","N","N",,"none","dry ice",,,"unsuccessful",,,,,,,,,,,"0009-0000-8146-6897","0009-0003-6644-7278",,,"e17c5c34-1de6-4e5a-b51f-00677b20117a"
"bf23be58-4e7c-41d3-8cc4-998b3b411f3a","67f9d6e0-1e1e-467d-abaf-7836c9dabc2f","BART_001.mammalGrid.mam","D01","BART","BART_001","F10","distributed","mixedForest",44.046877,-71.305115,"WGS84",45.2,463.7,0.3,"6 - trap set and empty","ShermanLF","2023-09-21","2023-09-21",,,,,,,,,,,,,,,,,,,,,,,,,,,,,,,,,,,,,,,,,,,,"0009-0003-6644-7278","0009-0000-8146-6897",,,"f642fd51-5bad-42e3-88a9-39e7b02a40db"
"1a031071-5dac-4879-9b89-3a5937420ce8","9f88bcc2-e5f9-4a12-8bc3-f70e25938509","BART_062.mammalGrid.mam","D01","BART","BART_062","H4","distributed","deciduousForest",44.057350,-71.308646,"WGS84",45.1,447.2,0.2,"6 - trap set and empty","ShermanLF","2023-09-21","2023-09-21",,,,,,,,,,,,,,,,,,,,,,,,,,,,,,,,,,,,,,,,,,,,"0009-0004-7358-8332","0009-0009-1224-8349",,,"8e45d8d0-5ece-4804-bdc7-1e5ae9910353"
"ecabdf97-a8a8-4e61-b9c9-010d9940f189","e7efbdd7-8558-4123-94a8-29c04fa23672","BART_012.mammalGrid.mam","D01","BART","BART_012","A2","distributed","deciduousForest",44.047478,-71.315451,"WGS84",45.3,579.9,0.4,"6 - trap set and empty","ShermanLF","2023-09-21","2023-09-21",,,,,,,,,,,,,,,,,,,,,,,,,,,,,,,,,,,,,,,,,,,,"0009-0000-8146-6897","0009-0003-6644-7278",,,"2b516789-c531-4026-af8b-b8f741824ff7"
"bec6cc85-f1ee-430a-a3b4-e7030692b763","67f9d6e0-1e1e-467d-abaf-7836c9dabc2f","BART_001.mammalGrid.mam","D01","BART","BART_001","H6","distributed","mixedForest",44.046877,-71.305115,"WGS84",45.2,463.7,0.3,"6 - trap set and empty","ShermanLF","2023-09-21","2023-09-21",,,,,,,,,,,,,,,,,,,,,,,,,,,,,,,,,,,,,,,,,,,,"0009-0003-6644-7278","0009-0000-8146-6897",,,"6af82eb3-c862-4d5c-8d6e-da01fb65d422"
"1a8bf49b-2d5e-4c09-9b5a-5a962bed61d0","e7efbdd7-8558-4123-94a8-29c04fa23672","BART_012.mammalGrid.mam","D01","BART","BART_012","I3","distributed","deciduousForest",44.047478,-71.315451,"WGS84",45.3,579.9,0.4,"6 - trap set and empty","ShermanLF","2023-09-21","2023-09-21",,,,,,,,,,,,,,,,,,,,,,,,,,,,,,,,,,,,,,,,,,,,"0009-0000-8146-6897","0009-0003-6644-7278",,,"22468012-9ad9-4666-8aed-23a0ddf5a129"
"79775e27-53e7-4f11-bafb-46e76ad77221","9f88bcc2-e5f9-4a12-8bc3-f70e25938509","BART_062.mammalGrid.mam","D01","BART","BART_062","G3","distributed","deciduousForest",44.057350,-71.308646,"WGS84",45.1,447.2,0.2,"6 - trap set and empty","ShermanLF","2023-09-21","2023-09-21",,,,,,,,,,,,,,,,,,,,,,,,,,,,,,,,,,,,,,,,,,,,"0009-0004-7358-8332","0009-0009-1224-8349",,,"b9e96376-d5f3-479f-8cfb-a3e128594a2e"
"d15940a2-a215-4972-b94e-a0b4ca0cb81b","e7efbdd7-8558-4123-94a8-29c04fa23672","BART_012.mammalGrid.mam","D01","BART","BART_012","A5","distributed","deciduousForest",44.047478,-71.315451,"WGS84",45.3,579.9,0.4,"6 - trap set and empty","ShermanLF","2023-09-21","2023-09-21",,,,,,,,,,,,,,,,,,,,,,,,,,,,,,,,,,,,,,,,,,,,"0009-0000-8146-6897","0009-0003-6644-7278",,,"af3a6a73-14b9-493e-85c1-993f8dedf42a"
"30d26fec-66de-4a9b-8e44-492e5495dee6","6faecea2-cb9a-4fbc-9875-48e4d476fa6b","BART_015.mammalGrid.mam","D01","BART","BART_015","C5","distributed","mixedForest",44.042898,-71.275059,"WGS84",45.2,422.8,0.3,"5 - capture","ShermanLF","2023-09-21","2023-09-21","NEON.MAM.D01.R6315",,"PELEPEMA","Peromyscus leucopus/maniculatus","speciesGroup",,"NEON.DOC.001907",,,"N","F","Y","processed",,"adult",,"enlarged","unknown","neither",22,15,96,,21,"N","N","N",,"none","dry ice",,,,,,,,,,,,,,"0009-0004-7358-8332","0009-0009-1224-8349",,,"cacc8ac4-399b-4913-bcf5-94225d7fe5b2"
"c8c3c940-2653-4c98-bad2-f4227e1f86fc","e7efbdd7-8558-4123-94a8-29c04fa23672","BART_012.mammalGrid.mam","D01","BART","BART_012","I5","distributed","deciduousForest",44.047478,-71.315451,"WGS84",45.3,579.9,0.4,"6 - trap set and empty","ShermanLF","2023-09-21","2023-09-21",,,,,,,,,,,,,,,,,,,,,,,,,,,,,,,,,,,,,,,,,,,,"0009-0000-8146-6897","0009-0003-6644-7278",,,"e4f0a9fa-a2ec-456d-97f4-f73aad186e07"
"5621a4aa-5f78-481d-b034-1fbf5d504b06","6faecea2-cb9a-4fbc-9875-48e4d476fa6b","BART_015.mammalGrid.mam","D01","BART","BART_015","E1","distributed","mixedForest",44.042898,-71.275059,"WGS84",45.2,422.8,0.3,"6 - trap set and empty","ShermanLF","2023-09-21","2023-09-21",,,,,,,,,,,,,,,,,,,,,,,,,,,,,,,,,,,,,,,,,,,,"0009-0004-7358-8332","0009-0009-1224-8349",,,"5c17ae60-0a8b-4758-80eb-694a1292d20c"
"d4e95862-ddbd-4fd9-8221-b491999d025c","6faecea2-cb9a-4fbc-9875-48e4d476fa6b","BART_015.mammalGrid.mam","D01","BART","BART_015","H8","distributed","mixedForest",44.042898,-71.275059,"WGS84",45.2,422.8,0.3,"3 - trap door open or closed w/ spoor left","ShermanLF","2023-09-21","2023-09-21",,,,,,,,,,,,,,,,,,,,,,,,,,,,,"did not check","dry ice",,,,,,,,,,,,,,"0009-0004-7358-8332","0009-0009-1224-8349",,,"9cb57d00-7bd9-4111-97dd-25d505d947c0"
"fcff53cc-6297-4aa5-917e-361c79805f81","67f9d6e0-1e1e-467d-abaf-7836c9dabc2f","BART_001.mammalGrid.mam","D01","BART","BART_001","D4","distributed","mixedForest",44.046877,-71.305115,"WGS84",45.2,463.7,0.3,"6 - trap set and empty","ShermanLF","2023-09-21","2023-09-21",,,,,,,,,,,,,,,,,,,,,,,,,,,,,,,,,,,,,,,,,,,,"0009-0003-6644-7278","0009-0000-8146-6897",,,"476ade8c-c062-4b7a-abc4-161bff0b0ee2"
"74ca9090-4870-42e6-a9d9-9ba673c82c09","9f88bcc2-e5f9-4a12-8bc3-f70e25938509","BART_062.mammalGrid.mam","D01","BART","BART_062","A9","distributed","deciduousForest",44.057350,-71.308646,"WGS84",45.1,447.2,0.2,"6 - trap set and empty","ShermanLF","2023-09-21","2023-09-21",,,,,,,,,,,,,,,,,,,,,,,,,,,,,,,,,,,,,,,,,,,,"0009-0004-7358-8332","0009-0009-1224-8349",,,"c3210a5f-d59c-43f8-b2a6-03a7ff148386"
"0a549b1b-07b3-4464-8b15-af30efc01f94","6faecea2-cb9a-4fbc-9875-48e4d476fa6b","BART_015.mammalGrid.mam","D01","BART","BART_015","D3","distributed","mixedForest",44.042898,-71.275059,"WGS84",45.2,422.8,0.3,"6 - trap set and empty","ShermanLF","2023-09-21","2023-09-21",,,,,,,,,,,,,,,,,,,,,,,,,,,,,,,,,,,,,,,,,,,,"0009-0004-7358-8332","0009-0009-1224-8349",,,"aef1b66c-812c-43b7-b6a8-0fa35a5ab82b"
"d23ee8e6-bb84-44d4-a85d-6911d274ac72","6faecea2-cb9a-4fbc-9875-48e4d476fa6b","BART_015.mammalGrid.mam","D01","BART","BART_015","H5","distributed","mixedForest",44.042898,-71.275059,"WGS84",45.2,422.8,0.3,"6 - trap set and empty","ShermanLF","2023-09-21","2023-09-21",,,,,,,,,,,,,,,,,,,,,,,,,,,,,,,,,,,,,,,,,,,,"0009-0004-7358-8332","0009-0009-1224-8349",,,"5fa27314-94c7-4977-a0e5-4b030e133065"
"bb61e15a-1431-4e17-9583-268eea30f21b","e7efbdd7-8558-4123-94a8-29c04fa23672","BART_012.mammalGrid.mam","D01","BART","BART_012","F5","distributed","deciduousForest",44.047478,-71.315451,"WGS84",45.3,579.9,0.4,"6 - trap set and empty","ShermanLF","2023-09-21","2023-09-21",,,,,,,,,,,,,,,,,,,,,,,,,,,,,,,,,,,,,,,,,,,,"0009-0000-8146-6897","0009-0003-6644-7278",,,"3605c156-0269-47c0-8741-0ec130b691ec"
"75b14d61-cbf9-4c67-b4cc-aff77f8ca056","e7efbdd7-8558-4123-94a8-29c04fa23672","BART_012.mammalGrid.mam","D01","BART","BART_012","C6","distributed","deciduousForest",44.047478,-71.315451,"WGS84",45.3,579.9,0.4,"6 - trap set and empty","ShermanLF","2023-09-21","2023-09-21",,,,,,,,,,,,,,,,,,,,,,,,,,,,,,,,,,,,,,,,,,,,"0009-0000-8146-6897","0009-0003-6644-7278",,,"3943f871-adee-4dec-a85d-638d38df3d9c"
"4a019b4e-062e-47fc-a614-87ec071c90c4","9f88bcc2-e5f9-4a12-8bc3-f70e25938509","BART_062.mammalGrid.mam","D01","BART","BART_062","I6","distributed","deciduousForest",44.057350,-71.308646,"WGS84",45.1,447.2,0.2,"6 - trap set and empty","ShermanLF","2023-09-21","2023-09-21",,,,,,,,,,,,,,,,,,,,,,,,,,,,,,,,,,,,,,,,,,,,"0009-0004-7358-8332","0009-0009-1224-8349",,,"8f53f8d8-9cad-4cce-92bb-108467e51d09"
"1333defa-a868-468b-994b-4c5e5a20eec5","e7efbdd7-8558-4123-94a8-29c04fa23672","BART_012.mammalGrid.mam","D01","BART","BART_012","E2","distributed","deciduousForest",44.047478,-71.315451,"WGS84",45.3,579.9,0.4,"3 - trap door open or closed w/ spoor left","ShermanLF","2023-09-21","2023-09-21",,,,,,,,,,,,,,,,,,,,,,,,,,,,,"did not check","dry ice",,,,,,,,,,,,,,"0009-0000-8146-6897","0009-0003-6644-7278",,,"73e05729-2b9b-4ee0-9820-e6c4d86c7abe"
"e705574c-c27a-42db-bd89-a2e3994ef6ac","6faecea2-cb9a-4fbc-9875-48e4d476fa6b","BART_015.mammalGrid.mam","D01","BART","BART_015","A5","distributed","mixedForest",44.042898,-71.275059,"WGS84",45.2,422.8,0.3,"6 - trap set and empty","ShermanLF","2023-09-21","2023-09-21",,,,,,,,,,,,,,,,,,,,,,,,,,,,,,,,,,,,,,,,,,,,"0009-0004-7358-8332","0009-0009-1224-8349",,,"112c0da6-ff23-4cb6-8f1a-948623336a28"
"81b95a9f-eed7-40e9-b488-af181dfedf81","67f9d6e0-1e1e-467d-abaf-7836c9dabc2f","BART_001.mammalGrid.mam","D01","BART","BART_001","D3","distributed","mixedForest",44.046877,-71.305115,"WGS84",45.2,463.7,0.3,"6 - trap set and empty","ShermanLF","2023-09-21","2023-09-21",,,,,,,,,,,,,,,,,,,,,,,,,,,,,,,,,,,,,,,,,,,,"0009-0003-6644-7278","0009-0000-8146-6897",,,"5cb9ddca-7197-43bc-852d-1db60b7b2bed"
"6897d148-6409-4a32-b448-3a4a2f165a0b","67f9d6e0-1e1e-467d-abaf-7836c9dabc2f","BART_001.mammalGrid.mam","D01","BART","BART_001","E3","distributed","mixedForest",44.046877,-71.305115,"WGS84",45.2,463.7,0.3,"5 - capture","ShermanLF","2023-09-21","2023-09-21","NEON.MAM.D01.R6301",,"MYGA","Myodes gapperi","species",,"NEON.DOC.001907",,,"N","F","N","processed",,"adult",,"enlarged","unknown",,17,,,,24,"N","N","N",,"did not check","dry ice",,,,,,,,,,,,,,"0009-0003-6644-7278","0009-0000-8146-6897",,,"271cac61-6496-4eaf-9f13-e600f92619ef"
"b1aeaa76-dcd8-4589-8b3b-33d4a1dc4dab","67f9d6e0-1e1e-467d-abaf-7836c9dabc2f","BART_001.mammalGrid.mam","D01","BART","BART_001","A5","distributed","mixedForest",44.046877,-71.305115,"WGS84",45.2,463.7,0.3,"6 - trap set and empty","ShermanLF","2023-09-21","2023-09-21",,,,,,,,,,,,,,,,,,,,,,,,,,,,,,,,,,,,,,,,,,,,"0009-0003-6644-7278","0009-0000-8146-6897",,,"fb443477-068d-40d6-bf89-be11507eced5"
"7c8b2442-73a0-4ef2-8d45-cc8c82e7e85a","9f88bcc2-e5f9-4a12-8bc3-f70e25938509","BART_062.mammalGrid.mam","D01","BART","BART_062","H2","distributed","deciduousForest",44.057350,-71.308646,"WGS84",45.1,447.2,0.2,"6 - trap set and empty","ShermanLF","2023-09-21","2023-09-21",,,,,,,,,,,,,,,,,,,,,,,,,,,,,,,,,,,,,,,,,,,,"0009-0004-7358-8332","0009-0009-1224-8349",,,"4669885b-787a-480c-8d44-f3e92656b32d"
"249a84ed-db79-4ffc-bb43-ecdf1bbf331c","67f9d6e0-1e1e-467d-abaf-7836c9dabc2f","BART_001.mammalGrid.mam","D01","BART","BART_001","F8","distributed","mixedForest",44.046877,-71.305115,"WGS84",45.2,463.7,0.3,"6 - trap set and empty","ShermanLF","2023-09-21","2023-09-21",,,,,,,,,,,,,,,,,,,,,,,,,,,,,,,,,,,,,,,,,,,,"0009-0003-6644-7278","0009-0000-8146-6897",,,"b6a4f20e-21bc-48ac-93ad-c2c919d0e038"
"25b437f7-f98c-4cd5-85f0-0aa286819674","e7efbdd7-8558-4123-94a8-29c04fa23672","BART_012.mammalGrid.mam","D01","BART","BART_012","F1","distributed","deciduousForest",44.047478,-71.315451,"WGS84",45.3,579.9,0.4,"6 - trap set and empty","ShermanLF","2023-09-21","2023-09-21",,,,,,,,,,,,,,,,,,,,,,,,,,,,,,,,,,,,,,,,,,,,"0009-0000-8146-6897","0009-0003-6644-7278",,,"5aaca0e5-4cb6-4983-a6d3-593a5b37a4a5"
"47579fdd-f48a-486a-a53b-b9b4a04bc92f","9f88bcc2-e5f9-4a12-8bc3-f70e25938509","BART_062.mammalGrid.mam","D01","BART","BART_062","H1","distributed","deciduousForest",44.057350,-71.308646,"WGS84",45.1,447.2,0.2,"6 - trap set and empty","ShermanLF","2023-09-21","2023-09-21",,,,,,,,,,,,,,,,,,,,,,,,,,,,,,,,,,,,,,,,,,,,"0009-0004-7358-8332","0009-0009-1224-8349",,,"2a705e47-1545-4104-91aa-c656f35437b1"
"c2949383-6e5d-4510-8945-c501ea837717","6faecea2-cb9a-4fbc-9875-48e4d476fa6b","BART_015.mammalGrid.mam","D01","BART","BART_015","H3","distributed","mixedForest",44.042898,-71.275059,"WGS84",45.2,422.8,0.3,"6 - trap set and empty","ShermanLF","2023-09-21","2023-09-21",,,,,,,,,,,,,,,,,,,,,,,,,,,,,,,,,,,,,,,,,,,,"0009-0004-7358-8332","0009-0009-1224-8349",,,"3ee07603-391e-40d8-bab5-d0922d0f600b"
"f8bf8150-2d7d-4cf6-9e60-44c8f4ac90fc","9f88bcc2-e5f9-4a12-8bc3-f70e25938509","BART_062.mammalGrid.mam","D01","BART","BART_062","J1","distributed","deciduousForest",44.057350,-71.308646,"WGS84",45.1,447.2,0.2,"6 - trap set and empty","ShermanLF","2023-09-21","2023-09-21",,,,,,,,,,,,,,,,,,,,,,,,,,,,,,,,,,,,,,,,,,,,"0009-0004-7358-8332","0009-0009-1224-8349",,,"a4bc44d4-182f-4c44-8e1e-a9c5a8eafea6"
"da06b4b3-208f-4a60-bf8a-92f66d5683d8","67f9d6e0-1e1e-467d-abaf-7836c9dabc2f","BART_001.mammalGrid.mam","D01","BART","BART_001","C1","distributed","mixedForest",44.046877,-71.305115,"WGS84",45.2,463.7,0.3,"6 - trap set and empty","ShermanLF","2023-09-21","2023-09-21",,,,,,,,,,,,,,,,,,,,,,,,,,,,,,,,,,,,,,,,,,,,"0009-0003-6644-7278","0009-0000-8146-6897",,,"36f21f6d-da26-48d4-8f96-642c4c06ddf2"
"43604548-91d7-4f17-a088-3036a05ad82a","9f88bcc2-e5f9-4a12-8bc3-f70e25938509","BART_062.mammalGrid.mam","D01","BART","BART_062","H10","distributed","deciduousForest",44.057350,-71.308646,"WGS84",45.1,447.2,0.2,"5 - capture","ShermanLF","2023-09-21","2023-09-21","NEON.MAM.D01.L9072",,"PELEPEMA","Peromyscus leucopus/maniculatus","speciesGroup",,"NEON.DOC.001907",,,"N","F","Y","processed",,"subadult",,"nonenlarged","not","neither",21,14,79,,17,"N","N","N",,"none","dry ice",,,,,,,,,,,,,,"0009-0004-7358-8332","0009-0009-1224-8349",,,"330467c9-bf88-4655-8c22-a2db888b74b2"
"c9c73b05-3733-4353-aa1e-0d8f64c034b5","e7efbdd7-8558-4123-94a8-29c04fa23672","BART_012.mammalGrid.mam","D01","BART","BART_012","G2","distributed","deciduousForest",44.047478,-71.315451,"WGS84",45.3,579.9,0.4,"6 - trap set and empty","ShermanLF","2023-09-21","2023-09-21",,,,,,,,,,,,,,,,,,,,,,,,,,,,,,,,,,,,,,,,,,,,"0009-0000-8146-6897","0009-0003-6644-7278",,,"9dc693d1-c6ca-4b17-b83d-dce592ae1376"
"c7402b27-97ef-4f66-9da3-299175ede5f8","67f9d6e0-1e1e-467d-abaf-7836c9dabc2f","BART_001.mammalGrid.mam","D01","BART","BART_001","G4","distributed","mixedForest",44.046877,-71.305115,"WGS84",45.2,463.7,0.3,"6 - trap set and empty","ShermanLF","2023-09-21","2023-09-21",,,,,,,,,,,,,,,,,,,,,,,,,,,,,,,,,,,,,,,,,,,,"0009-0003-6644-7278","0009-0000-8146-6897",,,"bcb470e2-e240-41f2-890f-c35be332d91d"
"51ed2cd4-860f-4e55-a25d-7a3df62521b6","e7efbdd7-8558-4123-94a8-29c04fa23672","BART_012.mammalGrid.mam","D01","BART","BART_012","E10","distributed","deciduousForest",44.047478,-71.315451,"WGS84",45.3,579.9,0.4,"3 - trap door open or closed w/ spoor left","ShermanLF","2023-09-21","2023-09-21",,,,,,,,,,,,,,,,,,,,,,,,,,,,,"did not check","dry ice",,,,,,,,,,,,,,"0009-0000-8146-6897","0009-0003-6644-7278",,,"07f79694-7a00-454e-a1a7-ef82a900b694"
"c85254d4-ea0f-4c1b-9eab-b169d9088500","e7efbdd7-8558-4123-94a8-29c04fa23672","BART_012.mammalGrid.mam","D01","BART","BART_012","C8","distributed","deciduousForest",44.047478,-71.315451,"WGS84",45.3,579.9,0.4,"3 - trap door open or closed w/ spoor left","ShermanLF","2023-09-21","2023-09-21",,,,,,,,,,,,,,,,,,,,,,,,,,,,,"did not check","dry ice",,,,,,,,,,,,,,"0009-0000-8146-6897","0009-0003-6644-7278",,,"4645905e-a616-406a-a4e9-160bd7faa9e5"
"4e86af3a-99cc-4021-8a29-d94620dbb7f4","6faecea2-cb9a-4fbc-9875-48e4d476fa6b","BART_015.mammalGrid.mam","D01","BART","BART_015","D4","distributed","mixedForest",44.042898,-71.275059,"WGS84",45.2,422.8,0.3,"6 - trap set and empty","ShermanLF","2023-09-21","2023-09-21",,,,,,,,,,,,,,,,,,,,,,,,,,,,,,,,,,,,,,,,,,,,"0009-0004-7358-8332","0009-0009-1224-8349",,,"8632b2d8-cb8b-406e-851b-ef6d7a011ab6"
"f79e115e-7584-4c19-905b-59b874b3e4de","67f9d6e0-1e1e-467d-abaf-7836c9dabc2f","BART_001.mammalGrid.mam","D01","BART","BART_001","I7","distributed","mixedForest",44.046877,-71.305115,"WGS84",45.2,463.7,0.3,"6 - trap set and empty","ShermanLF","2023-09-21","2023-09-21",,,,,,,,,,,,,,,,,,,,,,,,,,,,,,,,,,,,,,,,,,,,"0009-0003-6644-7278","0009-0000-8146-6897",,,"cb0a8558-960b-4e05-a4b1-0f49ba8c6a92"
"7c73fa6e-51dc-47f1-9e22-533c529a5d2e","e7efbdd7-8558-4123-94a8-29c04fa23672","BART_012.mammalGrid.mam","D01","BART","BART_012","G3","distributed","deciduousForest",44.047478,-71.315451,"WGS84",45.3,579.9,0.4,"3 - trap door open or closed w/ spoor left","ShermanLF","2023-09-21","2023-09-21",,,,,,,,,,,,,,,,,,,,,,,,,,,,,"did not check","dry ice",,,,,,,,,,,,,,"0009-0000-8146-6897","0009-0003-6644-7278",,,"be0a8df3-cd18-4503-94b7-50f1c585ec6c"
"82f6dace-71c4-430e-a373-badf773b7cb2","9f88bcc2-e5f9-4a12-8bc3-f70e25938509","BART_062.mammalGrid.mam","D01","BART","BART_062","J5","distributed","deciduousForest",44.057350,-71.308646,"WGS84",45.1,447.2,0.2,"6 - trap set and empty","ShermanLF","2023-09-21","2023-09-21",,,,,,,,,,,,,,,,,,,,,,,,,,,,,,,,,,,,,,,,,,,,"0009-0004-7358-8332","0009-0009-1224-8349",,,"5493a9a5-9fc9-46bf-b172-866fee189ac4"
"9b80a3fb-1fd1-4da6-b434-803a3df31168","e7efbdd7-8558-4123-94a8-29c04fa23672","BART_012.mammalGrid.mam","D01","BART","BART_012","C4","distributed","deciduousForest",44.047478,-71.315451,"WGS84",45.3,579.9,0.4,"2 - trap disturbed/door closed but empty","ShermanLF","2023-09-21","2023-09-21",,,,,,,,,,,,,,,,,,,,,,,,,,,,,"did not check","dry ice",,,,,,,,,,,,,,"0009-0000-8146-6897","0009-0003-6644-7278",,,"0dfd1b8a-fedc-4818-a4b1-fc47c2cfb4e2"
"ff1a1b91-fca6-4c50-a725-d9ccbb8b5f10","67f9d6e0-1e1e-467d-abaf-7836c9dabc2f","BART_001.mammalGrid.mam","D01","BART","BART_001","D1","distributed","mixedForest",44.046877,-71.305115,"WGS84",45.2,463.7,0.3,"6 - trap set and empty","ShermanLF","2023-09-21","2023-09-21",,,,,,,,,,,,,,,,,,,,,,,,,,,,,,,,,,,,,,,,,,,,"0009-0003-6644-7278","0009-0000-8146-6897",,,"12178897-3a08-413d-b97e-d874ddb12650"
"7b0d8c35-1860-462a-968c-85be90d042d4","e7efbdd7-8558-4123-94a8-29c04fa23672","BART_012.mammalGrid.mam","D01","BART","BART_012","G5","distributed","deciduousForest",44.047478,-71.315451,"WGS84",45.3,579.9,0.4,"6 - trap set and empty","ShermanLF","2023-09-21","2023-09-21",,,,,,,,,,,,,,,,,,,,,,,,,,,,,,,,,,,,,,,,,,,,"0009-0000-8146-6897","0009-0003-6644-7278",,,"4a64c32f-ced6-4d4d-82ec-9d6fe6bb74b0"
"3e08a5ff-423e-4bc5-8cab-23634f8f08cf","e7efbdd7-8558-4123-94a8-29c04fa23672","BART_012.mammalGrid.mam","D01","BART","BART_012","C3","distributed","deciduousForest",44.047478,-71.315451,"WGS84",45.3,579.9,0.4,"6 - trap set and empty","ShermanLF","2023-09-21","2023-09-21",,,,,,,,,,,,,,,,,,,,,,,,,,,,,,,,,,,,,,,,,,,,"0009-0000-8146-6897","0009-0003-6644-7278",,,"4c5815b2-c33c-4031-a0a5-58d7244f4ecd"
"13bce132-de7b-47ea-bd2e-9e0c5846e288","9f88bcc2-e5f9-4a12-8bc3-f70e25938509","BART_062.mammalGrid.mam","D01","BART","BART_062","C4","distributed","deciduousForest",44.057350,-71.308646,"WGS84",45.1,447.2,0.2,"5 - capture","ShermanLF","2023-09-21","2023-09-21","NEON.MAM.D01.R8581",,"PELEPEMA","Peromyscus leucopus/maniculatus","speciesGroup",,"NEON.DOC.001907",,,"N","F","Y","processed",,"adult",,"enlarged","pregnant","neither",21,14,91,,31,"N","N","N",,"none","dry ice","BART.20230921.R8581.B","D00000079029","mandibular - QNS",,,,,,,,,,,"0009-0004-7358-8332","0009-0009-1224-8349",,,"2b103b23-fbbb-4305-960f-51fcbdb8693d"
"083d3d71-510c-4874-8af7-0214ef042ffa","9f88bcc2-e5f9-4a12-8bc3-f70e25938509","BART_062.mammalGrid.mam","D01","BART","BART_062","B8","distributed","deciduousForest",44.057350,-71.308646,"WGS84",45.1,447.2,0.2,"6 - trap set and empty","ShermanLF","2023-09-21","2023-09-21",,,,,,,,,,,,,,,,,,,,,,,,,,,,,,,,,,,,,,,,,,,,"0009-0004-7358-8332","0009-0009-1224-8349",,,"fcc3ee1a-a09f-459d-b915-df18f0a92269"
"6c25a597-8e2b-47e8-9cfe-dbe3c19b43bb","6faecea2-cb9a-4fbc-9875-48e4d476fa6b","BART_015.mammalGrid.mam","D01","BART","BART_015","A4","distributed","mixedForest",44.042898,-71.275059,"WGS84",45.2,422.8,0.3,"3 - trap door open or closed w/ spoor left","ShermanLF","2023-09-21","2023-09-21",,,,,,,,,,,,,,,,,,,,,,,,,,,,,"did not check","dry ice",,,,,,,,,,,,,,"0009-0004-7358-8332","0009-0009-1224-8349",,,"154eb5e2-6e37-458d-8536-b2cc01282f9e"
"3e6670fb-dcbd-4b2e-8807-4129e9402a05","9f88bcc2-e5f9-4a12-8bc3-f70e25938509","BART_062.mammalGrid.mam","D01","BART","BART_062","C10","distributed","deciduousForest",44.057350,-71.308646,"WGS84",45.1,447.2,0.2,"5 - capture","ShermanLF","2023-09-21","2023-09-21","NEON.MAM.D01.L9065",,"PELEPEMA","Peromyscus leucopus/maniculatus","speciesGroup",,"NEON.DOC.001907",,,"N","M","N","processed",,"adult","nonscrotal",,,,20,14,83,,17,"N","N","N",,"none","dry ice",,,"unsuccessful",,,,,,,,,,,"0009-0004-7358-8332","0009-0009-1224-8349",,,"bb8e8099-b30b-414c-aa31-3453a631fa21"
"3ff80695-7c08-4e40-b5cd-eccabaef54cf","9f88bcc2-e5f9-4a12-8bc3-f70e25938509","BART_062.mammalGrid.mam","D01","BART","BART_062","B6","distributed","deciduousForest",44.057350,-71.308646,"WGS84",45.1,447.2,0.2,"6 - trap set and empty","ShermanLF","2023-09-21","2023-09-21",,,,,,,,,,,,,,,,,,,,,,,,,,,,,,,,,,,,,,,,,,,,"0009-0004-7358-8332","0009-0009-1224-8349",,,"63e56c85-f61e-4618-bdbe-718add795463"
"a5160d21-96fb-4551-86f9-4f8074aa63d0","6faecea2-cb9a-4fbc-9875-48e4d476fa6b","BART_015.mammalGrid.mam","D01","BART","BART_015","J3","distributed","mixedForest",44.042898,-71.275059,"WGS84",45.2,422.8,0.3,"5 - capture","ShermanLF","2023-09-21","2023-09-21","NEON.MAM.D01.L9061",,"NAIN","Napaeozapus insignis","species",,"NEON.DOC.001907",,,"N","M","N","processed",,"subadult","nonscrotal",,,,34,,,,14,"N","N","N",,"none","dry ice","BART.20230921.L9061.B","D00000078838","mandibular - QNS",,,,,,,,,,,"0009-0004-7358-8332","0009-0009-1224-8349",,,"96a39a6e-9c96-4122-8d96-763b18b76cf1"
"73a63846-3fa9-4c2f-b0e7-6dc3ae7f464a","6faecea2-cb9a-4fbc-9875-48e4d476fa6b","BART_015.mammalGrid.mam","D01","BART","BART_015","B5","distributed","mixedForest",44.042898,-71.275059,"WGS84",45.2,422.8,0.3,"2 - trap disturbed/door closed but empty","ShermanLF","2023-09-21","2023-09-21",,,,,,,,,,,,,,,,,,,,,,,,,,,,,"did not check","dry ice",,,,,,,,,,,,,,"0009-0004-7358-8332","0009-0009-1224-8349",,,"206d75e6-959f-4831-8a05-144d8d066827"
"0ddfca3a-2b66-4ee7-97f7-03d16c97c1ec","9f88bcc2-e5f9-4a12-8bc3-f70e25938509","BART_062.mammalGrid.mam","D01","BART","BART_062","E7","distributed","deciduousForest",44.057350,-71.308646,"WGS84",45.1,447.2,0.2,"6 - trap set and empty","ShermanLF","2023-09-21","2023-09-21",,,,,,,,,,,,,,,,,,,,,,,,,,,,,,,,,,,,,,,,,,,,"0009-0004-7358-8332","0009-0009-1224-8349",,,"8356fd21-0b25-4a62-a53b-29bb211cd127"
"a22a75c4-49d9-46e0-80ca-7249061e4173","e7efbdd7-8558-4123-94a8-29c04fa23672","BART_012.mammalGrid.mam","D01","BART","BART_012","H7","distributed","deciduousForest",44.047478,-71.315451,"WGS84",45.3,579.9,0.4,"6 - trap set and empty","ShermanLF","2023-09-21","2023-09-21",,,,,,,,,,,,,,,,,,,,,,,,,,,,,,,,,,,,,,,,,,,,"0009-0000-8146-6897","0009-0003-6644-7278",,,"216092c9-a9b5-45dc-b46d-3918bd41d61e"
"ebde1fb5-c6fc-49a6-87ce-461423bb0767","6faecea2-cb9a-4fbc-9875-48e4d476fa6b","BART_015.mammalGrid.mam","D01","BART","BART_015","E5","distributed","mixedForest",44.042898,-71.275059,"WGS84",45.2,422.8,0.3,"6 - trap set and empty","ShermanLF","2023-09-21","2023-09-21",,,,,,,,,,,,,,,,,,,,,,,,,,,,,,,,,,,,,,,,,,,,"0009-0004-7358-8332","0009-0009-1224-8349",,,"3ca576ad-9145-4c37-9827-1a02976ae8ae"
"4a7699fe-8573-423e-a6d6-47033829f2ba","6faecea2-cb9a-4fbc-9875-48e4d476fa6b","BART_015.mammalGrid.mam","D01","BART","BART_015","B3","distributed","mixedForest",44.042898,-71.275059,"WGS84",45.2,422.8,0.3,"6 - trap set and empty","ShermanLF","2023-09-21","2023-09-21",,,,,,,,,,,,,,,,,,,,,,,,,,,,,,,,,,,,,,,,,,,,"0009-0004-7358-8332","0009-0009-1224-8349",,,"e66bef14-0339-45d8-9b03-3f177fb3f78f"
"68c7d584-7db2-4254-8374-243d30510c9d","67f9d6e0-1e1e-467d-abaf-7836c9dabc2f","BART_001.mammalGrid.mam","D01","BART","BART_001","I6","distributed","mixedForest",44.046877,-71.305115,"WGS84",45.2,463.7,0.3,"6 - trap set and empty","ShermanLF","2023-09-21","2023-09-21",,,,,,,,,,,,,,,,,,,,,,,,,,,,,,,,,,,,,,,,,,,,"0009-0003-6644-7278","0009-0000-8146-6897",,,"76da36ee-6308-4636-a200-4169e73a58da"
"8c1b8dbd-e4e3-4709-9fe5-b3239055ca7f","67f9d6e0-1e1e-467d-abaf-7836c9dabc2f","BART_001.mammalGrid.mam","D01","BART","BART_001","B8","distributed","mixedForest",44.046877,-71.305115,"WGS84",45.2,463.7,0.3,"6 - trap set and empty","ShermanLF","2023-09-21","2023-09-21",,,,,,,,,,,,,,,,,,,,,,,,,,,,,,,,,,,,,,,,,,,,"0009-0003-6644-7278","0009-0000-8146-6897",,,"73ae5ca8-a838-4624-ada0-90b2380e980b"
"a4fc9943-9369-4f20-a84c-dddae43f03bf","9f88bcc2-e5f9-4a12-8bc3-f70e25938509","BART_062.mammalGrid.mam","D01","BART","BART_062","E9","distributed","deciduousForest",44.057350,-71.308646,"WGS84",45.1,447.2,0.2,"6 - trap set and empty","ShermanLF","2023-09-21","2023-09-21",,,,,,,,,,,,,,,,,,,,,,,,,,,,,,,,,,,,,,,,,,,,"0009-0004-7358-8332","0009-0009-1224-8349",,,"276b13c7-9d1c-4385-8a3a-a822866a4b17"
"175ceab0-6ad9-4a40-9d09-da525f40be23","9f88bcc2-e5f9-4a12-8bc3-f70e25938509","BART_062.mammalGrid.mam","D01","BART","BART_062","I4","distributed","deciduousForest",44.057350,-71.308646,"WGS84",45.1,447.2,0.2,"6 - trap set and empty","ShermanLF","2023-09-21","2023-09-21",,,,,,,,,,,,,,,,,,,,,,,,,,,,,,,,,,,,,,,,,,,,"0009-0004-7358-8332","0009-0009-1224-8349",,,"6af2275d-3354-48ab-825f-7ec0fade439c"
"4c67f9b0-55ef-4fe1-a7cb-2d8ce8d3950b","e7efbdd7-8558-4123-94a8-29c04fa23672","BART_012.mammalGrid.mam","D01","BART","BART_012","E4","distributed","deciduousForest",44.047478,-71.315451,"WGS84",45.3,579.9,0.4,"3 - trap door open or closed w/ spoor left","ShermanLF","2023-09-21","2023-09-21",,,,,,,,,,,,,,,,,,,,,,,,,,,,,"did not check","dry ice",,,,,,,,,,,,,,"0009-0000-8146-6897","0009-0003-6644-7278",,,"fda3e9a4-0f8b-4017-ae27-332e8387c9f8"
"fd994cff-0a89-49b6-9ce3-9fc93d959c20","e7efbdd7-8558-4123-94a8-29c04fa23672","BART_012.mammalGrid.mam","D01","BART","BART_012","G4","distributed","deciduousForest",44.047478,-71.315451,"WGS84",45.3,579.9,0.4,"6 - trap set and empty","ShermanLF","2023-09-21","2023-09-21",,,,,,,,,,,,,,,,,,,,,,,,,,,,,,,,,,,,,,,,,,,,"0009-0000-8146-6897","0009-0003-6644-7278",,,"bda1735c-1c91-4947-947e-f3a506717268"
"8b257b60-8536-43d8-af8c-4fd661bb0214","e7efbdd7-8558-4123-94a8-29c04fa23672","BART_012.mammalGrid.mam","D01","BART","BART_012","B7","distributed","deciduousForest",44.047478,-71.315451,"WGS84",45.3,579.9,0.4,"2 - trap disturbed/door closed but empty","ShermanLF","2023-09-21","2023-09-21",,,,,,,,,,,,,,,,,,,,,,,,,,,,,"did not check","dry ice",,,,,,,,,,,,,,"0009-0000-8146-6897","0009-0003-6644-7278",,,"75db412c-a008-4c0f-aec9-f6809f83a684"
"9c2b6dca-c10e-422e-8e32-a1a2c04edbfc","67f9d6e0-1e1e-467d-abaf-7836c9dabc2f","BART_001.mammalGrid.mam","D01","BART","BART_001","E1","distributed","mixedForest",44.046877,-71.305115,"WGS84",45.2,463.7,0.3,"5 - capture","ShermanLF","2023-09-21","2023-09-21","NEON.MAM.D01.R6318",,"PELEPEMA","Peromyscus leucopus/maniculatus","speciesGroup",,"NEON.DOC.001907",,,"N","M","N","processed",,"adult","nonscrotal",,,,20,15,81,,17,"N","N","N",,"none","dry ice",,,,,,,,,,,,,,"0009-0003-6644-7278","0009-0000-8146-6897","Mites",,"4e4a24aa-d559-4a35-afcd-2e81e6b3622e"
"cea522f7-c311-4181-8c5e-1bc7d33727cd","e7efbdd7-8558-4123-94a8-29c04fa23672","BART_012.mammalGrid.mam","D01","BART","BART_012","E7","distributed","deciduousForest",44.047478,-71.315451,"WGS84",45.3,579.9,0.4,"3 - trap door open or closed w/ spoor left","ShermanLF","2023-09-21","2023-09-21",,,,,,,,,,,,,,,,,,,,,,,,,,,,,"did not check","dry ice",,,,,,,,,,,,,,"0009-0000-8146-6897","0009-0003-6644-7278",,,"13d997db-58fb-444a-b6b8-000fd322f610"
"33848062-e9b5-4d54-98b4-feff2fd2ffc4","6faecea2-cb9a-4fbc-9875-48e4d476fa6b","BART_015.mammalGrid.mam","D01","BART","BART_015","H1","distributed","mixedForest",44.042898,-71.275059,"WGS84",45.2,422.8,0.3,"3 - trap door open or closed w/ spoor left","ShermanLF","2023-09-21","2023-09-21",,,,,,,,,,,,,,,,,,,,,,,,,,,,,"did not check","dry ice",,,,,,,,,,,,,,"0009-0004-7358-8332","0009-0009-1224-8349",,,"1b286787-16b3-43a5-8b40-354e266db907"
"239e4ac8-7e30-462b-a84c-323d1fbbd89f","e7efbdd7-8558-4123-94a8-29c04fa23672","BART_012.mammalGrid.mam","D01","BART","BART_012","D8","distributed","deciduousForest",44.047478,-71.315451,"WGS84",45.3,579.9,0.4,"6 - trap set and empty","ShermanLF","2023-09-21","2023-09-21",,,,,,,,,,,,,,,,,,,,,,,,,,,,,,,,,,,,,,,,,,,,"0009-0000-8146-6897","0009-0003-6644-7278",,,"ba82934f-6277-49a2-ba4b-f8e6f4345786"
"bf875257-d209-4f4a-80b2-cccc42ea3d8f","9f88bcc2-e5f9-4a12-8bc3-f70e25938509","BART_062.mammalGrid.mam","D01","BART","BART_062","H3","distributed","deciduousForest",44.057350,-71.308646,"WGS84",45.1,447.2,0.2,"6 - trap set and empty","ShermanLF","2023-09-21","2023-09-21",,,,,,,,,,,,,,,,,,,,,,,,,,,,,,,,,,,,,,,,,,,,"0009-0004-7358-8332","0009-0009-1224-8349",,,"ac0d5477-b920-42d9-a408-c5aca683dfef"
"8c8afefa-e2c2-4ead-8a54-5048bed82c9d","67f9d6e0-1e1e-467d-abaf-7836c9dabc2f","BART_001.mammalGrid.mam","D01","BART","BART_001","G3","distributed","mixedForest",44.046877,-71.305115,"WGS84",45.2,463.7,0.3,"2 - trap disturbed/door closed but empty","ShermanLF","2023-09-21","2023-09-21",,,,,,,,,,,,,,,,,,,,,,,,,,,,,"did not check","dry ice",,,,,,,,,,,,,,"0009-0003-6644-7278","0009-0000-8146-6897",,,"0b4abab0-99b4-451c-ac61-6ad1433ef943"
"9cfc6c1c-c559-4193-9542-440faf518a8c","e7efbdd7-8558-4123-94a8-29c04fa23672","BART_012.mammalGrid.mam","D01","BART","BART_012","I2","distributed","deciduousForest",44.047478,-71.315451,"WGS84",45.3,579.9,0.4,"6 - trap set and empty","ShermanLF","2023-09-21","2023-09-21",,,,,,,,,,,,,,,,,,,,,,,,,,,,,,,,,,,,,,,,,,,,"0009-0000-8146-6897","0009-0003-6644-7278",,,"f62bc834-cb45-471c-a300-a1fe4ca2afe8"
"3aa3bebd-ca59-4966-84ec-28b8f245c457","6faecea2-cb9a-4fbc-9875-48e4d476fa6b","BART_015.mammalGrid.mam","D01","BART","BART_015","A1","distributed","mixedForest",44.042898,-71.275059,"WGS84",45.2,422.8,0.3,"6 - trap set and empty","ShermanLF","2023-09-21","2023-09-21",,,,,,,,,,,,,,,,,,,,,,,,,,,,,,,,,,,,,,,,,,,,"0009-0004-7358-8332","0009-0009-1224-8349",,,"87d39ecc-b17e-4f92-b418-c7f6b69b215a"
"933e7cfe-21cd-4dbe-8006-cddb1ee3c4d6","e7efbdd7-8558-4123-94a8-29c04fa23672","BART_012.mammalGrid.mam","D01","BART","BART_012","E3","distributed","deciduousForest",44.047478,-71.315451,"WGS84",45.3,579.9,0.4,"6 - trap set and empty","ShermanLF","2023-09-21","2023-09-21",,,,,,,,,,,,,,,,,,,,,,,,,,,,,,,,,,,,,,,,,,,,"0009-0000-8146-6897","0009-0003-6644-7278",,,"ba0034f4-7658-4982-98a8-3368732e47c0"
"41bc6cd4-3115-4687-8965-f433ead75d00","67f9d6e0-1e1e-467d-abaf-7836c9dabc2f","BART_001.mammalGrid.mam","D01","BART","BART_001","F7","distributed","mixedForest",44.046877,-71.305115,"WGS84",45.2,463.7,0.3,"6 - trap set and empty","ShermanLF","2023-09-21","2023-09-21",,,,,,,,,,,,,,,,,,,,,,,,,,,,,,,,,,,,,,,,,,,,"0009-0003-6644-7278","0009-0000-8146-6897",,,"6ad05757-3ac1-445a-9ffd-5b03936e4484"
"20e38a78-23fa-41fd-a3f0-21d88696425f","67f9d6e0-1e1e-467d-abaf-7836c9dabc2f","BART_001.mammalGrid.mam","D01","BART","BART_001","J7","distributed","mixedForest",44.046877,-71.305115,"WGS84",45.2,463.7,0.3,"6 - trap set and empty","ShermanLF","2023-09-21","2023-09-21",,,,,,,,,,,,,,,,,,,,,,,,,,,,,,,,,,,,,,,,,,,,"0009-0003-6644-7278","0009-0000-8146-6897",,,"327518bc-e2bd-4a1c-a9ae-e281dfe86afc"
"86943c64-6b62-4f6d-aea3-0e29051a7484","9f88bcc2-e5f9-4a12-8bc3-f70e25938509","BART_062.mammalGrid.mam","D01","BART","BART_062","F6","distributed","deciduousForest",44.057350,-71.308646,"WGS84",45.1,447.2,0.2,"6 - trap set and empty","ShermanLF","2023-09-21","2023-09-21",,,,,,,,,,,,,,,,,,,,,,,,,,,,,,,,,,,,,,,,,,,,"0009-0004-7358-8332","0009-0009-1224-8349",,,"7c79321a-76c8-4e6e-834f-2adf83cafc28"
"9f9ded9a-a4d6-4135-ad05-e8fa56aaaad0","67f9d6e0-1e1e-467d-abaf-7836c9dabc2f","BART_001.mammalGrid.mam","D01","BART","BART_001","H7","distributed","mixedForest",44.046877,-71.305115,"WGS84",45.2,463.7,0.3,"6 - trap set and empty","ShermanLF","2023-09-21","2023-09-21",,,,,,,,,,,,,,,,,,,,,,,,,,,,,,,,,,,,,,,,,,,,"0009-0003-6644-7278","0009-0000-8146-6897",,,"f763dfa0-b93a-4ae7-bbf5-48ed811095c6"
"f45d11e8-84a5-4f87-a3b0-e4fb2a21b57d","e7efbdd7-8558-4123-94a8-29c04fa23672","BART_012.mammalGrid.mam","D01","BART","BART_012","G7","distributed","deciduousForest",44.047478,-71.315451,"WGS84",45.3,579.9,0.4,"6 - trap set and empty","ShermanLF","2023-09-21","2023-09-21",,,,,,,,,,,,,,,,,,,,,,,,,,,,,,,,,,,,,,,,,,,,"0009-0000-8146-6897","0009-0003-6644-7278",,,"a51f63f2-0e75-4dbf-a628-734c951bcf04"
"dd2c26e0-3d2d-46b2-840e-9e37b73c74ac","9f88bcc2-e5f9-4a12-8bc3-f70e25938509","BART_062.mammalGrid.mam","D01","BART","BART_062","J4","distributed","deciduousForest",44.057350,-71.308646,"WGS84",45.1,447.2,0.2,"5 - capture","ShermanLF","2023-09-21","2023-09-21","NEON.MAM.D01.R8439",,"PEMA","Peromyscus maniculatus","species","cf. species","NEON.DOC.001907",,,"N","F","Y","processed",,"adult",,"enlarged","pregnant","neither",20,15,96,,24,"N","N","N",,"none","dry ice",,,,,,,,,,,,,,"0009-0004-7358-8332","0009-0009-1224-8349",,,"176f6091-3627-473d-9fd5-784a1e4914ad"
"ad73c1ba-8173-4c6e-9671-12b501fa84ba","6faecea2-cb9a-4fbc-9875-48e4d476fa6b","BART_015.mammalGrid.mam","D01","BART","BART_015","B7","distributed","mixedForest",44.042898,-71.275059,"WGS84",45.2,422.8,0.3,"2 - trap disturbed/door closed but empty","ShermanLF","2023-09-21","2023-09-21",,,,,,,,,,,,,,,,,,,,,,,,,,,,,"did not check","dry ice",,,,,,,,,,,,,,"0009-0004-7358-8332","0009-0009-1224-8349",,,"22262018-ebec-4c6b-b743-e9f82840d58d"
"90257da5-77a0-45a5-8488-8a6f86e8a4f7","9f88bcc2-e5f9-4a12-8bc3-f70e25938509","BART_062.mammalGrid.mam","D01","BART","BART_062","C7","distributed","deciduousForest",44.057350,-71.308646,"WGS84",45.1,447.2,0.2,"6 - trap set and empty","ShermanLF","2023-09-21","2023-09-21",,,,,,,,,,,,,,,,,,,,,,,,,,,,,,,,,,,,,,,,,,,,"0009-0004-7358-8332","0009-0009-1224-8349",,,"05be7590-7f9b-4df5-b86e-3cb13b883b55"
"df473c14-9478-47a9-985a-98998a59fe6b","67f9d6e0-1e1e-467d-abaf-7836c9dabc2f","BART_001.mammalGrid.mam","D01","BART","BART_001","C4","distributed","mixedForest",44.046877,-71.305115,"WGS84",45.2,463.7,0.3,"6 - trap set and empty","ShermanLF","2023-09-21","2023-09-21",,,,,,,,,,,,,,,,,,,,,,,,,,,,,,,,,,,,,,,,,,,,"0009-0003-6644-7278","0009-0000-8146-6897",,,"97518698-bf4e-4ab7-badb-5f30683ac3cb"
"32120bc2-c10f-4d49-9328-618ce6b5ae24","e7efbdd7-8558-4123-94a8-29c04fa23672","BART_012.mammalGrid.mam","D01","BART","BART_012","F10","distributed","deciduousForest",44.047478,-71.315451,"WGS84",45.3,579.9,0.4,"5 - capture","ShermanLF","2023-09-21","2023-09-21","NEON.MAM.D01.R8387",,"PELEPEMA","Peromyscus leucopus/maniculatus","speciesGroup",,"NEON.DOC.001907",,,"N","F","Y","processed",,"adult",,"enlarged","pregnant",,17,12,83,,18,"N","N","N",,"none","dry ice",,,,,,,,,,,,,,"0009-0000-8146-6897","0009-0003-6644-7278",,,"ebb1d198-841d-48af-9ca5-657edaa9a663"
"73311587-d3d8-4e13-b9dc-167297ffe9e3","9f88bcc2-e5f9-4a12-8bc3-f70e25938509","BART_062.mammalGrid.mam","D01","BART","BART_062","C9","distributed","deciduousForest",44.057350,-71.308646,"WGS84",45.1,447.2,0.2,"6 - trap set and empty","ShermanLF","2023-09-21","2023-09-21",,,,,,,,,,,,,,,,,,,,,,,,,,,,,,,,,,,,,,,,,,,,"0009-0004-7358-8332","0009-0009-1224-8349",,,"3fde1c81-62d9-421d-a907-1918a7778bd9"
"d1575526-c4b3-4ecc-a640-cf4aac1fce73","9f88bcc2-e5f9-4a12-8bc3-f70e25938509","BART_062.mammalGrid.mam","D01","BART","BART_062","E2","distributed","deciduousForest",44.057350,-71.308646,"WGS84",45.1,447.2,0.2,"6 - trap set and empty","ShermanLF","2023-09-21","2023-09-21",,,,,,,,,,,,,,,,,,,,,,,,,,,,,,,,,,,,,,,,,,,,"0009-0004-7358-8332","0009-0009-1224-8349",,,"556e6808-ead1-4e4a-8ecb-558687b933dc"
"8503e21d-3b4c-441f-8d30-ba70415eb5a3","6faecea2-cb9a-4fbc-9875-48e4d476fa6b","BART_015.mammalGrid.mam","D01","BART","BART_015","F5","distributed","mixedForest",44.042898,-71.275059,"WGS84",45.2,422.8,0.3,"6 - trap set and empty","ShermanLF","2023-09-21","2023-09-21",,,,,,,,,,,,,,,,,,,,,,,,,,,,,,,,,,,,,,,,,,,,"0009-0004-7358-8332","0009-0009-1224-8349",,,"bd9ddcdb-edc6-48e2-b613-30a2c4913950"
"a1cb7900-687d-4437-b39f-d868d66b6c72","e7efbdd7-8558-4123-94a8-29c04fa23672","BART_012.mammalGrid.mam","D01","BART","BART_012","H9","distributed","deciduousForest",44.047478,-71.315451,"WGS84",45.3,579.9,0.4,"2 - trap disturbed/door closed but empty","ShermanLF","2023-09-21","2023-09-21",,,,,,,,,,,,,,,,,,,,,,,,,,,,,"did not check","dry ice",,,,,,,,,,,,,,"0009-0000-8146-6897","0009-0003-6644-7278",,,"ef7ff5a0-48d7-4748-b29f-e8808d767924"
"5c90aab6-679a-4e0d-933c-63e8c9b4cee9","e7efbdd7-8558-4123-94a8-29c04fa23672","BART_012.mammalGrid.mam","D01","BART","BART_012","D2","distributed","deciduousForest",44.047478,-71.315451,"WGS84",45.3,579.9,0.4,"6 - trap set and empty","ShermanLF","2023-09-21","2023-09-21",,,,,,,,,,,,,,,,,,,,,,,,,,,,,,,,,,,,,,,,,,,,"0009-0000-8146-6897","0009-0003-6644-7278",,,"00500210-127d-4a15-b944-b2ad5c60f8e5"
"6f618bc1-4fc8-4a13-bdbe-607938e622cb","9f88bcc2-e5f9-4a12-8bc3-f70e25938509","BART_062.mammalGrid.mam","D01","BART","BART_062","E4","distributed","deciduousForest",44.057350,-71.308646,"WGS84",45.1,447.2,0.2,"6 - trap set and empty","ShermanLF","2023-09-21","2023-09-21",,,,,,,,,,,,,,,,,,,,,,,,,,,,,,,,,,,,,,,,,,,,"0009-0004-7358-8332","0009-0009-1224-8349",,,"e9401af0-f34f-4032-aecd-f5fca177c133"
"42a052a7-770d-4504-a836-8dc4bc834ab5","6faecea2-cb9a-4fbc-9875-48e4d476fa6b","BART_015.mammalGrid.mam","D01","BART","BART_015","G3","distributed","mixedForest",44.042898,-71.275059,"WGS84",45.2,422.8,0.3,"6 - trap set and empty","ShermanLF","2023-09-21","2023-09-21",,,,,,,,,,,,,,,,,,,,,,,,,,,,,,,,,,,,,,,,,,,,"0009-0004-7358-8332","0009-0009-1224-8349",,,"220eafba-2646-4014-8aa8-06a110eb1906"
"84bf2564-6da6-4725-9210-40ef4fbc6c69","e7efbdd7-8558-4123-94a8-29c04fa23672","BART_012.mammalGrid.mam","D01","BART","BART_012","G1","distributed","deciduousForest",44.047478,-71.315451,"WGS84",45.3,579.9,0.4,"6 - trap set and empty","ShermanLF","2023-09-21","2023-09-21",,,,,,,,,,,,,,,,,,,,,,,,,,,,,,,,,,,,,,,,,,,,"0009-0000-8146-6897","0009-0003-6644-7278",,,"4cb00d18-2e3c-40dc-9334-861ceac15fa4"
"36f40538-3b9d-4a52-89b1-c46541e6940b","67f9d6e0-1e1e-467d-abaf-7836c9dabc2f","BART_001.mammalGrid.mam","D01","BART","BART_001","B1","distributed","mixedForest",44.046877,-71.305115,"WGS84",45.2,463.7,0.3,"6 - trap set and empty","ShermanLF","2023-09-21","2023-09-21",,,,,,,,,,,,,,,,,,,,,,,,,,,,,,,,,,,,,,,,,,,,"0009-0003-6644-7278","0009-0000-8146-6897",,,"0675f8c4-7045-4ae5-9c69-8125af9dacc5"
"a344f013-0816-4c1e-91b4-86d9ec3b0f3b","e7efbdd7-8558-4123-94a8-29c04fa23672","BART_012.mammalGrid.mam","D01","BART","BART_012","J7","distributed","deciduousForest",44.047478,-71.315451,"WGS84",45.3,579.9,0.4,"6 - trap set and empty","ShermanLF","2023-09-21","2023-09-21",,,,,,,,,,,,,,,,,,,,,,,,,,,,,,,,,,,,,,,,,,,,"0009-0000-8146-6897","0009-0003-6644-7278",,,"4566e6c5-6747-4f69-99ca-ae4ae11b8c02"
"f1254117-10f9-465b-a342-69afa2cb1f5a","9f88bcc2-e5f9-4a12-8bc3-f70e25938509","BART_062.mammalGrid.mam","D01","BART","BART_062","A7","distributed","deciduousForest",44.057350,-71.308646,"WGS84",45.1,447.2,0.2,"6 - trap set and empty","ShermanLF","2023-09-21","2023-09-21",,,,,,,,,,,,,,,,,,,,,,,,,,,,,,,,,,,,,,,,,,,,"0009-0004-7358-8332","0009-0009-1224-8349",,,"2df145c2-6ca5-4f54-871b-e157beb5bf72"
"7c943dfe-0161-4390-8809-1b3c34586597","67f9d6e0-1e1e-467d-abaf-7836c9dabc2f","BART_001.mammalGrid.mam","D01","BART","BART_001","I4","distributed","mixedForest",44.046877,-71.305115,"WGS84",45.2,463.7,0.3,"6 - trap set and empty","ShermanLF","2023-09-21","2023-09-21",,,,,,,,,,,,,,,,,,,,,,,,,,,,,,,,,,,,,,,,,,,,"0009-0003-6644-7278","0009-0000-8146-6897",,,"f046e16e-afdd-4dcb-9af2-231014d46e42"
"f604f1ec-b000-4bf9-b26d-5793232fee3d","67f9d6e0-1e1e-467d-abaf-7836c9dabc2f","BART_001.mammalGrid.mam","D01","BART","BART_001","B3","distributed","mixedForest",44.046877,-71.305115,"WGS84",45.2,463.7,0.3,"6 - trap set and empty","ShermanLF","2023-09-21","2023-09-21",,,,,,,,,,,,,,,,,,,,,,,,,,,,,,,,,,,,,,,,,,,,"0009-0003-6644-7278","0009-0000-8146-6897",,,"66e88a6f-f254-4388-b56c-cfa8fdd71b76"
"bd5f238f-440a-4ca0-9c9f-0201dd03eb1f","9f88bcc2-e5f9-4a12-8bc3-f70e25938509","BART_062.mammalGrid.mam","D01","BART","BART_062","D10","distributed","deciduousForest",44.057350,-71.308646,"WGS84",45.1,447.2,0.2,"6 - trap set and empty","ShermanLF","2023-09-21","2023-09-21",,,,,,,,,,,,,,,,,,,,,,,,,,,,,,,,,,,,,,,,,,,,"0009-0004-7358-8332","0009-0009-1224-8349",,,"e5ccc6c1-b56e-4349-9510-6edd76515b07"
"77a6d6bc-1e50-49e3-af4c-cddcf13b8c89","67f9d6e0-1e1e-467d-abaf-7836c9dabc2f","BART_001.mammalGrid.mam","D01","BART","BART_001","D9","distributed","mixedForest",44.046877,-71.305115,"WGS84",45.2,463.7,0.3,"6 - trap set and empty","ShermanLF","2023-09-21","2023-09-21",,,,,,,,,,,,,,,,,,,,,,,,,,,,,,,,,,,,,,,,,,,,"0009-0003-6644-7278","0009-0000-8146-6897",,,"0c281323-7e7c-439f-b57e-3fcb0839b6b4"
"0614d3d9-21e2-4798-8c7e-8070f238bab6","e7efbdd7-8558-4123-94a8-29c04fa23672","BART_012.mammalGrid.mam","D01","BART","BART_012","C5","distributed","deciduousForest",44.047478,-71.315451,"WGS84",45.3,579.9,0.4,"6 - trap set and empty","ShermanLF","2023-09-21","2023-09-21",,,,,,,,,,,,,,,,,,,,,,,,,,,,,,,,,,,,,,,,,,,,"0009-0000-8146-6897","0009-0003-6644-7278",,,"aecca29e-77a1-44c2-a5fd-a540aa881c2b"
"c2f1362a-981a-4125-a43d-55236d305c15","67f9d6e0-1e1e-467d-abaf-7836c9dabc2f","BART_001.mammalGrid.mam","D01","BART","BART_001","H5","distributed","mixedForest",44.046877,-71.305115,"WGS84",45.2,463.7,0.3,"6 - trap set and empty","ShermanLF","2023-09-21","2023-09-21",,,,,,,,,,,,,,,,,,,,,,,,,,,,,,,,,,,,,,,,,,,,"0009-0003-6644-7278","0009-0000-8146-6897",,,"f081a32c-f5d4-4de3-afd8-e0180cdce51c"
"48e14dd2-7740-4937-adce-5bc26b2e33ef","e7efbdd7-8558-4123-94a8-29c04fa23672","BART_012.mammalGrid.mam","D01","BART","BART_012","H1","distributed","deciduousForest",44.047478,-71.315451,"WGS84",45.3,579.9,0.4,"2 - trap disturbed/door closed but empty","ShermanLF","2023-09-21","2023-09-21",,,,,,,,,,,,,,,,,,,,,,,,,,,,,"did not check","dry ice",,,,,,,,,,,,,,"0009-0000-8146-6897","0009-0003-6644-7278",,,"a874a955-da59-4a96-b745-b07a32887be9"
"e3ad7620-b519-4b40-ae3a-ee63f528f501","e7efbdd7-8558-4123-94a8-29c04fa23672","BART_012.mammalGrid.mam","D01","BART","BART_012","J3","distributed","deciduousForest",44.047478,-71.315451,"WGS84",45.3,579.9,0.4,"6 - trap set and empty","ShermanLF","2023-09-21","2023-09-21",,,,,,,,,,,,,,,,,,,,,,,,,,,,,,,,,,,,,,,,,,,,"0009-0000-8146-6897","0009-0003-6644-7278",,,"bf2d5cd6-efcd-44c9-bde1-7a9b1f640d99"
"b10cd878-bd3f-401b-bfa2-39f9c7e9bd62","9f88bcc2-e5f9-4a12-8bc3-f70e25938509","BART_062.mammalGrid.mam","D01","BART","BART_062","H9","distributed","deciduousForest",44.057350,-71.308646,"WGS84",45.1,447.2,0.2,"6 - trap set and empty","ShermanLF","2023-09-21","2023-09-21",,,,,,,,,,,,,,,,,,,,,,,,,,,,,,,,,,,,,,,,,,,,"0009-0004-7358-8332","0009-0009-1224-8349",,,"561e5d89-5aa9-4c25-b3ea-2fba19115b5b"
"6d2a817b-4da4-4ca7-89d8-291372605bd0","6faecea2-cb9a-4fbc-9875-48e4d476fa6b","BART_015.mammalGrid.mam","D01","BART","BART_015","F6","distributed","mixedForest",44.042898,-71.275059,"WGS84",45.2,422.8,0.3,"6 - trap set and empty","ShermanLF","2023-09-21","2023-09-21",,,,,,,,,,,,,,,,,,,,,,,,,,,,,,,,,,,,,,,,,,,,"0009-0004-7358-8332","0009-0009-1224-8349",,,"69553aa5-d093-4208-9b34-782675301d19"
"22610090-87ee-4691-b3b2-b1fd99753030","67f9d6e0-1e1e-467d-abaf-7836c9dabc2f","BART_001.mammalGrid.mam","D01","BART","BART_001","H3","distributed","mixedForest",44.046877,-71.305115,"WGS84",45.2,463.7,0.3,"6 - trap set and empty","ShermanLF","2023-09-21","2023-09-21",,,,,,,,,,,,,,,,,,,,,,,,,,,,,,,,,,,,,,,,,,,,"0009-0003-6644-7278","0009-0000-8146-6897",,,"3d48708e-32a1-4334-92e6-0ada88b79417"
"3f48c81f-bdf7-425d-9c89-e6733ed54b8c","6faecea2-cb9a-4fbc-9875-48e4d476fa6b","BART_015.mammalGrid.mam","D01","BART","BART_015","E9","distributed","mixedForest",44.042898,-71.275059,"WGS84",45.2,422.8,0.3,"6 - trap set and empty","ShermanLF","2023-09-21","2023-09-21",,,,,,,,,,,,,,,,,,,,,,,,,,,,,,,,,,,,,,,,,,,,"0009-0004-7358-8332","0009-0009-1224-8349",,,"7c6ad305-87bd-4142-b25e-24e260def8ec"
"42ad3458-ef50-4528-bd3e-0c19100a9bec","e7efbdd7-8558-4123-94a8-29c04fa23672","BART_012.mammalGrid.mam","D01","BART","BART_012","I7","distributed","deciduousForest",44.047478,-71.315451,"WGS84",45.3,579.9,0.4,"3 - trap door open or closed w/ spoor left","ShermanLF","2023-09-21","2023-09-21",,,,,,,,,,,,,,,,,,,,,,,,,,,,,"did not check","dry ice",,,,,,,,,,,,,,"0009-0000-8146-6897","0009-0003-6644-7278",,,"ec7e94db-eaf0-447c-a419-1d59af91f16d"
"2474f382-491b-4272-948f-7134a0638563","e7efbdd7-8558-4123-94a8-29c04fa23672","BART_012.mammalGrid.mam","D01","BART","BART_012","J4","distributed","deciduousForest",44.047478,-71.315451,"WGS84",45.3,579.9,0.4,"3 - trap door open or closed w/ spoor left","ShermanLF","2023-09-21","2023-09-21",,,,,,,,,,,,,,,,,,,,,,,,,,,,,"did not check","dry ice",,,,,,,,,,,,,,"0009-0000-8146-6897","0009-0003-6644-7278",,,"6a7ebf2a-8bdd-48e5-9ff7-f7d59d07d614"
"a9b7a4c6-9922-4278-b70f-c552398787b6","9f88bcc2-e5f9-4a12-8bc3-f70e25938509","BART_062.mammalGrid.mam","D01","BART","BART_062","A5","distributed","deciduousForest",44.057350,-71.308646,"WGS84",45.1,447.2,0.2,"6 - trap set and empty","ShermanLF","2023-09-21","2023-09-21",,,,,,,,,,,,,,,,,,,,,,,,,,,,,,,,,,,,,,,,,,,,"0009-0004-7358-8332","0009-0009-1224-8349",,,"a7ecf2eb-954c-408e-89fa-49478a27fe50"
"f7dba65b-988f-4f01-a2a7-f6c22794b9d1","6faecea2-cb9a-4fbc-9875-48e4d476fa6b","BART_015.mammalGrid.mam","D01","BART","BART_015","H2","distributed","mixedForest",44.042898,-71.275059,"WGS84",45.2,422.8,0.3,"5 - capture","ShermanLF","2023-09-21","2023-09-21","NEON.MAM.D01.L9064",,"NAIN","Napaeozapus insignis","species",,"NEON.DOC.001907",,,"N","F","N","processed",,"subadult",,"nonenlarged","not","neither",31,,,,19,"N","N","N",,"none","dry ice",,,"unsuccessful",,,,,,,,,,,"0009-0004-7358-8332","0009-0009-1224-8349",,,"b532fd01-1e16-4beb-92e1-fe9150327ac6"
"a9360157-dc61-4bb2-bdd6-8daaeb221492","6faecea2-cb9a-4fbc-9875-48e4d476fa6b","BART_015.mammalGrid.mam","D01","BART","BART_015","F3","distributed","mixedForest",44.042898,-71.275059,"WGS84",45.2,422.8,0.3,"6 - trap set and empty","ShermanLF","2023-09-21","2023-09-21",,,,,,,,,,,,,,,,,,,,,,,,,,,,,,,,,,,,,,,,,,,,"0009-0004-7358-8332","0009-0009-1224-8349",,,"c2ce5a2c-b68a-4301-839c-426d83d1ebd2"
"04f28b4e-51bd-4128-ada8-9b92f9a393b5","67f9d6e0-1e1e-467d-abaf-7836c9dabc2f","BART_001.mammalGrid.mam","D01","BART","BART_001","E4","distributed","mixedForest",44.046877,-71.305115,"WGS84",45.2,463.7,0.3,"6 - trap set and empty","ShermanLF","2023-09-21","2023-09-21",,,,,,,,,,,,,,,,,,,,,,,,,,,,,,,,,,,,,,,,,,,,"0009-0003-6644-7278","0009-0000-8146-6897",,,"9ae9d5fa-d3b9-4a6c-b941-edca7aeea1b9"
"b2239a03-e822-4bbb-9ec9-af284797c31b","67f9d6e0-1e1e-467d-abaf-7836c9dabc2f","BART_001.mammalGrid.mam","D01","BART","BART_001","B7","distributed","mixedForest",44.046877,-71.305115,"WGS84",45.2,463.7,0.3,"6 - trap set and empty","ShermanLF","2023-09-21","2023-09-21",,,,,,,,,,,,,,,,,,,,,,,,,,,,,,,,,,,,,,,,,,,,"0009-0003-6644-7278","0009-0000-8146-6897",,,"f94d7ebc-3a76-4ce8-be01-aae44ee387c6"
"e863b2a0-2551-464f-a4d3-a1b23e9c0077","e7efbdd7-8558-4123-94a8-29c04fa23672","BART_012.mammalGrid.mam","D01","BART","BART_012","A9","distributed","deciduousForest",44.047478,-71.315451,"WGS84",45.3,579.9,0.4,"6 - trap set and empty","ShermanLF","2023-09-21","2023-09-21",,,,,,,,,,,,,,,,,,,,,,,,,,,,,,,,,,,,,,,,,,,,"0009-0000-8146-6897","0009-0003-6644-7278",,,"2497638c-f323-4938-aa44-b4545592547c"
"56159418-07c9-49c4-b8e4-7c957b482013","67f9d6e0-1e1e-467d-abaf-7836c9dabc2f","BART_001.mammalGrid.mam","D01","BART","BART_001","D6","distributed","mixedForest",44.046877,-71.305115,"WGS84",45.2,463.7,0.3,"6 - trap set and empty","ShermanLF","2023-09-21","2023-09-21",,,,,,,,,,,,,,,,,,,,,,,,,,,,,,,,,,,,,,,,,,,,"0009-0003-6644-7278","0009-0000-8146-6897",,,"9756844b-9a85-4b30-a6d3-5ef30c49ad94"
"04bba7cf-1b60-4f33-8f61-a6f35709afe0","e7efbdd7-8558-4123-94a8-29c04fa23672","BART_012.mammalGrid.mam","D01","BART","BART_012","E8","distributed","deciduousForest",44.047478,-71.315451,"WGS84",45.3,579.9,0.4,"3 - trap door open or closed w/ spoor left","ShermanLF","2023-09-21","2023-09-21",,,,,,,,,,,,,,,,,,,,,,,,,,,,,"did not check","dry ice",,,,,,,,,,,,,,"0009-0000-8146-6897","0009-0003-6644-7278",,,"f1bbef62-9ed4-4991-95c6-076a91a8b4ec"
"f853f3d6-2c82-4ba4-8337-d7d78f42f1c0","e7efbdd7-8558-4123-94a8-29c04fa23672","BART_012.mammalGrid.mam","D01","BART","BART_012","J1","distributed","deciduousForest",44.047478,-71.315451,"WGS84",45.3,579.9,0.4,"6 - trap set and empty","ShermanLF","2023-09-21","2023-09-21",,,,,,,,,,,,,,,,,,,,,,,,,,,,,,,,,,,,,,,,,,,,"0009-0000-8146-6897","0009-0003-6644-7278",,,"bdfd41c8-5f6b-475c-b35c-9be0525fe5ac"
"731ae1ff-09a2-4c2d-bdd2-f647219f2878","e7efbdd7-8558-4123-94a8-29c04fa23672","BART_012.mammalGrid.mam","D01","BART","BART_012","F2","distributed","deciduousForest",44.047478,-71.315451,"WGS84",45.3,579.9,0.4,"5 - capture","ShermanLF","2023-09-21","2023-09-21","NEON.MAM.D01.R6323",,"PELEPEMA","Peromyscus leucopus/maniculatus","speciesGroup",,"NEON.DOC.001907",,,"N","M","N","processed",,"adult","scrotal",,,,19,15,80,,17,"N","N","N",,"botflies and other - see remarks","dry ice","BART.20230921.R6323.B","D00000037158","mandibular - QNS",,,,,,,,,,,"0009-0000-8146-6897","0009-0003-6644-7278","Mites",,"97884e90-1402-4770-92e3-89f2dd95d37b"
"b31e14d8-5b33-4a0b-ae71-eadb256f97a7","67f9d6e0-1e1e-467d-abaf-7836c9dabc2f","BART_001.mammalGrid.mam","D01","BART","BART_001","J4","distributed","mixedForest",44.046877,-71.305115,"WGS84",45.2,463.7,0.3,"6 - trap set and empty","ShermanLF","2023-09-21","2023-09-21",,,,,,,,,,,,,,,,,,,,,,,,,,,,,,,,,,,,,,,,,,,,"0009-0003-6644-7278","0009-0000-8146-6897",,,"df2e0e8e-55fb-4b8b-bb6c-4e7b6f6885a3"
"4aafec79-ec00-4d63-8604-235884bced1e","67f9d6e0-1e1e-467d-abaf-7836c9dabc2f","BART_001.mammalGrid.mam","D01","BART","BART_001","F4","distributed","mixedForest",44.046877,-71.305115,"WGS84",45.2,463.7,0.3,"6 - trap set and empty","ShermanLF","2023-09-21","2023-09-21",,,,,,,,,,,,,,,,,,,,,,,,,,,,,,,,,,,,,,,,,,,,"0009-0003-6644-7278","0009-0000-8146-6897",,,"7906709b-781d-4076-b89a-28f96d5a33ae"
"d0f2c075-817a-41a0-bd3a-d90e9478acec","6faecea2-cb9a-4fbc-9875-48e4d476fa6b","BART_015.mammalGrid.mam","D01","BART","BART_015","J9","distributed","mixedForest",44.042898,-71.275059,"WGS84",45.2,422.8,0.3,"3 - trap door open or closed w/ spoor left","ShermanLF","2023-09-21","2023-09-21",,,,,,,,,,,,,,,,,,,,,,,,,,,,,"did not check","dry ice",,,,,,,,,,,,,,"0009-0004-7358-8332","0009-0009-1224-8349",,,"43cae0d0-104b-4d29-abbc-638436849d53"
"959c7aa6-397d-4415-adf4-e203ba8d4913","9f88bcc2-e5f9-4a12-8bc3-f70e25938509","BART_062.mammalGrid.mam","D01","BART","BART_062","D4","distributed","deciduousForest",44.057350,-71.308646,"WGS84",45.1,447.2,0.2,"5 - capture","ShermanLF","2023-09-21","2023-09-21","NEON.MAM.D01.L9063",,"PELEPEMA","Peromyscus leucopus/maniculatus","speciesGroup",,"NEON.DOC.001907",,,"N","M","Y","processed","R8595","adult","scrotal",,,,22,15,89,,19,"N","N","N",,"botflies","dry ice","BART.20230921.L9063.B","D00000083213","mandibular - QNS",,,,,,,,,,,"0009-0004-7358-8332","0009-0009-1224-8349",,,"1d1b0a8a-33dd-4d7e-aa9f-04559a6022d3"
"bc24feff-b80d-47a5-a44b-8dab2e6a6ed1","e7efbdd7-8558-4123-94a8-29c04fa23672","BART_012.mammalGrid.mam","D01","BART","BART_012","I9","distributed","deciduousForest",44.047478,-71.315451,"WGS84",45.3,579.9,0.4,"5 - capture","ShermanLF","2023-09-21","2023-09-21","NEON.MAM.D01.O012I920230921",,"BLBR","Blarina brevicauda","species",,"NEON.DOC.001907",,,"N","U","U","dead",,"adult",,,,,,,,,19,"U","U","U",,"did not check","dry ice",,,,,,,,,,,,"BART.20230921.O012I920230921.V","B00000028350","0009-0000-8146-6897","0009-0003-6644-7278",,,"1b9c2f10-e37e-4cdb-a8a4-0a24355cad4b"
"543d20bf-2767-40f6-a571-8083eac68904","6faecea2-cb9a-4fbc-9875-48e4d476fa6b","BART_015.mammalGrid.mam","D01","BART","BART_015","C4","distributed","mixedForest",44.042898,-71.275059,"WGS84",45.2,422.8,0.3,"6 - trap set and empty","ShermanLF","2023-09-21","2023-09-21",,,,,,,,,,,,,,,,,,,,,,,,,,,,,,,,,,,,,,,,,,,,"0009-0004-7358-8332","0009-0009-1224-8349",,,"0106f173-1b83-4ef3-bc33-6655f2184e25"
"7dcbd42d-76a6-42aa-91bf-89e235a19aa5","e7efbdd7-8558-4123-94a8-29c04fa23672","BART_012.mammalGrid.mam","D01","BART","BART_012","C9","distributed","deciduousForest",44.047478,-71.315451,"WGS84",45.3,579.9,0.4,"6 - trap set and empty","ShermanLF","2023-09-21","2023-09-21",,,,,,,,,,,,,,,,,,,,,,,,,,,,,,,,,,,,,,,,,,,,"0009-0000-8146-6897","0009-0003-6644-7278",,,"d5f1e32c-9ceb-451c-9250-4492955679ba"
"4501b016-ce31-450a-9d68-0ddcd99095c4","e7efbdd7-8558-4123-94a8-29c04fa23672","BART_012.mammalGrid.mam","D01","BART","BART_012","F3","distributed","deciduousForest",44.047478,-71.315451,"WGS84",45.3,579.9,0.4,"6 - trap set and empty","ShermanLF","2023-09-21","2023-09-21",,,,,,,,,,,,,,,,,,,,,,,,,,,,,,,,,,,,,,,,,,,,"0009-0000-8146-6897","0009-0003-6644-7278",,,"f6661f50-d01e-427f-96fa-02375fcde93b"
"8405265d-6eaa-4503-a2f5-81cf6b761489","e7efbdd7-8558-4123-94a8-29c04fa23672","BART_012.mammalGrid.mam","D01","BART","BART_012","J9","distributed","deciduousForest",44.047478,-71.315451,"WGS84",45.3,579.9,0.4,"3 - trap door open or closed w/ spoor left","ShermanLF","2023-09-21","2023-09-21",,,,,,,,,,,,,,,,,,,,,,,,,,,,,"did not check","dry ice",,,,,,,,,,,,,,"0009-0000-8146-6897","0009-0003-6644-7278",,,"f6923e35-552a-45fd-bca1-3aebf5961455"
"dd4fa6c2-8589-43c2-aa6e-c7d86598b0f1","9f88bcc2-e5f9-4a12-8bc3-f70e25938509","BART_062.mammalGrid.mam","D01","BART","BART_062","A8","distributed","deciduousForest",44.057350,-71.308646,"WGS84",45.1,447.2,0.2,"6 - trap set and empty","ShermanLF","2023-09-21","2023-09-21",,,,,,,,,,,,,,,,,,,,,,,,,,,,,,,,,,,,,,,,,,,,"0009-0004-7358-8332","0009-0009-1224-8349",,,"abe0e13c-e8c2-42fc-99f4-703f92282472"
"5e4531b8-0baf-4fdd-9ba3-7cda3005f4e8","9f88bcc2-e5f9-4a12-8bc3-f70e25938509","BART_062.mammalGrid.mam","D01","BART","BART_062","J9","distributed","deciduousForest",44.057350,-71.308646,"WGS84",45.1,447.2,0.2,"6 - trap set and empty","ShermanLF","2023-09-21","2023-09-21",,,,,,,,,,,,,,,,,,,,,,,,,,,,,,,,,,,,,,,,,,,,"0009-0004-7358-8332","0009-0009-1224-8349",,,"47ead1e2-30e6-4e40-b2d7-d8104c3b8168"
"c5f216e8-2e17-4220-b582-b459da67308c","9f88bcc2-e5f9-4a12-8bc3-f70e25938509","BART_062.mammalGrid.mam","D01","BART","BART_062","J10","distributed","deciduousForest",44.057350,-71.308646,"WGS84",45.1,447.2,0.2,"6 - trap set and empty","ShermanLF","2023-09-21","2023-09-21",,,,,,,,,,,,,,,,,,,,,,,,,,,,,,,,,,,,,,,,,,,,"0009-0004-7358-8332","0009-0009-1224-8349",,,"d98b3024-113a-4563-b7db-ce96507a0c28"
"2f9ee043-cfc5-4f0a-8cea-59e7e70004cd","e7efbdd7-8558-4123-94a8-29c04fa23672","BART_012.mammalGrid.mam","D01","BART","BART_012","H3","distributed","deciduousForest",44.047478,-71.315451,"WGS84",45.3,579.9,0.4,"6 - trap set and empty","ShermanLF","2023-09-21","2023-09-21",,,,,,,,,,,,,,,,,,,,,,,,,,,,,,,,,,,,,,,,,,,,"0009-0000-8146-6897","0009-0003-6644-7278",,,"f88bebe1-5b7c-4143-be91-07a6dc7b01bc"
"96805f51-490b-4a48-b4cb-8b8c4367c24a","9f88bcc2-e5f9-4a12-8bc3-f70e25938509","BART_062.mammalGrid.mam","D01","BART","BART_062","D6","distributed","deciduousForest",44.057350,-71.308646,"WGS84",45.1,447.2,0.2,"6 - trap set and empty","ShermanLF","2023-09-21","2023-09-21",,,,,,,,,,,,,,,,,,,,,,,,,,,,,,,,,,,,,,,,,,,,"0009-0004-7358-8332","0009-0009-1224-8349",,,"4d83afca-9a5d-45b9-af9b-ec43f38e626b"
"0d666417-fb54-4e13-bf11-efe1c437e38c","9f88bcc2-e5f9-4a12-8bc3-f70e25938509","BART_062.mammalGrid.mam","D01","BART","BART_062","H6","distributed","deciduousForest",44.057350,-71.308646,"WGS84",45.1,447.2,0.2,"6 - trap set and empty","ShermanLF","2023-09-21","2023-09-21",,,,,,,,,,,,,,,,,,,,,,,,,,,,,,,,,,,,,,,,,,,,"0009-0004-7358-8332","0009-0009-1224-8349",,,"462ebbbd-f905-4455-b209-235e45e7bf7c"
"67ed28ea-bc82-4e8d-bca0-b5ff02353084","e7efbdd7-8558-4123-94a8-29c04fa23672","BART_012.mammalGrid.mam","D01","BART","BART_012","D4","distributed","deciduousForest",44.047478,-71.315451,"WGS84",45.3,579.9,0.4,"6 - trap set and empty","ShermanLF","2023-09-21","2023-09-21",,,,,,,,,,,,,,,,,,,,,,,,,,,,,,,,,,,,,,,,,,,,"0009-0000-8146-6897","0009-0003-6644-7278",,,"72e5d6ec-0c4b-47d7-ac08-89d34e366989"
"1633fdd7-c525-472d-a7c1-e2e2237f3cd8","6faecea2-cb9a-4fbc-9875-48e4d476fa6b","BART_015.mammalGrid.mam","D01","BART","BART_015","A3","distributed","mixedForest",44.042898,-71.275059,"WGS84",45.2,422.8,0.3,"6 - trap set and empty","ShermanLF","2023-09-21","2023-09-21",,,,,,,,,,,,,,,,,,,,,,,,,,,,,,,,,,,,,,,,,,,,"0009-0004-7358-8332","0009-0009-1224-8349",,,"2ca4ee9d-be3f-4814-a5cb-8f09d39444ba"
"016918ed-6b39-4f8e-8c34-bdf586274d7f","9f88bcc2-e5f9-4a12-8bc3-f70e25938509","BART_062.mammalGrid.mam","D01","BART","BART_062","F1","distributed","deciduousForest",44.057350,-71.308646,"WGS84",45.1,447.2,0.2,"6 - trap set and empty","ShermanLF","2023-09-21","2023-09-21",,,,,,,,,,,,,,,,,,,,,,,,,,,,,,,,,,,,,,,,,,,,"0009-0004-7358-8332","0009-0009-1224-8349",,,"fde0ff25-6681-43ec-988d-f3c589c3c85a"
"3ca3b621-fe8d-4e52-be81-694b7fb66046","67f9d6e0-1e1e-467d-abaf-7836c9dabc2f","BART_001.mammalGrid.mam","D01","BART","BART_001","F3","distributed","mixedForest",44.046877,-71.305115,"WGS84",45.2,463.7,0.3,"6 - trap set and empty","ShermanLF","2023-09-21","2023-09-21",,,,,,,,,,,,,,,,,,,,,,,,,,,,,,,,,,,,,,,,,,,,"0009-0003-6644-7278","0009-0000-8146-6897",,,"c6ccb1de-8381-43af-a5ca-2b0f91cde5f1"
"6b3e63e4-293e-47a6-b06d-913d0586e758","9f88bcc2-e5f9-4a12-8bc3-f70e25938509","BART_062.mammalGrid.mam","D01","BART","BART_062","F10","distributed","deciduousForest",44.057350,-71.308646,"WGS84",45.1,447.2,0.2,"3 - trap door open or closed w/ spoor left","ShermanLF","2023-09-21","2023-09-21",,,,,,,,,,,,,,,,,,,,,,,,,,,,,"did not check","dry ice",,,,,,,,,,,,,,"0009-0004-7358-8332","0009-0009-1224-8349",,,"24a3f645-536a-45ab-936e-a61444137af0"
"6ce5acab-11bc-4d5a-90c9-1e075779ed90","9f88bcc2-e5f9-4a12-8bc3-f70e25938509","BART_062.mammalGrid.mam","D01","BART","BART_062","D8","distributed","deciduousForest",44.057350,-71.308646,"WGS84",45.1,447.2,0.2,"6 - trap set and empty","ShermanLF","2023-09-21","2023-09-21",,,,,,,,,,,,,,,,,,,,,,,,,,,,,,,,,,,,,,,,,,,,"0009-0004-7358-8332","0009-0009-1224-8349",,,"c10cb241-8e1d-48dc-b0e0-71c34f05b3ac"
"ccfced2a-db8c-4337-bd89-465b616fae38","9f88bcc2-e5f9-4a12-8bc3-f70e25938509","BART_062.mammalGrid.mam","D01","BART","BART_062","D1","distributed","deciduousForest",44.057350,-71.308646,"WGS84",45.1,447.2,0.2,"6 - trap set and empty","ShermanLF","2023-09-21","2023-09-21",,,,,,,,,,,,,,,,,,,,,,,,,,,,,,,,,,,,,,,,,,,,"0009-0004-7358-8332","0009-0009-1224-8349",,,"5348c505-2aee-404b-9399-4be46fa54892"
"cea389f3-0765-4915-aba6-40861273025b","6faecea2-cb9a-4fbc-9875-48e4d476fa6b","BART_015.mammalGrid.mam","D01","BART","BART_015","H4","distributed","mixedForest",44.042898,-71.275059,"WGS84",45.2,422.8,0.3,"6 - trap set and empty","ShermanLF","2023-09-21","2023-09-21",,,,,,,,,,,,,,,,,,,,,,,,,,,,,,,,,,,,,,,,,,,,"0009-0004-7358-8332","0009-0009-1224-8349",,,"fb299026-662b-443f-8e3b-3b4aa8d19c44"
"e7c946dc-15c4-4795-9638-d5bcf842e602","6faecea2-cb9a-4fbc-9875-48e4d476fa6b","BART_015.mammalGrid.mam","D01","BART","BART_015","D8","distributed","mixedForest",44.042898,-71.275059,"WGS84",45.2,422.8,0.3,"3 - trap door open or closed w/ spoor left","ShermanLF","2023-09-21","2023-09-21",,,,,,,,,,,,,,,,,,,,,,,,,,,,,"did not check","dry ice",,,,,,,,,,,,,,"0009-0004-7358-8332","0009-0009-1224-8349",,,"912559ff-110c-4f49-9212-8f3057a364a7"
"b4f77dbd-0f23-41ef-b44e-f63a6bd0c46c","9f88bcc2-e5f9-4a12-8bc3-f70e25938509","BART_062.mammalGrid.mam","D01","BART","BART_062","H7","distributed","deciduousForest",44.057350,-71.308646,"WGS84",45.1,447.2,0.2,"6 - trap set and empty","ShermanLF","2023-09-21","2023-09-21",,,,,,,,,,,,,,,,,,,,,,,,,,,,,,,,,,,,,,,,,,,,"0009-0004-7358-8332","0009-0009-1224-8349",,,"4fe00bb2-f960-4ff6-85d9-b50c0c1e86d8"
"8927a082-4bc3-4d5d-aca0-cdd0e6a508ff","67f9d6e0-1e1e-467d-abaf-7836c9dabc2f","BART_001.mammalGrid.mam","D01","BART","BART_001","J6","distributed","mixedForest",44.046877,-71.305115,"WGS84",45.2,463.7,0.3,"6 - trap set and empty","ShermanLF","2023-09-21","2023-09-21",,,,,,,,,,,,,,,,,,,,,,,,,,,,,,,,,,,,,,,,,,,,"0009-0003-6644-7278","0009-0000-8146-6897",,,"b9ad16e6-af0c-4e5b-87ea-e277ce08b710"
"35ac05a5-bd5a-4ab0-8754-6ebacfee3d11","6faecea2-cb9a-4fbc-9875-48e4d476fa6b","BART_015.mammalGrid.mam","D01","BART","BART_015","D2","distributed","mixedForest",44.042898,-71.275059,"WGS84",45.2,422.8,0.3,"6 - trap set and empty","ShermanLF","2023-09-21","2023-09-21",,,,,,,,,,,,,,,,,,,,,,,,,,,,,,,,,,,,,,,,,,,,"0009-0004-7358-8332","0009-0009-1224-8349",,,"558bbb7c-8c20-40aa-813e-13f13011b1ce"
"7c9d4809-f59d-491a-88d2-061205d146f8","6faecea2-cb9a-4fbc-9875-48e4d476fa6b","BART_015.mammalGrid.mam","D01","BART","BART_015","I3","distributed","mixedForest",44.042898,-71.275059,"WGS84",45.2,422.8,0.3,"6 - trap set and empty","ShermanLF","2023-09-21","2023-09-21",,,,,,,,,,,,,,,,,,,,,,,,,,,,,,,,,,,,,,,,,,,,"0009-0004-7358-8332","0009-0009-1224-8349",,,"03ae116a-6eb6-4efa-8043-1458278d6630"
"a16d42fd-4fef-4cfc-a827-ddd55434796f","67f9d6e0-1e1e-467d-abaf-7836c9dabc2f","BART_001.mammalGrid.mam","D01","BART","BART_001","F6","distributed","mixedForest",44.046877,-71.305115,"WGS84",45.2,463.7,0.3,"6 - trap set and empty","ShermanLF","2023-09-21","2023-09-21",,,,,,,,,,,,,,,,,,,,,,,,,,,,,,,,,,,,,,,,,,,,"0009-0003-6644-7278","0009-0000-8146-6897",,,"a80376bd-ab52-40c9-acec-94731f6f915a"
"00f9666f-ef88-40d2-a3a4-e4ca7dff81cf","6faecea2-cb9a-4fbc-9875-48e4d476fa6b","BART_015.mammalGrid.mam","D01","BART","BART_015","B10","distributed","mixedForest",44.042898,-71.275059,"WGS84",45.2,422.8,0.3,"6 - trap set and empty","ShermanLF","2023-09-21","2023-09-21",,,,,,,,,,,,,,,,,,,,,,,,,,,,,,,,,,,,,,,,,,,,"0009-0004-7358-8332","0009-0009-1224-8349",,,"54ba5b66-9bea-4065-88c9-c8c39accd273"
"5afec109-3dc8-4269-b307-51833f36104d","6faecea2-cb9a-4fbc-9875-48e4d476fa6b","BART_015.mammalGrid.mam","D01","BART","BART_015","D7","distributed","mixedForest",44.042898,-71.275059,"WGS84",45.2,422.8,0.3,"6 - trap set and empty","ShermanLF","2023-09-21","2023-09-21",,,,,,,,,,,,,,,,,,,,,,,,,,,,,,,,,,,,,,,,,,,,"0009-0004-7358-8332","0009-0009-1224-8349",,,"07b861d9-5353-4a3b-abba-dda9d7b335d1"
"0811c2d8-ac05-4162-9833-dcbaa39a6f99","9f88bcc2-e5f9-4a12-8bc3-f70e25938509","BART_062.mammalGrid.mam","D01","BART","BART_062","I1","distributed","deciduousForest",44.057350,-71.308646,"WGS84",45.1,447.2,0.2,"6 - trap set and empty","ShermanLF","2023-09-21","2023-09-21",,,,,,,,,,,,,,,,,,,,,,,,,,,,,,,,,,,,,,,,,,,,"0009-0004-7358-8332","0009-0009-1224-8349",,,"bfcc31f5-a832-475b-84f5-383a4ba071d4"
"25e9c6b3-f078-4479-8b25-ed75177c7387","67f9d6e0-1e1e-467d-abaf-7836c9dabc2f","BART_001.mammalGrid.mam","D01","BART","BART_001","H1","distributed","mixedForest",44.046877,-71.305115,"WGS84",45.2,463.7,0.3,"6 - trap set and empty","ShermanLF","2023-09-21","2023-09-21",,,,,,,,,,,,,,,,,,,,,,,,,,,,,,,,,,,,,,,,,,,,"0009-0003-6644-7278","0009-0000-8146-6897",,,"02434331-491e-4b53-9a1f-7b81ec54f8ad"
"b22c3024-288d-4c06-b8ea-0201be1151cb","9f88bcc2-e5f9-4a12-8bc3-f70e25938509","BART_062.mammalGrid.mam","D01","BART","BART_062","J7","distributed","deciduousForest",44.057350,-71.308646,"WGS84",45.1,447.2,0.2,"6 - trap set and empty","ShermanLF","2023-09-21","2023-09-21",,,,,,,,,,,,,,,,,,,,,,,,,,,,,,,,,,,,,,,,,,,,"0009-0004-7358-8332","0009-0009-1224-8349",,,"ada81cec-3112-424b-b662-cc1497ac2f75"
"af6e4673-5d6f-49a5-b1d0-f8a9006ff63d","e7efbdd7-8558-4123-94a8-29c04fa23672","BART_012.mammalGrid.mam","D01","BART","BART_012","A10","distributed","deciduousForest",44.047478,-71.315451,"WGS84",45.3,579.9,0.4,"5 - capture","ShermanLF","2023-09-21","2023-09-21","NEON.MAM.D01.O012A1020230921",,"NAIN","Napaeozapus insignis","species",,"NEON.DOC.001907",,,"N","F","U","escaped",,"adult",,"enlarged","not",,,,,,,"N","N","N",,"botflies","dry ice","BART.20230921.O012A1020230921.B","D00000037417","mandibular",,,,,,,,,,,"0009-0000-8146-6897","0009-0003-6644-7278","Both ears very torn- not tagged",,"a8003d2f-b878-4e56-9d15-490145b11abb"
"d5af3a5f-bae5-46e5-836d-98efdcbc0358","e7efbdd7-8558-4123-94a8-29c04fa23672","BART_012.mammalGrid.mam","D01","BART","BART_012","H5","distributed","deciduousForest",44.047478,-71.315451,"WGS84",45.3,579.9,0.4,"6 - trap set and empty","ShermanLF","2023-09-21","2023-09-21",,,,,,,,,,,,,,,,,,,,,,,,,,,,,,,,,,,,,,,,,,,,"0009-0000-8146-6897","0009-0003-6644-7278",,,"abc9d8d1-b96c-445d-8283-b00c3ccde56a"
"163708fb-c500-4ae7-b3ea-004c2d9450da","9f88bcc2-e5f9-4a12-8bc3-f70e25938509","BART_062.mammalGrid.mam","D01","BART","BART_062","G8","distributed","deciduousForest",44.057350,-71.308646,"WGS84",45.1,447.2,0.2,"3 - trap door open or closed w/ spoor left","ShermanLF","2023-09-21","2023-09-21",,,,,,,,,,,,,,,,,,,,,,,,,,,,,"did not check","dry ice",,,,,,,,,,,,,,"0009-0004-7358-8332","0009-0009-1224-8349",,,"7987ca91-4995-4af8-9b30-12c31d9c83a3"
"2b8db729-a1f4-4eca-a9b7-33a5cc72d0d1","e7efbdd7-8558-4123-94a8-29c04fa23672","BART_012.mammalGrid.mam","D01","BART","BART_012","E5","distributed","deciduousForest",44.047478,-71.315451,"WGS84",45.3,579.9,0.4,"3 - trap door open or closed w/ spoor left","ShermanLF","2023-09-21","2023-09-21",,,,,,,,,,,,,,,,,,,,,,,,,,,,,"did not check","dry ice",,,,,,,,,,,,,,"0009-0000-8146-6897","0009-0003-6644-7278",,,"9dea2ebd-a810-4cf7-ab7b-a1674bc9696c"
"c82420da-4c70-4e1d-bb0f-17ab8e498b47","67f9d6e0-1e1e-467d-abaf-7836c9dabc2f","BART_001.mammalGrid.mam","D01","BART","BART_001","A6","distributed","mixedForest",44.046877,-71.305115,"WGS84",45.2,463.7,0.3,"6 - trap set and empty","ShermanLF","2023-09-21","2023-09-21",,,,,,,,,,,,,,,,,,,,,,,,,,,,,,,,,,,,,,,,,,,,"0009-0003-6644-7278","0009-0000-8146-6897",,,"11da219f-c8cd-4a47-85e1-2b5d5368d823"
"42552938-d4b3-48da-b5f0-e0e748f14ba2","9f88bcc2-e5f9-4a12-8bc3-f70e25938509","BART_062.mammalGrid.mam","D01","BART","BART_062","I10","distributed","deciduousForest",44.057350,-71.308646,"WGS84",45.1,447.2,0.2,"6 - trap set and empty","ShermanLF","2023-09-21","2023-09-21",,,,,,,,,,,,,,,,,,,,,,,,,,,,,,,,,,,,,,,,,,,,"0009-0004-7358-8332","0009-0009-1224-8349",,,"8af3e255-15bb-49d8-8952-30fe87cf1c17"
"e580ad5b-f47a-4fea-884d-106ba35f14ae","9f88bcc2-e5f9-4a12-8bc3-f70e25938509","BART_062.mammalGrid.mam","D01","BART","BART_062","C1","distributed","deciduousForest",44.057350,-71.308646,"WGS84",45.1,447.2,0.2,"5 - capture","ShermanLF","2023-09-21","2023-09-21","NEON.MAM.D01.R6906",,"PEMA","Peromyscus maniculatus","species","cf. species","NEON.DOC.001907",,,"N","F","Y","processed",,"adult",,"enlarged","pregnant","neither",21,16,87,,26,"N","N","N",,"none","dry ice",,,,,,,,,,,,,,"0009-0004-7358-8332","0009-0009-1224-8349",,,"343e582f-ef13-4a13-9b62-97ca10ca0c5c"
"3c45aeb5-45a9-4d79-9316-7f934ffb852c","67f9d6e0-1e1e-467d-abaf-7836c9dabc2f","BART_001.mammalGrid.mam","D01","BART","BART_001","G6","distributed","mixedForest",44.046877,-71.305115,"WGS84",45.2,463.7,0.3,"6 - trap set and empty","ShermanLF","2023-09-21","2023-09-21",,,,,,,,,,,,,,,,,,,,,,,,,,,,,,,,,,,,,,,,,,,,"0009-0003-6644-7278","0009-0000-8146-6897",,,"754ee389-fb42-4a5c-b985-480aa4a1fd3a"
"8f621f6f-a832-479b-8881-50eb198ddf5b","9f88bcc2-e5f9-4a12-8bc3-f70e25938509","BART_062.mammalGrid.mam","D01","BART","BART_062","C2","distributed","deciduousForest",44.057350,-71.308646,"WGS84",45.1,447.2,0.2,"6 - trap set and empty","ShermanLF","2023-09-21","2023-09-21",,,,,,,,,,,,,,,,,,,,,,,,,,,,,,,,,,,,,,,,,,,,"0009-0004-7358-8332","0009-0009-1224-8349",,,"d761f779-d45d-4276-9373-68df3dd4ee0f"
"984c6906-0066-41b5-82fc-2600cb374d3b","67f9d6e0-1e1e-467d-abaf-7836c9dabc2f","BART_001.mammalGrid.mam","D01","BART","BART_001","A7","distributed","mixedForest",44.046877,-71.305115,"WGS84",45.2,463.7,0.3,"6 - trap set and empty","ShermanLF","2023-09-21","2023-09-21",,,,,,,,,,,,,,,,,,,,,,,,,,,,,,,,,,,,,,,,,,,,"0009-0003-6644-7278","0009-0000-8146-6897",,,"99b0c8c7-1386-43f9-9488-6982ac9bd89f"
"bb820f23-f941-41de-8e80-a2a5f9adf273","9f88bcc2-e5f9-4a12-8bc3-f70e25938509","BART_062.mammalGrid.mam","D01","BART","BART_062","J8","distributed","deciduousForest",44.057350,-71.308646,"WGS84",45.1,447.2,0.2,"6 - trap set and empty","ShermanLF","2023-09-21","2023-09-21",,,,,,,,,,,,,,,,,,,,,,,,,,,,,,,,,,,,,,,,,,,,"0009-0004-7358-8332","0009-0009-1224-8349",,,"ab8a729d-6061-4659-a102-b2a7dd14b0fd"
"59af4973-45df-455d-be5c-f310cc19ac7b","67f9d6e0-1e1e-467d-abaf-7836c9dabc2f","BART_001.mammalGrid.mam","D01","BART","BART_001","G7","distributed","mixedForest",44.046877,-71.305115,"WGS84",45.2,463.7,0.3,"6 - trap set and empty","ShermanLF","2023-09-21","2023-09-21",,,,,,,,,,,,,,,,,,,,,,,,,,,,,,,,,,,,,,,,,,,,"0009-0003-6644-7278","0009-0000-8146-6897",,,"54de33c5-73d3-42bb-8b1e-ae5f0a614561"
"6e0a7bf4-b394-41fd-9f58-e98e26b20a42","6faecea2-cb9a-4fbc-9875-48e4d476fa6b","BART_015.mammalGrid.mam","D01","BART","BART_015","I10","distributed","mixedForest",44.042898,-71.275059,"WGS84",45.2,422.8,0.3,"3 - trap door open or closed w/ spoor left","ShermanLF","2023-09-21","2023-09-21",,,,,,,,,,,,,,,,,,,,,,,,,,,,,"did not check","dry ice",,,,,,,,,,,,,,"0009-0004-7358-8332","0009-0009-1224-8349",,,"95423e1e-16aa-4682-a56c-3425bd71fa57"
"a6be9a0f-6cc3-4949-8d05-664bf4db0d66","9f88bcc2-e5f9-4a12-8bc3-f70e25938509","BART_062.mammalGrid.mam","D01","BART","BART_062","E5","distributed","deciduousForest",44.057350,-71.308646,"WGS84",45.1,447.2,0.2,"6 - trap set and empty","ShermanLF","2023-09-21","2023-09-21",,,,,,,,,,,,,,,,,,,,,,,,,,,,,,,,,,,,,,,,,,,,"0009-0004-7358-8332","0009-0009-1224-8349",,,"be107330-465e-4569-ad3f-e482247857e7"
"094d677e-f568-45d0-85f0-63372e614b36","67f9d6e0-1e1e-467d-abaf-7836c9dabc2f","BART_001.mammalGrid.mam","D01","BART","BART_001","C9","distributed","mixedForest",44.046877,-71.305115,"WGS84",45.2,463.7,0.3,"6 - trap set and empty","ShermanLF","2023-09-21","2023-09-21",,,,,,,,,,,,,,,,,,,,,,,,,,,,,,,,,,,,,,,,,,,,"0009-0003-6644-7278","0009-0000-8146-6897",,,"208b517a-851a-46f6-9b96-68bf96e701b1"
"0dcb0f7c-13e8-4fc1-98ef-29b79daf8ca3","6faecea2-cb9a-4fbc-9875-48e4d476fa6b","BART_015.mammalGrid.mam","D01","BART","BART_015","E3","distributed","mixedForest",44.042898,-71.275059,"WGS84",45.2,422.8,0.3,"6 - trap set and empty","ShermanLF","2023-09-21","2023-09-21",,,,,,,,,,,,,,,,,,,,,,,,,,,,,,,,,,,,,,,,,,,,"0009-0004-7358-8332","0009-0009-1224-8349",,,"ce282649-e212-475e-9764-9df6ff16afcf"
"ffd5600b-32e0-43d5-87e8-356b210d1e45","9f88bcc2-e5f9-4a12-8bc3-f70e25938509","BART_062.mammalGrid.mam","D01","BART","BART_062","B4","distributed","deciduousForest",44.057350,-71.308646,"WGS84",45.1,447.2,0.2,"6 - trap set and empty","ShermanLF","2023-09-21","2023-09-21",,,,,,,,,,,,,,,,,,,,,,,,,,,,,,,,,,,,,,,,,,,,"0009-0004-7358-8332","0009-0009-1224-8349",,,"dd69abe2-36b0-4c83-8464-e32bf4cecbce"
"b953ecae-4f2e-44e3-a52b-64e4ab5565a7","e7efbdd7-8558-4123-94a8-29c04fa23672","BART_012.mammalGrid.mam","D01","BART","BART_012","H2","distributed","deciduousForest",44.047478,-71.315451,"WGS84",45.3,579.9,0.4,"6 - trap set and empty","ShermanLF","2023-09-21","2023-09-21",,,,,,,,,,,,,,,,,,,,,,,,,,,,,,,,,,,,,,,,,,,,"0009-0000-8146-6897","0009-0003-6644-7278",,,"6dfb94ed-6eda-4cf3-ad07-c7e6a9a7a963"
"81196f9d-a6e1-4e82-8b3b-dcb125cca079","e7efbdd7-8558-4123-94a8-29c04fa23672","BART_012.mammalGrid.mam","D01","BART","BART_012","G6","distributed","deciduousForest",44.047478,-71.315451,"WGS84",45.3,579.9,0.4,"6 - trap set and empty","ShermanLF","2023-09-21","2023-09-21",,,,,,,,,,,,,,,,,,,,,,,,,,,,,,,,,,,,,,,,,,,,"0009-0000-8146-6897","0009-0003-6644-7278",,,"d7a409b1-a06d-4a04-9bc9-c5972d31fdba"
"09773b3b-55d2-4909-868c-3ef99cbac3ed","67f9d6e0-1e1e-467d-abaf-7836c9dabc2f","BART_001.mammalGrid.mam","D01","BART","BART_001","J10","distributed","mixedForest",44.046877,-71.305115,"WGS84",45.2,463.7,0.3,"6 - trap set and empty","ShermanLF","2023-09-21","2023-09-21",,,,,,,,,,,,,,,,,,,,,,,,,,,,,,,,,,,,,,,,,,,,"0009-0003-6644-7278","0009-0000-8146-6897",,,"9957d2b7-1a40-4868-8d39-fc778a7dd4aa"
"dac67121-3de1-4d67-a677-067e85cb967a","e7efbdd7-8558-4123-94a8-29c04fa23672","BART_012.mammalGrid.mam","D01","BART","BART_012","A8","distributed","deciduousForest",44.047478,-71.315451,"WGS84",45.3,579.9,0.4,"3 - trap door open or closed w/ spoor left","ShermanLF","2023-09-21","2023-09-21",,,,,,,,,,,,,,,,,,,,,,,,,,,,,"did not check","dry ice",,,,,,,,,,,,,,"0009-0000-8146-6897","0009-0003-6644-7278",,,"6994ecd3-280a-41fe-a86d-4348dd749a59"
"eab472d6-7b7c-49ba-bfa6-4cba52702234","e7efbdd7-8558-4123-94a8-29c04fa23672","BART_012.mammalGrid.mam","D01","BART","BART_012","I10","distributed","deciduousForest",44.047478,-71.315451,"WGS84",45.3,579.9,0.4,"6 - trap set and empty","ShermanLF","2023-09-21","2023-09-21",,,,,,,,,,,,,,,,,,,,,,,,,,,,,,,,,,,,,,,,,,,,"0009-0000-8146-6897","0009-0003-6644-7278",,,"bae6e028-e22c-4ca3-928d-bc357e1b9654"
"33fd27d2-1117-49f2-b85a-39af47a03a19","67f9d6e0-1e1e-467d-abaf-7836c9dabc2f","BART_001.mammalGrid.mam","D01","BART","BART_001","H2","distributed","mixedForest",44.046877,-71.305115,"WGS84",45.2,463.7,0.3,"6 - trap set and empty","ShermanLF","2023-09-21","2023-09-21",,,,,,,,,,,,,,,,,,,,,,,,,,,,,,,,,,,,,,,,,,,,"0009-0003-6644-7278","0009-0000-8146-6897",,,"9abcf2ef-a611-40f4-acd8-70d2c15c0439"
"c7e67de1-2206-4249-ab7f-af8f79e0640d","6faecea2-cb9a-4fbc-9875-48e4d476fa6b","BART_015.mammalGrid.mam","D01","BART","BART_015","D1","distributed","mixedForest",44.042898,-71.275059,"WGS84",45.2,422.8,0.3,"6 - trap set and empty","ShermanLF","2023-09-21","2023-09-21",,,,,,,,,,,,,,,,,,,,,,,,,,,,,,,,,,,,,,,,,,,,"0009-0004-7358-8332","0009-0009-1224-8349",,,"297f67b2-eff4-43a8-a099-441f30bbbd35"
"02ed8070-45da-4d52-99e4-da3cba9ca49d","e7efbdd7-8558-4123-94a8-29c04fa23672","BART_012.mammalGrid.mam","D01","BART","BART_012","E6","distributed","deciduousForest",44.047478,-71.315451,"WGS84",45.3,579.9,0.4,"3 - trap door open or closed w/ spoor left","ShermanLF","2023-09-21","2023-09-21",,,,,,,,,,,,,,,,,,,,,,,,,,,,,"did not check","dry ice",,,,,,,,,,,,,,"0009-0000-8146-6897","0009-0003-6644-7278",,,"90d077fd-d0b1-4d60-b80e-40ec9645a1f2"
"11eff8fd-2229-4905-8b2d-a62f6f8a47a0","6faecea2-cb9a-4fbc-9875-48e4d476fa6b","BART_015.mammalGrid.mam","D01","BART","BART_015","D9","distributed","mixedForest",44.042898,-71.275059,"WGS84",45.2,422.8,0.3,"6 - trap set and empty","ShermanLF","2023-09-21","2023-09-21",,,,,,,,,,,,,,,,,,,,,,,,,,,,,,,,,,,,,,,,,,,,"0009-0004-7358-8332","0009-0009-1224-8349",,,"ffc472e4-771a-4dc2-91a8-aac257529dd9"
"0eda5c57-f3c8-4513-8065-47dfe4b37ae9","e7efbdd7-8558-4123-94a8-29c04fa23672","BART_012.mammalGrid.mam","D01","BART","BART_012","E1","distributed","deciduousForest",44.047478,-71.315451,"WGS84",45.3,579.9,0.4,"6 - trap set and empty","ShermanLF","2023-09-21","2023-09-21",,,,,,,,,,,,,,,,,,,,,,,,,,,,,,,,,,,,,,,,,,,,"0009-0000-8146-6897","0009-0003-6644-7278",,,"daf5eb89-3d0f-4979-b9e4-320fd4b5a852"
"cca48c64-cfa9-4aa2-af16-6172bd5edbad","67f9d6e0-1e1e-467d-abaf-7836c9dabc2f","BART_001.mammalGrid.mam","D01","BART","BART_001","J3","distributed","mixedForest",44.046877,-71.305115,"WGS84",45.2,463.7,0.3,"6 - trap set and empty","ShermanLF","2023-09-21","2023-09-21",,,,,,,,,,,,,,,,,,,,,,,,,,,,,,,,,,,,,,,,,,,,"0009-0003-6644-7278","0009-0000-8146-6897",,,"7a9421e3-031f-4f90-9017-fdaae6f60b45"
"491fb9a0-ac38-4f6b-8e36-a94719015014","9f88bcc2-e5f9-4a12-8bc3-f70e25938509","BART_062.mammalGrid.mam","D01","BART","BART_062","D2","distributed","deciduousForest",44.057350,-71.308646,"WGS84",45.1,447.2,0.2,"6 - trap set and empty","ShermanLF","2023-09-21","2023-09-21",,,,,,,,,,,,,,,,,,,,,,,,,,,,,,,,,,,,,,,,,,,,"0009-0004-7358-8332","0009-0009-1224-8349",,,"c549754a-5b28-4b6a-ac18-a5d0b5546c53"
"0c154161-a855-4009-aa83-1f95048f5f66","67f9d6e0-1e1e-467d-abaf-7836c9dabc2f","BART_001.mammalGrid.mam","D01","BART","BART_001","F9","distributed","mixedForest",44.046877,-71.305115,"WGS84",45.2,463.7,0.3,"6 - trap set and empty","ShermanLF","2023-09-21","2023-09-21",,,,,,,,,,,,,,,,,,,,,,,,,,,,,,,,,,,,,,,,,,,,"0009-0003-6644-7278","0009-0000-8146-6897",,,"33441ea1-3905-4896-99b7-04aa30feafb5"
"77a239a9-1214-496e-9812-5b5ed7a9a38c","e7efbdd7-8558-4123-94a8-29c04fa23672","BART_012.mammalGrid.mam","D01","BART","BART_012","F4","distributed","deciduousForest",44.047478,-71.315451,"WGS84",45.3,579.9,0.4,"6 - trap set and empty","ShermanLF","2023-09-21","2023-09-21",,,,,,,,,,,,,,,,,,,,,,,,,,,,,,,,,,,,,,,,,,,,"0009-0000-8146-6897","0009-0003-6644-7278",,,"15911684-8f06-468a-8221-bac3c1dc5b03"
"14415d7c-f90e-41ae-82dc-faf871bcd73b","9f88bcc2-e5f9-4a12-8bc3-f70e25938509","BART_062.mammalGrid.mam","D01","BART","BART_062","G2","distributed","deciduousForest",44.057350,-71.308646,"WGS84",45.1,447.2,0.2,"6 - trap set and empty","ShermanLF","2023-09-21","2023-09-21",,,,,,,,,,,,,,,,,,,,,,,,,,,,,,,,,,,,,,,,,,,,"0009-0004-7358-8332","0009-0009-1224-8349",,,"7db8aefb-42ba-4e64-a80c-a9889d9a5233"
"657a25cb-086f-4852-879d-72d954dcd322","6faecea2-cb9a-4fbc-9875-48e4d476fa6b","BART_015.mammalGrid.mam","D01","BART","BART_015","C1","distributed","mixedForest",44.042898,-71.275059,"WGS84",45.2,422.8,0.3,"6 - trap set and empty","ShermanLF","2023-09-21","2023-09-21",,,,,,,,,,,,,,,,,,,,,,,,,,,,,,,,,,,,,,,,,,,,"0009-0004-7358-8332","0009-0009-1224-8349",,,"efaf5e2f-ce5a-463e-b9f1-ebbb010db104"
"98f7a2af-1f9b-4560-b2a6-9b3b6d28f26e","9f88bcc2-e5f9-4a12-8bc3-f70e25938509","BART_062.mammalGrid.mam","D01","BART","BART_062","G1","distributed","deciduousForest",44.057350,-71.308646,"WGS84",45.1,447.2,0.2,"6 - trap set and empty","ShermanLF","2023-09-21","2023-09-21",,,,,,,,,,,,,,,,,,,,,,,,,,,,,,,,,,,,,,,,,,,,"0009-0004-7358-8332","0009-0009-1224-8349",,,"35957bc0-0765-4c88-b776-2c7e3154829b"
"7f4509f6-4761-420f-8bcf-14231acc9a0b","67f9d6e0-1e1e-467d-abaf-7836c9dabc2f","BART_001.mammalGrid.mam","D01","BART","BART_001","J9","distributed","mixedForest",44.046877,-71.305115,"WGS84",45.2,463.7,0.3,"6 - trap set and empty","ShermanLF","2023-09-21","2023-09-21",,,,,,,,,,,,,,,,,,,,,,,,,,,,,,,,,,,,,,,,,,,,"0009-0003-6644-7278","0009-0000-8146-6897",,,"1c36a511-27c9-45db-8119-83840a8e1e1d"
"b5031085-50ef-4e2a-979d-cf5b8ce9dce3","67f9d6e0-1e1e-467d-abaf-7836c9dabc2f","BART_001.mammalGrid.mam","D01","BART","BART_001","C2","distributed","mixedForest",44.046877,-71.305115,"WGS84",45.2,463.7,0.3,"5 - capture","ShermanLF","2023-09-21","2023-09-21","NEON.MAM.D01.R6378",,"MYGA","Myodes gapperi","species",,"NEON.DOC.001907",,,"N","F","N","processed",,"adult",,"enlarged","unknown","neither",17,,,,23,"N","N","N",,"other - see remarks","dry ice",,,,,,,,,,,,,,"0009-0003-6644-7278","0009-0000-8146-6897","Mites",,"288b38e1-2ba1-4a65-a764-7d519f5f3037"
"80eee0d6-9a5b-4acb-8134-7e69fb81b372","67f9d6e0-1e1e-467d-abaf-7836c9dabc2f","BART_001.mammalGrid.mam","D01","BART","BART_001","B6","distributed","mixedForest",44.046877,-71.305115,"WGS84",45.2,463.7,0.3,"6 - trap set and empty","ShermanLF","2023-09-21","2023-09-21",,,,,,,,,,,,,,,,,,,,,,,,,,,,,,,,,,,,,,,,,,,,"0009-0003-6644-7278","0009-0000-8146-6897",,,"adeef255-6b22-4695-8a5c-d86ceb9943de"
"61d70cc2-1fc7-412e-9c5a-1affd006278b","9f88bcc2-e5f9-4a12-8bc3-f70e25938509","BART_062.mammalGrid.mam","D01","BART","BART_062","C5","distributed","deciduousForest",44.057350,-71.308646,"WGS84",45.1,447.2,0.2,"6 - trap set and empty","ShermanLF","2023-09-21","2023-09-21",,,,,,,,,,,,,,,,,,,,,,,,,,,,,,,,,,,,,,,,,,,,"0009-0004-7358-8332","0009-0009-1224-8349",,,"116b6e53-deb5-41df-8d68-e19f0924c1fa"
"0cc3e43b-6441-434b-a772-42201a1de2e1","e7efbdd7-8558-4123-94a8-29c04fa23672","BART_012.mammalGrid.mam","D01","BART","BART_012","D1","distributed","deciduousForest",44.047478,-71.315451,"WGS84",45.3,579.9,0.4,"6 - trap set and empty","ShermanLF","2023-09-21","2023-09-21",,,,,,,,,,,,,,,,,,,,,,,,,,,,,,,,,,,,,,,,,,,,"0009-0000-8146-6897","0009-0003-6644-7278",,,"538556f9-86e2-405d-8ae2-f4e79af8b81b"
"73e9ade5-6094-4993-8df1-8ee66da6a7d7","9f88bcc2-e5f9-4a12-8bc3-f70e25938509","BART_062.mammalGrid.mam","D01","BART","BART_062","F8","distributed","deciduousForest",44.057350,-71.308646,"WGS84",45.1,447.2,0.2,"6 - trap set and empty","ShermanLF","2023-09-21","2023-09-21",,,,,,,,,,,,,,,,,,,,,,,,,,,,,,,,,,,,,,,,,,,,"0009-0004-7358-8332","0009-0009-1224-8349",,,"6e5812f5-f66e-4a32-9344-f34f42e034ff"
"61b83f36-635c-42ef-b442-b6d74f2b1368","6faecea2-cb9a-4fbc-9875-48e4d476fa6b","BART_015.mammalGrid.mam","D01","BART","BART_015","I9","distributed","mixedForest",44.042898,-71.275059,"WGS84",45.2,422.8,0.3,"3 - trap door open or closed w/ spoor left","ShermanLF","2023-09-21","2023-09-21",,,,,,,,,,,,,,,,,,,,,,,,,,,,,"did not check","dry ice",,,,,,,,,,,,,,"0009-0004-7358-8332","0009-0009-1224-8349",,,"22ec89ff-4d21-4eff-a6f6-9fdcd19d1189"
"d9c1062f-0bdd-4317-aa91-75ad8b8590d3","9f88bcc2-e5f9-4a12-8bc3-f70e25938509","BART_062.mammalGrid.mam","D01","BART","BART_062","J2","distributed","deciduousForest",44.057350,-71.308646,"WGS84",45.1,447.2,0.2,"6 - trap set and empty","ShermanLF","2023-09-21","2023-09-21",,,,,,,,,,,,,,,,,,,,,,,,,,,,,,,,,,,,,,,,,,,,"0009-0004-7358-8332","0009-0009-1224-8349",,,"5f759859-4950-420e-a971-b0c31a87d6a9"
"09b80d0e-99f5-4d60-8448-75c67351b82a","e7efbdd7-8558-4123-94a8-29c04fa23672","BART_012.mammalGrid.mam","D01","BART","BART_012","G10","distributed","deciduousForest",44.047478,-71.315451,"WGS84",45.3,579.9,0.4,"3 - trap door open or closed w/ spoor left","ShermanLF","2023-09-21","2023-09-21",,,,,,,,,,,,,,,,,,,,,,,,,,,,,"did not check","dry ice",,,,,,,,,,,,,,"0009-0000-8146-6897","0009-0003-6644-7278",,,"0e8a268e-f749-4587-90eb-b4e423d0dee4"
"244a2d48-f6ef-4383-a7ad-fea2c677fb4d","67f9d6e0-1e1e-467d-abaf-7836c9dabc2f","BART_001.mammalGrid.mam","D01","BART","BART_001","H10","distributed","mixedForest",44.046877,-71.305115,"WGS84",45.2,463.7,0.3,"6 - trap set and empty","ShermanLF","2023-09-21","2023-09-21",,,,,,,,,,,,,,,,,,,,,,,,,,,,,,,,,,,,,,,,,,,,"0009-0003-6644-7278","0009-0000-8146-6897",,,"970264dd-ca61-4968-ac92-08ae3bf336f8"
"4dda59b9-687e-477e-8697-24ad69ab74df","e7efbdd7-8558-4123-94a8-29c04fa23672","BART_012.mammalGrid.mam","D01","BART","BART_012","H6","distributed","deciduousForest",44.047478,-71.315451,"WGS84",45.3,579.9,0.4,"6 - trap set and empty","ShermanLF","2023-09-21","2023-09-21",,,,,,,,,,,,,,,,,,,,,,,,,,,,,,,,,,,,,,,,,,,,"0009-0000-8146-6897","0009-0003-6644-7278",,,"bde3703e-74c2-4618-a0f8-cf20f9e4ca9a"
"7246b853-b6dd-41f2-b6af-9d97874c48ef","e7efbdd7-8558-4123-94a8-29c04fa23672","BART_012.mammalGrid.mam","D01","BART","BART_012","A3","distributed","deciduousForest",44.047478,-71.315451,"WGS84",45.3,579.9,0.4,"3 - trap door open or closed w/ spoor left","ShermanLF","2023-09-21","2023-09-21",,,,,,,,,,,,,,,,,,,,,,,,,,,,,"did not check","dry ice",,,,,,,,,,,,,,"0009-0000-8146-6897","0009-0003-6644-7278",,,"5d3a9cde-ed39-40e6-ab4a-7155f61a262e"
"8e76b50a-9556-4d4d-ac59-68cf60de8c5f","67f9d6e0-1e1e-467d-abaf-7836c9dabc2f","BART_001.mammalGrid.mam","D01","BART","BART_001","A3","distributed","mixedForest",44.046877,-71.305115,"WGS84",45.2,463.7,0.3,"6 - trap set and empty","ShermanLF","2023-09-21","2023-09-21",,,,,,,,,,,,,,,,,,,,,,,,,,,,,,,,,,,,,,,,,,,,"0009-0003-6644-7278","0009-0000-8146-6897",,,"c2f02ac2-55d4-4393-89a7-22dfff711441"
"3aa9d365-9ada-4b5c-86c1-cb2ab5a8f629","9f88bcc2-e5f9-4a12-8bc3-f70e25938509","BART_062.mammalGrid.mam","D01","BART","BART_062","I7","distributed","deciduousForest",44.057350,-71.308646,"WGS84",45.1,447.2,0.2,"6 - trap set and empty","ShermanLF","2023-09-21","2023-09-21",,,,,,,,,,,,,,,,,,,,,,,,,,,,,,,,,,,,,,,,,,,,"0009-0004-7358-8332","0009-0009-1224-8349",,,"58d1f58b-371f-47a2-868f-bc168b864da7"
"0d25d924-e06f-4c64-bf6d-e350ea1d16bb","67f9d6e0-1e1e-467d-abaf-7836c9dabc2f","BART_001.mammalGrid.mam","D01","BART","BART_001","A10","distributed","mixedForest",44.046877,-71.305115,"WGS84",45.2,463.7,0.3,"6 - trap set and empty","ShermanLF","2023-09-21","2023-09-21",,,,,,,,,,,,,,,,,,,,,,,,,,,,,,,,,,,,,,,,,,,,"0009-0003-6644-7278","0009-0000-8146-6897",,,"554dd40c-e279-4408-a54c-8f08cda2638a"
"3225e2f8-6b0c-41c8-a529-b5210ed9d3e0","e7efbdd7-8558-4123-94a8-29c04fa23672","BART_012.mammalGrid.mam","D01","BART","BART_012","H10","distributed","deciduousForest",44.047478,-71.315451,"WGS84",45.3,579.9,0.4,"6 - trap set and empty","ShermanLF","2023-09-21","2023-09-21",,,,,,,,,,,,,,,,,,,,,,,,,,,,,,,,,,,,,,,,,,,,"0009-0000-8146-6897","0009-0003-6644-7278",,,"47815cb3-d07c-432e-9448-4b26fa59e667"
"7dfcc379-639e-42d3-b9eb-31a829408d28","9f88bcc2-e5f9-4a12-8bc3-f70e25938509","BART_062.mammalGrid.mam","D01","BART","BART_062","E10","distributed","deciduousForest",44.057350,-71.308646,"WGS84",45.1,447.2,0.2,"6 - trap set and empty","ShermanLF","2023-09-21","2023-09-21",,,,,,,,,,,,,,,,,,,,,,,,,,,,,,,,,,,,,,,,,,,,"0009-0004-7358-8332","0009-0009-1224-8349",,,"713dee42-207a-48e7-881c-b6a15f55fc7f"
"8eb1b1bd-b984-4739-a329-566898a68c66","6faecea2-cb9a-4fbc-9875-48e4d476fa6b","BART_015.mammalGrid.mam","D01","BART","BART_015","F9","distributed","mixedForest",44.042898,-71.275059,"WGS84",45.2,422.8,0.3,"6 - trap set and empty","ShermanLF","2023-09-21","2023-09-21",,,,,,,,,,,,,,,,,,,,,,,,,,,,,,,,,,,,,,,,,,,,"0009-0004-7358-8332","0009-0009-1224-8349",,,"3fd7ca43-f3c1-4309-871c-ea5076095f92"
"1514034e-f498-41cd-9a68-b00e8e2e1e42","e7efbdd7-8558-4123-94a8-29c04fa23672","BART_012.mammalGrid.mam","D01","BART","BART_012","D10","distributed","deciduousForest",44.047478,-71.315451,"WGS84",45.3,579.9,0.4,"5 - capture","ShermanLF","2023-09-21","2023-09-21","NEON.MAM.D01.R6350",,"NAIN","Napaeozapus insignis","species",,"NEON.DOC.001907",,,"N","M","Y","processed",,"adult","scrotal",,,,31,,,,23,"N","N","N",,"did not check","dry ice","BART.20230921.R6350.B","D00000037441","mandibular - QNS",,,,,,,,,,,"0009-0000-8146-6897","0009-0003-6644-7278",,,"b84af655-d3bf-4528-ae35-5355425491a3"
"0ac4fedb-76f9-4b52-84a0-0a6d80e7886a","e7efbdd7-8558-4123-94a8-29c04fa23672","BART_012.mammalGrid.mam","D01","BART","BART_012","F8","distributed","deciduousForest",44.047478,-71.315451,"WGS84",45.3,579.9,0.4,"6 - trap set and empty","ShermanLF","2023-09-21","2023-09-21",,,,,,,,,,,,,,,,,,,,,,,,,,,,,,,,,,,,,,,,,,,,"0009-0000-8146-6897","0009-0003-6644-7278",,,"963061a7-de6b-4f0d-a427-794c57bba162"
"69a0847e-b29c-4dab-9afe-837913ae2ace","e7efbdd7-8558-4123-94a8-29c04fa23672","BART_012.mammalGrid.mam","D01","BART","BART_012","B3","distributed","deciduousForest",44.047478,-71.315451,"WGS84",45.3,579.9,0.4,"6 - trap set and empty","ShermanLF","2023-09-21","2023-09-21",,,,,,,,,,,,,,,,,,,,,,,,,,,,,,,,,,,,,,,,,,,,"0009-0000-8146-6897","0009-0003-6644-7278",,,"02fd352a-39dc-4e6c-8bfc-59b6a3030f16"
"d46089c4-9442-4953-9f2f-387297812abf","9f88bcc2-e5f9-4a12-8bc3-f70e25938509","BART_062.mammalGrid.mam","D01","BART","BART_062","B10","distributed","deciduousForest",44.057350,-71.308646,"WGS84",45.1,447.2,0.2,"6 - trap set and empty","ShermanLF","2023-09-21","2023-09-21",,,,,,,,,,,,,,,,,,,,,,,,,,,,,,,,,,,,,,,,,,,,"0009-0004-7358-8332","0009-0009-1224-8349",,,"bf8325a4-ca6e-4fe4-8fb1-400e415963fe"
"faf941f8-fc43-49df-9ce9-f99f31f61e00","6faecea2-cb9a-4fbc-9875-48e4d476fa6b","BART_015.mammalGrid.mam","D01","BART","BART_015","G10","distributed","mixedForest",44.042898,-71.275059,"WGS84",45.2,422.8,0.3,"3 - trap door open or closed w/ spoor left","ShermanLF","2023-09-21","2023-09-21",,,,,,,,,,,,,,,,,,,,,,,,,,,,,"did not check","dry ice",,,,,,,,,,,,,,"0009-0004-7358-8332","0009-0009-1224-8349",,,"d1d06c3f-4950-4874-9a9b-9c28f472aefd"
"dbc3d4fc-e3b1-4623-9c10-5269afc65c52","9f88bcc2-e5f9-4a12-8bc3-f70e25938509","BART_062.mammalGrid.mam","D01","BART","BART_062","D3","distributed","deciduousForest",44.057350,-71.308646,"WGS84",45.1,447.2,0.2,"6 - trap set and empty","ShermanLF","2023-09-21","2023-09-21",,,,,,,,,,,,,,,,,,,,,,,,,,,,,,,,,,,,,,,,,,,,"0009-0004-7358-8332","0009-0009-1224-8349",,,"838aa2d2-3b9c-496d-abe5-f4a786c14895"
"41a5283c-4fce-43da-a3bc-e38db8952a61","6faecea2-cb9a-4fbc-9875-48e4d476fa6b","BART_015.mammalGrid.mam","D01","BART","BART_015","E2","distributed","mixedForest",44.042898,-71.275059,"WGS84",45.2,422.8,0.3,"6 - trap set and empty","ShermanLF","2023-09-21","2023-09-21",,,,,,,,,,,,,,,,,,,,,,,,,,,,,,,,,,,,,,,,,,,,"0009-0004-7358-8332","0009-0009-1224-8349",,,"da001ff7-642d-4638-98f4-5bc4e1a36790"
"25f83278-e25c-48b5-91bf-f886423e5de2","9f88bcc2-e5f9-4a12-8bc3-f70e25938509","BART_062.mammalGrid.mam","D01","BART","BART_062","F2","distributed","deciduousForest",44.057350,-71.308646,"WGS84",45.1,447.2,0.2,"6 - trap set and empty","ShermanLF","2023-09-21","2023-09-21",,,,,,,,,,,,,,,,,,,,,,,,,,,,,,,,,,,,,,,,,,,,"0009-0004-7358-8332","0009-0009-1224-8349",,,"5084957d-8715-4b54-8f57-0e56d95d2f78"
"e0f06101-c35b-485b-8ccc-07371b9786c5","6faecea2-cb9a-4fbc-9875-48e4d476fa6b","BART_015.mammalGrid.mam","D01","BART","BART_015","C3","distributed","mixedForest",44.042898,-71.275059,"WGS84",45.2,422.8,0.3,"3 - trap door open or closed w/ spoor left","ShermanLF","2023-09-21","2023-09-21",,,,,,,,,,,,,,,,,,,,,,,,,,,,,"did not check","dry ice",,,,,,,,,,,,,,"0009-0004-7358-8332","0009-0009-1224-8349",,,"67bec113-ae02-4d48-9241-33c8f893b4dc"
"05417ae2-1d67-40b1-9a0e-f9b98a731d1e","e7efbdd7-8558-4123-94a8-29c04fa23672","BART_012.mammalGrid.mam","D01","BART","BART_012","F6","distributed","deciduousForest",44.047478,-71.315451,"WGS84",45.3,579.9,0.4,"6 - trap set and empty","ShermanLF","2023-09-21","2023-09-21",,,,,,,,,,,,,,,,,,,,,,,,,,,,,,,,,,,,,,,,,,,,"0009-0000-8146-6897","0009-0003-6644-7278",,,"630d6884-e46d-4329-b5c2-5b2a6e74897e"
"4d39b6ea-3fd5-4ed9-89ce-c615fd05b641","7ecedb40-7268-4682-ad85-a91380186fb6","BART_084.mammalGrid.mam","D01","BART","BART_084","G5","distributed","evergreenForest",44.048501,-71.297965,"WGS84",45.2,416.1,0.2,"6 - trap set and empty","ShermanLF","2023-09-22","2023-09-22",,,,,,,,,,,,,,,,,,,,,,,,,,,,,,,,,,,,,,,,,,,,"0009-0004-7358-8332","0009-0000-8146-6897",,,"9c5450fa-e20f-429b-ab21-e6ee982a3435"
"a874bd0f-32bf-4acd-bdb4-06f3867587d5","7ecedb40-7268-4682-ad85-a91380186fb6","BART_084.mammalGrid.mam","D01","BART","BART_084","B8","distributed","evergreenForest",44.048501,-71.297965,"WGS84",45.2,416.1,0.2,"6 - trap set and empty","ShermanLF","2023-09-22","2023-09-22",,,,,,,,,,,,,,,,,,,,,,,,,,,,,,,,,,,,,,,,,,,,"0009-0004-7358-8332","0009-0000-8146-6897",,,"cb96661c-5044-4871-976b-d1dd8346db6f"
"75fba707-9e3d-43e5-b9d4-2bb7b88584a5","dc5a1722-aaf9-48f3-8d55-109840340a18","BART_007.mammalGrid.mam","D01","BART","BART_007","C2","distributed","mixedForest",44.051112,-71.298377,"WGS84",45.2,382.7,0.4,"6 - trap set and empty","ShermanLF","2023-09-22","2023-09-22",,,,,,,,,,,,,,,,,,,,,,,,,,,,,,,,,,,,,,,,,,,,"0009-0003-6644-7278","0009-0009-1224-8349",,,"5622e8da-8192-478f-bd2a-a5e489924a93"
"2cefdcc6-e8e2-4cfb-b333-4db36dd0ac08","dc5a1722-aaf9-48f3-8d55-109840340a18","BART_007.mammalGrid.mam","D01","BART","BART_007","G10","distributed","mixedForest",44.051112,-71.298377,"WGS84",45.2,382.7,0.4,"6 - trap set and empty","ShermanLF","2023-09-22","2023-09-22",,,,,,,,,,,,,,,,,,,,,,,,,,,,,,,,,,,,,,,,,,,,"0009-0003-6644-7278","0009-0009-1224-8349",,,"42b26794-1668-4877-a56c-157e1a32778a"
"0ba44b4b-b918-4755-b2b3-f6cbc6851b96","dc5a1722-aaf9-48f3-8d55-109840340a18","BART_007.mammalGrid.mam","D01","BART","BART_007","D6","distributed","mixedForest",44.051112,-71.298377,"WGS84",45.2,382.7,0.4,"6 - trap set and empty","ShermanLF","2023-09-22","2023-09-22",,,,,,,,,,,,,,,,,,,,,,,,,,,,,,,,,,,,,,,,,,,,"0009-0003-6644-7278","0009-0009-1224-8349",,,"9bf0c037-0eba-41ea-b3fa-751fc2ddd8e3"
"e32eac30-5c68-494a-951f-715049722a7f","dc5a1722-aaf9-48f3-8d55-109840340a18","BART_007.mammalGrid.mam","D01","BART","BART_007","E5","distributed","mixedForest",44.051112,-71.298377,"WGS84",45.2,382.7,0.4,"6 - trap set and empty","ShermanLF","2023-09-22","2023-09-22",,,,,,,,,,,,,,,,,,,,,,,,,,,,,,,,,,,,,,,,,,,,"0009-0003-6644-7278","0009-0009-1224-8349",,,"a3addbdc-d0a2-45e3-aa05-00f51ed5d468"
"3dd2de4a-5884-474c-b487-d82f4db6acb0","dc5a1722-aaf9-48f3-8d55-109840340a18","BART_007.mammalGrid.mam","D01","BART","BART_007","H10","distributed","mixedForest",44.051112,-71.298377,"WGS84",45.2,382.7,0.4,"6 - trap set and empty","ShermanLF","2023-09-22","2023-09-22",,,,,,,,,,,,,,,,,,,,,,,,,,,,,,,,,,,,,,,,,,,,"0009-0003-6644-7278","0009-0009-1224-8349",,,"fc1b54ab-ac39-4803-a054-d26b1acfe872"
"b8f670f7-d249-454f-8f0c-c06bec733c64","dc5a1722-aaf9-48f3-8d55-109840340a18","BART_007.mammalGrid.mam","D01","BART","BART_007","E2","distributed","mixedForest",44.051112,-71.298377,"WGS84",45.2,382.7,0.4,"3 - trap door open or closed w/ spoor left","ShermanLF","2023-09-22","2023-09-22",,,,,,,,,,,,,,,,,,,,,,,,,,,,,"did not check","dry ice",,,,,,,,,,,,,,"0009-0003-6644-7278","0009-0009-1224-8349",,,"048fecf8-a8d5-4e05-b109-5714d8dc9f39"
"7951d82c-b045-459b-ab8a-104975c1324b","7ecedb40-7268-4682-ad85-a91380186fb6","BART_084.mammalGrid.mam","D01","BART","BART_084","E5","distributed","evergreenForest",44.048501,-71.297965,"WGS84",45.2,416.1,0.2,"5 - capture","ShermanLF","2023-09-22","2023-09-22","NEON.MAM.D01.O084E520230922",,"PELEPEMA","Peromyscus leucopus/maniculatus","speciesGroup",,"NEON.DOC.001907",,,"N","F","Y","processed",,"adult",,"nonenlarged","not","neither",17,16,92,,22,"U","U","U",,"did not check","dry ice",,,,,,,,,,,,,,"0009-0004-7358-8332","0009-0000-8146-6897",,,"de2552e8-4b29-4a6d-9c73-c1b4e8d54013"
"6c7402aa-a62f-44dd-b066-529d580f143e","7ecedb40-7268-4682-ad85-a91380186fb6","BART_084.mammalGrid.mam","D01","BART","BART_084","H3","distributed","evergreenForest",44.048501,-71.297965,"WGS84",45.2,416.1,0.2,"6 - trap set and empty","ShermanLF","2023-09-22","2023-09-22",,,,,,,,,,,,,,,,,,,,,,,,,,,,,,,,,,,,,,,,,,,,"0009-0004-7358-8332","0009-0000-8146-6897",,,"1a7cce7c-0c00-4fbb-95ca-6c89518304b3"
"08a03bae-cff2-40ce-b10d-c5d3295b382d","7ecedb40-7268-4682-ad85-a91380186fb6","BART_084.mammalGrid.mam","D01","BART","BART_084","I5","distributed","evergreenForest",44.048501,-71.297965,"WGS84",45.2,416.1,0.2,"5 - capture","ShermanLF","2023-09-22","2023-09-22","NEON.MAM.D01.R5526",,"NAIN","Napaeozapus insignis","species",,"NEON.DOC.001907",,,"N","F","Y","processed",,"adult",,"enlarged","pregnant",,33,,,,28,"U","U","U",,"did not check","dry ice",,,,,,,,,,,,,,"0009-0004-7358-8332","0009-0000-8146-6897",,,"940f7485-a808-4217-bfcc-f4959d40a9e5"
"59c6d663-278c-4b56-86d9-cd7ac3f6c6f7","dc5a1722-aaf9-48f3-8d55-109840340a18","BART_007.mammalGrid.mam","D01","BART","BART_007","J6","distributed","mixedForest",44.051112,-71.298377,"WGS84",45.2,382.7,0.4,"6 - trap set and empty","ShermanLF","2023-09-22","2023-09-22",,,,,,,,,,,,,,,,,,,,,,,,,,,,,,,,,,,,,,,,,,,,"0009-0003-6644-7278","0009-0009-1224-8349",,,"2d41c461-f207-43ea-8905-7929c3018352"
"d110e7d6-7e26-465b-8f82-9086f68c0918","dc5a1722-aaf9-48f3-8d55-109840340a18","BART_007.mammalGrid.mam","D01","BART","BART_007","H7","distributed","mixedForest",44.051112,-71.298377,"WGS84",45.2,382.7,0.4,"6 - trap set and empty","ShermanLF","2023-09-22","2023-09-22",,,,,,,,,,,,,,,,,,,,,,,,,,,,,,,,,,,,,,,,,,,,"0009-0003-6644-7278","0009-0009-1224-8349",,,"e6618feb-dd54-42eb-97e1-6b7067f5a449"
"59b08682-93ee-427b-b1c7-581dd83e3670","7ecedb40-7268-4682-ad85-a91380186fb6","BART_084.mammalGrid.mam","D01","BART","BART_084","C2","distributed","evergreenForest",44.048501,-71.297965,"WGS84",45.2,416.1,0.2,"3 - trap door open or closed w/ spoor left","ShermanLF","2023-09-22","2023-09-22",,,,,,,,,,,,,,,,,,,,,,,,,,,,,"did not check","dry ice",,,,,,,,,,,,,,"0009-0004-7358-8332","0009-0000-8146-6897",,,"273087f7-dda1-45b4-a882-1904d48297d9"
"512dcb40-75f7-42b4-b24b-c0d8af240143","dc5a1722-aaf9-48f3-8d55-109840340a18","BART_007.mammalGrid.mam","D01","BART","BART_007","J8","distributed","mixedForest",44.051112,-71.298377,"WGS84",45.2,382.7,0.4,"6 - trap set and empty","ShermanLF","2023-09-22","2023-09-22",,,,,,,,,,,,,,,,,,,,,,,,,,,,,,,,,,,,,,,,,,,,"0009-0003-6644-7278","0009-0009-1224-8349",,,"0215a098-8b69-49e5-b8ea-f43dd169a3cb"
"64b85981-9909-4e70-8212-ecd665fa09e6","dc5a1722-aaf9-48f3-8d55-109840340a18","BART_007.mammalGrid.mam","D01","BART","BART_007","A7","distributed","mixedForest",44.051112,-71.298377,"WGS84",45.2,382.7,0.4,"6 - trap set and empty","ShermanLF","2023-09-22","2023-09-22",,,,,,,,,,,,,,,,,,,,,,,,,,,,,,,,,,,,,,,,,,,,"0009-0003-6644-7278","0009-0009-1224-8349",,,"64fc1373-9b69-4ccf-8118-71ae6cdfdaea"
"0ac3d429-d2b0-4c8a-b07a-8f9d7c89f73d","dc5a1722-aaf9-48f3-8d55-109840340a18","BART_007.mammalGrid.mam","D01","BART","BART_007","I2","distributed","mixedForest",44.051112,-71.298377,"WGS84",45.2,382.7,0.4,"6 - trap set and empty","ShermanLF","2023-09-22","2023-09-22",,,,,,,,,,,,,,,,,,,,,,,,,,,,,,,,,,,,,,,,,,,,"0009-0003-6644-7278","0009-0009-1224-8349",,,"23a413f6-af95-4285-9786-22eb9787f44c"
"e6a77b5b-e0a3-45da-ad7a-685f91065f01","dc5a1722-aaf9-48f3-8d55-109840340a18","BART_007.mammalGrid.mam","D01","BART","BART_007","A5","distributed","mixedForest",44.051112,-71.298377,"WGS84",45.2,382.7,0.4,"6 - trap set and empty","ShermanLF","2023-09-22","2023-09-22",,,,,,,,,,,,,,,,,,,,,,,,,,,,,,,,,,,,,,,,,,,,"0009-0003-6644-7278","0009-0009-1224-8349",,,"aa99f0f2-6074-4bef-847e-4706c2914c57"
"27d16d8f-d2a7-4c55-8023-202be82b1be8","dc5a1722-aaf9-48f3-8d55-109840340a18","BART_007.mammalGrid.mam","D01","BART","BART_007","E6","distributed","mixedForest",44.051112,-71.298377,"WGS84",45.2,382.7,0.4,"6 - trap set and empty","ShermanLF","2023-09-22","2023-09-22",,,,,,,,,,,,,,,,,,,,,,,,,,,,,,,,,,,,,,,,,,,,"0009-0003-6644-7278","0009-0009-1224-8349",,,"00f74937-9524-4150-a5c9-9bcee6911992"
"68478096-7bf2-4e56-a328-2eb22ddb0a56","7ecedb40-7268-4682-ad85-a91380186fb6","BART_084.mammalGrid.mam","D01","BART","BART_084","F9","distributed","evergreenForest",44.048501,-71.297965,"WGS84",45.2,416.1,0.2,"6 - trap set and empty","ShermanLF","2023-09-22","2023-09-22",,,,,,,,,,,,,,,,,,,,,,,,,,,,,,,,,,,,,,,,,,,,"0009-0004-7358-8332","0009-0000-8146-6897",,,"2be956d6-ec8c-4862-b6f2-e51ba072f347"
"c2e071dd-1850-4149-bb92-1822ed31cf0e","dc5a1722-aaf9-48f3-8d55-109840340a18","BART_007.mammalGrid.mam","D01","BART","BART_007","A2","distributed","mixedForest",44.051112,-71.298377,"WGS84",45.2,382.7,0.4,"6 - trap set and empty","ShermanLF","2023-09-22","2023-09-22",,,,,,,,,,,,,,,,,,,,,,,,,,,,,,,,,,,,,,,,,,,,"0009-0003-6644-7278","0009-0009-1224-8349",,,"d4c46d31-06d6-4db3-a74e-dd514daec1ca"
"b90cf6bc-3d6f-4fc8-a0b8-6831ed488e00","dc5a1722-aaf9-48f3-8d55-109840340a18","BART_007.mammalGrid.mam","D01","BART","BART_007","C6","distributed","mixedForest",44.051112,-71.298377,"WGS84",45.2,382.7,0.4,"6 - trap set and empty","ShermanLF","2023-09-22","2023-09-22",,,,,,,,,,,,,,,,,,,,,,,,,,,,,,,,,,,,,,,,,,,,"0009-0003-6644-7278","0009-0009-1224-8349",,,"523d106c-6d7a-49f0-9eb5-9811f5da4759"
"f22b69c0-5b02-41c6-aad0-546f4fc063cd","dc5a1722-aaf9-48f3-8d55-109840340a18","BART_007.mammalGrid.mam","D01","BART","BART_007","A1","distributed","mixedForest",44.051112,-71.298377,"WGS84",45.2,382.7,0.4,"6 - trap set and empty","ShermanLF","2023-09-22","2023-09-22",,,,,,,,,,,,,,,,,,,,,,,,,,,,,,,,,,,,,,,,,,,,"0009-0003-6644-7278","0009-0009-1224-8349",,,"a6027c1c-614b-4fdf-9614-a07a07201c2e"
"e24d0cf7-09b4-49cb-88b0-2b67c0064b43","dc5a1722-aaf9-48f3-8d55-109840340a18","BART_007.mammalGrid.mam","D01","BART","BART_007","E1","distributed","mixedForest",44.051112,-71.298377,"WGS84",45.2,382.7,0.4,"6 - trap set and empty","ShermanLF","2023-09-22","2023-09-22",,,,,,,,,,,,,,,,,,,,,,,,,,,,,,,,,,,,,,,,,,,,"0009-0003-6644-7278","0009-0009-1224-8349",,,"f53231ab-07af-4419-9f64-e89b90762bea"
"16c1cc5b-0fd3-494f-9d49-77cb481d37a7","7ecedb40-7268-4682-ad85-a91380186fb6","BART_084.mammalGrid.mam","D01","BART","BART_084","F1","distributed","evergreenForest",44.048501,-71.297965,"WGS84",45.2,416.1,0.2,"6 - trap set and empty","ShermanLF","2023-09-22","2023-09-22",,,,,,,,,,,,,,,,,,,,,,,,,,,,,,,,,,,,,,,,,,,,"0009-0004-7358-8332","0009-0000-8146-6897",,,"8a8598c4-e55c-45a8-b073-929d483e2a21"
"0eadf311-9830-4873-b246-8f3f369bf04f","7ecedb40-7268-4682-ad85-a91380186fb6","BART_084.mammalGrid.mam","D01","BART","BART_084","E10","distributed","evergreenForest",44.048501,-71.297965,"WGS84",45.2,416.1,0.2,"5 - capture","ShermanLF","2023-09-22","2023-09-22","NEON.MAM.D01.L6357",,"NAIN","Napaeozapus insignis","species",,"NEON.DOC.001907",,,"N","M","N","processed",,"adult","scrotal",,,,34,,,,23,"U","U","U",,"did not check","dry ice",,,,,,,,,,,,,,"0009-0004-7358-8332","0009-0000-8146-6897",,,"42fdce1d-9a19-4719-b720-eaf3c052e097"
"cd5d0cdc-7ae7-44ab-ae9d-8385de4c28dc","7ecedb40-7268-4682-ad85-a91380186fb6","BART_084.mammalGrid.mam","D01","BART","BART_084","E1","distributed","evergreenForest",44.048501,-71.297965,"WGS84",45.2,416.1,0.2,"2 - trap disturbed/door closed but empty","ShermanLF","2023-09-22","2023-09-22",,,,,,,,,,,,,,,,,,,,,,,,,,,,,"did not check","dry ice",,,,,,,,,,,,,,"0009-0004-7358-8332","0009-0000-8146-6897",,,"43e68298-d14b-47bb-8b2e-f7567b7d4da8"
"68ca32e5-4352-4343-ae28-d08db6c74618","7ecedb40-7268-4682-ad85-a91380186fb6","BART_084.mammalGrid.mam","D01","BART","BART_084","C6","distributed","evergreenForest",44.048501,-71.297965,"WGS84",45.2,416.1,0.2,"6 - trap set and empty","ShermanLF","2023-09-22","2023-09-22",,,,,,,,,,,,,,,,,,,,,,,,,,,,,,,,,,,,,,,,,,,,"0009-0004-7358-8332","0009-0000-8146-6897",,,"6ba8891c-f3c8-49b3-931b-8ebff532d745"
"1bd5f0b9-aaf4-4f5e-8386-0a734121979d","7ecedb40-7268-4682-ad85-a91380186fb6","BART_084.mammalGrid.mam","D01","BART","BART_084","A2","distributed","evergreenForest",44.048501,-71.297965,"WGS84",45.2,416.1,0.2,"6 - trap set and empty","ShermanLF","2023-09-22","2023-09-22",,,,,,,,,,,,,,,,,,,,,,,,,,,,,,,,,,,,,,,,,,,,"0009-0004-7358-8332","0009-0000-8146-6897",,,"9aa5d23c-ab6b-4ee1-9e2a-3e82878ed4a3"
"4448dd68-9406-41df-9050-db8ed97215e6","dc5a1722-aaf9-48f3-8d55-109840340a18","BART_007.mammalGrid.mam","D01","BART","BART_007","H4","distributed","mixedForest",44.051112,-71.298377,"WGS84",45.2,382.7,0.4,"6 - trap set and empty","ShermanLF","2023-09-22","2023-09-22",,,,,,,,,,,,,,,,,,,,,,,,,,,,,,,,,,,,,,,,,,,,"0009-0003-6644-7278","0009-0009-1224-8349",,,"b6fd1022-a5ba-418f-a37a-dd04ee3f94c8"
"3146fd0b-a294-4f5f-bacb-37b33906830c","7ecedb40-7268-4682-ad85-a91380186fb6","BART_084.mammalGrid.mam","D01","BART","BART_084","A1","distributed","evergreenForest",44.048501,-71.297965,"WGS84",45.2,416.1,0.2,"3 - trap door open or closed w/ spoor left","ShermanLF","2023-09-22","2023-09-22",,,,,,,,,,,,,,,,,,,,,,,,,,,,,"did not check","dry ice",,,,,,,,,,,,,,"0009-0004-7358-8332","0009-0000-8146-6897",,,"a306ce67-f7fb-415e-a426-6f1862203137"
"2f0ed913-c8b4-4fb1-ac32-0a703da3a4db","7ecedb40-7268-4682-ad85-a91380186fb6","BART_084.mammalGrid.mam","D01","BART","BART_084","F8","distributed","evergreenForest",44.048501,-71.297965,"WGS84",45.2,416.1,0.2,"6 - trap set and empty","ShermanLF","2023-09-22","2023-09-22",,,,,,,,,,,,,,,,,,,,,,,,,,,,,,,,,,,,,,,,,,,,"0009-0004-7358-8332","0009-0000-8146-6897",,,"f29fd994-ff0b-4d4b-a767-363d86aff749"
"0cae564f-5a19-4bf5-af5b-4594c65489dc","dc5a1722-aaf9-48f3-8d55-109840340a18","BART_007.mammalGrid.mam","D01","BART","BART_007","J5","distributed","mixedForest",44.051112,-71.298377,"WGS84",45.2,382.7,0.4,"6 - trap set and empty","ShermanLF","2023-09-22","2023-09-22",,,,,,,,,,,,,,,,,,,,,,,,,,,,,,,,,,,,,,,,,,,,"0009-0003-6644-7278","0009-0009-1224-8349",,,"2fd6b4ba-7927-4e6c-80d6-cd1f2935e3c0"
"1086177b-936a-42ed-9253-325c9a3e2445","7ecedb40-7268-4682-ad85-a91380186fb6","BART_084.mammalGrid.mam","D01","BART","BART_084","B4","distributed","evergreenForest",44.048501,-71.297965,"WGS84",45.2,416.1,0.2,"6 - trap set and empty","ShermanLF","2023-09-22","2023-09-22",,,,,,,,,,,,,,,,,,,,,,,,,,,,,,,,,,,,,,,,,,,,"0009-0004-7358-8332","0009-0000-8146-6897",,,"4fa0384b-8e6d-4dd8-a4d9-31feafebc1ba"
"5b961b75-14ae-4d9e-ae86-ac6ce97ccade","dc5a1722-aaf9-48f3-8d55-109840340a18","BART_007.mammalGrid.mam","D01","BART","BART_007","B2","distributed","mixedForest",44.051112,-71.298377,"WGS84",45.2,382.7,0.4,"6 - trap set and empty","ShermanLF","2023-09-22","2023-09-22",,,,,,,,,,,,,,,,,,,,,,,,,,,,,,,,,,,,,,,,,,,,"0009-0003-6644-7278","0009-0009-1224-8349",,,"12f06a0e-9641-42c7-9d9a-3f1f3b2acca6"
"add61b5b-d000-48a0-b0f2-8e0a2f785b65","7ecedb40-7268-4682-ad85-a91380186fb6","BART_084.mammalGrid.mam","D01","BART","BART_084","B2","distributed","evergreenForest",44.048501,-71.297965,"WGS84",45.2,416.1,0.2,"6 - trap set and empty","ShermanLF","2023-09-22","2023-09-22",,,,,,,,,,,,,,,,,,,,,,,,,,,,,,,,,,,,,,,,,,,,"0009-0004-7358-8332","0009-0000-8146-6897",,,"df199db9-dff6-4d74-9062-212aff24a505"
"7a0e3fd5-b7db-4bff-81b7-4cf1a8c8807a","7ecedb40-7268-4682-ad85-a91380186fb6","BART_084.mammalGrid.mam","D01","BART","BART_084","H4","distributed","evergreenForest",44.048501,-71.297965,"WGS84",45.2,416.1,0.2,"6 - trap set and empty","ShermanLF","2023-09-22","2023-09-22",,,,,,,,,,,,,,,,,,,,,,,,,,,,,,,,,,,,,,,,,,,,"0009-0004-7358-8332","0009-0000-8146-6897",,,"27265607-848b-4614-bf9e-7f79ceef9190"
"2b8c16af-9336-4d1e-b934-843f8d3b5afb","dc5a1722-aaf9-48f3-8d55-109840340a18","BART_007.mammalGrid.mam","D01","BART","BART_007","H6","distributed","mixedForest",44.051112,-71.298377,"WGS84",45.2,382.7,0.4,"6 - trap set and empty","ShermanLF","2023-09-22","2023-09-22",,,,,,,,,,,,,,,,,,,,,,,,,,,,,,,,,,,,,,,,,,,,"0009-0003-6644-7278","0009-0009-1224-8349",,,"abfa85a8-7eb7-47d9-9206-811eb4864e12"
"b1d647ff-e70f-4d4e-98ef-3f299d3f521d","dc5a1722-aaf9-48f3-8d55-109840340a18","BART_007.mammalGrid.mam","D01","BART","BART_007","G7","distributed","mixedForest",44.051112,-71.298377,"WGS84",45.2,382.7,0.4,"6 - trap set and empty","ShermanLF","2023-09-22","2023-09-22",,,,,,,,,,,,,,,,,,,,,,,,,,,,,,,,,,,,,,,,,,,,"0009-0003-6644-7278","0009-0009-1224-8349",,,"611c6c9e-d70e-47bd-848f-509f05fdfb85"
"9e1af3a0-c0ba-485a-8a50-fcd0fac76128","7ecedb40-7268-4682-ad85-a91380186fb6","BART_084.mammalGrid.mam","D01","BART","BART_084","G10","distributed","evergreenForest",44.048501,-71.297965,"WGS84",45.2,416.1,0.2,"5 - capture","ShermanLF","2023-09-22","2023-09-22","NEON.MAM.D01.O084G1020230922",,"SOCI","Sorex cinereus","species",,"NEON.DOC.001907",,,"N","U","U","not processed",,"unknown",,,,,,,,,,"U","U","U",,"did not check","dry ice",,,,,,,,,,,,,,"0009-0004-7358-8332","0009-0000-8146-6897",,,"57856178-56c4-4577-8e8f-6b910ff2592f"
"86f7b7fd-52ed-4ee2-a1c4-81f50203420f","7ecedb40-7268-4682-ad85-a91380186fb6","BART_084.mammalGrid.mam","D01","BART","BART_084","C4","distributed","evergreenForest",44.048501,-71.297965,"WGS84",45.2,416.1,0.2,"5 - capture","ShermanLF","2023-09-22","2023-09-22","NEON.MAM.D01.O084C420230922",,"MYGA","Myodes gapperi","species",,"NEON.DOC.001907",,,"N","F","N","processed",,"subadult",,"nonenlarged","not","neither",14,,,,13,"U","U","U",,"did not check","dry ice",,,,,,,,,,,,,,"0009-0004-7358-8332","0009-0000-8146-6897",,,"2642dc07-a14f-4729-ae75-0ccc8143d7af"
"37290855-e325-445c-a0d0-01a15e13bb7e","dc5a1722-aaf9-48f3-8d55-109840340a18","BART_007.mammalGrid.mam","D01","BART","BART_007","D2","distributed","mixedForest",44.051112,-71.298377,"WGS84",45.2,382.7,0.4,"6 - trap set and empty","ShermanLF","2023-09-22","2023-09-22",,,,,,,,,,,,,,,,,,,,,,,,,,,,,,,,,,,,,,,,,,,,"0009-0003-6644-7278","0009-0009-1224-8349",,,"e32b2780-f189-42c7-9f72-be99811de49c"
"c0d64d36-64d0-4970-8bfe-9e9a0f93c645","dc5a1722-aaf9-48f3-8d55-109840340a18","BART_007.mammalGrid.mam","D01","BART","BART_007","C4","distributed","mixedForest",44.051112,-71.298377,"WGS84",45.2,382.7,0.4,"6 - trap set and empty","ShermanLF","2023-09-22","2023-09-22",,,,,,,,,,,,,,,,,,,,,,,,,,,,,,,,,,,,,,,,,,,,"0009-0003-6644-7278","0009-0009-1224-8349",,,"00c8c570-197f-4351-83fd-f794fe9529bd"
"72112a14-878e-4112-9d48-f4ea0b24e3ee","dc5a1722-aaf9-48f3-8d55-109840340a18","BART_007.mammalGrid.mam","D01","BART","BART_007","I4","distributed","mixedForest",44.051112,-71.298377,"WGS84",45.2,382.7,0.4,"6 - trap set and empty","ShermanLF","2023-09-22","2023-09-22",,,,,,,,,,,,,,,,,,,,,,,,,,,,,,,,,,,,,,,,,,,,"0009-0003-6644-7278","0009-0009-1224-8349",,,"4b91b6e3-7598-47ff-8b52-f824f19b7232"
"f1eed16e-d6db-4b4c-955b-ae58ca9d19dd","7ecedb40-7268-4682-ad85-a91380186fb6","BART_084.mammalGrid.mam","D01","BART","BART_084","G4","distributed","evergreenForest",44.048501,-71.297965,"WGS84",45.2,416.1,0.2,"6 - trap set and empty","ShermanLF","2023-09-22","2023-09-22",,,,,,,,,,,,,,,,,,,,,,,,,,,,,,,,,,,,,,,,,,,,"0009-0004-7358-8332","0009-0000-8146-6897",,,"1318185b-2ee3-4cee-ae0b-2e138294a036"
"71ff2479-bb7c-4e0a-a41c-e35e8f978517","dc5a1722-aaf9-48f3-8d55-109840340a18","BART_007.mammalGrid.mam","D01","BART","BART_007","G4","distributed","mixedForest",44.051112,-71.298377,"WGS84",45.2,382.7,0.4,"6 - trap set and empty","ShermanLF","2023-09-22","2023-09-22",,,,,,,,,,,,,,,,,,,,,,,,,,,,,,,,,,,,,,,,,,,,"0009-0003-6644-7278","0009-0009-1224-8349",,,"390a9e91-8694-482b-92d7-ceb6c355c66c"
"79757fd2-51e4-4163-b259-5d97a64eca22","dc5a1722-aaf9-48f3-8d55-109840340a18","BART_007.mammalGrid.mam","D01","BART","BART_007","I7","distributed","mixedForest",44.051112,-71.298377,"WGS84",45.2,382.7,0.4,"6 - trap set and empty","ShermanLF","2023-09-22","2023-09-22",,,,,,,,,,,,,,,,,,,,,,,,,,,,,,,,,,,,,,,,,,,,"0009-0003-6644-7278","0009-0009-1224-8349",,,"03d2aba6-a1e6-4800-8d08-66ddd5cda461"
"606ff831-7666-486f-84f6-cede094c317d","7ecedb40-7268-4682-ad85-a91380186fb6","BART_084.mammalGrid.mam","D01","BART","BART_084","A4","distributed","evergreenForest",44.048501,-71.297965,"WGS84",45.2,416.1,0.2,"6 - trap set and empty","ShermanLF","2023-09-22","2023-09-22",,,,,,,,,,,,,,,,,,,,,,,,,,,,,,,,,,,,,,,,,,,,"0009-0004-7358-8332","0009-0000-8146-6897",,,"81d35ebe-2b5e-4aeb-bb94-7954cdbd8c43"
"bae2528d-c7f5-4f79-85e2-26e170dc3b53","dc5a1722-aaf9-48f3-8d55-109840340a18","BART_007.mammalGrid.mam","D01","BART","BART_007","C1","distributed","mixedForest",44.051112,-71.298377,"WGS84",45.2,382.7,0.4,"6 - trap set and empty","ShermanLF","2023-09-22","2023-09-22",,,,,,,,,,,,,,,,,,,,,,,,,,,,,,,,,,,,,,,,,,,,"0009-0003-6644-7278","0009-0009-1224-8349",,,"66e3ceb7-bb15-4cd9-b06b-57a7c6449be8"
"835ffea3-68a0-4f60-8694-441fd94a7fa0","7ecedb40-7268-4682-ad85-a91380186fb6","BART_084.mammalGrid.mam","D01","BART","BART_084","A3","distributed","evergreenForest",44.048501,-71.297965,"WGS84",45.2,416.1,0.2,"5 - capture","ShermanLF","2023-09-22","2023-09-22","NEON.MAM.D01.L6339",,"PELEPEMA","Peromyscus leucopus/maniculatus","speciesGroup",,"NEON.DOC.001907",,,"N","F","Y","processed",,"adult",,"nonenlarged","not","neither",17,14,81,,17,"U","U","U",,"did not check","dry ice",,,,,,,,,,,,,,"0009-0004-7358-8332","0009-0000-8146-6897",,,"5a0419d9-737d-4862-803c-f97af46f7932"
"2f6f7d0b-9f07-4048-856a-354aba5311b5","7ecedb40-7268-4682-ad85-a91380186fb6","BART_084.mammalGrid.mam","D01","BART","BART_084","C9","distributed","evergreenForest",44.048501,-71.297965,"WGS84",45.2,416.1,0.2,"6 - trap set and empty","ShermanLF","2023-09-22","2023-09-22",,,,,,,,,,,,,,,,,,,,,,,,,,,,,,,,,,,,,,,,,,,,"0009-0004-7358-8332","0009-0000-8146-6897",,,"66bc9822-5e4f-4b8f-8279-69540f0bf9f4"
"58289a3a-2723-405a-b853-a411b80f7930","7ecedb40-7268-4682-ad85-a91380186fb6","BART_084.mammalGrid.mam","D01","BART","BART_084","G2","distributed","evergreenForest",44.048501,-71.297965,"WGS84",45.2,416.1,0.2,"6 - trap set and empty","ShermanLF","2023-09-22","2023-09-22",,,,,,,,,,,,,,,,,,,,,,,,,,,,,,,,,,,,,,,,,,,,"0009-0004-7358-8332","0009-0000-8146-6897",,,"ab421984-86c3-4423-b600-96ac5bceec68"
"05c22e61-257f-4621-8196-55c72bd1e4b9","7ecedb40-7268-4682-ad85-a91380186fb6","BART_084.mammalGrid.mam","D01","BART","BART_084","E8","distributed","evergreenForest",44.048501,-71.297965,"WGS84",45.2,416.1,0.2,"6 - trap set and empty","ShermanLF","2023-09-22","2023-09-22",,,,,,,,,,,,,,,,,,,,,,,,,,,,,,,,,,,,,,,,,,,,"0009-0004-7358-8332","0009-0000-8146-6897",,,"f8d3a838-0096-4b6d-9546-0e8de01b22a1"
"007d4602-fc9c-45d8-a60f-e30e2abb8d24","7ecedb40-7268-4682-ad85-a91380186fb6","BART_084.mammalGrid.mam","D01","BART","BART_084","G9","distributed","evergreenForest",44.048501,-71.297965,"WGS84",45.2,416.1,0.2,"3 - trap door open or closed w/ spoor left","ShermanLF","2023-09-22","2023-09-22",,,,,,,,,,,,,,,,,,,,,,,,,,,,,"did not check","dry ice",,,,,,,,,,,,,,"0009-0004-7358-8332","0009-0000-8146-6897",,,"af926e17-a2a5-48b9-8640-6e2ecbcbaa31"
"d5ddba67-79cc-4e48-84dc-9f77fde84c7d","7ecedb40-7268-4682-ad85-a91380186fb6","BART_084.mammalGrid.mam","D01","BART","BART_084","A6","distributed","evergreenForest",44.048501,-71.297965,"WGS84",45.2,416.1,0.2,"6 - trap set and empty","ShermanLF","2023-09-22","2023-09-22",,,,,,,,,,,,,,,,,,,,,,,,,,,,,,,,,,,,,,,,,,,,"0009-0004-7358-8332","0009-0000-8146-6897",,,"c058f198-a228-4849-a845-0ec2d921954a"
"13d182b9-6fe6-4926-b311-96a37ee647f5","7ecedb40-7268-4682-ad85-a91380186fb6","BART_084.mammalGrid.mam","D01","BART","BART_084","I4","distributed","evergreenForest",44.048501,-71.297965,"WGS84",45.2,416.1,0.2,"6 - trap set and empty","ShermanLF","2023-09-22","2023-09-22",,,,,,,,,,,,,,,,,,,,,,,,,,,,,,,,,,,,,,,,,,,,"0009-0004-7358-8332","0009-0000-8146-6897",,,"51ed2921-6ea3-4803-8356-71b0598eaed1"
"288a69ec-26a2-49f5-9319-8c46c2952c6c","dc5a1722-aaf9-48f3-8d55-109840340a18","BART_007.mammalGrid.mam","D01","BART","BART_007","E3","distributed","mixedForest",44.051112,-71.298377,"WGS84",45.2,382.7,0.4,"6 - trap set and empty","ShermanLF","2023-09-22","2023-09-22",,,,,,,,,,,,,,,,,,,,,,,,,,,,,,,,,,,,,,,,,,,,"0009-0003-6644-7278","0009-0009-1224-8349",,,"fc67dc6a-8a5e-4f05-bb4a-1c6867fdb715"
"faa86603-5dc0-4973-bf24-e4fdca42d5ce","7ecedb40-7268-4682-ad85-a91380186fb6","BART_084.mammalGrid.mam","D01","BART","BART_084","B6","distributed","evergreenForest",44.048501,-71.297965,"WGS84",45.2,416.1,0.2,"6 - trap set and empty","ShermanLF","2023-09-22","2023-09-22",,,,,,,,,,,,,,,,,,,,,,,,,,,,,,,,,,,,,,,,,,,,"0009-0004-7358-8332","0009-0000-8146-6897",,,"271b447e-1eda-4f61-aa28-d398eb20d2ca"
"02230ac0-e5b8-4a32-8dec-40499e09e340","7ecedb40-7268-4682-ad85-a91380186fb6","BART_084.mammalGrid.mam","D01","BART","BART_084","E4","distributed","evergreenForest",44.048501,-71.297965,"WGS84",45.2,416.1,0.2,"5 - capture","ShermanLF","2023-09-22","2023-09-22","NEON.MAM.D01.L6358",,"MYGA","Myodes gapperi","species",,"NEON.DOC.001907",,,"N","M","N","processed",,"subadult","nonscrotal",,,,20,,,,14,"U","U","U",,"did not check","dry ice",,,,,,,,,,,,,,"0009-0004-7358-8332","0009-0000-8146-6897",,,"3992e648-92a2-48f3-bfa8-d73ce818c356"
"2df7b115-b7f0-4ed8-8529-aac1ccf6ce29","7ecedb40-7268-4682-ad85-a91380186fb6","BART_084.mammalGrid.mam","D01","BART","BART_084","A9","distributed","evergreenForest",44.048501,-71.297965,"WGS84",45.2,416.1,0.2,"2 - trap disturbed/door closed but empty","ShermanLF","2023-09-22","2023-09-22",,,,,,,,,,,,,,,,,,,,,,,,,,,,,"did not check","dry ice",,,,,,,,,,,,,,"0009-0004-7358-8332","0009-0000-8146-6897",,,"f59cf48a-5c7f-4548-baf1-366612266d27"
"de0a5fe4-e8a0-478f-b559-8c8d3a831d06","dc5a1722-aaf9-48f3-8d55-109840340a18","BART_007.mammalGrid.mam","D01","BART","BART_007","A4","distributed","mixedForest",44.051112,-71.298377,"WGS84",45.2,382.7,0.4,"3 - trap door open or closed w/ spoor left","ShermanLF","2023-09-22","2023-09-22",,,,,,,,,,,,,,,,,,,,,,,,,,,,,"did not check","dry ice",,,,,,,,,,,,,,"0009-0003-6644-7278","0009-0009-1224-8349",,,"fa769b91-9ad6-41a8-b93f-395a8aafebe9"
"45b1ac1a-3f69-4981-a547-0c835e9cba11","7ecedb40-7268-4682-ad85-a91380186fb6","BART_084.mammalGrid.mam","D01","BART","BART_084","I2","distributed","evergreenForest",44.048501,-71.297965,"WGS84",45.2,416.1,0.2,"6 - trap set and empty","ShermanLF","2023-09-22","2023-09-22",,,,,,,,,,,,,,,,,,,,,,,,,,,,,"did not check","dry ice",,,,,,,,,,,,,,"0009-0004-7358-8332","0009-0000-8146-6897",,,"0608075c-94eb-4054-9cff-11ab42ea774d"
"2e5c6638-9357-4374-955b-b602d5077638","7ecedb40-7268-4682-ad85-a91380186fb6","BART_084.mammalGrid.mam","D01","BART","BART_084","J2","distributed","evergreenForest",44.048501,-71.297965,"WGS84",45.2,416.1,0.2,"5 - capture","ShermanLF","2023-09-22","2023-09-22","NEON.MAM.D01.L6342",,"PEMA","Peromyscus maniculatus","species","cf. species","NEON.DOC.001907",,,"N","F","Y","processed",,"adult",,"enlarged","unknown","neither",24,15,97,,21,"U","U","U",,"did not check","dry ice",,,,,,,,,,,,,,"0009-0004-7358-8332","0009-0000-8146-6897",,,"72a7a461-0bce-4c32-8975-cc93d41961ce"
"8652eab0-4fc9-48ca-8530-8d6d4a47ffd1","7ecedb40-7268-4682-ad85-a91380186fb6","BART_084.mammalGrid.mam","D01","BART","BART_084","C7","distributed","evergreenForest",44.048501,-71.297965,"WGS84",45.2,416.1,0.2,"6 - trap set and empty","ShermanLF","2023-09-22","2023-09-22",,,,,,,,,,,,,,,,,,,,,,,,,,,,,,,,,,,,,,,,,,,,"0009-0004-7358-8332","0009-0000-8146-6897",,,"86c34db3-abee-4ce0-8594-77516c79742a"
"056881bc-11eb-429e-bfb0-d990556d02e6","7ecedb40-7268-4682-ad85-a91380186fb6","BART_084.mammalGrid.mam","D01","BART","BART_084","J4","distributed","evergreenForest",44.048501,-71.297965,"WGS84",45.2,416.1,0.2,"3 - trap door open or closed w/ spoor left","ShermanLF","2023-09-22","2023-09-22",,,,,,,,,,,,,,,,,,,,,,,,,,,,,"did not check","dry ice",,,,,,,,,,,,,,"0009-0004-7358-8332","0009-0000-8146-6897",,,"e6ea4e34-a31d-4d06-a0bd-a659314936f8"
"a9bfa198-8c7f-4f5d-8ee2-8d09268981e9","7ecedb40-7268-4682-ad85-a91380186fb6","BART_084.mammalGrid.mam","D01","BART","BART_084","E7","distributed","evergreenForest",44.048501,-71.297965,"WGS84",45.2,416.1,0.2,"6 - trap set and empty","ShermanLF","2023-09-22","2023-09-22",,,,,,,,,,,,,,,,,,,,,,,,,,,,,,,,,,,,,,,,,,,,"0009-0004-7358-8332","0009-0000-8146-6897",,,"011261a0-4367-4356-9628-4be64fca9ec9"
"4c963930-7e4f-42fb-b807-b6ec355c58bb","7ecedb40-7268-4682-ad85-a91380186fb6","BART_084.mammalGrid.mam","D01","BART","BART_084","D3","distributed","evergreenForest",44.048501,-71.297965,"WGS84",45.2,416.1,0.2,"6 - trap set and empty","ShermanLF","2023-09-22","2023-09-22",,,,,,,,,,,,,,,,,,,,,,,,,,,,,,,,,,,,,,,,,,,,"0009-0004-7358-8332","0009-0000-8146-6897",,,"117ded49-ff71-47f7-9668-05333408bc15"
"ffb0edad-f4b4-4d74-adfd-e7ff24a7695e","dc5a1722-aaf9-48f3-8d55-109840340a18","BART_007.mammalGrid.mam","D01","BART","BART_007","I5","distributed","mixedForest",44.051112,-71.298377,"WGS84",45.2,382.7,0.4,"5 - capture","ShermanLF","2023-09-22","2023-09-22","NEON.MAM.D01.R9053",,"PELEPEMA","Peromyscus leucopus/maniculatus","speciesGroup",,"NEON.DOC.001907",,,"N","F","N","processed",,"adult",,"nonenlarged","pregnant","neither",19,17,87,,24,"N","N","N",,"none","dry ice",,,,,,,,,,,,,,"0009-0003-6644-7278","0009-0009-1224-8349",,,"8f64334a-40c8-4f61-8e8e-edc8025a43bf"
"c094cd16-7b60-4e46-8ce6-41aea1e140a1","dc5a1722-aaf9-48f3-8d55-109840340a18","BART_007.mammalGrid.mam","D01","BART","BART_007","F8","distributed","mixedForest",44.051112,-71.298377,"WGS84",45.2,382.7,0.4,"6 - trap set and empty","ShermanLF","2023-09-22","2023-09-22",,,,,,,,,,,,,,,,,,,,,,,,,,,,,,,,,,,,,,,,,,,,"0009-0003-6644-7278","0009-0009-1224-8349",,,"5ec772ab-1651-40f0-988a-67ad15937373"
"5f1007dd-6ee5-4985-8f11-b04ba9802006","7ecedb40-7268-4682-ad85-a91380186fb6","BART_084.mammalGrid.mam","D01","BART","BART_084","G3","distributed","evergreenForest",44.048501,-71.297965,"WGS84",45.2,416.1,0.2,"6 - trap set and empty","ShermanLF","2023-09-22","2023-09-22",,,,,,,,,,,,,,,,,,,,,,,,,,,,,,,,,,,,,,,,,,,,"0009-0004-7358-8332","0009-0000-8146-6897",,,"dca0ee97-f4cc-46f5-9c71-bebf01cc472e"
"618a2129-1178-4aea-a815-d4b2451d6ad9","7ecedb40-7268-4682-ad85-a91380186fb6","BART_084.mammalGrid.mam","D01","BART","BART_084","G7","distributed","evergreenForest",44.048501,-71.297965,"WGS84",45.2,416.1,0.2,"5 - capture","ShermanLF","2023-09-22","2023-09-22","NEON.MAM.D01.L6359",,"MYGA","Myodes gapperi","species",,"NEON.DOC.001907",,,"N","M","N","processed",,"adult","scrotal",,,,19,,,,21,"U","U","U",,"did not check","dry ice",,,,,,,,,,,,,,"0009-0004-7358-8332","0009-0000-8146-6897",,,"c38b01b7-a88c-4bd0-800b-64b4ed6c1ff4"
"2dddf0c7-0d6a-4867-ba2a-a49a185a8a0c","7ecedb40-7268-4682-ad85-a91380186fb6","BART_084.mammalGrid.mam","D01","BART","BART_084","A5","distributed","evergreenForest",44.048501,-71.297965,"WGS84",45.2,416.1,0.2,"6 - trap set and empty","ShermanLF","2023-09-22","2023-09-22",,,,,,,,,,,,,,,,,,,,,,,,,,,,,,,,,,,,,,,,,,,,"0009-0004-7358-8332","0009-0000-8146-6897",,,"70ef80b9-981e-46d2-a3f8-51d92cae4a2c"
"2cc767a2-0ee8-4c33-abff-d8436c3ec636","7ecedb40-7268-4682-ad85-a91380186fb6","BART_084.mammalGrid.mam","D01","BART","BART_084","H10","distributed","evergreenForest",44.048501,-71.297965,"WGS84",45.2,416.1,0.2,"6 - trap set and empty","ShermanLF","2023-09-22","2023-09-22",,,,,,,,,,,,,,,,,,,,,,,,,,,,,"did not check","dry ice",,,,,,,,,,,,,,"0009-0004-7358-8332","0009-0000-8146-6897",,,"45146862-f29a-4d21-ab21-b8d808164290"
"6385fd24-adcb-46e6-b71c-c1cef6b55c3e","dc5a1722-aaf9-48f3-8d55-109840340a18","BART_007.mammalGrid.mam","D01","BART","BART_007","B9","distributed","mixedForest",44.051112,-71.298377,"WGS84",45.2,382.7,0.4,"6 - trap set and empty","ShermanLF","2023-09-22","2023-09-22",,,,,,,,,,,,,,,,,,,,,,,,,,,,,,,,,,,,,,,,,,,,"0009-0003-6644-7278","0009-0009-1224-8349",,,"a7b00540-14d4-4e0c-a57a-dacd63fcddbf"
"ae4bf399-14e6-4b68-a359-70b742c7659d","dc5a1722-aaf9-48f3-8d55-109840340a18","BART_007.mammalGrid.mam","D01","BART","BART_007","B3","distributed","mixedForest",44.051112,-71.298377,"WGS84",45.2,382.7,0.4,"6 - trap set and empty","ShermanLF","2023-09-22","2023-09-22",,,,,,,,,,,,,,,,,,,,,,,,,,,,,,,,,,,,,,,,,,,,"0009-0003-6644-7278","0009-0009-1224-8349",,,"c86ddbda-04fc-49e6-beff-2bbdfda01c2e"
"37529c78-21ee-4a1a-82f2-8ac8ab3ac00d","dc5a1722-aaf9-48f3-8d55-109840340a18","BART_007.mammalGrid.mam","D01","BART","BART_007","J9","distributed","mixedForest",44.051112,-71.298377,"WGS84",45.2,382.7,0.4,"6 - trap set and empty","ShermanLF","2023-09-22","2023-09-22",,,,,,,,,,,,,,,,,,,,,,,,,,,,,,,,,,,,,,,,,,,,"0009-0003-6644-7278","0009-0009-1224-8349",,,"b4381344-a016-4c0b-9580-2086c11212d0"
"662c51b2-56b9-45ef-9b95-2a8a8d9a55a5","7ecedb40-7268-4682-ad85-a91380186fb6","BART_084.mammalGrid.mam","D01","BART","BART_084","J1","distributed","evergreenForest",44.048501,-71.297965,"WGS84",45.2,416.1,0.2,"6 - trap set and empty","ShermanLF","2023-09-22","2023-09-22",,,,,,,,,,,,,,,,,,,,,,,,,,,,,,,,,,,,,,,,,,,,"0009-0004-7358-8332","0009-0000-8146-6897",,,"a1865325-15b5-4ee8-b470-54694e588d02"
"56fb9d1c-4912-4578-8fee-65b63168813d","7ecedb40-7268-4682-ad85-a91380186fb6","BART_084.mammalGrid.mam","D01","BART","BART_084","D1","distributed","evergreenForest",44.048501,-71.297965,"WGS84",45.2,416.1,0.2,"5 - capture","ShermanLF","2023-09-22","2023-09-22","NEON.MAM.D01.L6367",,"PELEPEMA","Peromyscus leucopus/maniculatus","speciesGroup",,"NEON.DOC.001907",,,"N","F","Y","processed","R8154","adult",,"enlarged","unknown","not plugged",17,15,83,,18,"U","U","U",,"did not check","dry ice",,,,,,,,,,,,,,"0009-0004-7358-8332","0009-0000-8146-6897",,,"72aa5dfa-2127-4e6f-b81d-e96faf50cbb2"
"1acb49e8-a757-4283-90dc-68addd056c39","dc5a1722-aaf9-48f3-8d55-109840340a18","BART_007.mammalGrid.mam","D01","BART","BART_007","A3","distributed","mixedForest",44.051112,-71.298377,"WGS84",45.2,382.7,0.4,"6 - trap set and empty","ShermanLF","2023-09-22","2023-09-22",,,,,,,,,,,,,,,,,,,,,,,,,,,,,,,,,,,,,,,,,,,,"0009-0003-6644-7278","0009-0009-1224-8349",,,"c94f3b8f-6fe4-4464-ac94-36d5b400659b"
"f477e799-a233-48cc-867d-b1db315de458","7ecedb40-7268-4682-ad85-a91380186fb6","BART_084.mammalGrid.mam","D01","BART","BART_084","D2","distributed","evergreenForest",44.048501,-71.297965,"WGS84",45.2,416.1,0.2,"5 - capture","ShermanLF","2023-09-22","2023-09-22","NEON.MAM.D01.R6361",,"MYGA","Myodes gapperi","species",,"NEON.DOC.001907",,,"N","M","N","processed",,"adult","scrotal",,,,18,,,,20,"U","U","U",,"did not check","dry ice",,,,,,,,,,,,,,"0009-0004-7358-8332","0009-0000-8146-6897",,,"5537e7c1-9f91-4fb6-aaa5-377685fec000"
"4623f415-5f27-4b9a-8403-dd2f8c67f90a","dc5a1722-aaf9-48f3-8d55-109840340a18","BART_007.mammalGrid.mam","D01","BART","BART_007","D9","distributed","mixedForest",44.051112,-71.298377,"WGS84",45.2,382.7,0.4,"5 - capture","ShermanLF","2023-09-22","2023-09-22","NEON.MAM.D01.R9054",,"PELE","Peromyscus leucopus","species","cf. species","NEON.DOC.001907",,,"N","F","N","processed",,"adult",,"nonenlarged","not","neither",20,16,80,,20,"N","N","N",,"none","dry ice",,,,,,,,,,,,,,"0009-0003-6644-7278","0009-0009-1224-8349",,,"f0744658-802d-4852-a9ef-333ab811a2b0"
"4723c88e-f66d-4e83-9c5e-f79b2538ffe7","7ecedb40-7268-4682-ad85-a91380186fb6","BART_084.mammalGrid.mam","D01","BART","BART_084","G8","distributed","evergreenForest",44.048501,-71.297965,"WGS84",45.2,416.1,0.2,"6 - trap set and empty","ShermanLF","2023-09-22","2023-09-22",,,,,,,,,,,,,,,,,,,,,,,,,,,,,,,,,,,,,,,,,,,,"0009-0004-7358-8332","0009-0000-8146-6897",,,"5fa2c9f3-660f-4448-a4b8-dcd6397dbd6c"
"a1373def-fe6a-4f23-81c3-b47dcf992627","dc5a1722-aaf9-48f3-8d55-109840340a18","BART_007.mammalGrid.mam","D01","BART","BART_007","A10","distributed","mixedForest",44.051112,-71.298377,"WGS84",45.2,382.7,0.4,"5 - capture","ShermanLF","2023-09-22","2023-09-22","NEON.MAM.D01.R9074",,"NAIN","Napaeozapus insignis","species",,"NEON.DOC.001907",,,"N","F","Y","processed",,"adult",,"enlarged","pregnant","neither",32,,,,31,"N","N","N",,"none","dry ice",,,,,,,,,,,,,,"0009-0003-6644-7278","0009-0009-1224-8349",,,"440caec5-cb56-416b-afd3-16ecb8a8fda1"
"869b549e-1612-4783-a190-79a3e9583832","7ecedb40-7268-4682-ad85-a91380186fb6","BART_084.mammalGrid.mam","D01","BART","BART_084","F5","distributed","evergreenForest",44.048501,-71.297965,"WGS84",45.2,416.1,0.2,"6 - trap set and empty","ShermanLF","2023-09-22","2023-09-22",,,,,,,,,,,,,,,,,,,,,,,,,,,,,,,,,,,,,,,,,,,,"0009-0004-7358-8332","0009-0000-8146-6897",,,"ffbf0243-d8c7-411e-ad5b-f8d7eb46ad58"
"acc5b2e6-99f1-4c55-bae8-536e560b423e","7ecedb40-7268-4682-ad85-a91380186fb6","BART_084.mammalGrid.mam","D01","BART","BART_084","B10","distributed","evergreenForest",44.048501,-71.297965,"WGS84",45.2,416.1,0.2,"6 - trap set and empty","ShermanLF","2023-09-22","2023-09-22",,,,,,,,,,,,,,,,,,,,,,,,,,,,,,,,,,,,,,,,,,,,"0009-0004-7358-8332","0009-0000-8146-6897",,,"1cbc71b4-78b9-4606-b6c4-acc2f619a18e"
"4c3251c8-f56d-444c-a233-ecfb4c6d508e","7ecedb40-7268-4682-ad85-a91380186fb6","BART_084.mammalGrid.mam","D01","BART","BART_084","H6","distributed","evergreenForest",44.048501,-71.297965,"WGS84",45.2,416.1,0.2,"5 - capture","ShermanLF","2023-09-22","2023-09-22","NEON.MAM.D01.O084H620230922",,"NAIN","Napaeozapus insignis","species",,"NEON.DOC.001907",,,"N","M","Y","processed",,"adult","scrotal",,,,32,,,,25,"U","U","U",,"did not check","dry ice",,,,,,,,,,,,,,"0009-0004-7358-8332","0009-0000-8146-6897",,,"07528266-701e-462a-96ce-b55bb0b08158"
"a407247e-acdd-44bc-b987-8e636681f623","dc5a1722-aaf9-48f3-8d55-109840340a18","BART_007.mammalGrid.mam","D01","BART","BART_007","H1","distributed","mixedForest",44.051112,-71.298377,"WGS84",45.2,382.7,0.4,"6 - trap set and empty","ShermanLF","2023-09-22","2023-09-22",,,,,,,,,,,,,,,,,,,,,,,,,,,,,,,,,,,,,,,,,,,,"0009-0003-6644-7278","0009-0009-1224-8349",,,"115324f9-5828-4879-bedc-58a3be4dcfcc"
"9569a94f-9c88-4d30-acb1-fcd275b0d327","dc5a1722-aaf9-48f3-8d55-109840340a18","BART_007.mammalGrid.mam","D01","BART","BART_007","H2","distributed","mixedForest",44.051112,-71.298377,"WGS84",45.2,382.7,0.4,"6 - trap set and empty","ShermanLF","2023-09-22","2023-09-22",,,,,,,,,,,,,,,,,,,,,,,,,,,,,,,,,,,,,,,,,,,,"0009-0003-6644-7278","0009-0009-1224-8349",,,"323cd76d-16ea-47a2-a70c-ae0d0d0e9654"
"68aed67e-1dea-48d8-980f-674da7acb1ac","7ecedb40-7268-4682-ad85-a91380186fb6","BART_084.mammalGrid.mam","D01","BART","BART_084","C8","distributed","evergreenForest",44.048501,-71.297965,"WGS84",45.2,416.1,0.2,"5 - capture","ShermanLF","2023-09-22","2023-09-22","NEON.MAM.D01.R6354",,"NAIN","Napaeozapus insignis","species",,"NEON.DOC.001907",,,"N","M","N","processed",,"adult","scrotal",,,,30,,,,23,"U","U","U",,"did not check","dry ice",,,,,,,,,,,,,,"0009-0004-7358-8332","0009-0000-8146-6897",,,"b9fedf39-dcd8-4527-8148-28aa22cbc049"
"f4e298c3-08c6-4236-b7a1-f625094daeae","dc5a1722-aaf9-48f3-8d55-109840340a18","BART_007.mammalGrid.mam","D01","BART","BART_007","B4","distributed","mixedForest",44.051112,-71.298377,"WGS84",45.2,382.7,0.4,"1 - trap not set","ShermanLF","2023-09-22","2023-09-22",,,,,,,,,,,,,,,,,,,,,,,,,,,,,"did not check","dry ice",,,,,,,,,,,,,,"0009-0003-6644-7278","0009-0009-1224-8349",,,"ffaa10ab-dd31-4d4b-92de-2fdbc5cefd38"
"ef64a513-c647-4b3f-bf75-99a7d305cb6b","7ecedb40-7268-4682-ad85-a91380186fb6","BART_084.mammalGrid.mam","D01","BART","BART_084","A8","distributed","evergreenForest",44.048501,-71.297965,"WGS84",45.2,416.1,0.2,"6 - trap set and empty","ShermanLF","2023-09-22","2023-09-22",,,,,,,,,,,,,,,,,,,,,,,,,,,,,,,,,,,,,,,,,,,,"0009-0004-7358-8332","0009-0000-8146-6897",,,"dc850943-e07f-4132-b3b9-f136d7b2a72a"
"4bb177dc-1354-457e-a53a-ea21a21581cf","7ecedb40-7268-4682-ad85-a91380186fb6","BART_084.mammalGrid.mam","D01","BART","BART_084","E9","distributed","evergreenForest",44.048501,-71.297965,"WGS84",45.2,416.1,0.2,"6 - trap set and empty","ShermanLF","2023-09-22","2023-09-22",,,,,,,,,,,,,,,,,,,,,,,,,,,,,,,,,,,,,,,,,,,,"0009-0004-7358-8332","0009-0000-8146-6897",,,"6859d0f1-3cb4-44a8-a8bf-90031f4be705"
"be4f926f-8b03-4baf-a18a-132f5332ad5a","dc5a1722-aaf9-48f3-8d55-109840340a18","BART_007.mammalGrid.mam","D01","BART","BART_007","H5","distributed","mixedForest",44.051112,-71.298377,"WGS84",45.2,382.7,0.4,"6 - trap set and empty","ShermanLF","2023-09-22","2023-09-22",,,,,,,,,,,,,,,,,,,,,,,,,,,,,,,,,,,,,,,,,,,,"0009-0003-6644-7278","0009-0009-1224-8349",,,"53d4fe79-a197-45f4-8442-0b60cbcaabd1"
"5bb9a54b-bbec-43ea-827b-8a16013dd342","dc5a1722-aaf9-48f3-8d55-109840340a18","BART_007.mammalGrid.mam","D01","BART","BART_007","G5","distributed","mixedForest",44.051112,-71.298377,"WGS84",45.2,382.7,0.4,"6 - trap set and empty","ShermanLF","2023-09-22","2023-09-22",,,,,,,,,,,,,,,,,,,,,,,,,,,,,,,,,,,,,,,,,,,,"0009-0003-6644-7278","0009-0009-1224-8349",,,"a310498a-9d1d-4413-8340-9473d2fed6f2"
"8eed0460-0992-4b50-a8d0-333eb5b4b471","dc5a1722-aaf9-48f3-8d55-109840340a18","BART_007.mammalGrid.mam","D01","BART","BART_007","H8","distributed","mixedForest",44.051112,-71.298377,"WGS84",45.2,382.7,0.4,"6 - trap set and empty","ShermanLF","2023-09-22","2023-09-22",,,,,,,,,,,,,,,,,,,,,,,,,,,,,,,,,,,,,,,,,,,,"0009-0003-6644-7278","0009-0009-1224-8349",,,"db55407a-ebe5-42a4-b24d-74c6e52da6ce"
"2c61e4a9-4ade-426f-9404-4f055fd1558d","dc5a1722-aaf9-48f3-8d55-109840340a18","BART_007.mammalGrid.mam","D01","BART","BART_007","I10","distributed","mixedForest",44.051112,-71.298377,"WGS84",45.2,382.7,0.4,"2 - trap disturbed/door closed but empty","ShermanLF","2023-09-22","2023-09-22",,,,,,,,,,,,,,,,,,,,,,,,,,,,,"did not check","dry ice",,,,,,,,,,,,,,"0009-0003-6644-7278","0009-0009-1224-8349",,,"12ee3c77-2a13-448c-a150-efa39b5bfd48"
"8bcccad1-6a50-4005-b612-43fcf1511ac0","dc5a1722-aaf9-48f3-8d55-109840340a18","BART_007.mammalGrid.mam","D01","BART","BART_007","F2","distributed","mixedForest",44.051112,-71.298377,"WGS84",45.2,382.7,0.4,"6 - trap set and empty","ShermanLF","2023-09-22","2023-09-22",,,,,,,,,,,,,,,,,,,,,,,,,,,,,,,,,,,,,,,,,,,,"0009-0003-6644-7278","0009-0009-1224-8349",,,"6cd75032-9654-4fd0-86a2-ccdd17c676e0"
"3727549f-df60-443e-8ed8-de89c13d4830","dc5a1722-aaf9-48f3-8d55-109840340a18","BART_007.mammalGrid.mam","D01","BART","BART_007","I8","distributed","mixedForest",44.051112,-71.298377,"WGS84",45.2,382.7,0.4,"6 - trap set and empty","ShermanLF","2023-09-22","2023-09-22",,,,,,,,,,,,,,,,,,,,,,,,,,,,,,,,,,,,,,,,,,,,"0009-0003-6644-7278","0009-0009-1224-8349",,,"2bf9b316-421e-4148-9ebe-71d1240b1196"
"c8baf179-86bb-4dc1-8a6b-08074e3b6594","dc5a1722-aaf9-48f3-8d55-109840340a18","BART_007.mammalGrid.mam","D01","BART","BART_007","G6","distributed","mixedForest",44.051112,-71.298377,"WGS84",45.2,382.7,0.4,"6 - trap set and empty","ShermanLF","2023-09-22","2023-09-22",,,,,,,,,,,,,,,,,,,,,,,,,,,,,,,,,,,,,,,,,,,,"0009-0003-6644-7278","0009-0009-1224-8349",,,"23765d13-e42e-4df7-8bf2-6ea8adbd35de"
"1ff64363-b832-4bb8-8674-1717e20f48ef","7ecedb40-7268-4682-ad85-a91380186fb6","BART_084.mammalGrid.mam","D01","BART","BART_084","B5","distributed","evergreenForest",44.048501,-71.297965,"WGS84",45.2,416.1,0.2,"5 - capture","ShermanLF","2023-09-22","2023-09-22","NEON.MAM.D01.R6317",,"MYGA","Myodes gapperi","species",,"NEON.DOC.001907",,,"N","F","N","processed",,"adult",,"enlarged","pregnant","not plugged",15,,,,26,"U","U","U",,"did not check","dry ice",,,,,,,,,,,,,,"0009-0004-7358-8332","0009-0000-8146-6897",,,"e2f08e3c-f26c-4fda-9497-e945a8afdd62"
"3cb3b4ca-f7bf-4249-bc9e-ddea098494e1","7ecedb40-7268-4682-ad85-a91380186fb6","BART_084.mammalGrid.mam","D01","BART","BART_084","I1","distributed","evergreenForest",44.048501,-71.297965,"WGS84",45.2,416.1,0.2,"3 - trap door open or closed w/ spoor left","ShermanLF","2023-09-22","2023-09-22",,,,,,,,,,,,,,,,,,,,,,,,,,,,,"did not check","dry ice",,,,,,,,,,,,,,"0009-0004-7358-8332","0009-0000-8146-6897",,,"b148fff4-31c7-4c2f-a93e-2388851eb781"
"f1fbd283-8dcf-4b57-ba9b-120dcac2fef1","dc5a1722-aaf9-48f3-8d55-109840340a18","BART_007.mammalGrid.mam","D01","BART","BART_007","J1","distributed","mixedForest",44.051112,-71.298377,"WGS84",45.2,382.7,0.4,"6 - trap set and empty","ShermanLF","2023-09-22","2023-09-22",,,,,,,,,,,,,,,,,,,,,,,,,,,,,,,,,,,,,,,,,,,,"0009-0003-6644-7278","0009-0009-1224-8349",,,"4cdf0b0b-df8c-4797-8e73-2cd876626f29"
"ca73f487-a889-4db3-a860-b9504039f679","7ecedb40-7268-4682-ad85-a91380186fb6","BART_084.mammalGrid.mam","D01","BART","BART_084","I9","distributed","evergreenForest",44.048501,-71.297965,"WGS84",45.2,416.1,0.2,"3 - trap door open or closed w/ spoor left","ShermanLF","2023-09-22","2023-09-22",,,,,,,,,,,,,,,,,,,,,,,,,,,,,"did not check","dry ice",,,,,,,,,,,,,,"0009-0004-7358-8332","0009-0000-8146-6897",,,"771b3d80-5b31-4ae2-903e-89b4d26f4b6e"
"2063eec1-8fc3-4261-afbb-9a52ad9b2c67","7ecedb40-7268-4682-ad85-a91380186fb6","BART_084.mammalGrid.mam","D01","BART","BART_084","J6","distributed","evergreenForest",44.048501,-71.297965,"WGS84",45.2,416.1,0.2,"6 - trap set and empty","ShermanLF","2023-09-22","2023-09-22",,,,,,,,,,,,,,,,,,,,,,,,,,,,,"did not check","dry ice",,,,,,,,,,,,,,"0009-0004-7358-8332","0009-0000-8146-6897",,,"875937b0-0fb8-480e-b0a6-9df6878c43bc"
"d6eeed5f-f95f-4615-bff4-b3b106c79055","7ecedb40-7268-4682-ad85-a91380186fb6","BART_084.mammalGrid.mam","D01","BART","BART_084","I3","distributed","evergreenForest",44.048501,-71.297965,"WGS84",45.2,416.1,0.2,"6 - trap set and empty","ShermanLF","2023-09-22","2023-09-22",,,,,,,,,,,,,,,,,,,,,,,,,,,,,,,,,,,,,,,,,,,,"0009-0004-7358-8332","0009-0000-8146-6897",,,"529b1976-a393-435b-bf18-785fac0dd5f5"
"018324c6-6e8c-41ef-b65d-6717ec56a519","7ecedb40-7268-4682-ad85-a91380186fb6","BART_084.mammalGrid.mam","D01","BART","BART_084","A10","distributed","evergreenForest",44.048501,-71.297965,"WGS84",45.2,416.1,0.2,"6 - trap set and empty","ShermanLF","2023-09-22","2023-09-22",,,,,,,,,,,,,,,,,,,,,,,,,,,,,,,,,,,,,,,,,,,,"0009-0004-7358-8332","0009-0000-8146-6897",,,"b3e702e5-927e-4c9d-a5f0-1204fe28c02b"
"f0d6181c-62f9-4368-b65e-310f6782237b","7ecedb40-7268-4682-ad85-a91380186fb6","BART_084.mammalGrid.mam","D01","BART","BART_084","E2","distributed","evergreenForest",44.048501,-71.297965,"WGS84",45.2,416.1,0.2,"5 - capture","ShermanLF","2023-09-22","2023-09-22","NEON.MAM.D01.L6356",,"MYGA","Myodes gapperi","species",,"NEON.DOC.001907",,,"N","F","N","processed",,"adult",,"enlarged","unknown","neither",19,,,,24,"U","U","U",,"did not check","dry ice",,,,,,,,,,,,,,"0009-0004-7358-8332","0009-0000-8146-6897",,,"221f748c-cff5-4ce1-bb42-742bda6b9d09"
"3428b8c2-a3d3-42cb-9c4a-f79ad33ff2fb","dc5a1722-aaf9-48f3-8d55-109840340a18","BART_007.mammalGrid.mam","D01","BART","BART_007","H9","distributed","mixedForest",44.051112,-71.298377,"WGS84",45.2,382.7,0.4,"6 - trap set and empty","ShermanLF","2023-09-22","2023-09-22",,,,,,,,,,,,,,,,,,,,,,,,,,,,,,,,,,,,,,,,,,,,"0009-0003-6644-7278","0009-0009-1224-8349",,,"eeb4cce0-fd74-4f3f-8bfd-58fd48fbac3e"
"b138da6a-0a43-4f77-a190-43e980cf0707","7ecedb40-7268-4682-ad85-a91380186fb6","BART_084.mammalGrid.mam","D01","BART","BART_084","I6","distributed","evergreenForest",44.048501,-71.297965,"WGS84",45.2,416.1,0.2,"6 - trap set and empty","ShermanLF","2023-09-22","2023-09-22",,,,,,,,,,,,,,,,,,,,,,,,,,,,,,,,,,,,,,,,,,,,"0009-0004-7358-8332","0009-0000-8146-6897",,,"973e319e-d248-4b1d-9628-b789b3629eed"
"043811a5-7aa8-4120-a0c5-8fd0bc96a5ed","dc5a1722-aaf9-48f3-8d55-109840340a18","BART_007.mammalGrid.mam","D01","BART","BART_007","E7","distributed","mixedForest",44.051112,-71.298377,"WGS84",45.2,382.7,0.4,"6 - trap set and empty","ShermanLF","2023-09-22","2023-09-22",,,,,,,,,,,,,,,,,,,,,,,,,,,,,,,,,,,,,,,,,,,,"0009-0003-6644-7278","0009-0009-1224-8349",,,"1a121d0a-da79-43fd-aa31-b50bd6625c37"
"ea510627-c964-4712-b2e4-26a24adbdb6e","7ecedb40-7268-4682-ad85-a91380186fb6","BART_084.mammalGrid.mam","D01","BART","BART_084","G6","distributed","evergreenForest",44.048501,-71.297965,"WGS84",45.2,416.1,0.2,"6 - trap set and empty","ShermanLF","2023-09-22","2023-09-22",,,,,,,,,,,,,,,,,,,,,,,,,,,,,,,,,,,,,,,,,,,,"0009-0004-7358-8332","0009-0000-8146-6897",,,"120dd4d6-345b-429c-b481-12b3e10cdef6"
"4642a50f-c165-4e09-bcfb-2925a64b8785","7ecedb40-7268-4682-ad85-a91380186fb6","BART_084.mammalGrid.mam","D01","BART","BART_084","J8","distributed","evergreenForest",44.048501,-71.297965,"WGS84",45.2,416.1,0.2,"5 - capture","ShermanLF","2023-09-22","2023-09-22","NEON.MAM.D01.L6353",,"NAIN","Napaeozapus insignis","species",,"NEON.DOC.001907",,,"N","M","N","processed",,"adult","scrotal",,,,31,,,,21,"U","U","U",,"did not check","dry ice",,,,,,,,,,,,,,"0009-0004-7358-8332","0009-0000-8146-6897",,,"6f9d0e6f-6962-4a63-9564-f0292e97e980"
"bc81c94e-661e-47b0-9d31-121a362ab470","dc5a1722-aaf9-48f3-8d55-109840340a18","BART_007.mammalGrid.mam","D01","BART","BART_007","A9","distributed","mixedForest",44.051112,-71.298377,"WGS84",45.2,382.7,0.4,"5 - capture","ShermanLF","2023-09-22","2023-09-22","NEON.MAM.D01.R9057",,"NAIN","Napaeozapus insignis","species",,"NEON.DOC.001907",,,"N","F","N","processed",,"adult",,"nonenlarged","not","neither",28,,,,24,"N","N","N",,"botflies","dry ice",,,,,,,,,,,,,,"0009-0003-6644-7278","0009-0009-1224-8349",,,"18705449-3dba-4f53-b1ea-9f68af6214a1"
"e64f3752-69ca-4242-a31a-171e4b50dfaa","7ecedb40-7268-4682-ad85-a91380186fb6","BART_084.mammalGrid.mam","D01","BART","BART_084","J9","distributed","evergreenForest",44.048501,-71.297965,"WGS84",45.2,416.1,0.2,"3 - trap door open or closed w/ spoor left","ShermanLF","2023-09-22","2023-09-22",,,,,,,,,,,,,,,,,,,,,,,,,,,,,"did not check","dry ice",,,,,,,,,,,,,,"0009-0004-7358-8332","0009-0000-8146-6897",,,"7bc95fed-39fa-4238-91cf-d15061cc30fe"
"4d571bf2-f7bc-4b4b-ad6a-31f25c26c327","7ecedb40-7268-4682-ad85-a91380186fb6","BART_084.mammalGrid.mam","D01","BART","BART_084","C10","distributed","evergreenForest",44.048501,-71.297965,"WGS84",45.2,416.1,0.2,"5 - capture","ShermanLF","2023-09-22","2023-09-22","NEON.MAM.D01.R6363",,"NAIN","Napaeozapus insignis","species",,"NEON.DOC.001907",,,"N","F","N","processed",,"adult",,"nonenlarged","not","neither",31,,,,24,"U","U","U",,"did not check","dry ice",,,,,,,,,,,,,,"0009-0004-7358-8332","0009-0000-8146-6897",,,"24e09ec2-b07f-484a-af95-3e8e3951cacc"
"64c12df8-b8f6-426d-b1c8-715187002989","dc5a1722-aaf9-48f3-8d55-109840340a18","BART_007.mammalGrid.mam","D01","BART","BART_007","A6","distributed","mixedForest",44.051112,-71.298377,"WGS84",45.2,382.7,0.4,"6 - trap set and empty","ShermanLF","2023-09-22","2023-09-22",,,,,,,,,,,,,,,,,,,,,,,,,,,,,,,,,,,,,,,,,,,,"0009-0003-6644-7278","0009-0009-1224-8349",,,"87179015-cecf-4cda-ad8e-b1da024e09ba"
"e9d16e2d-f4c8-4202-8c3b-95e0eea76ad8","dc5a1722-aaf9-48f3-8d55-109840340a18","BART_007.mammalGrid.mam","D01","BART","BART_007","D10","distributed","mixedForest",44.051112,-71.298377,"WGS84",45.2,382.7,0.4,"6 - trap set and empty","ShermanLF","2023-09-22","2023-09-22",,,,,,,,,,,,,,,,,,,,,,,,,,,,,,,,,,,,,,,,,,,,"0009-0003-6644-7278","0009-0009-1224-8349",,,"4945a14f-3d2c-4797-bdc2-6b4d7cf0c894"
"69ad3c49-28b0-4b0d-9f30-403a826a5291","7ecedb40-7268-4682-ad85-a91380186fb6","BART_084.mammalGrid.mam","D01","BART","BART_084","J3","distributed","evergreenForest",44.048501,-71.297965,"WGS84",45.2,416.1,0.2,"6 - trap set and empty","ShermanLF","2023-09-22","2023-09-22",,,,,,,,,,,,,,,,,,,,,,,,,,,,,,,,,,,,,,,,,,,,"0009-0004-7358-8332","0009-0000-8146-6897",,,"386faf9a-cb19-44b2-9d23-43f693124a63"
"ad0ba389-730f-4a41-a1d1-23deae04fe8e","dc5a1722-aaf9-48f3-8d55-109840340a18","BART_007.mammalGrid.mam","D01","BART","BART_007","I6","distributed","mixedForest",44.051112,-71.298377,"WGS84",45.2,382.7,0.4,"6 - trap set and empty","ShermanLF","2023-09-22","2023-09-22",,,,,,,,,,,,,,,,,,,,,,,,,,,,,,,,,,,,,,,,,,,,"0009-0003-6644-7278","0009-0009-1224-8349",,,"a4735590-25de-4ef7-83e6-3c1b70a084fa"
"8d18e9f2-dcb5-4b8a-9503-b12f36ec19c0","dc5a1722-aaf9-48f3-8d55-109840340a18","BART_007.mammalGrid.mam","D01","BART","BART_007","C3","distributed","mixedForest",44.051112,-71.298377,"WGS84",45.2,382.7,0.4,"6 - trap set and empty","ShermanLF","2023-09-22","2023-09-22",,,,,,,,,,,,,,,,,,,,,,,,,,,,,,,,,,,,,,,,,,,,"0009-0003-6644-7278","0009-0009-1224-8349",,,"d5b0f9b5-f4a4-49a4-aa5a-5fb66f0e0ae6"
"e3c15f60-6d94-45d5-ba69-62c67926d84e","dc5a1722-aaf9-48f3-8d55-109840340a18","BART_007.mammalGrid.mam","D01","BART","BART_007","D3","distributed","mixedForest",44.051112,-71.298377,"WGS84",45.2,382.7,0.4,"5 - capture","ShermanLF","2023-09-22","2023-09-22","NEON.MAM.D01.R9052",,"PEMA","Peromyscus maniculatus","species","cf. species","NEON.DOC.001907",,,"N","M","N","processed",,"adult","unknown",,,,22,16,97,,22,"N","N","N",,"other - see remarks","dry ice",,,,,,,,,,,,,,"0009-0003-6644-7278","0009-0009-1224-8349","Mites",,"333caaa7-22e8-4388-8fdb-fdd8ea1d9df5"
"5fee1b90-2ddb-4db9-8ab4-2fd265d06101","7ecedb40-7268-4682-ad85-a91380186fb6","BART_084.mammalGrid.mam","D01","BART","BART_084","J10","distributed","evergreenForest",44.048501,-71.297965,"WGS84",45.2,416.1,0.2,"6 - trap set and empty","ShermanLF","2023-09-22","2023-09-22",,,,,,,,,,,,,,,,,,,,,,,,,,,,,,,,,,,,,,,,,,,,"0009-0004-7358-8332","0009-0000-8146-6897",,,"ef63524f-8f83-41a7-8966-011d2b76c797"
"dcc391c4-ec30-40eb-9db4-983cbba8c849","dc5a1722-aaf9-48f3-8d55-109840340a18","BART_007.mammalGrid.mam","D01","BART","BART_007","E10","distributed","mixedForest",44.051112,-71.298377,"WGS84",45.2,382.7,0.4,"3 - trap door open or closed w/ spoor left","ShermanLF","2023-09-22","2023-09-22",,,,,,,,,,,,,,,,,,,,,,,,,,,,,"did not check","dry ice",,,,,,,,,,,,,,"0009-0003-6644-7278","0009-0009-1224-8349",,,"9db41687-dffc-449d-9582-c4f389ad35ca"
"c9525428-7336-48d4-a3f9-7a3743e9590c","7ecedb40-7268-4682-ad85-a91380186fb6","BART_084.mammalGrid.mam","D01","BART","BART_084","H1","distributed","evergreenForest",44.048501,-71.297965,"WGS84",45.2,416.1,0.2,"3 - trap door open or closed w/ spoor left","ShermanLF","2023-09-22","2023-09-22",,,,,,,,,,,,,,,,,,,,,,,,,,,,,"did not check","dry ice",,,,,,,,,,,,,,"0009-0004-7358-8332","0009-0000-8146-6897",,,"9b74ab06-745a-4619-b355-077f2578076b"
"7eaa1a42-b9d0-4b68-90ca-1f382a497061","dc5a1722-aaf9-48f3-8d55-109840340a18","BART_007.mammalGrid.mam","D01","BART","BART_007","E4","distributed","mixedForest",44.051112,-71.298377,"WGS84",45.2,382.7,0.4,"6 - trap set and empty","ShermanLF","2023-09-22","2023-09-22",,,,,,,,,,,,,,,,,,,,,,,,,,,,,,,,,,,,,,,,,,,,"0009-0003-6644-7278","0009-0009-1224-8349",,,"3c34aa9d-c3b3-4c97-a892-a7393341ae81"
"e39dcf30-c96a-4d82-965e-8f620bbbe3c8","dc5a1722-aaf9-48f3-8d55-109840340a18","BART_007.mammalGrid.mam","D01","BART","BART_007","H3","distributed","mixedForest",44.051112,-71.298377,"WGS84",45.2,382.7,0.4,"6 - trap set and empty","ShermanLF","2023-09-22","2023-09-22",,,,,,,,,,,,,,,,,,,,,,,,,,,,,,,,,,,,,,,,,,,,"0009-0003-6644-7278","0009-0009-1224-8349",,,"9ca990b5-6f51-4ce8-9130-f5abed96612b"
"ec3c27ea-8241-48a4-9f62-9d3bb963e4be","7ecedb40-7268-4682-ad85-a91380186fb6","BART_084.mammalGrid.mam","D01","BART","BART_084","I8","distributed","evergreenForest",44.048501,-71.297965,"WGS84",45.2,416.1,0.2,"6 - trap set and empty","ShermanLF","2023-09-22","2023-09-22",,,,,,,,,,,,,,,,,,,,,,,,,,,,,,,,,,,,,,,,,,,,"0009-0004-7358-8332","0009-0000-8146-6897",,,"15f5f5b0-79a6-41de-a240-7d3f5841fddc"
"9292331b-b9f7-4d1b-86a5-297d6879ed5a","7ecedb40-7268-4682-ad85-a91380186fb6","BART_084.mammalGrid.mam","D01","BART","BART_084","B3","distributed","evergreenForest",44.048501,-71.297965,"WGS84",45.2,416.1,0.2,"6 - trap set and empty","ShermanLF","2023-09-22","2023-09-22",,,,,,,,,,,,,,,,,,,,,,,,,,,,,,,,,,,,,,,,,,,,"0009-0004-7358-8332","0009-0000-8146-6897",,,"2db9fd58-51af-453e-ae41-02fdfa59f94f"
"caaa11b0-cf3d-414d-a784-903bb69e0a20","dc5a1722-aaf9-48f3-8d55-109840340a18","BART_007.mammalGrid.mam","D01","BART","BART_007","D7","distributed","mixedForest",44.051112,-71.298377,"WGS84",45.2,382.7,0.4,"6 - trap set and empty","ShermanLF","2023-09-22","2023-09-22",,,,,,,,,,,,,,,,,,,,,,,,,,,,,,,,,,,,,,,,,,,,"0009-0003-6644-7278","0009-0009-1224-8349",,,"8e168bcd-861b-497c-b6e5-534a2ffa9447"
"ca906703-6065-4767-8a33-52203d4fe542","7ecedb40-7268-4682-ad85-a91380186fb6","BART_084.mammalGrid.mam","D01","BART","BART_084","D7","distributed","evergreenForest",44.048501,-71.297965,"WGS84",45.2,416.1,0.2,"6 - trap set and empty","ShermanLF","2023-09-22","2023-09-22",,,,,,,,,,,,,,,,,,,,,,,,,,,,,,,,,,,,,,,,,,,,"0009-0004-7358-8332","0009-0000-8146-6897",,,"84f06f8b-b9dc-4445-8275-44227d57ec4d"
"7a24e92e-9981-4e4a-b7cf-46f2dca603dc","dc5a1722-aaf9-48f3-8d55-109840340a18","BART_007.mammalGrid.mam","D01","BART","BART_007","J2","distributed","mixedForest",44.051112,-71.298377,"WGS84",45.2,382.7,0.4,"6 - trap set and empty","ShermanLF","2023-09-22","2023-09-22",,,,,,,,,,,,,,,,,,,,,,,,,,,,,,,,,,,,,,,,,,,,"0009-0003-6644-7278","0009-0009-1224-8349",,,"75569359-43d7-4431-a2d4-d917b9f2194e"
"ec6a8cac-1004-4ddd-927d-5d2aa2f28343","dc5a1722-aaf9-48f3-8d55-109840340a18","BART_007.mammalGrid.mam","D01","BART","BART_007","C10","distributed","mixedForest",44.051112,-71.298377,"WGS84",45.2,382.7,0.4,"6 - trap set and empty","ShermanLF","2023-09-22","2023-09-22",,,,,,,,,,,,,,,,,,,,,,,,,,,,,,,,,,,,,,,,,,,,"0009-0003-6644-7278","0009-0009-1224-8349",,,"da400770-0cfa-4c45-ad8e-8fb1668115b4"
"2df0b2c2-a2a3-4967-8eac-0f93ca2043f7","7ecedb40-7268-4682-ad85-a91380186fb6","BART_084.mammalGrid.mam","D01","BART","BART_084","D4","distributed","evergreenForest",44.048501,-71.297965,"WGS84",45.2,416.1,0.2,"6 - trap set and empty","ShermanLF","2023-09-22","2023-09-22",,,,,,,,,,,,,,,,,,,,,,,,,,,,,,,,,,,,,,,,,,,,"0009-0004-7358-8332","0009-0000-8146-6897",,,"f89c73a8-0f6a-440c-801c-d1a8a7ac5a9a"
"542aa06b-56f7-4fff-b7cd-5fc862a21ca4","7ecedb40-7268-4682-ad85-a91380186fb6","BART_084.mammalGrid.mam","D01","BART","BART_084","D6","distributed","evergreenForest",44.048501,-71.297965,"WGS84",45.2,416.1,0.2,"6 - trap set and empty","ShermanLF","2023-09-22","2023-09-22",,,,,,,,,,,,,,,,,,,,,,,,,,,,,,,,,,,,,,,,,,,,"0009-0004-7358-8332","0009-0000-8146-6897",,,"be55da96-f9fe-48dc-80ef-7ffbecfaa96d"
"44d45e79-ad19-49d3-9407-c5f734097b38","dc5a1722-aaf9-48f3-8d55-109840340a18","BART_007.mammalGrid.mam","D01","BART","BART_007","D8","distributed","mixedForest",44.051112,-71.298377,"WGS84",45.2,382.7,0.4,"6 - trap set and empty","ShermanLF","2023-09-22","2023-09-22",,,,,,,,,,,,,,,,,,,,,,,,,,,,,,,,,,,,,,,,,,,,"0009-0003-6644-7278","0009-0009-1224-8349",,,"1c8459d9-4b87-4630-8c1a-3418ed05e855"
"33720c9c-bcc8-4617-9d61-b3909eda5f59","dc5a1722-aaf9-48f3-8d55-109840340a18","BART_007.mammalGrid.mam","D01","BART","BART_007","F3","distributed","mixedForest",44.051112,-71.298377,"WGS84",45.2,382.7,0.4,"6 - trap set and empty","ShermanLF","2023-09-22","2023-09-22",,,,,,,,,,,,,,,,,,,,,,,,,,,,,,,,,,,,,,,,,,,,"0009-0003-6644-7278","0009-0009-1224-8349",,,"731c78b7-49ef-4a85-b99d-9f24a8251573"
"2b014284-a300-4244-87fa-a6851d09b471","7ecedb40-7268-4682-ad85-a91380186fb6","BART_084.mammalGrid.mam","D01","BART","BART_084","F10","distributed","evergreenForest",44.048501,-71.297965,"WGS84",45.2,416.1,0.2,"6 - trap set and empty","ShermanLF","2023-09-22","2023-09-22",,,,,,,,,,,,,,,,,,,,,,,,,,,,,,,,,,,,,,,,,,,,"0009-0004-7358-8332","0009-0000-8146-6897",,,"19dc554e-215a-476a-9291-b1f54bc68e1d"
"be6a83d4-3c9c-4a0b-9630-a81b6674492c","dc5a1722-aaf9-48f3-8d55-109840340a18","BART_007.mammalGrid.mam","D01","BART","BART_007","B5","distributed","mixedForest",44.051112,-71.298377,"WGS84",45.2,382.7,0.4,"6 - trap set and empty","ShermanLF","2023-09-22","2023-09-22",,,,,,,,,,,,,,,,,,,,,,,,,,,,,,,,,,,,,,,,,,,,"0009-0003-6644-7278","0009-0009-1224-8349",,,"d3e6f88e-d321-41da-8bb5-f464a92385ac"
"275d4d2a-1f52-4953-b177-1a3a65c30d60","dc5a1722-aaf9-48f3-8d55-109840340a18","BART_007.mammalGrid.mam","D01","BART","BART_007","C5","distributed","mixedForest",44.051112,-71.298377,"WGS84",45.2,382.7,0.4,"6 - trap set and empty","ShermanLF","2023-09-22","2023-09-22",,,,,,,,,,,,,,,,,,,,,,,,,,,,,,,,,,,,,,,,,,,,"0009-0003-6644-7278","0009-0009-1224-8349",,,"eb448bda-d7da-4ea8-bab2-d21975956edd"
"28175419-cee3-4738-961b-f6a814d49951","dc5a1722-aaf9-48f3-8d55-109840340a18","BART_007.mammalGrid.mam","D01","BART","BART_007","G2","distributed","mixedForest",44.051112,-71.298377,"WGS84",45.2,382.7,0.4,"6 - trap set and empty","ShermanLF","2023-09-22","2023-09-22",,,,,,,,,,,,,,,,,,,,,,,,,,,,,,,,,,,,,,,,,,,,"0009-0003-6644-7278","0009-0009-1224-8349",,,"cd14d245-6937-4127-8fd0-667c252b885e"
"9b27d7c8-0d6d-458d-9c0d-3c87e87df54c","7ecedb40-7268-4682-ad85-a91380186fb6","BART_084.mammalGrid.mam","D01","BART","BART_084","F7","distributed","evergreenForest",44.048501,-71.297965,"WGS84",45.2,416.1,0.2,"6 - trap set and empty","ShermanLF","2023-09-22","2023-09-22",,,,,,,,,,,,,,,,,,,,,,,,,,,,,,,,,,,,,,,,,,,,"0009-0004-7358-8332","0009-0000-8146-6897",,,"8dbe7547-8663-4a4c-b12d-cfeb3cfc2a0c"
"061430ec-3776-4989-b932-f09f478a564c","dc5a1722-aaf9-48f3-8d55-109840340a18","BART_007.mammalGrid.mam","D01","BART","BART_007","B7","distributed","mixedForest",44.051112,-71.298377,"WGS84",45.2,382.7,0.4,"6 - trap set and empty","ShermanLF","2023-09-22","2023-09-22",,,,,,,,,,,,,,,,,,,,,,,,,,,,,,,,,,,,,,,,,,,,"0009-0003-6644-7278","0009-0009-1224-8349",,,"b1817302-ead9-4757-85df-dba67923cc90"
"fc284626-089a-4d2d-93f1-3dfcb11c8255","7ecedb40-7268-4682-ad85-a91380186fb6","BART_084.mammalGrid.mam","D01","BART","BART_084","G1","distributed","evergreenForest",44.048501,-71.297965,"WGS84",45.2,416.1,0.2,"3 - trap door open or closed w/ spoor left","ShermanLF","2023-09-22","2023-09-22",,,,,,,,,,,,,,,,,,,,,,,,,,,,,"did not check","dry ice",,,,,,,,,,,,,,"0009-0004-7358-8332","0009-0000-8146-6897",,,"b56a7e60-94ad-4846-8066-847e092fbaee"
"4f11de21-50ea-4994-be28-668116b415d5","7ecedb40-7268-4682-ad85-a91380186fb6","BART_084.mammalGrid.mam","D01","BART","BART_084","C1","distributed","evergreenForest",44.048501,-71.297965,"WGS84",45.2,416.1,0.2,"3 - trap door open or closed w/ spoor left","ShermanLF","2023-09-22","2023-09-22",,,,,,,,,,,,,,,,,,,,,,,,,,,,,"did not check","dry ice",,,,,,,,,,,,,,"0009-0004-7358-8332","0009-0000-8146-6897",,,"8c258958-4bb1-4a55-bc4c-e65e095e1255"
"eaab2ad8-223c-44ce-8f5a-e62a567fbd79","7ecedb40-7268-4682-ad85-a91380186fb6","BART_084.mammalGrid.mam","D01","BART","BART_084","B1","distributed","evergreenForest",44.048501,-71.297965,"WGS84",45.2,416.1,0.2,"6 - trap set and empty","ShermanLF","2023-09-22","2023-09-22",,,,,,,,,,,,,,,,,,,,,,,,,,,,,,,,,,,,,,,,,,,,"0009-0004-7358-8332","0009-0000-8146-6897",,,"b1ac4a41-3223-4934-a48a-b351a509ed70"
"82d2c90c-25ab-4993-8fd5-f160ff214e62","7ecedb40-7268-4682-ad85-a91380186fb6","BART_084.mammalGrid.mam","D01","BART","BART_084","E6","distributed","evergreenForest",44.048501,-71.297965,"WGS84",45.2,416.1,0.2,"6 - trap set and empty","ShermanLF","2023-09-22","2023-09-22",,,,,,,,,,,,,,,,,,,,,,,,,,,,,,,,,,,,,,,,,,,,"0009-0004-7358-8332","0009-0000-8146-6897",,,"020a6ce7-ba9f-4f27-ab0b-f91348f8b374"
"e7936abe-5bd9-4649-b0f0-b00daa20066c","dc5a1722-aaf9-48f3-8d55-109840340a18","BART_007.mammalGrid.mam","D01","BART","BART_007","I9","distributed","mixedForest",44.051112,-71.298377,"WGS84",45.2,382.7,0.4,"6 - trap set and empty","ShermanLF","2023-09-22","2023-09-22",,,,,,,,,,,,,,,,,,,,,,,,,,,,,,,,,,,,,,,,,,,,"0009-0003-6644-7278","0009-0009-1224-8349",,,"6389151a-514e-4422-aeb0-33d6ffe708af"
"d14324e9-6be1-4998-adbc-aa9d2783ba9a","dc5a1722-aaf9-48f3-8d55-109840340a18","BART_007.mammalGrid.mam","D01","BART","BART_007","D1","distributed","mixedForest",44.051112,-71.298377,"WGS84",45.2,382.7,0.4,"6 - trap set and empty","ShermanLF","2023-09-22","2023-09-22",,,,,,,,,,,,,,,,,,,,,,,,,,,,,,,,,,,,,,,,,,,,"0009-0003-6644-7278","0009-0009-1224-8349",,,"4456fc32-098c-43e1-8af3-eb764e115a8a"
"483d0eb4-22bd-4f6a-9b2b-3e59708fdf85","dc5a1722-aaf9-48f3-8d55-109840340a18","BART_007.mammalGrid.mam","D01","BART","BART_007","D5","distributed","mixedForest",44.051112,-71.298377,"WGS84",45.2,382.7,0.4,"6 - trap set and empty","ShermanLF","2023-09-22","2023-09-22",,,,,,,,,,,,,,,,,,,,,,,,,,,,,,,,,,,,,,,,,,,,"0009-0003-6644-7278","0009-0009-1224-8349",,,"664e2557-110b-42b3-8062-a4da445b9585"
"f09484ad-a3fe-44c0-af62-a95af132e309","7ecedb40-7268-4682-ad85-a91380186fb6","BART_084.mammalGrid.mam","D01","BART","BART_084","B9","distributed","evergreenForest",44.048501,-71.297965,"WGS84",45.2,416.1,0.2,"5 - capture","ShermanLF","2023-09-22","2023-09-22","NEON.MAM.D01.L6321",,"NAIN","Napaeozapus insignis","species",,"NEON.DOC.001907",,,"N","M","Y","processed",,"adult","scrotal",,,,31,,,,23,"U","U","U",,"did not check","dry ice",,,,,,,,,,,,,,"0009-0004-7358-8332","0009-0000-8146-6897",,,"720334fa-f23f-4a6d-bc97-9ae633a9e48a"
"8d3eb3d3-d8d2-462f-a4d2-078f6c028416","dc5a1722-aaf9-48f3-8d55-109840340a18","BART_007.mammalGrid.mam","D01","BART","BART_007","B6","distributed","mixedForest",44.051112,-71.298377,"WGS84",45.2,382.7,0.4,"6 - trap set and empty","ShermanLF","2023-09-22","2023-09-22",,,,,,,,,,,,,,,,,,,,,,,,,,,,,,,,,,,,,,,,,,,,"0009-0003-6644-7278","0009-0009-1224-8349",,,"f96bb10a-0c63-45f3-9fd9-3b8a179ef85e"
"4ac127f4-8e1c-4bc5-bb99-594984bc3af8","dc5a1722-aaf9-48f3-8d55-109840340a18","BART_007.mammalGrid.mam","D01","BART","BART_007","G3","distributed","mixedForest",44.051112,-71.298377,"WGS84",45.2,382.7,0.4,"6 - trap set and empty","ShermanLF","2023-09-22","2023-09-22",,,,,,,,,,,,,,,,,,,,,,,,,,,,,,,,,,,,,,,,,,,,"0009-0003-6644-7278","0009-0009-1224-8349",,,"5215904b-7721-4da4-a2a9-a3646f47c9f6"
"ff8509ac-d1b6-4ab0-a596-a16cd4cd293e","7ecedb40-7268-4682-ad85-a91380186fb6","BART_084.mammalGrid.mam","D01","BART","BART_084","H9","distributed","evergreenForest",44.048501,-71.297965,"WGS84",45.2,416.1,0.2,"5 - capture","ShermanLF","2023-09-22","2023-09-22","NEON.MAM.D01.O084H920230922",,"SOCI","Sorex cinereus","species",,"NEON.DOC.001907",,"taxonID confirmed, sex and reproductive conditions updated","N","M","N","dead",,"unknown",,,,,,,,,,"U","U","U",,"did not check","dry ice",,,,,,,,,,,,"BART.20230922.O084H920230922.V","B00000031692","0009-0004-7358-8332","0009-0000-8146-6897",,,"6a846059-33dc-4d69-b092-f294ce4c3bda"
"ebdfb150-2c49-460c-a886-71e58f955eac","dc5a1722-aaf9-48f3-8d55-109840340a18","BART_007.mammalGrid.mam","D01","BART","BART_007","B10","distributed","mixedForest",44.051112,-71.298377,"WGS84",45.2,382.7,0.4,"6 - trap set and empty","ShermanLF","2023-09-22","2023-09-22",,,,,,,,,,,,,,,,,,,,,,,,,,,,,,,,,,,,,,,,,,,,"0009-0003-6644-7278","0009-0009-1224-8349",,,"32a96dab-1164-48b7-9c40-cb5cdeaa5584"
"9dfa01ba-91cb-4eb2-9f19-e7e8c567c52a","7ecedb40-7268-4682-ad85-a91380186fb6","BART_084.mammalGrid.mam","D01","BART","BART_084","A7","distributed","evergreenForest",44.048501,-71.297965,"WGS84",45.2,416.1,0.2,"6 - trap set and empty","ShermanLF","2023-09-22","2023-09-22",,,,,,,,,,,,,,,,,,,,,,,,,,,,,,,,,,,,,,,,,,,,"0009-0004-7358-8332","0009-0000-8146-6897",,,"6392fc19-c306-498a-8704-8c6a90a02ea5"
"8cf47802-a4f8-4fdd-b4c4-a3569e4d8d79","dc5a1722-aaf9-48f3-8d55-109840340a18","BART_007.mammalGrid.mam","D01","BART","BART_007","J7","distributed","mixedForest",44.051112,-71.298377,"WGS84",45.2,382.7,0.4,"5 - capture","ShermanLF","2023-09-22","2023-09-22","NEON.MAM.D01.R9058",,"PELEPEMA","Peromyscus leucopus/maniculatus","speciesGroup",,"NEON.DOC.001907",,,"N","F","N","processed",,"adult",,"nonenlarged","not","neither",21,17,90,,23,"N","N","N",,"none","dry ice",,,,,,,,,,,,,,"0009-0003-6644-7278","0009-0009-1224-8349",,,"f57ef5f7-7f16-4619-9a02-88bcf7edf3e9"
"cfc0e379-b74d-4012-8175-2d3d7d5014d3","7ecedb40-7268-4682-ad85-a91380186fb6","BART_084.mammalGrid.mam","D01","BART","BART_084","I7","distributed","evergreenForest",44.048501,-71.297965,"WGS84",45.2,416.1,0.2,"5 - capture","ShermanLF","2023-09-22","2023-09-22","NEON.MAM.D01.L6365",,"MYGA","Myodes gapperi","species",,"NEON.DOC.001907",,,"N","M","N","processed",,"adult","scrotal",,,,19,,,,26,"U","U","U",,"did not check","dry ice",,,,,,,,,,,,,,"0009-0004-7358-8332","0009-0000-8146-6897",,,"bd4ca3ed-613c-405e-9873-54e26b5922f8"
"d6aa4eea-0dd1-4c19-966c-a3ec93ff726e","dc5a1722-aaf9-48f3-8d55-109840340a18","BART_007.mammalGrid.mam","D01","BART","BART_007","F5","distributed","mixedForest",44.051112,-71.298377,"WGS84",45.2,382.7,0.4,"6 - trap set and empty","ShermanLF","2023-09-22","2023-09-22",,,,,,,,,,,,,,,,,,,,,,,,,,,,,,,,,,,,,,,,,,,,"0009-0003-6644-7278","0009-0009-1224-8349",,,"085f10bf-2f38-4bf1-ada0-0fdf977de114"
"31f3ff4e-850b-4771-89e9-c257f2a2031b","7ecedb40-7268-4682-ad85-a91380186fb6","BART_084.mammalGrid.mam","D01","BART","BART_084","F4","distributed","evergreenForest",44.048501,-71.297965,"WGS84",45.2,416.1,0.2,"6 - trap set and empty","ShermanLF","2023-09-22","2023-09-22",,,,,,,,,,,,,,,,,,,,,,,,,,,,,,,,,,,,,,,,,,,,"0009-0004-7358-8332","0009-0000-8146-6897",,,"08f422d9-42c0-497b-99fe-406d8e79e7cc"
"0739d872-e120-4b35-87e5-11664e5d9d74","7ecedb40-7268-4682-ad85-a91380186fb6","BART_084.mammalGrid.mam","D01","BART","BART_084","F6","distributed","evergreenForest",44.048501,-71.297965,"WGS84",45.2,416.1,0.2,"6 - trap set and empty","ShermanLF","2023-09-22","2023-09-22",,,,,,,,,,,,,,,,,,,,,,,,,,,,,,,,,,,,,,,,,,,,"0009-0004-7358-8332","0009-0000-8146-6897",,,"6f1c1626-c06e-44c2-a758-54850c95aee5"
"9503e7d9-06ac-4e48-b00b-5db9f4ec6366","7ecedb40-7268-4682-ad85-a91380186fb6","BART_084.mammalGrid.mam","D01","BART","BART_084","C5","distributed","evergreenForest",44.048501,-71.297965,"WGS84",45.2,416.1,0.2,"6 - trap set and empty","ShermanLF","2023-09-22","2023-09-22",,,,,,,,,,,,,,,,,,,,,,,,,,,,,,,,,,,,,,,,,,,,"0009-0004-7358-8332","0009-0000-8146-6897",,,"92eeab77-256a-42dd-875c-03a9ad0761d0"
"96d2319b-65ed-4b96-8175-efbe1e76754b","7ecedb40-7268-4682-ad85-a91380186fb6","BART_084.mammalGrid.mam","D01","BART","BART_084","J5","distributed","evergreenForest",44.048501,-71.297965,"WGS84",45.2,416.1,0.2,"2 - trap disturbed/door closed but empty","ShermanLF","2023-09-22","2023-09-22",,,,,,,,,,,,,,,,,,,,,,,,,,,,,"did not check","dry ice",,,,,,,,,,,,,,"0009-0004-7358-8332","0009-0000-8146-6897",,,"b120a9a7-31ea-4dde-984f-f0bd7d2a1bc0"
"3b3c8c0c-5366-45b2-80ab-f6d97473aacb","dc5a1722-aaf9-48f3-8d55-109840340a18","BART_007.mammalGrid.mam","D01","BART","BART_007","B1","distributed","mixedForest",44.051112,-71.298377,"WGS84",45.2,382.7,0.4,"1 - trap not set","ShermanLF","2023-09-22","2023-09-22",,,,,,,,,,,,,,,,,,,,,,,,,,,,,"did not check","dry ice",,,,,,,,,,,,,,"0009-0003-6644-7278","0009-0009-1224-8349",,,"3c8b32ca-4ba6-46ce-a256-e3a8809725b7"
"9dff456f-676a-48a0-ac46-73334377e2f2","7ecedb40-7268-4682-ad85-a91380186fb6","BART_084.mammalGrid.mam","D01","BART","BART_084","E3","distributed","evergreenForest",44.048501,-71.297965,"WGS84",45.2,416.1,0.2,"6 - trap set and empty","ShermanLF","2023-09-22","2023-09-22",,,,,,,,,,,,,,,,,,,,,,,,,,,,,,,,,,,,,,,,,,,,"0009-0004-7358-8332","0009-0000-8146-6897",,,"52d57520-052e-4a90-b817-ee901c6d722b"
"e795fe13-c0f5-4a92-9e0e-2de3c04261c9","7ecedb40-7268-4682-ad85-a91380186fb6","BART_084.mammalGrid.mam","D01","BART","BART_084","I10","distributed","evergreenForest",44.048501,-71.297965,"WGS84",45.2,416.1,0.2,"3 - trap door open or closed w/ spoor left","ShermanLF","2023-09-22","2023-09-22",,,,,,,,,,,,,,,,,,,,,,,,,,,,,"did not check","dry ice",,,,,,,,,,,,,,"0009-0004-7358-8332","0009-0000-8146-6897",,,"1b2540d4-f785-43f7-8825-59ed0e662d0a"
"98c63854-38f0-4c90-8a79-14d66268363e","dc5a1722-aaf9-48f3-8d55-109840340a18","BART_007.mammalGrid.mam","D01","BART","BART_007","A8","distributed","mixedForest",44.051112,-71.298377,"WGS84",45.2,382.7,0.4,"6 - trap set and empty","ShermanLF","2023-09-22","2023-09-22",,,,,,,,,,,,,,,,,,,,,,,,,,,,,,,,,,,,,,,,,,,,"0009-0003-6644-7278","0009-0009-1224-8349",,,"b3f8e82d-1f61-403e-9277-d4a9dcf8fc89"
"8b91121c-7d2b-4e99-a53d-58ba293a1992","7ecedb40-7268-4682-ad85-a91380186fb6","BART_084.mammalGrid.mam","D01","BART","BART_084","C3","distributed","evergreenForest",44.048501,-71.297965,"WGS84",45.2,416.1,0.2,"6 - trap set and empty","ShermanLF","2023-09-22","2023-09-22",,,,,,,,,,,,,,,,,,,,,,,,,,,,,"did not check","dry ice",,,,,,,,,,,,,,"0009-0004-7358-8332","0009-0000-8146-6897",,,"22f0f21f-6134-46c1-9c1b-2e69d863c6ee"
"00c0f629-57d9-4fba-a568-25f1bf4f4af7","dc5a1722-aaf9-48f3-8d55-109840340a18","BART_007.mammalGrid.mam","D01","BART","BART_007","F1","distributed","mixedForest",44.051112,-71.298377,"WGS84",45.2,382.7,0.4,"6 - trap set and empty","ShermanLF","2023-09-22","2023-09-22",,,,,,,,,,,,,,,,,,,,,,,,,,,,,,,,,,,,,,,,,,,,"0009-0003-6644-7278","0009-0009-1224-8349",,,"42fbfd1c-11e7-473b-a3d2-60ef88d45253"
"635ceb1d-0f5f-49c3-8d24-86f53e4cae57","dc5a1722-aaf9-48f3-8d55-109840340a18","BART_007.mammalGrid.mam","D01","BART","BART_007","J10","distributed","mixedForest",44.051112,-71.298377,"WGS84",45.2,382.7,0.4,"6 - trap set and empty","ShermanLF","2023-09-22","2023-09-22",,,,,,,,,,,,,,,,,,,,,,,,,,,,,,,,,,,,,,,,,,,,"0009-0003-6644-7278","0009-0009-1224-8349",,,"5e7976be-28ec-44c3-89c1-d64ef04d493c"
"2c59aa79-0fe6-4a3d-b3ce-ec21cd820446","dc5a1722-aaf9-48f3-8d55-109840340a18","BART_007.mammalGrid.mam","D01","BART","BART_007","G1","distributed","mixedForest",44.051112,-71.298377,"WGS84",45.2,382.7,0.4,"6 - trap set and empty","ShermanLF","2023-09-22","2023-09-22",,,,,,,,,,,,,,,,,,,,,,,,,,,,,,,,,,,,,,,,,,,,"0009-0003-6644-7278","0009-0009-1224-8349",,,"69a5929c-98e0-4c91-a019-74583da9846b"
"4b5b0886-cc2b-4dd5-a7e0-e6f602316a4e","7ecedb40-7268-4682-ad85-a91380186fb6","BART_084.mammalGrid.mam","D01","BART","BART_084","F2","distributed","evergreenForest",44.048501,-71.297965,"WGS84",45.2,416.1,0.2,"3 - trap door open or closed w/ spoor left","ShermanLF","2023-09-22","2023-09-22",,,,,,,,,,,,,,,,,,,,,,,,,,,,,"did not check","dry ice",,,,,,,,,,,,,,"0009-0004-7358-8332","0009-0000-8146-6897",,,"9d368cc8-caaa-4d46-a1be-13bbf36c5ace"
"1aad13b8-a75e-4bbc-8f26-b56cbf111416","dc5a1722-aaf9-48f3-8d55-109840340a18","BART_007.mammalGrid.mam","D01","BART","BART_007","F6","distributed","mixedForest",44.051112,-71.298377,"WGS84",45.2,382.7,0.4,"6 - trap set and empty","ShermanLF","2023-09-22","2023-09-22",,,,,,,,,,,,,,,,,,,,,,,,,,,,,,,,,,,,,,,,,,,,"0009-0003-6644-7278","0009-0009-1224-8349",,,"b58f8257-0025-464b-8410-380d564efea6"
"5f2a9b1b-5482-49ae-bf52-6f0c7e37bb17","dc5a1722-aaf9-48f3-8d55-109840340a18","BART_007.mammalGrid.mam","D01","BART","BART_007","G9","distributed","mixedForest",44.051112,-71.298377,"WGS84",45.2,382.7,0.4,"6 - trap set and empty","ShermanLF","2023-09-22","2023-09-22",,,,,,,,,,,,,,,,,,,,,,,,,,,,,,,,,,,,,,,,,,,,"0009-0003-6644-7278","0009-0009-1224-8349",,,"e9895007-df31-44ba-b7a0-cca04e8f33bd"
"32088b2b-c3bf-4505-a138-fd43f0c1b077","dc5a1722-aaf9-48f3-8d55-109840340a18","BART_007.mammalGrid.mam","D01","BART","BART_007","C9","distributed","mixedForest",44.051112,-71.298377,"WGS84",45.2,382.7,0.4,"6 - trap set and empty","ShermanLF","2023-09-22","2023-09-22",,,,,,,,,,,,,,,,,,,,,,,,,,,,,,,,,,,,,,,,,,,,"0009-0003-6644-7278","0009-0009-1224-8349",,,"7181f2ff-dc3a-4311-858c-2d6a91da48b5"
"2a712544-f3e4-4cc2-9f98-175d8eb472f7","dc5a1722-aaf9-48f3-8d55-109840340a18","BART_007.mammalGrid.mam","D01","BART","BART_007","I1","distributed","mixedForest",44.051112,-71.298377,"WGS84",45.2,382.7,0.4,"6 - trap set and empty","ShermanLF","2023-09-22","2023-09-22",,,,,,,,,,,,,,,,,,,,,,,,,,,,,,,,,,,,,,,,,,,,"0009-0003-6644-7278","0009-0009-1224-8349",,,"e3425459-4310-4285-a3df-24228934b7bf"
"16136c0e-5465-4600-b37b-cdefe2f43243","dc5a1722-aaf9-48f3-8d55-109840340a18","BART_007.mammalGrid.mam","D01","BART","BART_007","B8","distributed","mixedForest",44.051112,-71.298377,"WGS84",45.2,382.7,0.4,"6 - trap set and empty","ShermanLF","2023-09-22","2023-09-22",,,,,,,,,,,,,,,,,,,,,,,,,,,,,,,,,,,,,,,,,,,,"0009-0003-6644-7278","0009-0009-1224-8349",,,"21ec413f-bbda-4409-ba27-6cda2d6bf77b"
"a1d3cd2b-bcb0-451e-9899-c368a5115375","dc5a1722-aaf9-48f3-8d55-109840340a18","BART_007.mammalGrid.mam","D01","BART","BART_007","G8","distributed","mixedForest",44.051112,-71.298377,"WGS84",45.2,382.7,0.4,"2 - trap disturbed/door closed but empty","ShermanLF","2023-09-22","2023-09-22",,,,,,,,,,,,,,,,,,,,,,,,,,,,,"did not check","dry ice",,,,,,,,,,,,,,"0009-0003-6644-7278","0009-0009-1224-8349",,,"370e7a4f-9324-456f-88d5-67cdc3fa3187"
"e8ad505f-6e6f-448a-9168-a19d7326078a","7ecedb40-7268-4682-ad85-a91380186fb6","BART_084.mammalGrid.mam","D01","BART","BART_084","H5","distributed","evergreenForest",44.048501,-71.297965,"WGS84",45.2,416.1,0.2,"5 - capture","ShermanLF","2023-09-22","2023-09-22","NEON.MAM.D01.O084H520230922",,"MYGA","Myodes gapperi","species",,"NEON.DOC.001907",,,"N","M","U","processed",,"adult","scrotal",,,,19,,,,27,"U","U","U",,"did not check","dry ice",,,,,,,,,,,,,,"0009-0004-7358-8332","0009-0000-8146-6897","Leg swollen",,"b51af545-82e3-413c-be89-4a4f2ed18a9b"
"9477ace3-9ed5-4927-a5db-20b99cef4c2c","dc5a1722-aaf9-48f3-8d55-109840340a18","BART_007.mammalGrid.mam","D01","BART","BART_007","J4","distributed","mixedForest",44.051112,-71.298377,"WGS84",45.2,382.7,0.4,"6 - trap set and empty","ShermanLF","2023-09-22","2023-09-22",,,,,,,,,,,,,,,,,,,,,,,,,,,,,,,,,,,,,,,,,,,,"0009-0003-6644-7278","0009-0009-1224-8349",,,"d0b688f4-8045-4fe8-ae6b-234c2027e8d1"
"eb7390cd-a5e0-419d-97df-76bbd74c18f4","dc5a1722-aaf9-48f3-8d55-109840340a18","BART_007.mammalGrid.mam","D01","BART","BART_007","C8","distributed","mixedForest",44.051112,-71.298377,"WGS84",45.2,382.7,0.4,"6 - trap set and empty","ShermanLF","2023-09-22","2023-09-22",,,,,,,,,,,,,,,,,,,,,,,,,,,,,,,,,,,,,,,,,,,,"0009-0003-6644-7278","0009-0009-1224-8349",,,"d10c1e0b-bad9-4126-99dc-28189e5a4302"
"efd96027-f84e-49af-ad21-1846df209ce1","dc5a1722-aaf9-48f3-8d55-109840340a18","BART_007.mammalGrid.mam","D01","BART","BART_007","E9","distributed","mixedForest",44.051112,-71.298377,"WGS84",45.2,382.7,0.4,"3 - trap door open or closed w/ spoor left","ShermanLF","2023-09-22","2023-09-22",,,,,,,,,,,,,,,,,,,,,,,,,,,,,"did not check","dry ice",,,,,,,,,,,,,,"0009-0003-6644-7278","0009-0009-1224-8349",,,"37ceaa64-3459-4ae2-9615-4c9e9f0c3c24"
"b15ddcf7-02e8-4fa3-bb24-6af7ee9897a7","7ecedb40-7268-4682-ad85-a91380186fb6","BART_084.mammalGrid.mam","D01","BART","BART_084","J7","distributed","evergreenForest",44.048501,-71.297965,"WGS84",45.2,416.1,0.2,"6 - trap set and empty","ShermanLF","2023-09-22","2023-09-22",,,,,,,,,,,,,,,,,,,,,,,,,,,,,,,,,,,,,,,,,,,,"0009-0004-7358-8332","0009-0000-8146-6897",,,"a0820321-d7f9-4b40-8963-3104cd828197"
"16526202-63db-4318-a58b-cadc52086834","dc5a1722-aaf9-48f3-8d55-109840340a18","BART_007.mammalGrid.mam","D01","BART","BART_007","E8","distributed","mixedForest",44.051112,-71.298377,"WGS84",45.2,382.7,0.4,"6 - trap set and empty","ShermanLF","2023-09-22","2023-09-22",,,,,,,,,,,,,,,,,,,,,,,,,,,,,,,,,,,,,,,,,,,,"0009-0003-6644-7278","0009-0009-1224-8349",,,"ea20b7d1-7e67-4a43-9aed-82973cf4c29a"
"565b6a2a-a3e1-4195-ae16-b0b71e85e5f8","7ecedb40-7268-4682-ad85-a91380186fb6","BART_084.mammalGrid.mam","D01","BART","BART_084","D10","distributed","evergreenForest",44.048501,-71.297965,"WGS84",45.2,416.1,0.2,"5 - capture","ShermanLF","2023-09-22","2023-09-22","NEON.MAM.D01.O084D1020230922",,"SOCI","Sorex cinereus","species",,"NEON.DOC.001907",,"taxonID confirmed, sex and reproductive conditions updated","N","M","N","dead",,"unknown",,,,,,,,,,"U","U","U",,"did not check","dry ice",,,,,,,,,,,,"BART.20230922.O084D1020230922.V","B00000031693","0009-0004-7358-8332","0009-0000-8146-6897",,,"bedb3744-6412-4ca4-92b2-93af61f07e5b"
"5ac9f99e-96a8-4729-9e57-916a2e47a62d","7ecedb40-7268-4682-ad85-a91380186fb6","BART_084.mammalGrid.mam","D01","BART","BART_084","H2","distributed","evergreenForest",44.048501,-71.297965,"WGS84",45.2,416.1,0.2,"6 - trap set and empty","ShermanLF","2023-09-22","2023-09-22",,,,,,,,,,,,,,,,,,,,,,,,,,,,,,,,,,,,,,,,,,,,"0009-0004-7358-8332","0009-0000-8146-6897",,,"ac025b9f-1bed-4792-b06f-1eb72a0bff2c"
"e91561a6-3e31-480e-bbb6-1a74e97391ab","dc5a1722-aaf9-48f3-8d55-109840340a18","BART_007.mammalGrid.mam","D01","BART","BART_007","F4","distributed","mixedForest",44.051112,-71.298377,"WGS84",45.2,382.7,0.4,"6 - trap set and empty","ShermanLF","2023-09-22","2023-09-22",,,,,,,,,,,,,,,,,,,,,,,,,,,,,,,,,,,,,,,,,,,,"0009-0003-6644-7278","0009-0009-1224-8349",,,"d168ba1b-6644-4057-80be-2185efae2162"
"8dd46cfb-817c-4238-9006-fdd09550b686","dc5a1722-aaf9-48f3-8d55-109840340a18","BART_007.mammalGrid.mam","D01","BART","BART_007","D4","distributed","mixedForest",44.051112,-71.298377,"WGS84",45.2,382.7,0.4,"6 - trap set and empty","ShermanLF","2023-09-22","2023-09-22",,,,,,,,,,,,,,,,,,,,,,,,,,,,,,,,,,,,,,,,,,,,"0009-0003-6644-7278","0009-0009-1224-8349",,,"e340d09a-660d-46c6-8d2e-e16ec17b45ce"
"f95387a5-7720-4582-af5b-4ac5d6b39347","dc5a1722-aaf9-48f3-8d55-109840340a18","BART_007.mammalGrid.mam","D01","BART","BART_007","F7","distributed","mixedForest",44.051112,-71.298377,"WGS84",45.2,382.7,0.4,"6 - trap set and empty","ShermanLF","2023-09-22","2023-09-22",,,,,,,,,,,,,,,,,,,,,,,,,,,,,,,,,,,,,,,,,,,,"0009-0003-6644-7278","0009-0009-1224-8349",,,"3a7aa906-36f2-49f0-bca0-b7208843778c"
"77aa6bea-8c13-44de-a98c-b0b73a644f26","7ecedb40-7268-4682-ad85-a91380186fb6","BART_084.mammalGrid.mam","D01","BART","BART_084","D8","distributed","evergreenForest",44.048501,-71.297965,"WGS84",45.2,416.1,0.2,"6 - trap set and empty","ShermanLF","2023-09-22","2023-09-22",,,,,,,,,,,,,,,,,,,,,,,,,,,,,,,,,,,,,,,,,,,,"0009-0004-7358-8332","0009-0000-8146-6897",,,"ed52932a-9691-49d3-b7a0-2ab6aeae2a7c"
"12ed8eca-32ae-4040-91c5-737458d3ab22","7ecedb40-7268-4682-ad85-a91380186fb6","BART_084.mammalGrid.mam","D01","BART","BART_084","F3","distributed","evergreenForest",44.048501,-71.297965,"WGS84",45.2,416.1,0.2,"6 - trap set and empty","ShermanLF","2023-09-22","2023-09-22",,,,,,,,,,,,,,,,,,,,,,,,,,,,,,,,,,,,,,,,,,,,"0009-0004-7358-8332","0009-0000-8146-6897",,,"688c3ae6-b3c2-4b01-a364-d2a2834ddcdc"
"c305cc69-9d44-4e22-849f-e813aa5a5d6b","7ecedb40-7268-4682-ad85-a91380186fb6","BART_084.mammalGrid.mam","D01","BART","BART_084","H8","distributed","evergreenForest",44.048501,-71.297965,"WGS84",45.2,416.1,0.2,"5 - capture","ShermanLF","2023-09-22","2023-09-22","NEON.MAM.D01.L6314",,"PELEPEMA","Peromyscus leucopus/maniculatus","speciesGroup",,"NEON.DOC.001907",,,"N","M","N","processed",,"adult","scrotal",,,,22,18,94,,21,"U","U","U",,"did not check","dry ice",,,,,,,,,,,,,,"0009-0004-7358-8332","0009-0000-8146-6897",,,"8140146d-4f4a-4cd8-84bc-3676766f683c"
"eeaef10f-8db3-4f62-8697-8301b857fa8e","7ecedb40-7268-4682-ad85-a91380186fb6","BART_084.mammalGrid.mam","D01","BART","BART_084","D9","distributed","evergreenForest",44.048501,-71.297965,"WGS84",45.2,416.1,0.2,"6 - trap set and empty","ShermanLF","2023-09-22","2023-09-22",,,,,,,,,,,,,,,,,,,,,,,,,,,,,,,,,,,,,,,,,,,,"0009-0004-7358-8332","0009-0000-8146-6897",,,"d262015e-bdc7-4d8d-b68f-ae685aad8b0f"
"d037e3a0-e47f-4d82-ba18-5b7c00a81367","dc5a1722-aaf9-48f3-8d55-109840340a18","BART_007.mammalGrid.mam","D01","BART","BART_007","C7","distributed","mixedForest",44.051112,-71.298377,"WGS84",45.2,382.7,0.4,"6 - trap set and empty","ShermanLF","2023-09-22","2023-09-22",,,,,,,,,,,,,,,,,,,,,,,,,,,,,,,,,,,,,,,,,,,,"0009-0003-6644-7278","0009-0009-1224-8349",,,"46bc3f5d-d868-4bb4-a3ec-c14befab75b9"
"5244e4b3-946e-4ad6-b722-2fb63aefcc86","7ecedb40-7268-4682-ad85-a91380186fb6","BART_084.mammalGrid.mam","D01","BART","BART_084","B7","distributed","evergreenForest",44.048501,-71.297965,"WGS84",45.2,416.1,0.2,"6 - trap set and empty","ShermanLF","2023-09-22","2023-09-22",,,,,,,,,,,,,,,,,,,,,,,,,,,,,,,,,,,,,,,,,,,,"0009-0004-7358-8332","0009-0000-8146-6897",,,"85217eb9-e382-460d-923b-8932ad93330e"
"60ac64e2-cb5f-4f7b-8fc6-64a62341fb34","dc5a1722-aaf9-48f3-8d55-109840340a18","BART_007.mammalGrid.mam","D01","BART","BART_007","F9","distributed","mixedForest",44.051112,-71.298377,"WGS84",45.2,382.7,0.4,"6 - trap set and empty","ShermanLF","2023-09-22","2023-09-22",,,,,,,,,,,,,,,,,,,,,,,,,,,,,,,,,,,,,,,,,,,,"0009-0003-6644-7278","0009-0009-1224-8349",,,"32281a47-000c-4aeb-8bd8-4ede88349475"
"cca49696-4f1f-4157-abc8-0b2f532c2668","dc5a1722-aaf9-48f3-8d55-109840340a18","BART_007.mammalGrid.mam","D01","BART","BART_007","J3","distributed","mixedForest",44.051112,-71.298377,"WGS84",45.2,382.7,0.4,"6 - trap set and empty","ShermanLF","2023-09-22","2023-09-22",,,,,,,,,,,,,,,,,,,,,,,,,,,,,,,,,,,,,,,,,,,,"0009-0003-6644-7278","0009-0009-1224-8349",,,"964ee621-d453-485f-a18d-c3177054a714"
"c0dfe69d-6074-49bb-9ee2-0c5ce20e1f2c","7ecedb40-7268-4682-ad85-a91380186fb6","BART_084.mammalGrid.mam","D01","BART","BART_084","H7","distributed","evergreenForest",44.048501,-71.297965,"WGS84",45.2,416.1,0.2,"6 - trap set and empty","ShermanLF","2023-09-22","2023-09-22",,,,,,,,,,,,,,,,,,,,,,,,,,,,,,,,,,,,,,,,,,,,"0009-0004-7358-8332","0009-0000-8146-6897",,,"f5fcdd3e-daff-4415-bd1f-2303d3ca1e66"
"0fca47ff-d61f-42d5-8b1d-a6c90835ef57","dc5a1722-aaf9-48f3-8d55-109840340a18","BART_007.mammalGrid.mam","D01","BART","BART_007","I3","distributed","mixedForest",44.051112,-71.298377,"WGS84",45.2,382.7,0.4,"6 - trap set and empty","ShermanLF","2023-09-22","2023-09-22",,,,,,,,,,,,,,,,,,,,,,,,,,,,,,,,,,,,,,,,,,,,"0009-0003-6644-7278","0009-0009-1224-8349",,,"e0df5be9-31bb-4cf1-b990-a0701c086619"
"6a0fe133-af47-4808-8167-4625d1e2eae2","7ecedb40-7268-4682-ad85-a91380186fb6","BART_084.mammalGrid.mam","D01","BART","BART_084","D5","distributed","evergreenForest",44.048501,-71.297965,"WGS84",45.2,416.1,0.2,"6 - trap set and empty","ShermanLF","2023-09-22","2023-09-22",,,,,,,,,,,,,,,,,,,,,,,,,,,,,,,,,,,,,,,,,,,,"0009-0004-7358-8332","0009-0000-8146-6897",,,"fa105c4a-0738-433a-aaa7-6a0927036aba"
"94d81aae-02ed-496a-872d-a6261c21521e","dc5a1722-aaf9-48f3-8d55-109840340a18","BART_007.mammalGrid.mam","D01","BART","BART_007","F10","distributed","mixedForest",44.051112,-71.298377,"WGS84",45.2,382.7,0.4,"6 - trap set and empty","ShermanLF","2023-09-22","2023-09-22",,,,,,,,,,,,,,,,,,,,,,,,,,,,,,,,,,,,,,,,,,,,"0009-0003-6644-7278","0009-0009-1224-8349",,,"68a9571c-df4f-42c8-b099-d34999d57669"
