uid,nightuid,namedLocation,domainID,siteID,plotID,trapCoordinate,plotType,nlcdClass,decimalLatitude,decimalLongitude,geodeticDatum,coordinateUncertainty,elevation,elevationUncertainty,trapStatus,trapType,collectDate,endDate,tagID,individualCode,taxonID,scientificName,taxonRank,identificationQualifier,identificationReferences,identificationHistoryID,voucherUpdate,nativeStatusCode,sex,recapture,fate,replacedTag,lifeStage,testes,nipples,pregnancyStatus,vagina,hindfootLength,earLength,tailLength,totalLength,weight,larvalTicksAttached,nymphalTicksAttached,adultTicksAttached,tickNumber,additionalParasites,frozenSamplePrepMethod,bloodSampleID,bloodSampleBarcode,bloodSampleMethod,bloodSampleVolume,fecalSampleID,fecalSampleBarcode,fecalSampleCondition,earSampleID,earSampleBarcode,hairSampleID,hairSampleBarcode,hairSampleContents,voucherSampleID,voucherSampleBarcode,measuredBy,recordedBy,identifiedBy,identifiedDate,remarks,dataQF,dataEntryRecordID
"7e7e3177-98df-4429-b4c7-f65e7fbf4276","f5bf7fcb-c38c-4cb4-9904-a87f0594068d","NOGP_017.mammalGrid.mam","D09","NOGP","NOGP_017","G1","distributed","grasslandHerbaceous",46.791856,-100.918686,"WGS84",45.1,556.8,0.1,"6 - trap set and empty","ShermanXLK","2025-07-15","2025-07-15",,,,,,,,,,,,,,,,,,,,,,,,,,,,,,,,,,,,,,,,,,,,,"0009-0000-8940-8632","0009-0000-9880-3001",,,,,"83d9edf4-2b22-4445-a644-6b865a637460"
"f70ed677-9ee0-429c-902f-6499b5c6d3d4","f8f61ab2-1b0e-42b6-9226-240193bdd1c6","NOGP_005.mammalGrid.mam","D09","NOGP","NOGP_005","I1","distributed","grasslandHerbaceous",46.788065,-100.913882,"WGS84",45.1,562.2,0.1,"6 - trap set and empty","ShermanLF","2025-07-15","2025-07-15",,,,,,,,,,,,,,,,,,,,,,,,,,,,,,,,,,,,,,,,,,,,,"0009-0006-6432-3978","0009-0002-2817-390X",,,,,"b6b30b7d-935e-4d7f-93c1-8cb71d586316"
"d71d272e-d7e9-44db-a297-49ac3165f6b6","b692fa68-1fd8-4a88-b041-5c081de055a0","NOGP_007.mammalGrid.mam","D09","NOGP","NOGP_007","J5","distributed","grasslandHerbaceous",46.810415,-100.903576,"WGS84",45.1,519.6,0.1,"6 - trap set and empty","ShermanLF","2025-07-15","2025-07-15",,,,,,,,,,,,,,,,,,,,,,,,,,,,,,,,,,,,,,,,,,,,,"0009-0000-8940-8632","0009-0006-7557-7412",,,,,"055ae20a-2b8f-4c60-a257-247b80c94767"
"f66c873d-3d71-4f01-9b56-e638fba9ebbe","b692fa68-1fd8-4a88-b041-5c081de055a0","NOGP_007.mammalGrid.mam","D09","NOGP","NOGP_007","G8","distributed","grasslandHerbaceous",46.810415,-100.903576,"WGS84",45.1,519.6,0.1,"5 - capture","ShermanLF","2025-07-15","2025-07-15","NEON.MAM.D09.873097",,"CHHI","Chaetodipus hispidus","species",,,,,"UNK","M","N","processed",,"adult","nonscrotal",,,,24,,,,47,"N","N","N",,"none","dry ice",,,,,"NOGP.20250715.873097.F","D00000246242","ok","NOGP.20250715.873097.E","D00000197807","NOGP.20250715.873097.H","A00000378865","hairAndWhisker",,,"0009-0000-8940-8632","0009-0006-7557-7412",,,,,"8cb1a9c1-2241-4148-b3e1-7734d9256cae"
"4049ad23-fcdf-446b-ab15-577c0b9d6f4c","f8f61ab2-1b0e-42b6-9226-240193bdd1c6","NOGP_005.mammalGrid.mam","D09","NOGP","NOGP_005","C1","distributed","grasslandHerbaceous",46.788065,-100.913882,"WGS84",45.1,562.2,0.1,"5 - capture","ShermanLF","2025-07-15","2025-07-15","NEON.MAM.D09.R8406",,"PELE","Peromyscus leucopus","species",,,,,"N","F","Y","processed",,"adult",,"enlarged","not","neither",21,,,,32,"N","N","N",,"none","dry ice","NOGP.20250715.R8406.B","D00000246178","mandibular",,"NOGP.20250715.R8406.F","D00000246186","ok",,,,,,,,"0009-0006-6432-3978","0009-0002-2817-390X",,,,,"ef944b47-ee61-43fb-91a3-27af109b2043"
"deba88c0-5aeb-4917-b044-f5a9d1a6ca39","f8f61ab2-1b0e-42b6-9226-240193bdd1c6","NOGP_005.mammalGrid.mam","D09","NOGP","NOGP_005","B2","distributed","grasslandHerbaceous",46.788065,-100.913882,"WGS84",45.1,562.2,0.1,"6 - trap set and empty","ShermanLF","2025-07-15","2025-07-15",,,,,,,,,,,,,,,,,,,,,,,,,,,,,"did not check","dry ice",,,,,,,,,,,,,,,"0009-0006-6432-3978","0009-0002-2817-390X",,,,,"e17cfd68-39ee-437f-ae0a-f1071b88d0a7"
"22162023-95a7-4fca-8da1-7e9bfbb74f67","f8f61ab2-1b0e-42b6-9226-240193bdd1c6","NOGP_005.mammalGrid.mam","D09","NOGP","NOGP_005","A3","distributed","grasslandHerbaceous",46.788065,-100.913882,"WGS84",45.1,562.2,0.1,"2 - trap disturbed/door closed but empty","ShermanLF","2025-07-15","2025-07-15",,,,,,,,,,,,,,,,,,,,,,,,,,,,,"did not check","dry ice",,,,,,,,,,,,,,,"0009-0006-6432-3978","0009-0002-2817-390X",,,,,"d66c08a2-092a-488f-93da-d1cd7f645aa8"
"71adef83-a4c0-45e0-87f0-5d3164c06ac6","7d2fb23d-c551-4dab-bdb2-84cbd125f6ef","NOGP_002.mammalGrid.mam","D09","NOGP","NOGP_002","B3","distributed","grasslandHerbaceous",46.799664,-100.910770,"WGS84",45.1,547.4,0.1,"6 - trap set and empty","ShermanXLK","2025-07-15","2025-07-15",,,,,,,,,,,,,,,,,,,,,,,,,,,,,,,,,,,,,,,,,,,,,"0009-0000-8940-8632","0009-0000-9880-3001",,,,,"3e56a0dd-805b-4729-86a0-0b74e88c0d31"
"3cfd0bd3-aa62-4de1-bae7-fcb29360c328","f8f61ab2-1b0e-42b6-9226-240193bdd1c6","NOGP_005.mammalGrid.mam","D09","NOGP","NOGP_005","A4","distributed","grasslandHerbaceous",46.788065,-100.913882,"WGS84",45.1,562.2,0.1,"6 - trap set and empty","ShermanLF","2025-07-15","2025-07-15",,,,,,,,,,,,,,,,,,,,,,,,,,,,,,,,,,,,,,,,,,,,,"0009-0006-6432-3978","0009-0002-2817-390X",,,,,"92f7878b-6874-412b-a2e7-912881df8168"
"3f6879f6-22dc-48f1-aa32-a23a47226363","f5bf7fcb-c38c-4cb4-9904-a87f0594068d","NOGP_017.mammalGrid.mam","D09","NOGP","NOGP_017","F9","distributed","grasslandHerbaceous",46.791856,-100.918686,"WGS84",45.1,556.8,0.1,"6 - trap set and empty","ShermanXLK","2025-07-15","2025-07-15",,,,,,,,,,,,,,,,,,,,,,,,,,,,,,,,,,,,,,,,,,,,,"0009-0000-8940-8632","0009-0000-9880-3001",,,,,"6df1ea28-0bf4-4e6c-8e2e-c510ea41ad6e"
"56615c3d-706b-4088-baad-3875d152240c","b692fa68-1fd8-4a88-b041-5c081de055a0","NOGP_007.mammalGrid.mam","D09","NOGP","NOGP_007","F8","distributed","grasslandHerbaceous",46.810415,-100.903576,"WGS84",45.1,519.6,0.1,"6 - trap set and empty","ShermanLF","2025-07-15","2025-07-15",,,,,,,,,,,,,,,,,,,,,,,,,,,,,,,,,,,,,,,,,,,,,"0009-0000-8940-8632","0009-0006-7557-7412",,,,,"b76c3a17-8300-4745-b9c1-da6bacd5aa9e"
"39343bfe-8c7b-4348-af52-65d71967a501","7d2fb23d-c551-4dab-bdb2-84cbd125f6ef","NOGP_002.mammalGrid.mam","D09","NOGP","NOGP_002","H10","distributed","grasslandHerbaceous",46.799664,-100.910770,"WGS84",45.1,547.4,0.1,"6 - trap set and empty","ShermanXLK","2025-07-15","2025-07-15",,,,,,,,,,,,,,,,,,,,,,,,,,,,,,,,,,,,,,,,,,,,,"0009-0000-8940-8632","0009-0000-9880-3001",,,,,"e5d671f8-d8fb-48ce-8824-894d79a31985"
"0d6ca108-b638-4051-8347-c844ee752868","b692fa68-1fd8-4a88-b041-5c081de055a0","NOGP_007.mammalGrid.mam","D09","NOGP","NOGP_007","I2","distributed","grasslandHerbaceous",46.810415,-100.903576,"WGS84",45.1,519.6,0.1,"5 - capture","ShermanLF","2025-07-15","2025-07-15","NEON.MAM.D09.335318",,"CHHI","Chaetodipus hispidus","species",,,,,"UNK","F","N","processed",,"adult",,"nonenlarged","not","neither",26,,,,56,"N","N","N",,"none","dry ice",,,,,"NOGP.20250715.335318.F","D00000197810","ok","NOGP.20250715.335318.E","D00000197818","NOGP.20250715.335318.H","A00000378864","hairAndWhisker",,,"0009-0000-8940-8632","0009-0006-7557-7412",,,,,"9f337989-b474-402a-ae22-8f91e623fb76"
"67f2071a-ce12-4224-982d-b235f9a7feae","7d2fb23d-c551-4dab-bdb2-84cbd125f6ef","NOGP_002.mammalGrid.mam","D09","NOGP","NOGP_002","G5","distributed","grasslandHerbaceous",46.799664,-100.910770,"WGS84",45.1,547.4,0.1,"6 - trap set and empty","ShermanXLK","2025-07-15","2025-07-15",,,,,,,,,,,,,,,,,,,,,,,,,,,,,,,,,,,,,,,,,,,,,"0009-0000-8940-8632","0009-0000-9880-3001",,,,,"6bf04fa9-a6dd-43d4-886d-1b2c584bf2dd"
"8a182e64-55aa-4b99-bd7d-443cea0c3b2f","b692fa68-1fd8-4a88-b041-5c081de055a0","NOGP_007.mammalGrid.mam","D09","NOGP","NOGP_007","A2","distributed","grasslandHerbaceous",46.810415,-100.903576,"WGS84",45.1,519.6,0.1,"6 - trap set and empty","ShermanLF","2025-07-15","2025-07-15",,,,,,,,,,,,,,,,,,,,,,,,,,,,,,,,,,,,,,,,,,,,,"0009-0000-8940-8632","0009-0006-7557-7412",,,,,"9328b372-2d59-4325-bfd9-eff258778e1e"
"d34fafed-a0ca-4d9a-ab7e-2cc109862fdb","7d2fb23d-c551-4dab-bdb2-84cbd125f6ef","NOGP_002.mammalGrid.mam","D09","NOGP","NOGP_002","B5","distributed","grasslandHerbaceous",46.799664,-100.910770,"WGS84",45.1,547.4,0.1,"6 - trap set and empty","ShermanXLK","2025-07-15","2025-07-15",,,,,,,,,,,,,,,,,,,,,,,,,,,,,,,,,,,,,,,,,,,,,"0009-0000-8940-8632","0009-0000-9880-3001",,,,,"b74f1f62-2560-46bb-ae2b-f2b9d22bfbe3"
"95f4ca5c-7d38-40bc-b89b-7c9503b7a83e","b692fa68-1fd8-4a88-b041-5c081de055a0","NOGP_007.mammalGrid.mam","D09","NOGP","NOGP_007","A7","distributed","grasslandHerbaceous",46.810415,-100.903576,"WGS84",45.1,519.6,0.1,"6 - trap set and empty","ShermanLF","2025-07-15","2025-07-15",,,,,,,,,,,,,,,,,,,,,,,,,,,,,,,,,,,,,,,,,,,,,"0009-0000-8940-8632","0009-0006-7557-7412",,,,,"d34e9e31-4b63-4be3-b495-9e67b5cef67e"
"6ec977ca-0dd6-4d22-919b-384f8c746767","f8f61ab2-1b0e-42b6-9226-240193bdd1c6","NOGP_005.mammalGrid.mam","D09","NOGP","NOGP_005","A10","distributed","grasslandHerbaceous",46.788065,-100.913882,"WGS84",45.1,562.2,0.1,"6 - trap set and empty","ShermanLF","2025-07-15","2025-07-15",,,,,,,,,,,,,,,,,,,,,,,,,,,,,,,,,,,,,,,,,,,,,"0009-0006-6432-3978","0009-0002-2817-390X",,,,,"927fe112-ac54-4749-92e5-6522c47caf9b"
"1f364ba7-c868-4e2e-befa-3924a14303aa","f8f61ab2-1b0e-42b6-9226-240193bdd1c6","NOGP_005.mammalGrid.mam","D09","NOGP","NOGP_005","F5","distributed","grasslandHerbaceous",46.788065,-100.913882,"WGS84",45.1,562.2,0.1,"6 - trap set and empty","ShermanLF","2025-07-15","2025-07-15",,,,,,,,,,,,,,,,,,,,,,,,,,,,,"did not check","dry ice",,,,,,,,,,,,,,,"0009-0006-6432-3978","0009-0002-2817-390X",,,,,"431703f7-d8b8-4b90-8a32-ecb862f9f09c"
"c4fd1b7e-a32b-4db2-8dd4-4ceb31690fda","7d2fb23d-c551-4dab-bdb2-84cbd125f6ef","NOGP_002.mammalGrid.mam","D09","NOGP","NOGP_002","F4","distributed","grasslandHerbaceous",46.799664,-100.910770,"WGS84",45.1,547.4,0.1,"3 - trap door open or closed w/ spoor left","ShermanXLK","2025-07-15","2025-07-15",,,,,,,,,,,,,,,,,,,,,,,,,,,,,"did not check","dry ice",,,,,,,,,,,,,,,"0009-0000-8940-8632","0009-0000-9880-3001",,,,,"a3d927c2-7cf4-447e-8434-257fa1c79db4"
"965c3576-c415-4da6-9a23-aacb280c1764","b692fa68-1fd8-4a88-b041-5c081de055a0","NOGP_007.mammalGrid.mam","D09","NOGP","NOGP_007","B7","distributed","grasslandHerbaceous",46.810415,-100.903576,"WGS84",45.1,519.6,0.1,"6 - trap set and empty","ShermanLF","2025-07-15","2025-07-15",,,,,,,,,,,,,,,,,,,,,,,,,,,,,,,,,,,,,,,,,,,,,"0009-0000-8940-8632","0009-0006-7557-7412",,,,,"11a84574-3050-422f-ac29-1bb0347984ab"
"0a4f8ec8-b469-4dd0-9cbb-7a9bcb656d3e","7d2fb23d-c551-4dab-bdb2-84cbd125f6ef","NOGP_002.mammalGrid.mam","D09","NOGP","NOGP_002","A4","distributed","grasslandHerbaceous",46.799664,-100.910770,"WGS84",45.1,547.4,0.1,"6 - trap set and empty","ShermanXLK","2025-07-15","2025-07-15",,,,,,,,,,,,,,,,,,,,,,,,,,,,,,,,,,,,,,,,,,,,,"0009-0000-8940-8632","0009-0000-9880-3001",,,,,"efb4b315-3d0d-4697-8e8b-7084c2bd1b57"
"792fd45d-0ca9-493f-8e6c-4ee2e04102ba","f8f61ab2-1b0e-42b6-9226-240193bdd1c6","NOGP_005.mammalGrid.mam","D09","NOGP","NOGP_005","H5","distributed","grasslandHerbaceous",46.788065,-100.913882,"WGS84",45.1,562.2,0.1,"5 - capture","ShermanLF","2025-07-15","2025-07-15","NEON.MAM.D09.L8320",,"PEMA","Peromyscus maniculatus","species",,,,,"N","F","Y","processed",,"adult",,"nonenlarged","not","neither",17,,,,19,"N","N","N",,"none","dry ice","NOGP.20250715.L8320.B","D00000199927","mandibular",,"NOGP.20250715.L8320.F","D00000199913","ok",,,"NOGP.20250715.L8320.H","A00000378787","hairAndWhisker",,,"0009-0006-6432-3978","0009-0002-2817-390X",,,,,"e24bb2b1-922e-45d2-bd73-7b608be30435"
"fe88a94d-a6a9-48f7-9ad8-58da22f6e359","f8f61ab2-1b0e-42b6-9226-240193bdd1c6","NOGP_005.mammalGrid.mam","D09","NOGP","NOGP_005","F10","distributed","grasslandHerbaceous",46.788065,-100.913882,"WGS84",45.1,562.2,0.1,"5 - capture","ShermanLF","2025-07-15","2025-07-15","NEON.MAM.D09.L8412",,"PEMA","Peromyscus maniculatus","species","cf. species",,,,"N","M","Y","processed",,"adult","scrotal",,,,21,,,,24,"N","N","N",,"botflies","dry ice",,,"unsuccessful",,,,,,,"NOGP.20250715.L8412.H","A00000378785","hairAndWhisker",,,"0009-0006-6432-3978","0009-0002-2817-390X",,,,,"7bdd2b3f-0fa2-41e8-95b3-b434e2e91285"
"c1d653d0-d969-4dee-9f90-ffee35648bec","b692fa68-1fd8-4a88-b041-5c081de055a0","NOGP_007.mammalGrid.mam","D09","NOGP","NOGP_007","I8","distributed","grasslandHerbaceous",46.810415,-100.903576,"WGS84",45.1,519.6,0.1,"6 - trap set and empty","ShermanLF","2025-07-15","2025-07-15",,,,,,,,,,,,,,,,,,,,,,,,,,,,,,,,,,,,,,,,,,,,,"0009-0000-8940-8632","0009-0006-7557-7412",,,,,"13e82b9f-ff52-48fd-a91d-5733adb639b4"
"9e1da99e-bf5b-4768-9d2d-9a5b00861bbd","f5bf7fcb-c38c-4cb4-9904-a87f0594068d","NOGP_017.mammalGrid.mam","D09","NOGP","NOGP_017","C3","distributed","grasslandHerbaceous",46.791856,-100.918686,"WGS84",45.1,556.8,0.1,"6 - trap set and empty","ShermanXLK","2025-07-15","2025-07-15",,,,,,,,,,,,,,,,,,,,,,,,,,,,,,,,,,,,,,,,,,,,,"0009-0000-8940-8632","0009-0000-9880-3001",,,,,"98cfa85a-d77b-4a4b-a2e3-78d3b66b2d67"
"06a8773e-c39e-47c3-b30d-7fe6f61eda1d","b692fa68-1fd8-4a88-b041-5c081de055a0","NOGP_007.mammalGrid.mam","D09","NOGP","NOGP_007","G4","distributed","grasslandHerbaceous",46.810415,-100.903576,"WGS84",45.1,519.6,0.1,"6 - trap set and empty","ShermanLF","2025-07-15","2025-07-15",,,,,,,,,,,,,,,,,,,,,,,,,,,,,,,,,,,,,,,,,,,,,"0009-0000-8940-8632","0009-0006-7557-7412",,,,,"1c5ec3d0-c0a0-4129-955c-ac0000c26b5b"
"e7850e69-9fb6-4d22-8b44-66f147766372","f8f61ab2-1b0e-42b6-9226-240193bdd1c6","NOGP_005.mammalGrid.mam","D09","NOGP","NOGP_005","C7","distributed","grasslandHerbaceous",46.788065,-100.913882,"WGS84",45.1,562.2,0.1,"6 - trap set and empty","ShermanLF","2025-07-15","2025-07-15",,,,,,,,,,,,,,,,,,,,,,,,,,,,,,,,,,,,,,,,,,,,,"0009-0006-6432-3978","0009-0002-2817-390X",,,,,"c0290ac5-794d-4571-8fff-872bde2b82e3"
"d6d55567-8cfc-489c-9e53-f29f357df311","f8f61ab2-1b0e-42b6-9226-240193bdd1c6","NOGP_005.mammalGrid.mam","D09","NOGP","NOGP_005","H10","distributed","grasslandHerbaceous",46.788065,-100.913882,"WGS84",45.1,562.2,0.1,"6 - trap set and empty","ShermanLF","2025-07-15","2025-07-15",,,,,,,,,,,,,,,,,,,,,,,,,,,,,,,,,,,,,,,,,,,,,"0009-0006-6432-3978","0009-0002-2817-390X",,,,,"1fc120e8-f25b-4821-9b3d-9aa82bb65970"
"fad5efe4-8ed8-4f71-94c2-f6ff65f9ae09","7d2fb23d-c551-4dab-bdb2-84cbd125f6ef","NOGP_002.mammalGrid.mam","D09","NOGP","NOGP_002","E5","distributed","grasslandHerbaceous",46.799664,-100.910770,"WGS84",45.1,547.4,0.1,"5 - capture","ShermanXLK","2025-07-15","2025-07-15","NEON.MAM.D09.L8802",,"REME","Reithrodontomys megalotis","species",,,,,"N","F","N","processed",,"adult",,"enlarged","unknown","neither",16,,,,15,"N","N","N",,"none","dry ice","NOGP.20250715.L8802.B","D00000245423","mandibular",,"NOGP.20250715.L8802.F","D00000245403","ok","NOGP.20250715.L8802.E","D00000245415","NOGP.20250715.L8802.H","A00000378763","hairAndWhisker",,,"0009-0000-8940-8632","0009-0000-9880-3001",,,,,"efea7800-8831-486d-87c8-e6638f0794b2"
"a9fae7ba-4ba3-4042-a528-978b7d5b5fe1","b692fa68-1fd8-4a88-b041-5c081de055a0","NOGP_007.mammalGrid.mam","D09","NOGP","NOGP_007","J1","distributed","grasslandHerbaceous",46.810415,-100.903576,"WGS84",45.1,519.6,0.1,"6 - trap set and empty","ShermanLF","2025-07-15","2025-07-15",,,,,,,,,,,,,,,,,,,,,,,,,,,,,,,,,,,,,,,,,,,,,"0009-0000-8940-8632","0009-0006-7557-7412",,,,,"0129b47e-fa3a-430c-9d3a-c0af298f5d6d"
"b616a528-c4c0-4e9d-821b-9bcae36fcbaa","7d2fb23d-c551-4dab-bdb2-84cbd125f6ef","NOGP_002.mammalGrid.mam","D09","NOGP","NOGP_002","C1","distributed","grasslandHerbaceous",46.799664,-100.910770,"WGS84",45.1,547.4,0.1,"6 - trap set and empty","ShermanXLK","2025-07-15","2025-07-15",,,,,,,,,,,,,,,,,,,,,,,,,,,,,,,,,,,,,,,,,,,,,"0009-0000-8940-8632","0009-0000-9880-3001",,,,,"11990064-b0fe-44f2-8267-e86fbf0e2bc8"
"dc78f983-32d0-4a8b-9659-afb9a83c6fa1","7d2fb23d-c551-4dab-bdb2-84cbd125f6ef","NOGP_002.mammalGrid.mam","D09","NOGP","NOGP_002","C2","distributed","grasslandHerbaceous",46.799664,-100.910770,"WGS84",45.1,547.4,0.1,"6 - trap set and empty","ShermanXLK","2025-07-15","2025-07-15",,,,,,,,,,,,,,,,,,,,,,,,,,,,,,,,,,,,,,,,,,,,,"0009-0000-8940-8632","0009-0000-9880-3001",,,,,"1cbde39e-4eee-41cb-8717-16c7b2ce2f43"
"567c3ec6-af09-41c9-9699-fc8587ace594","7d2fb23d-c551-4dab-bdb2-84cbd125f6ef","NOGP_002.mammalGrid.mam","D09","NOGP","NOGP_002","C10","distributed","grasslandHerbaceous",46.799664,-100.910770,"WGS84",45.1,547.4,0.1,"6 - trap set and empty","ShermanXLK","2025-07-15","2025-07-15",,,,,,,,,,,,,,,,,,,,,,,,,,,,,,,,,,,,,,,,,,,,,"0009-0000-8940-8632","0009-0000-9880-3001",,,,,"86e02d75-978a-46a2-99d2-6d6a8fd02e15"
"05bb0ae9-af1f-45e2-a6cd-83e552d0dfd3","f5bf7fcb-c38c-4cb4-9904-a87f0594068d","NOGP_017.mammalGrid.mam","D09","NOGP","NOGP_017","J10","distributed","grasslandHerbaceous",46.791856,-100.918686,"WGS84",45.1,556.8,0.1,"6 - trap set and empty","ShermanXLK","2025-07-15","2025-07-15",,,,,,,,,,,,,,,,,,,,,,,,,,,,,,,,,,,,,,,,,,,,,"0009-0000-8940-8632","0009-0000-9880-3001",,,,,"5fe1a696-ccc5-4396-9977-95e8bba14876"
"08a65ede-3406-44b2-ac3a-5bedd378b315","7d2fb23d-c551-4dab-bdb2-84cbd125f6ef","NOGP_002.mammalGrid.mam","D09","NOGP","NOGP_002","F8","distributed","grasslandHerbaceous",46.799664,-100.910770,"WGS84",45.1,547.4,0.1,"6 - trap set and empty","ShermanXLK","2025-07-15","2025-07-15",,,,,,,,,,,,,,,,,,,,,,,,,,,,,,,,,,,,,,,,,,,,,"0009-0000-8940-8632","0009-0000-9880-3001",,,,,"79741d2c-499b-48de-b186-e427b0c2ada8"
"a3e37c00-0b07-42f9-9d6f-e3ba4f66c1d0","b692fa68-1fd8-4a88-b041-5c081de055a0","NOGP_007.mammalGrid.mam","D09","NOGP","NOGP_007","I6","distributed","grasslandHerbaceous",46.810415,-100.903576,"WGS84",45.1,519.6,0.1,"6 - trap set and empty","ShermanLF","2025-07-15","2025-07-15",,,,,,,,,,,,,,,,,,,,,,,,,,,,,,,,,,,,,,,,,,,,,"0009-0000-8940-8632","0009-0006-7557-7412",,,,,"744b0067-4854-4603-8583-a58e67980d25"
"0c5be565-04ff-49ac-929e-d8d01d1f379d","b692fa68-1fd8-4a88-b041-5c081de055a0","NOGP_007.mammalGrid.mam","D09","NOGP","NOGP_007","F7","distributed","grasslandHerbaceous",46.810415,-100.903576,"WGS84",45.1,519.6,0.1,"6 - trap set and empty","ShermanLF","2025-07-15","2025-07-15",,,,,,,,,,,,,,,,,,,,,,,,,,,,,,,,,,,,,,,,,,,,,"0009-0000-8940-8632","0009-0006-7557-7412",,,,,"549135a4-9fcf-415d-8abd-38a625c15e35"
"0cfa46e7-c0a6-48e3-8730-8281948f73e9","7d2fb23d-c551-4dab-bdb2-84cbd125f6ef","NOGP_002.mammalGrid.mam","D09","NOGP","NOGP_002","E10","distributed","grasslandHerbaceous",46.799664,-100.910770,"WGS84",45.1,547.4,0.1,"6 - trap set and empty","ShermanXLK","2025-07-15","2025-07-15",,,,,,,,,,,,,,,,,,,,,,,,,,,,,,,,,,,,,,,,,,,,,"0009-0000-8940-8632","0009-0000-9880-3001",,,,,"02a27157-346b-4ae5-9d1f-51f29f20ee3a"
"6c81f80b-b4fb-4432-8003-d52a2b2211cc","f5bf7fcb-c38c-4cb4-9904-a87f0594068d","NOGP_017.mammalGrid.mam","D09","NOGP","NOGP_017","J7","distributed","grasslandHerbaceous",46.791856,-100.918686,"WGS84",45.1,556.8,0.1,"6 - trap set and empty","ShermanXLK","2025-07-15","2025-07-15",,,,,,,,,,,,,,,,,,,,,,,,,,,,,,,,,,,,,,,,,,,,,"0009-0000-8940-8632","0009-0000-9880-3001",,,,,"7eefc266-d785-4b69-b96c-c63103eeced4"
"da4da33a-742f-47e4-bd3f-a12deb9b36ff","f8f61ab2-1b0e-42b6-9226-240193bdd1c6","NOGP_005.mammalGrid.mam","D09","NOGP","NOGP_005","C2","distributed","grasslandHerbaceous",46.788065,-100.913882,"WGS84",45.1,562.2,0.1,"5 - capture","ShermanLF","2025-07-15","2025-07-15","NEON.MAM.D09.R8457",,"PELE","Peromyscus leucopus","species",,,,,"N","F","Y","processed",,"adult",,"enlarged","not",,20,,,,29,"N","N","N",,"none","dry ice",,,,,"NOGP.20250715.R8457.F","D00000199904","ok",,,"NOGP.20250715.R8457.H","A00000378958","hairAndWhisker",,,"0009-0006-6432-3978","0009-0002-2817-390X",,,,,"5dcfda48-ca5e-4e9d-b3be-f9d4b8ef93c4"
"0b3ba5a8-8f12-4fa4-8cae-617ef3e6e7ac","f5bf7fcb-c38c-4cb4-9904-a87f0594068d","NOGP_017.mammalGrid.mam","D09","NOGP","NOGP_017","E5","distributed","grasslandHerbaceous",46.791856,-100.918686,"WGS84",45.1,556.8,0.1,"6 - trap set and empty","ShermanXLK","2025-07-15","2025-07-15",,,,,,,,,,,,,,,,,,,,,,,,,,,,,,,,,,,,,,,,,,,,,"0009-0000-8940-8632","0009-0000-9880-3001",,,,,"eabfd038-bdb6-40d6-8936-517fcbfe2211"
"dd4aa67f-6d7e-4d72-bc2a-77c35a710818","f5bf7fcb-c38c-4cb4-9904-a87f0594068d","NOGP_017.mammalGrid.mam","D09","NOGP","NOGP_017","I3","distributed","grasslandHerbaceous",46.791856,-100.918686,"WGS84",45.1,556.8,0.1,"6 - trap set and empty","ShermanXLK","2025-07-15","2025-07-15",,,,,,,,,,,,,,,,,,,,,,,,,,,,,,,,,,,,,,,,,,,,,"0009-0000-8940-8632","0009-0000-9880-3001",,,,,"2da09e81-14fd-4674-a907-6744fd9f6c1b"
"02f155d8-eb9c-4ebb-a145-c84a158eefe5","f5bf7fcb-c38c-4cb4-9904-a87f0594068d","NOGP_017.mammalGrid.mam","D09","NOGP","NOGP_017","F10","distributed","grasslandHerbaceous",46.791856,-100.918686,"WGS84",45.1,556.8,0.1,"6 - trap set and empty","ShermanXLK","2025-07-15","2025-07-15",,,,,,,,,,,,,,,,,,,,,,,,,,,,,,,,,,,,,,,,,,,,,"0009-0000-8940-8632","0009-0000-9880-3001",,,,,"81a66462-bc16-4552-b062-f2a807c30e6d"
"5c1c60b6-3320-471e-a349-3ae50fc19c55","7d2fb23d-c551-4dab-bdb2-84cbd125f6ef","NOGP_002.mammalGrid.mam","D09","NOGP","NOGP_002","I10","distributed","grasslandHerbaceous",46.799664,-100.910770,"WGS84",45.1,547.4,0.1,"6 - trap set and empty","ShermanXLK","2025-07-15","2025-07-15",,,,,,,,,,,,,,,,,,,,,,,,,,,,,,,,,,,,,,,,,,,,,"0009-0000-8940-8632","0009-0000-9880-3001",,,,,"4434c478-31b0-46df-acf1-898074e871c6"
"feb4e1fa-1069-4148-8626-14c417dbdd54","b692fa68-1fd8-4a88-b041-5c081de055a0","NOGP_007.mammalGrid.mam","D09","NOGP","NOGP_007","C6","distributed","grasslandHerbaceous",46.810415,-100.903576,"WGS84",45.1,519.6,0.1,"6 - trap set and empty","ShermanLF","2025-07-15","2025-07-15",,,,,,,,,,,,,,,,,,,,,,,,,,,,,,,,,,,,,,,,,,,,,"0009-0000-8940-8632","0009-0006-7557-7412",,,,,"dcd9ffc5-4bcf-482b-8209-d95398d0a193"
"26970026-5c45-4e33-ad98-962c6e31c917","f8f61ab2-1b0e-42b6-9226-240193bdd1c6","NOGP_005.mammalGrid.mam","D09","NOGP","NOGP_005","J8","distributed","grasslandHerbaceous",46.788065,-100.913882,"WGS84",45.1,562.2,0.1,"6 - trap set and empty","ShermanLF","2025-07-15","2025-07-15",,,,,,,,,,,,,,,,,,,,,,,,,,,,,,,,,,,,,,,,,,,,,"0009-0006-6432-3978","0009-0002-2817-390X",,,,,"bb4716eb-cfbf-4119-aa79-1a347a4caa65"
"25d27b1d-cee8-4866-aeb9-7fc91d1f1912","f5bf7fcb-c38c-4cb4-9904-a87f0594068d","NOGP_017.mammalGrid.mam","D09","NOGP","NOGP_017","I10","distributed","grasslandHerbaceous",46.791856,-100.918686,"WGS84",45.1,556.8,0.1,"6 - trap set and empty","ShermanXLK","2025-07-15","2025-07-15",,,,,,,,,,,,,,,,,,,,,,,,,,,,,,,,,,,,,,,,,,,,,"0009-0000-8940-8632","0009-0000-9880-3001",,,,,"04ab1bc5-2a1c-4404-a75d-83d96dcf79c1"
"3b5afd34-84be-4e3d-9922-d3538a3facbb","f5bf7fcb-c38c-4cb4-9904-a87f0594068d","NOGP_017.mammalGrid.mam","D09","NOGP","NOGP_017","B7","distributed","grasslandHerbaceous",46.791856,-100.918686,"WGS84",45.1,556.8,0.1,"6 - trap set and empty","ShermanXLK","2025-07-15","2025-07-15",,,,,,,,,,,,,,,,,,,,,,,,,,,,,,,,,,,,,,,,,,,,,"0009-0000-8940-8632","0009-0000-9880-3001",,,,,"c994f2dd-1070-484e-abf6-e61e9eed102e"
"6feec858-bca7-43b1-a160-6a8ceebcb249","f8f61ab2-1b0e-42b6-9226-240193bdd1c6","NOGP_005.mammalGrid.mam","D09","NOGP","NOGP_005","E4","distributed","grasslandHerbaceous",46.788065,-100.913882,"WGS84",45.1,562.2,0.1,"6 - trap set and empty","ShermanLF","2025-07-15","2025-07-15",,,,,,,,,,,,,,,,,,,,,,,,,,,,,,,,,,,,,,,,,,,,,"0009-0006-6432-3978","0009-0002-2817-390X",,,,,"5beaae73-7312-438e-9217-6eada9adb2e0"
"710ca9f5-6be4-47e2-94c7-f307f773fbc4","b692fa68-1fd8-4a88-b041-5c081de055a0","NOGP_007.mammalGrid.mam","D09","NOGP","NOGP_007","H4","distributed","grasslandHerbaceous",46.810415,-100.903576,"WGS84",45.1,519.6,0.1,"6 - trap set and empty","ShermanLF","2025-07-15","2025-07-15",,,,,,,,,,,,,,,,,,,,,,,,,,,,,,,,,,,,,,,,,,,,,"0009-0000-8940-8632","0009-0006-7557-7412",,,,,"f1fe63ef-16ac-43fa-afcc-468add8b46c4"
"3e948d19-7664-4ae2-9d9b-4fad51f6846b","7d2fb23d-c551-4dab-bdb2-84cbd125f6ef","NOGP_002.mammalGrid.mam","D09","NOGP","NOGP_002","E4","distributed","grasslandHerbaceous",46.799664,-100.910770,"WGS84",45.1,547.4,0.1,"6 - trap set and empty","ShermanXLK","2025-07-15","2025-07-15",,,,,,,,,,,,,,,,,,,,,,,,,,,,,,,,,,,,,,,,,,,,,"0009-0000-8940-8632","0009-0000-9880-3001",,,,,"097acbe7-f8d2-420a-865e-27e4cd732de8"
"5f96b38f-fc66-426d-825c-657f070a1edd","f8f61ab2-1b0e-42b6-9226-240193bdd1c6","NOGP_005.mammalGrid.mam","D09","NOGP","NOGP_005","F4","distributed","grasslandHerbaceous",46.788065,-100.913882,"WGS84",45.1,562.2,0.1,"6 - trap set and empty","ShermanLF","2025-07-15","2025-07-15",,,,,,,,,,,,,,,,,,,,,,,,,,,,,,,,,,,,,,,,,,,,,"0009-0006-6432-3978","0009-0002-2817-390X",,,,,"df5a7967-5ad3-4c01-b149-21dea8d5de36"
"8cf30f18-301f-4d4f-9c61-d11a5ae2146c","f8f61ab2-1b0e-42b6-9226-240193bdd1c6","NOGP_005.mammalGrid.mam","D09","NOGP","NOGP_005","J7","distributed","grasslandHerbaceous",46.788065,-100.913882,"WGS84",45.1,562.2,0.1,"6 - trap set and empty","ShermanLF","2025-07-15","2025-07-15",,,,,,,,,,,,,,,,,,,,,,,,,,,,,,,,,,,,,,,,,,,,,"0009-0006-6432-3978","0009-0002-2817-390X",,,,,"60e2b2e8-13f1-4374-a73f-74a0b195ab9e"
"c56b0bbb-5e8f-4360-8ce9-02344a76e41b","7d2fb23d-c551-4dab-bdb2-84cbd125f6ef","NOGP_002.mammalGrid.mam","D09","NOGP","NOGP_002","D5","distributed","grasslandHerbaceous",46.799664,-100.910770,"WGS84",45.1,547.4,0.1,"2 - trap disturbed/door closed but empty","ShermanXLK","2025-07-15","2025-07-15",,,,,,,,,,,,,,,,,,,,,,,,,,,,,"did not check","dry ice",,,,,,,,,,,,,,,"0009-0000-8940-8632","0009-0000-9880-3001",,,,,"26610485-63db-487c-8fc1-0be0954178c1"
"ac6189ae-09bd-4312-bde2-e21de70589e0","f8f61ab2-1b0e-42b6-9226-240193bdd1c6","NOGP_005.mammalGrid.mam","D09","NOGP","NOGP_005","I10","distributed","grasslandHerbaceous",46.788065,-100.913882,"WGS84",45.1,562.2,0.1,"6 - trap set and empty","ShermanLF","2025-07-15","2025-07-15",,,,,,,,,,,,,,,,,,,,,,,,,,,,,,,,,,,,,,,,,,,,,"0009-0006-6432-3978","0009-0002-2817-390X",,,,,"09399eee-55d2-4f07-ac6f-b57132387ea9"
"dc1f0330-151e-4a58-974e-a10823b1372e","f8f61ab2-1b0e-42b6-9226-240193bdd1c6","NOGP_005.mammalGrid.mam","D09","NOGP","NOGP_005","A6","distributed","grasslandHerbaceous",46.788065,-100.913882,"WGS84",45.1,562.2,0.1,"4 - more than 1 capture in one trap","ShermanLF","2025-07-15","2025-07-15","NEON.MAM.D09.L8487",,"PEMA","Peromyscus maniculatus","species",,,,,"N","M","Y","processed",,"adult","scrotal",,,,19,,,,24,"N","N","N",,"botflies","dry ice","NOGP.20250715.L8487.B","D00000199891","mandibular",,"NOGP.20250715.L8487.F","D00000199895","ok",,,"NOGP.20250715.L8487.H","A00000378548","hairAndWhisker",,,"0009-0006-6432-3978","0009-0002-2817-390X",,,"Fleas",,"8eadd9fd-ccab-4ad4-b1ba-5c9e3145e504"
"7c8ef05b-dc70-4c57-822f-e51f766d556b","b692fa68-1fd8-4a88-b041-5c081de055a0","NOGP_007.mammalGrid.mam","D09","NOGP","NOGP_007","D1","distributed","grasslandHerbaceous",46.810415,-100.903576,"WGS84",45.1,519.6,0.1,"6 - trap set and empty","ShermanLF","2025-07-15","2025-07-15",,,,,,,,,,,,,,,,,,,,,,,,,,,,,,,,,,,,,,,,,,,,,"0009-0000-8940-8632","0009-0006-7557-7412",,,,,"34a62723-b1c1-49df-bfb7-f0e39e1967fc"
"c78a37a7-2005-46da-ab01-d7e2e6a209a5","f8f61ab2-1b0e-42b6-9226-240193bdd1c6","NOGP_005.mammalGrid.mam","D09","NOGP","NOGP_005","D1","distributed","grasslandHerbaceous",46.788065,-100.913882,"WGS84",45.1,562.2,0.1,"6 - trap set and empty","ShermanLF","2025-07-15","2025-07-15",,,,,,,,,,,,,,,,,,,,,,,,,,,,,,,,,,,,,,,,,,,,,"0009-0006-6432-3978","0009-0002-2817-390X",,,,,"251e2246-19e4-4090-8d55-5cc2036fc851"
"e12905c9-54f7-4221-ae06-ef526ef377b8","f8f61ab2-1b0e-42b6-9226-240193bdd1c6","NOGP_005.mammalGrid.mam","D09","NOGP","NOGP_005","G8","distributed","grasslandHerbaceous",46.788065,-100.913882,"WGS84",45.1,562.2,0.1,"6 - trap set and empty","ShermanLF","2025-07-15","2025-07-15",,,,,,,,,,,,,,,,,,,,,,,,,,,,,,,,,,,,,,,,,,,,,"0009-0006-6432-3978","0009-0002-2817-390X",,,,,"17f78647-c348-4aee-8806-7ec6fdf1de2e"
"99813572-d49b-4d15-89c3-dac5c68607b7","f5bf7fcb-c38c-4cb4-9904-a87f0594068d","NOGP_017.mammalGrid.mam","D09","NOGP","NOGP_017","C4","distributed","grasslandHerbaceous",46.791856,-100.918686,"WGS84",45.1,556.8,0.1,"6 - trap set and empty","ShermanXLK","2025-07-15","2025-07-15",,,,,,,,,,,,,,,,,,,,,,,,,,,,,,,,,,,,,,,,,,,,,"0009-0000-8940-8632","0009-0000-9880-3001",,,,,"663da77d-26e9-443a-99ad-77c61ef61eee"
"60138c38-f6c9-4a47-b2a7-0e10967b3f5a","f5bf7fcb-c38c-4cb4-9904-a87f0594068d","NOGP_017.mammalGrid.mam","D09","NOGP","NOGP_017","J9","distributed","grasslandHerbaceous",46.791856,-100.918686,"WGS84",45.1,556.8,0.1,"6 - trap set and empty","ShermanXLK","2025-07-15","2025-07-15",,,,,,,,,,,,,,,,,,,,,,,,,,,,,,,,,,,,,,,,,,,,,"0009-0000-8940-8632","0009-0000-9880-3001",,,,,"f8f042a4-c168-478e-aa73-7d1ea3fb3fd0"
"d560b28c-0a72-49d5-94f8-45439ff8648e","b692fa68-1fd8-4a88-b041-5c081de055a0","NOGP_007.mammalGrid.mam","D09","NOGP","NOGP_007","I7","distributed","grasslandHerbaceous",46.810415,-100.903576,"WGS84",45.1,519.6,0.1,"6 - trap set and empty","ShermanLF","2025-07-15","2025-07-15",,,,,,,,,,,,,,,,,,,,,,,,,,,,,,,,,,,,,,,,,,,,,"0009-0000-8940-8632","0009-0006-7557-7412",,,,,"0c49409d-85f3-4a81-958d-26e34c3e9d7f"
"0ec5bc89-f151-478b-a452-d90d01efc86b","f5bf7fcb-c38c-4cb4-9904-a87f0594068d","NOGP_017.mammalGrid.mam","D09","NOGP","NOGP_017","D7","distributed","grasslandHerbaceous",46.791856,-100.918686,"WGS84",45.1,556.8,0.1,"6 - trap set and empty","ShermanXLK","2025-07-15","2025-07-15",,,,,,,,,,,,,,,,,,,,,,,,,,,,,,,,,,,,,,,,,,,,,"0009-0000-8940-8632","0009-0000-9880-3001",,,,,"f03eaf80-0801-4f19-b2d9-9b0504a9c948"
"a5311bae-50fb-45ab-b1dc-134dd53b6679","f5bf7fcb-c38c-4cb4-9904-a87f0594068d","NOGP_017.mammalGrid.mam","D09","NOGP","NOGP_017","E6","distributed","grasslandHerbaceous",46.791856,-100.918686,"WGS84",45.1,556.8,0.1,"6 - trap set and empty","ShermanXLK","2025-07-15","2025-07-15",,,,,,,,,,,,,,,,,,,,,,,,,,,,,,,,,,,,,,,,,,,,,"0009-0000-8940-8632","0009-0000-9880-3001",,,,,"f327b5fa-c495-4efb-a00d-b5f584097884"
"6b8002d4-bd00-4b49-ae1a-f26dcff89a00","f8f61ab2-1b0e-42b6-9226-240193bdd1c6","NOGP_005.mammalGrid.mam","D09","NOGP","NOGP_005","D6","distributed","grasslandHerbaceous",46.788065,-100.913882,"WGS84",45.1,562.2,0.1,"6 - trap set and empty","ShermanLF","2025-07-15","2025-07-15",,,,,,,,,,,,,,,,,,,,,,,,,,,,,,,,,,,,,,,,,,,,,"0009-0006-6432-3978","0009-0002-2817-390X",,,,,"044bb000-fcc3-49d2-bae9-2313032f3a3f"
"3318c3fe-68c0-4a40-a05f-1ba7289555e6","f5bf7fcb-c38c-4cb4-9904-a87f0594068d","NOGP_017.mammalGrid.mam","D09","NOGP","NOGP_017","G8","distributed","grasslandHerbaceous",46.791856,-100.918686,"WGS84",45.1,556.8,0.1,"6 - trap set and empty","ShermanXLK","2025-07-15","2025-07-15",,,,,,,,,,,,,,,,,,,,,,,,,,,,,,,,,,,,,,,,,,,,,"0009-0000-8940-8632","0009-0000-9880-3001",,,,,"459a13cf-0c96-4955-9f41-decb528f4fd4"
"06ecec44-e2da-4ab2-b1ee-6349435990d3","f5bf7fcb-c38c-4cb4-9904-a87f0594068d","NOGP_017.mammalGrid.mam","D09","NOGP","NOGP_017","J2","distributed","grasslandHerbaceous",46.791856,-100.918686,"WGS84",45.1,556.8,0.1,"6 - trap set and empty","ShermanXLK","2025-07-15","2025-07-15",,,,,,,,,,,,,,,,,,,,,,,,,,,,,,,,,,,,,,,,,,,,,"0009-0000-8940-8632","0009-0000-9880-3001",,,,,"00af3ac3-197d-40c4-bb23-8e5430f6a6df"
"9987257b-fb0d-4266-929d-7004cb2ec6e8","f5bf7fcb-c38c-4cb4-9904-a87f0594068d","NOGP_017.mammalGrid.mam","D09","NOGP","NOGP_017","B8","distributed","grasslandHerbaceous",46.791856,-100.918686,"WGS84",45.1,556.8,0.1,"6 - trap set and empty","ShermanXLK","2025-07-15","2025-07-15",,,,,,,,,,,,,,,,,,,,,,,,,,,,,,,,,,,,,,,,,,,,,"0009-0000-8940-8632","0009-0000-9880-3001",,,,,"73cbaf39-b7e5-421d-9618-9b4a0893148f"
"758f14d6-ec17-4deb-81cb-33c237a52a58","7d2fb23d-c551-4dab-bdb2-84cbd125f6ef","NOGP_002.mammalGrid.mam","D09","NOGP","NOGP_002","G1","distributed","grasslandHerbaceous",46.799664,-100.910770,"WGS84",45.1,547.4,0.1,"6 - trap set and empty","ShermanXLK","2025-07-15","2025-07-15",,,,,,,,,,,,,,,,,,,,,,,,,,,,,,,,,,,,,,,,,,,,,"0009-0000-8940-8632","0009-0000-9880-3001",,,,,"32393d31-2978-4ead-8cc0-07915a7527db"
"1fa2ce7b-2cdc-4de6-936b-a4b69cec1e62","7d2fb23d-c551-4dab-bdb2-84cbd125f6ef","NOGP_002.mammalGrid.mam","D09","NOGP","NOGP_002","I2","distributed","grasslandHerbaceous",46.799664,-100.910770,"WGS84",45.1,547.4,0.1,"6 - trap set and empty","ShermanXLK","2025-07-15","2025-07-15",,,,,,,,,,,,,,,,,,,,,,,,,,,,,,,,,,,,,,,,,,,,,"0009-0000-8940-8632","0009-0000-9880-3001",,,,,"2c2a988b-ffd4-449c-8112-2338e8437326"
"bea92abc-ce95-47f9-970f-4ff6e036586c","7d2fb23d-c551-4dab-bdb2-84cbd125f6ef","NOGP_002.mammalGrid.mam","D09","NOGP","NOGP_002","C4","distributed","grasslandHerbaceous",46.799664,-100.910770,"WGS84",45.1,547.4,0.1,"6 - trap set and empty","ShermanXLK","2025-07-15","2025-07-15",,,,,,,,,,,,,,,,,,,,,,,,,,,,,,,,,,,,,,,,,,,,,"0009-0000-8940-8632","0009-0000-9880-3001",,,,,"ee6e0773-4eee-4e52-86be-48fe14d09dd3"
"ebe5831d-98d9-4120-9787-0619f3f9e835","f8f61ab2-1b0e-42b6-9226-240193bdd1c6","NOGP_005.mammalGrid.mam","D09","NOGP","NOGP_005","E8","distributed","grasslandHerbaceous",46.788065,-100.913882,"WGS84",45.1,562.2,0.1,"6 - trap set and empty","ShermanLF","2025-07-15","2025-07-15",,,,,,,,,,,,,,,,,,,,,,,,,,,,,,,,,,,,,,,,,,,,,"0009-0006-6432-3978","0009-0002-2817-390X",,,,,"f8be6080-7e30-4ea4-a076-12ba6adc4510"
"6bd08a15-fb5a-42fb-9eb2-e674881f7bec","b692fa68-1fd8-4a88-b041-5c081de055a0","NOGP_007.mammalGrid.mam","D09","NOGP","NOGP_007","G9","distributed","grasslandHerbaceous",46.810415,-100.903576,"WGS84",45.1,519.6,0.1,"6 - trap set and empty","ShermanLF","2025-07-15","2025-07-15",,,,,,,,,,,,,,,,,,,,,,,,,,,,,,,,,,,,,,,,,,,,,"0009-0000-8940-8632","0009-0006-7557-7412",,,,,"043c316d-7e75-49c8-8798-eb94d7e3e176"
"729b96b5-0bf7-4c97-b718-4947712f0fea","f5bf7fcb-c38c-4cb4-9904-a87f0594068d","NOGP_017.mammalGrid.mam","D09","NOGP","NOGP_017","E1","distributed","grasslandHerbaceous",46.791856,-100.918686,"WGS84",45.1,556.8,0.1,"6 - trap set and empty","ShermanXLK","2025-07-15","2025-07-15",,,,,,,,,,,,,,,,,,,,,,,,,,,,,,,,,,,,,,,,,,,,,"0009-0000-8940-8632","0009-0000-9880-3001",,,,,"53b61e94-0a3b-49d0-99aa-8140b56ba5dc"
"f81b9714-0963-4d53-b3f1-e2cc04d9f8d7","f8f61ab2-1b0e-42b6-9226-240193bdd1c6","NOGP_005.mammalGrid.mam","D09","NOGP","NOGP_005","F6","distributed","grasslandHerbaceous",46.788065,-100.913882,"WGS84",45.1,562.2,0.1,"6 - trap set and empty","ShermanLF","2025-07-15","2025-07-15",,,,,,,,,,,,,,,,,,,,,,,,,,,,,,,,,,,,,,,,,,,,,"0009-0006-6432-3978","0009-0002-2817-390X",,,,,"c6da0d9f-5a1a-4cf6-abb1-e9a5b684bc22"
"e2fac1ac-de21-4bea-ba4f-9d8fe9a9c1c6","f5bf7fcb-c38c-4cb4-9904-a87f0594068d","NOGP_017.mammalGrid.mam","D09","NOGP","NOGP_017","D5","distributed","grasslandHerbaceous",46.791856,-100.918686,"WGS84",45.1,556.8,0.1,"5 - capture","ShermanXLK","2025-07-15","2025-07-15","NEON.MAM.D09.L9190",,"REME","Reithrodontomys megalotis","species",,,,,"N","M","N","processed",,"adult","scrotal",,,,17,,,,9,"N","N","N",,"none","dry ice",,,,,"NOGP.20250715.L9190.F","D00000245958","ok","NOGP.20250715.L9190.E","D00000245428","NOGP.20250715.L9190.H","A00000378691","hairAndWhisker",,,"0009-0000-8940-8632","0009-0000-9880-3001",,,,,"4afd0373-836c-4acd-b3e8-53c0fd966b0f"
"17cec2f5-85aa-4ac6-af92-410851b7629e","7d2fb23d-c551-4dab-bdb2-84cbd125f6ef","NOGP_002.mammalGrid.mam","D09","NOGP","NOGP_002","E9","distributed","grasslandHerbaceous",46.799664,-100.910770,"WGS84",45.1,547.4,0.1,"6 - trap set and empty","ShermanXLK","2025-07-15","2025-07-15",,,,,,,,,,,,,,,,,,,,,,,,,,,,,,,,,,,,,,,,,,,,,"0009-0000-8940-8632","0009-0000-9880-3001",,,,,"6f20101e-ca7d-4375-8156-dae6ce3eb305"
"e0532840-eaee-44a3-9120-a817f6d77c9a","f8f61ab2-1b0e-42b6-9226-240193bdd1c6","NOGP_005.mammalGrid.mam","D09","NOGP","NOGP_005","I9","distributed","grasslandHerbaceous",46.788065,-100.913882,"WGS84",45.1,562.2,0.1,"6 - trap set and empty","ShermanLF","2025-07-15","2025-07-15",,,,,,,,,,,,,,,,,,,,,,,,,,,,,,,,,,,,,,,,,,,,,"0009-0006-6432-3978","0009-0002-2817-390X",,,,,"a4a8b7be-1e58-49fe-a4af-a3689a059f5d"
"6696f592-7477-4870-a9d5-d48718266d2d","7d2fb23d-c551-4dab-bdb2-84cbd125f6ef","NOGP_002.mammalGrid.mam","D09","NOGP","NOGP_002","C5","distributed","grasslandHerbaceous",46.799664,-100.910770,"WGS84",45.1,547.4,0.1,"6 - trap set and empty","ShermanXLK","2025-07-15","2025-07-15",,,,,,,,,,,,,,,,,,,,,,,,,,,,,,,,,,,,,,,,,,,,,"0009-0000-8940-8632","0009-0000-9880-3001",,,,,"22fbe3e5-ba14-42f9-a25e-bf42fbdeb1db"
"c2b2bd6e-8ce1-4b3e-b2fa-d85cde744246","b692fa68-1fd8-4a88-b041-5c081de055a0","NOGP_007.mammalGrid.mam","D09","NOGP","NOGP_007","B2","distributed","grasslandHerbaceous",46.810415,-100.903576,"WGS84",45.1,519.6,0.1,"6 - trap set and empty","ShermanLF","2025-07-15","2025-07-15",,,,,,,,,,,,,,,,,,,,,,,,,,,,,,,,,,,,,,,,,,,,,"0009-0000-8940-8632","0009-0006-7557-7412",,,,,"9d5b9810-1e41-4afd-a089-023fda7b6734"
"d7d15a9a-a2ee-46e9-9e47-ad84fcf3500f","f8f61ab2-1b0e-42b6-9226-240193bdd1c6","NOGP_005.mammalGrid.mam","D09","NOGP","NOGP_005","H9","distributed","grasslandHerbaceous",46.788065,-100.913882,"WGS84",45.1,562.2,0.1,"5 - capture","ShermanLF","2025-07-15","2025-07-15","NEON.MAM.D09.L8308",,"PELE","Peromyscus leucopus","species",,,,,"N","M","N","processed",,"adult","scrotal",,,,21,,,,21,"N","N","N",,"none","dry ice",,,"unsuccessful",,,,,"NOGP.20250715.L8308.E","D00000199922",,,,,,"0009-0006-6432-3978","0009-0002-2817-390X",,,,,"855ed96b-d5ae-47ee-95ef-b7d967de90b8"
"ef0ec04a-b268-4c31-876d-0f5399d2d9e2","f8f61ab2-1b0e-42b6-9226-240193bdd1c6","NOGP_005.mammalGrid.mam","D09","NOGP","NOGP_005","E10","distributed","grasslandHerbaceous",46.788065,-100.913882,"WGS84",45.1,562.2,0.1,"6 - trap set and empty","ShermanLF","2025-07-15","2025-07-15",,,,,,,,,,,,,,,,,,,,,,,,,,,,,,,,,,,,,,,,,,,,,"0009-0006-6432-3978","0009-0002-2817-390X",,,,,"144c59b3-dc06-4655-8290-4c59fcd21790"
"af9faef8-45cb-4125-91e7-cb241f1d0f47","f8f61ab2-1b0e-42b6-9226-240193bdd1c6","NOGP_005.mammalGrid.mam","D09","NOGP","NOGP_005","G9","distributed","grasslandHerbaceous",46.788065,-100.913882,"WGS84",45.1,562.2,0.1,"6 - trap set and empty","ShermanLF","2025-07-15","2025-07-15",,,,,,,,,,,,,,,,,,,,,,,,,,,,,,,,,,,,,,,,,,,,,"0009-0006-6432-3978","0009-0002-2817-390X",,,,,"73f3227d-bdc3-44b4-87e4-ad0635920c0b"
"ada5ea9e-2ec1-4c94-a52d-dd80d0623737","7d2fb23d-c551-4dab-bdb2-84cbd125f6ef","NOGP_002.mammalGrid.mam","D09","NOGP","NOGP_002","B7","distributed","grasslandHerbaceous",46.799664,-100.910770,"WGS84",45.1,547.4,0.1,"6 - trap set and empty","ShermanXLK","2025-07-15","2025-07-15",,,,,,,,,,,,,,,,,,,,,,,,,,,,,,,,,,,,,,,,,,,,,"0009-0000-8940-8632","0009-0000-9880-3001",,,,,"94170eb6-7fbc-4279-bc3b-d84748741610"
"9ac94432-7411-4fa1-8ef9-0d0939a379c7","f8f61ab2-1b0e-42b6-9226-240193bdd1c6","NOGP_005.mammalGrid.mam","D09","NOGP","NOGP_005","D7","distributed","grasslandHerbaceous",46.788065,-100.913882,"WGS84",45.1,562.2,0.1,"5 - capture","ShermanLF","2025-07-15","2025-07-15","NEON.MAM.D09.R8304",,"PELE","Peromyscus leucopus","species",,,,,"N","M","N","processed",,"adult","scrotal",,,,20,,,,26,"N","N","N",,"fleas","dry ice","NOGP.20250715.R8304.B","D00000199926","mandibular",,"NOGP.20250715.R8304.F","D00000199882","ok","NOGP.20250715.R8304.E","D00000199911","NOGP.20250715.R8304.H","A00000378565","hairAndWhisker",,,"0009-0006-6432-3978","0009-0002-2817-390X",,,,,"71300bad-6827-4afd-9f91-aa179b63ccbb"
"31a98fad-8fc2-44a0-ad0d-67caf7b8e94d","f5bf7fcb-c38c-4cb4-9904-a87f0594068d","NOGP_017.mammalGrid.mam","D09","NOGP","NOGP_017","A2","distributed","grasslandHerbaceous",46.791856,-100.918686,"WGS84",45.1,556.8,0.1,"6 - trap set and empty","ShermanXLK","2025-07-15","2025-07-15",,,,,,,,,,,,,,,,,,,,,,,,,,,,,,,,,,,,,,,,,,,,,"0009-0000-8940-8632","0009-0000-9880-3001",,,,,"eb09d02e-93fa-4f05-86bc-7374f6004eb7"
"ea6d2b74-c3dd-41af-8d2a-a4570e659549","f8f61ab2-1b0e-42b6-9226-240193bdd1c6","NOGP_005.mammalGrid.mam","D09","NOGP","NOGP_005","D10","distributed","grasslandHerbaceous",46.788065,-100.913882,"WGS84",45.1,562.2,0.1,"5 - capture","ShermanLF","2025-07-15","2025-07-15","NEON.MAM.D09.R9039",,"PEMA","Peromyscus maniculatus","species",,,,,"N","F","N","processed",,"subadult",,"nonenlarged","not","neither",18,,,,12,"N","N","N",,"fleas","dry ice",,,,,,,,"NOGP.20250715.R9039.E","D00000199924","NOGP.20250715.R9039.H","A00000378566","hairAndWhisker",,,"0009-0006-6432-3978","0009-0002-2817-390X",,,,,"70dc1b6c-455b-484b-87dd-a65e78c19652"
"ea772c54-39c2-45b7-88b4-2e48dbc86703","7d2fb23d-c551-4dab-bdb2-84cbd125f6ef","NOGP_002.mammalGrid.mam","D09","NOGP","NOGP_002","G3","distributed","grasslandHerbaceous",46.799664,-100.910770,"WGS84",45.1,547.4,0.1,"6 - trap set and empty","ShermanXLK","2025-07-15","2025-07-15",,,,,,,,,,,,,,,,,,,,,,,,,,,,,,,,,,,,,,,,,,,,,"0009-0000-8940-8632","0009-0000-9880-3001",,,,,"87cedc08-ef20-429a-8b04-acdd48cacfc4"
"640dbc95-6dde-4080-a7b0-da976fc9bb92","f8f61ab2-1b0e-42b6-9226-240193bdd1c6","NOGP_005.mammalGrid.mam","D09","NOGP","NOGP_005","D2","distributed","grasslandHerbaceous",46.788065,-100.913882,"WGS84",45.1,562.2,0.1,"5 - capture","ShermanLF","2025-07-15","2025-07-15","NEON.MAM.D09.R8313",,"PELE","Peromyscus leucopus","species",,,,,"N","M","N","processed",,"adult","scrotal",,,,21,,,,33,"N","N","N",,"fleas","dry ice","NOGP.20250715.R8313.B","D00000199901","mandibular",,"NOGP.20250715.R8313.F","D00000199917","ok","NOGP.20250715.R8313.E","D00000199909","NOGP.20250715.R8313.H","A00000378955","hairAndWhisker",,,"0009-0006-6432-3978","0009-0002-2817-390X",,,,,"0ab1aaef-1597-4279-b8bf-cba9e95dc169"
"1c8e895f-afd9-4c41-8790-58824473a427","7d2fb23d-c551-4dab-bdb2-84cbd125f6ef","NOGP_002.mammalGrid.mam","D09","NOGP","NOGP_002","B10","distributed","grasslandHerbaceous",46.799664,-100.910770,"WGS84",45.1,547.4,0.1,"5 - capture","ShermanXLK","2025-07-15","2025-07-15","NEON.MAM.D09.L8810",,"REME","Reithrodontomys megalotis","species",,,,,"N","M","N","processed",,"adult","scrotal",,,,14,,,,9,"N","N","N",,"none","dry ice",,,,,"NOGP.20250715.L8810.F","D00000246208","ok","NOGP.20250715.L8810.E","D00000245420","NOGP.20250715.L8810.H","A00000378761","hairAndWhisker",,,"0009-0000-8940-8632","0009-0000-9880-3001",,,,,"54d22ff8-a745-4b73-85e9-86fbd6c72808"
"8bdb6f62-1e47-4410-8693-4bd131e42d97","b692fa68-1fd8-4a88-b041-5c081de055a0","NOGP_007.mammalGrid.mam","D09","NOGP","NOGP_007","E6","distributed","grasslandHerbaceous",46.810415,-100.903576,"WGS84",45.1,519.6,0.1,"6 - trap set and empty","ShermanLF","2025-07-15","2025-07-15",,,,,,,,,,,,,,,,,,,,,,,,,,,,,,,,,,,,,,,,,,,,,"0009-0000-8940-8632","0009-0006-7557-7412",,,,,"de2ac3ea-c89e-477f-9be4-66b2c1aec525"
"68cd671f-af11-4f04-9451-07650a721ffb","f5bf7fcb-c38c-4cb4-9904-a87f0594068d","NOGP_017.mammalGrid.mam","D09","NOGP","NOGP_017","D3","distributed","grasslandHerbaceous",46.791856,-100.918686,"WGS84",45.1,556.8,0.1,"6 - trap set and empty","ShermanXLK","2025-07-15","2025-07-15",,,,,,,,,,,,,,,,,,,,,,,,,,,,,,,,,,,,,,,,,,,,,"0009-0000-8940-8632","0009-0000-9880-3001",,,,,"f150fa0d-91d9-4e6b-8eec-e027e4fc7d2d"
"ebff140c-d7e4-44bb-a832-0a5ce72c4ea0","7d2fb23d-c551-4dab-bdb2-84cbd125f6ef","NOGP_002.mammalGrid.mam","D09","NOGP","NOGP_002","D2","distributed","grasslandHerbaceous",46.799664,-100.910770,"WGS84",45.1,547.4,0.1,"6 - trap set and empty","ShermanXLK","2025-07-15","2025-07-15",,,,,,,,,,,,,,,,,,,,,,,,,,,,,,,,,,,,,,,,,,,,,"0009-0000-8940-8632","0009-0000-9880-3001",,,,,"0891fa5b-c0db-4ec9-984a-949c52172f1d"
"4c871429-e800-4f23-948a-447a1501294c","b692fa68-1fd8-4a88-b041-5c081de055a0","NOGP_007.mammalGrid.mam","D09","NOGP","NOGP_007","B3","distributed","grasslandHerbaceous",46.810415,-100.903576,"WGS84",45.1,519.6,0.1,"5 - capture","ShermanLF","2025-07-15","2025-07-15","NEON.MAM.D09.R9194",,"REME","Reithrodontomys megalotis","species",,,,,"N","M","N","processed",,"adult","scrotal",,,,15,,,,10,"N","N","N",,"none","dry ice",,,,,"NOGP.20250715.R9194.F","D00000197839","ok","NOGP.20250715.R9194.E","D00000197823","NOGP.20250715.R9194.H","A00000378866","hairAndWhisker",,,"0009-0000-8940-8632","0009-0006-7557-7412",,,,,"16643ef9-c1dc-437b-a962-09bd74b254d3"
"40b43516-9569-4aec-a40f-f855a6f1831c","7d2fb23d-c551-4dab-bdb2-84cbd125f6ef","NOGP_002.mammalGrid.mam","D09","NOGP","NOGP_002","J8","distributed","grasslandHerbaceous",46.799664,-100.910770,"WGS84",45.1,547.4,0.1,"6 - trap set and empty","ShermanXLK","2025-07-15","2025-07-15",,,,,,,,,,,,,,,,,,,,,,,,,,,,,,,,,,,,,,,,,,,,,"0009-0000-8940-8632","0009-0000-9880-3001",,,,,"fe23751a-9fb9-4f1d-8045-4770d1213714"
"c9c06128-7e3b-4c31-bf98-799e2cc300ca","b692fa68-1fd8-4a88-b041-5c081de055a0","NOGP_007.mammalGrid.mam","D09","NOGP","NOGP_007","A9","distributed","grasslandHerbaceous",46.810415,-100.903576,"WGS84",45.1,519.6,0.1,"6 - trap set and empty","ShermanLF","2025-07-15","2025-07-15",,,,,,,,,,,,,,,,,,,,,,,,,,,,,,,,,,,,,,,,,,,,,"0009-0000-8940-8632","0009-0006-7557-7412",,,,,"b33fb8a5-7b60-431e-892a-f4c3101ce275"
"50d8afd9-16e3-4075-a621-2f13b6a14ea0","7d2fb23d-c551-4dab-bdb2-84cbd125f6ef","NOGP_002.mammalGrid.mam","D09","NOGP","NOGP_002","C7","distributed","grasslandHerbaceous",46.799664,-100.910770,"WGS84",45.1,547.4,0.1,"6 - trap set and empty","ShermanXLK","2025-07-15","2025-07-15",,,,,,,,,,,,,,,,,,,,,,,,,,,,,,,,,,,,,,,,,,,,,"0009-0000-8940-8632","0009-0000-9880-3001",,,,,"e8c52be8-15bf-40a0-8c99-d48e3913a187"
"5764598f-e6ae-47a6-bb7e-ecd98df9c9c0","f5bf7fcb-c38c-4cb4-9904-a87f0594068d","NOGP_017.mammalGrid.mam","D09","NOGP","NOGP_017","I6","distributed","grasslandHerbaceous",46.791856,-100.918686,"WGS84",45.1,556.8,0.1,"6 - trap set and empty","ShermanXLK","2025-07-15","2025-07-15",,,,,,,,,,,,,,,,,,,,,,,,,,,,,,,,,,,,,,,,,,,,,"0009-0000-8940-8632","0009-0000-9880-3001",,,,,"06d6792f-368e-4839-bbb0-0137d0abbd48"
"c9d3a509-5fea-4dd3-8f1d-c8f0db6ff596","f5bf7fcb-c38c-4cb4-9904-a87f0594068d","NOGP_017.mammalGrid.mam","D09","NOGP","NOGP_017","A9","distributed","grasslandHerbaceous",46.791856,-100.918686,"WGS84",45.1,556.8,0.1,"6 - trap set and empty","ShermanXLK","2025-07-15","2025-07-15",,,,,,,,,,,,,,,,,,,,,,,,,,,,,,,,,,,,,,,,,,,,,"0009-0000-8940-8632","0009-0000-9880-3001",,,,,"063bf538-a4c6-474d-9033-888fb4370fd7"
"cf19d88c-f737-4628-93bc-403a44548722","f8f61ab2-1b0e-42b6-9226-240193bdd1c6","NOGP_005.mammalGrid.mam","D09","NOGP","NOGP_005","B3","distributed","grasslandHerbaceous",46.788065,-100.913882,"WGS84",45.1,562.2,0.1,"6 - trap set and empty","ShermanLF","2025-07-15","2025-07-15",,,,,,,,,,,,,,,,,,,,,,,,,,,,,,,,,,,,,,,,,,,,,"0009-0006-6432-3978","0009-0002-2817-390X",,,,,"2de3024d-d86c-4896-8aa9-74f0552a6eaf"
"0156fcc7-88a6-4968-921f-752d92ab34a2","f5bf7fcb-c38c-4cb4-9904-a87f0594068d","NOGP_017.mammalGrid.mam","D09","NOGP","NOGP_017","F2","distributed","grasslandHerbaceous",46.791856,-100.918686,"WGS84",45.1,556.8,0.1,"6 - trap set and empty","ShermanXLK","2025-07-15","2025-07-15",,,,,,,,,,,,,,,,,,,,,,,,,,,,,,,,,,,,,,,,,,,,,"0009-0000-8940-8632","0009-0000-9880-3001",,,,,"fdb85379-8119-442f-836c-0dfd56f56e61"
"385d407b-261d-40c4-9574-5abb9c016d57","b692fa68-1fd8-4a88-b041-5c081de055a0","NOGP_007.mammalGrid.mam","D09","NOGP","NOGP_007","C3","distributed","grasslandHerbaceous",46.810415,-100.903576,"WGS84",45.1,519.6,0.1,"6 - trap set and empty","ShermanLF","2025-07-15","2025-07-15",,,,,,,,,,,,,,,,,,,,,,,,,,,,,,,,,,,,,,,,,,,,,"0009-0000-8940-8632","0009-0006-7557-7412",,,,,"aed21ef7-377a-48df-bef9-e31fd4de1c44"
"27bc3fe5-c405-480b-aee9-b6f1dc8c91ea","b692fa68-1fd8-4a88-b041-5c081de055a0","NOGP_007.mammalGrid.mam","D09","NOGP","NOGP_007","C8","distributed","grasslandHerbaceous",46.810415,-100.903576,"WGS84",45.1,519.6,0.1,"6 - trap set and empty","ShermanLF","2025-07-15","2025-07-15",,,,,,,,,,,,,,,,,,,,,,,,,,,,,,,,,,,,,,,,,,,,,"0009-0000-8940-8632","0009-0006-7557-7412",,,,,"e6a7652f-71f0-4065-9bc4-ff8db1041948"
"a6397bb2-1395-48b2-b08a-b49dea5310a0","b692fa68-1fd8-4a88-b041-5c081de055a0","NOGP_007.mammalGrid.mam","D09","NOGP","NOGP_007","A6","distributed","grasslandHerbaceous",46.810415,-100.903576,"WGS84",45.1,519.6,0.1,"6 - trap set and empty","ShermanLF","2025-07-15","2025-07-15",,,,,,,,,,,,,,,,,,,,,,,,,,,,,,,,,,,,,,,,,,,,,"0009-0000-8940-8632","0009-0006-7557-7412",,,,,"40e90409-c2af-4770-8088-96185c6615fe"
"0c925b66-5db4-476b-91c0-bac81797f048","b692fa68-1fd8-4a88-b041-5c081de055a0","NOGP_007.mammalGrid.mam","D09","NOGP","NOGP_007","H6","distributed","grasslandHerbaceous",46.810415,-100.903576,"WGS84",45.1,519.6,0.1,"6 - trap set and empty","ShermanLF","2025-07-15","2025-07-15",,,,,,,,,,,,,,,,,,,,,,,,,,,,,,,,,,,,,,,,,,,,,"0009-0000-8940-8632","0009-0006-7557-7412",,,,,"bfdb4dd3-07df-4e6a-a137-199e64f873af"
"712c0e01-7fb2-4fbf-8873-43df392683fb","f5bf7fcb-c38c-4cb4-9904-a87f0594068d","NOGP_017.mammalGrid.mam","D09","NOGP","NOGP_017","G6","distributed","grasslandHerbaceous",46.791856,-100.918686,"WGS84",45.1,556.8,0.1,"6 - trap set and empty","ShermanXLK","2025-07-15","2025-07-15",,,,,,,,,,,,,,,,,,,,,,,,,,,,,,,,,,,,,,,,,,,,,"0009-0000-8940-8632","0009-0000-9880-3001",,,,,"59708065-ce00-48f2-9ab5-0be09a7d9c27"
"661d90ee-73ad-40e8-9313-ace8943253ca","f8f61ab2-1b0e-42b6-9226-240193bdd1c6","NOGP_005.mammalGrid.mam","D09","NOGP","NOGP_005","E6","distributed","grasslandHerbaceous",46.788065,-100.913882,"WGS84",45.1,562.2,0.1,"6 - trap set and empty","ShermanLF","2025-07-15","2025-07-15",,,,,,,,,,,,,,,,,,,,,,,,,,,,,,,,,,,,,,,,,,,,,"0009-0006-6432-3978","0009-0002-2817-390X",,,,,"4bed04ba-8d16-4fc6-8976-d95ff62bd172"
"a8c45fc0-1d33-4dbb-ab5b-b80b4735e6bb","7d2fb23d-c551-4dab-bdb2-84cbd125f6ef","NOGP_002.mammalGrid.mam","D09","NOGP","NOGP_002","F3","distributed","grasslandHerbaceous",46.799664,-100.910770,"WGS84",45.1,547.4,0.1,"6 - trap set and empty","ShermanXLK","2025-07-15","2025-07-15",,,,,,,,,,,,,,,,,,,,,,,,,,,,,,,,,,,,,,,,,,,,,"0009-0000-8940-8632","0009-0000-9880-3001",,,,,"a5a0d38c-868e-407a-a52c-35b8298b9e83"
"4eeeeef6-ee01-4eb6-a532-ce488d1df803","7d2fb23d-c551-4dab-bdb2-84cbd125f6ef","NOGP_002.mammalGrid.mam","D09","NOGP","NOGP_002","E8","distributed","grasslandHerbaceous",46.799664,-100.910770,"WGS84",45.1,547.4,0.1,"6 - trap set and empty","ShermanXLK","2025-07-15","2025-07-15",,,,,,,,,,,,,,,,,,,,,,,,,,,,,,,,,,,,,,,,,,,,,"0009-0000-8940-8632","0009-0000-9880-3001",,,,,"7c87d184-6d68-4224-92c8-b9aab008d54a"
"1ee221e6-d5bd-4a56-901d-b5b20061d39c","f5bf7fcb-c38c-4cb4-9904-a87f0594068d","NOGP_017.mammalGrid.mam","D09","NOGP","NOGP_017","B9","distributed","grasslandHerbaceous",46.791856,-100.918686,"WGS84",45.1,556.8,0.1,"6 - trap set and empty","ShermanXLK","2025-07-15","2025-07-15",,,,,,,,,,,,,,,,,,,,,,,,,,,,,,,,,,,,,,,,,,,,,"0009-0000-8940-8632","0009-0000-9880-3001",,,,,"19acc1b0-948d-4d86-8771-25ad85291b51"
"288140e9-ffc9-42bf-a124-2f64ec3d937c","f5bf7fcb-c38c-4cb4-9904-a87f0594068d","NOGP_017.mammalGrid.mam","D09","NOGP","NOGP_017","B4","distributed","grasslandHerbaceous",46.791856,-100.918686,"WGS84",45.1,556.8,0.1,"6 - trap set and empty","ShermanXLK","2025-07-15","2025-07-15",,,,,,,,,,,,,,,,,,,,,,,,,,,,,,,,,,,,,,,,,,,,,"0009-0000-8940-8632","0009-0000-9880-3001",,,,,"3948384f-f641-4615-ac88-7f00a2673585"
"536c9d28-ab56-4582-af37-0d361dc594d5","f8f61ab2-1b0e-42b6-9226-240193bdd1c6","NOGP_005.mammalGrid.mam","D09","NOGP","NOGP_005","H4","distributed","grasslandHerbaceous",46.788065,-100.913882,"WGS84",45.1,562.2,0.1,"5 - capture","ShermanLF","2025-07-15","2025-07-15","NEON.MAM.D09.L9046",,"PEMA","Peromyscus maniculatus","species","cf. species",,,,"N","M","Y","processed",,"adult","scrotal",,,,18,,,,26,"N","N","N",,"none","dry ice",,,"unsuccessful",,,,,,,"NOGP.20250715.L9046.H","A00000378786","hairAndWhisker",,,"0009-0006-6432-3978","0009-0002-2817-390X",,,,,"516fe505-4a1e-4150-9ead-5920f19d04ed"
"0421cbed-2918-41b9-b5bd-d9ab3ed39aec","f8f61ab2-1b0e-42b6-9226-240193bdd1c6","NOGP_005.mammalGrid.mam","D09","NOGP","NOGP_005","F3","distributed","grasslandHerbaceous",46.788065,-100.913882,"WGS84",45.1,562.2,0.1,"6 - trap set and empty","ShermanLF","2025-07-15","2025-07-15",,,,,,,,,,,,,,,,,,,,,,,,,,,,,,,,,,,,,,,,,,,,,"0009-0006-6432-3978","0009-0002-2817-390X",,,,,"6371eb99-1bd9-44e4-a721-e9eca866ffb0"
"9078d929-cb2a-42b5-9e77-2ac0a12ee6a5","f5bf7fcb-c38c-4cb4-9904-a87f0594068d","NOGP_017.mammalGrid.mam","D09","NOGP","NOGP_017","D10","distributed","grasslandHerbaceous",46.791856,-100.918686,"WGS84",45.1,556.8,0.1,"6 - trap set and empty","ShermanXLK","2025-07-15","2025-07-15",,,,,,,,,,,,,,,,,,,,,,,,,,,,,,,,,,,,,,,,,,,,,"0009-0000-8940-8632","0009-0000-9880-3001",,,,,"2bef4b56-3fc2-4736-9a7a-390e1656dfc1"
"9327e536-7d11-40f4-8759-7b3995b96929","f8f61ab2-1b0e-42b6-9226-240193bdd1c6","NOGP_005.mammalGrid.mam","D09","NOGP","NOGP_005","C8","distributed","grasslandHerbaceous",46.788065,-100.913882,"WGS84",45.1,562.2,0.1,"5 - capture","ShermanLF","2025-07-15","2025-07-15","NEON.MAM.D09.L8316",,"PEMA","Peromyscus maniculatus","species",,,,,"N","F","N","processed",,"adult",,"nonenlarged","not","neither",18,,,,19,"N","N","N",,"fleas","dry ice","NOGP.20250715.L8316.B","D00000199900","mandibular",,"NOGP.20250715.L8316.F","D00000199896","ok","NOGP.20250715.L8316.E","D00000199877","NOGP.20250715.L8316.H","A00000378956","hairAndWhisker",,,"0009-0006-6432-3978","0009-0002-2817-390X",,,,,"cc412e18-2175-41b6-b696-9dc758173e11"
"dec25c98-adbd-49f0-bb7d-5561a33499d4","f8f61ab2-1b0e-42b6-9226-240193bdd1c6","NOGP_005.mammalGrid.mam","D09","NOGP","NOGP_005","H1","distributed","grasslandHerbaceous",46.788065,-100.913882,"WGS84",45.1,562.2,0.1,"6 - trap set and empty","ShermanLF","2025-07-15","2025-07-15",,,,,,,,,,,,,,,,,,,,,,,,,,,,,,,,,,,,,,,,,,,,,"0009-0006-6432-3978","0009-0002-2817-390X",,,,,"4441a737-5f1d-4fbe-8f24-b43788e377dc"
"ad8bc669-37ea-4324-9031-e76a3392c2de","f5bf7fcb-c38c-4cb4-9904-a87f0594068d","NOGP_017.mammalGrid.mam","D09","NOGP","NOGP_017","A8","distributed","grasslandHerbaceous",46.791856,-100.918686,"WGS84",45.1,556.8,0.1,"6 - trap set and empty","ShermanXLK","2025-07-15","2025-07-15",,,,,,,,,,,,,,,,,,,,,,,,,,,,,,,,,,,,,,,,,,,,,"0009-0000-8940-8632","0009-0000-9880-3001",,,,,"fb6fb0d9-c1e5-41fb-ae6c-b2f11732d214"
"e9297274-9b0c-4a9e-b0d9-b19b58a0731e","7d2fb23d-c551-4dab-bdb2-84cbd125f6ef","NOGP_002.mammalGrid.mam","D09","NOGP","NOGP_002","H5","distributed","grasslandHerbaceous",46.799664,-100.910770,"WGS84",45.1,547.4,0.1,"6 - trap set and empty","ShermanXLK","2025-07-15","2025-07-15",,,,,,,,,,,,,,,,,,,,,,,,,,,,,,,,,,,,,,,,,,,,,"0009-0000-8940-8632","0009-0000-9880-3001",,,,,"cd6f3122-356b-4f34-9d79-789214ffad8f"
"053646b1-76ad-4c50-bfba-2c6730f45e98","7d2fb23d-c551-4dab-bdb2-84cbd125f6ef","NOGP_002.mammalGrid.mam","D09","NOGP","NOGP_002","H2","distributed","grasslandHerbaceous",46.799664,-100.910770,"WGS84",45.1,547.4,0.1,"6 - trap set and empty","ShermanXLK","2025-07-15","2025-07-15",,,,,,,,,,,,,,,,,,,,,,,,,,,,,,,,,,,,,,,,,,,,,"0009-0000-8940-8632","0009-0000-9880-3001",,,,,"da163e6a-6ed6-4d4a-b062-724b42a7c4a7"
"2594b51b-b4ad-4080-8c5f-a598b0a98561","f5bf7fcb-c38c-4cb4-9904-a87f0594068d","NOGP_017.mammalGrid.mam","D09","NOGP","NOGP_017","G3","distributed","grasslandHerbaceous",46.791856,-100.918686,"WGS84",45.1,556.8,0.1,"6 - trap set and empty","ShermanXLK","2025-07-15","2025-07-15",,,,,,,,,,,,,,,,,,,,,,,,,,,,,,,,,,,,,,,,,,,,,"0009-0000-8940-8632","0009-0000-9880-3001",,,,,"f153d304-24a6-4376-8064-1f5dfa626a1a"
"04222c4f-c167-4762-b0cf-70ae538eb1da","b692fa68-1fd8-4a88-b041-5c081de055a0","NOGP_007.mammalGrid.mam","D09","NOGP","NOGP_007","F4","distributed","grasslandHerbaceous",46.810415,-100.903576,"WGS84",45.1,519.6,0.1,"6 - trap set and empty","ShermanLF","2025-07-15","2025-07-15",,,,,,,,,,,,,,,,,,,,,,,,,,,,,,,,,,,,,,,,,,,,,"0009-0000-8940-8632","0009-0006-7557-7412",,,,,"2435f85a-0386-4063-895f-7c7b38d09d9d"
"2d4a205f-25f0-40b8-b11c-5796a2ad58cc","f8f61ab2-1b0e-42b6-9226-240193bdd1c6","NOGP_005.mammalGrid.mam","D09","NOGP","NOGP_005","C3","distributed","grasslandHerbaceous",46.788065,-100.913882,"WGS84",45.1,562.2,0.1,"6 - trap set and empty","ShermanLF","2025-07-15","2025-07-15",,,,,,,,,,,,,,,,,,,,,,,,,,,,,,,,,,,,,,,,,,,,,"0009-0006-6432-3978","0009-0002-2817-390X",,,,,"8d8ea003-3a9b-4c0b-8509-586899b979a9"
"9292932e-1f2c-40cf-99e7-8989dd3ea257","f5bf7fcb-c38c-4cb4-9904-a87f0594068d","NOGP_017.mammalGrid.mam","D09","NOGP","NOGP_017","E7","distributed","grasslandHerbaceous",46.791856,-100.918686,"WGS84",45.1,556.8,0.1,"6 - trap set and empty","ShermanXLK","2025-07-15","2025-07-15",,,,,,,,,,,,,,,,,,,,,,,,,,,,,,,,,,,,,,,,,,,,,"0009-0000-8940-8632","0009-0000-9880-3001",,,,,"77d094c0-048d-4c88-a1e1-3adeecd6f8b2"
"ce71f62d-f35d-4471-820b-9f369d8945f5","f8f61ab2-1b0e-42b6-9226-240193bdd1c6","NOGP_005.mammalGrid.mam","D09","NOGP","NOGP_005","H2","distributed","grasslandHerbaceous",46.788065,-100.913882,"WGS84",45.1,562.2,0.1,"6 - trap set and empty","ShermanLF","2025-07-15","2025-07-15",,,,,,,,,,,,,,,,,,,,,,,,,,,,,,,,,,,,,,,,,,,,,"0009-0006-6432-3978","0009-0002-2817-390X",,,,,"0fee6816-0e82-44d0-ac03-6646033dd01e"
"80870808-baae-4bde-91a2-77947526cb11","f8f61ab2-1b0e-42b6-9226-240193bdd1c6","NOGP_005.mammalGrid.mam","D09","NOGP","NOGP_005","B7","distributed","grasslandHerbaceous",46.788065,-100.913882,"WGS84",45.1,562.2,0.1,"6 - trap set and empty","ShermanLF","2025-07-15","2025-07-15",,,,,,,,,,,,,,,,,,,,,,,,,,,,,,,,,,,,,,,,,,,,,"0009-0006-6432-3978","0009-0002-2817-390X",,,,,"046a542e-c514-4d82-9256-1879f3fe55f3"
"ce76a9c0-c66c-4c52-bba3-263de06e01c5","f5bf7fcb-c38c-4cb4-9904-a87f0594068d","NOGP_017.mammalGrid.mam","D09","NOGP","NOGP_017","F8","distributed","grasslandHerbaceous",46.791856,-100.918686,"WGS84",45.1,556.8,0.1,"6 - trap set and empty","ShermanXLK","2025-07-15","2025-07-15",,,,,,,,,,,,,,,,,,,,,,,,,,,,,,,,,,,,,,,,,,,,,"0009-0000-8940-8632","0009-0000-9880-3001",,,,,"01ce72ba-2001-404e-8279-37332b19df97"
"7ff76ba5-3f79-4fd6-8f15-753f2ddad4e3","f8f61ab2-1b0e-42b6-9226-240193bdd1c6","NOGP_005.mammalGrid.mam","D09","NOGP","NOGP_005","J9","distributed","grasslandHerbaceous",46.788065,-100.913882,"WGS84",45.1,562.2,0.1,"5 - capture","ShermanLF","2025-07-15","2025-07-15","NEON.MAM.D09.R8450",,"ZAHU","Zapus hudsonius","species",,,,,"N","F","Y","processed",,"adult",,"nonenlarged","not","neither",30,,,,22,"N","N","N",,"none","dry ice","NOGP.20250715.R8450.B","D00000199907","mandibular - QNS","10-20",,,,,,,,,,,"0009-0006-6432-3978","0009-0002-2817-390X",,,,,"2c677c12-3a65-4466-aa16-0a298adbeaba"
"d51183e9-1d90-4afa-90c5-b788302e5f62","7d2fb23d-c551-4dab-bdb2-84cbd125f6ef","NOGP_002.mammalGrid.mam","D09","NOGP","NOGP_002","F6","distributed","grasslandHerbaceous",46.799664,-100.910770,"WGS84",45.1,547.4,0.1,"6 - trap set and empty","ShermanXLK","2025-07-15","2025-07-15",,,,,,,,,,,,,,,,,,,,,,,,,,,,,,,,,,,,,,,,,,,,,"0009-0000-8940-8632","0009-0000-9880-3001",,,,,"30e911a7-1454-4c95-a24e-b35b7eb49e49"
"d4abce39-0fa2-45e2-90fd-689eb89c24fd","7d2fb23d-c551-4dab-bdb2-84cbd125f6ef","NOGP_002.mammalGrid.mam","D09","NOGP","NOGP_002","J7","distributed","grasslandHerbaceous",46.799664,-100.910770,"WGS84",45.1,547.4,0.1,"6 - trap set and empty","ShermanXLK","2025-07-15","2025-07-15",,,,,,,,,,,,,,,,,,,,,,,,,,,,,,,,,,,,,,,,,,,,,"0009-0000-8940-8632","0009-0000-9880-3001",,,,,"c097d84b-6a7e-4c56-9c71-47f601a70f27"
"2e3e7de5-75da-4225-9930-581badb53adf","7d2fb23d-c551-4dab-bdb2-84cbd125f6ef","NOGP_002.mammalGrid.mam","D09","NOGP","NOGP_002","F10","distributed","grasslandHerbaceous",46.799664,-100.910770,"WGS84",45.1,547.4,0.1,"6 - trap set and empty","ShermanXLK","2025-07-15","2025-07-15",,,,,,,,,,,,,,,,,,,,,,,,,,,,,,,,,,,,,,,,,,,,,"0009-0000-8940-8632","0009-0000-9880-3001",,,,,"ab3e64dd-4f89-440a-a3d8-0558d49b6802"
"a723aad5-a073-4f9d-83dd-99f372bf379c","f5bf7fcb-c38c-4cb4-9904-a87f0594068d","NOGP_017.mammalGrid.mam","D09","NOGP","NOGP_017","D1","distributed","grasslandHerbaceous",46.791856,-100.918686,"WGS84",45.1,556.8,0.1,"6 - trap set and empty","ShermanXLK","2025-07-15","2025-07-15",,,,,,,,,,,,,,,,,,,,,,,,,,,,,,,,,,,,,,,,,,,,,"0009-0000-8940-8632","0009-0000-9880-3001",,,,,"a344be86-4d6a-45a0-861a-407a23b68431"
"de2d5b53-2ffa-49cd-bea5-84b55a534e16","b692fa68-1fd8-4a88-b041-5c081de055a0","NOGP_007.mammalGrid.mam","D09","NOGP","NOGP_007","G6","distributed","grasslandHerbaceous",46.810415,-100.903576,"WGS84",45.1,519.6,0.1,"6 - trap set and empty","ShermanLF","2025-07-15","2025-07-15",,,,,,,,,,,,,,,,,,,,,,,,,,,,,,,,,,,,,,,,,,,,,"0009-0000-8940-8632","0009-0006-7557-7412",,,,,"9fe6aac5-4a79-49d5-aebf-08629bcd634b"
"7b28b0b5-d005-4b5d-ad50-310284f1c48c","7d2fb23d-c551-4dab-bdb2-84cbd125f6ef","NOGP_002.mammalGrid.mam","D09","NOGP","NOGP_002","H3","distributed","grasslandHerbaceous",46.799664,-100.910770,"WGS84",45.1,547.4,0.1,"5 - capture","ShermanXLK","2025-07-15","2025-07-15","NEON.MAM.D09.L9200",,"PELE","Peromyscus leucopus","species",,,,,"N","F","N","processed",,"adult",,"nonenlarged","not","neither",20,,,,20,"N","Y","N","1-5","fleas","dry ice","NOGP.20250715.L9200.B","D00000245407","mandibular",,"NOGP.20250715.L9200.F","D00000245437","ok","NOGP.20250715.L9200.E","D00000245421","NOGP.20250715.L9200.H","A00000378838","hairAndWhisker",,,"0009-0000-8940-8632","0009-0000-9880-3001",,,,,"10142553-2073-47f6-8142-8983ea393640"
"b93e124c-7401-4b23-b09b-e1cd36400fc9","b692fa68-1fd8-4a88-b041-5c081de055a0","NOGP_007.mammalGrid.mam","D09","NOGP","NOGP_007","C4","distributed","grasslandHerbaceous",46.810415,-100.903576,"WGS84",45.1,519.6,0.1,"6 - trap set and empty","ShermanLF","2025-07-15","2025-07-15",,,,,,,,,,,,,,,,,,,,,,,,,,,,,,,,,,,,,,,,,,,,,"0009-0000-8940-8632","0009-0006-7557-7412",,,,,"ccf48568-88c9-41c4-9508-f7ef660fd850"
"a3d19726-b677-4d34-8365-992033956855","f5bf7fcb-c38c-4cb4-9904-a87f0594068d","NOGP_017.mammalGrid.mam","D09","NOGP","NOGP_017","F6","distributed","grasslandHerbaceous",46.791856,-100.918686,"WGS84",45.1,556.8,0.1,"6 - trap set and empty","ShermanXLK","2025-07-15","2025-07-15",,,,,,,,,,,,,,,,,,,,,,,,,,,,,,,,,,,,,,,,,,,,,"0009-0000-8940-8632","0009-0000-9880-3001",,,,,"4da3a4f4-2e34-4c66-adf6-413935de0219"
"0f74d329-d57f-4a21-8225-f22da3cb2afa","f5bf7fcb-c38c-4cb4-9904-a87f0594068d","NOGP_017.mammalGrid.mam","D09","NOGP","NOGP_017","F7","distributed","grasslandHerbaceous",46.791856,-100.918686,"WGS84",45.1,556.8,0.1,"6 - trap set and empty","ShermanXLK","2025-07-15","2025-07-15",,,,,,,,,,,,,,,,,,,,,,,,,,,,,,,,,,,,,,,,,,,,,"0009-0000-8940-8632","0009-0000-9880-3001",,,,,"7ecb0ab0-d7df-4167-ac09-0c19d161864c"
"8bb2feae-7bc3-4d27-9bca-525aa9f5c6b0","f8f61ab2-1b0e-42b6-9226-240193bdd1c6","NOGP_005.mammalGrid.mam","D09","NOGP","NOGP_005","I8","distributed","grasslandHerbaceous",46.788065,-100.913882,"WGS84",45.1,562.2,0.1,"6 - trap set and empty","ShermanLF","2025-07-15","2025-07-15",,,,,,,,,,,,,,,,,,,,,,,,,,,,,,,,,,,,,,,,,,,,,"0009-0006-6432-3978","0009-0002-2817-390X",,,,,"a7069838-56e4-41ce-834e-2fa8624a7c8a"
"d55136e2-e471-4e1f-95f5-6d6ab4b635cd","b692fa68-1fd8-4a88-b041-5c081de055a0","NOGP_007.mammalGrid.mam","D09","NOGP","NOGP_007","G1","distributed","grasslandHerbaceous",46.810415,-100.903576,"WGS84",45.1,519.6,0.1,"6 - trap set and empty","ShermanLF","2025-07-15","2025-07-15",,,,,,,,,,,,,,,,,,,,,,,,,,,,,,,,,,,,,,,,,,,,,"0009-0000-8940-8632","0009-0006-7557-7412",,,,,"8c501c8f-f7a0-4355-ba3b-8b55b8f95358"
"2f6fd0f7-378c-48d8-b880-cf91f3a960c9","f8f61ab2-1b0e-42b6-9226-240193bdd1c6","NOGP_005.mammalGrid.mam","D09","NOGP","NOGP_005","B10","distributed","grasslandHerbaceous",46.788065,-100.913882,"WGS84",45.1,562.2,0.1,"6 - trap set and empty","ShermanLF","2025-07-15","2025-07-15",,,,,,,,,,,,,,,,,,,,,,,,,,,,,,,,,,,,,,,,,,,,,"0009-0006-6432-3978","0009-0002-2817-390X",,,,,"b824d328-caab-4f21-83af-a8f4147d9441"
"9bf63ffe-da2a-4b24-8ef4-9ec049e1f008","f5bf7fcb-c38c-4cb4-9904-a87f0594068d","NOGP_017.mammalGrid.mam","D09","NOGP","NOGP_017","G10","distributed","grasslandHerbaceous",46.791856,-100.918686,"WGS84",45.1,556.8,0.1,"6 - trap set and empty","ShermanXLK","2025-07-15","2025-07-15",,,,,,,,,,,,,,,,,,,,,,,,,,,,,,,,,,,,,,,,,,,,,"0009-0000-8940-8632","0009-0000-9880-3001",,,,,"024096d7-7055-43b8-bd4d-eb5e889dc7f2"
"d11084be-874f-4d05-91d7-2f991f6561fb","f8f61ab2-1b0e-42b6-9226-240193bdd1c6","NOGP_005.mammalGrid.mam","D09","NOGP","NOGP_005","A9","distributed","grasslandHerbaceous",46.788065,-100.913882,"WGS84",45.1,562.2,0.1,"6 - trap set and empty","ShermanLF","2025-07-15","2025-07-15",,,,,,,,,,,,,,,,,,,,,,,,,,,,,,,,,,,,,,,,,,,,,"0009-0006-6432-3978","0009-0002-2817-390X",,,,,"614e3075-c2be-4a80-8764-7dbf5468ebb1"
"c4d7c0af-2508-436b-b9db-a72d72556ab9","f5bf7fcb-c38c-4cb4-9904-a87f0594068d","NOGP_017.mammalGrid.mam","D09","NOGP","NOGP_017","B2","distributed","grasslandHerbaceous",46.791856,-100.918686,"WGS84",45.1,556.8,0.1,"2 - trap disturbed/door closed but empty","ShermanXLK","2025-07-15","2025-07-15",,,,,,,,,,,,,,,,,,,,,,,,,,,,,"did not check","dry ice",,,,,,,,,,,,,,,"0009-0000-8940-8632","0009-0000-9880-3001",,,,,"a2bd45d0-8674-4f72-93dc-4f839915c4bf"
"52c80836-6be0-4917-bff2-d812b378427d","b692fa68-1fd8-4a88-b041-5c081de055a0","NOGP_007.mammalGrid.mam","D09","NOGP","NOGP_007","J9","distributed","grasslandHerbaceous",46.810415,-100.903576,"WGS84",45.1,519.6,0.1,"6 - trap set and empty","ShermanLF","2025-07-15","2025-07-15",,,,,,,,,,,,,,,,,,,,,,,,,,,,,,,,,,,,,,,,,,,,,"0009-0000-8940-8632","0009-0006-7557-7412",,,,,"176e0564-5c53-4ce8-8068-2b7cb325e1c5"
"e6bbd80b-6634-48b6-a876-55e0da28c5d0","f8f61ab2-1b0e-42b6-9226-240193bdd1c6","NOGP_005.mammalGrid.mam","D09","NOGP","NOGP_005","E3","distributed","grasslandHerbaceous",46.788065,-100.913882,"WGS84",45.1,562.2,0.1,"5 - capture","ShermanLF","2025-07-15","2025-07-15","NEON.MAM.D09.R8307",,"PEMA","Peromyscus maniculatus","species",,,,,"N","F","N","processed",,"adult",,"nonenlarged","not","neither",18,,,,19,"N","Y","N","1-5","none","dry ice","NOGP.20250715.R8307.B","D00000199906","mandibular",,"NOGP.20250715.R8307.F","D00000199920","ok","NOGP.20250715.R8307.E","D00000199918","NOGP.20250715.R8307.H","A00000378567","hairAndWhisker",,,"0009-0006-6432-3978","0009-0002-2817-390X",,,,,"61214827-eb54-42fa-ad81-336ab6478c3a"
"d7cb4623-6943-4b65-a9cf-371b2077917e","7d2fb23d-c551-4dab-bdb2-84cbd125f6ef","NOGP_002.mammalGrid.mam","D09","NOGP","NOGP_002","G6","distributed","grasslandHerbaceous",46.799664,-100.910770,"WGS84",45.1,547.4,0.1,"5 - capture","ShermanXLK","2025-07-15","2025-07-15","NEON.MAM.D09.L8814",,"MIPE","Microtus pennsylvanicus","species",,,,,"N","F","N","processed",,"adult",,"nonenlarged","not","neither",18,,,,25,"N","N","N",,"none","dry ice","NOGP.20250715.L8814.B","D00000245431","mandibular",,,,,"NOGP.20250715.L8814.E","D00000245401","NOGP.20250715.L8814.H","A00000378762","hairAndWhisker",,,"0009-0000-8940-8632","0009-0000-9880-3001",,,,,"374be06f-28fc-490d-ba85-c8a960169c14"
"b0d32163-a031-415f-894e-d291eb336bcc","b692fa68-1fd8-4a88-b041-5c081de055a0","NOGP_007.mammalGrid.mam","D09","NOGP","NOGP_007","A4","distributed","grasslandHerbaceous",46.810415,-100.903576,"WGS84",45.1,519.6,0.1,"6 - trap set and empty","ShermanLF","2025-07-15","2025-07-15",,,,,,,,,,,,,,,,,,,,,,,,,,,,,,,,,,,,,,,,,,,,,"0009-0000-8940-8632","0009-0006-7557-7412",,,,,"b2dde549-8b6d-46f1-b72c-671933c7ec79"
"d2309d86-004e-4ede-980b-275971d13598","b692fa68-1fd8-4a88-b041-5c081de055a0","NOGP_007.mammalGrid.mam","D09","NOGP","NOGP_007","B9","distributed","grasslandHerbaceous",46.810415,-100.903576,"WGS84",45.1,519.6,0.1,"6 - trap set and empty","ShermanLF","2025-07-15","2025-07-15",,,,,,,,,,,,,,,,,,,,,,,,,,,,,,,,,,,,,,,,,,,,,"0009-0000-8940-8632","0009-0006-7557-7412",,,,,"3dd76c3f-d014-4f54-9665-1bb6f1113634"
"e2aeeacc-e95f-4e48-bb71-427ee5f1ee9e","7d2fb23d-c551-4dab-bdb2-84cbd125f6ef","NOGP_002.mammalGrid.mam","D09","NOGP","NOGP_002","D3","distributed","grasslandHerbaceous",46.799664,-100.910770,"WGS84",45.1,547.4,0.1,"6 - trap set and empty","ShermanXLK","2025-07-15","2025-07-15",,,,,,,,,,,,,,,,,,,,,,,,,,,,,,,,,,,,,,,,,,,,,"0009-0000-8940-8632","0009-0000-9880-3001",,,,,"e183f36d-82a5-4743-bd03-b06ce09fabf6"
"e801a7a8-4dca-44ea-b7c4-161ab01a4ac6","7d2fb23d-c551-4dab-bdb2-84cbd125f6ef","NOGP_002.mammalGrid.mam","D09","NOGP","NOGP_002","H8","distributed","grasslandHerbaceous",46.799664,-100.910770,"WGS84",45.1,547.4,0.1,"6 - trap set and empty","ShermanXLK","2025-07-15","2025-07-15",,,,,,,,,,,,,,,,,,,,,,,,,,,,,,,,,,,,,,,,,,,,,"0009-0000-8940-8632","0009-0000-9880-3001",,,,,"b29103f0-112a-4e69-9698-6a28fe5ed250"
"92992cae-3f61-4ad8-a7b2-b70e2cfb0d2d","7d2fb23d-c551-4dab-bdb2-84cbd125f6ef","NOGP_002.mammalGrid.mam","D09","NOGP","NOGP_002","D9","distributed","grasslandHerbaceous",46.799664,-100.910770,"WGS84",45.1,547.4,0.1,"6 - trap set and empty","ShermanXLK","2025-07-15","2025-07-15",,,,,,,,,,,,,,,,,,,,,,,,,,,,,,,,,,,,,,,,,,,,,"0009-0000-8940-8632","0009-0000-9880-3001",,,,,"90019a9b-dd8e-409f-9959-89354bbe4f18"
"b5fb06a8-8175-4218-9867-7123f0451a16","f5bf7fcb-c38c-4cb4-9904-a87f0594068d","NOGP_017.mammalGrid.mam","D09","NOGP","NOGP_017","I8","distributed","grasslandHerbaceous",46.791856,-100.918686,"WGS84",45.1,556.8,0.1,"6 - trap set and empty","ShermanXLK","2025-07-15","2025-07-15",,,,,,,,,,,,,,,,,,,,,,,,,,,,,,,,,,,,,,,,,,,,,"0009-0000-8940-8632","0009-0000-9880-3001",,,,,"569ab2c1-6ce4-4314-968e-f880c601d8af"
"dd4046be-b842-4afe-8760-634a702c0db5","7d2fb23d-c551-4dab-bdb2-84cbd125f6ef","NOGP_002.mammalGrid.mam","D09","NOGP","NOGP_002","H9","distributed","grasslandHerbaceous",46.799664,-100.910770,"WGS84",45.1,547.4,0.1,"6 - trap set and empty","ShermanXLK","2025-07-15","2025-07-15",,,,,,,,,,,,,,,,,,,,,,,,,,,,,,,,,,,,,,,,,,,,,"0009-0000-8940-8632","0009-0000-9880-3001",,,,,"21f4ec31-2d26-4a46-a963-a53fa562e7ae"
"5e35e363-53cf-49b4-9bfd-6e59cc46cf4e","f5bf7fcb-c38c-4cb4-9904-a87f0594068d","NOGP_017.mammalGrid.mam","D09","NOGP","NOGP_017","H4","distributed","grasslandHerbaceous",46.791856,-100.918686,"WGS84",45.1,556.8,0.1,"6 - trap set and empty","ShermanXLK","2025-07-15","2025-07-15",,,,,,,,,,,,,,,,,,,,,,,,,,,,,,,,,,,,,,,,,,,,,"0009-0000-8940-8632","0009-0000-9880-3001",,,,,"f88a7609-073f-48a2-a353-d95842a1814a"
"36b8193c-919e-42fb-a0ba-71ca820e8486","b692fa68-1fd8-4a88-b041-5c081de055a0","NOGP_007.mammalGrid.mam","D09","NOGP","NOGP_007","F1","distributed","grasslandHerbaceous",46.810415,-100.903576,"WGS84",45.1,519.6,0.1,"6 - trap set and empty","ShermanLF","2025-07-15","2025-07-15",,,,,,,,,,,,,,,,,,,,,,,,,,,,,,,,,,,,,,,,,,,,,"0009-0000-8940-8632","0009-0006-7557-7412",,,,,"ec77fd2f-a9c2-43c6-8e49-9e4b658415bb"
"404c48bf-9e41-40e4-9785-45be5e91b5d8","b692fa68-1fd8-4a88-b041-5c081de055a0","NOGP_007.mammalGrid.mam","D09","NOGP","NOGP_007","E5","distributed","grasslandHerbaceous",46.810415,-100.903576,"WGS84",45.1,519.6,0.1,"6 - trap set and empty","ShermanLF","2025-07-15","2025-07-15",,,,,,,,,,,,,,,,,,,,,,,,,,,,,,,,,,,,,,,,,,,,,"0009-0000-8940-8632","0009-0006-7557-7412",,,,,"13867488-edf8-4529-bda5-28a8aef4c8b3"
"f2ab7dc2-6864-4599-ab37-a46fec894715","f8f61ab2-1b0e-42b6-9226-240193bdd1c6","NOGP_005.mammalGrid.mam","D09","NOGP","NOGP_005","F2","distributed","grasslandHerbaceous",46.788065,-100.913882,"WGS84",45.1,562.2,0.1,"6 - trap set and empty","ShermanLF","2025-07-15","2025-07-15",,,,,,,,,,,,,,,,,,,,,,,,,,,,,,,,,,,,,,,,,,,,,"0009-0006-6432-3978","0009-0002-2817-390X",,,,,"1c7eadc7-7821-4225-93c0-23cdf8dfd1bc"
"03a6b465-ebbe-4ebc-91e9-661c1cffe9ff","f8f61ab2-1b0e-42b6-9226-240193bdd1c6","NOGP_005.mammalGrid.mam","D09","NOGP","NOGP_005","D8","distributed","grasslandHerbaceous",46.788065,-100.913882,"WGS84",45.1,562.2,0.1,"6 - trap set and empty","ShermanLF","2025-07-15","2025-07-15",,,,,,,,,,,,,,,,,,,,,,,,,,,,,,,,,,,,,,,,,,,,,"0009-0006-6432-3978","0009-0002-2817-390X",,,,,"d9765862-64e0-4227-87dc-8585e760c2b9"
"8766f2e0-f507-4d57-9892-46262dca906f","7d2fb23d-c551-4dab-bdb2-84cbd125f6ef","NOGP_002.mammalGrid.mam","D09","NOGP","NOGP_002","F2","distributed","grasslandHerbaceous",46.799664,-100.910770,"WGS84",45.1,547.4,0.1,"6 - trap set and empty","ShermanXLK","2025-07-15","2025-07-15",,,,,,,,,,,,,,,,,,,,,,,,,,,,,,,,,,,,,,,,,,,,,"0009-0000-8940-8632","0009-0000-9880-3001",,,,,"537f4dd1-ed39-4a7e-976a-4c728fbe111e"
"445bd162-4200-4626-9ada-3d01385b8f92","7d2fb23d-c551-4dab-bdb2-84cbd125f6ef","NOGP_002.mammalGrid.mam","D09","NOGP","NOGP_002","I5","distributed","grasslandHerbaceous",46.799664,-100.910770,"WGS84",45.1,547.4,0.1,"6 - trap set and empty","ShermanXLK","2025-07-15","2025-07-15",,,,,,,,,,,,,,,,,,,,,,,,,,,,,,,,,,,,,,,,,,,,,"0009-0000-8940-8632","0009-0000-9880-3001",,,,,"823c2ee0-d62f-4585-81d5-16555037bc88"
"613378c4-6ca3-4cc4-8ff9-42de3044dd13","f8f61ab2-1b0e-42b6-9226-240193bdd1c6","NOGP_005.mammalGrid.mam","D09","NOGP","NOGP_005","I5","distributed","grasslandHerbaceous",46.788065,-100.913882,"WGS84",45.1,562.2,0.1,"6 - trap set and empty","ShermanLF","2025-07-15","2025-07-15",,,,,,,,,,,,,,,,,,,,,,,,,,,,,,,,,,,,,,,,,,,,,"0009-0006-6432-3978","0009-0002-2817-390X",,,,,"c1ba2b3d-7b2c-4b72-b63a-991a50f320a0"
"2198c428-e99d-481a-b7b3-2594add80601","f8f61ab2-1b0e-42b6-9226-240193bdd1c6","NOGP_005.mammalGrid.mam","D09","NOGP","NOGP_005","F1","distributed","grasslandHerbaceous",46.788065,-100.913882,"WGS84",45.1,562.2,0.1,"6 - trap set and empty","ShermanLF","2025-07-15","2025-07-15",,,,,,,,,,,,,,,,,,,,,,,,,,,,,,,,,,,,,,,,,,,,,"0009-0006-6432-3978","0009-0002-2817-390X",,,,,"6a719bac-f481-485e-aed0-97ac4751b27d"
"c4598a69-a580-4ae2-bf17-84a6a8a89ebf","f8f61ab2-1b0e-42b6-9226-240193bdd1c6","NOGP_005.mammalGrid.mam","D09","NOGP","NOGP_005","H8","distributed","grasslandHerbaceous",46.788065,-100.913882,"WGS84",45.1,562.2,0.1,"5 - capture","ShermanLF","2025-07-15","2025-07-15","NEON.MAM.D09.L8432",,"PELE","Peromyscus leucopus","species",,,,,"N","F","N","processed",,"adult",,"nonenlarged","not","neither",22,,,,27,"N","Y","N","1-5","none","dry ice","NOGP.20250715.L8432.B","D00000199888","mandibular",,,,,"NOGP.20250715.L8432.E","D00000199903","NOGP.20250715.L8432.H","A00000378871","hairAndWhisker",,,"0009-0006-6432-3978","0009-0002-2817-390X",,,,,"e4cc00f5-99a7-473a-9af8-032be9ecf927"
"d6d13296-39c5-4b60-83f7-94527ecee079","f8f61ab2-1b0e-42b6-9226-240193bdd1c6","NOGP_005.mammalGrid.mam","D09","NOGP","NOGP_005","J1","distributed","grasslandHerbaceous",46.788065,-100.913882,"WGS84",45.1,562.2,0.1,"6 - trap set and empty","ShermanLF","2025-07-15","2025-07-15",,,,,,,,,,,,,,,,,,,,,,,,,,,,,,,,,,,,,,,,,,,,,"0009-0006-6432-3978","0009-0002-2817-390X",,,,,"f74ec27d-8bc9-4d20-a4a7-078a15dd068a"
"80df0db3-0097-494e-984b-c284e814280e","7d2fb23d-c551-4dab-bdb2-84cbd125f6ef","NOGP_002.mammalGrid.mam","D09","NOGP","NOGP_002","A2","distributed","grasslandHerbaceous",46.799664,-100.910770,"WGS84",45.1,547.4,0.1,"6 - trap set and empty","ShermanXLK","2025-07-15","2025-07-15",,,,,,,,,,,,,,,,,,,,,,,,,,,,,,,,,,,,,,,,,,,,,"0009-0000-8940-8632","0009-0000-9880-3001",,,,,"4df023ec-1ed1-42cc-9d1f-bb4ad45dc48a"
"7f1737ba-25f3-4098-9f12-35e35823d478","f5bf7fcb-c38c-4cb4-9904-a87f0594068d","NOGP_017.mammalGrid.mam","D09","NOGP","NOGP_017","C6","distributed","grasslandHerbaceous",46.791856,-100.918686,"WGS84",45.1,556.8,0.1,"6 - trap set and empty","ShermanXLK","2025-07-15","2025-07-15",,,,,,,,,,,,,,,,,,,,,,,,,,,,,,,,,,,,,,,,,,,,,"0009-0000-8940-8632","0009-0000-9880-3001",,,,,"3bc215ac-60ee-4c49-8808-6fe6ac16f751"
"de5b2aa6-05bf-4422-84a8-11747ed75564","f5bf7fcb-c38c-4cb4-9904-a87f0594068d","NOGP_017.mammalGrid.mam","D09","NOGP","NOGP_017","E10","distributed","grasslandHerbaceous",46.791856,-100.918686,"WGS84",45.1,556.8,0.1,"6 - trap set and empty","ShermanXLK","2025-07-15","2025-07-15",,,,,,,,,,,,,,,,,,,,,,,,,,,,,,,,,,,,,,,,,,,,,"0009-0000-8940-8632","0009-0000-9880-3001",,,,,"388fe816-b082-45a0-afb5-494abf82385d"
"0b1139d0-9b3d-461e-a039-0883270bfbdd","f8f61ab2-1b0e-42b6-9226-240193bdd1c6","NOGP_005.mammalGrid.mam","D09","NOGP","NOGP_005","C10","distributed","grasslandHerbaceous",46.788065,-100.913882,"WGS84",45.1,562.2,0.1,"6 - trap set and empty","ShermanLF","2025-07-15","2025-07-15",,,,,,,,,,,,,,,,,,,,,,,,,,,,,,,,,,,,,,,,,,,,,"0009-0006-6432-3978","0009-0002-2817-390X",,,,,"32ea15fe-293b-4f3e-94c8-2ced8c8474b9"
"5961c87e-a024-4c2f-ad5d-493e3741ff21","b692fa68-1fd8-4a88-b041-5c081de055a0","NOGP_007.mammalGrid.mam","D09","NOGP","NOGP_007","D8","distributed","grasslandHerbaceous",46.810415,-100.903576,"WGS84",45.1,519.6,0.1,"6 - trap set and empty","ShermanLF","2025-07-15","2025-07-15",,,,,,,,,,,,,,,,,,,,,,,,,,,,,,,,,,,,,,,,,,,,,"0009-0000-8940-8632","0009-0006-7557-7412",,,,,"682c1666-5d40-4528-a3fd-6a9167333e1f"
"adcbec94-c35b-46e8-9dbc-e584dc818b29","b692fa68-1fd8-4a88-b041-5c081de055a0","NOGP_007.mammalGrid.mam","D09","NOGP","NOGP_007","J8","distributed","grasslandHerbaceous",46.810415,-100.903576,"WGS84",45.1,519.6,0.1,"6 - trap set and empty","ShermanLF","2025-07-15","2025-07-15",,,,,,,,,,,,,,,,,,,,,,,,,,,,,,,,,,,,,,,,,,,,,"0009-0000-8940-8632","0009-0006-7557-7412",,,,,"f4c2f606-7bc6-4b6f-9035-3f7b6b9db72c"
"fb40e9b3-7afc-46cd-bb5b-bd35ea849dbe","f8f61ab2-1b0e-42b6-9226-240193bdd1c6","NOGP_005.mammalGrid.mam","D09","NOGP","NOGP_005","E7","distributed","grasslandHerbaceous",46.788065,-100.913882,"WGS84",45.1,562.2,0.1,"5 - capture","ShermanLF","2025-07-15","2025-07-15","NEON.MAM.D09.R8404",,"PELE","Peromyscus leucopus","species",,,,,"N","M","Y","processed",,"adult","scrotal",,,,22,,,,35,"N","Y","N","1-5","none","dry ice","NOGP.20250715.R8404.B","D00000245382","mandibular",,"NOGP.20250715.R8404.F","D00000245374","ok",,,,,,,,"0009-0006-6432-3978","0009-0002-2817-390X",,,,,"9532a115-494e-47af-8ad1-b432182ae943"
"0ab0c740-c437-47c5-9099-bbb81156584f","f5bf7fcb-c38c-4cb4-9904-a87f0594068d","NOGP_017.mammalGrid.mam","D09","NOGP","NOGP_017","E3","distributed","grasslandHerbaceous",46.791856,-100.918686,"WGS84",45.1,556.8,0.1,"6 - trap set and empty","ShermanXLK","2025-07-15","2025-07-15",,,,,,,,,,,,,,,,,,,,,,,,,,,,,,,,,,,,,,,,,,,,,"0009-0000-8940-8632","0009-0000-9880-3001",,,,,"31783f4f-b529-4090-8922-151d7ced29b5"
"8e458ff5-52f8-4e70-9e98-d1f37c7bec9e","7d2fb23d-c551-4dab-bdb2-84cbd125f6ef","NOGP_002.mammalGrid.mam","D09","NOGP","NOGP_002","F7","distributed","grasslandHerbaceous",46.799664,-100.910770,"WGS84",45.1,547.4,0.1,"2 - trap disturbed/door closed but empty","ShermanXLK","2025-07-15","2025-07-15",,,,,,,,,,,,,,,,,,,,,,,,,,,,,"did not check","dry ice",,,,,,,,,,,,,,,"0009-0000-8940-8632","0009-0000-9880-3001",,,,,"a74fe372-09b3-4e5b-b168-b71a24da3934"
"58a7b8a4-5f5c-4f46-9649-618fa5c42585","f5bf7fcb-c38c-4cb4-9904-a87f0594068d","NOGP_017.mammalGrid.mam","D09","NOGP","NOGP_017","B5","distributed","grasslandHerbaceous",46.791856,-100.918686,"WGS84",45.1,556.8,0.1,"6 - trap set and empty","ShermanXLK","2025-07-15","2025-07-15",,,,,,,,,,,,,,,,,,,,,,,,,,,,,,,,,,,,,,,,,,,,,"0009-0000-8940-8632","0009-0000-9880-3001",,,,,"db60733d-1ec7-4908-8b0c-364afd93b423"
"a0056a6a-a836-4d1f-859a-4b2bb2f97ff7","b692fa68-1fd8-4a88-b041-5c081de055a0","NOGP_007.mammalGrid.mam","D09","NOGP","NOGP_007","C9","distributed","grasslandHerbaceous",46.810415,-100.903576,"WGS84",45.1,519.6,0.1,"6 - trap set and empty","ShermanLF","2025-07-15","2025-07-15",,,,,,,,,,,,,,,,,,,,,,,,,,,,,,,,,,,,,,,,,,,,,"0009-0000-8940-8632","0009-0006-7557-7412",,,,,"22384ab4-354e-4f29-8a84-e90b85f11301"
"8d357473-1083-4e20-adfb-ec45daaac9ae","f8f61ab2-1b0e-42b6-9226-240193bdd1c6","NOGP_005.mammalGrid.mam","D09","NOGP","NOGP_005","H6","distributed","grasslandHerbaceous",46.788065,-100.913882,"WGS84",45.1,562.2,0.1,"6 - trap set and empty","ShermanLF","2025-07-15","2025-07-15",,,,,,,,,,,,,,,,,,,,,,,,,,,,,,,,,,,,,,,,,,,,,"0009-0006-6432-3978","0009-0002-2817-390X",,,,,"3b36c620-282e-41db-9b62-59fefd965709"
"d35bf2d1-db83-4969-863d-2d6f3405bfc2","f5bf7fcb-c38c-4cb4-9904-a87f0594068d","NOGP_017.mammalGrid.mam","D09","NOGP","NOGP_017","A7","distributed","grasslandHerbaceous",46.791856,-100.918686,"WGS84",45.1,556.8,0.1,"6 - trap set and empty","ShermanXLK","2025-07-15","2025-07-15",,,,,,,,,,,,,,,,,,,,,,,,,,,,,,,,,,,,,,,,,,,,,"0009-0000-8940-8632","0009-0000-9880-3001",,,,,"3838aa5f-5557-422e-b7db-780e1efb4049"
"bd028232-6c96-4a6d-bcfa-a4289ff76068","7d2fb23d-c551-4dab-bdb2-84cbd125f6ef","NOGP_002.mammalGrid.mam","D09","NOGP","NOGP_002","C6","distributed","grasslandHerbaceous",46.799664,-100.910770,"WGS84",45.1,547.4,0.1,"6 - trap set and empty","ShermanXLK","2025-07-15","2025-07-15",,,,,,,,,,,,,,,,,,,,,,,,,,,,,,,,,,,,,,,,,,,,,"0009-0000-8940-8632","0009-0000-9880-3001",,,,,"dca44301-db21-452c-b767-e58df1cc4673"
"c68765e2-5f62-44d6-9a37-ef9fc26249b9","7d2fb23d-c551-4dab-bdb2-84cbd125f6ef","NOGP_002.mammalGrid.mam","D09","NOGP","NOGP_002","I1","distributed","grasslandHerbaceous",46.799664,-100.910770,"WGS84",45.1,547.4,0.1,"6 - trap set and empty","ShermanXLK","2025-07-15","2025-07-15",,,,,,,,,,,,,,,,,,,,,,,,,,,,,,,,,,,,,,,,,,,,,"0009-0000-8940-8632","0009-0000-9880-3001",,,,,"9b1858f0-d940-4337-a73e-4087221955e1"
"8625da3c-8eb4-46d4-88d4-da2bf5ff8edb","b692fa68-1fd8-4a88-b041-5c081de055a0","NOGP_007.mammalGrid.mam","D09","NOGP","NOGP_007","F2","distributed","grasslandHerbaceous",46.810415,-100.903576,"WGS84",45.1,519.6,0.1,"6 - trap set and empty","ShermanLF","2025-07-15","2025-07-15",,,,,,,,,,,,,,,,,,,,,,,,,,,,,,,,,,,,,,,,,,,,,"0009-0000-8940-8632","0009-0006-7557-7412",,,,,"75bd508e-0911-4efb-852c-15761f0f1c54"
"5810e255-b7ae-4899-9eea-8ab1cdd72dc6","f5bf7fcb-c38c-4cb4-9904-a87f0594068d","NOGP_017.mammalGrid.mam","D09","NOGP","NOGP_017","E8","distributed","grasslandHerbaceous",46.791856,-100.918686,"WGS84",45.1,556.8,0.1,"6 - trap set and empty","ShermanXLK","2025-07-15","2025-07-15",,,,,,,,,,,,,,,,,,,,,,,,,,,,,,,,,,,,,,,,,,,,,"0009-0000-8940-8632","0009-0000-9880-3001",,,,,"d120613e-1a92-44b6-8cf0-01fb8762a298"
"4b939954-a53e-45ee-88af-aa63462b69ac","7d2fb23d-c551-4dab-bdb2-84cbd125f6ef","NOGP_002.mammalGrid.mam","D09","NOGP","NOGP_002","D6","distributed","grasslandHerbaceous",46.799664,-100.910770,"WGS84",45.1,547.4,0.1,"6 - trap set and empty","ShermanXLK","2025-07-15","2025-07-15",,,,,,,,,,,,,,,,,,,,,,,,,,,,,,,,,,,,,,,,,,,,,"0009-0000-8940-8632","0009-0000-9880-3001",,,,,"414efa43-6e8b-4c8b-965f-5c754ca43d09"
"74ec96dc-b9d1-43fe-a5dc-1a452a0450af","7d2fb23d-c551-4dab-bdb2-84cbd125f6ef","NOGP_002.mammalGrid.mam","D09","NOGP","NOGP_002","H7","distributed","grasslandHerbaceous",46.799664,-100.910770,"WGS84",45.1,547.4,0.1,"6 - trap set and empty","ShermanXLK","2025-07-15","2025-07-15",,,,,,,,,,,,,,,,,,,,,,,,,,,,,,,,,,,,,,,,,,,,,"0009-0000-8940-8632","0009-0000-9880-3001",,,,,"d4348cd6-1e8a-4df9-ad02-2bab47bfc408"
"6937649d-313b-425b-8784-2dfb34ea445a","f8f61ab2-1b0e-42b6-9226-240193bdd1c6","NOGP_005.mammalGrid.mam","D09","NOGP","NOGP_005","F9","distributed","grasslandHerbaceous",46.788065,-100.913882,"WGS84",45.1,562.2,0.1,"5 - capture","ShermanLF","2025-07-15","2025-07-15","NEON.MAM.D09.L9042",,"PELE","Peromyscus leucopus","species",,,,,"N","M","N","processed",,"adult","scrotal",,,,22,,,,22,"N","Y","N","1-5","none","dry ice","NOGP.20250715.L9042.B","D00000199908","mandibular",,,,,"NOGP.20250715.L9042.E","D00000199881","NOGP.20250715.L9042.H","A00000378788","hairAndWhisker",,,"0009-0006-6432-3978","0009-0002-2817-390X",,,,,"87841021-428f-44dd-bbd4-cccf96523264"
"d267fd4a-c043-4f00-a363-239f33c6cf7b","f5bf7fcb-c38c-4cb4-9904-a87f0594068d","NOGP_017.mammalGrid.mam","D09","NOGP","NOGP_017","J1","distributed","grasslandHerbaceous",46.791856,-100.918686,"WGS84",45.1,556.8,0.1,"6 - trap set and empty","ShermanXLK","2025-07-15","2025-07-15",,,,,,,,,,,,,,,,,,,,,,,,,,,,,,,,,,,,,,,,,,,,,"0009-0000-8940-8632","0009-0000-9880-3001",,,,,"ef2680cf-0cbb-4ce9-accf-72a9ed70fdd2"
"9ff828dd-c789-493d-8cc1-ccd0219adc79","b692fa68-1fd8-4a88-b041-5c081de055a0","NOGP_007.mammalGrid.mam","D09","NOGP","NOGP_007","A10","distributed","grasslandHerbaceous",46.810415,-100.903576,"WGS84",45.1,519.6,0.1,"6 - trap set and empty","ShermanLF","2025-07-15","2025-07-15",,,,,,,,,,,,,,,,,,,,,,,,,,,,,,,,,,,,,,,,,,,,,"0009-0000-8940-8632","0009-0006-7557-7412",,,,,"945965b0-f59d-4b17-ac46-eed95ec8e917"
"634a5004-8134-4a17-9472-bf57d3ec3246","b692fa68-1fd8-4a88-b041-5c081de055a0","NOGP_007.mammalGrid.mam","D09","NOGP","NOGP_007","I1","distributed","grasslandHerbaceous",46.810415,-100.903576,"WGS84",45.1,519.6,0.1,"6 - trap set and empty","ShermanLF","2025-07-15","2025-07-15",,,,,,,,,,,,,,,,,,,,,,,,,,,,,,,,,,,,,,,,,,,,,"0009-0000-8940-8632","0009-0006-7557-7412",,,,,"6855530f-23ec-48ff-820a-abe85dc65f27"
"c5a67ac5-c2bc-4dff-9ebd-8f6530a0c624","f5bf7fcb-c38c-4cb4-9904-a87f0594068d","NOGP_017.mammalGrid.mam","D09","NOGP","NOGP_017","G7","distributed","grasslandHerbaceous",46.791856,-100.918686,"WGS84",45.1,556.8,0.1,"6 - trap set and empty","ShermanXLK","2025-07-15","2025-07-15",,,,,,,,,,,,,,,,,,,,,,,,,,,,,,,,,,,,,,,,,,,,,"0009-0000-8940-8632","0009-0000-9880-3001",,,,,"c03311ed-8a99-4aec-9a35-c7430bf064fd"
"3d38d3f3-da26-4677-86a8-07709bb0dd03","b692fa68-1fd8-4a88-b041-5c081de055a0","NOGP_007.mammalGrid.mam","D09","NOGP","NOGP_007","B8","distributed","grasslandHerbaceous",46.810415,-100.903576,"WGS84",45.1,519.6,0.1,"6 - trap set and empty","ShermanLF","2025-07-15","2025-07-15",,,,,,,,,,,,,,,,,,,,,,,,,,,,,,,,,,,,,,,,,,,,,"0009-0000-8940-8632","0009-0006-7557-7412",,,,,"81eae457-0d7d-4faa-a36b-cb54e4b94d7e"
"bb314048-b64d-40c5-9e2e-55241913d1d2","b692fa68-1fd8-4a88-b041-5c081de055a0","NOGP_007.mammalGrid.mam","D09","NOGP","NOGP_007","G7","distributed","grasslandHerbaceous",46.810415,-100.903576,"WGS84",45.1,519.6,0.1,"6 - trap set and empty","ShermanLF","2025-07-15","2025-07-15",,,,,,,,,,,,,,,,,,,,,,,,,,,,,,,,,,,,,,,,,,,,,"0009-0000-8940-8632","0009-0006-7557-7412",,,,,"32b02483-7dda-4cc7-b4fc-c9cbb5dd7968"
"792d3cb9-63fd-4c3a-9afd-45d039f998e4","7d2fb23d-c551-4dab-bdb2-84cbd125f6ef","NOGP_002.mammalGrid.mam","D09","NOGP","NOGP_002","I6","distributed","grasslandHerbaceous",46.799664,-100.910770,"WGS84",45.1,547.4,0.1,"5 - capture","ShermanXLK","2025-07-15","2025-07-15","NEON.MAM.D09.R9198",,"REME","Reithrodontomys megalotis","species",,,,,"N","F","N","processed",,"adult",,"enlarged","not","neither",15,,,,15,"N","N","N",,"none","dry ice","NOGP.20250715.R9198.B","D00000246212","mandibular",,"NOGP.20250715.R9198.F","D00000246233","ok","NOGP.20250715.R9198.E","D00000245414","NOGP.20250715.R9198.H","A00000378868","hairAndWhisker",,,"0009-0000-8940-8632","0009-0000-9880-3001",,,,,"303d4dbf-595f-4a47-8a0b-0343d5005314"
"fac93f98-46f4-4adf-bf7d-3b0484cf5558","b692fa68-1fd8-4a88-b041-5c081de055a0","NOGP_007.mammalGrid.mam","D09","NOGP","NOGP_007","J10","distributed","grasslandHerbaceous",46.810415,-100.903576,"WGS84",45.1,519.6,0.1,"6 - trap set and empty","ShermanLF","2025-07-15","2025-07-15",,,,,,,,,,,,,,,,,,,,,,,,,,,,,,,,,,,,,,,,,,,,,"0009-0000-8940-8632","0009-0006-7557-7412",,,,,"9855b971-737d-44e0-901f-0feec1410d57"
"9a456c6b-8ab5-48df-a57c-2aa2ff7e471d","b692fa68-1fd8-4a88-b041-5c081de055a0","NOGP_007.mammalGrid.mam","D09","NOGP","NOGP_007","A8","distributed","grasslandHerbaceous",46.810415,-100.903576,"WGS84",45.1,519.6,0.1,"6 - trap set and empty","ShermanLF","2025-07-15","2025-07-15",,,,,,,,,,,,,,,,,,,,,,,,,,,,,,,,,,,,,,,,,,,,,"0009-0000-8940-8632","0009-0006-7557-7412",,,,,"4648b7da-ad53-4f0c-a3bb-00f21b246eea"
"9e1abced-22ac-41a3-902e-ced2a7a9d123","7d2fb23d-c551-4dab-bdb2-84cbd125f6ef","NOGP_002.mammalGrid.mam","D09","NOGP","NOGP_002","C8","distributed","grasslandHerbaceous",46.799664,-100.910770,"WGS84",45.1,547.4,0.1,"6 - trap set and empty","ShermanXLK","2025-07-15","2025-07-15",,,,,,,,,,,,,,,,,,,,,,,,,,,,,,,,,,,,,,,,,,,,,"0009-0000-8940-8632","0009-0000-9880-3001",,,,,"e0beab89-5434-4d78-b897-61404ded8bdd"
"6daf0122-0cfe-49ba-88d6-7edfe30d3234","f5bf7fcb-c38c-4cb4-9904-a87f0594068d","NOGP_017.mammalGrid.mam","D09","NOGP","NOGP_017","E9","distributed","grasslandHerbaceous",46.791856,-100.918686,"WGS84",45.1,556.8,0.1,"6 - trap set and empty","ShermanXLK","2025-07-15","2025-07-15",,,,,,,,,,,,,,,,,,,,,,,,,,,,,,,,,,,,,,,,,,,,,"0009-0000-8940-8632","0009-0000-9880-3001",,,,,"ab99620a-5942-47ec-8695-bfbd196d4034"
"1b7f1a6f-e274-43fe-8ddd-b070456a8d04","f8f61ab2-1b0e-42b6-9226-240193bdd1c6","NOGP_005.mammalGrid.mam","D09","NOGP","NOGP_005","D4","distributed","grasslandHerbaceous",46.788065,-100.913882,"WGS84",45.1,562.2,0.1,"6 - trap set and empty","ShermanLF","2025-07-15","2025-07-15",,,,,,,,,,,,,,,,,,,,,,,,,,,,,,,,,,,,,,,,,,,,,"0009-0006-6432-3978","0009-0002-2817-390X",,,,,"f3737d8b-4aac-4e09-a7be-3d2330b26115"
"8057d752-f6a4-40bd-b85f-e76fbd5a0b30","7d2fb23d-c551-4dab-bdb2-84cbd125f6ef","NOGP_002.mammalGrid.mam","D09","NOGP","NOGP_002","B4","distributed","grasslandHerbaceous",46.799664,-100.910770,"WGS84",45.1,547.4,0.1,"6 - trap set and empty","ShermanXLK","2025-07-15","2025-07-15",,,,,,,,,,,,,,,,,,,,,,,,,,,,,,,,,,,,,,,,,,,,,"0009-0000-8940-8632","0009-0000-9880-3001",,,,,"869d3502-a1e8-49cb-972f-f7ef701a798a"
"ffdffaa9-d0ce-40ee-9d77-59a8d75796dd","7d2fb23d-c551-4dab-bdb2-84cbd125f6ef","NOGP_002.mammalGrid.mam","D09","NOGP","NOGP_002","A5","distributed","grasslandHerbaceous",46.799664,-100.910770,"WGS84",45.1,547.4,0.1,"6 - trap set and empty","ShermanXLK","2025-07-15","2025-07-15",,,,,,,,,,,,,,,,,,,,,,,,,,,,,,,,,,,,,,,,,,,,,"0009-0000-8940-8632","0009-0000-9880-3001",,,,,"e3ab9248-3ebf-41c7-a4e9-317e9f49ef44"
"a34d24fe-8a44-42b7-b3ae-d491bb55579e","b692fa68-1fd8-4a88-b041-5c081de055a0","NOGP_007.mammalGrid.mam","D09","NOGP","NOGP_007","A1","distributed","grasslandHerbaceous",46.810415,-100.903576,"WGS84",45.1,519.6,0.1,"6 - trap set and empty","ShermanLF","2025-07-15","2025-07-15",,,,,,,,,,,,,,,,,,,,,,,,,,,,,,,,,,,,,,,,,,,,,"0009-0000-8940-8632","0009-0006-7557-7412",,,,,"6c4345bb-8ba7-48d2-9173-2605764de35e"
"405b042d-e13e-4feb-ad36-f54a508a4b15","f8f61ab2-1b0e-42b6-9226-240193bdd1c6","NOGP_005.mammalGrid.mam","D09","NOGP","NOGP_005","D9","distributed","grasslandHerbaceous",46.788065,-100.913882,"WGS84",45.1,562.2,0.1,"6 - trap set and empty","ShermanLF","2025-07-15","2025-07-15",,,,,,,,,,,,,,,,,,,,,,,,,,,,,,,,,,,,,,,,,,,,,"0009-0006-6432-3978","0009-0002-2817-390X",,,,,"0c3aaf04-cd68-4883-a6a7-7f36c892aabb"
"8515a12e-9d6a-4c04-87b9-9504714d9d30","7d2fb23d-c551-4dab-bdb2-84cbd125f6ef","NOGP_002.mammalGrid.mam","D09","NOGP","NOGP_002","G7","distributed","grasslandHerbaceous",46.799664,-100.910770,"WGS84",45.1,547.4,0.1,"6 - trap set and empty","ShermanXLK","2025-07-15","2025-07-15",,,,,,,,,,,,,,,,,,,,,,,,,,,,,,,,,,,,,,,,,,,,,"0009-0000-8940-8632","0009-0000-9880-3001",,,,,"68238aea-8533-4623-a1ab-b14bf0f7f120"
"3b7fee36-0bf0-449b-ace3-9381f2d49d6d","7d2fb23d-c551-4dab-bdb2-84cbd125f6ef","NOGP_002.mammalGrid.mam","D09","NOGP","NOGP_002","G10","distributed","grasslandHerbaceous",46.799664,-100.910770,"WGS84",45.1,547.4,0.1,"6 - trap set and empty","ShermanXLK","2025-07-15","2025-07-15",,,,,,,,,,,,,,,,,,,,,,,,,,,,,,,,,,,,,,,,,,,,,"0009-0000-8940-8632","0009-0000-9880-3001",,,,,"076fc1ed-0d99-481a-a1b7-39c686d6304a"
"d6256a0b-99f5-4cbf-89d2-16de60c595e8","f8f61ab2-1b0e-42b6-9226-240193bdd1c6","NOGP_005.mammalGrid.mam","D09","NOGP","NOGP_005","I4","distributed","grasslandHerbaceous",46.788065,-100.913882,"WGS84",45.1,562.2,0.1,"6 - trap set and empty","ShermanLF","2025-07-15","2025-07-15",,,,,,,,,,,,,,,,,,,,,,,,,,,,,,,,,,,,,,,,,,,,,"0009-0006-6432-3978","0009-0002-2817-390X",,,,,"eb0b2461-e223-436d-a043-35d3013f965d"
"f749c964-73d0-4e93-b52e-46893ce5fb2c","b692fa68-1fd8-4a88-b041-5c081de055a0","NOGP_007.mammalGrid.mam","D09","NOGP","NOGP_007","C10","distributed","grasslandHerbaceous",46.810415,-100.903576,"WGS84",45.1,519.6,0.1,"6 - trap set and empty","ShermanLF","2025-07-15","2025-07-15",,,,,,,,,,,,,,,,,,,,,,,,,,,,,,,,,,,,,,,,,,,,,"0009-0000-8940-8632","0009-0006-7557-7412",,,,,"809ea372-01da-4068-96cc-3a45e07d6416"
"c3e8ea80-1356-4b9b-a4a2-eda056d2741e","7d2fb23d-c551-4dab-bdb2-84cbd125f6ef","NOGP_002.mammalGrid.mam","D09","NOGP","NOGP_002","A10","distributed","grasslandHerbaceous",46.799664,-100.910770,"WGS84",45.1,547.4,0.1,"6 - trap set and empty","ShermanXLK","2025-07-15","2025-07-15",,,,,,,,,,,,,,,,,,,,,,,,,,,,,,,,,,,,,,,,,,,,,"0009-0000-8940-8632","0009-0000-9880-3001",,,,,"c2e7bc18-a905-492c-8c6f-eae53b0766a8"
"119057c2-ee96-46a5-b3a3-6236c88899c2","f5bf7fcb-c38c-4cb4-9904-a87f0594068d","NOGP_017.mammalGrid.mam","D09","NOGP","NOGP_017","G2","distributed","grasslandHerbaceous",46.791856,-100.918686,"WGS84",45.1,556.8,0.1,"6 - trap set and empty","ShermanXLK","2025-07-15","2025-07-15",,,,,,,,,,,,,,,,,,,,,,,,,,,,,,,,,,,,,,,,,,,,,"0009-0000-8940-8632","0009-0000-9880-3001",,,,,"853aa1b4-5fae-4d29-99a7-ea9a00d140a5"
"7451aaf9-a5dc-4c8e-9d35-b48cb0fec815","7d2fb23d-c551-4dab-bdb2-84cbd125f6ef","NOGP_002.mammalGrid.mam","D09","NOGP","NOGP_002","J2","distributed","grasslandHerbaceous",46.799664,-100.910770,"WGS84",45.1,547.4,0.1,"6 - trap set and empty","ShermanXLK","2025-07-15","2025-07-15",,,,,,,,,,,,,,,,,,,,,,,,,,,,,,,,,,,,,,,,,,,,,"0009-0000-8940-8632","0009-0000-9880-3001",,,,,"793a5f2c-50f4-4e78-87d9-4e846cfd03bd"
"1c02b112-8b58-4423-b46c-fdfbfe0387b4","f8f61ab2-1b0e-42b6-9226-240193bdd1c6","NOGP_005.mammalGrid.mam","D09","NOGP","NOGP_005","A7","distributed","grasslandHerbaceous",46.788065,-100.913882,"WGS84",45.1,562.2,0.1,"6 - trap set and empty","ShermanLF","2025-07-15","2025-07-15",,,,,,,,,,,,,,,,,,,,,,,,,,,,,,,,,,,,,,,,,,,,,"0009-0006-6432-3978","0009-0002-2817-390X",,,,,"1e72b3b3-7d8a-41bf-bc02-473959d54409"
"f20dd4ae-707f-4546-89ae-85a61f8bd408","b692fa68-1fd8-4a88-b041-5c081de055a0","NOGP_007.mammalGrid.mam","D09","NOGP","NOGP_007","I3","distributed","grasslandHerbaceous",46.810415,-100.903576,"WGS84",45.1,519.6,0.1,"6 - trap set and empty","ShermanLF","2025-07-15","2025-07-15",,,,,,,,,,,,,,,,,,,,,,,,,,,,,,,,,,,,,,,,,,,,,"0009-0000-8940-8632","0009-0006-7557-7412",,,,,"0a097250-76e2-41d4-8783-5a9c0368a05d"
"bfaa059f-854c-4359-88c8-313d3a5c90d9","b692fa68-1fd8-4a88-b041-5c081de055a0","NOGP_007.mammalGrid.mam","D09","NOGP","NOGP_007","F6","distributed","grasslandHerbaceous",46.810415,-100.903576,"WGS84",45.1,519.6,0.1,"6 - trap set and empty","ShermanLF","2025-07-15","2025-07-15",,,,,,,,,,,,,,,,,,,,,,,,,,,,,,,,,,,,,,,,,,,,,"0009-0000-8940-8632","0009-0006-7557-7412",,,,,"019dde61-72bf-4498-9464-44e3eb38d05b"
"dcc9e69c-708a-469b-8d46-043d894e36c7","f5bf7fcb-c38c-4cb4-9904-a87f0594068d","NOGP_017.mammalGrid.mam","D09","NOGP","NOGP_017","C8","distributed","grasslandHerbaceous",46.791856,-100.918686,"WGS84",45.1,556.8,0.1,"6 - trap set and empty","ShermanXLK","2025-07-15","2025-07-15",,,,,,,,,,,,,,,,,,,,,,,,,,,,,,,,,,,,,,,,,,,,,"0009-0000-8940-8632","0009-0000-9880-3001",,,,,"7ee328fe-8aa2-4979-804e-0504ab21070d"
"f6a61404-fb75-494a-a7ac-233f21d1a9d7","b692fa68-1fd8-4a88-b041-5c081de055a0","NOGP_007.mammalGrid.mam","D09","NOGP","NOGP_007","H10","distributed","grasslandHerbaceous",46.810415,-100.903576,"WGS84",45.1,519.6,0.1,"5 - capture","ShermanLF","2025-07-15","2025-07-15","NEON.MAM.D09.L9197",,"REME","Reithrodontomys megalotis","species",,,,,"N","F","N","processed",,"adult",,"enlarged","pregnant","not plugged",16,,,,20,"N","N","N",,"none","dry ice",,,,,"NOGP.20250715.L9197.F","D00000197809","ok","NOGP.20250715.L9197.E","D00000197841","NOGP.20250715.L9197.H","A00000378862","hairAndWhisker",,,"0009-0000-8940-8632","0009-0006-7557-7412",,,,,"61c63b17-561a-4a46-94ac-26d98de3e0fd"
"1fc4080d-d25c-488d-b076-2e0269b38ab3","f8f61ab2-1b0e-42b6-9226-240193bdd1c6","NOGP_005.mammalGrid.mam","D09","NOGP","NOGP_005","E1","distributed","grasslandHerbaceous",46.788065,-100.913882,"WGS84",45.1,562.2,0.1,"6 - trap set and empty","ShermanLF","2025-07-15","2025-07-15",,,,,,,,,,,,,,,,,,,,,,,,,,,,,,,,,,,,,,,,,,,,,"0009-0006-6432-3978","0009-0002-2817-390X",,,,,"631bb41a-052d-4f16-bee7-beecfb3144a9"
"c972bbee-5a6b-4ba8-8c7a-c56129486e8f","7d2fb23d-c551-4dab-bdb2-84cbd125f6ef","NOGP_002.mammalGrid.mam","D09","NOGP","NOGP_002","I9","distributed","grasslandHerbaceous",46.799664,-100.910770,"WGS84",45.1,547.4,0.1,"6 - trap set and empty","ShermanXLK","2025-07-15","2025-07-15",,,,,,,,,,,,,,,,,,,,,,,,,,,,,,,,,,,,,,,,,,,,,"0009-0000-8940-8632","0009-0000-9880-3001",,,,,"23d02576-7fd8-48a5-8cca-bce8f64e263d"
"2590ed32-1c70-4a2d-a979-522cd3a4b752","b692fa68-1fd8-4a88-b041-5c081de055a0","NOGP_007.mammalGrid.mam","D09","NOGP","NOGP_007","D6","distributed","grasslandHerbaceous",46.810415,-100.903576,"WGS84",45.1,519.6,0.1,"6 - trap set and empty","ShermanLF","2025-07-15","2025-07-15",,,,,,,,,,,,,,,,,,,,,,,,,,,,,,,,,,,,,,,,,,,,,"0009-0000-8940-8632","0009-0006-7557-7412",,,,,"2a3b9ac7-55cc-460b-a8d3-ab407624d98b"
"6c6a86b6-60f0-4f06-be82-75ee45282d7f","b692fa68-1fd8-4a88-b041-5c081de055a0","NOGP_007.mammalGrid.mam","D09","NOGP","NOGP_007","G10","distributed","grasslandHerbaceous",46.810415,-100.903576,"WGS84",45.1,519.6,0.1,"6 - trap set and empty","ShermanLF","2025-07-15","2025-07-15",,,,,,,,,,,,,,,,,,,,,,,,,,,,,,,,,,,,,,,,,,,,,"0009-0000-8940-8632","0009-0006-7557-7412",,,,,"32d5c71f-107b-474c-ad9e-f981f4c39514"
"67a283ff-52f8-4f5b-bc97-398cdbdde51a","f8f61ab2-1b0e-42b6-9226-240193bdd1c6","NOGP_005.mammalGrid.mam","D09","NOGP","NOGP_005","B6","distributed","grasslandHerbaceous",46.788065,-100.913882,"WGS84",45.1,562.2,0.1,"6 - trap set and empty","ShermanLF","2025-07-15","2025-07-15",,,,,,,,,,,,,,,,,,,,,,,,,,,,,,,,,,,,,,,,,,,,,"0009-0006-6432-3978","0009-0002-2817-390X",,,,,"c35ec800-c573-4316-a78b-deb6a3784cfa"
"1d8d8d84-a1d1-4277-bb3e-4ad29651c6fc","7d2fb23d-c551-4dab-bdb2-84cbd125f6ef","NOGP_002.mammalGrid.mam","D09","NOGP","NOGP_002","F9","distributed","grasslandHerbaceous",46.799664,-100.910770,"WGS84",45.1,547.4,0.1,"3 - trap door open or closed w/ spoor left","ShermanXLK","2025-07-15","2025-07-15",,,,,,,,,,,,,,,,,,,,,,,,,,,,,"did not check","dry ice",,,,,,,,,,,,,,,"0009-0000-8940-8632","0009-0000-9880-3001",,,,,"d17b5429-7d38-4fff-b1b6-ba57a88ad9b1"
"6e7ac6f0-b275-4c42-9502-b0edab126a78","7d2fb23d-c551-4dab-bdb2-84cbd125f6ef","NOGP_002.mammalGrid.mam","D09","NOGP","NOGP_002","B8","distributed","grasslandHerbaceous",46.799664,-100.910770,"WGS84",45.1,547.4,0.1,"6 - trap set and empty","ShermanXLK","2025-07-15","2025-07-15",,,,,,,,,,,,,,,,,,,,,,,,,,,,,,,,,,,,,,,,,,,,,"0009-0000-8940-8632","0009-0000-9880-3001",,,,,"713cc7b5-7dab-44fd-87c8-f46b8f46004b"
"ffc464ad-68df-4228-9814-2d20e3000155","b692fa68-1fd8-4a88-b041-5c081de055a0","NOGP_007.mammalGrid.mam","D09","NOGP","NOGP_007","H7","distributed","grasslandHerbaceous",46.810415,-100.903576,"WGS84",45.1,519.6,0.1,"6 - trap set and empty","ShermanLF","2025-07-15","2025-07-15",,,,,,,,,,,,,,,,,,,,,,,,,,,,,,,,,,,,,,,,,,,,,"0009-0000-8940-8632","0009-0006-7557-7412",,,,,"6c7d0ad8-f02e-4d5f-9a23-c46268036936"
"85fc2233-d09d-4aa6-813b-25ffa22404c7","f5bf7fcb-c38c-4cb4-9904-a87f0594068d","NOGP_017.mammalGrid.mam","D09","NOGP","NOGP_017","H9","distributed","grasslandHerbaceous",46.791856,-100.918686,"WGS84",45.1,556.8,0.1,"6 - trap set and empty","ShermanXLK","2025-07-15","2025-07-15",,,,,,,,,,,,,,,,,,,,,,,,,,,,,,,,,,,,,,,,,,,,,"0009-0000-8940-8632","0009-0000-9880-3001",,,,,"814ebe6b-1c76-4de2-b579-176795ac9a23"
"47331cb3-dea2-40b1-b0e7-61c9185babd6","7d2fb23d-c551-4dab-bdb2-84cbd125f6ef","NOGP_002.mammalGrid.mam","D09","NOGP","NOGP_002","G9","distributed","grasslandHerbaceous",46.799664,-100.910770,"WGS84",45.1,547.4,0.1,"6 - trap set and empty","ShermanXLK","2025-07-15","2025-07-15",,,,,,,,,,,,,,,,,,,,,,,,,,,,,,,,,,,,,,,,,,,,,"0009-0000-8940-8632","0009-0000-9880-3001",,,,,"92354915-2df6-4463-bffb-aa1d56b1c722"
"0bfbbbac-1dde-4bfe-9a8c-356896271cf3","b692fa68-1fd8-4a88-b041-5c081de055a0","NOGP_007.mammalGrid.mam","D09","NOGP","NOGP_007","D10","distributed","grasslandHerbaceous",46.810415,-100.903576,"WGS84",45.1,519.6,0.1,"6 - trap set and empty","ShermanLF","2025-07-15","2025-07-15",,,,,,,,,,,,,,,,,,,,,,,,,,,,,,,,,,,,,,,,,,,,,"0009-0000-8940-8632","0009-0006-7557-7412",,,,,"e8a4ec63-a3fb-43f2-8196-3fb30cef00c4"
"9edfa3dd-b078-4472-a3b2-97bcf602caf3","f5bf7fcb-c38c-4cb4-9904-a87f0594068d","NOGP_017.mammalGrid.mam","D09","NOGP","NOGP_017","I4","distributed","grasslandHerbaceous",46.791856,-100.918686,"WGS84",45.1,556.8,0.1,"6 - trap set and empty","ShermanXLK","2025-07-15","2025-07-15",,,,,,,,,,,,,,,,,,,,,,,,,,,,,,,,,,,,,,,,,,,,,"0009-0000-8940-8632","0009-0000-9880-3001",,,,,"13b3a5bf-8891-4828-87bf-72f432f38e6a"
"2e2a2041-f23f-4cfd-8c7b-f8baff0fda52","7d2fb23d-c551-4dab-bdb2-84cbd125f6ef","NOGP_002.mammalGrid.mam","D09","NOGP","NOGP_002","J4","distributed","grasslandHerbaceous",46.799664,-100.910770,"WGS84",45.1,547.4,0.1,"6 - trap set and empty","ShermanXLK","2025-07-15","2025-07-15",,,,,,,,,,,,,,,,,,,,,,,,,,,,,,,,,,,,,,,,,,,,,"0009-0000-8940-8632","0009-0000-9880-3001",,,,,"f386ff5d-cd91-4623-864b-777197d4163b"
"b853548f-b8fa-4db1-9deb-692074f7daf1","b692fa68-1fd8-4a88-b041-5c081de055a0","NOGP_007.mammalGrid.mam","D09","NOGP","NOGP_007","G2","distributed","grasslandHerbaceous",46.810415,-100.903576,"WGS84",45.1,519.6,0.1,"5 - capture","ShermanLF","2025-07-15","2025-07-15","NEON.MAM.D09.R9195",,"REME","Reithrodontomys megalotis","species",,,,,"N","M","N","processed",,"adult","scrotal",,,,16,,,,13,"N","Y","N","1-5","none","dry ice",,,,,"NOGP.20250715.R9195.F","D00000197835","ok","NOGP.20250715.R9195.E","D00000246246","NOGP.20250715.R9195.H","A00000378861","hairAndWhisker",,,"0009-0000-8940-8632","0009-0006-7557-7412",,,,,"6473fdb1-b3ec-454e-8efc-3a0d8c3887ca"
"dcc0864e-30a7-4254-9227-adf26b9e84d1","f8f61ab2-1b0e-42b6-9226-240193bdd1c6","NOGP_005.mammalGrid.mam","D09","NOGP","NOGP_005","J5","distributed","grasslandHerbaceous",46.788065,-100.913882,"WGS84",45.1,562.2,0.1,"6 - trap set and empty","ShermanLF","2025-07-15","2025-07-15",,,,,,,,,,,,,,,,,,,,,,,,,,,,,,,,,,,,,,,,,,,,,"0009-0006-6432-3978","0009-0002-2817-390X",,,,,"9a432b72-f023-46e7-a2c5-82abb39e327c"
"c7d1af50-910f-4188-9acf-2297c766139f","f5bf7fcb-c38c-4cb4-9904-a87f0594068d","NOGP_017.mammalGrid.mam","D09","NOGP","NOGP_017","H1","distributed","grasslandHerbaceous",46.791856,-100.918686,"WGS84",45.1,556.8,0.1,"6 - trap set and empty","ShermanXLK","2025-07-15","2025-07-15",,,,,,,,,,,,,,,,,,,,,,,,,,,,,,,,,,,,,,,,,,,,,"0009-0000-8940-8632","0009-0000-9880-3001",,,,,"eb1c200b-d49a-4d85-9a5f-3b2319bf7c7e"
"9310841b-9b6c-4404-a1a5-2fa24cd683a5","b692fa68-1fd8-4a88-b041-5c081de055a0","NOGP_007.mammalGrid.mam","D09","NOGP","NOGP_007","B6","distributed","grasslandHerbaceous",46.810415,-100.903576,"WGS84",45.1,519.6,0.1,"6 - trap set and empty","ShermanLF","2025-07-15","2025-07-15",,,,,,,,,,,,,,,,,,,,,,,,,,,,,,,,,,,,,,,,,,,,,"0009-0000-8940-8632","0009-0006-7557-7412",,,,,"0e72068c-ef22-4d12-9745-e6d203a04b1a"
"f29d25a5-0803-46f7-9c6f-27acc404dcbc","f8f61ab2-1b0e-42b6-9226-240193bdd1c6","NOGP_005.mammalGrid.mam","D09","NOGP","NOGP_005","A6","distributed","grasslandHerbaceous",46.788065,-100.913882,"WGS84",45.1,562.2,0.1,"4 - more than 1 capture in one trap","ShermanLF","2025-07-15","2025-07-15","NEON.MAM.D09.R8312",,"PEMA","Peromyscus maniculatus","species",,,,,"N","F","N","processed",,"subadult",,"nonenlarged","not","neither",18,,,,17,"N","N","N",,"none","dry ice","NOGP.20250715.R8312.B","D00000199878","mandibular",,"NOGP.20250715.R8312.F","D00000199893","ok","NOGP.20250715.R8312.E","D00000199892","NOGP.20250715.R8312.H","A00000378547","hairAndWhisker",,,"0009-0006-6432-3978","0009-0002-2817-390X",,,,,"42d82060-a393-42b5-94b3-c2c6434b03b0"
"5c6561ba-f681-41fe-9211-fb1a16a4d83e","f8f61ab2-1b0e-42b6-9226-240193bdd1c6","NOGP_005.mammalGrid.mam","D09","NOGP","NOGP_005","B8","distributed","grasslandHerbaceous",46.788065,-100.913882,"WGS84",45.1,562.2,0.1,"5 - capture","ShermanLF","2025-07-15","2025-07-15","NEON.MAM.D09.L8318",,"PEMA","Peromyscus maniculatus","species",,,,,"N","M","N","processed",,"adult","scrotal",,,,19,,,,16,"N","Y","N","1-5","none","dry ice","NOGP.20250715.L8318.B","D00000199894","mandibular",,,,,"NOGP.20250715.L8318.E","D00000199867","NOGP.20250715.L8318.H","A00000378959","hairAndWhisker",,,"0009-0006-6432-3978","0009-0002-2817-390X",,,,,"4229a8a5-19ce-4f6d-a473-a886e76ed5b5"
"1b6b9160-99e0-4084-826b-01314df15b26","b692fa68-1fd8-4a88-b041-5c081de055a0","NOGP_007.mammalGrid.mam","D09","NOGP","NOGP_007","I9","distributed","grasslandHerbaceous",46.810415,-100.903576,"WGS84",45.1,519.6,0.1,"6 - trap set and empty","ShermanLF","2025-07-15","2025-07-15",,,,,,,,,,,,,,,,,,,,,,,,,,,,,,,,,,,,,,,,,,,,,"0009-0000-8940-8632","0009-0006-7557-7412",,,,,"3de83933-c746-426e-b02e-1bde3caff4fd"
"e7caebf5-0571-4943-9097-fe341fa58840","b692fa68-1fd8-4a88-b041-5c081de055a0","NOGP_007.mammalGrid.mam","D09","NOGP","NOGP_007","H9","distributed","grasslandHerbaceous",46.810415,-100.903576,"WGS84",45.1,519.6,0.1,"5 - capture","ShermanLF","2025-07-15","2025-07-15","NEON.MAM.D09.L9196",,"REME","Reithrodontomys megalotis","species",,,,,"N","M","N","processed",,"adult","scrotal",,,,15,,,,12,"N","N","N",,"none","dry ice",,,,,,,,"NOGP.20250715.L9196.E","D00000197811","NOGP.20250715.L9196.H","A00000378867","hairAndWhisker",,,"0009-0000-8940-8632","0009-0006-7557-7412",,,,,"a34fa1a4-dac6-4d93-a547-74096caf52d1"
"2a899022-59e8-4fa5-a369-7eb9834fcb79","b692fa68-1fd8-4a88-b041-5c081de055a0","NOGP_007.mammalGrid.mam","D09","NOGP","NOGP_007","E7","distributed","grasslandHerbaceous",46.810415,-100.903576,"WGS84",45.1,519.6,0.1,"6 - trap set and empty","ShermanLF","2025-07-15","2025-07-15",,,,,,,,,,,,,,,,,,,,,,,,,,,,,,,,,,,,,,,,,,,,,"0009-0000-8940-8632","0009-0006-7557-7412",,,,,"6c8d4075-1ea7-4011-b833-b370b6f33210"
"9259832d-4fb6-4814-8b8b-3bbf29851118","f5bf7fcb-c38c-4cb4-9904-a87f0594068d","NOGP_017.mammalGrid.mam","D09","NOGP","NOGP_017","C10","distributed","grasslandHerbaceous",46.791856,-100.918686,"WGS84",45.1,556.8,0.1,"6 - trap set and empty","ShermanXLK","2025-07-15","2025-07-15",,,,,,,,,,,,,,,,,,,,,,,,,,,,,,,,,,,,,,,,,,,,,"0009-0000-8940-8632","0009-0000-9880-3001",,,,,"a5533577-a23c-415d-8b5c-b23c3aa58d3f"
"c1f2166d-d7a2-461e-8b6d-b3a0ceab6570","7d2fb23d-c551-4dab-bdb2-84cbd125f6ef","NOGP_002.mammalGrid.mam","D09","NOGP","NOGP_002","E7","distributed","grasslandHerbaceous",46.799664,-100.910770,"WGS84",45.1,547.4,0.1,"6 - trap set and empty","ShermanXLK","2025-07-15","2025-07-15",,,,,,,,,,,,,,,,,,,,,,,,,,,,,,,,,,,,,,,,,,,,,"0009-0000-8940-8632","0009-0000-9880-3001",,,,,"eb89df5c-ab96-4877-b58d-0fde4de8d1d7"
"645f5199-89f0-4e21-a229-718f51f236b1","f5bf7fcb-c38c-4cb4-9904-a87f0594068d","NOGP_017.mammalGrid.mam","D09","NOGP","NOGP_017","H3","distributed","grasslandHerbaceous",46.791856,-100.918686,"WGS84",45.1,556.8,0.1,"6 - trap set and empty","ShermanXLK","2025-07-15","2025-07-15",,,,,,,,,,,,,,,,,,,,,,,,,,,,,,,,,,,,,,,,,,,,,"0009-0000-8940-8632","0009-0000-9880-3001",,,,,"7fc693d1-ef3b-4581-a619-d7a7e5255139"
"ca6124c0-9fbb-41c4-abf1-f2f6f611d844","f5bf7fcb-c38c-4cb4-9904-a87f0594068d","NOGP_017.mammalGrid.mam","D09","NOGP","NOGP_017","I7","distributed","grasslandHerbaceous",46.791856,-100.918686,"WGS84",45.1,556.8,0.1,"6 - trap set and empty","ShermanXLK","2025-07-15","2025-07-15",,,,,,,,,,,,,,,,,,,,,,,,,,,,,,,,,,,,,,,,,,,,,"0009-0000-8940-8632","0009-0000-9880-3001",,,,,"6b531219-3928-442a-9fac-ace7cb4ed905"
"98e4a158-b4f9-486c-b366-5cd3ff9c7374","f5bf7fcb-c38c-4cb4-9904-a87f0594068d","NOGP_017.mammalGrid.mam","D09","NOGP","NOGP_017","A3","distributed","grasslandHerbaceous",46.791856,-100.918686,"WGS84",45.1,556.8,0.1,"5 - capture","ShermanXLK","2025-07-15","2025-07-15","NEON.MAM.D09.L9182",,"PELE","Peromyscus leucopus","species",,,,,"N","M","N","processed",,"adult","unknown",,,,19,,,,19,"N","N","N",,"fleas","dry ice","NOGP.20250715.L9182.B","D00000245417","mandibular",,"NOGP.20250715.L9182.F","D00000245387","ok","NOGP.20250715.L9182.E","D00000245410","NOGP.20250715.L9182.H","A00000378834","hairAndWhisker",,,"0009-0000-8940-8632","0009-0000-9880-3001",,,,,"4fd74ce9-44e7-405d-a5c9-32d0214fc842"
"f76f593c-c6e5-467c-95e4-455b61c19609","b692fa68-1fd8-4a88-b041-5c081de055a0","NOGP_007.mammalGrid.mam","D09","NOGP","NOGP_007","D3","distributed","grasslandHerbaceous",46.810415,-100.903576,"WGS84",45.1,519.6,0.1,"6 - trap set and empty","ShermanLF","2025-07-15","2025-07-15",,,,,,,,,,,,,,,,,,,,,,,,,,,,,,,,,,,,,,,,,,,,,"0009-0000-8940-8632","0009-0006-7557-7412",,,,,"91785341-30d9-48f4-942f-193f882c1f5d"
"6ef2c814-ec31-47c4-afd4-346bdcd587ec","7d2fb23d-c551-4dab-bdb2-84cbd125f6ef","NOGP_002.mammalGrid.mam","D09","NOGP","NOGP_002","C9","distributed","grasslandHerbaceous",46.799664,-100.910770,"WGS84",45.1,547.4,0.1,"6 - trap set and empty","ShermanXLK","2025-07-15","2025-07-15",,,,,,,,,,,,,,,,,,,,,,,,,,,,,,,,,,,,,,,,,,,,,"0009-0000-8940-8632","0009-0000-9880-3001",,,,,"cd7ec904-08d1-4639-84b7-e6d4dcd5dec6"
"05c0685a-60ff-4b66-87a5-4bcaa2fb71a6","f8f61ab2-1b0e-42b6-9226-240193bdd1c6","NOGP_005.mammalGrid.mam","D09","NOGP","NOGP_005","A8","distributed","grasslandHerbaceous",46.788065,-100.913882,"WGS84",45.1,562.2,0.1,"6 - trap set and empty","ShermanLF","2025-07-15","2025-07-15",,,,,,,,,,,,,,,,,,,,,,,,,,,,,,,,,,,,,,,,,,,,,"0009-0006-6432-3978","0009-0002-2817-390X",,,,,"db7ea7a5-2593-4cd8-babd-a40f0e1fa611"
"da76ed60-1925-4cfb-9fc8-b3904ec4d782","f8f61ab2-1b0e-42b6-9226-240193bdd1c6","NOGP_005.mammalGrid.mam","D09","NOGP","NOGP_005","G10","distributed","grasslandHerbaceous",46.788065,-100.913882,"WGS84",45.1,562.2,0.1,"6 - trap set and empty","ShermanLF","2025-07-15","2025-07-15",,,,,,,,,,,,,,,,,,,,,,,,,,,,,,,,,,,,,,,,,,,,,"0009-0006-6432-3978","0009-0002-2817-390X",,,,,"09595259-6694-4188-9859-451d3c9b8907"
"8eead61e-d683-404e-b766-022680b06b23","7d2fb23d-c551-4dab-bdb2-84cbd125f6ef","NOGP_002.mammalGrid.mam","D09","NOGP","NOGP_002","D7","distributed","grasslandHerbaceous",46.799664,-100.910770,"WGS84",45.1,547.4,0.1,"6 - trap set and empty","ShermanXLK","2025-07-15","2025-07-15",,,,,,,,,,,,,,,,,,,,,,,,,,,,,,,,,,,,,,,,,,,,,"0009-0000-8940-8632","0009-0000-9880-3001",,,,,"e2b2fdea-e745-4247-a5ca-ff176520a209"
"8439db97-0cd6-48e6-b70c-fa7f9632da06","f5bf7fcb-c38c-4cb4-9904-a87f0594068d","NOGP_017.mammalGrid.mam","D09","NOGP","NOGP_017","H10","distributed","grasslandHerbaceous",46.791856,-100.918686,"WGS84",45.1,556.8,0.1,"6 - trap set and empty","ShermanXLK","2025-07-15","2025-07-15",,,,,,,,,,,,,,,,,,,,,,,,,,,,,,,,,,,,,,,,,,,,,"0009-0000-8940-8632","0009-0000-9880-3001",,,,,"4a40e07d-e3b4-4295-8181-ca9448b07400"
"0ef19b10-7b6f-4cba-953a-66f002878ff1","f8f61ab2-1b0e-42b6-9226-240193bdd1c6","NOGP_005.mammalGrid.mam","D09","NOGP","NOGP_005","I7","distributed","grasslandHerbaceous",46.788065,-100.913882,"WGS84",45.1,562.2,0.1,"6 - trap set and empty","ShermanLF","2025-07-15","2025-07-15",,,,,,,,,,,,,,,,,,,,,,,,,,,,,,,,,,,,,,,,,,,,,"0009-0006-6432-3978","0009-0002-2817-390X",,,,,"589ede6d-71fa-4098-9af1-0037a397fdd7"
"11368215-5862-4d88-a7f2-6cffa02c66c7","b692fa68-1fd8-4a88-b041-5c081de055a0","NOGP_007.mammalGrid.mam","D09","NOGP","NOGP_007","J2","distributed","grasslandHerbaceous",46.810415,-100.903576,"WGS84",45.1,519.6,0.1,"6 - trap set and empty","ShermanLF","2025-07-15","2025-07-15",,,,,,,,,,,,,,,,,,,,,,,,,,,,,,,,,,,,,,,,,,,,,"0009-0000-8940-8632","0009-0006-7557-7412",,,,,"f5dc6c1e-429a-4850-b4ab-5615a0631abe"
"4c5cf110-0144-4e6a-bfac-5ed59b57d7df","7d2fb23d-c551-4dab-bdb2-84cbd125f6ef","NOGP_002.mammalGrid.mam","D09","NOGP","NOGP_002","J3","distributed","grasslandHerbaceous",46.799664,-100.910770,"WGS84",45.1,547.4,0.1,"6 - trap set and empty","ShermanXLK","2025-07-15","2025-07-15",,,,,,,,,,,,,,,,,,,,,,,,,,,,,,,,,,,,,,,,,,,,,"0009-0000-8940-8632","0009-0000-9880-3001",,,,,"26b5362e-d7f3-416d-9f60-6e1ac33429e0"
"3fb7db74-82a9-4e86-ab10-800b2a03cf26","f5bf7fcb-c38c-4cb4-9904-a87f0594068d","NOGP_017.mammalGrid.mam","D09","NOGP","NOGP_017","D9","distributed","grasslandHerbaceous",46.791856,-100.918686,"WGS84",45.1,556.8,0.1,"6 - trap set and empty","ShermanXLK","2025-07-15","2025-07-15",,,,,,,,,,,,,,,,,,,,,,,,,,,,,,,,,,,,,,,,,,,,,"0009-0000-8940-8632","0009-0000-9880-3001",,,,,"5ab46950-b453-46f4-9cea-95ad4dff2c1d"
"492062ec-a86e-4342-9f79-0d7c8388a478","7d2fb23d-c551-4dab-bdb2-84cbd125f6ef","NOGP_002.mammalGrid.mam","D09","NOGP","NOGP_002","H1","distributed","grasslandHerbaceous",46.799664,-100.910770,"WGS84",45.1,547.4,0.1,"6 - trap set and empty","ShermanXLK","2025-07-15","2025-07-15",,,,,,,,,,,,,,,,,,,,,,,,,,,,,,,,,,,,,,,,,,,,,"0009-0000-8940-8632","0009-0000-9880-3001",,,,,"7c5edbc9-6e7e-43dd-b2f4-ed33af0feb72"
"e2a8f97b-865c-4c35-acae-68799060585f","7d2fb23d-c551-4dab-bdb2-84cbd125f6ef","NOGP_002.mammalGrid.mam","D09","NOGP","NOGP_002","J1","distributed","grasslandHerbaceous",46.799664,-100.910770,"WGS84",45.1,547.4,0.1,"6 - trap set and empty","ShermanXLK","2025-07-15","2025-07-15",,,,,,,,,,,,,,,,,,,,,,,,,,,,,,,,,,,,,,,,,,,,,"0009-0000-8940-8632","0009-0000-9880-3001",,,,,"2743acdd-c8e0-424c-84fc-f27be79da32d"
"e20844df-d9ca-4637-950c-10b20e8c83f2","7d2fb23d-c551-4dab-bdb2-84cbd125f6ef","NOGP_002.mammalGrid.mam","D09","NOGP","NOGP_002","E1","distributed","grasslandHerbaceous",46.799664,-100.910770,"WGS84",45.1,547.4,0.1,"6 - trap set and empty","ShermanXLK","2025-07-15","2025-07-15",,,,,,,,,,,,,,,,,,,,,,,,,,,,,,,,,,,,,,,,,,,,,"0009-0000-8940-8632","0009-0000-9880-3001",,,,,"8bbae2d6-23e7-4dd3-bcad-85dfda932fb7"
"c1158327-4121-498f-98ae-b44faae580f1","f8f61ab2-1b0e-42b6-9226-240193bdd1c6","NOGP_005.mammalGrid.mam","D09","NOGP","NOGP_005","E2","distributed","grasslandHerbaceous",46.788065,-100.913882,"WGS84",45.1,562.2,0.1,"6 - trap set and empty","ShermanLF","2025-07-15","2025-07-15",,,,,,,,,,,,,,,,,,,,,,,,,,,,,,,,,,,,,,,,,,,,,"0009-0006-6432-3978","0009-0002-2817-390X",,,,,"1dcbfdb8-ad90-4685-a536-3a2453f94358"
"5faed5ea-12c8-43ff-822a-17621b067ab8","f5bf7fcb-c38c-4cb4-9904-a87f0594068d","NOGP_017.mammalGrid.mam","D09","NOGP","NOGP_017","B10","distributed","grasslandHerbaceous",46.791856,-100.918686,"WGS84",45.1,556.8,0.1,"6 - trap set and empty","ShermanXLK","2025-07-15","2025-07-15",,,,,,,,,,,,,,,,,,,,,,,,,,,,,,,,,,,,,,,,,,,,,"0009-0000-8940-8632","0009-0000-9880-3001",,,,,"4b48eb31-dce8-4079-9200-39bc71f57c74"
"d18cb35a-00f1-4e05-b190-0d7da0ba48b7","f8f61ab2-1b0e-42b6-9226-240193bdd1c6","NOGP_005.mammalGrid.mam","D09","NOGP","NOGP_005","E5","distributed","grasslandHerbaceous",46.788065,-100.913882,"WGS84",45.1,562.2,0.1,"5 - capture","ShermanLF","2025-07-15","2025-07-15","NEON.MAM.D09.L8305",,"PEMA","Peromyscus maniculatus","species",,,,,"N","M","N","processed",,"adult","scrotal",,,,19,,,,15,"N","Y","N","1-5","none","dry ice","NOGP.20250715.L8305.B","D00000199916","mandibular",,"NOGP.20250715.L8305.F","D00000199898","ok","NOGP.20250715.L8305.E","D00000199884","NOGP.20250715.L8305.H","A00000378586","hairAndWhisker",,,"0009-0006-6432-3978","0009-0002-2817-390X",,,,,"33a94200-5247-4b19-a169-c256f6d7ff26"
"4c414fd1-0565-445c-a274-7379f4860b9d","b692fa68-1fd8-4a88-b041-5c081de055a0","NOGP_007.mammalGrid.mam","D09","NOGP","NOGP_007","D9","distributed","grasslandHerbaceous",46.810415,-100.903576,"WGS84",45.1,519.6,0.1,"6 - trap set and empty","ShermanLF","2025-07-15","2025-07-15",,,,,,,,,,,,,,,,,,,,,,,,,,,,,,,,,,,,,,,,,,,,,"0009-0000-8940-8632","0009-0006-7557-7412",,,,,"1386f793-1228-4923-8606-f72ff3665250"
"8aaa4dbb-18e4-4b66-9d18-7d2a860103fb","f5bf7fcb-c38c-4cb4-9904-a87f0594068d","NOGP_017.mammalGrid.mam","D09","NOGP","NOGP_017","C2","distributed","grasslandHerbaceous",46.791856,-100.918686,"WGS84",45.1,556.8,0.1,"6 - trap set and empty","ShermanXLK","2025-07-15","2025-07-15",,,,,,,,,,,,,,,,,,,,,,,,,,,,,,,,,,,,,,,,,,,,,"0009-0000-8940-8632","0009-0000-9880-3001",,,,,"cd4fd014-b606-4155-8adb-4b8abbc18a53"
"76c4fe95-a572-4151-9470-abf7ae274df2","7d2fb23d-c551-4dab-bdb2-84cbd125f6ef","NOGP_002.mammalGrid.mam","D09","NOGP","NOGP_002","I8","distributed","grasslandHerbaceous",46.799664,-100.910770,"WGS84",45.1,547.4,0.1,"6 - trap set and empty","ShermanXLK","2025-07-15","2025-07-15",,,,,,,,,,,,,,,,,,,,,,,,,,,,,,,,,,,,,,,,,,,,,"0009-0000-8940-8632","0009-0000-9880-3001",,,,,"1a4f5f2d-603d-4143-a216-a95a8a0736fa"
"55cba3c9-98a3-4d2e-92a1-9eb76739dbcf","b692fa68-1fd8-4a88-b041-5c081de055a0","NOGP_007.mammalGrid.mam","D09","NOGP","NOGP_007","E4","distributed","grasslandHerbaceous",46.810415,-100.903576,"WGS84",45.1,519.6,0.1,"6 - trap set and empty","ShermanLF","2025-07-15","2025-07-15",,,,,,,,,,,,,,,,,,,,,,,,,,,,,,,,,,,,,,,,,,,,,"0009-0000-8940-8632","0009-0006-7557-7412",,,,,"16dae30d-4c27-4007-a4bf-ac6da22c610a"
"0227af74-551e-4b05-9abf-328a65c5fbb5","b692fa68-1fd8-4a88-b041-5c081de055a0","NOGP_007.mammalGrid.mam","D09","NOGP","NOGP_007","H3","distributed","grasslandHerbaceous",46.810415,-100.903576,"WGS84",45.1,519.6,0.1,"5 - capture","ShermanLF","2025-07-15","2025-07-15","NEON.MAM.D09.L8812",,"REME","Reithrodontomys megalotis","species",,,,,"N","F","N","processed",,"adult",,"enlarged","not","not plugged",16,,,,15,"N","N","N",,"none","dry ice",,,,,"NOGP.20250715.L8812.F","D00000197802","ok","NOGP.20250715.L8812.E","D00000197824","NOGP.20250715.L8812.H","A00000378863","hairAndWhisker",,,"0009-0000-8940-8632","0009-0006-7557-7412",,,,,"4ed7f2f7-db2b-4a6b-8a21-be49f2ed9f27"
"a2809439-9534-4919-9c8e-a9fbbef6637a","f5bf7fcb-c38c-4cb4-9904-a87f0594068d","NOGP_017.mammalGrid.mam","D09","NOGP","NOGP_017","A1","distributed","grasslandHerbaceous",46.791856,-100.918686,"WGS84",45.1,556.8,0.1,"5 - capture","ShermanXLK","2025-07-15","2025-07-15","NEON.MAM.D09.L9177",,"MIPE","Microtus pennsylvanicus","species",,,,,"N","M","N","processed",,"adult","nonscrotal",,,,17,,,,37,"N","Y","N","1-5","fleas and botflies","dry ice","NOGP.20250715.L9177.B","D00000197843","mandibular",,,,,"NOGP.20250715.L9177.E","D00000197851","NOGP.20250715.L9177.H","A00000378833","hairAndWhisker",,,"0009-0000-8940-8632","0009-0000-9880-3001",,,,,"c3abf767-ac25-40ee-aa45-289af9cf1be3"
"ddaf2194-adf6-44c8-881a-12012860d83e","f5bf7fcb-c38c-4cb4-9904-a87f0594068d","NOGP_017.mammalGrid.mam","D09","NOGP","NOGP_017","I2","distributed","grasslandHerbaceous",46.791856,-100.918686,"WGS84",45.1,556.8,0.1,"6 - trap set and empty","ShermanXLK","2025-07-15","2025-07-15",,,,,,,,,,,,,,,,,,,,,,,,,,,,,,,,,,,,,,,,,,,,,"0009-0000-8940-8632","0009-0000-9880-3001",,,,,"2aa3d534-ed9f-4b54-ae80-8a341a486fe5"
"7fe8b3b6-1c9f-442b-be93-fc969061d822","f5bf7fcb-c38c-4cb4-9904-a87f0594068d","NOGP_017.mammalGrid.mam","D09","NOGP","NOGP_017","D2","distributed","grasslandHerbaceous",46.791856,-100.918686,"WGS84",45.1,556.8,0.1,"6 - trap set and empty","ShermanXLK","2025-07-15","2025-07-15",,,,,,,,,,,,,,,,,,,,,,,,,,,,,,,,,,,,,,,,,,,,,"0009-0000-8940-8632","0009-0000-9880-3001",,,,,"5fc9f45b-fdcc-4b3f-a6c3-df0bb9fc531f"
"36c8734f-506e-4094-b1c8-855331485b32","f5bf7fcb-c38c-4cb4-9904-a87f0594068d","NOGP_017.mammalGrid.mam","D09","NOGP","NOGP_017","C1","distributed","grasslandHerbaceous",46.791856,-100.918686,"WGS84",45.1,556.8,0.1,"6 - trap set and empty","ShermanXLK","2025-07-15","2025-07-15",,,,,,,,,,,,,,,,,,,,,,,,,,,,,,,,,,,,,,,,,,,,,"0009-0000-8940-8632","0009-0000-9880-3001",,,,,"189875e3-c383-4539-a700-6cc99ec4a0e1"
"38114365-1c2c-48e3-ae86-094ae8a5f13c","b692fa68-1fd8-4a88-b041-5c081de055a0","NOGP_007.mammalGrid.mam","D09","NOGP","NOGP_007","D7","distributed","grasslandHerbaceous",46.810415,-100.903576,"WGS84",45.1,519.6,0.1,"6 - trap set and empty","ShermanLF","2025-07-15","2025-07-15",,,,,,,,,,,,,,,,,,,,,,,,,,,,,,,,,,,,,,,,,,,,,"0009-0000-8940-8632","0009-0006-7557-7412",,,,,"726e6078-1791-4e24-8ba5-f6ef7f3c0d2e"
"87740d5f-5752-42ad-be93-1246d9d4614c","b692fa68-1fd8-4a88-b041-5c081de055a0","NOGP_007.mammalGrid.mam","D09","NOGP","NOGP_007","A3","distributed","grasslandHerbaceous",46.810415,-100.903576,"WGS84",45.1,519.6,0.1,"6 - trap set and empty","ShermanLF","2025-07-15","2025-07-15",,,,,,,,,,,,,,,,,,,,,,,,,,,,,,,,,,,,,,,,,,,,,"0009-0000-8940-8632","0009-0006-7557-7412",,,,,"3683645a-12cb-4641-a97e-e16d49e1fd52"
"5dbb186e-742d-42e1-9b90-c9e5fae28acd","f5bf7fcb-c38c-4cb4-9904-a87f0594068d","NOGP_017.mammalGrid.mam","D09","NOGP","NOGP_017","J3","distributed","grasslandHerbaceous",46.791856,-100.918686,"WGS84",45.1,556.8,0.1,"6 - trap set and empty","ShermanXLK","2025-07-15","2025-07-15",,,,,,,,,,,,,,,,,,,,,,,,,,,,,,,,,,,,,,,,,,,,,"0009-0000-8940-8632","0009-0000-9880-3001",,,,,"ee335028-4cbf-43e8-96d7-66ff0f1e404e"
"a8b7b4d9-14dd-46f9-9ba3-3f199a9ef890","f8f61ab2-1b0e-42b6-9226-240193bdd1c6","NOGP_005.mammalGrid.mam","D09","NOGP","NOGP_005","G4","distributed","grasslandHerbaceous",46.788065,-100.913882,"WGS84",45.1,562.2,0.1,"6 - trap set and empty","ShermanLF","2025-07-15","2025-07-15",,,,,,,,,,,,,,,,,,,,,,,,,,,,,,,,,,,,,,,,,,,,,"0009-0006-6432-3978","0009-0002-2817-390X",,,,,"e5ffc15c-83dd-423d-8e83-56336565b058"
"408e0982-46b3-41a5-944c-c9af98c8c409","f5bf7fcb-c38c-4cb4-9904-a87f0594068d","NOGP_017.mammalGrid.mam","D09","NOGP","NOGP_017","B3","distributed","grasslandHerbaceous",46.791856,-100.918686,"WGS84",45.1,556.8,0.1,"5 - capture","ShermanXLK","2025-07-15","2025-07-15","NEON.MAM.D09.L9193",,"PELE","Peromyscus leucopus","species",,,,,"N","M","N","processed",,"adult","scrotal",,,,20,,,,26,"N","N","N",,"none","dry ice","NOGP.20250715.L9193.B","D00000245953","mandibular - QNS","<10","NOGP.20250715.L9193.F","D00000245429","ok","NOGP.20250715.L9193.E","D00000245964","NOGP.20250715.L9193.H","A00000378835","hairAndWhisker",,,"0009-0000-8940-8632","0009-0000-9880-3001",,,,,"071f76cb-9a80-4346-b5f8-2298a2658ed3"
"8ea2603f-639c-4fc4-a824-4818dea1f33c","f5bf7fcb-c38c-4cb4-9904-a87f0594068d","NOGP_017.mammalGrid.mam","D09","NOGP","NOGP_017","G9","distributed","grasslandHerbaceous",46.791856,-100.918686,"WGS84",45.1,556.8,0.1,"6 - trap set and empty","ShermanXLK","2025-07-15","2025-07-15",,,,,,,,,,,,,,,,,,,,,,,,,,,,,,,,,,,,,,,,,,,,,"0009-0000-8940-8632","0009-0000-9880-3001",,,,,"36da6dd6-071f-4e69-b73c-c31abe60a53e"
"de0efbc3-8d91-43f5-b7c2-e297506114d9","f5bf7fcb-c38c-4cb4-9904-a87f0594068d","NOGP_017.mammalGrid.mam","D09","NOGP","NOGP_017","B6","distributed","grasslandHerbaceous",46.791856,-100.918686,"WGS84",45.1,556.8,0.1,"6 - trap set and empty","ShermanXLK","2025-07-15","2025-07-15",,,,,,,,,,,,,,,,,,,,,,,,,,,,,,,,,,,,,,,,,,,,,"0009-0000-8940-8632","0009-0000-9880-3001",,,,,"b9bc01a5-20b0-47c7-9da0-91efea8d9066"
"b0c8f157-3582-4aed-87e8-9e255edbcbfe","f8f61ab2-1b0e-42b6-9226-240193bdd1c6","NOGP_005.mammalGrid.mam","D09","NOGP","NOGP_005","G6","distributed","grasslandHerbaceous",46.788065,-100.913882,"WGS84",45.1,562.2,0.1,"6 - trap set and empty","ShermanLF","2025-07-15","2025-07-15",,,,,,,,,,,,,,,,,,,,,,,,,,,,,,,,,,,,,,,,,,,,,"0009-0006-6432-3978","0009-0002-2817-390X",,,,,"bfdd143c-53aa-4086-aa59-a893de78c3db"
"c2e4ce41-fc3f-4e20-8ae8-b441f72c357c","b692fa68-1fd8-4a88-b041-5c081de055a0","NOGP_007.mammalGrid.mam","D09","NOGP","NOGP_007","F9","distributed","grasslandHerbaceous",46.810415,-100.903576,"WGS84",45.1,519.6,0.1,"6 - trap set and empty","ShermanLF","2025-07-15","2025-07-15",,,,,,,,,,,,,,,,,,,,,,,,,,,,,,,,,,,,,,,,,,,,,"0009-0000-8940-8632","0009-0006-7557-7412",,,,,"67c623b4-1f72-445b-93e5-0b8ec3a22ff4"
"f8156658-0a03-4f84-aaad-4509e96acdb4","f8f61ab2-1b0e-42b6-9226-240193bdd1c6","NOGP_005.mammalGrid.mam","D09","NOGP","NOGP_005","D3","distributed","grasslandHerbaceous",46.788065,-100.913882,"WGS84",45.1,562.2,0.1,"3 - trap door open or closed w/ spoor left","ShermanLF","2025-07-15","2025-07-15",,,,,,,,,,,,,,,,,,,,,,,,,,,,,"did not check","dry ice",,,,,,,,,,,,,,,"0009-0006-6432-3978","0009-0002-2817-390X",,,,,"68f0a7ed-3639-4fdb-8dce-33a66084b35c"
"a278eb1a-687e-4a52-8e7f-c08a0ed9b94b","b692fa68-1fd8-4a88-b041-5c081de055a0","NOGP_007.mammalGrid.mam","D09","NOGP","NOGP_007","J7","distributed","grasslandHerbaceous",46.810415,-100.903576,"WGS84",45.1,519.6,0.1,"6 - trap set and empty","ShermanLF","2025-07-15","2025-07-15",,,,,,,,,,,,,,,,,,,,,,,,,,,,,,,,,,,,,,,,,,,,,"0009-0000-8940-8632","0009-0006-7557-7412",,,,,"b843d315-17ca-4fe1-a26b-11fff2a4475e"
"7f868036-a695-48a1-a619-4c0206695703","f8f61ab2-1b0e-42b6-9226-240193bdd1c6","NOGP_005.mammalGrid.mam","D09","NOGP","NOGP_005","C4","distributed","grasslandHerbaceous",46.788065,-100.913882,"WGS84",45.1,562.2,0.1,"5 - capture","ShermanLF","2025-07-15","2025-07-15","NEON.MAM.D09.R8319",,"PEMA","Peromyscus maniculatus","species",,,,,"N","F","N","processed",,"adult",,"nonenlarged","not","neither",18,,,,16,"N","N","N",,"none","dry ice","NOGP.20250715.R8319.B","D00000199885","mandibular - QNS","10-20","NOGP.20250715.R8319.F","D00000199905","ok","NOGP.20250715.R8319.E","D00000246203","NOGP.20250715.R8319.H","A00000378957","hairAndWhisker",,,"0009-0006-6432-3978","0009-0002-2817-390X",,,,,"c064d950-4a21-4316-805c-7b5b9fe6ab9a"
"17e74403-e55e-4fa0-a67c-0762453f8b98","b692fa68-1fd8-4a88-b041-5c081de055a0","NOGP_007.mammalGrid.mam","D09","NOGP","NOGP_007","F10","distributed","grasslandHerbaceous",46.810415,-100.903576,"WGS84",45.1,519.6,0.1,"6 - trap set and empty","ShermanLF","2025-07-15","2025-07-15",,,,,,,,,,,,,,,,,,,,,,,,,,,,,,,,,,,,,,,,,,,,,"0009-0000-8940-8632","0009-0006-7557-7412",,,,,"418631cc-ae89-49ca-88a7-20af12739c68"
"a893b9fb-10de-4ef2-b30d-cdcc97212df7","7d2fb23d-c551-4dab-bdb2-84cbd125f6ef","NOGP_002.mammalGrid.mam","D09","NOGP","NOGP_002","B2","distributed","grasslandHerbaceous",46.799664,-100.910770,"WGS84",45.1,547.4,0.1,"6 - trap set and empty","ShermanXLK","2025-07-15","2025-07-15",,,,,,,,,,,,,,,,,,,,,,,,,,,,,,,,,,,,,,,,,,,,,"0009-0000-8940-8632","0009-0000-9880-3001",,,,,"473b7515-cde8-4ec7-bc93-a2b0c07057a1"
"2a93bbd5-345b-4dac-acdc-2d804023d11b","b692fa68-1fd8-4a88-b041-5c081de055a0","NOGP_007.mammalGrid.mam","D09","NOGP","NOGP_007","B4","distributed","grasslandHerbaceous",46.810415,-100.903576,"WGS84",45.1,519.6,0.1,"6 - trap set and empty","ShermanLF","2025-07-15","2025-07-15",,,,,,,,,,,,,,,,,,,,,,,,,,,,,,,,,,,,,,,,,,,,,"0009-0000-8940-8632","0009-0006-7557-7412",,,,,"e82d6714-90c4-4ba6-b7d3-d7ba427f12f1"
"b0240985-5730-48f4-97b8-ca3574d799fa","b692fa68-1fd8-4a88-b041-5c081de055a0","NOGP_007.mammalGrid.mam","D09","NOGP","NOGP_007","C2","distributed","grasslandHerbaceous",46.810415,-100.903576,"WGS84",45.1,519.6,0.1,"6 - trap set and empty","ShermanLF","2025-07-15","2025-07-15",,,,,,,,,,,,,,,,,,,,,,,,,,,,,,,,,,,,,,,,,,,,,"0009-0000-8940-8632","0009-0006-7557-7412",,,,,"184fb6af-428d-4d6c-a08c-1faaa213464f"
"ae572081-0488-4487-bbf3-95d90719c926","f5bf7fcb-c38c-4cb4-9904-a87f0594068d","NOGP_017.mammalGrid.mam","D09","NOGP","NOGP_017","B1","distributed","grasslandHerbaceous",46.791856,-100.918686,"WGS84",45.1,556.8,0.1,"6 - trap set and empty","ShermanXLK","2025-07-15","2025-07-15",,,,,,,,,,,,,,,,,,,,,,,,,,,,,,,,,,,,,,,,,,,,,"0009-0000-8940-8632","0009-0000-9880-3001",,,,,"f98d2ce5-f1ce-4d87-b32c-12fc256e60e3"
"be06d48d-aa79-48dc-8edc-7a3de20b5267","b692fa68-1fd8-4a88-b041-5c081de055a0","NOGP_007.mammalGrid.mam","D09","NOGP","NOGP_007","B5","distributed","grasslandHerbaceous",46.810415,-100.903576,"WGS84",45.1,519.6,0.1,"6 - trap set and empty","ShermanLF","2025-07-15","2025-07-15",,,,,,,,,,,,,,,,,,,,,,,,,,,,,,,,,,,,,,,,,,,,,"0009-0000-8940-8632","0009-0006-7557-7412",,,,,"5bcc1e3a-b68c-4159-88d7-32fe71359df7"
"6a805876-bb4c-47ed-8991-98c4cc909e96","b692fa68-1fd8-4a88-b041-5c081de055a0","NOGP_007.mammalGrid.mam","D09","NOGP","NOGP_007","E9","distributed","grasslandHerbaceous",46.810415,-100.903576,"WGS84",45.1,519.6,0.1,"6 - trap set and empty","ShermanLF","2025-07-15","2025-07-15",,,,,,,,,,,,,,,,,,,,,,,,,,,,,,,,,,,,,,,,,,,,,"0009-0000-8940-8632","0009-0006-7557-7412",,,,,"c52ee730-9189-481c-8945-93f2bfe9bad4"
"1b3ca065-fec4-4180-959b-c6dd4982ceb6","b692fa68-1fd8-4a88-b041-5c081de055a0","NOGP_007.mammalGrid.mam","D09","NOGP","NOGP_007","E1","distributed","grasslandHerbaceous",46.810415,-100.903576,"WGS84",45.1,519.6,0.1,"6 - trap set and empty","ShermanLF","2025-07-15","2025-07-15",,,,,,,,,,,,,,,,,,,,,,,,,,,,,,,,,,,,,,,,,,,,,"0009-0000-8940-8632","0009-0006-7557-7412",,,,,"0d94d3d9-fe6f-4907-91c9-0b7e49111d50"
"58d9c6dc-5a28-400a-95ee-2ca8ddd22391","b692fa68-1fd8-4a88-b041-5c081de055a0","NOGP_007.mammalGrid.mam","D09","NOGP","NOGP_007","D5","distributed","grasslandHerbaceous",46.810415,-100.903576,"WGS84",45.1,519.6,0.1,"6 - trap set and empty","ShermanLF","2025-07-15","2025-07-15",,,,,,,,,,,,,,,,,,,,,,,,,,,,,,,,,,,,,,,,,,,,,"0009-0000-8940-8632","0009-0006-7557-7412",,,,,"5fa2142f-fce8-4bfa-a9db-3862dc30c841"
"00426ed2-bfc8-4ebc-890f-cc2fb8be7ac9","f5bf7fcb-c38c-4cb4-9904-a87f0594068d","NOGP_017.mammalGrid.mam","D09","NOGP","NOGP_017","J5","distributed","grasslandHerbaceous",46.791856,-100.918686,"WGS84",45.1,556.8,0.1,"6 - trap set and empty","ShermanXLK","2025-07-15","2025-07-15",,,,,,,,,,,,,,,,,,,,,,,,,,,,,,,,,,,,,,,,,,,,,"0009-0000-8940-8632","0009-0000-9880-3001",,,,,"90a2c8ac-c8c3-4e56-8c4b-de3021d23f30"
"064974e4-857d-44a3-9bfa-85f6dd9fcf87","b692fa68-1fd8-4a88-b041-5c081de055a0","NOGP_007.mammalGrid.mam","D09","NOGP","NOGP_007","F3","distributed","grasslandHerbaceous",46.810415,-100.903576,"WGS84",45.1,519.6,0.1,"6 - trap set and empty","ShermanLF","2025-07-15","2025-07-15",,,,,,,,,,,,,,,,,,,,,,,,,,,,,,,,,,,,,,,,,,,,,"0009-0000-8940-8632","0009-0006-7557-7412",,,,,"0cd82181-0d5e-460a-89c3-8ac0e8dedccc"
"10f1531d-5eec-4668-b169-9754b79f62a7","7d2fb23d-c551-4dab-bdb2-84cbd125f6ef","NOGP_002.mammalGrid.mam","D09","NOGP","NOGP_002","J10","distributed","grasslandHerbaceous",46.799664,-100.910770,"WGS84",45.1,547.4,0.1,"6 - trap set and empty","ShermanXLK","2025-07-15","2025-07-15",,,,,,,,,,,,,,,,,,,,,,,,,,,,,,,,,,,,,,,,,,,,,"0009-0000-8940-8632","0009-0000-9880-3001",,,,,"a4a1ad3b-bdf7-4ed6-b91a-e751bfb46737"
"a03df737-7f3d-4303-8302-1792ed013a19","f5bf7fcb-c38c-4cb4-9904-a87f0594068d","NOGP_017.mammalGrid.mam","D09","NOGP","NOGP_017","H8","distributed","grasslandHerbaceous",46.791856,-100.918686,"WGS84",45.1,556.8,0.1,"6 - trap set and empty","ShermanXLK","2025-07-15","2025-07-15",,,,,,,,,,,,,,,,,,,,,,,,,,,,,,,,,,,,,,,,,,,,,"0009-0000-8940-8632","0009-0000-9880-3001",,,,,"31fde937-489f-43a2-93fb-4ac4970b66c0"
"63910819-8b98-45ac-9891-da555d2e988b","f5bf7fcb-c38c-4cb4-9904-a87f0594068d","NOGP_017.mammalGrid.mam","D09","NOGP","NOGP_017","F4","distributed","grasslandHerbaceous",46.791856,-100.918686,"WGS84",45.1,556.8,0.1,"5 - capture","ShermanXLK","2025-07-15","2025-07-15","NEON.MAM.D09.R9185",,"MIPE","Microtus pennsylvanicus","species",,,,,"N","M","N","processed",,"adult","nonscrotal",,,,19,,,,23,"N","N","N",,"none","dry ice",,,"unsuccessful",,"NOGP.20250715.R9185.F","D00000245960","ok","NOGP.20250715.R9185.E","D00000245408","NOGP.20250715.R9185.H","A00000378692","hairAndWhisker",,,"0009-0000-8940-8632","0009-0000-9880-3001",,,,,"37401432-9385-44c6-ad0e-787728f72054"
"ab285088-bedc-4553-ae68-98d111e71340","b692fa68-1fd8-4a88-b041-5c081de055a0","NOGP_007.mammalGrid.mam","D09","NOGP","NOGP_007","D2","distributed","grasslandHerbaceous",46.810415,-100.903576,"WGS84",45.1,519.6,0.1,"6 - trap set and empty","ShermanLF","2025-07-15","2025-07-15",,,,,,,,,,,,,,,,,,,,,,,,,,,,,,,,,,,,,,,,,,,,,"0009-0000-8940-8632","0009-0006-7557-7412",,,,,"5de1d144-a858-4a11-b9ac-88f2c983a5aa"
"67a11753-6422-4775-97cd-be85b9823db5","f5bf7fcb-c38c-4cb4-9904-a87f0594068d","NOGP_017.mammalGrid.mam","D09","NOGP","NOGP_017","A10","distributed","grasslandHerbaceous",46.791856,-100.918686,"WGS84",45.1,556.8,0.1,"6 - trap set and empty","ShermanXLK","2025-07-15","2025-07-15",,,,,,,,,,,,,,,,,,,,,,,,,,,,,,,,,,,,,,,,,,,,,"0009-0000-8940-8632","0009-0000-9880-3001",,,,,"9d3826ff-e0d2-43ad-892b-0f96e35ccbf8"
"5ce2f0a9-37ee-4f8d-9166-4323d8f43702","f5bf7fcb-c38c-4cb4-9904-a87f0594068d","NOGP_017.mammalGrid.mam","D09","NOGP","NOGP_017","H7","distributed","grasslandHerbaceous",46.791856,-100.918686,"WGS84",45.1,556.8,0.1,"6 - trap set and empty","ShermanXLK","2025-07-15","2025-07-15",,,,,,,,,,,,,,,,,,,,,,,,,,,,,,,,,,,,,,,,,,,,,"0009-0000-8940-8632","0009-0000-9880-3001",,,,,"85428b59-1d4d-4000-a70d-c9d3eeefdc79"
"6e127de7-1bf6-4628-9748-b04ac380739f","7d2fb23d-c551-4dab-bdb2-84cbd125f6ef","NOGP_002.mammalGrid.mam","D09","NOGP","NOGP_002","H4","distributed","grasslandHerbaceous",46.799664,-100.910770,"WGS84",45.1,547.4,0.1,"5 - capture","ShermanXLK","2025-07-15","2025-07-15","NEON.MAM.D09.R8809",,"REME","Reithrodontomys megalotis","species",,,,,"N","M","N","processed",,"adult","scrotal",,,,16,,,,13,"N","N","N",,"none","dry ice","NOGP.20250715.R8809.B","D00000245222","mandibular",,"NOGP.20250715.R8809.F","D00000245432","ok","NOGP.20250715.R8809.E","D00000245391","NOGP.20250715.R8809.H","A00000378837","hairAndWhisker",,,"0009-0000-8940-8632","0009-0000-9880-3001",,,,,"52a0ea5c-d0b1-4cb1-9993-2b12c76b09b6"
"46deaa44-d30e-48ca-a55e-fba9f84d3fc3","b692fa68-1fd8-4a88-b041-5c081de055a0","NOGP_007.mammalGrid.mam","D09","NOGP","NOGP_007","J4","distributed","grasslandHerbaceous",46.810415,-100.903576,"WGS84",45.1,519.6,0.1,"6 - trap set and empty","ShermanLF","2025-07-15","2025-07-15",,,,,,,,,,,,,,,,,,,,,,,,,,,,,,,,,,,,,,,,,,,,,"0009-0000-8940-8632","0009-0006-7557-7412",,,,,"336a11c0-5224-4bb8-8654-074c2f46a118"
"bc50b7f4-c4da-4d7e-9ec8-d0e9ce852a65","f5bf7fcb-c38c-4cb4-9904-a87f0594068d","NOGP_017.mammalGrid.mam","D09","NOGP","NOGP_017","F1","distributed","grasslandHerbaceous",46.791856,-100.918686,"WGS84",45.1,556.8,0.1,"6 - trap set and empty","ShermanXLK","2025-07-15","2025-07-15",,,,,,,,,,,,,,,,,,,,,,,,,,,,,,,,,,,,,,,,,,,,,"0009-0000-8940-8632","0009-0000-9880-3001",,,,,"fa4f6f8c-2a09-48fd-a4bb-fd67a345b3be"
"60363bec-4921-45ea-adf6-a652124c2ecd","f5bf7fcb-c38c-4cb4-9904-a87f0594068d","NOGP_017.mammalGrid.mam","D09","NOGP","NOGP_017","E4","distributed","grasslandHerbaceous",46.791856,-100.918686,"WGS84",45.1,556.8,0.1,"6 - trap set and empty","ShermanXLK","2025-07-15","2025-07-15",,,,,,,,,,,,,,,,,,,,,,,,,,,,,,,,,,,,,,,,,,,,,"0009-0000-8940-8632","0009-0000-9880-3001",,,,,"b39c81ab-b7d0-4072-96c2-a4d9e282da14"
"8b9a0ffd-88b1-4fb5-b7b7-6ed21f85e314","f8f61ab2-1b0e-42b6-9226-240193bdd1c6","NOGP_005.mammalGrid.mam","D09","NOGP","NOGP_005","B1","distributed","grasslandHerbaceous",46.788065,-100.913882,"WGS84",45.1,562.2,0.1,"5 - capture","ShermanLF","2025-07-15","2025-07-15","NEON.MAM.D09.R8437",,"PELE","Peromyscus leucopus","species",,,,,"N","F","Y","processed",,"adult",,"enlarged","not","neither",21,,,,31,"N","N","N",,"none","dry ice",,,,,"NOGP.20250715.R8437.F","D00000246392","ok",,,,,,,,"0009-0006-6432-3978","0009-0002-2817-390X",,,,,"e14b0b42-69c1-4a8e-a804-89ac125b54b8"
"796b10ab-4b1f-4a27-bde9-a7e838f42a6d","7d2fb23d-c551-4dab-bdb2-84cbd125f6ef","NOGP_002.mammalGrid.mam","D09","NOGP","NOGP_002","F1","distributed","grasslandHerbaceous",46.799664,-100.910770,"WGS84",45.1,547.4,0.1,"6 - trap set and empty","ShermanXLK","2025-07-15","2025-07-15",,,,,,,,,,,,,,,,,,,,,,,,,,,,,,,,,,,,,,,,,,,,,"0009-0000-8940-8632","0009-0000-9880-3001",,,,,"08bb891b-7716-4b99-adf5-34245c03c391"
"ddc8d710-fd30-4e5a-a2ae-69b8890a9ef3","f8f61ab2-1b0e-42b6-9226-240193bdd1c6","NOGP_005.mammalGrid.mam","D09","NOGP","NOGP_005","A2","distributed","grasslandHerbaceous",46.788065,-100.913882,"WGS84",45.1,562.2,0.1,"5 - capture","ShermanLF","2025-07-15","2025-07-15","NEON.MAM.D09.R8494",,"PELE","Peromyscus leucopus","species",,,,,"N","M","Y","processed",,"adult","scrotal",,,,21,,,,29,"N","Y","N","1-5","none","dry ice","NOGP.20250715.R8494.B","D00000246160","mandibular - QNS","10-20","NOGP.20250715.R8494.F","D00000199897","ok",,,"NOGP.20250715.R8494.H","A00000378913","hairAndWhisker",,,"0009-0006-6432-3978","0009-0002-2817-390X",,,,,"dbf8a11a-2d19-47f5-bfaa-1a1d9d66d247"
"eac21162-9f71-40ed-b94e-21a668b868e7","7d2fb23d-c551-4dab-bdb2-84cbd125f6ef","NOGP_002.mammalGrid.mam","D09","NOGP","NOGP_002","B1","distributed","grasslandHerbaceous",46.799664,-100.910770,"WGS84",45.1,547.4,0.1,"6 - trap set and empty","ShermanXLK","2025-07-15","2025-07-15",,,,,,,,,,,,,,,,,,,,,,,,,,,,,,,,,,,,,,,,,,,,,"0009-0000-8940-8632","0009-0000-9880-3001",,,,,"1033ba1e-b0c6-45ce-8cac-e221016af5ba"
"7cc19c41-7e02-4e93-83c5-845c41abfa1d","7d2fb23d-c551-4dab-bdb2-84cbd125f6ef","NOGP_002.mammalGrid.mam","D09","NOGP","NOGP_002","E2","distributed","grasslandHerbaceous",46.799664,-100.910770,"WGS84",45.1,547.4,0.1,"6 - trap set and empty","ShermanXLK","2025-07-15","2025-07-15",,,,,,,,,,,,,,,,,,,,,,,,,,,,,,,,,,,,,,,,,,,,,"0009-0000-8940-8632","0009-0000-9880-3001",,,,,"cb353be3-18f6-4647-8cc8-d06a72d2beb3"
"1a1ec6d2-ac16-41f9-9ca4-eb327c1b39a7","f8f61ab2-1b0e-42b6-9226-240193bdd1c6","NOGP_005.mammalGrid.mam","D09","NOGP","NOGP_005","C6","distributed","grasslandHerbaceous",46.788065,-100.913882,"WGS84",45.1,562.2,0.1,"6 - trap set and empty","ShermanLF","2025-07-15","2025-07-15",,,,,,,,,,,,,,,,,,,,,,,,,,,,,,,,,,,,,,,,,,,,,"0009-0006-6432-3978","0009-0002-2817-390X",,,,,"3f2c743d-bbe3-4724-a77f-1741a4f10f76"
"fa4142ef-a756-4d62-900f-b50a4ec61813","b692fa68-1fd8-4a88-b041-5c081de055a0","NOGP_007.mammalGrid.mam","D09","NOGP","NOGP_007","F5","distributed","grasslandHerbaceous",46.810415,-100.903576,"WGS84",45.1,519.6,0.1,"6 - trap set and empty","ShermanLF","2025-07-15","2025-07-15",,,,,,,,,,,,,,,,,,,,,,,,,,,,,,,,,,,,,,,,,,,,,"0009-0000-8940-8632","0009-0006-7557-7412",,,,,"38cb596c-7d5b-4de1-9f4e-7ce0e756882a"
"5b216cc4-16f6-4452-9c67-e55ea689be07","f8f61ab2-1b0e-42b6-9226-240193bdd1c6","NOGP_005.mammalGrid.mam","D09","NOGP","NOGP_005","J10","distributed","grasslandHerbaceous",46.788065,-100.913882,"WGS84",45.1,562.2,0.1,"6 - trap set and empty","ShermanLF","2025-07-15","2025-07-15",,,,,,,,,,,,,,,,,,,,,,,,,,,,,,,,,,,,,,,,,,,,,"0009-0006-6432-3978","0009-0002-2817-390X",,,,,"54de8bfd-a617-40d8-acf6-3931013f8bbc"
"f58c4c5d-8278-44d4-ab8d-0f9357fbfb65","b692fa68-1fd8-4a88-b041-5c081de055a0","NOGP_007.mammalGrid.mam","D09","NOGP","NOGP_007","I10","distributed","grasslandHerbaceous",46.810415,-100.903576,"WGS84",45.1,519.6,0.1,"6 - trap set and empty","ShermanLF","2025-07-15","2025-07-15",,,,,,,,,,,,,,,,,,,,,,,,,,,,,,,,,,,,,,,,,,,,,"0009-0000-8940-8632","0009-0006-7557-7412",,,,,"d873ef05-4019-4767-80ca-d8e4071826da"
"3895cd04-63a8-4caa-a969-49e54d8fb78b","b692fa68-1fd8-4a88-b041-5c081de055a0","NOGP_007.mammalGrid.mam","D09","NOGP","NOGP_007","G5","distributed","grasslandHerbaceous",46.810415,-100.903576,"WGS84",45.1,519.6,0.1,"5 - capture","ShermanLF","2025-07-15","2025-07-15","NEON.MAM.D09.R8602",,"MIPE","Microtus pennsylvanicus","species",,,,,"N","M","N","processed",,"adult","scrotal",,,,19,,,,38,"N","Y","N","1-5","none","dry ice",,,,,"NOGP.20250715.R8602.F","D00000197822","ok","NOGP.20250715.R8602.E","D00000197812","NOGP.20250715.R8602.H","A00000378860","hairAndWhisker",,,"0009-0000-8940-8632","0009-0006-7557-7412",,,,,"0c5c932e-0e4a-4ebf-9ca8-8c8a437bd921"
"002fa20c-44df-42ca-9633-70bd34e48383","b692fa68-1fd8-4a88-b041-5c081de055a0","NOGP_007.mammalGrid.mam","D09","NOGP","NOGP_007","C1","distributed","grasslandHerbaceous",46.810415,-100.903576,"WGS84",45.1,519.6,0.1,"6 - trap set and empty","ShermanLF","2025-07-15","2025-07-15",,,,,,,,,,,,,,,,,,,,,,,,,,,,,,,,,,,,,,,,,,,,,"0009-0000-8940-8632","0009-0006-7557-7412",,,,,"dc52ab44-b9f6-4484-8afd-9f29ae967d5b"
"c5d41ecc-d80f-450c-ae2c-f54371a7d5d4","b692fa68-1fd8-4a88-b041-5c081de055a0","NOGP_007.mammalGrid.mam","D09","NOGP","NOGP_007","G3","distributed","grasslandHerbaceous",46.810415,-100.903576,"WGS84",45.1,519.6,0.1,"6 - trap set and empty","ShermanLF","2025-07-15","2025-07-15",,,,,,,,,,,,,,,,,,,,,,,,,,,,,,,,,,,,,,,,,,,,,"0009-0000-8940-8632","0009-0006-7557-7412",,,,,"f9b75bb2-a4df-4ed4-98dc-5a54cbc564ef"
"d8da4ab0-be3d-48fe-a66b-1529c81b51ca","f5bf7fcb-c38c-4cb4-9904-a87f0594068d","NOGP_017.mammalGrid.mam","D09","NOGP","NOGP_017","I9","distributed","grasslandHerbaceous",46.791856,-100.918686,"WGS84",45.1,556.8,0.1,"6 - trap set and empty","ShermanXLK","2025-07-15","2025-07-15",,,,,,,,,,,,,,,,,,,,,,,,,,,,,,,,,,,,,,,,,,,,,"0009-0000-8940-8632","0009-0000-9880-3001",,,,,"6259df53-f6a5-4686-b301-a903eddfb632"
"2ba1270a-76b5-4ed1-bcfe-7f1b231b036e","f8f61ab2-1b0e-42b6-9226-240193bdd1c6","NOGP_005.mammalGrid.mam","D09","NOGP","NOGP_005","H3","distributed","grasslandHerbaceous",46.788065,-100.913882,"WGS84",45.1,562.2,0.1,"6 - trap set and empty","ShermanLF","2025-07-15","2025-07-15",,,,,,,,,,,,,,,,,,,,,,,,,,,,,,,,,,,,,,,,,,,,,"0009-0006-6432-3978","0009-0002-2817-390X",,,,,"a8ea74b9-31b4-4160-9ce7-72dc2497325b"
"e7c29b7c-16ae-4e2d-bbab-fa1397e39a63","f8f61ab2-1b0e-42b6-9226-240193bdd1c6","NOGP_005.mammalGrid.mam","D09","NOGP","NOGP_005","I3","distributed","grasslandHerbaceous",46.788065,-100.913882,"WGS84",45.1,562.2,0.1,"6 - trap set and empty","ShermanLF","2025-07-15","2025-07-15",,,,,,,,,,,,,,,,,,,,,,,,,,,,,,,,,,,,,,,,,,,,,"0009-0006-6432-3978","0009-0002-2817-390X",,,,,"7ade9f11-1209-4fb3-8522-dd863aa3edfe"
"a7a3777c-75df-415e-981a-512472affcf3","7d2fb23d-c551-4dab-bdb2-84cbd125f6ef","NOGP_002.mammalGrid.mam","D09","NOGP","NOGP_002","F5","distributed","grasslandHerbaceous",46.799664,-100.910770,"WGS84",45.1,547.4,0.1,"6 - trap set and empty","ShermanXLK","2025-07-15","2025-07-15",,,,,,,,,,,,,,,,,,,,,,,,,,,,,,,,,,,,,,,,,,,,,"0009-0000-8940-8632","0009-0000-9880-3001",,,,,"1d3e5b59-bef9-4c58-8b79-0cd49d1c80cf"
"6bb42d44-d942-40d0-99be-0fa6370515fd","7d2fb23d-c551-4dab-bdb2-84cbd125f6ef","NOGP_002.mammalGrid.mam","D09","NOGP","NOGP_002","E6","distributed","grasslandHerbaceous",46.799664,-100.910770,"WGS84",45.1,547.4,0.1,"5 - capture","ShermanXLK","2025-07-15","2025-07-15","NEON.MAM.D09.R9199",,"MIPE","Microtus pennsylvanicus","species",,,,,"N","M","N","processed",,"adult","nonscrotal",,,,,,,,,"U","U","U",,"did not check","dry ice","NOGP.20250715.R9199.B","D00000197821","mandibular",,,,,,,,,,,,"0009-0000-8940-8632","0009-0000-9880-3001",,,,,"2b62f20c-b108-408c-8bf4-5771c675f37d"
"336d60f4-a1aa-4a9d-8762-1befd5639237","b692fa68-1fd8-4a88-b041-5c081de055a0","NOGP_007.mammalGrid.mam","D09","NOGP","NOGP_007","J6","distributed","grasslandHerbaceous",46.810415,-100.903576,"WGS84",45.1,519.6,0.1,"6 - trap set and empty","ShermanLF","2025-07-15","2025-07-15",,,,,,,,,,,,,,,,,,,,,,,,,,,,,,,,,,,,,,,,,,,,,"0009-0000-8940-8632","0009-0006-7557-7412",,,,,"48e73de5-e83e-4036-b8ef-1cd5f6870167"
"4096803d-8f57-4b8f-9815-ac6817924d2a","f5bf7fcb-c38c-4cb4-9904-a87f0594068d","NOGP_017.mammalGrid.mam","D09","NOGP","NOGP_017","D4","distributed","grasslandHerbaceous",46.791856,-100.918686,"WGS84",45.1,556.8,0.1,"6 - trap set and empty","ShermanXLK","2025-07-15","2025-07-15",,,,,,,,,,,,,,,,,,,,,,,,,,,,,,,,,,,,,,,,,,,,,"0009-0000-8940-8632","0009-0000-9880-3001",,,,,"6471277c-bfac-4e57-8f43-9dfdff466169"
"548a76ba-8097-49ab-bdcc-ff5a32aa99a1","f8f61ab2-1b0e-42b6-9226-240193bdd1c6","NOGP_005.mammalGrid.mam","D09","NOGP","NOGP_005","G3","distributed","grasslandHerbaceous",46.788065,-100.913882,"WGS84",45.1,562.2,0.1,"6 - trap set and empty","ShermanLF","2025-07-15","2025-07-15",,,,,,,,,,,,,,,,,,,,,,,,,,,,,,,,,,,,,,,,,,,,,"0009-0006-6432-3978","0009-0002-2817-390X",,,,,"24f036ab-6b4d-4dde-9196-61f71addc49c"
"e75ec7af-2fb7-4acc-8f65-125b6cdf2e76","f8f61ab2-1b0e-42b6-9226-240193bdd1c6","NOGP_005.mammalGrid.mam","D09","NOGP","NOGP_005","F8","distributed","grasslandHerbaceous",46.788065,-100.913882,"WGS84",45.1,562.2,0.1,"6 - trap set and empty","ShermanLF","2025-07-15","2025-07-15",,,,,,,,,,,,,,,,,,,,,,,,,,,,,,,,,,,,,,,,,,,,,"0009-0006-6432-3978","0009-0002-2817-390X",,,,,"bd64c220-0d59-4aec-9470-09246323ee23"
"1ded9f9f-1c42-42f5-b4dd-aec582f5125f","f5bf7fcb-c38c-4cb4-9904-a87f0594068d","NOGP_017.mammalGrid.mam","D09","NOGP","NOGP_017","H6","distributed","grasslandHerbaceous",46.791856,-100.918686,"WGS84",45.1,556.8,0.1,"6 - trap set and empty","ShermanXLK","2025-07-15","2025-07-15",,,,,,,,,,,,,,,,,,,,,,,,,,,,,,,,,,,,,,,,,,,,,"0009-0000-8940-8632","0009-0000-9880-3001",,,,,"bdfa871d-c1ec-4225-8fac-1532fb40a6cc"
"d6a253cc-261b-4966-a37b-9f6b8b16f38c","7d2fb23d-c551-4dab-bdb2-84cbd125f6ef","NOGP_002.mammalGrid.mam","D09","NOGP","NOGP_002","A9","distributed","grasslandHerbaceous",46.799664,-100.910770,"WGS84",45.1,547.4,0.1,"6 - trap set and empty","ShermanXLK","2025-07-15","2025-07-15",,,,,,,,,,,,,,,,,,,,,,,,,,,,,,,,,,,,,,,,,,,,,"0009-0000-8940-8632","0009-0000-9880-3001",,,,,"b50ab8c0-cb99-49e2-b996-e85e083086ac"
"a5b09a54-1c4d-4766-9148-393b6df37359","7d2fb23d-c551-4dab-bdb2-84cbd125f6ef","NOGP_002.mammalGrid.mam","D09","NOGP","NOGP_002","D1","distributed","grasslandHerbaceous",46.799664,-100.910770,"WGS84",45.1,547.4,0.1,"6 - trap set and empty","ShermanXLK","2025-07-15","2025-07-15",,,,,,,,,,,,,,,,,,,,,,,,,,,,,,,,,,,,,,,,,,,,,"0009-0000-8940-8632","0009-0000-9880-3001",,,,,"8153b382-2aa3-46f6-81a7-58f5496d2ce9"
"e05c516e-3797-4f69-a638-f42711899d4e","7d2fb23d-c551-4dab-bdb2-84cbd125f6ef","NOGP_002.mammalGrid.mam","D09","NOGP","NOGP_002","I7","distributed","grasslandHerbaceous",46.799664,-100.910770,"WGS84",45.1,547.4,0.1,"6 - trap set and empty","ShermanXLK","2025-07-15","2025-07-15",,,,,,,,,,,,,,,,,,,,,,,,,,,,,,,,,,,,,,,,,,,,,"0009-0000-8940-8632","0009-0000-9880-3001",,,,,"2767e547-715e-4591-94f6-96c152d95a49"
"c55d60f3-5d75-43c7-aedd-4f06e96565a5","b692fa68-1fd8-4a88-b041-5c081de055a0","NOGP_007.mammalGrid.mam","D09","NOGP","NOGP_007","C5","distributed","grasslandHerbaceous",46.810415,-100.903576,"WGS84",45.1,519.6,0.1,"6 - trap set and empty","ShermanLF","2025-07-15","2025-07-15",,,,,,,,,,,,,,,,,,,,,,,,,,,,,,,,,,,,,,,,,,,,,"0009-0000-8940-8632","0009-0006-7557-7412",,,,,"2ab567e1-0df1-4309-a330-a07b3727d279"
"cc8d1572-2fdd-4c7f-98fe-174764cd5041","b692fa68-1fd8-4a88-b041-5c081de055a0","NOGP_007.mammalGrid.mam","D09","NOGP","NOGP_007","C7","distributed","grasslandHerbaceous",46.810415,-100.903576,"WGS84",45.1,519.6,0.1,"6 - trap set and empty","ShermanLF","2025-07-15","2025-07-15",,,,,,,,,,,,,,,,,,,,,,,,,,,,,,,,,,,,,,,,,,,,,"0009-0000-8940-8632","0009-0006-7557-7412",,,,,"b77cfd33-c881-43e9-8592-ef8b7943a9c7"
"46a242cb-5d1f-4683-b580-43b2abf78d03","f5bf7fcb-c38c-4cb4-9904-a87f0594068d","NOGP_017.mammalGrid.mam","D09","NOGP","NOGP_017","H2","distributed","grasslandHerbaceous",46.791856,-100.918686,"WGS84",45.1,556.8,0.1,"6 - trap set and empty","ShermanXLK","2025-07-15","2025-07-15",,,,,,,,,,,,,,,,,,,,,,,,,,,,,,,,,,,,,,,,,,,,,"0009-0000-8940-8632","0009-0000-9880-3001",,,,,"3b41784d-b45f-437e-b0ae-f46c4d981ff4"
"e71289d7-074f-4a59-a6fc-46adf2f70009","b692fa68-1fd8-4a88-b041-5c081de055a0","NOGP_007.mammalGrid.mam","D09","NOGP","NOGP_007","B1","distributed","grasslandHerbaceous",46.810415,-100.903576,"WGS84",45.1,519.6,0.1,"6 - trap set and empty","ShermanLF","2025-07-15","2025-07-15",,,,,,,,,,,,,,,,,,,,,,,,,,,,,,,,,,,,,,,,,,,,,"0009-0000-8940-8632","0009-0006-7557-7412",,,,,"f94ba9f5-3163-4431-a086-bbb78be76bfe"
"a859f2ea-5521-4e2c-9c13-21aedde25c4c","7d2fb23d-c551-4dab-bdb2-84cbd125f6ef","NOGP_002.mammalGrid.mam","D09","NOGP","NOGP_002","E3","distributed","grasslandHerbaceous",46.799664,-100.910770,"WGS84",45.1,547.4,0.1,"6 - trap set and empty","ShermanXLK","2025-07-15","2025-07-15",,,,,,,,,,,,,,,,,,,,,,,,,,,,,,,,,,,,,,,,,,,,,"0009-0000-8940-8632","0009-0000-9880-3001",,,,,"05fe6f11-d778-4263-8314-70206a7ff490"
"a5c85324-d368-4421-8398-41a30a60834b","b692fa68-1fd8-4a88-b041-5c081de055a0","NOGP_007.mammalGrid.mam","D09","NOGP","NOGP_007","B10","distributed","grasslandHerbaceous",46.810415,-100.903576,"WGS84",45.1,519.6,0.1,"6 - trap set and empty","ShermanLF","2025-07-15","2025-07-15",,,,,,,,,,,,,,,,,,,,,,,,,,,,,,,,,,,,,,,,,,,,,"0009-0000-8940-8632","0009-0006-7557-7412",,,,,"5301e284-a576-46f5-b4a9-692a60f41c7f"
"0d011636-649b-44d0-8594-f4752572f38a","b692fa68-1fd8-4a88-b041-5c081de055a0","NOGP_007.mammalGrid.mam","D09","NOGP","NOGP_007","H1","distributed","grasslandHerbaceous",46.810415,-100.903576,"WGS84",45.1,519.6,0.1,"6 - trap set and empty","ShermanLF","2025-07-15","2025-07-15",,,,,,,,,,,,,,,,,,,,,,,,,,,,,,,,,,,,,,,,,,,,,"0009-0000-8940-8632","0009-0006-7557-7412",,,,,"1d7984e9-5fb0-44cf-8fff-3f5dd0abe576"
"259a382b-9209-486f-814e-dc03396aba19","b692fa68-1fd8-4a88-b041-5c081de055a0","NOGP_007.mammalGrid.mam","D09","NOGP","NOGP_007","I4","distributed","grasslandHerbaceous",46.810415,-100.903576,"WGS84",45.1,519.6,0.1,"6 - trap set and empty","ShermanLF","2025-07-15","2025-07-15",,,,,,,,,,,,,,,,,,,,,,,,,,,,,,,,,,,,,,,,,,,,,"0009-0000-8940-8632","0009-0006-7557-7412",,,,,"e43c3bf7-7dae-4c30-aae3-03faa4dcdae3"
"006e5b0f-132c-454f-822b-8b84c09c6c43","b692fa68-1fd8-4a88-b041-5c081de055a0","NOGP_007.mammalGrid.mam","D09","NOGP","NOGP_007","J3","distributed","grasslandHerbaceous",46.810415,-100.903576,"WGS84",45.1,519.6,0.1,"6 - trap set and empty","ShermanLF","2025-07-15","2025-07-15",,,,,,,,,,,,,,,,,,,,,,,,,,,,,,,,,,,,,,,,,,,,,"0009-0000-8940-8632","0009-0006-7557-7412",,,,,"cba0f252-e00b-4ef8-b33a-1afd681a2946"
"f0618670-8429-4eba-b58a-d4a85f9046f8","f8f61ab2-1b0e-42b6-9226-240193bdd1c6","NOGP_005.mammalGrid.mam","D09","NOGP","NOGP_005","J4","distributed","grasslandHerbaceous",46.788065,-100.913882,"WGS84",45.1,562.2,0.1,"6 - trap set and empty","ShermanLF","2025-07-15","2025-07-15",,,,,,,,,,,,,,,,,,,,,,,,,,,,,,,,,,,,,,,,,,,,,"0009-0006-6432-3978","0009-0002-2817-390X",,,,,"1dcebe49-963a-44de-a472-8446f1023b3a"
"74d38849-c621-4829-b9cf-8c679ff6be14","f8f61ab2-1b0e-42b6-9226-240193bdd1c6","NOGP_005.mammalGrid.mam","D09","NOGP","NOGP_005","J6","distributed","grasslandHerbaceous",46.788065,-100.913882,"WGS84",45.1,562.2,0.1,"6 - trap set and empty","ShermanLF","2025-07-15","2025-07-15",,,,,,,,,,,,,,,,,,,,,,,,,,,,,,,,,,,,,,,,,,,,,"0009-0006-6432-3978","0009-0002-2817-390X",,,,,"f790c3bc-9419-44c2-a568-b7ecad36b889"
"d97f189c-e9d2-4ee2-908a-761928c37b57","f5bf7fcb-c38c-4cb4-9904-a87f0594068d","NOGP_017.mammalGrid.mam","D09","NOGP","NOGP_017","E2","distributed","grasslandHerbaceous",46.791856,-100.918686,"WGS84",45.1,556.8,0.1,"6 - trap set and empty","ShermanXLK","2025-07-15","2025-07-15",,,,,,,,,,,,,,,,,,,,,,,,,,,,,,,,,,,,,,,,,,,,,"0009-0000-8940-8632","0009-0000-9880-3001",,,,,"5520712a-4c87-4911-9573-0c9b7b3b5f01"
"c4574a75-e783-4c0b-a044-44d807018d75","7d2fb23d-c551-4dab-bdb2-84cbd125f6ef","NOGP_002.mammalGrid.mam","D09","NOGP","NOGP_002","D4","distributed","grasslandHerbaceous",46.799664,-100.910770,"WGS84",45.1,547.4,0.1,"6 - trap set and empty","ShermanXLK","2025-07-15","2025-07-15",,,,,,,,,,,,,,,,,,,,,,,,,,,,,,,,,,,,,,,,,,,,,"0009-0000-8940-8632","0009-0000-9880-3001",,,,,"e8e37214-1e43-4045-882d-020fd0ef4dcf"
"2a924f92-f022-4c2b-9625-0b084dc73a76","f8f61ab2-1b0e-42b6-9226-240193bdd1c6","NOGP_005.mammalGrid.mam","D09","NOGP","NOGP_005","C9","distributed","grasslandHerbaceous",46.788065,-100.913882,"WGS84",45.1,562.2,0.1,"2 - trap disturbed/door closed but empty","ShermanLF","2025-07-15","2025-07-15",,,,,,,,,,,,,,,,,,,,,,,,,,,,,"did not check","dry ice",,,,,,,,,,,,,,,"0009-0006-6432-3978","0009-0002-2817-390X",,,,,"40a70c21-fd21-4715-bf0f-9c99e720c2f9"
"9fc9d35d-db6a-49e6-9786-e5c9b69a3d5a","7d2fb23d-c551-4dab-bdb2-84cbd125f6ef","NOGP_002.mammalGrid.mam","D09","NOGP","NOGP_002","A1","distributed","grasslandHerbaceous",46.799664,-100.910770,"WGS84",45.1,547.4,0.1,"6 - trap set and empty","ShermanXLK","2025-07-15","2025-07-15",,,,,,,,,,,,,,,,,,,,,,,,,,,,,,,,,,,,,,,,,,,,,"0009-0000-8940-8632","0009-0000-9880-3001",,,,,"ee22ca6e-044d-48d2-825e-b7bec602c91d"
"d8fd1bb2-50f4-4c5a-825a-011a309940f9","7d2fb23d-c551-4dab-bdb2-84cbd125f6ef","NOGP_002.mammalGrid.mam","D09","NOGP","NOGP_002","A8","distributed","grasslandHerbaceous",46.799664,-100.910770,"WGS84",45.1,547.4,0.1,"6 - trap set and empty","ShermanXLK","2025-07-15","2025-07-15",,,,,,,,,,,,,,,,,,,,,,,,,,,,,,,,,,,,,,,,,,,,,"0009-0000-8940-8632","0009-0000-9880-3001",,,,,"a684a71a-bd0b-43cb-ae5f-e9a462e880be"
"79d1776c-a50f-45bc-bfe4-2977fe21134e","b692fa68-1fd8-4a88-b041-5c081de055a0","NOGP_007.mammalGrid.mam","D09","NOGP","NOGP_007","E8","distributed","grasslandHerbaceous",46.810415,-100.903576,"WGS84",45.1,519.6,0.1,"6 - trap set and empty","ShermanLF","2025-07-15","2025-07-15",,,,,,,,,,,,,,,,,,,,,,,,,,,,,,,,,,,,,,,,,,,,,"0009-0000-8940-8632","0009-0006-7557-7412",,,,,"f27a1a43-2e57-436c-b723-0e8d105f1357"
"e369fb96-48a8-472c-8fb8-d0aca83b84f9","f5bf7fcb-c38c-4cb4-9904-a87f0594068d","NOGP_017.mammalGrid.mam","D09","NOGP","NOGP_017","C7","distributed","grasslandHerbaceous",46.791856,-100.918686,"WGS84",45.1,556.8,0.1,"6 - trap set and empty","ShermanXLK","2025-07-15","2025-07-15",,,,,,,,,,,,,,,,,,,,,,,,,,,,,,,,,,,,,,,,,,,,,"0009-0000-8940-8632","0009-0000-9880-3001",,,,,"9ffc9883-02c2-4026-ad61-facc289f671c"
"8053c983-fc4e-451c-bfa4-85913230144c","7d2fb23d-c551-4dab-bdb2-84cbd125f6ef","NOGP_002.mammalGrid.mam","D09","NOGP","NOGP_002","J5","distributed","grasslandHerbaceous",46.799664,-100.910770,"WGS84",45.1,547.4,0.1,"6 - trap set and empty","ShermanXLK","2025-07-15","2025-07-15",,,,,,,,,,,,,,,,,,,,,,,,,,,,,,,,,,,,,,,,,,,,,"0009-0000-8940-8632","0009-0000-9880-3001",,,,,"7f733907-632e-493a-bc7a-932ca8aac5ca"
"e8e54045-014c-4441-9730-240cbbe8f266","f5bf7fcb-c38c-4cb4-9904-a87f0594068d","NOGP_017.mammalGrid.mam","D09","NOGP","NOGP_017","C9","distributed","grasslandHerbaceous",46.791856,-100.918686,"WGS84",45.1,556.8,0.1,"6 - trap set and empty","ShermanXLK","2025-07-15","2025-07-15",,,,,,,,,,,,,,,,,,,,,,,,,,,,,,,,,,,,,,,,,,,,,"0009-0000-8940-8632","0009-0000-9880-3001",,,,,"e0ae875e-32b2-4966-9184-acd44f34a105"
"18d6e254-7f45-4d30-9283-ac70178ccf8e","f8f61ab2-1b0e-42b6-9226-240193bdd1c6","NOGP_005.mammalGrid.mam","D09","NOGP","NOGP_005","B9","distributed","grasslandHerbaceous",46.788065,-100.913882,"WGS84",45.1,562.2,0.1,"6 - trap set and empty","ShermanLF","2025-07-15","2025-07-15",,,,,,,,,,,,,,,,,,,,,,,,,,,,,,,,,,,,,,,,,,,,,"0009-0006-6432-3978","0009-0002-2817-390X",,,,,"bdf79ed5-95a9-4e54-8dc0-bbae66796e52"
"0cb48359-e85d-404b-ae90-02da3f5d4d7e","b692fa68-1fd8-4a88-b041-5c081de055a0","NOGP_007.mammalGrid.mam","D09","NOGP","NOGP_007","A5","distributed","grasslandHerbaceous",46.810415,-100.903576,"WGS84",45.1,519.6,0.1,"6 - trap set and empty","ShermanLF","2025-07-15","2025-07-15",,,,,,,,,,,,,,,,,,,,,,,,,,,,,,,,,,,,,,,,,,,,,"0009-0000-8940-8632","0009-0006-7557-7412",,,,,"504b19e9-33e5-47f2-bcb4-619ea73318a0"
"d97ab168-9b10-47f9-ab47-7273390c640b","f8f61ab2-1b0e-42b6-9226-240193bdd1c6","NOGP_005.mammalGrid.mam","D09","NOGP","NOGP_005","A5","distributed","grasslandHerbaceous",46.788065,-100.913882,"WGS84",45.1,562.2,0.1,"5 - capture","ShermanLF","2025-07-15","2025-07-15","NEON.MAM.D09.L8416",,"PEMA","Peromyscus maniculatus","species",,,,,"N","F","Y","processed",,"adult",,"enlarged","not","neither",19,,,,28,"N","N","N",,"fleas","dry ice","NOGP.20250715.L8416.B","D00000199879","mandibular - QNS","10-20","NOGP.20250715.L8416.F","D00000199883","ok",,,"NOGP.20250715.L8416.H","A00000378549","hairAndWhisker",,,"0009-0006-6432-3978","0009-0002-2817-390X",,,,,"a685d193-c7ca-4699-9e94-1c44c7b7848e"
"add34040-ad7b-41ef-8f59-62e635ecb121","f8f61ab2-1b0e-42b6-9226-240193bdd1c6","NOGP_005.mammalGrid.mam","D09","NOGP","NOGP_005","G1","distributed","grasslandHerbaceous",46.788065,-100.913882,"WGS84",45.1,562.2,0.1,"6 - trap set and empty","ShermanLF","2025-07-15","2025-07-15",,,,,,,,,,,,,,,,,,,,,,,,,,,,,,,,,,,,,,,,,,,,,"0009-0006-6432-3978","0009-0002-2817-390X",,,,,"200b045e-7549-49af-b1f2-b249a311866e"
"ece065bf-d7ad-4d7a-82d7-f64f452ace7e","f5bf7fcb-c38c-4cb4-9904-a87f0594068d","NOGP_017.mammalGrid.mam","D09","NOGP","NOGP_017","D8","distributed","grasslandHerbaceous",46.791856,-100.918686,"WGS84",45.1,556.8,0.1,"6 - trap set and empty","ShermanXLK","2025-07-15","2025-07-15",,,,,,,,,,,,,,,,,,,,,,,,,,,,,,,,,,,,,,,,,,,,,"0009-0000-8940-8632","0009-0000-9880-3001",,,,,"e27a8092-03bb-43de-b214-b73ade008641"
"6e131ba3-f92e-4ce7-814a-968840730ce6","f8f61ab2-1b0e-42b6-9226-240193bdd1c6","NOGP_005.mammalGrid.mam","D09","NOGP","NOGP_005","I2","distributed","grasslandHerbaceous",46.788065,-100.913882,"WGS84",45.1,562.2,0.1,"6 - trap set and empty","ShermanLF","2025-07-15","2025-07-15",,,,,,,,,,,,,,,,,,,,,,,,,,,,,,,,,,,,,,,,,,,,,"0009-0006-6432-3978","0009-0002-2817-390X",,,,,"c6a005bd-3ec2-44bb-8dcd-1d0ef5b25bb1"
"889bd499-faec-440c-8a81-7133f503d723","7d2fb23d-c551-4dab-bdb2-84cbd125f6ef","NOGP_002.mammalGrid.mam","D09","NOGP","NOGP_002","A3","distributed","grasslandHerbaceous",46.799664,-100.910770,"WGS84",45.1,547.4,0.1,"6 - trap set and empty","ShermanXLK","2025-07-15","2025-07-15",,,,,,,,,,,,,,,,,,,,,,,,,,,,,,,,,,,,,,,,,,,,,"0009-0000-8940-8632","0009-0000-9880-3001",,,,,"cdcf1ab5-3f96-4a64-b463-5a4cdc990500"
"5c5748ac-c28d-424e-93f8-9885bc0011ac","7d2fb23d-c551-4dab-bdb2-84cbd125f6ef","NOGP_002.mammalGrid.mam","D09","NOGP","NOGP_002","G2","distributed","grasslandHerbaceous",46.799664,-100.910770,"WGS84",45.1,547.4,0.1,"6 - trap set and empty","ShermanXLK","2025-07-15","2025-07-15",,,,,,,,,,,,,,,,,,,,,,,,,,,,,,,,,,,,,,,,,,,,,"0009-0000-8940-8632","0009-0000-9880-3001",,,,,"4b6f7edf-ec4d-4567-b959-fed6a1bb2338"
"190e96cb-363f-45df-baef-20f91df4c93a","b692fa68-1fd8-4a88-b041-5c081de055a0","NOGP_007.mammalGrid.mam","D09","NOGP","NOGP_007","E10","distributed","grasslandHerbaceous",46.810415,-100.903576,"WGS84",45.1,519.6,0.1,"6 - trap set and empty","ShermanLF","2025-07-15","2025-07-15",,,,,,,,,,,,,,,,,,,,,,,,,,,,,,,,,,,,,,,,,,,,,"0009-0000-8940-8632","0009-0006-7557-7412",,,,,"384a5582-5fba-48be-9029-2dfe5ee90210"
"4c427eff-7f33-4bcf-9a95-01b3173392b4","7d2fb23d-c551-4dab-bdb2-84cbd125f6ef","NOGP_002.mammalGrid.mam","D09","NOGP","NOGP_002","A7","distributed","grasslandHerbaceous",46.799664,-100.910770,"WGS84",45.1,547.4,0.1,"6 - trap set and empty","ShermanXLK","2025-07-15","2025-07-15",,,,,,,,,,,,,,,,,,,,,,,,,,,,,,,,,,,,,,,,,,,,,"0009-0000-8940-8632","0009-0000-9880-3001",,,,,"a4dc78af-73c4-4fa9-b13c-589437b6b8ed"
"427cd945-d428-486d-9b46-d71fe372a46c","f5bf7fcb-c38c-4cb4-9904-a87f0594068d","NOGP_017.mammalGrid.mam","D09","NOGP","NOGP_017","J8","distributed","grasslandHerbaceous",46.791856,-100.918686,"WGS84",45.1,556.8,0.1,"6 - trap set and empty","ShermanXLK","2025-07-15","2025-07-15",,,,,,,,,,,,,,,,,,,,,,,,,,,,,,,,,,,,,,,,,,,,,"0009-0000-8940-8632","0009-0000-9880-3001",,,,,"0f64890b-476f-4ca5-80af-9429a483325a"
"51a1afe2-a151-4de2-be6d-fe1d64781471","f8f61ab2-1b0e-42b6-9226-240193bdd1c6","NOGP_005.mammalGrid.mam","D09","NOGP","NOGP_005","G2","distributed","grasslandHerbaceous",46.788065,-100.913882,"WGS84",45.1,562.2,0.1,"6 - trap set and empty","ShermanLF","2025-07-15","2025-07-15",,,,,,,,,,,,,,,,,,,,,,,,,,,,,,,,,,,,,,,,,,,,,"0009-0006-6432-3978","0009-0002-2817-390X",,,,,"e6debca3-bd77-4be5-864a-da8543faae8e"
"12350a35-a675-44da-be03-17c11e9a3c4b","f8f61ab2-1b0e-42b6-9226-240193bdd1c6","NOGP_005.mammalGrid.mam","D09","NOGP","NOGP_005","H7","distributed","grasslandHerbaceous",46.788065,-100.913882,"WGS84",45.1,562.2,0.1,"6 - trap set and empty","ShermanLF","2025-07-15","2025-07-15",,,,,,,,,,,,,,,,,,,,,,,,,,,,,,,,,,,,,,,,,,,,,"0009-0006-6432-3978","0009-0002-2817-390X",,,,,"733cf12d-ca4f-48f0-88a7-d06877bc85d7"
"4ea7a65d-bd65-4fa3-be22-990420a6b021","7d2fb23d-c551-4dab-bdb2-84cbd125f6ef","NOGP_002.mammalGrid.mam","D09","NOGP","NOGP_002","H6","distributed","grasslandHerbaceous",46.799664,-100.910770,"WGS84",45.1,547.4,0.1,"6 - trap set and empty","ShermanXLK","2025-07-15","2025-07-15",,,,,,,,,,,,,,,,,,,,,,,,,,,,,,,,,,,,,,,,,,,,,"0009-0000-8940-8632","0009-0000-9880-3001",,,,,"cb8388f4-f69f-43ab-a1bf-3df93543bdb3"
"3e7fe6c4-15b3-4998-815e-7769ecc31840","f5bf7fcb-c38c-4cb4-9904-a87f0594068d","NOGP_017.mammalGrid.mam","D09","NOGP","NOGP_017","F3","distributed","grasslandHerbaceous",46.791856,-100.918686,"WGS84",45.1,556.8,0.1,"6 - trap set and empty","ShermanXLK","2025-07-15","2025-07-15",,,,,,,,,,,,,,,,,,,,,,,,,,,,,,,,,,,,,,,,,,,,,"0009-0000-8940-8632","0009-0000-9880-3001",,,,,"04567b8a-8b2a-41a0-97e5-dc0b418a91c4"
"9d517fdd-ed44-49f9-b300-3101ab869e0f","f8f61ab2-1b0e-42b6-9226-240193bdd1c6","NOGP_005.mammalGrid.mam","D09","NOGP","NOGP_005","A1","distributed","grasslandHerbaceous",46.788065,-100.913882,"WGS84",45.1,562.2,0.1,"5 - capture","ShermanLF","2025-07-15","2025-07-15","NEON.MAM.D09.R8344",,"PELE","Peromyscus leucopus","species",,,,,"N","M","Y","processed",,"adult","scrotal",,,,21,,,,33,"N","N","N",,"botflies","dry ice","NOGP.20250715.R8344.B","D00000199887","mandibular - QNS","10-20","NOGP.20250715.R8344.F","D00000199890","ok",,,,,,,,"0009-0006-6432-3978","0009-0002-2817-390X",,,"Fleas",,"bf32bd98-c3fc-4b61-b2c2-81d1851c2bbd"
"b93e147d-ac3d-4c5a-8d67-4f2a54824b44","f5bf7fcb-c38c-4cb4-9904-a87f0594068d","NOGP_017.mammalGrid.mam","D09","NOGP","NOGP_017","A5","distributed","grasslandHerbaceous",46.791856,-100.918686,"WGS84",45.1,556.8,0.1,"6 - trap set and empty","ShermanXLK","2025-07-15","2025-07-15",,,,,,,,,,,,,,,,,,,,,,,,,,,,,,,,,,,,,,,,,,,,,"0009-0000-8940-8632","0009-0000-9880-3001",,,,,"e78007d8-78c5-44e7-b68a-3c9b22a13fb6"
"52bed133-a304-4d94-934b-949de49965de","f5bf7fcb-c38c-4cb4-9904-a87f0594068d","NOGP_017.mammalGrid.mam","D09","NOGP","NOGP_017","H5","distributed","grasslandHerbaceous",46.791856,-100.918686,"WGS84",45.1,556.8,0.1,"6 - trap set and empty","ShermanXLK","2025-07-15","2025-07-15",,,,,,,,,,,,,,,,,,,,,,,,,,,,,,,,,,,,,,,,,,,,,"0009-0000-8940-8632","0009-0000-9880-3001",,,,,"c77a70a7-6ad9-4c41-af65-c7464fb94f1b"
"d157de81-3b49-4449-9a61-2530452bae4d","7d2fb23d-c551-4dab-bdb2-84cbd125f6ef","NOGP_002.mammalGrid.mam","D09","NOGP","NOGP_002","J9","distributed","grasslandHerbaceous",46.799664,-100.910770,"WGS84",45.1,547.4,0.1,"6 - trap set and empty","ShermanXLK","2025-07-15","2025-07-15",,,,,,,,,,,,,,,,,,,,,,,,,,,,,,,,,,,,,,,,,,,,,"0009-0000-8940-8632","0009-0000-9880-3001",,,,,"9bbbe590-0460-41d5-af80-7df29a3381b6"
"d65aad43-c194-45e2-a603-b9cdff4d2813","f5bf7fcb-c38c-4cb4-9904-a87f0594068d","NOGP_017.mammalGrid.mam","D09","NOGP","NOGP_017","J6","distributed","grasslandHerbaceous",46.791856,-100.918686,"WGS84",45.1,556.8,0.1,"6 - trap set and empty","ShermanXLK","2025-07-15","2025-07-15",,,,,,,,,,,,,,,,,,,,,,,,,,,,,,,,,,,,,,,,,,,,,"0009-0000-8940-8632","0009-0000-9880-3001",,,,,"de0b436f-8605-475f-bd76-24378674ada2"
"5a218a3c-d770-4eb0-8fef-06529bd91273","f5bf7fcb-c38c-4cb4-9904-a87f0594068d","NOGP_017.mammalGrid.mam","D09","NOGP","NOGP_017","A4","distributed","grasslandHerbaceous",46.791856,-100.918686,"WGS84",45.1,556.8,0.1,"6 - trap set and empty","ShermanXLK","2025-07-15","2025-07-15",,,,,,,,,,,,,,,,,,,,,,,,,,,,,,,,,,,,,,,,,,,,,"0009-0000-8940-8632","0009-0000-9880-3001",,,,,"a1576421-b426-41f5-af41-9edea6dc28d9"
"dfc33e8f-76ea-4028-9ebb-2383b1560f47","f5bf7fcb-c38c-4cb4-9904-a87f0594068d","NOGP_017.mammalGrid.mam","D09","NOGP","NOGP_017","A6","distributed","grasslandHerbaceous",46.791856,-100.918686,"WGS84",45.1,556.8,0.1,"6 - trap set and empty","ShermanXLK","2025-07-15","2025-07-15",,,,,,,,,,,,,,,,,,,,,,,,,,,,,,,,,,,,,,,,,,,,,"0009-0000-8940-8632","0009-0000-9880-3001",,,,,"709886b5-5aef-4aec-b628-04cec27e2f3f"
"65be2cb9-bdab-4313-9912-308fef5f2152","7d2fb23d-c551-4dab-bdb2-84cbd125f6ef","NOGP_002.mammalGrid.mam","D09","NOGP","NOGP_002","G4","distributed","grasslandHerbaceous",46.799664,-100.910770,"WGS84",45.1,547.4,0.1,"6 - trap set and empty","ShermanXLK","2025-07-15","2025-07-15",,,,,,,,,,,,,,,,,,,,,,,,,,,,,,,,,,,,,,,,,,,,,"0009-0000-8940-8632","0009-0000-9880-3001",,,,,"acac7984-a121-4cb3-9e22-d0c3b6775f33"
"e0ca4311-42cf-4076-b5be-76268b2dc388","b692fa68-1fd8-4a88-b041-5c081de055a0","NOGP_007.mammalGrid.mam","D09","NOGP","NOGP_007","E3","distributed","grasslandHerbaceous",46.810415,-100.903576,"WGS84",45.1,519.6,0.1,"6 - trap set and empty","ShermanLF","2025-07-15","2025-07-15",,,,,,,,,,,,,,,,,,,,,,,,,,,,,,,,,,,,,,,,,,,,,"0009-0000-8940-8632","0009-0006-7557-7412",,,,,"7e269f5a-d32e-42df-82cf-f55d092309da"
"a47be40e-2298-4c2e-bfb8-c84f12f0b530","b692fa68-1fd8-4a88-b041-5c081de055a0","NOGP_007.mammalGrid.mam","D09","NOGP","NOGP_007","D4","distributed","grasslandHerbaceous",46.810415,-100.903576,"WGS84",45.1,519.6,0.1,"6 - trap set and empty","ShermanLF","2025-07-15","2025-07-15",,,,,,,,,,,,,,,,,,,,,,,,,,,,,,,,,,,,,,,,,,,,,"0009-0000-8940-8632","0009-0006-7557-7412",,,,,"28edd361-2db5-4162-945f-3cab7b007aeb"
"96ae695c-4575-4553-8755-d65dce761ec4","b692fa68-1fd8-4a88-b041-5c081de055a0","NOGP_007.mammalGrid.mam","D09","NOGP","NOGP_007","H8","distributed","grasslandHerbaceous",46.810415,-100.903576,"WGS84",45.1,519.6,0.1,"6 - trap set and empty","ShermanLF","2025-07-15","2025-07-15",,,,,,,,,,,,,,,,,,,,,,,,,,,,,,,,,,,,,,,,,,,,,"0009-0000-8940-8632","0009-0006-7557-7412",,,,,"97c76ebb-8e8c-44ae-8640-23201cde7105"
"4add108e-4bdc-46e5-ad54-489add851ea2","7d2fb23d-c551-4dab-bdb2-84cbd125f6ef","NOGP_002.mammalGrid.mam","D09","NOGP","NOGP_002","I4","distributed","grasslandHerbaceous",46.799664,-100.910770,"WGS84",45.1,547.4,0.1,"6 - trap set and empty","ShermanXLK","2025-07-15","2025-07-15",,,,,,,,,,,,,,,,,,,,,,,,,,,,,,,,,,,,,,,,,,,,,"0009-0000-8940-8632","0009-0000-9880-3001",,,,,"94c533ab-da58-4b3b-b7e0-6bd5d2b9f440"
"24fb4bf7-682d-4c1f-8319-ba98ddb4a936","7d2fb23d-c551-4dab-bdb2-84cbd125f6ef","NOGP_002.mammalGrid.mam","D09","NOGP","NOGP_002","B9","distributed","grasslandHerbaceous",46.799664,-100.910770,"WGS84",45.1,547.4,0.1,"6 - trap set and empty","ShermanXLK","2025-07-15","2025-07-15",,,,,,,,,,,,,,,,,,,,,,,,,,,,,,,,,,,,,,,,,,,,,"0009-0000-8940-8632","0009-0000-9880-3001",,,,,"44f7402b-01af-4117-adae-0df0193c11a7"
"a8784379-f463-48bf-a371-fc4040c12bcf","f5bf7fcb-c38c-4cb4-9904-a87f0594068d","NOGP_017.mammalGrid.mam","D09","NOGP","NOGP_017","C5","distributed","grasslandHerbaceous",46.791856,-100.918686,"WGS84",45.1,556.8,0.1,"6 - trap set and empty","ShermanXLK","2025-07-15","2025-07-15",,,,,,,,,,,,,,,,,,,,,,,,,,,,,,,,,,,,,,,,,,,,,"0009-0000-8940-8632","0009-0000-9880-3001",,,,,"c0648151-958a-4d6d-aaef-cc8184f2e502"
"6b68357e-f48f-4c9b-a510-23809c0b5f4f","b692fa68-1fd8-4a88-b041-5c081de055a0","NOGP_007.mammalGrid.mam","D09","NOGP","NOGP_007","E2","distributed","grasslandHerbaceous",46.810415,-100.903576,"WGS84",45.1,519.6,0.1,"6 - trap set and empty","ShermanLF","2025-07-15","2025-07-15",,,,,,,,,,,,,,,,,,,,,,,,,,,,,,,,,,,,,,,,,,,,,"0009-0000-8940-8632","0009-0006-7557-7412",,,,,"161ee21a-7d32-400a-82f4-84933a282846"
"a19dd5b6-5008-4696-9f68-87b961a862a0","f8f61ab2-1b0e-42b6-9226-240193bdd1c6","NOGP_005.mammalGrid.mam","D09","NOGP","NOGP_005","G7","distributed","grasslandHerbaceous",46.788065,-100.913882,"WGS84",45.1,562.2,0.1,"6 - trap set and empty","ShermanLF","2025-07-15","2025-07-15",,,,,,,,,,,,,,,,,,,,,,,,,,,,,,,,,,,,,,,,,,,,,"0009-0006-6432-3978","0009-0002-2817-390X",,,,,"0a40bbfd-cb51-4ee9-a2f7-35957500bac1"
"0c545665-18bd-4477-9fcf-0996cd99164c","f8f61ab2-1b0e-42b6-9226-240193bdd1c6","NOGP_005.mammalGrid.mam","D09","NOGP","NOGP_005","E9","distributed","grasslandHerbaceous",46.788065,-100.913882,"WGS84",45.1,562.2,0.1,"5 - capture","ShermanLF","2025-07-15","2025-07-15","NEON.MAM.D09.R8306",,"PELE","Peromyscus leucopus","species","cf. species",,,,"N","F","N","processed",,"subadult",,"nonenlarged","not","neither",20,,,,16,"N","N","N",,"none","dry ice","NOGP.20250715.R8306.B","D00000199860","mandibular",,"NOGP.20250715.R8306.F","D00000245348","ok","NOGP.20250715.R8306.E","D00000245373","NOGP.20250715.R8306.H","A00000378795","hairAndWhisker",,,"0009-0006-6432-3978","0009-0002-2817-390X",,,,,"894952b6-3374-43cc-aefd-cdbbf302ab56"
"3f23f627-ed1b-494b-9e98-0e3df669940e","f8f61ab2-1b0e-42b6-9226-240193bdd1c6","NOGP_005.mammalGrid.mam","D09","NOGP","NOGP_005","J3","distributed","grasslandHerbaceous",46.788065,-100.913882,"WGS84",45.1,562.2,0.1,"6 - trap set and empty","ShermanLF","2025-07-15","2025-07-15",,,,,,,,,,,,,,,,,,,,,,,,,,,,,,,,,,,,,,,,,,,,,"0009-0006-6432-3978","0009-0002-2817-390X",,,,,"db66d2e4-16da-4a66-9ad4-e6d23d56b3f9"
"9adad604-2fc3-4ef6-abfa-840aa1c73abb","b692fa68-1fd8-4a88-b041-5c081de055a0","NOGP_007.mammalGrid.mam","D09","NOGP","NOGP_007","H2","distributed","grasslandHerbaceous",46.810415,-100.903576,"WGS84",45.1,519.6,0.1,"5 - capture","ShermanLF","2025-07-15","2025-07-15","NEON.MAM.D09.L8813",,"REME","Reithrodontomys megalotis","species",,,,,"N","M","N","processed",,"adult","nonscrotal",,,,16,,,,13,"N","N","N",,"none","dry ice",,,,,"NOGP.20250715.L8813.F","D00000197814","ok","NOGP.20250715.L8813.E","D00000197817","NOGP.20250715.L8813.H","A00000378859","hairAndWhisker",,,"0009-0000-8940-8632","0009-0006-7557-7412",,,,,"a776a593-aa72-4068-9c70-b58dccd2dd23"
"6372abc0-0daa-42dc-b050-ef86acd18a89","7d2fb23d-c551-4dab-bdb2-84cbd125f6ef","NOGP_002.mammalGrid.mam","D09","NOGP","NOGP_002","I3","distributed","grasslandHerbaceous",46.799664,-100.910770,"WGS84",45.1,547.4,0.1,"6 - trap set and empty","ShermanXLK","2025-07-15","2025-07-15",,,,,,,,,,,,,,,,,,,,,,,,,,,,,,,,,,,,,,,,,,,,,"0009-0000-8940-8632","0009-0000-9880-3001",,,,,"e522bcc0-4fc6-4938-a6a3-e3de08adc6cd"
"6d8df8b1-2047-4510-a62b-62dd2643082d","7d2fb23d-c551-4dab-bdb2-84cbd125f6ef","NOGP_002.mammalGrid.mam","D09","NOGP","NOGP_002","D8","distributed","grasslandHerbaceous",46.799664,-100.910770,"WGS84",45.1,547.4,0.1,"6 - trap set and empty","ShermanXLK","2025-07-15","2025-07-15",,,,,,,,,,,,,,,,,,,,,,,,,,,,,,,,,,,,,,,,,,,,,"0009-0000-8940-8632","0009-0000-9880-3001",,,,,"beef92fa-15c6-4ea9-b1ad-cc62d5f99051"
"3e24aafc-e096-4645-b925-5027631dee57","f5bf7fcb-c38c-4cb4-9904-a87f0594068d","NOGP_017.mammalGrid.mam","D09","NOGP","NOGP_017","I5","distributed","grasslandHerbaceous",46.791856,-100.918686,"WGS84",45.1,556.8,0.1,"6 - trap set and empty","ShermanXLK","2025-07-15","2025-07-15",,,,,,,,,,,,,,,,,,,,,,,,,,,,,,,,,,,,,,,,,,,,,"0009-0000-8940-8632","0009-0000-9880-3001",,,,,"4e8d1122-fb73-415b-a023-c2269d0b95ed"
"22ce6b32-f47f-47f8-ab3c-b4388baaf322","f8f61ab2-1b0e-42b6-9226-240193bdd1c6","NOGP_005.mammalGrid.mam","D09","NOGP","NOGP_005","B5","distributed","grasslandHerbaceous",46.788065,-100.913882,"WGS84",45.1,562.2,0.1,"6 - trap set and empty","ShermanLF","2025-07-15","2025-07-15",,,,,,,,,,,,,,,,,,,,,,,,,,,,,,,,,,,,,,,,,,,,,"0009-0006-6432-3978","0009-0002-2817-390X",,,,,"72cbe9f4-9e32-421c-96d7-b99ee2e761d1"
"580a6e1e-fa11-4045-9ef8-d5b3cddeb7f5","7d2fb23d-c551-4dab-bdb2-84cbd125f6ef","NOGP_002.mammalGrid.mam","D09","NOGP","NOGP_002","J6","distributed","grasslandHerbaceous",46.799664,-100.910770,"WGS84",45.1,547.4,0.1,"6 - trap set and empty","ShermanXLK","2025-07-15","2025-07-15",,,,,,,,,,,,,,,,,,,,,,,,,,,,,,,,,,,,,,,,,,,,,"0009-0000-8940-8632","0009-0000-9880-3001",,,,,"a1a7c580-dacc-4cda-96a8-ebb20fcd8a87"
"25cd5c51-8792-43f5-b4a6-425c3c85ff2e","f8f61ab2-1b0e-42b6-9226-240193bdd1c6","NOGP_005.mammalGrid.mam","D09","NOGP","NOGP_005","C5","distributed","grasslandHerbaceous",46.788065,-100.913882,"WGS84",45.1,562.2,0.1,"6 - trap set and empty","ShermanLF","2025-07-15","2025-07-15",,,,,,,,,,,,,,,,,,,,,,,,,,,,,,,,,,,,,,,,,,,,,"0009-0006-6432-3978","0009-0002-2817-390X",,,,,"35670ef5-590a-41fc-baa6-fe335a217a4b"
"c0079bcf-7433-4acd-a3fc-304229ef3733","f8f61ab2-1b0e-42b6-9226-240193bdd1c6","NOGP_005.mammalGrid.mam","D09","NOGP","NOGP_005","I6","distributed","grasslandHerbaceous",46.788065,-100.913882,"WGS84",45.1,562.2,0.1,"6 - trap set and empty","ShermanLF","2025-07-15","2025-07-15",,,,,,,,,,,,,,,,,,,,,,,,,,,,,,,,,,,,,,,,,,,,,"0009-0006-6432-3978","0009-0002-2817-390X",,,,,"9ffeb297-d0dc-45c0-9c9e-069b2329ac6c"
"34b1b323-de87-4587-8330-e2d3b730c549","7d2fb23d-c551-4dab-bdb2-84cbd125f6ef","NOGP_002.mammalGrid.mam","D09","NOGP","NOGP_002","B6","distributed","grasslandHerbaceous",46.799664,-100.910770,"WGS84",45.1,547.4,0.1,"6 - trap set and empty","ShermanXLK","2025-07-15","2025-07-15",,,,,,,,,,,,,,,,,,,,,,,,,,,,,,,,,,,,,,,,,,,,,"0009-0000-8940-8632","0009-0000-9880-3001",,,,,"e3fba4e4-0ec4-4eac-aac1-810e24ae9a1a"
"7c77bf5d-42be-4a1e-aa6d-c78ef42f94bb","7d2fb23d-c551-4dab-bdb2-84cbd125f6ef","NOGP_002.mammalGrid.mam","D09","NOGP","NOGP_002","D10","distributed","grasslandHerbaceous",46.799664,-100.910770,"WGS84",45.1,547.4,0.1,"6 - trap set and empty","ShermanXLK","2025-07-15","2025-07-15",,,,,,,,,,,,,,,,,,,,,,,,,,,,,,,,,,,,,,,,,,,,,"0009-0000-8940-8632","0009-0000-9880-3001",,,,,"46ddbeaa-c868-488d-8b73-16c59f60e50a"
"76381034-c9dd-4428-aadc-818f4b38d73f","f8f61ab2-1b0e-42b6-9226-240193bdd1c6","NOGP_005.mammalGrid.mam","D09","NOGP","NOGP_005","J2","distributed","grasslandHerbaceous",46.788065,-100.913882,"WGS84",45.1,562.2,0.1,"6 - trap set and empty","ShermanLF","2025-07-15","2025-07-15",,,,,,,,,,,,,,,,,,,,,,,,,,,,,,,,,,,,,,,,,,,,,"0009-0006-6432-3978","0009-0002-2817-390X",,,,,"ad79fc14-3a5e-4d92-aa08-9a2d853e4ad9"
"663052d5-921e-4826-931d-adf6d859c110","f5bf7fcb-c38c-4cb4-9904-a87f0594068d","NOGP_017.mammalGrid.mam","D09","NOGP","NOGP_017","J4","distributed","grasslandHerbaceous",46.791856,-100.918686,"WGS84",45.1,556.8,0.1,"6 - trap set and empty","ShermanXLK","2025-07-15","2025-07-15",,,,,,,,,,,,,,,,,,,,,,,,,,,,,,,,,,,,,,,,,,,,,"0009-0000-8940-8632","0009-0000-9880-3001",,,,,"7363f3ea-cd89-4334-9a68-7b526471c031"
"54816399-23e9-4339-978d-dbd63d01c058","f8f61ab2-1b0e-42b6-9226-240193bdd1c6","NOGP_005.mammalGrid.mam","D09","NOGP","NOGP_005","F7","distributed","grasslandHerbaceous",46.788065,-100.913882,"WGS84",45.1,562.2,0.1,"5 - capture","ShermanLF","2025-07-15","2025-07-15","NEON.MAM.D09.L9041",,"PELE","Peromyscus leucopus","species",,,,,"N","M","N","processed",,"adult","scrotal",,,,21,,,,21,"N","N","N",,"fleas","dry ice","NOGP.20250715.L9041.B","D00000245342","mandibular",,"NOGP.20250715.L9041.F","D00000245336","ok","NOGP.20250715.L9041.E","D00000245371","NOGP.20250715.L9041.H","A00000378789","hairAndWhisker",,,"0009-0006-6432-3978","0009-0002-2817-390X",,,,,"270cae41-c188-46e4-a5f8-6219999da887"
"6a020476-97e0-46ec-a3c4-0141afeb4792","f5bf7fcb-c38c-4cb4-9904-a87f0594068d","NOGP_017.mammalGrid.mam","D09","NOGP","NOGP_017","G4","distributed","grasslandHerbaceous",46.791856,-100.918686,"WGS84",45.1,556.8,0.1,"6 - trap set and empty","ShermanXLK","2025-07-15","2025-07-15",,,,,,,,,,,,,,,,,,,,,,,,,,,,,,,,,,,,,,,,,,,,,"0009-0000-8940-8632","0009-0000-9880-3001",,,,,"e72bdb05-423c-4884-a7e7-8476b1ccc061"
"c714db95-a921-42f2-8077-c0186ef0af18","b692fa68-1fd8-4a88-b041-5c081de055a0","NOGP_007.mammalGrid.mam","D09","NOGP","NOGP_007","H5","distributed","grasslandHerbaceous",46.810415,-100.903576,"WGS84",45.1,519.6,0.1,"6 - trap set and empty","ShermanLF","2025-07-15","2025-07-15",,,,,,,,,,,,,,,,,,,,,,,,,,,,,,,,,,,,,,,,,,,,,"0009-0000-8940-8632","0009-0006-7557-7412",,,,,"a82e3d16-49a9-4de9-9a65-a69fa80fc526"
"0c5ae81a-2c3b-4083-8d65-0d788b67e231","7d2fb23d-c551-4dab-bdb2-84cbd125f6ef","NOGP_002.mammalGrid.mam","D09","NOGP","NOGP_002","C3","distributed","grasslandHerbaceous",46.799664,-100.910770,"WGS84",45.1,547.4,0.1,"6 - trap set and empty","ShermanXLK","2025-07-15","2025-07-15",,,,,,,,,,,,,,,,,,,,,,,,,,,,,,,,,,,,,,,,,,,,,"0009-0000-8940-8632","0009-0000-9880-3001",,,,,"534d5e71-8ea4-47ff-9549-050f8acd5637"
"b0854513-aa00-4c19-a3eb-145be598f7b9","7d2fb23d-c551-4dab-bdb2-84cbd125f6ef","NOGP_002.mammalGrid.mam","D09","NOGP","NOGP_002","G8","distributed","grasslandHerbaceous",46.799664,-100.910770,"WGS84",45.1,547.4,0.1,"6 - trap set and empty","ShermanXLK","2025-07-15","2025-07-15",,,,,,,,,,,,,,,,,,,,,,,,,,,,,,,,,,,,,,,,,,,,,"0009-0000-8940-8632","0009-0000-9880-3001",,,,,"d0d4f33e-6ef2-4224-a089-39d433710d74"
"ca914bc3-cd44-4452-b1dd-caf77a6833e4","f8f61ab2-1b0e-42b6-9226-240193bdd1c6","NOGP_005.mammalGrid.mam","D09","NOGP","NOGP_005","D5","distributed","grasslandHerbaceous",46.788065,-100.913882,"WGS84",45.1,562.2,0.1,"6 - trap set and empty","ShermanLF","2025-07-15","2025-07-15",,,,,,,,,,,,,,,,,,,,,,,,,,,,,,,,,,,,,,,,,,,,,"0009-0006-6432-3978","0009-0002-2817-390X",,,,,"0e07fc08-159b-4b76-9932-5fcf523c8714"
"24913641-ce38-4f66-bc08-465de8217876","7d2fb23d-c551-4dab-bdb2-84cbd125f6ef","NOGP_002.mammalGrid.mam","D09","NOGP","NOGP_002","A6","distributed","grasslandHerbaceous",46.799664,-100.910770,"WGS84",45.1,547.4,0.1,"6 - trap set and empty","ShermanXLK","2025-07-15","2025-07-15",,,,,,,,,,,,,,,,,,,,,,,,,,,,,,,,,,,,,,,,,,,,,"0009-0000-8940-8632","0009-0000-9880-3001",,,,,"dee791bc-22d8-43bb-a889-c70f5c7dc58d"
"2b4f1954-5e8d-49bb-8574-1c07cc4a7c64","f8f61ab2-1b0e-42b6-9226-240193bdd1c6","NOGP_005.mammalGrid.mam","D09","NOGP","NOGP_005","G5","distributed","grasslandHerbaceous",46.788065,-100.913882,"WGS84",45.1,562.2,0.1,"6 - trap set and empty","ShermanLF","2025-07-15","2025-07-15",,,,,,,,,,,,,,,,,,,,,,,,,,,,,,,,,,,,,,,,,,,,,"0009-0006-6432-3978","0009-0002-2817-390X",,,,,"274caca6-9bf9-4e44-85ff-8517f508d63c"
"71fac3ac-85a6-4dce-bd55-90c361cb4d52","f5bf7fcb-c38c-4cb4-9904-a87f0594068d","NOGP_017.mammalGrid.mam","D09","NOGP","NOGP_017","F5","distributed","grasslandHerbaceous",46.791856,-100.918686,"WGS84",45.1,556.8,0.1,"3 - trap door open or closed w/ spoor left","ShermanXLK","2025-07-15","2025-07-15",,,,,,,,,,,,,,,,,,,,,,,,,,,,,"did not check","dry ice",,,,,,,,,,,,,,,"0009-0000-8940-8632","0009-0000-9880-3001",,,,,"b72178e7-6223-4f4a-b135-9823a335d9cb"
"09e46b99-43f3-46fa-8ec4-260ba4a805ac","f8f61ab2-1b0e-42b6-9226-240193bdd1c6","NOGP_005.mammalGrid.mam","D09","NOGP","NOGP_005","B4","distributed","grasslandHerbaceous",46.788065,-100.913882,"WGS84",45.1,562.2,0.1,"6 - trap set and empty","ShermanLF","2025-07-15","2025-07-15",,,,,,,,,,,,,,,,,,,,,,,,,,,,,,,,,,,,,,,,,,,,,"0009-0006-6432-3978","0009-0002-2817-390X",,,,,"99314040-fec1-47c8-9300-e3794bdeffd7"
"31030917-17ed-4068-bf27-012e1c75e43f","b692fa68-1fd8-4a88-b041-5c081de055a0","NOGP_007.mammalGrid.mam","D09","NOGP","NOGP_007","I5","distributed","grasslandHerbaceous",46.810415,-100.903576,"WGS84",45.1,519.6,0.1,"6 - trap set and empty","ShermanLF","2025-07-15","2025-07-15",,,,,,,,,,,,,,,,,,,,,,,,,,,,,,,,,,,,,,,,,,,,,"0009-0000-8940-8632","0009-0006-7557-7412",,,,,"e1711eaa-7b4b-4235-afc9-1fc9377e32f0"
"7af9e466-85d2-4ecc-b7da-78ec694abcd0","f5bf7fcb-c38c-4cb4-9904-a87f0594068d","NOGP_017.mammalGrid.mam","D09","NOGP","NOGP_017","D6","distributed","grasslandHerbaceous",46.791856,-100.918686,"WGS84",45.1,556.8,0.1,"6 - trap set and empty","ShermanXLK","2025-07-15","2025-07-15",,,,,,,,,,,,,,,,,,,,,,,,,,,,,,,,,,,,,,,,,,,,,"0009-0000-8940-8632","0009-0000-9880-3001",,,,,"d0e3c8b5-8099-4333-89f9-3f806f433c9b"
"2358a4cb-0d40-4d58-a59d-314ba9d509a2","f5bf7fcb-c38c-4cb4-9904-a87f0594068d","NOGP_017.mammalGrid.mam","D09","NOGP","NOGP_017","I1","distributed","grasslandHerbaceous",46.791856,-100.918686,"WGS84",45.1,556.8,0.1,"6 - trap set and empty","ShermanXLK","2025-07-15","2025-07-15",,,,,,,,,,,,,,,,,,,,,,,,,,,,,,,,,,,,,,,,,,,,,"0009-0000-8940-8632","0009-0000-9880-3001",,,,,"a7bb77d1-660f-44df-9233-f9d37d2c27d7"
"0d538dbf-7760-4cc4-8ffd-2a0945b9f328","f5bf7fcb-c38c-4cb4-9904-a87f0594068d","NOGP_017.mammalGrid.mam","D09","NOGP","NOGP_017","G5","distributed","grasslandHerbaceous",46.791856,-100.918686,"WGS84",45.1,556.8,0.1,"5 - capture","ShermanXLK","2025-07-15","2025-07-15","NEON.MAM.D09.R9179",,"MIPE","Microtus pennsylvanicus","species",,,,,"N","M","N","processed",,"adult","nonscrotal",,,,17,,,,37,"N","N","N",,"fleas","dry ice","NOGP.20250715.R9179.B","D00000245982","mandibular - QNS","10-20",,,,"NOGP.20250715.R9179.E","D00000245987","NOGP.20250715.R9179.H","A00000378836","hairAndWhisker",,,"0009-0000-8940-8632","0009-0000-9880-3001",,,,,"12c7ba65-afba-4877-8d83-84aeac8e8a8c"
"89c1f8b0-d67d-4990-b418-6d08e60f1735","ddb09535-e2ed-4c9e-9df4-c66ef123c0ed","NOGP_017.mammalGrid.mam","D09","NOGP","NOGP_017","I7","distributed","grasslandHerbaceous",46.791856,-100.918686,"WGS84",45.1,556.8,0.1,"6 - trap set and empty","ShermanXLK","2025-07-16","2025-07-16",,,,,,,,,,,,,,,,,,,,,,,,,,,,,,,,,,,,,,,,,,,,,"0009-0000-9880-3001","0009-0006-7557-7412",,,,,"ab3530c9-d5de-4c69-81bc-466fd28519a2"
"19f86db0-a7c9-413f-aa0b-fb80d6032e28","4962b092-6f8c-41ee-829d-9e2c964a3eca","NOGP_002.mammalGrid.mam","D09","NOGP","NOGP_002","F9","distributed","grasslandHerbaceous",46.799664,-100.910770,"WGS84",45.1,547.4,0.1,"5 - capture","ShermanXLK","2025-07-16","2025-07-16","NEON.MAM.D09.L8810",,"REME","Reithrodontomys megalotis","species",,,,,"N","M","Y","processed",,"adult","scrotal",,,,15,,,,11,"N","N","N",,"none","dry ice",,,,,"NOGP.20250716.L8810.F","D00000245976","ok",,,,,,,,"0009-0000-8940-8632","0009-0000-9880-3001",,,,,"8f53ce13-6ea5-4c9c-9945-ad3ac926dbfb"
"3b43a2bf-b0dd-400c-95db-e071d92a3589","ddb09535-e2ed-4c9e-9df4-c66ef123c0ed","NOGP_017.mammalGrid.mam","D09","NOGP","NOGP_017","E1","distributed","grasslandHerbaceous",46.791856,-100.918686,"WGS84",45.1,556.8,0.1,"6 - trap set and empty","ShermanXLK","2025-07-16","2025-07-16",,,,,,,,,,,,,,,,,,,,,,,,,,,,,,,,,,,,,,,,,,,,,"0009-0000-9880-3001","0009-0006-7557-7412",,,,,"5230eac5-ddaa-438b-92ce-5d78842b8203"
"c5edfe2b-b374-4e03-b4e2-132d8c9c272f","4962b092-6f8c-41ee-829d-9e2c964a3eca","NOGP_002.mammalGrid.mam","D09","NOGP","NOGP_002","D8","distributed","grasslandHerbaceous",46.799664,-100.910770,"WGS84",45.1,547.4,0.1,"6 - trap set and empty","ShermanXLK","2025-07-16","2025-07-16",,,,,,,,,,,,,,,,,,,,,,,,,,,,,,,,,,,,,,,,,,,,,"0009-0000-8940-8632","0009-0000-9880-3001",,,,,"a90ea3e1-3d64-4329-83f6-78e8f6a2900c"
"b5704a54-2ea4-4fcf-9e93-d6328603b809","c4b86d9d-a115-4a0a-bde6-418364390020","NOGP_005.mammalGrid.mam","D09","NOGP","NOGP_005","H6","distributed","grasslandHerbaceous",46.788065,-100.913882,"WGS84",45.1,562.2,0.1,"6 - trap set and empty","ShermanLF","2025-07-16","2025-07-16",,,,,,,,,,,,,,,,,,,,,,,,,,,,,,,,,,,,,,,,,,,,,"0009-0006-6432-3978","0009-0002-2817-390X",,,,,"7bbf1e62-8711-4ff7-936e-6a22b3ad51e2"
"f62ea644-7d62-478a-bbd5-c5177696b63e","c4b86d9d-a115-4a0a-bde6-418364390020","NOGP_005.mammalGrid.mam","D09","NOGP","NOGP_005","A3","distributed","grasslandHerbaceous",46.788065,-100.913882,"WGS84",45.1,562.2,0.1,"6 - trap set and empty","ShermanLF","2025-07-16","2025-07-16",,,,,,,,,,,,,,,,,,,,,,,,,,,,,,,,,,,,,,,,,,,,,"0009-0006-6432-3978","0009-0002-2817-390X",,,,,"f22f49dc-3cb9-451f-9981-8249b28eabf2"
"ac2184a3-9565-4861-b423-cab03b26ce61","c4b86d9d-a115-4a0a-bde6-418364390020","NOGP_005.mammalGrid.mam","D09","NOGP","NOGP_005","A8","distributed","grasslandHerbaceous",46.788065,-100.913882,"WGS84",45.1,562.2,0.1,"6 - trap set and empty","ShermanLF","2025-07-16","2025-07-16",,,,,,,,,,,,,,,,,,,,,,,,,,,,,,,,,,,,,,,,,,,,,"0009-0006-6432-3978","0009-0002-2817-390X",,,,,"13611c88-d73a-4dbc-8b94-2cd04230f758"
"670bcdfd-6948-4480-8a35-36742573b944","c4b86d9d-a115-4a0a-bde6-418364390020","NOGP_005.mammalGrid.mam","D09","NOGP","NOGP_005","J5","distributed","grasslandHerbaceous",46.788065,-100.913882,"WGS84",45.1,562.2,0.1,"6 - trap set and empty","ShermanLF","2025-07-16","2025-07-16",,,,,,,,,,,,,,,,,,,,,,,,,,,,,,,,,,,,,,,,,,,,,"0009-0006-6432-3978","0009-0002-2817-390X",,,,,"648c07c1-1eb1-423d-af33-196ebfc3b35a"
"2059eb2a-e92e-4da6-aa51-ebb7d192198c","e10ac638-eec7-424b-93b7-862575cabfb7","NOGP_009.mammalGrid.mam","D09","NOGP","NOGP_009","A3","distributed","grasslandHerbaceous",46.800461,-100.914403,"WGS84",45.1,541.0,0.1,"6 - trap set and empty","ShermanLF","2025-07-16","2025-07-16",,,,,,,,,,,,,,,,,,,,,,,,,,,,,,,,,,,,,,,,,,,,,"0009-0000-8940-8632","0009-0000-9880-3001",,,,,"59c805de-39dc-4b6f-b40a-18bd44c63534"
"3c0ad265-686e-499b-8cc2-42299f2d4e7e","e10ac638-eec7-424b-93b7-862575cabfb7","NOGP_009.mammalGrid.mam","D09","NOGP","NOGP_009","F1","distributed","grasslandHerbaceous",46.800461,-100.914403,"WGS84",45.1,541.0,0.1,"6 - trap set and empty","ShermanLF","2025-07-16","2025-07-16",,,,,,,,,,,,,,,,,,,,,,,,,,,,,,,,,,,,,,,,,,,,,"0009-0000-8940-8632","0009-0000-9880-3001",,,,,"2a8fd458-b814-4c2e-8612-9d3573add9f1"
"826974d7-811e-48d7-a7a9-b6c011cbea7d","4962b092-6f8c-41ee-829d-9e2c964a3eca","NOGP_002.mammalGrid.mam","D09","NOGP","NOGP_002","I8","distributed","grasslandHerbaceous",46.799664,-100.910770,"WGS84",45.1,547.4,0.1,"6 - trap set and empty","ShermanXLK","2025-07-16","2025-07-16",,,,,,,,,,,,,,,,,,,,,,,,,,,,,,,,,,,,,,,,,,,,,"0009-0000-8940-8632","0009-0000-9880-3001",,,,,"7f8bb77c-58f2-4e0e-be1e-0cbb36c37809"
"8c2ef3b6-48d0-4b6a-8868-b2e2061435a4","e10ac638-eec7-424b-93b7-862575cabfb7","NOGP_009.mammalGrid.mam","D09","NOGP","NOGP_009","G6","distributed","grasslandHerbaceous",46.800461,-100.914403,"WGS84",45.1,541.0,0.1,"6 - trap set and empty","ShermanLF","2025-07-16","2025-07-16",,,,,,,,,,,,,,,,,,,,,,,,,,,,,,,,,,,,,,,,,,,,,"0009-0000-8940-8632","0009-0000-9880-3001",,,,,"619c6594-8ad9-456e-888a-26f791cc5b5e"
"8142ac66-3932-418a-827e-3541b43226af","e10ac638-eec7-424b-93b7-862575cabfb7","NOGP_009.mammalGrid.mam","D09","NOGP","NOGP_009","H9","distributed","grasslandHerbaceous",46.800461,-100.914403,"WGS84",45.1,541.0,0.1,"6 - trap set and empty","ShermanLF","2025-07-16","2025-07-16",,,,,,,,,,,,,,,,,,,,,,,,,,,,,,,,,,,,,,,,,,,,,"0009-0000-8940-8632","0009-0000-9880-3001",,,,,"0532b42a-3ddc-403d-894c-7979fba787d4"
"12351467-9cb5-4c6c-8f16-34183f2b77ed","c4b86d9d-a115-4a0a-bde6-418364390020","NOGP_005.mammalGrid.mam","D09","NOGP","NOGP_005","E1","distributed","grasslandHerbaceous",46.788065,-100.913882,"WGS84",45.1,562.2,0.1,"6 - trap set and empty","ShermanLF","2025-07-16","2025-07-16",,,,,,,,,,,,,,,,,,,,,,,,,,,,,,,,,,,,,,,,,,,,,"0009-0006-6432-3978","0009-0002-2817-390X",,,,,"66b13d53-85cd-42c7-a397-57e72741124b"
"0678ee94-b62f-49ab-b62c-a436851f946e","ddb09535-e2ed-4c9e-9df4-c66ef123c0ed","NOGP_017.mammalGrid.mam","D09","NOGP","NOGP_017","B9","distributed","grasslandHerbaceous",46.791856,-100.918686,"WGS84",45.1,556.8,0.1,"6 - trap set and empty","ShermanXLK","2025-07-16","2025-07-16",,,,,,,,,,,,,,,,,,,,,,,,,,,,,,,,,,,,,,,,,,,,,"0009-0000-9880-3001","0009-0006-7557-7412",,,,,"a6d6f69f-64fa-4ef0-9a76-a6484f1aa34b"
"b2ed106a-d9ad-412f-9386-b46ccfc481be","e10ac638-eec7-424b-93b7-862575cabfb7","NOGP_009.mammalGrid.mam","D09","NOGP","NOGP_009","A1","distributed","grasslandHerbaceous",46.800461,-100.914403,"WGS84",45.1,541.0,0.1,"6 - trap set and empty","ShermanLF","2025-07-16","2025-07-16",,,,,,,,,,,,,,,,,,,,,,,,,,,,,,,,,,,,,,,,,,,,,"0009-0000-8940-8632","0009-0000-9880-3001",,,,,"e8a53022-c224-4e8d-bf00-9cb5514c5a0c"
"73025541-2d6c-40b6-af4e-cb1c5574db91","e10ac638-eec7-424b-93b7-862575cabfb7","NOGP_009.mammalGrid.mam","D09","NOGP","NOGP_009","C3","distributed","grasslandHerbaceous",46.800461,-100.914403,"WGS84",45.1,541.0,0.1,"6 - trap set and empty","ShermanLF","2025-07-16","2025-07-16",,,,,,,,,,,,,,,,,,,,,,,,,,,,,,,,,,,,,,,,,,,,,"0009-0000-8940-8632","0009-0000-9880-3001",,,,,"9ebc2288-234a-4d79-a238-a4e591d1f8fc"
"fea09bb2-6fab-4b7d-b3e5-bb11b5fc1d2c","4962b092-6f8c-41ee-829d-9e2c964a3eca","NOGP_002.mammalGrid.mam","D09","NOGP","NOGP_002","F7","distributed","grasslandHerbaceous",46.799664,-100.910770,"WGS84",45.1,547.4,0.1,"6 - trap set and empty","ShermanXLK","2025-07-16","2025-07-16",,,,,,,,,,,,,,,,,,,,,,,,,,,,,,,,,,,,,,,,,,,,,"0009-0000-8940-8632","0009-0000-9880-3001",,,,,"bbc75591-8136-4bda-9642-4190eb7e9d44"
"255dc011-7dab-4d5d-871d-bdc205eaefad","ddb09535-e2ed-4c9e-9df4-c66ef123c0ed","NOGP_017.mammalGrid.mam","D09","NOGP","NOGP_017","I2","distributed","grasslandHerbaceous",46.791856,-100.918686,"WGS84",45.1,556.8,0.1,"6 - trap set and empty","ShermanXLK","2025-07-16","2025-07-16",,,,,,,,,,,,,,,,,,,,,,,,,,,,,,,,,,,,,,,,,,,,,"0009-0000-9880-3001","0009-0006-7557-7412",,,,,"51b3cb4b-56ff-4e72-bd60-768f10a43bf2"
"0337648f-e5e4-4255-8c72-8876ca6fbe6e","c4b86d9d-a115-4a0a-bde6-418364390020","NOGP_005.mammalGrid.mam","D09","NOGP","NOGP_005","I7","distributed","grasslandHerbaceous",46.788065,-100.913882,"WGS84",45.1,562.2,0.1,"6 - trap set and empty","ShermanLF","2025-07-16","2025-07-16",,,,,,,,,,,,,,,,,,,,,,,,,,,,,,,,,,,,,,,,,,,,,"0009-0006-6432-3978","0009-0002-2817-390X",,,,,"3efb65ba-0a85-4f99-a49f-ac6a381b7dd6"
"ad7abd4d-553c-4bb3-bb3d-8836450a833a","4962b092-6f8c-41ee-829d-9e2c964a3eca","NOGP_002.mammalGrid.mam","D09","NOGP","NOGP_002","B1","distributed","grasslandHerbaceous",46.799664,-100.910770,"WGS84",45.1,547.4,0.1,"6 - trap set and empty","ShermanXLK","2025-07-16","2025-07-16",,,,,,,,,,,,,,,,,,,,,,,,,,,,,,,,,,,,,,,,,,,,,"0009-0000-8940-8632","0009-0000-9880-3001",,,,,"5d78d09d-a408-4982-9d53-0b8b43ccb072"
"64723d19-9610-48f2-8312-c7759b2eb895","ddb09535-e2ed-4c9e-9df4-c66ef123c0ed","NOGP_017.mammalGrid.mam","D09","NOGP","NOGP_017","H2","distributed","grasslandHerbaceous",46.791856,-100.918686,"WGS84",45.1,556.8,0.1,"6 - trap set and empty","ShermanXLK","2025-07-16","2025-07-16",,,,,,,,,,,,,,,,,,,,,,,,,,,,,,,,,,,,,,,,,,,,,"0009-0000-9880-3001","0009-0006-7557-7412",,,,,"058f62ee-81b1-40cb-87c0-3ea83defdcc2"
"5e700c4c-7a2f-4939-aaab-98b19d019070","c4b86d9d-a115-4a0a-bde6-418364390020","NOGP_005.mammalGrid.mam","D09","NOGP","NOGP_005","C8","distributed","grasslandHerbaceous",46.788065,-100.913882,"WGS84",45.1,562.2,0.1,"5 - capture","ShermanLF","2025-07-16","2025-07-16","NEON.MAM.D09.L8316",,"PEMA","Peromyscus maniculatus","species",,,,,"N","F","Y","processed",,"adult",,,"not","neither",18,,,,18,"N","N","N",,"fleas","dry ice",,,,,,,,,,,,,,,"0009-0006-6432-3978","0009-0002-2817-390X",,,,,"beabc4b4-b5fb-4512-8434-486425a54cbb"
"8d471777-584d-4086-96a3-778ccd242e2d","e10ac638-eec7-424b-93b7-862575cabfb7","NOGP_009.mammalGrid.mam","D09","NOGP","NOGP_009","E4","distributed","grasslandHerbaceous",46.800461,-100.914403,"WGS84",45.1,541.0,0.1,"3 - trap door open or closed w/ spoor left","ShermanLF","2025-07-16","2025-07-16",,,,,,,,,,,,,,,,,,,,,,,,,,,,,"did not check","dry ice",,,,,,,,,,,,,,,"0009-0000-8940-8632","0009-0000-9880-3001",,,,,"b73fe672-c98d-4ca1-bb70-2c5df84cd441"
"de575cc0-23c6-43c5-93a0-7e6124162bc9","ddb09535-e2ed-4c9e-9df4-c66ef123c0ed","NOGP_017.mammalGrid.mam","D09","NOGP","NOGP_017","E5","distributed","grasslandHerbaceous",46.791856,-100.918686,"WGS84",45.1,556.8,0.1,"5 - capture","ShermanXLK","2025-07-16","2025-07-16","NEON.MAM.D09.L8845",,"MIPE","Microtus pennsylvanicus","species",,,,,"N","M","N","processed",,"adult","nonscrotal",,,,17,,,,24,"N","N","N",,"none","dry ice","NOGP.20250716.L8845.B","D00000245979","mandibular",,,,,"NOGP.20250716.L8845.E","D00000245963","NOGP.20250716.L8845.H","A00000378856","hairAndWhisker",,,"0009-0000-9880-3001","0009-0006-7557-7412",,,,,"02dbd631-72c4-496c-821d-6b50b329f958"
"19a6f124-8b88-4de3-bad9-ccefa860a2cc","c4b86d9d-a115-4a0a-bde6-418364390020","NOGP_005.mammalGrid.mam","D09","NOGP","NOGP_005","J6","distributed","grasslandHerbaceous",46.788065,-100.913882,"WGS84",45.1,562.2,0.1,"6 - trap set and empty","ShermanLF","2025-07-16","2025-07-16",,,,,,,,,,,,,,,,,,,,,,,,,,,,,,,,,,,,,,,,,,,,,"0009-0006-6432-3978","0009-0002-2817-390X",,,,,"87704cba-63f4-4042-937a-b29f68ce8452"
"0a562064-0ab8-4ce0-b540-0aa7f5cb437c","4962b092-6f8c-41ee-829d-9e2c964a3eca","NOGP_002.mammalGrid.mam","D09","NOGP","NOGP_002","C9","distributed","grasslandHerbaceous",46.799664,-100.910770,"WGS84",45.1,547.4,0.1,"6 - trap set and empty","ShermanXLK","2025-07-16","2025-07-16",,,,,,,,,,,,,,,,,,,,,,,,,,,,,,,,,,,,,,,,,,,,,"0009-0000-8940-8632","0009-0000-9880-3001",,,,,"b11c130b-3b1b-4d55-b47c-3231743ea6f7"
"94ad6380-4a73-482d-b9b5-5327c38f9f2d","4962b092-6f8c-41ee-829d-9e2c964a3eca","NOGP_002.mammalGrid.mam","D09","NOGP","NOGP_002","I6","distributed","grasslandHerbaceous",46.799664,-100.910770,"WGS84",45.1,547.4,0.1,"3 - trap door open or closed w/ spoor left","ShermanXLK","2025-07-16","2025-07-16",,,,,,,,,,,,,,,,,,,,,,,,,,,,,"did not check","dry ice",,,,,,,,,,,,,,,"0009-0000-8940-8632","0009-0000-9880-3001",,,,,"87400f93-0158-404b-b196-d146ff35a663"
"be2d6309-2c18-4dcb-984a-c628e1b55bea","c4b86d9d-a115-4a0a-bde6-418364390020","NOGP_005.mammalGrid.mam","D09","NOGP","NOGP_005","D3","distributed","grasslandHerbaceous",46.788065,-100.913882,"WGS84",45.1,562.2,0.1,"6 - trap set and empty","ShermanLF","2025-07-16","2025-07-16",,,,,,,,,,,,,,,,,,,,,,,,,,,,,,,,,,,,,,,,,,,,,"0009-0006-6432-3978","0009-0002-2817-390X",,,,,"99d71fc4-1f9c-41c5-b9f8-45b6621f4c4a"
"a439b962-f5d9-466a-b615-d1b50df30b7f","ddb09535-e2ed-4c9e-9df4-c66ef123c0ed","NOGP_017.mammalGrid.mam","D09","NOGP","NOGP_017","J8","distributed","grasslandHerbaceous",46.791856,-100.918686,"WGS84",45.1,556.8,0.1,"6 - trap set and empty","ShermanXLK","2025-07-16","2025-07-16",,,,,,,,,,,,,,,,,,,,,,,,,,,,,,,,,,,,,,,,,,,,,"0009-0000-9880-3001","0009-0006-7557-7412",,,,,"7a57eb0d-4982-42db-9122-4fc349e9d7ab"
"cd873465-73ae-4857-81fb-29f5dc5e5e89","e10ac638-eec7-424b-93b7-862575cabfb7","NOGP_009.mammalGrid.mam","D09","NOGP","NOGP_009","D1","distributed","grasslandHerbaceous",46.800461,-100.914403,"WGS84",45.1,541.0,0.1,"6 - trap set and empty","ShermanLF","2025-07-16","2025-07-16",,,,,,,,,,,,,,,,,,,,,,,,,,,,,,,,,,,,,,,,,,,,,"0009-0000-8940-8632","0009-0000-9880-3001",,,,,"a67be904-21be-43fa-bd02-b5f8e6391514"
"e178e758-806f-4fe1-bb51-ca9f2dd7aff5","4962b092-6f8c-41ee-829d-9e2c964a3eca","NOGP_002.mammalGrid.mam","D09","NOGP","NOGP_002","F3","distributed","grasslandHerbaceous",46.799664,-100.910770,"WGS84",45.1,547.4,0.1,"6 - trap set and empty","ShermanXLK","2025-07-16","2025-07-16",,,,,,,,,,,,,,,,,,,,,,,,,,,,,,,,,,,,,,,,,,,,,"0009-0000-8940-8632","0009-0000-9880-3001",,,,,"20e04d98-f5a0-42a9-af6f-3453411ee09d"
"1b03f1c8-973d-49a0-8a90-0987236c0465","e10ac638-eec7-424b-93b7-862575cabfb7","NOGP_009.mammalGrid.mam","D09","NOGP","NOGP_009","A5","distributed","grasslandHerbaceous",46.800461,-100.914403,"WGS84",45.1,541.0,0.1,"6 - trap set and empty","ShermanLF","2025-07-16","2025-07-16",,,,,,,,,,,,,,,,,,,,,,,,,,,,,,,,,,,,,,,,,,,,,"0009-0000-8940-8632","0009-0000-9880-3001",,,,,"3d9fc304-4eb0-44dd-a48b-45cbd499cb4e"
"70804858-4df0-46cb-b720-d9f6da3a949e","e10ac638-eec7-424b-93b7-862575cabfb7","NOGP_009.mammalGrid.mam","D09","NOGP","NOGP_009","F3","distributed","grasslandHerbaceous",46.800461,-100.914403,"WGS84",45.1,541.0,0.1,"6 - trap set and empty","ShermanLF","2025-07-16","2025-07-16",,,,,,,,,,,,,,,,,,,,,,,,,,,,,,,,,,,,,,,,,,,,,"0009-0000-8940-8632","0009-0000-9880-3001",,,,,"6c910234-df13-4cf6-8d5c-5f1b2040ee9c"
"a9bd1c86-0b7c-4575-a6df-102350d3a1b1","c4b86d9d-a115-4a0a-bde6-418364390020","NOGP_005.mammalGrid.mam","D09","NOGP","NOGP_005","G10","distributed","grasslandHerbaceous",46.788065,-100.913882,"WGS84",45.1,562.2,0.1,"6 - trap set and empty","ShermanLF","2025-07-16","2025-07-16",,,,,,,,,,,,,,,,,,,,,,,,,,,,,,,,,,,,,,,,,,,,,"0009-0006-6432-3978","0009-0002-2817-390X",,,,,"57ef9e85-c55b-4d7a-b05b-e80bf48edd5d"
"346ece74-5ebb-404d-a132-c6df79cd6c35","e10ac638-eec7-424b-93b7-862575cabfb7","NOGP_009.mammalGrid.mam","D09","NOGP","NOGP_009","B4","distributed","grasslandHerbaceous",46.800461,-100.914403,"WGS84",45.1,541.0,0.1,"6 - trap set and empty","ShermanLF","2025-07-16","2025-07-16",,,,,,,,,,,,,,,,,,,,,,,,,,,,,,,,,,,,,,,,,,,,,"0009-0000-8940-8632","0009-0000-9880-3001",,,,,"618d363f-ed14-4dc8-82aa-12aa0143ece3"
"13ee34a9-a3d5-4001-a539-a18313124803","ddb09535-e2ed-4c9e-9df4-c66ef123c0ed","NOGP_017.mammalGrid.mam","D09","NOGP","NOGP_017","G9","distributed","grasslandHerbaceous",46.791856,-100.918686,"WGS84",45.1,556.8,0.1,"6 - trap set and empty","ShermanXLK","2025-07-16","2025-07-16",,,,,,,,,,,,,,,,,,,,,,,,,,,,,,,,,,,,,,,,,,,,,"0009-0000-9880-3001","0009-0006-7557-7412",,,,,"a7bb8902-53b5-4cff-bc73-512ec562c39a"
"1c695711-dcfc-404f-b365-c609b679e582","4962b092-6f8c-41ee-829d-9e2c964a3eca","NOGP_002.mammalGrid.mam","D09","NOGP","NOGP_002","F1","distributed","grasslandHerbaceous",46.799664,-100.910770,"WGS84",45.1,547.4,0.1,"6 - trap set and empty","ShermanXLK","2025-07-16","2025-07-16",,,,,,,,,,,,,,,,,,,,,,,,,,,,,,,,,,,,,,,,,,,,,"0009-0000-8940-8632","0009-0000-9880-3001",,,,,"d88dc684-0caf-423f-bbe8-681fbb0a07c6"
"f44b4bfc-3c6b-4ab7-ac2a-d225bd93eab3","c4b86d9d-a115-4a0a-bde6-418364390020","NOGP_005.mammalGrid.mam","D09","NOGP","NOGP_005","I1","distributed","grasslandHerbaceous",46.788065,-100.913882,"WGS84",45.1,562.2,0.1,"6 - trap set and empty","ShermanLF","2025-07-16","2025-07-16",,,,,,,,,,,,,,,,,,,,,,,,,,,,,,,,,,,,,,,,,,,,,"0009-0006-6432-3978","0009-0002-2817-390X",,,,,"73d45ea3-f978-4e9a-a4e2-2e77ae9487a6"
"a8cee8a8-9805-4467-b1f3-82b0ed902d91","4962b092-6f8c-41ee-829d-9e2c964a3eca","NOGP_002.mammalGrid.mam","D09","NOGP","NOGP_002","A5","distributed","grasslandHerbaceous",46.799664,-100.910770,"WGS84",45.1,547.4,0.1,"6 - trap set and empty","ShermanXLK","2025-07-16","2025-07-16",,,,,,,,,,,,,,,,,,,,,,,,,,,,,,,,,,,,,,,,,,,,,"0009-0000-8940-8632","0009-0000-9880-3001",,,,,"72fb34a6-fd98-422c-921b-b87209364eb4"
"2e6c6636-9922-4170-8064-8313ecb1c9c4","e10ac638-eec7-424b-93b7-862575cabfb7","NOGP_009.mammalGrid.mam","D09","NOGP","NOGP_009","E6","distributed","grasslandHerbaceous",46.800461,-100.914403,"WGS84",45.1,541.0,0.1,"6 - trap set and empty","ShermanLF","2025-07-16","2025-07-16",,,,,,,,,,,,,,,,,,,,,,,,,,,,,"did not check","dry ice",,,,,,,,,,,,,,,"0009-0000-8940-8632","0009-0000-9880-3001",,,,,"87203676-459b-41d3-ab69-c0af8691bb73"
"1edb558d-eb6c-43c3-b93b-f7e298347c7b","4962b092-6f8c-41ee-829d-9e2c964a3eca","NOGP_002.mammalGrid.mam","D09","NOGP","NOGP_002","C1","distributed","grasslandHerbaceous",46.799664,-100.910770,"WGS84",45.1,547.4,0.1,"6 - trap set and empty","ShermanXLK","2025-07-16","2025-07-16",,,,,,,,,,,,,,,,,,,,,,,,,,,,,,,,,,,,,,,,,,,,,"0009-0000-8940-8632","0009-0000-9880-3001",,,,,"a60d4a10-2556-4e1a-80d1-3100f7997226"
"91ebf1c9-5e2b-4aa2-b34d-7b059c978c2f","c4b86d9d-a115-4a0a-bde6-418364390020","NOGP_005.mammalGrid.mam","D09","NOGP","NOGP_005","G7","distributed","grasslandHerbaceous",46.788065,-100.913882,"WGS84",45.1,562.2,0.1,"6 - trap set and empty","ShermanLF","2025-07-16","2025-07-16",,,,,,,,,,,,,,,,,,,,,,,,,,,,,,,,,,,,,,,,,,,,,"0009-0006-6432-3978","0009-0002-2817-390X",,,,,"2045ad08-d8db-497e-b568-b862754ac50a"
"44ee5518-2afd-4895-bb35-9e182783d8f5","e10ac638-eec7-424b-93b7-862575cabfb7","NOGP_009.mammalGrid.mam","D09","NOGP","NOGP_009","E3","distributed","grasslandHerbaceous",46.800461,-100.914403,"WGS84",45.1,541.0,0.1,"6 - trap set and empty","ShermanLF","2025-07-16","2025-07-16",,,,,,,,,,,,,,,,,,,,,,,,,,,,,,,,,,,,,,,,,,,,,"0009-0000-8940-8632","0009-0000-9880-3001",,,,,"d2125785-abeb-4b77-b70f-4cfa80d38271"
"d8285a34-9d87-4b6b-8907-6689e22412c3","ddb09535-e2ed-4c9e-9df4-c66ef123c0ed","NOGP_017.mammalGrid.mam","D09","NOGP","NOGP_017","I5","distributed","grasslandHerbaceous",46.791856,-100.918686,"WGS84",45.1,556.8,0.1,"6 - trap set and empty","ShermanXLK","2025-07-16","2025-07-16",,,,,,,,,,,,,,,,,,,,,,,,,,,,,,,,,,,,,,,,,,,,,"0009-0000-9880-3001","0009-0006-7557-7412",,,,,"07e42202-da00-4de6-9164-581b2bcc93ea"
"4bf4bd37-930a-4b15-a7c8-4b51a8c8d0ba","ddb09535-e2ed-4c9e-9df4-c66ef123c0ed","NOGP_017.mammalGrid.mam","D09","NOGP","NOGP_017","J10","distributed","grasslandHerbaceous",46.791856,-100.918686,"WGS84",45.1,556.8,0.1,"6 - trap set and empty","ShermanXLK","2025-07-16","2025-07-16",,,,,,,,,,,,,,,,,,,,,,,,,,,,,,,,,,,,,,,,,,,,,"0009-0000-9880-3001","0009-0006-7557-7412",,,,,"8be5159c-eb27-47dc-a76e-875541a79de0"
"2286fc65-a657-4023-a392-8919d858ef04","4962b092-6f8c-41ee-829d-9e2c964a3eca","NOGP_002.mammalGrid.mam","D09","NOGP","NOGP_002","F4","distributed","grasslandHerbaceous",46.799664,-100.910770,"WGS84",45.1,547.4,0.1,"6 - trap set and empty","ShermanXLK","2025-07-16","2025-07-16",,,,,,,,,,,,,,,,,,,,,,,,,,,,,,,,,,,,,,,,,,,,,"0009-0000-8940-8632","0009-0000-9880-3001",,,,,"5f59df94-5995-4b08-a369-4a6e3977bf2a"
"0c877893-b43d-4745-b999-70e82a262da1","c4b86d9d-a115-4a0a-bde6-418364390020","NOGP_005.mammalGrid.mam","D09","NOGP","NOGP_005","J2","distributed","grasslandHerbaceous",46.788065,-100.913882,"WGS84",45.1,562.2,0.1,"6 - trap set and empty","ShermanLF","2025-07-16","2025-07-16",,,,,,,,,,,,,,,,,,,,,,,,,,,,,,,,,,,,,,,,,,,,,"0009-0006-6432-3978","0009-0002-2817-390X",,,,,"6d787bf8-1376-4ba1-8fa6-5bc2437eed10"
"236825a2-2a4c-439e-9260-327a816c224d","c4b86d9d-a115-4a0a-bde6-418364390020","NOGP_005.mammalGrid.mam","D09","NOGP","NOGP_005","E7","distributed","grasslandHerbaceous",46.788065,-100.913882,"WGS84",45.1,562.2,0.1,"5 - capture","ShermanLF","2025-07-16","2025-07-16","NEON.MAM.D09.L8432",,"PELE","Peromyscus leucopus","species",,,,,"N","F","Y","processed",,"adult",,"nonenlarged","not",,21,,,,24,"N","N","N",,"none","dry ice",,,,,,,,,,,,,,,"0009-0006-6432-3978","0009-0002-2817-390X",,,,,"d263797c-8cef-48c5-ac18-4b4354ca84a9"
"09a7fa19-fa77-4237-a7ad-81fe6f1e68c2","4962b092-6f8c-41ee-829d-9e2c964a3eca","NOGP_002.mammalGrid.mam","D09","NOGP","NOGP_002","E1","distributed","grasslandHerbaceous",46.799664,-100.910770,"WGS84",45.1,547.4,0.1,"6 - trap set and empty","ShermanXLK","2025-07-16","2025-07-16",,,,,,,,,,,,,,,,,,,,,,,,,,,,,,,,,,,,,,,,,,,,,"0009-0000-8940-8632","0009-0000-9880-3001",,,,,"c9a3de01-73d4-4c06-a42a-e5a012b497dc"
"17c856a1-1ea8-4fcf-afb4-4564cd5794a4","4962b092-6f8c-41ee-829d-9e2c964a3eca","NOGP_002.mammalGrid.mam","D09","NOGP","NOGP_002","G2","distributed","grasslandHerbaceous",46.799664,-100.910770,"WGS84",45.1,547.4,0.1,"6 - trap set and empty","ShermanXLK","2025-07-16","2025-07-16",,,,,,,,,,,,,,,,,,,,,,,,,,,,,,,,,,,,,,,,,,,,,"0009-0000-8940-8632","0009-0000-9880-3001",,,,,"e864c1ab-d1d8-441f-889c-0ee6790ad2e5"
"10aea131-5944-4a30-8f95-f05342165d54","ddb09535-e2ed-4c9e-9df4-c66ef123c0ed","NOGP_017.mammalGrid.mam","D09","NOGP","NOGP_017","F6","distributed","grasslandHerbaceous",46.791856,-100.918686,"WGS84",45.1,556.8,0.1,"6 - trap set and empty","ShermanXLK","2025-07-16","2025-07-16",,,,,,,,,,,,,,,,,,,,,,,,,,,,,,,,,,,,,,,,,,,,,"0009-0000-9880-3001","0009-0006-7557-7412",,,,,"da359d21-86a4-41f3-8c5e-250105c79f5d"
"e646faa9-3f72-4ce2-a701-b70d28aa2696","e10ac638-eec7-424b-93b7-862575cabfb7","NOGP_009.mammalGrid.mam","D09","NOGP","NOGP_009","F4","distributed","grasslandHerbaceous",46.800461,-100.914403,"WGS84",45.1,541.0,0.1,"6 - trap set and empty","ShermanLF","2025-07-16","2025-07-16",,,,,,,,,,,,,,,,,,,,,,,,,,,,,,,,,,,,,,,,,,,,,"0009-0000-8940-8632","0009-0000-9880-3001",,,,,"608bd760-d880-4074-b2c5-e5bc0c1bb5dd"
"6715669e-0868-4409-95b9-ce06ad6c0079","e10ac638-eec7-424b-93b7-862575cabfb7","NOGP_009.mammalGrid.mam","D09","NOGP","NOGP_009","E7","distributed","grasslandHerbaceous",46.800461,-100.914403,"WGS84",45.1,541.0,0.1,"6 - trap set and empty","ShermanLF","2025-07-16","2025-07-16",,,,,,,,,,,,,,,,,,,,,,,,,,,,,,,,,,,,,,,,,,,,,"0009-0000-8940-8632","0009-0000-9880-3001",,,,,"5fb9af17-d1aa-4547-9686-87699a79e7da"
"4d377701-93fe-4832-8ff2-120d17cff76d","4962b092-6f8c-41ee-829d-9e2c964a3eca","NOGP_002.mammalGrid.mam","D09","NOGP","NOGP_002","I7","distributed","grasslandHerbaceous",46.799664,-100.910770,"WGS84",45.1,547.4,0.1,"6 - trap set and empty","ShermanXLK","2025-07-16","2025-07-16",,,,,,,,,,,,,,,,,,,,,,,,,,,,,,,,,,,,,,,,,,,,,"0009-0000-8940-8632","0009-0000-9880-3001",,,,,"24cc8841-52cd-4818-af37-7e39984a7bc3"
"b5959521-1b24-4bdd-b098-33b41e365cd1","c4b86d9d-a115-4a0a-bde6-418364390020","NOGP_005.mammalGrid.mam","D09","NOGP","NOGP_005","I5","distributed","grasslandHerbaceous",46.788065,-100.913882,"WGS84",45.1,562.2,0.1,"6 - trap set and empty","ShermanLF","2025-07-16","2025-07-16",,,,,,,,,,,,,,,,,,,,,,,,,,,,,,,,,,,,,,,,,,,,,"0009-0006-6432-3978","0009-0002-2817-390X",,,,,"bc8822af-5b43-4324-a91b-f811173232e5"
"ccfb8156-6ace-497e-8574-c9033739ad55","c4b86d9d-a115-4a0a-bde6-418364390020","NOGP_005.mammalGrid.mam","D09","NOGP","NOGP_005","J8","distributed","grasslandHerbaceous",46.788065,-100.913882,"WGS84",45.1,562.2,0.1,"6 - trap set and empty","ShermanLF","2025-07-16","2025-07-16",,,,,,,,,,,,,,,,,,,,,,,,,,,,,,,,,,,,,,,,,,,,,"0009-0006-6432-3978","0009-0002-2817-390X",,,,,"78ac13a3-6723-4a9f-8680-90495d25284e"
"9e56ed87-65e4-43c1-a0cd-9d4f0d6bbeb4","e10ac638-eec7-424b-93b7-862575cabfb7","NOGP_009.mammalGrid.mam","D09","NOGP","NOGP_009","B10","distributed","grasslandHerbaceous",46.800461,-100.914403,"WGS84",45.1,541.0,0.1,"6 - trap set and empty","ShermanLF","2025-07-16","2025-07-16",,,,,,,,,,,,,,,,,,,,,,,,,,,,,,,,,,,,,,,,,,,,,"0009-0000-8940-8632","0009-0000-9880-3001",,,,,"7cce7034-7970-4d8f-8425-afd492709f2f"
"eda491ed-8e7a-4af4-9567-a1e5ee3d818a","c4b86d9d-a115-4a0a-bde6-418364390020","NOGP_005.mammalGrid.mam","D09","NOGP","NOGP_005","E2","distributed","grasslandHerbaceous",46.788065,-100.913882,"WGS84",45.1,562.2,0.1,"6 - trap set and empty","ShermanLF","2025-07-16","2025-07-16",,,,,,,,,,,,,,,,,,,,,,,,,,,,,,,,,,,,,,,,,,,,,"0009-0006-6432-3978","0009-0002-2817-390X",,,,,"c4ce1a59-e33b-4bfc-bc0e-cb824ae37709"
"53151e9f-f67b-4881-979b-24839dc05506","e10ac638-eec7-424b-93b7-862575cabfb7","NOGP_009.mammalGrid.mam","D09","NOGP","NOGP_009","D10","distributed","grasslandHerbaceous",46.800461,-100.914403,"WGS84",45.1,541.0,0.1,"6 - trap set and empty","ShermanLF","2025-07-16","2025-07-16",,,,,,,,,,,,,,,,,,,,,,,,,,,,,,,,,,,,,,,,,,,,,"0009-0000-8940-8632","0009-0000-9880-3001",,,,,"5fe42bc9-979f-470d-ac00-e4279ff6efd6"
"33ca45d1-1a12-4456-ac81-ab62beb9888b","ddb09535-e2ed-4c9e-9df4-c66ef123c0ed","NOGP_017.mammalGrid.mam","D09","NOGP","NOGP_017","I6","distributed","grasslandHerbaceous",46.791856,-100.918686,"WGS84",45.1,556.8,0.1,"6 - trap set and empty","ShermanXLK","2025-07-16","2025-07-16",,,,,,,,,,,,,,,,,,,,,,,,,,,,,,,,,,,,,,,,,,,,,"0009-0000-9880-3001","0009-0006-7557-7412",,,,,"7bb3c6e1-81ae-4e6a-afab-c50de5af4ae3"
"792cdb8c-ed3d-4062-920d-214198944b6c","ddb09535-e2ed-4c9e-9df4-c66ef123c0ed","NOGP_017.mammalGrid.mam","D09","NOGP","NOGP_017","A2","distributed","grasslandHerbaceous",46.791856,-100.918686,"WGS84",45.1,556.8,0.1,"5 - capture","ShermanXLK","2025-07-16","2025-07-16","NEON.MAM.D09.R9183",,"MIPE","Microtus pennsylvanicus","species",,,,,"N","F","N","processed",,"adult",,"nonenlarged","not","neither",17,,,,24,"Y","Y","N","1-5","none","dry ice","NOGP.20250716.R9183.B","D00000245990","mandibular",,"NOGP.20250716.R9183.F","D00000245965","ok","NOGP.20250716.R9183.E","D00000245969","NOGP.20250716.R9183.H","A00000395634","hairAndWhisker",,,"0009-0000-9880-3001","0009-0006-7557-7412",,,,,"c07ea54b-de4d-4d7f-8492-0e7821c14541"
"bbba7ebf-1655-4844-a1dc-4ba4afbae105","e10ac638-eec7-424b-93b7-862575cabfb7","NOGP_009.mammalGrid.mam","D09","NOGP","NOGP_009","E1","distributed","grasslandHerbaceous",46.800461,-100.914403,"WGS84",45.1,541.0,0.1,"6 - trap set and empty","ShermanLF","2025-07-16","2025-07-16",,,,,,,,,,,,,,,,,,,,,,,,,,,,,,,,,,,,,,,,,,,,,"0009-0000-8940-8632","0009-0000-9880-3001",,,,,"237f224d-120f-4829-9785-a9891645606b"
"0a71847b-cc5c-49ff-b15c-a3d8b0b13e77","ddb09535-e2ed-4c9e-9df4-c66ef123c0ed","NOGP_017.mammalGrid.mam","D09","NOGP","NOGP_017","G1","distributed","grasslandHerbaceous",46.791856,-100.918686,"WGS84",45.1,556.8,0.1,"6 - trap set and empty","ShermanXLK","2025-07-16","2025-07-16",,,,,,,,,,,,,,,,,,,,,,,,,,,,,,,,,,,,,,,,,,,,,"0009-0000-9880-3001","0009-0006-7557-7412",,,,,"5359fb3a-b04c-41cc-a61e-faeb2a933657"
"0f541c51-cd67-49e1-a663-f5818efba44d","4962b092-6f8c-41ee-829d-9e2c964a3eca","NOGP_002.mammalGrid.mam","D09","NOGP","NOGP_002","H6","distributed","grasslandHerbaceous",46.799664,-100.910770,"WGS84",45.1,547.4,0.1,"6 - trap set and empty","ShermanXLK","2025-07-16","2025-07-16",,,,,,,,,,,,,,,,,,,,,,,,,,,,,,,,,,,,,,,,,,,,,"0009-0000-8940-8632","0009-0000-9880-3001",,,,,"114cde8e-237f-478d-97ed-4b10e90a6277"
"e2bd2c89-39b6-473f-9319-e9ad24f8977a","c4b86d9d-a115-4a0a-bde6-418364390020","NOGP_005.mammalGrid.mam","D09","NOGP","NOGP_005","F4","distributed","grasslandHerbaceous",46.788065,-100.913882,"WGS84",45.1,562.2,0.1,"6 - trap set and empty","ShermanLF","2025-07-16","2025-07-16",,,,,,,,,,,,,,,,,,,,,,,,,,,,,,,,,,,,,,,,,,,,,"0009-0006-6432-3978","0009-0002-2817-390X",,,,,"52d56368-1693-4cfd-ac2d-cff5b892e078"
"bc01d70c-97de-4db1-9862-0fc9de1642be","ddb09535-e2ed-4c9e-9df4-c66ef123c0ed","NOGP_017.mammalGrid.mam","D09","NOGP","NOGP_017","H3","distributed","grasslandHerbaceous",46.791856,-100.918686,"WGS84",45.1,556.8,0.1,"5 - capture","ShermanXLK","2025-07-16","2025-07-16","NEON.MAM.D09.L8607",,"MIPE","Microtus pennsylvanicus","species",,,,,"N","M","Y","processed",,"adult","nonscrotal",,,,12,,,,28,"N","N","N",,"none","dry ice","NOGP.20250716.L8607.B","D00000245546","mandibular",,,,,,,"NOGP.20250716.L8607.H","A00000378830","hairAndWhisker",,,"0009-0000-9880-3001","0009-0006-7557-7412",,,,,"0dd7e09a-6324-46e3-a0f4-d5d0fe7e9139"
"a50e8057-d116-431e-9de6-b470f5796012","c4b86d9d-a115-4a0a-bde6-418364390020","NOGP_005.mammalGrid.mam","D09","NOGP","NOGP_005","G4","distributed","grasslandHerbaceous",46.788065,-100.913882,"WGS84",45.1,562.2,0.1,"6 - trap set and empty","ShermanLF","2025-07-16","2025-07-16",,,,,,,,,,,,,,,,,,,,,,,,,,,,,,,,,,,,,,,,,,,,,"0009-0006-6432-3978","0009-0002-2817-390X",,,,,"0f3f2022-65bc-4ddf-8a63-18f3e373e842"
"dad5a76e-f314-401f-b5e0-1d6391805de1","4962b092-6f8c-41ee-829d-9e2c964a3eca","NOGP_002.mammalGrid.mam","D09","NOGP","NOGP_002","G9","distributed","grasslandHerbaceous",46.799664,-100.910770,"WGS84",45.1,547.4,0.1,"5 - capture","ShermanXLK","2025-07-16","2025-07-16","NEON.MAM.D09.R9184",,"MIPE","Microtus pennsylvanicus","species",,,,,"N","F","N","processed",,"adult",,"nonenlarged","not","neither",20,,,,36,"N","N","N",,"fleas","dry ice","NOGP.20250716.R9184.B","D00000245952","mandibular",,,,,"NOGP.20250716.R9184.E","D00000245988","NOGP.20250716.R9184.H","A00000378854","hairAndWhisker",,,"0009-0000-8940-8632","0009-0000-9880-3001",,,,,"2f0ae368-5873-434e-b611-178c82dee475"
"3000d7bc-eb17-4c4e-95e5-c1e5bd645cf1","c4b86d9d-a115-4a0a-bde6-418364390020","NOGP_005.mammalGrid.mam","D09","NOGP","NOGP_005","C10","distributed","grasslandHerbaceous",46.788065,-100.913882,"WGS84",45.1,562.2,0.1,"6 - trap set and empty","ShermanLF","2025-07-16","2025-07-16",,,,,,,,,,,,,,,,,,,,,,,,,,,,,,,,,,,,,,,,,,,,,"0009-0006-6432-3978","0009-0002-2817-390X",,,,,"3f6b9df0-bb43-4b54-912e-809c3c7d5858"
"6cbb10b0-32bd-45cc-bbc6-2c773b5590ec","ddb09535-e2ed-4c9e-9df4-c66ef123c0ed","NOGP_017.mammalGrid.mam","D09","NOGP","NOGP_017","D8","distributed","grasslandHerbaceous",46.791856,-100.918686,"WGS84",45.1,556.8,0.1,"6 - trap set and empty","ShermanXLK","2025-07-16","2025-07-16",,,,,,,,,,,,,,,,,,,,,,,,,,,,,,,,,,,,,,,,,,,,,"0009-0000-9880-3001","0009-0006-7557-7412",,,,,"e9a33915-6f8f-4650-9947-618e4e506630"
"4c1640b8-477d-4938-b429-55f236225b11","e10ac638-eec7-424b-93b7-862575cabfb7","NOGP_009.mammalGrid.mam","D09","NOGP","NOGP_009","J2","distributed","grasslandHerbaceous",46.800461,-100.914403,"WGS84",45.1,541.0,0.1,"6 - trap set and empty","ShermanLF","2025-07-16","2025-07-16",,,,,,,,,,,,,,,,,,,,,,,,,,,,,,,,,,,,,,,,,,,,,"0009-0000-8940-8632","0009-0000-9880-3001",,,,,"cc825e26-bcb9-488d-81af-a5f6a30c28d6"
"a34d64e3-43c7-49d5-8592-99dff7ef7475","ddb09535-e2ed-4c9e-9df4-c66ef123c0ed","NOGP_017.mammalGrid.mam","D09","NOGP","NOGP_017","A8","distributed","grasslandHerbaceous",46.791856,-100.918686,"WGS84",45.1,556.8,0.1,"6 - trap set and empty","ShermanXLK","2025-07-16","2025-07-16",,,,,,,,,,,,,,,,,,,,,,,,,,,,,,,,,,,,,,,,,,,,,"0009-0000-9880-3001","0009-0006-7557-7412",,,,,"e96c8371-81b7-441f-b0bb-573cf66470c0"
"065a63f4-0856-4376-89ac-a174d0daff5a","ddb09535-e2ed-4c9e-9df4-c66ef123c0ed","NOGP_017.mammalGrid.mam","D09","NOGP","NOGP_017","G7","distributed","grasslandHerbaceous",46.791856,-100.918686,"WGS84",45.1,556.8,0.1,"6 - trap set and empty","ShermanXLK","2025-07-16","2025-07-16",,,,,,,,,,,,,,,,,,,,,,,,,,,,,,,,,,,,,,,,,,,,,"0009-0000-9880-3001","0009-0006-7557-7412",,,,,"3b7ad499-3eff-422f-8466-c6ce0c3d9066"
"3e99c92c-6526-4be7-a19a-49b5bf3c636c","c4b86d9d-a115-4a0a-bde6-418364390020","NOGP_005.mammalGrid.mam","D09","NOGP","NOGP_005","A10","distributed","grasslandHerbaceous",46.788065,-100.913882,"WGS84",45.1,562.2,0.1,"6 - trap set and empty","ShermanLF","2025-07-16","2025-07-16",,,,,,,,,,,,,,,,,,,,,,,,,,,,,,,,,,,,,,,,,,,,,"0009-0006-6432-3978","0009-0002-2817-390X",,,,,"cd62ed6e-7897-4837-8bb1-ca8ae8a10abb"
"fe7912d9-17e6-42cf-ba83-2c693cc8320b","4962b092-6f8c-41ee-829d-9e2c964a3eca","NOGP_002.mammalGrid.mam","D09","NOGP","NOGP_002","J6","distributed","grasslandHerbaceous",46.799664,-100.910770,"WGS84",45.1,547.4,0.1,"6 - trap set and empty","ShermanXLK","2025-07-16","2025-07-16",,,,,,,,,,,,,,,,,,,,,,,,,,,,,,,,,,,,,,,,,,,,,"0009-0000-8940-8632","0009-0000-9880-3001",,,,,"e2038378-076a-484f-bf41-d4ad46748e27"
"1c3e424a-b89d-4855-b26c-73cbd8ee43a1","ddb09535-e2ed-4c9e-9df4-c66ef123c0ed","NOGP_017.mammalGrid.mam","D09","NOGP","NOGP_017","H7","distributed","grasslandHerbaceous",46.791856,-100.918686,"WGS84",45.1,556.8,0.1,"6 - trap set and empty","ShermanXLK","2025-07-16","2025-07-16",,,,,,,,,,,,,,,,,,,,,,,,,,,,,,,,,,,,,,,,,,,,,"0009-0000-9880-3001","0009-0006-7557-7412",,,,,"240c6c0d-cc5b-47d5-bcc2-5ecce1ef872e"
"7e3557d8-8475-4738-9363-03fbd8f8c00a","e10ac638-eec7-424b-93b7-862575cabfb7","NOGP_009.mammalGrid.mam","D09","NOGP","NOGP_009","A6","distributed","grasslandHerbaceous",46.800461,-100.914403,"WGS84",45.1,541.0,0.1,"6 - trap set and empty","ShermanLF","2025-07-16","2025-07-16",,,,,,,,,,,,,,,,,,,,,,,,,,,,,,,,,,,,,,,,,,,,,"0009-0000-8940-8632","0009-0000-9880-3001",,,,,"473729c5-1860-4e3b-9382-ef0e5d5dfcf5"
"fc4cfd25-b29e-4366-a1f6-fba6163027b7","c4b86d9d-a115-4a0a-bde6-418364390020","NOGP_005.mammalGrid.mam","D09","NOGP","NOGP_005","J3","distributed","grasslandHerbaceous",46.788065,-100.913882,"WGS84",45.1,562.2,0.1,"6 - trap set and empty","ShermanLF","2025-07-16","2025-07-16",,,,,,,,,,,,,,,,,,,,,,,,,,,,,,,,,,,,,,,,,,,,,"0009-0006-6432-3978","0009-0002-2817-390X",,,,,"b20cb0be-56d2-4c6f-9e0a-93b7e23fc3fc"
"6004ca33-1651-4d4f-bfee-ec3a6336fc37","ddb09535-e2ed-4c9e-9df4-c66ef123c0ed","NOGP_017.mammalGrid.mam","D09","NOGP","NOGP_017","B1","distributed","grasslandHerbaceous",46.791856,-100.918686,"WGS84",45.1,556.8,0.1,"3 - trap door open or closed w/ spoor left","ShermanXLK","2025-07-16","2025-07-16",,,,,,,,,,,,,,,,,,,,,,,,,,,,,"did not check","dry ice",,,,,,,,,,,,,,,"0009-0000-9880-3001","0009-0006-7557-7412",,,,,"2ba8acff-d0c9-462d-9044-e02c7219dc3a"
"1174c76d-207e-4632-8600-5fa023198515","4962b092-6f8c-41ee-829d-9e2c964a3eca","NOGP_002.mammalGrid.mam","D09","NOGP","NOGP_002","A7","distributed","grasslandHerbaceous",46.799664,-100.910770,"WGS84",45.1,547.4,0.1,"6 - trap set and empty","ShermanXLK","2025-07-16","2025-07-16",,,,,,,,,,,,,,,,,,,,,,,,,,,,,,,,,,,,,,,,,,,,,"0009-0000-8940-8632","0009-0000-9880-3001",,,,,"26c99663-1aa0-4ac4-96c3-49b8473c4cf9"
"349f6b33-d810-410d-a3ec-afc1ac6a0934","ddb09535-e2ed-4c9e-9df4-c66ef123c0ed","NOGP_017.mammalGrid.mam","D09","NOGP","NOGP_017","C10","distributed","grasslandHerbaceous",46.791856,-100.918686,"WGS84",45.1,556.8,0.1,"6 - trap set and empty","ShermanXLK","2025-07-16","2025-07-16",,,,,,,,,,,,,,,,,,,,,,,,,,,,,,,,,,,,,,,,,,,,,"0009-0000-9880-3001","0009-0006-7557-7412",,,,,"5c496f36-9154-4bdc-8b6d-97eef2482cb1"
"78c6fc18-c392-4614-9a93-670abb7fde99","c4b86d9d-a115-4a0a-bde6-418364390020","NOGP_005.mammalGrid.mam","D09","NOGP","NOGP_005","H1","distributed","grasslandHerbaceous",46.788065,-100.913882,"WGS84",45.1,562.2,0.1,"6 - trap set and empty","ShermanLF","2025-07-16","2025-07-16",,,,,,,,,,,,,,,,,,,,,,,,,,,,,,,,,,,,,,,,,,,,,"0009-0006-6432-3978","0009-0002-2817-390X",,,,,"5e93bb11-422f-420a-a537-5272437f7e21"
"1e33f741-768f-4328-8fb6-ae5a81484c7c","4962b092-6f8c-41ee-829d-9e2c964a3eca","NOGP_002.mammalGrid.mam","D09","NOGP","NOGP_002","D1","distributed","grasslandHerbaceous",46.799664,-100.910770,"WGS84",45.1,547.4,0.1,"6 - trap set and empty","ShermanXLK","2025-07-16","2025-07-16",,,,,,,,,,,,,,,,,,,,,,,,,,,,,,,,,,,,,,,,,,,,,"0009-0000-8940-8632","0009-0000-9880-3001",,,,,"4e8ddd8d-ad54-4abe-abb9-a17a796def39"
"693239e8-96aa-46e6-99a7-a13c56d8c684","4962b092-6f8c-41ee-829d-9e2c964a3eca","NOGP_002.mammalGrid.mam","D09","NOGP","NOGP_002","H2","distributed","grasslandHerbaceous",46.799664,-100.910770,"WGS84",45.1,547.4,0.1,"6 - trap set and empty","ShermanXLK","2025-07-16","2025-07-16",,,,,,,,,,,,,,,,,,,,,,,,,,,,,,,,,,,,,,,,,,,,,"0009-0000-8940-8632","0009-0000-9880-3001",,,,,"c0521a58-c21e-417c-be90-86d9dcb9bf29"
"ace8e356-5ea7-4929-81ff-7cff531834f8","ddb09535-e2ed-4c9e-9df4-c66ef123c0ed","NOGP_017.mammalGrid.mam","D09","NOGP","NOGP_017","A4","distributed","grasslandHerbaceous",46.791856,-100.918686,"WGS84",45.1,556.8,0.1,"6 - trap set and empty","ShermanXLK","2025-07-16","2025-07-16",,,,,,,,,,,,,,,,,,,,,,,,,,,,,,,,,,,,,,,,,,,,,"0009-0000-9880-3001","0009-0006-7557-7412",,,,,"b8a713e3-d4a3-4665-93ba-558e73d46726"
"a48d1a15-7c5a-40b6-8901-6a2ba0c9a7f7","e10ac638-eec7-424b-93b7-862575cabfb7","NOGP_009.mammalGrid.mam","D09","NOGP","NOGP_009","H1","distributed","grasslandHerbaceous",46.800461,-100.914403,"WGS84",45.1,541.0,0.1,"3 - trap door open or closed w/ spoor left","ShermanLF","2025-07-16","2025-07-16",,,,,,,,,,,,,,,,,,,,,,,,,,,,,"did not check","dry ice",,,,,,,,,,,,,,,"0009-0000-8940-8632","0009-0000-9880-3001",,,,,"8f552721-ba7b-433f-8ce9-e98c08fcebf2"
"6d00f642-31e7-4f92-86f4-0e2cbf89a730","4962b092-6f8c-41ee-829d-9e2c964a3eca","NOGP_002.mammalGrid.mam","D09","NOGP","NOGP_002","G5","distributed","grasslandHerbaceous",46.799664,-100.910770,"WGS84",45.1,547.4,0.1,"6 - trap set and empty","ShermanXLK","2025-07-16","2025-07-16",,,,,,,,,,,,,,,,,,,,,,,,,,,,,,,,,,,,,,,,,,,,,"0009-0000-8940-8632","0009-0000-9880-3001",,,,,"0ff4562c-a381-4623-8a26-049109d8f08f"
"45434aa4-0b19-47cc-80ed-9fc1790e157a","c4b86d9d-a115-4a0a-bde6-418364390020","NOGP_005.mammalGrid.mam","D09","NOGP","NOGP_005","F10","distributed","grasslandHerbaceous",46.788065,-100.913882,"WGS84",45.1,562.2,0.1,"3 - trap door open or closed w/ spoor left","ShermanLF","2025-07-16","2025-07-16",,,,,,,,,,,,,,,,,,,,,,,,,,,,,"did not check","dry ice",,,,,,,,,,,,,,,"0009-0006-6432-3978","0009-0002-2817-390X",,,,,"76549faf-8e2b-4c6f-b5b0-2365508a3cab"
"506c5a40-1be0-422b-8288-11e4f6cc28ba","e10ac638-eec7-424b-93b7-862575cabfb7","NOGP_009.mammalGrid.mam","D09","NOGP","NOGP_009","G5","distributed","grasslandHerbaceous",46.800461,-100.914403,"WGS84",45.1,541.0,0.1,"4 - more than 1 capture in one trap","ShermanLF","2025-07-16","2025-07-16","NEON.MAM.D09.L9188",,"REME","Reithrodontomys megalotis","species",,,,,"N","F","N","processed",,"juvenile",,"nonenlarged","not","neither",14,,,,6,"N","N","N",,"none","dry ice",,,,,"NOGP.20250716.L9188.F","D00000245950","ok","NOGP.20250716.L9188.E","D00000245971",,,,,,"0009-0000-8940-8632","0009-0000-9880-3001",,,,,"6fb48bdf-cd67-4735-a9fe-b6410a120299"
"358ba551-28d1-4cfc-a866-fd3a1c9bc30e","c4b86d9d-a115-4a0a-bde6-418364390020","NOGP_005.mammalGrid.mam","D09","NOGP","NOGP_005","F6","distributed","grasslandHerbaceous",46.788065,-100.913882,"WGS84",45.1,562.2,0.1,"5 - capture","ShermanLF","2025-07-16","2025-07-16","NEON.MAM.D09.R8307",,"PEMA","Peromyscus maniculatus","species",,,,,"N","F","Y","processed",,"adult",,"nonenlarged","not","neither",18,,,,21,"N","N","N",,"none","dry ice",,,,,,,,,,,,,,,"0009-0006-6432-3978","0009-0002-2817-390X",,,,,"b2eaf4e1-194e-4187-b76b-f95ee6644129"
"39129508-2a18-47ed-8a2c-d86ed45533f7","e10ac638-eec7-424b-93b7-862575cabfb7","NOGP_009.mammalGrid.mam","D09","NOGP","NOGP_009","G10","distributed","grasslandHerbaceous",46.800461,-100.914403,"WGS84",45.1,541.0,0.1,"6 - trap set and empty","ShermanLF","2025-07-16","2025-07-16",,,,,,,,,,,,,,,,,,,,,,,,,,,,,,,,,,,,,,,,,,,,,"0009-0000-8940-8632","0009-0000-9880-3001",,,,,"7064a40b-7ecf-4a4f-9d9a-b19b6b46ccaf"
"cedc3217-5ae9-4bff-9e6a-b37c6c690950","c4b86d9d-a115-4a0a-bde6-418364390020","NOGP_005.mammalGrid.mam","D09","NOGP","NOGP_005","G6","distributed","grasslandHerbaceous",46.788065,-100.913882,"WGS84",45.1,562.2,0.1,"6 - trap set and empty","ShermanLF","2025-07-16","2025-07-16",,,,,,,,,,,,,,,,,,,,,,,,,,,,,,,,,,,,,,,,,,,,,"0009-0006-6432-3978","0009-0002-2817-390X",,,,,"38da1283-310e-47c5-986e-4b62c1ef4249"
"4cd649f5-3e1f-433a-a0fe-5d5c69b072c9","c4b86d9d-a115-4a0a-bde6-418364390020","NOGP_005.mammalGrid.mam","D09","NOGP","NOGP_005","C7","distributed","grasslandHerbaceous",46.788065,-100.913882,"WGS84",45.1,562.2,0.1,"6 - trap set and empty","ShermanLF","2025-07-16","2025-07-16",,,,,,,,,,,,,,,,,,,,,,,,,,,,,,,,,,,,,,,,,,,,,"0009-0006-6432-3978","0009-0002-2817-390X",,,,,"947b727c-cf9a-49de-aaaa-41f3f4e3fcc9"
"451c0af6-cbb8-447e-bb43-9a2e12b975fb","e10ac638-eec7-424b-93b7-862575cabfb7","NOGP_009.mammalGrid.mam","D09","NOGP","NOGP_009","H5","distributed","grasslandHerbaceous",46.800461,-100.914403,"WGS84",45.1,541.0,0.1,"6 - trap set and empty","ShermanLF","2025-07-16","2025-07-16",,,,,,,,,,,,,,,,,,,,,,,,,,,,,,,,,,,,,,,,,,,,,"0009-0000-8940-8632","0009-0000-9880-3001",,,,,"df895357-91b8-49a3-afc3-5b053e29aa60"
"cef91e48-1057-4b62-a13f-2e4f0d887b65","4962b092-6f8c-41ee-829d-9e2c964a3eca","NOGP_002.mammalGrid.mam","D09","NOGP","NOGP_002","H7","distributed","grasslandHerbaceous",46.799664,-100.910770,"WGS84",45.1,547.4,0.1,"6 - trap set and empty","ShermanXLK","2025-07-16","2025-07-16",,,,,,,,,,,,,,,,,,,,,,,,,,,,,,,,,,,,,,,,,,,,,"0009-0000-8940-8632","0009-0000-9880-3001",,,,,"cc76d8ff-c61d-48bf-976d-4f538e6bb9ac"
"40fb11ec-d021-4332-9d03-7e163b2c3d59","c4b86d9d-a115-4a0a-bde6-418364390020","NOGP_005.mammalGrid.mam","D09","NOGP","NOGP_005","B5","distributed","grasslandHerbaceous",46.788065,-100.913882,"WGS84",45.1,562.2,0.1,"6 - trap set and empty","ShermanLF","2025-07-16","2025-07-16",,,,,,,,,,,,,,,,,,,,,,,,,,,,,,,,,,,,,,,,,,,,,"0009-0006-6432-3978","0009-0002-2817-390X",,,,,"16eb36b3-0003-4e2f-9676-a4836b9f0cf6"
"87acbaca-28f6-4f84-9801-55be6c699a35","e10ac638-eec7-424b-93b7-862575cabfb7","NOGP_009.mammalGrid.mam","D09","NOGP","NOGP_009","E8","distributed","grasslandHerbaceous",46.800461,-100.914403,"WGS84",45.1,541.0,0.1,"6 - trap set and empty","ShermanLF","2025-07-16","2025-07-16",,,,,,,,,,,,,,,,,,,,,,,,,,,,,,,,,,,,,,,,,,,,,"0009-0000-8940-8632","0009-0000-9880-3001",,,,,"ecfa5dfc-a8d7-4747-b3fb-39caaa53d6ef"
"40b619fb-650b-4948-b64b-266b9bbc7b0c","c4b86d9d-a115-4a0a-bde6-418364390020","NOGP_005.mammalGrid.mam","D09","NOGP","NOGP_005","H4","distributed","grasslandHerbaceous",46.788065,-100.913882,"WGS84",45.1,562.2,0.1,"5 - capture","ShermanLF","2025-07-16","2025-07-16","NEON.MAM.D09.L9041",,"PELE","Peromyscus leucopus","species",,,,,"N","M","Y","processed",,"adult","scrotal",,,,22,,,,19,"N","N","N",,"none","dry ice",,,,,,,,,,,,,,,"0009-0006-6432-3978","0009-0002-2817-390X",,,,,"8703aad2-594a-48e1-b09c-1c805cac6b38"
"1c64bfed-41e9-4da6-94d5-46cd1c2a43e9","c4b86d9d-a115-4a0a-bde6-418364390020","NOGP_005.mammalGrid.mam","D09","NOGP","NOGP_005","G9","distributed","grasslandHerbaceous",46.788065,-100.913882,"WGS84",45.1,562.2,0.1,"5 - capture","ShermanLF","2025-07-16","2025-07-16","NEON.MAM.D09.L8799",,"PELE","Peromyscus leucopus","species",,,,,"N","M","Y","processed",,"adult","nonscrotal",,,,21,,,,20,"N","Y","N","1-5","none","dry ice",,,"unsuccessful",,,,,"NOGP.20250716.L8799.E","D00000199864",,,,,,"0009-0006-6432-3978","0009-0002-2817-390X",,,,,"b2665e28-2de7-446e-9d15-c6bde645aaa2"
"ce307bf4-a3d3-4c0b-ba1e-ceb34efa1027","c4b86d9d-a115-4a0a-bde6-418364390020","NOGP_005.mammalGrid.mam","D09","NOGP","NOGP_005","B8","distributed","grasslandHerbaceous",46.788065,-100.913882,"WGS84",45.1,562.2,0.1,"6 - trap set and empty","ShermanLF","2025-07-16","2025-07-16",,,,,,,,,,,,,,,,,,,,,,,,,,,,,,,,,,,,,,,,,,,,,"0009-0006-6432-3978","0009-0002-2817-390X",,,,,"8f342d4b-12ad-4711-a2d2-367207cc7d13"
"a660e052-7b5b-42ba-9a83-677c3c25bf84","4962b092-6f8c-41ee-829d-9e2c964a3eca","NOGP_002.mammalGrid.mam","D09","NOGP","NOGP_002","G1","distributed","grasslandHerbaceous",46.799664,-100.910770,"WGS84",45.1,547.4,0.1,"6 - trap set and empty","ShermanXLK","2025-07-16","2025-07-16",,,,,,,,,,,,,,,,,,,,,,,,,,,,,,,,,,,,,,,,,,,,,"0009-0000-8940-8632","0009-0000-9880-3001",,,,,"f71eb2c9-c4ca-409f-82f9-009e85d56c53"
"25caed47-4add-4cb4-afe5-2cd3750e22a4","c4b86d9d-a115-4a0a-bde6-418364390020","NOGP_005.mammalGrid.mam","D09","NOGP","NOGP_005","A5","distributed","grasslandHerbaceous",46.788065,-100.913882,"WGS84",45.1,562.2,0.1,"6 - trap set and empty","ShermanLF","2025-07-16","2025-07-16",,,,,,,,,,,,,,,,,,,,,,,,,,,,,,,,,,,,,,,,,,,,,"0009-0006-6432-3978","0009-0002-2817-390X",,,,,"7f53d452-6ed4-4e5f-8e5b-8eb7a4a89403"
"e56f48f6-86d6-4b03-b967-4a767f81a78a","ddb09535-e2ed-4c9e-9df4-c66ef123c0ed","NOGP_017.mammalGrid.mam","D09","NOGP","NOGP_017","B2","distributed","grasslandHerbaceous",46.791856,-100.918686,"WGS84",45.1,556.8,0.1,"6 - trap set and empty","ShermanXLK","2025-07-16","2025-07-16",,,,,,,,,,,,,,,,,,,,,,,,,,,,,,,,,,,,,,,,,,,,,"0009-0000-9880-3001","0009-0006-7557-7412",,,,,"0f3e1ac6-b6ea-4918-a0ec-20d273dfea05"
"b1c35614-00af-4752-866c-d785b3b5ca11","ddb09535-e2ed-4c9e-9df4-c66ef123c0ed","NOGP_017.mammalGrid.mam","D09","NOGP","NOGP_017","D10","distributed","grasslandHerbaceous",46.791856,-100.918686,"WGS84",45.1,556.8,0.1,"6 - trap set and empty","ShermanXLK","2025-07-16","2025-07-16",,,,,,,,,,,,,,,,,,,,,,,,,,,,,,,,,,,,,,,,,,,,,"0009-0000-9880-3001","0009-0006-7557-7412",,,,,"df38fde8-a5aa-4ca1-87c6-02e4c3be63bf"
"2d03252b-3ab6-47fd-a1fa-0d13f82b3ef5","ddb09535-e2ed-4c9e-9df4-c66ef123c0ed","NOGP_017.mammalGrid.mam","D09","NOGP","NOGP_017","I10","distributed","grasslandHerbaceous",46.791856,-100.918686,"WGS84",45.1,556.8,0.1,"6 - trap set and empty","ShermanXLK","2025-07-16","2025-07-16",,,,,,,,,,,,,,,,,,,,,,,,,,,,,,,,,,,,,,,,,,,,,"0009-0000-9880-3001","0009-0006-7557-7412",,,,,"20e56df6-9e27-4f27-9897-e9c80a602764"
"af454ad8-ee47-4c36-b2de-59169d04356c","e10ac638-eec7-424b-93b7-862575cabfb7","NOGP_009.mammalGrid.mam","D09","NOGP","NOGP_009","I2","distributed","grasslandHerbaceous",46.800461,-100.914403,"WGS84",45.1,541.0,0.1,"6 - trap set and empty","ShermanLF","2025-07-16","2025-07-16",,,,,,,,,,,,,,,,,,,,,,,,,,,,,,,,,,,,,,,,,,,,,"0009-0000-8940-8632","0009-0000-9880-3001",,,,,"9f144176-6655-412f-a3ab-81bb218e8cfd"
"cb76d302-1236-41f4-b2dd-a3450666fc31","4962b092-6f8c-41ee-829d-9e2c964a3eca","NOGP_002.mammalGrid.mam","D09","NOGP","NOGP_002","C2","distributed","grasslandHerbaceous",46.799664,-100.910770,"WGS84",45.1,547.4,0.1,"6 - trap set and empty","ShermanXLK","2025-07-16","2025-07-16",,,,,,,,,,,,,,,,,,,,,,,,,,,,,,,,,,,,,,,,,,,,,"0009-0000-8940-8632","0009-0000-9880-3001",,,,,"0f2f1c42-e811-453e-a56a-6b77b66d60cf"
"096fd792-712f-4a1c-b15a-f6cb774acac6","c4b86d9d-a115-4a0a-bde6-418364390020","NOGP_005.mammalGrid.mam","D09","NOGP","NOGP_005","C5","distributed","grasslandHerbaceous",46.788065,-100.913882,"WGS84",45.1,562.2,0.1,"6 - trap set and empty","ShermanLF","2025-07-16","2025-07-16",,,,,,,,,,,,,,,,,,,,,,,,,,,,,,,,,,,,,,,,,,,,,"0009-0006-6432-3978","0009-0002-2817-390X",,,,,"49a0c076-1517-4543-a102-ebf93bced566"
"748e85b0-1d24-461f-ab7d-0a3e98370da0","e10ac638-eec7-424b-93b7-862575cabfb7","NOGP_009.mammalGrid.mam","D09","NOGP","NOGP_009","A4","distributed","grasslandHerbaceous",46.800461,-100.914403,"WGS84",45.1,541.0,0.1,"6 - trap set and empty","ShermanLF","2025-07-16","2025-07-16",,,,,,,,,,,,,,,,,,,,,,,,,,,,,,,,,,,,,,,,,,,,,"0009-0000-8940-8632","0009-0000-9880-3001",,,,,"ad85c91c-4a7f-4ea5-a547-aeed3ee11778"
"de934a94-5eae-4ea5-b483-5a5eb122b5c3","ddb09535-e2ed-4c9e-9df4-c66ef123c0ed","NOGP_017.mammalGrid.mam","D09","NOGP","NOGP_017","B7","distributed","grasslandHerbaceous",46.791856,-100.918686,"WGS84",45.1,556.8,0.1,"6 - trap set and empty","ShermanXLK","2025-07-16","2025-07-16",,,,,,,,,,,,,,,,,,,,,,,,,,,,,,,,,,,,,,,,,,,,,"0009-0000-9880-3001","0009-0006-7557-7412",,,,,"a5d4fec4-d2c1-4853-87a8-c62160741876"
"a4c7d15f-bf47-4aef-8341-92cceb3ca3e7","c4b86d9d-a115-4a0a-bde6-418364390020","NOGP_005.mammalGrid.mam","D09","NOGP","NOGP_005","D4","distributed","grasslandHerbaceous",46.788065,-100.913882,"WGS84",45.1,562.2,0.1,"2 - trap disturbed/door closed but empty","ShermanLF","2025-07-16","2025-07-16",,,,,,,,,,,,,,,,,,,,,,,,,,,,,"did not check","dry ice",,,,,,,,,,,,,,,"0009-0006-6432-3978","0009-0002-2817-390X",,,,,"331ed354-6d03-498a-b642-d7f477075062"
"2015f6da-b9d5-45f2-93d5-9cfe1475526a","4962b092-6f8c-41ee-829d-9e2c964a3eca","NOGP_002.mammalGrid.mam","D09","NOGP","NOGP_002","H3","distributed","grasslandHerbaceous",46.799664,-100.910770,"WGS84",45.1,547.4,0.1,"6 - trap set and empty","ShermanXLK","2025-07-16","2025-07-16",,,,,,,,,,,,,,,,,,,,,,,,,,,,,,,,,,,,,,,,,,,,,"0009-0000-8940-8632","0009-0000-9880-3001",,,,,"8c4f0df0-cff8-4e61-911e-c0b8c2b7972e"
"e10c995e-35ed-4a19-8525-47ba1aaf4450","4962b092-6f8c-41ee-829d-9e2c964a3eca","NOGP_002.mammalGrid.mam","D09","NOGP","NOGP_002","G3","distributed","grasslandHerbaceous",46.799664,-100.910770,"WGS84",45.1,547.4,0.1,"6 - trap set and empty","ShermanXLK","2025-07-16","2025-07-16",,,,,,,,,,,,,,,,,,,,,,,,,,,,,,,,,,,,,,,,,,,,,"0009-0000-8940-8632","0009-0000-9880-3001",,,,,"2a13e819-96ac-41ee-b8cf-9bbb3bcf2f6c"
"e85d6525-5857-4bc8-a378-9ae30719ac0f","c4b86d9d-a115-4a0a-bde6-418364390020","NOGP_005.mammalGrid.mam","D09","NOGP","NOGP_005","J4","distributed","grasslandHerbaceous",46.788065,-100.913882,"WGS84",45.1,562.2,0.1,"6 - trap set and empty","ShermanLF","2025-07-16","2025-07-16",,,,,,,,,,,,,,,,,,,,,,,,,,,,,,,,,,,,,,,,,,,,,"0009-0006-6432-3978","0009-0002-2817-390X",,,,,"cfd0f5f1-ce1f-442e-9559-18626efe6acb"
"77d6d380-de01-4ffa-8267-48a24351b350","ddb09535-e2ed-4c9e-9df4-c66ef123c0ed","NOGP_017.mammalGrid.mam","D09","NOGP","NOGP_017","F10","distributed","grasslandHerbaceous",46.791856,-100.918686,"WGS84",45.1,556.8,0.1,"6 - trap set and empty","ShermanXLK","2025-07-16","2025-07-16",,,,,,,,,,,,,,,,,,,,,,,,,,,,,,,,,,,,,,,,,,,,,"0009-0000-9880-3001","0009-0006-7557-7412",,,,,"28ae44a1-5794-4eae-b5e7-c31ca4da1282"
"35c71172-9e5b-4b61-8898-38cf63394979","c4b86d9d-a115-4a0a-bde6-418364390020","NOGP_005.mammalGrid.mam","D09","NOGP","NOGP_005","B1","distributed","grasslandHerbaceous",46.788065,-100.913882,"WGS84",45.1,562.2,0.1,"5 - capture","ShermanLF","2025-07-16","2025-07-16","NEON.MAM.D09.R8406",,"PELE","Peromyscus leucopus","species",,,,,"N","F","Y","processed",,"adult",,"enlarged","not","neither",21,,,,31,"N","N","N",,"none","dry ice",,,,,,,,,,,,,,,"0009-0006-6432-3978","0009-0002-2817-390X",,,,,"c0c984d8-235c-4d09-9497-5de1f469cde2"
"28997898-146b-4399-a33d-8dfa4fbaa94f","ddb09535-e2ed-4c9e-9df4-c66ef123c0ed","NOGP_017.mammalGrid.mam","D09","NOGP","NOGP_017","H4","distributed","grasslandHerbaceous",46.791856,-100.918686,"WGS84",45.1,556.8,0.1,"6 - trap set and empty","ShermanXLK","2025-07-16","2025-07-16",,,,,,,,,,,,,,,,,,,,,,,,,,,,,,,,,,,,,,,,,,,,,"0009-0000-9880-3001","0009-0006-7557-7412",,,,,"82fa2deb-6b1d-4ba1-9b85-c67796e27aa0"
"581fc7e3-91cd-437f-87de-3639fb25cb33","4962b092-6f8c-41ee-829d-9e2c964a3eca","NOGP_002.mammalGrid.mam","D09","NOGP","NOGP_002","B4","distributed","grasslandHerbaceous",46.799664,-100.910770,"WGS84",45.1,547.4,0.1,"6 - trap set and empty","ShermanXLK","2025-07-16","2025-07-16",,,,,,,,,,,,,,,,,,,,,,,,,,,,,,,,,,,,,,,,,,,,,"0009-0000-8940-8632","0009-0000-9880-3001",,,,,"fb5afece-6985-4503-bece-1b81124e9765"
"329e509f-7d89-48d6-bb54-f97651e87dca","4962b092-6f8c-41ee-829d-9e2c964a3eca","NOGP_002.mammalGrid.mam","D09","NOGP","NOGP_002","I4","distributed","grasslandHerbaceous",46.799664,-100.910770,"WGS84",45.1,547.4,0.1,"6 - trap set and empty","ShermanXLK","2025-07-16","2025-07-16",,,,,,,,,,,,,,,,,,,,,,,,,,,,,,,,,,,,,,,,,,,,,"0009-0000-8940-8632","0009-0000-9880-3001",,,,,"d9a9a471-4dc8-47e3-ae15-4f14b58190fd"
"3f9bfb33-44d3-4c72-ba20-834143513476","c4b86d9d-a115-4a0a-bde6-418364390020","NOGP_005.mammalGrid.mam","D09","NOGP","NOGP_005","E3","distributed","grasslandHerbaceous",46.788065,-100.913882,"WGS84",45.1,562.2,0.1,"6 - trap set and empty","ShermanLF","2025-07-16","2025-07-16",,,,,,,,,,,,,,,,,,,,,,,,,,,,,,,,,,,,,,,,,,,,,"0009-0006-6432-3978","0009-0002-2817-390X",,,,,"a6a2f87f-5552-4f5d-9f19-fb44d7021ef4"
"a5151a2c-25fc-46ba-8719-6a32c0266168","ddb09535-e2ed-4c9e-9df4-c66ef123c0ed","NOGP_017.mammalGrid.mam","D09","NOGP","NOGP_017","F4","distributed","grasslandHerbaceous",46.791856,-100.918686,"WGS84",45.1,556.8,0.1,"6 - trap set and empty","ShermanXLK","2025-07-16","2025-07-16",,,,,,,,,,,,,,,,,,,,,,,,,,,,,,,,,,,,,,,,,,,,,"0009-0000-9880-3001","0009-0006-7557-7412",,,,,"8072c4c7-df19-4168-81b3-8dd0569d9ac1"
"bdda6414-7a25-48c1-9806-df3ade159a4e","c4b86d9d-a115-4a0a-bde6-418364390020","NOGP_005.mammalGrid.mam","D09","NOGP","NOGP_005","G3","distributed","grasslandHerbaceous",46.788065,-100.913882,"WGS84",45.1,562.2,0.1,"6 - trap set and empty","ShermanLF","2025-07-16","2025-07-16",,,,,,,,,,,,,,,,,,,,,,,,,,,,,,,,,,,,,,,,,,,,,"0009-0006-6432-3978","0009-0002-2817-390X",,,,,"14b0e4ce-2cfb-4c1f-9dc9-be97800819f3"
"765c3d16-5b73-4245-9c9c-37d368a128a8","c4b86d9d-a115-4a0a-bde6-418364390020","NOGP_005.mammalGrid.mam","D09","NOGP","NOGP_005","I4","distributed","grasslandHerbaceous",46.788065,-100.913882,"WGS84",45.1,562.2,0.1,"6 - trap set and empty","ShermanLF","2025-07-16","2025-07-16",,,,,,,,,,,,,,,,,,,,,,,,,,,,,,,,,,,,,,,,,,,,,"0009-0006-6432-3978","0009-0002-2817-390X",,,,,"deb441d0-92c2-4267-a9c9-1cc699f66660"
"a3fe3790-43fc-44c6-80e7-0738d925b48c","c4b86d9d-a115-4a0a-bde6-418364390020","NOGP_005.mammalGrid.mam","D09","NOGP","NOGP_005","E9","distributed","grasslandHerbaceous",46.788065,-100.913882,"WGS84",45.1,562.2,0.1,"5 - capture","ShermanLF","2025-07-16","2025-07-16","NEON.MAM.D09.L8800",,"PELE","Peromyscus leucopus","species","cf. species",,,,"N","M","N","processed",,"adult","scrotal",,,,21,,,,19,"N","N","N",,"none","dry ice","NOGP.20250716.L8800.B","D00000199886","mandibular",,,,,"NOGP.20250716.L8800.E","D00000245681",,,,,,"0009-0006-6432-3978","0009-0002-2817-390X",,,,,"23b8e1a9-6774-4658-a1de-6474314394ea"
"2772849c-c835-4483-bcb0-905fd22e1e31","c4b86d9d-a115-4a0a-bde6-418364390020","NOGP_005.mammalGrid.mam","D09","NOGP","NOGP_005","I6","distributed","grasslandHerbaceous",46.788065,-100.913882,"WGS84",45.1,562.2,0.1,"6 - trap set and empty","ShermanLF","2025-07-16","2025-07-16",,,,,,,,,,,,,,,,,,,,,,,,,,,,,,,,,,,,,,,,,,,,,"0009-0006-6432-3978","0009-0002-2817-390X",,,,,"b210590c-8375-40e2-a7f3-8888aecda526"
"e0ae9e82-b6b7-4846-a546-fc8c236e353c","c4b86d9d-a115-4a0a-bde6-418364390020","NOGP_005.mammalGrid.mam","D09","NOGP","NOGP_005","H9","distributed","grasslandHerbaceous",46.788065,-100.913882,"WGS84",45.1,562.2,0.1,"5 - capture","ShermanLF","2025-07-16","2025-07-16","NEON.MAM.D09.L9042",,"PELE","Peromyscus leucopus","species",,,,,"N","M","Y","processed",,"adult","scrotal",,,,22,,,,21,"N","N","N",,"fleas","dry ice",,,,,,,,,,,,,,,"0009-0006-6432-3978","0009-0002-2817-390X",,,,,"23adc2a2-a974-4693-aa90-9a3bbe1dcf2b"
"e795e18c-131e-44c9-8735-138dd1c7a40d","e10ac638-eec7-424b-93b7-862575cabfb7","NOGP_009.mammalGrid.mam","D09","NOGP","NOGP_009","J10","distributed","grasslandHerbaceous",46.800461,-100.914403,"WGS84",45.1,541.0,0.1,"6 - trap set and empty","ShermanLF","2025-07-16","2025-07-16",,,,,,,,,,,,,,,,,,,,,,,,,,,,,,,,,,,,,,,,,,,,,"0009-0000-8940-8632","0009-0000-9880-3001",,,,,"4b9459a1-e760-44e8-838c-50b78ca08e03"
"a82114b6-c339-4b52-9960-ab27e2571e2e","ddb09535-e2ed-4c9e-9df4-c66ef123c0ed","NOGP_017.mammalGrid.mam","D09","NOGP","NOGP_017","F8","distributed","grasslandHerbaceous",46.791856,-100.918686,"WGS84",45.1,556.8,0.1,"6 - trap set and empty","ShermanXLK","2025-07-16","2025-07-16",,,,,,,,,,,,,,,,,,,,,,,,,,,,,,,,,,,,,,,,,,,,,"0009-0000-9880-3001","0009-0006-7557-7412",,,,,"26102863-ff1d-4df0-9709-acf501b6f857"
"a988986e-db66-42e5-aa1b-349f2e078599","ddb09535-e2ed-4c9e-9df4-c66ef123c0ed","NOGP_017.mammalGrid.mam","D09","NOGP","NOGP_017","J7","distributed","grasslandHerbaceous",46.791856,-100.918686,"WGS84",45.1,556.8,0.1,"6 - trap set and empty","ShermanXLK","2025-07-16","2025-07-16",,,,,,,,,,,,,,,,,,,,,,,,,,,,,,,,,,,,,,,,,,,,,"0009-0000-9880-3001","0009-0006-7557-7412",,,,,"597048e8-ef1c-494d-9367-8e103e896ef8"
"4781abe2-f7f0-464f-863b-f0ef89488573","c4b86d9d-a115-4a0a-bde6-418364390020","NOGP_005.mammalGrid.mam","D09","NOGP","NOGP_005","H10","distributed","grasslandHerbaceous",46.788065,-100.913882,"WGS84",45.1,562.2,0.1,"6 - trap set and empty","ShermanLF","2025-07-16","2025-07-16",,,,,,,,,,,,,,,,,,,,,,,,,,,,,,,,,,,,,,,,,,,,,"0009-0006-6432-3978","0009-0002-2817-390X",,,,,"8a509394-4943-4790-8314-a8d6a45c993c"
"02d57c7d-40f5-4f94-b1cc-efa44e6fc482","ddb09535-e2ed-4c9e-9df4-c66ef123c0ed","NOGP_017.mammalGrid.mam","D09","NOGP","NOGP_017","A7","distributed","grasslandHerbaceous",46.791856,-100.918686,"WGS84",45.1,556.8,0.1,"6 - trap set and empty","ShermanXLK","2025-07-16","2025-07-16",,,,,,,,,,,,,,,,,,,,,,,,,,,,,,,,,,,,,,,,,,,,,"0009-0000-9880-3001","0009-0006-7557-7412",,,,,"6f35d5dd-79a0-4f73-aceb-f420ccf1c168"
"67e6f0d8-2934-4976-8a39-2908fb6fb168","4962b092-6f8c-41ee-829d-9e2c964a3eca","NOGP_002.mammalGrid.mam","D09","NOGP","NOGP_002","C6","distributed","grasslandHerbaceous",46.799664,-100.910770,"WGS84",45.1,547.4,0.1,"6 - trap set and empty","ShermanXLK","2025-07-16","2025-07-16",,,,,,,,,,,,,,,,,,,,,,,,,,,,,,,,,,,,,,,,,,,,,"0009-0000-8940-8632","0009-0000-9880-3001",,,,,"9678b452-f31b-4ce5-9351-13ccd8e475d1"
"6e0133aa-40b3-4268-a62d-ad1b4ff65e0f","e10ac638-eec7-424b-93b7-862575cabfb7","NOGP_009.mammalGrid.mam","D09","NOGP","NOGP_009","A7","distributed","grasslandHerbaceous",46.800461,-100.914403,"WGS84",45.1,541.0,0.1,"6 - trap set and empty","ShermanLF","2025-07-16","2025-07-16",,,,,,,,,,,,,,,,,,,,,,,,,,,,,,,,,,,,,,,,,,,,,"0009-0000-8940-8632","0009-0000-9880-3001",,,,,"e1ce2734-54c9-4df1-9cf0-6b660d8af283"
"8fb5dce9-9046-42db-b61b-2e8a6e3e12df","4962b092-6f8c-41ee-829d-9e2c964a3eca","NOGP_002.mammalGrid.mam","D09","NOGP","NOGP_002","G8","distributed","grasslandHerbaceous",46.799664,-100.910770,"WGS84",45.1,547.4,0.1,"6 - trap set and empty","ShermanXLK","2025-07-16","2025-07-16",,,,,,,,,,,,,,,,,,,,,,,,,,,,,,,,,,,,,,,,,,,,,"0009-0000-8940-8632","0009-0000-9880-3001",,,,,"a63a411e-8e6b-4d70-ba3f-d5d14efa5f65"
"405cfbf6-3a5e-4ae8-81c6-44af844c916a","c4b86d9d-a115-4a0a-bde6-418364390020","NOGP_005.mammalGrid.mam","D09","NOGP","NOGP_005","D1","distributed","grasslandHerbaceous",46.788065,-100.913882,"WGS84",45.1,562.2,0.1,"6 - trap set and empty","ShermanLF","2025-07-16","2025-07-16",,,,,,,,,,,,,,,,,,,,,,,,,,,,,,,,,,,,,,,,,,,,,"0009-0006-6432-3978","0009-0002-2817-390X",,,,,"2f664634-9bcf-47a5-97a6-d1f1e07e777e"
"f22e369c-34cc-4f98-95e6-3c67bf035bf0","c4b86d9d-a115-4a0a-bde6-418364390020","NOGP_005.mammalGrid.mam","D09","NOGP","NOGP_005","H8","distributed","grasslandHerbaceous",46.788065,-100.913882,"WGS84",45.1,562.2,0.1,"6 - trap set and empty","ShermanLF","2025-07-16","2025-07-16",,,,,,,,,,,,,,,,,,,,,,,,,,,,,,,,,,,,,,,,,,,,,"0009-0006-6432-3978","0009-0002-2817-390X",,,,,"e9d2a04e-77c1-4114-ab1c-456493e45538"
"6087c71d-93c6-4d8c-8d4d-b91d71aedac1","e10ac638-eec7-424b-93b7-862575cabfb7","NOGP_009.mammalGrid.mam","D09","NOGP","NOGP_009","F8","distributed","grasslandHerbaceous",46.800461,-100.914403,"WGS84",45.1,541.0,0.1,"6 - trap set and empty","ShermanLF","2025-07-16","2025-07-16",,,,,,,,,,,,,,,,,,,,,,,,,,,,,,,,,,,,,,,,,,,,,"0009-0000-8940-8632","0009-0000-9880-3001",,,,,"17ab6963-254f-4891-bdd1-6c6f729ea877"
"e0db2a06-89e5-4eed-8e63-5d07ff39fe98","ddb09535-e2ed-4c9e-9df4-c66ef123c0ed","NOGP_017.mammalGrid.mam","D09","NOGP","NOGP_017","G3","distributed","grasslandHerbaceous",46.791856,-100.918686,"WGS84",45.1,556.8,0.1,"6 - trap set and empty","ShermanXLK","2025-07-16","2025-07-16",,,,,,,,,,,,,,,,,,,,,,,,,,,,,,,,,,,,,,,,,,,,,"0009-0000-9880-3001","0009-0006-7557-7412",,,,,"4640792d-00df-4076-9195-ca3e6c85b548"
"4153a271-5254-47d4-ba9c-ec72d9b622f6","4962b092-6f8c-41ee-829d-9e2c964a3eca","NOGP_002.mammalGrid.mam","D09","NOGP","NOGP_002","E10","distributed","grasslandHerbaceous",46.799664,-100.910770,"WGS84",45.1,547.4,0.1,"6 - trap set and empty","ShermanXLK","2025-07-16","2025-07-16",,,,,,,,,,,,,,,,,,,,,,,,,,,,,,,,,,,,,,,,,,,,,"0009-0000-8940-8632","0009-0000-9880-3001",,,,,"ae922ee9-687f-4138-a3a2-509bab63e593"
"2b7b3c1d-a06a-4cf9-ba27-397ae22b53f5","ddb09535-e2ed-4c9e-9df4-c66ef123c0ed","NOGP_017.mammalGrid.mam","D09","NOGP","NOGP_017","G8","distributed","grasslandHerbaceous",46.791856,-100.918686,"WGS84",45.1,556.8,0.1,"6 - trap set and empty","ShermanXLK","2025-07-16","2025-07-16",,,,,,,,,,,,,,,,,,,,,,,,,,,,,,,,,,,,,,,,,,,,,"0009-0000-9880-3001","0009-0006-7557-7412",,,,,"f5591d7d-fab9-4f7a-aac3-6abdbbb8709c"
"95785aa9-382c-4b0b-bde0-2bb06bbdceb2","4962b092-6f8c-41ee-829d-9e2c964a3eca","NOGP_002.mammalGrid.mam","D09","NOGP","NOGP_002","E8","distributed","grasslandHerbaceous",46.799664,-100.910770,"WGS84",45.1,547.4,0.1,"6 - trap set and empty","ShermanXLK","2025-07-16","2025-07-16",,,,,,,,,,,,,,,,,,,,,,,,,,,,,,,,,,,,,,,,,,,,,"0009-0000-8940-8632","0009-0000-9880-3001",,,,,"5a9bf744-5561-49dd-8bee-b730ce8ddf0c"
"178a91c5-40da-4af8-a041-2a3d8a0d8439","e10ac638-eec7-424b-93b7-862575cabfb7","NOGP_009.mammalGrid.mam","D09","NOGP","NOGP_009","F6","distributed","grasslandHerbaceous",46.800461,-100.914403,"WGS84",45.1,541.0,0.1,"6 - trap set and empty","ShermanLF","2025-07-16","2025-07-16",,,,,,,,,,,,,,,,,,,,,,,,,,,,,,,,,,,,,,,,,,,,,"0009-0000-8940-8632","0009-0000-9880-3001",,,,,"225601dc-5be1-498e-beec-1ea09a09c41d"
"40b7c6eb-0118-46b6-9870-415f49f5e5ea","ddb09535-e2ed-4c9e-9df4-c66ef123c0ed","NOGP_017.mammalGrid.mam","D09","NOGP","NOGP_017","H8","distributed","grasslandHerbaceous",46.791856,-100.918686,"WGS84",45.1,556.8,0.1,"6 - trap set and empty","ShermanXLK","2025-07-16","2025-07-16",,,,,,,,,,,,,,,,,,,,,,,,,,,,,,,,,,,,,,,,,,,,,"0009-0000-9880-3001","0009-0006-7557-7412",,,,,"9f43e78e-d038-417e-93c5-10ea7841fbc2"
"b43f1cfd-2cf3-436e-8791-74ff37b99394","4962b092-6f8c-41ee-829d-9e2c964a3eca","NOGP_002.mammalGrid.mam","D09","NOGP","NOGP_002","J9","distributed","grasslandHerbaceous",46.799664,-100.910770,"WGS84",45.1,547.4,0.1,"6 - trap set and empty","ShermanXLK","2025-07-16","2025-07-16",,,,,,,,,,,,,,,,,,,,,,,,,,,,,,,,,,,,,,,,,,,,,"0009-0000-8940-8632","0009-0000-9880-3001",,,,,"fd2f39a1-5b35-44ca-a709-8fe9456f0e3e"
"41ae301f-96f8-4d20-baa2-f7c64408a315","c4b86d9d-a115-4a0a-bde6-418364390020","NOGP_005.mammalGrid.mam","D09","NOGP","NOGP_005","B9","distributed","grasslandHerbaceous",46.788065,-100.913882,"WGS84",45.1,562.2,0.1,"6 - trap set and empty","ShermanLF","2025-07-16","2025-07-16",,,,,,,,,,,,,,,,,,,,,,,,,,,,,,,,,,,,,,,,,,,,,"0009-0006-6432-3978","0009-0002-2817-390X",,,,,"893995df-9308-436a-af69-b9a5167df97c"
"9d230054-6e8b-4a9d-a1a1-72a703e47caf","ddb09535-e2ed-4c9e-9df4-c66ef123c0ed","NOGP_017.mammalGrid.mam","D09","NOGP","NOGP_017","C9","distributed","grasslandHerbaceous",46.791856,-100.918686,"WGS84",45.1,556.8,0.1,"6 - trap set and empty","ShermanXLK","2025-07-16","2025-07-16",,,,,,,,,,,,,,,,,,,,,,,,,,,,,,,,,,,,,,,,,,,,,"0009-0000-9880-3001","0009-0006-7557-7412",,,,,"d1d42f5d-c06e-4535-9d19-1a04eeb45836"
"70c0479d-f0fc-4150-86a7-4bfd294ab0f4","e10ac638-eec7-424b-93b7-862575cabfb7","NOGP_009.mammalGrid.mam","D09","NOGP","NOGP_009","F9","distributed","grasslandHerbaceous",46.800461,-100.914403,"WGS84",45.1,541.0,0.1,"6 - trap set and empty","ShermanLF","2025-07-16","2025-07-16",,,,,,,,,,,,,,,,,,,,,,,,,,,,,,,,,,,,,,,,,,,,,"0009-0000-8940-8632","0009-0000-9880-3001",,,,,"b8f1b249-9825-40c0-ab41-6568b1da327e"
"7b76a178-4f0d-43ff-9358-fda51684d1a4","c4b86d9d-a115-4a0a-bde6-418364390020","NOGP_005.mammalGrid.mam","D09","NOGP","NOGP_005","A6","distributed","grasslandHerbaceous",46.788065,-100.913882,"WGS84",45.1,562.2,0.1,"5 - capture","ShermanLF","2025-07-16","2025-07-16","NEON.MAM.D09.L8487",,"PEMA","Peromyscus maniculatus","species",,,,,"N","M","Y","processed",,"adult","nonscrotal",,,,19,,,,25,"N","N","N",,"botflies","dry ice",,,,,"NOGP.20250716.L8487.F","D00000199923","ok",,,,,,,,"0009-0006-6432-3978","0009-0002-2817-390X",,,,,"0630ecb0-47ca-46db-a96f-f14095f2e754"
"c8016a8f-87e5-41a6-9498-5edbddd01680","4962b092-6f8c-41ee-829d-9e2c964a3eca","NOGP_002.mammalGrid.mam","D09","NOGP","NOGP_002","A2","distributed","grasslandHerbaceous",46.799664,-100.910770,"WGS84",45.1,547.4,0.1,"6 - trap set and empty","ShermanXLK","2025-07-16","2025-07-16",,,,,,,,,,,,,,,,,,,,,,,,,,,,,,,,,,,,,,,,,,,,,"0009-0000-8940-8632","0009-0000-9880-3001",,,,,"616641b4-842f-41b9-9da4-bde1f3cc8f41"
"f4b1f9d3-9195-4869-8178-92baef5269b7","4962b092-6f8c-41ee-829d-9e2c964a3eca","NOGP_002.mammalGrid.mam","D09","NOGP","NOGP_002","B9","distributed","grasslandHerbaceous",46.799664,-100.910770,"WGS84",45.1,547.4,0.1,"6 - trap set and empty","ShermanXLK","2025-07-16","2025-07-16",,,,,,,,,,,,,,,,,,,,,,,,,,,,,,,,,,,,,,,,,,,,,"0009-0000-8940-8632","0009-0000-9880-3001",,,,,"86c07f7f-b878-43ee-89f3-d2a8e0a82440"
"4fdef32f-45a0-40f7-978b-44869e94e899","e10ac638-eec7-424b-93b7-862575cabfb7","NOGP_009.mammalGrid.mam","D09","NOGP","NOGP_009","A10","distributed","grasslandHerbaceous",46.800461,-100.914403,"WGS84",45.1,541.0,0.1,"6 - trap set and empty","ShermanLF","2025-07-16","2025-07-16",,,,,,,,,,,,,,,,,,,,,,,,,,,,,,,,,,,,,,,,,,,,,"0009-0000-8940-8632","0009-0000-9880-3001",,,,,"be26b939-7c72-485e-bb60-73991659a6b4"
"25385461-45cf-4238-b3c0-1a910aed10a1","ddb09535-e2ed-4c9e-9df4-c66ef123c0ed","NOGP_017.mammalGrid.mam","D09","NOGP","NOGP_017","I3","distributed","grasslandHerbaceous",46.791856,-100.918686,"WGS84",45.1,556.8,0.1,"6 - trap set and empty","ShermanXLK","2025-07-16","2025-07-16",,,,,,,,,,,,,,,,,,,,,,,,,,,,,,,,,,,,,,,,,,,,,"0009-0000-9880-3001","0009-0006-7557-7412",,,,,"0aca4ddc-cff4-4bae-a9be-35b4141289d3"
"a9618fb3-cbc3-4eaf-9a7d-13abe66ee68e","c4b86d9d-a115-4a0a-bde6-418364390020","NOGP_005.mammalGrid.mam","D09","NOGP","NOGP_005","E6","distributed","grasslandHerbaceous",46.788065,-100.913882,"WGS84",45.1,562.2,0.1,"6 - trap set and empty","ShermanLF","2025-07-16","2025-07-16",,,,,,,,,,,,,,,,,,,,,,,,,,,,,,,,,,,,,,,,,,,,,"0009-0006-6432-3978","0009-0002-2817-390X",,,,,"6a7f1d74-0af9-42fc-8e38-774ad4239a69"
"9c9f3e76-1e41-4475-8feb-7ecf1da6679d","e10ac638-eec7-424b-93b7-862575cabfb7","NOGP_009.mammalGrid.mam","D09","NOGP","NOGP_009","F2","distributed","grasslandHerbaceous",46.800461,-100.914403,"WGS84",45.1,541.0,0.1,"6 - trap set and empty","ShermanLF","2025-07-16","2025-07-16",,,,,,,,,,,,,,,,,,,,,,,,,,,,,,,,,,,,,,,,,,,,,"0009-0000-8940-8632","0009-0000-9880-3001",,,,,"dd53ac1f-5019-4de5-afa3-764acd61f11b"
"2e285997-a37c-4d00-ab0e-69006a4ff8ba","e10ac638-eec7-424b-93b7-862575cabfb7","NOGP_009.mammalGrid.mam","D09","NOGP","NOGP_009","C4","distributed","grasslandHerbaceous",46.800461,-100.914403,"WGS84",45.1,541.0,0.1,"6 - trap set and empty","ShermanLF","2025-07-16","2025-07-16",,,,,,,,,,,,,,,,,,,,,,,,,,,,,,,,,,,,,,,,,,,,,"0009-0000-8940-8632","0009-0000-9880-3001",,,,,"c1eb168b-e04e-4846-86ea-2ded83b1425b"
"9f61dc23-6c01-4291-9bd1-bc186f3d99f1","ddb09535-e2ed-4c9e-9df4-c66ef123c0ed","NOGP_017.mammalGrid.mam","D09","NOGP","NOGP_017","E6","distributed","grasslandHerbaceous",46.791856,-100.918686,"WGS84",45.1,556.8,0.1,"6 - trap set and empty","ShermanXLK","2025-07-16","2025-07-16",,,,,,,,,,,,,,,,,,,,,,,,,,,,,,,,,,,,,,,,,,,,,"0009-0000-9880-3001","0009-0006-7557-7412",,,,,"ac786c44-79b3-4e22-8145-4625e19258b5"
"c1176cca-b11a-4ac4-8b76-8bce8e351574","4962b092-6f8c-41ee-829d-9e2c964a3eca","NOGP_002.mammalGrid.mam","D09","NOGP","NOGP_002","B5","distributed","grasslandHerbaceous",46.799664,-100.910770,"WGS84",45.1,547.4,0.1,"6 - trap set and empty","ShermanXLK","2025-07-16","2025-07-16",,,,,,,,,,,,,,,,,,,,,,,,,,,,,,,,,,,,,,,,,,,,,"0009-0000-8940-8632","0009-0000-9880-3001",,,,,"a2c0b854-8612-4e2a-a309-289cb438b369"
"8c59968c-96f6-4a55-9c03-501abbf94adc","ddb09535-e2ed-4c9e-9df4-c66ef123c0ed","NOGP_017.mammalGrid.mam","D09","NOGP","NOGP_017","F7","distributed","grasslandHerbaceous",46.791856,-100.918686,"WGS84",45.1,556.8,0.1,"6 - trap set and empty","ShermanXLK","2025-07-16","2025-07-16",,,,,,,,,,,,,,,,,,,,,,,,,,,,,,,,,,,,,,,,,,,,,"0009-0000-9880-3001","0009-0006-7557-7412",,,,,"392e1451-a141-45ca-b69f-f46770d57a92"
"d23185e9-0998-442d-bd4c-3af752718201","4962b092-6f8c-41ee-829d-9e2c964a3eca","NOGP_002.mammalGrid.mam","D09","NOGP","NOGP_002","D2","distributed","grasslandHerbaceous",46.799664,-100.910770,"WGS84",45.1,547.4,0.1,"6 - trap set and empty","ShermanXLK","2025-07-16","2025-07-16",,,,,,,,,,,,,,,,,,,,,,,,,,,,,,,,,,,,,,,,,,,,,"0009-0000-8940-8632","0009-0000-9880-3001",,,,,"93174eb3-13ba-49fc-ac4d-8a4e1358e36f"
"27b5fdb5-3f34-4e91-a6ac-a3bfc8a28a41","e10ac638-eec7-424b-93b7-862575cabfb7","NOGP_009.mammalGrid.mam","D09","NOGP","NOGP_009","J3","distributed","grasslandHerbaceous",46.800461,-100.914403,"WGS84",45.1,541.0,0.1,"6 - trap set and empty","ShermanLF","2025-07-16","2025-07-16",,,,,,,,,,,,,,,,,,,,,,,,,,,,,,,,,,,,,,,,,,,,,"0009-0000-8940-8632","0009-0000-9880-3001",,,,,"a3946678-4b3d-44c2-93d8-806f69f92c04"
"605e5696-6910-4afa-a376-c2d375a32d74","e10ac638-eec7-424b-93b7-862575cabfb7","NOGP_009.mammalGrid.mam","D09","NOGP","NOGP_009","B7","distributed","grasslandHerbaceous",46.800461,-100.914403,"WGS84",45.1,541.0,0.1,"6 - trap set and empty","ShermanLF","2025-07-16","2025-07-16",,,,,,,,,,,,,,,,,,,,,,,,,,,,,,,,,,,,,,,,,,,,,"0009-0000-8940-8632","0009-0000-9880-3001",,,,,"8ed04ed6-b3e3-48c8-ba79-75d035a6422c"
"32b4e8f3-c7f1-42f7-a868-0990a66bc365","4962b092-6f8c-41ee-829d-9e2c964a3eca","NOGP_002.mammalGrid.mam","D09","NOGP","NOGP_002","B10","distributed","grasslandHerbaceous",46.799664,-100.910770,"WGS84",45.1,547.4,0.1,"6 - trap set and empty","ShermanXLK","2025-07-16","2025-07-16",,,,,,,,,,,,,,,,,,,,,,,,,,,,,,,,,,,,,,,,,,,,,"0009-0000-8940-8632","0009-0000-9880-3001",,,,,"41c2e0d1-bc27-4cc1-bcc5-db03fd73f9a9"
"363a046c-6f0e-4727-b212-57bfdbbba421","4962b092-6f8c-41ee-829d-9e2c964a3eca","NOGP_002.mammalGrid.mam","D09","NOGP","NOGP_002","E3","distributed","grasslandHerbaceous",46.799664,-100.910770,"WGS84",45.1,547.4,0.1,"6 - trap set and empty","ShermanXLK","2025-07-16","2025-07-16",,,,,,,,,,,,,,,,,,,,,,,,,,,,,,,,,,,,,,,,,,,,,"0009-0000-8940-8632","0009-0000-9880-3001",,,,,"b83ed399-5f55-4e15-997f-854517b793f5"
"2b57f06f-291d-448d-8053-a978cc160246","e10ac638-eec7-424b-93b7-862575cabfb7","NOGP_009.mammalGrid.mam","D09","NOGP","NOGP_009","J7","distributed","grasslandHerbaceous",46.800461,-100.914403,"WGS84",45.1,541.0,0.1,"6 - trap set and empty","ShermanLF","2025-07-16","2025-07-16",,,,,,,,,,,,,,,,,,,,,,,,,,,,,,,,,,,,,,,,,,,,,"0009-0000-8940-8632","0009-0000-9880-3001",,,,,"25521a96-2d33-4969-a3fd-b1def494bec7"
"44429e4d-f941-4fde-8844-fe5ee692562d","4962b092-6f8c-41ee-829d-9e2c964a3eca","NOGP_002.mammalGrid.mam","D09","NOGP","NOGP_002","D5","distributed","grasslandHerbaceous",46.799664,-100.910770,"WGS84",45.1,547.4,0.1,"5 - capture","ShermanXLK","2025-07-16","2025-07-16","NEON.MAM.D09.L9180",,"REME","Reithrodontomys megalotis","species",,,,,"N","M","N","processed",,"adult","scrotal",,,,15,,,,11,"N","N","N",,"none","dry ice","NOGP.20250716.L9180.B","D00000245981","mandibular - QNS","10-20","NOGP.20250716.L9180.F","D00000245957","ok","NOGP.20250716.L9180.E","D00000245970","NOGP.20250716.L9180.H","A00000378852","hairAndWhisker",,,"0009-0000-8940-8632","0009-0000-9880-3001",,,,,"0e340d27-785b-4d5e-b12b-c9ff0d841215"
"e67b395b-7f7d-43b4-8879-9b5f0c310bd8","c4b86d9d-a115-4a0a-bde6-418364390020","NOGP_005.mammalGrid.mam","D09","NOGP","NOGP_005","E4","distributed","grasslandHerbaceous",46.788065,-100.913882,"WGS84",45.1,562.2,0.1,"6 - trap set and empty","ShermanLF","2025-07-16","2025-07-16",,,,,,,,,,,,,,,,,,,,,,,,,,,,,,,,,,,,,,,,,,,,,"0009-0006-6432-3978","0009-0002-2817-390X",,,,,"b3985759-ab4c-4be3-ae4b-64c8fcd2b36e"
"31c6284b-3959-42d1-a467-f6282aea6cb2","ddb09535-e2ed-4c9e-9df4-c66ef123c0ed","NOGP_017.mammalGrid.mam","D09","NOGP","NOGP_017","B8","distributed","grasslandHerbaceous",46.791856,-100.918686,"WGS84",45.1,556.8,0.1,"5 - capture","ShermanXLK","2025-07-16","2025-07-16","NEON.MAM.D09.L8847",,"REME","Reithrodontomys megalotis","species",,,,,"N","M","N","processed",,"adult","scrotal",,,,16,,,,10,"N","N","N",,"none","dry ice",,,,,"NOGP.20250716.L8847.F","D00000245966","ok","NOGP.20250716.L8847.E","D00000245954","NOGP.20250716.L8847.H","A00000395904","hairAndWhisker",,,"0009-0000-9880-3001","0009-0006-7557-7412",,,,,"cf957268-e900-4a81-bad1-260b2bd5d76e"
"6ce8ae68-44bd-4bb5-a2fe-cf125ad4364e","e10ac638-eec7-424b-93b7-862575cabfb7","NOGP_009.mammalGrid.mam","D09","NOGP","NOGP_009","H10","distributed","grasslandHerbaceous",46.800461,-100.914403,"WGS84",45.1,541.0,0.1,"6 - trap set and empty","ShermanLF","2025-07-16","2025-07-16",,,,,,,,,,,,,,,,,,,,,,,,,,,,,,,,,,,,,,,,,,,,,"0009-0000-8940-8632","0009-0000-9880-3001",,,,,"b45a2136-88e2-43fc-9c36-89f5d8afaab6"
"bea3c69f-8345-4058-96a4-d901e7e624f4","e10ac638-eec7-424b-93b7-862575cabfb7","NOGP_009.mammalGrid.mam","D09","NOGP","NOGP_009","C10","distributed","grasslandHerbaceous",46.800461,-100.914403,"WGS84",45.1,541.0,0.1,"6 - trap set and empty","ShermanLF","2025-07-16","2025-07-16",,,,,,,,,,,,,,,,,,,,,,,,,,,,,,,,,,,,,,,,,,,,,"0009-0000-8940-8632","0009-0000-9880-3001",,,,,"22a2efad-4395-4bc7-bc14-ba446aab2780"
"4ea3c960-91f0-457f-bfb1-e43a10269eb7","e10ac638-eec7-424b-93b7-862575cabfb7","NOGP_009.mammalGrid.mam","D09","NOGP","NOGP_009","E5","distributed","grasslandHerbaceous",46.800461,-100.914403,"WGS84",45.1,541.0,0.1,"3 - trap door open or closed w/ spoor left","ShermanLF","2025-07-16","2025-07-16",,,,,,,,,,,,,,,,,,,,,,,,,,,,,"did not check","dry ice",,,,,,,,,,,,,,,"0009-0000-8940-8632","0009-0000-9880-3001",,,,,"8e802eeb-97ca-4c0f-b8de-c37462f4c572"
"5c740462-e4f7-4dfa-90f2-e2be75c326fc","ddb09535-e2ed-4c9e-9df4-c66ef123c0ed","NOGP_017.mammalGrid.mam","D09","NOGP","NOGP_017","J4","distributed","grasslandHerbaceous",46.791856,-100.918686,"WGS84",45.1,556.8,0.1,"6 - trap set and empty","ShermanXLK","2025-07-16","2025-07-16",,,,,,,,,,,,,,,,,,,,,,,,,,,,,,,,,,,,,,,,,,,,,"0009-0000-9880-3001","0009-0006-7557-7412",,,,,"eab64f99-3e4b-4511-9b59-014ecc2e6ed0"
"43b14dd9-b01c-421f-a30c-b668900a0ada","e10ac638-eec7-424b-93b7-862575cabfb7","NOGP_009.mammalGrid.mam","D09","NOGP","NOGP_009","E2","distributed","grasslandHerbaceous",46.800461,-100.914403,"WGS84",45.1,541.0,0.1,"6 - trap set and empty","ShermanLF","2025-07-16","2025-07-16",,,,,,,,,,,,,,,,,,,,,,,,,,,,,,,,,,,,,,,,,,,,,"0009-0000-8940-8632","0009-0000-9880-3001",,,,,"c36ea7ba-b783-43ec-87c4-41451d634abd"
"c70413c8-d510-44c8-9486-2dfdc5082ef3","ddb09535-e2ed-4c9e-9df4-c66ef123c0ed","NOGP_017.mammalGrid.mam","D09","NOGP","NOGP_017","H5","distributed","grasslandHerbaceous",46.791856,-100.918686,"WGS84",45.1,556.8,0.1,"6 - trap set and empty","ShermanXLK","2025-07-16","2025-07-16",,,,,,,,,,,,,,,,,,,,,,,,,,,,,,,,,,,,,,,,,,,,,"0009-0000-9880-3001","0009-0006-7557-7412",,,,,"c6c0c317-ef70-42d1-8cac-07cc336c0f8b"
"7d2ceb7c-6e0b-4084-8bac-876c3332e98f","e10ac638-eec7-424b-93b7-862575cabfb7","NOGP_009.mammalGrid.mam","D09","NOGP","NOGP_009","D8","distributed","grasslandHerbaceous",46.800461,-100.914403,"WGS84",45.1,541.0,0.1,"6 - trap set and empty","ShermanLF","2025-07-16","2025-07-16",,,,,,,,,,,,,,,,,,,,,,,,,,,,,,,,,,,,,,,,,,,,,"0009-0000-8940-8632","0009-0000-9880-3001",,,,,"17c35415-78ad-45c4-8972-505e1c63e60d"
"d5a3d305-239d-4d61-a0f7-37f39601997b","e10ac638-eec7-424b-93b7-862575cabfb7","NOGP_009.mammalGrid.mam","D09","NOGP","NOGP_009","G5","distributed","grasslandHerbaceous",46.800461,-100.914403,"WGS84",45.1,541.0,0.1,"4 - more than 1 capture in one trap","ShermanLF","2025-07-16","2025-07-16","NEON.MAM.D09.L9178",,"REME","Reithrodontomys megalotis","species",,,,,"N","M","N","processed",,"subadult","nonscrotal",,,,15,,,,10,"N","N","N",,"none","dry ice",,,,,"NOGP.20250716.L9178.F","D00000197816","ok","NOGP.20250716.L9178.E","D00000245992",,,,,,"0009-0000-8940-8632","0009-0000-9880-3001",,,,,"d9d2f8ac-7968-447f-bc80-9976b6c40dad"
"97576284-6ecd-4891-a282-d6a7d9356414","ddb09535-e2ed-4c9e-9df4-c66ef123c0ed","NOGP_017.mammalGrid.mam","D09","NOGP","NOGP_017","E2","distributed","grasslandHerbaceous",46.791856,-100.918686,"WGS84",45.1,556.8,0.1,"6 - trap set and empty","ShermanXLK","2025-07-16","2025-07-16",,,,,,,,,,,,,,,,,,,,,,,,,,,,,,,,,,,,,,,,,,,,,"0009-0000-9880-3001","0009-0006-7557-7412",,,,,"a8293a1f-e4a1-44d5-8e45-bce5fc8a70b6"
"a2811fc4-6949-4982-b87b-7742539a7351","c4b86d9d-a115-4a0a-bde6-418364390020","NOGP_005.mammalGrid.mam","D09","NOGP","NOGP_005","B3","distributed","grasslandHerbaceous",46.788065,-100.913882,"WGS84",45.1,562.2,0.1,"5 - capture","ShermanLF","2025-07-16","2025-07-16","NEON.MAM.D09.L8318",,"PEMA","Peromyscus maniculatus","species",,,,,"N","M","Y","processed",,"adult","scrotal",,,,19,,,,16,"N","N","N",,"none","dry ice",,,,,"NOGP.20250716.L8318.F","D00000245385","ok",,,,,,,,"0009-0006-6432-3978","0009-0002-2817-390X",,,,,"b6ae193f-869d-4450-9da4-41880926d757"
"e60c2764-20fd-4c45-bb83-fab7bf8aedb6","ddb09535-e2ed-4c9e-9df4-c66ef123c0ed","NOGP_017.mammalGrid.mam","D09","NOGP","NOGP_017","A1","distributed","grasslandHerbaceous",46.791856,-100.918686,"WGS84",45.1,556.8,0.1,"5 - capture","ShermanXLK","2025-07-16","2025-07-16","NEON.MAM.D09.R8805",,"MIPE","Microtus pennsylvanicus","species",,,,,"N","M","Y","processed",,"adult","nonscrotal",,,,17,,,,33,"N","Y","N","1-5","botflies","dry ice",,,,,"NOGP.20250716.R8805.F","D00000245973","ok",,,,,,,,"0009-0000-9880-3001","0009-0006-7557-7412",,,,,"9b6b2d12-a2ae-4078-938b-4b034243b735"
"5e45f631-4a75-4502-bb47-26669141e960","e10ac638-eec7-424b-93b7-862575cabfb7","NOGP_009.mammalGrid.mam","D09","NOGP","NOGP_009","C8","distributed","grasslandHerbaceous",46.800461,-100.914403,"WGS84",45.1,541.0,0.1,"3 - trap door open or closed w/ spoor left","ShermanLF","2025-07-16","2025-07-16",,,,,,,,,,,,,,,,,,,,,,,,,,,,,"did not check","dry ice",,,,,,,,,,,,,,,"0009-0000-8940-8632","0009-0000-9880-3001",,,,,"870a8e4b-478a-49d6-9b21-00f8294b9a11"
"47c70d9c-67a6-4807-ad4d-f022d638022e","c4b86d9d-a115-4a0a-bde6-418364390020","NOGP_005.mammalGrid.mam","D09","NOGP","NOGP_005","B6","distributed","grasslandHerbaceous",46.788065,-100.913882,"WGS84",45.1,562.2,0.1,"5 - capture","ShermanLF","2025-07-16","2025-07-16","NEON.MAM.D09.R8312",,"PEMA","Peromyscus maniculatus","species",,,,,"N","F","Y","processed",,"adult",,"nonenlarged","not","neither",19,,,,18,"N","N","N",,"none","dry ice",,,,,,,,,,,,,,,"0009-0006-6432-3978","0009-0002-2817-390X",,,,,"ac8774df-3e2e-46eb-a7ac-712fba786859"
"4cda3475-2118-425f-9543-041753a81eed","c4b86d9d-a115-4a0a-bde6-418364390020","NOGP_005.mammalGrid.mam","D09","NOGP","NOGP_005","H3","distributed","grasslandHerbaceous",46.788065,-100.913882,"WGS84",45.1,562.2,0.1,"6 - trap set and empty","ShermanLF","2025-07-16","2025-07-16",,,,,,,,,,,,,,,,,,,,,,,,,,,,,,,,,,,,,,,,,,,,,"0009-0006-6432-3978","0009-0002-2817-390X",,,,,"8684d0c8-e877-4236-8618-4ab4f7e17349"
"13552e70-ae15-472e-97b2-1b433ec7ec98","ddb09535-e2ed-4c9e-9df4-c66ef123c0ed","NOGP_017.mammalGrid.mam","D09","NOGP","NOGP_017","I4","distributed","grasslandHerbaceous",46.791856,-100.918686,"WGS84",45.1,556.8,0.1,"6 - trap set and empty","ShermanXLK","2025-07-16","2025-07-16",,,,,,,,,,,,,,,,,,,,,,,,,,,,,,,,,,,,,,,,,,,,,"0009-0000-9880-3001","0009-0006-7557-7412",,,,,"23638374-8692-4a7d-8acf-ccf7cee1282e"
"07945fef-0119-458b-805a-1c7039a24560","4962b092-6f8c-41ee-829d-9e2c964a3eca","NOGP_002.mammalGrid.mam","D09","NOGP","NOGP_002","A4","distributed","grasslandHerbaceous",46.799664,-100.910770,"WGS84",45.1,547.4,0.1,"6 - trap set and empty","ShermanXLK","2025-07-16","2025-07-16",,,,,,,,,,,,,,,,,,,,,,,,,,,,,,,,,,,,,,,,,,,,,"0009-0000-8940-8632","0009-0000-9880-3001",,,,,"484a27e0-159d-495b-8d79-884bcb0241f5"
"4d1ce586-a930-43b6-a58b-96ba6e7e22db","ddb09535-e2ed-4c9e-9df4-c66ef123c0ed","NOGP_017.mammalGrid.mam","D09","NOGP","NOGP_017","C1","distributed","grasslandHerbaceous",46.791856,-100.918686,"WGS84",45.1,556.8,0.1,"6 - trap set and empty","ShermanXLK","2025-07-16","2025-07-16",,,,,,,,,,,,,,,,,,,,,,,,,,,,,,,,,,,,,,,,,,,,,"0009-0000-9880-3001","0009-0006-7557-7412",,,,,"aeda8d4d-dd2d-4914-9133-fbccf78f1642"
"3b8cd1be-5d2b-4b0d-845f-8d776e3af3d9","ddb09535-e2ed-4c9e-9df4-c66ef123c0ed","NOGP_017.mammalGrid.mam","D09","NOGP","NOGP_017","B10","distributed","grasslandHerbaceous",46.791856,-100.918686,"WGS84",45.1,556.8,0.1,"6 - trap set and empty","ShermanXLK","2025-07-16","2025-07-16",,,,,,,,,,,,,,,,,,,,,,,,,,,,,,,,,,,,,,,,,,,,,"0009-0000-9880-3001","0009-0006-7557-7412",,,,,"f3da0aef-c478-43d9-b985-8bcb68becf1f"
"f9b08058-b4c7-4b8a-93b5-b62bb91bb209","4962b092-6f8c-41ee-829d-9e2c964a3eca","NOGP_002.mammalGrid.mam","D09","NOGP","NOGP_002","H1","distributed","grasslandHerbaceous",46.799664,-100.910770,"WGS84",45.1,547.4,0.1,"6 - trap set and empty","ShermanXLK","2025-07-16","2025-07-16",,,,,,,,,,,,,,,,,,,,,,,,,,,,,,,,,,,,,,,,,,,,,"0009-0000-8940-8632","0009-0000-9880-3001",,,,,"e93c921a-5c5f-406f-bf2a-6723669795fc"
"9c3f5976-be09-4ff3-9cf7-a5a2e5f1ab83","4962b092-6f8c-41ee-829d-9e2c964a3eca","NOGP_002.mammalGrid.mam","D09","NOGP","NOGP_002","F6","distributed","grasslandHerbaceous",46.799664,-100.910770,"WGS84",45.1,547.4,0.1,"6 - trap set and empty","ShermanXLK","2025-07-16","2025-07-16",,,,,,,,,,,,,,,,,,,,,,,,,,,,,,,,,,,,,,,,,,,,,"0009-0000-8940-8632","0009-0000-9880-3001",,,,,"3b321091-13ef-42c4-aa0e-a823c00eb437"
"1f1c2cd4-52a3-4da1-a8ac-ceee0484e63b","e10ac638-eec7-424b-93b7-862575cabfb7","NOGP_009.mammalGrid.mam","D09","NOGP","NOGP_009","B5","distributed","grasslandHerbaceous",46.800461,-100.914403,"WGS84",45.1,541.0,0.1,"3 - trap door open or closed w/ spoor left","ShermanLF","2025-07-16","2025-07-16",,,,,,,,,,,,,,,,,,,,,,,,,,,,,"did not check","dry ice",,,,,,,,,,,,,,,"0009-0000-8940-8632","0009-0000-9880-3001",,,,,"9633dcfc-a087-421b-9f60-c27b7e819460"
"bef8b266-38e0-4478-a23e-7c72d8f23e07","c4b86d9d-a115-4a0a-bde6-418364390020","NOGP_005.mammalGrid.mam","D09","NOGP","NOGP_005","G2","distributed","grasslandHerbaceous",46.788065,-100.913882,"WGS84",45.1,562.2,0.1,"6 - trap set and empty","ShermanLF","2025-07-16","2025-07-16",,,,,,,,,,,,,,,,,,,,,,,,,,,,,,,,,,,,,,,,,,,,,"0009-0006-6432-3978","0009-0002-2817-390X",,,,,"4ef1aa12-e611-48be-b836-1382bae68b4d"
"4b5bfa9f-aef3-4c9c-a663-815be17a82a2","e10ac638-eec7-424b-93b7-862575cabfb7","NOGP_009.mammalGrid.mam","D09","NOGP","NOGP_009","H3","distributed","grasslandHerbaceous",46.800461,-100.914403,"WGS84",45.1,541.0,0.1,"6 - trap set and empty","ShermanLF","2025-07-16","2025-07-16",,,,,,,,,,,,,,,,,,,,,,,,,,,,,,,,,,,,,,,,,,,,,"0009-0000-8940-8632","0009-0000-9880-3001",,,,,"debf8669-abbd-4d85-bb20-d6af8e9f67e0"
"77d3773a-9c68-4169-b7f1-99a4897c8cfe","4962b092-6f8c-41ee-829d-9e2c964a3eca","NOGP_002.mammalGrid.mam","D09","NOGP","NOGP_002","C10","distributed","grasslandHerbaceous",46.799664,-100.910770,"WGS84",45.1,547.4,0.1,"3 - trap door open or closed w/ spoor left","ShermanXLK","2025-07-16","2025-07-16",,,,,,,,,,,,,,,,,,,,,,,,,,,,,"did not check","dry ice",,,,,,,,,,,,,,,"0009-0000-8940-8632","0009-0000-9880-3001",,,,,"2a86f6ab-ad21-4d2c-ab32-347f22a5aa17"
"c0ebd810-a5e1-451c-86a3-8beb46dd8943","ddb09535-e2ed-4c9e-9df4-c66ef123c0ed","NOGP_017.mammalGrid.mam","D09","NOGP","NOGP_017","C7","distributed","grasslandHerbaceous",46.791856,-100.918686,"WGS84",45.1,556.8,0.1,"6 - trap set and empty","ShermanXLK","2025-07-16","2025-07-16",,,,,,,,,,,,,,,,,,,,,,,,,,,,,,,,,,,,,,,,,,,,,"0009-0000-9880-3001","0009-0006-7557-7412",,,,,"5b74596b-5e47-475e-8612-13309381e4ee"
"e983e713-a525-4aa7-8243-a43524f567dd","c4b86d9d-a115-4a0a-bde6-418364390020","NOGP_005.mammalGrid.mam","D09","NOGP","NOGP_005","I10","distributed","grasslandHerbaceous",46.788065,-100.913882,"WGS84",45.1,562.2,0.1,"5 - capture","ShermanLF","2025-07-16","2025-07-16","NEON.MAM.D09.R8488",,"ZAHU","Zapus hudsonius","species",,,,,"N","M","Y","processed",,"adult","scrotal",,,,32,,,,23,"N","N","N",,"none","dry ice","NOGP.20250716.R8488.B","D00000245378","mandibular",,,,,,,,,,,,"0009-0006-6432-3978","0009-0002-2817-390X",,,,,"397023dc-8263-4a7a-9e05-076e0854c446"
"8674571a-772e-4f23-bc04-7c63316739d2","4962b092-6f8c-41ee-829d-9e2c964a3eca","NOGP_002.mammalGrid.mam","D09","NOGP","NOGP_002","B2","distributed","grasslandHerbaceous",46.799664,-100.910770,"WGS84",45.1,547.4,0.1,"6 - trap set and empty","ShermanXLK","2025-07-16","2025-07-16",,,,,,,,,,,,,,,,,,,,,,,,,,,,,,,,,,,,,,,,,,,,,"0009-0000-8940-8632","0009-0000-9880-3001",,,,,"8001b9e2-098a-4aaa-84ec-3319da13e27a"
"16b016d8-47bd-465d-9c3b-4703d798f14c","4962b092-6f8c-41ee-829d-9e2c964a3eca","NOGP_002.mammalGrid.mam","D09","NOGP","NOGP_002","J5","distributed","grasslandHerbaceous",46.799664,-100.910770,"WGS84",45.1,547.4,0.1,"6 - trap set and empty","ShermanXLK","2025-07-16","2025-07-16",,,,,,,,,,,,,,,,,,,,,,,,,,,,,,,,,,,,,,,,,,,,,"0009-0000-8940-8632","0009-0000-9880-3001",,,,,"c4615876-0459-44d9-9933-86cf2a08b793"
"d67eb7f1-1a20-46e7-94d8-70d68f9958c6","c4b86d9d-a115-4a0a-bde6-418364390020","NOGP_005.mammalGrid.mam","D09","NOGP","NOGP_005","A1","distributed","grasslandHerbaceous",46.788065,-100.913882,"WGS84",45.1,562.2,0.1,"6 - trap set and empty","ShermanLF","2025-07-16","2025-07-16",,,,,,,,,,,,,,,,,,,,,,,,,,,,,,,,,,,,,,,,,,,,,"0009-0006-6432-3978","0009-0002-2817-390X",,,,,"443c9dba-1726-4a6d-b943-5b8df4f517b1"
"b39a7078-bfdc-4640-910d-dfe35364d760","c4b86d9d-a115-4a0a-bde6-418364390020","NOGP_005.mammalGrid.mam","D09","NOGP","NOGP_005","J1","distributed","grasslandHerbaceous",46.788065,-100.913882,"WGS84",45.1,562.2,0.1,"5 - capture","ShermanLF","2025-07-16","2025-07-16","NEON.MAM.D09.L8305",,"PEMA","Peromyscus maniculatus","species",,,,,"N","M","Y","processed",,"adult","nonscrotal",,,,18,,,,14,"N","N","N",,"none","dry ice",,,,,,,,,,,,,,,"0009-0006-6432-3978","0009-0002-2817-390X",,,,,"203ee41a-0bd6-466e-9f30-6a8d61e2e988"
"0e4767cb-8d72-45fb-8adb-1db341c84f1e","c4b86d9d-a115-4a0a-bde6-418364390020","NOGP_005.mammalGrid.mam","D09","NOGP","NOGP_005","D9","distributed","grasslandHerbaceous",46.788065,-100.913882,"WGS84",45.1,562.2,0.1,"6 - trap set and empty","ShermanLF","2025-07-16","2025-07-16",,,,,,,,,,,,,,,,,,,,,,,,,,,,,,,,,,,,,,,,,,,,,"0009-0006-6432-3978","0009-0002-2817-390X",,,,,"f1248c0b-81ad-4b65-9660-6d0d3f1b888b"
"990a728e-653d-4583-88e1-c46b16140bed","ddb09535-e2ed-4c9e-9df4-c66ef123c0ed","NOGP_017.mammalGrid.mam","D09","NOGP","NOGP_017","E7","distributed","grasslandHerbaceous",46.791856,-100.918686,"WGS84",45.1,556.8,0.1,"6 - trap set and empty","ShermanXLK","2025-07-16","2025-07-16",,,,,,,,,,,,,,,,,,,,,,,,,,,,,,,,,,,,,,,,,,,,,"0009-0000-9880-3001","0009-0006-7557-7412",,,,,"ae36a71e-bc5a-46c6-9030-b0e433f457f3"
"fff17852-028c-41c3-8c96-79a2ffda076e","e10ac638-eec7-424b-93b7-862575cabfb7","NOGP_009.mammalGrid.mam","D09","NOGP","NOGP_009","J9","distributed","grasslandHerbaceous",46.800461,-100.914403,"WGS84",45.1,541.0,0.1,"6 - trap set and empty","ShermanLF","2025-07-16","2025-07-16",,,,,,,,,,,,,,,,,,,,,,,,,,,,,,,,,,,,,,,,,,,,,"0009-0000-8940-8632","0009-0000-9880-3001",,,,,"4b299808-a99b-471b-bc81-0a916e457358"
"16aff1be-7bd0-4ec1-b530-b6eeccb42c57","ddb09535-e2ed-4c9e-9df4-c66ef123c0ed","NOGP_017.mammalGrid.mam","D09","NOGP","NOGP_017","B6","distributed","grasslandHerbaceous",46.791856,-100.918686,"WGS84",45.1,556.8,0.1,"6 - trap set and empty","ShermanXLK","2025-07-16","2025-07-16",,,,,,,,,,,,,,,,,,,,,,,,,,,,,,,,,,,,,,,,,,,,,"0009-0000-9880-3001","0009-0006-7557-7412",,,,,"a8582fdd-f861-493d-a9d7-2b87ceb6ca3b"
"f2339efc-afe7-47c5-8fb9-f2fc5b5a5273","e10ac638-eec7-424b-93b7-862575cabfb7","NOGP_009.mammalGrid.mam","D09","NOGP","NOGP_009","G3","distributed","grasslandHerbaceous",46.800461,-100.914403,"WGS84",45.1,541.0,0.1,"6 - trap set and empty","ShermanLF","2025-07-16","2025-07-16",,,,,,,,,,,,,,,,,,,,,,,,,,,,,,,,,,,,,,,,,,,,,"0009-0000-8940-8632","0009-0000-9880-3001",,,,,"d923f062-1d3a-43f2-aa00-74bea54937a0"
"631abd27-ec8b-4c76-ae46-b439c3c75fb9","4962b092-6f8c-41ee-829d-9e2c964a3eca","NOGP_002.mammalGrid.mam","D09","NOGP","NOGP_002","H5","distributed","grasslandHerbaceous",46.799664,-100.910770,"WGS84",45.1,547.4,0.1,"5 - capture","ShermanXLK","2025-07-16","2025-07-16","NEON.MAM.D09.L9200",,"PELE","Peromyscus leucopus","species",,,,,"N","F","Y","processed",,"adult",,"nonenlarged","not","neither",18,,,,22,"N","N","N",,"none","dry ice",,,,,"NOGP.20250716.L9200.F","D00000245986","ok",,,,,,,,"0009-0000-8940-8632","0009-0000-9880-3001",,,,,"c3037096-cca6-43d4-931c-f13dce1ca0db"
"68048749-43e1-470e-981b-5d31989bf249","ddb09535-e2ed-4c9e-9df4-c66ef123c0ed","NOGP_017.mammalGrid.mam","D09","NOGP","NOGP_017","E8","distributed","grasslandHerbaceous",46.791856,-100.918686,"WGS84",45.1,556.8,0.1,"6 - trap set and empty","ShermanXLK","2025-07-16","2025-07-16",,,,,,,,,,,,,,,,,,,,,,,,,,,,,,,,,,,,,,,,,,,,,"0009-0000-9880-3001","0009-0006-7557-7412",,,,,"76a81a9b-1dd4-4877-a227-aa6e8507fc0f"
"86fe305e-6691-4830-96fd-329a0850ae3f","e10ac638-eec7-424b-93b7-862575cabfb7","NOGP_009.mammalGrid.mam","D09","NOGP","NOGP_009","B3","distributed","grasslandHerbaceous",46.800461,-100.914403,"WGS84",45.1,541.0,0.1,"6 - trap set and empty","ShermanLF","2025-07-16","2025-07-16",,,,,,,,,,,,,,,,,,,,,,,,,,,,,,,,,,,,,,,,,,,,,"0009-0000-8940-8632","0009-0000-9880-3001",,,,,"84626faa-07ce-4dac-974c-1fc1f2ef31cd"
"15fcebc4-359f-4d74-bfed-954e72c2a26d","4962b092-6f8c-41ee-829d-9e2c964a3eca","NOGP_002.mammalGrid.mam","D09","NOGP","NOGP_002","C4","distributed","grasslandHerbaceous",46.799664,-100.910770,"WGS84",45.1,547.4,0.1,"6 - trap set and empty","ShermanXLK","2025-07-16","2025-07-16",,,,,,,,,,,,,,,,,,,,,,,,,,,,,,,,,,,,,,,,,,,,,"0009-0000-8940-8632","0009-0000-9880-3001",,,,,"653149b8-f12b-45fc-99c9-98cc41d20df6"
"61511190-6e9b-4253-b2e7-0da36e8f8bb6","c4b86d9d-a115-4a0a-bde6-418364390020","NOGP_005.mammalGrid.mam","D09","NOGP","NOGP_005","F7","distributed","grasslandHerbaceous",46.788065,-100.913882,"WGS84",45.1,562.2,0.1,"6 - trap set and empty","ShermanLF","2025-07-16","2025-07-16",,,,,,,,,,,,,,,,,,,,,,,,,,,,,,,,,,,,,,,,,,,,,"0009-0006-6432-3978","0009-0002-2817-390X",,,,,"358e3365-574b-4d1a-9be9-9471ce28cb5a"
"081195c1-f8e3-4cdf-a630-c6d9a1836a5c","4962b092-6f8c-41ee-829d-9e2c964a3eca","NOGP_002.mammalGrid.mam","D09","NOGP","NOGP_002","H8","distributed","grasslandHerbaceous",46.799664,-100.910770,"WGS84",45.1,547.4,0.1,"6 - trap set and empty","ShermanXLK","2025-07-16","2025-07-16",,,,,,,,,,,,,,,,,,,,,,,,,,,,,,,,,,,,,,,,,,,,,"0009-0000-8940-8632","0009-0000-9880-3001",,,,,"d33af631-b4cb-46ae-9090-22321a23a6f6"
"255795c3-70ec-4244-a549-81d085ec9d1a","4962b092-6f8c-41ee-829d-9e2c964a3eca","NOGP_002.mammalGrid.mam","D09","NOGP","NOGP_002","G4","distributed","grasslandHerbaceous",46.799664,-100.910770,"WGS84",45.1,547.4,0.1,"6 - trap set and empty","ShermanXLK","2025-07-16","2025-07-16",,,,,,,,,,,,,,,,,,,,,,,,,,,,,,,,,,,,,,,,,,,,,"0009-0000-8940-8632","0009-0000-9880-3001",,,,,"f2b75a1f-02f0-44a5-95e3-29449a1e2d6a"
"6e284cbb-094f-452a-9a15-62917c36deab","4962b092-6f8c-41ee-829d-9e2c964a3eca","NOGP_002.mammalGrid.mam","D09","NOGP","NOGP_002","J8","distributed","grasslandHerbaceous",46.799664,-100.910770,"WGS84",45.1,547.4,0.1,"6 - trap set and empty","ShermanXLK","2025-07-16","2025-07-16",,,,,,,,,,,,,,,,,,,,,,,,,,,,,,,,,,,,,,,,,,,,,"0009-0000-8940-8632","0009-0000-9880-3001",,,,,"906531c1-69ab-4ebe-bd67-7eb5440c6cfa"
"d7660f69-6f9f-4147-88cb-e4fc9f9fdfd3","c4b86d9d-a115-4a0a-bde6-418364390020","NOGP_005.mammalGrid.mam","D09","NOGP","NOGP_005","C1","distributed","grasslandHerbaceous",46.788065,-100.913882,"WGS84",45.1,562.2,0.1,"5 - capture","ShermanLF","2025-07-16","2025-07-16","NEON.MAM.D09.R8437",,"PELE","Peromyscus leucopus","species",,,,,"N","F","Y","processed",,"adult",,"enlarged","not",,21,,,,28,"N","N","N",,"none","dry ice",,,,,,,,,,,,,,,"0009-0006-6432-3978","0009-0002-2817-390X",,,,,"79ccbcd6-dd56-47be-8632-a97651f4d23c"
"57596c7f-a7f9-4cfa-904d-408009b3ee80","4962b092-6f8c-41ee-829d-9e2c964a3eca","NOGP_002.mammalGrid.mam","D09","NOGP","NOGP_002","A3","distributed","grasslandHerbaceous",46.799664,-100.910770,"WGS84",45.1,547.4,0.1,"2 - trap disturbed/door closed but empty","ShermanXLK","2025-07-16","2025-07-16",,,,,,,,,,,,,,,,,,,,,,,,,,,,,"did not check","dry ice",,,,,,,,,,,,,,,"0009-0000-8940-8632","0009-0000-9880-3001",,,,,"fbe5bad7-f576-4d8e-b4eb-fae1b9c48393"
"33b73cee-d20f-41e3-bf70-e1e8eaae0242","c4b86d9d-a115-4a0a-bde6-418364390020","NOGP_005.mammalGrid.mam","D09","NOGP","NOGP_005","B7","distributed","grasslandHerbaceous",46.788065,-100.913882,"WGS84",45.1,562.2,0.1,"6 - trap set and empty","ShermanLF","2025-07-16","2025-07-16",,,,,,,,,,,,,,,,,,,,,,,,,,,,,,,,,,,,,,,,,,,,,"0009-0006-6432-3978","0009-0002-2817-390X",,,,,"51e6cbe6-1894-4d29-b686-b721f703a330"
"383e1ec1-3f22-434a-8cf9-68a7b2b0d87c","ddb09535-e2ed-4c9e-9df4-c66ef123c0ed","NOGP_017.mammalGrid.mam","D09","NOGP","NOGP_017","H6","distributed","grasslandHerbaceous",46.791856,-100.918686,"WGS84",45.1,556.8,0.1,"6 - trap set and empty","ShermanXLK","2025-07-16","2025-07-16",,,,,,,,,,,,,,,,,,,,,,,,,,,,,,,,,,,,,,,,,,,,,"0009-0000-9880-3001","0009-0006-7557-7412",,,,,"c5ad80ff-faa3-460d-a4c9-e93240660ca0"
"4c777942-c33a-4c37-9c88-838964f136b8","4962b092-6f8c-41ee-829d-9e2c964a3eca","NOGP_002.mammalGrid.mam","D09","NOGP","NOGP_002","D7","distributed","grasslandHerbaceous",46.799664,-100.910770,"WGS84",45.1,547.4,0.1,"6 - trap set and empty","ShermanXLK","2025-07-16","2025-07-16",,,,,,,,,,,,,,,,,,,,,,,,,,,,,,,,,,,,,,,,,,,,,"0009-0000-8940-8632","0009-0000-9880-3001",,,,,"403d2f37-9dc4-4cf6-8ab2-cf535150706e"
"ebd9c267-b1d0-442c-b1e7-a1ef56c50b7c","4962b092-6f8c-41ee-829d-9e2c964a3eca","NOGP_002.mammalGrid.mam","D09","NOGP","NOGP_002","G7","distributed","grasslandHerbaceous",46.799664,-100.910770,"WGS84",45.1,547.4,0.1,"6 - trap set and empty","ShermanXLK","2025-07-16","2025-07-16",,,,,,,,,,,,,,,,,,,,,,,,,,,,,,,,,,,,,,,,,,,,,"0009-0000-8940-8632","0009-0000-9880-3001",,,,,"9f2d06af-014c-4f09-b7f8-bc151e50a9c4"
"f569bb07-c7b6-480e-a14d-56cdc5aad907","4962b092-6f8c-41ee-829d-9e2c964a3eca","NOGP_002.mammalGrid.mam","D09","NOGP","NOGP_002","A10","distributed","grasslandHerbaceous",46.799664,-100.910770,"WGS84",45.1,547.4,0.1,"5 - capture","ShermanXLK","2025-07-16","2025-07-16","NEON.MAM.D09.L8802",,"REME","Reithrodontomys megalotis","species",,,,,"N","F","Y","processed",,"adult",,"nonenlarged","unknown","neither",16,,,,15,"N","N","N",,"none","dry ice",,,,,,,,,,,,,,,"0009-0000-8940-8632","0009-0000-9880-3001",,,,,"69bfd32e-83c2-4e89-a3d7-799e05f54925"
"f18db848-86c8-47b1-9a7f-8aabb55682a1","4962b092-6f8c-41ee-829d-9e2c964a3eca","NOGP_002.mammalGrid.mam","D09","NOGP","NOGP_002","A6","distributed","grasslandHerbaceous",46.799664,-100.910770,"WGS84",45.1,547.4,0.1,"6 - trap set and empty","ShermanXLK","2025-07-16","2025-07-16",,,,,,,,,,,,,,,,,,,,,,,,,,,,,,,,,,,,,,,,,,,,,"0009-0000-8940-8632","0009-0000-9880-3001",,,,,"41c8935b-97c7-4b0d-8c52-8379260c3638"
"8d7f5003-c0da-44a9-b1d2-22c3b52226e7","ddb09535-e2ed-4c9e-9df4-c66ef123c0ed","NOGP_017.mammalGrid.mam","D09","NOGP","NOGP_017","I8","distributed","grasslandHerbaceous",46.791856,-100.918686,"WGS84",45.1,556.8,0.1,"6 - trap set and empty","ShermanXLK","2025-07-16","2025-07-16",,,,,,,,,,,,,,,,,,,,,,,,,,,,,,,,,,,,,,,,,,,,,"0009-0000-9880-3001","0009-0006-7557-7412",,,,,"8a34609e-73a2-4750-b001-c7fc458b7783"
"4204db69-28a3-4929-b504-473ee803a591","e10ac638-eec7-424b-93b7-862575cabfb7","NOGP_009.mammalGrid.mam","D09","NOGP","NOGP_009","C7","distributed","grasslandHerbaceous",46.800461,-100.914403,"WGS84",45.1,541.0,0.1,"3 - trap door open or closed w/ spoor left","ShermanLF","2025-07-16","2025-07-16",,,,,,,,,,,,,,,,,,,,,,,,,,,,,"did not check","dry ice",,,,,,,,,,,,,,,"0009-0000-8940-8632","0009-0000-9880-3001",,,,,"c36a0c01-26ad-4ebe-b432-dc926311e7b2"
"c11fd583-1851-448e-bd22-2ef2bd924fcc","4962b092-6f8c-41ee-829d-9e2c964a3eca","NOGP_002.mammalGrid.mam","D09","NOGP","NOGP_002","E5","distributed","grasslandHerbaceous",46.799664,-100.910770,"WGS84",45.1,547.4,0.1,"6 - trap set and empty","ShermanXLK","2025-07-16","2025-07-16",,,,,,,,,,,,,,,,,,,,,,,,,,,,,,,,,,,,,,,,,,,,,"0009-0000-8940-8632","0009-0000-9880-3001",,,,,"45f8725f-ce32-4451-a2b2-84e1161cda07"
"19b95cac-da48-455c-abab-247bfe308e60","ddb09535-e2ed-4c9e-9df4-c66ef123c0ed","NOGP_017.mammalGrid.mam","D09","NOGP","NOGP_017","D9","distributed","grasslandHerbaceous",46.791856,-100.918686,"WGS84",45.1,556.8,0.1,"6 - trap set and empty","ShermanXLK","2025-07-16","2025-07-16",,,,,,,,,,,,,,,,,,,,,,,,,,,,,,,,,,,,,,,,,,,,,"0009-0000-9880-3001","0009-0006-7557-7412",,,,,"c06cbd83-7348-4f01-8c6d-e2248ad95e3b"
"3a939489-22ea-4ffa-9862-9560c9b4934c","c4b86d9d-a115-4a0a-bde6-418364390020","NOGP_005.mammalGrid.mam","D09","NOGP","NOGP_005","A4","distributed","grasslandHerbaceous",46.788065,-100.913882,"WGS84",45.1,562.2,0.1,"6 - trap set and empty","ShermanLF","2025-07-16","2025-07-16",,,,,,,,,,,,,,,,,,,,,,,,,,,,,,,,,,,,,,,,,,,,,"0009-0006-6432-3978","0009-0002-2817-390X",,,,,"942793fc-7c62-43e9-a892-006617fae858"
"faa9d068-83ae-4903-84c8-c1ce8693013f","e10ac638-eec7-424b-93b7-862575cabfb7","NOGP_009.mammalGrid.mam","D09","NOGP","NOGP_009","J1","distributed","grasslandHerbaceous",46.800461,-100.914403,"WGS84",45.1,541.0,0.1,"6 - trap set and empty","ShermanLF","2025-07-16","2025-07-16",,,,,,,,,,,,,,,,,,,,,,,,,,,,,,,,,,,,,,,,,,,,,"0009-0000-8940-8632","0009-0000-9880-3001",,,,,"9be4744d-09d8-4a9d-8adb-65ea6a71cf03"
"e8007d34-768c-47c5-9803-54066c4b3425","ddb09535-e2ed-4c9e-9df4-c66ef123c0ed","NOGP_017.mammalGrid.mam","D09","NOGP","NOGP_017","F9","distributed","grasslandHerbaceous",46.791856,-100.918686,"WGS84",45.1,556.8,0.1,"6 - trap set and empty","ShermanXLK","2025-07-16","2025-07-16",,,,,,,,,,,,,,,,,,,,,,,,,,,,,,,,,,,,,,,,,,,,,"0009-0000-9880-3001","0009-0006-7557-7412",,,,,"2b026c1c-061c-4903-b89f-b6f0c9b02915"
"02246436-ffb7-46da-80c4-2ef999779eba","e10ac638-eec7-424b-93b7-862575cabfb7","NOGP_009.mammalGrid.mam","D09","NOGP","NOGP_009","I1","distributed","grasslandHerbaceous",46.800461,-100.914403,"WGS84",45.1,541.0,0.1,"6 - trap set and empty","ShermanLF","2025-07-16","2025-07-16",,,,,,,,,,,,,,,,,,,,,,,,,,,,,,,,,,,,,,,,,,,,,"0009-0000-8940-8632","0009-0000-9880-3001",,,,,"c9a7f147-4801-472f-a735-6cd4f1c1306d"
"8e6a2a15-8e87-43ea-aa8a-e9e1b4c33e3e","ddb09535-e2ed-4c9e-9df4-c66ef123c0ed","NOGP_017.mammalGrid.mam","D09","NOGP","NOGP_017","A10","distributed","grasslandHerbaceous",46.791856,-100.918686,"WGS84",45.1,556.8,0.1,"6 - trap set and empty","ShermanXLK","2025-07-16","2025-07-16",,,,,,,,,,,,,,,,,,,,,,,,,,,,,,,,,,,,,,,,,,,,,"0009-0000-9880-3001","0009-0006-7557-7412",,,,,"d58e84cc-1404-4c96-9074-dc713ef7a0fd"
"fe79e41a-deb1-4e74-b011-2d334b7cc968","4962b092-6f8c-41ee-829d-9e2c964a3eca","NOGP_002.mammalGrid.mam","D09","NOGP","NOGP_002","G6","distributed","grasslandHerbaceous",46.799664,-100.910770,"WGS84",45.1,547.4,0.1,"6 - trap set and empty","ShermanXLK","2025-07-16","2025-07-16",,,,,,,,,,,,,,,,,,,,,,,,,,,,,,,,,,,,,,,,,,,,,"0009-0000-8940-8632","0009-0000-9880-3001",,,,,"542f306f-0881-4fdb-9d3f-263c862e1c71"
"43156410-2ddf-4586-9698-4dc1cceede97","ddb09535-e2ed-4c9e-9df4-c66ef123c0ed","NOGP_017.mammalGrid.mam","D09","NOGP","NOGP_017","F5","distributed","grasslandHerbaceous",46.791856,-100.918686,"WGS84",45.1,556.8,0.1,"6 - trap set and empty","ShermanXLK","2025-07-16","2025-07-16",,,,,,,,,,,,,,,,,,,,,,,,,,,,,,,,,,,,,,,,,,,,,"0009-0000-9880-3001","0009-0006-7557-7412",,,,,"35a72648-9ef7-4e85-b269-b348ed209db9"
"430d09d2-43d4-4025-b1b7-acfb0dc1866a","4962b092-6f8c-41ee-829d-9e2c964a3eca","NOGP_002.mammalGrid.mam","D09","NOGP","NOGP_002","I2","distributed","grasslandHerbaceous",46.799664,-100.910770,"WGS84",45.1,547.4,0.1,"6 - trap set and empty","ShermanXLK","2025-07-16","2025-07-16",,,,,,,,,,,,,,,,,,,,,,,,,,,,,,,,,,,,,,,,,,,,,"0009-0000-8940-8632","0009-0000-9880-3001",,,,,"dff91ece-cef8-40d9-9b86-9dbbd5ea96df"
"ef70fa5b-cb8f-4ce2-832f-c834a1b2cffa","c4b86d9d-a115-4a0a-bde6-418364390020","NOGP_005.mammalGrid.mam","D09","NOGP","NOGP_005","D6","distributed","grasslandHerbaceous",46.788065,-100.913882,"WGS84",45.1,562.2,0.1,"6 - trap set and empty","ShermanLF","2025-07-16","2025-07-16",,,,,,,,,,,,,,,,,,,,,,,,,,,,,,,,,,,,,,,,,,,,,"0009-0006-6432-3978","0009-0002-2817-390X",,,,,"a9ac4a60-1f63-45a3-aba7-a732fc0e9245"
"bdaf5260-07b0-4446-b4f1-f1c625fedc47","e10ac638-eec7-424b-93b7-862575cabfb7","NOGP_009.mammalGrid.mam","D09","NOGP","NOGP_009","J5","distributed","grasslandHerbaceous",46.800461,-100.914403,"WGS84",45.1,541.0,0.1,"6 - trap set and empty","ShermanLF","2025-07-16","2025-07-16",,,,,,,,,,,,,,,,,,,,,,,,,,,,,,,,,,,,,,,,,,,,,"0009-0000-8940-8632","0009-0000-9880-3001",,,,,"62551187-a5ef-45ed-b347-8743a75edeef"
"448f1c0e-fcf6-40c6-8ef3-e42174040df9","c4b86d9d-a115-4a0a-bde6-418364390020","NOGP_005.mammalGrid.mam","D09","NOGP","NOGP_005","F3","distributed","grasslandHerbaceous",46.788065,-100.913882,"WGS84",45.1,562.2,0.1,"2 - trap disturbed/door closed but empty","ShermanLF","2025-07-16","2025-07-16",,,,,,,,,,,,,,,,,,,,,,,,,,,,,"did not check","dry ice",,,,,,,,,,,,,,,"0009-0006-6432-3978","0009-0002-2817-390X",,,,,"2dba51b6-a684-4010-99a4-fba3c6fcc0e1"
"58f661f8-409e-4777-b9f3-1ce253ca38a5","4962b092-6f8c-41ee-829d-9e2c964a3eca","NOGP_002.mammalGrid.mam","D09","NOGP","NOGP_002","B7","distributed","grasslandHerbaceous",46.799664,-100.910770,"WGS84",45.1,547.4,0.1,"6 - trap set and empty","ShermanXLK","2025-07-16","2025-07-16",,,,,,,,,,,,,,,,,,,,,,,,,,,,,,,,,,,,,,,,,,,,,"0009-0000-8940-8632","0009-0000-9880-3001",,,,,"abd9edc8-9b02-4821-82b2-0953017bc061"
"1dcb91f1-cdbe-4cde-8be1-cee08fd90f07","e10ac638-eec7-424b-93b7-862575cabfb7","NOGP_009.mammalGrid.mam","D09","NOGP","NOGP_009","H4","distributed","grasslandHerbaceous",46.800461,-100.914403,"WGS84",45.1,541.0,0.1,"6 - trap set and empty","ShermanLF","2025-07-16","2025-07-16",,,,,,,,,,,,,,,,,,,,,,,,,,,,,,,,,,,,,,,,,,,,,"0009-0000-8940-8632","0009-0000-9880-3001",,,,,"270aa704-bed0-4ad9-89df-6ce9b9818e52"
"e85fe4c4-286f-4aab-ae27-0f07985c1abf","e10ac638-eec7-424b-93b7-862575cabfb7","NOGP_009.mammalGrid.mam","D09","NOGP","NOGP_009","I5","distributed","grasslandHerbaceous",46.800461,-100.914403,"WGS84",45.1,541.0,0.1,"6 - trap set and empty","ShermanLF","2025-07-16","2025-07-16",,,,,,,,,,,,,,,,,,,,,,,,,,,,,,,,,,,,,,,,,,,,,"0009-0000-8940-8632","0009-0000-9880-3001",,,,,"84365593-8606-4a99-b549-c8dfbda36491"
"148cf29b-9928-4db0-88b2-2c7f8e403a5a","c4b86d9d-a115-4a0a-bde6-418364390020","NOGP_005.mammalGrid.mam","D09","NOGP","NOGP_005","A9","distributed","grasslandHerbaceous",46.788065,-100.913882,"WGS84",45.1,562.2,0.1,"6 - trap set and empty","ShermanLF","2025-07-16","2025-07-16",,,,,,,,,,,,,,,,,,,,,,,,,,,,,,,,,,,,,,,,,,,,,"0009-0006-6432-3978","0009-0002-2817-390X",,,,,"2faa970d-6647-4dcc-b0d8-d3ae100f282c"
"ce8e6d9c-6fef-4694-bc54-d0c3c9509f33","c4b86d9d-a115-4a0a-bde6-418364390020","NOGP_005.mammalGrid.mam","D09","NOGP","NOGP_005","D8","distributed","grasslandHerbaceous",46.788065,-100.913882,"WGS84",45.1,562.2,0.1,"6 - trap set and empty","ShermanLF","2025-07-16","2025-07-16",,,,,,,,,,,,,,,,,,,,,,,,,,,,,,,,,,,,,,,,,,,,,"0009-0006-6432-3978","0009-0002-2817-390X",,,,,"8c69eced-eac6-4cc8-855e-fe6c00d3cbe0"
"7e10848d-edd1-4f5a-a470-3326349c09b8","4962b092-6f8c-41ee-829d-9e2c964a3eca","NOGP_002.mammalGrid.mam","D09","NOGP","NOGP_002","E9","distributed","grasslandHerbaceous",46.799664,-100.910770,"WGS84",45.1,547.4,0.1,"6 - trap set and empty","ShermanXLK","2025-07-16","2025-07-16",,,,,,,,,,,,,,,,,,,,,,,,,,,,,,,,,,,,,,,,,,,,,"0009-0000-8940-8632","0009-0000-9880-3001",,,,,"47e4a0a3-e47b-4208-a8fa-e0c470d7f455"
"d944e2d5-9989-40c7-9443-fca458f8bef2","ddb09535-e2ed-4c9e-9df4-c66ef123c0ed","NOGP_017.mammalGrid.mam","D09","NOGP","NOGP_017","D3","distributed","grasslandHerbaceous",46.791856,-100.918686,"WGS84",45.1,556.8,0.1,"6 - trap set and empty","ShermanXLK","2025-07-16","2025-07-16",,,,,,,,,,,,,,,,,,,,,,,,,,,,,,,,,,,,,,,,,,,,,"0009-0000-9880-3001","0009-0006-7557-7412",,,,,"2c8f8f0a-aef2-416e-8c22-631ada83948a"
"90e6384d-72f5-4135-9fa8-ff86cee30bad","e10ac638-eec7-424b-93b7-862575cabfb7","NOGP_009.mammalGrid.mam","D09","NOGP","NOGP_009","C2","distributed","grasslandHerbaceous",46.800461,-100.914403,"WGS84",45.1,541.0,0.1,"6 - trap set and empty","ShermanLF","2025-07-16","2025-07-16",,,,,,,,,,,,,,,,,,,,,,,,,,,,,,,,,,,,,,,,,,,,,"0009-0000-8940-8632","0009-0000-9880-3001",,,,,"83e95d1c-4b11-4f1f-a82d-b9606a8970d6"
"73afda90-e0a2-429b-83fb-17b89fcafb2e","e10ac638-eec7-424b-93b7-862575cabfb7","NOGP_009.mammalGrid.mam","D09","NOGP","NOGP_009","G9","distributed","grasslandHerbaceous",46.800461,-100.914403,"WGS84",45.1,541.0,0.1,"6 - trap set and empty","ShermanLF","2025-07-16","2025-07-16",,,,,,,,,,,,,,,,,,,,,,,,,,,,,,,,,,,,,,,,,,,,,"0009-0000-8940-8632","0009-0000-9880-3001",,,,,"79c7c429-4b20-471e-b5f7-669c84876748"
"a5c7733a-6b0a-46b4-9c12-e1f44b20cdca","4962b092-6f8c-41ee-829d-9e2c964a3eca","NOGP_002.mammalGrid.mam","D09","NOGP","NOGP_002","F5","distributed","grasslandHerbaceous",46.799664,-100.910770,"WGS84",45.1,547.4,0.1,"6 - trap set and empty","ShermanXLK","2025-07-16","2025-07-16",,,,,,,,,,,,,,,,,,,,,,,,,,,,,,,,,,,,,,,,,,,,,"0009-0000-8940-8632","0009-0000-9880-3001",,,,,"1137e04d-8a91-470e-92b3-9307de705752"
"72e1466f-fcb5-41e6-a45b-40b15a183cc5","ddb09535-e2ed-4c9e-9df4-c66ef123c0ed","NOGP_017.mammalGrid.mam","D09","NOGP","NOGP_017","F2","distributed","grasslandHerbaceous",46.791856,-100.918686,"WGS84",45.1,556.8,0.1,"6 - trap set and empty","ShermanXLK","2025-07-16","2025-07-16",,,,,,,,,,,,,,,,,,,,,,,,,,,,,,,,,,,,,,,,,,,,,"0009-0000-9880-3001","0009-0006-7557-7412",,,,,"aab2116c-6bb3-4121-a7c4-0673575ffc99"
"273aaa1c-7013-4447-900f-172eab70c785","4962b092-6f8c-41ee-829d-9e2c964a3eca","NOGP_002.mammalGrid.mam","D09","NOGP","NOGP_002","F8","distributed","grasslandHerbaceous",46.799664,-100.910770,"WGS84",45.1,547.4,0.1,"6 - trap set and empty","ShermanXLK","2025-07-16","2025-07-16",,,,,,,,,,,,,,,,,,,,,,,,,,,,,,,,,,,,,,,,,,,,,"0009-0000-8940-8632","0009-0000-9880-3001",,,,,"48234240-f19d-46dc-8ffd-caecec03dc66"
"0cf8ad63-d71c-4b19-a006-9e6d2742dfbd","e10ac638-eec7-424b-93b7-862575cabfb7","NOGP_009.mammalGrid.mam","D09","NOGP","NOGP_009","I4","distributed","grasslandHerbaceous",46.800461,-100.914403,"WGS84",45.1,541.0,0.1,"6 - trap set and empty","ShermanLF","2025-07-16","2025-07-16",,,,,,,,,,,,,,,,,,,,,,,,,,,,,,,,,,,,,,,,,,,,,"0009-0000-8940-8632","0009-0000-9880-3001",,,,,"981b1c8d-cffa-47fe-90e7-6acd7e89e4d0"
"ff888a63-fc1e-4099-a8db-df3cc2506880","e10ac638-eec7-424b-93b7-862575cabfb7","NOGP_009.mammalGrid.mam","D09","NOGP","NOGP_009","C1","distributed","grasslandHerbaceous",46.800461,-100.914403,"WGS84",45.1,541.0,0.1,"6 - trap set and empty","ShermanLF","2025-07-16","2025-07-16",,,,,,,,,,,,,,,,,,,,,,,,,,,,,,,,,,,,,,,,,,,,,"0009-0000-8940-8632","0009-0000-9880-3001",,,,,"d0af8fb7-f6a1-4086-b604-4311a801c11f"
"45b4e1b1-e9a8-47e2-9645-d6c68d3c3974","ddb09535-e2ed-4c9e-9df4-c66ef123c0ed","NOGP_017.mammalGrid.mam","D09","NOGP","NOGP_017","B3","distributed","grasslandHerbaceous",46.791856,-100.918686,"WGS84",45.1,556.8,0.1,"5 - capture","ShermanXLK","2025-07-16","2025-07-16","NEON.MAM.D09.L9191",,"PELE","Peromyscus leucopus","species",,,,,"N","F","N","processed",,"adult",,"nonenlarged","not","neither",20,,,,24,"N","N","N",,"none","dry ice","NOGP.20250716.L9191.B","D00000245983","mandibular",,"NOGP.20250716.L9191.F","D00000245995","ok","NOGP.20250716.L9191.E","D00000245949","NOGP.20250716.L9191.H","A00000395888","hairAndWhisker",,,"0009-0000-9880-3001","0009-0006-7557-7412",,,,,"7421cec9-0d26-489e-94af-13017f8e6238"
"1b1eb7be-14dd-4563-b6bf-59ecdb3b96e3","c4b86d9d-a115-4a0a-bde6-418364390020","NOGP_005.mammalGrid.mam","D09","NOGP","NOGP_005","B4","distributed","grasslandHerbaceous",46.788065,-100.913882,"WGS84",45.1,562.2,0.1,"5 - capture","ShermanLF","2025-07-16","2025-07-16","NEON.MAM.D09.L8416",,"PEMA","Peromyscus maniculatus","species",,,,,"N","F","Y","processed",,"adult",,"enlarged","not","neither",19,,,,29,"N","N","N",,"none","dry ice",,,,,,,,,,,,,,,"0009-0006-6432-3978","0009-0002-2817-390X",,,,,"10a7ca9b-8202-4ee8-bcac-46df17e3d983"
"8bc456f1-c606-428b-8da8-aa9a1d874b8d","4962b092-6f8c-41ee-829d-9e2c964a3eca","NOGP_002.mammalGrid.mam","D09","NOGP","NOGP_002","D4","distributed","grasslandHerbaceous",46.799664,-100.910770,"WGS84",45.1,547.4,0.1,"6 - trap set and empty","ShermanXLK","2025-07-16","2025-07-16",,,,,,,,,,,,,,,,,,,,,,,,,,,,,,,,,,,,,,,,,,,,,"0009-0000-8940-8632","0009-0000-9880-3001",,,,,"452bcabb-e9d3-4b6c-ae45-37ce0aa553d9"
"be379cf9-a1ab-441a-979d-ab6076af84ba","ddb09535-e2ed-4c9e-9df4-c66ef123c0ed","NOGP_017.mammalGrid.mam","D09","NOGP","NOGP_017","G4","distributed","grasslandHerbaceous",46.791856,-100.918686,"WGS84",45.1,556.8,0.1,"6 - trap set and empty","ShermanXLK","2025-07-16","2025-07-16",,,,,,,,,,,,,,,,,,,,,,,,,,,,,,,,,,,,,,,,,,,,,"0009-0000-9880-3001","0009-0006-7557-7412",,,,,"332f4874-de10-4cea-8fe0-c4809ced51b8"
"0e1fb4cc-4ccb-42d7-aacd-a8527f30240f","ddb09535-e2ed-4c9e-9df4-c66ef123c0ed","NOGP_017.mammalGrid.mam","D09","NOGP","NOGP_017","I9","distributed","grasslandHerbaceous",46.791856,-100.918686,"WGS84",45.1,556.8,0.1,"6 - trap set and empty","ShermanXLK","2025-07-16","2025-07-16",,,,,,,,,,,,,,,,,,,,,,,,,,,,,,,,,,,,,,,,,,,,,"0009-0000-9880-3001","0009-0006-7557-7412",,,,,"fc101ff0-affd-40f9-89a0-e1a59ce6fe8c"
"a03530ec-b0d4-4c98-9f67-6fce46987e87","e10ac638-eec7-424b-93b7-862575cabfb7","NOGP_009.mammalGrid.mam","D09","NOGP","NOGP_009","E9","distributed","grasslandHerbaceous",46.800461,-100.914403,"WGS84",45.1,541.0,0.1,"6 - trap set and empty","ShermanLF","2025-07-16","2025-07-16",,,,,,,,,,,,,,,,,,,,,,,,,,,,,,,,,,,,,,,,,,,,,"0009-0000-8940-8632","0009-0000-9880-3001",,,,,"fa7f5168-ea78-4ad2-be0f-18b7eaaa1a58"
"c158a8dd-d632-4e74-b32a-68d22eea6b6f","e10ac638-eec7-424b-93b7-862575cabfb7","NOGP_009.mammalGrid.mam","D09","NOGP","NOGP_009","H6","distributed","grasslandHerbaceous",46.800461,-100.914403,"WGS84",45.1,541.0,0.1,"6 - trap set and empty","ShermanLF","2025-07-16","2025-07-16",,,,,,,,,,,,,,,,,,,,,,,,,,,,,,,,,,,,,,,,,,,,,"0009-0000-8940-8632","0009-0000-9880-3001",,,,,"c0bc3170-dca0-43c3-8799-b83a86c7f8da"
"2ae0b19e-df15-456c-a286-7086635c3d4b","e10ac638-eec7-424b-93b7-862575cabfb7","NOGP_009.mammalGrid.mam","D09","NOGP","NOGP_009","I6","distributed","grasslandHerbaceous",46.800461,-100.914403,"WGS84",45.1,541.0,0.1,"6 - trap set and empty","ShermanLF","2025-07-16","2025-07-16",,,,,,,,,,,,,,,,,,,,,,,,,,,,,,,,,,,,,,,,,,,,,"0009-0000-8940-8632","0009-0000-9880-3001",,,,,"ff313009-6bec-4bd9-be07-7c2b228479c4"
"9a10a3fb-b05b-4e3d-be09-56aea3f22ff2","c4b86d9d-a115-4a0a-bde6-418364390020","NOGP_005.mammalGrid.mam","D09","NOGP","NOGP_005","C6","distributed","grasslandHerbaceous",46.788065,-100.913882,"WGS84",45.1,562.2,0.1,"6 - trap set and empty","ShermanLF","2025-07-16","2025-07-16",,,,,,,,,,,,,,,,,,,,,,,,,,,,,,,,,,,,,,,,,,,,,"0009-0006-6432-3978","0009-0002-2817-390X",,,,,"98b02576-4424-4886-b536-fb6c3a06dc4a"
"4a6b81f0-bbf6-4112-be80-9224fbbb5133","ddb09535-e2ed-4c9e-9df4-c66ef123c0ed","NOGP_017.mammalGrid.mam","D09","NOGP","NOGP_017","J3","distributed","grasslandHerbaceous",46.791856,-100.918686,"WGS84",45.1,556.8,0.1,"6 - trap set and empty","ShermanXLK","2025-07-16","2025-07-16",,,,,,,,,,,,,,,,,,,,,,,,,,,,,,,,,,,,,,,,,,,,,"0009-0000-9880-3001","0009-0006-7557-7412",,,,,"e79c6c0f-1f59-451d-9200-017e84a77e27"
"7ac59f53-3ca0-4d72-93fd-7a4d20d3beea","4962b092-6f8c-41ee-829d-9e2c964a3eca","NOGP_002.mammalGrid.mam","D09","NOGP","NOGP_002","I5","distributed","grasslandHerbaceous",46.799664,-100.910770,"WGS84",45.1,547.4,0.1,"6 - trap set and empty","ShermanXLK","2025-07-16","2025-07-16",,,,,,,,,,,,,,,,,,,,,,,,,,,,,,,,,,,,,,,,,,,,,"0009-0000-8940-8632","0009-0000-9880-3001",,,,,"dcbfadba-020b-47c0-b2fe-cc34a68b05a6"
"c6ac04bb-ddbf-4670-bb98-49d556b63526","e10ac638-eec7-424b-93b7-862575cabfb7","NOGP_009.mammalGrid.mam","D09","NOGP","NOGP_009","B1","distributed","grasslandHerbaceous",46.800461,-100.914403,"WGS84",45.1,541.0,0.1,"6 - trap set and empty","ShermanLF","2025-07-16","2025-07-16",,,,,,,,,,,,,,,,,,,,,,,,,,,,,,,,,,,,,,,,,,,,,"0009-0000-8940-8632","0009-0000-9880-3001",,,,,"8b3ad47e-aedb-4023-b7c6-96db44fd9e44"
"33236c78-428d-40e8-a751-4e1e937c56f9","4962b092-6f8c-41ee-829d-9e2c964a3eca","NOGP_002.mammalGrid.mam","D09","NOGP","NOGP_002","D9","distributed","grasslandHerbaceous",46.799664,-100.910770,"WGS84",45.1,547.4,0.1,"2 - trap disturbed/door closed but empty","ShermanXLK","2025-07-16","2025-07-16",,,,,,,,,,,,,,,,,,,,,,,,,,,,,"did not check","dry ice",,,,,,,,,,,,,,,"0009-0000-8940-8632","0009-0000-9880-3001",,,,,"afea74c9-fdd0-44f5-a5bf-b5898b54f460"
"1d07dc49-184a-4b82-bcac-ae0cf8bdc97b","4962b092-6f8c-41ee-829d-9e2c964a3eca","NOGP_002.mammalGrid.mam","D09","NOGP","NOGP_002","C7","distributed","grasslandHerbaceous",46.799664,-100.910770,"WGS84",45.1,547.4,0.1,"6 - trap set and empty","ShermanXLK","2025-07-16","2025-07-16",,,,,,,,,,,,,,,,,,,,,,,,,,,,,,,,,,,,,,,,,,,,,"0009-0000-8940-8632","0009-0000-9880-3001",,,,,"04996cfd-9310-47da-854a-87bebbc27e0f"
"0d2ca0b7-64aa-4d3f-be33-c1303f8d4f73","ddb09535-e2ed-4c9e-9df4-c66ef123c0ed","NOGP_017.mammalGrid.mam","D09","NOGP","NOGP_017","G6","distributed","grasslandHerbaceous",46.791856,-100.918686,"WGS84",45.1,556.8,0.1,"6 - trap set and empty","ShermanXLK","2025-07-16","2025-07-16",,,,,,,,,,,,,,,,,,,,,,,,,,,,,,,,,,,,,,,,,,,,,"0009-0000-9880-3001","0009-0006-7557-7412",,,,,"77d57dc1-2aa8-4a72-9c1e-c93e255d5962"
"f532ee11-f615-4de5-939e-2df03244ea19","e10ac638-eec7-424b-93b7-862575cabfb7","NOGP_009.mammalGrid.mam","D09","NOGP","NOGP_009","D5","distributed","grasslandHerbaceous",46.800461,-100.914403,"WGS84",45.1,541.0,0.1,"6 - trap set and empty","ShermanLF","2025-07-16","2025-07-16",,,,,,,,,,,,,,,,,,,,,,,,,,,,,,,,,,,,,,,,,,,,,"0009-0000-8940-8632","0009-0000-9880-3001",,,,,"3241aee5-3b81-44be-b257-f0f37d2d0e21"
"b933ffb5-bfa5-4d55-936b-84375d58ab41","c4b86d9d-a115-4a0a-bde6-418364390020","NOGP_005.mammalGrid.mam","D09","NOGP","NOGP_005","I9","distributed","grasslandHerbaceous",46.788065,-100.913882,"WGS84",45.1,562.2,0.1,"6 - trap set and empty","ShermanLF","2025-07-16","2025-07-16",,,,,,,,,,,,,,,,,,,,,,,,,,,,,,,,,,,,,,,,,,,,,"0009-0006-6432-3978","0009-0002-2817-390X",,,,,"ac22946c-0b0b-4f95-9ef8-df2323244992"
"75f41c24-4e69-4b50-915d-052a39659be6","ddb09535-e2ed-4c9e-9df4-c66ef123c0ed","NOGP_017.mammalGrid.mam","D09","NOGP","NOGP_017","A5","distributed","grasslandHerbaceous",46.791856,-100.918686,"WGS84",45.1,556.8,0.1,"6 - trap set and empty","ShermanXLK","2025-07-16","2025-07-16",,,,,,,,,,,,,,,,,,,,,,,,,,,,,,,,,,,,,,,,,,,,,"0009-0000-9880-3001","0009-0006-7557-7412",,,,,"485d611b-1e48-43f3-9527-5d39ee9652cc"
"cc96c099-1065-4220-86d2-3df68bbb236d","4962b092-6f8c-41ee-829d-9e2c964a3eca","NOGP_002.mammalGrid.mam","D09","NOGP","NOGP_002","I3","distributed","grasslandHerbaceous",46.799664,-100.910770,"WGS84",45.1,547.4,0.1,"6 - trap set and empty","ShermanXLK","2025-07-16","2025-07-16",,,,,,,,,,,,,,,,,,,,,,,,,,,,,,,,,,,,,,,,,,,,,"0009-0000-8940-8632","0009-0000-9880-3001",,,,,"702a8eac-7d21-4103-a334-bfa909597271"
"fe5f79e5-c5f6-45b6-8f27-7ebbd6cc5f2d","e10ac638-eec7-424b-93b7-862575cabfb7","NOGP_009.mammalGrid.mam","D09","NOGP","NOGP_009","I10","distributed","grasslandHerbaceous",46.800461,-100.914403,"WGS84",45.1,541.0,0.1,"6 - trap set and empty","ShermanLF","2025-07-16","2025-07-16",,,,,,,,,,,,,,,,,,,,,,,,,,,,,,,,,,,,,,,,,,,,,"0009-0000-8940-8632","0009-0000-9880-3001",,,,,"206f6501-6b3b-4c4d-b5ed-1dbccdbf38d5"
"6c5d35bc-44f9-4384-ba0b-4cb2c741666c","ddb09535-e2ed-4c9e-9df4-c66ef123c0ed","NOGP_017.mammalGrid.mam","D09","NOGP","NOGP_017","J6","distributed","grasslandHerbaceous",46.791856,-100.918686,"WGS84",45.1,556.8,0.1,"6 - trap set and empty","ShermanXLK","2025-07-16","2025-07-16",,,,,,,,,,,,,,,,,,,,,,,,,,,,,,,,,,,,,,,,,,,,,"0009-0000-9880-3001","0009-0006-7557-7412",,,,,"6cc8c0d8-8600-4baf-9bbf-03255a969fec"
"f37cb41e-e22f-4a7e-a69b-fd298f38b703","ddb09535-e2ed-4c9e-9df4-c66ef123c0ed","NOGP_017.mammalGrid.mam","D09","NOGP","NOGP_017","D7","distributed","grasslandHerbaceous",46.791856,-100.918686,"WGS84",45.1,556.8,0.1,"6 - trap set and empty","ShermanXLK","2025-07-16","2025-07-16",,,,,,,,,,,,,,,,,,,,,,,,,,,,,,,,,,,,,,,,,,,,,"0009-0000-9880-3001","0009-0006-7557-7412",,,,,"19e83b5c-d5f7-44eb-a6cf-519b91cbb89c"
"a1ccb3c8-afd5-4d58-96b4-c05c00d23dcf","c4b86d9d-a115-4a0a-bde6-418364390020","NOGP_005.mammalGrid.mam","D09","NOGP","NOGP_005","D2","distributed","grasslandHerbaceous",46.788065,-100.913882,"WGS84",45.1,562.2,0.1,"5 - capture","ShermanLF","2025-07-16","2025-07-16","NEON.MAM.D09.R8434",,"PELE","Peromyscus leucopus","species",,,,,"N","F","N","processed",,"adult",,"enlarged","not","neither",20,,,,27,"N","N","N",,"none","dry ice","NOGP.20250716.R8434.B","D00000245357","mandibular",,,,,"NOGP.20250716.R8434.E","D00000245677",,,,,,"0009-0006-6432-3978","0009-0002-2817-390X",,,,,"92466a28-b354-43c8-b474-334a24831060"
"f652bbb0-da0a-4093-9830-ac454f960318","ddb09535-e2ed-4c9e-9df4-c66ef123c0ed","NOGP_017.mammalGrid.mam","D09","NOGP","NOGP_017","D6","distributed","grasslandHerbaceous",46.791856,-100.918686,"WGS84",45.1,556.8,0.1,"5 - capture","ShermanXLK","2025-07-16","2025-07-16","NEON.MAM.D09.L8846",,"MIPE","Microtus pennsylvanicus","species",,,,,"N","M","N","processed",,"adult","nonscrotal",,,,19,,,,24,"N","N","N",,"fleas","dry ice","NOGP.20250716.L8846.B","D00000245997","mandibular",,,,,"NOGP.20250716.L8846.E","D00000245991","NOGP.20250716.L8846.H","A00000378855","hairAndWhisker",,,"0009-0000-9880-3001","0009-0006-7557-7412",,,,,"5f8de99a-fadd-4658-93c1-d9899f36fe40"
"a03a6538-cdc3-4ddb-b77b-f443e518336c","ddb09535-e2ed-4c9e-9df4-c66ef123c0ed","NOGP_017.mammalGrid.mam","D09","NOGP","NOGP_017","G5","distributed","grasslandHerbaceous",46.791856,-100.918686,"WGS84",45.1,556.8,0.1,"6 - trap set and empty","ShermanXLK","2025-07-16","2025-07-16",,,,,,,,,,,,,,,,,,,,,,,,,,,,,,,,,,,,,,,,,,,,,"0009-0000-9880-3001","0009-0006-7557-7412",,,,,"f15989a1-20d0-4631-99ef-81b6e896092c"
"324cd582-68a1-4d31-9986-77c5579d1f78","4962b092-6f8c-41ee-829d-9e2c964a3eca","NOGP_002.mammalGrid.mam","D09","NOGP","NOGP_002","A1","distributed","grasslandHerbaceous",46.799664,-100.910770,"WGS84",45.1,547.4,0.1,"6 - trap set and empty","ShermanXLK","2025-07-16","2025-07-16",,,,,,,,,,,,,,,,,,,,,,,,,,,,,,,,,,,,,,,,,,,,,"0009-0000-8940-8632","0009-0000-9880-3001",,,,,"08587068-1ff7-461e-bc2c-df61c2cdc271"
"fa5ae118-b9ca-4772-a868-a740b76d1145","4962b092-6f8c-41ee-829d-9e2c964a3eca","NOGP_002.mammalGrid.mam","D09","NOGP","NOGP_002","H9","distributed","grasslandHerbaceous",46.799664,-100.910770,"WGS84",45.1,547.4,0.1,"6 - trap set and empty","ShermanXLK","2025-07-16","2025-07-16",,,,,,,,,,,,,,,,,,,,,,,,,,,,,,,,,,,,,,,,,,,,,"0009-0000-8940-8632","0009-0000-9880-3001",,,,,"c8f21bbb-4526-4170-b2bd-ea944801bd05"
"850c5517-cce8-4253-bac2-0ad3b690b82d","e10ac638-eec7-424b-93b7-862575cabfb7","NOGP_009.mammalGrid.mam","D09","NOGP","NOGP_009","D6","distributed","grasslandHerbaceous",46.800461,-100.914403,"WGS84",45.1,541.0,0.1,"6 - trap set and empty","ShermanLF","2025-07-16","2025-07-16",,,,,,,,,,,,,,,,,,,,,,,,,,,,,,,,,,,,,,,,,,,,,"0009-0000-8940-8632","0009-0000-9880-3001",,,,,"0f6ed00e-abb0-4917-9cb8-74022004a3ff"
"a8df4fb0-da03-405b-a2a9-6839410855fc","4962b092-6f8c-41ee-829d-9e2c964a3eca","NOGP_002.mammalGrid.mam","D09","NOGP","NOGP_002","J1","distributed","grasslandHerbaceous",46.799664,-100.910770,"WGS84",45.1,547.4,0.1,"6 - trap set and empty","ShermanXLK","2025-07-16","2025-07-16",,,,,,,,,,,,,,,,,,,,,,,,,,,,,,,,,,,,,,,,,,,,,"0009-0000-8940-8632","0009-0000-9880-3001",,,,,"1d6d26cb-4726-4ce6-9a65-d32f7eb1c118"
"a17fc5a2-f238-440d-bd80-f186f655039d","c4b86d9d-a115-4a0a-bde6-418364390020","NOGP_005.mammalGrid.mam","D09","NOGP","NOGP_005","F2","distributed","grasslandHerbaceous",46.788065,-100.913882,"WGS84",45.1,562.2,0.1,"6 - trap set and empty","ShermanLF","2025-07-16","2025-07-16",,,,,,,,,,,,,,,,,,,,,,,,,,,,,,,,,,,,,,,,,,,,,"0009-0006-6432-3978","0009-0002-2817-390X",,,,,"945e2832-8fc0-4a30-bdf2-57d5a1018c1c"
"68d2ed94-1f9a-4c6b-aff8-3a5f7b1c9165","c4b86d9d-a115-4a0a-bde6-418364390020","NOGP_005.mammalGrid.mam","D09","NOGP","NOGP_005","B10","distributed","grasslandHerbaceous",46.788065,-100.913882,"WGS84",45.1,562.2,0.1,"5 - capture","ShermanLF","2025-07-16","2025-07-16","NEON.MAM.D09.L8412",,"PEMA","Peromyscus maniculatus","species","cf. species",,,,"N","M","Y","processed",,"adult","scrotal",,,,20,,,,23,"N","N","N",,"botflies","dry ice",,,,,,,,,,,,,,,"0009-0006-6432-3978","0009-0002-2817-390X",,,,,"50501dcd-74d6-44d9-9cf9-aca92c1b72d6"
"a29e4d90-30bc-47b2-a428-0e5f5d87426e","4962b092-6f8c-41ee-829d-9e2c964a3eca","NOGP_002.mammalGrid.mam","D09","NOGP","NOGP_002","J3","distributed","grasslandHerbaceous",46.799664,-100.910770,"WGS84",45.1,547.4,0.1,"6 - trap set and empty","ShermanXLK","2025-07-16","2025-07-16",,,,,,,,,,,,,,,,,,,,,,,,,,,,,,,,,,,,,,,,,,,,,"0009-0000-8940-8632","0009-0000-9880-3001",,,,,"e74d4f4d-13a3-441f-8d7c-9b4486f0a608"
"55c9bb71-6b18-447c-b8e3-883d3321805b","e10ac638-eec7-424b-93b7-862575cabfb7","NOGP_009.mammalGrid.mam","D09","NOGP","NOGP_009","F5","distributed","grasslandHerbaceous",46.800461,-100.914403,"WGS84",45.1,541.0,0.1,"6 - trap set and empty","ShermanLF","2025-07-16","2025-07-16",,,,,,,,,,,,,,,,,,,,,,,,,,,,,,,,,,,,,,,,,,,,,"0009-0000-8940-8632","0009-0000-9880-3001",,,,,"c4286fff-dffd-4c85-9bfa-806056ada855"
"6016dfce-a737-4649-866d-6ef12608de91","4962b092-6f8c-41ee-829d-9e2c964a3eca","NOGP_002.mammalGrid.mam","D09","NOGP","NOGP_002","D3","distributed","grasslandHerbaceous",46.799664,-100.910770,"WGS84",45.1,547.4,0.1,"6 - trap set and empty","ShermanXLK","2025-07-16","2025-07-16",,,,,,,,,,,,,,,,,,,,,,,,,,,,,,,,,,,,,,,,,,,,,"0009-0000-8940-8632","0009-0000-9880-3001",,,,,"e9e872eb-4fb2-440a-a3f4-b58eca7292fe"
"c9fa5f42-ada8-4e2f-8e6d-2fb4b38e2758","ddb09535-e2ed-4c9e-9df4-c66ef123c0ed","NOGP_017.mammalGrid.mam","D09","NOGP","NOGP_017","D1","distributed","grasslandHerbaceous",46.791856,-100.918686,"WGS84",45.1,556.8,0.1,"6 - trap set and empty","ShermanXLK","2025-07-16","2025-07-16",,,,,,,,,,,,,,,,,,,,,,,,,,,,,,,,,,,,,,,,,,,,,"0009-0000-9880-3001","0009-0006-7557-7412",,,,,"2169766c-4276-433b-badf-ad41add23bd7"
"fa16fea8-b178-4f94-8b3a-8b0b39c09e9f","ddb09535-e2ed-4c9e-9df4-c66ef123c0ed","NOGP_017.mammalGrid.mam","D09","NOGP","NOGP_017","D5","distributed","grasslandHerbaceous",46.791856,-100.918686,"WGS84",45.1,556.8,0.1,"6 - trap set and empty","ShermanXLK","2025-07-16","2025-07-16",,,,,,,,,,,,,,,,,,,,,,,,,,,,,,,,,,,,,,,,,,,,,"0009-0000-9880-3001","0009-0006-7557-7412",,,,,"3d67590f-52ae-4549-a645-8a795401aaf7"
"941e650b-c645-4eec-843d-2323a541fa02","e10ac638-eec7-424b-93b7-862575cabfb7","NOGP_009.mammalGrid.mam","D09","NOGP","NOGP_009","D7","distributed","grasslandHerbaceous",46.800461,-100.914403,"WGS84",45.1,541.0,0.1,"6 - trap set and empty","ShermanLF","2025-07-16","2025-07-16",,,,,,,,,,,,,,,,,,,,,,,,,,,,,,,,,,,,,,,,,,,,,"0009-0000-8940-8632","0009-0000-9880-3001",,,,,"8ece9059-0132-4d1e-befc-c8a128c81e99"
"e0bab60b-809f-4cbf-a965-5b8601c6d649","c4b86d9d-a115-4a0a-bde6-418364390020","NOGP_005.mammalGrid.mam","D09","NOGP","NOGP_005","D7","distributed","grasslandHerbaceous",46.788065,-100.913882,"WGS84",45.1,562.2,0.1,"6 - trap set and empty","ShermanLF","2025-07-16","2025-07-16",,,,,,,,,,,,,,,,,,,,,,,,,,,,,,,,,,,,,,,,,,,,,"0009-0006-6432-3978","0009-0002-2817-390X",,,,,"aa317f35-2549-42aa-9c09-ea77192c9a31"
"e7e657d6-4ec2-4043-8402-3bfbfd622c9c","ddb09535-e2ed-4c9e-9df4-c66ef123c0ed","NOGP_017.mammalGrid.mam","D09","NOGP","NOGP_017","G10","distributed","grasslandHerbaceous",46.791856,-100.918686,"WGS84",45.1,556.8,0.1,"6 - trap set and empty","ShermanXLK","2025-07-16","2025-07-16",,,,,,,,,,,,,,,,,,,,,,,,,,,,,,,,,,,,,,,,,,,,,"0009-0000-9880-3001","0009-0006-7557-7412",,,,,"7859c5da-9a78-4ed9-8180-e50876021ee8"
"92a1a9d6-0b21-4e03-b032-91e1222dde77","c4b86d9d-a115-4a0a-bde6-418364390020","NOGP_005.mammalGrid.mam","D09","NOGP","NOGP_005","G1","distributed","grasslandHerbaceous",46.788065,-100.913882,"WGS84",45.1,562.2,0.1,"6 - trap set and empty","ShermanLF","2025-07-16","2025-07-16",,,,,,,,,,,,,,,,,,,,,,,,,,,,,,,,,,,,,,,,,,,,,"0009-0006-6432-3978","0009-0002-2817-390X",,,,,"e21c399b-9c83-4637-b869-4883f2111da0"
"9599793d-dc4c-4c6d-8f51-c35fbb1e4ca1","e10ac638-eec7-424b-93b7-862575cabfb7","NOGP_009.mammalGrid.mam","D09","NOGP","NOGP_009","H7","distributed","grasslandHerbaceous",46.800461,-100.914403,"WGS84",45.1,541.0,0.1,"6 - trap set and empty","ShermanLF","2025-07-16","2025-07-16",,,,,,,,,,,,,,,,,,,,,,,,,,,,,,,,,,,,,,,,,,,,,"0009-0000-8940-8632","0009-0000-9880-3001",,,,,"159f65d9-8466-4b85-8cd8-902dc91f0bf3"
"711de386-8bab-40b5-9707-96e57bf7e4c1","e10ac638-eec7-424b-93b7-862575cabfb7","NOGP_009.mammalGrid.mam","D09","NOGP","NOGP_009","H2","distributed","grasslandHerbaceous",46.800461,-100.914403,"WGS84",45.1,541.0,0.1,"6 - trap set and empty","ShermanLF","2025-07-16","2025-07-16",,,,,,,,,,,,,,,,,,,,,,,,,,,,,,,,,,,,,,,,,,,,,"0009-0000-8940-8632","0009-0000-9880-3001",,,,,"cbda5a75-ec0f-4fb2-831a-01a5d53fffa7"
"cc889fc2-5fdc-461b-aa3e-2eb7720e8e30","4962b092-6f8c-41ee-829d-9e2c964a3eca","NOGP_002.mammalGrid.mam","D09","NOGP","NOGP_002","E7","distributed","grasslandHerbaceous",46.799664,-100.910770,"WGS84",45.1,547.4,0.1,"6 - trap set and empty","ShermanXLK","2025-07-16","2025-07-16",,,,,,,,,,,,,,,,,,,,,,,,,,,,,,,,,,,,,,,,,,,,,"0009-0000-8940-8632","0009-0000-9880-3001",,,,,"f3dff45e-1b23-45e8-954c-f57eef2c254b"
"7d3063eb-60ab-4e17-811d-41b3d3666f85","c4b86d9d-a115-4a0a-bde6-418364390020","NOGP_005.mammalGrid.mam","D09","NOGP","NOGP_005","F8","distributed","grasslandHerbaceous",46.788065,-100.913882,"WGS84",45.1,562.2,0.1,"5 - capture","ShermanLF","2025-07-16","2025-07-16","NEON.MAM.D09.L8342",,"ZAHU","Zapus hudsonius","species",,,,,"N","F","Y","processed",,"adult",,"nonenlarged","not","neither",,,,,,"N","N","N",,"none","dry ice","NOGP.20250716.L8342.B","D00000199875","mandibular - QNS","10-20",,,,,,"NOGP.20250716.L8342.H","A00000378727","hairAndWhisker",,,"0009-0006-6432-3978","0009-0002-2817-390X",,,,,"4d2a853b-857d-4830-a507-9bb9f74d6d9b"
"c1f145a8-a449-40aa-9535-c4e68b4834c1","c4b86d9d-a115-4a0a-bde6-418364390020","NOGP_005.mammalGrid.mam","D09","NOGP","NOGP_005","D5","distributed","grasslandHerbaceous",46.788065,-100.913882,"WGS84",45.1,562.2,0.1,"5 - capture","ShermanLF","2025-07-16","2025-07-16","NEON.MAM.D09.L9046",,"PEMA","Peromyscus maniculatus","species","cf. species",,,,"N","M","Y","processed",,"adult","nonscrotal",,,,19,,,,22,"N","N","N",,"none","dry ice",,,,,,,,,,,,,,,"0009-0006-6432-3978","0009-0002-2817-390X",,,,,"6db99f69-b5fa-44c3-84f4-af0fb1a245a2"
"c6f086b7-36ed-4428-9123-75cb99f3c0ad","4962b092-6f8c-41ee-829d-9e2c964a3eca","NOGP_002.mammalGrid.mam","D09","NOGP","NOGP_002","J4","distributed","grasslandHerbaceous",46.799664,-100.910770,"WGS84",45.1,547.4,0.1,"6 - trap set and empty","ShermanXLK","2025-07-16","2025-07-16",,,,,,,,,,,,,,,,,,,,,,,,,,,,,,,,,,,,,,,,,,,,,"0009-0000-8940-8632","0009-0000-9880-3001",,,,,"9be28652-595f-4561-a023-4417754b7866"
"019a7a20-4c6f-4dc3-bb09-7a45f0532813","4962b092-6f8c-41ee-829d-9e2c964a3eca","NOGP_002.mammalGrid.mam","D09","NOGP","NOGP_002","J7","distributed","grasslandHerbaceous",46.799664,-100.910770,"WGS84",45.1,547.4,0.1,"6 - trap set and empty","ShermanXLK","2025-07-16","2025-07-16",,,,,,,,,,,,,,,,,,,,,,,,,,,,,,,,,,,,,,,,,,,,,"0009-0000-8940-8632","0009-0000-9880-3001",,,,,"50ac2943-7fee-410c-8f96-0767b9ed2076"
"618b3fc4-3879-4e81-a9d6-66fa19a7fcc7","4962b092-6f8c-41ee-829d-9e2c964a3eca","NOGP_002.mammalGrid.mam","D09","NOGP","NOGP_002","A8","distributed","grasslandHerbaceous",46.799664,-100.910770,"WGS84",45.1,547.4,0.1,"6 - trap set and empty","ShermanXLK","2025-07-16","2025-07-16",,,,,,,,,,,,,,,,,,,,,,,,,,,,,,,,,,,,,,,,,,,,,"0009-0000-8940-8632","0009-0000-9880-3001",,,,,"a54adf06-a38a-4695-a025-e7e00ca57755"
"eb652f09-cd5b-4d2e-b07e-9d4bc496634c","c4b86d9d-a115-4a0a-bde6-418364390020","NOGP_005.mammalGrid.mam","D09","NOGP","NOGP_005","J10","distributed","grasslandHerbaceous",46.788065,-100.913882,"WGS84",45.1,562.2,0.1,"6 - trap set and empty","ShermanLF","2025-07-16","2025-07-16",,,,,,,,,,,,,,,,,,,,,,,,,,,,,,,,,,,,,,,,,,,,,"0009-0006-6432-3978","0009-0002-2817-390X",,,,,"87ffe86b-c2b8-4bbc-b8f3-401ff5fef7b7"
"f6e29d4c-d12a-4032-a5cb-07e310c8cfec","c4b86d9d-a115-4a0a-bde6-418364390020","NOGP_005.mammalGrid.mam","D09","NOGP","NOGP_005","J9","distributed","grasslandHerbaceous",46.788065,-100.913882,"WGS84",45.1,562.2,0.1,"6 - trap set and empty","ShermanLF","2025-07-16","2025-07-16",,,,,,,,,,,,,,,,,,,,,,,,,,,,,,,,,,,,,,,,,,,,,"0009-0006-6432-3978","0009-0002-2817-390X",,,,,"29ad5bbd-3f80-4dbd-aed7-5066454d456d"
"db93b53a-db65-4b88-9e37-c1d0db6ba614","ddb09535-e2ed-4c9e-9df4-c66ef123c0ed","NOGP_017.mammalGrid.mam","D09","NOGP","NOGP_017","E4","distributed","grasslandHerbaceous",46.791856,-100.918686,"WGS84",45.1,556.8,0.1,"6 - trap set and empty","ShermanXLK","2025-07-16","2025-07-16",,,,,,,,,,,,,,,,,,,,,,,,,,,,,,,,,,,,,,,,,,,,,"0009-0000-9880-3001","0009-0006-7557-7412",,,,,"241af5ac-b080-4b46-b778-ca8c54df153e"
"8e58d938-d2cd-4e83-a774-7ef3c98bac28","4962b092-6f8c-41ee-829d-9e2c964a3eca","NOGP_002.mammalGrid.mam","D09","NOGP","NOGP_002","A9","distributed","grasslandHerbaceous",46.799664,-100.910770,"WGS84",45.1,547.4,0.1,"6 - trap set and empty","ShermanXLK","2025-07-16","2025-07-16",,,,,,,,,,,,,,,,,,,,,,,,,,,,,,,,,,,,,,,,,,,,,"0009-0000-8940-8632","0009-0000-9880-3001",,,,,"83b6fc48-d60a-4b78-800c-df7b86dc9a91"
"f972cf26-5f91-4781-a399-7b53db910297","ddb09535-e2ed-4c9e-9df4-c66ef123c0ed","NOGP_017.mammalGrid.mam","D09","NOGP","NOGP_017","C6","distributed","grasslandHerbaceous",46.791856,-100.918686,"WGS84",45.1,556.8,0.1,"6 - trap set and empty","ShermanXLK","2025-07-16","2025-07-16",,,,,,,,,,,,,,,,,,,,,,,,,,,,,,,,,,,,,,,,,,,,,"0009-0000-9880-3001","0009-0006-7557-7412",,,,,"00691504-d70d-4263-babf-dfc9cfd197f5"
"fa3bf1c7-0376-43af-9fc9-ab6662f1fcfe","c4b86d9d-a115-4a0a-bde6-418364390020","NOGP_005.mammalGrid.mam","D09","NOGP","NOGP_005","F5","distributed","grasslandHerbaceous",46.788065,-100.913882,"WGS84",45.1,562.2,0.1,"6 - trap set and empty","ShermanLF","2025-07-16","2025-07-16",,,,,,,,,,,,,,,,,,,,,,,,,,,,,,,,,,,,,,,,,,,,,"0009-0006-6432-3978","0009-0002-2817-390X",,,,,"59c21557-fc51-4bf7-a503-8f61923be6dc"
"32f05784-e51a-4d90-8618-d2aabe159013","4962b092-6f8c-41ee-829d-9e2c964a3eca","NOGP_002.mammalGrid.mam","D09","NOGP","NOGP_002","F10","distributed","grasslandHerbaceous",46.799664,-100.910770,"WGS84",45.1,547.4,0.1,"3 - trap door open or closed w/ spoor left","ShermanXLK","2025-07-16","2025-07-16",,,,,,,,,,,,,,,,,,,,,,,,,,,,,"did not check","dry ice",,,,,,,,,,,,,,,"0009-0000-8940-8632","0009-0000-9880-3001",,,,,"49011b9e-1450-4196-9b62-38558c2df71e"
"df5ab767-fb42-4a0b-8667-0c644d54650c","4962b092-6f8c-41ee-829d-9e2c964a3eca","NOGP_002.mammalGrid.mam","D09","NOGP","NOGP_002","C3","distributed","grasslandHerbaceous",46.799664,-100.910770,"WGS84",45.1,547.4,0.1,"6 - trap set and empty","ShermanXLK","2025-07-16","2025-07-16",,,,,,,,,,,,,,,,,,,,,,,,,,,,,,,,,,,,,,,,,,,,,"0009-0000-8940-8632","0009-0000-9880-3001",,,,,"8f8a43e0-c5ab-49d4-baa4-245178082d36"
"bfcab21f-9e47-482a-bb68-18a294994c04","4962b092-6f8c-41ee-829d-9e2c964a3eca","NOGP_002.mammalGrid.mam","D09","NOGP","NOGP_002","I1","distributed","grasslandHerbaceous",46.799664,-100.910770,"WGS84",45.1,547.4,0.1,"6 - trap set and empty","ShermanXLK","2025-07-16","2025-07-16",,,,,,,,,,,,,,,,,,,,,,,,,,,,,,,,,,,,,,,,,,,,,"0009-0000-8940-8632","0009-0000-9880-3001",,,,,"5b79873a-a635-49d7-9515-242f00283b43"
"983a351b-d11f-484e-b0fe-4d61fb8eba82","e10ac638-eec7-424b-93b7-862575cabfb7","NOGP_009.mammalGrid.mam","D09","NOGP","NOGP_009","J6","distributed","grasslandHerbaceous",46.800461,-100.914403,"WGS84",45.1,541.0,0.1,"6 - trap set and empty","ShermanLF","2025-07-16","2025-07-16",,,,,,,,,,,,,,,,,,,,,,,,,,,,,,,,,,,,,,,,,,,,,"0009-0000-8940-8632","0009-0000-9880-3001",,,,,"8897e0a3-415d-4224-afd8-24e83a2e5973"
"1c8d0e8d-0e21-4350-b066-f21c00fa4345","c4b86d9d-a115-4a0a-bde6-418364390020","NOGP_005.mammalGrid.mam","D09","NOGP","NOGP_005","C3","distributed","grasslandHerbaceous",46.788065,-100.913882,"WGS84",45.1,562.2,0.1,"6 - trap set and empty","ShermanLF","2025-07-16","2025-07-16",,,,,,,,,,,,,,,,,,,,,,,,,,,,,,,,,,,,,,,,,,,,,"0009-0006-6432-3978","0009-0002-2817-390X",,,,,"22d60ed3-c12a-4f77-bb38-90ec69f5f4ea"
"700243e8-54df-4c54-8cd9-f65a7b3c815f","ddb09535-e2ed-4c9e-9df4-c66ef123c0ed","NOGP_017.mammalGrid.mam","D09","NOGP","NOGP_017","D2","distributed","grasslandHerbaceous",46.791856,-100.918686,"WGS84",45.1,556.8,0.1,"6 - trap set and empty","ShermanXLK","2025-07-16","2025-07-16",,,,,,,,,,,,,,,,,,,,,,,,,,,,,,,,,,,,,,,,,,,,,"0009-0000-9880-3001","0009-0006-7557-7412",,,,,"5b2ad333-6518-48df-a3a5-a3a162bf4b0b"
"497c17ef-5022-4f09-be96-18b039b5011f","e10ac638-eec7-424b-93b7-862575cabfb7","NOGP_009.mammalGrid.mam","D09","NOGP","NOGP_009","I9","distributed","grasslandHerbaceous",46.800461,-100.914403,"WGS84",45.1,541.0,0.1,"6 - trap set and empty","ShermanLF","2025-07-16","2025-07-16",,,,,,,,,,,,,,,,,,,,,,,,,,,,,,,,,,,,,,,,,,,,,"0009-0000-8940-8632","0009-0000-9880-3001",,,,,"7eb23e1c-5331-43a6-a37e-505bfbb85882"
"6ce07828-3920-4d1b-ad7b-a53a50e58176","c4b86d9d-a115-4a0a-bde6-418364390020","NOGP_005.mammalGrid.mam","D09","NOGP","NOGP_005","H7","distributed","grasslandHerbaceous",46.788065,-100.913882,"WGS84",45.1,562.2,0.1,"6 - trap set and empty","ShermanLF","2025-07-16","2025-07-16",,,,,,,,,,,,,,,,,,,,,,,,,,,,,,,,,,,,,,,,,,,,,"0009-0006-6432-3978","0009-0002-2817-390X",,,,,"764e0bd9-4813-498a-ab1e-e9d644dc42c2"
"97582ff5-f371-4c33-ae60-a052624d1186","e10ac638-eec7-424b-93b7-862575cabfb7","NOGP_009.mammalGrid.mam","D09","NOGP","NOGP_009","G7","distributed","grasslandHerbaceous",46.800461,-100.914403,"WGS84",45.1,541.0,0.1,"6 - trap set and empty","ShermanLF","2025-07-16","2025-07-16",,,,,,,,,,,,,,,,,,,,,,,,,,,,,,,,,,,,,,,,,,,,,"0009-0000-8940-8632","0009-0000-9880-3001",,,,,"c92049a4-0286-4d7d-aeb5-d8889a64f22d"
"ca901aa7-90b3-4caa-963e-1f3e91ddd64c","c4b86d9d-a115-4a0a-bde6-418364390020","NOGP_005.mammalGrid.mam","D09","NOGP","NOGP_005","J7","distributed","grasslandHerbaceous",46.788065,-100.913882,"WGS84",45.1,562.2,0.1,"6 - trap set and empty","ShermanLF","2025-07-16","2025-07-16",,,,,,,,,,,,,,,,,,,,,,,,,,,,,,,,,,,,,,,,,,,,,"0009-0006-6432-3978","0009-0002-2817-390X",,,,,"e20293d8-df23-42c5-bf4f-fc5626f86f56"
"292d41ad-3a9b-4402-911a-2d34c952bc28","e10ac638-eec7-424b-93b7-862575cabfb7","NOGP_009.mammalGrid.mam","D09","NOGP","NOGP_009","E10","distributed","grasslandHerbaceous",46.800461,-100.914403,"WGS84",45.1,541.0,0.1,"6 - trap set and empty","ShermanLF","2025-07-16","2025-07-16",,,,,,,,,,,,,,,,,,,,,,,,,,,,,,,,,,,,,,,,,,,,,"0009-0000-8940-8632","0009-0000-9880-3001",,,,,"e03773fe-314e-47f3-8222-289e945785cf"
"d781ab09-3337-4866-9b3a-3cf72ed85e9d","c4b86d9d-a115-4a0a-bde6-418364390020","NOGP_005.mammalGrid.mam","D09","NOGP","NOGP_005","E10","distributed","grasslandHerbaceous",46.788065,-100.913882,"WGS84",45.1,562.2,0.1,"5 - capture","ShermanLF","2025-07-16","2025-07-16","NEON.MAM.D09.R8450",,"ZAHU","Zapus hudsonius","species",,,,,"N","F","Y","processed",,"adult",,"nonenlarged","not","neither",29,,,,22,"N","N","N",,"none","dry ice",,,,,,,,"NOGP.20250716.R8450.E","D00000245376",,,,,,"0009-0006-6432-3978","0009-0002-2817-390X",,,,,"30c1677e-5b94-45fa-b928-19ebe4ad9452"
"d2cd6aa3-2290-45b8-bfb8-9280bfbc5173","c4b86d9d-a115-4a0a-bde6-418364390020","NOGP_005.mammalGrid.mam","D09","NOGP","NOGP_005","C4","distributed","grasslandHerbaceous",46.788065,-100.913882,"WGS84",45.1,562.2,0.1,"6 - trap set and empty","ShermanLF","2025-07-16","2025-07-16",,,,,,,,,,,,,,,,,,,,,,,,,,,,,,,,,,,,,,,,,,,,,"0009-0006-6432-3978","0009-0002-2817-390X",,,,,"e000036b-7eeb-407c-8ffa-65b5ed73e9b8"
"903a0d1f-6a33-49ba-aff5-d4895d6c79b2","e10ac638-eec7-424b-93b7-862575cabfb7","NOGP_009.mammalGrid.mam","D09","NOGP","NOGP_009","C6","distributed","grasslandHerbaceous",46.800461,-100.914403,"WGS84",45.1,541.0,0.1,"6 - trap set and empty","ShermanLF","2025-07-16","2025-07-16",,,,,,,,,,,,,,,,,,,,,,,,,,,,,,,,,,,,,,,,,,,,,"0009-0000-8940-8632","0009-0000-9880-3001",,,,,"9b92db31-28c7-4616-aa5a-cb33ecb28f63"
"2812e6d6-28b5-45bb-bd74-d6f116637f1d","c4b86d9d-a115-4a0a-bde6-418364390020","NOGP_005.mammalGrid.mam","D09","NOGP","NOGP_005","F9","distributed","grasslandHerbaceous",46.788065,-100.913882,"WGS84",45.1,562.2,0.1,"5 - capture","ShermanLF","2025-07-16","2025-07-16","NEON.MAM.D09.R8344",,"PELE","Peromyscus leucopus","species",,,,,"N","M","Y","processed",,"adult","scrotal",,,,21,,,,30,"N","N","N",,"botflies","dry ice",,,,,,,,,,,,,,,"0009-0006-6432-3978","0009-0002-2817-390X",,,,,"a831b490-1f98-4a72-b0d5-c7b835e24ac3"
"9f9714d1-2ea9-4c27-9300-5ab4a2d58621","e10ac638-eec7-424b-93b7-862575cabfb7","NOGP_009.mammalGrid.mam","D09","NOGP","NOGP_009","D3","distributed","grasslandHerbaceous",46.800461,-100.914403,"WGS84",45.1,541.0,0.1,"6 - trap set and empty","ShermanLF","2025-07-16","2025-07-16",,,,,,,,,,,,,,,,,,,,,,,,,,,,,,,,,,,,,,,,,,,,,"0009-0000-8940-8632","0009-0000-9880-3001",,,,,"f7e82a92-94f2-425d-9f3b-e716b64c4d39"
"db1a6afb-1602-47c7-a75f-27b350aa283b","e10ac638-eec7-424b-93b7-862575cabfb7","NOGP_009.mammalGrid.mam","D09","NOGP","NOGP_009","B8","distributed","grasslandHerbaceous",46.800461,-100.914403,"WGS84",45.1,541.0,0.1,"6 - trap set and empty","ShermanLF","2025-07-16","2025-07-16",,,,,,,,,,,,,,,,,,,,,,,,,,,,,,,,,,,,,,,,,,,,,"0009-0000-8940-8632","0009-0000-9880-3001",,,,,"4850ead7-8107-4dd3-9c59-17942b0a1200"
"6f7ae4bf-a285-4ed2-ba9f-21f1c01f2878","ddb09535-e2ed-4c9e-9df4-c66ef123c0ed","NOGP_017.mammalGrid.mam","D09","NOGP","NOGP_017","C4","distributed","grasslandHerbaceous",46.791856,-100.918686,"WGS84",45.1,556.8,0.1,"6 - trap set and empty","ShermanXLK","2025-07-16","2025-07-16",,,,,,,,,,,,,,,,,,,,,,,,,,,,,,,,,,,,,,,,,,,,,"0009-0000-9880-3001","0009-0006-7557-7412",,,,,"f0d9a849-30da-41f2-a9d1-a78f7cf023d2"
"f79845a4-8fcc-45d1-9050-710ed69cfec7","e10ac638-eec7-424b-93b7-862575cabfb7","NOGP_009.mammalGrid.mam","D09","NOGP","NOGP_009","A9","distributed","grasslandHerbaceous",46.800461,-100.914403,"WGS84",45.1,541.0,0.1,"6 - trap set and empty","ShermanLF","2025-07-16","2025-07-16",,,,,,,,,,,,,,,,,,,,,,,,,,,,,,,,,,,,,,,,,,,,,"0009-0000-8940-8632","0009-0000-9880-3001",,,,,"aebe1ff6-c907-4d26-95d0-4c9708d8b521"
"ad0ed7e4-8dfd-4089-8cab-bb83f70a0611","e10ac638-eec7-424b-93b7-862575cabfb7","NOGP_009.mammalGrid.mam","D09","NOGP","NOGP_009","F7","distributed","grasslandHerbaceous",46.800461,-100.914403,"WGS84",45.1,541.0,0.1,"6 - trap set and empty","ShermanLF","2025-07-16","2025-07-16",,,,,,,,,,,,,,,,,,,,,,,,,,,,,,,,,,,,,,,,,,,,,"0009-0000-8940-8632","0009-0000-9880-3001",,,,,"4e8bd503-3832-4493-aae9-8adf0be9e838"
"8ebfeeb7-4e71-4649-be86-617d69d16816","c4b86d9d-a115-4a0a-bde6-418364390020","NOGP_005.mammalGrid.mam","D09","NOGP","NOGP_005","H5","distributed","grasslandHerbaceous",46.788065,-100.913882,"WGS84",45.1,562.2,0.1,"5 - capture","ShermanLF","2025-07-16","2025-07-16","NEON.MAM.D09.L8320",,"PEMA","Peromyscus maniculatus","species",,,,,"N","F","Y","processed",,"adult",,"nonenlarged","not","neither",19,,,,17,"N","N","N",,"none","dry ice",,,,,,,,,,,,,,,"0009-0006-6432-3978","0009-0002-2817-390X",,,,,"886a6a3d-56eb-429c-abbf-dbd612c3c38c"
"04d7dd75-2c63-4e72-8570-9b3c83f9f098","4962b092-6f8c-41ee-829d-9e2c964a3eca","NOGP_002.mammalGrid.mam","D09","NOGP","NOGP_002","I9","distributed","grasslandHerbaceous",46.799664,-100.910770,"WGS84",45.1,547.4,0.1,"6 - trap set and empty","ShermanXLK","2025-07-16","2025-07-16",,,,,,,,,,,,,,,,,,,,,,,,,,,,,,,,,,,,,,,,,,,,,"0009-0000-8940-8632","0009-0000-9880-3001",,,,,"fbaf2c60-124f-4da9-a148-6b5a65c4f86b"
"91021b94-2945-44c4-9690-6e298edaf4de","ddb09535-e2ed-4c9e-9df4-c66ef123c0ed","NOGP_017.mammalGrid.mam","D09","NOGP","NOGP_017","C2","distributed","grasslandHerbaceous",46.791856,-100.918686,"WGS84",45.1,556.8,0.1,"6 - trap set and empty","ShermanXLK","2025-07-16","2025-07-16",,,,,,,,,,,,,,,,,,,,,,,,,,,,,,,,,,,,,,,,,,,,,"0009-0000-9880-3001","0009-0006-7557-7412",,,,,"a9cc10aa-be7d-4767-bfa3-9c1bc1ecacea"
"b3d1fb71-c000-4c59-bb67-8424e78a31f2","4962b092-6f8c-41ee-829d-9e2c964a3eca","NOGP_002.mammalGrid.mam","D09","NOGP","NOGP_002","C8","distributed","grasslandHerbaceous",46.799664,-100.910770,"WGS84",45.1,547.4,0.1,"6 - trap set and empty","ShermanXLK","2025-07-16","2025-07-16",,,,,,,,,,,,,,,,,,,,,,,,,,,,,,,,,,,,,,,,,,,,,"0009-0000-8940-8632","0009-0000-9880-3001",,,,,"bb0394db-6d68-4025-8ca9-017e82604ca4"
"4dd7fd52-6766-4805-81ef-c2379ab534be","4962b092-6f8c-41ee-829d-9e2c964a3eca","NOGP_002.mammalGrid.mam","D09","NOGP","NOGP_002","C5","distributed","grasslandHerbaceous",46.799664,-100.910770,"WGS84",45.1,547.4,0.1,"6 - trap set and empty","ShermanXLK","2025-07-16","2025-07-16",,,,,,,,,,,,,,,,,,,,,,,,,,,,,,,,,,,,,,,,,,,,,"0009-0000-8940-8632","0009-0000-9880-3001",,,,,"f3b365a6-fb42-4613-b412-8a420dec6cbe"
"d3e5213c-e953-4a58-beca-f862cf66558e","4962b092-6f8c-41ee-829d-9e2c964a3eca","NOGP_002.mammalGrid.mam","D09","NOGP","NOGP_002","H4","distributed","grasslandHerbaceous",46.799664,-100.910770,"WGS84",45.1,547.4,0.1,"6 - trap set and empty","ShermanXLK","2025-07-16","2025-07-16",,,,,,,,,,,,,,,,,,,,,,,,,,,,,,,,,,,,,,,,,,,,,"0009-0000-8940-8632","0009-0000-9880-3001",,,,,"24ae7288-3cfd-4ed5-9dc4-388c60f10930"
"c265cd6d-3424-4f35-a658-8cdb47726088","4962b092-6f8c-41ee-829d-9e2c964a3eca","NOGP_002.mammalGrid.mam","D09","NOGP","NOGP_002","H10","distributed","grasslandHerbaceous",46.799664,-100.910770,"WGS84",45.1,547.4,0.1,"6 - trap set and empty","ShermanXLK","2025-07-16","2025-07-16",,,,,,,,,,,,,,,,,,,,,,,,,,,,,,,,,,,,,,,,,,,,,"0009-0000-8940-8632","0009-0000-9880-3001",,,,,"a2c5eb58-6ddd-4277-bc60-5caac4e62f2b"
"fc842a9f-267a-473a-9411-3123e96d7394","c4b86d9d-a115-4a0a-bde6-418364390020","NOGP_005.mammalGrid.mam","D09","NOGP","NOGP_005","I2","distributed","grasslandHerbaceous",46.788065,-100.913882,"WGS84",45.1,562.2,0.1,"6 - trap set and empty","ShermanLF","2025-07-16","2025-07-16",,,,,,,,,,,,,,,,,,,,,,,,,,,,,,,,,,,,,,,,,,,,,"0009-0006-6432-3978","0009-0002-2817-390X",,,,,"9be47039-4c54-47b8-85fa-d0fafa20e7fd"
"ded20dae-6c0d-461a-b7bb-050bf7fac6b4","ddb09535-e2ed-4c9e-9df4-c66ef123c0ed","NOGP_017.mammalGrid.mam","D09","NOGP","NOGP_017","C5","distributed","grasslandHerbaceous",46.791856,-100.918686,"WGS84",45.1,556.8,0.1,"6 - trap set and empty","ShermanXLK","2025-07-16","2025-07-16",,,,,,,,,,,,,,,,,,,,,,,,,,,,,,,,,,,,,,,,,,,,,"0009-0000-9880-3001","0009-0006-7557-7412",,,,,"17f29449-94d5-4bd1-a11d-5f864655a337"
"537688bb-5920-4a0b-9019-0b0121600059","c4b86d9d-a115-4a0a-bde6-418364390020","NOGP_005.mammalGrid.mam","D09","NOGP","NOGP_005","C2","distributed","grasslandHerbaceous",46.788065,-100.913882,"WGS84",45.1,562.2,0.1,"5 - capture","ShermanLF","2025-07-16","2025-07-16","NEON.MAM.D09.R8457",,"PELE","Peromyscus leucopus","species","cf. species",,,,"N","F","Y","processed",,"adult",,"enlarged","not",,20,,,,29,"N","N","N",,"none","dry ice",,,,,,,,,,,,,,,"0009-0006-6432-3978","0009-0002-2817-390X",,,,,"7f533565-595a-4d0b-97e1-ea8bca8b053d"
"ae4f132e-bf7e-4634-a8db-a8997c336cf3","ddb09535-e2ed-4c9e-9df4-c66ef123c0ed","NOGP_017.mammalGrid.mam","D09","NOGP","NOGP_017","C8","distributed","grasslandHerbaceous",46.791856,-100.918686,"WGS84",45.1,556.8,0.1,"6 - trap set and empty","ShermanXLK","2025-07-16","2025-07-16",,,,,,,,,,,,,,,,,,,,,,,,,,,,,,,,,,,,,,,,,,,,,"0009-0000-9880-3001","0009-0006-7557-7412",,,,,"4c6e821b-da53-4d5c-80d1-2c8448977490"
"d31f10eb-421f-47ec-8e85-e7cd36933d2b","4962b092-6f8c-41ee-829d-9e2c964a3eca","NOGP_002.mammalGrid.mam","D09","NOGP","NOGP_002","J10","distributed","grasslandHerbaceous",46.799664,-100.910770,"WGS84",45.1,547.4,0.1,"6 - trap set and empty","ShermanXLK","2025-07-16","2025-07-16",,,,,,,,,,,,,,,,,,,,,,,,,,,,,,,,,,,,,,,,,,,,,"0009-0000-8940-8632","0009-0000-9880-3001",,,,,"709f3ffc-0f12-4fb3-8712-d9effb91a816"
"3c7836ff-9202-46fe-b920-175cbb38d76d","ddb09535-e2ed-4c9e-9df4-c66ef123c0ed","NOGP_017.mammalGrid.mam","D09","NOGP","NOGP_017","E3","distributed","grasslandHerbaceous",46.791856,-100.918686,"WGS84",45.1,556.8,0.1,"6 - trap set and empty","ShermanXLK","2025-07-16","2025-07-16",,,,,,,,,,,,,,,,,,,,,,,,,,,,,,,,,,,,,,,,,,,,,"0009-0000-9880-3001","0009-0006-7557-7412",,,,,"d6a8e284-c73a-4825-b3eb-3334e0d540d2"
"b3618091-a0ed-4737-bc15-e268a557f08a","4962b092-6f8c-41ee-829d-9e2c964a3eca","NOGP_002.mammalGrid.mam","D09","NOGP","NOGP_002","B8","distributed","grasslandHerbaceous",46.799664,-100.910770,"WGS84",45.1,547.4,0.1,"6 - trap set and empty","ShermanXLK","2025-07-16","2025-07-16",,,,,,,,,,,,,,,,,,,,,,,,,,,,,,,,,,,,,,,,,,,,,"0009-0000-8940-8632","0009-0000-9880-3001",,,,,"75218880-8ec0-4e50-9f4d-325c135570e1"
"58a2cd99-f75e-48be-bdfc-7dd82e0213e4","e10ac638-eec7-424b-93b7-862575cabfb7","NOGP_009.mammalGrid.mam","D09","NOGP","NOGP_009","G2","distributed","grasslandHerbaceous",46.800461,-100.914403,"WGS84",45.1,541.0,0.1,"6 - trap set and empty","ShermanLF","2025-07-16","2025-07-16",,,,,,,,,,,,,,,,,,,,,,,,,,,,,,,,,,,,,,,,,,,,,"0009-0000-8940-8632","0009-0000-9880-3001",,,,,"7e519636-e275-43d5-b8bc-bb519b46ec8f"
"924feb37-8cb9-4008-bcec-d682d0f73521","e10ac638-eec7-424b-93b7-862575cabfb7","NOGP_009.mammalGrid.mam","D09","NOGP","NOGP_009","I3","distributed","grasslandHerbaceous",46.800461,-100.914403,"WGS84",45.1,541.0,0.1,"6 - trap set and empty","ShermanLF","2025-07-16","2025-07-16",,,,,,,,,,,,,,,,,,,,,,,,,,,,,,,,,,,,,,,,,,,,,"0009-0000-8940-8632","0009-0000-9880-3001",,,,,"e6ca7d74-fb84-4d4c-ade9-a99c3a8db636"
"9a4ec373-a75b-4251-be78-1b2f39bda9b4","e10ac638-eec7-424b-93b7-862575cabfb7","NOGP_009.mammalGrid.mam","D09","NOGP","NOGP_009","C5","distributed","grasslandHerbaceous",46.800461,-100.914403,"WGS84",45.1,541.0,0.1,"6 - trap set and empty","ShermanLF","2025-07-16","2025-07-16",,,,,,,,,,,,,,,,,,,,,,,,,,,,,,,,,,,,,,,,,,,,,"0009-0000-8940-8632","0009-0000-9880-3001",,,,,"5e3083e3-a60b-417d-b8b7-43615f0edefc"
"119a550f-535b-44da-a83f-476f0c066500","c4b86d9d-a115-4a0a-bde6-418364390020","NOGP_005.mammalGrid.mam","D09","NOGP","NOGP_005","D10","distributed","grasslandHerbaceous",46.788065,-100.913882,"WGS84",45.1,562.2,0.1,"6 - trap set and empty","ShermanLF","2025-07-16","2025-07-16",,,,,,,,,,,,,,,,,,,,,,,,,,,,,,,,,,,,,,,,,,,,,"0009-0006-6432-3978","0009-0002-2817-390X",,,,,"88a21827-0bf4-42a0-80c1-dfbb797a44e0"
"95f2fbd7-0dad-4ad2-97a5-a2f98c3cf519","4962b092-6f8c-41ee-829d-9e2c964a3eca","NOGP_002.mammalGrid.mam","D09","NOGP","NOGP_002","I10","distributed","grasslandHerbaceous",46.799664,-100.910770,"WGS84",45.1,547.4,0.1,"6 - trap set and empty","ShermanXLK","2025-07-16","2025-07-16",,,,,,,,,,,,,,,,,,,,,,,,,,,,,,,,,,,,,,,,,,,,,"0009-0000-8940-8632","0009-0000-9880-3001",,,,,"3b777ba4-c160-4632-ad25-c8fc8e9d5397"
"193c64ac-60f4-4228-8fcd-743d49c92837","e10ac638-eec7-424b-93b7-862575cabfb7","NOGP_009.mammalGrid.mam","D09","NOGP","NOGP_009","J4","distributed","grasslandHerbaceous",46.800461,-100.914403,"WGS84",45.1,541.0,0.1,"6 - trap set and empty","ShermanLF","2025-07-16","2025-07-16",,,,,,,,,,,,,,,,,,,,,,,,,,,,,,,,,,,,,,,,,,,,,"0009-0000-8940-8632","0009-0000-9880-3001",,,,,"e9f0a7a0-2c71-4ce6-8668-d49195a9e7c0"
"d5bb2e62-f2c6-4a11-b062-774182365fcc","e10ac638-eec7-424b-93b7-862575cabfb7","NOGP_009.mammalGrid.mam","D09","NOGP","NOGP_009","H8","distributed","grasslandHerbaceous",46.800461,-100.914403,"WGS84",45.1,541.0,0.1,"6 - trap set and empty","ShermanLF","2025-07-16","2025-07-16",,,,,,,,,,,,,,,,,,,,,,,,,,,,,,,,,,,,,,,,,,,,,"0009-0000-8940-8632","0009-0000-9880-3001",,,,,"3607072a-2f49-4335-9aa4-85f3bcd40c76"
"62dfe3a2-8a36-476e-9706-4073a3f59c58","ddb09535-e2ed-4c9e-9df4-c66ef123c0ed","NOGP_017.mammalGrid.mam","D09","NOGP","NOGP_017","J1","distributed","grasslandHerbaceous",46.791856,-100.918686,"WGS84",45.1,556.8,0.1,"5 - capture","ShermanXLK","2025-07-16","2025-07-16","NEON.MAM.D09.L8842",,"MIPE","Microtus pennsylvanicus","species",,,,,"N","M","N","processed",,"adult","nonscrotal",,,,19,,,,36,"N","Y","N","1-5","none","dry ice","NOGP.20250716.L8842.B","D00000245560","mandibular - QNS","<10",,,,"NOGP.20250716.L8842.E","D00000245553","NOGP.20250716.L8842.H","A00000378858","hairAndWhisker",,,"0009-0000-9880-3001","0009-0006-7557-7412",,,,,"e350d304-3152-44e7-8ea6-a566a431468e"
"1040d90d-f3cb-4f97-afb6-bc64346084dd","e10ac638-eec7-424b-93b7-862575cabfb7","NOGP_009.mammalGrid.mam","D09","NOGP","NOGP_009","B6","distributed","grasslandHerbaceous",46.800461,-100.914403,"WGS84",45.1,541.0,0.1,"6 - trap set and empty","ShermanLF","2025-07-16","2025-07-16",,,,,,,,,,,,,,,,,,,,,,,,,,,,,,,,,,,,,,,,,,,,,"0009-0000-8940-8632","0009-0000-9880-3001",,,,,"4d81e051-8cfd-4c27-8fb3-6ced23b38dbd"
"2024ccfd-04f6-4737-868b-799db39fcced","e10ac638-eec7-424b-93b7-862575cabfb7","NOGP_009.mammalGrid.mam","D09","NOGP","NOGP_009","J8","distributed","grasslandHerbaceous",46.800461,-100.914403,"WGS84",45.1,541.0,0.1,"6 - trap set and empty","ShermanLF","2025-07-16","2025-07-16",,,,,,,,,,,,,,,,,,,,,,,,,,,,,,,,,,,,,,,,,,,,,"0009-0000-8940-8632","0009-0000-9880-3001",,,,,"a24695a6-1406-4ea8-81ac-d13067b81e40"
"70580cf2-280c-4b10-b8e4-a8771f6b7438","c4b86d9d-a115-4a0a-bde6-418364390020","NOGP_005.mammalGrid.mam","D09","NOGP","NOGP_005","G5","distributed","grasslandHerbaceous",46.788065,-100.913882,"WGS84",45.1,562.2,0.1,"6 - trap set and empty","ShermanLF","2025-07-16","2025-07-16",,,,,,,,,,,,,,,,,,,,,,,,,,,,,,,,,,,,,,,,,,,,,"0009-0006-6432-3978","0009-0002-2817-390X",,,,,"bf9d1340-2858-4bc8-884b-f11fb3345ca1"
"475f8db7-360b-4d53-8245-ec055a084770","ddb09535-e2ed-4c9e-9df4-c66ef123c0ed","NOGP_017.mammalGrid.mam","D09","NOGP","NOGP_017","H1","distributed","grasslandHerbaceous",46.791856,-100.918686,"WGS84",45.1,556.8,0.1,"6 - trap set and empty","ShermanXLK","2025-07-16","2025-07-16",,,,,,,,,,,,,,,,,,,,,,,,,,,,,,,,,,,,,,,,,,,,,"0009-0000-9880-3001","0009-0006-7557-7412",,,,,"3b84020b-f0ec-4cf0-9767-567bf7538acc"
"8cf0a799-e92c-4d8b-a07f-9516de561ed0","c4b86d9d-a115-4a0a-bde6-418364390020","NOGP_005.mammalGrid.mam","D09","NOGP","NOGP_005","B2","distributed","grasslandHerbaceous",46.788065,-100.913882,"WGS84",45.1,562.2,0.1,"6 - trap set and empty","ShermanLF","2025-07-16","2025-07-16",,,,,,,,,,,,,,,,,,,,,,,,,,,,,,,,,,,,,,,,,,,,,"0009-0006-6432-3978","0009-0002-2817-390X",,,,,"3f40cdf1-0e1d-41a3-8f12-3200355ee8dc"
"86c24fa3-d995-4c3e-ab00-5646dbf2e723","e10ac638-eec7-424b-93b7-862575cabfb7","NOGP_009.mammalGrid.mam","D09","NOGP","NOGP_009","G4","distributed","grasslandHerbaceous",46.800461,-100.914403,"WGS84",45.1,541.0,0.1,"6 - trap set and empty","ShermanLF","2025-07-16","2025-07-16",,,,,,,,,,,,,,,,,,,,,,,,,,,,,,,,,,,,,,,,,,,,,"0009-0000-8940-8632","0009-0000-9880-3001",,,,,"89de1cbb-503c-46ec-861e-c6218d007738"
"8f3cc667-9785-4431-bd13-d28057d1c21f","4962b092-6f8c-41ee-829d-9e2c964a3eca","NOGP_002.mammalGrid.mam","D09","NOGP","NOGP_002","D6","distributed","grasslandHerbaceous",46.799664,-100.910770,"WGS84",45.1,547.4,0.1,"6 - trap set and empty","ShermanXLK","2025-07-16","2025-07-16",,,,,,,,,,,,,,,,,,,,,,,,,,,,,,,,,,,,,,,,,,,,,"0009-0000-8940-8632","0009-0000-9880-3001",,,,,"925828c8-c130-47f6-9d6b-68d9750e0dc9"
"759f49ad-d543-44da-ae9b-4f22bda53968","ddb09535-e2ed-4c9e-9df4-c66ef123c0ed","NOGP_017.mammalGrid.mam","D09","NOGP","NOGP_017","E10","distributed","grasslandHerbaceous",46.791856,-100.918686,"WGS84",45.1,556.8,0.1,"6 - trap set and empty","ShermanXLK","2025-07-16","2025-07-16",,,,,,,,,,,,,,,,,,,,,,,,,,,,,,,,,,,,,,,,,,,,,"0009-0000-9880-3001","0009-0006-7557-7412",,,,,"ebd86367-0c29-4840-815f-5c20b1d98843"
"9d687b59-5114-4f12-a64b-af037d68e22b","ddb09535-e2ed-4c9e-9df4-c66ef123c0ed","NOGP_017.mammalGrid.mam","D09","NOGP","NOGP_017","G2","distributed","grasslandHerbaceous",46.791856,-100.918686,"WGS84",45.1,556.8,0.1,"6 - trap set and empty","ShermanXLK","2025-07-16","2025-07-16",,,,,,,,,,,,,,,,,,,,,,,,,,,,,,,,,,,,,,,,,,,,,"0009-0000-9880-3001","0009-0006-7557-7412",,,,,"a5bd4237-5d93-42d7-bfca-aecf896ba581"
"4ef10d6f-a124-43b1-a04b-31f84526a341","4962b092-6f8c-41ee-829d-9e2c964a3eca","NOGP_002.mammalGrid.mam","D09","NOGP","NOGP_002","E2","distributed","grasslandHerbaceous",46.799664,-100.910770,"WGS84",45.1,547.4,0.1,"6 - trap set and empty","ShermanXLK","2025-07-16","2025-07-16",,,,,,,,,,,,,,,,,,,,,,,,,,,,,,,,,,,,,,,,,,,,,"0009-0000-8940-8632","0009-0000-9880-3001",,,,,"0667dd9b-2b27-42ff-af18-922ea88ce368"
"5cf38630-67b0-4ebd-8130-2a0a08f775d2","ddb09535-e2ed-4c9e-9df4-c66ef123c0ed","NOGP_017.mammalGrid.mam","D09","NOGP","NOGP_017","J9","distributed","grasslandHerbaceous",46.791856,-100.918686,"WGS84",45.1,556.8,0.1,"6 - trap set and empty","ShermanXLK","2025-07-16","2025-07-16",,,,,,,,,,,,,,,,,,,,,,,,,,,,,,,,,,,,,,,,,,,,,"0009-0000-9880-3001","0009-0006-7557-7412",,,,,"b78b888a-5fb6-4281-8bf7-f42fccc3e787"
"0278c79b-0ecd-4518-9ebf-3c77a1b746c0","ddb09535-e2ed-4c9e-9df4-c66ef123c0ed","NOGP_017.mammalGrid.mam","D09","NOGP","NOGP_017","F3","distributed","grasslandHerbaceous",46.791856,-100.918686,"WGS84",45.1,556.8,0.1,"5 - capture","ShermanXLK","2025-07-16","2025-07-16","NEON.MAM.D09.L8844",,"MIPE","Microtus pennsylvanicus","species",,,,,"N","F","N","processed",,"adult",,"nonenlarged","not","neither",18,,,,35,"N","N","N",,"none","dry ice","NOGP.20250716.L8844.B","D00000245978","mandibular",,"NOGP.20250716.L8844.F","D00000245968","ok","NOGP.20250716.L8844.E","D00000245951","NOGP.20250716.L8844.H","A00000378857","hairAndWhisker",,,"0009-0000-9880-3001","0009-0006-7557-7412",,,,,"ca0a0c3c-2f29-4d91-89d8-5e34d9271aea"
"8a8ab8e9-7463-41c6-af39-ea98b25b2535","e10ac638-eec7-424b-93b7-862575cabfb7","NOGP_009.mammalGrid.mam","D09","NOGP","NOGP_009","B2","distributed","grasslandHerbaceous",46.800461,-100.914403,"WGS84",45.1,541.0,0.1,"6 - trap set and empty","ShermanLF","2025-07-16","2025-07-16",,,,,,,,,,,,,,,,,,,,,,,,,,,,,,,,,,,,,,,,,,,,,"0009-0000-8940-8632","0009-0000-9880-3001",,,,,"d50ec8c6-e098-479a-a73e-7124c08c5bcd"
"05414504-7049-4c40-ad2a-129c2a0ad375","e10ac638-eec7-424b-93b7-862575cabfb7","NOGP_009.mammalGrid.mam","D09","NOGP","NOGP_009","D4","distributed","grasslandHerbaceous",46.800461,-100.914403,"WGS84",45.1,541.0,0.1,"6 - trap set and empty","ShermanLF","2025-07-16","2025-07-16",,,,,,,,,,,,,,,,,,,,,,,,,,,,,,,,,,,,,,,,,,,,,"0009-0000-8940-8632","0009-0000-9880-3001",,,,,"ba2467b4-3581-4e9a-8e72-14c0191ef628"
"4ab623ac-9e75-48dc-9c4d-75049b4cc846","ddb09535-e2ed-4c9e-9df4-c66ef123c0ed","NOGP_017.mammalGrid.mam","D09","NOGP","NOGP_017","A3","distributed","grasslandHerbaceous",46.791856,-100.918686,"WGS84",45.1,556.8,0.1,"5 - capture","ShermanXLK","2025-07-16","2025-07-16","NEON.MAM.D09.L9193",,"PELE","Peromyscus leucopus","species",,,,,"N","M","Y","processed",,"adult","unknown",,,,20,,,,25,"N","N","N",,"none","dry ice",,,,,,,,,,,,,,,"0009-0000-9880-3001","0009-0006-7557-7412",,,,,"cbe7e0b0-bbcb-4a17-bddc-6df43fd1c2a1"
"494967b0-7712-4d2a-a81e-647d56091f77","e10ac638-eec7-424b-93b7-862575cabfb7","NOGP_009.mammalGrid.mam","D09","NOGP","NOGP_009","D2","distributed","grasslandHerbaceous",46.800461,-100.914403,"WGS84",45.1,541.0,0.1,"6 - trap set and empty","ShermanLF","2025-07-16","2025-07-16",,,,,,,,,,,,,,,,,,,,,,,,,,,,,,,,,,,,,,,,,,,,,"0009-0000-8940-8632","0009-0000-9880-3001",,,,,"4b65d6a6-3122-4c03-96b2-6192c8b5d48b"
"5e1aeee7-1f93-4606-9f49-4ae5ff917024","ddb09535-e2ed-4c9e-9df4-c66ef123c0ed","NOGP_017.mammalGrid.mam","D09","NOGP","NOGP_017","E9","distributed","grasslandHerbaceous",46.791856,-100.918686,"WGS84",45.1,556.8,0.1,"6 - trap set and empty","ShermanXLK","2025-07-16","2025-07-16",,,,,,,,,,,,,,,,,,,,,,,,,,,,,,,,,,,,,,,,,,,,,"0009-0000-9880-3001","0009-0006-7557-7412",,,,,"bb847bb3-417a-4d76-82c8-81cc13aa84c1"
"711bfdc3-4740-4a7b-b3e4-77f8761230b2","ddb09535-e2ed-4c9e-9df4-c66ef123c0ed","NOGP_017.mammalGrid.mam","D09","NOGP","NOGP_017","F1","distributed","grasslandHerbaceous",46.791856,-100.918686,"WGS84",45.1,556.8,0.1,"6 - trap set and empty","ShermanXLK","2025-07-16","2025-07-16",,,,,,,,,,,,,,,,,,,,,,,,,,,,,,,,,,,,,,,,,,,,,"0009-0000-9880-3001","0009-0006-7557-7412",,,,,"6bf1f4c4-a507-421a-8a55-e30f0212cec4"
"83d6add8-8a58-460a-b543-7d2da9a48e07","4962b092-6f8c-41ee-829d-9e2c964a3eca","NOGP_002.mammalGrid.mam","D09","NOGP","NOGP_002","F2","distributed","grasslandHerbaceous",46.799664,-100.910770,"WGS84",45.1,547.4,0.1,"6 - trap set and empty","ShermanXLK","2025-07-16","2025-07-16",,,,,,,,,,,,,,,,,,,,,,,,,,,,,,,,,,,,,,,,,,,,,"0009-0000-8940-8632","0009-0000-9880-3001",,,,,"566ac5d4-1b59-414f-bb16-d256efdc87b2"
"9d34eb63-52e2-4650-97b2-354d98ced162","e10ac638-eec7-424b-93b7-862575cabfb7","NOGP_009.mammalGrid.mam","D09","NOGP","NOGP_009","G8","distributed","grasslandHerbaceous",46.800461,-100.914403,"WGS84",45.1,541.0,0.1,"6 - trap set and empty","ShermanLF","2025-07-16","2025-07-16",,,,,,,,,,,,,,,,,,,,,,,,,,,,,,,,,,,,,,,,,,,,,"0009-0000-8940-8632","0009-0000-9880-3001",,,,,"c5c9ebdd-7858-4643-bb8f-361f97fd8686"
"ebfe752b-8172-4b2f-a950-4575909c899a","c4b86d9d-a115-4a0a-bde6-418364390020","NOGP_005.mammalGrid.mam","D09","NOGP","NOGP_005","E5","distributed","grasslandHerbaceous",46.788065,-100.913882,"WGS84",45.1,562.2,0.1,"5 - capture","ShermanLF","2025-07-16","2025-07-16","NEON.MAM.D09.R8317",,"ZAHU","Zapus hudsonius","species",,,,,"N","M","N","processed",,"adult","nonscrotal",,,,31,,,,23,"N","N","N",,"none","dry ice","NOGP.20250716.R8317.B","D00000245684","mandibular - QNS","10-20",,,,,,"NOGP.20250716.R8317.H","A00000378720","hairAndWhisker",,,"0009-0006-6432-3978","0009-0002-2817-390X",,,,,"00f72d09-5d20-4a90-a548-780c3b575202"
"879fd782-b0a9-463b-b673-831d428f4999","e10ac638-eec7-424b-93b7-862575cabfb7","NOGP_009.mammalGrid.mam","D09","NOGP","NOGP_009","B9","distributed","grasslandHerbaceous",46.800461,-100.914403,"WGS84",45.1,541.0,0.1,"6 - trap set and empty","ShermanLF","2025-07-16","2025-07-16",,,,,,,,,,,,,,,,,,,,,,,,,,,,,,,,,,,,,,,,,,,,,"0009-0000-8940-8632","0009-0000-9880-3001",,,,,"8059d639-c0ad-4e8e-9aa2-f7c2b60e16ad"
"6424f600-20a5-4646-b569-0835eb23a3b1","ddb09535-e2ed-4c9e-9df4-c66ef123c0ed","NOGP_017.mammalGrid.mam","D09","NOGP","NOGP_017","B5","distributed","grasslandHerbaceous",46.791856,-100.918686,"WGS84",45.1,556.8,0.1,"6 - trap set and empty","ShermanXLK","2025-07-16","2025-07-16",,,,,,,,,,,,,,,,,,,,,,,,,,,,,,,,,,,,,,,,,,,,,"0009-0000-9880-3001","0009-0006-7557-7412",,,,,"da339394-82d5-4608-b14b-ea1a909109b3"
"72cf2527-0409-4c7c-8632-235f7a0e0f28","e10ac638-eec7-424b-93b7-862575cabfb7","NOGP_009.mammalGrid.mam","D09","NOGP","NOGP_009","G1","distributed","grasslandHerbaceous",46.800461,-100.914403,"WGS84",45.1,541.0,0.1,"6 - trap set and empty","ShermanLF","2025-07-16","2025-07-16",,,,,,,,,,,,,,,,,,,,,,,,,,,,,,,,,,,,,,,,,,,,,"0009-0000-8940-8632","0009-0000-9880-3001",,,,,"9f7fff7f-717c-4677-927d-8503a5724e73"
"91d60f05-5b67-46a8-9994-dedd207ec83e","c4b86d9d-a115-4a0a-bde6-418364390020","NOGP_005.mammalGrid.mam","D09","NOGP","NOGP_005","G8","distributed","grasslandHerbaceous",46.788065,-100.913882,"WGS84",45.1,562.2,0.1,"2 - trap disturbed/door closed but empty","ShermanLF","2025-07-16","2025-07-16",,,,,,,,,,,,,,,,,,,,,,,,,,,,,"did not check","dry ice",,,,,,,,,,,,,,,"0009-0006-6432-3978","0009-0002-2817-390X",,,,,"89faa7d0-fc47-4998-b329-b9c1e19c5b42"
"40c91a05-0389-4432-b6db-13309ee92a6b","ddb09535-e2ed-4c9e-9df4-c66ef123c0ed","NOGP_017.mammalGrid.mam","D09","NOGP","NOGP_017","J2","distributed","grasslandHerbaceous",46.791856,-100.918686,"WGS84",45.1,556.8,0.1,"2 - trap disturbed/door closed but empty","ShermanXLK","2025-07-16","2025-07-16",,,,,,,,,,,,,,,,,,,,,,,,,,,,,"did not check","dry ice",,,,,,,,,,,,,,,"0009-0000-9880-3001","0009-0006-7557-7412",,,,,"275d76d2-dd91-4af4-98b1-3cb1331e11a2"
"69ca5d3c-263f-4b5c-b439-4ac582557374","ddb09535-e2ed-4c9e-9df4-c66ef123c0ed","NOGP_017.mammalGrid.mam","D09","NOGP","NOGP_017","A9","distributed","grasslandHerbaceous",46.791856,-100.918686,"WGS84",45.1,556.8,0.1,"6 - trap set and empty","ShermanXLK","2025-07-16","2025-07-16",,,,,,,,,,,,,,,,,,,,,,,,,,,,,,,,,,,,,,,,,,,,,"0009-0000-9880-3001","0009-0006-7557-7412",,,,,"55b258cc-9f43-41e9-bc5c-70f8a77332ec"
"6f582b9b-b08b-4c59-a7f6-c33be98ac0cd","e10ac638-eec7-424b-93b7-862575cabfb7","NOGP_009.mammalGrid.mam","D09","NOGP","NOGP_009","A2","distributed","grasslandHerbaceous",46.800461,-100.914403,"WGS84",45.1,541.0,0.1,"6 - trap set and empty","ShermanLF","2025-07-16","2025-07-16",,,,,,,,,,,,,,,,,,,,,,,,,,,,,,,,,,,,,,,,,,,,,"0009-0000-8940-8632","0009-0000-9880-3001",,,,,"ecb9f3b7-5fcb-4330-8b34-e11bff9c1b13"
"62491cd1-826d-49a4-a19e-f18c7b517acb","4962b092-6f8c-41ee-829d-9e2c964a3eca","NOGP_002.mammalGrid.mam","D09","NOGP","NOGP_002","D10","distributed","grasslandHerbaceous",46.799664,-100.910770,"WGS84",45.1,547.4,0.1,"5 - capture","ShermanXLK","2025-07-16","2025-07-16","NEON.MAM.D09.R9199",,"MIPE","Microtus pennsylvanicus","species",,,,,"N","M","Y","processed",,"adult","scrotal",,,,22,,,,45,"N","N","N",,"none","dry ice",,,,,"NOGP.20250716.R9199.F","D00000245956","ok","NOGP.20250716.R9199.E","D00000245955","NOGP.20250716.R9199.H","A00000378853","hairAndWhisker",,,"0009-0000-8940-8632","0009-0000-9880-3001",,,,,"3265d102-2c4f-43bf-9bba-bbb5565cab1d"
"cf805894-7d35-48ac-b684-55be403f4305","c4b86d9d-a115-4a0a-bde6-418364390020","NOGP_005.mammalGrid.mam","D09","NOGP","NOGP_005","E8","distributed","grasslandHerbaceous",46.788065,-100.913882,"WGS84",45.1,562.2,0.1,"6 - trap set and empty","ShermanLF","2025-07-16","2025-07-16",,,,,,,,,,,,,,,,,,,,,,,,,,,,,,,,,,,,,,,,,,,,,"0009-0006-6432-3978","0009-0002-2817-390X",,,,,"6912e356-c158-47c8-bd58-e7732e36e5cd"
"b62d3279-a790-4353-8d22-c4b7b6988daa","4962b092-6f8c-41ee-829d-9e2c964a3eca","NOGP_002.mammalGrid.mam","D09","NOGP","NOGP_002","B6","distributed","grasslandHerbaceous",46.799664,-100.910770,"WGS84",45.1,547.4,0.1,"6 - trap set and empty","ShermanXLK","2025-07-16","2025-07-16",,,,,,,,,,,,,,,,,,,,,,,,,,,,,,,,,,,,,,,,,,,,,"0009-0000-8940-8632","0009-0000-9880-3001",,,,,"9048c2f0-8ec1-4d10-b344-9307e2328635"
"4c63e5e8-0412-4459-a245-45bf0a6520ab","ddb09535-e2ed-4c9e-9df4-c66ef123c0ed","NOGP_017.mammalGrid.mam","D09","NOGP","NOGP_017","D4","distributed","grasslandHerbaceous",46.791856,-100.918686,"WGS84",45.1,556.8,0.1,"6 - trap set and empty","ShermanXLK","2025-07-16","2025-07-16",,,,,,,,,,,,,,,,,,,,,,,,,,,,,,,,,,,,,,,,,,,,,"0009-0000-9880-3001","0009-0006-7557-7412",,,,,"d1bb932b-5db9-4306-b080-ce265c13c640"
"fc6923b1-d03c-4282-97fb-07b3357b2a55","e10ac638-eec7-424b-93b7-862575cabfb7","NOGP_009.mammalGrid.mam","D09","NOGP","NOGP_009","F10","distributed","grasslandHerbaceous",46.800461,-100.914403,"WGS84",45.1,541.0,0.1,"6 - trap set and empty","ShermanLF","2025-07-16","2025-07-16",,,,,,,,,,,,,,,,,,,,,,,,,,,,,,,,,,,,,,,,,,,,,"0009-0000-8940-8632","0009-0000-9880-3001",,,,,"9b6c332e-e354-41ce-875e-549ed1a4252b"
"f0e52034-a218-41a0-8129-64e669299fc4","c4b86d9d-a115-4a0a-bde6-418364390020","NOGP_005.mammalGrid.mam","D09","NOGP","NOGP_005","C9","distributed","grasslandHerbaceous",46.788065,-100.913882,"WGS84",45.1,562.2,0.1,"6 - trap set and empty","ShermanLF","2025-07-16","2025-07-16",,,,,,,,,,,,,,,,,,,,,,,,,,,,,,,,,,,,,,,,,,,,,"0009-0006-6432-3978","0009-0002-2817-390X",,,,,"227ae061-e21c-441e-82ad-2ea58106fee2"
"4dd45bd4-e50b-4afd-a373-69992fa5b243","e10ac638-eec7-424b-93b7-862575cabfb7","NOGP_009.mammalGrid.mam","D09","NOGP","NOGP_009","C9","distributed","grasslandHerbaceous",46.800461,-100.914403,"WGS84",45.1,541.0,0.1,"6 - trap set and empty","ShermanLF","2025-07-16","2025-07-16",,,,,,,,,,,,,,,,,,,,,,,,,,,,,,,,,,,,,,,,,,,,,"0009-0000-8940-8632","0009-0000-9880-3001",,,,,"0b453cdd-8aba-489a-8bfa-278a0e170a99"
"4e59fd8a-d600-4d91-b5f5-7fe03d1755ef","4962b092-6f8c-41ee-829d-9e2c964a3eca","NOGP_002.mammalGrid.mam","D09","NOGP","NOGP_002","B3","distributed","grasslandHerbaceous",46.799664,-100.910770,"WGS84",45.1,547.4,0.1,"6 - trap set and empty","ShermanXLK","2025-07-16","2025-07-16",,,,,,,,,,,,,,,,,,,,,,,,,,,,,,,,,,,,,,,,,,,,,"0009-0000-8940-8632","0009-0000-9880-3001",,,,,"d0e6a5b7-a6fa-42e1-ad0c-d48941598eb1"
"73ce064a-3417-41d4-9e50-ba7b8224fdb7","e10ac638-eec7-424b-93b7-862575cabfb7","NOGP_009.mammalGrid.mam","D09","NOGP","NOGP_009","A8","distributed","grasslandHerbaceous",46.800461,-100.914403,"WGS84",45.1,541.0,0.1,"3 - trap door open or closed w/ spoor left","ShermanLF","2025-07-16","2025-07-16",,,,,,,,,,,,,,,,,,,,,,,,,,,,,"did not check","dry ice",,,,,,,,,,,,,,,"0009-0000-8940-8632","0009-0000-9880-3001",,,,,"6741082c-0ad5-4b4d-897d-e7a7d5ad77dc"
"2a0cd4a4-2897-4dac-b89f-96af2e2875b8","ddb09535-e2ed-4c9e-9df4-c66ef123c0ed","NOGP_017.mammalGrid.mam","D09","NOGP","NOGP_017","A6","distributed","grasslandHerbaceous",46.791856,-100.918686,"WGS84",45.1,556.8,0.1,"6 - trap set and empty","ShermanXLK","2025-07-16","2025-07-16",,,,,,,,,,,,,,,,,,,,,,,,,,,,,,,,,,,,,,,,,,,,,"0009-0000-9880-3001","0009-0006-7557-7412",,,,,"0a09cc10-193b-4c89-ae2b-27e8bd8f38b8"
"d813a649-6b17-466f-b4a1-be75a1a2f483","e10ac638-eec7-424b-93b7-862575cabfb7","NOGP_009.mammalGrid.mam","D09","NOGP","NOGP_009","I8","distributed","grasslandHerbaceous",46.800461,-100.914403,"WGS84",45.1,541.0,0.1,"6 - trap set and empty","ShermanLF","2025-07-16","2025-07-16",,,,,,,,,,,,,,,,,,,,,,,,,,,,,,,,,,,,,,,,,,,,,"0009-0000-8940-8632","0009-0000-9880-3001",,,,,"e454966a-c7fa-4c25-a4f6-d8422673f669"
"22d0417d-b29e-4075-94e7-1ca92d4a04a9","c4b86d9d-a115-4a0a-bde6-418364390020","NOGP_005.mammalGrid.mam","D09","NOGP","NOGP_005","A2","distributed","grasslandHerbaceous",46.788065,-100.913882,"WGS84",45.1,562.2,0.1,"5 - capture","ShermanLF","2025-07-16","2025-07-16","NEON.MAM.D09.L9040",,"PELE","Peromyscus leucopus","species",,,,,"N","M","Y","processed",,"adult","scrotal",,,,22,,,,33,"N","N","N",,"botflies","dry ice",,,,,,,,,,,,,,,"0009-0006-6432-3978","0009-0002-2817-390X",,,,,"c9382867-9305-4deb-9ea5-c3a5d8c97e11"
"54115ae2-0951-408c-bae1-71e222f0524e","4962b092-6f8c-41ee-829d-9e2c964a3eca","NOGP_002.mammalGrid.mam","D09","NOGP","NOGP_002","E4","distributed","grasslandHerbaceous",46.799664,-100.910770,"WGS84",45.1,547.4,0.1,"6 - trap set and empty","ShermanXLK","2025-07-16","2025-07-16",,,,,,,,,,,,,,,,,,,,,,,,,,,,,,,,,,,,,,,,,,,,,"0009-0000-8940-8632","0009-0000-9880-3001",,,,,"1e4f75db-ef79-439a-9c36-944a699c9da9"
"1c939bbe-f550-4338-80f1-5dcca170b25c","4962b092-6f8c-41ee-829d-9e2c964a3eca","NOGP_002.mammalGrid.mam","D09","NOGP","NOGP_002","J2","distributed","grasslandHerbaceous",46.799664,-100.910770,"WGS84",45.1,547.4,0.1,"6 - trap set and empty","ShermanXLK","2025-07-16","2025-07-16",,,,,,,,,,,,,,,,,,,,,,,,,,,,,,,,,,,,,,,,,,,,,"0009-0000-8940-8632","0009-0000-9880-3001",,,,,"ebd5fcd9-4a44-48ae-8270-45180949838d"
"103e4548-2574-4e59-8e7f-e6fbb4716b1c","ddb09535-e2ed-4c9e-9df4-c66ef123c0ed","NOGP_017.mammalGrid.mam","D09","NOGP","NOGP_017","C3","distributed","grasslandHerbaceous",46.791856,-100.918686,"WGS84",45.1,556.8,0.1,"6 - trap set and empty","ShermanXLK","2025-07-16","2025-07-16",,,,,,,,,,,,,,,,,,,,,,,,,,,,,,,,,,,,,,,,,,,,,"0009-0000-9880-3001","0009-0006-7557-7412",,,,,"7f2df47e-6202-46a0-a53f-1ae7075f16bb"
"30c7222a-c62f-4a25-98b8-8920b56e32da","c4b86d9d-a115-4a0a-bde6-418364390020","NOGP_005.mammalGrid.mam","D09","NOGP","NOGP_005","I3","distributed","grasslandHerbaceous",46.788065,-100.913882,"WGS84",45.1,562.2,0.1,"6 - trap set and empty","ShermanLF","2025-07-16","2025-07-16",,,,,,,,,,,,,,,,,,,,,,,,,,,,,,,,,,,,,,,,,,,,,"0009-0006-6432-3978","0009-0002-2817-390X",,,,,"7aa593d6-9063-4dec-a846-fddac131179f"
"61ed3f36-2457-462f-93d8-4dd6810f9dbb","e10ac638-eec7-424b-93b7-862575cabfb7","NOGP_009.mammalGrid.mam","D09","NOGP","NOGP_009","D9","distributed","grasslandHerbaceous",46.800461,-100.914403,"WGS84",45.1,541.0,0.1,"6 - trap set and empty","ShermanLF","2025-07-16","2025-07-16",,,,,,,,,,,,,,,,,,,,,,,,,,,,,,,,,,,,,,,,,,,,,"0009-0000-8940-8632","0009-0000-9880-3001",,,,,"229bc9e3-e8bd-4fdd-8443-16e4c12ddd03"
"05fd7c4d-f94f-405f-abf8-1d046f8204ef","ddb09535-e2ed-4c9e-9df4-c66ef123c0ed","NOGP_017.mammalGrid.mam","D09","NOGP","NOGP_017","I1","distributed","grasslandHerbaceous",46.791856,-100.918686,"WGS84",45.1,556.8,0.1,"6 - trap set and empty","ShermanXLK","2025-07-16","2025-07-16",,,,,,,,,,,,,,,,,,,,,,,,,,,,,,,,,,,,,,,,,,,,,"0009-0000-9880-3001","0009-0006-7557-7412",,,,,"fa6c81c8-8cc1-4efc-ab21-460bdb6a2884"
"adbfe858-4ec9-4cd8-bc41-8295fb7ed283","c4b86d9d-a115-4a0a-bde6-418364390020","NOGP_005.mammalGrid.mam","D09","NOGP","NOGP_005","H2","distributed","grasslandHerbaceous",46.788065,-100.913882,"WGS84",45.1,562.2,0.1,"6 - trap set and empty","ShermanLF","2025-07-16","2025-07-16",,,,,,,,,,,,,,,,,,,,,,,,,,,,,,,,,,,,,,,,,,,,,"0009-0006-6432-3978","0009-0002-2817-390X",,,,,"ed4118eb-8416-40dc-90f0-1e7dab30b606"
"95c01298-bc99-4c4d-be47-060c903f6a54","ddb09535-e2ed-4c9e-9df4-c66ef123c0ed","NOGP_017.mammalGrid.mam","D09","NOGP","NOGP_017","J5","distributed","grasslandHerbaceous",46.791856,-100.918686,"WGS84",45.1,556.8,0.1,"6 - trap set and empty","ShermanXLK","2025-07-16","2025-07-16",,,,,,,,,,,,,,,,,,,,,,,,,,,,,,,,,,,,,,,,,,,,,"0009-0000-9880-3001","0009-0006-7557-7412",,,,,"5bd2d282-d8e7-4576-b4a2-198b4c3cb4c7"
"1c012919-a6bd-4b46-996a-9e83e45874f1","ddb09535-e2ed-4c9e-9df4-c66ef123c0ed","NOGP_017.mammalGrid.mam","D09","NOGP","NOGP_017","H9","distributed","grasslandHerbaceous",46.791856,-100.918686,"WGS84",45.1,556.8,0.1,"5 - capture","ShermanXLK","2025-07-16","2025-07-16","NEON.MAM.D09.R8843",,"REME","Reithrodontomys megalotis","species",,,,,"N","M","N","dead",,"adult","scrotal",,,,15,,,,9,"N","N","N",,"none","dry ice",,,,,,,,"NOGP.20250716.R8843.E","D00000245974",,,,"NOGP.20250716.R8843.V","D00000198334","0009-0000-9880-3001","0009-0006-7557-7412",,,,,"8d8e7bc6-044a-4bd3-bf4b-44d52733c1f6"
"107a820f-6d8a-4059-872c-bc32ba1e6fdc","c4b86d9d-a115-4a0a-bde6-418364390020","NOGP_005.mammalGrid.mam","D09","NOGP","NOGP_005","I8","distributed","grasslandHerbaceous",46.788065,-100.913882,"WGS84",45.1,562.2,0.1,"6 - trap set and empty","ShermanLF","2025-07-16","2025-07-16",,,,,,,,,,,,,,,,,,,,,,,,,,,,,,,,,,,,,,,,,,,,,"0009-0006-6432-3978","0009-0002-2817-390X",,,,,"f930f255-b83d-4570-bba2-699aca5485cb"
"31796e09-c6ed-4de4-b3ea-19eaa471673d","e10ac638-eec7-424b-93b7-862575cabfb7","NOGP_009.mammalGrid.mam","D09","NOGP","NOGP_009","I7","distributed","grasslandHerbaceous",46.800461,-100.914403,"WGS84",45.1,541.0,0.1,"6 - trap set and empty","ShermanLF","2025-07-16","2025-07-16",,,,,,,,,,,,,,,,,,,,,,,,,,,,,,,,,,,,,,,,,,,,,"0009-0000-8940-8632","0009-0000-9880-3001",,,,,"c009d3b3-e99b-4816-9d0e-0047c7b018ef"
"a40358b3-e2b8-45b0-88f0-c30ff1571e30","c4b86d9d-a115-4a0a-bde6-418364390020","NOGP_005.mammalGrid.mam","D09","NOGP","NOGP_005","A7","distributed","grasslandHerbaceous",46.788065,-100.913882,"WGS84",45.1,562.2,0.1,"6 - trap set and empty","ShermanLF","2025-07-16","2025-07-16",,,,,,,,,,,,,,,,,,,,,,,,,,,,,,,,,,,,,,,,,,,,,"0009-0006-6432-3978","0009-0002-2817-390X",,,,,"cc5af5ea-64cc-462c-bb88-cb22b8a8dae1"
"3cf78cc6-9d0c-46ae-8675-900b6571fbc5","c4b86d9d-a115-4a0a-bde6-418364390020","NOGP_005.mammalGrid.mam","D09","NOGP","NOGP_005","F1","distributed","grasslandHerbaceous",46.788065,-100.913882,"WGS84",45.1,562.2,0.1,"6 - trap set and empty","ShermanLF","2025-07-16","2025-07-16",,,,,,,,,,,,,,,,,,,,,,,,,,,,,,,,,,,,,,,,,,,,,"0009-0006-6432-3978","0009-0002-2817-390X",,,,,"b6111aa7-71f5-418d-8038-6cd9c13de22e"
"eb799635-36e1-44b9-8531-780395a31bd0","ddb09535-e2ed-4c9e-9df4-c66ef123c0ed","NOGP_017.mammalGrid.mam","D09","NOGP","NOGP_017","H10","distributed","grasslandHerbaceous",46.791856,-100.918686,"WGS84",45.1,556.8,0.1,"6 - trap set and empty","ShermanXLK","2025-07-16","2025-07-16",,,,,,,,,,,,,,,,,,,,,,,,,,,,,,,,,,,,,,,,,,,,,"0009-0000-9880-3001","0009-0006-7557-7412",,,,,"9bbd74ca-2430-4c32-93a6-9732c1cef2c3"
"938ed093-cfff-4acc-a39f-ae806320f290","ddb09535-e2ed-4c9e-9df4-c66ef123c0ed","NOGP_017.mammalGrid.mam","D09","NOGP","NOGP_017","B4","distributed","grasslandHerbaceous",46.791856,-100.918686,"WGS84",45.1,556.8,0.1,"6 - trap set and empty","ShermanXLK","2025-07-16","2025-07-16",,,,,,,,,,,,,,,,,,,,,,,,,,,,,,,,,,,,,,,,,,,,,"0009-0000-9880-3001","0009-0006-7557-7412",,,,,"e345a259-6016-4c64-82ef-71b1139cb758"
"49feabf9-02ee-4165-9fc6-e967230dbea6","4962b092-6f8c-41ee-829d-9e2c964a3eca","NOGP_002.mammalGrid.mam","D09","NOGP","NOGP_002","E6","distributed","grasslandHerbaceous",46.799664,-100.910770,"WGS84",45.1,547.4,0.1,"6 - trap set and empty","ShermanXLK","2025-07-16","2025-07-16",,,,,,,,,,,,,,,,,,,,,,,,,,,,,,,,,,,,,,,,,,,,,"0009-0000-8940-8632","0009-0000-9880-3001",,,,,"209b8d61-1466-40b6-b71e-d232145d18b2"
"30887946-043d-4060-a118-a6e98c2c9534","4962b092-6f8c-41ee-829d-9e2c964a3eca","NOGP_002.mammalGrid.mam","D09","NOGP","NOGP_002","G10","distributed","grasslandHerbaceous",46.799664,-100.910770,"WGS84",45.1,547.4,0.1,"6 - trap set and empty","ShermanXLK","2025-07-16","2025-07-16",,,,,,,,,,,,,,,,,,,,,,,,,,,,,,,,,,,,,,,,,,,,,"0009-0000-8940-8632","0009-0000-9880-3001",,,,,"e21f4c00-87ca-4620-bb47-7a0ff9924ef6"
"3ea4e01e-434a-401b-9783-51db3ddb67e7","b971c1d2-96f9-4981-84bc-c00829574e13","NOGP_014.mammalGrid.mam","D09","NOGP","NOGP_014","G5","distributed","grasslandHerbaceous",46.806003,-100.902845,"WGS84",45.1,526.4,0.1,"6 - trap set and empty","ShermanLF","2025-07-17","2025-07-17",,,,,,,,,,,,,,,,,,,,,,,,,,,,,,,,,,,,,,,,,,,,,"0009-0000-8940-8632","0009-0000-8940-8632",,,,,"96d74338-0fa4-4a29-8d16-47c6d57472da"
"d4ccd196-8df3-423c-bc5c-88ae10936313","93734c59-4495-4e6d-b3d8-5787132af04b","NOGP_017.mammalGrid.mam","D09","NOGP","NOGP_017","G9","distributed","grasslandHerbaceous",46.791856,-100.918686,"WGS84",45.1,556.8,0.1,"6 - trap set and empty","ShermanXLK","2025-07-17","2025-07-17",,,,,,,,,,,,,,,,,,,,,,,,,,,,,,,,,,,,,,,,,,,,,"0009-0000-8940-8632","0009-0000-9880-3001",,,,,"c01c022f-0642-49e9-9fc6-cc121612c0b8"
"933d4bc8-1917-43f8-84e1-6b51745055ac","b971c1d2-96f9-4981-84bc-c00829574e13","NOGP_014.mammalGrid.mam","D09","NOGP","NOGP_014","A5","distributed","grasslandHerbaceous",46.806003,-100.902845,"WGS84",45.1,526.4,0.1,"6 - trap set and empty","ShermanLF","2025-07-17","2025-07-17",,,,,,,,,,,,,,,,,,,,,,,,,,,,,,,,,,,,,,,,,,,,,"0009-0000-8940-8632","0009-0000-8940-8632",,,,,"f58473b3-533d-4498-b4ff-fd727a975014"
"1ed98f47-3a3d-4c18-9175-1bd75ef554e4","f9618582-97b0-4f21-8b83-4ce574a071d7","NOGP_002.mammalGrid.mam","D09","NOGP","NOGP_002","A2","distributed","grasslandHerbaceous",46.799664,-100.910770,"WGS84",45.1,547.4,0.1,"6 - trap set and empty","ShermanXLK","2025-07-17","2025-07-17",,,,,,,,,,,,,,,,,,,,,,,,,,,,,,,,,,,,,,,,,,,,,"0009-0000-8940-8632","0009-0000-9880-3001",,,,,"ba5fa702-992f-45c6-b8b9-ae28cd34b7e9"
"0f73febd-6f9d-4073-a4bb-c92541891b20","08013004-00a2-44c4-b817-0943370934d8","NOGP_005.mammalGrid.mam","D09","NOGP","NOGP_005","J5","distributed","grasslandHerbaceous",46.788065,-100.913882,"WGS84",45.1,562.2,0.1,"6 - trap set and empty","ShermanLF","2025-07-17","2025-07-17",,,,,,,,,,,,,,,,,,,,,,,,,,,,,,,,,,,,,,,,,,,,,"0009-0006-6432-3978","0009-0002-2817-390X",,,,,"c0f63959-7fcc-49b6-949c-ebd716dd8aac"
"12b65668-bfb2-403c-9088-f76d9b4f752b","b971c1d2-96f9-4981-84bc-c00829574e13","NOGP_014.mammalGrid.mam","D09","NOGP","NOGP_014","G4","distributed","grasslandHerbaceous",46.806003,-100.902845,"WGS84",45.1,526.4,0.1,"6 - trap set and empty","ShermanLF","2025-07-17","2025-07-17",,,,,,,,,,,,,,,,,,,,,,,,,,,,,,,,,,,,,,,,,,,,,"0009-0000-8940-8632","0009-0000-8940-8632",,,,,"795d6231-af19-4b11-ac06-9d4da1da1a34"
"f694dda5-fa8d-4ff0-84bf-1f3a2e15ea05","08013004-00a2-44c4-b817-0943370934d8","NOGP_005.mammalGrid.mam","D09","NOGP","NOGP_005","G10","distributed","grasslandHerbaceous",46.788065,-100.913882,"WGS84",45.1,562.2,0.1,"5 - capture","ShermanLF","2025-07-17","2025-07-17","NEON.MAM.D09.L8777",,"PELE","Peromyscus leucopus","species",,,,,"N","M","N","processed",,"adult","scrotal",,,,21,,,,19,"N","N","N",,"fleas","dry ice","NOGP.20250717.L8777.B","D00000245672","mandibular",,,,,,,,,,,,"0009-0006-6432-3978","0009-0002-2817-390X",,,,,"eb87f261-8947-409c-b49a-a2caf7afbdef"
"6a1c6d7a-be80-4573-93f5-4c46d96f2b3b","93734c59-4495-4e6d-b3d8-5787132af04b","NOGP_017.mammalGrid.mam","D09","NOGP","NOGP_017","G6","distributed","grasslandHerbaceous",46.791856,-100.918686,"WGS84",45.1,556.8,0.1,"6 - trap set and empty","ShermanXLK","2025-07-17","2025-07-17",,,,,,,,,,,,,,,,,,,,,,,,,,,,,,,,,,,,,,,,,,,,,"0009-0000-8940-8632","0009-0000-9880-3001",,,,,"901df78e-7300-4fe6-a64e-b8013e0a1b9e"
"60795aea-6f63-4c5c-a34e-dd2562b0bb0d","f9618582-97b0-4f21-8b83-4ce574a071d7","NOGP_002.mammalGrid.mam","D09","NOGP","NOGP_002","F6","distributed","grasslandHerbaceous",46.799664,-100.910770,"WGS84",45.1,547.4,0.1,"6 - trap set and empty","ShermanXLK","2025-07-17","2025-07-17",,,,,,,,,,,,,,,,,,,,,,,,,,,,,,,,,,,,,,,,,,,,,"0009-0000-8940-8632","0009-0000-9880-3001",,,,,"82bcf153-9072-4019-9978-9b3d13e2067a"
"5407e307-e050-465c-9785-e31806a1ef09","b971c1d2-96f9-4981-84bc-c00829574e13","NOGP_014.mammalGrid.mam","D09","NOGP","NOGP_014","C9","distributed","grasslandHerbaceous",46.806003,-100.902845,"WGS84",45.1,526.4,0.1,"6 - trap set and empty","ShermanLF","2025-07-17","2025-07-17",,,,,,,,,,,,,,,,,,,,,,,,,,,,,,,,,,,,,,,,,,,,,"0009-0000-8940-8632","0009-0000-8940-8632",,,,,"147e7987-4426-42ca-966d-7acc185f61aa"
"73305da3-bb74-4030-a762-bee0d31b8417","93734c59-4495-4e6d-b3d8-5787132af04b","NOGP_017.mammalGrid.mam","D09","NOGP","NOGP_017","G10","distributed","grasslandHerbaceous",46.791856,-100.918686,"WGS84",45.1,556.8,0.1,"6 - trap set and empty","ShermanXLK","2025-07-17","2025-07-17",,,,,,,,,,,,,,,,,,,,,,,,,,,,,,,,,,,,,,,,,,,,,"0009-0000-8940-8632","0009-0000-9880-3001",,,,,"057a3092-9646-4eee-97d3-030959469afe"
"648ce5ec-af6b-413e-8342-16b0524101fa","08013004-00a2-44c4-b817-0943370934d8","NOGP_005.mammalGrid.mam","D09","NOGP","NOGP_005","B5","distributed","grasslandHerbaceous",46.788065,-100.913882,"WGS84",45.1,562.2,0.1,"5 - capture","ShermanLF","2025-07-17","2025-07-17","NEON.MAM.D09.O005B520250717",,"PELE","Peromyscus leucopus","species","cf. species",,,,"N","U","Y","escaped",,"adult",,,,,,,,,,"U","U","U",,"did not check","dry ice",,,,,,,,,,,,,,,"0009-0006-6432-3978","0009-0002-2817-390X",,,,,"e60d152c-31a3-42b4-9aa5-207099e49172"
"8fa8c1f4-714e-44c8-9549-23f280172bb1","f9618582-97b0-4f21-8b83-4ce574a071d7","NOGP_002.mammalGrid.mam","D09","NOGP","NOGP_002","A5","distributed","grasslandHerbaceous",46.799664,-100.910770,"WGS84",45.1,547.4,0.1,"5 - capture","ShermanXLK","2025-07-17","2025-07-17","NEON.MAM.D09.L9180",,"REME","Reithrodontomys megalotis","species",,,,,"N","M","Y","processed",,"adult","nonscrotal",,,,16,,,,11,"N","N","N",,"none","dry ice",,,,,"NOGP.20250717.L9180.F","D00000245542","ok",,,,,,,,"0009-0000-8940-8632","0009-0000-9880-3001",,,,,"7c8d7fbb-9a96-4b06-98f4-1613897898f2"
"d464886e-a52a-4b2c-87ee-c5ea2d34ce9b","08013004-00a2-44c4-b817-0943370934d8","NOGP_005.mammalGrid.mam","D09","NOGP","NOGP_005","E6","distributed","grasslandHerbaceous",46.788065,-100.913882,"WGS84",45.1,562.2,0.1,"6 - trap set and empty","ShermanLF","2025-07-17","2025-07-17",,,,,,,,,,,,,,,,,,,,,,,,,,,,,,,,,,,,,,,,,,,,,"0009-0006-6432-3978","0009-0002-2817-390X",,,,,"5f905226-6d05-4d43-b0f3-159d1993f97b"
"b97d7f75-e0e2-4f8a-ad24-1c90c787a0f9","b971c1d2-96f9-4981-84bc-c00829574e13","NOGP_014.mammalGrid.mam","D09","NOGP","NOGP_014","G9","distributed","grasslandHerbaceous",46.806003,-100.902845,"WGS84",45.1,526.4,0.1,"6 - trap set and empty","ShermanLF","2025-07-17","2025-07-17",,,,,,,,,,,,,,,,,,,,,,,,,,,,,,,,,,,,,,,,,,,,,"0009-0000-8940-8632","0009-0000-8940-8632",,,,,"e115dc7b-8407-4e56-b307-95e0fcd2d5f4"
"b7efc31a-9b38-4e47-9ec6-79388a186fea","08013004-00a2-44c4-b817-0943370934d8","NOGP_005.mammalGrid.mam","D09","NOGP","NOGP_005","E8","distributed","grasslandHerbaceous",46.788065,-100.913882,"WGS84",45.1,562.2,0.1,"5 - capture","ShermanLF","2025-07-17","2025-07-17","NEON.MAM.D09.R8306",,"PELE","Peromyscus leucopus","species",,,,,"N","F","Y","processed",,"subadult",,"nonenlarged","not","neither",20,,,,13,"N","N","N",,"none","dry ice",,,,,,,,,,,,,,,"0009-0006-6432-3978","0009-0002-2817-390X",,,,,"926f59e2-b60e-4cd7-9032-9d38dc6ce919"
"6a932e71-ad56-4739-b3b4-666b2e71ac8e","b971c1d2-96f9-4981-84bc-c00829574e13","NOGP_014.mammalGrid.mam","D09","NOGP","NOGP_014","B2","distributed","grasslandHerbaceous",46.806003,-100.902845,"WGS84",45.1,526.4,0.1,"6 - trap set and empty","ShermanLF","2025-07-17","2025-07-17",,,,,,,,,,,,,,,,,,,,,,,,,,,,,,,,,,,,,,,,,,,,,"0009-0000-8940-8632","0009-0000-8940-8632",,,,,"a17cf843-9d45-4cf4-a5d1-5089ee7e75ec"
"8a499c96-192b-4b0b-af32-ecdb8a4b0e88","08013004-00a2-44c4-b817-0943370934d8","NOGP_005.mammalGrid.mam","D09","NOGP","NOGP_005","J7","distributed","grasslandHerbaceous",46.788065,-100.913882,"WGS84",45.1,562.2,0.1,"6 - trap set and empty","ShermanLF","2025-07-17","2025-07-17",,,,,,,,,,,,,,,,,,,,,,,,,,,,,,,,,,,,,,,,,,,,,"0009-0006-6432-3978","0009-0002-2817-390X",,,,,"3928d544-e3f8-4c71-91bb-6e390b3ad3d4"
"f3b71bd1-5808-4fbf-af42-932bbcbdcb41","08013004-00a2-44c4-b817-0943370934d8","NOGP_005.mammalGrid.mam","D09","NOGP","NOGP_005","A8","distributed","grasslandHerbaceous",46.788065,-100.913882,"WGS84",45.1,562.2,0.1,"6 - trap set and empty","ShermanLF","2025-07-17","2025-07-17",,,,,,,,,,,,,,,,,,,,,,,,,,,,,,,,,,,,,,,,,,,,,"0009-0006-6432-3978","0009-0002-2817-390X",,,,,"694a103e-7169-4e72-a96d-1c965f0007fc"
"643c9480-de54-4ead-88a8-813c93f4da7c","93734c59-4495-4e6d-b3d8-5787132af04b","NOGP_017.mammalGrid.mam","D09","NOGP","NOGP_017","I6","distributed","grasslandHerbaceous",46.791856,-100.918686,"WGS84",45.1,556.8,0.1,"6 - trap set and empty","ShermanXLK","2025-07-17","2025-07-17",,,,,,,,,,,,,,,,,,,,,,,,,,,,,,,,,,,,,,,,,,,,,"0009-0000-8940-8632","0009-0000-9880-3001",,,,,"fa3b650f-d6e9-4581-b853-3072460c0092"
"e2227181-81d0-45aa-954d-73432ed3886a","08013004-00a2-44c4-b817-0943370934d8","NOGP_005.mammalGrid.mam","D09","NOGP","NOGP_005","A3","distributed","grasslandHerbaceous",46.788065,-100.913882,"WGS84",45.1,562.2,0.1,"6 - trap set and empty","ShermanLF","2025-07-17","2025-07-17",,,,,,,,,,,,,,,,,,,,,,,,,,,,,,,,,,,,,,,,,,,,,"0009-0006-6432-3978","0009-0002-2817-390X",,,,,"95d9f71c-8b16-4a09-9737-6d1e60f895bb"
"e34a3e15-ab9d-4f09-bf7d-c44816520bab","f9618582-97b0-4f21-8b83-4ce574a071d7","NOGP_002.mammalGrid.mam","D09","NOGP","NOGP_002","B4","distributed","grasslandHerbaceous",46.799664,-100.910770,"WGS84",45.1,547.4,0.1,"6 - trap set and empty","ShermanXLK","2025-07-17","2025-07-17",,,,,,,,,,,,,,,,,,,,,,,,,,,,,,,,,,,,,,,,,,,,,"0009-0000-8940-8632","0009-0000-9880-3001",,,,,"8de4e0db-3531-479d-9a98-477a2810b334"
"cf5a74af-8bbe-4969-af54-fb48d6eade1c","f9618582-97b0-4f21-8b83-4ce574a071d7","NOGP_002.mammalGrid.mam","D09","NOGP","NOGP_002","A3","distributed","grasslandHerbaceous",46.799664,-100.910770,"WGS84",45.1,547.4,0.1,"6 - trap set and empty","ShermanXLK","2025-07-17","2025-07-17",,,,,,,,,,,,,,,,,,,,,,,,,,,,,,,,,,,,,,,,,,,,,"0009-0000-8940-8632","0009-0000-9880-3001",,,,,"a332fcaf-221e-4b24-9687-af262789e983"
"b5d4bd6e-f7ac-40c7-8ba9-c6ce6dda539c","93734c59-4495-4e6d-b3d8-5787132af04b","NOGP_017.mammalGrid.mam","D09","NOGP","NOGP_017","F1","distributed","grasslandHerbaceous",46.791856,-100.918686,"WGS84",45.1,556.8,0.1,"6 - trap set and empty","ShermanXLK","2025-07-17","2025-07-17",,,,,,,,,,,,,,,,,,,,,,,,,,,,,,,,,,,,,,,,,,,,,"0009-0000-8940-8632","0009-0000-9880-3001",,,,,"b51f93ba-a0a4-49f0-9090-890f3820e742"
"5850599d-a886-45b8-aa66-73de6bab0ba1","08013004-00a2-44c4-b817-0943370934d8","NOGP_005.mammalGrid.mam","D09","NOGP","NOGP_005","I9","distributed","grasslandHerbaceous",46.788065,-100.913882,"WGS84",45.1,562.2,0.1,"3 - trap door open or closed w/ spoor left","ShermanLF","2025-07-17","2025-07-17",,,,,,,,,,,,,,,,,,,,,,,,,,,,,"did not check","dry ice",,,,,,,,,,,,,,,"0009-0006-6432-3978","0009-0002-2817-390X",,,,,"da1f2cd6-40ee-4a48-9198-b375c35e6429"
"2c9e826b-55fe-4237-9d34-c5afec7935d1","b971c1d2-96f9-4981-84bc-c00829574e13","NOGP_014.mammalGrid.mam","D09","NOGP","NOGP_014","G10","distributed","grasslandHerbaceous",46.806003,-100.902845,"WGS84",45.1,526.4,0.1,"6 - trap set and empty","ShermanLF","2025-07-17","2025-07-17",,,,,,,,,,,,,,,,,,,,,,,,,,,,,,,,,,,,,,,,,,,,,"0009-0000-8940-8632","0009-0000-8940-8632",,,,,"33f03749-28c9-4232-89cd-e1400f61f240"
"80ba57d6-2b3f-4bb6-b402-0d7121c5dabe","08013004-00a2-44c4-b817-0943370934d8","NOGP_005.mammalGrid.mam","D09","NOGP","NOGP_005","A1","distributed","grasslandHerbaceous",46.788065,-100.913882,"WGS84",45.1,562.2,0.1,"5 - capture","ShermanLF","2025-07-17","2025-07-17","NEON.MAM.D09.O005A120250717",,"PELE","Peromyscus leucopus","species","cf. species",,,,"N","U","U","processed",,"adult",,,,,,,,,,"U","U","U",,"did not check","dry ice",,,,,,,,,,,,,,,"0009-0006-6432-3978","0009-0002-2817-390X",,,,,"be715acc-1c2f-4b4c-9e10-fdc76393fafe"
"2d78db17-1a8c-4c5c-aa9d-6d38d13419ca","f9618582-97b0-4f21-8b83-4ce574a071d7","NOGP_002.mammalGrid.mam","D09","NOGP","NOGP_002","E10","distributed","grasslandHerbaceous",46.799664,-100.910770,"WGS84",45.1,547.4,0.1,"6 - trap set and empty","ShermanXLK","2025-07-17","2025-07-17",,,,,,,,,,,,,,,,,,,,,,,,,,,,,,,,,,,,,,,,,,,,,"0009-0000-8940-8632","0009-0000-9880-3001",,,,,"b923ca68-99b6-42dc-91ba-cbad7ff0decf"
"be8b0168-c22f-43aa-b050-2f110a14d5fc","f9618582-97b0-4f21-8b83-4ce574a071d7","NOGP_002.mammalGrid.mam","D09","NOGP","NOGP_002","G5","distributed","grasslandHerbaceous",46.799664,-100.910770,"WGS84",45.1,547.4,0.1,"6 - trap set and empty","ShermanXLK","2025-07-17","2025-07-17",,,,,,,,,,,,,,,,,,,,,,,,,,,,,,,,,,,,,,,,,,,,,"0009-0000-8940-8632","0009-0000-9880-3001",,,,,"d6f19b77-7414-49c5-91ba-0d3279a34349"
"0a71f618-1703-44fd-b15b-b17ccf3f96ad","93734c59-4495-4e6d-b3d8-5787132af04b","NOGP_017.mammalGrid.mam","D09","NOGP","NOGP_017","H3","distributed","grasslandHerbaceous",46.791856,-100.918686,"WGS84",45.1,556.8,0.1,"6 - trap set and empty","ShermanXLK","2025-07-17","2025-07-17",,,,,,,,,,,,,,,,,,,,,,,,,,,,,,,,,,,,,,,,,,,,,"0009-0000-8940-8632","0009-0000-9880-3001",,,,,"b1b6ab6b-99cf-4f5f-a4ea-ab7c637b1051"
"679230d8-e2a5-4eb5-a05e-8e72554cfa7b","f9618582-97b0-4f21-8b83-4ce574a071d7","NOGP_002.mammalGrid.mam","D09","NOGP","NOGP_002","D9","distributed","grasslandHerbaceous",46.799664,-100.910770,"WGS84",45.1,547.4,0.1,"6 - trap set and empty","ShermanXLK","2025-07-17","2025-07-17",,,,,,,,,,,,,,,,,,,,,,,,,,,,,,,,,,,,,,,,,,,,,"0009-0000-8940-8632","0009-0000-9880-3001",,,,,"4c70f99c-6f70-4b51-a3ec-afb0676ee697"
"d54a6370-f91d-4dfa-80ec-adc23ba60903","f9618582-97b0-4f21-8b83-4ce574a071d7","NOGP_002.mammalGrid.mam","D09","NOGP","NOGP_002","H8","distributed","grasslandHerbaceous",46.799664,-100.910770,"WGS84",45.1,547.4,0.1,"6 - trap set and empty","ShermanXLK","2025-07-17","2025-07-17",,,,,,,,,,,,,,,,,,,,,,,,,,,,,,,,,,,,,,,,,,,,,"0009-0000-8940-8632","0009-0000-9880-3001",,,,,"81943ada-54e5-4074-8523-c97fa5523980"
"cf3f04c7-602c-47e2-b9f1-4157df8ad650","08013004-00a2-44c4-b817-0943370934d8","NOGP_005.mammalGrid.mam","D09","NOGP","NOGP_005","B4","distributed","grasslandHerbaceous",46.788065,-100.913882,"WGS84",45.1,562.2,0.1,"5 - capture","ShermanLF","2025-07-17","2025-07-17","NEON.MAM.D09.L8318",,"PEMA","Peromyscus maniculatus","species",,,,,"N","M","Y","processed",,"adult","scrotal",,,,18,,,,16,"N","N","N",,"none","dry ice",,,,,,,,,,,,,,,"0009-0006-6432-3978","0009-0002-2817-390X",,,,,"31991fc6-9840-4c2c-aa64-c08d2544313b"
"fc209507-be90-40ed-85d3-62d6eebc8dd9","08013004-00a2-44c4-b817-0943370934d8","NOGP_005.mammalGrid.mam","D09","NOGP","NOGP_005","E5","distributed","grasslandHerbaceous",46.788065,-100.913882,"WGS84",45.1,562.2,0.1,"6 - trap set and empty","ShermanLF","2025-07-17","2025-07-17",,,,,,,,,,,,,,,,,,,,,,,,,,,,,,,,,,,,,,,,,,,,,"0009-0006-6432-3978","0009-0002-2817-390X",,,,,"077f9891-2e0a-4a2a-96f5-a97f0c412d2b"
"f2d50e17-4f5e-4e6b-832d-b9c9363ed930","93734c59-4495-4e6d-b3d8-5787132af04b","NOGP_017.mammalGrid.mam","D09","NOGP","NOGP_017","G4","distributed","grasslandHerbaceous",46.791856,-100.918686,"WGS84",45.1,556.8,0.1,"6 - trap set and empty","ShermanXLK","2025-07-17","2025-07-17",,,,,,,,,,,,,,,,,,,,,,,,,,,,,,,,,,,,,,,,,,,,,"0009-0000-8940-8632","0009-0000-9880-3001",,,,,"dce59200-5ffd-4578-b4a9-dd8b910c62b7"
"abfdb62e-d28e-480f-bda5-39634cb78ac4","08013004-00a2-44c4-b817-0943370934d8","NOGP_005.mammalGrid.mam","D09","NOGP","NOGP_005","J2","distributed","grasslandHerbaceous",46.788065,-100.913882,"WGS84",45.1,562.2,0.1,"6 - trap set and empty","ShermanLF","2025-07-17","2025-07-17",,,,,,,,,,,,,,,,,,,,,,,,,,,,,,,,,,,,,,,,,,,,,"0009-0006-6432-3978","0009-0002-2817-390X",,,,,"928f15ed-6f62-4c16-b5c0-08516599cf71"
"07ddd601-cccc-4cc8-aeb8-4d2627195cef","f9618582-97b0-4f21-8b83-4ce574a071d7","NOGP_002.mammalGrid.mam","D09","NOGP","NOGP_002","C2","distributed","grasslandHerbaceous",46.799664,-100.910770,"WGS84",45.1,547.4,0.1,"6 - trap set and empty","ShermanXLK","2025-07-17","2025-07-17",,,,,,,,,,,,,,,,,,,,,,,,,,,,,,,,,,,,,,,,,,,,,"0009-0000-8940-8632","0009-0000-9880-3001",,,,,"1dccb10e-a396-41f7-85b8-fd29ff8d3124"
"a8a4b2d3-49d8-4eb3-a21d-dc9cf1d1d823","93734c59-4495-4e6d-b3d8-5787132af04b","NOGP_017.mammalGrid.mam","D09","NOGP","NOGP_017","A1","distributed","grasslandHerbaceous",46.791856,-100.918686,"WGS84",45.1,556.8,0.1,"5 - capture","ShermanXLK","2025-07-17","2025-07-17","NEON.MAM.D09.L8832",,"MIPE","Microtus pennsylvanicus","species",,,,,"N","M","N","processed",,"adult","nonscrotal",,"not",,18,,,,31,"N","N","N",,"fleas","dry ice","NOGP.20250717.L8832.B","D00000245993","mandibular",,,,,"NOGP.20250717.L8832.E","D00000245994","NOGP.20250717.L8832.H","A00000378828","hairAndWhisker",,,"0009-0000-8940-8632","0009-0000-9880-3001",,,,,"96ecd238-1efa-4793-b35f-02d19db2edd4"
"1b4d2212-520a-47ce-8d24-170ce0918f8d","93734c59-4495-4e6d-b3d8-5787132af04b","NOGP_017.mammalGrid.mam","D09","NOGP","NOGP_017","D4","distributed","grasslandHerbaceous",46.791856,-100.918686,"WGS84",45.1,556.8,0.1,"6 - trap set and empty","ShermanXLK","2025-07-17","2025-07-17",,,,,,,,,,,,,,,,,,,,,,,,,,,,,,,,,,,,,,,,,,,,,"0009-0000-8940-8632","0009-0000-9880-3001",,,,,"9e6a5a18-2ba9-49f1-9f05-d8cd3e60ce09"
"74425129-1082-451c-8ae7-81812fdc6f8c","08013004-00a2-44c4-b817-0943370934d8","NOGP_005.mammalGrid.mam","D09","NOGP","NOGP_005","I3","distributed","grasslandHerbaceous",46.788065,-100.913882,"WGS84",45.1,562.2,0.1,"6 - trap set and empty","ShermanLF","2025-07-17","2025-07-17",,,,,,,,,,,,,,,,,,,,,,,,,,,,,,,,,,,,,,,,,,,,,"0009-0006-6432-3978","0009-0002-2817-390X",,,,,"f8e3914d-ddfa-4ec4-ade4-5da6a6c1d168"
"210c6706-0a43-44f8-aa4b-50bc94f42c07","93734c59-4495-4e6d-b3d8-5787132af04b","NOGP_017.mammalGrid.mam","D09","NOGP","NOGP_017","J5","distributed","grasslandHerbaceous",46.791856,-100.918686,"WGS84",45.1,556.8,0.1,"6 - trap set and empty","ShermanXLK","2025-07-17","2025-07-17",,,,,,,,,,,,,,,,,,,,,,,,,,,,,,,,,,,,,,,,,,,,,"0009-0000-8940-8632","0009-0000-9880-3001",,,,,"bcbad1a4-758b-4e52-bcda-b1d942d7f399"
"291c4dbf-777c-4b6d-b051-7fc0ca325bef","b971c1d2-96f9-4981-84bc-c00829574e13","NOGP_014.mammalGrid.mam","D09","NOGP","NOGP_014","I5","distributed","grasslandHerbaceous",46.806003,-100.902845,"WGS84",45.1,526.4,0.1,"2 - trap disturbed/door closed but empty","ShermanLF","2025-07-17","2025-07-17",,,,,,,,,,,,,,,,,,,,,,,,,,,,,"did not check","dry ice",,,,,,,,,,,,,,,"0009-0000-8940-8632","0009-0000-8940-8632",,,,,"ee8ea24b-3c9e-4c8e-b1b5-d2abfa19446a"
"ef098a44-b9ae-4eb7-9709-412b9c223902","08013004-00a2-44c4-b817-0943370934d8","NOGP_005.mammalGrid.mam","D09","NOGP","NOGP_005","A6","distributed","grasslandHerbaceous",46.788065,-100.913882,"WGS84",45.1,562.2,0.1,"5 - capture","ShermanLF","2025-07-17","2025-07-17","NEON.MAM.D09.L8316",,"PEMA","Peromyscus maniculatus","species",,,,,"N","F","Y","processed",,"adult",,"nonenlarged","not","neither",18,,,,18,"N","N","N",,"fleas","dry ice",,,,,,,,,,,,,,,"0009-0006-6432-3978","0009-0002-2817-390X",,,,,"d5b63bc4-8627-4b78-b1e8-041598355da0"
"bbedc19b-eb95-48f5-a89d-679d9c168e26","93734c59-4495-4e6d-b3d8-5787132af04b","NOGP_017.mammalGrid.mam","D09","NOGP","NOGP_017","D3","distributed","grasslandHerbaceous",46.791856,-100.918686,"WGS84",45.1,556.8,0.1,"6 - trap set and empty","ShermanXLK","2025-07-17","2025-07-17",,,,,,,,,,,,,,,,,,,,,,,,,,,,,,,,,,,,,,,,,,,,,"0009-0000-8940-8632","0009-0000-9880-3001",,,,,"a9a428f0-8e74-4c56-aea4-96c2d7f4c73c"
"0e155828-3645-49ec-b2cc-231d84e7df34","93734c59-4495-4e6d-b3d8-5787132af04b","NOGP_017.mammalGrid.mam","D09","NOGP","NOGP_017","G1","distributed","grasslandHerbaceous",46.791856,-100.918686,"WGS84",45.1,556.8,0.1,"6 - trap set and empty","ShermanXLK","2025-07-17","2025-07-17",,,,,,,,,,,,,,,,,,,,,,,,,,,,,,,,,,,,,,,,,,,,,"0009-0000-8940-8632","0009-0000-9880-3001",,,,,"962a989c-6a7c-4ec9-9a0d-840fb78da607"
"ffc42e2b-c9cd-4d9d-b860-3590801c7827","f9618582-97b0-4f21-8b83-4ce574a071d7","NOGP_002.mammalGrid.mam","D09","NOGP","NOGP_002","J5","distributed","grasslandHerbaceous",46.799664,-100.910770,"WGS84",45.1,547.4,0.1,"6 - trap set and empty","ShermanXLK","2025-07-17","2025-07-17",,,,,,,,,,,,,,,,,,,,,,,,,,,,,,,,,,,,,,,,,,,,,"0009-0000-8940-8632","0009-0000-9880-3001",,,,,"09f49637-89d3-4361-a8e4-bf0534453d55"
"450fb56e-8463-47ea-819b-8ac31a60e0bc","08013004-00a2-44c4-b817-0943370934d8","NOGP_005.mammalGrid.mam","D09","NOGP","NOGP_005","E7","distributed","grasslandHerbaceous",46.788065,-100.913882,"WGS84",45.1,562.2,0.1,"6 - trap set and empty","ShermanLF","2025-07-17","2025-07-17",,,,,,,,,,,,,,,,,,,,,,,,,,,,,,,,,,,,,,,,,,,,,"0009-0006-6432-3978","0009-0002-2817-390X",,,,,"eae8d7d8-0a4c-44ce-bd42-12cd83be3fc5"
"e47be615-23fe-475d-b48f-7f22fbd6c5c2","93734c59-4495-4e6d-b3d8-5787132af04b","NOGP_017.mammalGrid.mam","D09","NOGP","NOGP_017","I4","distributed","grasslandHerbaceous",46.791856,-100.918686,"WGS84",45.1,556.8,0.1,"6 - trap set and empty","ShermanXLK","2025-07-17","2025-07-17",,,,,,,,,,,,,,,,,,,,,,,,,,,,,,,,,,,,,,,,,,,,,"0009-0000-8940-8632","0009-0000-9880-3001",,,,,"c647401d-b70e-4c7e-b683-f90e15583b6c"
"6f7209fd-c536-4403-940a-545def43ecd2","b971c1d2-96f9-4981-84bc-c00829574e13","NOGP_014.mammalGrid.mam","D09","NOGP","NOGP_014","I3","distributed","grasslandHerbaceous",46.806003,-100.902845,"WGS84",45.1,526.4,0.1,"6 - trap set and empty","ShermanLF","2025-07-17","2025-07-17",,,,,,,,,,,,,,,,,,,,,,,,,,,,,,,,,,,,,,,,,,,,,"0009-0000-8940-8632","0009-0000-8940-8632",,,,,"fb79524b-d6cb-4eff-afe1-18161812fe77"
"4b1c393d-1a02-4d9d-8a01-025038dd84f8","08013004-00a2-44c4-b817-0943370934d8","NOGP_005.mammalGrid.mam","D09","NOGP","NOGP_005","F10","distributed","grasslandHerbaceous",46.788065,-100.913882,"WGS84",45.1,562.2,0.1,"2 - trap disturbed/door closed but empty","ShermanLF","2025-07-17","2025-07-17",,,,,,,,,,,,,,,,,,,,,,,,,,,,,"did not check","dry ice",,,,,,,,,,,,,,,"0009-0006-6432-3978","0009-0002-2817-390X",,,,,"ef333f4b-5dff-4c13-876c-887ccfce2fb0"
"bc5a928b-6489-49b8-824d-10af8f2a8294","93734c59-4495-4e6d-b3d8-5787132af04b","NOGP_017.mammalGrid.mam","D09","NOGP","NOGP_017","G5","distributed","grasslandHerbaceous",46.791856,-100.918686,"WGS84",45.1,556.8,0.1,"6 - trap set and empty","ShermanXLK","2025-07-17","2025-07-17",,,,,,,,,,,,,,,,,,,,,,,,,,,,,,,,,,,,,,,,,,,,,"0009-0000-8940-8632","0009-0000-9880-3001",,,,,"56c51297-f657-4e80-8911-b1846e2cc001"
"1fb8c9a3-352a-4712-9db6-2bac46b4479e","08013004-00a2-44c4-b817-0943370934d8","NOGP_005.mammalGrid.mam","D09","NOGP","NOGP_005","E10","distributed","grasslandHerbaceous",46.788065,-100.913882,"WGS84",45.1,562.2,0.1,"5 - capture","ShermanLF","2025-07-17","2025-07-17","NEON.MAM.D09.R8304",,"PELE","Peromyscus leucopus","species",,,,,"N","M","Y","processed",,"adult","scrotal",,,,22,,,,24,"N","N","N",,"none","dry ice",,,,,,,,,,,,,,,"0009-0006-6432-3978","0009-0002-2817-390X",,,,,"e559895a-a618-4766-9e13-1a73fbcaef6e"
"743d4b79-3ea6-4009-8e6c-88d4b17a8ffd","b971c1d2-96f9-4981-84bc-c00829574e13","NOGP_014.mammalGrid.mam","D09","NOGP","NOGP_014","C2","distributed","grasslandHerbaceous",46.806003,-100.902845,"WGS84",45.1,526.4,0.1,"6 - trap set and empty","ShermanLF","2025-07-17","2025-07-17",,,,,,,,,,,,,,,,,,,,,,,,,,,,,,,,,,,,,,,,,,,,,"0009-0000-8940-8632","0009-0000-8940-8632",,,,,"8058c499-e42c-47f4-822a-b34407db934f"
"f98f359d-13a0-42a2-bdc8-d76939399a8e","b971c1d2-96f9-4981-84bc-c00829574e13","NOGP_014.mammalGrid.mam","D09","NOGP","NOGP_014","A8","distributed","grasslandHerbaceous",46.806003,-100.902845,"WGS84",45.1,526.4,0.1,"6 - trap set and empty","ShermanLF","2025-07-17","2025-07-17",,,,,,,,,,,,,,,,,,,,,,,,,,,,,,,,,,,,,,,,,,,,,"0009-0000-8940-8632","0009-0000-8940-8632",,,,,"41e08f3a-91ee-40da-a1e2-9b9f64a46d34"
"1b58c024-5339-493b-9287-cbbeed80b955","08013004-00a2-44c4-b817-0943370934d8","NOGP_005.mammalGrid.mam","D09","NOGP","NOGP_005","D1","distributed","grasslandHerbaceous",46.788065,-100.913882,"WGS84",45.1,562.2,0.1,"6 - trap set and empty","ShermanLF","2025-07-17","2025-07-17",,,,,,,,,,,,,,,,,,,,,,,,,,,,,,,,,,,,,,,,,,,,,"0009-0006-6432-3978","0009-0002-2817-390X",,,,,"de5a2051-8c18-4ae6-bd46-6359ef3dcf75"
"4191887c-cac5-49fb-903e-b65485f49f29","f9618582-97b0-4f21-8b83-4ce574a071d7","NOGP_002.mammalGrid.mam","D09","NOGP","NOGP_002","F10","distributed","grasslandHerbaceous",46.799664,-100.910770,"WGS84",45.1,547.4,0.1,"6 - trap set and empty","ShermanXLK","2025-07-17","2025-07-17",,,,,,,,,,,,,,,,,,,,,,,,,,,,,,,,,,,,,,,,,,,,,"0009-0000-8940-8632","0009-0000-9880-3001",,,,,"422a0e11-d29f-4d3e-a7f9-edaf7071598b"
"f6cb6b5c-52f6-4ced-a950-715c78529912","f9618582-97b0-4f21-8b83-4ce574a071d7","NOGP_002.mammalGrid.mam","D09","NOGP","NOGP_002","G9","distributed","grasslandHerbaceous",46.799664,-100.910770,"WGS84",45.1,547.4,0.1,"6 - trap set and empty","ShermanXLK","2025-07-17","2025-07-17",,,,,,,,,,,,,,,,,,,,,,,,,,,,,,,,,,,,,,,,,,,,,"0009-0000-8940-8632","0009-0000-9880-3001",,,,,"06b13841-361c-4e3f-ba5c-a71c0f3ecade"
"0b03f9c0-adf5-444b-8519-0621db5b8dab","b971c1d2-96f9-4981-84bc-c00829574e13","NOGP_014.mammalGrid.mam","D09","NOGP","NOGP_014","H7","distributed","grasslandHerbaceous",46.806003,-100.902845,"WGS84",45.1,526.4,0.1,"6 - trap set and empty","ShermanLF","2025-07-17","2025-07-17",,,,,,,,,,,,,,,,,,,,,,,,,,,,,,,,,,,,,,,,,,,,,"0009-0000-8940-8632","0009-0000-8940-8632",,,,,"daee38e7-b715-4b31-8bec-81b5ae0d226e"
"fe1b4f0b-ea95-4373-9e35-72ced618823d","93734c59-4495-4e6d-b3d8-5787132af04b","NOGP_017.mammalGrid.mam","D09","NOGP","NOGP_017","B10","distributed","grasslandHerbaceous",46.791856,-100.918686,"WGS84",45.1,556.8,0.1,"6 - trap set and empty","ShermanXLK","2025-07-17","2025-07-17",,,,,,,,,,,,,,,,,,,,,,,,,,,,,,,,,,,,,,,,,,,,,"0009-0000-8940-8632","0009-0000-9880-3001",,,,,"5a26ae48-9cfd-46db-950f-59c02a6a32a5"
"edd8e85a-02fd-4918-bade-3181a7a1a55d","f9618582-97b0-4f21-8b83-4ce574a071d7","NOGP_002.mammalGrid.mam","D09","NOGP","NOGP_002","E3","distributed","grasslandHerbaceous",46.799664,-100.910770,"WGS84",45.1,547.4,0.1,"6 - trap set and empty","ShermanXLK","2025-07-17","2025-07-17",,,,,,,,,,,,,,,,,,,,,,,,,,,,,,,,,,,,,,,,,,,,,"0009-0000-8940-8632","0009-0000-9880-3001",,,,,"728907f5-4297-4f3a-b7a5-e291bce7c8a1"
"f6fea556-0b1c-4d9b-b9b8-facfb2ed65af","08013004-00a2-44c4-b817-0943370934d8","NOGP_005.mammalGrid.mam","D09","NOGP","NOGP_005","D8","distributed","grasslandHerbaceous",46.788065,-100.913882,"WGS84",45.1,562.2,0.1,"5 - capture","ShermanLF","2025-07-17","2025-07-17","NEON.MAM.D09.L8412",,"PEMA","Peromyscus maniculatus","species","cf. species",,,,"N","M","Y","processed",,"adult","scrotal",,,,20,,,,24,"N","N","N",,"botflies","dry ice",,,,,,,,,,,,,,,"0009-0006-6432-3978","0009-0002-2817-390X",,,,,"f8953955-4f29-4db7-98cd-cf0e97d035e3"
"aa2d836b-a464-4b22-bcf6-4e441b118c7b","93734c59-4495-4e6d-b3d8-5787132af04b","NOGP_017.mammalGrid.mam","D09","NOGP","NOGP_017","B9","distributed","grasslandHerbaceous",46.791856,-100.918686,"WGS84",45.1,556.8,0.1,"6 - trap set and empty","ShermanXLK","2025-07-17","2025-07-17",,,,,,,,,,,,,,,,,,,,,,,,,,,,,,,,,,,,,,,,,,,,,"0009-0000-8940-8632","0009-0000-9880-3001",,,,,"daec4394-8d61-400d-93db-11b5c427d4ac"
"1117f8cb-5ae3-45c1-9e16-21e08a753bb5","b971c1d2-96f9-4981-84bc-c00829574e13","NOGP_014.mammalGrid.mam","D09","NOGP","NOGP_014","J1","distributed","grasslandHerbaceous",46.806003,-100.902845,"WGS84",45.1,526.4,0.1,"6 - trap set and empty","ShermanLF","2025-07-17","2025-07-17",,,,,,,,,,,,,,,,,,,,,,,,,,,,,,,,,,,,,,,,,,,,,"0009-0000-8940-8632","0009-0000-8940-8632",,,,,"64094917-8406-44ae-8a07-fd6f06eb6321"
"610e6388-a0e7-4449-8a74-d83a4e48f23f","93734c59-4495-4e6d-b3d8-5787132af04b","NOGP_017.mammalGrid.mam","D09","NOGP","NOGP_017","E2","distributed","grasslandHerbaceous",46.791856,-100.918686,"WGS84",45.1,556.8,0.1,"6 - trap set and empty","ShermanXLK","2025-07-17","2025-07-17",,,,,,,,,,,,,,,,,,,,,,,,,,,,,,,,,,,,,,,,,,,,,"0009-0000-8940-8632","0009-0000-9880-3001",,,,,"ad252780-314d-47aa-955b-b662059f02b2"
"f3467081-f9a2-499f-9b4e-87400af02728","b971c1d2-96f9-4981-84bc-c00829574e13","NOGP_014.mammalGrid.mam","D09","NOGP","NOGP_014","C5","distributed","grasslandHerbaceous",46.806003,-100.902845,"WGS84",45.1,526.4,0.1,"6 - trap set and empty","ShermanLF","2025-07-17","2025-07-17",,,,,,,,,,,,,,,,,,,,,,,,,,,,,,,,,,,,,,,,,,,,,"0009-0000-8940-8632","0009-0000-8940-8632",,,,,"b4bb6f68-51e7-4806-96d4-ce382ac6eb56"
"4f8352f9-4126-4697-b3f9-6737020c6883","f9618582-97b0-4f21-8b83-4ce574a071d7","NOGP_002.mammalGrid.mam","D09","NOGP","NOGP_002","C10","distributed","grasslandHerbaceous",46.799664,-100.910770,"WGS84",45.1,547.4,0.1,"6 - trap set and empty","ShermanXLK","2025-07-17","2025-07-17",,,,,,,,,,,,,,,,,,,,,,,,,,,,,,,,,,,,,,,,,,,,,"0009-0000-8940-8632","0009-0000-9880-3001",,,,,"2b490ef4-3339-4f0a-ac1b-23b55e583d36"
"6eca6015-4ef0-4a43-85f1-bd7ddb7dda8b","93734c59-4495-4e6d-b3d8-5787132af04b","NOGP_017.mammalGrid.mam","D09","NOGP","NOGP_017","E5","distributed","grasslandHerbaceous",46.791856,-100.918686,"WGS84",45.1,556.8,0.1,"6 - trap set and empty","ShermanXLK","2025-07-17","2025-07-17",,,,,,,,,,,,,,,,,,,,,,,,,,,,,,,,,,,,,,,,,,,,,"0009-0000-8940-8632","0009-0000-9880-3001",,,,,"07641f1c-829a-4832-a07b-aa70fbbdd02b"
"4dc13914-d848-48d2-b91d-27ab62f588bd","93734c59-4495-4e6d-b3d8-5787132af04b","NOGP_017.mammalGrid.mam","D09","NOGP","NOGP_017","I7","distributed","grasslandHerbaceous",46.791856,-100.918686,"WGS84",45.1,556.8,0.1,"6 - trap set and empty","ShermanXLK","2025-07-17","2025-07-17",,,,,,,,,,,,,,,,,,,,,,,,,,,,,,,,,,,,,,,,,,,,,"0009-0000-8940-8632","0009-0000-9880-3001",,,,,"51f31e9b-b648-4f94-946e-2b4863c45074"
"16aa3181-6167-478f-8797-866700438a4b","08013004-00a2-44c4-b817-0943370934d8","NOGP_005.mammalGrid.mam","D09","NOGP","NOGP_005","F2","distributed","grasslandHerbaceous",46.788065,-100.913882,"WGS84",45.1,562.2,0.1,"6 - trap set and empty","ShermanLF","2025-07-17","2025-07-17",,,,,,,,,,,,,,,,,,,,,,,,,,,,,,,,,,,,,,,,,,,,,"0009-0006-6432-3978","0009-0002-2817-390X",,,,,"1b681832-7f86-47bf-88cf-beac4af7511b"
"2ea3f2bb-4755-4242-9890-d48a3d45aef5","f9618582-97b0-4f21-8b83-4ce574a071d7","NOGP_002.mammalGrid.mam","D09","NOGP","NOGP_002","C7","distributed","grasslandHerbaceous",46.799664,-100.910770,"WGS84",45.1,547.4,0.1,"6 - trap set and empty","ShermanXLK","2025-07-17","2025-07-17",,,,,,,,,,,,,,,,,,,,,,,,,,,,,,,,,,,,,,,,,,,,,"0009-0000-8940-8632","0009-0000-9880-3001",,,,,"6d01a943-31bb-423d-ab90-ba5de7c2e21e"
"08903699-82eb-46bd-858e-d8d060c304f6","08013004-00a2-44c4-b817-0943370934d8","NOGP_005.mammalGrid.mam","D09","NOGP","NOGP_005","C4","distributed","grasslandHerbaceous",46.788065,-100.913882,"WGS84",45.1,562.2,0.1,"6 - trap set and empty","ShermanLF","2025-07-17","2025-07-17",,,,,,,,,,,,,,,,,,,,,,,,,,,,,,,,,,,,,,,,,,,,,"0009-0006-6432-3978","0009-0002-2817-390X",,,,,"44d6c197-0dfc-4a83-bfbd-0296223ffd81"
"e28db91f-26c1-436d-95a9-e218d6195e37","08013004-00a2-44c4-b817-0943370934d8","NOGP_005.mammalGrid.mam","D09","NOGP","NOGP_005","B7","distributed","grasslandHerbaceous",46.788065,-100.913882,"WGS84",45.1,562.2,0.1,"6 - trap set and empty","ShermanLF","2025-07-17","2025-07-17",,,,,,,,,,,,,,,,,,,,,,,,,,,,,,,,,,,,,,,,,,,,,"0009-0006-6432-3978","0009-0002-2817-390X",,,,,"9320054b-7a49-4e9f-9e44-739d06ca50da"
"79a9cd98-f3ec-460f-9409-15027635e982","08013004-00a2-44c4-b817-0943370934d8","NOGP_005.mammalGrid.mam","D09","NOGP","NOGP_005","F6","distributed","grasslandHerbaceous",46.788065,-100.913882,"WGS84",45.1,562.2,0.1,"6 - trap set and empty","ShermanLF","2025-07-17","2025-07-17",,,,,,,,,,,,,,,,,,,,,,,,,,,,,,,,,,,,,,,,,,,,,"0009-0006-6432-3978","0009-0002-2817-390X",,,,,"c5ca5b02-72c2-4546-9b41-2150a402c092"
"d0159b24-730a-4155-8e3c-77345bb3eae0","f9618582-97b0-4f21-8b83-4ce574a071d7","NOGP_002.mammalGrid.mam","D09","NOGP","NOGP_002","C4","distributed","grasslandHerbaceous",46.799664,-100.910770,"WGS84",45.1,547.4,0.1,"6 - trap set and empty","ShermanXLK","2025-07-17","2025-07-17",,,,,,,,,,,,,,,,,,,,,,,,,,,,,,,,,,,,,,,,,,,,,"0009-0000-8940-8632","0009-0000-9880-3001",,,,,"1b889e7f-6e01-4aa8-aa62-b252403ca1a2"
"6036e503-afbd-47bb-8e6b-805fbf89548e","b971c1d2-96f9-4981-84bc-c00829574e13","NOGP_014.mammalGrid.mam","D09","NOGP","NOGP_014","J8","distributed","grasslandHerbaceous",46.806003,-100.902845,"WGS84",45.1,526.4,0.1,"6 - trap set and empty","ShermanLF","2025-07-17","2025-07-17",,,,,,,,,,,,,,,,,,,,,,,,,,,,,,,,,,,,,,,,,,,,,"0009-0000-8940-8632","0009-0000-8940-8632",,,,,"c43722d3-55c0-464f-8cf6-b16866f21baf"
"f5defff3-0ded-4116-a5a0-ca4e7adb9910","b971c1d2-96f9-4981-84bc-c00829574e13","NOGP_014.mammalGrid.mam","D09","NOGP","NOGP_014","E4","distributed","grasslandHerbaceous",46.806003,-100.902845,"WGS84",45.1,526.4,0.1,"6 - trap set and empty","ShermanLF","2025-07-17","2025-07-17",,,,,,,,,,,,,,,,,,,,,,,,,,,,,,,,,,,,,,,,,,,,,"0009-0000-8940-8632","0009-0000-8940-8632",,,,,"0103fe1b-04df-4ce4-809b-3b651c42dde3"
"64b5c455-e929-472a-b410-61bf00744cf9","b971c1d2-96f9-4981-84bc-c00829574e13","NOGP_014.mammalGrid.mam","D09","NOGP","NOGP_014","I2","distributed","grasslandHerbaceous",46.806003,-100.902845,"WGS84",45.1,526.4,0.1,"6 - trap set and empty","ShermanLF","2025-07-17","2025-07-17",,,,,,,,,,,,,,,,,,,,,,,,,,,,,,,,,,,,,,,,,,,,,"0009-0000-8940-8632","0009-0000-8940-8632",,,,,"751109ba-2532-4a92-8e3e-a5fe7a9a819d"
"51e896cb-b1db-4b23-ba4e-0c0a78e672a7","08013004-00a2-44c4-b817-0943370934d8","NOGP_005.mammalGrid.mam","D09","NOGP","NOGP_005","D9","distributed","grasslandHerbaceous",46.788065,-100.913882,"WGS84",45.1,562.2,0.1,"6 - trap set and empty","ShermanLF","2025-07-17","2025-07-17",,,,,,,,,,,,,,,,,,,,,,,,,,,,,,,,,,,,,,,,,,,,,"0009-0006-6432-3978","0009-0002-2817-390X",,,,,"14508348-62e1-422e-822e-de437c8d3b44"
"1f1f94a5-bc44-4a5f-b3b1-f9cb6ba90ad1","f9618582-97b0-4f21-8b83-4ce574a071d7","NOGP_002.mammalGrid.mam","D09","NOGP","NOGP_002","F3","distributed","grasslandHerbaceous",46.799664,-100.910770,"WGS84",45.1,547.4,0.1,"6 - trap set and empty","ShermanXLK","2025-07-17","2025-07-17",,,,,,,,,,,,,,,,,,,,,,,,,,,,,,,,,,,,,,,,,,,,,"0009-0000-8940-8632","0009-0000-9880-3001",,,,,"68f94412-2884-4d3f-b383-b2fb028f048f"
"6b0b5294-a9db-4c45-a148-c3543ace187e","08013004-00a2-44c4-b817-0943370934d8","NOGP_005.mammalGrid.mam","D09","NOGP","NOGP_005","E3","distributed","grasslandHerbaceous",46.788065,-100.913882,"WGS84",45.1,562.2,0.1,"6 - trap set and empty","ShermanLF","2025-07-17","2025-07-17",,,,,,,,,,,,,,,,,,,,,,,,,,,,,,,,,,,,,,,,,,,,,"0009-0006-6432-3978","0009-0002-2817-390X",,,,,"353b7a44-3c44-4027-93e5-1e8c68572999"
"626c950a-1345-4335-9972-7da60bb4cc26","93734c59-4495-4e6d-b3d8-5787132af04b","NOGP_017.mammalGrid.mam","D09","NOGP","NOGP_017","A4","distributed","grasslandHerbaceous",46.791856,-100.918686,"WGS84",45.1,556.8,0.1,"6 - trap set and empty","ShermanXLK","2025-07-17","2025-07-17",,,,,,,,,,,,,,,,,,,,,,,,,,,,,,,,,,,,,,,,,,,,,"0009-0000-8940-8632","0009-0000-9880-3001",,,,,"02fdf073-12fe-4aa4-91b8-8b34e9f9b69e"
"99e9b257-7843-4c15-9a7f-12b7ea90f7b7","93734c59-4495-4e6d-b3d8-5787132af04b","NOGP_017.mammalGrid.mam","D09","NOGP","NOGP_017","A5","distributed","grasslandHerbaceous",46.791856,-100.918686,"WGS84",45.1,556.8,0.1,"6 - trap set and empty","ShermanXLK","2025-07-17","2025-07-17",,,,,,,,,,,,,,,,,,,,,,,,,,,,,,,,,,,,,,,,,,,,,"0009-0000-8940-8632","0009-0000-9880-3001",,,,,"364b4d3e-98b6-4304-b0ab-35406c99b513"
"ed870bc7-9d2a-45fc-89b4-7cdac45a85df","08013004-00a2-44c4-b817-0943370934d8","NOGP_005.mammalGrid.mam","D09","NOGP","NOGP_005","G3","distributed","grasslandHerbaceous",46.788065,-100.913882,"WGS84",45.1,562.2,0.1,"6 - trap set and empty","ShermanLF","2025-07-17","2025-07-17",,,,,,,,,,,,,,,,,,,,,,,,,,,,,,,,,,,,,,,,,,,,,"0009-0006-6432-3978","0009-0002-2817-390X",,,,,"1d072dbf-11c6-4d48-b78c-862e28842f75"
"56659e28-4599-49ac-a97c-9c126973098b","f9618582-97b0-4f21-8b83-4ce574a071d7","NOGP_002.mammalGrid.mam","D09","NOGP","NOGP_002","I3","distributed","grasslandHerbaceous",46.799664,-100.910770,"WGS84",45.1,547.4,0.1,"6 - trap set and empty","ShermanXLK","2025-07-17","2025-07-17",,,,,,,,,,,,,,,,,,,,,,,,,,,,,,,,,,,,,,,,,,,,,"0009-0000-8940-8632","0009-0000-9880-3001",,,,,"7476c824-44ef-44a6-a7e1-4ae1d72dfdac"
"08316759-4e60-432a-a321-b480c100d126","b971c1d2-96f9-4981-84bc-c00829574e13","NOGP_014.mammalGrid.mam","D09","NOGP","NOGP_014","D4","distributed","grasslandHerbaceous",46.806003,-100.902845,"WGS84",45.1,526.4,0.1,"6 - trap set and empty","ShermanLF","2025-07-17","2025-07-17",,,,,,,,,,,,,,,,,,,,,,,,,,,,,,,,,,,,,,,,,,,,,"0009-0000-8940-8632","0009-0000-8940-8632",,,,,"aecf49e7-a8c9-43fa-8c3f-cc4d2a00d978"
"ded4195f-176e-4714-a508-7f62862b3898","b971c1d2-96f9-4981-84bc-c00829574e13","NOGP_014.mammalGrid.mam","D09","NOGP","NOGP_014","I7","distributed","grasslandHerbaceous",46.806003,-100.902845,"WGS84",45.1,526.4,0.1,"6 - trap set and empty","ShermanLF","2025-07-17","2025-07-17",,,,,,,,,,,,,,,,,,,,,,,,,,,,,,,,,,,,,,,,,,,,,"0009-0000-8940-8632","0009-0000-8940-8632",,,,,"0a251c50-b3f7-4876-a2cc-4e365ee91d77"
"01d24416-7724-4d1c-91a7-62ae89630cac","93734c59-4495-4e6d-b3d8-5787132af04b","NOGP_017.mammalGrid.mam","D09","NOGP","NOGP_017","F6","distributed","grasslandHerbaceous",46.791856,-100.918686,"WGS84",45.1,556.8,0.1,"6 - trap set and empty","ShermanXLK","2025-07-17","2025-07-17",,,,,,,,,,,,,,,,,,,,,,,,,,,,,,,,,,,,,,,,,,,,,"0009-0000-8940-8632","0009-0000-9880-3001",,,,,"9143905a-34b3-4736-9648-49c42be5b5e1"
"75e9d5fe-c859-4ad0-bc4e-8aac775a9deb","f9618582-97b0-4f21-8b83-4ce574a071d7","NOGP_002.mammalGrid.mam","D09","NOGP","NOGP_002","E9","distributed","grasslandHerbaceous",46.799664,-100.910770,"WGS84",45.1,547.4,0.1,"6 - trap set and empty","ShermanXLK","2025-07-17","2025-07-17",,,,,,,,,,,,,,,,,,,,,,,,,,,,,,,,,,,,,,,,,,,,,"0009-0000-8940-8632","0009-0000-9880-3001",,,,,"d7208f8d-8496-4894-8c53-f814435d51ea"
"4e7ca4b2-ff59-4704-806f-a0ab22a89e7e","b971c1d2-96f9-4981-84bc-c00829574e13","NOGP_014.mammalGrid.mam","D09","NOGP","NOGP_014","H8","distributed","grasslandHerbaceous",46.806003,-100.902845,"WGS84",45.1,526.4,0.1,"6 - trap set and empty","ShermanLF","2025-07-17","2025-07-17",,,,,,,,,,,,,,,,,,,,,,,,,,,,,,,,,,,,,,,,,,,,,"0009-0000-8940-8632","0009-0000-8940-8632",,,,,"57d56431-a4a0-4c9f-8905-9ed9dfc3a30e"
"e4bf563c-1d4b-4496-a1b8-6c5d9f8b6ac3","93734c59-4495-4e6d-b3d8-5787132af04b","NOGP_017.mammalGrid.mam","D09","NOGP","NOGP_017","B3","distributed","grasslandHerbaceous",46.791856,-100.918686,"WGS84",45.1,556.8,0.1,"5 - capture","ShermanXLK","2025-07-17","2025-07-17","NEON.MAM.D09.R8805",,"MIPE","Microtus pennsylvanicus","species",,,,,"N","M","Y","processed",,"adult","nonscrotal",,,,17,,,,32,"N","N","N",,"botflies","dry ice",,,,,,,,,,,,,,,"0009-0000-8940-8632","0009-0000-9880-3001",,,,,"2cc94b90-769c-4dfe-8fad-f8f06899df94"
"b6ce97c7-d1c8-40f4-9a34-4fdab5834753","93734c59-4495-4e6d-b3d8-5787132af04b","NOGP_017.mammalGrid.mam","D09","NOGP","NOGP_017","E1","distributed","grasslandHerbaceous",46.791856,-100.918686,"WGS84",45.1,556.8,0.1,"6 - trap set and empty","ShermanXLK","2025-07-17","2025-07-17",,,,,,,,,,,,,,,,,,,,,,,,,,,,,,,,,,,,,,,,,,,,,"0009-0000-8940-8632","0009-0000-9880-3001",,,,,"7bb3e24d-fa39-4ab7-a189-4da2fc44288b"
"711c1f82-dc76-41ff-b308-7ad2196e75f9","08013004-00a2-44c4-b817-0943370934d8","NOGP_005.mammalGrid.mam","D09","NOGP","NOGP_005","B1","distributed","grasslandHerbaceous",46.788065,-100.913882,"WGS84",45.1,562.2,0.1,"5 - capture","ShermanLF","2025-07-17","2025-07-17","NEON.MAM.D09.R8434",,"PELE","Peromyscus leucopus","species",,,,,"N","F","Y","processed",,"adult",,"enlarged","not",,21,,,,26,"N","N","N",,"none","dry ice",,,,,,,,,,,,,,,"0009-0006-6432-3978","0009-0002-2817-390X",,,,,"a9d8b669-a3ef-42e4-beac-20aef00b3954"
"73c097e2-08c0-4de1-9f80-9cc26cbbbede","f9618582-97b0-4f21-8b83-4ce574a071d7","NOGP_002.mammalGrid.mam","D09","NOGP","NOGP_002","G10","distributed","grasslandHerbaceous",46.799664,-100.910770,"WGS84",45.1,547.4,0.1,"5 - capture","ShermanXLK","2025-07-17","2025-07-17","NEON.MAM.D09.L8841",,"MIPE","Microtus pennsylvanicus","species",,,,,"N","M","Y","processed",,"adult","nonscrotal",,,,20,,,,41,"N","N","N",,"none","dry ice",,,,,,,,,,,,,,,"0009-0000-8940-8632","0009-0000-9880-3001",,,,,"159b64a8-c559-4fb1-817c-1318a023b640"
"2b06fc5a-a64c-4400-b7dc-a5e188c2d08f","b971c1d2-96f9-4981-84bc-c00829574e13","NOGP_014.mammalGrid.mam","D09","NOGP","NOGP_014","B9","distributed","grasslandHerbaceous",46.806003,-100.902845,"WGS84",45.1,526.4,0.1,"6 - trap set and empty","ShermanLF","2025-07-17","2025-07-17",,,,,,,,,,,,,,,,,,,,,,,,,,,,,,,,,,,,,,,,,,,,,"0009-0000-8940-8632","0009-0000-8940-8632",,,,,"32a9d56e-c603-48e7-97f6-e1dc64a1f83f"
"66bc0696-20c7-40cc-82bf-cd61f3f4c2fe","b971c1d2-96f9-4981-84bc-c00829574e13","NOGP_014.mammalGrid.mam","D09","NOGP","NOGP_014","B7","distributed","grasslandHerbaceous",46.806003,-100.902845,"WGS84",45.1,526.4,0.1,"6 - trap set and empty","ShermanLF","2025-07-17","2025-07-17",,,,,,,,,,,,,,,,,,,,,,,,,,,,,,,,,,,,,,,,,,,,,"0009-0000-8940-8632","0009-0000-8940-8632",,,,,"531cbf60-80aa-4b40-a11d-7790e0ff6f83"
"6b742ec9-27c2-4c61-8720-c2c880834d5f","08013004-00a2-44c4-b817-0943370934d8","NOGP_005.mammalGrid.mam","D09","NOGP","NOGP_005","B8","distributed","grasslandHerbaceous",46.788065,-100.913882,"WGS84",45.1,562.2,0.1,"6 - trap set and empty","ShermanLF","2025-07-17","2025-07-17",,,,,,,,,,,,,,,,,,,,,,,,,,,,,,,,,,,,,,,,,,,,,"0009-0006-6432-3978","0009-0002-2817-390X",,,,,"7e718c24-50b5-442d-86b7-722ae6674a97"
"3f06c818-42b2-4642-ae43-95007f34746e","f9618582-97b0-4f21-8b83-4ce574a071d7","NOGP_002.mammalGrid.mam","D09","NOGP","NOGP_002","D4","distributed","grasslandHerbaceous",46.799664,-100.910770,"WGS84",45.1,547.4,0.1,"6 - trap set and empty","ShermanXLK","2025-07-17","2025-07-17",,,,,,,,,,,,,,,,,,,,,,,,,,,,,,,,,,,,,,,,,,,,,"0009-0000-8940-8632","0009-0000-9880-3001",,,,,"3d5df341-dc03-4c91-97d6-fe85ae126655"
"3bb6b4d2-5619-4fa0-b8a3-27ed08836864","93734c59-4495-4e6d-b3d8-5787132af04b","NOGP_017.mammalGrid.mam","D09","NOGP","NOGP_017","D7","distributed","grasslandHerbaceous",46.791856,-100.918686,"WGS84",45.1,556.8,0.1,"6 - trap set and empty","ShermanXLK","2025-07-17","2025-07-17",,,,,,,,,,,,,,,,,,,,,,,,,,,,,,,,,,,,,,,,,,,,,"0009-0000-8940-8632","0009-0000-9880-3001",,,,,"0f9414e9-af5f-46f7-ba0b-dfd28fd007bb"
"5d76e437-d6d8-488a-a156-3137d0673a6d","b971c1d2-96f9-4981-84bc-c00829574e13","NOGP_014.mammalGrid.mam","D09","NOGP","NOGP_014","I1","distributed","grasslandHerbaceous",46.806003,-100.902845,"WGS84",45.1,526.4,0.1,"6 - trap set and empty","ShermanLF","2025-07-17","2025-07-17",,,,,,,,,,,,,,,,,,,,,,,,,,,,,,,,,,,,,,,,,,,,,"0009-0000-8940-8632","0009-0000-8940-8632",,,,,"b21bd1d4-411b-4ffa-8541-a4cbbd56bda0"
"2868f730-e547-4f90-abc0-572174f393bc","08013004-00a2-44c4-b817-0943370934d8","NOGP_005.mammalGrid.mam","D09","NOGP","NOGP_005","A10","distributed","grasslandHerbaceous",46.788065,-100.913882,"WGS84",45.1,562.2,0.1,"6 - trap set and empty","ShermanLF","2025-07-17","2025-07-17",,,,,,,,,,,,,,,,,,,,,,,,,,,,,,,,,,,,,,,,,,,,,"0009-0006-6432-3978","0009-0002-2817-390X",,,,,"ad0abd70-afe9-4026-aa84-cb5826406060"
"69e4436f-e71b-4174-875b-8c4022ebb404","b971c1d2-96f9-4981-84bc-c00829574e13","NOGP_014.mammalGrid.mam","D09","NOGP","NOGP_014","A10","distributed","grasslandHerbaceous",46.806003,-100.902845,"WGS84",45.1,526.4,0.1,"6 - trap set and empty","ShermanLF","2025-07-17","2025-07-17",,,,,,,,,,,,,,,,,,,,,,,,,,,,,,,,,,,,,,,,,,,,,"0009-0000-8940-8632","0009-0000-8940-8632",,,,,"d062db5e-aff7-4e3b-bdee-04716bfb1392"
"7edd4cbc-ae8e-42ee-b1f1-0426c01b9fea","f9618582-97b0-4f21-8b83-4ce574a071d7","NOGP_002.mammalGrid.mam","D09","NOGP","NOGP_002","C6","distributed","grasslandHerbaceous",46.799664,-100.910770,"WGS84",45.1,547.4,0.1,"6 - trap set and empty","ShermanXLK","2025-07-17","2025-07-17",,,,,,,,,,,,,,,,,,,,,,,,,,,,,,,,,,,,,,,,,,,,,"0009-0000-8940-8632","0009-0000-9880-3001",,,,,"b794bbc7-72a9-4f5d-9231-54ce222f2494"
"6c1f0afa-3ff8-4511-8fba-00a0718f7525","f9618582-97b0-4f21-8b83-4ce574a071d7","NOGP_002.mammalGrid.mam","D09","NOGP","NOGP_002","I7","distributed","grasslandHerbaceous",46.799664,-100.910770,"WGS84",45.1,547.4,0.1,"6 - trap set and empty","ShermanXLK","2025-07-17","2025-07-17",,,,,,,,,,,,,,,,,,,,,,,,,,,,,,,,,,,,,,,,,,,,,"0009-0000-8940-8632","0009-0000-9880-3001",,,,,"e1e34b6b-a421-4876-9293-0827b13bbcfb"
"59f1397b-7c76-4012-8f73-82b1c98526c7","08013004-00a2-44c4-b817-0943370934d8","NOGP_005.mammalGrid.mam","D09","NOGP","NOGP_005","H3","distributed","grasslandHerbaceous",46.788065,-100.913882,"WGS84",45.1,562.2,0.1,"5 - capture","ShermanLF","2025-07-17","2025-07-17","NEON.MAM.D09.R8313",,"PELE","Peromyscus leucopus","species",,,,,"N","M","Y","processed",,"adult","scrotal",,,,21,,,,27,"N","N","N",,"none","dry ice",,,,,,,,,,,,,,,"0009-0006-6432-3978","0009-0002-2817-390X",,,,,"11b5eb54-616b-4761-8ad8-1f44677afae2"
"1d489179-73da-4da5-b2e0-c7ad13deac5b","b971c1d2-96f9-4981-84bc-c00829574e13","NOGP_014.mammalGrid.mam","D09","NOGP","NOGP_014","E1","distributed","grasslandHerbaceous",46.806003,-100.902845,"WGS84",45.1,526.4,0.1,"6 - trap set and empty","ShermanLF","2025-07-17","2025-07-17",,,,,,,,,,,,,,,,,,,,,,,,,,,,,,,,,,,,,,,,,,,,,"0009-0000-8940-8632","0009-0000-8940-8632",,,,,"125edae7-b3f9-40fa-97b1-7c1f2ed7253e"
"0c989b3c-5eb3-4f62-90f2-81c6c12f0af5","08013004-00a2-44c4-b817-0943370934d8","NOGP_005.mammalGrid.mam","D09","NOGP","NOGP_005","F8","distributed","grasslandHerbaceous",46.788065,-100.913882,"WGS84",45.1,562.2,0.1,"5 - capture","ShermanLF","2025-07-17","2025-07-17","NEON.MAM.D09.R8450",,"ZAHU","Zapus hudsonius","species",,,,,"N","F","Y","processed",,"adult",,"nonenlarged","not","neither",30,,,,20,"N","N","N",,"none","dry ice",,,,,,,,,,,,,,,"0009-0006-6432-3978","0009-0002-2817-390X",,,,,"9194369a-0560-4409-a551-70188b159011"
"10b29913-6a55-4bc2-b3c5-3155207f9994","08013004-00a2-44c4-b817-0943370934d8","NOGP_005.mammalGrid.mam","D09","NOGP","NOGP_005","H2","distributed","grasslandHerbaceous",46.788065,-100.913882,"WGS84",45.1,562.2,0.1,"6 - trap set and empty","ShermanLF","2025-07-17","2025-07-17",,,,,,,,,,,,,,,,,,,,,,,,,,,,,,,,,,,,,,,,,,,,,"0009-0006-6432-3978","0009-0002-2817-390X",,,,,"b0ae6b54-a776-4585-94d9-524b534d24a7"
"0587ee69-9f4b-4b2e-8f00-c336a1facb40","b971c1d2-96f9-4981-84bc-c00829574e13","NOGP_014.mammalGrid.mam","D09","NOGP","NOGP_014","H6","distributed","grasslandHerbaceous",46.806003,-100.902845,"WGS84",45.1,526.4,0.1,"6 - trap set and empty","ShermanLF","2025-07-17","2025-07-17",,,,,,,,,,,,,,,,,,,,,,,,,,,,,,,,,,,,,,,,,,,,,"0009-0000-8940-8632","0009-0000-8940-8632",,,,,"e21f0d53-1d71-44f4-9146-6d9dfdfcf5eb"
"d6927d78-8a5c-4310-9aa8-bb7b65c2a167","f9618582-97b0-4f21-8b83-4ce574a071d7","NOGP_002.mammalGrid.mam","D09","NOGP","NOGP_002","H5","distributed","grasslandHerbaceous",46.799664,-100.910770,"WGS84",45.1,547.4,0.1,"6 - trap set and empty","ShermanXLK","2025-07-17","2025-07-17",,,,,,,,,,,,,,,,,,,,,,,,,,,,,,,,,,,,,,,,,,,,,"0009-0000-8940-8632","0009-0000-9880-3001",,,,,"47cd8c16-e5bb-41c0-a9ce-59091063d280"
"b1d3e666-4445-4790-ae41-d4e86f2bb987","08013004-00a2-44c4-b817-0943370934d8","NOGP_005.mammalGrid.mam","D09","NOGP","NOGP_005","I10","distributed","grasslandHerbaceous",46.788065,-100.913882,"WGS84",45.1,562.2,0.1,"6 - trap set and empty","ShermanLF","2025-07-17","2025-07-17",,,,,,,,,,,,,,,,,,,,,,,,,,,,,,,,,,,,,,,,,,,,,"0009-0006-6432-3978","0009-0002-2817-390X",,,,,"4a8fac57-1419-4f47-b7d2-59850d9a9b04"
"45fae008-95a3-48c9-b6d0-9d4b8022400d","f9618582-97b0-4f21-8b83-4ce574a071d7","NOGP_002.mammalGrid.mam","D09","NOGP","NOGP_002","B10","distributed","grasslandHerbaceous",46.799664,-100.910770,"WGS84",45.1,547.4,0.1,"6 - trap set and empty","ShermanXLK","2025-07-17","2025-07-17",,,,,,,,,,,,,,,,,,,,,,,,,,,,,,,,,,,,,,,,,,,,,"0009-0000-8940-8632","0009-0000-9880-3001",,,,,"9c9285f5-94e1-42e1-95c8-4f4f631c933d"
"fc8fd422-724b-4529-9454-dcb5e1fe46b7","b971c1d2-96f9-4981-84bc-c00829574e13","NOGP_014.mammalGrid.mam","D09","NOGP","NOGP_014","C6","distributed","grasslandHerbaceous",46.806003,-100.902845,"WGS84",45.1,526.4,0.1,"6 - trap set and empty","ShermanLF","2025-07-17","2025-07-17",,,,,,,,,,,,,,,,,,,,,,,,,,,,,,,,,,,,,,,,,,,,,"0009-0000-8940-8632","0009-0000-8940-8632",,,,,"c5211419-4f00-442c-b067-96e92e244fc4"
"1e7edcf3-b215-4c81-bfeb-53da4d233821","b971c1d2-96f9-4981-84bc-c00829574e13","NOGP_014.mammalGrid.mam","D09","NOGP","NOGP_014","E2","distributed","grasslandHerbaceous",46.806003,-100.902845,"WGS84",45.1,526.4,0.1,"6 - trap set and empty","ShermanLF","2025-07-17","2025-07-17",,,,,,,,,,,,,,,,,,,,,,,,,,,,,,,,,,,,,,,,,,,,,"0009-0000-8940-8632","0009-0000-8940-8632",,,,,"d34ef631-1248-4cf6-92f0-3a493818fe4a"
"b60603e6-d88e-4493-83cf-2ad7fcf88cf4","93734c59-4495-4e6d-b3d8-5787132af04b","NOGP_017.mammalGrid.mam","D09","NOGP","NOGP_017","E8","distributed","grasslandHerbaceous",46.791856,-100.918686,"WGS84",45.1,556.8,0.1,"6 - trap set and empty","ShermanXLK","2025-07-17","2025-07-17",,,,,,,,,,,,,,,,,,,,,,,,,,,,,,,,,,,,,,,,,,,,,"0009-0000-8940-8632","0009-0000-9880-3001",,,,,"d491a130-2202-40f0-b34f-b2057995e094"
"15790027-998b-4497-89b4-fef2988c09f8","b971c1d2-96f9-4981-84bc-c00829574e13","NOGP_014.mammalGrid.mam","D09","NOGP","NOGP_014","D6","distributed","grasslandHerbaceous",46.806003,-100.902845,"WGS84",45.1,526.4,0.1,"6 - trap set and empty","ShermanLF","2025-07-17","2025-07-17",,,,,,,,,,,,,,,,,,,,,,,,,,,,,,,,,,,,,,,,,,,,,"0009-0000-8940-8632","0009-0000-8940-8632",,,,,"df097c4a-3ea1-4d15-bea6-a2cc517e0b0b"
"b0e36857-1465-4132-9566-0f0845a86a12","f9618582-97b0-4f21-8b83-4ce574a071d7","NOGP_002.mammalGrid.mam","D09","NOGP","NOGP_002","C8","distributed","grasslandHerbaceous",46.799664,-100.910770,"WGS84",45.1,547.4,0.1,"6 - trap set and empty","ShermanXLK","2025-07-17","2025-07-17",,,,,,,,,,,,,,,,,,,,,,,,,,,,,,,,,,,,,,,,,,,,,"0009-0000-8940-8632","0009-0000-9880-3001",,,,,"5c7f768c-4702-4a81-a815-e2696e4ad998"
"baf566af-17c3-40a7-9e6b-4e14b4fc7fd8","93734c59-4495-4e6d-b3d8-5787132af04b","NOGP_017.mammalGrid.mam","D09","NOGP","NOGP_017","E3","distributed","grasslandHerbaceous",46.791856,-100.918686,"WGS84",45.1,556.8,0.1,"6 - trap set and empty","ShermanXLK","2025-07-17","2025-07-17",,,,,,,,,,,,,,,,,,,,,,,,,,,,,,,,,,,,,,,,,,,,,"0009-0000-8940-8632","0009-0000-9880-3001",,,,,"eefc0344-1842-4a2a-bb22-2a093d599c16"
"d72ae2ca-8e74-4985-8440-ec0ca3d0de01","f9618582-97b0-4f21-8b83-4ce574a071d7","NOGP_002.mammalGrid.mam","D09","NOGP","NOGP_002","E2","distributed","grasslandHerbaceous",46.799664,-100.910770,"WGS84",45.1,547.4,0.1,"6 - trap set and empty","ShermanXLK","2025-07-17","2025-07-17",,,,,,,,,,,,,,,,,,,,,,,,,,,,,,,,,,,,,,,,,,,,,"0009-0000-8940-8632","0009-0000-9880-3001",,,,,"f7385823-1e9d-4b95-a8df-176e2a1bc692"
"46ad1b3e-cb14-4554-9dee-10d34dd9a762","08013004-00a2-44c4-b817-0943370934d8","NOGP_005.mammalGrid.mam","D09","NOGP","NOGP_005","A2","distributed","grasslandHerbaceous",46.788065,-100.913882,"WGS84",45.1,562.2,0.1,"5 - capture","ShermanLF","2025-07-17","2025-07-17","NEON.MAM.D09.L9040",,"PELE","Peromyscus leucopus","species",,,,,"N","M","Y","processed",,"adult","scrotal",,,,21,,,,31,"N","N","N",,"botflies","dry ice",,,,,,,,,,,,,,,"0009-0006-6432-3978","0009-0002-2817-390X",,,,,"265d9852-675c-49ad-bbbf-52cdbd0266fc"
"d57bc5cb-90bf-417c-be3a-b49dceb82b12","93734c59-4495-4e6d-b3d8-5787132af04b","NOGP_017.mammalGrid.mam","D09","NOGP","NOGP_017","H2","distributed","grasslandHerbaceous",46.791856,-100.918686,"WGS84",45.1,556.8,0.1,"6 - trap set and empty","ShermanXLK","2025-07-17","2025-07-17",,,,,,,,,,,,,,,,,,,,,,,,,,,,,,,,,,,,,,,,,,,,,"0009-0000-8940-8632","0009-0000-9880-3001",,,,,"5a1cbc6f-804c-40d9-8e64-f9d3fc203939"
"a6bbbff0-0267-4e02-8a64-0d8f5f95a91b","b971c1d2-96f9-4981-84bc-c00829574e13","NOGP_014.mammalGrid.mam","D09","NOGP","NOGP_014","E9","distributed","grasslandHerbaceous",46.806003,-100.902845,"WGS84",45.1,526.4,0.1,"6 - trap set and empty","ShermanLF","2025-07-17","2025-07-17",,,,,,,,,,,,,,,,,,,,,,,,,,,,,,,,,,,,,,,,,,,,,"0009-0000-8940-8632","0009-0000-8940-8632",,,,,"5b53efa9-713d-4b45-8ff1-a63fb30d403a"
"442c1412-e42c-413c-9d40-ee35080285f1","08013004-00a2-44c4-b817-0943370934d8","NOGP_005.mammalGrid.mam","D09","NOGP","NOGP_005","E9","distributed","grasslandHerbaceous",46.788065,-100.913882,"WGS84",45.1,562.2,0.1,"5 - capture","ShermanLF","2025-07-17","2025-07-17","NEON.MAM.D09.L8800",,"PELE","Peromyscus leucopus","species","cf. species",,,,"N","M","Y","processed",,"adult","scrotal",,,,21,,,,19,"N","N","N",,"none","dry ice",,,,,,,,,,,,,,,"0009-0006-6432-3978","0009-0002-2817-390X",,,,,"480efd97-d0ea-4900-9e11-f89502602dea"
"50eeb53a-c06d-42d9-9ecd-63415c30780d","b971c1d2-96f9-4981-84bc-c00829574e13","NOGP_014.mammalGrid.mam","D09","NOGP","NOGP_014","B10","distributed","grasslandHerbaceous",46.806003,-100.902845,"WGS84",45.1,526.4,0.1,"6 - trap set and empty","ShermanLF","2025-07-17","2025-07-17",,,,,,,,,,,,,,,,,,,,,,,,,,,,,,,,,,,,,,,,,,,,,"0009-0000-8940-8632","0009-0000-8940-8632",,,,,"136d4ec7-8d1c-4f86-a517-a092e77397b4"
"e2aba01a-7f04-4d82-91d6-57820544c91b","93734c59-4495-4e6d-b3d8-5787132af04b","NOGP_017.mammalGrid.mam","D09","NOGP","NOGP_017","J3","distributed","grasslandHerbaceous",46.791856,-100.918686,"WGS84",45.1,556.8,0.1,"6 - trap set and empty","ShermanXLK","2025-07-17","2025-07-17",,,,,,,,,,,,,,,,,,,,,,,,,,,,,,,,,,,,,,,,,,,,,"0009-0000-8940-8632","0009-0000-9880-3001",,,,,"c8ffd94e-c45b-4a0e-be8e-32752690f1f3"
"31f79f84-213c-4264-9a56-556a6d0ae318","08013004-00a2-44c4-b817-0943370934d8","NOGP_005.mammalGrid.mam","D09","NOGP","NOGP_005","C10","distributed","grasslandHerbaceous",46.788065,-100.913882,"WGS84",45.1,562.2,0.1,"5 - capture","ShermanLF","2025-07-17","2025-07-17","NEON.MAM.D09.L8795",,"PEMA","Peromyscus maniculatus","species","cf. species",,,,"N","M","N","dead",,"adult","scrotal",,,,,,,,,"N","N","N",,"none","dry ice","NOGP.20250717.L8795.B","D00000199925","mandibular",,,,,,,,,,"NOGP.20250717.L8795.V","D00000247208","0009-0006-6432-3978","0009-0002-2817-390X",,,,,"093c2f9e-5de2-4b5b-87b7-7e61aca9110a"
"40f0ca46-b01c-4335-8937-5501e43ec330","b971c1d2-96f9-4981-84bc-c00829574e13","NOGP_014.mammalGrid.mam","D09","NOGP","NOGP_014","E10","distributed","grasslandHerbaceous",46.806003,-100.902845,"WGS84",45.1,526.4,0.1,"6 - trap set and empty","ShermanLF","2025-07-17","2025-07-17",,,,,,,,,,,,,,,,,,,,,,,,,,,,,,,,,,,,,,,,,,,,,"0009-0000-8940-8632","0009-0000-8940-8632",,,,,"4dd78ce3-2b1d-4ed0-a611-1707ebe644ee"
"e6a502e7-fd7e-417e-b9c1-c72e9f375c80","f9618582-97b0-4f21-8b83-4ce574a071d7","NOGP_002.mammalGrid.mam","D09","NOGP","NOGP_002","E7","distributed","grasslandHerbaceous",46.799664,-100.910770,"WGS84",45.1,547.4,0.1,"6 - trap set and empty","ShermanXLK","2025-07-17","2025-07-17",,,,,,,,,,,,,,,,,,,,,,,,,,,,,,,,,,,,,,,,,,,,,"0009-0000-8940-8632","0009-0000-9880-3001",,,,,"7d7710af-f58a-43c0-8ccd-df601f834aa9"
"aa148e71-9b5e-401b-b060-2da4387980e7","93734c59-4495-4e6d-b3d8-5787132af04b","NOGP_017.mammalGrid.mam","D09","NOGP","NOGP_017","I10","distributed","grasslandHerbaceous",46.791856,-100.918686,"WGS84",45.1,556.8,0.1,"6 - trap set and empty","ShermanXLK","2025-07-17","2025-07-17",,,,,,,,,,,,,,,,,,,,,,,,,,,,,,,,,,,,,,,,,,,,,"0009-0000-8940-8632","0009-0000-9880-3001",,,,,"736c30e5-7a99-4918-a6df-f1a6703da6fa"
"e593505d-fbf7-4020-9340-a8f9ce2cb2e2","08013004-00a2-44c4-b817-0943370934d8","NOGP_005.mammalGrid.mam","D09","NOGP","NOGP_005","J8","distributed","grasslandHerbaceous",46.788065,-100.913882,"WGS84",45.1,562.2,0.1,"6 - trap set and empty","ShermanLF","2025-07-17","2025-07-17",,,,,,,,,,,,,,,,,,,,,,,,,,,,,,,,,,,,,,,,,,,,,"0009-0006-6432-3978","0009-0002-2817-390X",,,,,"b925b6f9-037a-40c5-addb-30ebdd9eca47"
"ed27ee1c-eb7f-4cf5-a890-28641564dbc3","93734c59-4495-4e6d-b3d8-5787132af04b","NOGP_017.mammalGrid.mam","D09","NOGP","NOGP_017","I1","distributed","grasslandHerbaceous",46.791856,-100.918686,"WGS84",45.1,556.8,0.1,"6 - trap set and empty","ShermanXLK","2025-07-17","2025-07-17",,,,,,,,,,,,,,,,,,,,,,,,,,,,,,,,,,,,,,,,,,,,,"0009-0000-8940-8632","0009-0000-9880-3001",,,,,"2bc82b77-0c2e-4e35-965c-424c7224582d"
"13fe5f5f-aeef-49f5-8998-5eda4eb5bc85","93734c59-4495-4e6d-b3d8-5787132af04b","NOGP_017.mammalGrid.mam","D09","NOGP","NOGP_017","J8","distributed","grasslandHerbaceous",46.791856,-100.918686,"WGS84",45.1,556.8,0.1,"6 - trap set and empty","ShermanXLK","2025-07-17","2025-07-17",,,,,,,,,,,,,,,,,,,,,,,,,,,,,,,,,,,,,,,,,,,,,"0009-0000-8940-8632","0009-0000-9880-3001",,,,,"bcff4d91-4058-4d0e-a0ba-5b709cf746da"
"6783d0fe-85c4-409e-8e05-4e3b647f5a9b","93734c59-4495-4e6d-b3d8-5787132af04b","NOGP_017.mammalGrid.mam","D09","NOGP","NOGP_017","D5","distributed","grasslandHerbaceous",46.791856,-100.918686,"WGS84",45.1,556.8,0.1,"6 - trap set and empty","ShermanXLK","2025-07-17","2025-07-17",,,,,,,,,,,,,,,,,,,,,,,,,,,,,,,,,,,,,,,,,,,,,"0009-0000-8940-8632","0009-0000-9880-3001",,,,,"fe303e10-0cb6-435e-b45e-984e13f60e8f"
"124ab33d-93de-4a7a-972e-6b03b17da349","f9618582-97b0-4f21-8b83-4ce574a071d7","NOGP_002.mammalGrid.mam","D09","NOGP","NOGP_002","B9","distributed","grasslandHerbaceous",46.799664,-100.910770,"WGS84",45.1,547.4,0.1,"6 - trap set and empty","ShermanXLK","2025-07-17","2025-07-17",,,,,,,,,,,,,,,,,,,,,,,,,,,,,,,,,,,,,,,,,,,,,"0009-0000-8940-8632","0009-0000-9880-3001",,,,,"c11be621-d1be-495e-a83f-6568506c667b"
"fc22ef6b-c7c8-46fb-97c9-ef7ccc56b687","08013004-00a2-44c4-b817-0943370934d8","NOGP_005.mammalGrid.mam","D09","NOGP","NOGP_005","H9","distributed","grasslandHerbaceous",46.788065,-100.913882,"WGS84",45.1,562.2,0.1,"5 - capture","ShermanLF","2025-07-17","2025-07-17","NEON.MAM.D09.L9042",,"PELE","Peromyscus leucopus","species",,,,,"N","M","Y","processed",,"adult","scrotal",,,,21,,,,21,"N","N","N",,"none","dry ice",,,,,,,,,,,,,,,"0009-0006-6432-3978","0009-0002-2817-390X",,,,,"adb6a80d-e36f-4b41-aae8-388f7440c325"
"171510d3-83c6-4132-a98f-30d31645300d","08013004-00a2-44c4-b817-0943370934d8","NOGP_005.mammalGrid.mam","D09","NOGP","NOGP_005","B3","distributed","grasslandHerbaceous",46.788065,-100.913882,"WGS84",45.1,562.2,0.1,"5 - capture","ShermanLF","2025-07-17","2025-07-17","NEON.MAM.D09.R8796",,"PELE","Peromyscus leucopus","species",,,,,"N","M","N","processed",,"juvenile","nonscrotal",,"not",,18,,,,10,"N","N","N",,"none","dry ice",,,,,,,,,,,,,,,"0009-0006-6432-3978","0009-0002-2817-390X",,,,,"1b82f365-733b-4795-95a3-20fb8949f005"
"d94e9c32-b6cf-4647-8370-5c9cb360e147","93734c59-4495-4e6d-b3d8-5787132af04b","NOGP_017.mammalGrid.mam","D09","NOGP","NOGP_017","C5","distributed","grasslandHerbaceous",46.791856,-100.918686,"WGS84",45.1,556.8,0.1,"6 - trap set and empty","ShermanXLK","2025-07-17","2025-07-17",,,,,,,,,,,,,,,,,,,,,,,,,,,,,,,,,,,,,,,,,,,,,"0009-0000-8940-8632","0009-0000-9880-3001",,,,,"87ec8082-92bc-4d47-9aa9-a4391dcaecce"
"ecc4e8ec-7f01-4202-9c72-c97644cc73c3","08013004-00a2-44c4-b817-0943370934d8","NOGP_005.mammalGrid.mam","D09","NOGP","NOGP_005","C7","distributed","grasslandHerbaceous",46.788065,-100.913882,"WGS84",45.1,562.2,0.1,"5 - capture","ShermanLF","2025-07-17","2025-07-17","NEON.MAM.D09.R8344",,"PELE","Peromyscus leucopus","species",,,,,"N","M","Y","processed",,"adult","scrotal",,,,22,,,,32,"N","N","N",,"botflies","dry ice",,,,,,,,,,,,,,,"0009-0006-6432-3978","0009-0002-2817-390X",,,,,"177798eb-10fe-41e2-b54b-c58675612259"
"70a9a2e4-6a52-41f0-9dd2-0760e41d596d","08013004-00a2-44c4-b817-0943370934d8","NOGP_005.mammalGrid.mam","D09","NOGP","NOGP_005","A7","distributed","grasslandHerbaceous",46.788065,-100.913882,"WGS84",45.1,562.2,0.1,"5 - capture","ShermanLF","2025-07-17","2025-07-17","NEON.MAM.D09.L8797",,"PEMA","Peromyscus maniculatus","species",,,,,"N","F","N","processed",,"juvenile",,"nonenlarged","not","neither",16,,,,9,"N","N","N",,"none","dry ice",,,,,,,,"NOGP.20250717.L8797.E","D00000245685",,,,,,"0009-0006-6432-3978","0009-0002-2817-390X",,,,,"6806ccc0-425a-4fae-be8f-fdf443a4d93a"
"0a9913cd-c3dd-4a89-b6e0-009d4b2392fa","93734c59-4495-4e6d-b3d8-5787132af04b","NOGP_017.mammalGrid.mam","D09","NOGP","NOGP_017","H4","distributed","grasslandHerbaceous",46.791856,-100.918686,"WGS84",45.1,556.8,0.1,"6 - trap set and empty","ShermanXLK","2025-07-17","2025-07-17",,,,,,,,,,,,,,,,,,,,,,,,,,,,,,,,,,,,,,,,,,,,,"0009-0000-8940-8632","0009-0000-9880-3001",,,,,"3572b136-9b0b-4fee-b989-2733ba8b4339"
"cc0e165f-d70c-4292-8315-c5c5ece71dd1","93734c59-4495-4e6d-b3d8-5787132af04b","NOGP_017.mammalGrid.mam","D09","NOGP","NOGP_017","A9","distributed","grasslandHerbaceous",46.791856,-100.918686,"WGS84",45.1,556.8,0.1,"6 - trap set and empty","ShermanXLK","2025-07-17","2025-07-17",,,,,,,,,,,,,,,,,,,,,,,,,,,,,,,,,,,,,,,,,,,,,"0009-0000-8940-8632","0009-0000-9880-3001",,,,,"b1c8b285-d8b9-41dd-8524-045e34052946"
"4b08395b-ab21-4d6f-b6fc-404b5bf3951d","b971c1d2-96f9-4981-84bc-c00829574e13","NOGP_014.mammalGrid.mam","D09","NOGP","NOGP_014","F7","distributed","grasslandHerbaceous",46.806003,-100.902845,"WGS84",45.1,526.4,0.1,"6 - trap set and empty","ShermanLF","2025-07-17","2025-07-17",,,,,,,,,,,,,,,,,,,,,,,,,,,,,,,,,,,,,,,,,,,,,"0009-0000-8940-8632","0009-0000-8940-8632",,,,,"cda7c329-2d2d-4988-82af-a61fb708bbe9"
"0851ec85-7316-4b4f-9935-1eaf15164c67","b971c1d2-96f9-4981-84bc-c00829574e13","NOGP_014.mammalGrid.mam","D09","NOGP","NOGP_014","D7","distributed","grasslandHerbaceous",46.806003,-100.902845,"WGS84",45.1,526.4,0.1,"6 - trap set and empty","ShermanLF","2025-07-17","2025-07-17",,,,,,,,,,,,,,,,,,,,,,,,,,,,,,,,,,,,,,,,,,,,,"0009-0000-8940-8632","0009-0000-8940-8632",,,,,"379b9582-4a62-4dfe-9182-444aeccc91c6"
"3b27bdea-a7e6-449b-a799-8646246abb34","93734c59-4495-4e6d-b3d8-5787132af04b","NOGP_017.mammalGrid.mam","D09","NOGP","NOGP_017","E9","distributed","grasslandHerbaceous",46.791856,-100.918686,"WGS84",45.1,556.8,0.1,"6 - trap set and empty","ShermanXLK","2025-07-17","2025-07-17",,,,,,,,,,,,,,,,,,,,,,,,,,,,,,,,,,,,,,,,,,,,,"0009-0000-8940-8632","0009-0000-9880-3001",,,,,"6dc62c68-c6db-4835-aab4-0d0901060705"
"56f75543-a80a-4709-b353-e730b110de51","f9618582-97b0-4f21-8b83-4ce574a071d7","NOGP_002.mammalGrid.mam","D09","NOGP","NOGP_002","B3","distributed","grasslandHerbaceous",46.799664,-100.910770,"WGS84",45.1,547.4,0.1,"3 - trap door open or closed w/ spoor left","ShermanXLK","2025-07-17","2025-07-17",,,,,,,,,,,,,,,,,,,,,,,,,,,,,"did not check","dry ice",,,,,,,,,,,,,,,"0009-0000-8940-8632","0009-0000-9880-3001",,,,,"6ff4144e-02f1-4650-9fa0-2bc5e8b46282"
"4627e8ec-de3b-4872-abc0-2ead464422f0","08013004-00a2-44c4-b817-0943370934d8","NOGP_005.mammalGrid.mam","D09","NOGP","NOGP_005","I8","distributed","grasslandHerbaceous",46.788065,-100.913882,"WGS84",45.1,562.2,0.1,"5 - capture","ShermanLF","2025-07-17","2025-07-17","NEON.MAM.D09.L8793",,"ZAHU","Zapus hudsonius","species",,,,,"N","F","Y","processed",,"adult",,"nonenlarged","not","neither",30,,,,24,"N","N","N",,"none","dry ice",,,,,,,,,,,,,,,"0009-0006-6432-3978","0009-0002-2817-390X",,,,,"adada510-7151-4baf-bbf5-c1360cb93831"
"f3c31894-2689-4d90-b3f5-245490fbd0a0","b971c1d2-96f9-4981-84bc-c00829574e13","NOGP_014.mammalGrid.mam","D09","NOGP","NOGP_014","F3","distributed","grasslandHerbaceous",46.806003,-100.902845,"WGS84",45.1,526.4,0.1,"6 - trap set and empty","ShermanLF","2025-07-17","2025-07-17",,,,,,,,,,,,,,,,,,,,,,,,,,,,,,,,,,,,,,,,,,,,,"0009-0000-8940-8632","0009-0000-8940-8632",,,,,"ab3aa12c-46c3-4b29-8c2c-579ee44798d9"
"bea0fd7d-8fb2-44a6-afd4-9726db35197a","b971c1d2-96f9-4981-84bc-c00829574e13","NOGP_014.mammalGrid.mam","D09","NOGP","NOGP_014","H3","distributed","grasslandHerbaceous",46.806003,-100.902845,"WGS84",45.1,526.4,0.1,"6 - trap set and empty","ShermanLF","2025-07-17","2025-07-17",,,,,,,,,,,,,,,,,,,,,,,,,,,,,,,,,,,,,,,,,,,,,"0009-0000-8940-8632","0009-0000-8940-8632",,,,,"6a68312c-66cc-4985-ad6c-6348f5c576db"
"4130d6ca-fe82-453e-9996-7fdc2b57967a","93734c59-4495-4e6d-b3d8-5787132af04b","NOGP_017.mammalGrid.mam","D09","NOGP","NOGP_017","G2","distributed","grasslandHerbaceous",46.791856,-100.918686,"WGS84",45.1,556.8,0.1,"6 - trap set and empty","ShermanXLK","2025-07-17","2025-07-17",,,,,,,,,,,,,,,,,,,,,,,,,,,,,,,,,,,,,,,,,,,,,"0009-0000-8940-8632","0009-0000-9880-3001",,,,,"8333e6ab-6cee-4685-92e0-9dc44c97ea2e"
"88cbafdb-9132-4711-8133-f830f9f72217","08013004-00a2-44c4-b817-0943370934d8","NOGP_005.mammalGrid.mam","D09","NOGP","NOGP_005","F1","distributed","grasslandHerbaceous",46.788065,-100.913882,"WGS84",45.1,562.2,0.1,"6 - trap set and empty","ShermanLF","2025-07-17","2025-07-17",,,,,,,,,,,,,,,,,,,,,,,,,,,,,,,,,,,,,,,,,,,,,"0009-0006-6432-3978","0009-0002-2817-390X",,,,,"921ce01c-5748-4d66-9e56-bd4d16ad23b6"
"77f269e2-7863-4a3c-924e-fc4d79cdf6dc","b971c1d2-96f9-4981-84bc-c00829574e13","NOGP_014.mammalGrid.mam","D09","NOGP","NOGP_014","J3","distributed","grasslandHerbaceous",46.806003,-100.902845,"WGS84",45.1,526.4,0.1,"6 - trap set and empty","ShermanLF","2025-07-17","2025-07-17",,,,,,,,,,,,,,,,,,,,,,,,,,,,,,,,,,,,,,,,,,,,,"0009-0000-8940-8632","0009-0000-8940-8632",,,,,"bd6fd744-6c96-4def-9815-34f32e68dc35"
"576909c9-30ac-4311-90d0-f781d7b886a2","93734c59-4495-4e6d-b3d8-5787132af04b","NOGP_017.mammalGrid.mam","D09","NOGP","NOGP_017","C1","distributed","grasslandHerbaceous",46.791856,-100.918686,"WGS84",45.1,556.8,0.1,"6 - trap set and empty","ShermanXLK","2025-07-17","2025-07-17",,,,,,,,,,,,,,,,,,,,,,,,,,,,,,,,,,,,,,,,,,,,,"0009-0000-8940-8632","0009-0000-9880-3001",,,,,"a4d01b91-cd4a-462d-8168-e134d2c0164a"
"f2f2468d-a74e-461e-b374-e06624a3ed7c","b971c1d2-96f9-4981-84bc-c00829574e13","NOGP_014.mammalGrid.mam","D09","NOGP","NOGP_014","E6","distributed","grasslandHerbaceous",46.806003,-100.902845,"WGS84",45.1,526.4,0.1,"6 - trap set and empty","ShermanLF","2025-07-17","2025-07-17",,,,,,,,,,,,,,,,,,,,,,,,,,,,,,,,,,,,,,,,,,,,,"0009-0000-8940-8632","0009-0000-8940-8632",,,,,"150644cb-1ad2-48d0-8eb4-bc41a348fc0a"
"82266ea4-2bdc-4360-ab94-c9d734084c6e","b971c1d2-96f9-4981-84bc-c00829574e13","NOGP_014.mammalGrid.mam","D09","NOGP","NOGP_014","B5","distributed","grasslandHerbaceous",46.806003,-100.902845,"WGS84",45.1,526.4,0.1,"6 - trap set and empty","ShermanLF","2025-07-17","2025-07-17",,,,,,,,,,,,,,,,,,,,,,,,,,,,,,,,,,,,,,,,,,,,,"0009-0000-8940-8632","0009-0000-8940-8632",,,,,"d6007465-396f-4fb4-b159-8fe291a3be17"
"9e851e36-1c02-4998-bdc0-f5732b1472fc","93734c59-4495-4e6d-b3d8-5787132af04b","NOGP_017.mammalGrid.mam","D09","NOGP","NOGP_017","J6","distributed","grasslandHerbaceous",46.791856,-100.918686,"WGS84",45.1,556.8,0.1,"6 - trap set and empty","ShermanXLK","2025-07-17","2025-07-17",,,,,,,,,,,,,,,,,,,,,,,,,,,,,,,,,,,,,,,,,,,,,"0009-0000-8940-8632","0009-0000-9880-3001",,,,,"86de0ef8-9a61-4e3e-b80d-ff23ea4dd64f"
"0044f302-38f9-4234-81f3-1c5b27025a6b","08013004-00a2-44c4-b817-0943370934d8","NOGP_005.mammalGrid.mam","D09","NOGP","NOGP_005","H10","distributed","grasslandHerbaceous",46.788065,-100.913882,"WGS84",45.1,562.2,0.1,"3 - trap door open or closed w/ spoor left","ShermanLF","2025-07-17","2025-07-17",,,,,,,,,,,,,,,,,,,,,,,,,,,,,"did not check","dry ice",,,,,,,,,,,,,,,"0009-0006-6432-3978","0009-0002-2817-390X",,,,,"09a331ce-35d9-43e1-828f-203e51aaef11"
"a7a15d5c-9e41-411e-b73b-fb184a71b692","93734c59-4495-4e6d-b3d8-5787132af04b","NOGP_017.mammalGrid.mam","D09","NOGP","NOGP_017","A8","distributed","grasslandHerbaceous",46.791856,-100.918686,"WGS84",45.1,556.8,0.1,"6 - trap set and empty","ShermanXLK","2025-07-17","2025-07-17",,,,,,,,,,,,,,,,,,,,,,,,,,,,,,,,,,,,,,,,,,,,,"0009-0000-8940-8632","0009-0000-9880-3001",,,,,"4a61da78-2727-434c-ae1b-ca47a1f20794"
"2afb688d-11af-4c6e-8537-30b35a42cd0f","b971c1d2-96f9-4981-84bc-c00829574e13","NOGP_014.mammalGrid.mam","D09","NOGP","NOGP_014","G2","distributed","grasslandHerbaceous",46.806003,-100.902845,"WGS84",45.1,526.4,0.1,"6 - trap set and empty","ShermanLF","2025-07-17","2025-07-17",,,,,,,,,,,,,,,,,,,,,,,,,,,,,,,,,,,,,,,,,,,,,"0009-0000-8940-8632","0009-0000-8940-8632",,,,,"d7443d9f-1d4d-48b2-bca0-ca779b0bd870"
"aeffd5ca-ca5f-4e4f-b38d-01795d9fb6c1","93734c59-4495-4e6d-b3d8-5787132af04b","NOGP_017.mammalGrid.mam","D09","NOGP","NOGP_017","B1","distributed","grasslandHerbaceous",46.791856,-100.918686,"WGS84",45.1,556.8,0.1,"6 - trap set and empty","ShermanXLK","2025-07-17","2025-07-17",,,,,,,,,,,,,,,,,,,,,,,,,,,,,,,,,,,,,,,,,,,,,"0009-0000-8940-8632","0009-0000-9880-3001",,,,,"236f2074-3704-47d8-9f2d-a5ea365983f3"
"7c725676-ae37-402d-9ebd-a8a8e4edc743","08013004-00a2-44c4-b817-0943370934d8","NOGP_005.mammalGrid.mam","D09","NOGP","NOGP_005","D6","distributed","grasslandHerbaceous",46.788065,-100.913882,"WGS84",45.1,562.2,0.1,"6 - trap set and empty","ShermanLF","2025-07-17","2025-07-17",,,,,,,,,,,,,,,,,,,,,,,,,,,,,,,,,,,,,,,,,,,,,"0009-0006-6432-3978","0009-0002-2817-390X",,,,,"de8db480-025c-43d2-b568-3c76ed33e39a"
"a6a0c527-b4d4-4ac9-beb2-1490fd6afce0","b971c1d2-96f9-4981-84bc-c00829574e13","NOGP_014.mammalGrid.mam","D09","NOGP","NOGP_014","G6","distributed","grasslandHerbaceous",46.806003,-100.902845,"WGS84",45.1,526.4,0.1,"6 - trap set and empty","ShermanLF","2025-07-17","2025-07-17",,,,,,,,,,,,,,,,,,,,,,,,,,,,,,,,,,,,,,,,,,,,,"0009-0000-8940-8632","0009-0000-8940-8632",,,,,"7124c273-793c-4216-92d8-12fe87e1764e"
"bc6d266e-f0ae-4bcf-aea0-135728860884","b971c1d2-96f9-4981-84bc-c00829574e13","NOGP_014.mammalGrid.mam","D09","NOGP","NOGP_014","H4","distributed","grasslandHerbaceous",46.806003,-100.902845,"WGS84",45.1,526.4,0.1,"6 - trap set and empty","ShermanLF","2025-07-17","2025-07-17",,,,,,,,,,,,,,,,,,,,,,,,,,,,,,,,,,,,,,,,,,,,,"0009-0000-8940-8632","0009-0000-8940-8632",,,,,"b35444df-1a16-4e5b-b67e-cce642414df9"
"64836be8-eb9b-4af9-9f53-495b53ff78ea","b971c1d2-96f9-4981-84bc-c00829574e13","NOGP_014.mammalGrid.mam","D09","NOGP","NOGP_014","J4","distributed","grasslandHerbaceous",46.806003,-100.902845,"WGS84",45.1,526.4,0.1,"6 - trap set and empty","ShermanLF","2025-07-17","2025-07-17",,,,,,,,,,,,,,,,,,,,,,,,,,,,,,,,,,,,,,,,,,,,,"0009-0000-8940-8632","0009-0000-8940-8632",,,,,"0dacf9fa-6532-43c8-90d1-0df90a18ccd3"
"c1f66260-8f9d-4f08-a4dc-b4a802f1e5e4","f9618582-97b0-4f21-8b83-4ce574a071d7","NOGP_002.mammalGrid.mam","D09","NOGP","NOGP_002","J1","distributed","grasslandHerbaceous",46.799664,-100.910770,"WGS84",45.1,547.4,0.1,"5 - capture","ShermanXLK","2025-07-17","2025-07-17","NEON.MAM.D09.L9200",,"PELE","Peromyscus leucopus","species",,,,,"N","F","Y","processed",,"adult",,"nonenlarged","not","neither",19,,,,23,"N","N","N",,"none","dry ice",,,,,"NOGP.20250717.L9200.F","D00000245578","ok",,,,,,,,"0009-0000-8940-8632","0009-0000-9880-3001",,,,,"b3d8d9b3-33e1-44a5-8719-7aee81089f3c"
"0bce06ca-24b5-49be-b1b8-8ab5d5f52186","93734c59-4495-4e6d-b3d8-5787132af04b","NOGP_017.mammalGrid.mam","D09","NOGP","NOGP_017","H5","distributed","grasslandHerbaceous",46.791856,-100.918686,"WGS84",45.1,556.8,0.1,"6 - trap set and empty","ShermanXLK","2025-07-17","2025-07-17",,,,,,,,,,,,,,,,,,,,,,,,,,,,,,,,,,,,,,,,,,,,,"0009-0000-8940-8632","0009-0000-9880-3001",,,,,"d03ee295-d918-4685-b6d5-54cc98bf4d46"
"2a2a4d3f-67a7-4810-894c-af2cd70752e1","f9618582-97b0-4f21-8b83-4ce574a071d7","NOGP_002.mammalGrid.mam","D09","NOGP","NOGP_002","J8","distributed","grasslandHerbaceous",46.799664,-100.910770,"WGS84",45.1,547.4,0.1,"6 - trap set and empty","ShermanXLK","2025-07-17","2025-07-17",,,,,,,,,,,,,,,,,,,,,,,,,,,,,,,,,,,,,,,,,,,,,"0009-0000-8940-8632","0009-0000-9880-3001",,,,,"5a7c9153-79d7-4221-82f9-7a326563b113"
"567037b9-0daa-41ec-97b5-3c2458f7042f","f9618582-97b0-4f21-8b83-4ce574a071d7","NOGP_002.mammalGrid.mam","D09","NOGP","NOGP_002","J2","distributed","grasslandHerbaceous",46.799664,-100.910770,"WGS84",45.1,547.4,0.1,"6 - trap set and empty","ShermanXLK","2025-07-17","2025-07-17",,,,,,,,,,,,,,,,,,,,,,,,,,,,,,,,,,,,,,,,,,,,,"0009-0000-8940-8632","0009-0000-9880-3001",,,,,"b06b69cf-097f-45c4-895c-946ff5f98028"
"b9235720-047e-4f96-aaab-08f61a305cbe","b971c1d2-96f9-4981-84bc-c00829574e13","NOGP_014.mammalGrid.mam","D09","NOGP","NOGP_014","F6","distributed","grasslandHerbaceous",46.806003,-100.902845,"WGS84",45.1,526.4,0.1,"6 - trap set and empty","ShermanLF","2025-07-17","2025-07-17",,,,,,,,,,,,,,,,,,,,,,,,,,,,,,,,,,,,,,,,,,,,,"0009-0000-8940-8632","0009-0000-8940-8632",,,,,"a2071212-db8c-43aa-8dd4-6975e1f856a3"
"908a0f14-6685-4370-968a-1dc7f36a12c4","f9618582-97b0-4f21-8b83-4ce574a071d7","NOGP_002.mammalGrid.mam","D09","NOGP","NOGP_002","J10","distributed","grasslandHerbaceous",46.799664,-100.910770,"WGS84",45.1,547.4,0.1,"6 - trap set and empty","ShermanXLK","2025-07-17","2025-07-17",,,,,,,,,,,,,,,,,,,,,,,,,,,,,,,,,,,,,,,,,,,,,"0009-0000-8940-8632","0009-0000-9880-3001",,,,,"5dd75074-9e1e-484e-8287-fd8a67314555"
"e55b58b1-89c2-428e-b3f6-37a933acebda","08013004-00a2-44c4-b817-0943370934d8","NOGP_005.mammalGrid.mam","D09","NOGP","NOGP_005","J1","distributed","grasslandHerbaceous",46.788065,-100.913882,"WGS84",45.1,562.2,0.1,"6 - trap set and empty","ShermanLF","2025-07-17","2025-07-17",,,,,,,,,,,,,,,,,,,,,,,,,,,,,,,,,,,,,,,,,,,,,"0009-0006-6432-3978","0009-0002-2817-390X",,,,,"b20904ab-207e-48ba-825c-fe3814797347"
"21c62138-92c5-49dc-ab9d-687ba1dcc131","b971c1d2-96f9-4981-84bc-c00829574e13","NOGP_014.mammalGrid.mam","D09","NOGP","NOGP_014","H2","distributed","grasslandHerbaceous",46.806003,-100.902845,"WGS84",45.1,526.4,0.1,"6 - trap set and empty","ShermanLF","2025-07-17","2025-07-17",,,,,,,,,,,,,,,,,,,,,,,,,,,,,,,,,,,,,,,,,,,,,"0009-0000-8940-8632","0009-0000-8940-8632",,,,,"6376cfa7-751f-4f43-928e-87a5db964c4d"
"9982b035-aa66-4af8-a1ef-55698a1498be","08013004-00a2-44c4-b817-0943370934d8","NOGP_005.mammalGrid.mam","D09","NOGP","NOGP_005","F9","distributed","grasslandHerbaceous",46.788065,-100.913882,"WGS84",45.1,562.2,0.1,"5 - capture","ShermanLF","2025-07-17","2025-07-17","NEON.MAM.D09.R8404",,"PELE","Peromyscus leucopus","species",,,,,"N","M","Y","processed",,"adult","scrotal",,,,21,,,,32,"N","N","N",,"none","dry ice",,,,,,,,,,,,,,,"0009-0006-6432-3978","0009-0002-2817-390X",,,,,"f2b9045a-dc9b-421d-908f-0a8f40841cee"
"df10ab2f-d868-438f-bfa4-98628dc087dd","f9618582-97b0-4f21-8b83-4ce574a071d7","NOGP_002.mammalGrid.mam","D09","NOGP","NOGP_002","D8","distributed","grasslandHerbaceous",46.799664,-100.910770,"WGS84",45.1,547.4,0.1,"6 - trap set and empty","ShermanXLK","2025-07-17","2025-07-17",,,,,,,,,,,,,,,,,,,,,,,,,,,,,,,,,,,,,,,,,,,,,"0009-0000-8940-8632","0009-0000-9880-3001",,,,,"1124705c-65af-44a3-b356-2225f678c7b2"
"e464f304-bf44-49fe-a5c4-e8351e016c87","08013004-00a2-44c4-b817-0943370934d8","NOGP_005.mammalGrid.mam","D09","NOGP","NOGP_005","F5","distributed","grasslandHerbaceous",46.788065,-100.913882,"WGS84",45.1,562.2,0.1,"6 - trap set and empty","ShermanLF","2025-07-17","2025-07-17",,,,,,,,,,,,,,,,,,,,,,,,,,,,,,,,,,,,,,,,,,,,,"0009-0006-6432-3978","0009-0002-2817-390X",,,,,"6c905ca3-a81b-4795-b273-3374b9ea1c59"
"84930ac1-a9a6-478b-a8ba-bb2e76658fda","08013004-00a2-44c4-b817-0943370934d8","NOGP_005.mammalGrid.mam","D09","NOGP","NOGP_005","H4","distributed","grasslandHerbaceous",46.788065,-100.913882,"WGS84",45.1,562.2,0.1,"6 - trap set and empty","ShermanLF","2025-07-17","2025-07-17",,,,,,,,,,,,,,,,,,,,,,,,,,,,,,,,,,,,,,,,,,,,,"0009-0006-6432-3978","0009-0002-2817-390X",,,,,"2f7c892b-5dc1-433b-a382-08c623e2001c"
"d0b6d630-1313-4715-93c9-00b13b192e04","93734c59-4495-4e6d-b3d8-5787132af04b","NOGP_017.mammalGrid.mam","D09","NOGP","NOGP_017","H10","distributed","grasslandHerbaceous",46.791856,-100.918686,"WGS84",45.1,556.8,0.1,"6 - trap set and empty","ShermanXLK","2025-07-17","2025-07-17",,,,,,,,,,,,,,,,,,,,,,,,,,,,,,,,,,,,,,,,,,,,,"0009-0000-8940-8632","0009-0000-9880-3001",,,,,"3c88e32c-3c2c-49dc-b85f-cc9db75021f4"
"b0436e60-dec6-4339-af73-d67bfd64f5cc","08013004-00a2-44c4-b817-0943370934d8","NOGP_005.mammalGrid.mam","D09","NOGP","NOGP_005","D10","distributed","grasslandHerbaceous",46.788065,-100.913882,"WGS84",45.1,562.2,0.1,"6 - trap set and empty","ShermanLF","2025-07-17","2025-07-17",,,,,,,,,,,,,,,,,,,,,,,,,,,,,,,,,,,,,,,,,,,,,"0009-0006-6432-3978","0009-0002-2817-390X",,,,,"06caf152-2cb1-46ae-8b17-d1e39bb2ca4f"
"4dc18045-7a11-4ff2-ba39-321b8e217bce","b971c1d2-96f9-4981-84bc-c00829574e13","NOGP_014.mammalGrid.mam","D09","NOGP","NOGP_014","E5","distributed","grasslandHerbaceous",46.806003,-100.902845,"WGS84",45.1,526.4,0.1,"6 - trap set and empty","ShermanLF","2025-07-17","2025-07-17",,,,,,,,,,,,,,,,,,,,,,,,,,,,,,,,,,,,,,,,,,,,,"0009-0000-8940-8632","0009-0000-8940-8632",,,,,"b1522eec-7a09-4cb8-b33c-f45a433495f9"
"7e0106c9-e07c-42b7-9107-14d8efd4527a","f9618582-97b0-4f21-8b83-4ce574a071d7","NOGP_002.mammalGrid.mam","D09","NOGP","NOGP_002","I10","distributed","grasslandHerbaceous",46.799664,-100.910770,"WGS84",45.1,547.4,0.1,"6 - trap set and empty","ShermanXLK","2025-07-17","2025-07-17",,,,,,,,,,,,,,,,,,,,,,,,,,,,,,,,,,,,,,,,,,,,,"0009-0000-8940-8632","0009-0000-9880-3001",,,,,"93fbb7c3-e2f8-4cd7-99c3-d0428eb60d93"
"f06691a5-061c-4fa1-9cfb-0551bbef199b","f9618582-97b0-4f21-8b83-4ce574a071d7","NOGP_002.mammalGrid.mam","D09","NOGP","NOGP_002","G4","distributed","grasslandHerbaceous",46.799664,-100.910770,"WGS84",45.1,547.4,0.1,"6 - trap set and empty","ShermanXLK","2025-07-17","2025-07-17",,,,,,,,,,,,,,,,,,,,,,,,,,,,,,,,,,,,,,,,,,,,,"0009-0000-8940-8632","0009-0000-9880-3001",,,,,"9d0b0908-2c24-4e2a-a040-db7ec604c605"
"bbbdbbda-bf4e-4c9b-9743-f57da779d48b","f9618582-97b0-4f21-8b83-4ce574a071d7","NOGP_002.mammalGrid.mam","D09","NOGP","NOGP_002","E1","distributed","grasslandHerbaceous",46.799664,-100.910770,"WGS84",45.1,547.4,0.1,"6 - trap set and empty","ShermanXLK","2025-07-17","2025-07-17",,,,,,,,,,,,,,,,,,,,,,,,,,,,,,,,,,,,,,,,,,,,,"0009-0000-8940-8632","0009-0000-9880-3001",,,,,"7cb85b71-dee4-43f4-8bb0-0710205fa73f"
"52623635-9aa7-41e2-875b-e33b10ccde3c","93734c59-4495-4e6d-b3d8-5787132af04b","NOGP_017.mammalGrid.mam","D09","NOGP","NOGP_017","C10","distributed","grasslandHerbaceous",46.791856,-100.918686,"WGS84",45.1,556.8,0.1,"6 - trap set and empty","ShermanXLK","2025-07-17","2025-07-17",,,,,,,,,,,,,,,,,,,,,,,,,,,,,,,,,,,,,,,,,,,,,"0009-0000-8940-8632","0009-0000-9880-3001",,,,,"aae1f1f7-7290-4d99-bc28-f406ee0a6403"
"11523795-dcc2-488a-b534-0d8d53fa7e69","b971c1d2-96f9-4981-84bc-c00829574e13","NOGP_014.mammalGrid.mam","D09","NOGP","NOGP_014","F8","distributed","grasslandHerbaceous",46.806003,-100.902845,"WGS84",45.1,526.4,0.1,"6 - trap set and empty","ShermanLF","2025-07-17","2025-07-17",,,,,,,,,,,,,,,,,,,,,,,,,,,,,,,,,,,,,,,,,,,,,"0009-0000-8940-8632","0009-0000-8940-8632",,,,,"0796df9e-6f52-4105-94dc-a12f9ba40f80"
"a495a9a5-df56-46f6-82ab-64d4e1d5efbc","b971c1d2-96f9-4981-84bc-c00829574e13","NOGP_014.mammalGrid.mam","D09","NOGP","NOGP_014","C1","distributed","grasslandHerbaceous",46.806003,-100.902845,"WGS84",45.1,526.4,0.1,"6 - trap set and empty","ShermanLF","2025-07-17","2025-07-17",,,,,,,,,,,,,,,,,,,,,,,,,,,,,,,,,,,,,,,,,,,,,"0009-0000-8940-8632","0009-0000-8940-8632",,,,,"0d8f015a-320c-4845-8066-13a1bdd01bb3"
"ed10afc1-6126-4f3a-a859-3fdc2a309e99","93734c59-4495-4e6d-b3d8-5787132af04b","NOGP_017.mammalGrid.mam","D09","NOGP","NOGP_017","A3","distributed","grasslandHerbaceous",46.791856,-100.918686,"WGS84",45.1,556.8,0.1,"5 - capture","ShermanXLK","2025-07-17","2025-07-17","NEON.MAM.D09.L9193",,"PELE","Peromyscus leucopus","species",,,,,"N","M","Y","processed",,"adult","scrotal",,,,21,,,,23,"N","N","N",,"fleas","dry ice",,,,,"NOGP.20250717.L9193.F","D00000245989","ok",,,,,,,,"0009-0000-8940-8632","0009-0000-9880-3001",,,,,"6708ce44-48f4-4a9c-b5fe-2002b84701df"
"c9b4f610-d6d1-49c5-a541-9fcd0b94a492","08013004-00a2-44c4-b817-0943370934d8","NOGP_005.mammalGrid.mam","D09","NOGP","NOGP_005","G8","distributed","grasslandHerbaceous",46.788065,-100.913882,"WGS84",45.1,562.2,0.1,"3 - trap door open or closed w/ spoor left","ShermanLF","2025-07-17","2025-07-17",,,,,,,,,,,,,,,,,,,,,,,,,,,,,"did not check","dry ice",,,,,,,,,,,,,,,"0009-0006-6432-3978","0009-0002-2817-390X",,,,,"4e97f302-befe-4581-b54c-e554e0607414"
"c05b394b-d850-4787-b4cf-b2fa6e49c3b3","b971c1d2-96f9-4981-84bc-c00829574e13","NOGP_014.mammalGrid.mam","D09","NOGP","NOGP_014","B6","distributed","grasslandHerbaceous",46.806003,-100.902845,"WGS84",45.1,526.4,0.1,"6 - trap set and empty","ShermanLF","2025-07-17","2025-07-17",,,,,,,,,,,,,,,,,,,,,,,,,,,,,,,,,,,,,,,,,,,,,"0009-0000-8940-8632","0009-0000-8940-8632",,,,,"5e0caafd-69a2-4493-959e-1a4642538c6e"
"24a9ffd7-84f6-43b2-b5fd-8d0d667f6295","b971c1d2-96f9-4981-84bc-c00829574e13","NOGP_014.mammalGrid.mam","D09","NOGP","NOGP_014","F1","distributed","grasslandHerbaceous",46.806003,-100.902845,"WGS84",45.1,526.4,0.1,"6 - trap set and empty","ShermanLF","2025-07-17","2025-07-17",,,,,,,,,,,,,,,,,,,,,,,,,,,,,,,,,,,,,,,,,,,,,"0009-0000-8940-8632","0009-0000-8940-8632",,,,,"7089816a-c4e4-4958-89bc-dbda76983f34"
"4f86760f-f365-4be8-99a4-b791cdac89fc","b971c1d2-96f9-4981-84bc-c00829574e13","NOGP_014.mammalGrid.mam","D09","NOGP","NOGP_014","C4","distributed","grasslandHerbaceous",46.806003,-100.902845,"WGS84",45.1,526.4,0.1,"6 - trap set and empty","ShermanLF","2025-07-17","2025-07-17",,,,,,,,,,,,,,,,,,,,,,,,,,,,,,,,,,,,,,,,,,,,,"0009-0000-8940-8632","0009-0000-8940-8632",,,,,"dfaad250-2252-42ac-bb5a-496a420f7bf7"
"abed7183-ec25-41e9-ad25-b0f7627d5ebf","08013004-00a2-44c4-b817-0943370934d8","NOGP_005.mammalGrid.mam","D09","NOGP","NOGP_005","H1","distributed","grasslandHerbaceous",46.788065,-100.913882,"WGS84",45.1,562.2,0.1,"6 - trap set and empty","ShermanLF","2025-07-17","2025-07-17",,,,,,,,,,,,,,,,,,,,,,,,,,,,,,,,,,,,,,,,,,,,,"0009-0006-6432-3978","0009-0002-2817-390X",,,,,"102e0e92-b81a-47b0-9a0f-65726ba3f683"
"ce77a2e3-0a5e-4dc3-85ea-f0297d7d037d","b971c1d2-96f9-4981-84bc-c00829574e13","NOGP_014.mammalGrid.mam","D09","NOGP","NOGP_014","G1","distributed","grasslandHerbaceous",46.806003,-100.902845,"WGS84",45.1,526.4,0.1,"6 - trap set and empty","ShermanLF","2025-07-17","2025-07-17",,,,,,,,,,,,,,,,,,,,,,,,,,,,,,,,,,,,,,,,,,,,,"0009-0000-8940-8632","0009-0000-8940-8632",,,,,"57cc9d27-7a15-4af5-9be0-2b475b998b8b"
"7104d89c-bde5-4ebb-83b7-8dd639775b43","08013004-00a2-44c4-b817-0943370934d8","NOGP_005.mammalGrid.mam","D09","NOGP","NOGP_005","H8","distributed","grasslandHerbaceous",46.788065,-100.913882,"WGS84",45.1,562.2,0.1,"5 - capture","ShermanLF","2025-07-17","2025-07-17","NEON.MAM.D09.L8794",,"PEMA","Peromyscus maniculatus","species","cf. species",,,,"N","F","N","processed",,"subadult",,"nonenlarged","not","neither",19,,,,15,"N","N","N",,"fleas","dry ice","NOGP.20250717.L8794.B","D00000199862","mandibular",,,,,"NOGP.20250717.L8794.E","D00000199910",,,,,,"0009-0006-6432-3978","0009-0002-2817-390X",,,,,"5740d6fd-867d-49d4-b440-6450335219ff"
"b3940d92-e057-4b30-9218-7725a16b36cb","b971c1d2-96f9-4981-84bc-c00829574e13","NOGP_014.mammalGrid.mam","D09","NOGP","NOGP_014","J2","distributed","grasslandHerbaceous",46.806003,-100.902845,"WGS84",45.1,526.4,0.1,"6 - trap set and empty","ShermanLF","2025-07-17","2025-07-17",,,,,,,,,,,,,,,,,,,,,,,,,,,,,,,,,,,,,,,,,,,,,"0009-0000-8940-8632","0009-0000-8940-8632",,,,,"44b3a8fd-5f97-4268-9f6a-4cbdf1d9948b"
"07d499f4-ae5c-4cbd-a156-1f3470f5a750","93734c59-4495-4e6d-b3d8-5787132af04b","NOGP_017.mammalGrid.mam","D09","NOGP","NOGP_017","I8","distributed","grasslandHerbaceous",46.791856,-100.918686,"WGS84",45.1,556.8,0.1,"6 - trap set and empty","ShermanXLK","2025-07-17","2025-07-17",,,,,,,,,,,,,,,,,,,,,,,,,,,,,,,,,,,,,,,,,,,,,"0009-0000-8940-8632","0009-0000-9880-3001",,,,,"5847043a-9d32-4a74-8f85-02f787d1cb25"
"36f83fb4-d22a-4924-9b45-8f48b9753e32","08013004-00a2-44c4-b817-0943370934d8","NOGP_005.mammalGrid.mam","D09","NOGP","NOGP_005","C2","distributed","grasslandHerbaceous",46.788065,-100.913882,"WGS84",45.1,562.2,0.1,"5 - capture","ShermanLF","2025-07-17","2025-07-17","NEON.MAM.D09.R8457",,"PELE","Peromyscus leucopus","species",,,,,"N","F","Y","processed",,"adult",,"enlarged",,"neither",20,,,,30,"N","N","N",,"none","dry ice",,,,,,,,,,,,,,,"0009-0006-6432-3978","0009-0002-2817-390X",,,,,"5705fd48-d719-4d67-8654-4e00b20fcce8"
"23dd66d6-bb94-4644-b346-e79dd05cb9c4","f9618582-97b0-4f21-8b83-4ce574a071d7","NOGP_002.mammalGrid.mam","D09","NOGP","NOGP_002","F1","distributed","grasslandHerbaceous",46.799664,-100.910770,"WGS84",45.1,547.4,0.1,"6 - trap set and empty","ShermanXLK","2025-07-17","2025-07-17",,,,,,,,,,,,,,,,,,,,,,,,,,,,,,,,,,,,,,,,,,,,,"0009-0000-8940-8632","0009-0000-9880-3001",,,,,"c7ceafac-47e3-41f7-9627-a58810bfc2d4"
"2b37719a-006f-4eb2-8a4a-24c233e8b407","93734c59-4495-4e6d-b3d8-5787132af04b","NOGP_017.mammalGrid.mam","D09","NOGP","NOGP_017","B8","distributed","grasslandHerbaceous",46.791856,-100.918686,"WGS84",45.1,556.8,0.1,"6 - trap set and empty","ShermanXLK","2025-07-17","2025-07-17",,,,,,,,,,,,,,,,,,,,,,,,,,,,,,,,,,,,,,,,,,,,,"0009-0000-8940-8632","0009-0000-9880-3001",,,,,"c2ab9339-4724-4d8b-ace2-3aedcdbf0f56"
"02e04b52-4a45-41eb-aba4-13effb90d607","93734c59-4495-4e6d-b3d8-5787132af04b","NOGP_017.mammalGrid.mam","D09","NOGP","NOGP_017","I2","distributed","grasslandHerbaceous",46.791856,-100.918686,"WGS84",45.1,556.8,0.1,"6 - trap set and empty","ShermanXLK","2025-07-17","2025-07-17",,,,,,,,,,,,,,,,,,,,,,,,,,,,,,,,,,,,,,,,,,,,,"0009-0000-8940-8632","0009-0000-9880-3001",,,,,"f50493f7-39be-4768-9d5c-e8fc468a57d0"
"63e94517-0bcf-4a36-ad65-05d4ab3001bc","08013004-00a2-44c4-b817-0943370934d8","NOGP_005.mammalGrid.mam","D09","NOGP","NOGP_005","C8","distributed","grasslandHerbaceous",46.788065,-100.913882,"WGS84",45.1,562.2,0.1,"6 - trap set and empty","ShermanLF","2025-07-17","2025-07-17",,,,,,,,,,,,,,,,,,,,,,,,,,,,,,,,,,,,,,,,,,,,,"0009-0006-6432-3978","0009-0002-2817-390X",,,,,"efff3d51-03f0-4fc7-a560-c28d93da0277"
"5e9d69e1-e880-4cf2-8c6c-4bfbf7efbbb8","b971c1d2-96f9-4981-84bc-c00829574e13","NOGP_014.mammalGrid.mam","D09","NOGP","NOGP_014","A6","distributed","grasslandHerbaceous",46.806003,-100.902845,"WGS84",45.1,526.4,0.1,"6 - trap set and empty","ShermanLF","2025-07-17","2025-07-17",,,,,,,,,,,,,,,,,,,,,,,,,,,,,,,,,,,,,,,,,,,,,"0009-0000-8940-8632","0009-0000-8940-8632",,,,,"04b7dab8-db51-43b9-9c9a-75d71b7a9665"
"3167e67c-cb6a-4d5f-8dd1-3cbe0d56cca8","93734c59-4495-4e6d-b3d8-5787132af04b","NOGP_017.mammalGrid.mam","D09","NOGP","NOGP_017","J2","distributed","grasslandHerbaceous",46.791856,-100.918686,"WGS84",45.1,556.8,0.1,"5 - capture","ShermanXLK","2025-07-17","2025-07-17","NEON.MAM.D09.R8833",,"REME","Reithrodontomys megalotis","species",,,,,"N","M","Y","processed",,"adult","nonscrotal",,,,16,,,,11,"N","N","N",,"none","dry ice",,,,,"NOGP.20250717.R8833.F","D00000245996","ok",,,,,,,,"0009-0000-8940-8632","0009-0000-9880-3001",,,,,"e9abe792-cea8-4e9a-99c0-c55c157e318a"
"c5edeb69-35ad-452b-b726-309ad20f6c5d","f9618582-97b0-4f21-8b83-4ce574a071d7","NOGP_002.mammalGrid.mam","D09","NOGP","NOGP_002","E4","distributed","grasslandHerbaceous",46.799664,-100.910770,"WGS84",45.1,547.4,0.1,"6 - trap set and empty","ShermanXLK","2025-07-17","2025-07-17",,,,,,,,,,,,,,,,,,,,,,,,,,,,,,,,,,,,,,,,,,,,,"0009-0000-8940-8632","0009-0000-9880-3001",,,,,"b7577e75-936e-4d06-8ed0-12a33c37b711"
"0daf2a52-1785-4391-b0c4-398c9be62494","b971c1d2-96f9-4981-84bc-c00829574e13","NOGP_014.mammalGrid.mam","D09","NOGP","NOGP_014","J7","distributed","grasslandHerbaceous",46.806003,-100.902845,"WGS84",45.1,526.4,0.1,"6 - trap set and empty","ShermanLF","2025-07-17","2025-07-17",,,,,,,,,,,,,,,,,,,,,,,,,,,,,,,,,,,,,,,,,,,,,"0009-0000-8940-8632","0009-0000-8940-8632",,,,,"7f6e4732-2510-4cc9-851e-85156350b311"
"5ec2188b-27e9-4012-987a-70cae1fbe41e","93734c59-4495-4e6d-b3d8-5787132af04b","NOGP_017.mammalGrid.mam","D09","NOGP","NOGP_017","F2","distributed","grasslandHerbaceous",46.791856,-100.918686,"WGS84",45.1,556.8,0.1,"6 - trap set and empty","ShermanXLK","2025-07-17","2025-07-17",,,,,,,,,,,,,,,,,,,,,,,,,,,,,,,,,,,,,,,,,,,,,"0009-0000-8940-8632","0009-0000-9880-3001",,,,,"b987dff5-3e09-4108-92ce-c88014df050f"
"607f6adf-ee21-4471-8806-d7ad8620e731","f9618582-97b0-4f21-8b83-4ce574a071d7","NOGP_002.mammalGrid.mam","D09","NOGP","NOGP_002","D1","distributed","grasslandHerbaceous",46.799664,-100.910770,"WGS84",45.1,547.4,0.1,"6 - trap set and empty","ShermanXLK","2025-07-17","2025-07-17",,,,,,,,,,,,,,,,,,,,,,,,,,,,,,,,,,,,,,,,,,,,,"0009-0000-8940-8632","0009-0000-9880-3001",,,,,"e21940e7-b124-43b0-9c28-dd547bf51fb8"
"c5bff5e8-ade2-4019-af38-d229d96bf7e3","93734c59-4495-4e6d-b3d8-5787132af04b","NOGP_017.mammalGrid.mam","D09","NOGP","NOGP_017","D1","distributed","grasslandHerbaceous",46.791856,-100.918686,"WGS84",45.1,556.8,0.1,"6 - trap set and empty","ShermanXLK","2025-07-17","2025-07-17",,,,,,,,,,,,,,,,,,,,,,,,,,,,,,,,,,,,,,,,,,,,,"0009-0000-8940-8632","0009-0000-9880-3001",,,,,"639993b8-325a-4e60-a7be-ecc4965e42c0"
"8bfdc5f8-18ba-4034-a9c3-36393b43aefc","08013004-00a2-44c4-b817-0943370934d8","NOGP_005.mammalGrid.mam","D09","NOGP","NOGP_005","C1","distributed","grasslandHerbaceous",46.788065,-100.913882,"WGS84",45.1,562.2,0.1,"5 - capture","ShermanLF","2025-07-17","2025-07-17","NEON.MAM.D09.R8776",,"PELE","Peromyscus leucopus","species",,,,,"N","M","N","processed",,"adult","scrotal",,,,22,,,,31,"N","N","N",,"none","dry ice","NOGP.20250717.R8776.B","D00000245379","mandibular - QNS","<10",,,,,,,,,,,"0009-0006-6432-3978","0009-0002-2817-390X",,,,,"2c6c17a8-e8e8-490a-a329-85449502167b"
"f19ddb4e-e28c-4f78-b033-be1804506008","b971c1d2-96f9-4981-84bc-c00829574e13","NOGP_014.mammalGrid.mam","D09","NOGP","NOGP_014","B3","distributed","grasslandHerbaceous",46.806003,-100.902845,"WGS84",45.1,526.4,0.1,"6 - trap set and empty","ShermanLF","2025-07-17","2025-07-17",,,,,,,,,,,,,,,,,,,,,,,,,,,,,,,,,,,,,,,,,,,,,"0009-0000-8940-8632","0009-0000-8940-8632",,,,,"711626e9-d000-4b8b-a462-97118358f6fa"
"e17f238a-1544-401b-8547-4f8e90e7a045","08013004-00a2-44c4-b817-0943370934d8","NOGP_005.mammalGrid.mam","D09","NOGP","NOGP_005","A9","distributed","grasslandHerbaceous",46.788065,-100.913882,"WGS84",45.1,562.2,0.1,"6 - trap set and empty","ShermanLF","2025-07-17","2025-07-17",,,,,,,,,,,,,,,,,,,,,,,,,,,,,,,,,,,,,,,,,,,,,"0009-0006-6432-3978","0009-0002-2817-390X",,,,,"725d5aab-e01d-4f12-a7bf-a39661c37803"
"922eacaf-16e3-47f7-a6ed-3dcb0798d89f","93734c59-4495-4e6d-b3d8-5787132af04b","NOGP_017.mammalGrid.mam","D09","NOGP","NOGP_017","C3","distributed","grasslandHerbaceous",46.791856,-100.918686,"WGS84",45.1,556.8,0.1,"6 - trap set and empty","ShermanXLK","2025-07-17","2025-07-17",,,,,,,,,,,,,,,,,,,,,,,,,,,,,,,,,,,,,,,,,,,,,"0009-0000-8940-8632","0009-0000-9880-3001",,,,,"c408748e-5363-45e2-b22f-ceafd532fe96"
"bbd06d33-a2ad-4fe0-9a2d-c7c5a83d88fb","08013004-00a2-44c4-b817-0943370934d8","NOGP_005.mammalGrid.mam","D09","NOGP","NOGP_005","D7","distributed","grasslandHerbaceous",46.788065,-100.913882,"WGS84",45.1,562.2,0.1,"5 - capture","ShermanLF","2025-07-17","2025-07-17","NEON.MAM.D09.R8317",,"ZAHU","Zapus hudsonius","species",,,,,"N","M","Y","processed",,"adult","scrotal",,"not",,31,,,,21,"N","N","N",,"none","dry ice",,,,,,,,,,,,,,,"0009-0006-6432-3978","0009-0002-2817-390X",,,,,"573eaa20-8e7c-421f-9d21-2135524ea5d1"
"4ba92861-1ded-4774-a270-2760ae5e387a","08013004-00a2-44c4-b817-0943370934d8","NOGP_005.mammalGrid.mam","D09","NOGP","NOGP_005","E2","distributed","grasslandHerbaceous",46.788065,-100.913882,"WGS84",45.1,562.2,0.1,"6 - trap set and empty","ShermanLF","2025-07-17","2025-07-17",,,,,,,,,,,,,,,,,,,,,,,,,,,,,,,,,,,,,,,,,,,,,"0009-0006-6432-3978","0009-0002-2817-390X",,,,,"11e715f9-4f7c-4ac3-b3f6-22ca9a59617d"
"5a89b718-37ad-4d7b-97f9-b684c21017d6","08013004-00a2-44c4-b817-0943370934d8","NOGP_005.mammalGrid.mam","D09","NOGP","NOGP_005","I7","distributed","grasslandHerbaceous",46.788065,-100.913882,"WGS84",45.1,562.2,0.1,"6 - trap set and empty","ShermanLF","2025-07-17","2025-07-17",,,,,,,,,,,,,,,,,,,,,,,,,,,,,,,,,,,,,,,,,,,,,"0009-0006-6432-3978","0009-0002-2817-390X",,,,,"a0f5c961-620b-4188-90b0-c750b66031d0"
"1e59636e-6172-4c68-826e-efe8e0819496","93734c59-4495-4e6d-b3d8-5787132af04b","NOGP_017.mammalGrid.mam","D09","NOGP","NOGP_017","I3","distributed","grasslandHerbaceous",46.791856,-100.918686,"WGS84",45.1,556.8,0.1,"6 - trap set and empty","ShermanXLK","2025-07-17","2025-07-17",,,,,,,,,,,,,,,,,,,,,,,,,,,,,,,,,,,,,,,,,,,,,"0009-0000-8940-8632","0009-0000-9880-3001",,,,,"e8b663d4-7564-49b7-8fdd-0af840df3a1a"
"f7dfb11d-abba-46f0-ac47-83fb78bd36a7","f9618582-97b0-4f21-8b83-4ce574a071d7","NOGP_002.mammalGrid.mam","D09","NOGP","NOGP_002","G8","distributed","grasslandHerbaceous",46.799664,-100.910770,"WGS84",45.1,547.4,0.1,"6 - trap set and empty","ShermanXLK","2025-07-17","2025-07-17",,,,,,,,,,,,,,,,,,,,,,,,,,,,,,,,,,,,,,,,,,,,,"0009-0000-8940-8632","0009-0000-9880-3001",,,,,"76968b32-2b0b-43ea-8364-8d4d898e5d60"
"79368f2e-2c25-4d33-85dc-cd6f6ed31b0f","b971c1d2-96f9-4981-84bc-c00829574e13","NOGP_014.mammalGrid.mam","D09","NOGP","NOGP_014","B8","distributed","grasslandHerbaceous",46.806003,-100.902845,"WGS84",45.1,526.4,0.1,"6 - trap set and empty","ShermanLF","2025-07-17","2025-07-17",,,,,,,,,,,,,,,,,,,,,,,,,,,,,,,,,,,,,,,,,,,,,"0009-0000-8940-8632","0009-0000-8940-8632",,,,,"6dcb08b3-c60c-4030-90ff-5ea973609b40"
"94240232-509e-4ee1-bf1c-2de9c875ffc1","b971c1d2-96f9-4981-84bc-c00829574e13","NOGP_014.mammalGrid.mam","D09","NOGP","NOGP_014","I8","distributed","grasslandHerbaceous",46.806003,-100.902845,"WGS84",45.1,526.4,0.1,"6 - trap set and empty","ShermanLF","2025-07-17","2025-07-17",,,,,,,,,,,,,,,,,,,,,,,,,,,,,,,,,,,,,,,,,,,,,"0009-0000-8940-8632","0009-0000-8940-8632",,,,,"b8f58f0d-0f1d-4efd-a081-75ff234412ed"
"274ad191-3fb0-4dc7-a1e0-30743acebdeb","93734c59-4495-4e6d-b3d8-5787132af04b","NOGP_017.mammalGrid.mam","D09","NOGP","NOGP_017","C8","distributed","grasslandHerbaceous",46.791856,-100.918686,"WGS84",45.1,556.8,0.1,"6 - trap set and empty","ShermanXLK","2025-07-17","2025-07-17",,,,,,,,,,,,,,,,,,,,,,,,,,,,,,,,,,,,,,,,,,,,,"0009-0000-8940-8632","0009-0000-9880-3001",,,,,"95458948-81d9-416a-ab34-76756728da20"
"b9b7c30c-f302-45e7-ac5b-eac375548cea","b971c1d2-96f9-4981-84bc-c00829574e13","NOGP_014.mammalGrid.mam","D09","NOGP","NOGP_014","E3","distributed","grasslandHerbaceous",46.806003,-100.902845,"WGS84",45.1,526.4,0.1,"6 - trap set and empty","ShermanLF","2025-07-17","2025-07-17",,,,,,,,,,,,,,,,,,,,,,,,,,,,,,,,,,,,,,,,,,,,,"0009-0000-8940-8632","0009-0000-8940-8632",,,,,"b0983498-7e27-4919-b6c7-4459244a5c34"
"6094eb4d-9b79-4ebf-82b2-e9cd39abafc2","b971c1d2-96f9-4981-84bc-c00829574e13","NOGP_014.mammalGrid.mam","D09","NOGP","NOGP_014","C3","distributed","grasslandHerbaceous",46.806003,-100.902845,"WGS84",45.1,526.4,0.1,"6 - trap set and empty","ShermanLF","2025-07-17","2025-07-17",,,,,,,,,,,,,,,,,,,,,,,,,,,,,,,,,,,,,,,,,,,,,"0009-0000-8940-8632","0009-0000-8940-8632",,,,,"d7cdfad3-f638-4f3e-a399-68ee5b6247db"
"ca286cfe-27b3-40fb-8432-28fc459077fb","f9618582-97b0-4f21-8b83-4ce574a071d7","NOGP_002.mammalGrid.mam","D09","NOGP","NOGP_002","D3","distributed","grasslandHerbaceous",46.799664,-100.910770,"WGS84",45.1,547.4,0.1,"6 - trap set and empty","ShermanXLK","2025-07-17","2025-07-17",,,,,,,,,,,,,,,,,,,,,,,,,,,,,,,,,,,,,,,,,,,,,"0009-0000-8940-8632","0009-0000-9880-3001",,,,,"42b0e909-21ee-4c4a-9319-c1208419f748"
"932b62d6-fa2f-4f4c-8908-93ec03e4f41d","f9618582-97b0-4f21-8b83-4ce574a071d7","NOGP_002.mammalGrid.mam","D09","NOGP","NOGP_002","B6","distributed","grasslandHerbaceous",46.799664,-100.910770,"WGS84",45.1,547.4,0.1,"6 - trap set and empty","ShermanXLK","2025-07-17","2025-07-17",,,,,,,,,,,,,,,,,,,,,,,,,,,,,,,,,,,,,,,,,,,,,"0009-0000-8940-8632","0009-0000-9880-3001",,,,,"60aa25ef-6898-4642-bee7-6a96c008fe83"
"b19a3770-a9a8-4e8d-b68b-388d57ac989d","f9618582-97b0-4f21-8b83-4ce574a071d7","NOGP_002.mammalGrid.mam","D09","NOGP","NOGP_002","D6","distributed","grasslandHerbaceous",46.799664,-100.910770,"WGS84",45.1,547.4,0.1,"6 - trap set and empty","ShermanXLK","2025-07-17","2025-07-17",,,,,,,,,,,,,,,,,,,,,,,,,,,,,,,,,,,,,,,,,,,,,"0009-0000-8940-8632","0009-0000-9880-3001",,,,,"c2cc0c93-3b18-43cd-b97c-fa8731eb0704"
"9afc5bde-3566-4b7f-b2ff-fbe70e7bafad","f9618582-97b0-4f21-8b83-4ce574a071d7","NOGP_002.mammalGrid.mam","D09","NOGP","NOGP_002","H4","distributed","grasslandHerbaceous",46.799664,-100.910770,"WGS84",45.1,547.4,0.1,"6 - trap set and empty","ShermanXLK","2025-07-17","2025-07-17",,,,,,,,,,,,,,,,,,,,,,,,,,,,,,,,,,,,,,,,,,,,,"0009-0000-8940-8632","0009-0000-9880-3001",,,,,"37268d4c-477a-4cb7-95d5-76e8cb0dbf54"
"40ff9799-304f-4f3c-8016-f1c4155ffb51","93734c59-4495-4e6d-b3d8-5787132af04b","NOGP_017.mammalGrid.mam","D09","NOGP","NOGP_017","H1","distributed","grasslandHerbaceous",46.791856,-100.918686,"WGS84",45.1,556.8,0.1,"6 - trap set and empty","ShermanXLK","2025-07-17","2025-07-17",,,,,,,,,,,,,,,,,,,,,,,,,,,,,,,,,,,,,,,,,,,,,"0009-0000-8940-8632","0009-0000-9880-3001",,,,,"b8670c7b-0986-4da5-9c16-64c42de787a0"
"0f0f56fd-b4f1-4dc9-8346-d3938973e37a","b971c1d2-96f9-4981-84bc-c00829574e13","NOGP_014.mammalGrid.mam","D09","NOGP","NOGP_014","J5","distributed","grasslandHerbaceous",46.806003,-100.902845,"WGS84",45.1,526.4,0.1,"6 - trap set and empty","ShermanLF","2025-07-17","2025-07-17",,,,,,,,,,,,,,,,,,,,,,,,,,,,,,,,,,,,,,,,,,,,,"0009-0000-8940-8632","0009-0000-8940-8632",,,,,"98cdb0fd-31cc-4e3e-a053-34ac7d2b7094"
"f448836c-cbef-4c0d-a150-d58c2f8272a3","93734c59-4495-4e6d-b3d8-5787132af04b","NOGP_017.mammalGrid.mam","D09","NOGP","NOGP_017","J1","distributed","grasslandHerbaceous",46.791856,-100.918686,"WGS84",45.1,556.8,0.1,"5 - capture","ShermanXLK","2025-07-17","2025-07-17","NEON.MAM.D09.R8837",,"MIPE","Microtus pennsylvanicus","species",,,,,"N","M","N","processed",,"adult","scrotal",,,,18,,,,30,"Y","Y","N","1-5","fleas and botflies","dry ice",,,"unsuccessful",,,,,,,,,,,,"0009-0000-8940-8632","0009-0000-9880-3001",,,,,"e24bc3c4-a3f2-4f2e-9c25-f2f1df301b4c"
"157980cf-e3d2-44f3-9b39-d252af9da8ce","f9618582-97b0-4f21-8b83-4ce574a071d7","NOGP_002.mammalGrid.mam","D09","NOGP","NOGP_002","D5","distributed","grasslandHerbaceous",46.799664,-100.910770,"WGS84",45.1,547.4,0.1,"6 - trap set and empty","ShermanXLK","2025-07-17","2025-07-17",,,,,,,,,,,,,,,,,,,,,,,,,,,,,,,,,,,,,,,,,,,,,"0009-0000-8940-8632","0009-0000-9880-3001",,,,,"09a2cfe4-ef8d-44a6-97fc-d471b41e86ff"
"06c5b4c0-0c9b-40da-ba2b-08f004d3a072","b971c1d2-96f9-4981-84bc-c00829574e13","NOGP_014.mammalGrid.mam","D09","NOGP","NOGP_014","C7","distributed","grasslandHerbaceous",46.806003,-100.902845,"WGS84",45.1,526.4,0.1,"6 - trap set and empty","ShermanLF","2025-07-17","2025-07-17",,,,,,,,,,,,,,,,,,,,,,,,,,,,,,,,,,,,,,,,,,,,,"0009-0000-8940-8632","0009-0000-8940-8632",,,,,"2df4277f-fe22-4ffc-a82a-d47e074dc616"
"760ee93f-221c-4e43-bd5c-61a304cfd3c2","b971c1d2-96f9-4981-84bc-c00829574e13","NOGP_014.mammalGrid.mam","D09","NOGP","NOGP_014","J6","distributed","grasslandHerbaceous",46.806003,-100.902845,"WGS84",45.1,526.4,0.1,"6 - trap set and empty","ShermanLF","2025-07-17","2025-07-17",,,,,,,,,,,,,,,,,,,,,,,,,,,,,,,,,,,,,,,,,,,,,"0009-0000-8940-8632","0009-0000-8940-8632",,,,,"d66fdf65-121d-475f-8e8c-065aed5e8f47"
"b55ef618-7f60-4b5b-948c-7571e8e805a6","93734c59-4495-4e6d-b3d8-5787132af04b","NOGP_017.mammalGrid.mam","D09","NOGP","NOGP_017","C2","distributed","grasslandHerbaceous",46.791856,-100.918686,"WGS84",45.1,556.8,0.1,"6 - trap set and empty","ShermanXLK","2025-07-17","2025-07-17",,,,,,,,,,,,,,,,,,,,,,,,,,,,,,,,,,,,,,,,,,,,,"0009-0000-8940-8632","0009-0000-9880-3001",,,,,"dc36e58c-38a8-47bb-aa62-9b3ecd6a5f4a"
"fa16b859-26ec-4cb9-934d-8d4ef7691e50","b971c1d2-96f9-4981-84bc-c00829574e13","NOGP_014.mammalGrid.mam","D09","NOGP","NOGP_014","A4","distributed","grasslandHerbaceous",46.806003,-100.902845,"WGS84",45.1,526.4,0.1,"6 - trap set and empty","ShermanLF","2025-07-17","2025-07-17",,,,,,,,,,,,,,,,,,,,,,,,,,,,,,,,,,,,,,,,,,,,,"0009-0000-8940-8632","0009-0000-8940-8632",,,,,"af5b8acb-1b14-456b-9dbd-e0df08f0c490"
"0207e80f-8518-4da8-93fc-bdf63d02cc62","08013004-00a2-44c4-b817-0943370934d8","NOGP_005.mammalGrid.mam","D09","NOGP","NOGP_005","G4","distributed","grasslandHerbaceous",46.788065,-100.913882,"WGS84",45.1,562.2,0.1,"6 - trap set and empty","ShermanLF","2025-07-17","2025-07-17",,,,,,,,,,,,,,,,,,,,,,,,,,,,,,,,,,,,,,,,,,,,,"0009-0006-6432-3978","0009-0002-2817-390X",,,,,"7533f756-3a98-4153-ad1e-816a061bb227"
"f015d6b8-267c-49d8-b4c7-ef42781805ba","08013004-00a2-44c4-b817-0943370934d8","NOGP_005.mammalGrid.mam","D09","NOGP","NOGP_005","G9","distributed","grasslandHerbaceous",46.788065,-100.913882,"WGS84",45.1,562.2,0.1,"5 - capture","ShermanLF","2025-07-17","2025-07-17","NEON.MAM.D09.L8308",,"PELE","Peromyscus leucopus","species",,,,,"N","M","Y","processed",,"adult","scrotal",,,,21,,,,19,"N","N","N",,"none","dry ice",,,,,,,,,,,,,,,"0009-0006-6432-3978","0009-0002-2817-390X",,,,,"8a5b553e-9cf4-4182-8629-772c64fbc6c0"
"1a30eda7-ac8a-4b1f-8e02-aaba35ebe17c","b971c1d2-96f9-4981-84bc-c00829574e13","NOGP_014.mammalGrid.mam","D09","NOGP","NOGP_014","A1","distributed","grasslandHerbaceous",46.806003,-100.902845,"WGS84",45.1,526.4,0.1,"6 - trap set and empty","ShermanLF","2025-07-17","2025-07-17",,,,,,,,,,,,,,,,,,,,,,,,,,,,,,,,,,,,,,,,,,,,,"0009-0000-8940-8632","0009-0000-8940-8632",,,,,"9df4ea82-ce02-4b0f-bb9f-1ed907a8e182"
"7d6648f7-7663-4483-93d2-195085050f02","93734c59-4495-4e6d-b3d8-5787132af04b","NOGP_017.mammalGrid.mam","D09","NOGP","NOGP_017","H6","distributed","grasslandHerbaceous",46.791856,-100.918686,"WGS84",45.1,556.8,0.1,"6 - trap set and empty","ShermanXLK","2025-07-17","2025-07-17",,,,,,,,,,,,,,,,,,,,,,,,,,,,,,,,,,,,,,,,,,,,,"0009-0000-8940-8632","0009-0000-9880-3001",,,,,"73014374-1b92-4398-b42f-1826bfd91a9b"
"292e6c42-02dc-43e9-a7d2-8ef8eb923d8e","f9618582-97b0-4f21-8b83-4ce574a071d7","NOGP_002.mammalGrid.mam","D09","NOGP","NOGP_002","A9","distributed","grasslandHerbaceous",46.799664,-100.910770,"WGS84",45.1,547.4,0.1,"6 - trap set and empty","ShermanXLK","2025-07-17","2025-07-17",,,,,,,,,,,,,,,,,,,,,,,,,,,,,,,,,,,,,,,,,,,,,"0009-0000-8940-8632","0009-0000-9880-3001",,,,,"7081ae4c-2d53-4f4b-8d2d-244db61f0b22"
"4e934231-cd43-49db-8b3d-e53d81a26081","f9618582-97b0-4f21-8b83-4ce574a071d7","NOGP_002.mammalGrid.mam","D09","NOGP","NOGP_002","F5","distributed","grasslandHerbaceous",46.799664,-100.910770,"WGS84",45.1,547.4,0.1,"6 - trap set and empty","ShermanXLK","2025-07-17","2025-07-17",,,,,,,,,,,,,,,,,,,,,,,,,,,,,,,,,,,,,,,,,,,,,"0009-0000-8940-8632","0009-0000-9880-3001",,,,,"de244566-ef21-4453-abc4-bbe711147931"
"d09f7c11-a6dc-48eb-b1e2-3a4ee11ca08e","f9618582-97b0-4f21-8b83-4ce574a071d7","NOGP_002.mammalGrid.mam","D09","NOGP","NOGP_002","I6","distributed","grasslandHerbaceous",46.799664,-100.910770,"WGS84",45.1,547.4,0.1,"6 - trap set and empty","ShermanXLK","2025-07-17","2025-07-17",,,,,,,,,,,,,,,,,,,,,,,,,,,,,,,,,,,,,,,,,,,,,"0009-0000-8940-8632","0009-0000-9880-3001",,,,,"1957c7a7-664e-4a45-95db-99bfad862465"
"4b5317a1-370e-4ad2-ab3d-0cf7d42fa6a7","08013004-00a2-44c4-b817-0943370934d8","NOGP_005.mammalGrid.mam","D09","NOGP","NOGP_005","G7","distributed","grasslandHerbaceous",46.788065,-100.913882,"WGS84",45.1,562.2,0.1,"6 - trap set and empty","ShermanLF","2025-07-17","2025-07-17",,,,,,,,,,,,,,,,,,,,,,,,,,,,,,,,,,,,,,,,,,,,,"0009-0006-6432-3978","0009-0002-2817-390X",,,,,"d4bcd736-a533-42e4-957c-0767fafb73c8"
"64009681-5b8b-4450-ad0b-9741d3d3c7a2","f9618582-97b0-4f21-8b83-4ce574a071d7","NOGP_002.mammalGrid.mam","D09","NOGP","NOGP_002","B2","distributed","grasslandHerbaceous",46.799664,-100.910770,"WGS84",45.1,547.4,0.1,"6 - trap set and empty","ShermanXLK","2025-07-17","2025-07-17",,,,,,,,,,,,,,,,,,,,,,,,,,,,,,,,,,,,,,,,,,,,,"0009-0000-8940-8632","0009-0000-9880-3001",,,,,"1a2f87bb-9fa4-4461-a070-8a7fd28e34fb"
"74e2475a-ae74-4810-9ad8-9e4b41762fbe","93734c59-4495-4e6d-b3d8-5787132af04b","NOGP_017.mammalGrid.mam","D09","NOGP","NOGP_017","F10","distributed","grasslandHerbaceous",46.791856,-100.918686,"WGS84",45.1,556.8,0.1,"6 - trap set and empty","ShermanXLK","2025-07-17","2025-07-17",,,,,,,,,,,,,,,,,,,,,,,,,,,,,,,,,,,,,,,,,,,,,"0009-0000-8940-8632","0009-0000-9880-3001",,,,,"ed7e6d1e-3068-4514-baeb-5da58e34978a"
"307f163e-7a13-45ba-96c0-a4d4adb93fb9","08013004-00a2-44c4-b817-0943370934d8","NOGP_005.mammalGrid.mam","D09","NOGP","NOGP_005","G2","distributed","grasslandHerbaceous",46.788065,-100.913882,"WGS84",45.1,562.2,0.1,"3 - trap door open or closed w/ spoor left","ShermanLF","2025-07-17","2025-07-17",,,,,,,,,,,,,,,,,,,,,,,,,,,,,"did not check","dry ice",,,,,,,,,,,,,,,"0009-0006-6432-3978","0009-0002-2817-390X",,,,,"87b8a52d-804c-4f9d-b4ad-4a9812c8ecc8"
"d57a66e6-b38f-4196-b7f7-233e440989af","f9618582-97b0-4f21-8b83-4ce574a071d7","NOGP_002.mammalGrid.mam","D09","NOGP","NOGP_002","J7","distributed","grasslandHerbaceous",46.799664,-100.910770,"WGS84",45.1,547.4,0.1,"6 - trap set and empty","ShermanXLK","2025-07-17","2025-07-17",,,,,,,,,,,,,,,,,,,,,,,,,,,,,,,,,,,,,,,,,,,,,"0009-0000-8940-8632","0009-0000-9880-3001",,,,,"025cca9c-0c67-4b0c-8523-1e8a61869c17"
"42d31f66-3846-4a2b-a979-f9fcadcb439a","93734c59-4495-4e6d-b3d8-5787132af04b","NOGP_017.mammalGrid.mam","D09","NOGP","NOGP_017","F4","distributed","grasslandHerbaceous",46.791856,-100.918686,"WGS84",45.1,556.8,0.1,"5 - capture","ShermanXLK","2025-07-17","2025-07-17","NEON.MAM.D09.R9187",,"MIPE","Microtus pennsylvanicus","species",,,,,"N","M","Y","processed",,"adult","scrotal",,,,19,,,,36,"N","N","N",,"botflies","dry ice",,,,,,,,,,,,,,,"0009-0000-8940-8632","0009-0000-9880-3001",,,,,"17b0362c-3e1e-4b30-98ca-3447a632efcb"
"9ab27173-3586-4b74-af03-5b48e5ebbfbb","f9618582-97b0-4f21-8b83-4ce574a071d7","NOGP_002.mammalGrid.mam","D09","NOGP","NOGP_002","B8","distributed","grasslandHerbaceous",46.799664,-100.910770,"WGS84",45.1,547.4,0.1,"6 - trap set and empty","ShermanXLK","2025-07-17","2025-07-17",,,,,,,,,,,,,,,,,,,,,,,,,,,,,,,,,,,,,,,,,,,,,"0009-0000-8940-8632","0009-0000-9880-3001",,,,,"1d7c0f9b-3bd9-4646-a290-56b4a8bcdaac"
"183adcd3-2b4d-4c4d-ad12-3747921cccfe","b971c1d2-96f9-4981-84bc-c00829574e13","NOGP_014.mammalGrid.mam","D09","NOGP","NOGP_014","D1","distributed","grasslandHerbaceous",46.806003,-100.902845,"WGS84",45.1,526.4,0.1,"6 - trap set and empty","ShermanLF","2025-07-17","2025-07-17",,,,,,,,,,,,,,,,,,,,,,,,,,,,,,,,,,,,,,,,,,,,,"0009-0000-8940-8632","0009-0000-8940-8632",,,,,"f25141ec-febc-443e-8e04-34a5cf901f7c"
"a59c76ec-d338-4a5b-b5e0-7a2618156555","f9618582-97b0-4f21-8b83-4ce574a071d7","NOGP_002.mammalGrid.mam","D09","NOGP","NOGP_002","F7","distributed","grasslandHerbaceous",46.799664,-100.910770,"WGS84",45.1,547.4,0.1,"6 - trap set and empty","ShermanXLK","2025-07-17","2025-07-17",,,,,,,,,,,,,,,,,,,,,,,,,,,,,,,,,,,,,,,,,,,,,"0009-0000-8940-8632","0009-0000-9880-3001",,,,,"a9e46528-070e-4cc6-8367-28d554470977"
"4fda9604-94e3-4555-a7b5-bcc25a4941f7","b971c1d2-96f9-4981-84bc-c00829574e13","NOGP_014.mammalGrid.mam","D09","NOGP","NOGP_014","F5","distributed","grasslandHerbaceous",46.806003,-100.902845,"WGS84",45.1,526.4,0.1,"6 - trap set and empty","ShermanLF","2025-07-17","2025-07-17",,,,,,,,,,,,,,,,,,,,,,,,,,,,,,,,,,,,,,,,,,,,,"0009-0000-8940-8632","0009-0000-8940-8632",,,,,"b8753eeb-260b-4d70-9cfa-8d008072d636"
"b375715b-89d8-402a-b82b-cbe2943232be","08013004-00a2-44c4-b817-0943370934d8","NOGP_005.mammalGrid.mam","D09","NOGP","NOGP_005","D3","distributed","grasslandHerbaceous",46.788065,-100.913882,"WGS84",45.1,562.2,0.1,"6 - trap set and empty","ShermanLF","2025-07-17","2025-07-17",,,,,,,,,,,,,,,,,,,,,,,,,,,,,,,,,,,,,,,,,,,,,"0009-0006-6432-3978","0009-0002-2817-390X",,,,,"038c9e07-1658-4078-a857-1e73e6b9b6bb"
"474e6f51-d8e4-49e8-8922-6a6fea576639","f9618582-97b0-4f21-8b83-4ce574a071d7","NOGP_002.mammalGrid.mam","D09","NOGP","NOGP_002","A4","distributed","grasslandHerbaceous",46.799664,-100.910770,"WGS84",45.1,547.4,0.1,"2 - trap disturbed/door closed but empty","ShermanXLK","2025-07-17","2025-07-17",,,,,,,,,,,,,,,,,,,,,,,,,,,,,"did not check","dry ice",,,,,,,,,,,,,,,"0009-0000-8940-8632","0009-0000-9880-3001",,,,,"708691c5-ef67-4f8f-a0b8-2de4c2ed8360"
"307da576-5d4b-4281-972c-d620536fa6ac","08013004-00a2-44c4-b817-0943370934d8","NOGP_005.mammalGrid.mam","D09","NOGP","NOGP_005","I6","distributed","grasslandHerbaceous",46.788065,-100.913882,"WGS84",45.1,562.2,0.1,"6 - trap set and empty","ShermanLF","2025-07-17","2025-07-17",,,,,,,,,,,,,,,,,,,,,,,,,,,,,,,,,,,,,,,,,,,,,"0009-0006-6432-3978","0009-0002-2817-390X",,,,,"a0cd41c8-7111-4569-b6a5-2fc357734cfc"
"4ceaf1a1-23b0-4758-9540-9cd6300ae268","93734c59-4495-4e6d-b3d8-5787132af04b","NOGP_017.mammalGrid.mam","D09","NOGP","NOGP_017","C4","distributed","grasslandHerbaceous",46.791856,-100.918686,"WGS84",45.1,556.8,0.1,"6 - trap set and empty","ShermanXLK","2025-07-17","2025-07-17",,,,,,,,,,,,,,,,,,,,,,,,,,,,,,,,,,,,,,,,,,,,,"0009-0000-8940-8632","0009-0000-9880-3001",,,,,"95cfcea1-b1e0-443c-b7dd-931340389d53"
"b595c43d-418d-466b-854f-4a6231c1827e","93734c59-4495-4e6d-b3d8-5787132af04b","NOGP_017.mammalGrid.mam","D09","NOGP","NOGP_017","F8","distributed","grasslandHerbaceous",46.791856,-100.918686,"WGS84",45.1,556.8,0.1,"6 - trap set and empty","ShermanXLK","2025-07-17","2025-07-17",,,,,,,,,,,,,,,,,,,,,,,,,,,,,,,,,,,,,,,,,,,,,"0009-0000-8940-8632","0009-0000-9880-3001",,,,,"9838aa34-401f-4231-841a-adc71517a634"
"98fc70f1-8deb-4fcb-8fc4-58617fda065d","93734c59-4495-4e6d-b3d8-5787132af04b","NOGP_017.mammalGrid.mam","D09","NOGP","NOGP_017","F3","distributed","grasslandHerbaceous",46.791856,-100.918686,"WGS84",45.1,556.8,0.1,"6 - trap set and empty","ShermanXLK","2025-07-17","2025-07-17",,,,,,,,,,,,,,,,,,,,,,,,,,,,,,,,,,,,,,,,,,,,,"0009-0000-8940-8632","0009-0000-9880-3001",,,,,"82391948-eb18-42b5-95d1-58fd256a9670"
"46ca38c2-b37d-4a1f-816b-7f4331c5618a","f9618582-97b0-4f21-8b83-4ce574a071d7","NOGP_002.mammalGrid.mam","D09","NOGP","NOGP_002","G7","distributed","grasslandHerbaceous",46.799664,-100.910770,"WGS84",45.1,547.4,0.1,"5 - capture","ShermanXLK","2025-07-17","2025-07-17","NEON.MAM.D09.L8814",,"MIPE","Microtus pennsylvanicus","species",,,,,"N","F","Y","processed",,"adult",,"nonenlarged","not","neither",17,,,,25,"N","N","N",,"none","dry ice",,,,,,,,,,,,,,,"0009-0000-8940-8632","0009-0000-9880-3001",,,,,"72bcd799-82d8-457d-b9ef-31cd0633b3ea"
"0b606fc0-ee21-4329-8515-c38adaeb6961","08013004-00a2-44c4-b817-0943370934d8","NOGP_005.mammalGrid.mam","D09","NOGP","NOGP_005","B10","distributed","grasslandHerbaceous",46.788065,-100.913882,"WGS84",45.1,562.2,0.1,"6 - trap set and empty","ShermanLF","2025-07-17","2025-07-17",,,,,,,,,,,,,,,,,,,,,,,,,,,,,,,,,,,,,,,,,,,,,"0009-0006-6432-3978","0009-0002-2817-390X",,,,,"3396e84d-c54e-4488-9475-b988da0875e8"
"c3e4d1ea-553c-435f-b0d6-676054663c5e","f9618582-97b0-4f21-8b83-4ce574a071d7","NOGP_002.mammalGrid.mam","D09","NOGP","NOGP_002","G6","distributed","grasslandHerbaceous",46.799664,-100.910770,"WGS84",45.1,547.4,0.1,"6 - trap set and empty","ShermanXLK","2025-07-17","2025-07-17",,,,,,,,,,,,,,,,,,,,,,,,,,,,,,,,,,,,,,,,,,,,,"0009-0000-8940-8632","0009-0000-9880-3001",,,,,"3e848115-f75e-45a4-bc8c-e5a8332d86c9"
"3cf3d8f4-44fb-4e81-a2fb-b426251789c6","93734c59-4495-4e6d-b3d8-5787132af04b","NOGP_017.mammalGrid.mam","D09","NOGP","NOGP_017","B2","distributed","grasslandHerbaceous",46.791856,-100.918686,"WGS84",45.1,556.8,0.1,"6 - trap set and empty","ShermanXLK","2025-07-17","2025-07-17",,,,,,,,,,,,,,,,,,,,,,,,,,,,,,,,,,,,,,,,,,,,,"0009-0000-8940-8632","0009-0000-9880-3001",,,,,"f3ef8412-6ead-4e08-aa33-94300b6219e3"
"ed5c5335-0441-40f0-80dd-79401f3c55de","f9618582-97b0-4f21-8b83-4ce574a071d7","NOGP_002.mammalGrid.mam","D09","NOGP","NOGP_002","H7","distributed","grasslandHerbaceous",46.799664,-100.910770,"WGS84",45.1,547.4,0.1,"6 - trap set and empty","ShermanXLK","2025-07-17","2025-07-17",,,,,,,,,,,,,,,,,,,,,,,,,,,,,,,,,,,,,,,,,,,,,"0009-0000-8940-8632","0009-0000-9880-3001",,,,,"9d4f7471-9d2e-490b-9248-dff843a2497a"
"042291b5-9739-42a7-a3d4-f37b5eb4a11a","b971c1d2-96f9-4981-84bc-c00829574e13","NOGP_014.mammalGrid.mam","D09","NOGP","NOGP_014","G7","distributed","grasslandHerbaceous",46.806003,-100.902845,"WGS84",45.1,526.4,0.1,"6 - trap set and empty","ShermanLF","2025-07-17","2025-07-17",,,,,,,,,,,,,,,,,,,,,,,,,,,,,,,,,,,,,,,,,,,,,"0009-0000-8940-8632","0009-0000-8940-8632",,,,,"78018d62-b1ee-4dc4-969c-8f3169b7bf77"
"4cfa5c0e-e346-4162-9896-def6fbbf7799","08013004-00a2-44c4-b817-0943370934d8","NOGP_005.mammalGrid.mam","D09","NOGP","NOGP_005","D2","distributed","grasslandHerbaceous",46.788065,-100.913882,"WGS84",45.1,562.2,0.1,"5 - capture","ShermanLF","2025-07-17","2025-07-17","NEON.MAM.D09.L9046",,"PEMA","Peromyscus maniculatus","species","cf. species",,,,"N","M","Y","processed",,"adult","scrotal",,,,,,,,19,"N","N","N",,"none","dry ice",,,,,,,,,,,,,,,"0009-0006-6432-3978","0009-0002-2817-390X",,,,,"b6503228-b1b0-41c9-a662-049c06613455"
"fc4c0416-e0eb-4942-a7ba-ee4810ef1c80","93734c59-4495-4e6d-b3d8-5787132af04b","NOGP_017.mammalGrid.mam","D09","NOGP","NOGP_017","J4","distributed","grasslandHerbaceous",46.791856,-100.918686,"WGS84",45.1,556.8,0.1,"5 - capture","ShermanXLK","2025-07-17","2025-07-17","NEON.MAM.D09.L8846",,"MIPE","Microtus pennsylvanicus","species",,,,,"N","M","Y","processed",,"adult","nonscrotal",,,,20,,,,22,"N","N","N",,"none","dry ice",,,,,,,,,,,,,,,"0009-0000-8940-8632","0009-0000-9880-3001",,,,,"f4f598f5-74ad-4a5f-9741-71421e5c2ba9"
"fa988be5-c5ac-4c9f-b110-90682d448e9a","f9618582-97b0-4f21-8b83-4ce574a071d7","NOGP_002.mammalGrid.mam","D09","NOGP","NOGP_002","C3","distributed","grasslandHerbaceous",46.799664,-100.910770,"WGS84",45.1,547.4,0.1,"6 - trap set and empty","ShermanXLK","2025-07-17","2025-07-17",,,,,,,,,,,,,,,,,,,,,,,,,,,,,,,,,,,,,,,,,,,,,"0009-0000-8940-8632","0009-0000-9880-3001",,,,,"00612c25-3d7b-4ca7-834c-2f50237a9b3d"
"f87a5095-f04d-44f1-88bd-84ce7be0970f","b971c1d2-96f9-4981-84bc-c00829574e13","NOGP_014.mammalGrid.mam","D09","NOGP","NOGP_014","G3","distributed","grasslandHerbaceous",46.806003,-100.902845,"WGS84",45.1,526.4,0.1,"6 - trap set and empty","ShermanLF","2025-07-17","2025-07-17",,,,,,,,,,,,,,,,,,,,,,,,,,,,,,,,,,,,,,,,,,,,,"0009-0000-8940-8632","0009-0000-8940-8632",,,,,"1cdefe37-51a9-43b3-a563-a9a06ae09673"
"9ac87f14-829c-4a3f-8082-1482ea2ce0bb","93734c59-4495-4e6d-b3d8-5787132af04b","NOGP_017.mammalGrid.mam","D09","NOGP","NOGP_017","G7","distributed","grasslandHerbaceous",46.791856,-100.918686,"WGS84",45.1,556.8,0.1,"6 - trap set and empty","ShermanXLK","2025-07-17","2025-07-17",,,,,,,,,,,,,,,,,,,,,,,,,,,,,,,,,,,,,,,,,,,,,"0009-0000-8940-8632","0009-0000-9880-3001",,,,,"c4f1a4dd-09af-471d-892e-f639f7a764f4"
"3b4b5b82-c719-40b1-bb85-e71666ec77d1","f9618582-97b0-4f21-8b83-4ce574a071d7","NOGP_002.mammalGrid.mam","D09","NOGP","NOGP_002","H6","distributed","grasslandHerbaceous",46.799664,-100.910770,"WGS84",45.1,547.4,0.1,"5 - capture","ShermanXLK","2025-07-17","2025-07-17","NEON.MAM.D09.L8840",,"MIPE","Microtus pennsylvanicus","species",,,,,"N","F","N","processed",,"adult",,"nonenlarged","not","neither",19,,,,28,"N","N","N",,"fleas","dry ice","NOGP.20250717.L8840.B","D00000245544","mandibular",,,,,"NOGP.20250717.L8840.E","D00000245972","NOGP.20250717.L8840.H","A00000378826","hairAndWhisker",,,"0009-0000-8940-8632","0009-0000-9880-3001",,,,,"d22ff06b-eb2d-46fd-a2e8-e347a3ebed8f"
"274a54fd-3efb-4aec-a351-50b3650bdcb8","f9618582-97b0-4f21-8b83-4ce574a071d7","NOGP_002.mammalGrid.mam","D09","NOGP","NOGP_002","C1","distributed","grasslandHerbaceous",46.799664,-100.910770,"WGS84",45.1,547.4,0.1,"6 - trap set and empty","ShermanXLK","2025-07-17","2025-07-17",,,,,,,,,,,,,,,,,,,,,,,,,,,,,,,,,,,,,,,,,,,,,"0009-0000-8940-8632","0009-0000-9880-3001",,,,,"e314d4cc-987b-4297-9b03-0591f24b4f89"
"9aea5b5b-3ec2-47a7-8c2e-4c2b14617d05","f9618582-97b0-4f21-8b83-4ce574a071d7","NOGP_002.mammalGrid.mam","D09","NOGP","NOGP_002","I2","distributed","grasslandHerbaceous",46.799664,-100.910770,"WGS84",45.1,547.4,0.1,"6 - trap set and empty","ShermanXLK","2025-07-17","2025-07-17",,,,,,,,,,,,,,,,,,,,,,,,,,,,,,,,,,,,,,,,,,,,,"0009-0000-8940-8632","0009-0000-9880-3001",,,,,"d90e25a3-cb20-4f94-b42c-98b0c6e2e04d"
"e3cb5455-a6f4-4ef3-8675-1d6fff1c0ec6","08013004-00a2-44c4-b817-0943370934d8","NOGP_005.mammalGrid.mam","D09","NOGP","NOGP_005","E1","distributed","grasslandHerbaceous",46.788065,-100.913882,"WGS84",45.1,562.2,0.1,"6 - trap set and empty","ShermanLF","2025-07-17","2025-07-17",,,,,,,,,,,,,,,,,,,,,,,,,,,,,,,,,,,,,,,,,,,,,"0009-0006-6432-3978","0009-0002-2817-390X",,,,,"cae6c61a-af90-491d-8e55-9c1c90874fbd"
"d7049535-4c74-406a-b6a3-09c642742140","f9618582-97b0-4f21-8b83-4ce574a071d7","NOGP_002.mammalGrid.mam","D09","NOGP","NOGP_002","B5","distributed","grasslandHerbaceous",46.799664,-100.910770,"WGS84",45.1,547.4,0.1,"6 - trap set and empty","ShermanXLK","2025-07-17","2025-07-17",,,,,,,,,,,,,,,,,,,,,,,,,,,,,,,,,,,,,,,,,,,,,"0009-0000-8940-8632","0009-0000-9880-3001",,,,,"d57d59c4-77df-47a2-8c3a-b59f1bd34aea"
"73b89402-ef05-4708-8227-a61c2e2761ba","f9618582-97b0-4f21-8b83-4ce574a071d7","NOGP_002.mammalGrid.mam","D09","NOGP","NOGP_002","G3","distributed","grasslandHerbaceous",46.799664,-100.910770,"WGS84",45.1,547.4,0.1,"6 - trap set and empty","ShermanXLK","2025-07-17","2025-07-17",,,,,,,,,,,,,,,,,,,,,,,,,,,,,,,,,,,,,,,,,,,,,"0009-0000-8940-8632","0009-0000-9880-3001",,,,,"66cfb675-9726-41c3-8d38-7b433e11abbd"
"64c05d4f-5fe5-4b79-80ad-c662e8628dbf","f9618582-97b0-4f21-8b83-4ce574a071d7","NOGP_002.mammalGrid.mam","D09","NOGP","NOGP_002","A8","distributed","grasslandHerbaceous",46.799664,-100.910770,"WGS84",45.1,547.4,0.1,"6 - trap set and empty","ShermanXLK","2025-07-17","2025-07-17",,,,,,,,,,,,,,,,,,,,,,,,,,,,,,,,,,,,,,,,,,,,,"0009-0000-8940-8632","0009-0000-9880-3001",,,,,"0b3c341f-2631-44c2-b3b2-81df9926cf42"
"ff29f9e5-feaa-4689-a804-2c83133a6978","08013004-00a2-44c4-b817-0943370934d8","NOGP_005.mammalGrid.mam","D09","NOGP","NOGP_005","I5","distributed","grasslandHerbaceous",46.788065,-100.913882,"WGS84",45.1,562.2,0.1,"3 - trap door open or closed w/ spoor left","ShermanLF","2025-07-17","2025-07-17",,,,,,,,,,,,,,,,,,,,,,,,,,,,,"did not check","dry ice",,,,,,,,,,,,,,,"0009-0006-6432-3978","0009-0002-2817-390X",,,,,"704e3ddb-93b9-4e6b-885c-0e01bc9a2882"
"56021518-2bc9-410b-b00c-bfb3bfe53fda","93734c59-4495-4e6d-b3d8-5787132af04b","NOGP_017.mammalGrid.mam","D09","NOGP","NOGP_017","F7","distributed","grasslandHerbaceous",46.791856,-100.918686,"WGS84",45.1,556.8,0.1,"6 - trap set and empty","ShermanXLK","2025-07-17","2025-07-17",,,,,,,,,,,,,,,,,,,,,,,,,,,,,,,,,,,,,,,,,,,,,"0009-0000-8940-8632","0009-0000-9880-3001",,,,,"d5761b67-2e5b-488d-9572-b03d1058b263"
"e3062a00-0779-47ee-8b94-7c7cea1d8549","08013004-00a2-44c4-b817-0943370934d8","NOGP_005.mammalGrid.mam","D09","NOGP","NOGP_005","F4","distributed","grasslandHerbaceous",46.788065,-100.913882,"WGS84",45.1,562.2,0.1,"6 - trap set and empty","ShermanLF","2025-07-17","2025-07-17",,,,,,,,,,,,,,,,,,,,,,,,,,,,,,,,,,,,,,,,,,,,,"0009-0006-6432-3978","0009-0002-2817-390X",,,,,"7a56aecf-ddd3-4821-9647-917f83b8b9ab"
"fb0da02c-34c8-468f-97ec-27ac4ae8af70","b971c1d2-96f9-4981-84bc-c00829574e13","NOGP_014.mammalGrid.mam","D09","NOGP","NOGP_014","D10","distributed","grasslandHerbaceous",46.806003,-100.902845,"WGS84",45.1,526.4,0.1,"6 - trap set and empty","ShermanLF","2025-07-17","2025-07-17",,,,,,,,,,,,,,,,,,,,,,,,,,,,,,,,,,,,,,,,,,,,,"0009-0000-8940-8632","0009-0000-8940-8632",,,,,"73284260-7d55-4c86-ae53-42500418358c"
"e396836e-ac4a-4eec-ad13-2e9ad6046fbf","08013004-00a2-44c4-b817-0943370934d8","NOGP_005.mammalGrid.mam","D09","NOGP","NOGP_005","C6","distributed","grasslandHerbaceous",46.788065,-100.913882,"WGS84",45.1,562.2,0.1,"6 - trap set and empty","ShermanLF","2025-07-17","2025-07-17",,,,,,,,,,,,,,,,,,,,,,,,,,,,,,,,,,,,,,,,,,,,,"0009-0006-6432-3978","0009-0002-2817-390X",,,,,"e733e164-a6b3-4398-adc3-fc1118b9853f"
"6da21c57-44ad-4a7e-a2bd-db8ca28afd3e","b971c1d2-96f9-4981-84bc-c00829574e13","NOGP_014.mammalGrid.mam","D09","NOGP","NOGP_014","A9","distributed","grasslandHerbaceous",46.806003,-100.902845,"WGS84",45.1,526.4,0.1,"6 - trap set and empty","ShermanLF","2025-07-17","2025-07-17",,,,,,,,,,,,,,,,,,,,,,,,,,,,,,,,,,,,,,,,,,,,,"0009-0000-8940-8632","0009-0000-8940-8632",,,,,"26068eb4-feca-49b3-b75a-7365a8341225"
"9d41cd82-34cf-4b93-970b-58e2be177a53","93734c59-4495-4e6d-b3d8-5787132af04b","NOGP_017.mammalGrid.mam","D09","NOGP","NOGP_017","D8","distributed","grasslandHerbaceous",46.791856,-100.918686,"WGS84",45.1,556.8,0.1,"6 - trap set and empty","ShermanXLK","2025-07-17","2025-07-17",,,,,,,,,,,,,,,,,,,,,,,,,,,,,,,,,,,,,,,,,,,,,"0009-0000-8940-8632","0009-0000-9880-3001",,,,,"0ea4a748-754a-422e-aea3-0bd4e9abfd81"
"d97dfcbc-ce30-4bf8-8fbb-b834893fbcf1","f9618582-97b0-4f21-8b83-4ce574a071d7","NOGP_002.mammalGrid.mam","D09","NOGP","NOGP_002","I8","distributed","grasslandHerbaceous",46.799664,-100.910770,"WGS84",45.1,547.4,0.1,"6 - trap set and empty","ShermanXLK","2025-07-17","2025-07-17",,,,,,,,,,,,,,,,,,,,,,,,,,,,,,,,,,,,,,,,,,,,,"0009-0000-8940-8632","0009-0000-9880-3001",,,,,"2dd0d165-b8d4-4b20-9545-c272cf8aabd8"
"a3b70803-aa64-41a4-8a71-a692c7aa19ff","93734c59-4495-4e6d-b3d8-5787132af04b","NOGP_017.mammalGrid.mam","D09","NOGP","NOGP_017","F9","distributed","grasslandHerbaceous",46.791856,-100.918686,"WGS84",45.1,556.8,0.1,"6 - trap set and empty","ShermanXLK","2025-07-17","2025-07-17",,,,,,,,,,,,,,,,,,,,,,,,,,,,,,,,,,,,,,,,,,,,,"0009-0000-8940-8632","0009-0000-9880-3001",,,,,"934fb383-6e8f-4852-97fc-079b9f9a5c90"
"c1261b19-bec4-4a56-bcf8-8736fa3e66b6","93734c59-4495-4e6d-b3d8-5787132af04b","NOGP_017.mammalGrid.mam","D09","NOGP","NOGP_017","E10","distributed","grasslandHerbaceous",46.791856,-100.918686,"WGS84",45.1,556.8,0.1,"6 - trap set and empty","ShermanXLK","2025-07-17","2025-07-17",,,,,,,,,,,,,,,,,,,,,,,,,,,,,,,,,,,,,,,,,,,,,"0009-0000-8940-8632","0009-0000-9880-3001",,,,,"25874878-5628-48f7-bf1c-e085c1fce7cb"
"4d249728-8d24-44eb-a137-608609e20acf","f9618582-97b0-4f21-8b83-4ce574a071d7","NOGP_002.mammalGrid.mam","D09","NOGP","NOGP_002","A7","distributed","grasslandHerbaceous",46.799664,-100.910770,"WGS84",45.1,547.4,0.1,"6 - trap set and empty","ShermanXLK","2025-07-17","2025-07-17",,,,,,,,,,,,,,,,,,,,,,,,,,,,,,,,,,,,,,,,,,,,,"0009-0000-8940-8632","0009-0000-9880-3001",,,,,"a57bd497-bde2-44f9-ae18-133bba0f1ac8"
"1024167e-6489-4f76-b9aa-93b8b015d984","08013004-00a2-44c4-b817-0943370934d8","NOGP_005.mammalGrid.mam","D09","NOGP","NOGP_005","E4","distributed","grasslandHerbaceous",46.788065,-100.913882,"WGS84",45.1,562.2,0.1,"6 - trap set and empty","ShermanLF","2025-07-17","2025-07-17",,,,,,,,,,,,,,,,,,,,,,,,,,,,,,,,,,,,,,,,,,,,,"0009-0006-6432-3978","0009-0002-2817-390X",,,,,"29fd3079-9bea-455e-b91c-08c108a414f6"
"c01b38d7-78e6-44e7-966f-0894a056febd","b971c1d2-96f9-4981-84bc-c00829574e13","NOGP_014.mammalGrid.mam","D09","NOGP","NOGP_014","D3","distributed","grasslandHerbaceous",46.806003,-100.902845,"WGS84",45.1,526.4,0.1,"6 - trap set and empty","ShermanLF","2025-07-17","2025-07-17",,,,,,,,,,,,,,,,,,,,,,,,,,,,,,,,,,,,,,,,,,,,,"0009-0000-8940-8632","0009-0000-8940-8632",,,,,"fcc40f4e-021a-4add-a555-c8800fedc29c"
"6e1c78d5-839d-4eea-b694-ddeba9394e87","93734c59-4495-4e6d-b3d8-5787132af04b","NOGP_017.mammalGrid.mam","D09","NOGP","NOGP_017","H7","distributed","grasslandHerbaceous",46.791856,-100.918686,"WGS84",45.1,556.8,0.1,"6 - trap set and empty","ShermanXLK","2025-07-17","2025-07-17",,,,,,,,,,,,,,,,,,,,,,,,,,,,,,,,,,,,,,,,,,,,,"0009-0000-8940-8632","0009-0000-9880-3001",,,,,"9d56761e-9dd7-42ca-a119-075104bc2e04"
"598c5712-a69f-49ef-b355-30ab38608ac7","93734c59-4495-4e6d-b3d8-5787132af04b","NOGP_017.mammalGrid.mam","D09","NOGP","NOGP_017","E4","distributed","grasslandHerbaceous",46.791856,-100.918686,"WGS84",45.1,556.8,0.1,"6 - trap set and empty","ShermanXLK","2025-07-17","2025-07-17",,,,,,,,,,,,,,,,,,,,,,,,,,,,,,,,,,,,,,,,,,,,,"0009-0000-8940-8632","0009-0000-9880-3001",,,,,"15163b6e-5642-403a-b0c2-3f1c9d977988"
"5379b302-9845-4adc-8a09-e537daf16cb7","93734c59-4495-4e6d-b3d8-5787132af04b","NOGP_017.mammalGrid.mam","D09","NOGP","NOGP_017","B4","distributed","grasslandHerbaceous",46.791856,-100.918686,"WGS84",45.1,556.8,0.1,"6 - trap set and empty","ShermanXLK","2025-07-17","2025-07-17",,,,,,,,,,,,,,,,,,,,,,,,,,,,,,,,,,,,,,,,,,,,,"0009-0000-8940-8632","0009-0000-9880-3001",,,,,"9f82a3dd-711c-4568-a2f4-b47171083335"
"7c5fccb6-9602-4f82-b9e5-822dc992a033","f9618582-97b0-4f21-8b83-4ce574a071d7","NOGP_002.mammalGrid.mam","D09","NOGP","NOGP_002","F8","distributed","grasslandHerbaceous",46.799664,-100.910770,"WGS84",45.1,547.4,0.1,"6 - trap set and empty","ShermanXLK","2025-07-17","2025-07-17",,,,,,,,,,,,,,,,,,,,,,,,,,,,,,,,,,,,,,,,,,,,,"0009-0000-8940-8632","0009-0000-9880-3001",,,,,"fa0afaa9-a90d-4db4-b78c-989119d71f98"
"15fb77c3-ced9-4568-a25f-626bc2fad440","93734c59-4495-4e6d-b3d8-5787132af04b","NOGP_017.mammalGrid.mam","D09","NOGP","NOGP_017","H8","distributed","grasslandHerbaceous",46.791856,-100.918686,"WGS84",45.1,556.8,0.1,"6 - trap set and empty","ShermanXLK","2025-07-17","2025-07-17",,,,,,,,,,,,,,,,,,,,,,,,,,,,,,,,,,,,,,,,,,,,,"0009-0000-8940-8632","0009-0000-9880-3001",,,,,"b730140b-d62b-4adf-871c-050a4bb761d5"
"6e8f90a9-d329-43c5-b078-2239a2dc01ee","93734c59-4495-4e6d-b3d8-5787132af04b","NOGP_017.mammalGrid.mam","D09","NOGP","NOGP_017","B7","distributed","grasslandHerbaceous",46.791856,-100.918686,"WGS84",45.1,556.8,0.1,"6 - trap set and empty","ShermanXLK","2025-07-17","2025-07-17",,,,,,,,,,,,,,,,,,,,,,,,,,,,,,,,,,,,,,,,,,,,,"0009-0000-8940-8632","0009-0000-9880-3001",,,,,"953a0d17-70cc-48fc-85d8-0e1c1cde6346"
"48653627-a3d1-4808-99f7-932ba76f1dcb","b971c1d2-96f9-4981-84bc-c00829574e13","NOGP_014.mammalGrid.mam","D09","NOGP","NOGP_014","D8","distributed","grasslandHerbaceous",46.806003,-100.902845,"WGS84",45.1,526.4,0.1,"6 - trap set and empty","ShermanLF","2025-07-17","2025-07-17",,,,,,,,,,,,,,,,,,,,,,,,,,,,,,,,,,,,,,,,,,,,,"0009-0000-8940-8632","0009-0000-8940-8632",,,,,"03f3a4d6-6670-48d6-b9cf-665af94b6d93"
"74839f13-7f7f-463b-9ec8-5a62ef8ed659","f9618582-97b0-4f21-8b83-4ce574a071d7","NOGP_002.mammalGrid.mam","D09","NOGP","NOGP_002","H2","distributed","grasslandHerbaceous",46.799664,-100.910770,"WGS84",45.1,547.4,0.1,"6 - trap set and empty","ShermanXLK","2025-07-17","2025-07-17",,,,,,,,,,,,,,,,,,,,,,,,,,,,,,,,,,,,,,,,,,,,,"0009-0000-8940-8632","0009-0000-9880-3001",,,,,"001f995d-b4fc-41ce-8ebc-804e2d2e27b7"
"243958e1-a264-4bbd-9d86-e991abc43d88","f9618582-97b0-4f21-8b83-4ce574a071d7","NOGP_002.mammalGrid.mam","D09","NOGP","NOGP_002","H3","distributed","grasslandHerbaceous",46.799664,-100.910770,"WGS84",45.1,547.4,0.1,"6 - trap set and empty","ShermanXLK","2025-07-17","2025-07-17",,,,,,,,,,,,,,,,,,,,,,,,,,,,,,,,,,,,,,,,,,,,,"0009-0000-8940-8632","0009-0000-9880-3001",,,,,"4dd777fa-f535-4271-aa35-ab75be3c1998"
"fffe6c9b-f4c0-4125-9450-432be2a58475","b971c1d2-96f9-4981-84bc-c00829574e13","NOGP_014.mammalGrid.mam","D09","NOGP","NOGP_014","I9","distributed","grasslandHerbaceous",46.806003,-100.902845,"WGS84",45.1,526.4,0.1,"6 - trap set and empty","ShermanLF","2025-07-17","2025-07-17",,,,,,,,,,,,,,,,,,,,,,,,,,,,,,,,,,,,,,,,,,,,,"0009-0000-8940-8632","0009-0000-8940-8632",,,,,"d6c9a17d-bb86-48b6-8fa1-0d0863764eaf"
"c007a3d4-1695-4b8f-a211-4f13b8a4e3aa","f9618582-97b0-4f21-8b83-4ce574a071d7","NOGP_002.mammalGrid.mam","D09","NOGP","NOGP_002","B7","distributed","grasslandHerbaceous",46.799664,-100.910770,"WGS84",45.1,547.4,0.1,"6 - trap set and empty","ShermanXLK","2025-07-17","2025-07-17",,,,,,,,,,,,,,,,,,,,,,,,,,,,,,,,,,,,,,,,,,,,,"0009-0000-8940-8632","0009-0000-9880-3001",,,,,"8646d93c-2e14-400b-b445-dd97c4c5144a"
"c23f1728-f031-4800-8a59-ea7db921936e","08013004-00a2-44c4-b817-0943370934d8","NOGP_005.mammalGrid.mam","D09","NOGP","NOGP_005","J10","distributed","grasslandHerbaceous",46.788065,-100.913882,"WGS84",45.1,562.2,0.1,"6 - trap set and empty","ShermanLF","2025-07-17","2025-07-17",,,,,,,,,,,,,,,,,,,,,,,,,,,,,,,,,,,,,,,,,,,,,"0009-0006-6432-3978","0009-0002-2817-390X",,,,,"580c3f9d-5a7b-4c3f-b9e2-6e3ae29c2bd8"
"73de7f9b-8652-4cfa-acf1-d7095f62612a","08013004-00a2-44c4-b817-0943370934d8","NOGP_005.mammalGrid.mam","D09","NOGP","NOGP_005","B2","distributed","grasslandHerbaceous",46.788065,-100.913882,"WGS84",45.1,562.2,0.1,"2 - trap disturbed/door closed but empty","ShermanLF","2025-07-17","2025-07-17",,,,,,,,,,,,,,,,,,,,,,,,,,,,,"did not check","dry ice",,,,,,,,,,,,,,,"0009-0006-6432-3978","0009-0002-2817-390X",,,,,"f81ab238-65ca-402a-acab-a5ad8225973b"
"a3403e9d-559d-42db-ba36-970fd96cefb5","08013004-00a2-44c4-b817-0943370934d8","NOGP_005.mammalGrid.mam","D09","NOGP","NOGP_005","G6","distributed","grasslandHerbaceous",46.788065,-100.913882,"WGS84",45.1,562.2,0.1,"6 - trap set and empty","ShermanLF","2025-07-17","2025-07-17",,,,,,,,,,,,,,,,,,,,,,,,,,,,,,,,,,,,,,,,,,,,,"0009-0006-6432-3978","0009-0002-2817-390X",,,,,"39829392-7fb8-418c-994b-8d248c15c374"
"9496460f-8568-4065-887d-514d57a1962d","93734c59-4495-4e6d-b3d8-5787132af04b","NOGP_017.mammalGrid.mam","D09","NOGP","NOGP_017","I5","distributed","grasslandHerbaceous",46.791856,-100.918686,"WGS84",45.1,556.8,0.1,"6 - trap set and empty","ShermanXLK","2025-07-17","2025-07-17",,,,,,,,,,,,,,,,,,,,,,,,,,,,,,,,,,,,,,,,,,,,,"0009-0000-8940-8632","0009-0000-9880-3001",,,,,"622cdbf6-9c23-40f9-8624-8ec9afb51249"
"feea06ca-bf1c-49e5-b05a-77e8f19cdc09","b971c1d2-96f9-4981-84bc-c00829574e13","NOGP_014.mammalGrid.mam","D09","NOGP","NOGP_014","J10","distributed","grasslandHerbaceous",46.806003,-100.902845,"WGS84",45.1,526.4,0.1,"6 - trap set and empty","ShermanLF","2025-07-17","2025-07-17",,,,,,,,,,,,,,,,,,,,,,,,,,,,,,,,,,,,,,,,,,,,,"0009-0000-8940-8632","0009-0000-8940-8632",,,,,"be8abdff-ffa6-4de4-ac64-72be4d6cc9bf"
"0a412301-7d21-45bb-9c7e-72e90de2072b","b971c1d2-96f9-4981-84bc-c00829574e13","NOGP_014.mammalGrid.mam","D09","NOGP","NOGP_014","C10","distributed","grasslandHerbaceous",46.806003,-100.902845,"WGS84",45.1,526.4,0.1,"6 - trap set and empty","ShermanLF","2025-07-17","2025-07-17",,,,,,,,,,,,,,,,,,,,,,,,,,,,,,,,,,,,,,,,,,,,,"0009-0000-8940-8632","0009-0000-8940-8632",,,,,"270a77f2-0b28-4d29-8641-2e9b7c11f09a"
"10bad9d8-481a-4af2-98e2-abdb92c74cfa","08013004-00a2-44c4-b817-0943370934d8","NOGP_005.mammalGrid.mam","D09","NOGP","NOGP_005","C5","distributed","grasslandHerbaceous",46.788065,-100.913882,"WGS84",45.1,562.2,0.1,"6 - trap set and empty","ShermanLF","2025-07-17","2025-07-17",,,,,,,,,,,,,,,,,,,,,,,,,,,,,,,,,,,,,,,,,,,,,"0009-0006-6432-3978","0009-0002-2817-390X",,,,,"742c5469-9b1e-48a0-b35a-f9200c9c9105"
"1287f483-7da0-4773-8528-16ffa132d8af","f9618582-97b0-4f21-8b83-4ce574a071d7","NOGP_002.mammalGrid.mam","D09","NOGP","NOGP_002","E8","distributed","grasslandHerbaceous",46.799664,-100.910770,"WGS84",45.1,547.4,0.1,"6 - trap set and empty","ShermanXLK","2025-07-17","2025-07-17",,,,,,,,,,,,,,,,,,,,,,,,,,,,,,,,,,,,,,,,,,,,,"0009-0000-8940-8632","0009-0000-9880-3001",,,,,"2a77e5e2-e0c9-4716-a23b-87e2dfed2dfe"
"c685f93a-1819-4f96-b4c8-6928bc1efd98","b971c1d2-96f9-4981-84bc-c00829574e13","NOGP_014.mammalGrid.mam","D09","NOGP","NOGP_014","J9","distributed","grasslandHerbaceous",46.806003,-100.902845,"WGS84",45.1,526.4,0.1,"6 - trap set and empty","ShermanLF","2025-07-17","2025-07-17",,,,,,,,,,,,,,,,,,,,,,,,,,,,,,,,,,,,,,,,,,,,,"0009-0000-8940-8632","0009-0000-8940-8632",,,,,"fa857cae-2f42-47c1-b728-d678bb3588cc"
"3870bd26-8b5a-4e35-a9bc-d153a1ff6111","b971c1d2-96f9-4981-84bc-c00829574e13","NOGP_014.mammalGrid.mam","D09","NOGP","NOGP_014","H5","distributed","grasslandHerbaceous",46.806003,-100.902845,"WGS84",45.1,526.4,0.1,"6 - trap set and empty","ShermanLF","2025-07-17","2025-07-17",,,,,,,,,,,,,,,,,,,,,,,,,,,,,,,,,,,,,,,,,,,,,"0009-0000-8940-8632","0009-0000-8940-8632",,,,,"68f7c726-362e-4139-a52f-d24fc8c183d5"
"f17bd80d-3704-4510-ae7a-d5883b66bcff","f9618582-97b0-4f21-8b83-4ce574a071d7","NOGP_002.mammalGrid.mam","D09","NOGP","NOGP_002","F2","distributed","grasslandHerbaceous",46.799664,-100.910770,"WGS84",45.1,547.4,0.1,"6 - trap set and empty","ShermanXLK","2025-07-17","2025-07-17",,,,,,,,,,,,,,,,,,,,,,,,,,,,,,,,,,,,,,,,,,,,,"0009-0000-8940-8632","0009-0000-9880-3001",,,,,"5afeb347-756e-4da4-93fd-4eef6b40a417"
"a355df90-7a8a-4de2-b29f-bb16d492b57c","08013004-00a2-44c4-b817-0943370934d8","NOGP_005.mammalGrid.mam","D09","NOGP","NOGP_005","I2","distributed","grasslandHerbaceous",46.788065,-100.913882,"WGS84",45.1,562.2,0.1,"6 - trap set and empty","ShermanLF","2025-07-17","2025-07-17",,,,,,,,,,,,,,,,,,,,,,,,,,,,,,,,,,,,,,,,,,,,,"0009-0006-6432-3978","0009-0002-2817-390X",,,,,"12955186-641a-4738-b0ac-79d484914c41"
"bfbc907a-d05b-4427-9815-69e9d0cb9906","93734c59-4495-4e6d-b3d8-5787132af04b","NOGP_017.mammalGrid.mam","D09","NOGP","NOGP_017","J7","distributed","grasslandHerbaceous",46.791856,-100.918686,"WGS84",45.1,556.8,0.1,"6 - trap set and empty","ShermanXLK","2025-07-17","2025-07-17",,,,,,,,,,,,,,,,,,,,,,,,,,,,,,,,,,,,,,,,,,,,,"0009-0000-8940-8632","0009-0000-9880-3001",,,,,"c6244324-b50f-4c8d-b2e6-eaf85d0f4cb7"
"00296806-7c77-4fd0-bae3-2d2f65854351","b971c1d2-96f9-4981-84bc-c00829574e13","NOGP_014.mammalGrid.mam","D09","NOGP","NOGP_014","A3","distributed","grasslandHerbaceous",46.806003,-100.902845,"WGS84",45.1,526.4,0.1,"6 - trap set and empty","ShermanLF","2025-07-17","2025-07-17",,,,,,,,,,,,,,,,,,,,,,,,,,,,,,,,,,,,,,,,,,,,,"0009-0000-8940-8632","0009-0000-8940-8632",,,,,"c89c4219-a6ef-406e-b2b8-b221320ddb40"
"8dc44f62-7f16-4ccc-8bb6-674206c296cd","08013004-00a2-44c4-b817-0943370934d8","NOGP_005.mammalGrid.mam","D09","NOGP","NOGP_005","B9","distributed","grasslandHerbaceous",46.788065,-100.913882,"WGS84",45.1,562.2,0.1,"5 - capture","ShermanLF","2025-07-17","2025-07-17","NEON.MAM.D09.R9039",,"PEMA","Peromyscus maniculatus","species",,,,,"N","F","Y","processed",,"subadult",,"nonenlarged","not","neither",18,,,,10,"N","N","N",,"none","dry ice",,,,,,,,,,,,,,,"0009-0006-6432-3978","0009-0002-2817-390X",,,,,"b083e6a9-0ad8-4b5c-81f9-85da99bfab8b"
"a31a954c-9606-45a9-b3db-79b6c5bcec4b","93734c59-4495-4e6d-b3d8-5787132af04b","NOGP_017.mammalGrid.mam","D09","NOGP","NOGP_017","D2","distributed","grasslandHerbaceous",46.791856,-100.918686,"WGS84",45.1,556.8,0.1,"6 - trap set and empty","ShermanXLK","2025-07-17","2025-07-17",,,,,,,,,,,,,,,,,,,,,,,,,,,,,,,,,,,,,,,,,,,,,"0009-0000-8940-8632","0009-0000-9880-3001",,,,,"932f977b-9cc9-468c-82c5-e4a9744bd267"
"f09398f9-65ae-46a5-822a-66ae67597eef","b971c1d2-96f9-4981-84bc-c00829574e13","NOGP_014.mammalGrid.mam","D09","NOGP","NOGP_014","I4","distributed","grasslandHerbaceous",46.806003,-100.902845,"WGS84",45.1,526.4,0.1,"6 - trap set and empty","ShermanLF","2025-07-17","2025-07-17",,,,,,,,,,,,,,,,,,,,,,,,,,,,,,,,,,,,,,,,,,,,,"0009-0000-8940-8632","0009-0000-8940-8632",,,,,"bc3b1a95-9e1a-467c-b6b2-0d6c081a60db"
"b67677b5-5e6c-4679-b5d0-6599f5fcc20c","b971c1d2-96f9-4981-84bc-c00829574e13","NOGP_014.mammalGrid.mam","D09","NOGP","NOGP_014","E7","distributed","grasslandHerbaceous",46.806003,-100.902845,"WGS84",45.1,526.4,0.1,"3 - trap door open or closed w/ spoor left","ShermanLF","2025-07-17","2025-07-17",,,,,,,,,,,,,,,,,,,,,,,,,,,,,"did not check","dry ice",,,,,,,,,,,,,,,"0009-0000-8940-8632","0009-0000-8940-8632",,,,,"62b40011-0eb6-4695-8f80-61bc352c598d"
"cb6bbe00-fb45-4987-9d34-862b28e3bc2f","b971c1d2-96f9-4981-84bc-c00829574e13","NOGP_014.mammalGrid.mam","D09","NOGP","NOGP_014","C8","distributed","grasslandHerbaceous",46.806003,-100.902845,"WGS84",45.1,526.4,0.1,"6 - trap set and empty","ShermanLF","2025-07-17","2025-07-17",,,,,,,,,,,,,,,,,,,,,,,,,,,,,,,,,,,,,,,,,,,,,"0009-0000-8940-8632","0009-0000-8940-8632",,,,,"84d4f970-bedf-42c3-8c36-e8874ae1659b"
"6092a3f4-08fc-4530-a176-5bf79d8dda1a","93734c59-4495-4e6d-b3d8-5787132af04b","NOGP_017.mammalGrid.mam","D09","NOGP","NOGP_017","H9","distributed","grasslandHerbaceous",46.791856,-100.918686,"WGS84",45.1,556.8,0.1,"6 - trap set and empty","ShermanXLK","2025-07-17","2025-07-17",,,,,,,,,,,,,,,,,,,,,,,,,,,,,,,,,,,,,,,,,,,,,"0009-0000-8940-8632","0009-0000-9880-3001",,,,,"fed49d69-304f-4661-ac60-32d971022573"
"0c01c126-ded0-418f-a7bb-324775053eb6","08013004-00a2-44c4-b817-0943370934d8","NOGP_005.mammalGrid.mam","D09","NOGP","NOGP_005","A4","distributed","grasslandHerbaceous",46.788065,-100.913882,"WGS84",45.1,562.2,0.1,"5 - capture","ShermanLF","2025-07-17","2025-07-17","NEON.MAM.D09.R8798",,"PELE","Peromyscus leucopus","species",,,,,"N","F","N","processed",,"adult",,"enlarged","not","neither",22,,,,29,"N","Y","N","1-5","none","dry ice",,,,,,,,"NOGP.20250717.R8798.E","D00000245689",,,,,,"0009-0006-6432-3978","0009-0002-2817-390X",,,,,"4435d9ad-b7fc-48f9-86ac-8574e31ca2c1"
"9a705cfe-9f70-42de-984a-6fbf788b6e4f","08013004-00a2-44c4-b817-0943370934d8","NOGP_005.mammalGrid.mam","D09","NOGP","NOGP_005","J3","distributed","grasslandHerbaceous",46.788065,-100.913882,"WGS84",45.1,562.2,0.1,"6 - trap set and empty","ShermanLF","2025-07-17","2025-07-17",,,,,,,,,,,,,,,,,,,,,,,,,,,,,,,,,,,,,,,,,,,,,"0009-0006-6432-3978","0009-0002-2817-390X",,,,,"389b8896-a50f-48e9-a7a4-9ba3cde66dcd"
"756f98ae-f732-4691-b031-4a6dd8bfdf94","93734c59-4495-4e6d-b3d8-5787132af04b","NOGP_017.mammalGrid.mam","D09","NOGP","NOGP_017","A10","distributed","grasslandHerbaceous",46.791856,-100.918686,"WGS84",45.1,556.8,0.1,"6 - trap set and empty","ShermanXLK","2025-07-17","2025-07-17",,,,,,,,,,,,,,,,,,,,,,,,,,,,,,,,,,,,,,,,,,,,,"0009-0000-8940-8632","0009-0000-9880-3001",,,,,"d4fe3459-c769-491e-a995-51920baf275e"
"3ae82d66-fa8f-4d05-a103-28585472f192","b971c1d2-96f9-4981-84bc-c00829574e13","NOGP_014.mammalGrid.mam","D09","NOGP","NOGP_014","A7","distributed","grasslandHerbaceous",46.806003,-100.902845,"WGS84",45.1,526.4,0.1,"6 - trap set and empty","ShermanLF","2025-07-17","2025-07-17",,,,,,,,,,,,,,,,,,,,,,,,,,,,,,,,,,,,,,,,,,,,,"0009-0000-8940-8632","0009-0000-8940-8632",,,,,"2552f63c-3d99-4e90-b8d9-fc306302d7d8"
"9c8191cc-c1ff-4c04-b580-4243d7fb7270","08013004-00a2-44c4-b817-0943370934d8","NOGP_005.mammalGrid.mam","D09","NOGP","NOGP_005","J6","distributed","grasslandHerbaceous",46.788065,-100.913882,"WGS84",45.1,562.2,0.1,"6 - trap set and empty","ShermanLF","2025-07-17","2025-07-17",,,,,,,,,,,,,,,,,,,,,,,,,,,,,,,,,,,,,,,,,,,,,"0009-0006-6432-3978","0009-0002-2817-390X",,,,,"dcf7fa8e-3dd5-4147-9e78-2fa5a744a722"
"525e5872-7321-432b-ac6c-26c5cae14f3d","b971c1d2-96f9-4981-84bc-c00829574e13","NOGP_014.mammalGrid.mam","D09","NOGP","NOGP_014","F2","distributed","grasslandHerbaceous",46.806003,-100.902845,"WGS84",45.1,526.4,0.1,"6 - trap set and empty","ShermanLF","2025-07-17","2025-07-17",,,,,,,,,,,,,,,,,,,,,,,,,,,,,,,,,,,,,,,,,,,,,"0009-0000-8940-8632","0009-0000-8940-8632",,,,,"6cc51112-b14a-4708-88ec-916b7231e847"
"b403cd1b-1108-47a9-a59b-01a080d1169b","f9618582-97b0-4f21-8b83-4ce574a071d7","NOGP_002.mammalGrid.mam","D09","NOGP","NOGP_002","J9","distributed","grasslandHerbaceous",46.799664,-100.910770,"WGS84",45.1,547.4,0.1,"5 - capture","ShermanXLK","2025-07-17","2025-07-17","NEON.MAM.D09.R9176",,"REME","Reithrodontomys megalotis","species",,,,,"N","F","N","processed",,"subadult",,"nonenlarged","not","neither",16,,,,8,"N","N","N",,"none","dry ice",,,,,"NOGP.20250717.R9176.F","D00000245568","ok","NOGP.20250717.R9176.E","D00000245557",,,,,,"0009-0000-8940-8632","0009-0000-9880-3001",,,,,"57fc3861-ce26-43fc-b932-0c8466b0707e"
"57ad2435-d0d0-4bfb-9cc3-08b95b5d89a5","93734c59-4495-4e6d-b3d8-5787132af04b","NOGP_017.mammalGrid.mam","D09","NOGP","NOGP_017","A7","distributed","grasslandHerbaceous",46.791856,-100.918686,"WGS84",45.1,556.8,0.1,"6 - trap set and empty","ShermanXLK","2025-07-17","2025-07-17",,,,,,,,,,,,,,,,,,,,,,,,,,,,,,,,,,,,,,,,,,,,,"0009-0000-8940-8632","0009-0000-9880-3001",,,,,"fbd857bb-c501-459a-8d29-65d08528cb98"
"55242f04-fade-4a11-8453-a86e6ed1f4ae","93734c59-4495-4e6d-b3d8-5787132af04b","NOGP_017.mammalGrid.mam","D09","NOGP","NOGP_017","D9","distributed","grasslandHerbaceous",46.791856,-100.918686,"WGS84",45.1,556.8,0.1,"6 - trap set and empty","ShermanXLK","2025-07-17","2025-07-17",,,,,,,,,,,,,,,,,,,,,,,,,,,,,,,,,,,,,,,,,,,,,"0009-0000-8940-8632","0009-0000-9880-3001",,,,,"6af83927-4c13-47b5-a5c4-9c4a21abcf35"
"5482faf7-3e3c-46c5-ac7e-ce5e81456206","08013004-00a2-44c4-b817-0943370934d8","NOGP_005.mammalGrid.mam","D09","NOGP","NOGP_005","C9","distributed","grasslandHerbaceous",46.788065,-100.913882,"WGS84",45.1,562.2,0.1,"6 - trap set and empty","ShermanLF","2025-07-17","2025-07-17",,,,,,,,,,,,,,,,,,,,,,,,,,,,,,,,,,,,,,,,,,,,,"0009-0006-6432-3978","0009-0002-2817-390X",,,,,"30593c55-a8ef-47e4-8303-b64f5e60d25a"
"c45adb2f-97dd-430d-9782-60995b05e8e1","f9618582-97b0-4f21-8b83-4ce574a071d7","NOGP_002.mammalGrid.mam","D09","NOGP","NOGP_002","I9","distributed","grasslandHerbaceous",46.799664,-100.910770,"WGS84",45.1,547.4,0.1,"6 - trap set and empty","ShermanXLK","2025-07-17","2025-07-17",,,,,,,,,,,,,,,,,,,,,,,,,,,,,,,,,,,,,,,,,,,,,"0009-0000-8940-8632","0009-0000-9880-3001",,,,,"034c67b8-0ec9-4d4e-a52f-594abf8f2af9"
"2f8df666-b8ac-4f39-9847-7bc8d598f4eb","93734c59-4495-4e6d-b3d8-5787132af04b","NOGP_017.mammalGrid.mam","D09","NOGP","NOGP_017","G8","distributed","grasslandHerbaceous",46.791856,-100.918686,"WGS84",45.1,556.8,0.1,"6 - trap set and empty","ShermanXLK","2025-07-17","2025-07-17",,,,,,,,,,,,,,,,,,,,,,,,,,,,,,,,,,,,,,,,,,,,,"0009-0000-8940-8632","0009-0000-9880-3001",,,,,"0bf7dbd7-12f2-4363-951a-c58c01402653"
"df7d1d25-c2cd-4e99-918e-fc42b0e79252","b971c1d2-96f9-4981-84bc-c00829574e13","NOGP_014.mammalGrid.mam","D09","NOGP","NOGP_014","B4","distributed","grasslandHerbaceous",46.806003,-100.902845,"WGS84",45.1,526.4,0.1,"6 - trap set and empty","ShermanLF","2025-07-17","2025-07-17",,,,,,,,,,,,,,,,,,,,,,,,,,,,,,,,,,,,,,,,,,,,,"0009-0000-8940-8632","0009-0000-8940-8632",,,,,"7ae584e7-1d63-4f75-8109-976382e04666"
"bd196200-99ef-43e9-ac28-2dcca5fbd7af","93734c59-4495-4e6d-b3d8-5787132af04b","NOGP_017.mammalGrid.mam","D09","NOGP","NOGP_017","E7","distributed","grasslandHerbaceous",46.791856,-100.918686,"WGS84",45.1,556.8,0.1,"6 - trap set and empty","ShermanXLK","2025-07-17","2025-07-17",,,,,,,,,,,,,,,,,,,,,,,,,,,,,,,,,,,,,,,,,,,,,"0009-0000-8940-8632","0009-0000-9880-3001",,,,,"a835c85d-3c36-4cdd-844f-36b74dff35d5"
"dec56fd1-b26e-4cc0-87e6-5be33d219265","93734c59-4495-4e6d-b3d8-5787132af04b","NOGP_017.mammalGrid.mam","D09","NOGP","NOGP_017","B6","distributed","grasslandHerbaceous",46.791856,-100.918686,"WGS84",45.1,556.8,0.1,"6 - trap set and empty","ShermanXLK","2025-07-17","2025-07-17",,,,,,,,,,,,,,,,,,,,,,,,,,,,,,,,,,,,,,,,,,,,,"0009-0000-8940-8632","0009-0000-9880-3001",,,,,"6bc21ab0-04b3-41f8-b4e3-236898ed2c31"
"9ba0d7a7-ab75-41c7-b60a-4f35921bc2a0","08013004-00a2-44c4-b817-0943370934d8","NOGP_005.mammalGrid.mam","D09","NOGP","NOGP_005","B6","distributed","grasslandHerbaceous",46.788065,-100.913882,"WGS84",45.1,562.2,0.1,"6 - trap set and empty","ShermanLF","2025-07-17","2025-07-17",,,,,,,,,,,,,,,,,,,,,,,,,,,,,,,,,,,,,,,,,,,,,"0009-0006-6432-3978","0009-0002-2817-390X",,,,,"088974e2-d044-4f60-b448-ed0f1b2b8bfd"
"698ccc37-e205-49bc-b1ca-2779f003591a","f9618582-97b0-4f21-8b83-4ce574a071d7","NOGP_002.mammalGrid.mam","D09","NOGP","NOGP_002","D7","distributed","grasslandHerbaceous",46.799664,-100.910770,"WGS84",45.1,547.4,0.1,"6 - trap set and empty","ShermanXLK","2025-07-17","2025-07-17",,,,,,,,,,,,,,,,,,,,,,,,,,,,,,,,,,,,,,,,,,,,,"0009-0000-8940-8632","0009-0000-9880-3001",,,,,"ff5bf604-5a9b-475d-a1be-9bc432f97f82"
"80e5d1de-24d7-4b83-a307-19faa91956b1","08013004-00a2-44c4-b817-0943370934d8","NOGP_005.mammalGrid.mam","D09","NOGP","NOGP_005","C3","distributed","grasslandHerbaceous",46.788065,-100.913882,"WGS84",45.1,562.2,0.1,"6 - trap set and empty","ShermanLF","2025-07-17","2025-07-17",,,,,,,,,,,,,,,,,,,,,,,,,,,,,,,,,,,,,,,,,,,,,"0009-0006-6432-3978","0009-0002-2817-390X",,,,,"c9777e12-d3d5-4957-b43b-eb6a928aa914"
"48942521-f30e-4e67-bf92-739f818806a1","f9618582-97b0-4f21-8b83-4ce574a071d7","NOGP_002.mammalGrid.mam","D09","NOGP","NOGP_002","I1","distributed","grasslandHerbaceous",46.799664,-100.910770,"WGS84",45.1,547.4,0.1,"2 - trap disturbed/door closed but empty","ShermanXLK","2025-07-17","2025-07-17",,,,,,,,,,,,,,,,,,,,,,,,,,,,,"did not check","dry ice",,,,,,,,,,,,,,,"0009-0000-8940-8632","0009-0000-9880-3001",,,,,"5fcd7a28-08c9-4ef7-a5e6-03cd245237ff"
"2393877a-795b-40f5-b934-f291310a6105","08013004-00a2-44c4-b817-0943370934d8","NOGP_005.mammalGrid.mam","D09","NOGP","NOGP_005","A5","distributed","grasslandHerbaceous",46.788065,-100.913882,"WGS84",45.1,562.2,0.1,"6 - trap set and empty","ShermanLF","2025-07-17","2025-07-17",,,,,,,,,,,,,,,,,,,,,,,,,,,,,,,,,,,,,,,,,,,,,"0009-0006-6432-3978","0009-0002-2817-390X",,,,,"d782efe2-e59e-421c-b031-124177072f72"
"c2276b4b-93ed-4a8e-aecd-0538d6c1f323","08013004-00a2-44c4-b817-0943370934d8","NOGP_005.mammalGrid.mam","D09","NOGP","NOGP_005","F3","distributed","grasslandHerbaceous",46.788065,-100.913882,"WGS84",45.1,562.2,0.1,"5 - capture","ShermanLF","2025-07-17","2025-07-17","NEON.MAM.D09.R8307",,"PEMA","Peromyscus maniculatus","species",,,,,"N","F","Y","processed",,"adult",,"nonenlarged","not","neither",19,,,,19,"N","N","N",,"fleas","dry ice",,,,,,,,,,,,,,,"0009-0006-6432-3978","0009-0002-2817-390X",,,,,"8adb2037-942c-47cd-8c55-94ceb04f8a29"
"4fb84def-214f-4648-8905-97ad42248242","08013004-00a2-44c4-b817-0943370934d8","NOGP_005.mammalGrid.mam","D09","NOGP","NOGP_005","I1","distributed","grasslandHerbaceous",46.788065,-100.913882,"WGS84",45.1,562.2,0.1,"3 - trap door open or closed w/ spoor left","ShermanLF","2025-07-17","2025-07-17",,,,,,,,,,,,,,,,,,,,,,,,,,,,,"did not check","dry ice",,,,,,,,,,,,,,,"0009-0006-6432-3978","0009-0002-2817-390X",,,,,"6ef1eb35-ac71-4492-ac4d-fe6f4e78bea3"
"47020372-ab34-4a1c-97ab-d11e53f14210","93734c59-4495-4e6d-b3d8-5787132af04b","NOGP_017.mammalGrid.mam","D09","NOGP","NOGP_017","J10","distributed","grasslandHerbaceous",46.791856,-100.918686,"WGS84",45.1,556.8,0.1,"6 - trap set and empty","ShermanXLK","2025-07-17","2025-07-17",,,,,,,,,,,,,,,,,,,,,,,,,,,,,,,,,,,,,,,,,,,,,"0009-0000-8940-8632","0009-0000-9880-3001",,,,,"028e33fb-9ad3-42be-bc18-4bb4028b17d0"
"4a6c1f9e-5ce7-4ef7-88eb-cd8df6cabafb","b971c1d2-96f9-4981-84bc-c00829574e13","NOGP_014.mammalGrid.mam","D09","NOGP","NOGP_014","D5","distributed","grasslandHerbaceous",46.806003,-100.902845,"WGS84",45.1,526.4,0.1,"6 - trap set and empty","ShermanLF","2025-07-17","2025-07-17",,,,,,,,,,,,,,,,,,,,,,,,,,,,,,,,,,,,,,,,,,,,,"0009-0000-8940-8632","0009-0000-8940-8632",,,,,"6664ec76-79ea-4b0d-9635-e6293a63f4a0"
"7cae7b98-0896-4e9e-8dbf-281637c7eb0e","08013004-00a2-44c4-b817-0943370934d8","NOGP_005.mammalGrid.mam","D09","NOGP","NOGP_005","H6","distributed","grasslandHerbaceous",46.788065,-100.913882,"WGS84",45.1,562.2,0.1,"6 - trap set and empty","ShermanLF","2025-07-17","2025-07-17",,,,,,,,,,,,,,,,,,,,,,,,,,,,,,,,,,,,,,,,,,,,,"0009-0006-6432-3978","0009-0002-2817-390X",,,,,"b3fc36ff-acfd-4214-b7a3-f316193d4e5b"
"9178bca5-84c0-410a-bebb-7744e0b9f55a","b971c1d2-96f9-4981-84bc-c00829574e13","NOGP_014.mammalGrid.mam","D09","NOGP","NOGP_014","H10","distributed","grasslandHerbaceous",46.806003,-100.902845,"WGS84",45.1,526.4,0.1,"6 - trap set and empty","ShermanLF","2025-07-17","2025-07-17",,,,,,,,,,,,,,,,,,,,,,,,,,,,,,,,,,,,,,,,,,,,,"0009-0000-8940-8632","0009-0000-8940-8632",,,,,"1ad63bca-0894-4054-a8be-7bd4d08310f4"
"3a9b84c9-0db7-47e7-99c9-b63aff0814c8","93734c59-4495-4e6d-b3d8-5787132af04b","NOGP_017.mammalGrid.mam","D09","NOGP","NOGP_017","D6","distributed","grasslandHerbaceous",46.791856,-100.918686,"WGS84",45.1,556.8,0.1,"6 - trap set and empty","ShermanXLK","2025-07-17","2025-07-17",,,,,,,,,,,,,,,,,,,,,,,,,,,,,,,,,,,,,,,,,,,,,"0009-0000-8940-8632","0009-0000-9880-3001",,,,,"a192df1a-5583-4867-b7ec-49eab966c02a"
"abba51b4-a2ae-41cc-96fc-fa8cc8ea2e0f","b971c1d2-96f9-4981-84bc-c00829574e13","NOGP_014.mammalGrid.mam","D09","NOGP","NOGP_014","A2","distributed","grasslandHerbaceous",46.806003,-100.902845,"WGS84",45.1,526.4,0.1,"6 - trap set and empty","ShermanLF","2025-07-17","2025-07-17",,,,,,,,,,,,,,,,,,,,,,,,,,,,,,,,,,,,,,,,,,,,,"0009-0000-8940-8632","0009-0000-8940-8632",,,,,"6519b16e-adbd-489a-bac9-30aa4e6816c4"
"a07c8a0e-eb68-47c9-a53d-4049ed75de9d","f9618582-97b0-4f21-8b83-4ce574a071d7","NOGP_002.mammalGrid.mam","D09","NOGP","NOGP_002","B1","distributed","grasslandHerbaceous",46.799664,-100.910770,"WGS84",45.1,547.4,0.1,"6 - trap set and empty","ShermanXLK","2025-07-17","2025-07-17",,,,,,,,,,,,,,,,,,,,,,,,,,,,,,,,,,,,,,,,,,,,,"0009-0000-8940-8632","0009-0000-9880-3001",,,,,"1d3237fc-958d-4788-9171-f8400b0b736a"
"34a98212-d3c1-4a39-84f9-daeb5d868b14","f9618582-97b0-4f21-8b83-4ce574a071d7","NOGP_002.mammalGrid.mam","D09","NOGP","NOGP_002","F9","distributed","grasslandHerbaceous",46.799664,-100.910770,"WGS84",45.1,547.4,0.1,"6 - trap set and empty","ShermanXLK","2025-07-17","2025-07-17",,,,,,,,,,,,,,,,,,,,,,,,,,,,,,,,,,,,,,,,,,,,,"0009-0000-8940-8632","0009-0000-9880-3001",,,,,"4cd1566b-ef61-47d3-b09c-6ecdaa153b65"
"099fc61c-4f9d-4f5b-a3eb-cadebb59ce25","93734c59-4495-4e6d-b3d8-5787132af04b","NOGP_017.mammalGrid.mam","D09","NOGP","NOGP_017","C6","distributed","grasslandHerbaceous",46.791856,-100.918686,"WGS84",45.1,556.8,0.1,"6 - trap set and empty","ShermanXLK","2025-07-17","2025-07-17",,,,,,,,,,,,,,,,,,,,,,,,,,,,,,,,,,,,,,,,,,,,,"0009-0000-8940-8632","0009-0000-9880-3001",,,,,"ea28702b-310c-4451-83f4-7626a5b8fdf2"
"84912981-5b05-4c71-a75d-ea126cdbf964","b971c1d2-96f9-4981-84bc-c00829574e13","NOGP_014.mammalGrid.mam","D09","NOGP","NOGP_014","H1","distributed","grasslandHerbaceous",46.806003,-100.902845,"WGS84",45.1,526.4,0.1,"6 - trap set and empty","ShermanLF","2025-07-17","2025-07-17",,,,,,,,,,,,,,,,,,,,,,,,,,,,,,,,,,,,,,,,,,,,,"0009-0000-8940-8632","0009-0000-8940-8632",,,,,"89d66c93-bd0f-43bf-a51d-b793b5c40f1e"
"3482d626-1a15-4f74-8ea3-d5c4be5b6a91","b971c1d2-96f9-4981-84bc-c00829574e13","NOGP_014.mammalGrid.mam","D09","NOGP","NOGP_014","B1","distributed","grasslandHerbaceous",46.806003,-100.902845,"WGS84",45.1,526.4,0.1,"6 - trap set and empty","ShermanLF","2025-07-17","2025-07-17",,,,,,,,,,,,,,,,,,,,,,,,,,,,,,,,,,,,,,,,,,,,,"0009-0000-8940-8632","0009-0000-8940-8632",,,,,"bc606a4a-fa5a-43ca-8846-1917ec59f60b"
"ffcab95d-2475-4786-93b1-85dbda8152c7","f9618582-97b0-4f21-8b83-4ce574a071d7","NOGP_002.mammalGrid.mam","D09","NOGP","NOGP_002","D2","distributed","grasslandHerbaceous",46.799664,-100.910770,"WGS84",45.1,547.4,0.1,"6 - trap set and empty","ShermanXLK","2025-07-17","2025-07-17",,,,,,,,,,,,,,,,,,,,,,,,,,,,,,,,,,,,,,,,,,,,,"0009-0000-8940-8632","0009-0000-9880-3001",,,,,"c07193fd-d366-4f51-90e4-9b01cccad481"
"69075c20-3c26-4455-bb65-6d392f279f68","b971c1d2-96f9-4981-84bc-c00829574e13","NOGP_014.mammalGrid.mam","D09","NOGP","NOGP_014","F9","distributed","grasslandHerbaceous",46.806003,-100.902845,"WGS84",45.1,526.4,0.1,"6 - trap set and empty","ShermanLF","2025-07-17","2025-07-17",,,,,,,,,,,,,,,,,,,,,,,,,,,,,,,,,,,,,,,,,,,,,"0009-0000-8940-8632","0009-0000-8940-8632",,,,,"7bb63d97-7fb5-432b-a927-c01d102ecf33"
"49bab0af-06e6-4301-9fcf-0a265acb4c38","f9618582-97b0-4f21-8b83-4ce574a071d7","NOGP_002.mammalGrid.mam","D09","NOGP","NOGP_002","J6","distributed","grasslandHerbaceous",46.799664,-100.910770,"WGS84",45.1,547.4,0.1,"6 - trap set and empty","ShermanXLK","2025-07-17","2025-07-17",,,,,,,,,,,,,,,,,,,,,,,,,,,,,,,,,,,,,,,,,,,,,"0009-0000-8940-8632","0009-0000-9880-3001",,,,,"edfdbdc9-b112-4cb6-bf6d-90465775f96c"
"61233f70-d852-4fc3-8f9a-be4a36cf060f","f9618582-97b0-4f21-8b83-4ce574a071d7","NOGP_002.mammalGrid.mam","D09","NOGP","NOGP_002","J3","distributed","grasslandHerbaceous",46.799664,-100.910770,"WGS84",45.1,547.4,0.1,"3 - trap door open or closed w/ spoor left","ShermanXLK","2025-07-17","2025-07-17",,,,,,,,,,,,,,,,,,,,,,,,,,,,,"did not check","dry ice",,,,,,,,,,,,,,,"0009-0000-8940-8632","0009-0000-9880-3001",,,,,"6c6fb3e1-a097-4b18-b5e2-753dcf14a61b"
"8b5a82fe-db83-48ae-9f06-9e2c98363d1a","93734c59-4495-4e6d-b3d8-5787132af04b","NOGP_017.mammalGrid.mam","D09","NOGP","NOGP_017","C7","distributed","grasslandHerbaceous",46.791856,-100.918686,"WGS84",45.1,556.8,0.1,"5 - capture","ShermanXLK","2025-07-17","2025-07-17","NEON.MAM.D09.L8845",,"MIPE","Microtus pennsylvanicus","species",,,,,"N","M","Y","processed",,"adult","nonscrotal",,,,18,,,,24,"N","N","N",,"none","dry ice",,,,,,,,,,,,,,,"0009-0000-8940-8632","0009-0000-9880-3001",,,,,"c9a59e83-4018-4070-866d-1a8e9635009e"
"0c9aac80-e39e-48b9-923e-c4abe897b28e","93734c59-4495-4e6d-b3d8-5787132af04b","NOGP_017.mammalGrid.mam","D09","NOGP","NOGP_017","F5","distributed","grasslandHerbaceous",46.791856,-100.918686,"WGS84",45.1,556.8,0.1,"5 - capture","ShermanXLK","2025-07-17","2025-07-17","NEON.MAM.D09.L8607",,"MIPE","Microtus pennsylvanicus","species",,,,,"N","M","Y","processed",,"adult","nonscrotal",,,,18,,,,28,"N","N","N",,"none","dry ice",,,,,,,,,,,,,,,"0009-0000-8940-8632","0009-0000-9880-3001",,,,,"962d67e7-09c7-46bd-bd1d-406796dc787f"
"44a300b3-831f-45e7-8aa8-db0c38cc1c2f","08013004-00a2-44c4-b817-0943370934d8","NOGP_005.mammalGrid.mam","D09","NOGP","NOGP_005","J9","distributed","grasslandHerbaceous",46.788065,-100.913882,"WGS84",45.1,562.2,0.1,"6 - trap set and empty","ShermanLF","2025-07-17","2025-07-17",,,,,,,,,,,,,,,,,,,,,,,,,,,,,,,,,,,,,,,,,,,,,"0009-0006-6432-3978","0009-0002-2817-390X",,,,,"2c8fa2c3-94ef-42d8-bac9-c8edad452013"
"d8b8c235-9b14-48fe-9518-dd2f73bc38e7","b971c1d2-96f9-4981-84bc-c00829574e13","NOGP_014.mammalGrid.mam","D09","NOGP","NOGP_014","I6","distributed","grasslandHerbaceous",46.806003,-100.902845,"WGS84",45.1,526.4,0.1,"6 - trap set and empty","ShermanLF","2025-07-17","2025-07-17",,,,,,,,,,,,,,,,,,,,,,,,,,,,,,,,,,,,,,,,,,,,,"0009-0000-8940-8632","0009-0000-8940-8632",,,,,"ef5392b6-0628-4b65-b1db-1f82138cfb80"
"950cbd09-3390-4154-89e0-4cf8bd1ce396","08013004-00a2-44c4-b817-0943370934d8","NOGP_005.mammalGrid.mam","D09","NOGP","NOGP_005","G5","distributed","grasslandHerbaceous",46.788065,-100.913882,"WGS84",45.1,562.2,0.1,"3 - trap door open or closed w/ spoor left","ShermanLF","2025-07-17","2025-07-17",,,,,,,,,,,,,,,,,,,,,,,,,,,,,"did not check","dry ice",,,,,,,,,,,,,,,"0009-0006-6432-3978","0009-0002-2817-390X",,,,,"e0f403e0-eeb8-4670-9fd5-41092e1d442a"
"0f5340f5-1f13-4ab2-8d60-a91ee42e28eb","b971c1d2-96f9-4981-84bc-c00829574e13","NOGP_014.mammalGrid.mam","D09","NOGP","NOGP_014","I10","distributed","grasslandHerbaceous",46.806003,-100.902845,"WGS84",45.1,526.4,0.1,"6 - trap set and empty","ShermanLF","2025-07-17","2025-07-17",,,,,,,,,,,,,,,,,,,,,,,,,,,,,,,,,,,,,,,,,,,,,"0009-0000-8940-8632","0009-0000-8940-8632",,,,,"a1cfb97c-c030-41ac-a55b-0a0df505a1ca"
"27b6b9e4-0bfd-47c9-abcc-632048f75c0a","b971c1d2-96f9-4981-84bc-c00829574e13","NOGP_014.mammalGrid.mam","D09","NOGP","NOGP_014","D9","distributed","grasslandHerbaceous",46.806003,-100.902845,"WGS84",45.1,526.4,0.1,"6 - trap set and empty","ShermanLF","2025-07-17","2025-07-17",,,,,,,,,,,,,,,,,,,,,,,,,,,,,,,,,,,,,,,,,,,,,"0009-0000-8940-8632","0009-0000-8940-8632",,,,,"122ac07d-871d-4b5f-befc-5bac2b82ef9a"
"5c62fa9a-5acd-4247-a328-243f9e2e99d0","08013004-00a2-44c4-b817-0943370934d8","NOGP_005.mammalGrid.mam","D09","NOGP","NOGP_005","G1","distributed","grasslandHerbaceous",46.788065,-100.913882,"WGS84",45.1,562.2,0.1,"6 - trap set and empty","ShermanLF","2025-07-17","2025-07-17",,,,,,,,,,,,,,,,,,,,,,,,,,,,,,,,,,,,,,,,,,,,,"0009-0006-6432-3978","0009-0002-2817-390X",,,,,"9780360b-9a4b-4e9a-87ab-d9c7502f6a45"
"d44675d2-9de8-425e-bc6b-8ff9e9b60e28","93734c59-4495-4e6d-b3d8-5787132af04b","NOGP_017.mammalGrid.mam","D09","NOGP","NOGP_017","I9","distributed","grasslandHerbaceous",46.791856,-100.918686,"WGS84",45.1,556.8,0.1,"6 - trap set and empty","ShermanXLK","2025-07-17","2025-07-17",,,,,,,,,,,,,,,,,,,,,,,,,,,,,,,,,,,,,,,,,,,,,"0009-0000-8940-8632","0009-0000-9880-3001",,,,,"f85b4624-ea7a-4269-8745-6b22b102a484"
"ddbce4c4-b254-4674-a321-a1538f5e1791","f9618582-97b0-4f21-8b83-4ce574a071d7","NOGP_002.mammalGrid.mam","D09","NOGP","NOGP_002","H1","distributed","grasslandHerbaceous",46.799664,-100.910770,"WGS84",45.1,547.4,0.1,"6 - trap set and empty","ShermanXLK","2025-07-17","2025-07-17",,,,,,,,,,,,,,,,,,,,,,,,,,,,,,,,,,,,,,,,,,,,,"0009-0000-8940-8632","0009-0000-9880-3001",,,,,"e4b1a2ae-7623-41d2-bcd2-9687e7d6f990"
"255d9167-9a14-4537-b9f4-a57d8dac3435","f9618582-97b0-4f21-8b83-4ce574a071d7","NOGP_002.mammalGrid.mam","D09","NOGP","NOGP_002","I5","distributed","grasslandHerbaceous",46.799664,-100.910770,"WGS84",45.1,547.4,0.1,"5 - capture","ShermanXLK","2025-07-17","2025-07-17","NEON.MAM.D09.R8839",,"MIPE","Microtus pennsylvanicus","species",,,,,"N","M","N","processed",,"adult","nonscrotal",,,,20,,,,26,"N","N","N",,"none","dry ice","NOGP.20250717.R8839.B","D00000245550","mandibular",,"NOGP.20250717.R8839.F","D00000245564","ok","NOGP.20250717.R8839.E","D00000245555","NOGP.20250717.R8839.H","A00000378827","hairAndWhisker",,,"0009-0000-8940-8632","0009-0000-9880-3001",,,,,"1bdf0f64-c346-4a08-9aa8-0c059bb68085"
"29f63077-4381-4ae2-ae8f-08d918d35226","93734c59-4495-4e6d-b3d8-5787132af04b","NOGP_017.mammalGrid.mam","D09","NOGP","NOGP_017","B5","distributed","grasslandHerbaceous",46.791856,-100.918686,"WGS84",45.1,556.8,0.1,"6 - trap set and empty","ShermanXLK","2025-07-17","2025-07-17",,,,,,,,,,,,,,,,,,,,,,,,,,,,,,,,,,,,,,,,,,,,,"0009-0000-8940-8632","0009-0000-9880-3001",,,,,"39c8d3de-4a7c-46c4-a4b5-57a3641529b6"
"3939edcc-ee40-4844-90ca-3f2abe46617b","f9618582-97b0-4f21-8b83-4ce574a071d7","NOGP_002.mammalGrid.mam","D09","NOGP","NOGP_002","C9","distributed","grasslandHerbaceous",46.799664,-100.910770,"WGS84",45.1,547.4,0.1,"3 - trap door open or closed w/ spoor left","ShermanXLK","2025-07-17","2025-07-17",,,,,,,,,,,,,,,,,,,,,,,,,,,,,"did not check","dry ice",,,,,,,,,,,,,,,"0009-0000-8940-8632","0009-0000-9880-3001",,,,,"2cc1204b-97c6-4a33-94c6-1494605fd605"
"9905d566-9a0a-4b78-b355-b2bd8ec8de6b","b971c1d2-96f9-4981-84bc-c00829574e13","NOGP_014.mammalGrid.mam","D09","NOGP","NOGP_014","D2","distributed","grasslandHerbaceous",46.806003,-100.902845,"WGS84",45.1,526.4,0.1,"6 - trap set and empty","ShermanLF","2025-07-17","2025-07-17",,,,,,,,,,,,,,,,,,,,,,,,,,,,,,,,,,,,,,,,,,,,,"0009-0000-8940-8632","0009-0000-8940-8632",,,,,"ba69fe08-14db-4288-8009-e06fff13c95d"
"766abe77-01f2-4365-8705-7005ceed21a0","f9618582-97b0-4f21-8b83-4ce574a071d7","NOGP_002.mammalGrid.mam","D09","NOGP","NOGP_002","I4","distributed","grasslandHerbaceous",46.799664,-100.910770,"WGS84",45.1,547.4,0.1,"5 - capture","ShermanXLK","2025-07-17","2025-07-17","NEON.MAM.D09.R9198",,"REME","Reithrodontomys megalotis","species",,,,,"N","F","Y","processed",,"adult",,"enlarged","unknown","neither",16,,,,14,"N","N","N",,"none","dry ice",,,,,"NOGP.20250717.R9198.F","D00000245545","ok",,,,,,,,"0009-0000-8940-8632","0009-0000-9880-3001",,,,,"9fa76bf1-d635-4653-9f7c-b7a2f254ee90"
"7e2de782-3adc-4cb7-8acc-bc09eda8ea20","08013004-00a2-44c4-b817-0943370934d8","NOGP_005.mammalGrid.mam","D09","NOGP","NOGP_005","J4","distributed","grasslandHerbaceous",46.788065,-100.913882,"WGS84",45.1,562.2,0.1,"6 - trap set and empty","ShermanLF","2025-07-17","2025-07-17",,,,,,,,,,,,,,,,,,,,,,,,,,,,,,,,,,,,,,,,,,,,,"0009-0006-6432-3978","0009-0002-2817-390X",,,,,"21ac5f09-4f18-423c-bb11-811d4a0c9670"
"55083451-575a-4d24-85ea-90c3165bb76c","b971c1d2-96f9-4981-84bc-c00829574e13","NOGP_014.mammalGrid.mam","D09","NOGP","NOGP_014","E8","distributed","grasslandHerbaceous",46.806003,-100.902845,"WGS84",45.1,526.4,0.1,"6 - trap set and empty","ShermanLF","2025-07-17","2025-07-17",,,,,,,,,,,,,,,,,,,,,,,,,,,,,,,,,,,,,,,,,,,,,"0009-0000-8940-8632","0009-0000-8940-8632",,,,,"44d54415-b5e8-4d86-bd31-7c7c64421ea6"
"005a2dba-d7a9-41cc-a0c5-ff0b033be45a","f9618582-97b0-4f21-8b83-4ce574a071d7","NOGP_002.mammalGrid.mam","D09","NOGP","NOGP_002","A10","distributed","grasslandHerbaceous",46.799664,-100.910770,"WGS84",45.1,547.4,0.1,"6 - trap set and empty","ShermanXLK","2025-07-17","2025-07-17",,,,,,,,,,,,,,,,,,,,,,,,,,,,,,,,,,,,,,,,,,,,,"0009-0000-8940-8632","0009-0000-9880-3001",,,,,"a1eef097-62c9-4f73-88f7-1257b13d3acf"
"67d5800a-d271-4b71-9eef-fa057ddc1b57","93734c59-4495-4e6d-b3d8-5787132af04b","NOGP_017.mammalGrid.mam","D09","NOGP","NOGP_017","G3","distributed","grasslandHerbaceous",46.791856,-100.918686,"WGS84",45.1,556.8,0.1,"6 - trap set and empty","ShermanXLK","2025-07-17","2025-07-17",,,,,,,,,,,,,,,,,,,,,,,,,,,,,,,,,,,,,,,,,,,,,"0009-0000-8940-8632","0009-0000-9880-3001",,,,,"a2926304-756c-4533-ad16-e56ce667f806"
"c0b8cc3c-beff-4fcb-b447-a223fa30ab4d","08013004-00a2-44c4-b817-0943370934d8","NOGP_005.mammalGrid.mam","D09","NOGP","NOGP_005","D4","distributed","grasslandHerbaceous",46.788065,-100.913882,"WGS84",45.1,562.2,0.1,"6 - trap set and empty","ShermanLF","2025-07-17","2025-07-17",,,,,,,,,,,,,,,,,,,,,,,,,,,,,,,,,,,,,,,,,,,,,"0009-0006-6432-3978","0009-0002-2817-390X",,,,,"e226efae-4927-4831-aea5-96ed6f37e282"
"477442c1-a783-4008-8dd3-1ba2345f6710","f9618582-97b0-4f21-8b83-4ce574a071d7","NOGP_002.mammalGrid.mam","D09","NOGP","NOGP_002","A6","distributed","grasslandHerbaceous",46.799664,-100.910770,"WGS84",45.1,547.4,0.1,"6 - trap set and empty","ShermanXLK","2025-07-17","2025-07-17",,,,,,,,,,,,,,,,,,,,,,,,,,,,,,,,,,,,,,,,,,,,,"0009-0000-8940-8632","0009-0000-9880-3001",,,,,"12d24619-3ea0-4350-8d5b-faf7cac1f9f6"
"ba716284-059a-4c77-a1e3-a37cd4c641ce","93734c59-4495-4e6d-b3d8-5787132af04b","NOGP_017.mammalGrid.mam","D09","NOGP","NOGP_017","E6","distributed","grasslandHerbaceous",46.791856,-100.918686,"WGS84",45.1,556.8,0.1,"6 - trap set and empty","ShermanXLK","2025-07-17","2025-07-17",,,,,,,,,,,,,,,,,,,,,,,,,,,,,,,,,,,,,,,,,,,,,"0009-0000-8940-8632","0009-0000-9880-3001",,,,,"9925f51f-11ca-4d1f-b925-c1fd2e593c4e"
"5948b989-0e8b-407d-bb5f-e1da7076c7e3","b971c1d2-96f9-4981-84bc-c00829574e13","NOGP_014.mammalGrid.mam","D09","NOGP","NOGP_014","H9","distributed","grasslandHerbaceous",46.806003,-100.902845,"WGS84",45.1,526.4,0.1,"6 - trap set and empty","ShermanLF","2025-07-17","2025-07-17",,,,,,,,,,,,,,,,,,,,,,,,,,,,,,,,,,,,,,,,,,,,,"0009-0000-8940-8632","0009-0000-8940-8632",,,,,"1a991349-2752-4f2f-9894-211197d81f7a"
"e22392b2-cb75-4162-89d6-e3bc45b05d75","93734c59-4495-4e6d-b3d8-5787132af04b","NOGP_017.mammalGrid.mam","D09","NOGP","NOGP_017","J9","distributed","grasslandHerbaceous",46.791856,-100.918686,"WGS84",45.1,556.8,0.1,"6 - trap set and empty","ShermanXLK","2025-07-17","2025-07-17",,,,,,,,,,,,,,,,,,,,,,,,,,,,,,,,,,,,,,,,,,,,,"0009-0000-8940-8632","0009-0000-9880-3001",,,,,"0fe1fe12-9545-4379-a97c-5badad1accea"
"1c3bfa8e-5330-4706-a893-4273d4acd09e","f9618582-97b0-4f21-8b83-4ce574a071d7","NOGP_002.mammalGrid.mam","D09","NOGP","NOGP_002","G2","distributed","grasslandHerbaceous",46.799664,-100.910770,"WGS84",45.1,547.4,0.1,"6 - trap set and empty","ShermanXLK","2025-07-17","2025-07-17",,,,,,,,,,,,,,,,,,,,,,,,,,,,,,,,,,,,,,,,,,,,,"0009-0000-8940-8632","0009-0000-9880-3001",,,,,"a03dca08-44ac-4204-8931-f60e6a7c1901"
"a59e3adb-cbc5-4d43-9c8c-254161cba077","93734c59-4495-4e6d-b3d8-5787132af04b","NOGP_017.mammalGrid.mam","D09","NOGP","NOGP_017","A2","distributed","grasslandHerbaceous",46.791856,-100.918686,"WGS84",45.1,556.8,0.1,"5 - capture","ShermanXLK","2025-07-17","2025-07-17","NEON.MAM.D09.L9182",,"PELE","Peromyscus leucopus","species",,,,,"N","M","Y","processed",,"adult","scrotal",,,,20,,,,19,"N","N","N",,"none","dry ice",,,,,"NOGP.20250717.L9182.F","D00000245967","ok",,,,,,,,"0009-0000-8940-8632","0009-0000-9880-3001",,,,,"4914d5c8-f5b5-4798-9506-cc600edc0a56"
"fcd67540-b2c4-40b7-8ba8-b43f426fa781","08013004-00a2-44c4-b817-0943370934d8","NOGP_005.mammalGrid.mam","D09","NOGP","NOGP_005","F7","distributed","grasslandHerbaceous",46.788065,-100.913882,"WGS84",45.1,562.2,0.1,"6 - trap set and empty","ShermanLF","2025-07-17","2025-07-17",,,,,,,,,,,,,,,,,,,,,,,,,,,,,,,,,,,,,,,,,,,,,"0009-0006-6432-3978","0009-0002-2817-390X",,,,,"2f0a2e9f-2964-4f52-81f4-e88e5aff656b"
"4cede0b0-922b-4ab7-9338-39e67f2b0d28","f9618582-97b0-4f21-8b83-4ce574a071d7","NOGP_002.mammalGrid.mam","D09","NOGP","NOGP_002","A1","distributed","grasslandHerbaceous",46.799664,-100.910770,"WGS84",45.1,547.4,0.1,"6 - trap set and empty","ShermanXLK","2025-07-17","2025-07-17",,,,,,,,,,,,,,,,,,,,,,,,,,,,,,,,,,,,,,,,,,,,,"0009-0000-8940-8632","0009-0000-9880-3001",,,,,"ff162d67-6f94-48cd-97cd-2d95978d71d1"
"789d2ab7-888b-49ca-a1d8-42a419d2419b","b971c1d2-96f9-4981-84bc-c00829574e13","NOGP_014.mammalGrid.mam","D09","NOGP","NOGP_014","F4","distributed","grasslandHerbaceous",46.806003,-100.902845,"WGS84",45.1,526.4,0.1,"6 - trap set and empty","ShermanLF","2025-07-17","2025-07-17",,,,,,,,,,,,,,,,,,,,,,,,,,,,,,,,,,,,,,,,,,,,,"0009-0000-8940-8632","0009-0000-8940-8632",,,,,"d96d632b-5a59-40f4-a04d-7b0648a8acf9"
"69646bd0-fad4-4ae6-89d9-cb385d9c00b3","f9618582-97b0-4f21-8b83-4ce574a071d7","NOGP_002.mammalGrid.mam","D09","NOGP","NOGP_002","G1","distributed","grasslandHerbaceous",46.799664,-100.910770,"WGS84",45.1,547.4,0.1,"6 - trap set and empty","ShermanXLK","2025-07-17","2025-07-17",,,,,,,,,,,,,,,,,,,,,,,,,,,,,,,,,,,,,,,,,,,,,"0009-0000-8940-8632","0009-0000-9880-3001",,,,,"27724dce-6673-43de-a6e7-dd08d4d4ec1b"
"d0626632-f9f0-4614-a0b0-3b289da48fff","93734c59-4495-4e6d-b3d8-5787132af04b","NOGP_017.mammalGrid.mam","D09","NOGP","NOGP_017","A6","distributed","grasslandHerbaceous",46.791856,-100.918686,"WGS84",45.1,556.8,0.1,"6 - trap set and empty","ShermanXLK","2025-07-17","2025-07-17",,,,,,,,,,,,,,,,,,,,,,,,,,,,,,,,,,,,,,,,,,,,,"0009-0000-8940-8632","0009-0000-9880-3001",,,,,"0e0ea8cb-c34b-421a-b514-bdd1012878f0"
"adb70f44-b62a-475a-b182-ac2ed479c169","f9618582-97b0-4f21-8b83-4ce574a071d7","NOGP_002.mammalGrid.mam","D09","NOGP","NOGP_002","C5","distributed","grasslandHerbaceous",46.799664,-100.910770,"WGS84",45.1,547.4,0.1,"6 - trap set and empty","ShermanXLK","2025-07-17","2025-07-17",,,,,,,,,,,,,,,,,,,,,,,,,,,,,,,,,,,,,,,,,,,,,"0009-0000-8940-8632","0009-0000-9880-3001",,,,,"b53ffbe7-4f48-4605-8d3f-fa8e56d5242f"
"5ceb6bb0-20cb-49c4-a5d4-0aecd5802d02","08013004-00a2-44c4-b817-0943370934d8","NOGP_005.mammalGrid.mam","D09","NOGP","NOGP_005","I4","distributed","grasslandHerbaceous",46.788065,-100.913882,"WGS84",45.1,562.2,0.1,"3 - trap door open or closed w/ spoor left","ShermanLF","2025-07-17","2025-07-17",,,,,,,,,,,,,,,,,,,,,,,,,,,,,"did not check","dry ice",,,,,,,,,,,,,,,"0009-0006-6432-3978","0009-0002-2817-390X",,,,,"9ee0846f-a4f5-4cf6-8635-e4836f5f2817"
"8cbfd1c2-307c-4f04-a5a6-c9648cee70c0","f9618582-97b0-4f21-8b83-4ce574a071d7","NOGP_002.mammalGrid.mam","D09","NOGP","NOGP_002","F4","distributed","grasslandHerbaceous",46.799664,-100.910770,"WGS84",45.1,547.4,0.1,"6 - trap set and empty","ShermanXLK","2025-07-17","2025-07-17",,,,,,,,,,,,,,,,,,,,,,,,,,,,,,,,,,,,,,,,,,,,,"0009-0000-8940-8632","0009-0000-9880-3001",,,,,"c9972277-1e66-4da9-96a8-38e140739392"
"2f19de82-b442-40f4-95e5-7e26563410d0","08013004-00a2-44c4-b817-0943370934d8","NOGP_005.mammalGrid.mam","D09","NOGP","NOGP_005","H7","distributed","grasslandHerbaceous",46.788065,-100.913882,"WGS84",45.1,562.2,0.1,"5 - capture","ShermanLF","2025-07-17","2025-07-17","NEON.MAM.D09.L8432",,"PELE","Peromyscus leucopus","species",,,,,"N","F","Y","processed",,"adult",,"nonenlarged","not","neither",21,,,,25,"N","N","N",,"none","dry ice",,,,,,,,,,,,,,,"0009-0006-6432-3978","0009-0002-2817-390X",,,,,"7bda7ce3-5e48-4786-ae87-5e75a12034e6"
"722e40c9-273e-4901-b6cc-0edf2a247cfa","f9618582-97b0-4f21-8b83-4ce574a071d7","NOGP_002.mammalGrid.mam","D09","NOGP","NOGP_002","E6","distributed","grasslandHerbaceous",46.799664,-100.910770,"WGS84",45.1,547.4,0.1,"6 - trap set and empty","ShermanXLK","2025-07-17","2025-07-17",,,,,,,,,,,,,,,,,,,,,,,,,,,,,,,,,,,,,,,,,,,,,"0009-0000-8940-8632","0009-0000-9880-3001",,,,,"ba723d9a-a231-4032-b167-51055b9b293c"
"15237439-d412-48e5-a043-8a44ef9a18ce","93734c59-4495-4e6d-b3d8-5787132af04b","NOGP_017.mammalGrid.mam","D09","NOGP","NOGP_017","C9","distributed","grasslandHerbaceous",46.791856,-100.918686,"WGS84",45.1,556.8,0.1,"6 - trap set and empty","ShermanXLK","2025-07-17","2025-07-17",,,,,,,,,,,,,,,,,,,,,,,,,,,,,,,,,,,,,,,,,,,,,"0009-0000-8940-8632","0009-0000-9880-3001",,,,,"43bb3aec-ce71-419c-ad3b-4bd21874b3a0"
"1cce7040-76b5-427a-8e66-d2a899fc87d5","b971c1d2-96f9-4981-84bc-c00829574e13","NOGP_014.mammalGrid.mam","D09","NOGP","NOGP_014","F10","distributed","grasslandHerbaceous",46.806003,-100.902845,"WGS84",45.1,526.4,0.1,"6 - trap set and empty","ShermanLF","2025-07-17","2025-07-17",,,,,,,,,,,,,,,,,,,,,,,,,,,,,,,,,,,,,,,,,,,,,"0009-0000-8940-8632","0009-0000-8940-8632",,,,,"2c9a57c4-61c7-47e9-a043-9db51363aa61"
"4636602f-9162-4d21-acac-b7a81ae9a2a2","f9618582-97b0-4f21-8b83-4ce574a071d7","NOGP_002.mammalGrid.mam","D09","NOGP","NOGP_002","H9","distributed","grasslandHerbaceous",46.799664,-100.910770,"WGS84",45.1,547.4,0.1,"6 - trap set and empty","ShermanXLK","2025-07-17","2025-07-17",,,,,,,,,,,,,,,,,,,,,,,,,,,,,,,,,,,,,,,,,,,,,"0009-0000-8940-8632","0009-0000-9880-3001",,,,,"b30adb1d-bb2e-4525-8012-816b76f6fd3c"
"d6f68043-a668-4349-9ca8-30547a6a5583","08013004-00a2-44c4-b817-0943370934d8","NOGP_005.mammalGrid.mam","D09","NOGP","NOGP_005","H5","distributed","grasslandHerbaceous",46.788065,-100.913882,"WGS84",45.1,562.2,0.1,"3 - trap door open or closed w/ spoor left","ShermanLF","2025-07-17","2025-07-17",,,,,,,,,,,,,,,,,,,,,,,,,,,,,"did not check","dry ice",,,,,,,,,,,,,,,"0009-0006-6432-3978","0009-0002-2817-390X",,,,,"c70f44b7-add1-492b-a91f-640d0a5d980e"
"d9ae497c-2717-4f81-9773-405940b5718f","08013004-00a2-44c4-b817-0943370934d8","NOGP_005.mammalGrid.mam","D09","NOGP","NOGP_005","D5","distributed","grasslandHerbaceous",46.788065,-100.913882,"WGS84",45.1,562.2,0.1,"6 - trap set and empty","ShermanLF","2025-07-17","2025-07-17",,,,,,,,,,,,,,,,,,,,,,,,,,,,,,,,,,,,,,,,,,,,,"0009-0006-6432-3978","0009-0002-2817-390X",,,,,"543279c2-3571-40e8-85e7-15fbb8f18369"
"0cf0fa0c-c6b6-48b2-800b-6a2505f91ff9","93734c59-4495-4e6d-b3d8-5787132af04b","NOGP_017.mammalGrid.mam","D09","NOGP","NOGP_017","D10","distributed","grasslandHerbaceous",46.791856,-100.918686,"WGS84",45.1,556.8,0.1,"6 - trap set and empty","ShermanXLK","2025-07-17","2025-07-17",,,,,,,,,,,,,,,,,,,,,,,,,,,,,,,,,,,,,,,,,,,,,"0009-0000-8940-8632","0009-0000-9880-3001",,,,,"9d893fad-7931-4527-b35a-6f29f78f6d0d"
"3ca3599c-f478-40fa-8719-11802e9ad72b","f9618582-97b0-4f21-8b83-4ce574a071d7","NOGP_002.mammalGrid.mam","D09","NOGP","NOGP_002","E5","distributed","grasslandHerbaceous",46.799664,-100.910770,"WGS84",45.1,547.4,0.1,"6 - trap set and empty","ShermanXLK","2025-07-17","2025-07-17",,,,,,,,,,,,,,,,,,,,,,,,,,,,,,,,,,,,,,,,,,,,,"0009-0000-8940-8632","0009-0000-9880-3001",,,,,"63ea237d-d02a-42f2-b369-b90fb21b122a"
"74d8e9a9-1a1e-4b3e-a58f-18a1032599c9","f9618582-97b0-4f21-8b83-4ce574a071d7","NOGP_002.mammalGrid.mam","D09","NOGP","NOGP_002","D10","distributed","grasslandHerbaceous",46.799664,-100.910770,"WGS84",45.1,547.4,0.1,"6 - trap set and empty","ShermanXLK","2025-07-17","2025-07-17",,,,,,,,,,,,,,,,,,,,,,,,,,,,,,,,,,,,,,,,,,,,,"0009-0000-8940-8632","0009-0000-9880-3001",,,,,"39a2523d-2994-4fb3-94df-cb5aba83681e"
"cdffbeb5-7232-4e97-bf38-6e3272d82ac9","b971c1d2-96f9-4981-84bc-c00829574e13","NOGP_014.mammalGrid.mam","D09","NOGP","NOGP_014","G8","distributed","grasslandHerbaceous",46.806003,-100.902845,"WGS84",45.1,526.4,0.1,"6 - trap set and empty","ShermanLF","2025-07-17","2025-07-17",,,,,,,,,,,,,,,,,,,,,,,,,,,,,,,,,,,,,,,,,,,,,"0009-0000-8940-8632","0009-0000-8940-8632",,,,,"c6a4465a-a78b-44b5-8cc4-7430eb358936"
"d894dd29-380c-4a99-ba30-9b54ca49d15b","f9618582-97b0-4f21-8b83-4ce574a071d7","NOGP_002.mammalGrid.mam","D09","NOGP","NOGP_002","H10","distributed","grasslandHerbaceous",46.799664,-100.910770,"WGS84",45.1,547.4,0.1,"6 - trap set and empty","ShermanXLK","2025-07-17","2025-07-17",,,,,,,,,,,,,,,,,,,,,,,,,,,,,,,,,,,,,,,,,,,,,"0009-0000-8940-8632","0009-0000-9880-3001",,,,,"39ddcfcc-7cc6-4dd7-94d6-d2e57c9220ce"
"a5993eec-00b5-44db-a28e-8e67f832159a","f9618582-97b0-4f21-8b83-4ce574a071d7","NOGP_002.mammalGrid.mam","D09","NOGP","NOGP_002","J4","distributed","grasslandHerbaceous",46.799664,-100.910770,"WGS84",45.1,547.4,0.1,"6 - trap set and empty","ShermanXLK","2025-07-17","2025-07-17",,,,,,,,,,,,,,,,,,,,,,,,,,,,,,,,,,,,,,,,,,,,,"0009-0000-8940-8632","0009-0000-9880-3001",,,,,"bd229682-96cd-41e2-8288-f5613bef5524"
