uid,nightuid,namedLocation,domainID,siteID,plotID,trapCoordinate,plotType,nlcdClass,decimalLatitude,decimalLongitude,geodeticDatum,coordinateUncertainty,elevation,elevationUncertainty,trapStatus,trapType,collectDate,endDate,tagID,individualCode,taxonID,scientificName,taxonRank,identificationQualifier,identificationReferences,identificationHistoryID,voucherUpdate,nativeStatusCode,sex,recapture,fate,replacedTag,lifeStage,testes,nipples,pregnancyStatus,vagina,hindfootLength,earLength,tailLength,totalLength,weight,larvalTicksAttached,nymphalTicksAttached,adultTicksAttached,tickNumber,additionalParasites,frozenSamplePrepMethod,bloodSampleID,bloodSampleBarcode,bloodSampleMethod,bloodSampleVolume,fecalSampleID,fecalSampleBarcode,fecalSampleCondition,earSampleID,earSampleBarcode,hairSampleID,hairSampleBarcode,hairSampleContents,voucherSampleID,voucherSampleBarcode,measuredBy,recordedBy,identifiedBy,identifiedDate,remarks,dataQF,dataEntryRecordID
"9f2efec0-253e-4155-b11e-5d5f1a2b0cca","d7b01328-c409-48fe-9d6c-adc2eb915bdc","ONAQ_020.mammalGrid.mam","D15","ONAQ","ONAQ_020","C3","distributed","shrubScrub",40.183889,-112.436683,"WGS84",45.1,1627.6,0.1,"6 - trap set and empty","ShermanXLK","2024-04-10","2024-04-10",,,,,,,,,,,,,,,,,,,,,,,,,,,,,,,,,,,,,,,,,,,,,"0009-0001-2150-8968","0009-0001-5608-8465",,,,,"bbedf185-3560-4225-bbfa-506221ce024f"
"151a7048-b814-4556-8525-07ae02cfc0db","d7b01328-c409-48fe-9d6c-adc2eb915bdc","ONAQ_020.mammalGrid.mam","D15","ONAQ","ONAQ_020","G3","distributed","shrubScrub",40.183889,-112.436683,"WGS84",45.1,1627.6,0.1,"6 - trap set and empty","ShermanXLK","2024-04-10","2024-04-10",,,,,,,,,,,,,,,,,,,,,,,,,,,,,,,,,,,,,,,,,,,,,"0009-0001-2150-8968","0009-0001-5608-8465",,,,,"d9ff2a61-de0f-4b3a-b2ec-a629597eef47"
"604fdfa8-fdee-4131-93e0-7401e82527c9","d7b01328-c409-48fe-9d6c-adc2eb915bdc","ONAQ_020.mammalGrid.mam","D15","ONAQ","ONAQ_020","G7","distributed","shrubScrub",40.183889,-112.436683,"WGS84",45.1,1627.6,0.1,"6 - trap set and empty","ShermanXLK","2024-04-10","2024-04-10",,,,,,,,,,,,,,,,,,,,,,,,,,,,,,,,,,,,,,,,,,,,,"0009-0001-2150-8968","0009-0001-5608-8465",,,,,"ea9721c6-60f9-4917-9ea8-134570b9cce2"
"25beb993-4bd0-4d15-82a6-7baf32e1c026","7fc09416-7c99-4053-b932-8948b5370b63","ONAQ_005.mammalGrid.mam","D15","ONAQ","ONAQ_005","B5","distributed","shrubScrub",40.180753,-112.429727,"WGS84",45.3,1607.9,0.4,"5 - capture","ShermanXLK","2024-04-10","2024-04-10","NEON.MAM.D15.R4921",,"PEMA","Peromyscus maniculatus","species",,,,,"N","M","N","processed",,"adult","scrotal",,,,21,,,,18,"N","N","N",,"none","dry ice","ONAQ.20240410.R4921.B","D00000141082","mandibular",,,,,,,,,,,,"0009-0000-7236-0361","0009-0005-2133-045X",,,,,"b199c023-05d1-4f7a-82a7-8a896550fb0b"
"dab4fb42-260c-49e1-a637-c774d4afce9d","d7b01328-c409-48fe-9d6c-adc2eb915bdc","ONAQ_020.mammalGrid.mam","D15","ONAQ","ONAQ_020","A10","distributed","shrubScrub",40.183889,-112.436683,"WGS84",45.1,1627.6,0.1,"6 - trap set and empty","ShermanXLK","2024-04-10","2024-04-10",,,,,,,,,,,,,,,,,,,,,,,,,,,,,,,,,,,,,,,,,,,,,"0009-0001-2150-8968","0009-0001-5608-8465",,,,,"147f82d6-a461-41e7-9933-9da16b04e437"
"d4a6025a-3232-4489-ae36-531822b21eee","af3ccf12-68a0-434e-9e41-7eacee20e7b9","ONAQ_003.mammalGrid.mam","D15","ONAQ","ONAQ_003","G1","distributed","shrubScrub",40.206225,-112.428493,"WGS84",45.4,1604.6,0.2,"6 - trap set and empty","ShermanXLK","2024-04-10","2024-04-10",,,,,,,,,,,,,,,,,,,,,,,,,,,,,,,,,,,,,,,,,,,,,"0009-0000-7236-0361","0009-0005-2133-045X",,,,,"692434c4-b890-4d20-a232-ff72f2475bfe"
"886a0869-0735-471f-b76d-33ef149238f6","af3ccf12-68a0-434e-9e41-7eacee20e7b9","ONAQ_003.mammalGrid.mam","D15","ONAQ","ONAQ_003","A2","distributed","shrubScrub",40.206225,-112.428493,"WGS84",45.4,1604.6,0.2,"6 - trap set and empty","ShermanXLK","2024-04-10","2024-04-10",,,,,,,,,,,,,,,,,,,,,,,,,,,,,,,,,,,,,,,,,,,,,"0009-0000-7236-0361","0009-0005-2133-045X",,,,,"f55ccd32-9c07-4a6d-9868-1f5e2f6b0bf9"
"48914cf2-933f-401a-b1cc-af6977873a76","7fc09416-7c99-4053-b932-8948b5370b63","ONAQ_005.mammalGrid.mam","D15","ONAQ","ONAQ_005","I4","distributed","shrubScrub",40.180753,-112.429727,"WGS84",45.3,1607.9,0.4,"5 - capture","ShermanXLK","2024-04-10","2024-04-10","NEON.MAM.D15.R4908",,"DIORDIMI","Dipodomys ordii/microps","speciesGroup",,,,,"N","M","N","processed",,"adult","scrotal",,,,36,12,139,,52,"Y","N","N","1-5","none","dry ice",,,,,,,,,,,,,,,"0009-0000-7236-0361","0009-0005-2133-045X",,,,,"04f4190e-3825-4ba9-b523-abb3dc4dfa94"
"73204337-5862-4d65-abdd-0171d10e2a52","d7b01328-c409-48fe-9d6c-adc2eb915bdc","ONAQ_020.mammalGrid.mam","D15","ONAQ","ONAQ_020","F8","distributed","shrubScrub",40.183889,-112.436683,"WGS84",45.1,1627.6,0.1,"6 - trap set and empty","ShermanXLK","2024-04-10","2024-04-10",,,,,,,,,,,,,,,,,,,,,,,,,,,,,,,,,,,,,,,,,,,,,"0009-0001-2150-8968","0009-0001-5608-8465",,,,,"9c7681a9-5fb6-4a5d-aa9e-88b252d9287f"
"05b28f95-a208-424d-b2e4-c3f06bed65f8","7fc09416-7c99-4053-b932-8948b5370b63","ONAQ_005.mammalGrid.mam","D15","ONAQ","ONAQ_005","F1","distributed","shrubScrub",40.180753,-112.429727,"WGS84",45.3,1607.9,0.4,"5 - capture","ShermanXLK","2024-04-10","2024-04-10","NEON.MAM.D15.R5642",,"PEMA","Peromyscus maniculatus","species",,,,,"N","M","N","processed",,"adult","nonscrotal",,,,20,,,,17,"Y","N","N","6-20","fleas","dry ice","ONAQ.20240410.R5642.B","D00000141110","mandibular",,,,,,,,,,,,"0009-0000-7236-0361","0009-0005-2133-045X",,,,,"f05ced0d-2e13-422d-9e5f-5a3c3d0141ca"
"fc4b5a00-f9c9-456a-851b-331215a71618","af3ccf12-68a0-434e-9e41-7eacee20e7b9","ONAQ_003.mammalGrid.mam","D15","ONAQ","ONAQ_003","F4","distributed","shrubScrub",40.206225,-112.428493,"WGS84",45.4,1604.6,0.2,"5 - capture","ShermanXLK","2024-04-10","2024-04-10","NEON.MAM.D15.526721",,"PEPA","Perognathus parvus","species",,,,,"N","M","Y","processed",,"adult","nonscrotal",,,,,,,,18,"U","U","U",,"did not check","dry ice",,,,,,,,,,,,,,,"0009-0000-7236-0361","0009-0005-2133-045X",,,,,"52f95dec-d84c-4cb7-9f56-db88714c12aa"
"e50beb68-efaa-4331-b61a-ecad6b63fd66","7fc09416-7c99-4053-b932-8948b5370b63","ONAQ_005.mammalGrid.mam","D15","ONAQ","ONAQ_005","C10","distributed","shrubScrub",40.180753,-112.429727,"WGS84",45.3,1607.9,0.4,"6 - trap set and empty","ShermanXLK","2024-04-10","2024-04-10",,,,,,,,,,,,,,,,,,,,,,,,,,,,,,,,,,,,,,,,,,,,,"0009-0000-7236-0361","0009-0005-2133-045X",,,,,"97185fbf-5b21-4c08-a7f6-84968ea2380d"
"cecc348b-92df-4ef7-ae6f-5605fe6ed3f6","d7b01328-c409-48fe-9d6c-adc2eb915bdc","ONAQ_020.mammalGrid.mam","D15","ONAQ","ONAQ_020","F2","distributed","shrubScrub",40.183889,-112.436683,"WGS84",45.1,1627.6,0.1,"6 - trap set and empty","ShermanXLK","2024-04-10","2024-04-10",,,,,,,,,,,,,,,,,,,,,,,,,,,,,,,,,,,,,,,,,,,,,"0009-0001-2150-8968","0009-0001-5608-8465",,,,,"8dd6342d-ee88-43bc-bd28-641f207a552d"
"9d9af67a-cec8-4d79-9946-bba2b929fe92","7fc09416-7c99-4053-b932-8948b5370b63","ONAQ_005.mammalGrid.mam","D15","ONAQ","ONAQ_005","B7","distributed","shrubScrub",40.180753,-112.429727,"WGS84",45.3,1607.9,0.4,"6 - trap set and empty","ShermanXLK","2024-04-10","2024-04-10",,,,,,,,,,,,,,,,,,,,,,,,,,,,,,,,,,,,,,,,,,,,,"0009-0000-7236-0361","0009-0005-2133-045X",,,,,"a15920a7-fe93-4510-b301-8ede1e29c8a0"
"66752359-d88a-4bfc-98ec-8a301979b656","7fc09416-7c99-4053-b932-8948b5370b63","ONAQ_005.mammalGrid.mam","D15","ONAQ","ONAQ_005","J10","distributed","shrubScrub",40.180753,-112.429727,"WGS84",45.3,1607.9,0.4,"5 - capture","ShermanXLK","2024-04-10","2024-04-10","NEON.MAM.D15.R5751",,"PEMA","Peromyscus maniculatus","species",,,,,"N","M","N","processed",,"adult","scrotal",,,,20,,61,,19,"N","Y","N","1-5","none","dry ice","ONAQ.20240410.R5751.B","D00000139919","mandibular",,,,,,,,,,,,"0009-0000-7236-0361","0009-0005-2133-045X",,,,,"62ab527e-bdd6-4dc1-9592-0f3b1349c221"
"941a4382-29b1-4eb3-976e-7caa016aafe8","af3ccf12-68a0-434e-9e41-7eacee20e7b9","ONAQ_003.mammalGrid.mam","D15","ONAQ","ONAQ_003","C5","distributed","shrubScrub",40.206225,-112.428493,"WGS84",45.4,1604.6,0.2,"6 - trap set and empty","ShermanXLK","2024-04-10","2024-04-10",,,,,,,,,,,,,,,,,,,,,,,,,,,,,,,,,,,,,,,,,,,,,"0009-0000-7236-0361","0009-0005-2133-045X",,,,,"6625a02d-0301-4723-9046-af64ccf7f863"
"bb40bb9c-79cc-4acc-b284-f8eb0f82cbe2","af3ccf12-68a0-434e-9e41-7eacee20e7b9","ONAQ_003.mammalGrid.mam","D15","ONAQ","ONAQ_003","H7","distributed","shrubScrub",40.206225,-112.428493,"WGS84",45.4,1604.6,0.2,"6 - trap set and empty","ShermanXLK","2024-04-10","2024-04-10",,,,,,,,,,,,,,,,,,,,,,,,,,,,,,,,,,,,,,,,,,,,,"0009-0000-7236-0361","0009-0005-2133-045X",,,,,"f4bcf878-9f8f-4c48-96b8-69227fc742fc"
"a4dc84fe-aebd-44f3-b396-e3b16ffd8bdf","7fc09416-7c99-4053-b932-8948b5370b63","ONAQ_005.mammalGrid.mam","D15","ONAQ","ONAQ_005","G1","distributed","shrubScrub",40.180753,-112.429727,"WGS84",45.3,1607.9,0.4,"5 - capture","ShermanXLK","2024-04-10","2024-04-10","NEON.MAM.D15.R4909",,"DIORDIMI","Dipodomys ordii/microps","speciesGroup",,,,,"N","M","N","processed",,"adult","scrotal",,,,39,12,145,,58,"N","N","N",,"none","dry ice",,,,,,,,,,,,,,,"0009-0000-7236-0361","0009-0005-2133-045X",,,,,"b85a2a68-bc5c-422f-b8f3-857ff084d6e1"
"11f40691-ad91-4532-ab9c-bac47912d363","d7b01328-c409-48fe-9d6c-adc2eb915bdc","ONAQ_020.mammalGrid.mam","D15","ONAQ","ONAQ_020","H9","distributed","shrubScrub",40.183889,-112.436683,"WGS84",45.1,1627.6,0.1,"6 - trap set and empty","ShermanXLK","2024-04-10","2024-04-10",,,,,,,,,,,,,,,,,,,,,,,,,,,,,,,,,,,,,,,,,,,,,"0009-0001-2150-8968","0009-0001-5608-8465",,,,,"fc68d1b6-6d31-456c-9e00-874ae200781d"
"80a161ec-937a-4fa6-a184-c60a40d4fd7f","7fc09416-7c99-4053-b932-8948b5370b63","ONAQ_005.mammalGrid.mam","D15","ONAQ","ONAQ_005","H2","distributed","shrubScrub",40.180753,-112.429727,"WGS84",45.3,1607.9,0.4,"6 - trap set and empty","ShermanXLK","2024-04-10","2024-04-10",,,,,,,,,,,,,,,,,,,,,,,,,,,,,,,,,,,,,,,,,,,,,"0009-0000-7236-0361","0009-0005-2133-045X",,,,,"8336d53f-56bc-4d75-b2be-48a71103d02b"
"9491a41b-c42c-4cdc-baa7-a5bddc9bd161","7fc09416-7c99-4053-b932-8948b5370b63","ONAQ_005.mammalGrid.mam","D15","ONAQ","ONAQ_005","H6","distributed","shrubScrub",40.180753,-112.429727,"WGS84",45.3,1607.9,0.4,"6 - trap set and empty","ShermanXLK","2024-04-10","2024-04-10",,,,,,,,,,,,,,,,,,,,,,,,,,,,,,,,,,,,,,,,,,,,,"0009-0000-7236-0361","0009-0005-2133-045X",,,,,"48cfca91-cf42-4bf2-8494-1d262812196c"
"1f70229f-7c26-4ce8-91bf-7e7ccbfb2e75","af3ccf12-68a0-434e-9e41-7eacee20e7b9","ONAQ_003.mammalGrid.mam","D15","ONAQ","ONAQ_003","B5","distributed","shrubScrub",40.206225,-112.428493,"WGS84",45.4,1604.6,0.2,"6 - trap set and empty","ShermanXLK","2024-04-10","2024-04-10",,,,,,,,,,,,,,,,,,,,,,,,,,,,,,,,,,,,,,,,,,,,,"0009-0000-7236-0361","0009-0005-2133-045X",,,,,"19181c84-4e21-41f7-bd28-3ea2f323800e"
"eaabea81-5401-45bf-9633-ee383fb0dbf0","af3ccf12-68a0-434e-9e41-7eacee20e7b9","ONAQ_003.mammalGrid.mam","D15","ONAQ","ONAQ_003","H10","distributed","shrubScrub",40.206225,-112.428493,"WGS84",45.4,1604.6,0.2,"5 - capture","ShermanXLK","2024-04-10","2024-04-10","NEON.MAM.D15.443293",,"PEPA","Perognathus parvus","species",,,,,"N","M","Y","processed",,"adult","scrotal",,,,,,,,16,"U","U","U",,"did not check","dry ice",,,,,,,,,,,,,,,"0009-0000-7236-0361","0009-0005-2133-045X",,,,,"43933848-1564-4a51-9e4b-da710f45383d"
"bfa68567-6070-46af-b4c4-7a18992bf0c4","af3ccf12-68a0-434e-9e41-7eacee20e7b9","ONAQ_003.mammalGrid.mam","D15","ONAQ","ONAQ_003","G4","distributed","shrubScrub",40.206225,-112.428493,"WGS84",45.4,1604.6,0.2,"5 - capture","ShermanXLK","2024-04-10","2024-04-10","NEON.MAM.D15.R5557",,"DIORDIMI","Dipodomys ordii/microps","speciesGroup",,,,,"N","F","Y","processed",,"adult",,"enlarged","not","swollen",37,13,141,,53,"U","U","U",,"fleas","dry ice",,,,,,,,,,,,,,,"0009-0000-7236-0361","0009-0005-2133-045X",,,,,"2c93f04c-1370-4efa-ab80-82f5e2a129df"
"f35f6508-5822-4289-8339-88a6b87aa941","d7b01328-c409-48fe-9d6c-adc2eb915bdc","ONAQ_020.mammalGrid.mam","D15","ONAQ","ONAQ_020","J8","distributed","shrubScrub",40.183889,-112.436683,"WGS84",45.1,1627.6,0.1,"6 - trap set and empty","ShermanXLK","2024-04-10","2024-04-10",,,,,,,,,,,,,,,,,,,,,,,,,,,,,,,,,,,,,,,,,,,,,"0009-0001-2150-8968","0009-0001-5608-8465",,,,,"394dafae-bac1-4097-b804-6d17e3fed5e4"
"0bb22309-be33-47d6-a64c-234cab2788ab","7fc09416-7c99-4053-b932-8948b5370b63","ONAQ_005.mammalGrid.mam","D15","ONAQ","ONAQ_005","B1","distributed","shrubScrub",40.180753,-112.429727,"WGS84",45.3,1607.9,0.4,"5 - capture","ShermanXLK","2024-04-10","2024-04-10","NEON.MAM.D15.R4919",,"DIORDIMI","Dipodomys ordii/microps","speciesGroup",,,,,"N","M","N","processed",,"adult","nonscrotal",,,,40,12,125,,42,"Y","Y","N","1-5","none","dry ice",,,,,,,,,,,,,,,"0009-0000-7236-0361","0009-0005-2133-045X",,,,,"8891a70c-1727-4d87-a5b3-acd43ba4f42d"
"c57d9be9-ecd5-489c-93d3-7dbe39cf93b7","af3ccf12-68a0-434e-9e41-7eacee20e7b9","ONAQ_003.mammalGrid.mam","D15","ONAQ","ONAQ_003","J10","distributed","shrubScrub",40.206225,-112.428493,"WGS84",45.4,1604.6,0.2,"5 - capture","ShermanXLK","2024-04-10","2024-04-10","NEON.MAM.D15.R5681",,"DIORDIMI","Dipodomys ordii/microps","speciesGroup",,,,,"N","M","Y","processed",,"adult","scrotal",,,,37,14,165,,60,"U","U","U",,"did not check","dry ice",,,,,,,,,,,,,,,"0009-0000-7236-0361","0009-0005-2133-045X",,,,,"7570d2ff-9c06-48a6-b3d0-99f2024af06c"
"94cbda27-119c-4e0d-a56f-182ef3458512","d7b01328-c409-48fe-9d6c-adc2eb915bdc","ONAQ_020.mammalGrid.mam","D15","ONAQ","ONAQ_020","E7","distributed","shrubScrub",40.183889,-112.436683,"WGS84",45.1,1627.6,0.1,"6 - trap set and empty","ShermanXLK","2024-04-10","2024-04-10",,,,,,,,,,,,,,,,,,,,,,,,,,,,,,,,,,,,,,,,,,,,,"0009-0001-2150-8968","0009-0001-5608-8465",,,,,"71ef484d-06be-42b2-9a8a-072d32c5f88d"
"5dd9f60b-b30e-41b6-8102-6c9c35edf8c8","af3ccf12-68a0-434e-9e41-7eacee20e7b9","ONAQ_003.mammalGrid.mam","D15","ONAQ","ONAQ_003","B7","distributed","shrubScrub",40.206225,-112.428493,"WGS84",45.4,1604.6,0.2,"2 - trap disturbed/door closed but empty","ShermanXLK","2024-04-10","2024-04-10",,,,,,,,,,,,,,,,,,,,,,,,,,,,,"did not check","dry ice",,,,,,,,,,,,,,,"0009-0000-7236-0361","0009-0005-2133-045X",,,,,"edd2e538-e999-4f26-98a1-ff4d48b95db2"
"49eebb70-cf7a-4728-b19a-b1f94a3748e1","d7b01328-c409-48fe-9d6c-adc2eb915bdc","ONAQ_020.mammalGrid.mam","D15","ONAQ","ONAQ_020","F3","distributed","shrubScrub",40.183889,-112.436683,"WGS84",45.1,1627.6,0.1,"6 - trap set and empty","ShermanXLK","2024-04-10","2024-04-10",,,,,,,,,,,,,,,,,,,,,,,,,,,,,,,,,,,,,,,,,,,,,"0009-0001-2150-8968","0009-0001-5608-8465",,,,,"149bd3d7-1579-4839-a4d5-35e956973749"
"3f4202e7-b4a0-439d-ad84-a2c6473e1453","af3ccf12-68a0-434e-9e41-7eacee20e7b9","ONAQ_003.mammalGrid.mam","D15","ONAQ","ONAQ_003","B8","distributed","shrubScrub",40.206225,-112.428493,"WGS84",45.4,1604.6,0.2,"5 - capture","ShermanXLK","2024-04-10","2024-04-10","NEON.MAM.D15.R4913",,"PEMA","Peromyscus maniculatus","species",,,,,"N","M","N","processed",,"adult","nonscrotal",,,,,,,,13,"U","U","U",,"did not check","dry ice","ONAQ.20240410.R4913.B","D00000140852","mandibular",,,,,,,,,,,,"0009-0000-7236-0361","0009-0005-2133-045X",,,,,"8e2575ce-2969-4b54-a3c8-5e18ea3d7840"
"c8de53c0-20dd-4f52-a269-7ac1e8280d1a","7fc09416-7c99-4053-b932-8948b5370b63","ONAQ_005.mammalGrid.mam","D15","ONAQ","ONAQ_005","G3","distributed","shrubScrub",40.180753,-112.429727,"WGS84",45.3,1607.9,0.4,"6 - trap set and empty","ShermanXLK","2024-04-10","2024-04-10",,,,,,,,,,,,,,,,,,,,,,,,,,,,,,,,,,,,,,,,,,,,,"0009-0000-7236-0361","0009-0005-2133-045X",,,,,"e5dd1efd-b632-40be-891c-7adfc6368a20"
"c3557585-ad68-494c-a59c-ce45f86100e6","af3ccf12-68a0-434e-9e41-7eacee20e7b9","ONAQ_003.mammalGrid.mam","D15","ONAQ","ONAQ_003","D9","distributed","shrubScrub",40.206225,-112.428493,"WGS84",45.4,1604.6,0.2,"6 - trap set and empty","ShermanXLK","2024-04-10","2024-04-10",,,,,,,,,,,,,,,,,,,,,,,,,,,,,,,,,,,,,,,,,,,,,"0009-0000-7236-0361","0009-0005-2133-045X",,,,,"10a05a10-208d-4d69-a4d8-26a052c0ce36"
"6e19c819-b7d1-4609-8a84-f04dce300934","d7b01328-c409-48fe-9d6c-adc2eb915bdc","ONAQ_020.mammalGrid.mam","D15","ONAQ","ONAQ_020","G9","distributed","shrubScrub",40.183889,-112.436683,"WGS84",45.1,1627.6,0.1,"6 - trap set and empty","ShermanXLK","2024-04-10","2024-04-10",,,,,,,,,,,,,,,,,,,,,,,,,,,,,,,,,,,,,,,,,,,,,"0009-0001-2150-8968","0009-0001-5608-8465",,,,,"5d61d004-d860-43af-814e-ae517e149b27"
"141ab3b3-9ecc-4a75-90b8-44a3589a98fc","7fc09416-7c99-4053-b932-8948b5370b63","ONAQ_005.mammalGrid.mam","D15","ONAQ","ONAQ_005","E2","distributed","shrubScrub",40.180753,-112.429727,"WGS84",45.3,1607.9,0.4,"2 - trap disturbed/door closed but empty","ShermanXLK","2024-04-10","2024-04-10",,,,,,,,,,,,,,,,,,,,,,,,,,,,,"did not check","dry ice",,,,,,,,,,,,,,,"0009-0000-7236-0361","0009-0005-2133-045X",,,,,"d04931da-72e9-4f60-b46e-0c5836ab4c35"
"4dc49c45-8c9d-4815-87c3-48863837ad79","d7b01328-c409-48fe-9d6c-adc2eb915bdc","ONAQ_020.mammalGrid.mam","D15","ONAQ","ONAQ_020","C2","distributed","shrubScrub",40.183889,-112.436683,"WGS84",45.1,1627.6,0.1,"6 - trap set and empty","ShermanXLK","2024-04-10","2024-04-10",,,,,,,,,,,,,,,,,,,,,,,,,,,,,,,,,,,,,,,,,,,,,"0009-0001-2150-8968","0009-0001-5608-8465",,,,,"3aa89a17-0bdf-4e93-85c0-9e3e023ff952"
"6abd16b3-12c4-40c6-b634-e2dfd63605e3","af3ccf12-68a0-434e-9e41-7eacee20e7b9","ONAQ_003.mammalGrid.mam","D15","ONAQ","ONAQ_003","B4","distributed","shrubScrub",40.206225,-112.428493,"WGS84",45.4,1604.6,0.2,"6 - trap set and empty","ShermanXLK","2024-04-10","2024-04-10",,,,,,,,,,,,,,,,,,,,,,,,,,,,,,,,,,,,,,,,,,,,,"0009-0000-7236-0361","0009-0005-2133-045X",,,,,"6984cb03-fbe3-4a56-a1c3-a31ee6430252"
"fc16431e-3e79-4414-9b24-5451a2f71692","7fc09416-7c99-4053-b932-8948b5370b63","ONAQ_005.mammalGrid.mam","D15","ONAQ","ONAQ_005","E8","distributed","shrubScrub",40.180753,-112.429727,"WGS84",45.3,1607.9,0.4,"6 - trap set and empty","ShermanXLK","2024-04-10","2024-04-10",,,,,,,,,,,,,,,,,,,,,,,,,,,,,,,,,,,,,,,,,,,,,"0009-0000-7236-0361","0009-0005-2133-045X",,,,,"8aff2f55-c623-4fe4-a7c6-77ef4cd08f6d"
"c5f5cbc6-3dc3-4886-b225-a2f633081e8f","7fc09416-7c99-4053-b932-8948b5370b63","ONAQ_005.mammalGrid.mam","D15","ONAQ","ONAQ_005","C9","distributed","shrubScrub",40.180753,-112.429727,"WGS84",45.3,1607.9,0.4,"6 - trap set and empty","ShermanXLK","2024-04-10","2024-04-10",,,,,,,,,,,,,,,,,,,,,,,,,,,,,,,,,,,,,,,,,,,,,"0009-0000-7236-0361","0009-0005-2133-045X",,,,,"426b073c-c5cf-4bc3-ad6b-c5b2c149afaf"
"de90e268-cdcf-4cf7-824c-56d72596032f","7fc09416-7c99-4053-b932-8948b5370b63","ONAQ_005.mammalGrid.mam","D15","ONAQ","ONAQ_005","B9","distributed","shrubScrub",40.180753,-112.429727,"WGS84",45.3,1607.9,0.4,"5 - capture","ShermanXLK","2024-04-10","2024-04-10","NEON.MAM.D15.R5774",,"DIORDIMI","Dipodomys ordii/microps","speciesGroup",,,,,"N","F","Y","processed",,"adult",,"enlarged","unknown","swollen",39,13,164,,63,"N","N","N",,"did not check","dry ice",,,,,,,,,,,,,,,"0009-0000-7236-0361","0009-0005-2133-045X",,,,,"3c74f286-a1be-479e-80f2-a7d79cd239ce"
"72248469-e8d6-429b-9e30-fbe36116fd80","af3ccf12-68a0-434e-9e41-7eacee20e7b9","ONAQ_003.mammalGrid.mam","D15","ONAQ","ONAQ_003","F8","distributed","shrubScrub",40.206225,-112.428493,"WGS84",45.4,1604.6,0.2,"5 - capture","ShermanXLK","2024-04-10","2024-04-10","NEON.MAM.D15.R4914",,"PEMA","Peromyscus maniculatus","species","cf. species",,,,"N","F","N","processed",,"adult",,"enlarged","not","neither",,,,,18,"U","U","U",,"did not check","dry ice","ONAQ.20240410.R4914.B","D00000141059","mandibular",,,,,,,,,,,,"0009-0000-7236-0361","0009-0005-2133-045X",,,,,"792ae937-3bef-4d13-b4bb-09404924e62c"
"01f4a84f-28eb-4ffc-9e03-1b4960b2f6bf","af3ccf12-68a0-434e-9e41-7eacee20e7b9","ONAQ_003.mammalGrid.mam","D15","ONAQ","ONAQ_003","D8","distributed","shrubScrub",40.206225,-112.428493,"WGS84",45.4,1604.6,0.2,"5 - capture","ShermanXLK","2024-04-10","2024-04-10","NEON.MAM.D15.R4940",,"DIORDIMI","Dipodomys ordii/microps","speciesGroup",,,,,"N","F","N","processed",,"adult",,"enlarged","not","swollen",40,13,138,,51,"U","U","U",,"did not check","dry ice",,,,,,,,,,,,,,,"0009-0000-7236-0361","0009-0005-2133-045X",,,,,"d6b73a6f-c059-4b8f-bdca-f428ee167a7d"
"09c2a602-3319-4c89-816b-e51743d67ef5","af3ccf12-68a0-434e-9e41-7eacee20e7b9","ONAQ_003.mammalGrid.mam","D15","ONAQ","ONAQ_003","H6","distributed","shrubScrub",40.206225,-112.428493,"WGS84",45.4,1604.6,0.2,"5 - capture","ShermanXLK","2024-04-10","2024-04-10","NEON.MAM.D15.R4946",,"DIORDIMI","Dipodomys ordii/microps","speciesGroup",,,,,"N","M","U","processed",,"adult","scrotal",,,,35,13,140,,50,"U","U","U",,"did not check","dry ice",,,,,,,,,,,,,,,"0009-0000-7236-0361","0009-0005-2133-045X",,,,,"90b7bd97-0525-4abf-bdef-008c458382b7"
"15e368b8-bb2d-414c-ac91-8ccfbd92eb92","af3ccf12-68a0-434e-9e41-7eacee20e7b9","ONAQ_003.mammalGrid.mam","D15","ONAQ","ONAQ_003","I6","distributed","shrubScrub",40.206225,-112.428493,"WGS84",45.4,1604.6,0.2,"5 - capture","ShermanXLK","2024-04-10","2024-04-10","NEON.MAM.D15.R5534",,"DIORDIMI","Dipodomys ordii/microps","speciesGroup",,,,,"N","F","Y","processed",,"adult",,"nonenlarged","unknown","neither",39,15,165,,69,"U","U","U",,"did not check","dry ice",,,,,,,,,,,,,,,"0009-0000-7236-0361","0009-0005-2133-045X",,,,,"2c1efe7b-3a00-42ca-82ff-a01298803261"
"eea9127a-df73-4507-a9e3-671716c55dd4","d7b01328-c409-48fe-9d6c-adc2eb915bdc","ONAQ_020.mammalGrid.mam","D15","ONAQ","ONAQ_020","J6","distributed","shrubScrub",40.183889,-112.436683,"WGS84",45.1,1627.6,0.1,"6 - trap set and empty","ShermanXLK","2024-04-10","2024-04-10",,,,,,,,,,,,,,,,,,,,,,,,,,,,,,,,,,,,,,,,,,,,,"0009-0001-2150-8968","0009-0001-5608-8465",,,,,"aa1d42dc-8487-47de-88c6-2a2a66f41360"
"b0f522c9-83b0-4903-b8c9-e56b9cbb84e8","7fc09416-7c99-4053-b932-8948b5370b63","ONAQ_005.mammalGrid.mam","D15","ONAQ","ONAQ_005","C3","distributed","shrubScrub",40.180753,-112.429727,"WGS84",45.3,1607.9,0.4,"6 - trap set and empty","ShermanXLK","2024-04-10","2024-04-10",,,,,,,,,,,,,,,,,,,,,,,,,,,,,,,,,,,,,,,,,,,,,"0009-0000-7236-0361","0009-0005-2133-045X",,,,,"c04c6e29-0fb6-4952-86bf-3ba46d1afe0a"
"df7cae78-14dc-41a1-9057-f06ee57eb55d","7fc09416-7c99-4053-b932-8948b5370b63","ONAQ_005.mammalGrid.mam","D15","ONAQ","ONAQ_005","J3","distributed","shrubScrub",40.180753,-112.429727,"WGS84",45.3,1607.9,0.4,"6 - trap set and empty","ShermanXLK","2024-04-10","2024-04-10",,,,,,,,,,,,,,,,,,,,,,,,,,,,,,,,,,,,,,,,,,,,,"0009-0000-7236-0361","0009-0005-2133-045X",,,,,"d4594b5d-4fe8-4e01-828f-c1b69cf7446a"
"941eab32-1942-41de-9fd4-b94beddebebc","d7b01328-c409-48fe-9d6c-adc2eb915bdc","ONAQ_020.mammalGrid.mam","D15","ONAQ","ONAQ_020","D7","distributed","shrubScrub",40.183889,-112.436683,"WGS84",45.1,1627.6,0.1,"6 - trap set and empty","ShermanXLK","2024-04-10","2024-04-10",,,,,,,,,,,,,,,,,,,,,,,,,,,,,,,,,,,,,,,,,,,,,"0009-0001-2150-8968","0009-0001-5608-8465",,,,,"b7c9143f-6d34-4ce9-9bbd-43809ca62570"
"80cecced-0801-41c9-b0ea-a8ed2dec9ffb","d7b01328-c409-48fe-9d6c-adc2eb915bdc","ONAQ_020.mammalGrid.mam","D15","ONAQ","ONAQ_020","F6","distributed","shrubScrub",40.183889,-112.436683,"WGS84",45.1,1627.6,0.1,"5 - capture","ShermanXLK","2024-04-10","2024-04-10","NEON.MAM.D15.443127",,"PEPA","Perognathus parvus","species",,,,,"N","M","Y","processed",,"adult","nonscrotal",,,,24,,,,18,"N","Y","N","1-5","none","dry ice",,,,,,,,,,,,,,,"0009-0001-2150-8968","0009-0001-5608-8465",,,,,"80ac9b56-65dd-4139-867a-3227e6f2d0dc"
"ed5fa1b1-977f-41df-8eb5-cb0f9ff40b11","d7b01328-c409-48fe-9d6c-adc2eb915bdc","ONAQ_020.mammalGrid.mam","D15","ONAQ","ONAQ_020","G10","distributed","shrubScrub",40.183889,-112.436683,"WGS84",45.1,1627.6,0.1,"5 - capture","ShermanXLK","2024-04-10","2024-04-10","NEON.MAM.D15.O020G1020240410",,"PEMA","Peromyscus maniculatus","species",,,,,"N","U","U","escaped",,"unknown",,,,,,,,,,"U","U","U",,"none","dry ice",,,,,,,,,,,,,,,"0009-0001-2150-8968","0009-0001-5608-8465",,,,,"3924b48f-8b7f-4dd4-a56c-9bfc7b17b0e0"
"ceabb0be-44a1-4610-bfad-fcd356c42fb9","d7b01328-c409-48fe-9d6c-adc2eb915bdc","ONAQ_020.mammalGrid.mam","D15","ONAQ","ONAQ_020","B1","distributed","shrubScrub",40.183889,-112.436683,"WGS84",45.1,1627.6,0.1,"6 - trap set and empty","ShermanXLK","2024-04-10","2024-04-10",,,,,,,,,,,,,,,,,,,,,,,,,,,,,,,,,,,,,,,,,,,,,"0009-0001-2150-8968","0009-0001-5608-8465",,,,,"281a4597-2df6-46a6-b8e6-f36ee6a56c5c"
"9a63ff2e-0777-4087-9152-2f66a0cf5315","d7b01328-c409-48fe-9d6c-adc2eb915bdc","ONAQ_020.mammalGrid.mam","D15","ONAQ","ONAQ_020","D5","distributed","shrubScrub",40.183889,-112.436683,"WGS84",45.1,1627.6,0.1,"6 - trap set and empty","ShermanXLK","2024-04-10","2024-04-10",,,,,,,,,,,,,,,,,,,,,,,,,,,,,,,,,,,,,,,,,,,,,"0009-0001-2150-8968","0009-0001-5608-8465",,,,,"45e736c6-fe3b-4cde-9d71-702f293474f7"
"91b4f4a4-04a6-4ea2-92f1-ef64dc7a04d6","d7b01328-c409-48fe-9d6c-adc2eb915bdc","ONAQ_020.mammalGrid.mam","D15","ONAQ","ONAQ_020","E6","distributed","shrubScrub",40.183889,-112.436683,"WGS84",45.1,1627.6,0.1,"6 - trap set and empty","ShermanXLK","2024-04-10","2024-04-10",,,,,,,,,,,,,,,,,,,,,,,,,,,,,,,,,,,,,,,,,,,,,"0009-0001-2150-8968","0009-0001-5608-8465",,,,,"f7eb0eb6-a07f-4098-af27-371b8198f8ba"
"cdd43460-7fab-4c97-ada6-d60614a17384","af3ccf12-68a0-434e-9e41-7eacee20e7b9","ONAQ_003.mammalGrid.mam","D15","ONAQ","ONAQ_003","H8","distributed","shrubScrub",40.206225,-112.428493,"WGS84",45.4,1604.6,0.2,"6 - trap set and empty","ShermanXLK","2024-04-10","2024-04-10",,,,,,,,,,,,,,,,,,,,,,,,,,,,,,,,,,,,,,,,,,,,,"0009-0000-7236-0361","0009-0005-2133-045X",,,,,"6a3b454f-8522-42d7-9113-4c1598497b94"
"e55dfb6d-b28b-419f-ba7a-fc5d236367c3","7fc09416-7c99-4053-b932-8948b5370b63","ONAQ_005.mammalGrid.mam","D15","ONAQ","ONAQ_005","I5","distributed","shrubScrub",40.180753,-112.429727,"WGS84",45.3,1607.9,0.4,"6 - trap set and empty","ShermanXLK","2024-04-10","2024-04-10",,,,,,,,,,,,,,,,,,,,,,,,,,,,,,,,,,,,,,,,,,,,,"0009-0000-7236-0361","0009-0005-2133-045X",,,,,"669fe83a-86fe-4998-aafc-8a79f010018f"
"28296985-ff02-4164-87ac-dc47d909136d","af3ccf12-68a0-434e-9e41-7eacee20e7b9","ONAQ_003.mammalGrid.mam","D15","ONAQ","ONAQ_003","H1","distributed","shrubScrub",40.206225,-112.428493,"WGS84",45.4,1604.6,0.2,"6 - trap set and empty","ShermanXLK","2024-04-10","2024-04-10",,,,,,,,,,,,,,,,,,,,,,,,,,,,,,,,,,,,,,,,,,,,,"0009-0000-7236-0361","0009-0005-2133-045X",,,,,"b815ab07-8c35-4662-bb6a-d04b48ba891b"
"b4b695d7-4587-435b-81bd-798675744ede","d7b01328-c409-48fe-9d6c-adc2eb915bdc","ONAQ_020.mammalGrid.mam","D15","ONAQ","ONAQ_020","F9","distributed","shrubScrub",40.183889,-112.436683,"WGS84",45.1,1627.6,0.1,"6 - trap set and empty","ShermanXLK","2024-04-10","2024-04-10",,,,,,,,,,,,,,,,,,,,,,,,,,,,,,,,,,,,,,,,,,,,,"0009-0001-2150-8968","0009-0001-5608-8465",,,,,"b20b9098-55b0-404f-a275-f6674d8a0e3e"
"dbc9a075-580f-427f-9d2a-494082b1a2cf","af3ccf12-68a0-434e-9e41-7eacee20e7b9","ONAQ_003.mammalGrid.mam","D15","ONAQ","ONAQ_003","F1","distributed","shrubScrub",40.206225,-112.428493,"WGS84",45.4,1604.6,0.2,"6 - trap set and empty","ShermanXLK","2024-04-10","2024-04-10",,,,,,,,,,,,,,,,,,,,,,,,,,,,,,,,,,,,,,,,,,,,,"0009-0000-7236-0361","0009-0005-2133-045X",,,,,"5019216a-9970-41c7-8e26-e951f2fe1d93"
"4cffdc6c-08c2-4bf7-9f92-1ed9f68a14dc","7fc09416-7c99-4053-b932-8948b5370b63","ONAQ_005.mammalGrid.mam","D15","ONAQ","ONAQ_005","C5","distributed","shrubScrub",40.180753,-112.429727,"WGS84",45.3,1607.9,0.4,"6 - trap set and empty","ShermanXLK","2024-04-10","2024-04-10",,,,,,,,,,,,,,,,,,,,,,,,,,,,,,,,,,,,,,,,,,,,,"0009-0000-7236-0361","0009-0005-2133-045X",,,,,"9f470336-e613-4ee3-9e85-99865b753337"
"162305bf-1ef0-4984-9860-9cda1fc3cccf","d7b01328-c409-48fe-9d6c-adc2eb915bdc","ONAQ_020.mammalGrid.mam","D15","ONAQ","ONAQ_020","D2","distributed","shrubScrub",40.183889,-112.436683,"WGS84",45.1,1627.6,0.1,"6 - trap set and empty","ShermanXLK","2024-04-10","2024-04-10",,,,,,,,,,,,,,,,,,,,,,,,,,,,,,,,,,,,,,,,,,,,,"0009-0001-2150-8968","0009-0001-5608-8465",,,,,"8e54a384-7039-4dc0-beba-e8d39093d4c7"
"5778c739-e7e8-4edd-bd29-d2af8917d278","d7b01328-c409-48fe-9d6c-adc2eb915bdc","ONAQ_020.mammalGrid.mam","D15","ONAQ","ONAQ_020","D6","distributed","shrubScrub",40.183889,-112.436683,"WGS84",45.1,1627.6,0.1,"6 - trap set and empty","ShermanXLK","2024-04-10","2024-04-10",,,,,,,,,,,,,,,,,,,,,,,,,,,,,,,,,,,,,,,,,,,,,"0009-0001-2150-8968","0009-0001-5608-8465",,,,,"1ff218c4-6f19-475c-b5b2-cbe96ef5ffe6"
"ce5fa2e0-13d5-4ac4-a570-3e159af4da5d","d7b01328-c409-48fe-9d6c-adc2eb915bdc","ONAQ_020.mammalGrid.mam","D15","ONAQ","ONAQ_020","D8","distributed","shrubScrub",40.183889,-112.436683,"WGS84",45.1,1627.6,0.1,"6 - trap set and empty","ShermanXLK","2024-04-10","2024-04-10",,,,,,,,,,,,,,,,,,,,,,,,,,,,,,,,,,,,,,,,,,,,,"0009-0001-2150-8968","0009-0001-5608-8465",,,,,"5ac55655-189f-4691-bd09-6e3e87991375"
"925b95c3-5114-4aea-b0ad-cfc4420166ef","7fc09416-7c99-4053-b932-8948b5370b63","ONAQ_005.mammalGrid.mam","D15","ONAQ","ONAQ_005","J7","distributed","shrubScrub",40.180753,-112.429727,"WGS84",45.3,1607.9,0.4,"6 - trap set and empty","ShermanXLK","2024-04-10","2024-04-10",,,,,,,,,,,,,,,,,,,,,,,,,,,,,,,,,,,,,,,,,,,,,"0009-0000-7236-0361","0009-0005-2133-045X",,,,,"fb6962c0-97ec-4a23-aff6-b199a1637908"
"2c0e272d-2918-44f3-bce0-c13ade95fe93","af3ccf12-68a0-434e-9e41-7eacee20e7b9","ONAQ_003.mammalGrid.mam","D15","ONAQ","ONAQ_003","C6","distributed","shrubScrub",40.206225,-112.428493,"WGS84",45.4,1604.6,0.2,"5 - capture","ShermanXLK","2024-04-10","2024-04-10","NEON.MAM.D15.R4918",,"PEMA","Peromyscus maniculatus","species",,,,,"N","M","N","processed",,"adult","scrotal",,,,,,,,,"U","U","U",,"did not check","dry ice","ONAQ.20240410.R4918.B","D00000140882","mandibular",,,,,,,,,,,,"0009-0000-7236-0361","0009-0005-2133-045X",,,,,"793fb2a6-2141-4849-a24e-c095ace0b393"
"8602e73e-341b-432f-a89f-01580d1e12ef","af3ccf12-68a0-434e-9e41-7eacee20e7b9","ONAQ_003.mammalGrid.mam","D15","ONAQ","ONAQ_003","F5","distributed","shrubScrub",40.206225,-112.428493,"WGS84",45.4,1604.6,0.2,"5 - capture","ShermanXLK","2024-04-10","2024-04-10","NEON.MAM.D15.441600",,"PEPA","Perognathus parvus","species",,,,,"N","M","Y","processed",,"adult","scrotal",,,,,,,,23,"U","U","U",,"did not check","dry ice",,,,,,,,,,,,,,,"0009-0000-7236-0361","0009-0005-2133-045X",,,,,"dc858f20-dbd2-4028-9e9e-b1749bf7b34b"
"c3b1866f-c2cf-4a2d-a3e2-bace7f2f7a44","d7b01328-c409-48fe-9d6c-adc2eb915bdc","ONAQ_020.mammalGrid.mam","D15","ONAQ","ONAQ_020","J1","distributed","shrubScrub",40.183889,-112.436683,"WGS84",45.1,1627.6,0.1,"5 - capture","ShermanXLK","2024-04-10","2024-04-10","NEON.MAM.D15.R6075",,"PEMA","Peromyscus maniculatus","species","cf. species","Reid, F. 2006. A field guide to mammals of North America, north of Mexico. 4th ed. Houghton Mifflin Company, Boston.",,,"N","M","N","processed",,"adult","scrotal",,,,21,16,67,,22,"N","N","N",,"none","dry ice",,,"unsuccessful",,,,,,,,,,,,"0009-0001-2150-8968","0009-0001-5608-8465",,,,,"feec1b91-54d6-476b-be0a-f4e56734339b"
"ef1a1e24-2f5e-436c-924a-e5f09930f310","af3ccf12-68a0-434e-9e41-7eacee20e7b9","ONAQ_003.mammalGrid.mam","D15","ONAQ","ONAQ_003","I5","distributed","shrubScrub",40.206225,-112.428493,"WGS84",45.4,1604.6,0.2,"6 - trap set and empty","ShermanXLK","2024-04-10","2024-04-10",,,,,,,,,,,,,,,,,,,,,,,,,,,,,,,,,,,,,,,,,,,,,"0009-0000-7236-0361","0009-0005-2133-045X",,,,,"9111c68c-6cba-48ee-bf8f-d66a5b5598a4"
"d6d61097-b7ce-4c11-b9c0-57e58a196b10","7fc09416-7c99-4053-b932-8948b5370b63","ONAQ_005.mammalGrid.mam","D15","ONAQ","ONAQ_005","H8","distributed","shrubScrub",40.180753,-112.429727,"WGS84",45.3,1607.9,0.4,"6 - trap set and empty","ShermanXLK","2024-04-10","2024-04-10",,,,,,,,,,,,,,,,,,,,,,,,,,,,,,,,,,,,,,,,,,,,,"0009-0000-7236-0361","0009-0005-2133-045X",,,,,"b0ae1a29-47ae-4dbf-b14b-683ec09cac94"
"39cb4da7-14f6-4dd6-8150-e811c06d0e04","7fc09416-7c99-4053-b932-8948b5370b63","ONAQ_005.mammalGrid.mam","D15","ONAQ","ONAQ_005","H5","distributed","shrubScrub",40.180753,-112.429727,"WGS84",45.3,1607.9,0.4,"5 - capture","ShermanXLK","2024-04-10","2024-04-10","NEON.MAM.D15.R5793",,"DIORDIMI","Dipodomys ordii/microps","speciesGroup",,,,,"N","F","N","processed",,"adult",,"nonenlarged","not","swollen",37,,143,,49,"N","N","N",,"none","dry ice",,,,,,,,,,,,,,,"0009-0000-7236-0361","0009-0005-2133-045X",,,,,"5ce91f41-d159-4d1a-8320-15276986cc3f"
"88faf2b1-23aa-4665-aae1-e175090631f8","7fc09416-7c99-4053-b932-8948b5370b63","ONAQ_005.mammalGrid.mam","D15","ONAQ","ONAQ_005","F10","distributed","shrubScrub",40.180753,-112.429727,"WGS84",45.3,1607.9,0.4,"6 - trap set and empty","ShermanXLK","2024-04-10","2024-04-10",,,,,,,,,,,,,,,,,,,,,,,,,,,,,,,,,,,,,,,,,,,,,"0009-0000-7236-0361","0009-0005-2133-045X",,,,,"75e2f809-aea8-4065-8716-6dda9c4e4d07"
"d2e60fe3-6996-4201-9c8f-51f14ddafdae","af3ccf12-68a0-434e-9e41-7eacee20e7b9","ONAQ_003.mammalGrid.mam","D15","ONAQ","ONAQ_003","I7","distributed","shrubScrub",40.206225,-112.428493,"WGS84",45.4,1604.6,0.2,"6 - trap set and empty","ShermanXLK","2024-04-10","2024-04-10",,,,,,,,,,,,,,,,,,,,,,,,,,,,,,,,,,,,,,,,,,,,,"0009-0000-7236-0361","0009-0005-2133-045X",,,,,"378cb575-e8c0-45b5-853e-00af6006581f"
"6dbfb18d-607e-4005-b87d-83aa6b28edef","7fc09416-7c99-4053-b932-8948b5370b63","ONAQ_005.mammalGrid.mam","D15","ONAQ","ONAQ_005","F2","distributed","shrubScrub",40.180753,-112.429727,"WGS84",45.3,1607.9,0.4,"6 - trap set and empty","ShermanXLK","2024-04-10","2024-04-10",,,,,,,,,,,,,,,,,,,,,,,,,,,,,,,,,,,,,,,,,,,,,"0009-0000-7236-0361","0009-0005-2133-045X",,,,,"09c68505-a30b-483b-9e34-0f7ca67fa05e"
"df9743f1-0cbd-487e-977f-2404d41268e6","d7b01328-c409-48fe-9d6c-adc2eb915bdc","ONAQ_020.mammalGrid.mam","D15","ONAQ","ONAQ_020","G6","distributed","shrubScrub",40.183889,-112.436683,"WGS84",45.1,1627.6,0.1,"6 - trap set and empty","ShermanXLK","2024-04-10","2024-04-10",,,,,,,,,,,,,,,,,,,,,,,,,,,,,,,,,,,,,,,,,,,,,"0009-0001-2150-8968","0009-0001-5608-8465",,,,,"27f21840-87e3-4bfb-8625-ea2c9ddf8be8"
"dc2ef416-f05d-42e8-bb72-f21418d12169","af3ccf12-68a0-434e-9e41-7eacee20e7b9","ONAQ_003.mammalGrid.mam","D15","ONAQ","ONAQ_003","J8","distributed","shrubScrub",40.206225,-112.428493,"WGS84",45.4,1604.6,0.2,"5 - capture","ShermanXLK","2024-04-10","2024-04-10","NEON.MAM.D15.R4948",,"DIORDIMI","Dipodomys ordii/microps","speciesGroup",,,,,"N","M","N","processed",,"adult","scrotal",,,,39,14,145,,54,"U","U","U",,"did not check","dry ice",,,,,,,,,,,,,,,"0009-0000-7236-0361","0009-0005-2133-045X",,,,,"0376d6dc-2a60-4d29-ad86-57d2cc2ab82e"
"55466b12-0667-4a15-a729-09ec77f92b22","af3ccf12-68a0-434e-9e41-7eacee20e7b9","ONAQ_003.mammalGrid.mam","D15","ONAQ","ONAQ_003","I9","distributed","shrubScrub",40.206225,-112.428493,"WGS84",45.4,1604.6,0.2,"6 - trap set and empty","ShermanXLK","2024-04-10","2024-04-10",,,,,,,,,,,,,,,,,,,,,,,,,,,,,,,,,,,,,,,,,,,,,"0009-0000-7236-0361","0009-0005-2133-045X",,,,,"853bbc1d-508d-4b94-917f-500cfae32ad7"
"92fe2d08-51dc-4053-87c6-f1d7f5cf8cbc","af3ccf12-68a0-434e-9e41-7eacee20e7b9","ONAQ_003.mammalGrid.mam","D15","ONAQ","ONAQ_003","D1","distributed","shrubScrub",40.206225,-112.428493,"WGS84",45.4,1604.6,0.2,"6 - trap set and empty","ShermanXLK","2024-04-10","2024-04-10",,,,,,,,,,,,,,,,,,,,,,,,,,,,,,,,,,,,,,,,,,,,,"0009-0000-7236-0361","0009-0005-2133-045X",,,,,"8fa62868-7a89-47cd-9df6-d15a6844457f"
"1bbc7df9-1edd-4077-b33d-4f7229b1eb80","d7b01328-c409-48fe-9d6c-adc2eb915bdc","ONAQ_020.mammalGrid.mam","D15","ONAQ","ONAQ_020","J4","distributed","shrubScrub",40.183889,-112.436683,"WGS84",45.1,1627.6,0.1,"5 - capture","ShermanXLK","2024-04-10","2024-04-10","NEON.MAM.D15.R5752",,"PEMA","Peromyscus maniculatus","species",,,,,"N","M","N","processed",,"adult","nonscrotal",,,,21,,,,17,"N","N","N",,"none","dry ice","ONAQ.20240410.R5752.B","D00000139691","mandibular - QNS",,,,,,,,,,,,"0009-0001-2150-8968","0009-0001-5608-8465",,,,,"5c5cafc4-6540-4630-89a2-6d0ce90a1b98"
"69f395c5-0a53-4b25-b60f-e11abd07dd55","af3ccf12-68a0-434e-9e41-7eacee20e7b9","ONAQ_003.mammalGrid.mam","D15","ONAQ","ONAQ_003","D4","distributed","shrubScrub",40.206225,-112.428493,"WGS84",45.4,1604.6,0.2,"6 - trap set and empty","ShermanXLK","2024-04-10","2024-04-10",,,,,,,,,,,,,,,,,,,,,,,,,,,,,,,,,,,,,,,,,,,,,"0009-0000-7236-0361","0009-0005-2133-045X",,,,,"adea42fe-593c-4246-b80b-5b45a7a4e655"
"69e7fb82-6515-4434-bb7f-2848bfee8e9f","d7b01328-c409-48fe-9d6c-adc2eb915bdc","ONAQ_020.mammalGrid.mam","D15","ONAQ","ONAQ_020","H5","distributed","shrubScrub",40.183889,-112.436683,"WGS84",45.1,1627.6,0.1,"6 - trap set and empty","ShermanXLK","2024-04-10","2024-04-10",,,,,,,,,,,,,,,,,,,,,,,,,,,,,,,,,,,,,,,,,,,,,"0009-0001-2150-8968","0009-0001-5608-8465",,,,,"48949c4d-d26c-4948-a04b-a766403995f9"
"7d14e75b-fa2f-447e-ad0b-dbbc740a55ac","af3ccf12-68a0-434e-9e41-7eacee20e7b9","ONAQ_003.mammalGrid.mam","D15","ONAQ","ONAQ_003","I10","distributed","shrubScrub",40.206225,-112.428493,"WGS84",45.4,1604.6,0.2,"6 - trap set and empty","ShermanXLK","2024-04-10","2024-04-10",,,,,,,,,,,,,,,,,,,,,,,,,,,,,,,,,,,,,,,,,,,,,"0009-0000-7236-0361","0009-0005-2133-045X",,,,,"7333140a-79fc-410d-a5c6-f55ba5c7930b"
"d77806f3-0050-40ef-bfa4-1b66bf3527fa","7fc09416-7c99-4053-b932-8948b5370b63","ONAQ_005.mammalGrid.mam","D15","ONAQ","ONAQ_005","I10","distributed","shrubScrub",40.180753,-112.429727,"WGS84",45.3,1607.9,0.4,"6 - trap set and empty","ShermanXLK","2024-04-10","2024-04-10",,,,,,,,,,,,,,,,,,,,,,,,,,,,,,,,,,,,,,,,,,,,,"0009-0000-7236-0361","0009-0005-2133-045X",,,,,"2ddbf9fe-6139-4209-a959-8cb69f0ecac2"
"c4e5c5e2-a766-4314-9c81-5902eb771e21","af3ccf12-68a0-434e-9e41-7eacee20e7b9","ONAQ_003.mammalGrid.mam","D15","ONAQ","ONAQ_003","B6","distributed","shrubScrub",40.206225,-112.428493,"WGS84",45.4,1604.6,0.2,"5 - capture","ShermanXLK","2024-04-10","2024-04-10","NEON.MAM.D15.442495",,"PEPA","Perognathus parvus","species",,,,,"N","M","Y","processed",,"adult","nonscrotal",,,,,,,,18,"U","U","U",,"did not check","dry ice",,,,,,,,,,,,,,,"0009-0000-7236-0361","0009-0005-2133-045X",,,,,"7d0fbd91-53d8-48d0-bad7-48a131b4f919"
"8f142272-a11e-471b-bbfb-fffae14ee673","7fc09416-7c99-4053-b932-8948b5370b63","ONAQ_005.mammalGrid.mam","D15","ONAQ","ONAQ_005","A2","distributed","shrubScrub",40.180753,-112.429727,"WGS84",45.3,1607.9,0.4,"6 - trap set and empty","ShermanXLK","2024-04-10","2024-04-10",,,,,,,,,,,,,,,,,,,,,,,,,,,,,,,,,,,,,,,,,,,,,"0009-0000-7236-0361","0009-0005-2133-045X",,,,,"73522b98-68a7-4158-9bbc-d11de91fb87d"
"29ffe3c7-94d3-4331-88ea-916a32329571","af3ccf12-68a0-434e-9e41-7eacee20e7b9","ONAQ_003.mammalGrid.mam","D15","ONAQ","ONAQ_003","F7","distributed","shrubScrub",40.206225,-112.428493,"WGS84",45.4,1604.6,0.2,"6 - trap set and empty","ShermanXLK","2024-04-10","2024-04-10",,,,,,,,,,,,,,,,,,,,,,,,,,,,,,,,,,,,,,,,,,,,,"0009-0000-7236-0361","0009-0005-2133-045X",,,,,"b84a26c0-26d9-4f90-bc1b-1cfd3573a889"
"7ca0ecc1-96eb-4f75-bf7c-936a1c27ba0b","7fc09416-7c99-4053-b932-8948b5370b63","ONAQ_005.mammalGrid.mam","D15","ONAQ","ONAQ_005","H10","distributed","shrubScrub",40.180753,-112.429727,"WGS84",45.3,1607.9,0.4,"5 - capture","ShermanXLK","2024-04-10","2024-04-10","NEON.MAM.D15.99842",,"PEPA","Perognathus parvus","species",,,,,"N","M","N","processed",,"adult","nonscrotal",,,,23,,91,,22,"N","Y","N","6-20","did not check","dry ice",,,,,,,,,,,,,,,"0009-0000-7236-0361","0009-0005-2133-045X",,,,,"48de0da0-a309-497b-b8ec-149bce8254cd"
"8eff961f-79a0-4e51-833a-20ee2dbab158","d7b01328-c409-48fe-9d6c-adc2eb915bdc","ONAQ_020.mammalGrid.mam","D15","ONAQ","ONAQ_020","H3","distributed","shrubScrub",40.183889,-112.436683,"WGS84",45.1,1627.6,0.1,"6 - trap set and empty","ShermanXLK","2024-04-10","2024-04-10",,,,,,,,,,,,,,,,,,,,,,,,,,,,,,,,,,,,,,,,,,,,,"0009-0001-2150-8968","0009-0001-5608-8465",,,,,"672278ca-e89d-45af-8834-53d62ba33df4"
"5cef4f06-88fc-469d-a90f-9809c2fd9221","7fc09416-7c99-4053-b932-8948b5370b63","ONAQ_005.mammalGrid.mam","D15","ONAQ","ONAQ_005","F6","distributed","shrubScrub",40.180753,-112.429727,"WGS84",45.3,1607.9,0.4,"6 - trap set and empty","ShermanXLK","2024-04-10","2024-04-10",,,,,,,,,,,,,,,,,,,,,,,,,,,,,,,,,,,,,,,,,,,,,"0009-0000-7236-0361","0009-0005-2133-045X",,,,,"76b8b908-4f2c-43e8-9785-2d7ad1d2d3c5"
"8056f6a7-05b0-4cb2-8023-dcbb9a7a371c","d7b01328-c409-48fe-9d6c-adc2eb915bdc","ONAQ_020.mammalGrid.mam","D15","ONAQ","ONAQ_020","B4","distributed","shrubScrub",40.183889,-112.436683,"WGS84",45.1,1627.6,0.1,"6 - trap set and empty","ShermanXLK","2024-04-10","2024-04-10",,,,,,,,,,,,,,,,,,,,,,,,,,,,,,,,,,,,,,,,,,,,,"0009-0001-2150-8968","0009-0001-5608-8465",,,,,"b5e586f9-a73f-47f2-9608-0aa0dd05392b"
"b98db02c-2bfe-4181-9970-ed09b14f8f64","af3ccf12-68a0-434e-9e41-7eacee20e7b9","ONAQ_003.mammalGrid.mam","D15","ONAQ","ONAQ_003","C2","distributed","shrubScrub",40.206225,-112.428493,"WGS84",45.4,1604.6,0.2,"6 - trap set and empty","ShermanXLK","2024-04-10","2024-04-10",,,,,,,,,,,,,,,,,,,,,,,,,,,,,,,,,,,,,,,,,,,,,"0009-0000-7236-0361","0009-0005-2133-045X",,,,,"d006e1c9-53d6-4e38-9569-ed7a14b29341"
"d09d4c18-f39a-4ac4-ba20-b2bdbf9b25fa","d7b01328-c409-48fe-9d6c-adc2eb915bdc","ONAQ_020.mammalGrid.mam","D15","ONAQ","ONAQ_020","J2","distributed","shrubScrub",40.183889,-112.436683,"WGS84",45.1,1627.6,0.1,"6 - trap set and empty","ShermanXLK","2024-04-10","2024-04-10",,,,,,,,,,,,,,,,,,,,,,,,,,,,,,,,,,,,,,,,,,,,,"0009-0001-2150-8968","0009-0001-5608-8465",,,,,"d67b9545-62d1-4234-b520-4b51b0e95b46"
"b872d0c1-efec-4f53-974b-11bad7df137d","af3ccf12-68a0-434e-9e41-7eacee20e7b9","ONAQ_003.mammalGrid.mam","D15","ONAQ","ONAQ_003","H3","distributed","shrubScrub",40.206225,-112.428493,"WGS84",45.4,1604.6,0.2,"5 - capture","ShermanXLK","2024-04-10","2024-04-10","NEON.MAM.D15.R4941",,"DIORDIMI","Dipodomys ordii/microps","speciesGroup",,,,,"N","F","N","processed",,"adult",,"nonenlarged","not","neither",39,13,134,,44,"U","U","U",,"did not check","dry ice",,,,,,,,,,,,,,,"0009-0000-7236-0361","0009-0005-2133-045X",,,,,"c61061df-ff34-4c82-8886-636059fd9ffc"
"aeb05c7d-9b14-42c0-b339-0ffcb434bf1b","7fc09416-7c99-4053-b932-8948b5370b63","ONAQ_005.mammalGrid.mam","D15","ONAQ","ONAQ_005","G5","distributed","shrubScrub",40.180753,-112.429727,"WGS84",45.3,1607.9,0.4,"6 - trap set and empty","ShermanXLK","2024-04-10","2024-04-10",,,,,,,,,,,,,,,,,,,,,,,,,,,,,,,,,,,,,,,,,,,,,"0009-0000-7236-0361","0009-0005-2133-045X",,,,,"b3933875-8f7c-4d9a-9ece-39e7d5a26f48"
"73c1d90d-71d2-4ee8-aa81-40a16e45545f","d7b01328-c409-48fe-9d6c-adc2eb915bdc","ONAQ_020.mammalGrid.mam","D15","ONAQ","ONAQ_020","G5","distributed","shrubScrub",40.183889,-112.436683,"WGS84",45.1,1627.6,0.1,"6 - trap set and empty","ShermanXLK","2024-04-10","2024-04-10",,,,,,,,,,,,,,,,,,,,,,,,,,,,,,,,,,,,,,,,,,,,,"0009-0001-2150-8968","0009-0001-5608-8465",,,,,"01ea66a6-aa54-4c70-9b80-78fbad9adf51"
"fc62ce88-9a9b-446a-91d3-3fe8d1cd94f1","af3ccf12-68a0-434e-9e41-7eacee20e7b9","ONAQ_003.mammalGrid.mam","D15","ONAQ","ONAQ_003","A10","distributed","shrubScrub",40.206225,-112.428493,"WGS84",45.4,1604.6,0.2,"5 - capture","ShermanXLK","2024-04-10","2024-04-10","NEON.MAM.D15.R4939",,"PEMA","Peromyscus maniculatus","species",,,,,"N","F","U","processed",,"adult",,"nonenlarged","not","neither",,,,,19,"U","U","U",,"did not check","dry ice","ONAQ.20240410.R4939.B","D00000140884","mandibular - QNS",,,,,,,,,,,,"0009-0000-7236-0361","0009-0005-2133-045X",,,,,"26378b6d-f302-4630-a4f4-de0944c68e1b"
"12ed3912-932b-4cf3-9d47-4c9106095655","7fc09416-7c99-4053-b932-8948b5370b63","ONAQ_005.mammalGrid.mam","D15","ONAQ","ONAQ_005","G7","distributed","shrubScrub",40.180753,-112.429727,"WGS84",45.3,1607.9,0.4,"6 - trap set and empty","ShermanXLK","2024-04-10","2024-04-10",,,,,,,,,,,,,,,,,,,,,,,,,,,,,,,,,,,,,,,,,,,,,"0009-0000-7236-0361","0009-0005-2133-045X",,,,,"29c8c750-d38c-4af8-8866-5a00cc239d16"
"f38a29fd-bad3-4d5d-b732-0586d6511336","7fc09416-7c99-4053-b932-8948b5370b63","ONAQ_005.mammalGrid.mam","D15","ONAQ","ONAQ_005","E7","distributed","shrubScrub",40.180753,-112.429727,"WGS84",45.3,1607.9,0.4,"6 - trap set and empty","ShermanXLK","2024-04-10","2024-04-10",,,,,,,,,,,,,,,,,,,,,,,,,,,,,,,,,,,,,,,,,,,,,"0009-0000-7236-0361","0009-0005-2133-045X",,,,,"a71797d7-f872-4366-bd6f-348daa58b0ec"
"300d7738-422b-4d9a-a5c4-e5de837bf6d0","7fc09416-7c99-4053-b932-8948b5370b63","ONAQ_005.mammalGrid.mam","D15","ONAQ","ONAQ_005","H3","distributed","shrubScrub",40.180753,-112.429727,"WGS84",45.3,1607.9,0.4,"6 - trap set and empty","ShermanXLK","2024-04-10","2024-04-10",,,,,,,,,,,,,,,,,,,,,,,,,,,,,,,,,,,,,,,,,,,,,"0009-0000-7236-0361","0009-0005-2133-045X",,,,,"89a537c0-d7d8-4c50-9935-5845089e9971"
"985283bd-9cff-4667-9ad7-879f02a67457","af3ccf12-68a0-434e-9e41-7eacee20e7b9","ONAQ_003.mammalGrid.mam","D15","ONAQ","ONAQ_003","A9","distributed","shrubScrub",40.206225,-112.428493,"WGS84",45.4,1604.6,0.2,"5 - capture","ShermanXLK","2024-04-10","2024-04-10","NEON.MAM.D15.R4942",,"PEMA","Peromyscus maniculatus","species","cf. genus",,,,"N","M","N","processed",,"adult","scrotal",,,,,,,,20,"U","U","U",,"did not check","dry ice","ONAQ.20240410.R4942.B","D00000141312","mandibular",,,,,,,,,,,,"0009-0000-7236-0361","0009-0005-2133-045X",,,,,"063d8e7b-4e98-4a40-8aab-3eb7a216b4c1"
"c43fee5c-8f8b-47f8-9b8d-5e26d694d05b","af3ccf12-68a0-434e-9e41-7eacee20e7b9","ONAQ_003.mammalGrid.mam","D15","ONAQ","ONAQ_003","C1","distributed","shrubScrub",40.206225,-112.428493,"WGS84",45.4,1604.6,0.2,"6 - trap set and empty","ShermanXLK","2024-04-10","2024-04-10",,,,,,,,,,,,,,,,,,,,,,,,,,,,,,,,,,,,,,,,,,,,,"0009-0000-7236-0361","0009-0005-2133-045X",,,,,"ce950f13-e6e0-436e-bdd7-983d08182b8c"
"397ecfbf-1019-4f90-bb97-8b1f31616300","af3ccf12-68a0-434e-9e41-7eacee20e7b9","ONAQ_003.mammalGrid.mam","D15","ONAQ","ONAQ_003","A8","distributed","shrubScrub",40.206225,-112.428493,"WGS84",45.4,1604.6,0.2,"5 - capture","ShermanXLK","2024-04-10","2024-04-10","NEON.MAM.D15.R3816",,"DIORDIMI","Dipodomys ordii/microps","speciesGroup",,,,,"N","F","Y","processed",,"adult",,"enlarged","unknown","neither",41,13,158,,77,"U","U","U",,"did not check","dry ice",,,,,,,,,,,,,,,"0009-0000-7236-0361","0009-0005-2133-045X",,,,,"7e6d65ea-2c9e-4061-b1ca-69ac6d4dc518"
"6a21ccab-5b51-4697-a573-a44ad38ff675","af3ccf12-68a0-434e-9e41-7eacee20e7b9","ONAQ_003.mammalGrid.mam","D15","ONAQ","ONAQ_003","C9","distributed","shrubScrub",40.206225,-112.428493,"WGS84",45.4,1604.6,0.2,"5 - capture","ShermanXLK","2024-04-10","2024-04-10","NEON.MAM.D15.O003C920240410",,"DIMI","Dipodomys microps","species",,,"7b06a811-dd8a-4cc0-8d0d-5ca19ae185f6","taxonID","N","M","N","dead",,"adult","scrotal",,,,,,,,,"U","U","U",,"did not check","dry ice",,,,,,,,,,,,,"ONAQ.20240410.O003C920240410.V","D00000215422","0009-0000-7236-0361","0009-0005-2133-045X","0000-0002-0878-4132","2024-11-13",,,"e659c98d-5423-4d40-90ba-6dc5a55c009b"
"87c92b10-2a5a-4dba-ba1f-a1373525beb0","d7b01328-c409-48fe-9d6c-adc2eb915bdc","ONAQ_020.mammalGrid.mam","D15","ONAQ","ONAQ_020","A3","distributed","shrubScrub",40.183889,-112.436683,"WGS84",45.1,1627.6,0.1,"6 - trap set and empty","ShermanXLK","2024-04-10","2024-04-10",,,,,,,,,,,,,,,,,,,,,,,,,,,,,,,,,,,,,,,,,,,,,"0009-0001-2150-8968","0009-0001-5608-8465",,,,,"c19046f4-7d4e-446d-a33f-55a5ebe093ea"
"05c3f769-5bc1-45d7-b465-0008e33ebfdb","7fc09416-7c99-4053-b932-8948b5370b63","ONAQ_005.mammalGrid.mam","D15","ONAQ","ONAQ_005","B3","distributed","shrubScrub",40.180753,-112.429727,"WGS84",45.3,1607.9,0.4,"6 - trap set and empty","ShermanXLK","2024-04-10","2024-04-10",,,,,,,,,,,,,,,,,,,,,,,,,,,,,,,,,,,,,,,,,,,,,"0009-0000-7236-0361","0009-0005-2133-045X",,,,,"7bfb5e5d-d754-4cd6-a5bc-7b30b4da5b47"
"df161b37-156b-4aa9-8274-d27bca76fbe6","7fc09416-7c99-4053-b932-8948b5370b63","ONAQ_005.mammalGrid.mam","D15","ONAQ","ONAQ_005","G4","distributed","shrubScrub",40.180753,-112.429727,"WGS84",45.3,1607.9,0.4,"6 - trap set and empty","ShermanXLK","2024-04-10","2024-04-10",,,,,,,,,,,,,,,,,,,,,,,,,,,,,,,,,,,,,,,,,,,,,"0009-0000-7236-0361","0009-0005-2133-045X",,,,,"8742be68-28ac-4481-bdbe-b3c036dc8d90"
"621f9aec-7afd-4755-9cea-54724c680c9f","7fc09416-7c99-4053-b932-8948b5370b63","ONAQ_005.mammalGrid.mam","D15","ONAQ","ONAQ_005","D7","distributed","shrubScrub",40.180753,-112.429727,"WGS84",45.3,1607.9,0.4,"6 - trap set and empty","ShermanXLK","2024-04-10","2024-04-10",,,,,,,,,,,,,,,,,,,,,,,,,,,,,,,,,,,,,,,,,,,,,"0009-0000-7236-0361","0009-0005-2133-045X",,,,,"aba0f3d1-78dc-47ba-af37-a051648ecae2"
"d011095d-c3c9-4bac-ad31-1b47beb14d52","d7b01328-c409-48fe-9d6c-adc2eb915bdc","ONAQ_020.mammalGrid.mam","D15","ONAQ","ONAQ_020","G1","distributed","shrubScrub",40.183889,-112.436683,"WGS84",45.1,1627.6,0.1,"6 - trap set and empty","ShermanXLK","2024-04-10","2024-04-10",,,,,,,,,,,,,,,,,,,,,,,,,,,,,,,,,,,,,,,,,,,,,"0009-0001-2150-8968","0009-0001-5608-8465",,,,,"09256025-e9ae-41b2-970d-939bdcf3f3c9"
"166517f9-1f47-46f1-9646-530e59fd4369","af3ccf12-68a0-434e-9e41-7eacee20e7b9","ONAQ_003.mammalGrid.mam","D15","ONAQ","ONAQ_003","J4","distributed","shrubScrub",40.206225,-112.428493,"WGS84",45.4,1604.6,0.2,"6 - trap set and empty","ShermanXLK","2024-04-10","2024-04-10",,,,,,,,,,,,,,,,,,,,,,,,,,,,,,,,,,,,,,,,,,,,,"0009-0000-7236-0361","0009-0005-2133-045X",,,,,"1ff4ffdd-1e81-44b2-b4bb-a032f496ad03"
"18cb708b-a195-4bdd-91b5-422c6828dc45","d7b01328-c409-48fe-9d6c-adc2eb915bdc","ONAQ_020.mammalGrid.mam","D15","ONAQ","ONAQ_020","F5","distributed","shrubScrub",40.183889,-112.436683,"WGS84",45.1,1627.6,0.1,"6 - trap set and empty","ShermanXLK","2024-04-10","2024-04-10",,,,,,,,,,,,,,,,,,,,,,,,,,,,,,,,,,,,,,,,,,,,,"0009-0001-2150-8968","0009-0001-5608-8465",,,,,"e2653e31-8abb-4d77-99ac-930aad76a795"
"89c13d19-63c1-4e07-90d0-ff106b2f09b5","d7b01328-c409-48fe-9d6c-adc2eb915bdc","ONAQ_020.mammalGrid.mam","D15","ONAQ","ONAQ_020","H10","distributed","shrubScrub",40.183889,-112.436683,"WGS84",45.1,1627.6,0.1,"5 - capture","ShermanXLK","2024-04-10","2024-04-10","NEON.MAM.D15.L5757",,"PEMA","Peromyscus maniculatus","species",,,,,"N","M","N","processed",,"subadult","nonscrotal",,,,19,,,,14,"N","Y","N","1-5","none","dry ice",,,,,,,,,,,,,,,"0009-0001-2150-8968","0009-0001-5608-8465",,,,,"d0545f02-34b1-4106-8d05-e30afd4e19c9"
"a4a5bfcb-eb0a-45b6-82c7-1719714a68da","7fc09416-7c99-4053-b932-8948b5370b63","ONAQ_005.mammalGrid.mam","D15","ONAQ","ONAQ_005","G9","distributed","shrubScrub",40.180753,-112.429727,"WGS84",45.3,1607.9,0.4,"6 - trap set and empty","ShermanXLK","2024-04-10","2024-04-10",,,,,,,,,,,,,,,,,,,,,,,,,,,,,,,,,,,,,,,,,,,,,"0009-0000-7236-0361","0009-0005-2133-045X",,,,,"d359bc39-84e1-4d18-b603-66fb2e7456dc"
"4b298dbc-2482-471c-905d-4c58dd4df3cb","af3ccf12-68a0-434e-9e41-7eacee20e7b9","ONAQ_003.mammalGrid.mam","D15","ONAQ","ONAQ_003","G3","distributed","shrubScrub",40.206225,-112.428493,"WGS84",45.4,1604.6,0.2,"6 - trap set and empty","ShermanXLK","2024-04-10","2024-04-10",,,,,,,,,,,,,,,,,,,,,,,,,,,,,,,,,,,,,,,,,,,,,"0009-0000-7236-0361","0009-0005-2133-045X",,,,,"0cb3bc11-79c3-414f-aaa5-7b378d901c5f"
"1f13160a-e07e-444d-832e-de23521f4627","d7b01328-c409-48fe-9d6c-adc2eb915bdc","ONAQ_020.mammalGrid.mam","D15","ONAQ","ONAQ_020","C10","distributed","shrubScrub",40.183889,-112.436683,"WGS84",45.1,1627.6,0.1,"6 - trap set and empty","ShermanXLK","2024-04-10","2024-04-10",,,,,,,,,,,,,,,,,,,,,,,,,,,,,,,,,,,,,,,,,,,,,"0009-0001-2150-8968","0009-0001-5608-8465",,,,,"a63de6c9-7ea3-438d-8c12-3e1499ebcd72"
"229f2297-09a5-465f-9c64-378749eb21bd","d7b01328-c409-48fe-9d6c-adc2eb915bdc","ONAQ_020.mammalGrid.mam","D15","ONAQ","ONAQ_020","E8","distributed","shrubScrub",40.183889,-112.436683,"WGS84",45.1,1627.6,0.1,"6 - trap set and empty","ShermanXLK","2024-04-10","2024-04-10",,,,,,,,,,,,,,,,,,,,,,,,,,,,,,,,,,,,,,,,,,,,,"0009-0001-2150-8968","0009-0001-5608-8465",,,,,"948038ac-6e97-4ece-a372-27c031e8f2bb"
"8d1dece1-2e54-4ea9-a909-c53ce00dfe38","d7b01328-c409-48fe-9d6c-adc2eb915bdc","ONAQ_020.mammalGrid.mam","D15","ONAQ","ONAQ_020","E2","distributed","shrubScrub",40.183889,-112.436683,"WGS84",45.1,1627.6,0.1,"6 - trap set and empty","ShermanXLK","2024-04-10","2024-04-10",,,,,,,,,,,,,,,,,,,,,,,,,,,,,,,,,,,,,,,,,,,,,"0009-0001-2150-8968","0009-0001-5608-8465",,,,,"68ed0d48-11d3-4912-bf0d-19db5c206ad3"
"50cdf06b-b665-42fc-8ae6-c1f38699b7b5","af3ccf12-68a0-434e-9e41-7eacee20e7b9","ONAQ_003.mammalGrid.mam","D15","ONAQ","ONAQ_003","H5","distributed","shrubScrub",40.206225,-112.428493,"WGS84",45.4,1604.6,0.2,"5 - capture","ShermanXLK","2024-04-10","2024-04-10","NEON.MAM.D15.R5581",,"DIORDIMI","Dipodomys ordii/microps","speciesGroup",,,,,"N","F","Y","processed",,"adult",,"enlarged","not","neither",36,13,138,,55,"U","U","U",,"did not check","dry ice",,,,,,,,,,,,,,,"0009-0000-7236-0361","0009-0005-2133-045X",,,,,"189a0bb1-690d-446e-8468-684b8ac7f4eb"
"a0b0cf0c-b844-4205-85e9-fccb1398a60c","7fc09416-7c99-4053-b932-8948b5370b63","ONAQ_005.mammalGrid.mam","D15","ONAQ","ONAQ_005","A3","distributed","shrubScrub",40.180753,-112.429727,"WGS84",45.3,1607.9,0.4,"6 - trap set and empty","ShermanXLK","2024-04-10","2024-04-10",,,,,,,,,,,,,,,,,,,,,,,,,,,,,,,,,,,,,,,,,,,,,"0009-0000-7236-0361","0009-0005-2133-045X",,,,,"bd8356b1-cd64-4694-bdb5-e15117a5ef54"
"958d7393-1e04-442f-b2f7-2d7414f49a59","7fc09416-7c99-4053-b932-8948b5370b63","ONAQ_005.mammalGrid.mam","D15","ONAQ","ONAQ_005","I3","distributed","shrubScrub",40.180753,-112.429727,"WGS84",45.3,1607.9,0.4,"6 - trap set and empty","ShermanXLK","2024-04-10","2024-04-10",,,,,,,,,,,,,,,,,,,,,,,,,,,,,,,,,,,,,,,,,,,,,"0009-0000-7236-0361","0009-0005-2133-045X",,,,,"946f970e-34f3-451f-9bce-0e0ac3eb8e84"
"9ed1da65-c920-44c0-b7ee-42c0d897b890","7fc09416-7c99-4053-b932-8948b5370b63","ONAQ_005.mammalGrid.mam","D15","ONAQ","ONAQ_005","D10","distributed","shrubScrub",40.180753,-112.429727,"WGS84",45.3,1607.9,0.4,"5 - capture","ShermanXLK","2024-04-10","2024-04-10","NEON.MAM.D15.R4680",,"DIORDIMI","Dipodomys ordii/microps","speciesGroup",,,,,"N","F","Y","processed",,"adult",,"enlarged","not","neither",38,13,156,,61,"N","N","N",,"none","dry ice",,,,,,,,,,,,,,,"0009-0000-7236-0361","0009-0005-2133-045X",,,,,"57414875-ebb6-46bc-b7d3-051247ba4296"
"0ae6f648-268e-4b69-b7f2-9a89c763c0a4","7fc09416-7c99-4053-b932-8948b5370b63","ONAQ_005.mammalGrid.mam","D15","ONAQ","ONAQ_005","D3","distributed","shrubScrub",40.180753,-112.429727,"WGS84",45.3,1607.9,0.4,"6 - trap set and empty","ShermanXLK","2024-04-10","2024-04-10",,,,,,,,,,,,,,,,,,,,,,,,,,,,,,,,,,,,,,,,,,,,,"0009-0000-7236-0361","0009-0005-2133-045X",,,,,"28c7484e-d24d-4c3f-9c8a-b408756f1610"
"ffa4566f-6b1d-481f-94a1-61dd6e9fd5cb","7fc09416-7c99-4053-b932-8948b5370b63","ONAQ_005.mammalGrid.mam","D15","ONAQ","ONAQ_005","F3","distributed","shrubScrub",40.180753,-112.429727,"WGS84",45.3,1607.9,0.4,"6 - trap set and empty","ShermanXLK","2024-04-10","2024-04-10",,,,,,,,,,,,,,,,,,,,,,,,,,,,,,,,,,,,,,,,,,,,,"0009-0000-7236-0361","0009-0005-2133-045X",,,,,"d62bd602-b212-4e25-8de5-e9cf7cb886f3"
"e39b5abd-51d4-49c0-8691-30812385b1b3","7fc09416-7c99-4053-b932-8948b5370b63","ONAQ_005.mammalGrid.mam","D15","ONAQ","ONAQ_005","D4","distributed","shrubScrub",40.180753,-112.429727,"WGS84",45.3,1607.9,0.4,"6 - trap set and empty","ShermanXLK","2024-04-10","2024-04-10",,,,,,,,,,,,,,,,,,,,,,,,,,,,,,,,,,,,,,,,,,,,,"0009-0000-7236-0361","0009-0005-2133-045X",,,,,"0d05ed62-b510-44c8-b69b-6c4d6ec19451"
"c6fda958-f015-45af-a2a5-7769683d1979","d7b01328-c409-48fe-9d6c-adc2eb915bdc","ONAQ_020.mammalGrid.mam","D15","ONAQ","ONAQ_020","E10","distributed","shrubScrub",40.183889,-112.436683,"WGS84",45.1,1627.6,0.1,"5 - capture","ShermanXLK","2024-04-10","2024-04-10","NEON.MAM.D15.R6703",,"DIORDIMI","Dipodomys ordii/microps","speciesGroup",,,,,"N","F","N","processed",,"adult",,"enlarged","unknown","swollen",39,,116,,63,"Y","N","N","6-20","none","dry ice",,,,,,,,,,,,,,,"0009-0001-2150-8968","0009-0001-5608-8465",,,,,"52998dc8-a92f-4915-ad6c-33bb99f3fc0b"
"0cba89ab-e1d9-4003-ad4f-ca16e2c13925","d7b01328-c409-48fe-9d6c-adc2eb915bdc","ONAQ_020.mammalGrid.mam","D15","ONAQ","ONAQ_020","I9","distributed","shrubScrub",40.183889,-112.436683,"WGS84",45.1,1627.6,0.1,"5 - capture","ShermanXLK","2024-04-10","2024-04-10","NEON.MAM.D15.R6025",,"PEMA","Peromyscus maniculatus","species",,,,,"N","M","N","processed",,"juvenile","nonscrotal",,,,15,,,,11,"N","N","N",,"none","dry ice",,,,,,,,,,,,,,,"0009-0001-2150-8968","0009-0001-5608-8465",,,,,"2de5d6a5-97cb-4c06-936f-ff894208a379"
"edf9aa46-7ddc-4b3d-a320-9cd01378ad6d","af3ccf12-68a0-434e-9e41-7eacee20e7b9","ONAQ_003.mammalGrid.mam","D15","ONAQ","ONAQ_003","F9","distributed","shrubScrub",40.206225,-112.428493,"WGS84",45.4,1604.6,0.2,"6 - trap set and empty","ShermanXLK","2024-04-10","2024-04-10",,,,,,,,,,,,,,,,,,,,,,,,,,,,,,,,,,,,,,,,,,,,,"0009-0000-7236-0361","0009-0005-2133-045X",,,,,"af24e49f-8b34-4c9b-a9c0-5b54283590aa"
"fc62de96-55cb-402d-9b14-b38223edf673","af3ccf12-68a0-434e-9e41-7eacee20e7b9","ONAQ_003.mammalGrid.mam","D15","ONAQ","ONAQ_003","H4","distributed","shrubScrub",40.206225,-112.428493,"WGS84",45.4,1604.6,0.2,"6 - trap set and empty","ShermanXLK","2024-04-10","2024-04-10",,,,,,,,,,,,,,,,,,,,,,,,,,,,,,,,,,,,,,,,,,,,,"0009-0000-7236-0361","0009-0005-2133-045X",,,,,"5227676b-53ad-432b-8957-e2061c89801f"
"5732e653-3256-4d79-96ca-d4c3b89cba52","d7b01328-c409-48fe-9d6c-adc2eb915bdc","ONAQ_020.mammalGrid.mam","D15","ONAQ","ONAQ_020","H6","distributed","shrubScrub",40.183889,-112.436683,"WGS84",45.1,1627.6,0.1,"6 - trap set and empty","ShermanXLK","2024-04-10","2024-04-10",,,,,,,,,,,,,,,,,,,,,,,,,,,,,,,,,,,,,,,,,,,,,"0009-0001-2150-8968","0009-0001-5608-8465",,,,,"171ab86c-b61d-4662-95c5-43f53d743d6a"
"de5e8629-c3c1-4125-916f-6f5b63428ff2","7fc09416-7c99-4053-b932-8948b5370b63","ONAQ_005.mammalGrid.mam","D15","ONAQ","ONAQ_005","J2","distributed","shrubScrub",40.180753,-112.429727,"WGS84",45.3,1607.9,0.4,"5 - capture","ShermanXLK","2024-04-10","2024-04-10","NEON.MAM.D15.R5750",,"DIORDIMI","Dipodomys ordii/microps","speciesGroup",,,,,"N","F","N","processed",,"adult",,"nonenlarged","not","swollen",37,,135,,46,"N","Y","N","6-20","none","dry ice",,,,,,,,,,,,,,,"0009-0000-7236-0361","0009-0005-2133-045X",,,,,"7c8c026f-ba66-4a8e-be15-4f52ebe7531f"
"a9a31b18-60e6-4fa5-9a7b-9aac7f4b0c58","d7b01328-c409-48fe-9d6c-adc2eb915bdc","ONAQ_020.mammalGrid.mam","D15","ONAQ","ONAQ_020","D3","distributed","shrubScrub",40.183889,-112.436683,"WGS84",45.1,1627.6,0.1,"6 - trap set and empty","ShermanXLK","2024-04-10","2024-04-10",,,,,,,,,,,,,,,,,,,,,,,,,,,,,,,,,,,,,,,,,,,,,"0009-0001-2150-8968","0009-0001-5608-8465",,,,,"2bf0cf2f-a30e-4dc2-a2ca-9be3bec422df"
"ed72409e-c229-4c7b-a112-71b3e93db072","d7b01328-c409-48fe-9d6c-adc2eb915bdc","ONAQ_020.mammalGrid.mam","D15","ONAQ","ONAQ_020","A2","distributed","shrubScrub",40.183889,-112.436683,"WGS84",45.1,1627.6,0.1,"2 - trap disturbed/door closed but empty","ShermanXLK","2024-04-10","2024-04-10",,,,,,,,,,,,,,,,,,,,,,,,,,,,,"did not check","dry ice",,,,,,,,,,,,,,,"0009-0001-2150-8968","0009-0001-5608-8465",,,,,"937b6738-8743-48e8-a228-de86438c0a4d"
"0316d335-7fe9-48e6-8038-7bcc570163a0","d7b01328-c409-48fe-9d6c-adc2eb915bdc","ONAQ_020.mammalGrid.mam","D15","ONAQ","ONAQ_020","A6","distributed","shrubScrub",40.183889,-112.436683,"WGS84",45.1,1627.6,0.1,"6 - trap set and empty","ShermanXLK","2024-04-10","2024-04-10",,,,,,,,,,,,,,,,,,,,,,,,,,,,,,,,,,,,,,,,,,,,,"0009-0001-2150-8968","0009-0001-5608-8465",,,,,"ef90c482-f4fb-49da-93cf-da2c36c4663e"
"965536f9-8155-4ce3-ada1-0ecf879ed25a","af3ccf12-68a0-434e-9e41-7eacee20e7b9","ONAQ_003.mammalGrid.mam","D15","ONAQ","ONAQ_003","D5","distributed","shrubScrub",40.206225,-112.428493,"WGS84",45.4,1604.6,0.2,"5 - capture","ShermanXLK","2024-04-10","2024-04-10","NEON.MAM.D15.R5531",,"DIORDIMI","Dipodomys ordii/microps","speciesGroup",,,,,"N","F","Y","processed",,"adult",,"enlarged","not","swollen",40,15,144,,53,"U","U","U",,"did not check","dry ice",,,,,,,,,,,,,,,"0009-0000-7236-0361","0009-0005-2133-045X",,,,,"3e36fcc6-ee30-4d87-b65d-ce9d95e451da"
"2e804226-8c68-48d8-9084-db66c3cde0e1","af3ccf12-68a0-434e-9e41-7eacee20e7b9","ONAQ_003.mammalGrid.mam","D15","ONAQ","ONAQ_003","H2","distributed","shrubScrub",40.206225,-112.428493,"WGS84",45.4,1604.6,0.2,"6 - trap set and empty","ShermanXLK","2024-04-10","2024-04-10",,,,,,,,,,,,,,,,,,,,,,,,,,,,,,,,,,,,,,,,,,,,,"0009-0000-7236-0361","0009-0005-2133-045X",,,,,"d7413ace-5972-4e5f-a5d2-f6ea4e1642b0"
"16b0f2c1-4e60-46b5-a984-11dec5de68c2","af3ccf12-68a0-434e-9e41-7eacee20e7b9","ONAQ_003.mammalGrid.mam","D15","ONAQ","ONAQ_003","J1","distributed","shrubScrub",40.206225,-112.428493,"WGS84",45.4,1604.6,0.2,"6 - trap set and empty","ShermanXLK","2024-04-10","2024-04-10",,,,,,,,,,,,,,,,,,,,,,,,,,,,,,,,,,,,,,,,,,,,,"0009-0000-7236-0361","0009-0005-2133-045X",,,,,"2761f37a-29a1-4a7a-95e3-55afbdeeb8d7"
"5e18cabc-8eb9-48b9-8008-378c51b293b1","7fc09416-7c99-4053-b932-8948b5370b63","ONAQ_005.mammalGrid.mam","D15","ONAQ","ONAQ_005","F9","distributed","shrubScrub",40.180753,-112.429727,"WGS84",45.3,1607.9,0.4,"6 - trap set and empty","ShermanXLK","2024-04-10","2024-04-10",,,,,,,,,,,,,,,,,,,,,,,,,,,,,,,,,,,,,,,,,,,,,"0009-0000-7236-0361","0009-0005-2133-045X",,,,,"1a26ae2c-1edf-4ca8-bea2-de8785de7cb1"
"7fb3a9d4-29e2-4a4c-81c2-2dce68a93bca","d7b01328-c409-48fe-9d6c-adc2eb915bdc","ONAQ_020.mammalGrid.mam","D15","ONAQ","ONAQ_020","I7","distributed","shrubScrub",40.183889,-112.436683,"WGS84",45.1,1627.6,0.1,"6 - trap set and empty","ShermanXLK","2024-04-10","2024-04-10",,,,,,,,,,,,,,,,,,,,,,,,,,,,,,,,,,,,,,,,,,,,,"0009-0001-2150-8968","0009-0001-5608-8465",,,,,"0e2e92f1-f000-4533-b214-65123684ecc4"
"41dee73d-8fc0-44a2-be3d-b79a0475d036","af3ccf12-68a0-434e-9e41-7eacee20e7b9","ONAQ_003.mammalGrid.mam","D15","ONAQ","ONAQ_003","I4","distributed","shrubScrub",40.206225,-112.428493,"WGS84",45.4,1604.6,0.2,"5 - capture","ShermanXLK","2024-04-10","2024-04-10","NEON.MAM.D15.R4932",,"DIORDIMI","Dipodomys ordii/microps","speciesGroup",,,,,"N","M","N","processed",,"adult","scrotal",,,,37,13,139,,52,"U","U","U",,"did not check","dry ice",,,,,,,,,,,,,,,"0009-0000-7236-0361","0009-0005-2133-045X",,,,,"1885237f-2e30-4e53-8e3c-0f493f459cd4"
"80ca262f-bb87-4a58-a448-8161d0b1d44c","d7b01328-c409-48fe-9d6c-adc2eb915bdc","ONAQ_020.mammalGrid.mam","D15","ONAQ","ONAQ_020","I1","distributed","shrubScrub",40.183889,-112.436683,"WGS84",45.1,1627.6,0.1,"5 - capture","ShermanXLK","2024-04-10","2024-04-10","NEON.MAM.D15.R5758",,"PEMA","Peromyscus maniculatus","species",,,,,"N","M","N","processed",,"adult","nonscrotal",,,,19,,,,18,"N","N","N",,"none","dry ice",,,,,,,,,,,,,,,"0009-0001-2150-8968","0009-0001-5608-8465",,,,,"978d9192-33ce-4398-9bd5-9cec0d167753"
"a6795363-4927-43b6-9e1f-2e46a5250a9b","7fc09416-7c99-4053-b932-8948b5370b63","ONAQ_005.mammalGrid.mam","D15","ONAQ","ONAQ_005","A10","distributed","shrubScrub",40.180753,-112.429727,"WGS84",45.3,1607.9,0.4,"6 - trap set and empty","ShermanXLK","2024-04-10","2024-04-10",,,,,,,,,,,,,,,,,,,,,,,,,,,,,,,,,,,,,,,,,,,,,"0009-0000-7236-0361","0009-0005-2133-045X",,,,,"d656388a-0834-45be-9aed-a6488c991d47"
"7316767d-37c4-47bf-ba97-f19aa42d5699","af3ccf12-68a0-434e-9e41-7eacee20e7b9","ONAQ_003.mammalGrid.mam","D15","ONAQ","ONAQ_003","G9","distributed","shrubScrub",40.206225,-112.428493,"WGS84",45.4,1604.6,0.2,"6 - trap set and empty","ShermanXLK","2024-04-10","2024-04-10",,,,,,,,,,,,,,,,,,,,,,,,,,,,,,,,,,,,,,,,,,,,,"0009-0000-7236-0361","0009-0005-2133-045X",,,,,"54ba877d-f6b0-4c59-9018-9f5ae78bf60e"
"23e49490-5401-4670-8f37-1bb3670d290a","af3ccf12-68a0-434e-9e41-7eacee20e7b9","ONAQ_003.mammalGrid.mam","D15","ONAQ","ONAQ_003","J9","distributed","shrubScrub",40.206225,-112.428493,"WGS84",45.4,1604.6,0.2,"6 - trap set and empty","ShermanXLK","2024-04-10","2024-04-10",,,,,,,,,,,,,,,,,,,,,,,,,,,,,,,,,,,,,,,,,,,,,"0009-0000-7236-0361","0009-0005-2133-045X",,,,,"a6c9929f-558b-46d7-bf23-02fb25982994"
"718d2336-6b19-4558-847f-b170f3b8493b","d7b01328-c409-48fe-9d6c-adc2eb915bdc","ONAQ_020.mammalGrid.mam","D15","ONAQ","ONAQ_020","E1","distributed","shrubScrub",40.183889,-112.436683,"WGS84",45.1,1627.6,0.1,"5 - capture","ShermanXLK","2024-04-10","2024-04-10","NEON.MAM.D15.R5768",,"PEMA","Peromyscus maniculatus","species",,,,,"N","F","N","processed",,"adult",,"nonenlarged","not","swollen",18,,65,,19,"N","Y","N","6-20","none","dry ice","ONAQ.20240410.R5768.B","D00000139838","mandibular",,,,,,,,,,,,"0009-0001-2150-8968","0009-0001-5608-8465",,,,,"1f96a390-ac9a-43b0-81ae-d43d3b1b6eca"
"22e786e4-7d2c-47e0-9803-d31260e0f77a","7fc09416-7c99-4053-b932-8948b5370b63","ONAQ_005.mammalGrid.mam","D15","ONAQ","ONAQ_005","G2","distributed","shrubScrub",40.180753,-112.429727,"WGS84",45.3,1607.9,0.4,"6 - trap set and empty","ShermanXLK","2024-04-10","2024-04-10",,,,,,,,,,,,,,,,,,,,,,,,,,,,,,,,,,,,,,,,,,,,,"0009-0000-7236-0361","0009-0005-2133-045X",,,,,"a3e70a68-a2e4-428d-9f19-c3a3519e3258"
"78592ad1-b79b-4f1d-98f4-15484b301420","d7b01328-c409-48fe-9d6c-adc2eb915bdc","ONAQ_020.mammalGrid.mam","D15","ONAQ","ONAQ_020","C6","distributed","shrubScrub",40.183889,-112.436683,"WGS84",45.1,1627.6,0.1,"6 - trap set and empty","ShermanXLK","2024-04-10","2024-04-10",,,,,,,,,,,,,,,,,,,,,,,,,,,,,,,,,,,,,,,,,,,,,"0009-0001-2150-8968","0009-0001-5608-8465",,,,,"aaeb1222-b026-41bd-9ec5-a8ff5a040d17"
"a969522f-d40a-445d-a1e1-d459554acf5b","7fc09416-7c99-4053-b932-8948b5370b63","ONAQ_005.mammalGrid.mam","D15","ONAQ","ONAQ_005","B4","distributed","shrubScrub",40.180753,-112.429727,"WGS84",45.3,1607.9,0.4,"6 - trap set and empty","ShermanXLK","2024-04-10","2024-04-10",,,,,,,,,,,,,,,,,,,,,,,,,,,,,,,,,,,,,,,,,,,,,"0009-0000-7236-0361","0009-0005-2133-045X",,,,,"bd50a815-b0c7-4d31-8cdb-c028aec6645a"
"504fb72d-d992-4c5e-842c-2fb7044d56e3","7fc09416-7c99-4053-b932-8948b5370b63","ONAQ_005.mammalGrid.mam","D15","ONAQ","ONAQ_005","E5","distributed","shrubScrub",40.180753,-112.429727,"WGS84",45.3,1607.9,0.4,"6 - trap set and empty","ShermanXLK","2024-04-10","2024-04-10",,,,,,,,,,,,,,,,,,,,,,,,,,,,,,,,,,,,,,,,,,,,,"0009-0000-7236-0361","0009-0005-2133-045X",,,,,"4b435fbe-b9ca-4822-aa5e-75d8b7b43eb6"
"ec0aec27-e597-436a-a31a-61e7b08c5137","af3ccf12-68a0-434e-9e41-7eacee20e7b9","ONAQ_003.mammalGrid.mam","D15","ONAQ","ONAQ_003","E1","distributed","shrubScrub",40.206225,-112.428493,"WGS84",45.4,1604.6,0.2,"6 - trap set and empty","ShermanXLK","2024-04-10","2024-04-10",,,,,,,,,,,,,,,,,,,,,,,,,,,,,,,,,,,,,,,,,,,,,"0009-0000-7236-0361","0009-0005-2133-045X",,,,,"40283342-26b5-42f4-a9a8-d795a0979ec2"
"6af257d7-1707-4d14-9838-ad071c247903","7fc09416-7c99-4053-b932-8948b5370b63","ONAQ_005.mammalGrid.mam","D15","ONAQ","ONAQ_005","G8","distributed","shrubScrub",40.180753,-112.429727,"WGS84",45.3,1607.9,0.4,"6 - trap set and empty","ShermanXLK","2024-04-10","2024-04-10",,,,,,,,,,,,,,,,,,,,,,,,,,,,,,,,,,,,,,,,,,,,,"0009-0000-7236-0361","0009-0005-2133-045X",,,,,"19873fd1-b390-4a3d-87cb-f3a313e98c79"
"f8d681ef-a6c8-4aae-ad4f-acca1f94a2b3","7fc09416-7c99-4053-b932-8948b5370b63","ONAQ_005.mammalGrid.mam","D15","ONAQ","ONAQ_005","H4","distributed","shrubScrub",40.180753,-112.429727,"WGS84",45.3,1607.9,0.4,"6 - trap set and empty","ShermanXLK","2024-04-10","2024-04-10",,,,,,,,,,,,,,,,,,,,,,,,,,,,,,,,,,,,,,,,,,,,,"0009-0000-7236-0361","0009-0005-2133-045X",,,,,"8fae0f71-f1d4-4a7c-b52d-90fba8c90a98"
"2f79ffc2-b674-441c-a11a-74268470543b","7fc09416-7c99-4053-b932-8948b5370b63","ONAQ_005.mammalGrid.mam","D15","ONAQ","ONAQ_005","A6","distributed","shrubScrub",40.180753,-112.429727,"WGS84",45.3,1607.9,0.4,"5 - capture","ShermanXLK","2024-04-10","2024-04-10","NEON.MAM.D15.442813",,"PEPA","Perognathus parvus","species",,,,,"N","M","N","processed",,"adult","scrotal",,,,20,6,76,,15,"Y","Y","N","6-20","none","dry ice",,,,,,,,,,,,,,,"0009-0000-7236-0361","0009-0005-2133-045X",,,,,"5dc875ee-472f-439c-904a-ea56dc5983e4"
"01ba94ca-a631-446b-9d11-4a6a491ccee8","af3ccf12-68a0-434e-9e41-7eacee20e7b9","ONAQ_003.mammalGrid.mam","D15","ONAQ","ONAQ_003","G7","distributed","shrubScrub",40.206225,-112.428493,"WGS84",45.4,1604.6,0.2,"5 - capture","ShermanXLK","2024-04-10","2024-04-10","NEON.MAM.D15.834538",,"PEPA","Perognathus parvus","species",,,,,"N","M","N","processed",,"adult","nonscrotal",,,,,,,,15,"U","U","U",,"did not check","dry ice",,,,,,,,,,,,,,,"0009-0000-7236-0361","0009-0005-2133-045X",,,,,"2350f802-8639-432a-8894-ba6a4e54511d"
"d9414e09-64a7-456e-8749-62d134d9e8f7","7fc09416-7c99-4053-b932-8948b5370b63","ONAQ_005.mammalGrid.mam","D15","ONAQ","ONAQ_005","I8","distributed","shrubScrub",40.180753,-112.429727,"WGS84",45.3,1607.9,0.4,"6 - trap set and empty","ShermanXLK","2024-04-10","2024-04-10",,,,,,,,,,,,,,,,,,,,,,,,,,,,,,,,,,,,,,,,,,,,,"0009-0000-7236-0361","0009-0005-2133-045X",,,,,"8a849866-08a6-4e16-b5b9-9e6eeec3ddaf"
"a44fba7e-f5bc-45a0-a70e-5d514f10871e","af3ccf12-68a0-434e-9e41-7eacee20e7b9","ONAQ_003.mammalGrid.mam","D15","ONAQ","ONAQ_003","D2","distributed","shrubScrub",40.206225,-112.428493,"WGS84",45.4,1604.6,0.2,"6 - trap set and empty","ShermanXLK","2024-04-10","2024-04-10",,,,,,,,,,,,,,,,,,,,,,,,,,,,,,,,,,,,,,,,,,,,,"0009-0000-7236-0361","0009-0005-2133-045X",,,,,"c0d47e0b-6841-4fff-942a-9aaa56204061"
"3a3a0763-bbe9-43de-92eb-ec8ab679db86","af3ccf12-68a0-434e-9e41-7eacee20e7b9","ONAQ_003.mammalGrid.mam","D15","ONAQ","ONAQ_003","G5","distributed","shrubScrub",40.206225,-112.428493,"WGS84",45.4,1604.6,0.2,"6 - trap set and empty","ShermanXLK","2024-04-10","2024-04-10",,,,,,,,,,,,,,,,,,,,,,,,,,,,,,,,,,,,,,,,,,,,,"0009-0000-7236-0361","0009-0005-2133-045X",,,,,"b0bed152-9d7e-467b-86f0-ea5913f03d33"
"55e2a622-88d5-43e6-b799-78216db66ee2","af3ccf12-68a0-434e-9e41-7eacee20e7b9","ONAQ_003.mammalGrid.mam","D15","ONAQ","ONAQ_003","B10","distributed","shrubScrub",40.206225,-112.428493,"WGS84",45.4,1604.6,0.2,"5 - capture","ShermanXLK","2024-04-10","2024-04-10","NEON.MAM.D15.R4945",,"DIORDIMI","Dipodomys ordii/microps","speciesGroup",,,,,"N","M","N","processed",,"adult","scrotal",,,,40,13,142,,56,"U","U","U",,"did not check","dry ice",,,,,,,,,,,,,,,"0009-0000-7236-0361","0009-0005-2133-045X",,,,,"0f9a812f-639d-4c1a-892a-5dd90b48045c"
"c066f3b3-6ed4-4d44-934e-9059efe3799e","d7b01328-c409-48fe-9d6c-adc2eb915bdc","ONAQ_020.mammalGrid.mam","D15","ONAQ","ONAQ_020","J10","distributed","shrubScrub",40.183889,-112.436683,"WGS84",45.1,1627.6,0.1,"5 - capture","ShermanXLK","2024-04-10","2024-04-10","NEON.MAM.D15.R5756",,"PEMA","Peromyscus maniculatus","species",,,,,"N","M","N","processed",,"adult","nonscrotal",,,,19,,,,20,"N","Y","N","1-5","none","dry ice","ONAQ.20240410.R5756.B","D00000139697","mandibular",,,,,,,,,,,,"0009-0001-2150-8968","0009-0001-5608-8465",,,,,"86b1a0ef-6ead-43c6-8d0d-d20dca8c4575"
"729b6525-c2fa-44e9-a8a1-eecbf4bc5cff","d7b01328-c409-48fe-9d6c-adc2eb915bdc","ONAQ_020.mammalGrid.mam","D15","ONAQ","ONAQ_020","E5","distributed","shrubScrub",40.183889,-112.436683,"WGS84",45.1,1627.6,0.1,"6 - trap set and empty","ShermanXLK","2024-04-10","2024-04-10",,,,,,,,,,,,,,,,,,,,,,,,,,,,,,,,,,,,,,,,,,,,,"0009-0001-2150-8968","0009-0001-5608-8465",,,,,"1dadb758-3d60-4a99-b958-43adc4199bd0"
"5b9b2cd9-d969-4512-b433-e5fef49e6451","7fc09416-7c99-4053-b932-8948b5370b63","ONAQ_005.mammalGrid.mam","D15","ONAQ","ONAQ_005","I1","distributed","shrubScrub",40.180753,-112.429727,"WGS84",45.3,1607.9,0.4,"6 - trap set and empty","ShermanXLK","2024-04-10","2024-04-10",,,,,,,,,,,,,,,,,,,,,,,,,,,,,,,,,,,,,,,,,,,,,"0009-0000-7236-0361","0009-0005-2133-045X",,,,,"c7483b61-4657-4b60-8edf-d650b77f478a"
"a8b9e0e2-b4b7-4ac2-a863-9079adc850b6","7fc09416-7c99-4053-b932-8948b5370b63","ONAQ_005.mammalGrid.mam","D15","ONAQ","ONAQ_005","D5","distributed","shrubScrub",40.180753,-112.429727,"WGS84",45.3,1607.9,0.4,"6 - trap set and empty","ShermanXLK","2024-04-10","2024-04-10",,,,,,,,,,,,,,,,,,,,,,,,,,,,,,,,,,,,,,,,,,,,,"0009-0000-7236-0361","0009-0005-2133-045X",,,,,"3482048e-d672-4cb1-90db-50eebffb0a77"
"e8bba373-d553-45fb-98a4-dc08285dd65b","d7b01328-c409-48fe-9d6c-adc2eb915bdc","ONAQ_020.mammalGrid.mam","D15","ONAQ","ONAQ_020","A5","distributed","shrubScrub",40.183889,-112.436683,"WGS84",45.1,1627.6,0.1,"6 - trap set and empty","ShermanXLK","2024-04-10","2024-04-10",,,,,,,,,,,,,,,,,,,,,,,,,,,,,,,,,,,,,,,,,,,,,"0009-0001-2150-8968","0009-0001-5608-8465",,,,,"b17bc282-6ab1-4922-a06c-be91b4fe9caf"
"2f5929d7-4905-4a6a-8c28-a69c00ecf774","af3ccf12-68a0-434e-9e41-7eacee20e7b9","ONAQ_003.mammalGrid.mam","D15","ONAQ","ONAQ_003","J2","distributed","shrubScrub",40.206225,-112.428493,"WGS84",45.4,1604.6,0.2,"6 - trap set and empty","ShermanXLK","2024-04-10","2024-04-10",,,,,,,,,,,,,,,,,,,,,,,,,,,,,,,,,,,,,,,,,,,,,"0009-0000-7236-0361","0009-0005-2133-045X",,,,,"8e2e170d-9da9-4fdb-861a-ccbdadfda8ed"
"ede7da4a-7faa-4c52-8f74-ff4881e1c85f","d7b01328-c409-48fe-9d6c-adc2eb915bdc","ONAQ_020.mammalGrid.mam","D15","ONAQ","ONAQ_020","C7","distributed","shrubScrub",40.183889,-112.436683,"WGS84",45.1,1627.6,0.1,"6 - trap set and empty","ShermanXLK","2024-04-10","2024-04-10",,,,,,,,,,,,,,,,,,,,,,,,,,,,,,,,,,,,,,,,,,,,,"0009-0001-2150-8968","0009-0001-5608-8465",,,,,"bb48b428-b032-4f63-bfd3-4014ec2d0b29"
"b90c997c-ecce-4bc2-8329-64e5f5dece61","7fc09416-7c99-4053-b932-8948b5370b63","ONAQ_005.mammalGrid.mam","D15","ONAQ","ONAQ_005","G6","distributed","shrubScrub",40.180753,-112.429727,"WGS84",45.3,1607.9,0.4,"6 - trap set and empty","ShermanXLK","2024-04-10","2024-04-10",,,,,,,,,,,,,,,,,,,,,,,,,,,,,,,,,,,,,,,,,,,,,"0009-0000-7236-0361","0009-0005-2133-045X",,,,,"5b92f319-4d40-4030-b72c-0f80c4f34472"
"24d7926b-b31b-4a73-8d58-d671ca0f6d4c","7fc09416-7c99-4053-b932-8948b5370b63","ONAQ_005.mammalGrid.mam","D15","ONAQ","ONAQ_005","J1","distributed","shrubScrub",40.180753,-112.429727,"WGS84",45.3,1607.9,0.4,"2 - trap disturbed/door closed but empty","ShermanXLK","2024-04-10","2024-04-10",,,,,,,,,,,,,,,,,,,,,,,,,,,,,"did not check","dry ice",,,,,,,,,,,,,,,"0009-0000-7236-0361","0009-0005-2133-045X",,,,,"d2a81d4e-fe57-4a14-9fe4-1f72fa013f6b"
"9c5a1a58-5231-4663-8259-c4ad2d40883c","7fc09416-7c99-4053-b932-8948b5370b63","ONAQ_005.mammalGrid.mam","D15","ONAQ","ONAQ_005","A8","distributed","shrubScrub",40.180753,-112.429727,"WGS84",45.3,1607.9,0.4,"6 - trap set and empty","ShermanXLK","2024-04-10","2024-04-10",,,,,,,,,,,,,,,,,,,,,,,,,,,,,,,,,,,,,,,,,,,,,"0009-0000-7236-0361","0009-0005-2133-045X",,,,,"ce66aced-ccfa-427f-936d-921570b7f53e"
"90398610-5eaa-400e-95cf-20d6d7cbf9fc","d7b01328-c409-48fe-9d6c-adc2eb915bdc","ONAQ_020.mammalGrid.mam","D15","ONAQ","ONAQ_020","B5","distributed","shrubScrub",40.183889,-112.436683,"WGS84",45.1,1627.6,0.1,"6 - trap set and empty","ShermanXLK","2024-04-10","2024-04-10",,,,,,,,,,,,,,,,,,,,,,,,,,,,,,,,,,,,,,,,,,,,,"0009-0001-2150-8968","0009-0001-5608-8465",,,,,"66d4dbd2-8a5e-444f-9f68-ace48333f426"
"bcb284c7-58e1-4ce4-9f5b-cc31608e9bdc","7fc09416-7c99-4053-b932-8948b5370b63","ONAQ_005.mammalGrid.mam","D15","ONAQ","ONAQ_005","E9","distributed","shrubScrub",40.180753,-112.429727,"WGS84",45.3,1607.9,0.4,"6 - trap set and empty","ShermanXLK","2024-04-10","2024-04-10",,,,,,,,,,,,,,,,,,,,,,,,,,,,,,,,,,,,,,,,,,,,,"0009-0000-7236-0361","0009-0005-2133-045X",,,,,"0b78bb04-35bd-4e58-aa22-6e063a763af3"
"9771fe05-d625-4b6d-9d18-1b02b90ae208","d7b01328-c409-48fe-9d6c-adc2eb915bdc","ONAQ_020.mammalGrid.mam","D15","ONAQ","ONAQ_020","C9","distributed","shrubScrub",40.183889,-112.436683,"WGS84",45.1,1627.6,0.1,"6 - trap set and empty","ShermanXLK","2024-04-10","2024-04-10",,,,,,,,,,,,,,,,,,,,,,,,,,,,,,,,,,,,,,,,,,,,,"0009-0001-2150-8968","0009-0001-5608-8465",,,,,"8a3f2eb8-d77d-4555-af83-12cad39d90e6"
"c8898636-d022-48ec-8666-7037a71758dd","af3ccf12-68a0-434e-9e41-7eacee20e7b9","ONAQ_003.mammalGrid.mam","D15","ONAQ","ONAQ_003","D6","distributed","shrubScrub",40.206225,-112.428493,"WGS84",45.4,1604.6,0.2,"5 - capture","ShermanXLK","2024-04-10","2024-04-10","NEON.MAM.D15.R4936",,"DIORDIMI","Dipodomys ordii/microps","speciesGroup",,,,,"N","M","N","processed",,"unknown","unknown",,,,39,13,115,,34,"U","U","U",,"did not check","dry ice",,,,,,,,,,,,,,,"0009-0000-7236-0361","0009-0005-2133-045X",,,,,"7c5d935a-7d8d-475f-a099-06db0114f6c6"
"fb4dad00-6225-4946-9155-f79173d69164","d7b01328-c409-48fe-9d6c-adc2eb915bdc","ONAQ_020.mammalGrid.mam","D15","ONAQ","ONAQ_020","F4","distributed","shrubScrub",40.183889,-112.436683,"WGS84",45.1,1627.6,0.1,"6 - trap set and empty","ShermanXLK","2024-04-10","2024-04-10",,,,,,,,,,,,,,,,,,,,,,,,,,,,,,,,,,,,,,,,,,,,,"0009-0001-2150-8968","0009-0001-5608-8465",,,,,"0e998385-dfc8-477f-a0eb-ca9d959d3892"
"350ab29d-d9ae-4d55-b9c4-301da01bbba3","7fc09416-7c99-4053-b932-8948b5370b63","ONAQ_005.mammalGrid.mam","D15","ONAQ","ONAQ_005","E3","distributed","shrubScrub",40.180753,-112.429727,"WGS84",45.3,1607.9,0.4,"6 - trap set and empty","ShermanXLK","2024-04-10","2024-04-10",,,,,,,,,,,,,,,,,,,,,,,,,,,,,,,,,,,,,,,,,,,,,"0009-0000-7236-0361","0009-0005-2133-045X",,,,,"6d94cc1f-7ba3-4942-acdb-a4f0fe706b82"
"e88001f9-619b-4086-99c0-98d60646deac","af3ccf12-68a0-434e-9e41-7eacee20e7b9","ONAQ_003.mammalGrid.mam","D15","ONAQ","ONAQ_003","E3","distributed","shrubScrub",40.206225,-112.428493,"WGS84",45.4,1604.6,0.2,"6 - trap set and empty","ShermanXLK","2024-04-10","2024-04-10",,,,,,,,,,,,,,,,,,,,,,,,,,,,,,,,,,,,,,,,,,,,,"0009-0000-7236-0361","0009-0005-2133-045X",,,,,"e37e7d43-3c39-4464-b4ca-1d11e75f53da"
"0a6edd4c-8783-494b-b70e-b939fd3e40ba","d7b01328-c409-48fe-9d6c-adc2eb915bdc","ONAQ_020.mammalGrid.mam","D15","ONAQ","ONAQ_020","A8","distributed","shrubScrub",40.183889,-112.436683,"WGS84",45.1,1627.6,0.1,"6 - trap set and empty","ShermanXLK","2024-04-10","2024-04-10",,,,,,,,,,,,,,,,,,,,,,,,,,,,,,,,,,,,,,,,,,,,,"0009-0001-2150-8968","0009-0001-5608-8465",,,,,"f1494097-bc2b-4734-8c6e-345f97084c1e"
"07107542-f557-4ed4-8a31-1a8bec6efcb1","7fc09416-7c99-4053-b932-8948b5370b63","ONAQ_005.mammalGrid.mam","D15","ONAQ","ONAQ_005","C6","distributed","shrubScrub",40.180753,-112.429727,"WGS84",45.3,1607.9,0.4,"6 - trap set and empty","ShermanXLK","2024-04-10","2024-04-10",,,,,,,,,,,,,,,,,,,,,,,,,,,,,,,,,,,,,,,,,,,,,"0009-0000-7236-0361","0009-0005-2133-045X",,,,,"2f501b1b-ecbf-4408-a52e-a4da4f38e5b2"
"465d1085-9f99-40d3-a64d-c1eddea74854","7fc09416-7c99-4053-b932-8948b5370b63","ONAQ_005.mammalGrid.mam","D15","ONAQ","ONAQ_005","F4","distributed","shrubScrub",40.180753,-112.429727,"WGS84",45.3,1607.9,0.4,"6 - trap set and empty","ShermanXLK","2024-04-10","2024-04-10",,,,,,,,,,,,,,,,,,,,,,,,,,,,,,,,,,,,,,,,,,,,,"0009-0000-7236-0361","0009-0005-2133-045X",,,,,"9385d1d5-8934-4136-9856-062472c99bba"
"4a917536-2462-406d-86e3-06b7f00cb464","af3ccf12-68a0-434e-9e41-7eacee20e7b9","ONAQ_003.mammalGrid.mam","D15","ONAQ","ONAQ_003","C4","distributed","shrubScrub",40.206225,-112.428493,"WGS84",45.4,1604.6,0.2,"6 - trap set and empty","ShermanXLK","2024-04-10","2024-04-10",,,,,,,,,,,,,,,,,,,,,,,,,,,,,,,,,,,,,,,,,,,,,"0009-0000-7236-0361","0009-0005-2133-045X",,,,,"6f24c0fc-52be-49f6-858b-18c529883916"
"b02ae6f6-6efa-450d-bccd-47090e420f8e","d7b01328-c409-48fe-9d6c-adc2eb915bdc","ONAQ_020.mammalGrid.mam","D15","ONAQ","ONAQ_020","B6","distributed","shrubScrub",40.183889,-112.436683,"WGS84",45.1,1627.6,0.1,"6 - trap set and empty","ShermanXLK","2024-04-10","2024-04-10",,,,,,,,,,,,,,,,,,,,,,,,,,,,,,,,,,,,,,,,,,,,,"0009-0001-2150-8968","0009-0001-5608-8465",,,,,"f074bb53-6ebf-4e12-8551-9a08a24f7f5e"
"339f21f4-2521-49c4-a068-ecfc6196def1","d7b01328-c409-48fe-9d6c-adc2eb915bdc","ONAQ_020.mammalGrid.mam","D15","ONAQ","ONAQ_020","C4","distributed","shrubScrub",40.183889,-112.436683,"WGS84",45.1,1627.6,0.1,"6 - trap set and empty","ShermanXLK","2024-04-10","2024-04-10",,,,,,,,,,,,,,,,,,,,,,,,,,,,,,,,,,,,,,,,,,,,,"0009-0001-2150-8968","0009-0001-5608-8465",,,,,"3f066da4-a0ad-4bd1-ba13-da8f04222e3d"
"cd1b2194-d426-4cb9-90a2-2da0ab3b993f","d7b01328-c409-48fe-9d6c-adc2eb915bdc","ONAQ_020.mammalGrid.mam","D15","ONAQ","ONAQ_020","C5","distributed","shrubScrub",40.183889,-112.436683,"WGS84",45.1,1627.6,0.1,"6 - trap set and empty","ShermanXLK","2024-04-10","2024-04-10",,,,,,,,,,,,,,,,,,,,,,,,,,,,,,,,,,,,,,,,,,,,,"0009-0001-2150-8968","0009-0001-5608-8465",,,,,"1f06df44-ab54-4908-807c-12d2125ae209"
"6231d3ed-cb03-477e-a296-7841c8df4325","af3ccf12-68a0-434e-9e41-7eacee20e7b9","ONAQ_003.mammalGrid.mam","D15","ONAQ","ONAQ_003","E9","distributed","shrubScrub",40.206225,-112.428493,"WGS84",45.4,1604.6,0.2,"6 - trap set and empty","ShermanXLK","2024-04-10","2024-04-10",,,,,,,,,,,,,,,,,,,,,,,,,,,,,,,,,,,,,,,,,,,,,"0009-0000-7236-0361","0009-0005-2133-045X",,,,,"a90045cd-cb46-4e00-96bd-7f6a560d00ea"
"05154029-ee01-40b5-b623-0c185252db5f","7fc09416-7c99-4053-b932-8948b5370b63","ONAQ_005.mammalGrid.mam","D15","ONAQ","ONAQ_005","C7","distributed","shrubScrub",40.180753,-112.429727,"WGS84",45.3,1607.9,0.4,"6 - trap set and empty","ShermanXLK","2024-04-10","2024-04-10",,,,,,,,,,,,,,,,,,,,,,,,,,,,,,,,,,,,,,,,,,,,,"0009-0000-7236-0361","0009-0005-2133-045X",,,,,"5c855621-697f-4a00-a320-0b4dda75e9a2"
"7215e008-2368-4e6c-a78c-c1827597197f","7fc09416-7c99-4053-b932-8948b5370b63","ONAQ_005.mammalGrid.mam","D15","ONAQ","ONAQ_005","A4","distributed","shrubScrub",40.180753,-112.429727,"WGS84",45.3,1607.9,0.4,"6 - trap set and empty","ShermanXLK","2024-04-10","2024-04-10",,,,,,,,,,,,,,,,,,,,,,,,,,,,,,,,,,,,,,,,,,,,,"0009-0000-7236-0361","0009-0005-2133-045X",,,,,"8b58686b-85ce-4d6a-9907-7bad01e2a84a"
"af6c6016-438e-4a33-bf7b-2e95503b77da","7fc09416-7c99-4053-b932-8948b5370b63","ONAQ_005.mammalGrid.mam","D15","ONAQ","ONAQ_005","G10","distributed","shrubScrub",40.180753,-112.429727,"WGS84",45.3,1607.9,0.4,"6 - trap set and empty","ShermanXLK","2024-04-10","2024-04-10",,,,,,,,,,,,,,,,,,,,,,,,,,,,,,,,,,,,,,,,,,,,,"0009-0000-7236-0361","0009-0005-2133-045X",,,,,"abac56f1-ec5e-49f4-99ab-c0b70e6e506c"
"3eccc852-c8cc-4a38-95d8-57abf4777052","d7b01328-c409-48fe-9d6c-adc2eb915bdc","ONAQ_020.mammalGrid.mam","D15","ONAQ","ONAQ_020","J5","distributed","shrubScrub",40.183889,-112.436683,"WGS84",45.1,1627.6,0.1,"6 - trap set and empty","ShermanXLK","2024-04-10","2024-04-10",,,,,,,,,,,,,,,,,,,,,,,,,,,,,,,,,,,,,,,,,,,,,"0009-0001-2150-8968","0009-0001-5608-8465",,,,,"cb1ccc74-37ce-4cc3-8f3c-63b91fc702b5"
"007231f1-026d-417c-9a7c-108f73958e42","af3ccf12-68a0-434e-9e41-7eacee20e7b9","ONAQ_003.mammalGrid.mam","D15","ONAQ","ONAQ_003","J5","distributed","shrubScrub",40.206225,-112.428493,"WGS84",45.4,1604.6,0.2,"5 - capture","ShermanXLK","2024-04-10","2024-04-10","NEON.MAM.D15.R5528",,"DIORDIMI","Dipodomys ordii/microps","speciesGroup",,,,,"N","F","Y","processed",,"adult",,"enlarged","not","neither",39,13,150,,61,"U","U","U",,"did not check","dry ice",,,,,,,,,,,,,,,"0009-0000-7236-0361","0009-0005-2133-045X",,,,,"b39e6111-c373-4a17-97e4-d206e5e15294"
"46032e4a-5e59-4d0b-981b-a2cce8d541df","af3ccf12-68a0-434e-9e41-7eacee20e7b9","ONAQ_003.mammalGrid.mam","D15","ONAQ","ONAQ_003","I2","distributed","shrubScrub",40.206225,-112.428493,"WGS84",45.4,1604.6,0.2,"5 - capture","ShermanXLK","2024-04-10","2024-04-10","NEON.MAM.D15.R4917",,"DIORDIMI","Dipodomys ordii/microps","speciesGroup",,,,,"N","M","N","processed",,"adult","scrotal",,,,39,12,153,,54,"U","U","U",,"did not check","dry ice",,,,,,,,,,,,,,,"0009-0000-7236-0361","0009-0005-2133-045X",,,,,"8ddcbd26-4337-440d-9217-aabc89b92ff8"
"0f81092c-5229-401b-8620-43c331f2aa23","7fc09416-7c99-4053-b932-8948b5370b63","ONAQ_005.mammalGrid.mam","D15","ONAQ","ONAQ_005","B8","distributed","shrubScrub",40.180753,-112.429727,"WGS84",45.3,1607.9,0.4,"6 - trap set and empty","ShermanXLK","2024-04-10","2024-04-10",,,,,,,,,,,,,,,,,,,,,,,,,,,,,,,,,,,,,,,,,,,,,"0009-0000-7236-0361","0009-0005-2133-045X",,,,,"b9d0d98f-5efb-487d-bc1d-1f60596c023a"
"4d8f3621-2624-4fcd-b656-0a39207a3c13","af3ccf12-68a0-434e-9e41-7eacee20e7b9","ONAQ_003.mammalGrid.mam","D15","ONAQ","ONAQ_003","J3","distributed","shrubScrub",40.206225,-112.428493,"WGS84",45.4,1604.6,0.2,"6 - trap set and empty","ShermanXLK","2024-04-10","2024-04-10",,,,,,,,,,,,,,,,,,,,,,,,,,,,,,,,,,,,,,,,,,,,,"0009-0000-7236-0361","0009-0005-2133-045X",,,,,"8ed4b9fd-25d1-407e-9580-2ab0486567e6"
"18019875-925f-49a2-a188-bac4f3ba14cd","af3ccf12-68a0-434e-9e41-7eacee20e7b9","ONAQ_003.mammalGrid.mam","D15","ONAQ","ONAQ_003","B1","distributed","shrubScrub",40.206225,-112.428493,"WGS84",45.4,1604.6,0.2,"5 - capture","ShermanXLK","2024-04-10","2024-04-10","NEON.MAM.D15.R4933",,"PEMA","Peromyscus maniculatus","species","cf. genus",,,,"N","M","N","processed",,"adult","nonscrotal",,,,,,,,16,"U","U","U",,"did not check","dry ice",,,"unsuccessful",,,,,,,,,,,,"0009-0000-7236-0361","0009-0005-2133-045X",,,,,"1dc1cbf6-a663-40e4-997d-dd9051e2a76f"
"567b5c5b-f122-4b69-a263-750ebd414b25","7fc09416-7c99-4053-b932-8948b5370b63","ONAQ_005.mammalGrid.mam","D15","ONAQ","ONAQ_005","J9","distributed","shrubScrub",40.180753,-112.429727,"WGS84",45.3,1607.9,0.4,"5 - capture","ShermanXLK","2024-04-10","2024-04-10","NEON.MAM.D15.R4910",,"PEMA","Peromyscus maniculatus","species",,,,,"N","M","N","processed",,"adult","nonscrotal",,,,17,,,,20,"N","N","N",,"none","dry ice",,,"unsuccessful",,,,,,,,,,,,"0009-0000-7236-0361","0009-0005-2133-045X",,,,,"73d30375-ff8f-4b23-84f0-bcdc5c8e5020"
"1bbcc840-ab1d-4157-88aa-94bac74d43d9","af3ccf12-68a0-434e-9e41-7eacee20e7b9","ONAQ_003.mammalGrid.mam","D15","ONAQ","ONAQ_003","B9","distributed","shrubScrub",40.206225,-112.428493,"WGS84",45.4,1604.6,0.2,"5 - capture","ShermanXLK","2024-04-10","2024-04-10","NEON.MAM.D15.443201",,"PEPA","Perognathus parvus","species",,,,,"N","M","Y","processed",,"adult","scrotal",,,,,,,,17,"U","U","U",,"did not check","dry ice",,,,,,,,,,,,,,,"0009-0000-7236-0361","0009-0005-2133-045X",,,,,"61f3f1a2-43df-43e6-8af9-385fe499b2a2"
"72574d2a-da8c-4852-a57e-74b0a931d750","d7b01328-c409-48fe-9d6c-adc2eb915bdc","ONAQ_020.mammalGrid.mam","D15","ONAQ","ONAQ_020","I6","distributed","shrubScrub",40.183889,-112.436683,"WGS84",45.1,1627.6,0.1,"6 - trap set and empty","ShermanXLK","2024-04-10","2024-04-10",,,,,,,,,,,,,,,,,,,,,,,,,,,,,,,,,,,,,,,,,,,,,"0009-0001-2150-8968","0009-0001-5608-8465",,,,,"739430dc-9c10-44ed-a8f3-d298318579e3"
"3613943e-c6f2-4e4b-9186-276dd6e7939b","af3ccf12-68a0-434e-9e41-7eacee20e7b9","ONAQ_003.mammalGrid.mam","D15","ONAQ","ONAQ_003","G8","distributed","shrubScrub",40.206225,-112.428493,"WGS84",45.4,1604.6,0.2,"6 - trap set and empty","ShermanXLK","2024-04-10","2024-04-10",,,,,,,,,,,,,,,,,,,,,,,,,,,,,,,,,,,,,,,,,,,,,"0009-0000-7236-0361","0009-0005-2133-045X",,,,,"ce242f00-68c0-426c-931f-2dfca3c229a8"
"35bfebd8-00f7-4ab7-a4e7-0e578a0ea096","d7b01328-c409-48fe-9d6c-adc2eb915bdc","ONAQ_020.mammalGrid.mam","D15","ONAQ","ONAQ_020","J7","distributed","shrubScrub",40.183889,-112.436683,"WGS84",45.1,1627.6,0.1,"6 - trap set and empty","ShermanXLK","2024-04-10","2024-04-10",,,,,,,,,,,,,,,,,,,,,,,,,,,,,,,,,,,,,,,,,,,,,"0009-0001-2150-8968","0009-0001-5608-8465",,,,,"e695a62d-8e16-4b17-a667-cc42b52f911a"
"96cc38dd-3ad5-4f30-967c-ed52a64a0f21","d7b01328-c409-48fe-9d6c-adc2eb915bdc","ONAQ_020.mammalGrid.mam","D15","ONAQ","ONAQ_020","D10","distributed","shrubScrub",40.183889,-112.436683,"WGS84",45.1,1627.6,0.1,"6 - trap set and empty","ShermanXLK","2024-04-10","2024-04-10",,,,,,,,,,,,,,,,,,,,,,,,,,,,,,,,,,,,,,,,,,,,,"0009-0001-2150-8968","0009-0001-5608-8465",,,,,"ed561307-d5b3-4162-92ba-03574e3e660d"
"95a01bc9-e9a1-4278-9f49-aa140ac94d6f","d7b01328-c409-48fe-9d6c-adc2eb915bdc","ONAQ_020.mammalGrid.mam","D15","ONAQ","ONAQ_020","C1","distributed","shrubScrub",40.183889,-112.436683,"WGS84",45.1,1627.6,0.1,"5 - capture","ShermanXLK","2024-04-10","2024-04-10","NEON.MAM.D15.R5767",,"PEMA","Peromyscus maniculatus","species",,,,,"N","F","N","processed",,"adult",,"nonenlarged","not","unknown",19,,72,,20,"N","N","N",,"fleas","dry ice","ONAQ.20240410.R5767.B","D00000140098","mandibular",,,,,,,,,,,,"0009-0001-2150-8968","0009-0001-5608-8465",,,,,"d927194c-d806-4443-a323-6fe73e9b0a74"
"f2e495fc-11d0-468f-bd5e-a0b84c434422","7fc09416-7c99-4053-b932-8948b5370b63","ONAQ_005.mammalGrid.mam","D15","ONAQ","ONAQ_005","I7","distributed","shrubScrub",40.180753,-112.429727,"WGS84",45.3,1607.9,0.4,"6 - trap set and empty","ShermanXLK","2024-04-10","2024-04-10",,,,,,,,,,,,,,,,,,,,,,,,,,,,,,,,,,,,,,,,,,,,,"0009-0000-7236-0361","0009-0005-2133-045X",,,,,"31f4c30b-7a73-4a3c-aa88-d112c83131b3"
"52de0a5d-5aaf-4fb1-b3d8-8b364eac45f6","d7b01328-c409-48fe-9d6c-adc2eb915bdc","ONAQ_020.mammalGrid.mam","D15","ONAQ","ONAQ_020","D1","distributed","shrubScrub",40.183889,-112.436683,"WGS84",45.1,1627.6,0.1,"6 - trap set and empty","ShermanXLK","2024-04-10","2024-04-10",,,,,,,,,,,,,,,,,,,,,,,,,,,,,,,,,,,,,,,,,,,,,"0009-0001-2150-8968","0009-0001-5608-8465",,,,,"ccfa6034-ad8a-4aac-803f-0fcb6da70cbf"
"841538bb-1d56-4430-b4f7-946973094416","af3ccf12-68a0-434e-9e41-7eacee20e7b9","ONAQ_003.mammalGrid.mam","D15","ONAQ","ONAQ_003","B2","distributed","shrubScrub",40.206225,-112.428493,"WGS84",45.4,1604.6,0.2,"6 - trap set and empty","ShermanXLK","2024-04-10","2024-04-10",,,,,,,,,,,,,,,,,,,,,,,,,,,,,,,,,,,,,,,,,,,,,"0009-0000-7236-0361","0009-0005-2133-045X",,,,,"f042f8a4-cdcc-4007-8ccb-af27373966a2"
"3fbc3a4e-b32d-4801-8cfa-2012f55c3022","af3ccf12-68a0-434e-9e41-7eacee20e7b9","ONAQ_003.mammalGrid.mam","D15","ONAQ","ONAQ_003","C10","distributed","shrubScrub",40.206225,-112.428493,"WGS84",45.4,1604.6,0.2,"3 - trap door open or closed w/ spoor left","ShermanXLK","2024-04-10","2024-04-10",,,,,,,,,,,,,,,,,,,,,,,,,,,,,"did not check","dry ice",,,,,,,,,,,,,,,"0009-0000-7236-0361","0009-0005-2133-045X",,,,,"6afe6622-2cf5-485a-9c8a-84c05e46efcf"
"30410f1f-e6a9-4e0b-8bfe-f5c1ddcee0d3","d7b01328-c409-48fe-9d6c-adc2eb915bdc","ONAQ_020.mammalGrid.mam","D15","ONAQ","ONAQ_020","I3","distributed","shrubScrub",40.183889,-112.436683,"WGS84",45.1,1627.6,0.1,"6 - trap set and empty","ShermanXLK","2024-04-10","2024-04-10",,,,,,,,,,,,,,,,,,,,,,,,,,,,,,,,,,,,,,,,,,,,,"0009-0001-2150-8968","0009-0001-5608-8465",,,,,"efe1dcbe-cb96-4cb0-8ff3-433a3784ec62"
"0990af66-0ae3-4051-99f9-c7f85e892273","7fc09416-7c99-4053-b932-8948b5370b63","ONAQ_005.mammalGrid.mam","D15","ONAQ","ONAQ_005","A7","distributed","shrubScrub",40.180753,-112.429727,"WGS84",45.3,1607.9,0.4,"6 - trap set and empty","ShermanXLK","2024-04-10","2024-04-10",,,,,,,,,,,,,,,,,,,,,,,,,,,,,,,,,,,,,,,,,,,,,"0009-0000-7236-0361","0009-0005-2133-045X",,,,,"a19e321d-6cdc-4e2e-a11a-6d281f27a325"
"5e0a560c-ddf3-4269-a3a1-2b8c858a6391","7fc09416-7c99-4053-b932-8948b5370b63","ONAQ_005.mammalGrid.mam","D15","ONAQ","ONAQ_005","E1","distributed","shrubScrub",40.180753,-112.429727,"WGS84",45.3,1607.9,0.4,"6 - trap set and empty","ShermanXLK","2024-04-10","2024-04-10",,,,,,,,,,,,,,,,,,,,,,,,,,,,,,,,,,,,,,,,,,,,,"0009-0000-7236-0361","0009-0005-2133-045X",,,,,"0d75afd5-67c3-43fa-a8a4-4e3540830430"
"42ff283f-f543-420d-b95f-1fc17ae03ee1","af3ccf12-68a0-434e-9e41-7eacee20e7b9","ONAQ_003.mammalGrid.mam","D15","ONAQ","ONAQ_003","A1","distributed","shrubScrub",40.206225,-112.428493,"WGS84",45.4,1604.6,0.2,"5 - capture","ShermanXLK","2024-04-10","2024-04-10","NEON.MAM.D15.R5723",,"DIORDIMI","Dipodomys ordii/microps","speciesGroup",,,,,"N","F","Y","processed",,"adult",,"enlarged","not","neither",37,12,164,,66,"U","U","U",,"did not check","dry ice",,,,,,,,,,,,,,,"0009-0000-7236-0361","0009-0005-2133-045X",,,,,"8b4ac534-68f2-4934-b3ea-5d192860ed27"
"cbfd1c9a-38ad-4427-afeb-b2ac0b3828ab","7fc09416-7c99-4053-b932-8948b5370b63","ONAQ_005.mammalGrid.mam","D15","ONAQ","ONAQ_005","D1","distributed","shrubScrub",40.180753,-112.429727,"WGS84",45.3,1607.9,0.4,"5 - capture","ShermanXLK","2024-04-10","2024-04-10","NEON.MAM.D15.R4924",,"PEMA","Peromyscus maniculatus","species",,,,,"N","F","N","processed",,"adult",,"enlarged","not","neither",20,,,,23,"Y","N","N","1-5","none","dry ice","ONAQ.20240410.R4924.B","D00000140913","mandibular",,,,,,,,,,,,"0009-0000-7236-0361","0009-0005-2133-045X",,,,,"0f45a422-e2a5-43ba-a391-cecf23e3e8c2"
"18ca6218-c0da-4da8-811f-3ae86aa7795c","7fc09416-7c99-4053-b932-8948b5370b63","ONAQ_005.mammalGrid.mam","D15","ONAQ","ONAQ_005","E10","distributed","shrubScrub",40.180753,-112.429727,"WGS84",45.3,1607.9,0.4,"6 - trap set and empty","ShermanXLK","2024-04-10","2024-04-10",,,,,,,,,,,,,,,,,,,,,,,,,,,,,,,,,,,,,,,,,,,,,"0009-0000-7236-0361","0009-0005-2133-045X",,,,,"58fe2e28-6ebd-43c3-bc35-851afaf86586"
"8293bb76-bab5-48c1-88ac-6078ae2ce4d6","7fc09416-7c99-4053-b932-8948b5370b63","ONAQ_005.mammalGrid.mam","D15","ONAQ","ONAQ_005","H7","distributed","shrubScrub",40.180753,-112.429727,"WGS84",45.3,1607.9,0.4,"5 - capture","ShermanXLK","2024-04-10","2024-04-10","NEON.MAM.D15.R4907",,"PEMA","Peromyscus maniculatus","species",,,,,"N","M","N","processed",,"adult","nonscrotal",,,,,,,,,"U","U","U",,"did not check","dry ice","ONAQ.20240410.R4907.B","D00000140661","mandibular",,,,,,,,,,,,"0009-0000-7236-0361","0009-0005-2133-045X",,,,,"bb90ed8b-f126-4fa3-8b78-f4ed0e54ac3e"
"093bdf48-b02e-476b-a43e-2a5c261c8de2","7fc09416-7c99-4053-b932-8948b5370b63","ONAQ_005.mammalGrid.mam","D15","ONAQ","ONAQ_005","H9","distributed","shrubScrub",40.180753,-112.429727,"WGS84",45.3,1607.9,0.4,"5 - capture","ShermanXLK","2024-04-10","2024-04-10","NEON.MAM.D15.R4902",,"DIORDIMI","Dipodomys ordii/microps","speciesGroup",,,,,"N","F","N","processed",,"unknown",,"nonenlarged","not","swollen",40,13,132,,37,"N","Y","N","6-20","none","dry ice",,,,,,,,,,,,,,,"0009-0000-7236-0361","0009-0005-2133-045X",,,,,"a4cef69f-c353-4284-bd79-cfe48ecfa6bb"
"cec7b99b-06ef-4f4e-8227-ea5c49a76112","af3ccf12-68a0-434e-9e41-7eacee20e7b9","ONAQ_003.mammalGrid.mam","D15","ONAQ","ONAQ_003","E2","distributed","shrubScrub",40.206225,-112.428493,"WGS84",45.4,1604.6,0.2,"6 - trap set and empty","ShermanXLK","2024-04-10","2024-04-10",,,,,,,,,,,,,,,,,,,,,,,,,,,,,,,,,,,,,,,,,,,,,"0009-0000-7236-0361","0009-0005-2133-045X",,,,,"415ad7f7-e9e5-463a-a6f1-2a64b8d0123f"
"cf3ac51b-8b3d-47ec-a460-d9f63d99d74f","d7b01328-c409-48fe-9d6c-adc2eb915bdc","ONAQ_020.mammalGrid.mam","D15","ONAQ","ONAQ_020","H7","distributed","shrubScrub",40.183889,-112.436683,"WGS84",45.1,1627.6,0.1,"6 - trap set and empty","ShermanXLK","2024-04-10","2024-04-10",,,,,,,,,,,,,,,,,,,,,,,,,,,,,,,,,,,,,,,,,,,,,"0009-0001-2150-8968","0009-0001-5608-8465",,,,,"2497923f-eacd-4f10-835f-8d39e4d84a60"
"2fd76b72-b7c5-4b15-bf12-59736b24c641","7fc09416-7c99-4053-b932-8948b5370b63","ONAQ_005.mammalGrid.mam","D15","ONAQ","ONAQ_005","J6","distributed","shrubScrub",40.180753,-112.429727,"WGS84",45.3,1607.9,0.4,"5 - capture","ShermanXLK","2024-04-10","2024-04-10","NEON.MAM.D15.R4911",,"PEMA","Peromyscus maniculatus","species",,,,,"N","F","N","processed",,"adult",,"enlarged","unknown","neither",20,,,,22,"Y","N","N","1-5","none","dry ice","ONAQ.20240410.R4911.B","D00000140663","mandibular",,,,,,,,,,,,"0009-0000-7236-0361","0009-0005-2133-045X",,,,,"504fe46a-691c-4a09-9c42-81fbed3ad29d"
"9606361e-8423-4a25-97dd-fd686f8e17c9","af3ccf12-68a0-434e-9e41-7eacee20e7b9","ONAQ_003.mammalGrid.mam","D15","ONAQ","ONAQ_003","A4","distributed","shrubScrub",40.206225,-112.428493,"WGS84",45.4,1604.6,0.2,"5 - capture","ShermanXLK","2024-04-10","2024-04-10","NEON.MAM.D15.R5721",,"DIORDIMI","Dipodomys ordii/microps","speciesGroup",,,,,"N","F","Y","processed",,"adult",,"enlarged","not","swollen",39,14,144,,50,"U","U","U",,"did not check","dry ice",,,,,,,,,,,,,,,"0009-0000-7236-0361","0009-0005-2133-045X",,,,,"1c149da6-1e8f-4937-aa40-cd2ba66ed255"
"ece5513e-6929-483d-80a7-e6d0ef2cb2c0","af3ccf12-68a0-434e-9e41-7eacee20e7b9","ONAQ_003.mammalGrid.mam","D15","ONAQ","ONAQ_003","D7","distributed","shrubScrub",40.206225,-112.428493,"WGS84",45.4,1604.6,0.2,"6 - trap set and empty","ShermanXLK","2024-04-10","2024-04-10",,,,,,,,,,,,,,,,,,,,,,,,,,,,,,,,,,,,,,,,,,,,,"0009-0000-7236-0361","0009-0005-2133-045X",,,,,"a156a9f7-d6a6-4e37-87e2-50033b892e4a"
"aed68a4b-24aa-4c34-ba3d-6bcb8aa3b5ea","af3ccf12-68a0-434e-9e41-7eacee20e7b9","ONAQ_003.mammalGrid.mam","D15","ONAQ","ONAQ_003","E5","distributed","shrubScrub",40.206225,-112.428493,"WGS84",45.4,1604.6,0.2,"5 - capture","ShermanXLK","2024-04-10","2024-04-10","NEON.MAM.D15.R4934",,"DIORDIMI","Dipodomys ordii/microps","speciesGroup","cf. species",,,,"N","M","N","processed",,"adult","nonscrotal",,,,36,12,115,,34,"Y","U","U","1-5","fleas","dry ice",,,,,,,,,,,,,,,"0009-0000-7236-0361","0009-0005-2133-045X",,,,,"4dba7a6a-150e-4434-877b-2e85613112a0"
"520de3b4-07cc-400d-82c4-f1dd85edf794","af3ccf12-68a0-434e-9e41-7eacee20e7b9","ONAQ_003.mammalGrid.mam","D15","ONAQ","ONAQ_003","I8","distributed","shrubScrub",40.206225,-112.428493,"WGS84",45.4,1604.6,0.2,"5 - capture","ShermanXLK","2024-04-10","2024-04-10","NEON.MAM.D15.R4943",,"DIORDIMI","Dipodomys ordii/microps","speciesGroup",,,,,"N","M","N","processed",,"adult","scrotal",,,,39,14,142,,53,"Y","Y","N","1-5","did not check","dry ice",,,,,,,,,,,,,,,"0009-0000-7236-0361","0009-0005-2133-045X",,,,,"7fbb4afc-2798-4985-b45a-2d94792616b3"
"32249cb1-c2f2-4d0b-8318-104d2a91f325","7fc09416-7c99-4053-b932-8948b5370b63","ONAQ_005.mammalGrid.mam","D15","ONAQ","ONAQ_005","A5","distributed","shrubScrub",40.180753,-112.429727,"WGS84",45.3,1607.9,0.4,"6 - trap set and empty","ShermanXLK","2024-04-10","2024-04-10",,,,,,,,,,,,,,,,,,,,,,,,,,,,,,,,,,,,,,,,,,,,,"0009-0000-7236-0361","0009-0005-2133-045X",,,,,"7ad82f1d-7244-4630-8c7b-0b262e87462f"
"ab8f0a18-9343-486b-9046-abd9b530bebb","af3ccf12-68a0-434e-9e41-7eacee20e7b9","ONAQ_003.mammalGrid.mam","D15","ONAQ","ONAQ_003","G10","distributed","shrubScrub",40.206225,-112.428493,"WGS84",45.4,1604.6,0.2,"5 - capture","ShermanXLK","2024-04-10","2024-04-10","NEON.MAM.D15.R4935",,"DIORDIMI","Dipodomys ordii/microps","speciesGroup",,,,,"N","M","N","processed",,"adult","scrotal",,,,38,14,143,,57,"N","Y","N","1-5","other - see remarks","dry ice",,,,,,,,,,,,,,,"0009-0000-7236-0361","0009-0005-2133-045X",,,"Mites present",,"251c3e83-5433-4ee4-82b9-8119730302f7"
"8e03c996-c77a-43f5-9854-403f9568e6f1","af3ccf12-68a0-434e-9e41-7eacee20e7b9","ONAQ_003.mammalGrid.mam","D15","ONAQ","ONAQ_003","C7","distributed","shrubScrub",40.206225,-112.428493,"WGS84",45.4,1604.6,0.2,"6 - trap set and empty","ShermanXLK","2024-04-10","2024-04-10",,,,,,,,,,,,,,,,,,,,,,,,,,,,,,,,,,,,,,,,,,,,,"0009-0000-7236-0361","0009-0005-2133-045X",,,,,"124b2a9b-55f8-4c4b-9caf-144044931571"
"97a546ba-9cd7-4a2f-ab64-35a1ad4e8096","d7b01328-c409-48fe-9d6c-adc2eb915bdc","ONAQ_020.mammalGrid.mam","D15","ONAQ","ONAQ_020","G2","distributed","shrubScrub",40.183889,-112.436683,"WGS84",45.1,1627.6,0.1,"6 - trap set and empty","ShermanXLK","2024-04-10","2024-04-10",,,,,,,,,,,,,,,,,,,,,,,,,,,,,,,,,,,,,,,,,,,,,"0009-0001-2150-8968","0009-0001-5608-8465",,,,,"0ca70703-e348-4410-9b8e-b8d8e94e1737"
"9bef8f5e-d623-4e27-b8a4-b9722f7bab7a","d7b01328-c409-48fe-9d6c-adc2eb915bdc","ONAQ_020.mammalGrid.mam","D15","ONAQ","ONAQ_020","J9","distributed","shrubScrub",40.183889,-112.436683,"WGS84",45.1,1627.6,0.1,"5 - capture","ShermanXLK","2024-04-10","2024-04-10","NEON.MAM.D15.R5755",,"PEMA","Peromyscus maniculatus","species",,,,,"N","F","N","processed",,"adult",,"enlarged","not","swollen",18,,,,13,"N","Y","N","6-20","none","dry ice","ONAQ.20240410.R5755.B","D00000140063","mandibular - QNS",,,,,,,,,,,,"0009-0001-2150-8968","0009-0001-5608-8465",,,,,"94130a8d-fb1a-438d-bc6e-f462b2b3e64d"
"84440b47-d05f-400b-9f7e-3727c1cbfe1e","d7b01328-c409-48fe-9d6c-adc2eb915bdc","ONAQ_020.mammalGrid.mam","D15","ONAQ","ONAQ_020","I5","distributed","shrubScrub",40.183889,-112.436683,"WGS84",45.1,1627.6,0.1,"5 - capture","ShermanXLK","2024-04-10","2024-04-10","NEON.MAM.D15.R5766",,"PEMA","Peromyscus maniculatus","species",,,,,"N","F","N","processed",,"adult",,"nonenlarged","not","swollen",20,,,,16,"N","Y","N","1-5","none","dry ice","ONAQ.20240410.R5766.B","D00000139673","mandibular",,,,,,,,,,,,"0009-0001-2150-8968","0009-0001-5608-8465",,,,,"a2baccdc-5c17-4b9f-ad8b-a1f4cb4e3822"
"d1483caa-3c38-41e9-8e91-39faca487e90","d7b01328-c409-48fe-9d6c-adc2eb915bdc","ONAQ_020.mammalGrid.mam","D15","ONAQ","ONAQ_020","B2","distributed","shrubScrub",40.183889,-112.436683,"WGS84",45.1,1627.6,0.1,"5 - capture","ShermanXLK","2024-04-10","2024-04-10","NEON.MAM.D15.R5764",,"PEMA","Peromyscus maniculatus","species",,,,,"N","M","N","processed",,"adult","nonscrotal",,,,17,15,62,,26,"N","Y","N","1-5","none","dry ice","ONAQ.20240410.R5764.B","D00000139834","mandibular",,,,,,,,,,,,"0009-0001-2150-8968","0009-0001-5608-8465",,,,,"4944ce8f-9611-4086-a435-f07228760cff"
"72442540-26ae-46b4-9a02-f6d4acf8d23b","7fc09416-7c99-4053-b932-8948b5370b63","ONAQ_005.mammalGrid.mam","D15","ONAQ","ONAQ_005","A1","distributed","shrubScrub",40.180753,-112.429727,"WGS84",45.3,1607.9,0.4,"6 - trap set and empty","ShermanXLK","2024-04-10","2024-04-10",,,,,,,,,,,,,,,,,,,,,,,,,,,,,,,,,,,,,,,,,,,,,"0009-0000-7236-0361","0009-0005-2133-045X",,,,,"6ac46320-23e4-493b-a174-7ea5c560fc18"
"a6b68ec4-f7fb-4db5-95e2-9c59fb383ccb","d7b01328-c409-48fe-9d6c-adc2eb915bdc","ONAQ_020.mammalGrid.mam","D15","ONAQ","ONAQ_020","A4","distributed","shrubScrub",40.183889,-112.436683,"WGS84",45.1,1627.6,0.1,"6 - trap set and empty","ShermanXLK","2024-04-10","2024-04-10",,,,,,,,,,,,,,,,,,,,,,,,,,,,,,,,,,,,,,,,,,,,,"0009-0001-2150-8968","0009-0001-5608-8465",,,,,"e492597d-b428-4eca-8a2c-0d84f60a64a4"
"de18c5b3-4d8e-48ae-96a4-116fc6d3bd9d","d7b01328-c409-48fe-9d6c-adc2eb915bdc","ONAQ_020.mammalGrid.mam","D15","ONAQ","ONAQ_020","B7","distributed","shrubScrub",40.183889,-112.436683,"WGS84",45.1,1627.6,0.1,"6 - trap set and empty","ShermanXLK","2024-04-10","2024-04-10",,,,,,,,,,,,,,,,,,,,,,,,,,,,,,,,,,,,,,,,,,,,,"0009-0001-2150-8968","0009-0001-5608-8465",,,,,"667d10b4-6eef-4863-9d76-ec63c2dd3481"
"b07e54ed-3433-48b9-844a-a79edac13c78","7fc09416-7c99-4053-b932-8948b5370b63","ONAQ_005.mammalGrid.mam","D15","ONAQ","ONAQ_005","I2","distributed","shrubScrub",40.180753,-112.429727,"WGS84",45.3,1607.9,0.4,"6 - trap set and empty","ShermanXLK","2024-04-10","2024-04-10",,,,,,,,,,,,,,,,,,,,,,,,,,,,,,,,,,,,,,,,,,,,,"0009-0000-7236-0361","0009-0005-2133-045X",,,,,"5dc32a61-6064-4581-a0d5-01a5feeca7fd"
"ae2fd3fb-0222-4e97-beb0-5d1f53a90812","7fc09416-7c99-4053-b932-8948b5370b63","ONAQ_005.mammalGrid.mam","D15","ONAQ","ONAQ_005","I6","distributed","shrubScrub",40.180753,-112.429727,"WGS84",45.3,1607.9,0.4,"5 - capture","ShermanXLK","2024-04-10","2024-04-10","NEON.MAM.D15.R6000",,"PEMA","Peromyscus maniculatus","species",,,,,"N","M","N","processed",,"adult","scrotal",,,,20,,69,,21,"N","Y","N","1-5","fleas","dry ice","ONAQ.20240410.R6000.B","D00000139579","mandibular",,,,,,,,,,,,"0009-0000-7236-0361","0009-0005-2133-045X",,,"Only has right ear",,"b0c609c7-c1ce-4527-ba77-18091fd8464c"
"3951d195-ae28-48ad-a372-949c0d905563","d7b01328-c409-48fe-9d6c-adc2eb915bdc","ONAQ_020.mammalGrid.mam","D15","ONAQ","ONAQ_020","J3","distributed","shrubScrub",40.183889,-112.436683,"WGS84",45.1,1627.6,0.1,"6 - trap set and empty","ShermanXLK","2024-04-10","2024-04-10",,,,,,,,,,,,,,,,,,,,,,,,,,,,,,,,,,,,,,,,,,,,,"0009-0001-2150-8968","0009-0001-5608-8465",,,,,"db6edc36-9f77-4daa-b52b-39a3e48c2ff5"
"db7e3a07-4ff7-4caa-aedf-09fa79eaed8e","7fc09416-7c99-4053-b932-8948b5370b63","ONAQ_005.mammalGrid.mam","D15","ONAQ","ONAQ_005","C2","distributed","shrubScrub",40.180753,-112.429727,"WGS84",45.3,1607.9,0.4,"6 - trap set and empty","ShermanXLK","2024-04-10","2024-04-10",,,,,,,,,,,,,,,,,,,,,,,,,,,,,,,,,,,,,,,,,,,,,"0009-0000-7236-0361","0009-0005-2133-045X",,,,,"d9bbaad4-844a-4e58-a6c7-78a2502f7aa5"
"eb441da5-f76c-4435-8358-582e8ce536d9","af3ccf12-68a0-434e-9e41-7eacee20e7b9","ONAQ_003.mammalGrid.mam","D15","ONAQ","ONAQ_003","E6","distributed","shrubScrub",40.206225,-112.428493,"WGS84",45.4,1604.6,0.2,"6 - trap set and empty","ShermanXLK","2024-04-10","2024-04-10",,,,,,,,,,,,,,,,,,,,,,,,,,,,,,,,,,,,,,,,,,,,,"0009-0000-7236-0361","0009-0005-2133-045X",,,,,"2666e916-3081-448d-bfe1-c8eeb8695409"
"11634027-ac4f-43c3-bd57-c0328eec68e8","d7b01328-c409-48fe-9d6c-adc2eb915bdc","ONAQ_020.mammalGrid.mam","D15","ONAQ","ONAQ_020","B9","distributed","shrubScrub",40.183889,-112.436683,"WGS84",45.1,1627.6,0.1,"6 - trap set and empty","ShermanXLK","2024-04-10","2024-04-10",,,,,,,,,,,,,,,,,,,,,,,,,,,,,,,,,,,,,,,,,,,,,"0009-0001-2150-8968","0009-0001-5608-8465",,,,,"9df14139-3ba4-4997-96d6-28cc3be97b1d"
"d553e7fe-1d96-4303-83f8-c055c369a75b","7fc09416-7c99-4053-b932-8948b5370b63","ONAQ_005.mammalGrid.mam","D15","ONAQ","ONAQ_005","H1","distributed","shrubScrub",40.180753,-112.429727,"WGS84",45.3,1607.9,0.4,"5 - capture","ShermanXLK","2024-04-10","2024-04-10","NEON.MAM.D15.R4923",,"DIORDIMI","Dipodomys ordii/microps","speciesGroup",,,,,"N","F","N","processed",,"adult",,"enlarged","not","neither",40,13,138,,62,"N","N","N",,"none","dry ice",,,,,,,,,,,,,,,"0009-0000-7236-0361","0009-0005-2133-045X",,,,,"6e52cc2d-e55f-41d3-b0a9-089d87433d25"
"62227a82-5733-4157-b9a5-49e3866d0492","af3ccf12-68a0-434e-9e41-7eacee20e7b9","ONAQ_003.mammalGrid.mam","D15","ONAQ","ONAQ_003","A6","distributed","shrubScrub",40.206225,-112.428493,"WGS84",45.4,1604.6,0.2,"6 - trap set and empty","ShermanXLK","2024-04-10","2024-04-10",,,,,,,,,,,,,,,,,,,,,,,,,,,,,,,,,,,,,,,,,,,,,"0009-0000-7236-0361","0009-0005-2133-045X",,,,,"560dd4d0-b662-4fd1-8264-87bff6352121"
"850ab264-0ff5-4014-81ab-b60447c8acc2","af3ccf12-68a0-434e-9e41-7eacee20e7b9","ONAQ_003.mammalGrid.mam","D15","ONAQ","ONAQ_003","I3","distributed","shrubScrub",40.206225,-112.428493,"WGS84",45.4,1604.6,0.2,"6 - trap set and empty","ShermanXLK","2024-04-10","2024-04-10",,,,,,,,,,,,,,,,,,,,,,,,,,,,,,,,,,,,,,,,,,,,,"0009-0000-7236-0361","0009-0005-2133-045X",,,,,"3cc415b4-3a95-43df-94bc-3cdf7f0964d3"
"0768f489-b4d7-4948-823c-4a963deebde7","7fc09416-7c99-4053-b932-8948b5370b63","ONAQ_005.mammalGrid.mam","D15","ONAQ","ONAQ_005","F5","distributed","shrubScrub",40.180753,-112.429727,"WGS84",45.3,1607.9,0.4,"6 - trap set and empty","ShermanXLK","2024-04-10","2024-04-10",,,,,,,,,,,,,,,,,,,,,,,,,,,,,,,,,,,,,,,,,,,,,"0009-0000-7236-0361","0009-0005-2133-045X",,,,,"1aac5267-fd69-490a-be02-679411b8fb74"
"dad73337-65b0-4d46-ad18-0117f77a01c1","af3ccf12-68a0-434e-9e41-7eacee20e7b9","ONAQ_003.mammalGrid.mam","D15","ONAQ","ONAQ_003","F6","distributed","shrubScrub",40.206225,-112.428493,"WGS84",45.4,1604.6,0.2,"6 - trap set and empty","ShermanXLK","2024-04-10","2024-04-10",,,,,,,,,,,,,,,,,,,,,,,,,,,,,,,,,,,,,,,,,,,,,"0009-0000-7236-0361","0009-0005-2133-045X",,,,,"fd89e829-24fe-49a5-aa14-3fb2ce1f6061"
"d6b6de95-2e0a-440a-951f-a61365daa75f","7fc09416-7c99-4053-b932-8948b5370b63","ONAQ_005.mammalGrid.mam","D15","ONAQ","ONAQ_005","D2","distributed","shrubScrub",40.180753,-112.429727,"WGS84",45.3,1607.9,0.4,"1 - trap not set","ShermanXLK","2024-04-10","2024-04-10",,,,,,,,,,,,,,,,,,,,,,,,,,,,,"did not check","dry ice",,,,,,,,,,,,,,,"0009-0000-7236-0361","0009-0005-2133-045X",,,,,"74881f0c-d7a6-483b-845a-cfcd66e7f0d2"
"4c4eadba-b6ce-40c3-b596-676b30c30333","7fc09416-7c99-4053-b932-8948b5370b63","ONAQ_005.mammalGrid.mam","D15","ONAQ","ONAQ_005","B2","distributed","shrubScrub",40.180753,-112.429727,"WGS84",45.3,1607.9,0.4,"6 - trap set and empty","ShermanXLK","2024-04-10","2024-04-10",,,,,,,,,,,,,,,,,,,,,,,,,,,,,,,,,,,,,,,,,,,,,"0009-0000-7236-0361","0009-0005-2133-045X",,,,,"ee63d2eb-b548-4692-b184-1b879894767f"
"db7a76ba-4917-4fdf-ad84-93cb9521ab0d","d7b01328-c409-48fe-9d6c-adc2eb915bdc","ONAQ_020.mammalGrid.mam","D15","ONAQ","ONAQ_020","D4","distributed","shrubScrub",40.183889,-112.436683,"WGS84",45.1,1627.6,0.1,"6 - trap set and empty","ShermanXLK","2024-04-10","2024-04-10",,,,,,,,,,,,,,,,,,,,,,,,,,,,,,,,,,,,,,,,,,,,,"0009-0001-2150-8968","0009-0001-5608-8465",,,,,"96be63cd-1db3-4c6f-a701-a066672cfbbb"
"5fa50a79-97df-44da-adbc-c58a2292ec28","af3ccf12-68a0-434e-9e41-7eacee20e7b9","ONAQ_003.mammalGrid.mam","D15","ONAQ","ONAQ_003","A5","distributed","shrubScrub",40.206225,-112.428493,"WGS84",45.4,1604.6,0.2,"5 - capture","ShermanXLK","2024-04-10","2024-04-10","NEON.MAM.D15.R4912",,"PEMA","Peromyscus maniculatus","species","cf. species",,,,"N","F","N","processed",,"adult",,"enlarged","pregnant","plugged",,,,,27,"U","U","U",,"did not check","dry ice",,,,,,,,,,,,,,,"0009-0000-7236-0361","0009-0005-2133-045X",,,,,"52fdda22-a8cf-4eb3-9a64-cace3860cf48"
"24878156-a426-4f6d-b24d-82c2db499527","d7b01328-c409-48fe-9d6c-adc2eb915bdc","ONAQ_020.mammalGrid.mam","D15","ONAQ","ONAQ_020","I2","distributed","shrubScrub",40.183889,-112.436683,"WGS84",45.1,1627.6,0.1,"6 - trap set and empty","ShermanXLK","2024-04-10","2024-04-10",,,,,,,,,,,,,,,,,,,,,,,,,,,,,,,,,,,,,,,,,,,,,"0009-0001-2150-8968","0009-0001-5608-8465",,,,,"3fc422a3-dc24-49d4-9e73-6de474772104"
"86e90d4f-19d6-4aa6-a169-acd189259717","d7b01328-c409-48fe-9d6c-adc2eb915bdc","ONAQ_020.mammalGrid.mam","D15","ONAQ","ONAQ_020","I4","distributed","shrubScrub",40.183889,-112.436683,"WGS84",45.1,1627.6,0.1,"6 - trap set and empty","ShermanXLK","2024-04-10","2024-04-10",,,,,,,,,,,,,,,,,,,,,,,,,,,,,,,,,,,,,,,,,,,,,"0009-0001-2150-8968","0009-0001-5608-8465",,,,,"84b0a346-cd08-4d7c-8217-bf04314a38f0"
"020f2dcb-8787-429a-adfe-80599219d05f","af3ccf12-68a0-434e-9e41-7eacee20e7b9","ONAQ_003.mammalGrid.mam","D15","ONAQ","ONAQ_003","J7","distributed","shrubScrub",40.206225,-112.428493,"WGS84",45.4,1604.6,0.2,"6 - trap set and empty","ShermanXLK","2024-04-10","2024-04-10",,,,,,,,,,,,,,,,,,,,,,,,,,,,,,,,,,,,,,,,,,,,,"0009-0000-7236-0361","0009-0005-2133-045X",,,,,"557c5cf6-29b0-4585-9146-608686473a15"
"3ad2ad03-bd10-4a42-acf0-856f791efb91","af3ccf12-68a0-434e-9e41-7eacee20e7b9","ONAQ_003.mammalGrid.mam","D15","ONAQ","ONAQ_003","A3","distributed","shrubScrub",40.206225,-112.428493,"WGS84",45.4,1604.6,0.2,"6 - trap set and empty","ShermanXLK","2024-04-10","2024-04-10",,,,,,,,,,,,,,,,,,,,,,,,,,,,,,,,,,,,,,,,,,,,,"0009-0000-7236-0361","0009-0005-2133-045X",,,,,"ff9ead52-4c8c-4bc1-a2cd-5d1b91f9c692"
"96164ab4-da34-440d-b16f-280b713c6e98","d7b01328-c409-48fe-9d6c-adc2eb915bdc","ONAQ_020.mammalGrid.mam","D15","ONAQ","ONAQ_020","A1","distributed","shrubScrub",40.183889,-112.436683,"WGS84",45.1,1627.6,0.1,"5 - capture","ShermanXLK","2024-04-10","2024-04-10","NEON.MAM.D15.R5762",,"PEMA","Peromyscus maniculatus","species",,,,,"N","F","N","processed",,"adult",,"enlarged","not","swollen",19,14,68,,21,"N","N","N",,"none","dry ice","ONAQ.20240410.R5762.B","D00000139786","mandibular",,,,,,,,,,,,"0009-0001-2150-8968","0009-0001-5608-8465",,,,,"a9407e6d-76e5-46e7-81da-f233a8a0f695"
"3edddc69-efa2-4185-869c-4a2e54e419d7","af3ccf12-68a0-434e-9e41-7eacee20e7b9","ONAQ_003.mammalGrid.mam","D15","ONAQ","ONAQ_003","F2","distributed","shrubScrub",40.206225,-112.428493,"WGS84",45.4,1604.6,0.2,"6 - trap set and empty","ShermanXLK","2024-04-10","2024-04-10",,,,,,,,,,,,,,,,,,,,,,,,,,,,,,,,,,,,,,,,,,,,,"0009-0000-7236-0361","0009-0005-2133-045X",,,,,"3e1d7476-481e-495c-8f65-9554190d6b73"
"efea163e-59dc-4a77-8537-f6a974d37ca0","d7b01328-c409-48fe-9d6c-adc2eb915bdc","ONAQ_020.mammalGrid.mam","D15","ONAQ","ONAQ_020","E3","distributed","shrubScrub",40.183889,-112.436683,"WGS84",45.1,1627.6,0.1,"6 - trap set and empty","ShermanXLK","2024-04-10","2024-04-10",,,,,,,,,,,,,,,,,,,,,,,,,,,,,,,,,,,,,,,,,,,,,"0009-0001-2150-8968","0009-0001-5608-8465",,,,,"7bbad515-d942-4050-8b20-4776f03b7f08"
"6746d3de-002e-42af-9461-129f116db394","7fc09416-7c99-4053-b932-8948b5370b63","ONAQ_005.mammalGrid.mam","D15","ONAQ","ONAQ_005","J5","distributed","shrubScrub",40.180753,-112.429727,"WGS84",45.3,1607.9,0.4,"5 - capture","ShermanXLK","2024-04-10","2024-04-10","NEON.MAM.D15.R5717",,"PEMA","Peromyscus maniculatus","species",,,,,"N","F","N","processed",,"adult",,"enlarged","not","neither",18,,61,,18,"N","Y","N","1-5","none","dry ice","ONAQ.20240410.R5717.B","D00000139883","mandibular - QNS",,,,,,,,,,,,"0009-0000-7236-0361","0009-0005-2133-045X",,,,,"521ce0bd-9d22-4bf5-9834-a0c0d41449fd"
"4743d6e2-0139-42af-a689-7f6b3f2dfb34","d7b01328-c409-48fe-9d6c-adc2eb915bdc","ONAQ_020.mammalGrid.mam","D15","ONAQ","ONAQ_020","B8","distributed","shrubScrub",40.183889,-112.436683,"WGS84",45.1,1627.6,0.1,"6 - trap set and empty","ShermanXLK","2024-04-10","2024-04-10",,,,,,,,,,,,,,,,,,,,,,,,,,,,,,,,,,,,,,,,,,,,,"0009-0001-2150-8968","0009-0001-5608-8465",,,,,"8a81dd9c-ead3-458f-866d-9acbed8cc525"
"8ff77725-7908-4845-b57a-f90c03ae79ca","af3ccf12-68a0-434e-9e41-7eacee20e7b9","ONAQ_003.mammalGrid.mam","D15","ONAQ","ONAQ_003","E10","distributed","shrubScrub",40.206225,-112.428493,"WGS84",45.4,1604.6,0.2,"6 - trap set and empty","ShermanXLK","2024-04-10","2024-04-10",,,,,,,,,,,,,,,,,,,,,,,,,,,,,,,,,,,,,,,,,,,,,"0009-0000-7236-0361","0009-0005-2133-045X",,,,,"fd7d807e-8020-4e36-ad3b-9b291ccf6f72"
"5fdeef8f-13dc-45a9-affb-602424c97cdf","d7b01328-c409-48fe-9d6c-adc2eb915bdc","ONAQ_020.mammalGrid.mam","D15","ONAQ","ONAQ_020","G8","distributed","shrubScrub",40.183889,-112.436683,"WGS84",45.1,1627.6,0.1,"6 - trap set and empty","ShermanXLK","2024-04-10","2024-04-10",,,,,,,,,,,,,,,,,,,,,,,,,,,,,,,,,,,,,,,,,,,,,"0009-0001-2150-8968","0009-0001-5608-8465",,,,,"888e752e-c815-4055-98b5-3e8495980dbb"
"0de3ba77-652d-408f-b253-83f9fc9433e0","d7b01328-c409-48fe-9d6c-adc2eb915bdc","ONAQ_020.mammalGrid.mam","D15","ONAQ","ONAQ_020","G4","distributed","shrubScrub",40.183889,-112.436683,"WGS84",45.1,1627.6,0.1,"6 - trap set and empty","ShermanXLK","2024-04-10","2024-04-10",,,,,,,,,,,,,,,,,,,,,,,,,,,,,,,,,,,,,,,,,,,,,"0009-0001-2150-8968","0009-0001-5608-8465",,,,,"1c6a16db-c0c6-4343-ba93-5ad532c046c5"
"e2230682-b176-4d17-92e8-59d880509bb8","d7b01328-c409-48fe-9d6c-adc2eb915bdc","ONAQ_020.mammalGrid.mam","D15","ONAQ","ONAQ_020","H1","distributed","shrubScrub",40.183889,-112.436683,"WGS84",45.1,1627.6,0.1,"5 - capture","ShermanXLK","2024-04-10","2024-04-10","NEON.MAM.D15.R5761",,"PEMA","Peromyscus maniculatus","species",,,,,"N","F","N","processed",,"adult",,"enlarged","not","swollen",20,,55,,20,"N","N","N",,"none","dry ice","ONAQ.20240410.R5761.B","D00000137717","mandibular",,,,,,,,,,,,"0009-0001-2150-8968","0009-0001-5608-8465",,,,,"3f93f9e2-8626-46a0-ab9d-1ddc355e64c8"
"3f9da66b-c96b-4483-a010-37623a9fa08c","7fc09416-7c99-4053-b932-8948b5370b63","ONAQ_005.mammalGrid.mam","D15","ONAQ","ONAQ_005","J4","distributed","shrubScrub",40.180753,-112.429727,"WGS84",45.3,1607.9,0.4,"6 - trap set and empty","ShermanXLK","2024-04-10","2024-04-10",,,,,,,,,,,,,,,,,,,,,,,,,,,,,,,,,,,,,,,,,,,,,"0009-0000-7236-0361","0009-0005-2133-045X",,,,,"536fbc27-8359-4d64-9568-96baca4f9f7e"
"4646f811-4a15-4554-99df-99404e8cf7b0","af3ccf12-68a0-434e-9e41-7eacee20e7b9","ONAQ_003.mammalGrid.mam","D15","ONAQ","ONAQ_003","D10","distributed","shrubScrub",40.206225,-112.428493,"WGS84",45.4,1604.6,0.2,"5 - capture","ShermanXLK","2024-04-10","2024-04-10","NEON.MAM.D15.R5796",,"DIORDIMI","Dipodomys ordii/microps","speciesGroup",,,,,"N","M","Y","processed",,"adult","scrotal",,,,40,14,147,,57,"U","U","U",,"did not check","dry ice",,,,,,,,,,,,,,,"0009-0000-7236-0361","0009-0005-2133-045X",,,,,"b591754f-2166-454a-95c1-b4c9f854cbf7"
"46518993-069d-4d2a-bbd9-d9bce66700e8","d7b01328-c409-48fe-9d6c-adc2eb915bdc","ONAQ_020.mammalGrid.mam","D15","ONAQ","ONAQ_020","I8","distributed","shrubScrub",40.183889,-112.436683,"WGS84",45.1,1627.6,0.1,"5 - capture","ShermanXLK","2024-04-10","2024-04-10","NEON.MAM.D15.R5760",,"PEMA","Peromyscus maniculatus","species",,,,,"N","F","N","processed",,"adult",,"nonenlarged","not","swollen",20,,,,20,"N","Y","N","1-5","none","dry ice","ONAQ.20240410.R5760.B","D00000139722","mandibular",,,,,,,,,,,,"0009-0001-2150-8968","0009-0001-5608-8465",,,,,"a400ae84-7a35-436f-a0f6-9d9194cf90c6"
"b1c52046-0392-484c-9e22-e9adf0dcc910","af3ccf12-68a0-434e-9e41-7eacee20e7b9","ONAQ_003.mammalGrid.mam","D15","ONAQ","ONAQ_003","G2","distributed","shrubScrub",40.206225,-112.428493,"WGS84",45.4,1604.6,0.2,"6 - trap set and empty","ShermanXLK","2024-04-10","2024-04-10",,,,,,,,,,,,,,,,,,,,,,,,,,,,,,,,,,,,,,,,,,,,,"0009-0000-7236-0361","0009-0005-2133-045X",,,,,"b80071a0-42c1-40b6-8496-9cfa1f874691"
"d44a669c-1da8-4d44-a89c-4fa3f7537c04","af3ccf12-68a0-434e-9e41-7eacee20e7b9","ONAQ_003.mammalGrid.mam","D15","ONAQ","ONAQ_003","F3","distributed","shrubScrub",40.206225,-112.428493,"WGS84",45.4,1604.6,0.2,"5 - capture","ShermanXLK","2024-04-10","2024-04-10","NEON.MAM.D15.R4061",,"DIORDIMI","Dipodomys ordii/microps","speciesGroup",,,,,"N","F","Y","processed",,"adult",,"enlarged","not","neither",40,14,154,,67,"U","U","U",,"did not check","dry ice",,,,,,,,,,,,,,,"0009-0000-7236-0361","0009-0005-2133-045X",,,,,"8a7d0d63-4842-487a-a548-08f27c4e9892"
"b20553c0-592a-4bce-89de-ea75b9952f0c","d7b01328-c409-48fe-9d6c-adc2eb915bdc","ONAQ_020.mammalGrid.mam","D15","ONAQ","ONAQ_020","A7","distributed","shrubScrub",40.183889,-112.436683,"WGS84",45.1,1627.6,0.1,"5 - capture","ShermanXLK","2024-04-10","2024-04-10","NEON.MAM.D15.441771",,"PEPA","Perognathus parvus","species",,,,,"N","F","Y","processed",,"adult",,"nonenlarged","not","neither",26,,,,21,"N","N","N",,"none","dry ice",,,,,,,,,,,,,,,"0009-0001-2150-8968","0009-0001-5608-8465",,,,,"a87853ad-7d1f-412b-9bc5-37109989defa"
"585830c5-d8bd-4e21-99bf-9065d14eaab7","d7b01328-c409-48fe-9d6c-adc2eb915bdc","ONAQ_020.mammalGrid.mam","D15","ONAQ","ONAQ_020","B10","distributed","shrubScrub",40.183889,-112.436683,"WGS84",45.1,1627.6,0.1,"5 - capture","ShermanXLK","2024-04-10","2024-04-10","NEON.MAM.D15.R5769",,"PEMA","Peromyscus maniculatus","species",,,,,"N","M","N","processed",,"adult","nonscrotal",,,,21,,67,,22,"N","Y","N","1-5","none","dry ice","ONAQ.20240410.R5769.B","D00000139817","mandibular - QNS",,,,,,,,,,,,"0009-0001-2150-8968","0009-0001-5608-8465",,,,,"9f9442c1-a7aa-4056-a872-11971e0b5426"
"0c2972f4-2048-4007-af85-a211e652efe7","d7b01328-c409-48fe-9d6c-adc2eb915bdc","ONAQ_020.mammalGrid.mam","D15","ONAQ","ONAQ_020","C8","distributed","shrubScrub",40.183889,-112.436683,"WGS84",45.1,1627.6,0.1,"6 - trap set and empty","ShermanXLK","2024-04-10","2024-04-10",,,,,,,,,,,,,,,,,,,,,,,,,,,,,,,,,,,,,,,,,,,,,"0009-0001-2150-8968","0009-0001-5608-8465",,,,,"1e718c43-acfd-470e-a58e-a93453ea417f"
"222fe6f6-1860-414d-949a-0cecc9de0527","d7b01328-c409-48fe-9d6c-adc2eb915bdc","ONAQ_020.mammalGrid.mam","D15","ONAQ","ONAQ_020","I10","distributed","shrubScrub",40.183889,-112.436683,"WGS84",45.1,1627.6,0.1,"5 - capture","ShermanXLK","2024-04-10","2024-04-10","NEON.MAM.D15.R6026",,"PEMA","Peromyscus maniculatus","species",,,,,"N","F","N","processed",,"adult",,"nonenlarged","not","neither",20,,,,16,"N","N","N",,"none","dry ice","ONAQ.20240410.R6026.B","D00000139946","mandibular",,,,,,,,,,,,"0009-0001-2150-8968","0009-0001-5608-8465",,,,,"54b8fe29-7dab-4e90-bb23-f5a857175ca3"
"5f631ef3-df56-47bb-9a80-62e95d9bbfaf","af3ccf12-68a0-434e-9e41-7eacee20e7b9","ONAQ_003.mammalGrid.mam","D15","ONAQ","ONAQ_003","G6","distributed","shrubScrub",40.206225,-112.428493,"WGS84",45.4,1604.6,0.2,"6 - trap set and empty","ShermanXLK","2024-04-10","2024-04-10",,,,,,,,,,,,,,,,,,,,,,,,,,,,,,,,,,,,,,,,,,,,,"0009-0000-7236-0361","0009-0005-2133-045X",,,,,"bc9f55dc-a8bb-43f8-8cd1-d963561b11ab"
"769aac79-fc7d-4377-a36a-1a71b681c20c","af3ccf12-68a0-434e-9e41-7eacee20e7b9","ONAQ_003.mammalGrid.mam","D15","ONAQ","ONAQ_003","E4","distributed","shrubScrub",40.206225,-112.428493,"WGS84",45.4,1604.6,0.2,"5 - capture","ShermanXLK","2024-04-10","2024-04-10","NEON.MAM.D15.R4944",,"PEMA","Peromyscus maniculatus","species",,,,,"N","M","N","processed",,"adult","nonscrotal",,,,,,,,19,"U","U","U",,"did not check","dry ice","ONAQ.20240410.R4944.B","D00000140843","mandibular",,,,,,,,,,,,"0009-0000-7236-0361","0009-0005-2133-045X",,,,,"f70a1fee-68d0-42af-9241-d8c07cb8757e"
"6b78aaf3-154a-4f6c-ae7c-8792886a3651","7fc09416-7c99-4053-b932-8948b5370b63","ONAQ_005.mammalGrid.mam","D15","ONAQ","ONAQ_005","C1","distributed","shrubScrub",40.180753,-112.429727,"WGS84",45.3,1607.9,0.4,"6 - trap set and empty","ShermanXLK","2024-04-10","2024-04-10",,,,,,,,,,,,,,,,,,,,,,,,,,,,,,,,,,,,,,,,,,,,,"0009-0000-7236-0361","0009-0005-2133-045X",,,,,"107672d0-f70e-47e6-baca-a91fbecb6fbc"
"207244a4-c404-4c69-9cb8-c5d97734559a","7fc09416-7c99-4053-b932-8948b5370b63","ONAQ_005.mammalGrid.mam","D15","ONAQ","ONAQ_005","B6","distributed","shrubScrub",40.180753,-112.429727,"WGS84",45.3,1607.9,0.4,"6 - trap set and empty","ShermanXLK","2024-04-10","2024-04-10",,,,,,,,,,,,,,,,,,,,,,,,,,,,,,,,,,,,,,,,,,,,,"0009-0000-7236-0361","0009-0005-2133-045X",,,,,"9f2e88d7-7d10-4425-8050-77c20fcdd98f"
"41e3714d-dfdd-4a96-a1ec-2f68f0fc635b","af3ccf12-68a0-434e-9e41-7eacee20e7b9","ONAQ_003.mammalGrid.mam","D15","ONAQ","ONAQ_003","A7","distributed","shrubScrub",40.206225,-112.428493,"WGS84",45.4,1604.6,0.2,"5 - capture","ShermanXLK","2024-04-10","2024-04-10","NEON.MAM.D15.O003A720240410",,"DIMI","Dipodomys microps","species",,,"24b8b58c-8749-4173-9f33-4f5a144690e8","taxonID","N","M","N","dead",,"adult","scrotal",,,,,,,,,"U","U","U",,"did not check","dry ice",,,,,,,,,,,,,"ONAQ.20240410.O003A720240410.V","D00000215421","0009-0000-7236-0361","0009-0005-2133-045X","0000-0002-0878-4132","2024-11-07",,,"7e2af608-f54e-49ec-a48c-caa46d21f516"
"e8cc93d8-2356-40b7-8011-9bc7cd76e38b","7fc09416-7c99-4053-b932-8948b5370b63","ONAQ_005.mammalGrid.mam","D15","ONAQ","ONAQ_005","F8","distributed","shrubScrub",40.180753,-112.429727,"WGS84",45.3,1607.9,0.4,"6 - trap set and empty","ShermanXLK","2024-04-10","2024-04-10",,,,,,,,,,,,,,,,,,,,,,,,,,,,,,,,,,,,,,,,,,,,,"0009-0000-7236-0361","0009-0005-2133-045X",,,,,"972c7825-d78e-45dd-a719-234851fc84c9"
"a727be89-8e95-4eff-9be9-5ece373351b7","7fc09416-7c99-4053-b932-8948b5370b63","ONAQ_005.mammalGrid.mam","D15","ONAQ","ONAQ_005","F7","distributed","shrubScrub",40.180753,-112.429727,"WGS84",45.3,1607.9,0.4,"6 - trap set and empty","ShermanXLK","2024-04-10","2024-04-10",,,,,,,,,,,,,,,,,,,,,,,,,,,,,,,,,,,,,,,,,,,,,"0009-0000-7236-0361","0009-0005-2133-045X",,,,,"44613284-6ce7-4e9c-b8a7-909f55226e68"
"55048536-19b5-48f6-838a-86912a110b52","d7b01328-c409-48fe-9d6c-adc2eb915bdc","ONAQ_020.mammalGrid.mam","D15","ONAQ","ONAQ_020","D9","distributed","shrubScrub",40.183889,-112.436683,"WGS84",45.1,1627.6,0.1,"5 - capture","ShermanXLK","2024-04-10","2024-04-10","NEON.MAM.D15.R5770",,"PEMA","Peromyscus maniculatus","species",,,,,"N","U","N","processed",,"unknown",,,,,,,,,,"U","U","U",,"did not check","dry ice","ONAQ.20240410.R5770.B","D00000140822","mandibular",,,,,,,,,,,,"0009-0001-2150-8968","0009-0001-5608-8465",,,,,"1419fd04-2c44-486b-a4f2-eaa9f1242c1b"
"3f46f777-fb9a-4f5d-b256-0045f79072b2","7fc09416-7c99-4053-b932-8948b5370b63","ONAQ_005.mammalGrid.mam","D15","ONAQ","ONAQ_005","A9","distributed","shrubScrub",40.180753,-112.429727,"WGS84",45.3,1607.9,0.4,"6 - trap set and empty","ShermanXLK","2024-04-10","2024-04-10",,,,,,,,,,,,,,,,,,,,,,,,,,,,,,,,,,,,,,,,,,,,,"0009-0000-7236-0361","0009-0005-2133-045X",,,,,"5c373407-c753-4d38-8cbd-7a32b6122d48"
"0c24d110-4d41-4699-ad3c-04aa34ab34ef","af3ccf12-68a0-434e-9e41-7eacee20e7b9","ONAQ_003.mammalGrid.mam","D15","ONAQ","ONAQ_003","I1","distributed","shrubScrub",40.206225,-112.428493,"WGS84",45.4,1604.6,0.2,"5 - capture","ShermanXLK","2024-04-10","2024-04-10","NEON.MAM.D15.R4704",,"DIORDIMI","Dipodomys ordii/microps","speciesGroup",,,,,"N","F","Y","processed",,"adult",,"enlarged","not","neither",40,14,167,,76,"N","Y","N","1-5","none","dry ice",,,,,,,,,,,,,,,"0009-0000-7236-0361","0009-0005-2133-045X",,,,,"05bee5c5-02fe-47ab-ba4c-7203cc3ed3c5"
"9059335a-eb55-48d4-82ca-0bc39d99e049","af3ccf12-68a0-434e-9e41-7eacee20e7b9","ONAQ_003.mammalGrid.mam","D15","ONAQ","ONAQ_003","E7","distributed","shrubScrub",40.206225,-112.428493,"WGS84",45.4,1604.6,0.2,"5 - capture","ShermanXLK","2024-04-10","2024-04-10","NEON.MAM.D15.R4947",,"DIORDIMI","Dipodomys ordii/microps","speciesGroup",,,,,"N","F","N","processed",,"adult",,"enlarged","not","neither",35,12,138,,47,"U","U","U",,"did not check","dry ice",,,,,,,,,,,,,,,"0009-0000-7236-0361","0009-0005-2133-045X",,,,,"27dc5481-60d1-413f-97a3-de8dec9bf299"
"6a62fe7c-a776-4abb-8ed4-154088a8ec62","af3ccf12-68a0-434e-9e41-7eacee20e7b9","ONAQ_003.mammalGrid.mam","D15","ONAQ","ONAQ_003","H9","distributed","shrubScrub",40.206225,-112.428493,"WGS84",45.4,1604.6,0.2,"6 - trap set and empty","ShermanXLK","2024-04-10","2024-04-10",,,,,,,,,,,,,,,,,,,,,,,,,,,,,,,,,,,,,,,,,,,,,"0009-0000-7236-0361","0009-0005-2133-045X",,,,,"a3dfa863-1df8-41d5-a843-ec866ed2f3c9"
"8266fa22-7141-42e8-a06d-fea6b580577e","d7b01328-c409-48fe-9d6c-adc2eb915bdc","ONAQ_020.mammalGrid.mam","D15","ONAQ","ONAQ_020","F10","distributed","shrubScrub",40.183889,-112.436683,"WGS84",45.1,1627.6,0.1,"6 - trap set and empty","ShermanXLK","2024-04-10","2024-04-10",,,,,,,,,,,,,,,,,,,,,,,,,,,,,,,,,,,,,,,,,,,,,"0009-0001-2150-8968","0009-0001-5608-8465",,,,,"5edf1cd3-d510-4680-b2a5-3d7b094f7e04"
"b0ec655b-3e18-4a72-b31d-45b46d941127","7fc09416-7c99-4053-b932-8948b5370b63","ONAQ_005.mammalGrid.mam","D15","ONAQ","ONAQ_005","C8","distributed","shrubScrub",40.180753,-112.429727,"WGS84",45.3,1607.9,0.4,"6 - trap set and empty","ShermanXLK","2024-04-10","2024-04-10",,,,,,,,,,,,,,,,,,,,,,,,,,,,,,,,,,,,,,,,,,,,,"0009-0000-7236-0361","0009-0005-2133-045X",,,,,"3f453db1-3615-4af3-aa5f-1f0786079c70"
"175dcb79-39bd-4a8d-bff3-227025550eb4","7fc09416-7c99-4053-b932-8948b5370b63","ONAQ_005.mammalGrid.mam","D15","ONAQ","ONAQ_005","J8","distributed","shrubScrub",40.180753,-112.429727,"WGS84",45.3,1607.9,0.4,"5 - capture","ShermanXLK","2024-04-10","2024-04-10","NEON.MAM.D15.R5648",,"DIORDIMI","Dipodomys ordii/microps","speciesGroup",,,,,"N","M","Y","processed",,"adult","scrotal",,,,37,13,161,,71,"N","N","N",,"none","dry ice",,,,,,,,,,,,,,,"0009-0000-7236-0361","0009-0005-2133-045X",,,,,"1cc08d1b-224d-49a6-98aa-5b177cd567c7"
"76021230-7ea1-490c-be68-ddbc3e95c13b","af3ccf12-68a0-434e-9e41-7eacee20e7b9","ONAQ_003.mammalGrid.mam","D15","ONAQ","ONAQ_003","J6","distributed","shrubScrub",40.206225,-112.428493,"WGS84",45.4,1604.6,0.2,"6 - trap set and empty","ShermanXLK","2024-04-10","2024-04-10",,,,,,,,,,,,,,,,,,,,,,,,,,,,,,,,,,,,,,,,,,,,,"0009-0000-7236-0361","0009-0005-2133-045X",,,,,"e448a588-08fc-47bd-b846-25863451ad20"
"5d32854b-12ed-4c2d-854d-8367e1ccf880","af3ccf12-68a0-434e-9e41-7eacee20e7b9","ONAQ_003.mammalGrid.mam","D15","ONAQ","ONAQ_003","D3","distributed","shrubScrub",40.206225,-112.428493,"WGS84",45.4,1604.6,0.2,"5 - capture","ShermanXLK","2024-04-10","2024-04-10","NEON.MAM.D15.R4915",,"PEMA","Peromyscus maniculatus","species",,,,,"N","F","N","processed",,"adult",,"nonenlarged","not","neither",,,,,12,"U","U","U",,"did not check","dry ice",,,"unsuccessful",,,,,,,,,,,,"0009-0000-7236-0361","0009-0005-2133-045X",,,,,"dc91a0c6-6ced-44f7-84cc-bcd39e17dd53"
"0a6fcb5e-9177-4474-89df-6de8a1fa7951","7fc09416-7c99-4053-b932-8948b5370b63","ONAQ_005.mammalGrid.mam","D15","ONAQ","ONAQ_005","D6","distributed","shrubScrub",40.180753,-112.429727,"WGS84",45.3,1607.9,0.4,"5 - capture","ShermanXLK","2024-04-10","2024-04-10","NEON.MAM.D15.283205",,"PEPA","Perognathus parvus","species",,,,,"N","F","Y","processed",,"adult",,"enlarged","not","neither",22,7,84,,17,"N","N","N",,"none","dry ice",,,,,,,,,,,,,,,"0009-0000-7236-0361","0009-0005-2133-045X",,,,,"7ebd134d-6983-46fd-8e68-9c9d1eec03bb"
"75c013da-65cc-4598-9eaf-4dd74d7b3c68","7fc09416-7c99-4053-b932-8948b5370b63","ONAQ_005.mammalGrid.mam","D15","ONAQ","ONAQ_005","D8","distributed","shrubScrub",40.180753,-112.429727,"WGS84",45.3,1607.9,0.4,"6 - trap set and empty","ShermanXLK","2024-04-10","2024-04-10",,,,,,,,,,,,,,,,,,,,,,,,,,,,,,,,,,,,,,,,,,,,,"0009-0000-7236-0361","0009-0005-2133-045X",,,,,"d094a46d-1f5a-41d1-a195-105faf853e77"
"f49fe7e3-90f2-464d-9bb9-6283f7285af1","d7b01328-c409-48fe-9d6c-adc2eb915bdc","ONAQ_020.mammalGrid.mam","D15","ONAQ","ONAQ_020","E4","distributed","shrubScrub",40.183889,-112.436683,"WGS84",45.1,1627.6,0.1,"6 - trap set and empty","ShermanXLK","2024-04-10","2024-04-10",,,,,,,,,,,,,,,,,,,,,,,,,,,,,,,,,,,,,,,,,,,,,"0009-0001-2150-8968","0009-0001-5608-8465",,,,,"ef076fe7-9a4d-4697-9333-c0c23b658e94"
"84b3e4dc-a3cd-411c-b6ea-d24ba3ea0a2a","d7b01328-c409-48fe-9d6c-adc2eb915bdc","ONAQ_020.mammalGrid.mam","D15","ONAQ","ONAQ_020","F1","distributed","shrubScrub",40.183889,-112.436683,"WGS84",45.1,1627.6,0.1,"6 - trap set and empty","ShermanXLK","2024-04-10","2024-04-10",,,,,,,,,,,,,,,,,,,,,,,,,,,,,,,,,,,,,,,,,,,,,"0009-0001-2150-8968","0009-0001-5608-8465",,,,,"be89baaf-ead3-4e52-a945-e94becf80d09"
"4b5e0169-2540-4d8d-90c8-3b2dd7cb2fa1","7fc09416-7c99-4053-b932-8948b5370b63","ONAQ_005.mammalGrid.mam","D15","ONAQ","ONAQ_005","C4","distributed","shrubScrub",40.180753,-112.429727,"WGS84",45.3,1607.9,0.4,"6 - trap set and empty","ShermanXLK","2024-04-10","2024-04-10",,,,,,,,,,,,,,,,,,,,,,,,,,,,,,,,,,,,,,,,,,,,,"0009-0000-7236-0361","0009-0005-2133-045X",,,,,"009240ff-668b-47ef-b875-6b029b7822cd"
"547daf3a-3100-41a2-8959-cdd70278955f","d7b01328-c409-48fe-9d6c-adc2eb915bdc","ONAQ_020.mammalGrid.mam","D15","ONAQ","ONAQ_020","H8","distributed","shrubScrub",40.183889,-112.436683,"WGS84",45.1,1627.6,0.1,"6 - trap set and empty","ShermanXLK","2024-04-10","2024-04-10",,,,,,,,,,,,,,,,,,,,,,,,,,,,,,,,,,,,,,,,,,,,,"0009-0001-2150-8968","0009-0001-5608-8465",,,,,"ea898b88-13cb-4c45-a536-611d4a07f400"
"344d35e6-cc32-4e81-badf-0ee98b1c65b2","af3ccf12-68a0-434e-9e41-7eacee20e7b9","ONAQ_003.mammalGrid.mam","D15","ONAQ","ONAQ_003","F10","distributed","shrubScrub",40.206225,-112.428493,"WGS84",45.4,1604.6,0.2,"5 - capture","ShermanXLK","2024-04-10","2024-04-10","NEON.MAM.D15.R4937",,"DIORDIMI","Dipodomys ordii/microps","speciesGroup",,,,,"N","F","N","processed",,"adult",,"enlarged","not","neither",40,15,165,,62,"U","U","U",,"did not check","dry ice",,,,,,,,,,,,,,,"0009-0000-7236-0361","0009-0005-2133-045X",,,,,"9a2aef27-4cea-44b5-b0a3-890b96af4b4c"
"54f35aac-4883-414e-bb3d-2629242c0545","7fc09416-7c99-4053-b932-8948b5370b63","ONAQ_005.mammalGrid.mam","D15","ONAQ","ONAQ_005","I9","distributed","shrubScrub",40.180753,-112.429727,"WGS84",45.3,1607.9,0.4,"6 - trap set and empty","ShermanXLK","2024-04-10","2024-04-10",,,,,,,,,,,,,,,,,,,,,,,,,,,,,,,,,,,,,,,,,,,,,"0009-0000-7236-0361","0009-0005-2133-045X",,,,,"c130241d-84a2-418d-be24-c04e8b5837b0"
"14dc04fe-06bc-418f-8c6b-a58625ce4ec6","7fc09416-7c99-4053-b932-8948b5370b63","ONAQ_005.mammalGrid.mam","D15","ONAQ","ONAQ_005","E6","distributed","shrubScrub",40.180753,-112.429727,"WGS84",45.3,1607.9,0.4,"6 - trap set and empty","ShermanXLK","2024-04-10","2024-04-10",,,,,,,,,,,,,,,,,,,,,,,,,,,,,,,,,,,,,,,,,,,,,"0009-0000-7236-0361","0009-0005-2133-045X",,,,,"d617ad01-597c-47ff-9950-9634165693e8"
"f3862435-d5d4-454a-b081-86cc0e100583","7fc09416-7c99-4053-b932-8948b5370b63","ONAQ_005.mammalGrid.mam","D15","ONAQ","ONAQ_005","D9","distributed","shrubScrub",40.180753,-112.429727,"WGS84",45.3,1607.9,0.4,"6 - trap set and empty","ShermanXLK","2024-04-10","2024-04-10",,,,,,,,,,,,,,,,,,,,,,,,,,,,,,,,,,,,,,,,,,,,,"0009-0000-7236-0361","0009-0005-2133-045X",,,,,"9fb5a6da-5cbc-4565-ac89-c45c30dd5a6b"
"a37e5b9b-1c9f-46c3-a40b-1d879510fd49","af3ccf12-68a0-434e-9e41-7eacee20e7b9","ONAQ_003.mammalGrid.mam","D15","ONAQ","ONAQ_003","C8","distributed","shrubScrub",40.206225,-112.428493,"WGS84",45.4,1604.6,0.2,"5 - capture","ShermanXLK","2024-04-10","2024-04-10","NEON.MAM.D15.R4916",,"PEMA","Peromyscus maniculatus","species","cf. species",,,,"N","M","N","processed",,"juvenile","nonscrotal",,,,,,,,11,"U","U","U",,"did not check","dry ice",,,,,,,,,,,,,,,"0009-0000-7236-0361","0009-0005-2133-045X",,,,,"62eebb75-6f85-44ea-9cea-60621fa312d1"
"5006c0c6-b47a-4f52-8ec2-021856734efd","d7b01328-c409-48fe-9d6c-adc2eb915bdc","ONAQ_020.mammalGrid.mam","D15","ONAQ","ONAQ_020","E9","distributed","shrubScrub",40.183889,-112.436683,"WGS84",45.1,1627.6,0.1,"5 - capture","ShermanXLK","2024-04-10","2024-04-10","NEON.MAM.D15.442276",,"PEPA","Perognathus parvus","species",,,,,"N","M","Y","processed",,"adult","nonscrotal",,,,,,,,19,"N","N","N",,"none","dry ice",,,,,,,,,,,,,,,"0009-0001-2150-8968","0009-0001-5608-8465",,,,,"01f67cbf-7f98-4fe6-a243-37834dd541e6"
"f0ae6b5f-9a13-4756-8f5d-28e63d1cf343","d7b01328-c409-48fe-9d6c-adc2eb915bdc","ONAQ_020.mammalGrid.mam","D15","ONAQ","ONAQ_020","B3","distributed","shrubScrub",40.183889,-112.436683,"WGS84",45.1,1627.6,0.1,"6 - trap set and empty","ShermanXLK","2024-04-10","2024-04-10",,,,,,,,,,,,,,,,,,,,,,,,,,,,,,,,,,,,,,,,,,,,,"0009-0001-2150-8968","0009-0001-5608-8465",,,,,"57e95671-08c6-45b0-9f39-95252a593b40"
"dda3ec3a-554c-4bb3-b7e3-b7c971bfcdc3","af3ccf12-68a0-434e-9e41-7eacee20e7b9","ONAQ_003.mammalGrid.mam","D15","ONAQ","ONAQ_003","C3","distributed","shrubScrub",40.206225,-112.428493,"WGS84",45.4,1604.6,0.2,"6 - trap set and empty","ShermanXLK","2024-04-10","2024-04-10",,,,,,,,,,,,,,,,,,,,,,,,,,,,,,,,,,,,,,,,,,,,,"0009-0000-7236-0361","0009-0005-2133-045X",,,,,"04fe5a2c-eb62-478c-9413-c1b5e571dd09"
"9e311792-379c-401f-bbaf-1357ae223171","d7b01328-c409-48fe-9d6c-adc2eb915bdc","ONAQ_020.mammalGrid.mam","D15","ONAQ","ONAQ_020","H4","distributed","shrubScrub",40.183889,-112.436683,"WGS84",45.1,1627.6,0.1,"6 - trap set and empty","ShermanXLK","2024-04-10","2024-04-10",,,,,,,,,,,,,,,,,,,,,,,,,,,,,,,,,,,,,,,,,,,,,"0009-0001-2150-8968","0009-0001-5608-8465",,,,,"0e030a62-e9b6-414d-ab0f-ade698f346c4"
"acb34cc3-2bcd-4dd8-99dc-c038478fac3f","7fc09416-7c99-4053-b932-8948b5370b63","ONAQ_005.mammalGrid.mam","D15","ONAQ","ONAQ_005","B10","distributed","shrubScrub",40.180753,-112.429727,"WGS84",45.3,1607.9,0.4,"5 - capture","ShermanXLK","2024-04-10","2024-04-10","NEON.MAM.D15.O005B1020240410",,"DIMI","Dipodomys microps","species",,,"ed3bddb0-910d-4499-8be4-403ffe9207ca","taxonID","N","M","N","dead",,"adult","scrotal",,,,,,,,,"N","Y","N","1-5","fleas","dry ice",,,,,,,,,,,,,"ONAQ.20240410.O005B1020240410.V","D00000215423","0009-0000-7236-0361","0009-0005-2133-045X","0000-0002-0878-4132","2024-11-07",,,"97a0c37b-d33b-4753-8a91-c50d9761d747"
"c4f1a1d4-394d-4d86-bab7-9e4cb263d5d8","d7b01328-c409-48fe-9d6c-adc2eb915bdc","ONAQ_020.mammalGrid.mam","D15","ONAQ","ONAQ_020","F7","distributed","shrubScrub",40.183889,-112.436683,"WGS84",45.1,1627.6,0.1,"6 - trap set and empty","ShermanXLK","2024-04-10","2024-04-10",,,,,,,,,,,,,,,,,,,,,,,,,,,,,,,,,,,,,,,,,,,,,"0009-0001-2150-8968","0009-0001-5608-8465",,,,,"4edb7bbd-f4d1-42c8-91e2-92eb71d180ad"
"a344d938-98c3-499a-8de8-e3f56d6b6d7f","d7b01328-c409-48fe-9d6c-adc2eb915bdc","ONAQ_020.mammalGrid.mam","D15","ONAQ","ONAQ_020","H2","distributed","shrubScrub",40.183889,-112.436683,"WGS84",45.1,1627.6,0.1,"6 - trap set and empty","ShermanXLK","2024-04-10","2024-04-10",,,,,,,,,,,,,,,,,,,,,,,,,,,,,,,,,,,,,,,,,,,,,"0009-0001-2150-8968","0009-0001-5608-8465",,,,,"ec0042aa-2aab-4edc-94a3-118e7d286dda"
"49b06aec-75bf-4121-9b2e-f0b1bbfb0170","af3ccf12-68a0-434e-9e41-7eacee20e7b9","ONAQ_003.mammalGrid.mam","D15","ONAQ","ONAQ_003","B3","distributed","shrubScrub",40.206225,-112.428493,"WGS84",45.4,1604.6,0.2,"5 - capture","ShermanXLK","2024-04-10","2024-04-10","NEON.MAM.D15.R5716",,"DIORDIMI","Dipodomys ordii/microps","speciesGroup",,,,,"N","M","Y","processed",,"adult","scrotal",,,,39,13,142,,55,"U","U","U",,"did not check","dry ice",,,,,,,,,,,,,,,"0009-0000-7236-0361","0009-0005-2133-045X",,,,,"5adab2df-63b8-4504-aa5b-c2780e3e75a3"
"0ca332eb-f78d-4cff-8cc0-1d6e08a10278","7fc09416-7c99-4053-b932-8948b5370b63","ONAQ_005.mammalGrid.mam","D15","ONAQ","ONAQ_005","E4","distributed","shrubScrub",40.180753,-112.429727,"WGS84",45.3,1607.9,0.4,"6 - trap set and empty","ShermanXLK","2024-04-10","2024-04-10",,,,,,,,,,,,,,,,,,,,,,,,,,,,,,,,,,,,,,,,,,,,,"0009-0000-7236-0361","0009-0005-2133-045X",,,,,"8b3dce06-83be-484a-8368-7fbba8784ab0"
"7e02cb5c-25f7-4e85-af3b-c9ef325ea4f3","d7b01328-c409-48fe-9d6c-adc2eb915bdc","ONAQ_020.mammalGrid.mam","D15","ONAQ","ONAQ_020","A9","distributed","shrubScrub",40.183889,-112.436683,"WGS84",45.1,1627.6,0.1,"6 - trap set and empty","ShermanXLK","2024-04-10","2024-04-10",,,,,,,,,,,,,,,,,,,,,,,,,,,,,,,,,,,,,,,,,,,,,"0009-0001-2150-8968","0009-0001-5608-8465",,,,,"2a45ed33-4c6a-482c-a46f-feaf8bdac852"
"72bfe8fa-a6c4-4be1-bdcc-57c7966099e2","af3ccf12-68a0-434e-9e41-7eacee20e7b9","ONAQ_003.mammalGrid.mam","D15","ONAQ","ONAQ_003","E8","distributed","shrubScrub",40.206225,-112.428493,"WGS84",45.4,1604.6,0.2,"6 - trap set and empty","ShermanXLK","2024-04-10","2024-04-10",,,,,,,,,,,,,,,,,,,,,,,,,,,,,,,,,,,,,,,,,,,,,"0009-0000-7236-0361","0009-0005-2133-045X",,,,,"dca8862a-e995-4b7b-82d6-f27e7fdfb494"
"9b0025a6-cd2d-4a4f-a834-545ab79fe631","05f63e1d-7d6f-4e56-b060-0be7bc550f9e","ONAQ_005.mammalGrid.mam","D15","ONAQ","ONAQ_005","B3","distributed","shrubScrub",40.180753,-112.429727,"WGS84",45.3,1607.9,0.4,"5 - capture","ShermanXLK","2024-04-11","2024-04-11","NEON.MAM.D15.R5812",,"PEMA","Peromyscus maniculatus","species",,,,,"N","M","N","processed",,"adult","scrotal",,,,,,,,20,"U","U","U",,"did not check","dry ice","ONAQ.20240411.R5812.B","D00000140974","mandibular - QNS",,,,,,,,,,,,"0009-0001-2150-8968","0009-0004-0858-3674",,,,,"7181023e-42d4-4a3e-a343-9c3f07ad7f56"
"d55b5d48-e8f7-49b5-950b-2c0f91f4aad8","8bb2841c-3340-4ffa-b1fb-5080bf0ca867","ONAQ_003.mammalGrid.mam","D15","ONAQ","ONAQ_003","F1","distributed","shrubScrub",40.206225,-112.428493,"WGS84",45.4,1604.6,0.2,"6 - trap set and empty","ShermanXLK","2024-04-11","2024-04-11",,,,,,,,,,,,,,,,,,,,,,,,,,,,,,,,,,,,,,,,,,,,,"0009-0001-5608-8465","0009-0000-7236-0361",,,,,"ba83b725-7118-44bc-8e15-fcb2d4cd3c2b"
"1d9e2c21-e2df-4e96-a80c-f8a04828f763","05f63e1d-7d6f-4e56-b060-0be7bc550f9e","ONAQ_005.mammalGrid.mam","D15","ONAQ","ONAQ_005","G2","distributed","shrubScrub",40.180753,-112.429727,"WGS84",45.3,1607.9,0.4,"6 - trap set and empty","ShermanXLK","2024-04-11","2024-04-11",,,,,,,,,,,,,,,,,,,,,,,,,,,,,,,,,,,,,,,,,,,,,"0009-0001-2150-8968","0009-0004-0858-3674",,,,,"dcdb3f2a-f80b-4fa4-bb5b-2f6fb56cb48c"
"d25b2cfe-cca1-476a-a289-ca570f37c308","05f63e1d-7d6f-4e56-b060-0be7bc550f9e","ONAQ_005.mammalGrid.mam","D15","ONAQ","ONAQ_005","C5","distributed","shrubScrub",40.180753,-112.429727,"WGS84",45.3,1607.9,0.4,"5 - capture","ShermanXLK","2024-04-11","2024-04-11","NEON.MAM.D15.R4921",,"PEMA","Peromyscus maniculatus","species",,,,,"N","M","Y","processed",,"adult","scrotal",,,,,,,,21,"U","U","U",,"did not check","dry ice",,,,,,,,,,,,,,,"0009-0001-2150-8968","0009-0004-0858-3674",,,,,"f061efe8-3f54-4d4e-98ad-a371e7312838"
"6a167519-bbd5-4947-94bc-4dacbb1ccf0a","8bb2841c-3340-4ffa-b1fb-5080bf0ca867","ONAQ_003.mammalGrid.mam","D15","ONAQ","ONAQ_003","I6","distributed","shrubScrub",40.206225,-112.428493,"WGS84",45.4,1604.6,0.2,"6 - trap set and empty","ShermanXLK","2024-04-11","2024-04-11",,,,,,,,,,,,,,,,,,,,,,,,,,,,,,,,,,,,,,,,,,,,,"0009-0001-5608-8465","0009-0000-7236-0361",,,,,"ef36b867-0bf3-4b09-81ab-88a159b89558"
"1d983605-da30-4da8-84d2-c1b819d9feb2","5ff8851f-c8d7-44b6-8d84-7c2a13b4711b","ONAQ_020.mammalGrid.mam","D15","ONAQ","ONAQ_020","D7","distributed","shrubScrub",40.183889,-112.436683,"WGS84",45.1,1627.6,0.1,"6 - trap set and empty","ShermanXLK","2024-04-11","2024-04-11",,,,,,,,,,,,,,,,,,,,,,,,,,,,,,,,,,,,,,,,,,,,,"0009-0005-2133-045X","0009-0001-2150-8968",,,,,"98afc8f2-c48f-4b78-b3ba-b93441bed746"
"02e361e7-dbf4-4d17-9c19-f2c69a483579","05f63e1d-7d6f-4e56-b060-0be7bc550f9e","ONAQ_005.mammalGrid.mam","D15","ONAQ","ONAQ_005","J2","distributed","shrubScrub",40.180753,-112.429727,"WGS84",45.3,1607.9,0.4,"5 - capture","ShermanXLK","2024-04-11","2024-04-11","NEON.MAM.D15.R6098",,"PEMA","Peromyscus maniculatus","species",,,,,"N","M","N","processed",,"adult","nonscrotal",,,,,,,,,"U","U","U",,"did not check","dry ice",,,"unsuccessful",,,,,,,,,,,,"0009-0001-2150-8968","0009-0004-0858-3674",,,,,"6447291c-0340-44a3-8b04-f04f79a431e6"
"8f1d9914-dd7e-4da1-a501-a908bdb1a514","05f63e1d-7d6f-4e56-b060-0be7bc550f9e","ONAQ_005.mammalGrid.mam","D15","ONAQ","ONAQ_005","G10","distributed","shrubScrub",40.180753,-112.429727,"WGS84",45.3,1607.9,0.4,"6 - trap set and empty","ShermanXLK","2024-04-11","2024-04-11",,,,,,,,,,,,,,,,,,,,,,,,,,,,,,,,,,,,,,,,,,,,,"0009-0001-2150-8968","0009-0004-0858-3674",,,,,"5996b1e7-63ca-4fb1-9347-fe2e84af294d"
"7ee2e935-3c67-4495-bba0-968426b155de","05f63e1d-7d6f-4e56-b060-0be7bc550f9e","ONAQ_005.mammalGrid.mam","D15","ONAQ","ONAQ_005","J1","distributed","shrubScrub",40.180753,-112.429727,"WGS84",45.3,1607.9,0.4,"5 - capture","ShermanXLK","2024-04-11","2024-04-11","NEON.MAM.D15.R6096",,"PEMA","Peromyscus maniculatus","species","cf. species",,,,"N","F","N","processed",,"adult",,"enlarged","not","neither",,,,,,"U","U","U",,"did not check","dry ice",,,"unsuccessful",,,,,,,,,,,,"0009-0001-2150-8968","0009-0004-0858-3674",,,,,"8244123b-3ba1-45e8-aa32-5d471b2d9a69"
"9a1177d7-0152-4c88-96be-cbd3d910a8ce","5ff8851f-c8d7-44b6-8d84-7c2a13b4711b","ONAQ_020.mammalGrid.mam","D15","ONAQ","ONAQ_020","D3","distributed","shrubScrub",40.183889,-112.436683,"WGS84",45.1,1627.6,0.1,"6 - trap set and empty","ShermanXLK","2024-04-11","2024-04-11",,,,,,,,,,,,,,,,,,,,,,,,,,,,,,,,,,,,,,,,,,,,,"0009-0005-2133-045X","0009-0001-2150-8968",,,,,"321a1d31-1b1d-4c46-9587-1c3eb785908d"
"28be38da-b3e0-4512-9d77-7e6636eec748","5ff8851f-c8d7-44b6-8d84-7c2a13b4711b","ONAQ_020.mammalGrid.mam","D15","ONAQ","ONAQ_020","D1","distributed","shrubScrub",40.183889,-112.436683,"WGS84",45.1,1627.6,0.1,"6 - trap set and empty","ShermanXLK","2024-04-11","2024-04-11",,,,,,,,,,,,,,,,,,,,,,,,,,,,,,,,,,,,,,,,,,,,,"0009-0005-2133-045X","0009-0001-2150-8968",,,,,"89fa100a-0427-4fa3-8837-e9ede9f97843"
"bec65939-12fd-45c6-89a7-a950267f70cf","05f63e1d-7d6f-4e56-b060-0be7bc550f9e","ONAQ_005.mammalGrid.mam","D15","ONAQ","ONAQ_005","B8","distributed","shrubScrub",40.180753,-112.429727,"WGS84",45.3,1607.9,0.4,"5 - capture","ShermanXLK","2024-04-11","2024-04-11","NEON.MAM.D15.R5813",,"PEMA","Peromyscus maniculatus","species",,,,,"N","M","N","processed",,"adult","nonscrotal",,,,,,,,19,"U","U","U",,"did not check","dry ice",,,"unsuccessful",,,,,,,,,,,,"0009-0001-2150-8968","0009-0004-0858-3674",,,,,"967ac9f8-eb60-47de-bd8b-f2dc63a10609"
"f8b3bb9f-4869-46ff-9861-1b4f18b1ee8b","8bb2841c-3340-4ffa-b1fb-5080bf0ca867","ONAQ_003.mammalGrid.mam","D15","ONAQ","ONAQ_003","E2","distributed","shrubScrub",40.206225,-112.428493,"WGS84",45.4,1604.6,0.2,"5 - capture","ShermanXLK","2024-04-11","2024-04-11","NEON.MAM.D15.R5710",,"DIORDIMI","Dipodomys ordii/microps","speciesGroup",,,,,"N","F","Y","processed",,"adult",,"enlarged","not","neither",,,,,,"U","U","U",,"did not check","dry ice",,,,,,,,,,,,,,,"0009-0001-5608-8465","0009-0000-7236-0361",,,,,"476e5fce-c99e-48cd-945a-f7bf151f6dab"
"3583268f-fd67-4964-9d53-3a4f3f618587","8bb2841c-3340-4ffa-b1fb-5080bf0ca867","ONAQ_003.mammalGrid.mam","D15","ONAQ","ONAQ_003","B9","distributed","shrubScrub",40.206225,-112.428493,"WGS84",45.4,1604.6,0.2,"5 - capture","ShermanXLK","2024-04-11","2024-04-11","NEON.MAM.D15.R6080",,"PEMA","Peromyscus maniculatus","species",,,,,"N","F","N","processed",,"adult",,"nonenlarged","not",,,,,,,"U","U","U",,"fleas","dry ice","ONAQ.20240411.R6080.B","D00000141075","mandibular",,,,,,,,,,,,"0009-0001-5608-8465","0009-0000-7236-0361",,,,,"fd9a8557-c8df-47eb-ad6b-f4778c157c33"
"a97568d3-51cc-4c2f-b3f0-b8408cb62206","5ff8851f-c8d7-44b6-8d84-7c2a13b4711b","ONAQ_020.mammalGrid.mam","D15","ONAQ","ONAQ_020","I8","distributed","shrubScrub",40.183889,-112.436683,"WGS84",45.1,1627.6,0.1,"5 - capture","ShermanXLK","2024-04-11","2024-04-11","NEON.MAM.D15.R5806",,"PEMA","Peromyscus maniculatus","species",,,,,"N","F","N","processed",,"adult",,"nonenlarged","not","neither",,,,,13,"U","U","U",,"did not check","dry ice",,,"unsuccessful",,,,,,,,,,,,"0009-0005-2133-045X","0009-0001-2150-8968",,,,,"37e03ad7-5d7c-461f-9cc1-601d05687b89"
"8271439e-ec73-4fdb-9349-b8c7f6999ea9","05f63e1d-7d6f-4e56-b060-0be7bc550f9e","ONAQ_005.mammalGrid.mam","D15","ONAQ","ONAQ_005","B1","distributed","shrubScrub",40.180753,-112.429727,"WGS84",45.3,1607.9,0.4,"5 - capture","ShermanXLK","2024-04-11","2024-04-11","NEON.MAM.D15.R5749",,"PEMA","Peromyscus maniculatus","species",,,,,"N","F","N","processed",,"adult",,"enlarged","not","neither",,,,,,"U","U","U",,"did not check","dry ice","ONAQ.20240411.R5749.B","D00000139732","mandibular",,,,,,,,,,,,"0009-0001-2150-8968","0009-0004-0858-3674",,,,,"bff7f608-245b-4661-bb31-66b469451de3"
"8528a070-a191-403f-ac1a-fb136ae02473","05f63e1d-7d6f-4e56-b060-0be7bc550f9e","ONAQ_005.mammalGrid.mam","D15","ONAQ","ONAQ_005","G4","distributed","shrubScrub",40.180753,-112.429727,"WGS84",45.3,1607.9,0.4,"6 - trap set and empty","ShermanXLK","2024-04-11","2024-04-11",,,,,,,,,,,,,,,,,,,,,,,,,,,,,,,,,,,,,,,,,,,,,"0009-0001-2150-8968","0009-0004-0858-3674",,,,,"7d91706f-cd11-4a91-bd7e-0426bf5e54d3"
"1aa60be4-aed6-4a21-b10f-a4a6a7d50d1a","5ff8851f-c8d7-44b6-8d84-7c2a13b4711b","ONAQ_020.mammalGrid.mam","D15","ONAQ","ONAQ_020","B6","distributed","shrubScrub",40.183889,-112.436683,"WGS84",45.1,1627.6,0.1,"5 - capture","ShermanXLK","2024-04-11","2024-04-11","NEON.MAM.D15.O020B620240411",,"PEMA","Peromyscus maniculatus","species",,,,"taxonID confirmed","N","U","N","dead",,"juvenile",,,"not",,,,,,,"U","U","U",,"did not check","dry ice",,,,,,,,,,,,,"ONAQ.20240411.O020B620240411.V","D00000215441","0009-0005-2133-045X","0009-0001-2150-8968",,,,,"a060bf4e-c211-414b-a3cd-48f17d03b2f7"
"0093d9e9-c3f7-4f7f-9574-6947056bdb6f","5ff8851f-c8d7-44b6-8d84-7c2a13b4711b","ONAQ_020.mammalGrid.mam","D15","ONAQ","ONAQ_020","E6","distributed","shrubScrub",40.183889,-112.436683,"WGS84",45.1,1627.6,0.1,"6 - trap set and empty","ShermanXLK","2024-04-11","2024-04-11",,,,,,,,,,,,,,,,,,,,,,,,,,,,,,,,,,,,,,,,,,,,,"0009-0005-2133-045X","0009-0001-2150-8968",,,,,"702cbd81-2bca-4e99-a959-7598543af99d"
"87280d31-6a5f-429b-ac57-6279eded152a","05f63e1d-7d6f-4e56-b060-0be7bc550f9e","ONAQ_005.mammalGrid.mam","D15","ONAQ","ONAQ_005","J5","distributed","shrubScrub",40.180753,-112.429727,"WGS84",45.3,1607.9,0.4,"5 - capture","ShermanXLK","2024-04-11","2024-04-11","NEON.MAM.D15.R6094",,"PEMA","Peromyscus maniculatus","species","cf. species",,,,"N","F","N","processed",,"adult",,"enlarged","unknown","neither",,,,,,"U","U","U",,"fleas","dry ice",,,,,,,,,,,,,,,"0009-0001-2150-8968","0009-0004-0858-3674",,,,,"1e8f6f3e-506a-4baf-ba1e-7b536d6896f4"
"b3e2da56-71ee-437e-b980-32c9632d74e2","5ff8851f-c8d7-44b6-8d84-7c2a13b4711b","ONAQ_020.mammalGrid.mam","D15","ONAQ","ONAQ_020","H7","distributed","shrubScrub",40.183889,-112.436683,"WGS84",45.1,1627.6,0.1,"6 - trap set and empty","ShermanXLK","2024-04-11","2024-04-11",,,,,,,,,,,,,,,,,,,,,,,,,,,,,,,,,,,,,,,,,,,,,"0009-0005-2133-045X","0009-0001-2150-8968",,,,,"97101c9d-2e3b-4729-af9d-1a512c94a1b1"
"cbfccbc1-4d46-4448-9921-68fd3b0a7217","5ff8851f-c8d7-44b6-8d84-7c2a13b4711b","ONAQ_020.mammalGrid.mam","D15","ONAQ","ONAQ_020","H9","distributed","shrubScrub",40.183889,-112.436683,"WGS84",45.1,1627.6,0.1,"5 - capture","ShermanXLK","2024-04-11","2024-04-11","NEON.MAM.D15.R6026",,"PEMA","Peromyscus maniculatus","species",,,,,"N","F","Y","escaped",,"adult",,"nonenlarged","not","swollen",,,,,15,"U","U","U",,"did not check","dry ice",,,,,,,,,,,,,,,"0009-0005-2133-045X","0009-0001-2150-8968",,,,,"379b5649-7aa2-437e-b140-6245e4b83fcd"
"7be354cc-b1f2-419b-a7c1-5eafc8b524d2","5ff8851f-c8d7-44b6-8d84-7c2a13b4711b","ONAQ_020.mammalGrid.mam","D15","ONAQ","ONAQ_020","A8","distributed","shrubScrub",40.183889,-112.436683,"WGS84",45.1,1627.6,0.1,"5 - capture","ShermanXLK","2024-04-11","2024-04-11","NEON.MAM.D15.441771",,"PEPA","Perognathus parvus","species",,,,,"N","M","Y","processed",,"adult","nonscrotal",,,,,,,,17,"U","U","U",,"did not check","dry ice",,,,,,,,,,,,,,,"0009-0005-2133-045X","0009-0001-2150-8968",,,,,"77956463-a4dc-42cc-a1a2-471bb3758f04"
"e4bd4b1e-5cef-4796-a8ef-945f89acdb19","5ff8851f-c8d7-44b6-8d84-7c2a13b4711b","ONAQ_020.mammalGrid.mam","D15","ONAQ","ONAQ_020","C3","distributed","shrubScrub",40.183889,-112.436683,"WGS84",45.1,1627.6,0.1,"6 - trap set and empty","ShermanXLK","2024-04-11","2024-04-11",,,,,,,,,,,,,,,,,,,,,,,,,,,,,,,,,,,,,,,,,,,,,"0009-0005-2133-045X","0009-0001-2150-8968",,,,,"b2549ea5-5afb-4e61-92d3-c675dfa9ffce"
"7a91f3d0-34a8-48ce-b971-897e24a01049","05f63e1d-7d6f-4e56-b060-0be7bc550f9e","ONAQ_005.mammalGrid.mam","D15","ONAQ","ONAQ_005","A10","distributed","shrubScrub",40.180753,-112.429727,"WGS84",45.3,1607.9,0.4,"5 - capture","ShermanXLK","2024-04-11","2024-04-11","NEON.MAM.D15.O005A1020240411",,"PEMA","Peromyscus maniculatus","species",,,,"taxonID confirmed","N","U","U","dead",,"unknown",,,,,,,,,,"U","U","U",,"did not check","dry ice",,,,,,,,,,,,,"ONAQ.20240411.O005A1020240411.V","D00000215437","0009-0001-2150-8968","0009-0004-0858-3674",,,,,"3deb7475-fc28-40f9-867c-d728a1e399d3"
"8f3743a5-4dd1-4cfd-bfc2-97b952893a45","8bb2841c-3340-4ffa-b1fb-5080bf0ca867","ONAQ_003.mammalGrid.mam","D15","ONAQ","ONAQ_003","D1","distributed","shrubScrub",40.206225,-112.428493,"WGS84",45.4,1604.6,0.2,"5 - capture","ShermanXLK","2024-04-11","2024-04-11","NEON.MAM.D15.R5753",,"PEMA","Peromyscus maniculatus","species",,,,,"N","F","N","processed",,"adult",,"enlarged","unknown","neither",,,,,,"U","U","U",,"did not check","dry ice",,,"unsuccessful",,,,,,,,,,,,"0009-0001-5608-8465","0009-0000-7236-0361",,,,,"957afc60-0820-41ae-94e6-a9a5935c6e08"
"5b82415c-7144-4691-9830-1f044d57412d","8bb2841c-3340-4ffa-b1fb-5080bf0ca867","ONAQ_003.mammalGrid.mam","D15","ONAQ","ONAQ_003","G9","distributed","shrubScrub",40.206225,-112.428493,"WGS84",45.4,1604.6,0.2,"5 - capture","ShermanXLK","2024-04-11","2024-04-11","NEON.MAM.D15.441609",,"PEPA","Perognathus parvus","species",,,,,"N","M","N","processed",,"adult","nonscrotal",,,,,,,,,"U","U","U",,"did not check","dry ice",,,,,,,,,,,,,,,"0009-0001-5608-8465","0009-0000-7236-0361",,,,,"ae75d47e-971e-4e02-853e-e314d82b2bfb"
"ada89b6f-011d-4d24-bf1c-bd4bfe33d814","8bb2841c-3340-4ffa-b1fb-5080bf0ca867","ONAQ_003.mammalGrid.mam","D15","ONAQ","ONAQ_003","E10","distributed","shrubScrub",40.206225,-112.428493,"WGS84",45.4,1604.6,0.2,"6 - trap set and empty","ShermanXLK","2024-04-11","2024-04-11",,,,,,,,,,,,,,,,,,,,,,,,,,,,,,,,,,,,,,,,,,,,,"0009-0001-5608-8465","0009-0000-7236-0361",,,,,"256fb2cd-015c-478a-8c1f-605e921e9c6e"
"7ac74faf-cf31-41d7-b645-9b837c4b6d3e","8bb2841c-3340-4ffa-b1fb-5080bf0ca867","ONAQ_003.mammalGrid.mam","D15","ONAQ","ONAQ_003","J3","distributed","shrubScrub",40.206225,-112.428493,"WGS84",45.4,1604.6,0.2,"6 - trap set and empty","ShermanXLK","2024-04-11","2024-04-11",,,,,,,,,,,,,,,,,,,,,,,,,,,,,,,,,,,,,,,,,,,,,"0009-0001-5608-8465","0009-0000-7236-0361",,,,,"82e2a2e4-0083-4776-a01f-ecfcb80ae401"
"7ef3860c-47a7-47d9-91d6-53aae22046cb","8bb2841c-3340-4ffa-b1fb-5080bf0ca867","ONAQ_003.mammalGrid.mam","D15","ONAQ","ONAQ_003","H3","distributed","shrubScrub",40.206225,-112.428493,"WGS84",45.4,1604.6,0.2,"6 - trap set and empty","ShermanXLK","2024-04-11","2024-04-11",,,,,,,,,,,,,,,,,,,,,,,,,,,,,,,,,,,,,,,,,,,,,"0009-0001-5608-8465","0009-0000-7236-0361",,,,,"0e9de4ae-a5d2-447b-b38b-27960efb1fa0"
"dbbb4577-1a6f-4e26-98e4-c029f4eb6665","8bb2841c-3340-4ffa-b1fb-5080bf0ca867","ONAQ_003.mammalGrid.mam","D15","ONAQ","ONAQ_003","C9","distributed","shrubScrub",40.206225,-112.428493,"WGS84",45.4,1604.6,0.2,"6 - trap set and empty","ShermanXLK","2024-04-11","2024-04-11",,,,,,,,,,,,,,,,,,,,,,,,,,,,,,,,,,,,,,,,,,,,,"0009-0001-5608-8465","0009-0000-7236-0361",,,,,"a22e1085-b235-4dd4-b5fa-9e4073600b48"
"0845425a-a98b-40d7-8ed1-55b785f135c2","5ff8851f-c8d7-44b6-8d84-7c2a13b4711b","ONAQ_020.mammalGrid.mam","D15","ONAQ","ONAQ_020","B3","distributed","shrubScrub",40.183889,-112.436683,"WGS84",45.1,1627.6,0.1,"6 - trap set and empty","ShermanXLK","2024-04-11","2024-04-11",,,,,,,,,,,,,,,,,,,,,,,,,,,,,,,,,,,,,,,,,,,,,"0009-0005-2133-045X","0009-0001-2150-8968",,,,,"cce4de1e-9b91-4345-a727-ff3c97ea8151"
"8db83c14-c3c0-4e46-8ed2-374e944c8bc8","8bb2841c-3340-4ffa-b1fb-5080bf0ca867","ONAQ_003.mammalGrid.mam","D15","ONAQ","ONAQ_003","J2","distributed","shrubScrub",40.206225,-112.428493,"WGS84",45.4,1604.6,0.2,"5 - capture","ShermanXLK","2024-04-11","2024-04-11","NEON.MAM.D15.R5597",,"DIORDIMI","Dipodomys ordii/microps","speciesGroup",,,,,"N","F","N","processed",,"adult",,"enlarged","not","swollen",,,,,,"U","U","U",,"did not check","dry ice",,,,,,,,,,,,,,,"0009-0001-5608-8465","0009-0000-7236-0361",,,,,"95efcd6d-369b-4f0f-be9e-15d9dcc028e9"
"8178446a-d271-4dbc-9ab7-bc6adf4df90e","8bb2841c-3340-4ffa-b1fb-5080bf0ca867","ONAQ_003.mammalGrid.mam","D15","ONAQ","ONAQ_003","G8","distributed","shrubScrub",40.206225,-112.428493,"WGS84",45.4,1604.6,0.2,"5 - capture","ShermanXLK","2024-04-11","2024-04-11","NEON.MAM.D15.R6081",,"DIOR","Dipodomys ordii","species","cf. species",,,,"N","M","N","processed",,"adult","scrotal",,,,36,10,113,,,"U","U","U",,"did not check","dry ice",,,,,,,,,,,,,,,"0009-0001-5608-8465","0009-0000-7236-0361",,,,,"27c13659-d255-4016-b140-cbeba9c04eb2"
"6894dc73-9df3-434b-9a6e-2d3d0d94b275","5ff8851f-c8d7-44b6-8d84-7c2a13b4711b","ONAQ_020.mammalGrid.mam","D15","ONAQ","ONAQ_020","J8","distributed","shrubScrub",40.183889,-112.436683,"WGS84",45.1,1627.6,0.1,"5 - capture","ShermanXLK","2024-04-11","2024-04-11","NEON.MAM.D15.R5755",,"PEMA","Peromyscus maniculatus","species",,,,,"N","F","Y","processed",,"adult",,"enlarged","not","neither",,,,,21,"U","U","U",,"did not check","dry ice",,,,,,,,,,,,,,,"0009-0005-2133-045X","0009-0001-2150-8968",,,,,"a4de00e0-b755-4856-a950-d9f4f9dfa1c1"
"de46e552-4358-4d53-b858-fe1652d02018","05f63e1d-7d6f-4e56-b060-0be7bc550f9e","ONAQ_005.mammalGrid.mam","D15","ONAQ","ONAQ_005","C10","distributed","shrubScrub",40.180753,-112.429727,"WGS84",45.3,1607.9,0.4,"6 - trap set and empty","ShermanXLK","2024-04-11","2024-04-11",,,,,,,,,,,,,,,,,,,,,,,,,,,,,,,,,,,,,,,,,,,,,"0009-0001-2150-8968","0009-0004-0858-3674",,,,,"07114224-3f2a-4f2d-9ea5-08dee8b0829f"
"22d82322-1017-4896-9c2e-0d588de0a0fe","8bb2841c-3340-4ffa-b1fb-5080bf0ca867","ONAQ_003.mammalGrid.mam","D15","ONAQ","ONAQ_003","C1","distributed","shrubScrub",40.206225,-112.428493,"WGS84",45.4,1604.6,0.2,"6 - trap set and empty","ShermanXLK","2024-04-11","2024-04-11",,,,,,,,,,,,,,,,,,,,,,,,,,,,,,,,,,,,,,,,,,,,,"0009-0001-5608-8465","0009-0000-7236-0361",,,,,"f554f592-00e5-4426-ad8b-d3250573c142"
"eff4566c-c8b6-42a5-b82a-b50ca69e3ed0","05f63e1d-7d6f-4e56-b060-0be7bc550f9e","ONAQ_005.mammalGrid.mam","D15","ONAQ","ONAQ_005","C8","distributed","shrubScrub",40.180753,-112.429727,"WGS84",45.3,1607.9,0.4,"6 - trap set and empty","ShermanXLK","2024-04-11","2024-04-11",,,,,,,,,,,,,,,,,,,,,,,,,,,,,,,,,,,,,,,,,,,,,"0009-0001-2150-8968","0009-0004-0858-3674",,,,,"b3ba9bbe-7308-4239-9323-8386945ba383"
"8f20f524-f8b4-4aa8-b06a-bb75901022fb","5ff8851f-c8d7-44b6-8d84-7c2a13b4711b","ONAQ_020.mammalGrid.mam","D15","ONAQ","ONAQ_020","A4","distributed","shrubScrub",40.183889,-112.436683,"WGS84",45.1,1627.6,0.1,"5 - capture","ShermanXLK","2024-04-11","2024-04-11","NEON.MAM.D15.R5821",,"PEMA","Peromyscus maniculatus","species",,,,,"N","F","N","processed",,"juvenile",,"nonenlarged","not","neither",,,,,8,"U","U","U",,"did not check","dry ice",,,,,,,,,,,,,,,"0009-0005-2133-045X","0009-0001-2150-8968",,,,,"37b38b1c-c9e4-4a46-bd70-40ba88c73568"
"fb3e5326-7a16-4408-8101-23ef1719197e","05f63e1d-7d6f-4e56-b060-0be7bc550f9e","ONAQ_005.mammalGrid.mam","D15","ONAQ","ONAQ_005","E6","distributed","shrubScrub",40.180753,-112.429727,"WGS84",45.3,1607.9,0.4,"6 - trap set and empty","ShermanXLK","2024-04-11","2024-04-11",,,,,,,,,,,,,,,,,,,,,,,,,,,,,,,,,,,,,,,,,,,,,"0009-0001-2150-8968","0009-0004-0858-3674",,,,,"d2abbc38-c1f0-4024-a94b-155841141f9f"
"d05a9520-d275-4c38-8d01-edd6ad0845c0","5ff8851f-c8d7-44b6-8d84-7c2a13b4711b","ONAQ_020.mammalGrid.mam","D15","ONAQ","ONAQ_020","D5","distributed","shrubScrub",40.183889,-112.436683,"WGS84",45.1,1627.6,0.1,"5 - capture","ShermanXLK","2024-04-11","2024-04-11","NEON.MAM.D15.R5823",,"DIORDIMI","Dipodomys ordii/microps","speciesGroup",,,,,"N","F","N","processed",,"adult",,"enlarged","pregnant","not plugged",,,,,65,"U","U","U",,"did not check","dry ice",,,,,,,,,,,,,,,"0009-0005-2133-045X","0009-0001-2150-8968",,,,,"00d5ebef-6aeb-4cdc-97de-e5743914fce3"
"3e5da9d2-3dce-44a9-9292-75d8dc3c1eba","5ff8851f-c8d7-44b6-8d84-7c2a13b4711b","ONAQ_020.mammalGrid.mam","D15","ONAQ","ONAQ_020","G3","distributed","shrubScrub",40.183889,-112.436683,"WGS84",45.1,1627.6,0.1,"6 - trap set and empty","ShermanXLK","2024-04-11","2024-04-11",,,,,,,,,,,,,,,,,,,,,,,,,,,,,,,,,,,,,,,,,,,,,"0009-0005-2133-045X","0009-0001-2150-8968",,,,,"4dc00def-f5e6-47ec-a52d-9790e868e1e3"
"9c017c47-315d-408b-8f2a-15ff7ff1662d","5ff8851f-c8d7-44b6-8d84-7c2a13b4711b","ONAQ_020.mammalGrid.mam","D15","ONAQ","ONAQ_020","F7","distributed","shrubScrub",40.183889,-112.436683,"WGS84",45.1,1627.6,0.1,"5 - capture","ShermanXLK","2024-04-11","2024-04-11","NEON.MAM.D15.R5766",,"PEMA","Peromyscus maniculatus","species",,,,,"N","F","Y","processed",,"adult",,"nonenlarged","not","neither",,,,,15,"U","U","U",,"did not check","dry ice",,,,,,,,,,,,,,,"0009-0005-2133-045X","0009-0001-2150-8968",,,,,"8b8925c0-2b11-44a6-b706-c556ac4626c6"
"8bbe7ead-6c3a-4667-9c3c-4763527abe28","05f63e1d-7d6f-4e56-b060-0be7bc550f9e","ONAQ_005.mammalGrid.mam","D15","ONAQ","ONAQ_005","J7","distributed","shrubScrub",40.180753,-112.429727,"WGS84",45.3,1607.9,0.4,"6 - trap set and empty","ShermanXLK","2024-04-11","2024-04-11",,,,,,,,,,,,,,,,,,,,,,,,,,,,,,,,,,,,,,,,,,,,,"0009-0001-2150-8968","0009-0004-0858-3674",,,,,"c7b2bbb0-1f51-4614-a7d9-a1adc41314ab"
"68ecd0ed-0950-4ee2-8935-30d69e2bac56","05f63e1d-7d6f-4e56-b060-0be7bc550f9e","ONAQ_005.mammalGrid.mam","D15","ONAQ","ONAQ_005","I8","distributed","shrubScrub",40.180753,-112.429727,"WGS84",45.3,1607.9,0.4,"6 - trap set and empty","ShermanXLK","2024-04-11","2024-04-11",,,,,,,,,,,,,,,,,,,,,,,,,,,,,,,,,,,,,,,,,,,,,"0009-0001-2150-8968","0009-0004-0858-3674",,,,,"bc7f833d-2a8a-47bd-b278-ea4e80706e95"
"ccc5c5d4-765c-4ce7-b029-b17653987194","05f63e1d-7d6f-4e56-b060-0be7bc550f9e","ONAQ_005.mammalGrid.mam","D15","ONAQ","ONAQ_005","E4","distributed","shrubScrub",40.180753,-112.429727,"WGS84",45.3,1607.9,0.4,"6 - trap set and empty","ShermanXLK","2024-04-11","2024-04-11",,,,,,,,,,,,,,,,,,,,,,,,,,,,,,,,,,,,,,,,,,,,,"0009-0001-2150-8968","0009-0004-0858-3674",,,,,"22078dea-db32-44a8-bcef-ddf55aacd07c"
"fea83214-c4f8-4130-b8ed-4de0a73beac6","05f63e1d-7d6f-4e56-b060-0be7bc550f9e","ONAQ_005.mammalGrid.mam","D15","ONAQ","ONAQ_005","H4","distributed","shrubScrub",40.180753,-112.429727,"WGS84",45.3,1607.9,0.4,"6 - trap set and empty","ShermanXLK","2024-04-11","2024-04-11",,,,,,,,,,,,,,,,,,,,,,,,,,,,,,,,,,,,,,,,,,,,,"0009-0001-2150-8968","0009-0004-0858-3674",,,,,"8ef12d47-e01c-41c6-80d9-85b2a746338c"
"e488e54e-3d13-41e7-bede-cdbcf5116fa9","5ff8851f-c8d7-44b6-8d84-7c2a13b4711b","ONAQ_020.mammalGrid.mam","D15","ONAQ","ONAQ_020","F3","distributed","shrubScrub",40.183889,-112.436683,"WGS84",45.1,1627.6,0.1,"6 - trap set and empty","ShermanXLK","2024-04-11","2024-04-11",,,,,,,,,,,,,,,,,,,,,,,,,,,,,,,,,,,,,,,,,,,,,"0009-0005-2133-045X","0009-0001-2150-8968",,,,,"c114beda-893f-4439-ba76-6dae0a6fbafa"
"e8f172e3-18dc-42d7-9b59-001310867672","5ff8851f-c8d7-44b6-8d84-7c2a13b4711b","ONAQ_020.mammalGrid.mam","D15","ONAQ","ONAQ_020","J6","distributed","shrubScrub",40.183889,-112.436683,"WGS84",45.1,1627.6,0.1,"5 - capture","ShermanXLK","2024-04-11","2024-04-11","NEON.MAM.D15.441505",,"PEPA","Perognathus parvus","species",,,,,"N","M","N","processed",,"adult","nonscrotal",,,,,,,,20,"U","U","U",,"did not check","dry ice",,,,,,,,,,,,,,,"0009-0005-2133-045X","0009-0001-2150-8968",,,,,"496e632b-04f3-4422-8229-0034e510ba47"
"633f91c6-70a5-461d-a0f6-70c03c6689cc","05f63e1d-7d6f-4e56-b060-0be7bc550f9e","ONAQ_005.mammalGrid.mam","D15","ONAQ","ONAQ_005","A5","distributed","shrubScrub",40.180753,-112.429727,"WGS84",45.3,1607.9,0.4,"5 - capture","ShermanXLK","2024-04-11","2024-04-11","NEON.MAM.D15.R5816",,"PEMA","Peromyscus maniculatus","species",,,,,"N","M","N","processed",,"adult","scrotal",,,,,,,,,"U","U","U",,"did not check","dry ice","ONAQ.20240411.R5816.B","D00000140948","mandibular",,,,,,,,,,,,"0009-0001-2150-8968","0009-0004-0858-3674",,,,,"680f3d6c-9308-48f0-b2f9-1ddd40dd73c6"
"66e8bea2-e68a-41a6-8c0e-99590ac061e9","8bb2841c-3340-4ffa-b1fb-5080bf0ca867","ONAQ_003.mammalGrid.mam","D15","ONAQ","ONAQ_003","E9","distributed","shrubScrub",40.206225,-112.428493,"WGS84",45.4,1604.6,0.2,"5 - capture","ShermanXLK","2024-04-11","2024-04-11","NEON.MAM.D15.R4916",,"PEMA","Peromyscus maniculatus","species",,,,,"N","M","Y","processed",,"juvenile","nonscrotal",,,,,,,,12,"U","U","U",,"did not check","dry ice","ONAQ.20240411.R4916.B","D00000139208","mandibular - QNS",,,,,,,,,,,,"0009-0001-5608-8465","0009-0000-7236-0361",,,,,"3269862a-5094-4222-9fe0-3e397027d201"
"f2150a0b-0466-4b91-9728-46c0a17fe1e4","05f63e1d-7d6f-4e56-b060-0be7bc550f9e","ONAQ_005.mammalGrid.mam","D15","ONAQ","ONAQ_005","C9","distributed","shrubScrub",40.180753,-112.429727,"WGS84",45.3,1607.9,0.4,"6 - trap set and empty","ShermanXLK","2024-04-11","2024-04-11",,,,,,,,,,,,,,,,,,,,,,,,,,,,,,,,,,,,,,,,,,,,,"0009-0001-2150-8968","0009-0004-0858-3674",,,,,"0cae7c3e-a0d7-4d6b-9251-72e86e032140"
"ca4f9468-526f-4500-9bd9-2f29d5876b37","8bb2841c-3340-4ffa-b1fb-5080bf0ca867","ONAQ_003.mammalGrid.mam","D15","ONAQ","ONAQ_003","C4","distributed","shrubScrub",40.206225,-112.428493,"WGS84",45.4,1604.6,0.2,"5 - capture","ShermanXLK","2024-04-11","2024-04-11","NEON.MAM.D15.R6079",,"DIORDIMI","Dipodomys ordii/microps","speciesGroup",,,,,"N","F","N","processed",,"adult",,"nonenlarged","not","swollen",,,,,,"U","U","U",,"did not check","dry ice",,,,,,,,,,,,,,,"0009-0001-5608-8465","0009-0000-7236-0361",,,,,"7aa2c316-fe62-4233-9335-9952d9b68c15"
"c411d445-0d31-4650-a3e6-83691185c945","05f63e1d-7d6f-4e56-b060-0be7bc550f9e","ONAQ_005.mammalGrid.mam","D15","ONAQ","ONAQ_005","F2","distributed","shrubScrub",40.180753,-112.429727,"WGS84",45.3,1607.9,0.4,"6 - trap set and empty","ShermanXLK","2024-04-11","2024-04-11",,,,,,,,,,,,,,,,,,,,,,,,,,,,,,,,,,,,,,,,,,,,,"0009-0001-2150-8968","0009-0004-0858-3674",,,,,"ffb7009b-7eb7-4d38-9cbe-78d6c84b75e1"
"ab1aeefd-c597-44bb-b60d-91e720890b5c","8bb2841c-3340-4ffa-b1fb-5080bf0ca867","ONAQ_003.mammalGrid.mam","D15","ONAQ","ONAQ_003","J8","distributed","shrubScrub",40.206225,-112.428493,"WGS84",45.4,1604.6,0.2,"5 - capture","ShermanXLK","2024-04-11","2024-04-11","NEON.MAM.D15.R6077",,"DIORDIMI","Dipodomys ordii/microps","speciesGroup",,,,,"N","M","U","processed",,"adult","scrotal",,,,,,,,,"U","U","U",,"did not check","dry ice",,,,,,,,,,,,,,,"0009-0001-5608-8465","0009-0000-7236-0361",,,,,"27a8d000-37c1-41f0-a9a5-67365d0b060a"
"a6fe3d32-1165-4956-ae8e-2b398dcbf15a","05f63e1d-7d6f-4e56-b060-0be7bc550f9e","ONAQ_005.mammalGrid.mam","D15","ONAQ","ONAQ_005","J10","distributed","shrubScrub",40.180753,-112.429727,"WGS84",45.3,1607.9,0.4,"5 - capture","ShermanXLK","2024-04-11","2024-04-11","NEON.MAM.D15.L5623",,"PEMA","Peromyscus maniculatus","species",,,,,"N","F","N","processed",,"adult",,"enlarged","unknown","swollen",,,,,19,"U","U","U",,"did not check","dry ice","ONAQ.20240411.L5623.B","D00000140841","mandibular - QNS",,,,,,,,,,,,"0009-0001-2150-8968","0009-0004-0858-3674",,,,,"6ca1ad07-cadb-4aab-95b3-b7090e684ee6"
"517440e5-4be0-4282-be56-c0d1021c6ae8","8bb2841c-3340-4ffa-b1fb-5080bf0ca867","ONAQ_003.mammalGrid.mam","D15","ONAQ","ONAQ_003","B10","distributed","shrubScrub",40.206225,-112.428493,"WGS84",45.4,1604.6,0.2,"5 - capture","ShermanXLK","2024-04-11","2024-04-11","NEON.MAM.D15.R5754",,"PEMA","Peromyscus maniculatus","species",,,,,"N","F","N","processed",,"juvenile",,"nonenlarged","not","neither",,,,,12,"U","U","U",,"did not check","dry ice",,,,,,,,,,,,,,,"0009-0001-5608-8465","0009-0000-7236-0361",,,,,"a995afd0-7241-4115-b967-8e277909b0ab"
"9bad10a4-effb-4d2a-a0de-63685564560c","8bb2841c-3340-4ffa-b1fb-5080bf0ca867","ONAQ_003.mammalGrid.mam","D15","ONAQ","ONAQ_003","C6","distributed","shrubScrub",40.206225,-112.428493,"WGS84",45.4,1604.6,0.2,"6 - trap set and empty","ShermanXLK","2024-04-11","2024-04-11",,,,,,,,,,,,,,,,,,,,,,,,,,,,,,,,,,,,,,,,,,,,,"0009-0001-5608-8465","0009-0000-7236-0361",,,,,"14eb6171-7829-43d8-80cb-17a5b517dda0"
"7ea22a1f-8c4e-4276-8412-bfec78b8a4ed","5ff8851f-c8d7-44b6-8d84-7c2a13b4711b","ONAQ_020.mammalGrid.mam","D15","ONAQ","ONAQ_020","F5","distributed","shrubScrub",40.183889,-112.436683,"WGS84",45.1,1627.6,0.1,"6 - trap set and empty","ShermanXLK","2024-04-11","2024-04-11",,,,,,,,,,,,,,,,,,,,,,,,,,,,,,,,,,,,,,,,,,,,,"0009-0005-2133-045X","0009-0001-2150-8968",,,,,"b5600f87-1788-4b20-9063-138b28e2167d"
"0ab86703-44ed-4a94-9a03-279be772ba9a","05f63e1d-7d6f-4e56-b060-0be7bc550f9e","ONAQ_005.mammalGrid.mam","D15","ONAQ","ONAQ_005","F9","distributed","shrubScrub",40.180753,-112.429727,"WGS84",45.3,1607.9,0.4,"6 - trap set and empty","ShermanXLK","2024-04-11","2024-04-11",,,,,,,,,,,,,,,,,,,,,,,,,,,,,,,,,,,,,,,,,,,,,"0009-0001-2150-8968","0009-0004-0858-3674",,,,,"983e0604-5b25-4db4-80ed-1c1d155e6e83"
"8b7a0f71-bd00-4802-8843-5b43d107114c","05f63e1d-7d6f-4e56-b060-0be7bc550f9e","ONAQ_005.mammalGrid.mam","D15","ONAQ","ONAQ_005","C7","distributed","shrubScrub",40.180753,-112.429727,"WGS84",45.3,1607.9,0.4,"6 - trap set and empty","ShermanXLK","2024-04-11","2024-04-11",,,,,,,,,,,,,,,,,,,,,,,,,,,,,,,,,,,,,,,,,,,,,"0009-0001-2150-8968","0009-0004-0858-3674",,,,,"05b8fdd6-a9e9-4c7e-8c5f-70cf3d7e5b8d"
"b8a82cdf-ba4e-47a3-b87f-a459a9894c08","05f63e1d-7d6f-4e56-b060-0be7bc550f9e","ONAQ_005.mammalGrid.mam","D15","ONAQ","ONAQ_005","A6","distributed","shrubScrub",40.180753,-112.429727,"WGS84",45.3,1607.9,0.4,"5 - capture","ShermanXLK","2024-04-11","2024-04-11","NEON.MAM.D15.832205",,"PEPA","Perognathus parvus","species",,,,,"N","M","N","processed",,"adult","scrotal",,,,,,,,23,"U","U","U",,"did not check","dry ice",,,,,,,,,,,,,,,"0009-0001-2150-8968","0009-0004-0858-3674",,,,,"03fc445d-174f-4cbf-9ec3-b6f24816a3a9"
"25a02a6b-9965-4529-819d-a7898439740e","8bb2841c-3340-4ffa-b1fb-5080bf0ca867","ONAQ_003.mammalGrid.mam","D15","ONAQ","ONAQ_003","I1","distributed","shrubScrub",40.206225,-112.428493,"WGS84",45.4,1604.6,0.2,"6 - trap set and empty","ShermanXLK","2024-04-11","2024-04-11",,,,,,,,,,,,,,,,,,,,,,,,,,,,,,,,,,,,,,,,,,,,,"0009-0001-5608-8465","0009-0000-7236-0361",,,,,"39fa7548-c82b-4da3-8103-f1ad62593fa4"
"11d9965f-d48a-430a-b1d7-7feb0e4dd6ad","5ff8851f-c8d7-44b6-8d84-7c2a13b4711b","ONAQ_020.mammalGrid.mam","D15","ONAQ","ONAQ_020","J7","distributed","shrubScrub",40.183889,-112.436683,"WGS84",45.1,1627.6,0.1,"6 - trap set and empty","ShermanXLK","2024-04-11","2024-04-11",,,,,,,,,,,,,,,,,,,,,,,,,,,,,,,,,,,,,,,,,,,,,"0009-0005-2133-045X","0009-0001-2150-8968",,,,,"01f99ade-9c53-4ce2-900e-41f595df53cf"
"e3ac49da-343f-429d-be47-5f30e620cae5","8bb2841c-3340-4ffa-b1fb-5080bf0ca867","ONAQ_003.mammalGrid.mam","D15","ONAQ","ONAQ_003","I5","distributed","shrubScrub",40.206225,-112.428493,"WGS84",45.4,1604.6,0.2,"5 - capture","ShermanXLK","2024-04-11","2024-04-11","NEON.MAM.D15.R6076",,"DIORDIMI","Dipodomys ordii/microps","speciesGroup",,,,,"N","M","U","processed",,"adult","scrotal",,,,,,,,,"U","U","U",,"did not check","dry ice",,,,,,,,,,,,,,,"0009-0001-5608-8465","0009-0000-7236-0361",,,,,"e92916f1-492d-434f-9095-f6e514e2df0e"
"c97981f1-d36e-4d38-9d8c-1c4bc266e95b","5ff8851f-c8d7-44b6-8d84-7c2a13b4711b","ONAQ_020.mammalGrid.mam","D15","ONAQ","ONAQ_020","E2","distributed","shrubScrub",40.183889,-112.436683,"WGS84",45.1,1627.6,0.1,"5 - capture","ShermanXLK","2024-04-11","2024-04-11","NEON.MAM.D15.O020E220240411",,"PEMA","Peromyscus maniculatus","species",,,,,"N","M","U","escaped",,"adult",,,,,,,,,18,"U","U","U",,"did not check","dry ice",,,,,,,,,,,,,,,"0009-0005-2133-045X","0009-0001-2150-8968",,,,,"193c1454-b366-4f66-aee1-c16e64a5db92"
"9c781c3b-520d-4e65-9f65-9517c2af0f60","5ff8851f-c8d7-44b6-8d84-7c2a13b4711b","ONAQ_020.mammalGrid.mam","D15","ONAQ","ONAQ_020","F1","distributed","shrubScrub",40.183889,-112.436683,"WGS84",45.1,1627.6,0.1,"6 - trap set and empty","ShermanXLK","2024-04-11","2024-04-11",,,,,,,,,,,,,,,,,,,,,,,,,,,,,,,,,,,,,,,,,,,,,"0009-0005-2133-045X","0009-0001-2150-8968",,,,,"2a736516-9fe9-4109-a5c6-183ebdb912c9"
"6e6f86d4-bfe9-4bd0-92e7-dc479431e853","5ff8851f-c8d7-44b6-8d84-7c2a13b4711b","ONAQ_020.mammalGrid.mam","D15","ONAQ","ONAQ_020","C10","distributed","shrubScrub",40.183889,-112.436683,"WGS84",45.1,1627.6,0.1,"5 - capture","ShermanXLK","2024-04-11","2024-04-11","NEON.MAM.D15.R5817",,"PEMA","Peromyscus maniculatus","species",,,,,"N","M","N","processed",,"adult","nonscrotal",,,,,,,,21,"U","U","U",,"did not check","dry ice",,,,,,,,,,,,,,,"0009-0005-2133-045X","0009-0001-2150-8968",,,,,"e5f5a81f-ae91-47cd-bef3-e052e60d71bb"
"8140aaa6-9f47-4c8e-a568-ecb44321d249","8bb2841c-3340-4ffa-b1fb-5080bf0ca867","ONAQ_003.mammalGrid.mam","D15","ONAQ","ONAQ_003","G7","distributed","shrubScrub",40.206225,-112.428493,"WGS84",45.4,1604.6,0.2,"5 - capture","ShermanXLK","2024-04-11","2024-04-11","NEON.MAM.D15.834538",,"PEPA","Perognathus parvus","species",,,,,"N","M","Y","processed",,"adult","scrotal",,,,,,,,,"N","N","N",,"did not check","dry ice",,,,,,,,,,,,,,,"0009-0001-5608-8465","0009-0000-7236-0361",,,,,"74e17ade-9462-4670-9695-45cce9c40a33"
"12550694-43dc-4644-84ef-493ffbc1f1ac","8bb2841c-3340-4ffa-b1fb-5080bf0ca867","ONAQ_003.mammalGrid.mam","D15","ONAQ","ONAQ_003","F9","distributed","shrubScrub",40.206225,-112.428493,"WGS84",45.4,1604.6,0.2,"5 - capture","ShermanXLK","2024-04-11","2024-04-11","NEON.MAM.D15.R5681",,"DIORDIMI","Dipodomys ordii/microps","speciesGroup",,,,,"N","M","Y","processed",,"adult","scrotal",,,,,,,,,"U","U","U",,"did not check","dry ice",,,,,,,,,,,,,,,"0009-0001-5608-8465","0009-0000-7236-0361",,,,,"879c4688-5526-4c5a-8572-c92d298e50dd"
"c26296e1-99d0-4b31-b90d-c00593dc67ba","8bb2841c-3340-4ffa-b1fb-5080bf0ca867","ONAQ_003.mammalGrid.mam","D15","ONAQ","ONAQ_003","F7","distributed","shrubScrub",40.206225,-112.428493,"WGS84",45.4,1604.6,0.2,"6 - trap set and empty","ShermanXLK","2024-04-11","2024-04-11",,,,,,,,,,,,,,,,,,,,,,,,,,,,,,,,,,,,,,,,,,,,,"0009-0001-5608-8465","0009-0000-7236-0361",,,,,"4cfc040e-9117-4e68-992f-2e200d025a37"
"f0560d8d-1655-4c1f-8201-8b4670342cc1","8bb2841c-3340-4ffa-b1fb-5080bf0ca867","ONAQ_003.mammalGrid.mam","D15","ONAQ","ONAQ_003","F8","distributed","shrubScrub",40.206225,-112.428493,"WGS84",45.4,1604.6,0.2,"5 - capture","ShermanXLK","2024-04-11","2024-04-11","NEON.MAM.D15.R6082",,"DIORDIMI","Dipodomys ordii/microps","speciesGroup",,,,,"N","M","N","processed",,"adult","scrotal",,,,,,,,,"U","U","U",,"did not check","dry ice",,,,,,,,,,,,,,,"0009-0001-5608-8465","0009-0000-7236-0361",,,,,"2e4c086f-b085-4a1c-ae42-8faffb9d8953"
"39fc7ee2-64ec-48f1-a8c8-1de7046ad6db","5ff8851f-c8d7-44b6-8d84-7c2a13b4711b","ONAQ_020.mammalGrid.mam","D15","ONAQ","ONAQ_020","C9","distributed","shrubScrub",40.183889,-112.436683,"WGS84",45.1,1627.6,0.1,"6 - trap set and empty","ShermanXLK","2024-04-11","2024-04-11",,,,,,,,,,,,,,,,,,,,,,,,,,,,,,,,,,,,,,,,,,,,,"0009-0005-2133-045X","0009-0001-2150-8968",,,,,"d0e2c32b-87fe-4765-9139-a526c845c8f2"
"b0075b3e-8027-4f36-b382-5ffe525d6b8b","05f63e1d-7d6f-4e56-b060-0be7bc550f9e","ONAQ_005.mammalGrid.mam","D15","ONAQ","ONAQ_005","G3","distributed","shrubScrub",40.180753,-112.429727,"WGS84",45.3,1607.9,0.4,"5 - capture","ShermanXLK","2024-04-11","2024-04-11","NEON.MAM.D15.R5822",,"PEMA","Peromyscus maniculatus","species",,,,,"N","M","N","processed",,"adult","nonscrotal",,,,,,,,16,"U","U","U",,"did not check","dry ice",,,"unsuccessful",,,,,,,,,,,,"0009-0001-2150-8968","0009-0004-0858-3674",,,,,"e2014263-0d7c-4b80-a35a-121bf6dbfb39"
"e3dc726f-2bf4-4a20-8808-a6f1dde16f5f","5ff8851f-c8d7-44b6-8d84-7c2a13b4711b","ONAQ_020.mammalGrid.mam","D15","ONAQ","ONAQ_020","I5","distributed","shrubScrub",40.183889,-112.436683,"WGS84",45.1,1627.6,0.1,"5 - capture","ShermanXLK","2024-04-11","2024-04-11","NEON.MAM.D15.443127",,"PEPA","Perognathus parvus","species",,,,,"N","M","Y","processed",,"adult","scrotal",,,,,,,,13,"U","U","U",,"did not check","dry ice",,,,,,,,,,,,,,,"0009-0005-2133-045X","0009-0001-2150-8968",,,,,"d5951246-744d-4d96-b412-80431700287f"
"df3d42a2-2c85-4157-befa-13a7e391f2e9","5ff8851f-c8d7-44b6-8d84-7c2a13b4711b","ONAQ_020.mammalGrid.mam","D15","ONAQ","ONAQ_020","I4","distributed","shrubScrub",40.183889,-112.436683,"WGS84",45.1,1627.6,0.1,"6 - trap set and empty","ShermanXLK","2024-04-11","2024-04-11",,,,,,,,,,,,,,,,,,,,,,,,,,,,,,,,,,,,,,,,,,,,,"0009-0005-2133-045X","0009-0001-2150-8968",,,,,"a039815d-a807-4f80-9436-5c27affee97d"
"2cfbe79b-3c6c-4924-b8e4-6177189f6931","5ff8851f-c8d7-44b6-8d84-7c2a13b4711b","ONAQ_020.mammalGrid.mam","D15","ONAQ","ONAQ_020","E5","distributed","shrubScrub",40.183889,-112.436683,"WGS84",45.1,1627.6,0.1,"2 - trap disturbed/door closed but empty","ShermanXLK","2024-04-11","2024-04-11",,,,,,,,,,,,,,,,,,,,,,,,,,,,,"did not check","dry ice",,,,,,,,,,,,,,,"0009-0005-2133-045X","0009-0001-2150-8968",,,,,"14b8c7e9-d239-4505-a218-4e9e56e5a18e"
"f7d99e28-fb84-40b0-bf91-0b76f9019e48","05f63e1d-7d6f-4e56-b060-0be7bc550f9e","ONAQ_005.mammalGrid.mam","D15","ONAQ","ONAQ_005","H5","distributed","shrubScrub",40.180753,-112.429727,"WGS84",45.3,1607.9,0.4,"5 - capture","ShermanXLK","2024-04-11","2024-04-11","NEON.MAM.D15.R5600",,"PEMA","Peromyscus maniculatus","species",,,,,"N","F","N","processed",,"adult",,"nonenlarged","not","swollen",,,,,22,"U","U","U",,"did not check","dry ice",,,"unsuccessful",,,,,,,,,,,,"0009-0001-2150-8968","0009-0004-0858-3674",,,,,"684b345d-7f0d-4f63-9f78-17fa4d3af473"
"576f8966-6a27-4e66-9b1c-0423658b714c","8bb2841c-3340-4ffa-b1fb-5080bf0ca867","ONAQ_003.mammalGrid.mam","D15","ONAQ","ONAQ_003","A1","distributed","shrubScrub",40.206225,-112.428493,"WGS84",45.4,1604.6,0.2,"5 - capture","ShermanXLK","2024-04-11","2024-04-11","NEON.MAM.D15.R6084",,"PEMA","Peromyscus maniculatus","species",,,,,"N","F","N","processed",,"adult",,"nonenlarged","not","neither",,,,,,"U","U","U",,"did not check","dry ice","ONAQ.20240411.R6084.B","D00000139892","mandibular - QNS",,,,,,,,,,,,"0009-0001-5608-8465","0009-0000-7236-0361",,,,,"b5b4ca21-f35a-4e46-a9a9-0448de1b228c"
"7ff0b4ae-4beb-4def-8152-06f5904fce4e","05f63e1d-7d6f-4e56-b060-0be7bc550f9e","ONAQ_005.mammalGrid.mam","D15","ONAQ","ONAQ_005","J9","distributed","shrubScrub",40.180753,-112.429727,"WGS84",45.3,1607.9,0.4,"5 - capture","ShermanXLK","2024-04-11","2024-04-11","NEON.MAM.D15.R4910",,"PEMA","Peromyscus maniculatus","species","cf. species",,,,"N","M","Y","processed",,"adult","nonscrotal",,,,,,,,,"U","U","U",,"did not check","dry ice",,,,,,,,,,,,,,,"0009-0001-2150-8968","0009-0004-0858-3674",,,,,"a73418e3-02c9-4753-abc3-a1003074bf2c"
"8f897f93-d5c0-4f05-8be9-4eb45304cbb2","8bb2841c-3340-4ffa-b1fb-5080bf0ca867","ONAQ_003.mammalGrid.mam","D15","ONAQ","ONAQ_003","H10","distributed","shrubScrub",40.206225,-112.428493,"WGS84",45.4,1604.6,0.2,"6 - trap set and empty","ShermanXLK","2024-04-11","2024-04-11",,,,,,,,,,,,,,,,,,,,,,,,,,,,,,,,,,,,,,,,,,,,,"0009-0001-5608-8465","0009-0000-7236-0361",,,,,"a5210dde-59c3-40bd-bb7e-ebae6233a44a"
"788929b1-cf1b-4f76-bc9e-19278fe4db73","5ff8851f-c8d7-44b6-8d84-7c2a13b4711b","ONAQ_020.mammalGrid.mam","D15","ONAQ","ONAQ_020","C7","distributed","shrubScrub",40.183889,-112.436683,"WGS84",45.1,1627.6,0.1,"5 - capture","ShermanXLK","2024-04-11","2024-04-11","NEON.MAM.D15.R5820",,"PEMA","Peromyscus maniculatus","species",,,,,"N","M","N","processed",,"juvenile","nonscrotal",,,,,,,,7,"U","U","U",,"did not check","dry ice",,,,,,,,,,,,,,,"0009-0005-2133-045X","0009-0001-2150-8968",,,,,"8114ec61-5117-49a8-ba57-7c3d1f1952ab"
"bbdf012b-2a1f-4bf4-b81f-04e07a656dea","05f63e1d-7d6f-4e56-b060-0be7bc550f9e","ONAQ_005.mammalGrid.mam","D15","ONAQ","ONAQ_005","D6","distributed","shrubScrub",40.180753,-112.429727,"WGS84",45.3,1607.9,0.4,"5 - capture","ShermanXLK","2024-04-11","2024-04-11","NEON.MAM.D15.R5748",,"PEMA","Peromyscus maniculatus","species",,,,,"N","M","N","processed",,"adult","nonscrotal",,,,,,,,,"U","U","U",,"did not check","dry ice","ONAQ.20240411.R5748.B","D00000139616","mandibular",,,,,,,,,,,,"0009-0001-2150-8968","0009-0004-0858-3674",,,,,"4d71cc86-102f-4cae-a54b-a9a992c2b874"
"d8624b1a-3135-450b-8ce1-d3c502fc0680","5ff8851f-c8d7-44b6-8d84-7c2a13b4711b","ONAQ_020.mammalGrid.mam","D15","ONAQ","ONAQ_020","H10","distributed","shrubScrub",40.183889,-112.436683,"WGS84",45.1,1627.6,0.1,"5 - capture","ShermanXLK","2024-04-11","2024-04-11","NEON.MAM.D15.L4927",,"PEMA","Peromyscus maniculatus","species",,,,,"N","M","N","processed",,"adult","nonscrotal",,,,,,,,,"U","U","U",,"did not check","dry ice",,,"unsuccessful",,,,,,,,,,,,"0009-0005-2133-045X","0009-0001-2150-8968",,,,,"45425b05-029a-443a-adf6-b6e2fb6baeb7"
"2b6a547f-04f3-474e-bb3d-f4b38ae4a27d","8bb2841c-3340-4ffa-b1fb-5080bf0ca867","ONAQ_003.mammalGrid.mam","D15","ONAQ","ONAQ_003","C8","distributed","shrubScrub",40.206225,-112.428493,"WGS84",45.4,1604.6,0.2,"5 - capture","ShermanXLK","2024-04-11","2024-04-11","NEON.MAM.D15.442495",,"PEPA","Perognathus parvus","species",,,,,"N","M","Y","processed",,"adult","scrotal",,,,,,,,,"N","N","N",,"did not check","dry ice",,,,,,,,,,,,,,,"0009-0001-5608-8465","0009-0000-7236-0361",,,,,"57ac284f-4041-4f75-a15a-b272bec395d1"
"cd16700e-3298-4101-9ca5-664520615cc6","5ff8851f-c8d7-44b6-8d84-7c2a13b4711b","ONAQ_020.mammalGrid.mam","D15","ONAQ","ONAQ_020","B1","distributed","shrubScrub",40.183889,-112.436683,"WGS84",45.1,1627.6,0.1,"5 - capture","ShermanXLK","2024-04-11","2024-04-11","NEON.MAM.D15.R5767",,"PEMA","Peromyscus maniculatus","species",,,,,"N","F","Y","processed",,"adult",,"nonenlarged","not","swollen",,,,,17,"U","U","U",,"did not check","dry ice",,,,,,,,,,,,,,,"0009-0005-2133-045X","0009-0001-2150-8968",,,,,"2ce5c593-b1d7-4beb-b932-54dd5329718b"
"20fc7935-7611-4091-ae87-fc8e24c94c1e","8bb2841c-3340-4ffa-b1fb-5080bf0ca867","ONAQ_003.mammalGrid.mam","D15","ONAQ","ONAQ_003","I2","distributed","shrubScrub",40.206225,-112.428493,"WGS84",45.4,1604.6,0.2,"6 - trap set and empty","ShermanXLK","2024-04-11","2024-04-11",,,,,,,,,,,,,,,,,,,,,,,,,,,,,,,,,,,,,,,,,,,,,"0009-0001-5608-8465","0009-0000-7236-0361",,,,,"6712807b-dde4-4712-a4ff-811df5c948aa"
"a6d64b5a-1c80-442f-a816-b9cf84cbe60e","8bb2841c-3340-4ffa-b1fb-5080bf0ca867","ONAQ_003.mammalGrid.mam","D15","ONAQ","ONAQ_003","J7","distributed","shrubScrub",40.206225,-112.428493,"WGS84",45.4,1604.6,0.2,"5 - capture","ShermanXLK","2024-04-11","2024-04-11","NEON.MAM.D15.442521",,"PEPA","Perognathus parvus","species",,,,,"N","M","N","processed",,"adult","scrotal",,,,,,,,,"N","N","N",,"did not check","dry ice",,,,,,,,,,,,,,,"0009-0001-5608-8465","0009-0000-7236-0361",,,,,"ab7c59cf-cd40-46b8-89d3-a446e8d8adae"
"9e42c7b1-1379-4fa3-b40f-06cdaec8941e","5ff8851f-c8d7-44b6-8d84-7c2a13b4711b","ONAQ_020.mammalGrid.mam","D15","ONAQ","ONAQ_020","E1","distributed","shrubScrub",40.183889,-112.436683,"WGS84",45.1,1627.6,0.1,"6 - trap set and empty","ShermanXLK","2024-04-11","2024-04-11",,,,,,,,,,,,,,,,,,,,,,,,,,,,,,,,,,,,,,,,,,,,,"0009-0005-2133-045X","0009-0001-2150-8968",,,,,"5275a881-d251-4d67-af30-05168b53f74a"
"1cea971e-da4d-49bf-8ec4-a906c5e7b963","5ff8851f-c8d7-44b6-8d84-7c2a13b4711b","ONAQ_020.mammalGrid.mam","D15","ONAQ","ONAQ_020","H6","distributed","shrubScrub",40.183889,-112.436683,"WGS84",45.1,1627.6,0.1,"6 - trap set and empty","ShermanXLK","2024-04-11","2024-04-11",,,,,,,,,,,,,,,,,,,,,,,,,,,,,,,,,,,,,,,,,,,,,"0009-0005-2133-045X","0009-0001-2150-8968",,,,,"3ece366b-98b0-400e-8e93-9d8f1e3d42ea"
"4678f3cb-ff97-4c7c-a9e9-c40a2e463618","05f63e1d-7d6f-4e56-b060-0be7bc550f9e","ONAQ_005.mammalGrid.mam","D15","ONAQ","ONAQ_005","I4","distributed","shrubScrub",40.180753,-112.429727,"WGS84",45.3,1607.9,0.4,"5 - capture","ShermanXLK","2024-04-11","2024-04-11","NEON.MAM.D15.R5507",,"DIORDIMI","Dipodomys ordii/microps","speciesGroup",,,,,"N","F","Y","processed",,"adult",,"enlarged","not","swollen",,,,,49,"U","U","U",,"did not check","dry ice",,,,,,,,,,,,,,,"0009-0001-2150-8968","0009-0004-0858-3674",,,,,"b70fa7a7-e3f2-49e9-92b9-f9256122bb37"
"9fa09c94-4fe2-42a8-a11d-755d97d47bcc","5ff8851f-c8d7-44b6-8d84-7c2a13b4711b","ONAQ_020.mammalGrid.mam","D15","ONAQ","ONAQ_020","I7","distributed","shrubScrub",40.183889,-112.436683,"WGS84",45.1,1627.6,0.1,"5 - capture","ShermanXLK","2024-04-11","2024-04-11","NEON.MAM.D15.R5803",,"DIORDIMI","Dipodomys ordii/microps","speciesGroup",,,,,"N","F","N","processed",,"adult",,"enlarged","pregnant","swollen",,,136,,74,"U","U","U",,"did not check","dry ice",,,,,,,,,,,,,,,"0009-0005-2133-045X","0009-0001-2150-8968",,,,,"1b58e5cf-1734-408b-b4d3-308d57c2cc0a"
"723b2cba-1ddc-4972-8253-46cb34b0456d","05f63e1d-7d6f-4e56-b060-0be7bc550f9e","ONAQ_005.mammalGrid.mam","D15","ONAQ","ONAQ_005","A3","distributed","shrubScrub",40.180753,-112.429727,"WGS84",45.3,1607.9,0.4,"6 - trap set and empty","ShermanXLK","2024-04-11","2024-04-11",,,,,,,,,,,,,,,,,,,,,,,,,,,,,,,,,,,,,,,,,,,,,"0009-0001-2150-8968","0009-0004-0858-3674",,,,,"83b89e16-f7d4-4d3e-a2cc-ba8efb2fb71a"
"8ed6fbdf-68e2-4fec-8fa3-f6cdb1521b69","05f63e1d-7d6f-4e56-b060-0be7bc550f9e","ONAQ_005.mammalGrid.mam","D15","ONAQ","ONAQ_005","D9","distributed","shrubScrub",40.180753,-112.429727,"WGS84",45.3,1607.9,0.4,"6 - trap set and empty","ShermanXLK","2024-04-11","2024-04-11",,,,,,,,,,,,,,,,,,,,,,,,,,,,,,,,,,,,,,,,,,,,,"0009-0001-2150-8968","0009-0004-0858-3674",,,,,"eab02584-15f3-4d1c-b4a2-ccf61abf4926"
"4cb2fa66-32b6-4f08-9eb9-8fa6fd1e6249","8bb2841c-3340-4ffa-b1fb-5080bf0ca867","ONAQ_003.mammalGrid.mam","D15","ONAQ","ONAQ_003","E4","distributed","shrubScrub",40.206225,-112.428493,"WGS84",45.4,1604.6,0.2,"6 - trap set and empty","ShermanXLK","2024-04-11","2024-04-11",,,,,,,,,,,,,,,,,,,,,,,,,,,,,,,,,,,,,,,,,,,,,"0009-0001-5608-8465","0009-0000-7236-0361",,,,,"238ce37d-bff0-42b4-8f02-320b34817f4d"
"7db8f902-eb56-4f56-b2ba-9cec4bebfd41","8bb2841c-3340-4ffa-b1fb-5080bf0ca867","ONAQ_003.mammalGrid.mam","D15","ONAQ","ONAQ_003","G6","distributed","shrubScrub",40.206225,-112.428493,"WGS84",45.4,1604.6,0.2,"6 - trap set and empty","ShermanXLK","2024-04-11","2024-04-11",,,,,,,,,,,,,,,,,,,,,,,,,,,,,,,,,,,,,,,,,,,,,"0009-0001-5608-8465","0009-0000-7236-0361",,,,,"cd60490e-1c01-4733-a68f-5598981a8046"
"7c3793e5-4662-4fad-bdd8-61c6df70bdef","05f63e1d-7d6f-4e56-b060-0be7bc550f9e","ONAQ_005.mammalGrid.mam","D15","ONAQ","ONAQ_005","E7","distributed","shrubScrub",40.180753,-112.429727,"WGS84",45.3,1607.9,0.4,"5 - capture","ShermanXLK","2024-04-11","2024-04-11","NEON.MAM.D15.442813",,"PEPA","Perognathus parvus","species",,,,,"N","M","Y","processed",,"adult","scrotal",,,,,,,,15,"U","U","U",,"did not check","dry ice",,,,,,,,,,,,,,,"0009-0001-2150-8968","0009-0004-0858-3674",,,,,"edde68fa-f7f2-443c-8eeb-ceb082cd606f"
"92c39d92-daac-4012-b9c3-b75245c1e272","8bb2841c-3340-4ffa-b1fb-5080bf0ca867","ONAQ_003.mammalGrid.mam","D15","ONAQ","ONAQ_003","B5","distributed","shrubScrub",40.206225,-112.428493,"WGS84",45.4,1604.6,0.2,"5 - capture","ShermanXLK","2024-04-11","2024-04-11","NEON.MAM.D15.R4942",,"PEMA","Peromyscus maniculatus","species",,,,,"N","M","Y","processed",,"adult","scrotal",,,,,,,,,"U","U","U",,"did not check","dry ice",,,,,,,,,,,,,,,"0009-0001-5608-8465","0009-0000-7236-0361",,,,,"1a2917be-9b92-46f4-8675-701e8540795f"
"840ad85f-2a0b-4edd-a9bd-7aad1da95331","5ff8851f-c8d7-44b6-8d84-7c2a13b4711b","ONAQ_020.mammalGrid.mam","D15","ONAQ","ONAQ_020","I3","distributed","shrubScrub",40.183889,-112.436683,"WGS84",45.1,1627.6,0.1,"5 - capture","ShermanXLK","2024-04-11","2024-04-11","NEON.MAM.D15.R5800",,"PEMA","Peromyscus maniculatus","species",,,,,"N","F","N","processed",,"adult",,"enlarged","pregnant","plugged",,,,,19,"U","U","U",,"did not check","dry ice","ONAQ.20240411.R5800.B","D00000140832","mandibular",,,,,,,,,,,,"0009-0005-2133-045X","0009-0001-2150-8968",,,,,"47cdd13c-fe1c-4faf-95d3-3b0a4dd84547"
"3aad1b07-2d0b-4b2a-8c46-a841319e67d0","5ff8851f-c8d7-44b6-8d84-7c2a13b4711b","ONAQ_020.mammalGrid.mam","D15","ONAQ","ONAQ_020","G10","distributed","shrubScrub",40.183889,-112.436683,"WGS84",45.1,1627.6,0.1,"5 - capture","ShermanXLK","2024-04-11","2024-04-11","NEON.MAM.D15.R4929",,"PEMA","Peromyscus maniculatus","species",,,,,"N","M","N","processed",,"adult","scrotal",,,,,,,,21,"U","U","U",,"did not check","dry ice","ONAQ.20240411.R4929.B","D00000140993","mandibular",,,,,,,,,,,,"0009-0005-2133-045X","0009-0001-2150-8968",,,,,"f4295317-e4b7-46c4-9c10-20a7ac8b3b76"
"865c903c-bab2-4e9f-9e6c-55fac8d9bc9a","05f63e1d-7d6f-4e56-b060-0be7bc550f9e","ONAQ_005.mammalGrid.mam","D15","ONAQ","ONAQ_005","C1","distributed","shrubScrub",40.180753,-112.429727,"WGS84",45.3,1607.9,0.4,"6 - trap set and empty","ShermanXLK","2024-04-11","2024-04-11",,,,,,,,,,,,,,,,,,,,,,,,,,,,,,,,,,,,,,,,,,,,,"0009-0001-2150-8968","0009-0004-0858-3674",,,,,"a8010905-8c58-4139-909b-2fc9727b1e41"
"73a1752f-8bb3-4fc0-81ba-2e2d64b3db50","8bb2841c-3340-4ffa-b1fb-5080bf0ca867","ONAQ_003.mammalGrid.mam","D15","ONAQ","ONAQ_003","D9","distributed","shrubScrub",40.206225,-112.428493,"WGS84",45.4,1604.6,0.2,"5 - capture","ShermanXLK","2024-04-11","2024-04-11","NEON.MAM.D15.R6085",,"DIORDIMI","Dipodomys ordii/microps","speciesGroup",,,,,"N","F","N","processed",,"adult",,"nonenlarged","not","neither",,,,,,"U","U","U",,"fleas","dry ice",,,,,,,,,,,,,,,"0009-0001-5608-8465","0009-0000-7236-0361",,,,,"ad934f14-78b5-4705-a117-4398f779d8ac"
"b4b0d9d8-fa94-4967-93c0-ed170f281ed6","05f63e1d-7d6f-4e56-b060-0be7bc550f9e","ONAQ_005.mammalGrid.mam","D15","ONAQ","ONAQ_005","G8","distributed","shrubScrub",40.180753,-112.429727,"WGS84",45.3,1607.9,0.4,"6 - trap set and empty","ShermanXLK","2024-04-11","2024-04-11",,,,,,,,,,,,,,,,,,,,,,,,,,,,,,,,,,,,,,,,,,,,,"0009-0001-2150-8968","0009-0004-0858-3674",,,,,"9c0a7b4c-51a8-4d9f-b559-174accacc69a"
"a44d22b7-4247-4ab9-8ac0-083394038d71","5ff8851f-c8d7-44b6-8d84-7c2a13b4711b","ONAQ_020.mammalGrid.mam","D15","ONAQ","ONAQ_020","C1","distributed","shrubScrub",40.183889,-112.436683,"WGS84",45.1,1627.6,0.1,"5 - capture","ShermanXLK","2024-04-11","2024-04-11","NEON.MAM.D15.R5810",,"TAMI","Tamias minimus","species",,,,,"N","M","N","processed",,"adult","nonscrotal",,,,,,,,33,"U","U","U",,"did not check","dry ice",,,,,,,,,,,,,,,"0009-0005-2133-045X","0009-0001-2150-8968",,,,,"ea7d11e2-da8b-4000-ab71-b58b38ead633"
"8586933c-a7bf-4e47-87f8-a810f9e9663f","8bb2841c-3340-4ffa-b1fb-5080bf0ca867","ONAQ_003.mammalGrid.mam","D15","ONAQ","ONAQ_003","D10","distributed","shrubScrub",40.206225,-112.428493,"WGS84",45.4,1604.6,0.2,"5 - capture","ShermanXLK","2024-04-11","2024-04-11","NEON.MAM.D15.R6091",,"PEMA","Peromyscus maniculatus","species",,,,,"N","M","N","processed",,"adult","nonscrotal",,,,,,,,15,"U","U","U",,"fleas","dry ice",,,"unsuccessful",,,,,,,,,,,,"0009-0001-5608-8465","0009-0000-7236-0361",,,,,"6cca0040-385a-486d-8f69-f1ce5a65015d"
"8a54a434-4923-47d5-aff1-361d0c885dbc","5ff8851f-c8d7-44b6-8d84-7c2a13b4711b","ONAQ_020.mammalGrid.mam","D15","ONAQ","ONAQ_020","C2","distributed","shrubScrub",40.183889,-112.436683,"WGS84",45.1,1627.6,0.1,"5 - capture","ShermanXLK","2024-04-11","2024-04-11","NEON.MAM.D15.R5764",,"PEMA","Peromyscus maniculatus","species",,,,,"N","M","Y","processed",,"adult","nonscrotal",,,,,,,,23,"U","U","U",,"did not check","dry ice",,,,,,,,,,,,,,,"0009-0005-2133-045X","0009-0001-2150-8968",,,,,"fe398930-28fc-4556-b911-ae28f60e753f"
"160ed119-f29c-4c7c-9c50-1ac824c4b8e0","05f63e1d-7d6f-4e56-b060-0be7bc550f9e","ONAQ_005.mammalGrid.mam","D15","ONAQ","ONAQ_005","B9","distributed","shrubScrub",40.180753,-112.429727,"WGS84",45.3,1607.9,0.4,"6 - trap set and empty","ShermanXLK","2024-04-11","2024-04-11",,,,,,,,,,,,,,,,,,,,,,,,,,,,,,,,,,,,,,,,,,,,,"0009-0001-2150-8968","0009-0004-0858-3674",,,,,"7052c6bc-de03-4a2b-b86f-7df9d7dc812d"
"05a48442-dd10-45cd-8381-d4b631fb5be8","05f63e1d-7d6f-4e56-b060-0be7bc550f9e","ONAQ_005.mammalGrid.mam","D15","ONAQ","ONAQ_005","E1","distributed","shrubScrub",40.180753,-112.429727,"WGS84",45.3,1607.9,0.4,"6 - trap set and empty","ShermanXLK","2024-04-11","2024-04-11",,,,,,,,,,,,,,,,,,,,,,,,,,,,,,,,,,,,,,,,,,,,,"0009-0001-2150-8968","0009-0004-0858-3674",,,,,"fb94b6d5-704d-4c8b-b8e9-00036fe5ab7b"
"d3945d1a-5d01-40fb-a942-d3cd93dc5564","8bb2841c-3340-4ffa-b1fb-5080bf0ca867","ONAQ_003.mammalGrid.mam","D15","ONAQ","ONAQ_003","H4","distributed","shrubScrub",40.206225,-112.428493,"WGS84",45.4,1604.6,0.2,"5 - capture","ShermanXLK","2024-04-11","2024-04-11","NEON.MAM.D15.R4914",,"PEMA","Peromyscus maniculatus","species",,,,,"N","F","Y","processed",,"adult",,"enlarged","not","swollen",,,,,,"U","U","U",,"did not check","dry ice",,,,,,,,,,,,,,,"0009-0001-5608-8465","0009-0000-7236-0361",,,,,"a992b0db-8ca0-4328-a6a0-d041091b1de8"
"262fe754-44cc-4a2f-94b8-6f51f7041de1","8bb2841c-3340-4ffa-b1fb-5080bf0ca867","ONAQ_003.mammalGrid.mam","D15","ONAQ","ONAQ_003","G3","distributed","shrubScrub",40.206225,-112.428493,"WGS84",45.4,1604.6,0.2,"6 - trap set and empty","ShermanXLK","2024-04-11","2024-04-11",,,,,,,,,,,,,,,,,,,,,,,,,,,,,,,,,,,,,,,,,,,,,"0009-0001-5608-8465","0009-0000-7236-0361",,,,,"2c124a4f-dcac-488f-8dd7-57f977354c2e"
"79b41e33-b74f-4f66-a799-8d53fbdcc610","8bb2841c-3340-4ffa-b1fb-5080bf0ca867","ONAQ_003.mammalGrid.mam","D15","ONAQ","ONAQ_003","H5","distributed","shrubScrub",40.206225,-112.428493,"WGS84",45.4,1604.6,0.2,"6 - trap set and empty","ShermanXLK","2024-04-11","2024-04-11",,,,,,,,,,,,,,,,,,,,,,,,,,,,,,,,,,,,,,,,,,,,,"0009-0001-5608-8465","0009-0000-7236-0361",,,,,"d8ffc952-59f5-4e54-b39c-7e7c9538541a"
"c32d2dab-e26c-4bb6-8532-5f26c14594f7","05f63e1d-7d6f-4e56-b060-0be7bc550f9e","ONAQ_005.mammalGrid.mam","D15","ONAQ","ONAQ_005","A8","distributed","shrubScrub",40.180753,-112.429727,"WGS84",45.3,1607.9,0.4,"6 - trap set and empty","ShermanXLK","2024-04-11","2024-04-11",,,,,,,,,,,,,,,,,,,,,,,,,,,,,,,,,,,,,,,,,,,,,"0009-0001-2150-8968","0009-0004-0858-3674",,,,,"54634f70-8f44-49bf-8638-78bc4d99d293"
"b78447df-6ab3-4ac4-bf0c-e73b0704a82a","5ff8851f-c8d7-44b6-8d84-7c2a13b4711b","ONAQ_020.mammalGrid.mam","D15","ONAQ","ONAQ_020","I6","distributed","shrubScrub",40.183889,-112.436683,"WGS84",45.1,1627.6,0.1,"6 - trap set and empty","ShermanXLK","2024-04-11","2024-04-11",,,,,,,,,,,,,,,,,,,,,,,,,,,,,,,,,,,,,,,,,,,,,"0009-0005-2133-045X","0009-0001-2150-8968",,,,,"74423e30-93a3-4ccf-9357-bd02109b79b4"
"abbf1c58-3b6d-4193-9d2e-82a6ed061abb","8bb2841c-3340-4ffa-b1fb-5080bf0ca867","ONAQ_003.mammalGrid.mam","D15","ONAQ","ONAQ_003","G1","distributed","shrubScrub",40.206225,-112.428493,"WGS84",45.4,1604.6,0.2,"6 - trap set and empty","ShermanXLK","2024-04-11","2024-04-11",,,,,,,,,,,,,,,,,,,,,,,,,,,,,,,,,,,,,,,,,,,,,"0009-0001-5608-8465","0009-0000-7236-0361",,,,,"c5d64a41-f69b-4f11-9b72-ecc5d844e188"
"efce2e71-d46d-4cbc-b7b6-eb3c4b0838fc","8bb2841c-3340-4ffa-b1fb-5080bf0ca867","ONAQ_003.mammalGrid.mam","D15","ONAQ","ONAQ_003","H9","distributed","shrubScrub",40.206225,-112.428493,"WGS84",45.4,1604.6,0.2,"6 - trap set and empty","ShermanXLK","2024-04-11","2024-04-11",,,,,,,,,,,,,,,,,,,,,,,,,,,,,,,,,,,,,,,,,,,,,"0009-0001-5608-8465","0009-0000-7236-0361",,,,,"64811fee-c0e9-4030-8cfc-a6f57ddd476e"
"6468795b-a0ba-4992-9250-a8b4adb5a8f9","5ff8851f-c8d7-44b6-8d84-7c2a13b4711b","ONAQ_020.mammalGrid.mam","D15","ONAQ","ONAQ_020","F9","distributed","shrubScrub",40.183889,-112.436683,"WGS84",45.1,1627.6,0.1,"6 - trap set and empty","ShermanXLK","2024-04-11","2024-04-11",,,,,,,,,,,,,,,,,,,,,,,,,,,,,,,,,,,,,,,,,,,,,"0009-0005-2133-045X","0009-0001-2150-8968",,,,,"858e7661-4021-4f2c-8f1f-f707c20bd0b1"
"4ded670d-2404-43e2-a4f4-a415b6675960","05f63e1d-7d6f-4e56-b060-0be7bc550f9e","ONAQ_005.mammalGrid.mam","D15","ONAQ","ONAQ_005","D3","distributed","shrubScrub",40.180753,-112.429727,"WGS84",45.3,1607.9,0.4,"6 - trap set and empty","ShermanXLK","2024-04-11","2024-04-11",,,,,,,,,,,,,,,,,,,,,,,,,,,,,,,,,,,,,,,,,,,,,"0009-0001-2150-8968","0009-0004-0858-3674",,,,,"fd9b0917-353d-486b-9698-a71d1fe1e7af"
"22b07217-4a7f-4ebc-8128-21916b8dc2e2","5ff8851f-c8d7-44b6-8d84-7c2a13b4711b","ONAQ_020.mammalGrid.mam","D15","ONAQ","ONAQ_020","F2","distributed","shrubScrub",40.183889,-112.436683,"WGS84",45.1,1627.6,0.1,"6 - trap set and empty","ShermanXLK","2024-04-11","2024-04-11",,,,,,,,,,,,,,,,,,,,,,,,,,,,,,,,,,,,,,,,,,,,,"0009-0005-2133-045X","0009-0001-2150-8968",,,,,"0d9e2b1f-4af7-43ee-91e0-60ba4007a47f"
"53803d8e-cb38-47a4-8816-4b69dc85d077","05f63e1d-7d6f-4e56-b060-0be7bc550f9e","ONAQ_005.mammalGrid.mam","D15","ONAQ","ONAQ_005","F1","distributed","shrubScrub",40.180753,-112.429727,"WGS84",45.3,1607.9,0.4,"5 - capture","ShermanXLK","2024-04-11","2024-04-11","NEON.MAM.D15.R5642",,"PEMA","Peromyscus maniculatus","species",,,,,"N","M","Y","processed",,"adult","nonscrotal",,,,,,,,,"U","U","U",,"did not check","dry ice",,,,,,,,,,,,,,,"0009-0001-2150-8968","0009-0004-0858-3674",,,,,"8bdca2d5-e3e0-4fcf-9b19-b2351b0dc1b2"
"4d7195ac-4ebb-4a2f-a7b4-a4d9ea2b657e","5ff8851f-c8d7-44b6-8d84-7c2a13b4711b","ONAQ_020.mammalGrid.mam","D15","ONAQ","ONAQ_020","D9","distributed","shrubScrub",40.183889,-112.436683,"WGS84",45.1,1627.6,0.1,"5 - capture","ShermanXLK","2024-04-11","2024-04-11","NEON.MAM.D15.R4925",,"PEMA","Peromyscus maniculatus","species",,,,,"N","M","N","processed",,"adult","nonscrotal",,,,,,,,13,"U","U","U",,"did not check","dry ice","ONAQ.20240411.R4925.B","D00000141100","mandibular - QNS",,,,,,,,,,,,"0009-0005-2133-045X","0009-0001-2150-8968",,,,,"e82332da-32ef-4ca7-804e-42891c111937"
"52f3377b-69f9-436a-a941-bd1985b8d1c1","05f63e1d-7d6f-4e56-b060-0be7bc550f9e","ONAQ_005.mammalGrid.mam","D15","ONAQ","ONAQ_005","H3","distributed","shrubScrub",40.180753,-112.429727,"WGS84",45.3,1607.9,0.4,"6 - trap set and empty","ShermanXLK","2024-04-11","2024-04-11",,,,,,,,,,,,,,,,,,,,,,,,,,,,,,,,,,,,,,,,,,,,,"0009-0001-2150-8968","0009-0004-0858-3674",,,,,"cf6fcc6d-add5-4f62-9a9c-7a7c46834954"
"2aedff95-2534-420b-a871-de1c422f6b45","05f63e1d-7d6f-4e56-b060-0be7bc550f9e","ONAQ_005.mammalGrid.mam","D15","ONAQ","ONAQ_005","D10","distributed","shrubScrub",40.180753,-112.429727,"WGS84",45.3,1607.9,0.4,"6 - trap set and empty","ShermanXLK","2024-04-11","2024-04-11",,,,,,,,,,,,,,,,,,,,,,,,,,,,,,,,,,,,,,,,,,,,,"0009-0001-2150-8968","0009-0004-0858-3674",,,,,"acb33a2b-15f8-41cb-bd83-93781e7bccca"
"a9a01e9b-7935-4cde-afb0-06c68f06e8cc","5ff8851f-c8d7-44b6-8d84-7c2a13b4711b","ONAQ_020.mammalGrid.mam","D15","ONAQ","ONAQ_020","I1","distributed","shrubScrub",40.183889,-112.436683,"WGS84",45.1,1627.6,0.1,"5 - capture","ShermanXLK","2024-04-11","2024-04-11","NEON.MAM.D15.R6075",,"PEMA","Peromyscus maniculatus","species","cf. species",,,,"N","M","Y","processed",,"adult","scrotal",,,,,,,,20,"U","U","U",,"did not check","dry ice",,,,,,,,,,,,,,,"0009-0005-2133-045X","0009-0001-2150-8968",,,,,"2e1a04f8-b82c-4920-98ac-c26a0d89f2b4"
"f5de7fb5-a8fc-4662-844a-4bb9f121c994","05f63e1d-7d6f-4e56-b060-0be7bc550f9e","ONAQ_005.mammalGrid.mam","D15","ONAQ","ONAQ_005","J6","distributed","shrubScrub",40.180753,-112.429727,"WGS84",45.3,1607.9,0.4,"5 - capture","ShermanXLK","2024-04-11","2024-04-11","NEON.MAM.D15.R6000",,"PEMA","Peromyscus maniculatus","species",,,,,"N","M","Y","processed",,"adult","scrotal",,,,,,,,,"U","U","U",,"did not check","dry ice",,,,,,,,,,,,,,,"0009-0001-2150-8968","0009-0004-0858-3674",,,,,"63574f1c-a216-4dbc-932b-09729381f965"
"c4ac9e07-9430-404a-b7ed-695f6046072e","5ff8851f-c8d7-44b6-8d84-7c2a13b4711b","ONAQ_020.mammalGrid.mam","D15","ONAQ","ONAQ_020","F6","distributed","shrubScrub",40.183889,-112.436683,"WGS84",45.1,1627.6,0.1,"6 - trap set and empty","ShermanXLK","2024-04-11","2024-04-11",,,,,,,,,,,,,,,,,,,,,,,,,,,,,,,,,,,,,,,,,,,,,"0009-0005-2133-045X","0009-0001-2150-8968",,,,,"045deba2-708a-41df-abb1-5bdde1e30bb2"
"c7cae9d9-1c4a-4be6-a455-8162cd51e8b4","5ff8851f-c8d7-44b6-8d84-7c2a13b4711b","ONAQ_020.mammalGrid.mam","D15","ONAQ","ONAQ_020","J10","distributed","shrubScrub",40.183889,-112.436683,"WGS84",45.1,1627.6,0.1,"5 - capture","ShermanXLK","2024-04-11","2024-04-11","NEON.MAM.D15.R5756",,"PEMA","Peromyscus maniculatus","species",,,,,"N","M","Y","processed",,"adult","nonscrotal",,,,,,,,18,"U","U","U",,"did not check","dry ice",,,,,,,,,,,,,,,"0009-0005-2133-045X","0009-0001-2150-8968",,,,,"df3f8dca-2432-48c6-8e46-183ea7e6a24b"
"b7d9fe11-fce8-485a-967d-23cd84019a3d","5ff8851f-c8d7-44b6-8d84-7c2a13b4711b","ONAQ_020.mammalGrid.mam","D15","ONAQ","ONAQ_020","A9","distributed","shrubScrub",40.183889,-112.436683,"WGS84",45.1,1627.6,0.1,"5 - capture","ShermanXLK","2024-04-11","2024-04-11","NEON.MAM.D15.R5811",,"TAMI","Tamias minimus","species",,,,,"N","M","N","processed",,"adult","nonscrotal",,,,,,,,26,"U","U","U",,"did not check","dry ice",,,,,,,,,,,,,,,"0009-0005-2133-045X","0009-0001-2150-8968",,,,,"9f2617c2-d6f9-4935-9fe8-cadcc8759e68"
"ce5e7406-36a7-4327-93b2-33cea7dc6462","05f63e1d-7d6f-4e56-b060-0be7bc550f9e","ONAQ_005.mammalGrid.mam","D15","ONAQ","ONAQ_005","E5","distributed","shrubScrub",40.180753,-112.429727,"WGS84",45.3,1607.9,0.4,"5 - capture","ShermanXLK","2024-04-11","2024-04-11","NEON.MAM.D15.R4907",,"PEMA","Peromyscus maniculatus","species",,,,,"N","M","Y","processed",,"adult","scrotal",,,,,,,,17,"U","U","U",,"did not check","dry ice",,,,,,,,,,,,,,,"0009-0001-2150-8968","0009-0004-0858-3674",,,,,"138afdeb-0826-4fe5-889f-1c862abdcc49"
"91196563-309d-4467-b2a8-382250c530d1","8bb2841c-3340-4ffa-b1fb-5080bf0ca867","ONAQ_003.mammalGrid.mam","D15","ONAQ","ONAQ_003","D4","distributed","shrubScrub",40.206225,-112.428493,"WGS84",45.4,1604.6,0.2,"5 - capture","ShermanXLK","2024-04-11","2024-04-11","NEON.MAM.D15.R4934",,"DIOR","Dipodomys ordii","species","cf. species",,,,"N","M","Y","processed",,"adult","scrotal",,,,,,,,,"U","U","U",,"fleas","dry ice",,,,,,,,,,,,,,,"0009-0001-5608-8465","0009-0000-7236-0361",,,,,"4393b3d7-93f8-4b7f-874f-7fc10c3d66ff"
"d78dbdd5-a1e1-410f-a54d-2a212b2a8b64","05f63e1d-7d6f-4e56-b060-0be7bc550f9e","ONAQ_005.mammalGrid.mam","D15","ONAQ","ONAQ_005","B2","distributed","shrubScrub",40.180753,-112.429727,"WGS84",45.3,1607.9,0.4,"6 - trap set and empty","ShermanXLK","2024-04-11","2024-04-11",,,,,,,,,,,,,,,,,,,,,,,,,,,,,,,,,,,,,,,,,,,,,"0009-0001-2150-8968","0009-0004-0858-3674",,,,,"0c3193f6-b2f0-4b79-8c2e-6bec6f9bb6be"
"80734723-488d-44ad-a855-99ddda4b322d","8bb2841c-3340-4ffa-b1fb-5080bf0ca867","ONAQ_003.mammalGrid.mam","D15","ONAQ","ONAQ_003","D6","distributed","shrubScrub",40.206225,-112.428493,"WGS84",45.4,1604.6,0.2,"6 - trap set and empty","ShermanXLK","2024-04-11","2024-04-11",,,,,,,,,,,,,,,,,,,,,,,,,,,,,,,,,,,,,,,,,,,,,"0009-0001-5608-8465","0009-0000-7236-0361",,,,,"d62ccd81-f573-4929-a8f7-b8035ecceed3"
"d9481891-82bb-430b-be50-37b4af2f079f","8bb2841c-3340-4ffa-b1fb-5080bf0ca867","ONAQ_003.mammalGrid.mam","D15","ONAQ","ONAQ_003","F4","distributed","shrubScrub",40.206225,-112.428493,"WGS84",45.4,1604.6,0.2,"6 - trap set and empty","ShermanXLK","2024-04-11","2024-04-11",,,,,,,,,,,,,,,,,,,,,,,,,,,,,,,,,,,,,,,,,,,,,"0009-0001-5608-8465","0009-0000-7236-0361",,,,,"fb75edac-7b8b-45a5-9a04-49d1c3e42263"
"baf204f7-bfa9-4ea9-b3fe-f821612e3cb8","5ff8851f-c8d7-44b6-8d84-7c2a13b4711b","ONAQ_020.mammalGrid.mam","D15","ONAQ","ONAQ_020","A1","distributed","shrubScrub",40.183889,-112.436683,"WGS84",45.1,1627.6,0.1,"5 - capture","ShermanXLK","2024-04-11","2024-04-11","NEON.MAM.D15.R5762",,"PEMA","Peromyscus maniculatus","species",,,,,"N","F","Y","processed",,"adult",,"nonenlarged","not","swollen",,,,,17,"U","U","U",,"did not check","dry ice",,,,,,,,,,,,,,,"0009-0005-2133-045X","0009-0001-2150-8968",,,,,"8c43d8f7-67ba-453d-abff-39782c2fb291"
"65101279-0829-42ad-bd79-8c3505a1aa2b","05f63e1d-7d6f-4e56-b060-0be7bc550f9e","ONAQ_005.mammalGrid.mam","D15","ONAQ","ONAQ_005","G5","distributed","shrubScrub",40.180753,-112.429727,"WGS84",45.3,1607.9,0.4,"6 - trap set and empty","ShermanXLK","2024-04-11","2024-04-11",,,,,,,,,,,,,,,,,,,,,,,,,,,,,,,,,,,,,,,,,,,,,"0009-0001-2150-8968","0009-0004-0858-3674",,,,,"0053d311-e1a4-4a3c-96c2-a5473f89103a"
"dfde7980-b638-4d17-9b38-0b53fdd25dfe","5ff8851f-c8d7-44b6-8d84-7c2a13b4711b","ONAQ_020.mammalGrid.mam","D15","ONAQ","ONAQ_020","G7","distributed","shrubScrub",40.183889,-112.436683,"WGS84",45.1,1627.6,0.1,"6 - trap set and empty","ShermanXLK","2024-04-11","2024-04-11",,,,,,,,,,,,,,,,,,,,,,,,,,,,,,,,,,,,,,,,,,,,,"0009-0005-2133-045X","0009-0001-2150-8968",,,,,"bedae86e-3ef4-4b2a-9c0a-c52f5a4d2db7"
"8d48dc9f-7f7f-4ea5-9a3b-ab9645054ad0","8bb2841c-3340-4ffa-b1fb-5080bf0ca867","ONAQ_003.mammalGrid.mam","D15","ONAQ","ONAQ_003","E7","distributed","shrubScrub",40.206225,-112.428493,"WGS84",45.4,1604.6,0.2,"6 - trap set and empty","ShermanXLK","2024-04-11","2024-04-11",,,,,,,,,,,,,,,,,,,,,,,,,,,,,,,,,,,,,,,,,,,,,"0009-0001-5608-8465","0009-0000-7236-0361",,,,,"30cfd91e-55ef-4911-b73f-e4184cc4632e"
"4158081d-0992-469e-a50d-8fcb2ddbd70e","8bb2841c-3340-4ffa-b1fb-5080bf0ca867","ONAQ_003.mammalGrid.mam","D15","ONAQ","ONAQ_003","H1","distributed","shrubScrub",40.206225,-112.428493,"WGS84",45.4,1604.6,0.2,"6 - trap set and empty","ShermanXLK","2024-04-11","2024-04-11",,,,,,,,,,,,,,,,,,,,,,,,,,,,,,,,,,,,,,,,,,,,,"0009-0001-5608-8465","0009-0000-7236-0361",,,,,"f9cc6bcd-0243-4a64-9689-b5bc544a31e2"
"d0ca5471-1166-41c6-9420-9d8fe7e16ef9","8bb2841c-3340-4ffa-b1fb-5080bf0ca867","ONAQ_003.mammalGrid.mam","D15","ONAQ","ONAQ_003","I4","distributed","shrubScrub",40.206225,-112.428493,"WGS84",45.4,1604.6,0.2,"6 - trap set and empty","ShermanXLK","2024-04-11","2024-04-11",,,,,,,,,,,,,,,,,,,,,,,,,,,,,,,,,,,,,,,,,,,,,"0009-0001-5608-8465","0009-0000-7236-0361",,,,,"008f38da-bcd7-4aeb-91eb-8a1ff2728302"
"56ab919e-091d-4a58-84ee-0c2b8c115309","8bb2841c-3340-4ffa-b1fb-5080bf0ca867","ONAQ_003.mammalGrid.mam","D15","ONAQ","ONAQ_003","H8","distributed","shrubScrub",40.206225,-112.428493,"WGS84",45.4,1604.6,0.2,"6 - trap set and empty","ShermanXLK","2024-04-11","2024-04-11",,,,,,,,,,,,,,,,,,,,,,,,,,,,,,,,,,,,,,,,,,,,,"0009-0001-5608-8465","0009-0000-7236-0361",,,,,"51abc135-925b-409c-88ca-371f0ac8876c"
"c5fa5f0d-b814-4103-83e7-e8755fe5cb93","05f63e1d-7d6f-4e56-b060-0be7bc550f9e","ONAQ_005.mammalGrid.mam","D15","ONAQ","ONAQ_005","H6","distributed","shrubScrub",40.180753,-112.429727,"WGS84",45.3,1607.9,0.4,"6 - trap set and empty","ShermanXLK","2024-04-11","2024-04-11",,,,,,,,,,,,,,,,,,,,,,,,,,,,,,,,,,,,,,,,,,,,,"0009-0001-2150-8968","0009-0004-0858-3674",,,,,"a49d1e8c-fdeb-44c4-a385-015ed8ba57e9"
"e6089bb2-8776-4cff-95f0-aa6dea96ad3e","8bb2841c-3340-4ffa-b1fb-5080bf0ca867","ONAQ_003.mammalGrid.mam","D15","ONAQ","ONAQ_003","H7","distributed","shrubScrub",40.206225,-112.428493,"WGS84",45.4,1604.6,0.2,"6 - trap set and empty","ShermanXLK","2024-04-11","2024-04-11",,,,,,,,,,,,,,,,,,,,,,,,,,,,,,,,,,,,,,,,,,,,,"0009-0001-5608-8465","0009-0000-7236-0361",,,,,"fe930ac2-e225-4fb3-a01c-f636066d7754"
"88be10fb-89da-409b-9553-08ce4a5b2e30","5ff8851f-c8d7-44b6-8d84-7c2a13b4711b","ONAQ_020.mammalGrid.mam","D15","ONAQ","ONAQ_020","E10","distributed","shrubScrub",40.183889,-112.436683,"WGS84",45.1,1627.6,0.1,"5 - capture","ShermanXLK","2024-04-11","2024-04-11","NEON.MAM.D15.442276",,"PEPA","Perognathus parvus","species",,,,,"N","U","Y","processed",,"unknown",,,,,,,,,,"U","U","U",,"did not check","dry ice",,,,,,,,,,,,,,,"0009-0005-2133-045X","0009-0001-2150-8968",,,,,"a0aa600b-a906-4ef6-ba26-47df5e0bb0ba"
"215e73c1-ea92-4742-82b7-c4eac03b8ba3","8bb2841c-3340-4ffa-b1fb-5080bf0ca867","ONAQ_003.mammalGrid.mam","D15","ONAQ","ONAQ_003","C7","distributed","shrubScrub",40.206225,-112.428493,"WGS84",45.4,1604.6,0.2,"5 - capture","ShermanXLK","2024-04-11","2024-04-11","NEON.MAM.D15.R5531",,"DIORDIMI","Dipodomys ordii/microps","speciesGroup",,,,,"N","F","Y","processed",,"adult",,"nonenlarged","not","swollen",,,,,,"U","U","U",,"did not check","dry ice",,,,,,,,,,,,,,,"0009-0001-5608-8465","0009-0000-7236-0361",,,,,"6c715da1-c4a5-45e3-b0b9-dc64124a84ac"
"a3010bb2-8d87-4735-9574-6e4f7c856574","5ff8851f-c8d7-44b6-8d84-7c2a13b4711b","ONAQ_020.mammalGrid.mam","D15","ONAQ","ONAQ_020","E7","distributed","shrubScrub",40.183889,-112.436683,"WGS84",45.1,1627.6,0.1,"6 - trap set and empty","ShermanXLK","2024-04-11","2024-04-11",,,,,,,,,,,,,,,,,,,,,,,,,,,,,,,,,,,,,,,,,,,,,"0009-0005-2133-045X","0009-0001-2150-8968",,,,,"7395543c-a380-4f37-8997-017f4e051ea4"
"b8008176-0dc0-4daf-bf5b-2630fe372af3","05f63e1d-7d6f-4e56-b060-0be7bc550f9e","ONAQ_005.mammalGrid.mam","D15","ONAQ","ONAQ_005","E3","distributed","shrubScrub",40.180753,-112.429727,"WGS84",45.3,1607.9,0.4,"6 - trap set and empty","ShermanXLK","2024-04-11","2024-04-11",,,,,,,,,,,,,,,,,,,,,,,,,,,,,,,,,,,,,,,,,,,,,"0009-0001-2150-8968","0009-0004-0858-3674",,,,,"93edaea5-1439-446e-9d9a-1ab984b3a8ba"
"4efd6bdd-98b6-4c54-bd1f-78b396b7eb62","5ff8851f-c8d7-44b6-8d84-7c2a13b4711b","ONAQ_020.mammalGrid.mam","D15","ONAQ","ONAQ_020","F10","distributed","shrubScrub",40.183889,-112.436683,"WGS84",45.1,1627.6,0.1,"6 - trap set and empty","ShermanXLK","2024-04-11","2024-04-11",,,,,,,,,,,,,,,,,,,,,,,,,,,,,,,,,,,,,,,,,,,,,"0009-0005-2133-045X","0009-0001-2150-8968",,,,,"25817993-7311-4876-ab75-e1195727d14f"
"ec00ef9c-b22e-440d-b229-a89a8e5321ef","5ff8851f-c8d7-44b6-8d84-7c2a13b4711b","ONAQ_020.mammalGrid.mam","D15","ONAQ","ONAQ_020","A7","distributed","shrubScrub",40.183889,-112.436683,"WGS84",45.1,1627.6,0.1,"6 - trap set and empty","ShermanXLK","2024-04-11","2024-04-11",,,,,,,,,,,,,,,,,,,,,,,,,,,,,,,,,,,,,,,,,,,,,"0009-0005-2133-045X","0009-0001-2150-8968",,,,,"ff2bed87-e96e-4d7f-bf22-06cf18e06cf9"
"e3461ad2-ecee-4846-8f38-efd7be3f154d","05f63e1d-7d6f-4e56-b060-0be7bc550f9e","ONAQ_005.mammalGrid.mam","D15","ONAQ","ONAQ_005","I10","distributed","shrubScrub",40.180753,-112.429727,"WGS84",45.3,1607.9,0.4,"6 - trap set and empty","ShermanXLK","2024-04-11","2024-04-11",,,,,,,,,,,,,,,,,,,,,,,,,,,,,,,,,,,,,,,,,,,,,"0009-0001-2150-8968","0009-0004-0858-3674",,,,,"3e83baf5-2642-4c81-b0e8-2e49d6d6a121"
"2203ef13-aff4-43a5-b6f5-b5d819c3b762","5ff8851f-c8d7-44b6-8d84-7c2a13b4711b","ONAQ_020.mammalGrid.mam","D15","ONAQ","ONAQ_020","G9","distributed","shrubScrub",40.183889,-112.436683,"WGS84",45.1,1627.6,0.1,"6 - trap set and empty","ShermanXLK","2024-04-11","2024-04-11",,,,,,,,,,,,,,,,,,,,,,,,,,,,,,,,,,,,,,,,,,,,,"0009-0005-2133-045X","0009-0001-2150-8968",,,,,"25f8a14e-5145-4390-b899-5f0c9d74ee86"
"ef6ed3da-ed21-4a38-9690-d3e018ae6e0f","05f63e1d-7d6f-4e56-b060-0be7bc550f9e","ONAQ_005.mammalGrid.mam","D15","ONAQ","ONAQ_005","I6","distributed","shrubScrub",40.180753,-112.429727,"WGS84",45.3,1607.9,0.4,"6 - trap set and empty","ShermanXLK","2024-04-11","2024-04-11",,,,,,,,,,,,,,,,,,,,,,,,,,,,,,,,,,,,,,,,,,,,,"0009-0001-2150-8968","0009-0004-0858-3674",,,,,"817d044b-3764-4e70-9eaf-e2c1a74948bb"
"11995de0-adcb-4295-a9e4-ae06283bdb67","5ff8851f-c8d7-44b6-8d84-7c2a13b4711b","ONAQ_020.mammalGrid.mam","D15","ONAQ","ONAQ_020","H3","distributed","shrubScrub",40.183889,-112.436683,"WGS84",45.1,1627.6,0.1,"6 - trap set and empty","ShermanXLK","2024-04-11","2024-04-11",,,,,,,,,,,,,,,,,,,,,,,,,,,,,,,,,,,,,,,,,,,,,"0009-0005-2133-045X","0009-0001-2150-8968",,,,,"df1b4c51-f3b5-492e-a1df-6700c8701de5"
"f7de3112-dc6a-424b-903b-a02f0b255a2e","05f63e1d-7d6f-4e56-b060-0be7bc550f9e","ONAQ_005.mammalGrid.mam","D15","ONAQ","ONAQ_005","I3","distributed","shrubScrub",40.180753,-112.429727,"WGS84",45.3,1607.9,0.4,"6 - trap set and empty","ShermanXLK","2024-04-11","2024-04-11",,,,,,,,,,,,,,,,,,,,,,,,,,,,,,,,,,,,,,,,,,,,,"0009-0001-2150-8968","0009-0004-0858-3674",,,,,"2dfa2495-7b5e-48c3-b454-8bd9f385304c"
"4424cfad-380e-4f4d-9ac6-dd286b8c88d8","8bb2841c-3340-4ffa-b1fb-5080bf0ca867","ONAQ_003.mammalGrid.mam","D15","ONAQ","ONAQ_003","A5","distributed","shrubScrub",40.206225,-112.428493,"WGS84",45.4,1604.6,0.2,"6 - trap set and empty","ShermanXLK","2024-04-11","2024-04-11",,,,,,,,,,,,,,,,,,,,,,,,,,,,,,,,,,,,,,,,,,,,,"0009-0001-5608-8465","0009-0000-7236-0361",,,,,"6f24fa99-fa91-409b-a091-c70273045b74"
"506ba864-4612-4e7c-934f-5e13b5f6f872","05f63e1d-7d6f-4e56-b060-0be7bc550f9e","ONAQ_005.mammalGrid.mam","D15","ONAQ","ONAQ_005","G7","distributed","shrubScrub",40.180753,-112.429727,"WGS84",45.3,1607.9,0.4,"6 - trap set and empty","ShermanXLK","2024-04-11","2024-04-11",,,,,,,,,,,,,,,,,,,,,,,,,,,,,,,,,,,,,,,,,,,,,"0009-0001-2150-8968","0009-0004-0858-3674",,,,,"7b66f5f9-1d3a-4417-964c-d080de7f427c"
"9f15b54d-28b7-46df-9ecb-7d906ebbcbb7","8bb2841c-3340-4ffa-b1fb-5080bf0ca867","ONAQ_003.mammalGrid.mam","D15","ONAQ","ONAQ_003","J5","distributed","shrubScrub",40.206225,-112.428493,"WGS84",45.4,1604.6,0.2,"5 - capture","ShermanXLK","2024-04-11","2024-04-11","NEON.MAM.D15.R5528",,"DIORDIMI","Dipodomys ordii/microps","speciesGroup",,,,,"N","F","Y","processed",,"adult",,"enlarged","not","swollen",,,,,,"U","U","U",,"did not check","dry ice",,,,,,,,,,,,,,,"0009-0001-5608-8465","0009-0000-7236-0361",,,,,"6b4c263d-c912-4ca8-b715-0ca072d2fb23"
"45671ded-0322-4737-9016-8e201c3cb9f4","5ff8851f-c8d7-44b6-8d84-7c2a13b4711b","ONAQ_020.mammalGrid.mam","D15","ONAQ","ONAQ_020","B10","distributed","shrubScrub",40.183889,-112.436683,"WGS84",45.1,1627.6,0.1,"5 - capture","ShermanXLK","2024-04-11","2024-04-11","NEON.MAM.D15.R5824",,"PEMA","Peromyscus maniculatus","species",,,,,"N","U","N","escaped",,"adult",,,,,,,,,,"U","U","U",,"did not check","dry ice",,,,,,,,,,,,,,,"0009-0005-2133-045X","0009-0001-2150-8968",,,,,"52f3342e-d709-4d28-b5c1-6d1fd4ccb5c5"
"20bf325f-0a20-49e1-960a-32412ce797d3","8bb2841c-3340-4ffa-b1fb-5080bf0ca867","ONAQ_003.mammalGrid.mam","D15","ONAQ","ONAQ_003","F10","distributed","shrubScrub",40.206225,-112.428493,"WGS84",45.4,1604.6,0.2,"6 - trap set and empty","ShermanXLK","2024-04-11","2024-04-11",,,,,,,,,,,,,,,,,,,,,,,,,,,,,,,,,,,,,,,,,,,,,"0009-0001-5608-8465","0009-0000-7236-0361",,,,,"9ac5877e-2e16-4e6e-85b9-1d662ff41211"
"9a61c721-a7ca-4872-8991-e605be502970","8bb2841c-3340-4ffa-b1fb-5080bf0ca867","ONAQ_003.mammalGrid.mam","D15","ONAQ","ONAQ_003","A8","distributed","shrubScrub",40.206225,-112.428493,"WGS84",45.4,1604.6,0.2,"5 - capture","ShermanXLK","2024-04-11","2024-04-11","NEON.MAM.D15.R6078",,"PEMA","Peromyscus maniculatus","species",,,,,"N","M","N","processed",,"adult","nonscrotal",,,,,,,,,"U","U","U",,"did not check","dry ice","ONAQ.20240411.R6078.B","D00000139220","mandibular",,,,,,,,,,,,"0009-0001-5608-8465","0009-0000-7236-0361",,,,,"48bbd4fb-d678-4988-be2c-4b4b736259be"
"3604ff04-ee4e-4468-a4ba-5543a9f73e39","05f63e1d-7d6f-4e56-b060-0be7bc550f9e","ONAQ_005.mammalGrid.mam","D15","ONAQ","ONAQ_005","C6","distributed","shrubScrub",40.180753,-112.429727,"WGS84",45.3,1607.9,0.4,"6 - trap set and empty","ShermanXLK","2024-04-11","2024-04-11",,,,,,,,,,,,,,,,,,,,,,,,,,,,,,,,,,,,,,,,,,,,,"0009-0001-2150-8968","0009-0004-0858-3674",,,,,"4501ae96-0f7b-4884-aaf9-9145c8b2f985"
"f27ae232-1c5a-4872-8117-828a048da258","05f63e1d-7d6f-4e56-b060-0be7bc550f9e","ONAQ_005.mammalGrid.mam","D15","ONAQ","ONAQ_005","D5","distributed","shrubScrub",40.180753,-112.429727,"WGS84",45.3,1607.9,0.4,"6 - trap set and empty","ShermanXLK","2024-04-11","2024-04-11",,,,,,,,,,,,,,,,,,,,,,,,,,,,,,,,,,,,,,,,,,,,,"0009-0001-2150-8968","0009-0004-0858-3674",,,,,"ed457cee-9a8d-4cb0-9996-6ad9562dc6cb"
"28cd7659-7733-43e6-9bd7-e0bbc4fa2dfe","05f63e1d-7d6f-4e56-b060-0be7bc550f9e","ONAQ_005.mammalGrid.mam","D15","ONAQ","ONAQ_005","H1","distributed","shrubScrub",40.180753,-112.429727,"WGS84",45.3,1607.9,0.4,"5 - capture","ShermanXLK","2024-04-11","2024-04-11","NEON.MAM.D15.R6099",,"DIORDIMI","Dipodomys ordii/microps","speciesGroup",,,,,"N","M","N","processed",,"adult","scrotal",,,,,,,,,"U","U","U",,"did not check","dry ice",,,,,,,,,,,,,,,"0009-0001-2150-8968","0009-0004-0858-3674",,,,,"18e273a4-4208-46c3-9ba9-1b41a51c3dce"
"9bc1c287-1098-4f23-8317-386c24cb7dcd","5ff8851f-c8d7-44b6-8d84-7c2a13b4711b","ONAQ_020.mammalGrid.mam","D15","ONAQ","ONAQ_020","C6","distributed","shrubScrub",40.183889,-112.436683,"WGS84",45.1,1627.6,0.1,"6 - trap set and empty","ShermanXLK","2024-04-11","2024-04-11",,,,,,,,,,,,,,,,,,,,,,,,,,,,,,,,,,,,,,,,,,,,,"0009-0005-2133-045X","0009-0001-2150-8968",,,,,"f1d45d06-4c51-452e-982a-d4bd6c4d5d10"
"d1dcb84b-ebc0-4839-af9c-9b4f771a1960","5ff8851f-c8d7-44b6-8d84-7c2a13b4711b","ONAQ_020.mammalGrid.mam","D15","ONAQ","ONAQ_020","I2","distributed","shrubScrub",40.183889,-112.436683,"WGS84",45.1,1627.6,0.1,"5 - capture","ShermanXLK","2024-04-11","2024-04-11","NEON.MAM.D15.L5802",,"PEMA","Peromyscus maniculatus","species",,,,,"N","F","N","processed",,"adult",,"nonenlarged","not","neither",,,,,19,"U","U","U",,"did not check","dry ice",,,"unsuccessful",,,,,,,,,,,,"0009-0005-2133-045X","0009-0001-2150-8968",,,,,"e3b04b21-de55-4b4d-8ef9-1526c79193c0"
"36da2397-7227-426f-b3a4-9d0de9796890","05f63e1d-7d6f-4e56-b060-0be7bc550f9e","ONAQ_005.mammalGrid.mam","D15","ONAQ","ONAQ_005","B6","distributed","shrubScrub",40.180753,-112.429727,"WGS84",45.3,1607.9,0.4,"5 - capture","ShermanXLK","2024-04-11","2024-04-11","NEON.MAM.D15.R5601",,"PEMA","Peromyscus maniculatus","species",,,,,"N","F","N","processed",,"adult",,"nonenlarged","not","swollen",,,,,17,"U","U","U",,"did not check","dry ice","ONAQ.20240411.R5601.B","D00000140967","mandibular",,,,,,,,,,,,"0009-0001-2150-8968","0009-0004-0858-3674",,,,,"9d51a268-8859-4254-ae12-7a0889781e7d"
"f19d784b-751f-4a9d-89c3-c470593e8b9d","8bb2841c-3340-4ffa-b1fb-5080bf0ca867","ONAQ_003.mammalGrid.mam","D15","ONAQ","ONAQ_003","B3","distributed","shrubScrub",40.206225,-112.428493,"WGS84",45.4,1604.6,0.2,"6 - trap set and empty","ShermanXLK","2024-04-11","2024-04-11",,,,,,,,,,,,,,,,,,,,,,,,,,,,,,,,,,,,,,,,,,,,,"0009-0001-5608-8465","0009-0000-7236-0361",,,,,"b8966151-71db-4763-b461-ef8c3d991165"
"368ff1ae-4737-4820-8f0b-e6334d75e63d","05f63e1d-7d6f-4e56-b060-0be7bc550f9e","ONAQ_005.mammalGrid.mam","D15","ONAQ","ONAQ_005","D2","distributed","shrubScrub",40.180753,-112.429727,"WGS84",45.3,1607.9,0.4,"5 - capture","ShermanXLK","2024-04-11","2024-04-11","NEON.MAM.D15.R5746",,"DIOR","Dipodomys ordii","species",,,"8a0f275a-bf16-4639-a8de-f43387973dcf",,"N","M","N","processed",,"adult","scrotal",,,,,,,,,"U","U","U",,"did not check","dry ice",,,,,,,,,,,,,,,"0009-0001-2150-8968","0009-0004-0858-3674","0000-0002-0878-4132","2024-11-13","TaxonID updated based on evidence from voucher review or genetic testing of tissue from individual with this tagID on different capture date. Sex confirmed after voucher review from individual with this tagID on different capture date.",,"ebb59ece-a0e9-48ed-808e-ead340af4357"
"95bd56f1-be99-4801-9347-d3c5f4ae1bf2","5ff8851f-c8d7-44b6-8d84-7c2a13b4711b","ONAQ_020.mammalGrid.mam","D15","ONAQ","ONAQ_020","H5","distributed","shrubScrub",40.183889,-112.436683,"WGS84",45.1,1627.6,0.1,"6 - trap set and empty","ShermanXLK","2024-04-11","2024-04-11",,,,,,,,,,,,,,,,,,,,,,,,,,,,,,,,,,,,,,,,,,,,,"0009-0005-2133-045X","0009-0001-2150-8968",,,,,"9baef643-b512-4109-a8bd-4720791a429a"
"c3869454-cb54-48ac-bef8-987894fe0e95","05f63e1d-7d6f-4e56-b060-0be7bc550f9e","ONAQ_005.mammalGrid.mam","D15","ONAQ","ONAQ_005","C2","distributed","shrubScrub",40.180753,-112.429727,"WGS84",45.3,1607.9,0.4,"6 - trap set and empty","ShermanXLK","2024-04-11","2024-04-11",,,,,,,,,,,,,,,,,,,,,,,,,,,,,,,,,,,,,,,,,,,,,"0009-0001-2150-8968","0009-0004-0858-3674",,,,,"7ac2a6a1-88e1-4c4d-ad31-db60198b0454"
"bbe3698f-31f7-4c5b-8678-b8cc7713f910","8bb2841c-3340-4ffa-b1fb-5080bf0ca867","ONAQ_003.mammalGrid.mam","D15","ONAQ","ONAQ_003","J4","distributed","shrubScrub",40.206225,-112.428493,"WGS84",45.4,1604.6,0.2,"5 - capture","ShermanXLK","2024-04-11","2024-04-11","NEON.MAM.D15.R5553",,"DIORDIMI","Dipodomys ordii/microps","speciesGroup",,,,,"N","F","Y","processed",,"adult",,"enlarged","not","swollen",,,,,,"U","U","U",,"did not check","dry ice",,,,,,,,,,,,,,,"0009-0001-5608-8465","0009-0000-7236-0361",,,,,"cf1f9c4d-1a31-4303-9a35-9c2da36e1d4c"
"d9d20692-db06-4108-a1ab-5792091fd351","05f63e1d-7d6f-4e56-b060-0be7bc550f9e","ONAQ_005.mammalGrid.mam","D15","ONAQ","ONAQ_005","E2","distributed","shrubScrub",40.180753,-112.429727,"WGS84",45.3,1607.9,0.4,"6 - trap set and empty","ShermanXLK","2024-04-11","2024-04-11",,,,,,,,,,,,,,,,,,,,,,,,,,,,,,,,,,,,,,,,,,,,,"0009-0001-2150-8968","0009-0004-0858-3674",,,,,"bb73a4a6-0e30-4499-aeb1-d9b619497ef9"
"6fc9ca99-70b5-4dc4-a7b5-a83c76fa7b5e","5ff8851f-c8d7-44b6-8d84-7c2a13b4711b","ONAQ_020.mammalGrid.mam","D15","ONAQ","ONAQ_020","G4","distributed","shrubScrub",40.183889,-112.436683,"WGS84",45.1,1627.6,0.1,"6 - trap set and empty","ShermanXLK","2024-04-11","2024-04-11",,,,,,,,,,,,,,,,,,,,,,,,,,,,,,,,,,,,,,,,,,,,,"0009-0005-2133-045X","0009-0001-2150-8968",,,,,"42e3f72d-4810-422c-88b4-0f46b872587b"
"eb1105df-71f4-44cc-9d0b-0e5f99cd9841","05f63e1d-7d6f-4e56-b060-0be7bc550f9e","ONAQ_005.mammalGrid.mam","D15","ONAQ","ONAQ_005","I9","distributed","shrubScrub",40.180753,-112.429727,"WGS84",45.3,1607.9,0.4,"6 - trap set and empty","ShermanXLK","2024-04-11","2024-04-11",,,,,,,,,,,,,,,,,,,,,,,,,,,,,,,,,,,,,,,,,,,,,"0009-0001-2150-8968","0009-0004-0858-3674",,,,,"c0d1d480-63b9-45a8-8682-bf253176c353"
"420acd0e-4626-48aa-b6db-9744e6d4b49c","8bb2841c-3340-4ffa-b1fb-5080bf0ca867","ONAQ_003.mammalGrid.mam","D15","ONAQ","ONAQ_003","F6","distributed","shrubScrub",40.206225,-112.428493,"WGS84",45.4,1604.6,0.2,"5 - capture","ShermanXLK","2024-04-11","2024-04-11","NEON.MAM.D15.R6086",,"DIORDIMI","Dipodomys ordii/microps","speciesGroup",,,,,"N","F","N","processed",,"adult",,"nonenlarged","not","neither",,,,,,"U","U","U",,"fleas","dry ice",,,,,,,,,,,,,,,"0009-0001-5608-8465","0009-0000-7236-0361",,,,,"8c60667c-04f3-40b4-b027-3c70f2bea284"
"cf47056d-5ac7-4cf4-8b31-d30f977b21a1","05f63e1d-7d6f-4e56-b060-0be7bc550f9e","ONAQ_005.mammalGrid.mam","D15","ONAQ","ONAQ_005","J4","distributed","shrubScrub",40.180753,-112.429727,"WGS84",45.3,1607.9,0.4,"5 - capture","ShermanXLK","2024-04-11","2024-04-11","NEON.MAM.D15.R6095",,"PEMA","Peromyscus maniculatus","species",,,,"taxonID confirmed","N","M","N","dead",,"adult","scrotal",,,,,,,,,"U","U","U",,"fleas","dry ice","ONAQ.20240411.R6095.B","D00000139916","mandibular - QNS",,,,,,,,,,"ONAQ.20240411.R6095.V","D00000215439","0009-0001-2150-8968","0009-0004-0858-3674",,,,,"612d6eab-16ca-45d2-a26d-1e8ec58ec1f8"
"3b2c32d9-ff48-407d-adaf-f89805d10254","8bb2841c-3340-4ffa-b1fb-5080bf0ca867","ONAQ_003.mammalGrid.mam","D15","ONAQ","ONAQ_003","E1","distributed","shrubScrub",40.206225,-112.428493,"WGS84",45.4,1604.6,0.2,"5 - capture","ShermanXLK","2024-04-11","2024-04-11","NEON.MAM.D15.R5795",,"PEMA","Peromyscus maniculatus","species",,,,,"N","M","N","processed",,"adult","scrotal",,,,,,,,,"U","U","U",,"did not check","dry ice","ONAQ.20240411.R5795.B","D00000137818","mandibular",,,,,,,,,,,,"0009-0001-5608-8465","0009-0000-7236-0361",,,,,"eee97270-75f1-48dd-ab92-68d81b33dae1"
"d3cd10de-3cd8-4098-b44b-664b08423717","8bb2841c-3340-4ffa-b1fb-5080bf0ca867","ONAQ_003.mammalGrid.mam","D15","ONAQ","ONAQ_003","F2","distributed","shrubScrub",40.206225,-112.428493,"WGS84",45.4,1604.6,0.2,"6 - trap set and empty","ShermanXLK","2024-04-11","2024-04-11",,,,,,,,,,,,,,,,,,,,,,,,,,,,,,,,,,,,,,,,,,,,,"0009-0001-5608-8465","0009-0000-7236-0361",,,,,"fd1ba5e9-9eef-4a52-9c96-44a96d27721a"
"c2e09f5e-c425-4f5a-b19c-7dd4e57d3f1c","5ff8851f-c8d7-44b6-8d84-7c2a13b4711b","ONAQ_020.mammalGrid.mam","D15","ONAQ","ONAQ_020","C4","distributed","shrubScrub",40.183889,-112.436683,"WGS84",45.1,1627.6,0.1,"6 - trap set and empty","ShermanXLK","2024-04-11","2024-04-11",,,,,,,,,,,,,,,,,,,,,,,,,,,,,,,,,,,,,,,,,,,,,"0009-0005-2133-045X","0009-0001-2150-8968",,,,,"70ecc2b5-7799-45e2-af4a-b64cdbd5e30b"
"0da727fb-3458-4fa7-8ac8-3b222bc089b2","8bb2841c-3340-4ffa-b1fb-5080bf0ca867","ONAQ_003.mammalGrid.mam","D15","ONAQ","ONAQ_003","D5","distributed","shrubScrub",40.206225,-112.428493,"WGS84",45.4,1604.6,0.2,"5 - capture","ShermanXLK","2024-04-11","2024-04-11","NEON.MAM.D15.R4936",,"DIORDIMI","Dipodomys ordii/microps","speciesGroup",,,,,"N","M","Y","processed",,"adult","scrotal",,,,,,,,,"U","U","U",,"did not check","dry ice",,,,,,,,,,,,,,,"0009-0001-5608-8465","0009-0000-7236-0361",,,,,"91ee81b8-c176-4e90-9d5f-02dff6b1d53a"
"17648f59-2e9c-4aaf-914d-b8b662840ea3","5ff8851f-c8d7-44b6-8d84-7c2a13b4711b","ONAQ_020.mammalGrid.mam","D15","ONAQ","ONAQ_020","G8","distributed","shrubScrub",40.183889,-112.436683,"WGS84",45.1,1627.6,0.1,"6 - trap set and empty","ShermanXLK","2024-04-11","2024-04-11",,,,,,,,,,,,,,,,,,,,,,,,,,,,,,,,,,,,,,,,,,,,,"0009-0005-2133-045X","0009-0001-2150-8968",,,,,"df93d6ad-6572-4f79-8e37-553d9ca61196"
"94360e5c-96dd-471b-848f-51f298567ea2","05f63e1d-7d6f-4e56-b060-0be7bc550f9e","ONAQ_005.mammalGrid.mam","D15","ONAQ","ONAQ_005","D7","distributed","shrubScrub",40.180753,-112.429727,"WGS84",45.3,1607.9,0.4,"6 - trap set and empty","ShermanXLK","2024-04-11","2024-04-11",,,,,,,,,,,,,,,,,,,,,,,,,,,,,,,,,,,,,,,,,,,,,"0009-0001-2150-8968","0009-0004-0858-3674",,,,,"4340abf7-d3b0-4785-8e2e-9acfd3d9657e"
"825f9460-38fb-45a8-b8be-2effb806da46","8bb2841c-3340-4ffa-b1fb-5080bf0ca867","ONAQ_003.mammalGrid.mam","D15","ONAQ","ONAQ_003","G2","distributed","shrubScrub",40.206225,-112.428493,"WGS84",45.4,1604.6,0.2,"5 - capture","ShermanXLK","2024-04-11","2024-04-11","NEON.MAM.D15.R4944",,"PEMA","Peromyscus maniculatus","species",,,,,"N","M","Y","processed",,"adult","scrotal",,,,,,,,,"U","U","U",,"did not check","dry ice",,,,,,,,,,,,,,,"0009-0001-5608-8465","0009-0000-7236-0361",,,,,"141a4356-24bb-4905-9725-70e227c0e7ba"
"e2be2bee-5d50-4965-80c0-f3d5d85f9162","5ff8851f-c8d7-44b6-8d84-7c2a13b4711b","ONAQ_020.mammalGrid.mam","D15","ONAQ","ONAQ_020","J9","distributed","shrubScrub",40.183889,-112.436683,"WGS84",45.1,1627.6,0.1,"5 - capture","ShermanXLK","2024-04-11","2024-04-11","NEON.MAM.D15.R5760",,"PEMA","Peromyscus maniculatus","species",,,,,"N","F","Y","processed",,"adult",,"enlarged","not","neither",,,,,17,"U","U","U",,"did not check","dry ice",,,,,,,,,,,,,,,"0009-0005-2133-045X","0009-0001-2150-8968",,,,,"c57f07f5-a3c9-419f-aadd-a03a553ece3d"
"f2370409-cce0-467e-81e3-6bb4c7688955","5ff8851f-c8d7-44b6-8d84-7c2a13b4711b","ONAQ_020.mammalGrid.mam","D15","ONAQ","ONAQ_020","E8","distributed","shrubScrub",40.183889,-112.436683,"WGS84",45.1,1627.6,0.1,"6 - trap set and empty","ShermanXLK","2024-04-11","2024-04-11",,,,,,,,,,,,,,,,,,,,,,,,,,,,,,,,,,,,,,,,,,,,,"0009-0005-2133-045X","0009-0001-2150-8968",,,,,"1a256244-67f2-4dba-ae0d-5de48954f8a2"
"bfcc9010-c7a2-4ee7-ae91-86e56ca01ed3","05f63e1d-7d6f-4e56-b060-0be7bc550f9e","ONAQ_005.mammalGrid.mam","D15","ONAQ","ONAQ_005","F3","distributed","shrubScrub",40.180753,-112.429727,"WGS84",45.3,1607.9,0.4,"5 - capture","ShermanXLK","2024-04-11","2024-04-11","NEON.MAM.D15.R4930",,"PEMA","Peromyscus maniculatus","species",,,,,"N","F","N","processed",,"adult",,"nonenlarged","not","swollen",,,,,17,"U","U","U",,"did not check","dry ice",,,,,,,,,,,,,,,"0009-0001-2150-8968","0009-0004-0858-3674",,,"Missing right forepaw",,"a49868b1-22c4-4a72-b09a-2e2b018631ec"
"3b20958f-67c3-4a52-a7ee-b5ab7e663ef5","05f63e1d-7d6f-4e56-b060-0be7bc550f9e","ONAQ_005.mammalGrid.mam","D15","ONAQ","ONAQ_005","J3","distributed","shrubScrub",40.180753,-112.429727,"WGS84",45.3,1607.9,0.4,"6 - trap set and empty","ShermanXLK","2024-04-11","2024-04-11",,,,,,,,,,,,,,,,,,,,,,,,,,,,,,,,,,,,,,,,,,,,,"0009-0001-2150-8968","0009-0004-0858-3674",,,,,"69edfe6e-831d-4933-9005-1dfb0bf0f085"
"5b0b3a89-1df5-4167-9a4a-ac444afe0507","8bb2841c-3340-4ffa-b1fb-5080bf0ca867","ONAQ_003.mammalGrid.mam","D15","ONAQ","ONAQ_003","D3","distributed","shrubScrub",40.206225,-112.428493,"WGS84",45.4,1604.6,0.2,"5 - capture","ShermanXLK","2024-04-11","2024-04-11","NEON.MAM.D15.R6088",,"DIORDIMI","Dipodomys ordii/microps","speciesGroup",,,,,"N","M","N","processed",,"adult","nonscrotal",,,,,,,,,"U","U","U",,"did not check","dry ice",,,,,,,,,,,,,,,"0009-0001-5608-8465","0009-0000-7236-0361",,,,,"977e7861-0648-4ba7-a8a5-13cff26d28b6"
"66584155-240c-4456-af56-f4278e33ad0d","05f63e1d-7d6f-4e56-b060-0be7bc550f9e","ONAQ_005.mammalGrid.mam","D15","ONAQ","ONAQ_005","E8","distributed","shrubScrub",40.180753,-112.429727,"WGS84",45.3,1607.9,0.4,"6 - trap set and empty","ShermanXLK","2024-04-11","2024-04-11",,,,,,,,,,,,,,,,,,,,,,,,,,,,,,,,,,,,,,,,,,,,,"0009-0001-2150-8968","0009-0004-0858-3674",,,,,"a5a17bb0-5f1a-42dd-a94d-8e5b8acf5f2e"
"efc6a522-52a2-4a06-8e59-8238fd56d85a","5ff8851f-c8d7-44b6-8d84-7c2a13b4711b","ONAQ_020.mammalGrid.mam","D15","ONAQ","ONAQ_020","H1","distributed","shrubScrub",40.183889,-112.436683,"WGS84",45.1,1627.6,0.1,"6 - trap set and empty","ShermanXLK","2024-04-11","2024-04-11",,,,,,,,,,,,,,,,,,,,,,,,,,,,,,,,,,,,,,,,,,,,,"0009-0005-2133-045X","0009-0001-2150-8968",,,,,"02746ff1-a19b-454b-9cfc-cf337e7d768d"
"1b517b5d-0e36-4c62-b939-71b70a7843b2","5ff8851f-c8d7-44b6-8d84-7c2a13b4711b","ONAQ_020.mammalGrid.mam","D15","ONAQ","ONAQ_020","I10","distributed","shrubScrub",40.183889,-112.436683,"WGS84",45.1,1627.6,0.1,"5 - capture","ShermanXLK","2024-04-11","2024-04-11","NEON.MAM.D15.R6025",,"PEMA","Peromyscus maniculatus","species",,,,,"N","M","Y","processed",,"juvenile","nonscrotal",,,,,,,,9,"U","U","U",,"did not check","dry ice",,,,,,,,,,,,,,,"0009-0005-2133-045X","0009-0001-2150-8968",,,,,"291a07b7-d02e-4511-85f4-9897f8fdc530"
"a88eaf2a-65e0-4dd8-b13f-c49c45e9246e","05f63e1d-7d6f-4e56-b060-0be7bc550f9e","ONAQ_005.mammalGrid.mam","D15","ONAQ","ONAQ_005","H8","distributed","shrubScrub",40.180753,-112.429727,"WGS84",45.3,1607.9,0.4,"6 - trap set and empty","ShermanXLK","2024-04-11","2024-04-11",,,,,,,,,,,,,,,,,,,,,,,,,,,,,,,,,,,,,,,,,,,,,"0009-0001-2150-8968","0009-0004-0858-3674",,,,,"d7cfa407-6bcc-452e-8114-8f90906d5002"
"f8324786-420d-4dec-a490-8caa472863da","8bb2841c-3340-4ffa-b1fb-5080bf0ca867","ONAQ_003.mammalGrid.mam","D15","ONAQ","ONAQ_003","G4","distributed","shrubScrub",40.206225,-112.428493,"WGS84",45.4,1604.6,0.2,"5 - capture","ShermanXLK","2024-04-11","2024-04-11","NEON.MAM.D15.R4941",,"DIORDIMI","Dipodomys ordii/microps","speciesGroup",,,,,"N","F","Y","processed",,"adult",,"nonenlarged","not","swollen",,,,,,"U","U","U",,"did not check","dry ice",,,,,,,,,,,,,,,"0009-0001-5608-8465","0009-0000-7236-0361",,,,,"ef691d5b-8a0b-4a61-9e3a-06e3f3086fcf"
"40ea4201-b9b8-4082-b1e2-2267eb705a14","05f63e1d-7d6f-4e56-b060-0be7bc550f9e","ONAQ_005.mammalGrid.mam","D15","ONAQ","ONAQ_005","H7","distributed","shrubScrub",40.180753,-112.429727,"WGS84",45.3,1607.9,0.4,"5 - capture","ShermanXLK","2024-04-11","2024-04-11","NEON.MAM.D15.R6097",,"DIORDIMI","Dipodomys ordii/microps","speciesGroup",,,,,"N","M","N","processed",,"adult","scrotal",,,,,,,,,"U","U","U",,"did not check","dry ice",,,,,,,,,,,,,,,"0009-0001-2150-8968","0009-0004-0858-3674",,,,,"eedd64c1-544f-454f-bd45-e9863a86a2d9"
"84387e5f-7b0d-4f86-83f9-00fffc9ee1f1","8bb2841c-3340-4ffa-b1fb-5080bf0ca867","ONAQ_003.mammalGrid.mam","D15","ONAQ","ONAQ_003","H6","distributed","shrubScrub",40.206225,-112.428493,"WGS84",45.4,1604.6,0.2,"6 - trap set and empty","ShermanXLK","2024-04-11","2024-04-11",,,,,,,,,,,,,,,,,,,,,,,,,,,,,,,,,,,,,,,,,,,,,"0009-0001-5608-8465","0009-0000-7236-0361",,,,,"e881e30e-21ee-47bf-a9d2-6aea220c451b"
"173f3af6-0274-447a-b91b-59cf20f25a07","8bb2841c-3340-4ffa-b1fb-5080bf0ca867","ONAQ_003.mammalGrid.mam","D15","ONAQ","ONAQ_003","D8","distributed","shrubScrub",40.206225,-112.428493,"WGS84",45.4,1604.6,0.2,"6 - trap set and empty","ShermanXLK","2024-04-11","2024-04-11",,,,,,,,,,,,,,,,,,,,,,,,,,,,,,,,,,,,,,,,,,,,,"0009-0001-5608-8465","0009-0000-7236-0361",,,,,"8b465286-d750-4751-a360-6e0760ac4edb"
"1328f422-a82d-4e22-99ef-b42d9601fb02","8bb2841c-3340-4ffa-b1fb-5080bf0ca867","ONAQ_003.mammalGrid.mam","D15","ONAQ","ONAQ_003","A6","distributed","shrubScrub",40.206225,-112.428493,"WGS84",45.4,1604.6,0.2,"5 - capture","ShermanXLK","2024-04-11","2024-04-11","NEON.MAM.D15.R6087",,"PEMA","Peromyscus maniculatus","species",,,,,"N","F","N","processed",,"adult",,"enlarged","not","neither",,,,,,"U","U","U",,"did not check","dry ice","ONAQ.20240411.R6087.B","D00000139218","mandibular",,,,,,,,,,,,"0009-0001-5608-8465","0009-0000-7236-0361",,,,,"0161b682-0d26-465e-a7b3-d9e5a5522615"
"c9142b61-9868-4725-b7f4-37f9bab3fbeb","05f63e1d-7d6f-4e56-b060-0be7bc550f9e","ONAQ_005.mammalGrid.mam","D15","ONAQ","ONAQ_005","I5","distributed","shrubScrub",40.180753,-112.429727,"WGS84",45.3,1607.9,0.4,"6 - trap set and empty","ShermanXLK","2024-04-11","2024-04-11",,,,,,,,,,,,,,,,,,,,,,,,,,,,,,,,,,,,,,,,,,,,,"0009-0001-2150-8968","0009-0004-0858-3674",,,,,"99e042b3-35bc-4df2-a3f3-60f00d9f16c2"
"eb0c20e3-c976-4bb4-bff1-08225128c9f4","5ff8851f-c8d7-44b6-8d84-7c2a13b4711b","ONAQ_020.mammalGrid.mam","D15","ONAQ","ONAQ_020","D2","distributed","shrubScrub",40.183889,-112.436683,"WGS84",45.1,1627.6,0.1,"6 - trap set and empty","ShermanXLK","2024-04-11","2024-04-11",,,,,,,,,,,,,,,,,,,,,,,,,,,,,,,,,,,,,,,,,,,,,"0009-0005-2133-045X","0009-0001-2150-8968",,,,,"278ba5d1-4f4a-4c12-bcb2-bbef5aae08c4"
"0b6f5b01-f108-4d03-826d-261c311282a7","5ff8851f-c8d7-44b6-8d84-7c2a13b4711b","ONAQ_020.mammalGrid.mam","D15","ONAQ","ONAQ_020","A5","distributed","shrubScrub",40.183889,-112.436683,"WGS84",45.1,1627.6,0.1,"6 - trap set and empty","ShermanXLK","2024-04-11","2024-04-11",,,,,,,,,,,,,,,,,,,,,,,,,,,,,,,,,,,,,,,,,,,,,"0009-0005-2133-045X","0009-0001-2150-8968",,,,,"2deecfb1-b3ca-4db3-8cd3-847a33dba846"
"e8209a6c-d922-4a9d-9c5e-a0939c17b23a","05f63e1d-7d6f-4e56-b060-0be7bc550f9e","ONAQ_005.mammalGrid.mam","D15","ONAQ","ONAQ_005","B4","distributed","shrubScrub",40.180753,-112.429727,"WGS84",45.3,1607.9,0.4,"6 - trap set and empty","ShermanXLK","2024-04-11","2024-04-11",,,,,,,,,,,,,,,,,,,,,,,,,,,,,,,,,,,,,,,,,,,,,"0009-0001-2150-8968","0009-0004-0858-3674",,,,,"c0d09db3-a07c-4533-b46a-f85945f8e81c"
"7cb46edc-bb02-4097-a0dc-e71561c1e43b","8bb2841c-3340-4ffa-b1fb-5080bf0ca867","ONAQ_003.mammalGrid.mam","D15","ONAQ","ONAQ_003","J10","distributed","shrubScrub",40.206225,-112.428493,"WGS84",45.4,1604.6,0.2,"5 - capture","ShermanXLK","2024-04-11","2024-04-11","NEON.MAM.D15.R6093",,"PEMA","Peromyscus maniculatus","species",,,,,"N","F","N","processed",,"adult",,"nonenlarged","not","neither",,,,,,"U","U","U",,"did not check","dry ice",,,"unsuccessful",,,,,,,,,,,,"0009-0001-5608-8465","0009-0000-7236-0361",,,,,"8d128f1d-928c-4612-b2b7-33c85fddd0ca"
"0fb2ff7c-79e2-4df6-bc42-2a93cbf1d66e","8bb2841c-3340-4ffa-b1fb-5080bf0ca867","ONAQ_003.mammalGrid.mam","D15","ONAQ","ONAQ_003","A9","distributed","shrubScrub",40.206225,-112.428493,"WGS84",45.4,1604.6,0.2,"5 - capture","ShermanXLK","2024-04-11","2024-04-11","NEON.MAM.D15.R4939",,"PEMA","Peromyscus maniculatus","species",,,,,"N","F","Y","processed",,"adult",,"enlarged","unknown","swollen",,,,,,"U","U","U",,"did not check","dry ice",,,,,,,,,,,,,,,"0009-0001-5608-8465","0009-0000-7236-0361",,,,,"f30bbef1-b659-4db7-b94a-3b7423b145c7"
"fa1c69f3-b1fc-4eec-916d-503e6d587380","05f63e1d-7d6f-4e56-b060-0be7bc550f9e","ONAQ_005.mammalGrid.mam","D15","ONAQ","ONAQ_005","D4","distributed","shrubScrub",40.180753,-112.429727,"WGS84",45.3,1607.9,0.4,"6 - trap set and empty","ShermanXLK","2024-04-11","2024-04-11",,,,,,,,,,,,,,,,,,,,,,,,,,,,,,,,,,,,,,,,,,,,,"0009-0001-2150-8968","0009-0004-0858-3674",,,,,"fca92ee3-704d-4889-927f-0a2df72e9434"
"8c1f77c0-b7ab-4582-a379-1405d5d7e203","8bb2841c-3340-4ffa-b1fb-5080bf0ca867","ONAQ_003.mammalGrid.mam","D15","ONAQ","ONAQ_003","A3","distributed","shrubScrub",40.206225,-112.428493,"WGS84",45.4,1604.6,0.2,"5 - capture","ShermanXLK","2024-04-11","2024-04-11","NEON.MAM.D15.R4912",,"PEMA","Peromyscus maniculatus","species",,,,,"N","F","Y","escaped",,"adult",,"enlarged","unknown","neither",,,,,,"U","U","U",,"did not check","dry ice",,,,,,,,,,,,,,,"0009-0001-5608-8465","0009-0000-7236-0361",,,,,"185816c2-830d-4aa5-bc96-e7c463c680a0"
"5ef01da4-9fc1-4331-9375-00e09f65cb35","5ff8851f-c8d7-44b6-8d84-7c2a13b4711b","ONAQ_020.mammalGrid.mam","D15","ONAQ","ONAQ_020","D6","distributed","shrubScrub",40.183889,-112.436683,"WGS84",45.1,1627.6,0.1,"6 - trap set and empty","ShermanXLK","2024-04-11","2024-04-11",,,,,,,,,,,,,,,,,,,,,,,,,,,,,,,,,,,,,,,,,,,,,"0009-0005-2133-045X","0009-0001-2150-8968",,,,,"8de170b4-2ea7-40e5-9f3d-fb655153ff38"
"88e451e0-8b8e-4e8c-9624-b8ba0faf3b0f","05f63e1d-7d6f-4e56-b060-0be7bc550f9e","ONAQ_005.mammalGrid.mam","D15","ONAQ","ONAQ_005","E9","distributed","shrubScrub",40.180753,-112.429727,"WGS84",45.3,1607.9,0.4,"6 - trap set and empty","ShermanXLK","2024-04-11","2024-04-11",,,,,,,,,,,,,,,,,,,,,,,,,,,,,,,,,,,,,,,,,,,,,"0009-0001-2150-8968","0009-0004-0858-3674",,,,,"ab2b21f6-876e-479b-9b00-1633b05525c9"
"d8367f99-e729-40f4-acc6-2f1ce803670b","05f63e1d-7d6f-4e56-b060-0be7bc550f9e","ONAQ_005.mammalGrid.mam","D15","ONAQ","ONAQ_005","F5","distributed","shrubScrub",40.180753,-112.429727,"WGS84",45.3,1607.9,0.4,"6 - trap set and empty","ShermanXLK","2024-04-11","2024-04-11",,,,,,,,,,,,,,,,,,,,,,,,,,,,,,,,,,,,,,,,,,,,,"0009-0001-2150-8968","0009-0004-0858-3674",,,,,"c757202a-06bf-4c94-a8a9-ce3c186c188c"
"fe670f8c-0ed7-4035-aaad-64e246fc5d4a","05f63e1d-7d6f-4e56-b060-0be7bc550f9e","ONAQ_005.mammalGrid.mam","D15","ONAQ","ONAQ_005","B10","distributed","shrubScrub",40.180753,-112.429727,"WGS84",45.3,1607.9,0.4,"6 - trap set and empty","ShermanXLK","2024-04-11","2024-04-11",,,,,,,,,,,,,,,,,,,,,,,,,,,,,,,,,,,,,,,,,,,,,"0009-0001-2150-8968","0009-0004-0858-3674",,,,,"2cec0d2a-3003-4db7-b515-b5548a5070e5"
"1d4c04bc-d757-4310-b09a-09badd1e3c75","05f63e1d-7d6f-4e56-b060-0be7bc550f9e","ONAQ_005.mammalGrid.mam","D15","ONAQ","ONAQ_005","B7","distributed","shrubScrub",40.180753,-112.429727,"WGS84",45.3,1607.9,0.4,"6 - trap set and empty","ShermanXLK","2024-04-11","2024-04-11",,,,,,,,,,,,,,,,,,,,,,,,,,,,,,,,,,,,,,,,,,,,,"0009-0001-2150-8968","0009-0004-0858-3674",,,,,"fcca8d04-5b1a-4c7b-8c69-46d91c22020e"
"49394a8d-2c46-46a9-b76d-c37785352978","05f63e1d-7d6f-4e56-b060-0be7bc550f9e","ONAQ_005.mammalGrid.mam","D15","ONAQ","ONAQ_005","H9","distributed","shrubScrub",40.180753,-112.429727,"WGS84",45.3,1607.9,0.4,"5 - capture","ShermanXLK","2024-04-11","2024-04-11","NEON.MAM.D15.R4931",,"PEPA","Perognathus parvus","species",,,,,"N","F","N","processed",,"juvenile",,"nonenlarged","not","neither",,,,,8,"U","U","U",,"did not check","dry ice",,,,,,,,,,,,,,,"0009-0001-2150-8968","0009-0004-0858-3674",,,,,"859a4a10-54b8-4ce1-ae31-91d35fcb458e"
"ad48b63b-c0b7-4b31-b09f-da54b0e3487a","8bb2841c-3340-4ffa-b1fb-5080bf0ca867","ONAQ_003.mammalGrid.mam","D15","ONAQ","ONAQ_003","G5","distributed","shrubScrub",40.206225,-112.428493,"WGS84",45.4,1604.6,0.2,"5 - capture","ShermanXLK","2024-04-11","2024-04-11","NEON.MAM.D15.R5557",,"DIORDIMI","Dipodomys ordii/microps","speciesGroup",,,,,"N","F","Y","processed",,"adult",,"enlarged","not","swollen",,,,,,"U","U","U",,"did not check","dry ice",,,,,,,,,,,,,,,"0009-0001-5608-8465","0009-0000-7236-0361",,,,,"83483541-0020-40f1-8dfa-1af9cdfaeb21"
"8e15697e-2dbe-407b-aa6f-ca2b3b47b244","8bb2841c-3340-4ffa-b1fb-5080bf0ca867","ONAQ_003.mammalGrid.mam","D15","ONAQ","ONAQ_003","B6","distributed","shrubScrub",40.206225,-112.428493,"WGS84",45.4,1604.6,0.2,"6 - trap set and empty","ShermanXLK","2024-04-11","2024-04-11",,,,,,,,,,,,,,,,,,,,,,,,,,,,,,,,,,,,,,,,,,,,,"0009-0001-5608-8465","0009-0000-7236-0361",,,,,"3f5b644e-ba68-446e-b1ce-99f5016d6133"
"17e724a7-e837-4cf0-829d-4e6af4733ac9","05f63e1d-7d6f-4e56-b060-0be7bc550f9e","ONAQ_005.mammalGrid.mam","D15","ONAQ","ONAQ_005","D1","distributed","shrubScrub",40.180753,-112.429727,"WGS84",45.3,1607.9,0.4,"6 - trap set and empty","ShermanXLK","2024-04-11","2024-04-11",,,,,,,,,,,,,,,,,,,,,,,,,,,,,,,,,,,,,,,,,,,,,"0009-0001-2150-8968","0009-0004-0858-3674",,,,,"83da353c-e231-4661-b3e3-218ab78669d5"
"41cc3c06-2525-44a2-b587-0049fb4540d7","8bb2841c-3340-4ffa-b1fb-5080bf0ca867","ONAQ_003.mammalGrid.mam","D15","ONAQ","ONAQ_003","B8","distributed","shrubScrub",40.206225,-112.428493,"WGS84",45.4,1604.6,0.2,"5 - capture","ShermanXLK","2024-04-11","2024-04-11","NEON.MAM.D15.443202",,"PEPA","Perognathus parvus","species",,,,,"N","M","N","processed",,"adult","scrotal",,,,,,,,,"N","N","N",,"did not check","dry ice",,,,,,,,,,,,,,,"0009-0001-5608-8465","0009-0000-7236-0361",,,,,"ab4b6554-c485-4687-add3-e50e5dcb7335"
"e805d7be-fab8-4f11-9de2-5d887ab1e0f0","8bb2841c-3340-4ffa-b1fb-5080bf0ca867","ONAQ_003.mammalGrid.mam","D15","ONAQ","ONAQ_003","F3","distributed","shrubScrub",40.206225,-112.428493,"WGS84",45.4,1604.6,0.2,"5 - capture","ShermanXLK","2024-04-11","2024-04-11","NEON.MAM.D15.R4061",,"DIORDIMI","Dipodomys ordii/microps","speciesGroup",,,,,"N","F","Y","processed",,"adult",,"enlarged","not","swollen",,,,,,"U","U","U",,"fleas","dry ice",,,,,,,,,,,,,,,"0009-0001-5608-8465","0009-0000-7236-0361",,,,,"687ea6e9-1ce6-43e5-8c4d-ece1914f909a"
"a98cfac1-e800-4aa2-a25d-9f3eb3988e79","8bb2841c-3340-4ffa-b1fb-5080bf0ca867","ONAQ_003.mammalGrid.mam","D15","ONAQ","ONAQ_003","I8","distributed","shrubScrub",40.206225,-112.428493,"WGS84",45.4,1604.6,0.2,"6 - trap set and empty","ShermanXLK","2024-04-11","2024-04-11",,,,,,,,,,,,,,,,,,,,,,,,,,,,,,,,,,,,,,,,,,,,,"0009-0001-5608-8465","0009-0000-7236-0361",,,,,"4a3ad0d4-a505-4a45-bc79-4676125ba72d"
"1c59db5e-660c-4a82-b366-21d647960f53","05f63e1d-7d6f-4e56-b060-0be7bc550f9e","ONAQ_005.mammalGrid.mam","D15","ONAQ","ONAQ_005","A7","distributed","shrubScrub",40.180753,-112.429727,"WGS84",45.3,1607.9,0.4,"5 - capture","ShermanXLK","2024-04-11","2024-04-11","NEON.MAM.D15.R5602",,"PEMA","Peromyscus maniculatus","species",,,,,"N","F","N","processed",,"adult",,"nonenlarged","not","neither",,,,,13,"U","U","U",,"did not check","dry ice","ONAQ.20240411.R5602.B","D00000141009","mandibular - QNS",,,,,,,,,,,,"0009-0001-2150-8968","0009-0004-0858-3674",,,,,"e2227aea-ef57-474e-ba06-6ebabb4820dc"
"4f3490d2-e2bf-45e2-9670-fa95f42e0e88","5ff8851f-c8d7-44b6-8d84-7c2a13b4711b","ONAQ_020.mammalGrid.mam","D15","ONAQ","ONAQ_020","G5","distributed","shrubScrub",40.183889,-112.436683,"WGS84",45.1,1627.6,0.1,"5 - capture","ShermanXLK","2024-04-11","2024-04-11","NEON.MAM.D15.441793",,"PEPA","Perognathus parvus","species",,,,,"N","M","N","processed",,"adult","scrotal",,,,,,,,18,"U","U","U",,"did not check","dry ice",,,,,,,,,,,,,,,"0009-0005-2133-045X","0009-0001-2150-8968",,,,,"2fe584aa-4309-4b30-b86d-042348e09c6b"
"00df396c-51ce-4a74-a012-bda9fc90a47e","5ff8851f-c8d7-44b6-8d84-7c2a13b4711b","ONAQ_020.mammalGrid.mam","D15","ONAQ","ONAQ_020","F8","distributed","shrubScrub",40.183889,-112.436683,"WGS84",45.1,1627.6,0.1,"6 - trap set and empty","ShermanXLK","2024-04-11","2024-04-11",,,,,,,,,,,,,,,,,,,,,,,,,,,,,,,,,,,,,,,,,,,,,"0009-0005-2133-045X","0009-0001-2150-8968",,,,,"d1af2211-f6c9-48fd-93d0-384e19dc364d"
"a1686188-f639-4813-b353-1431128f3b89","05f63e1d-7d6f-4e56-b060-0be7bc550f9e","ONAQ_005.mammalGrid.mam","D15","ONAQ","ONAQ_005","G6","distributed","shrubScrub",40.180753,-112.429727,"WGS84",45.3,1607.9,0.4,"6 - trap set and empty","ShermanXLK","2024-04-11","2024-04-11",,,,,,,,,,,,,,,,,,,,,,,,,,,,,,,,,,,,,,,,,,,,,"0009-0001-2150-8968","0009-0004-0858-3674",,,,,"378b0d2d-2ba5-489c-9a7a-7bc3d6692ed1"
"65f589f1-140b-45d8-b3dc-27736b3904a3","05f63e1d-7d6f-4e56-b060-0be7bc550f9e","ONAQ_005.mammalGrid.mam","D15","ONAQ","ONAQ_005","I2","distributed","shrubScrub",40.180753,-112.429727,"WGS84",45.3,1607.9,0.4,"5 - capture","ShermanXLK","2024-04-11","2024-04-11","NEON.MAM.D15.R5814",,"DIORDIMI","Dipodomys ordii/microps","speciesGroup",,,,,"N","F","N","processed",,"adult",,"enlarged","not","neither",,,,,53,"U","U","U",,"did not check","dry ice",,,,,,,,,,,,,,,"0009-0001-2150-8968","0009-0004-0858-3674",,,,,"92137f40-259e-4fed-98c4-4e5c4774e3d9"
"76a2827c-aabb-4cf0-88aa-fe9ebe2adf8a","05f63e1d-7d6f-4e56-b060-0be7bc550f9e","ONAQ_005.mammalGrid.mam","D15","ONAQ","ONAQ_005","H10","distributed","shrubScrub",40.180753,-112.429727,"WGS84",45.3,1607.9,0.4,"5 - capture","ShermanXLK","2024-04-11","2024-04-11","NEON.MAM.D15.099842",,"PEPA","Perognathus parvus","species",,,,,"N","M","Y","processed",,"adult","scrotal",,,,,,,,20,"U","U","U",,"did not check","dry ice",,,,,,,,,,,,,,,"0009-0001-2150-8968","0009-0004-0858-3674",,,,,"d24a9881-a93b-42d1-9b6a-f85842753fb5"
"7302a4bc-9bb7-412a-be29-5900518da102","05f63e1d-7d6f-4e56-b060-0be7bc550f9e","ONAQ_005.mammalGrid.mam","D15","ONAQ","ONAQ_005","I1","distributed","shrubScrub",40.180753,-112.429727,"WGS84",45.3,1607.9,0.4,"6 - trap set and empty","ShermanXLK","2024-04-11","2024-04-11",,,,,,,,,,,,,,,,,,,,,,,,,,,,,,,,,,,,,,,,,,,,,"0009-0001-2150-8968","0009-0004-0858-3674",,,,,"3f5cd96e-2643-41ee-a373-e96b00646292"
"8a1640d6-24dd-4afc-9c69-fa078eb85d1e","5ff8851f-c8d7-44b6-8d84-7c2a13b4711b","ONAQ_020.mammalGrid.mam","D15","ONAQ","ONAQ_020","D10","distributed","shrubScrub",40.183889,-112.436683,"WGS84",45.1,1627.6,0.1,"5 - capture","ShermanXLK","2024-04-11","2024-04-11","NEON.MAM.D15.R4926",,"PEMA","Peromyscus maniculatus","species",,,,,"N","M","N","processed",,"adult","nonscrotal",,,,,,,,16,"U","U","U",,"did not check","dry ice","ONAQ.20240411.R4926.B","D00000141070","mandibular - QNS",,,,,,,,,,,,"0009-0005-2133-045X","0009-0001-2150-8968",,,,,"d3d29a5c-c10d-4c1a-9769-7ec26b7016d2"
"041e5666-f9ff-4742-b9ef-eb29fc921665","05f63e1d-7d6f-4e56-b060-0be7bc550f9e","ONAQ_005.mammalGrid.mam","D15","ONAQ","ONAQ_005","I7","distributed","shrubScrub",40.180753,-112.429727,"WGS84",45.3,1607.9,0.4,"6 - trap set and empty","ShermanXLK","2024-04-11","2024-04-11",,,,,,,,,,,,,,,,,,,,,,,,,,,,,,,,,,,,,,,,,,,,,"0009-0001-2150-8968","0009-0004-0858-3674",,,,,"6a0431ba-352c-4baf-9236-29be0059dd9c"
"eac90e78-0085-44e8-b365-030128877ec6","05f63e1d-7d6f-4e56-b060-0be7bc550f9e","ONAQ_005.mammalGrid.mam","D15","ONAQ","ONAQ_005","J8","distributed","shrubScrub",40.180753,-112.429727,"WGS84",45.3,1607.9,0.4,"6 - trap set and empty","ShermanXLK","2024-04-11","2024-04-11",,,,,,,,,,,,,,,,,,,,,,,,,,,,,,,,,,,,,,,,,,,,,"0009-0001-2150-8968","0009-0004-0858-3674",,,,,"a928412c-4362-4d18-8173-931b3b001145"
"e65762d1-8316-4215-a0ef-153459266188","5ff8851f-c8d7-44b6-8d84-7c2a13b4711b","ONAQ_020.mammalGrid.mam","D15","ONAQ","ONAQ_020","B5","distributed","shrubScrub",40.183889,-112.436683,"WGS84",45.1,1627.6,0.1,"6 - trap set and empty","ShermanXLK","2024-04-11","2024-04-11",,,,,,,,,,,,,,,,,,,,,,,,,,,,,,,,,,,,,,,,,,,,,"0009-0005-2133-045X","0009-0001-2150-8968",,,,,"1a9a93c0-7e5b-470d-849d-5174e015563b"
"c60d1a3c-3629-4098-b401-834f57c4d88e","8bb2841c-3340-4ffa-b1fb-5080bf0ca867","ONAQ_003.mammalGrid.mam","D15","ONAQ","ONAQ_003","D2","distributed","shrubScrub",40.206225,-112.428493,"WGS84",45.4,1604.6,0.2,"5 - capture","ShermanXLK","2024-04-11","2024-04-11","NEON.MAM.D15.R4933",,"PEMA","Peromyscus maniculatus","species",,,,,"N","M","Y","processed",,"adult","nonscrotal",,,,,,,,,"U","U","U",,"fleas","dry ice",,,,,,,,,,,,,,,"0009-0001-5608-8465","0009-0000-7236-0361",,,,,"2afaafc6-1715-4999-b7b5-23662cb297d2"
"a2cf46ee-83c8-4a0b-a5bc-9ebb033b397d","8bb2841c-3340-4ffa-b1fb-5080bf0ca867","ONAQ_003.mammalGrid.mam","D15","ONAQ","ONAQ_003","A10","distributed","shrubScrub",40.206225,-112.428493,"WGS84",45.4,1604.6,0.2,"5 - capture","ShermanXLK","2024-04-11","2024-04-11","NEON.MAM.D15.R4945",,"DIORDIMI","Dipodomys ordii/microps","speciesGroup",,,,,"N","M","Y","processed",,"adult","scrotal",,,,,,,,,"U","U","U",,"did not check","dry ice",,,,,,,,,,,,,,,"0009-0001-5608-8465","0009-0000-7236-0361",,,,,"d30f79b2-d1a4-4028-b85f-aef1d9d1e5c8"
"b739459a-d717-41c2-9042-737ebb55e588","5ff8851f-c8d7-44b6-8d84-7c2a13b4711b","ONAQ_020.mammalGrid.mam","D15","ONAQ","ONAQ_020","B7","distributed","shrubScrub",40.183889,-112.436683,"WGS84",45.1,1627.6,0.1,"6 - trap set and empty","ShermanXLK","2024-04-11","2024-04-11",,,,,,,,,,,,,,,,,,,,,,,,,,,,,,,,,,,,,,,,,,,,,"0009-0005-2133-045X","0009-0001-2150-8968",,,,,"66078dbe-cc3d-4416-af54-aa8f4300b86c"
"0a950c76-3fbf-4d20-8274-1ae4ca853fb4","05f63e1d-7d6f-4e56-b060-0be7bc550f9e","ONAQ_005.mammalGrid.mam","D15","ONAQ","ONAQ_005","G1","distributed","shrubScrub",40.180753,-112.429727,"WGS84",45.3,1607.9,0.4,"6 - trap set and empty","ShermanXLK","2024-04-11","2024-04-11",,,,,,,,,,,,,,,,,,,,,,,,,,,,,,,,,,,,,,,,,,,,,"0009-0001-2150-8968","0009-0004-0858-3674",,,,,"1179e8ce-1d65-49e1-8542-2b527a9878a7"
"e0371892-7867-4c73-819b-e5ca99eded40","8bb2841c-3340-4ffa-b1fb-5080bf0ca867","ONAQ_003.mammalGrid.mam","D15","ONAQ","ONAQ_003","H2","distributed","shrubScrub",40.206225,-112.428493,"WGS84",45.4,1604.6,0.2,"5 - capture","ShermanXLK","2024-04-11","2024-04-11","NEON.MAM.D15.526721",,"PEPA","Perognathus parvus","species",,,,,"N","M","Y","processed",,"adult","scrotal",,,,,,,,,"N","N","N",,"did not check","dry ice",,,,,,,,,,,,,,,"0009-0001-5608-8465","0009-0000-7236-0361",,,,,"c652bf97-9dd9-4f30-9f85-bf51898c9144"
"2d715086-1ef9-4626-9be7-8b05821a99ca","5ff8851f-c8d7-44b6-8d84-7c2a13b4711b","ONAQ_020.mammalGrid.mam","D15","ONAQ","ONAQ_020","B8","distributed","shrubScrub",40.183889,-112.436683,"WGS84",45.1,1627.6,0.1,"6 - trap set and empty","ShermanXLK","2024-04-11","2024-04-11",,,,,,,,,,,,,,,,,,,,,,,,,,,,,,,,,,,,,,,,,,,,,"0009-0005-2133-045X","0009-0001-2150-8968",,,,,"75033d82-c280-48d8-b219-ea3ecf79ada3"
"001386a6-b7cf-4f96-8752-38d24c6d2f22","8bb2841c-3340-4ffa-b1fb-5080bf0ca867","ONAQ_003.mammalGrid.mam","D15","ONAQ","ONAQ_003","E8","distributed","shrubScrub",40.206225,-112.428493,"WGS84",45.4,1604.6,0.2,"5 - capture","ShermanXLK","2024-04-11","2024-04-11","NEON.MAM.D15.R4940",,"DIORDIMI","Dipodomys ordii/microps","speciesGroup",,,,,"N","F","Y","processed",,"adult",,"enlarged","not","swollen",,,,,,"U","U","U",,"did not check","dry ice",,,,,,,,,,,,,,,"0009-0001-5608-8465","0009-0000-7236-0361",,,,,"de55c869-24a7-4c55-856f-eb1c52be5a65"
"8ac0debc-7b02-4058-9320-80366d495ce2","05f63e1d-7d6f-4e56-b060-0be7bc550f9e","ONAQ_005.mammalGrid.mam","D15","ONAQ","ONAQ_005","C4","distributed","shrubScrub",40.180753,-112.429727,"WGS84",45.3,1607.9,0.4,"6 - trap set and empty","ShermanXLK","2024-04-11","2024-04-11",,,,,,,,,,,,,,,,,,,,,,,,,,,,,,,,,,,,,,,,,,,,,"0009-0001-2150-8968","0009-0004-0858-3674",,,,,"1cf01dbd-5f7a-4af6-b0e6-6c0335050ccf"
"efd3491a-dfe7-467c-9a0a-6cb090f77a2f","5ff8851f-c8d7-44b6-8d84-7c2a13b4711b","ONAQ_020.mammalGrid.mam","D15","ONAQ","ONAQ_020","A2","distributed","shrubScrub",40.183889,-112.436683,"WGS84",45.1,1627.6,0.1,"6 - trap set and empty","ShermanXLK","2024-04-11","2024-04-11",,,,,,,,,,,,,,,,,,,,,,,,,,,,,,,,,,,,,,,,,,,,,"0009-0005-2133-045X","0009-0001-2150-8968",,,,,"c2c5c8f0-04a4-4c38-9b4d-53c72766cb02"
"955725a7-4564-4532-9e6e-856b286212de","5ff8851f-c8d7-44b6-8d84-7c2a13b4711b","ONAQ_020.mammalGrid.mam","D15","ONAQ","ONAQ_020","G2","distributed","shrubScrub",40.183889,-112.436683,"WGS84",45.1,1627.6,0.1,"6 - trap set and empty","ShermanXLK","2024-04-11","2024-04-11",,,,,,,,,,,,,,,,,,,,,,,,,,,,,,,,,,,,,,,,,,,,,"0009-0005-2133-045X","0009-0001-2150-8968",,,,,"4dde865f-9bf9-40b3-92f3-03afd2c6f2cf"
"e88887ac-18ce-48ad-ab13-16e90699d7f3","05f63e1d-7d6f-4e56-b060-0be7bc550f9e","ONAQ_005.mammalGrid.mam","D15","ONAQ","ONAQ_005","D8","distributed","shrubScrub",40.180753,-112.429727,"WGS84",45.3,1607.9,0.4,"5 - capture","ShermanXLK","2024-04-11","2024-04-11","NEON.MAM.D15.283205",,"PEPA","Perognathus parvus","species",,,,,"N","F","Y","processed",,"adult",,"nonenlarged","not","neither",,,,,16,"U","U","U",,"did not check","dry ice",,,,,,,,,,,,,,,"0009-0001-2150-8968","0009-0004-0858-3674",,,,,"b0995a19-3406-4dd4-b0bb-21ec6e33709f"
"4f6f9cfe-570f-422f-a34f-8e5e5308a80b","5ff8851f-c8d7-44b6-8d84-7c2a13b4711b","ONAQ_020.mammalGrid.mam","D15","ONAQ","ONAQ_020","C8","distributed","shrubScrub",40.183889,-112.436683,"WGS84",45.1,1627.6,0.1,"6 - trap set and empty","ShermanXLK","2024-04-11","2024-04-11",,,,,,,,,,,,,,,,,,,,,,,,,,,,,,,,,,,,,,,,,,,,,"0009-0005-2133-045X","0009-0001-2150-8968",,,,,"0b7195d2-4dcf-46b1-90a9-748513066632"
"cc07f205-10fa-46c9-9c8b-793672afc992","5ff8851f-c8d7-44b6-8d84-7c2a13b4711b","ONAQ_020.mammalGrid.mam","D15","ONAQ","ONAQ_020","J3","distributed","shrubScrub",40.183889,-112.436683,"WGS84",45.1,1627.6,0.1,"6 - trap set and empty","ShermanXLK","2024-04-11","2024-04-11",,,,,,,,,,,,,,,,,,,,,,,,,,,,,,,,,,,,,,,,,,,,,"0009-0005-2133-045X","0009-0001-2150-8968",,,,,"c05a5e9b-3e7b-444c-ab68-f20b3e70a02b"
"5ed3cd6d-17b5-44ee-976a-9150fc7cf1bc","8bb2841c-3340-4ffa-b1fb-5080bf0ca867","ONAQ_003.mammalGrid.mam","D15","ONAQ","ONAQ_003","I10","distributed","shrubScrub",40.206225,-112.428493,"WGS84",45.4,1604.6,0.2,"5 - capture","ShermanXLK","2024-04-11","2024-04-11","NEON.MAM.D15.R6089",,"DIORDIMI","Dipodomys ordii/microps","speciesGroup",,,,,"N","F","N","processed",,"adult",,"enlarged","not","swollen",,,,,,"U","U","U",,"fleas","dry ice",,,,,,,,,,,,,,,"0009-0001-5608-8465","0009-0000-7236-0361",,,,,"1cef40bb-b5cb-4a04-b9ac-1fe640713759"
"44c230fc-8752-4dba-98eb-2a288b8da4ba","8bb2841c-3340-4ffa-b1fb-5080bf0ca867","ONAQ_003.mammalGrid.mam","D15","ONAQ","ONAQ_003","C5","distributed","shrubScrub",40.206225,-112.428493,"WGS84",45.4,1604.6,0.2,"6 - trap set and empty","ShermanXLK","2024-04-11","2024-04-11",,,,,,,,,,,,,,,,,,,,,,,,,,,,,,,,,,,,,,,,,,,,,"0009-0001-5608-8465","0009-0000-7236-0361",,,,,"b42aaa21-6ae1-4801-abf3-7f452d289171"
"304746fe-4d63-4bdd-a81f-88a29dba6a4f","5ff8851f-c8d7-44b6-8d84-7c2a13b4711b","ONAQ_020.mammalGrid.mam","D15","ONAQ","ONAQ_020","D8","distributed","shrubScrub",40.183889,-112.436683,"WGS84",45.1,1627.6,0.1,"5 - capture","ShermanXLK","2024-04-11","2024-04-11","NEON.MAM.D15.R4928",,"PEMA","Peromyscus maniculatus","species",,,,,"N","M","N","processed",,"adult","scrotal",,,,,,,,21,"U","U","U",,"did not check","dry ice","ONAQ.20240411.R4928.B","D00000140849","mandibular - QNS",,,,,,,,,,,,"0009-0005-2133-045X","0009-0001-2150-8968",,,,,"f7712509-4367-4c23-adab-da863b8d08bd"
"3f3c8f38-b024-47e3-accc-5d5fffff37fd","8bb2841c-3340-4ffa-b1fb-5080bf0ca867","ONAQ_003.mammalGrid.mam","D15","ONAQ","ONAQ_003","A2","distributed","shrubScrub",40.206225,-112.428493,"WGS84",45.4,1604.6,0.2,"6 - trap set and empty","ShermanXLK","2024-04-11","2024-04-11",,,,,,,,,,,,,,,,,,,,,,,,,,,,,,,,,,,,,,,,,,,,,"0009-0001-5608-8465","0009-0000-7236-0361",,,,,"417042c1-5400-43a2-8e09-7a4250bf124f"
"d2bea8a5-1ebf-4730-944b-45662cdbb25e","8bb2841c-3340-4ffa-b1fb-5080bf0ca867","ONAQ_003.mammalGrid.mam","D15","ONAQ","ONAQ_003","B1","distributed","shrubScrub",40.206225,-112.428493,"WGS84",45.4,1604.6,0.2,"6 - trap set and empty","ShermanXLK","2024-04-11","2024-04-11",,,,,,,,,,,,,,,,,,,,,,,,,,,,,,,,,,,,,,,,,,,,,"0009-0001-5608-8465","0009-0000-7236-0361",,,,,"46a508e2-cd8b-4695-b281-7c5d28456024"
"b42a11af-78c9-4529-89d4-e747e4f7ad94","5ff8851f-c8d7-44b6-8d84-7c2a13b4711b","ONAQ_020.mammalGrid.mam","D15","ONAQ","ONAQ_020","H4","distributed","shrubScrub",40.183889,-112.436683,"WGS84",45.1,1627.6,0.1,"6 - trap set and empty","ShermanXLK","2024-04-11","2024-04-11",,,,,,,,,,,,,,,,,,,,,,,,,,,,,,,,,,,,,,,,,,,,,"0009-0005-2133-045X","0009-0001-2150-8968",,,,,"81c15a45-207e-4a3b-b4c4-6f1476c0a930"
"6237582f-6355-4bc0-9011-0fc56466418f","8bb2841c-3340-4ffa-b1fb-5080bf0ca867","ONAQ_003.mammalGrid.mam","D15","ONAQ","ONAQ_003","C2","distributed","shrubScrub",40.206225,-112.428493,"WGS84",45.4,1604.6,0.2,"5 - capture","ShermanXLK","2024-04-11","2024-04-11","NEON.MAM.D15.R4915",,"PEMA","Peromyscus maniculatus","species",,,,,"N","F","Y","processed",,"juvenile",,"nonenlarged","not","neither",,,,,,"U","U","U",,"did not check","dry ice",,,,,,,,,,,,,,,"0009-0001-5608-8465","0009-0000-7236-0361",,,,,"acb24edd-199a-47b8-b973-87fa782d8802"
"a3b8f2a0-c041-4f4f-8f40-32b13ab9ba7f","5ff8851f-c8d7-44b6-8d84-7c2a13b4711b","ONAQ_020.mammalGrid.mam","D15","ONAQ","ONAQ_020","J4","distributed","shrubScrub",40.183889,-112.436683,"WGS84",45.1,1627.6,0.1,"5 - capture","ShermanXLK","2024-04-11","2024-04-11","NEON.MAM.D15.L5807",,"TAMI","Tamias minimus","species",,,,,"N","M","N","processed",,"adult","nonscrotal",,,,27,13,,,31,"U","U","U",,"did not check","dry ice",,,,,,,,,,,,,,,"0009-0005-2133-045X","0009-0001-2150-8968",,,,,"d2547b6b-8cdf-48d9-a5db-2ff9442f53b1"
"86a3dcb1-fa7c-4f19-aa9d-542a0c13fcf2","5ff8851f-c8d7-44b6-8d84-7c2a13b4711b","ONAQ_020.mammalGrid.mam","D15","ONAQ","ONAQ_020","A10","distributed","shrubScrub",40.183889,-112.436683,"WGS84",45.1,1627.6,0.1,"6 - trap set and empty","ShermanXLK","2024-04-11","2024-04-11",,,,,,,,,,,,,,,,,,,,,,,,,,,,,,,,,,,,,,,,,,,,,"0009-0005-2133-045X","0009-0001-2150-8968",,,,,"7caf1cd3-cd19-4b63-9ac7-5a2c1b82eae6"
"ee5304f3-c72d-482f-9d58-a9d15928ea0e","05f63e1d-7d6f-4e56-b060-0be7bc550f9e","ONAQ_005.mammalGrid.mam","D15","ONAQ","ONAQ_005","F6","distributed","shrubScrub",40.180753,-112.429727,"WGS84",45.3,1607.9,0.4,"6 - trap set and empty","ShermanXLK","2024-04-11","2024-04-11",,,,,,,,,,,,,,,,,,,,,,,,,,,,,,,,,,,,,,,,,,,,,"0009-0001-2150-8968","0009-0004-0858-3674",,,,,"dee3bae3-4593-4498-91af-a2843d6076eb"
"4b772645-ac0d-4bce-9cbe-802501194c60","8bb2841c-3340-4ffa-b1fb-5080bf0ca867","ONAQ_003.mammalGrid.mam","D15","ONAQ","ONAQ_003","B4","distributed","shrubScrub",40.206225,-112.428493,"WGS84",45.4,1604.6,0.2,"5 - capture","ShermanXLK","2024-04-11","2024-04-11","NEON.MAM.D15.R5716",,"DIORDIMI","Dipodomys ordii/microps","speciesGroup",,,,,"N","M","Y","processed",,"adult","scrotal",,,,,,,,,"U","U","U",,"did not check","dry ice",,,,,,,,,,,,,,,"0009-0001-5608-8465","0009-0000-7236-0361",,,,,"c99a5b3e-76f4-4e9b-87ca-70e5f5e714f8"
"02689fdd-5c29-44c4-be47-76637e3ed637","05f63e1d-7d6f-4e56-b060-0be7bc550f9e","ONAQ_005.mammalGrid.mam","D15","ONAQ","ONAQ_005","F7","distributed","shrubScrub",40.180753,-112.429727,"WGS84",45.3,1607.9,0.4,"5 - capture","ShermanXLK","2024-04-11","2024-04-11","NEON.MAM.D15.R5792",,"PEMA","Peromyscus maniculatus","species",,,,,"N","F","N","processed",,"adult",,"enlarged","pregnant","neither",,,,,29,"U","U","U",,"did not check","dry ice",,,,,,,,,,,,,,,"0009-0001-2150-8968","0009-0004-0858-3674",,,,,"3cf1fbdd-4829-43f2-b89e-cbc37710fb3d"
"c40844c5-c3c3-460a-a51f-e16492d994e9","5ff8851f-c8d7-44b6-8d84-7c2a13b4711b","ONAQ_020.mammalGrid.mam","D15","ONAQ","ONAQ_020","G6","distributed","shrubScrub",40.183889,-112.436683,"WGS84",45.1,1627.6,0.1,"6 - trap set and empty","ShermanXLK","2024-04-11","2024-04-11",,,,,,,,,,,,,,,,,,,,,,,,,,,,,,,,,,,,,,,,,,,,,"0009-0005-2133-045X","0009-0001-2150-8968",,,,,"a2a49c44-c5c9-4940-b1ec-26b720be7f74"
"6f81152d-bdf9-4b2e-b709-168f95811ac5","05f63e1d-7d6f-4e56-b060-0be7bc550f9e","ONAQ_005.mammalGrid.mam","D15","ONAQ","ONAQ_005","G9","distributed","shrubScrub",40.180753,-112.429727,"WGS84",45.3,1607.9,0.4,"6 - trap set and empty","ShermanXLK","2024-04-11","2024-04-11",,,,,,,,,,,,,,,,,,,,,,,,,,,,,,,,,,,,,,,,,,,,,"0009-0001-2150-8968","0009-0004-0858-3674",,,,,"83396434-31d8-484e-b05a-cb984ace816e"
"3606a81a-5902-42cf-b342-d6453c2af0f6","05f63e1d-7d6f-4e56-b060-0be7bc550f9e","ONAQ_005.mammalGrid.mam","D15","ONAQ","ONAQ_005","F4","distributed","shrubScrub",40.180753,-112.429727,"WGS84",45.3,1607.9,0.4,"6 - trap set and empty","ShermanXLK","2024-04-11","2024-04-11",,,,,,,,,,,,,,,,,,,,,,,,,,,,,,,,,,,,,,,,,,,,,"0009-0001-2150-8968","0009-0004-0858-3674",,,,,"9fdedd6b-81c8-40f1-aab9-c2c2368a7321"
"d6f3d043-e5c4-4e1b-9a24-2c75b5cde5ec","8bb2841c-3340-4ffa-b1fb-5080bf0ca867","ONAQ_003.mammalGrid.mam","D15","ONAQ","ONAQ_003","J6","distributed","shrubScrub",40.206225,-112.428493,"WGS84",45.4,1604.6,0.2,"6 - trap set and empty","ShermanXLK","2024-04-11","2024-04-11",,,,,,,,,,,,,,,,,,,,,,,,,,,,,,,,,,,,,,,,,,,,,"0009-0001-5608-8465","0009-0000-7236-0361",,,,,"5fdfd364-1ede-49b8-a91c-150628175438"
"49ab0cfa-4f88-4e09-b09d-0095983ee23b","5ff8851f-c8d7-44b6-8d84-7c2a13b4711b","ONAQ_020.mammalGrid.mam","D15","ONAQ","ONAQ_020","H8","distributed","shrubScrub",40.183889,-112.436683,"WGS84",45.1,1627.6,0.1,"6 - trap set and empty","ShermanXLK","2024-04-11","2024-04-11",,,,,,,,,,,,,,,,,,,,,,,,,,,,,,,,,,,,,,,,,,,,,"0009-0005-2133-045X","0009-0001-2150-8968",,,,,"109919b9-ff88-4f1d-ba7f-35a2d2668027"
"610d93f1-d305-4cc5-a38a-ff5dd2fe38ab","8bb2841c-3340-4ffa-b1fb-5080bf0ca867","ONAQ_003.mammalGrid.mam","D15","ONAQ","ONAQ_003","A7","distributed","shrubScrub",40.206225,-112.428493,"WGS84",45.4,1604.6,0.2,"5 - capture","ShermanXLK","2024-04-11","2024-04-11","NEON.MAM.D15.R3816",,"DIORDIMI","Dipodomys ordii/microps","speciesGroup",,,,,"N","F","Y","processed",,"adult",,"enlarged","unknown","swollen",,,,,,"U","U","U",,"did not check","dry ice",,,,,,,,,,,,,,,"0009-0001-5608-8465","0009-0000-7236-0361",,,,,"b84bba01-e5aa-4fef-95c3-98a83e341c19"
"ac6ebef6-7756-4a64-9714-223110777f6f","5ff8851f-c8d7-44b6-8d84-7c2a13b4711b","ONAQ_020.mammalGrid.mam","D15","ONAQ","ONAQ_020","E9","distributed","shrubScrub",40.183889,-112.436683,"WGS84",45.1,1627.6,0.1,"6 - trap set and empty","ShermanXLK","2024-04-11","2024-04-11",,,,,,,,,,,,,,,,,,,,,,,,,,,,,,,,,,,,,,,,,,,,,"0009-0005-2133-045X","0009-0001-2150-8968",,,,,"fe8afa05-b74d-4c57-bd8f-1911abce5078"
"7f0a7cc1-7ee2-42dd-ad6c-2c041737b583","05f63e1d-7d6f-4e56-b060-0be7bc550f9e","ONAQ_005.mammalGrid.mam","D15","ONAQ","ONAQ_005","E10","distributed","shrubScrub",40.180753,-112.429727,"WGS84",45.3,1607.9,0.4,"6 - trap set and empty","ShermanXLK","2024-04-11","2024-04-11",,,,,,,,,,,,,,,,,,,,,,,,,,,,,,,,,,,,,,,,,,,,,"0009-0001-2150-8968","0009-0004-0858-3674",,,,,"f5bcf2e1-e56c-4279-9b18-e377237e775f"
"1f962326-4a59-49fa-9f39-2a5a11ea062c","5ff8851f-c8d7-44b6-8d84-7c2a13b4711b","ONAQ_020.mammalGrid.mam","D15","ONAQ","ONAQ_020","H2","distributed","shrubScrub",40.183889,-112.436683,"WGS84",45.1,1627.6,0.1,"6 - trap set and empty","ShermanXLK","2024-04-11","2024-04-11",,,,,,,,,,,,,,,,,,,,,,,,,,,,,,,,,,,,,,,,,,,,,"0009-0005-2133-045X","0009-0001-2150-8968",,,,,"16a2448a-bb2b-4b79-993f-9525ab3ffb02"
"0f7f59d8-ae92-4bf1-b2c9-260aa89d2628","5ff8851f-c8d7-44b6-8d84-7c2a13b4711b","ONAQ_020.mammalGrid.mam","D15","ONAQ","ONAQ_020","B9","distributed","shrubScrub",40.183889,-112.436683,"WGS84",45.1,1627.6,0.1,"6 - trap set and empty","ShermanXLK","2024-04-11","2024-04-11",,,,,,,,,,,,,,,,,,,,,,,,,,,,,,,,,,,,,,,,,,,,,"0009-0005-2133-045X","0009-0001-2150-8968",,,,,"f455112f-354b-4166-9590-c389d8de7eb1"
"db792901-5d0b-4db9-bc55-517651910788","8bb2841c-3340-4ffa-b1fb-5080bf0ca867","ONAQ_003.mammalGrid.mam","D15","ONAQ","ONAQ_003","J1","distributed","shrubScrub",40.206225,-112.428493,"WGS84",45.4,1604.6,0.2,"6 - trap set and empty","ShermanXLK","2024-04-11","2024-04-11",,,,,,,,,,,,,,,,,,,,,,,,,,,,,,,,,,,,,,,,,,,,,"0009-0001-5608-8465","0009-0000-7236-0361",,,,,"0ab65dfa-dfec-456c-bf17-b7829395e77b"
"010f6142-6dcf-41e1-9054-a7c3e56e4aa7","5ff8851f-c8d7-44b6-8d84-7c2a13b4711b","ONAQ_020.mammalGrid.mam","D15","ONAQ","ONAQ_020","E4","distributed","shrubScrub",40.183889,-112.436683,"WGS84",45.1,1627.6,0.1,"2 - trap disturbed/door closed but empty","ShermanXLK","2024-04-11","2024-04-11",,,,,,,,,,,,,,,,,,,,,,,,,,,,,"did not check","dry ice",,,,,,,,,,,,,,,"0009-0005-2133-045X","0009-0001-2150-8968",,,,,"ef19d9fd-0053-4578-a09d-96b406fd3649"
"a1c09ba9-4c92-438b-8ae7-cda4df7922f8","05f63e1d-7d6f-4e56-b060-0be7bc550f9e","ONAQ_005.mammalGrid.mam","D15","ONAQ","ONAQ_005","A2","distributed","shrubScrub",40.180753,-112.429727,"WGS84",45.3,1607.9,0.4,"6 - trap set and empty","ShermanXLK","2024-04-11","2024-04-11",,,,,,,,,,,,,,,,,,,,,,,,,,,,,,,,,,,,,,,,,,,,,"0009-0001-2150-8968","0009-0004-0858-3674",,,,,"f32caee1-076a-47f3-80fa-1d49ff0bb4b4"
"cc7ebfa4-f941-4ecd-9f69-89b1155f3621","8bb2841c-3340-4ffa-b1fb-5080bf0ca867","ONAQ_003.mammalGrid.mam","D15","ONAQ","ONAQ_003","B2","distributed","shrubScrub",40.206225,-112.428493,"WGS84",45.4,1604.6,0.2,"5 - capture","ShermanXLK","2024-04-11","2024-04-11","NEON.MAM.D15.R6083",,"PEMA","Peromyscus maniculatus","species",,,,,"N","M","N","processed",,"juvenile","nonscrotal",,,,,,,,,"U","U","U",,"did not check","dry ice",,,,,,,,,,,,,,,"0009-0001-5608-8465","0009-0000-7236-0361",,,,,"393b4676-dc45-4d8f-b647-9d0eadd942a8"
"6b8ef80c-a000-4cec-8601-92dc1f69306d","8bb2841c-3340-4ffa-b1fb-5080bf0ca867","ONAQ_003.mammalGrid.mam","D15","ONAQ","ONAQ_003","I7","distributed","shrubScrub",40.206225,-112.428493,"WGS84",45.4,1604.6,0.2,"5 - capture","ShermanXLK","2024-04-11","2024-04-11","NEON.MAM.D15.R4948",,"DIORDIMI","Dipodomys ordii/microps","speciesGroup",,,,,"N","M","Y","processed",,"adult","scrotal",,,,,,,,,"U","U","U",,"did not check","dry ice",,,,,,,,,,,,,,,"0009-0001-5608-8465","0009-0000-7236-0361",,,,,"fc087107-0365-4f09-a372-5be85bf32621"
"ae7e4d29-fbc9-4124-865b-0ae674ec1de0","8bb2841c-3340-4ffa-b1fb-5080bf0ca867","ONAQ_003.mammalGrid.mam","D15","ONAQ","ONAQ_003","J9","distributed","shrubScrub",40.206225,-112.428493,"WGS84",45.4,1604.6,0.2,"6 - trap set and empty","ShermanXLK","2024-04-11","2024-04-11",,,,,,,,,,,,,,,,,,,,,,,,,,,,,,,,,,,,,,,,,,,,,"0009-0001-5608-8465","0009-0000-7236-0361",,,,,"d542037c-cc88-409c-a453-73ea890166a2"
"d0b5890b-1034-4b06-bc2c-bd0e69ab679e","5ff8851f-c8d7-44b6-8d84-7c2a13b4711b","ONAQ_020.mammalGrid.mam","D15","ONAQ","ONAQ_020","J5","distributed","shrubScrub",40.183889,-112.436683,"WGS84",45.1,1627.6,0.1,"5 - capture","ShermanXLK","2024-04-11","2024-04-11","NEON.MAM.D15.R5752",,"PEMA","Peromyscus maniculatus","species",,,,,"N","M","Y","processed",,"adult","nonscrotal",,,,,,,,15,"U","U","U",,"did not check","dry ice",,,,,,,,,,,,,,,"0009-0005-2133-045X","0009-0001-2150-8968",,,,,"42a87564-3884-4331-b719-77b0da6b28cc"
"0b623c8a-1316-4e91-a311-92c7f248923e","05f63e1d-7d6f-4e56-b060-0be7bc550f9e","ONAQ_005.mammalGrid.mam","D15","ONAQ","ONAQ_005","H2","distributed","shrubScrub",40.180753,-112.429727,"WGS84",45.3,1607.9,0.4,"6 - trap set and empty","ShermanXLK","2024-04-11","2024-04-11",,,,,,,,,,,,,,,,,,,,,,,,,,,,,,,,,,,,,,,,,,,,,"0009-0001-2150-8968","0009-0004-0858-3674",,,,,"538aeba8-f8ac-4637-bce0-899936da22b5"
"7db54622-bb83-4601-b792-18679c019eb0","8bb2841c-3340-4ffa-b1fb-5080bf0ca867","ONAQ_003.mammalGrid.mam","D15","ONAQ","ONAQ_003","I9","distributed","shrubScrub",40.206225,-112.428493,"WGS84",45.4,1604.6,0.2,"6 - trap set and empty","ShermanXLK","2024-04-11","2024-04-11",,,,,,,,,,,,,,,,,,,,,,,,,,,,,,,,,,,,,,,,,,,,,"0009-0001-5608-8465","0009-0000-7236-0361",,,,,"34dfae0b-39bf-4a11-8399-dd9cbd670d7b"
"0acff7c4-51fc-44e9-9fde-caf7d31638f0","8bb2841c-3340-4ffa-b1fb-5080bf0ca867","ONAQ_003.mammalGrid.mam","D15","ONAQ","ONAQ_003","B7","distributed","shrubScrub",40.206225,-112.428493,"WGS84",45.4,1604.6,0.2,"5 - capture","ShermanXLK","2024-04-11","2024-04-11","NEON.MAM.D15.R4193",,"PEMA","Peromyscus maniculatus","species",,,,,"N","M","N","processed",,"juvenile","nonscrotal",,,,,,,,11,"U","U","U",,"fleas","dry ice",,,,,,,,,,,,,,,"0009-0001-5608-8465","0009-0000-7236-0361",,,,,"5cda2d7c-1678-4bbd-bb39-6031ebe5ee5f"
"8c295d9e-16b4-43c6-abba-4a958cecf7f2","5ff8851f-c8d7-44b6-8d84-7c2a13b4711b","ONAQ_020.mammalGrid.mam","D15","ONAQ","ONAQ_020","B2","distributed","shrubScrub",40.183889,-112.436683,"WGS84",45.1,1627.6,0.1,"6 - trap set and empty","ShermanXLK","2024-04-11","2024-04-11",,,,,,,,,,,,,,,,,,,,,,,,,,,,,,,,,,,,,,,,,,,,,"0009-0005-2133-045X","0009-0001-2150-8968",,,,,"d443ef88-dca8-4022-b200-f9b8bf5ee072"
"2e678db4-ceac-4dad-8a5e-5be9e538131c","05f63e1d-7d6f-4e56-b060-0be7bc550f9e","ONAQ_005.mammalGrid.mam","D15","ONAQ","ONAQ_005","C3","distributed","shrubScrub",40.180753,-112.429727,"WGS84",45.3,1607.9,0.4,"5 - capture","ShermanXLK","2024-04-11","2024-04-11","NEON.MAM.D15.R5815",,"DIORDIMI","Dipodomys ordii/microps","speciesGroup",,,,,"N","F","N","processed",,"adult",,"enlarged","not","swollen",,,,,67,"U","U","U",,"did not check","dry ice",,,,,,,,,,,,,,,"0009-0001-2150-8968","0009-0004-0858-3674",,,,,"a81f6347-38ac-4941-8b11-84dc8f7b8eab"
"c193f87e-add6-47f6-a58e-c1ad0678f94e","8bb2841c-3340-4ffa-b1fb-5080bf0ca867","ONAQ_003.mammalGrid.mam","D15","ONAQ","ONAQ_003","F5","distributed","shrubScrub",40.206225,-112.428493,"WGS84",45.4,1604.6,0.2,"6 - trap set and empty","ShermanXLK","2024-04-11","2024-04-11",,,,,,,,,,,,,,,,,,,,,,,,,,,,,,,,,,,,,,,,,,,,,"0009-0001-5608-8465","0009-0000-7236-0361",,,,,"f15de970-365e-4f8f-9b4a-f3802e034154"
"d573b798-3b29-4f04-bc6c-afce861e0107","5ff8851f-c8d7-44b6-8d84-7c2a13b4711b","ONAQ_020.mammalGrid.mam","D15","ONAQ","ONAQ_020","J2","distributed","shrubScrub",40.183889,-112.436683,"WGS84",45.1,1627.6,0.1,"6 - trap set and empty","ShermanXLK","2024-04-11","2024-04-11",,,,,,,,,,,,,,,,,,,,,,,,,,,,,,,,,,,,,,,,,,,,,"0009-0005-2133-045X","0009-0001-2150-8968",,,,,"1d85d397-34e7-433a-9870-aa377f871398"
"07e9f886-3f86-4c6e-9220-c924d08230c1","8bb2841c-3340-4ffa-b1fb-5080bf0ca867","ONAQ_003.mammalGrid.mam","D15","ONAQ","ONAQ_003","A4","distributed","shrubScrub",40.206225,-112.428493,"WGS84",45.4,1604.6,0.2,"6 - trap set and empty","ShermanXLK","2024-04-11","2024-04-11",,,,,,,,,,,,,,,,,,,,,,,,,,,,,,,,,,,,,,,,,,,,,"0009-0001-5608-8465","0009-0000-7236-0361",,,,,"1c6dc5b5-2a10-4cec-93a7-8faf50035b61"
"a369ecb7-8d23-44b3-9b2e-7574e9917e74","8bb2841c-3340-4ffa-b1fb-5080bf0ca867","ONAQ_003.mammalGrid.mam","D15","ONAQ","ONAQ_003","E3","distributed","shrubScrub",40.206225,-112.428493,"WGS84",45.4,1604.6,0.2,"6 - trap set and empty","ShermanXLK","2024-04-11","2024-04-11",,,,,,,,,,,,,,,,,,,,,,,,,,,,,,,,,,,,,,,,,,,,,"0009-0001-5608-8465","0009-0000-7236-0361",,,,,"e4bb97de-3970-423d-bd00-51189e17466f"
"f1f80092-695d-492d-8545-f067c57ea41a","8bb2841c-3340-4ffa-b1fb-5080bf0ca867","ONAQ_003.mammalGrid.mam","D15","ONAQ","ONAQ_003","D7","distributed","shrubScrub",40.206225,-112.428493,"WGS84",45.4,1604.6,0.2,"6 - trap set and empty","ShermanXLK","2024-04-11","2024-04-11",,,,,,,,,,,,,,,,,,,,,,,,,,,,,,,,,,,,,,,,,,,,,"0009-0001-5608-8465","0009-0000-7236-0361",,,,,"afb2003f-635d-4345-9117-c6ed04ed2298"
"320169b9-234d-420f-9cf6-a1ca58d93dfc","5ff8851f-c8d7-44b6-8d84-7c2a13b4711b","ONAQ_020.mammalGrid.mam","D15","ONAQ","ONAQ_020","E3","distributed","shrubScrub",40.183889,-112.436683,"WGS84",45.1,1627.6,0.1,"6 - trap set and empty","ShermanXLK","2024-04-11","2024-04-11",,,,,,,,,,,,,,,,,,,,,,,,,,,,,,,,,,,,,,,,,,,,,"0009-0005-2133-045X","0009-0001-2150-8968",,,,,"16a278d8-2e54-482e-bdac-e2d35e4ae4c2"
"9da3e46d-b69e-4e0a-9f5c-98f70902a571","05f63e1d-7d6f-4e56-b060-0be7bc550f9e","ONAQ_005.mammalGrid.mam","D15","ONAQ","ONAQ_005","F8","distributed","shrubScrub",40.180753,-112.429727,"WGS84",45.3,1607.9,0.4,"6 - trap set and empty","ShermanXLK","2024-04-11","2024-04-11",,,,,,,,,,,,,,,,,,,,,,,,,,,,,,,,,,,,,,,,,,,,,"0009-0001-2150-8968","0009-0004-0858-3674",,,,,"64b667d6-6080-4dd0-b7ff-034a34a0ed94"
"d941cdb8-04d8-41d9-a3ef-d358bcad8993","05f63e1d-7d6f-4e56-b060-0be7bc550f9e","ONAQ_005.mammalGrid.mam","D15","ONAQ","ONAQ_005","A9","distributed","shrubScrub",40.180753,-112.429727,"WGS84",45.3,1607.9,0.4,"6 - trap set and empty","ShermanXLK","2024-04-11","2024-04-11",,,,,,,,,,,,,,,,,,,,,,,,,,,,,,,,,,,,,,,,,,,,,"0009-0001-2150-8968","0009-0004-0858-3674",,,,,"05cbe163-a963-469b-a216-95dd1925849d"
"c5663684-78e8-4048-b3b9-0a9435a2bc78","05f63e1d-7d6f-4e56-b060-0be7bc550f9e","ONAQ_005.mammalGrid.mam","D15","ONAQ","ONAQ_005","B5","distributed","shrubScrub",40.180753,-112.429727,"WGS84",45.3,1607.9,0.4,"6 - trap set and empty","ShermanXLK","2024-04-11","2024-04-11",,,,,,,,,,,,,,,,,,,,,,,,,,,,,,,,,,,,,,,,,,,,,"0009-0001-2150-8968","0009-0004-0858-3674",,,,,"1028b07c-9f76-48e4-83bb-950cfa635c3a"
"abf4cc5b-1750-4d25-9a18-3daec304f325","05f63e1d-7d6f-4e56-b060-0be7bc550f9e","ONAQ_005.mammalGrid.mam","D15","ONAQ","ONAQ_005","F10","distributed","shrubScrub",40.180753,-112.429727,"WGS84",45.3,1607.9,0.4,"6 - trap set and empty","ShermanXLK","2024-04-11","2024-04-11",,,,,,,,,,,,,,,,,,,,,,,,,,,,,,,,,,,,,,,,,,,,,"0009-0001-2150-8968","0009-0004-0858-3674",,,,,"abbf6276-4f14-4700-9527-3b4e0614a877"
"257680b5-da2f-4286-8db8-5528597a91ee","8bb2841c-3340-4ffa-b1fb-5080bf0ca867","ONAQ_003.mammalGrid.mam","D15","ONAQ","ONAQ_003","E6","distributed","shrubScrub",40.206225,-112.428493,"WGS84",45.4,1604.6,0.2,"5 - capture","ShermanXLK","2024-04-11","2024-04-11","NEON.MAM.D15.R6090",,"DIORDIMI","Dipodomys ordii/microps","speciesGroup",,,,,"N","M","N","processed",,"juvenile","nonscrotal",,,,34,10,90,,,"U","U","U",,"fleas","dry ice",,,,,,,,,,,,,,,"0009-0001-5608-8465","0009-0000-7236-0361",,,,,"028b7711-3b79-41d0-aa66-f1d16e2cc1e7"
"edbfb69c-cb4c-4092-82f6-f682062d061d","5ff8851f-c8d7-44b6-8d84-7c2a13b4711b","ONAQ_020.mammalGrid.mam","D15","ONAQ","ONAQ_020","B4","distributed","shrubScrub",40.183889,-112.436683,"WGS84",45.1,1627.6,0.1,"5 - capture","ShermanXLK","2024-04-11","2024-04-11","NEON.MAM.D15.O020B420240411",,"DIMI","Dipodomys microps","species",,,"0136275c-39df-4f64-bd54-f17abc92f5e3","taxonID","N","U","N","dead",,"unknown",,,,,,,,,,"U","U","U",,"did not check","dry ice",,,,,,,,,,,,,"ONAQ.20240411.O020B420240411.V","D00000215442","0009-0005-2133-045X","0009-0001-2150-8968","0000-0002-0878-4132","2024-11-05",,,"0db7f9ce-bc8f-448f-857e-a8e277f5c8e4"
"cf11e3de-ac75-48d8-ade2-b843dc36694b","05f63e1d-7d6f-4e56-b060-0be7bc550f9e","ONAQ_005.mammalGrid.mam","D15","ONAQ","ONAQ_005","A1","distributed","shrubScrub",40.180753,-112.429727,"WGS84",45.3,1607.9,0.4,"6 - trap set and empty","ShermanXLK","2024-04-11","2024-04-11",,,,,,,,,,,,,,,,,,,,,,,,,,,,,,,,,,,,,,,,,,,,,"0009-0001-2150-8968","0009-0004-0858-3674",,,,,"12f5bd98-5616-4224-9c6a-d4c6f5453b37"
"5cd7a11c-561f-4331-a1b4-7090c0227c31","5ff8851f-c8d7-44b6-8d84-7c2a13b4711b","ONAQ_020.mammalGrid.mam","D15","ONAQ","ONAQ_020","D4","distributed","shrubScrub",40.183889,-112.436683,"WGS84",45.1,1627.6,0.1,"6 - trap set and empty","ShermanXLK","2024-04-11","2024-04-11",,,,,,,,,,,,,,,,,,,,,,,,,,,,,,,,,,,,,,,,,,,,,"0009-0005-2133-045X","0009-0001-2150-8968",,,,,"44c0c277-873c-44a3-9d3b-01a0c88a463f"
"4c73f5f6-30cf-492d-b82d-f195a98329d8","8bb2841c-3340-4ffa-b1fb-5080bf0ca867","ONAQ_003.mammalGrid.mam","D15","ONAQ","ONAQ_003","G10","distributed","shrubScrub",40.206225,-112.428493,"WGS84",45.4,1604.6,0.2,"5 - capture","ShermanXLK","2024-04-11","2024-04-11","NEON.MAM.D15.443293",,"PEPA","Perognathus parvus","species",,,,,"N","M","Y","processed",,"adult","scrotal",,,,,,,,,"U","U","U",,"did not check","dry ice",,,,,,,,,,,,,,,"0009-0001-5608-8465","0009-0000-7236-0361",,,,,"9e62b092-d9ed-4b8e-85e1-47d31d5716ac"
"4939332c-4f01-4a44-be2c-68564af8f95f","5ff8851f-c8d7-44b6-8d84-7c2a13b4711b","ONAQ_020.mammalGrid.mam","D15","ONAQ","ONAQ_020","A3","distributed","shrubScrub",40.183889,-112.436683,"WGS84",45.1,1627.6,0.1,"6 - trap set and empty","ShermanXLK","2024-04-11","2024-04-11",,,,,,,,,,,,,,,,,,,,,,,,,,,,,,,,,,,,,,,,,,,,,"0009-0005-2133-045X","0009-0001-2150-8968",,,,,"9760793b-9852-4708-85be-9dea32515a26"
"4ac7e592-15ba-474a-a3e9-0fd9be949e84","5ff8851f-c8d7-44b6-8d84-7c2a13b4711b","ONAQ_020.mammalGrid.mam","D15","ONAQ","ONAQ_020","A6","distributed","shrubScrub",40.183889,-112.436683,"WGS84",45.1,1627.6,0.1,"6 - trap set and empty","ShermanXLK","2024-04-11","2024-04-11",,,,,,,,,,,,,,,,,,,,,,,,,,,,,,,,,,,,,,,,,,,,,"0009-0005-2133-045X","0009-0001-2150-8968",,,,,"2b93b3d7-1c9a-4add-8252-d9f38767f348"
"90e314a0-0aaf-4e70-bc0a-bd0a982eb28d","8bb2841c-3340-4ffa-b1fb-5080bf0ca867","ONAQ_003.mammalGrid.mam","D15","ONAQ","ONAQ_003","C10","distributed","shrubScrub",40.206225,-112.428493,"WGS84",45.4,1604.6,0.2,"5 - capture","ShermanXLK","2024-04-11","2024-04-11","NEON.MAM.D15.R5796",,"DIORDIMI","Dipodomys ordii/microps","speciesGroup",,,,,"N","M","Y","processed",,"adult","scrotal",,,,,,,,,"U","U","U",,"did not check","dry ice",,,,,,,,,,,,,,,"0009-0001-5608-8465","0009-0000-7236-0361",,,,,"e1d5b8c7-1368-4c57-9f55-19b65e5c49b5"
"825ad2a2-0856-4951-aaa6-101177da0c90","5ff8851f-c8d7-44b6-8d84-7c2a13b4711b","ONAQ_020.mammalGrid.mam","D15","ONAQ","ONAQ_020","G1","distributed","shrubScrub",40.183889,-112.436683,"WGS84",45.1,1627.6,0.1,"5 - capture","ShermanXLK","2024-04-11","2024-04-11","NEON.MAM.D15.R5805",,"PEMA","Peromyscus maniculatus","species",,,,,"N","F","N","processed",,"adult",,"nonenlarged","not","swollen",,,,,21,"U","U","U",,"did not check","dry ice",,,"unsuccessful",,,,,,,,,,,,"0009-0005-2133-045X","0009-0001-2150-8968",,,,,"41d75b8c-4fd2-406f-8f18-8f6911cc8dde"
"de67abe4-3b18-4161-bf8a-6af28b2c8722","5ff8851f-c8d7-44b6-8d84-7c2a13b4711b","ONAQ_020.mammalGrid.mam","D15","ONAQ","ONAQ_020","F4","distributed","shrubScrub",40.183889,-112.436683,"WGS84",45.1,1627.6,0.1,"6 - trap set and empty","ShermanXLK","2024-04-11","2024-04-11",,,,,,,,,,,,,,,,,,,,,,,,,,,,,,,,,,,,,,,,,,,,,"0009-0005-2133-045X","0009-0001-2150-8968",,,,,"7540a8f4-34e2-4895-85fb-365f4f325be4"
"e2e25f8a-62d3-4351-a098-12868b73f38a","05f63e1d-7d6f-4e56-b060-0be7bc550f9e","ONAQ_005.mammalGrid.mam","D15","ONAQ","ONAQ_005","A4","distributed","shrubScrub",40.180753,-112.429727,"WGS84",45.3,1607.9,0.4,"5 - capture","ShermanXLK","2024-04-11","2024-04-11","NEON.MAM.D15.R5818",,"PEMA","Peromyscus maniculatus","species",,,,,"N","M","N","processed",,"adult","scrotal",,,,,,,,16,"U","U","U",,"did not check","dry ice",,,"unsuccessful",,,,,,,,,,,,"0009-0001-2150-8968","0009-0004-0858-3674",,,,,"2d554794-3626-4560-bf37-bffc27273d55"
"16b44692-ddb9-4b83-b925-37405b252c1d","5ff8851f-c8d7-44b6-8d84-7c2a13b4711b","ONAQ_020.mammalGrid.mam","D15","ONAQ","ONAQ_020","J1","distributed","shrubScrub",40.183889,-112.436683,"WGS84",45.1,1627.6,0.1,"5 - capture","ShermanXLK","2024-04-11","2024-04-11","NEON.MAM.D15.R5768",,"PEMA","Peromyscus maniculatus","species",,,,,"N","M","Y","processed",,"adult","nonscrotal",,,,,,,,16,"U","U","U",,"did not check","dry ice",,,,,,,,,,,,,,,"0009-0005-2133-045X","0009-0001-2150-8968",,,,,"fcabc0e4-7294-46d4-ae87-bff62db0fde7"
"3e07fe5b-9704-4f70-b874-a7e8cb241458","5ff8851f-c8d7-44b6-8d84-7c2a13b4711b","ONAQ_020.mammalGrid.mam","D15","ONAQ","ONAQ_020","I9","distributed","shrubScrub",40.183889,-112.436683,"WGS84",45.1,1627.6,0.1,"5 - capture","ShermanXLK","2024-04-11","2024-04-11","NEON.MAM.D15.R5808",,"PEMA","Peromyscus maniculatus","species",,,,,"N","F","N","processed",,"adult",,"nonenlarged","not","neither",,,,,18,"U","U","U",,"did not check","dry ice","ONAQ.20240411.R5808.B","D00000141118","mandibular",,,,,,,,,,,,"0009-0005-2133-045X","0009-0001-2150-8968",,,,,"979aa4e1-12e3-4bfd-90d2-1ab8c3bffbde"
"9d080199-c6d3-439b-b28f-a3186787bf34","5ff8851f-c8d7-44b6-8d84-7c2a13b4711b","ONAQ_020.mammalGrid.mam","D15","ONAQ","ONAQ_020","C5","distributed","shrubScrub",40.183889,-112.436683,"WGS84",45.1,1627.6,0.1,"6 - trap set and empty","ShermanXLK","2024-04-11","2024-04-11",,,,,,,,,,,,,,,,,,,,,,,,,,,,,,,,,,,,,,,,,,,,,"0009-0005-2133-045X","0009-0001-2150-8968",,,,,"e053f2ee-d2a3-4382-b09c-0787dcfd226b"
"831b9aaa-6191-40f1-90af-714846d7a2f8","8bb2841c-3340-4ffa-b1fb-5080bf0ca867","ONAQ_003.mammalGrid.mam","D15","ONAQ","ONAQ_003","E5","distributed","shrubScrub",40.206225,-112.428493,"WGS84",45.4,1604.6,0.2,"6 - trap set and empty","ShermanXLK","2024-04-11","2024-04-11",,,,,,,,,,,,,,,,,,,,,,,,,,,,,,,,,,,,,,,,,,,,,"0009-0001-5608-8465","0009-0000-7236-0361",,,,,"0f7c19f7-9dd2-442a-acbb-0f173958dffa"
"1d324887-f8fb-4fbd-9d4f-c6c2a68b0f28","8bb2841c-3340-4ffa-b1fb-5080bf0ca867","ONAQ_003.mammalGrid.mam","D15","ONAQ","ONAQ_003","C3","distributed","shrubScrub",40.206225,-112.428493,"WGS84",45.4,1604.6,0.2,"6 - trap set and empty","ShermanXLK","2024-04-11","2024-04-11",,,,,,,,,,,,,,,,,,,,,,,,,,,,,,,,,,,,,,,,,,,,,"0009-0001-5608-8465","0009-0000-7236-0361",,,,,"c7e5abd1-a1da-456b-b1cc-168ba7da2cb4"
"e7f86a75-f0ce-4e0f-ad58-da49b841430f","8bb2841c-3340-4ffa-b1fb-5080bf0ca867","ONAQ_003.mammalGrid.mam","D15","ONAQ","ONAQ_003","I3","distributed","shrubScrub",40.206225,-112.428493,"WGS84",45.4,1604.6,0.2,"6 - trap set and empty","ShermanXLK","2024-04-11","2024-04-11",,,,,,,,,,,,,,,,,,,,,,,,,,,,,,,,,,,,,,,,,,,,,"0009-0001-5608-8465","0009-0000-7236-0361",,,,,"6d445182-46dd-4672-aeb4-9d17606e341a"
"90ccb8e6-d507-43a3-8627-365096996001","1fad8a40-9b3b-4bcf-a532-2a00f8de5f45","ONAQ_003.mammalGrid.mam","D15","ONAQ","ONAQ_003","E10","distributed","shrubScrub",40.206225,-112.428493,"WGS84",45.4,1604.6,0.2,"1 - trap not set","ShermanXLK","2024-04-12","2024-04-12",,,,,,,,,,,,,,,,,,,,,,,,,,,,,"did not check","dry ice",,,,,,,,,,,,,,,"0009-0000-7236-0361","0009-0001-2150-8968",,,,,"2d2439c4-69ff-44f6-99e1-220143851f22"
"c7de49c1-6be0-4e4b-a980-998ce6b5d5c6","694f0351-35af-4538-a55b-6152e8c33959","ONAQ_023.mammalGrid.mam","D15","ONAQ","ONAQ_023","C2","distributed","evergreenForest",40.195079,-112.504944,"WGS84",45.1,1881.2,0.1,"1 - trap not set","ShermanXLK","2024-04-12","2024-04-12",,,,,,,,,,,,,,,,,,,,,,,,,,,,,,,,,,,,,,,,,,,,,"0009-0001-2150-8968","0009-0001-2150-8968",,,,,"a94877d0-8ce7-40b9-aa0f-173a597d7aaf"
"4dad85f7-83c4-43a8-bdfe-240b6ceceadb","0b6bf725-c8b2-4ddc-8dbc-b265a54d3f72","ONAQ_005.mammalGrid.mam","D15","ONAQ","ONAQ_005","B2","distributed","shrubScrub",40.180753,-112.429727,"WGS84",45.3,1607.9,0.4,"6 - trap set and empty","ShermanXLK","2024-04-12","2024-04-12",,,,,,,,,,,,,,,,,,,,,,,,,,,,,,,,,,,,,,,,,,,,,"0009-0001-2150-8968","0009-0000-7236-0361",,,,,"6c0c6df8-29d0-4f9b-a7a3-2b0569096f26"
"6b7aea80-7fd9-47c6-93ae-e351ffbe2756","0b6bf725-c8b2-4ddc-8dbc-b265a54d3f72","ONAQ_005.mammalGrid.mam","D15","ONAQ","ONAQ_005","I1","distributed","shrubScrub",40.180753,-112.429727,"WGS84",45.3,1607.9,0.4,"5 - capture","ShermanXLK","2024-04-12","2024-04-12","NEON.MAM.D15.R5737",,"DIORDIMI","Dipodomys ordii/microps","speciesGroup",,,,,"N","F","N","processed",,"adult",,"enlarged","pregnant","not plugged",,,,,79,"U","U","U",,"fleas","dry ice",,,,,,,,,,,,,,,"0009-0001-2150-8968","0009-0000-7236-0361",,,,,"e4779abd-246a-41d8-a93a-b20f3a1ceac5"
"78e6a06e-9ee1-4af0-94fa-cb9bf390085a","65dac64e-3317-4e8c-864a-9b8f9439f440","ONAQ_019.mammalGrid.mam","D15","ONAQ","ONAQ_019","J9","distributed","shrubScrub",40.174342,-112.480716,"WGS84",45.1,1724.4,0.1,"1 - trap not set","ShermanXLK","2024-04-12","2024-04-12",,,,,,,,,,,,,,,,,,,,,,,,,,,,,,,,,,,,,,,,,,,,,"0009-0001-2150-8968","0009-0001-2150-8968",,,,,"ca6039d5-5c26-4193-b660-e86cf48dcc22"
"2efc1802-d8cf-4dda-aac6-4eef4c9397dd","5fc1a4da-69be-47d1-8579-eacaf40176e2","ONAQ_020.mammalGrid.mam","D15","ONAQ","ONAQ_020","I8","distributed","shrubScrub",40.183889,-112.436683,"WGS84",45.1,1627.6,0.1,"6 - trap set and empty","ShermanXLK","2024-04-12","2024-04-12",,,,,,,,,,,,,,,,,,,,,,,,,,,,,,,,,,,,,,,,,,,,,"0009-0001-5608-8465","0009-0005-2133-045X",,,,,"c19b31f2-9dbc-4090-aa5b-ee00105a7756"
"4fa0ed78-18c9-43ed-82dc-f057a3271812","0b6bf725-c8b2-4ddc-8dbc-b265a54d3f72","ONAQ_005.mammalGrid.mam","D15","ONAQ","ONAQ_005","F1","distributed","shrubScrub",40.180753,-112.429727,"WGS84",45.3,1607.9,0.4,"5 - capture","ShermanXLK","2024-04-12","2024-04-12","NEON.MAM.D15.R5642",,"PEMA","Peromyscus maniculatus","species",,,,,"N","M","Y","processed",,"adult","nonscrotal",,,,,,,,17,"U","U","U",,"did not check","dry ice",,,,,,,,,,,,,,,"0009-0001-2150-8968","0009-0000-7236-0361",,,,,"7ce0ca62-8a7d-4a96-8656-f8c1b3fb279c"
"a7d0b7b8-1d6e-475e-9e53-a5608edff9f4","694f0351-35af-4538-a55b-6152e8c33959","ONAQ_023.mammalGrid.mam","D15","ONAQ","ONAQ_023","C5","distributed","evergreenForest",40.195079,-112.504944,"WGS84",45.1,1881.2,0.1,"1 - trap not set","ShermanXLK","2024-04-12","2024-04-12",,,,,,,,,,,,,,,,,,,,,,,,,,,,,,,,,,,,,,,,,,,,,"0009-0001-2150-8968","0009-0001-2150-8968",,,,,"35d4168a-190c-4d41-aeff-5d911a1af5b1"
"d8b3cdf9-89ed-4deb-a25e-0bb12b8a7425","65dac64e-3317-4e8c-864a-9b8f9439f440","ONAQ_019.mammalGrid.mam","D15","ONAQ","ONAQ_019","J8","distributed","shrubScrub",40.174342,-112.480716,"WGS84",45.1,1724.4,0.1,"1 - trap not set","ShermanXLK","2024-04-12","2024-04-12",,,,,,,,,,,,,,,,,,,,,,,,,,,,,,,,,,,,,,,,,,,,,"0009-0001-2150-8968","0009-0001-2150-8968",,,,,"95462804-7ed3-419a-a74a-628bdba5d806"
"a81eda8a-a7bf-4ed9-a15d-606665c3a80b","694f0351-35af-4538-a55b-6152e8c33959","ONAQ_023.mammalGrid.mam","D15","ONAQ","ONAQ_023","F8","distributed","evergreenForest",40.195079,-112.504944,"WGS84",45.1,1881.2,0.1,"1 - trap not set","ShermanXLK","2024-04-12","2024-04-12",,,,,,,,,,,,,,,,,,,,,,,,,,,,,,,,,,,,,,,,,,,,,"0009-0001-2150-8968","0009-0001-2150-8968",,,,,"1ecab5fd-0817-4df0-a0b8-2511aa152d15"
"dd1840a5-d454-457b-b1ab-e576bdcbf738","65dac64e-3317-4e8c-864a-9b8f9439f440","ONAQ_019.mammalGrid.mam","D15","ONAQ","ONAQ_019","C8","distributed","shrubScrub",40.174342,-112.480716,"WGS84",45.1,1724.4,0.1,"1 - trap not set","ShermanXLK","2024-04-12","2024-04-12",,,,,,,,,,,,,,,,,,,,,,,,,,,,,,,,,,,,,,,,,,,,,"0009-0001-2150-8968","0009-0001-2150-8968",,,,,"61b68a85-5def-4542-8bca-9ef60b3551aa"
"bba4c344-810f-4dd2-99af-cdeaf5fd29dd","1fad8a40-9b3b-4bcf-a532-2a00f8de5f45","ONAQ_003.mammalGrid.mam","D15","ONAQ","ONAQ_003","G8","distributed","shrubScrub",40.206225,-112.428493,"WGS84",45.4,1604.6,0.2,"1 - trap not set","ShermanXLK","2024-04-12","2024-04-12",,,,,,,,,,,,,,,,,,,,,,,,,,,,,"did not check","dry ice",,,,,,,,,,,,,,,"0009-0000-7236-0361","0009-0001-2150-8968",,,,,"a10fecea-36af-48a4-885b-24cd529bb477"
"38b45ecd-f7d4-4bca-a459-ed985b1683dd","694f0351-35af-4538-a55b-6152e8c33959","ONAQ_023.mammalGrid.mam","D15","ONAQ","ONAQ_023","D1","distributed","evergreenForest",40.195079,-112.504944,"WGS84",45.1,1881.2,0.1,"1 - trap not set","ShermanXLK","2024-04-12","2024-04-12",,,,,,,,,,,,,,,,,,,,,,,,,,,,,,,,,,,,,,,,,,,,,"0009-0001-2150-8968","0009-0001-2150-8968",,,,,"338123d2-a6d4-4d46-a1c6-d19d0aacb8a3"
"fd597147-5915-4b7f-bdf6-141ea4ca580f","1fad8a40-9b3b-4bcf-a532-2a00f8de5f45","ONAQ_003.mammalGrid.mam","D15","ONAQ","ONAQ_003","B10","distributed","shrubScrub",40.206225,-112.428493,"WGS84",45.4,1604.6,0.2,"5 - capture","ShermanXLK","2024-04-12","2024-04-12","NEON.MAM.D15.R6091",,"PEMA","Peromyscus maniculatus","species",,,,,"N","M","Y","processed",,"adult","scrotal",,,,,,,,,"U","U","U",,"did not check","dry ice",,,,,,,,,,,,,,,"0009-0000-7236-0361","0009-0001-2150-8968",,,,,"d54d67d2-d198-4432-b617-60fe7d5e5a24"
"4dd00dd9-a745-4e35-8e75-ae56226b1f21","6a52ab3b-f583-4c40-a237-1d54fbe3a4c4","ONAQ_004.mammalGrid.mam","D15","ONAQ","ONAQ_004","I6","distributed","shrubScrub",40.186515,-112.474083,"WGS84",45.1,1718.1,0.1,"1 - trap not set","ShermanXLK","2024-04-12","2024-04-12",,,,,,,,,,,,,,,,,,,,,,,,,,,,,,,,,,,,,,,,,,,,,"0009-0001-2150-8968","0009-0001-2150-8968",,,,,"90a425fe-64b2-4a8a-a9ff-6307eceefd78"
"9b58acce-3e2f-4c20-a1c8-ff30393cdebe","694f0351-35af-4538-a55b-6152e8c33959","ONAQ_023.mammalGrid.mam","D15","ONAQ","ONAQ_023","F3","distributed","evergreenForest",40.195079,-112.504944,"WGS84",45.1,1881.2,0.1,"1 - trap not set","ShermanXLK","2024-04-12","2024-04-12",,,,,,,,,,,,,,,,,,,,,,,,,,,,,,,,,,,,,,,,,,,,,"0009-0001-2150-8968","0009-0001-2150-8968",,,,,"f91146af-87c3-4d03-b7b1-f0963519ce67"
"7223b49e-c696-473f-909f-0ef3626d75af","65dac64e-3317-4e8c-864a-9b8f9439f440","ONAQ_019.mammalGrid.mam","D15","ONAQ","ONAQ_019","E1","distributed","shrubScrub",40.174342,-112.480716,"WGS84",45.1,1724.4,0.1,"1 - trap not set","ShermanXLK","2024-04-12","2024-04-12",,,,,,,,,,,,,,,,,,,,,,,,,,,,,,,,,,,,,,,,,,,,,"0009-0001-2150-8968","0009-0001-2150-8968",,,,,"72d4afe0-949d-4d95-ba59-169fd586899c"
"0e9292ee-8fe6-4004-a8b0-4e9e079736f5","1fad8a40-9b3b-4bcf-a532-2a00f8de5f45","ONAQ_003.mammalGrid.mam","D15","ONAQ","ONAQ_003","C6","distributed","shrubScrub",40.206225,-112.428493,"WGS84",45.4,1604.6,0.2,"5 - capture","ShermanXLK","2024-04-12","2024-04-12","NEON.MAM.D15.R5513",,"DIORDIMI","Dipodomys ordii/microps","speciesGroup",,,,,"N","F","Y","processed",,"adult",,"enlarged","not","swollen",,,,,,"U","U","U",,"did not check","dry ice",,,,,,,,,,,,,,,"0009-0000-7236-0361","0009-0001-2150-8968",,,,,"61f5ff08-b268-42d4-9e52-3c01809ae742"
"1f5a6a2d-0d78-4224-adc8-ed51110e0ff8","65dac64e-3317-4e8c-864a-9b8f9439f440","ONAQ_019.mammalGrid.mam","D15","ONAQ","ONAQ_019","A6","distributed","shrubScrub",40.174342,-112.480716,"WGS84",45.1,1724.4,0.1,"1 - trap not set","ShermanXLK","2024-04-12","2024-04-12",,,,,,,,,,,,,,,,,,,,,,,,,,,,,,,,,,,,,,,,,,,,,"0009-0001-2150-8968","0009-0001-2150-8968",,,,,"26dd238a-22a1-4c3a-b4db-32b3294872d2"
"21582bfd-0f7a-47a0-a818-a6b2f4acc9c2","1fad8a40-9b3b-4bcf-a532-2a00f8de5f45","ONAQ_003.mammalGrid.mam","D15","ONAQ","ONAQ_003","B9","distributed","shrubScrub",40.206225,-112.428493,"WGS84",45.4,1604.6,0.2,"6 - trap set and empty","ShermanXLK","2024-04-12","2024-04-12",,,,,,,,,,,,,,,,,,,,,,,,,,,,,,,,,,,,,,,,,,,,,"0009-0000-7236-0361","0009-0001-2150-8968",,,,,"2e06824a-dd09-4bca-9198-f7bfacd6c1d8"
"405a47bf-fc6d-4d23-a18e-6f4322df1684","1fad8a40-9b3b-4bcf-a532-2a00f8de5f45","ONAQ_003.mammalGrid.mam","D15","ONAQ","ONAQ_003","G7","distributed","shrubScrub",40.206225,-112.428493,"WGS84",45.4,1604.6,0.2,"1 - trap not set","ShermanXLK","2024-04-12","2024-04-12",,,,,,,,,,,,,,,,,,,,,,,,,,,,,"did not check","dry ice",,,,,,,,,,,,,,,"0009-0000-7236-0361","0009-0001-2150-8968",,,,,"02c780a6-0af6-499b-a3f8-961e565664ed"
"8bbd237c-a3b7-41ec-9aa4-2affe0e82e36","1fad8a40-9b3b-4bcf-a532-2a00f8de5f45","ONAQ_003.mammalGrid.mam","D15","ONAQ","ONAQ_003","B2","distributed","shrubScrub",40.206225,-112.428493,"WGS84",45.4,1604.6,0.2,"5 - capture","ShermanXLK","2024-04-12","2024-04-12","NEON.MAM.D15.R6083",,"PEMA","Peromyscus maniculatus","species",,,,,"N","M","Y","processed",,"juvenile","nonscrotal",,,,,,,,,"U","U","U",,"did not check","dry ice",,,,,,,,,,,,,,,"0009-0000-7236-0361","0009-0001-2150-8968",,,,,"99530c8e-d6e0-4a2d-b744-d693616e9011"
"0659006e-7f47-4e6b-851a-84b2674c7ffe","0b6bf725-c8b2-4ddc-8dbc-b265a54d3f72","ONAQ_005.mammalGrid.mam","D15","ONAQ","ONAQ_005","H4","distributed","shrubScrub",40.180753,-112.429727,"WGS84",45.3,1607.9,0.4,"6 - trap set and empty","ShermanXLK","2024-04-12","2024-04-12",,,,,,,,,,,,,,,,,,,,,,,,,,,,,,,,,,,,,,,,,,,,,"0009-0001-2150-8968","0009-0000-7236-0361",,,,,"b971ba73-e9cd-43e9-96e2-3a5ea32ad88c"
"b7b07439-7eb1-415c-8775-2084d85dfb69","65dac64e-3317-4e8c-864a-9b8f9439f440","ONAQ_019.mammalGrid.mam","D15","ONAQ","ONAQ_019","H3","distributed","shrubScrub",40.174342,-112.480716,"WGS84",45.1,1724.4,0.1,"1 - trap not set","ShermanXLK","2024-04-12","2024-04-12",,,,,,,,,,,,,,,,,,,,,,,,,,,,,,,,,,,,,,,,,,,,,"0009-0001-2150-8968","0009-0001-2150-8968",,,,,"89af3b1f-dc34-4bee-944d-64c893b91dbc"
"1b78909e-7ec7-40f7-ac22-c897b3892ec1","6a52ab3b-f583-4c40-a237-1d54fbe3a4c4","ONAQ_004.mammalGrid.mam","D15","ONAQ","ONAQ_004","I2","distributed","shrubScrub",40.186515,-112.474083,"WGS84",45.1,1718.1,0.1,"1 - trap not set","ShermanXLK","2024-04-12","2024-04-12",,,,,,,,,,,,,,,,,,,,,,,,,,,,,,,,,,,,,,,,,,,,,"0009-0001-2150-8968","0009-0001-2150-8968",,,,,"1784f7e1-1599-47f1-9040-160c26080b0a"
"855ce267-749a-4d23-8bd7-c582961dff8d","6a52ab3b-f583-4c40-a237-1d54fbe3a4c4","ONAQ_004.mammalGrid.mam","D15","ONAQ","ONAQ_004","J7","distributed","shrubScrub",40.186515,-112.474083,"WGS84",45.1,1718.1,0.1,"1 - trap not set","ShermanXLK","2024-04-12","2024-04-12",,,,,,,,,,,,,,,,,,,,,,,,,,,,,,,,,,,,,,,,,,,,,"0009-0001-2150-8968","0009-0001-2150-8968",,,,,"3f05b460-6477-4b63-8610-85fec04a8cf3"
"e6cdc072-0a70-4e6b-b051-dbbdddc0a717","6a52ab3b-f583-4c40-a237-1d54fbe3a4c4","ONAQ_004.mammalGrid.mam","D15","ONAQ","ONAQ_004","A5","distributed","shrubScrub",40.186515,-112.474083,"WGS84",45.1,1718.1,0.1,"1 - trap not set","ShermanXLK","2024-04-12","2024-04-12",,,,,,,,,,,,,,,,,,,,,,,,,,,,,,,,,,,,,,,,,,,,,"0009-0001-2150-8968","0009-0001-2150-8968",,,,,"6e349a25-7279-43f8-8d3f-75cbf7ca8bd0"
"29111a06-0b1f-428f-8b4b-bfbc89e115e8","65dac64e-3317-4e8c-864a-9b8f9439f440","ONAQ_019.mammalGrid.mam","D15","ONAQ","ONAQ_019","F3","distributed","shrubScrub",40.174342,-112.480716,"WGS84",45.1,1724.4,0.1,"1 - trap not set","ShermanXLK","2024-04-12","2024-04-12",,,,,,,,,,,,,,,,,,,,,,,,,,,,,,,,,,,,,,,,,,,,,"0009-0001-2150-8968","0009-0001-2150-8968",,,,,"75f80f3a-2130-439c-ac76-8537212aaf4a"
"df5b86e2-8558-447d-8508-c3c712c808d0","65dac64e-3317-4e8c-864a-9b8f9439f440","ONAQ_019.mammalGrid.mam","D15","ONAQ","ONAQ_019","D1","distributed","shrubScrub",40.174342,-112.480716,"WGS84",45.1,1724.4,0.1,"1 - trap not set","ShermanXLK","2024-04-12","2024-04-12",,,,,,,,,,,,,,,,,,,,,,,,,,,,,,,,,,,,,,,,,,,,,"0009-0001-2150-8968","0009-0001-2150-8968",,,,,"49548bb2-a6f5-40f0-b2fa-97144f9c3d78"
"8a92830b-0f71-4ed9-9a02-2d3846a4b8bd","6a52ab3b-f583-4c40-a237-1d54fbe3a4c4","ONAQ_004.mammalGrid.mam","D15","ONAQ","ONAQ_004","F9","distributed","shrubScrub",40.186515,-112.474083,"WGS84",45.1,1718.1,0.1,"1 - trap not set","ShermanXLK","2024-04-12","2024-04-12",,,,,,,,,,,,,,,,,,,,,,,,,,,,,,,,,,,,,,,,,,,,,"0009-0001-2150-8968","0009-0001-2150-8968",,,,,"82252d55-2a68-46c8-8e58-09a71c53ee42"
"0ebe2cfe-dd0e-4b40-aa4c-d34ffb0b7068","65dac64e-3317-4e8c-864a-9b8f9439f440","ONAQ_019.mammalGrid.mam","D15","ONAQ","ONAQ_019","C5","distributed","shrubScrub",40.174342,-112.480716,"WGS84",45.1,1724.4,0.1,"1 - trap not set","ShermanXLK","2024-04-12","2024-04-12",,,,,,,,,,,,,,,,,,,,,,,,,,,,,,,,,,,,,,,,,,,,,"0009-0001-2150-8968","0009-0001-2150-8968",,,,,"1a7334e4-6170-4f45-b9e9-8718d8e09fc8"
"4236dd19-2f35-4b90-91a1-8109efc53db0","1fad8a40-9b3b-4bcf-a532-2a00f8de5f45","ONAQ_003.mammalGrid.mam","D15","ONAQ","ONAQ_003","D5","distributed","shrubScrub",40.206225,-112.428493,"WGS84",45.4,1604.6,0.2,"5 - capture","ShermanXLK","2024-04-12","2024-04-12","NEON.MAM.D15.R4061",,"DIORDIMI","Dipodomys ordii/microps","speciesGroup",,,,,"N","F","Y","processed",,"adult",,"enlarged","not","swollen",,,,,,"U","U","U",,"did not check","dry ice",,,,,,,,,,,,,,,"0009-0000-7236-0361","0009-0001-2150-8968",,,,,"d50cbd34-f015-4007-a966-dc6d7d1cee1d"
"3d51aecb-4060-419b-8740-35cdcf162f8c","694f0351-35af-4538-a55b-6152e8c33959","ONAQ_023.mammalGrid.mam","D15","ONAQ","ONAQ_023","C9","distributed","evergreenForest",40.195079,-112.504944,"WGS84",45.1,1881.2,0.1,"1 - trap not set","ShermanXLK","2024-04-12","2024-04-12",,,,,,,,,,,,,,,,,,,,,,,,,,,,,,,,,,,,,,,,,,,,,"0009-0001-2150-8968","0009-0001-2150-8968",,,,,"d75ef8c4-981b-4cee-bfbb-735f9c7df6b0"
"b6901915-57aa-4bdc-93f2-fec100887a79","694f0351-35af-4538-a55b-6152e8c33959","ONAQ_023.mammalGrid.mam","D15","ONAQ","ONAQ_023","G10","distributed","evergreenForest",40.195079,-112.504944,"WGS84",45.1,1881.2,0.1,"1 - trap not set","ShermanXLK","2024-04-12","2024-04-12",,,,,,,,,,,,,,,,,,,,,,,,,,,,,,,,,,,,,,,,,,,,,"0009-0001-2150-8968","0009-0001-2150-8968",,,,,"ecdadd88-2c0e-4f5a-87db-0794b6433567"
"d5f93dd9-68b7-4f6e-adcd-969a7692461c","0b6bf725-c8b2-4ddc-8dbc-b265a54d3f72","ONAQ_005.mammalGrid.mam","D15","ONAQ","ONAQ_005","J9","distributed","shrubScrub",40.180753,-112.429727,"WGS84",45.3,1607.9,0.4,"5 - capture","ShermanXLK","2024-04-12","2024-04-12","NEON.MAM.D15.R5611",,"PEMA","Peromyscus maniculatus","species",,,,,"N","U","N","processed",,"adult",,,,,,,,,,"U","U","U",,"did not check","dry ice",,,,,,,,,,,,,,,"0009-0001-2150-8968","0009-0000-7236-0361",,,,,"fc1d95a7-3bce-4f87-a7f7-486a2ee4d5e5"
"92079f18-fe13-4af2-922d-acfa79da042c","65dac64e-3317-4e8c-864a-9b8f9439f440","ONAQ_019.mammalGrid.mam","D15","ONAQ","ONAQ_019","C6","distributed","shrubScrub",40.174342,-112.480716,"WGS84",45.1,1724.4,0.1,"1 - trap not set","ShermanXLK","2024-04-12","2024-04-12",,,,,,,,,,,,,,,,,,,,,,,,,,,,,,,,,,,,,,,,,,,,,"0009-0001-2150-8968","0009-0001-2150-8968",,,,,"7ece08ab-0dbd-4dd0-8c5b-bd08a16a8094"
"22e658f4-87ee-4c82-8e12-27616d6eb69a","694f0351-35af-4538-a55b-6152e8c33959","ONAQ_023.mammalGrid.mam","D15","ONAQ","ONAQ_023","J1","distributed","evergreenForest",40.195079,-112.504944,"WGS84",45.1,1881.2,0.1,"1 - trap not set","ShermanXLK","2024-04-12","2024-04-12",,,,,,,,,,,,,,,,,,,,,,,,,,,,,,,,,,,,,,,,,,,,,"0009-0001-2150-8968","0009-0001-2150-8968",,,,,"1a644e03-62bd-455f-8e32-8053cf870553"
"70c8f97b-af7d-47b9-a24d-dccc1c0dbb47","694f0351-35af-4538-a55b-6152e8c33959","ONAQ_023.mammalGrid.mam","D15","ONAQ","ONAQ_023","F7","distributed","evergreenForest",40.195079,-112.504944,"WGS84",45.1,1881.2,0.1,"1 - trap not set","ShermanXLK","2024-04-12","2024-04-12",,,,,,,,,,,,,,,,,,,,,,,,,,,,,,,,,,,,,,,,,,,,,"0009-0001-2150-8968","0009-0001-2150-8968",,,,,"11f2128e-9326-4254-b5c0-bdbe773635f2"
"4fb35f28-97f7-4148-9732-b256cf08c4d0","694f0351-35af-4538-a55b-6152e8c33959","ONAQ_023.mammalGrid.mam","D15","ONAQ","ONAQ_023","A6","distributed","evergreenForest",40.195079,-112.504944,"WGS84",45.1,1881.2,0.1,"1 - trap not set","ShermanXLK","2024-04-12","2024-04-12",,,,,,,,,,,,,,,,,,,,,,,,,,,,,,,,,,,,,,,,,,,,,"0009-0001-2150-8968","0009-0001-2150-8968",,,,,"de30871e-cb5d-4e88-873a-cd97d1497071"
"f02ee283-6713-444d-98bd-76860bf1f07f","1fad8a40-9b3b-4bcf-a532-2a00f8de5f45","ONAQ_003.mammalGrid.mam","D15","ONAQ","ONAQ_003","J10","distributed","shrubScrub",40.206225,-112.428493,"WGS84",45.4,1604.6,0.2,"5 - capture","ShermanXLK","2024-04-12","2024-04-12","NEON.MAM.D15.R4948",,"DIORDIMI","Dipodomys ordii/microps","speciesGroup",,,,,"N","M","Y","processed",,"adult","scrotal",,,,,,,,,"U","U","U",,"did not check","dry ice",,,,,,,,,,,,,,,"0009-0000-7236-0361","0009-0001-2150-8968",,,,,"53c685b5-a7b8-4835-b547-8ac4245961fb"
"40a1235e-e627-4ebe-bb98-955683cb8c85","6a52ab3b-f583-4c40-a237-1d54fbe3a4c4","ONAQ_004.mammalGrid.mam","D15","ONAQ","ONAQ_004","I9","distributed","shrubScrub",40.186515,-112.474083,"WGS84",45.1,1718.1,0.1,"1 - trap not set","ShermanXLK","2024-04-12","2024-04-12",,,,,,,,,,,,,,,,,,,,,,,,,,,,,,,,,,,,,,,,,,,,,"0009-0001-2150-8968","0009-0001-2150-8968",,,,,"a4f0c9cf-24eb-4a13-aab1-6c91319c7f90"
"79424fea-0c2c-4c1a-876c-507caa450457","0b6bf725-c8b2-4ddc-8dbc-b265a54d3f72","ONAQ_005.mammalGrid.mam","D15","ONAQ","ONAQ_005","G3","distributed","shrubScrub",40.180753,-112.429727,"WGS84",45.3,1607.9,0.4,"1 - trap not set","ShermanXLK","2024-04-12","2024-04-12",,,,,,,,,,,,,,,,,,,,,,,,,,,,,"did not check","dry ice",,,,,,,,,,,,,,,"0009-0001-2150-8968","0009-0000-7236-0361",,,,,"2837a056-43c8-4ea4-92c1-3735d7e4111b"
"175a9ff7-a430-472e-a222-ea4b751a6517","65dac64e-3317-4e8c-864a-9b8f9439f440","ONAQ_019.mammalGrid.mam","D15","ONAQ","ONAQ_019","C7","distributed","shrubScrub",40.174342,-112.480716,"WGS84",45.1,1724.4,0.1,"1 - trap not set","ShermanXLK","2024-04-12","2024-04-12",,,,,,,,,,,,,,,,,,,,,,,,,,,,,,,,,,,,,,,,,,,,,"0009-0001-2150-8968","0009-0001-2150-8968",,,,,"926a8a23-31b0-41c4-9dd2-680624e9573d"
"f6de1935-6b34-4aae-a97b-f294f0c90577","0b6bf725-c8b2-4ddc-8dbc-b265a54d3f72","ONAQ_005.mammalGrid.mam","D15","ONAQ","ONAQ_005","H10","distributed","shrubScrub",40.180753,-112.429727,"WGS84",45.3,1607.9,0.4,"5 - capture","ShermanXLK","2024-04-12","2024-04-12","NEON.MAM.D15.099842",,"PEPA","Perognathus parvus","species",,,,,"N","U","Y","processed",,"adult",,,,,,,,,,"U","U","U",,"did not check","dry ice",,,,,,,,,,,,,,,"0009-0001-2150-8968","0009-0000-7236-0361",,,,,"0056c41f-84b9-46c2-8e69-939da8882abe"
"94f61e64-895e-43db-94b8-c0797aa4e295","694f0351-35af-4538-a55b-6152e8c33959","ONAQ_023.mammalGrid.mam","D15","ONAQ","ONAQ_023","G6","distributed","evergreenForest",40.195079,-112.504944,"WGS84",45.1,1881.2,0.1,"1 - trap not set","ShermanXLK","2024-04-12","2024-04-12",,,,,,,,,,,,,,,,,,,,,,,,,,,,,,,,,,,,,,,,,,,,,"0009-0001-2150-8968","0009-0001-2150-8968",,,,,"4156e7fe-fff1-4405-9052-d5df9f7e336f"
"b6df2e3c-2c28-442f-885a-9d94d35b9037","6a52ab3b-f583-4c40-a237-1d54fbe3a4c4","ONAQ_004.mammalGrid.mam","D15","ONAQ","ONAQ_004","A9","distributed","shrubScrub",40.186515,-112.474083,"WGS84",45.1,1718.1,0.1,"1 - trap not set","ShermanXLK","2024-04-12","2024-04-12",,,,,,,,,,,,,,,,,,,,,,,,,,,,,,,,,,,,,,,,,,,,,"0009-0001-2150-8968","0009-0001-2150-8968",,,,,"cdfc146b-8072-459d-8121-1acc7cb95724"
"7cdbcc61-ffce-420b-955d-8067856f0c46","65dac64e-3317-4e8c-864a-9b8f9439f440","ONAQ_019.mammalGrid.mam","D15","ONAQ","ONAQ_019","I3","distributed","shrubScrub",40.174342,-112.480716,"WGS84",45.1,1724.4,0.1,"1 - trap not set","ShermanXLK","2024-04-12","2024-04-12",,,,,,,,,,,,,,,,,,,,,,,,,,,,,,,,,,,,,,,,,,,,,"0009-0001-2150-8968","0009-0001-2150-8968",,,,,"c83d4b95-1f71-4119-b704-98e3d1adb038"
"c7093a1e-7d3b-4375-a6b0-9967fecc2855","6a52ab3b-f583-4c40-a237-1d54fbe3a4c4","ONAQ_004.mammalGrid.mam","D15","ONAQ","ONAQ_004","C8","distributed","shrubScrub",40.186515,-112.474083,"WGS84",45.1,1718.1,0.1,"1 - trap not set","ShermanXLK","2024-04-12","2024-04-12",,,,,,,,,,,,,,,,,,,,,,,,,,,,,,,,,,,,,,,,,,,,,"0009-0001-2150-8968","0009-0001-2150-8968",,,,,"e0d89934-7600-4309-8a35-7fc210f874d3"
"4ed08c95-24df-44ef-9c38-6927663376aa","0b6bf725-c8b2-4ddc-8dbc-b265a54d3f72","ONAQ_005.mammalGrid.mam","D15","ONAQ","ONAQ_005","H2","distributed","shrubScrub",40.180753,-112.429727,"WGS84",45.3,1607.9,0.4,"5 - capture","ShermanXLK","2024-04-12","2024-04-12","NEON.MAM.D15.R5744",,"DIORDIMI","Dipodomys ordii/microps","speciesGroup",,,,,"N","F","N","processed",,"adult",,"enlarged","not","swollen",,,,,49,"U","U","U",,"did not check","dry ice",,,,,,,,,,,,,,,"0009-0001-2150-8968","0009-0000-7236-0361",,,,,"b042e0d5-33a1-4896-ab97-cc98be19aa16"
"716bd82b-09c4-406c-a644-d85099d27ea1","65dac64e-3317-4e8c-864a-9b8f9439f440","ONAQ_019.mammalGrid.mam","D15","ONAQ","ONAQ_019","B2","distributed","shrubScrub",40.174342,-112.480716,"WGS84",45.1,1724.4,0.1,"1 - trap not set","ShermanXLK","2024-04-12","2024-04-12",,,,,,,,,,,,,,,,,,,,,,,,,,,,,,,,,,,,,,,,,,,,,"0009-0001-2150-8968","0009-0001-2150-8968",,,,,"ec987aa4-9901-4c1f-bf27-03ce376269f8"
"ea20b1f7-b42d-4313-9da0-d5dac40a02e3","65dac64e-3317-4e8c-864a-9b8f9439f440","ONAQ_019.mammalGrid.mam","D15","ONAQ","ONAQ_019","B5","distributed","shrubScrub",40.174342,-112.480716,"WGS84",45.1,1724.4,0.1,"1 - trap not set","ShermanXLK","2024-04-12","2024-04-12",,,,,,,,,,,,,,,,,,,,,,,,,,,,,,,,,,,,,,,,,,,,,"0009-0001-2150-8968","0009-0001-2150-8968",,,,,"cf7e3425-5916-4eb6-9a83-f42e4a2072e9"
"686b1c70-45ec-4367-9091-aa5b8a749c25","6a52ab3b-f583-4c40-a237-1d54fbe3a4c4","ONAQ_004.mammalGrid.mam","D15","ONAQ","ONAQ_004","G1","distributed","shrubScrub",40.186515,-112.474083,"WGS84",45.1,1718.1,0.1,"1 - trap not set","ShermanXLK","2024-04-12","2024-04-12",,,,,,,,,,,,,,,,,,,,,,,,,,,,,,,,,,,,,,,,,,,,,"0009-0001-2150-8968","0009-0001-2150-8968",,,,,"d1456809-788c-4c06-a65b-829f655a345f"
"c4f605b3-6829-4f27-aa7b-8ff7117e34a7","694f0351-35af-4538-a55b-6152e8c33959","ONAQ_023.mammalGrid.mam","D15","ONAQ","ONAQ_023","G5","distributed","evergreenForest",40.195079,-112.504944,"WGS84",45.1,1881.2,0.1,"1 - trap not set","ShermanXLK","2024-04-12","2024-04-12",,,,,,,,,,,,,,,,,,,,,,,,,,,,,,,,,,,,,,,,,,,,,"0009-0001-2150-8968","0009-0001-2150-8968",,,,,"6beea80f-9c40-4324-841f-83c1ebc27885"
"162ef48b-73de-4861-883c-132ae9184c8d","694f0351-35af-4538-a55b-6152e8c33959","ONAQ_023.mammalGrid.mam","D15","ONAQ","ONAQ_023","A4","distributed","evergreenForest",40.195079,-112.504944,"WGS84",45.1,1881.2,0.1,"1 - trap not set","ShermanXLK","2024-04-12","2024-04-12",,,,,,,,,,,,,,,,,,,,,,,,,,,,,,,,,,,,,,,,,,,,,"0009-0001-2150-8968","0009-0001-2150-8968",,,,,"e762296f-4b65-48aa-9b50-9ffe89b4e041"
"c1ed3011-0387-430c-a1d3-ae553417e87b","0b6bf725-c8b2-4ddc-8dbc-b265a54d3f72","ONAQ_005.mammalGrid.mam","D15","ONAQ","ONAQ_005","J10","distributed","shrubScrub",40.180753,-112.429727,"WGS84",45.3,1607.9,0.4,"5 - capture","ShermanXLK","2024-04-12","2024-04-12","NEON.MAM.D15.R4910",,"PEMA","Peromyscus maniculatus","species",,,,,"N","M","Y","processed",,"adult","nonscrotal",,,,,,,,23,"U","U","U",,"did not check","dry ice",,,,,,,,,,,,,,,"0009-0001-2150-8968","0009-0000-7236-0361",,,,,"4cc2e5c3-ab78-45e6-b9a6-ae4d0ddade4d"
"977ab21c-a8b8-4c8a-9424-cfde8b165a49","65dac64e-3317-4e8c-864a-9b8f9439f440","ONAQ_019.mammalGrid.mam","D15","ONAQ","ONAQ_019","E10","distributed","shrubScrub",40.174342,-112.480716,"WGS84",45.1,1724.4,0.1,"1 - trap not set","ShermanXLK","2024-04-12","2024-04-12",,,,,,,,,,,,,,,,,,,,,,,,,,,,,,,,,,,,,,,,,,,,,"0009-0001-2150-8968","0009-0001-2150-8968",,,,,"b230820c-292e-476a-878c-931c01bef4f2"
"a0aef259-7945-46c4-8d40-b35318d0ffbd","6a52ab3b-f583-4c40-a237-1d54fbe3a4c4","ONAQ_004.mammalGrid.mam","D15","ONAQ","ONAQ_004","J2","distributed","shrubScrub",40.186515,-112.474083,"WGS84",45.1,1718.1,0.1,"1 - trap not set","ShermanXLK","2024-04-12","2024-04-12",,,,,,,,,,,,,,,,,,,,,,,,,,,,,,,,,,,,,,,,,,,,,"0009-0001-2150-8968","0009-0001-2150-8968",,,,,"ffc7f56e-7322-4acf-8ef3-00b6fd397cc9"
"8e5bc335-592f-4900-a21b-90278d535a72","65dac64e-3317-4e8c-864a-9b8f9439f440","ONAQ_019.mammalGrid.mam","D15","ONAQ","ONAQ_019","D5","distributed","shrubScrub",40.174342,-112.480716,"WGS84",45.1,1724.4,0.1,"1 - trap not set","ShermanXLK","2024-04-12","2024-04-12",,,,,,,,,,,,,,,,,,,,,,,,,,,,,,,,,,,,,,,,,,,,,"0009-0001-2150-8968","0009-0001-2150-8968",,,,,"b274b529-6b75-4d11-91b7-f00a49ba5b7b"
"2e5b1d43-af2e-4670-8583-4ab5558ecc49","694f0351-35af-4538-a55b-6152e8c33959","ONAQ_023.mammalGrid.mam","D15","ONAQ","ONAQ_023","D7","distributed","evergreenForest",40.195079,-112.504944,"WGS84",45.1,1881.2,0.1,"1 - trap not set","ShermanXLK","2024-04-12","2024-04-12",,,,,,,,,,,,,,,,,,,,,,,,,,,,,,,,,,,,,,,,,,,,,"0009-0001-2150-8968","0009-0001-2150-8968",,,,,"d7b7c3e3-ba1e-464c-9c6d-d089569dcabd"
"354f03f4-1a38-4381-9950-f3b80d470c85","694f0351-35af-4538-a55b-6152e8c33959","ONAQ_023.mammalGrid.mam","D15","ONAQ","ONAQ_023","E2","distributed","evergreenForest",40.195079,-112.504944,"WGS84",45.1,1881.2,0.1,"1 - trap not set","ShermanXLK","2024-04-12","2024-04-12",,,,,,,,,,,,,,,,,,,,,,,,,,,,,,,,,,,,,,,,,,,,,"0009-0001-2150-8968","0009-0001-2150-8968",,,,,"82ccfd22-f132-46bd-b040-ea6dd1622b7c"
"6bcb0b58-0b77-451b-9068-89bf5d88b8c1","0b6bf725-c8b2-4ddc-8dbc-b265a54d3f72","ONAQ_005.mammalGrid.mam","D15","ONAQ","ONAQ_005","H9","distributed","shrubScrub",40.180753,-112.429727,"WGS84",45.3,1607.9,0.4,"5 - capture","ShermanXLK","2024-04-12","2024-04-12","NEON.MAM.D15.R5847",,"PEMA","Peromyscus maniculatus","species",,,,,"N","U","N","processed",,"adult",,,,,,,,,,"U","U","U",,"did not check","dry ice",,,,,,,,,,,,,,,"0009-0001-2150-8968","0009-0000-7236-0361",,,,,"fbbc515e-8cb7-4f0a-ae65-041528862c5f"
"ad7a4530-b97b-4bf5-ac32-00b09794495c","0b6bf725-c8b2-4ddc-8dbc-b265a54d3f72","ONAQ_005.mammalGrid.mam","D15","ONAQ","ONAQ_005","C2","distributed","shrubScrub",40.180753,-112.429727,"WGS84",45.3,1607.9,0.4,"5 - capture","ShermanXLK","2024-04-12","2024-04-12","NEON.MAM.D15.R5745",,"PEMA","Peromyscus maniculatus","species",,,,,"N","F","N","processed",,"juvenile",,"nonenlarged","not","neither",,,,,12,"U","U","U",,"did not check","dry ice",,,,,,,,,,,,,,,"0009-0001-2150-8968","0009-0000-7236-0361",,,,,"ec5ee2c2-30bc-4eb8-91cc-3161852ede7e"
"acc62168-35f3-414a-8adf-cddcdc6b0bb6","1fad8a40-9b3b-4bcf-a532-2a00f8de5f45","ONAQ_003.mammalGrid.mam","D15","ONAQ","ONAQ_003","A2","distributed","shrubScrub",40.206225,-112.428493,"WGS84",45.4,1604.6,0.2,"5 - capture","ShermanXLK","2024-04-12","2024-04-12","NEON.MAM.D15.R5723",,"DIORDIMI","Dipodomys ordii/microps","speciesGroup",,,,,"N","F","Y","processed",,"adult",,"enlarged","not","unknown",,,,,,"U","U","U",,"did not check","dry ice",,,,,,,,,,,,,,,"0009-0000-7236-0361","0009-0001-2150-8968",,,,,"ced2edfb-f6d3-4326-bd5e-c2a47fa3bab5"
"943502ce-184d-48c4-b356-2e309759e7d7","694f0351-35af-4538-a55b-6152e8c33959","ONAQ_023.mammalGrid.mam","D15","ONAQ","ONAQ_023","H9","distributed","evergreenForest",40.195079,-112.504944,"WGS84",45.1,1881.2,0.1,"1 - trap not set","ShermanXLK","2024-04-12","2024-04-12",,,,,,,,,,,,,,,,,,,,,,,,,,,,,,,,,,,,,,,,,,,,,"0009-0001-2150-8968","0009-0001-2150-8968",,,,,"e03a839a-f7a6-41a6-b083-01e0ff697aaf"
"cc70114c-91c2-4e83-b4c2-6680e65d023d","6a52ab3b-f583-4c40-a237-1d54fbe3a4c4","ONAQ_004.mammalGrid.mam","D15","ONAQ","ONAQ_004","E1","distributed","shrubScrub",40.186515,-112.474083,"WGS84",45.1,1718.1,0.1,"1 - trap not set","ShermanXLK","2024-04-12","2024-04-12",,,,,,,,,,,,,,,,,,,,,,,,,,,,,,,,,,,,,,,,,,,,,"0009-0001-2150-8968","0009-0001-2150-8968",,,,,"f9a30a34-f3ec-435d-9437-0dcc8e7850a9"
"af668ce2-80cc-4a98-9dd3-540ca9e9cd47","5fc1a4da-69be-47d1-8579-eacaf40176e2","ONAQ_020.mammalGrid.mam","D15","ONAQ","ONAQ_020","I1","distributed","shrubScrub",40.183889,-112.436683,"WGS84",45.1,1627.6,0.1,"6 - trap set and empty","ShermanXLK","2024-04-12","2024-04-12",,,,,,,,,,,,,,,,,,,,,,,,,,,,,,,,,,,,,,,,,,,,,"0009-0001-5608-8465","0009-0005-2133-045X",,,,,"05867047-d8a0-4a7b-8534-062188cc6b5b"
"27087198-5978-4f8d-879a-326ded5a0456","5fc1a4da-69be-47d1-8579-eacaf40176e2","ONAQ_020.mammalGrid.mam","D15","ONAQ","ONAQ_020","B5","distributed","shrubScrub",40.183889,-112.436683,"WGS84",45.1,1627.6,0.1,"6 - trap set and empty","ShermanXLK","2024-04-12","2024-04-12",,,,,,,,,,,,,,,,,,,,,,,,,,,,,,,,,,,,,,,,,,,,,"0009-0001-5608-8465","0009-0005-2133-045X",,,,,"d841c029-d869-4db2-81ac-e31b16a77804"
"bff7f6a1-1b3c-445f-9ff4-0ccc26454c13","65dac64e-3317-4e8c-864a-9b8f9439f440","ONAQ_019.mammalGrid.mam","D15","ONAQ","ONAQ_019","D8","distributed","shrubScrub",40.174342,-112.480716,"WGS84",45.1,1724.4,0.1,"1 - trap not set","ShermanXLK","2024-04-12","2024-04-12",,,,,,,,,,,,,,,,,,,,,,,,,,,,,,,,,,,,,,,,,,,,,"0009-0001-2150-8968","0009-0001-2150-8968",,,,,"32109dfe-8ef4-4655-8b23-e15fea449cf8"
"73b61168-3c11-484a-8d60-4a6cf579c18e","5fc1a4da-69be-47d1-8579-eacaf40176e2","ONAQ_020.mammalGrid.mam","D15","ONAQ","ONAQ_020","I2","distributed","shrubScrub",40.183889,-112.436683,"WGS84",45.1,1627.6,0.1,"5 - capture","ShermanXLK","2024-04-12","2024-04-12","NEON.MAM.D15.R5800",,"PEMA","Peromyscus maniculatus","species",,,,,"N","F","Y","processed",,"adult",,"enlarged","not","swollen",,,,,19,"U","U","U",,"did not check","dry ice",,,,,,,,,,,,,,,"0009-0001-5608-8465","0009-0005-2133-045X",,,,,"c37d77fd-b7fe-4634-9c2f-66cf51920671"
"4a3d953a-20c8-4d6d-b110-b52e2ebb1180","0b6bf725-c8b2-4ddc-8dbc-b265a54d3f72","ONAQ_005.mammalGrid.mam","D15","ONAQ","ONAQ_005","A8","distributed","shrubScrub",40.180753,-112.429727,"WGS84",45.3,1607.9,0.4,"6 - trap set and empty","ShermanXLK","2024-04-12","2024-04-12",,,,,,,,,,,,,,,,,,,,,,,,,,,,,,,,,,,,,,,,,,,,,"0009-0001-2150-8968","0009-0000-7236-0361",,,,,"56978352-cab7-4bc2-9bb5-8c4d095ad30c"
"1cc3c9cc-e10d-4cb4-802e-18723d736722","694f0351-35af-4538-a55b-6152e8c33959","ONAQ_023.mammalGrid.mam","D15","ONAQ","ONAQ_023","I3","distributed","evergreenForest",40.195079,-112.504944,"WGS84",45.1,1881.2,0.1,"1 - trap not set","ShermanXLK","2024-04-12","2024-04-12",,,,,,,,,,,,,,,,,,,,,,,,,,,,,,,,,,,,,,,,,,,,,"0009-0001-2150-8968","0009-0001-2150-8968",,,,,"f523a34c-51ac-445c-b1d1-03e7ecdbcaea"
"83b430d2-54b3-48a4-a311-f7c8a569d80f","65dac64e-3317-4e8c-864a-9b8f9439f440","ONAQ_019.mammalGrid.mam","D15","ONAQ","ONAQ_019","A10","distributed","shrubScrub",40.174342,-112.480716,"WGS84",45.1,1724.4,0.1,"1 - trap not set","ShermanXLK","2024-04-12","2024-04-12",,,,,,,,,,,,,,,,,,,,,,,,,,,,,,,,,,,,,,,,,,,,,"0009-0001-2150-8968","0009-0001-2150-8968",,,,,"33cf0bf2-05ac-49e7-9d70-8cf01bac0265"
"42dbe3fe-1563-4282-993c-7e4f8fa3e45e","1fad8a40-9b3b-4bcf-a532-2a00f8de5f45","ONAQ_003.mammalGrid.mam","D15","ONAQ","ONAQ_003","G9","distributed","shrubScrub",40.206225,-112.428493,"WGS84",45.4,1604.6,0.2,"1 - trap not set","ShermanXLK","2024-04-12","2024-04-12",,,,,,,,,,,,,,,,,,,,,,,,,,,,,"did not check","dry ice",,,,,,,,,,,,,,,"0009-0000-7236-0361","0009-0001-2150-8968",,,,,"9bedba26-c695-4da5-9154-f763176fb50a"
"f9445d94-4177-474e-b8fb-bd99256ed20f","694f0351-35af-4538-a55b-6152e8c33959","ONAQ_023.mammalGrid.mam","D15","ONAQ","ONAQ_023","B1","distributed","evergreenForest",40.195079,-112.504944,"WGS84",45.1,1881.2,0.1,"1 - trap not set","ShermanXLK","2024-04-12","2024-04-12",,,,,,,,,,,,,,,,,,,,,,,,,,,,,,,,,,,,,,,,,,,,,"0009-0001-2150-8968","0009-0001-2150-8968",,,,,"dbc50b22-cfd4-4a40-b870-492a893aeeea"
"26725f83-d9f5-468f-87b5-9a454c4bf13e","5fc1a4da-69be-47d1-8579-eacaf40176e2","ONAQ_020.mammalGrid.mam","D15","ONAQ","ONAQ_020","H1","distributed","shrubScrub",40.183889,-112.436683,"WGS84",45.1,1627.6,0.1,"5 - capture","ShermanXLK","2024-04-12","2024-04-12","NEON.MAM.D15.L5802",,"PEMA","Peromyscus maniculatus","species",,,,,"N","F","Y","processed",,"adult",,"nonenlarged","not","neither",,,,,19,"U","U","U",,"did not check","dry ice",,,,,,,,,,,,,,,"0009-0001-5608-8465","0009-0005-2133-045X",,,,,"add01fca-678e-41f0-932e-5de6cb3afbe3"
"e7e20f6e-b0fd-4dd9-9c5f-fb192d7cb8e3","65dac64e-3317-4e8c-864a-9b8f9439f440","ONAQ_019.mammalGrid.mam","D15","ONAQ","ONAQ_019","E3","distributed","shrubScrub",40.174342,-112.480716,"WGS84",45.1,1724.4,0.1,"1 - trap not set","ShermanXLK","2024-04-12","2024-04-12",,,,,,,,,,,,,,,,,,,,,,,,,,,,,,,,,,,,,,,,,,,,,"0009-0001-2150-8968","0009-0001-2150-8968",,,,,"9110cb2d-4604-4743-a656-778714cd1a83"
"a6d3b3e6-d259-4e70-85b1-7786b7e100c4","6a52ab3b-f583-4c40-a237-1d54fbe3a4c4","ONAQ_004.mammalGrid.mam","D15","ONAQ","ONAQ_004","G6","distributed","shrubScrub",40.186515,-112.474083,"WGS84",45.1,1718.1,0.1,"1 - trap not set","ShermanXLK","2024-04-12","2024-04-12",,,,,,,,,,,,,,,,,,,,,,,,,,,,,,,,,,,,,,,,,,,,,"0009-0001-2150-8968","0009-0001-2150-8968",,,,,"67cd6ae9-de91-452f-a1d7-6b82011dd1f3"
"d0635932-a166-46e8-8aaa-9e9ed8f32ee6","6a52ab3b-f583-4c40-a237-1d54fbe3a4c4","ONAQ_004.mammalGrid.mam","D15","ONAQ","ONAQ_004","A6","distributed","shrubScrub",40.186515,-112.474083,"WGS84",45.1,1718.1,0.1,"1 - trap not set","ShermanXLK","2024-04-12","2024-04-12",,,,,,,,,,,,,,,,,,,,,,,,,,,,,,,,,,,,,,,,,,,,,"0009-0001-2150-8968","0009-0001-2150-8968",,,,,"b4b5a4ba-eef6-4e45-ab9b-fefc220ab63c"
"5df3a025-4ebe-4596-939b-2d68e584c019","65dac64e-3317-4e8c-864a-9b8f9439f440","ONAQ_019.mammalGrid.mam","D15","ONAQ","ONAQ_019","C2","distributed","shrubScrub",40.174342,-112.480716,"WGS84",45.1,1724.4,0.1,"1 - trap not set","ShermanXLK","2024-04-12","2024-04-12",,,,,,,,,,,,,,,,,,,,,,,,,,,,,,,,,,,,,,,,,,,,,"0009-0001-2150-8968","0009-0001-2150-8968",,,,,"aee4bec0-6178-4bcf-b17b-5702a20c31a8"
"6e0e9eae-3588-4dcf-925a-c5361d17cf94","6a52ab3b-f583-4c40-a237-1d54fbe3a4c4","ONAQ_004.mammalGrid.mam","D15","ONAQ","ONAQ_004","F10","distributed","shrubScrub",40.186515,-112.474083,"WGS84",45.1,1718.1,0.1,"1 - trap not set","ShermanXLK","2024-04-12","2024-04-12",,,,,,,,,,,,,,,,,,,,,,,,,,,,,,,,,,,,,,,,,,,,,"0009-0001-2150-8968","0009-0001-2150-8968",,,,,"3d33af37-aff0-48d4-bd8e-44254c123cee"
"2ee2656e-83ce-491b-87b9-60856fb9501d","65dac64e-3317-4e8c-864a-9b8f9439f440","ONAQ_019.mammalGrid.mam","D15","ONAQ","ONAQ_019","J10","distributed","shrubScrub",40.174342,-112.480716,"WGS84",45.1,1724.4,0.1,"1 - trap not set","ShermanXLK","2024-04-12","2024-04-12",,,,,,,,,,,,,,,,,,,,,,,,,,,,,,,,,,,,,,,,,,,,,"0009-0001-2150-8968","0009-0001-2150-8968",,,,,"5b3f88b3-cd2d-4482-a521-b59c70f6e12e"
"7bc4b89e-cff5-4d39-b319-32b02e54fc26","1fad8a40-9b3b-4bcf-a532-2a00f8de5f45","ONAQ_003.mammalGrid.mam","D15","ONAQ","ONAQ_003","B4","distributed","shrubScrub",40.206225,-112.428493,"WGS84",45.4,1604.6,0.2,"6 - trap set and empty","ShermanXLK","2024-04-12","2024-04-12",,,,,,,,,,,,,,,,,,,,,,,,,,,,,,,,,,,,,,,,,,,,,"0009-0000-7236-0361","0009-0001-2150-8968",,,,,"07653302-6dd9-4a15-a61f-bdc06b8f61b2"
"c2bbd539-2c25-4a23-9562-5457b5fc637a","694f0351-35af-4538-a55b-6152e8c33959","ONAQ_023.mammalGrid.mam","D15","ONAQ","ONAQ_023","B9","distributed","evergreenForest",40.195079,-112.504944,"WGS84",45.1,1881.2,0.1,"1 - trap not set","ShermanXLK","2024-04-12","2024-04-12",,,,,,,,,,,,,,,,,,,,,,,,,,,,,,,,,,,,,,,,,,,,,"0009-0001-2150-8968","0009-0001-2150-8968",,,,,"c7889aa5-85e9-419d-892c-e0399ca88a4e"
"ccb33f7f-acd7-4711-ac9d-0dc9de0d47d7","0b6bf725-c8b2-4ddc-8dbc-b265a54d3f72","ONAQ_005.mammalGrid.mam","D15","ONAQ","ONAQ_005","H7","distributed","shrubScrub",40.180753,-112.429727,"WGS84",45.3,1607.9,0.4,"6 - trap set and empty","ShermanXLK","2024-04-12","2024-04-12",,,,,,,,,,,,,,,,,,,,,,,,,,,,,,,,,,,,,,,,,,,,,"0009-0001-2150-8968","0009-0000-7236-0361",,,,,"0f4db44e-c4ce-48e6-8309-517cd0d99e6b"
"7aa6269a-ca6f-4e76-bb1b-7f2a399f4d77","6a52ab3b-f583-4c40-a237-1d54fbe3a4c4","ONAQ_004.mammalGrid.mam","D15","ONAQ","ONAQ_004","D7","distributed","shrubScrub",40.186515,-112.474083,"WGS84",45.1,1718.1,0.1,"1 - trap not set","ShermanXLK","2024-04-12","2024-04-12",,,,,,,,,,,,,,,,,,,,,,,,,,,,,,,,,,,,,,,,,,,,,"0009-0001-2150-8968","0009-0001-2150-8968",,,,,"39b72518-8fd6-4b2a-b173-ddd0830eee09"
"0669a644-62cb-4cba-8961-0e69a6fc34db","694f0351-35af-4538-a55b-6152e8c33959","ONAQ_023.mammalGrid.mam","D15","ONAQ","ONAQ_023","G8","distributed","evergreenForest",40.195079,-112.504944,"WGS84",45.1,1881.2,0.1,"1 - trap not set","ShermanXLK","2024-04-12","2024-04-12",,,,,,,,,,,,,,,,,,,,,,,,,,,,,,,,,,,,,,,,,,,,,"0009-0001-2150-8968","0009-0001-2150-8968",,,,,"6fc0667b-e2e1-4927-8a13-b9778b277757"
"5560bf83-927e-452c-9817-b6f691285554","1fad8a40-9b3b-4bcf-a532-2a00f8de5f45","ONAQ_003.mammalGrid.mam","D15","ONAQ","ONAQ_003","G4","distributed","shrubScrub",40.206225,-112.428493,"WGS84",45.4,1604.6,0.2,"1 - trap not set","ShermanXLK","2024-04-12","2024-04-12",,,,,,,,,,,,,,,,,,,,,,,,,,,,,"did not check","dry ice",,,,,,,,,,,,,,,"0009-0000-7236-0361","0009-0001-2150-8968",,,,,"53262065-974b-4332-8b4f-52b16a3fe789"
"660593e8-3a46-41c2-b942-808aac51f84a","0b6bf725-c8b2-4ddc-8dbc-b265a54d3f72","ONAQ_005.mammalGrid.mam","D15","ONAQ","ONAQ_005","H8","distributed","shrubScrub",40.180753,-112.429727,"WGS84",45.3,1607.9,0.4,"5 - capture","ShermanXLK","2024-04-12","2024-04-12","NEON.MAM.D15.R5751",,"PEMA","Peromyscus maniculatus","species",,,,,"N","U","Y","processed",,"adult",,,,,,,,,,"U","U","U",,"did not check","dry ice",,,,,,,,,,,,,,,"0009-0001-2150-8968","0009-0000-7236-0361",,,,,"81b98199-7e1f-4a5d-b52d-eda3eb1870fa"
"924bb530-eee8-4623-a020-7c569b95cba9","5fc1a4da-69be-47d1-8579-eacaf40176e2","ONAQ_020.mammalGrid.mam","D15","ONAQ","ONAQ_020","B4","distributed","shrubScrub",40.183889,-112.436683,"WGS84",45.1,1627.6,0.1,"6 - trap set and empty","ShermanXLK","2024-04-12","2024-04-12",,,,,,,,,,,,,,,,,,,,,,,,,,,,,,,,,,,,,,,,,,,,,"0009-0001-5608-8465","0009-0005-2133-045X",,,,,"b109aafa-6999-4691-9678-3d9bcc7a7047"
"a834a82a-2d14-4eab-85ee-aef1c7d22706","6a52ab3b-f583-4c40-a237-1d54fbe3a4c4","ONAQ_004.mammalGrid.mam","D15","ONAQ","ONAQ_004","C4","distributed","shrubScrub",40.186515,-112.474083,"WGS84",45.1,1718.1,0.1,"1 - trap not set","ShermanXLK","2024-04-12","2024-04-12",,,,,,,,,,,,,,,,,,,,,,,,,,,,,,,,,,,,,,,,,,,,,"0009-0001-2150-8968","0009-0001-2150-8968",,,,,"4205ab17-f880-4536-b390-a1ee4b2127c0"
"b71f3ee7-7311-43e7-a993-087485dc4204","6a52ab3b-f583-4c40-a237-1d54fbe3a4c4","ONAQ_004.mammalGrid.mam","D15","ONAQ","ONAQ_004","A4","distributed","shrubScrub",40.186515,-112.474083,"WGS84",45.1,1718.1,0.1,"1 - trap not set","ShermanXLK","2024-04-12","2024-04-12",,,,,,,,,,,,,,,,,,,,,,,,,,,,,,,,,,,,,,,,,,,,,"0009-0001-2150-8968","0009-0001-2150-8968",,,,,"c030e330-b96b-4197-860d-4e81143fb429"
"6191c0ad-cb77-417e-9bc1-153b33c01d53","694f0351-35af-4538-a55b-6152e8c33959","ONAQ_023.mammalGrid.mam","D15","ONAQ","ONAQ_023","I6","distributed","evergreenForest",40.195079,-112.504944,"WGS84",45.1,1881.2,0.1,"1 - trap not set","ShermanXLK","2024-04-12","2024-04-12",,,,,,,,,,,,,,,,,,,,,,,,,,,,,,,,,,,,,,,,,,,,,"0009-0001-2150-8968","0009-0001-2150-8968",,,,,"1ae65c33-5761-407e-849f-1cf9a87b86a2"
"25154a54-30fe-4f98-bc40-f36bffa8d7f1","6a52ab3b-f583-4c40-a237-1d54fbe3a4c4","ONAQ_004.mammalGrid.mam","D15","ONAQ","ONAQ_004","F7","distributed","shrubScrub",40.186515,-112.474083,"WGS84",45.1,1718.1,0.1,"1 - trap not set","ShermanXLK","2024-04-12","2024-04-12",,,,,,,,,,,,,,,,,,,,,,,,,,,,,,,,,,,,,,,,,,,,,"0009-0001-2150-8968","0009-0001-2150-8968",,,,,"2b822c7b-66ec-48eb-84a5-c20a32784cf0"
"e0cbd5a4-d5f5-4e93-8045-812af69380cf","6a52ab3b-f583-4c40-a237-1d54fbe3a4c4","ONAQ_004.mammalGrid.mam","D15","ONAQ","ONAQ_004","D3","distributed","shrubScrub",40.186515,-112.474083,"WGS84",45.1,1718.1,0.1,"1 - trap not set","ShermanXLK","2024-04-12","2024-04-12",,,,,,,,,,,,,,,,,,,,,,,,,,,,,,,,,,,,,,,,,,,,,"0009-0001-2150-8968","0009-0001-2150-8968",,,,,"35566ccf-e8c3-40a3-850b-986cdcb475a3"
"5e7cadc2-ffc2-45f4-8061-151a8c731110","0b6bf725-c8b2-4ddc-8dbc-b265a54d3f72","ONAQ_005.mammalGrid.mam","D15","ONAQ","ONAQ_005","F3","distributed","shrubScrub",40.180753,-112.429727,"WGS84",45.3,1607.9,0.4,"5 - capture","ShermanXLK","2024-04-12","2024-04-12","NEON.MAM.D15.R5741",,"DIORDIMI","Dipodomys ordii/microps","speciesGroup",,,,,"N","F","N","processed",,"subadult",,"nonenlarged","not","neither",,,,,35,"U","U","U",,"did not check","dry ice",,,,,,,,,,,,,,,"0009-0001-2150-8968","0009-0000-7236-0361",,,,,"8eab5d27-e9f4-439d-911f-220b70838a53"
"e2df47bf-db31-49be-9f1b-e17fb0d2b8dd","65dac64e-3317-4e8c-864a-9b8f9439f440","ONAQ_019.mammalGrid.mam","D15","ONAQ","ONAQ_019","C1","distributed","shrubScrub",40.174342,-112.480716,"WGS84",45.1,1724.4,0.1,"1 - trap not set","ShermanXLK","2024-04-12","2024-04-12",,,,,,,,,,,,,,,,,,,,,,,,,,,,,,,,,,,,,,,,,,,,,"0009-0001-2150-8968","0009-0001-2150-8968",,,,,"724367cb-7700-4ad4-90fe-ca986f3b3b3f"
"64eb6933-b7a7-4e22-a0de-57ad1d9fdc51","6a52ab3b-f583-4c40-a237-1d54fbe3a4c4","ONAQ_004.mammalGrid.mam","D15","ONAQ","ONAQ_004","G2","distributed","shrubScrub",40.186515,-112.474083,"WGS84",45.1,1718.1,0.1,"1 - trap not set","ShermanXLK","2024-04-12","2024-04-12",,,,,,,,,,,,,,,,,,,,,,,,,,,,,,,,,,,,,,,,,,,,,"0009-0001-2150-8968","0009-0001-2150-8968",,,,,"7e2c93e5-3e55-4915-a42a-7e43ee8fa802"
"a41fb721-ef2c-49bd-af97-08821f2966ad","6a52ab3b-f583-4c40-a237-1d54fbe3a4c4","ONAQ_004.mammalGrid.mam","D15","ONAQ","ONAQ_004","B3","distributed","shrubScrub",40.186515,-112.474083,"WGS84",45.1,1718.1,0.1,"1 - trap not set","ShermanXLK","2024-04-12","2024-04-12",,,,,,,,,,,,,,,,,,,,,,,,,,,,,,,,,,,,,,,,,,,,,"0009-0001-2150-8968","0009-0001-2150-8968",,,,,"648f612f-341b-4376-9c33-e731dfbd8b87"
"9c3052df-0b07-4e68-b697-22fb80ebef3b","1fad8a40-9b3b-4bcf-a532-2a00f8de5f45","ONAQ_003.mammalGrid.mam","D15","ONAQ","ONAQ_003","F6","distributed","shrubScrub",40.206225,-112.428493,"WGS84",45.4,1604.6,0.2,"5 - capture","ShermanXLK","2024-04-12","2024-04-12","NEON.MAM.D15.834538",,"PEPA","Perognathus parvus","species",,,,,"N","M","Y","processed",,"adult","scrotal",,,,,,,,,"U","U","U",,"did not check","dry ice",,,,,,,,,,,,,,,"0009-0000-7236-0361","0009-0001-2150-8968",,,,,"731d9601-8fe9-4011-90b7-38f7715e2e88"
"d7ffe229-2bdc-4fd2-aea4-f94ef8c4eccc","1fad8a40-9b3b-4bcf-a532-2a00f8de5f45","ONAQ_003.mammalGrid.mam","D15","ONAQ","ONAQ_003","E4","distributed","shrubScrub",40.206225,-112.428493,"WGS84",45.4,1604.6,0.2,"1 - trap not set","ShermanXLK","2024-04-12","2024-04-12",,,,,,,,,,,,,,,,,,,,,,,,,,,,,"did not check","dry ice",,,,,,,,,,,,,,,"0009-0000-7236-0361","0009-0001-2150-8968",,,,,"7ad7c29d-a309-4d36-94b2-3adfeac37d26"
"dc1aa697-b0ba-4da6-a693-a93053d5f9ba","5fc1a4da-69be-47d1-8579-eacaf40176e2","ONAQ_020.mammalGrid.mam","D15","ONAQ","ONAQ_020","J3","distributed","shrubScrub",40.183889,-112.436683,"WGS84",45.1,1627.6,0.1,"6 - trap set and empty","ShermanXLK","2024-04-12","2024-04-12",,,,,,,,,,,,,,,,,,,,,,,,,,,,,,,,,,,,,,,,,,,,,"0009-0001-5608-8465","0009-0005-2133-045X",,,,,"834bb089-0a10-4247-a70b-b25bf21f25b2"
"701bffb6-e08e-4bc5-9436-8d7e2938b753","6a52ab3b-f583-4c40-a237-1d54fbe3a4c4","ONAQ_004.mammalGrid.mam","D15","ONAQ","ONAQ_004","H1","distributed","shrubScrub",40.186515,-112.474083,"WGS84",45.1,1718.1,0.1,"1 - trap not set","ShermanXLK","2024-04-12","2024-04-12",,,,,,,,,,,,,,,,,,,,,,,,,,,,,,,,,,,,,,,,,,,,,"0009-0001-2150-8968","0009-0001-2150-8968",,,,,"6760904f-889d-45ac-8555-e697b69fa904"
"5f898224-e15b-4d95-8d39-1bf85b53bda2","0b6bf725-c8b2-4ddc-8dbc-b265a54d3f72","ONAQ_005.mammalGrid.mam","D15","ONAQ","ONAQ_005","B7","distributed","shrubScrub",40.180753,-112.429727,"WGS84",45.3,1607.9,0.4,"6 - trap set and empty","ShermanXLK","2024-04-12","2024-04-12",,,,,,,,,,,,,,,,,,,,,,,,,,,,,,,,,,,,,,,,,,,,,"0009-0001-2150-8968","0009-0000-7236-0361",,,,,"b8167302-f336-48d1-8ca0-2b1c13d26a33"
"c8e8983f-4574-43fc-91fc-14fe9d7de345","0b6bf725-c8b2-4ddc-8dbc-b265a54d3f72","ONAQ_005.mammalGrid.mam","D15","ONAQ","ONAQ_005","B9","distributed","shrubScrub",40.180753,-112.429727,"WGS84",45.3,1607.9,0.4,"6 - trap set and empty","ShermanXLK","2024-04-12","2024-04-12",,,,,,,,,,,,,,,,,,,,,,,,,,,,,,,,,,,,,,,,,,,,,"0009-0001-2150-8968","0009-0000-7236-0361",,,,,"a05b8ea8-6701-4a1a-9102-cb950fe7a51b"
"e0752ad0-34c4-47d0-a8c2-f638767153eb","694f0351-35af-4538-a55b-6152e8c33959","ONAQ_023.mammalGrid.mam","D15","ONAQ","ONAQ_023","F2","distributed","evergreenForest",40.195079,-112.504944,"WGS84",45.1,1881.2,0.1,"1 - trap not set","ShermanXLK","2024-04-12","2024-04-12",,,,,,,,,,,,,,,,,,,,,,,,,,,,,,,,,,,,,,,,,,,,,"0009-0001-2150-8968","0009-0001-2150-8968",,,,,"2964da34-2a12-44b4-838c-7705745a8c2c"
"ab79f18c-069c-4c3c-9fdb-9018b77d6db7","5fc1a4da-69be-47d1-8579-eacaf40176e2","ONAQ_020.mammalGrid.mam","D15","ONAQ","ONAQ_020","E4","distributed","shrubScrub",40.183889,-112.436683,"WGS84",45.1,1627.6,0.1,"1 - trap not set","ShermanXLK","2024-04-12","2024-04-12",,,,,,,,,,,,,,,,,,,,,,,,,,,,,"did not check","dry ice",,,,,,,,,,,,,,,"0009-0001-5608-8465","0009-0005-2133-045X",,,,,"f68df211-7d50-43ad-94a2-4ae7836e39dd"
"3f987bf4-9d98-4dcd-992e-7b2081fe02d9","6a52ab3b-f583-4c40-a237-1d54fbe3a4c4","ONAQ_004.mammalGrid.mam","D15","ONAQ","ONAQ_004","H10","distributed","shrubScrub",40.186515,-112.474083,"WGS84",45.1,1718.1,0.1,"1 - trap not set","ShermanXLK","2024-04-12","2024-04-12",,,,,,,,,,,,,,,,,,,,,,,,,,,,,,,,,,,,,,,,,,,,,"0009-0001-2150-8968","0009-0001-2150-8968",,,,,"c4c1efe8-4e53-49f6-bde7-c8f4a1fe451d"
"e06c5218-7168-4556-bf45-d3f61532f0ce","65dac64e-3317-4e8c-864a-9b8f9439f440","ONAQ_019.mammalGrid.mam","D15","ONAQ","ONAQ_019","I5","distributed","shrubScrub",40.174342,-112.480716,"WGS84",45.1,1724.4,0.1,"1 - trap not set","ShermanXLK","2024-04-12","2024-04-12",,,,,,,,,,,,,,,,,,,,,,,,,,,,,,,,,,,,,,,,,,,,,"0009-0001-2150-8968","0009-0001-2150-8968",,,,,"b620b6e2-0133-42a5-98cc-df018d097963"
"1f3e7a40-f774-4baa-9512-b90c78250afe","5fc1a4da-69be-47d1-8579-eacaf40176e2","ONAQ_020.mammalGrid.mam","D15","ONAQ","ONAQ_020","E9","distributed","shrubScrub",40.183889,-112.436683,"WGS84",45.1,1627.6,0.1,"1 - trap not set","ShermanXLK","2024-04-12","2024-04-12",,,,,,,,,,,,,,,,,,,,,,,,,,,,,"did not check","dry ice",,,,,,,,,,,,,,,"0009-0001-5608-8465","0009-0005-2133-045X",,,,,"37dbadc3-331d-472e-bbcc-1c561b7887fb"
"bc477d83-08f8-4215-99d1-b4edfe48846e","5fc1a4da-69be-47d1-8579-eacaf40176e2","ONAQ_020.mammalGrid.mam","D15","ONAQ","ONAQ_020","F2","distributed","shrubScrub",40.183889,-112.436683,"WGS84",45.1,1627.6,0.1,"6 - trap set and empty","ShermanXLK","2024-04-12","2024-04-12",,,,,,,,,,,,,,,,,,,,,,,,,,,,,,,,,,,,,,,,,,,,,"0009-0001-5608-8465","0009-0005-2133-045X",,,,,"25b2d260-e6ac-49f1-bb1c-fc2c5b598d9b"
"99302ee4-342c-4d38-9684-c1fddd3fb375","1fad8a40-9b3b-4bcf-a532-2a00f8de5f45","ONAQ_003.mammalGrid.mam","D15","ONAQ","ONAQ_003","C10","distributed","shrubScrub",40.206225,-112.428493,"WGS84",45.4,1604.6,0.2,"5 - capture","ShermanXLK","2024-04-12","2024-04-12","NEON.MAM.D15.R5608",,"DIORDIMI","Dipodomys ordii/microps","speciesGroup",,,,,"N","M","N","processed",,"adult","scrotal",,,,,,,,,"U","U","U",,"did not check","dry ice",,,,,,,,,,,,,,,"0009-0000-7236-0361","0009-0001-2150-8968",,,,,"309edaf5-c2ec-4894-8bdb-424e3cd8796c"
"9fbbb226-9177-48d4-9af3-9836fd8dc783","65dac64e-3317-4e8c-864a-9b8f9439f440","ONAQ_019.mammalGrid.mam","D15","ONAQ","ONAQ_019","B7","distributed","shrubScrub",40.174342,-112.480716,"WGS84",45.1,1724.4,0.1,"1 - trap not set","ShermanXLK","2024-04-12","2024-04-12",,,,,,,,,,,,,,,,,,,,,,,,,,,,,,,,,,,,,,,,,,,,,"0009-0001-2150-8968","0009-0001-2150-8968",,,,,"b0e58320-501e-4399-9711-8eb0388de448"
"b4f94c5d-6a7b-4f74-aae9-713501e5e7cf","1fad8a40-9b3b-4bcf-a532-2a00f8de5f45","ONAQ_003.mammalGrid.mam","D15","ONAQ","ONAQ_003","H7","distributed","shrubScrub",40.206225,-112.428493,"WGS84",45.4,1604.6,0.2,"5 - capture","ShermanXLK","2024-04-12","2024-04-12","NEON.MAM.D15.R5081",,"DIORDIMI","Dipodomys ordii/microps","speciesGroup",,,,,"N","M","N","processed",,"adult","nonscrotal",,,,,,,,,"U","U","U",,"did not check","dry ice",,,,,,,,,,,,,,,"0009-0000-7236-0361","0009-0001-2150-8968",,,,,"285f9da2-f36a-4c0c-bb36-acaa74f07a40"
"8e04053b-2b7a-4476-bbb3-dbe9283d044f","0b6bf725-c8b2-4ddc-8dbc-b265a54d3f72","ONAQ_005.mammalGrid.mam","D15","ONAQ","ONAQ_005","E3","distributed","shrubScrub",40.180753,-112.429727,"WGS84",45.3,1607.9,0.4,"1 - trap not set","ShermanXLK","2024-04-12","2024-04-12",,,,,,,,,,,,,,,,,,,,,,,,,,,,,"did not check","dry ice",,,,,,,,,,,,,,,"0009-0001-2150-8968","0009-0000-7236-0361",,,,,"41814bde-3954-4481-9f7c-60456a983c8b"
"65a61aa8-0a0c-4cfe-a073-26a7dec29037","65dac64e-3317-4e8c-864a-9b8f9439f440","ONAQ_019.mammalGrid.mam","D15","ONAQ","ONAQ_019","C3","distributed","shrubScrub",40.174342,-112.480716,"WGS84",45.1,1724.4,0.1,"1 - trap not set","ShermanXLK","2024-04-12","2024-04-12",,,,,,,,,,,,,,,,,,,,,,,,,,,,,,,,,,,,,,,,,,,,,"0009-0001-2150-8968","0009-0001-2150-8968",,,,,"576d09b8-645f-465a-a04e-fa313f5d41ed"
"2f62521a-6892-4a02-b4a0-dd0dea9759f5","6a52ab3b-f583-4c40-a237-1d54fbe3a4c4","ONAQ_004.mammalGrid.mam","D15","ONAQ","ONAQ_004","J1","distributed","shrubScrub",40.186515,-112.474083,"WGS84",45.1,1718.1,0.1,"1 - trap not set","ShermanXLK","2024-04-12","2024-04-12",,,,,,,,,,,,,,,,,,,,,,,,,,,,,,,,,,,,,,,,,,,,,"0009-0001-2150-8968","0009-0001-2150-8968",,,,,"cd452d5c-651f-4a4e-a616-07d69bd0fa41"
"d6c4281a-b60e-418d-bf00-7452306a3e4d","0b6bf725-c8b2-4ddc-8dbc-b265a54d3f72","ONAQ_005.mammalGrid.mam","D15","ONAQ","ONAQ_005","D4","distributed","shrubScrub",40.180753,-112.429727,"WGS84",45.3,1607.9,0.4,"5 - capture","ShermanXLK","2024-04-12","2024-04-12","NEON.MAM.D15.R4921",,"PEMA","Peromyscus maniculatus","species",,,,,"N","U","Y","processed",,"unknown",,,,,,,,,,"U","U","U",,"did not check","dry ice",,,,,,,,,,,,,,,"0009-0001-2150-8968","0009-0000-7236-0361",,,,,"4a141464-2694-4332-b761-ae0c2742633e"
"e02349c9-26a0-40cf-b36d-4cd3aceef5ad","1fad8a40-9b3b-4bcf-a532-2a00f8de5f45","ONAQ_003.mammalGrid.mam","D15","ONAQ","ONAQ_003","I1","distributed","shrubScrub",40.206225,-112.428493,"WGS84",45.4,1604.6,0.2,"5 - capture","ShermanXLK","2024-04-12","2024-04-12","NEON.MAM.D15.R4704",,"DIORDIMI","Dipodomys ordii/microps","speciesGroup",,,,,"N","F","Y","processed",,"adult",,"enlarged","not","swollen",,,,,,"U","U","U",,"did not check","dry ice",,,,,,,,,,,,,,,"0009-0000-7236-0361","0009-0001-2150-8968",,,,,"f3dd9320-918a-4958-adfb-67827361d599"
"ee93749d-45de-4654-8a5f-de9254603243","694f0351-35af-4538-a55b-6152e8c33959","ONAQ_023.mammalGrid.mam","D15","ONAQ","ONAQ_023","F4","distributed","evergreenForest",40.195079,-112.504944,"WGS84",45.1,1881.2,0.1,"1 - trap not set","ShermanXLK","2024-04-12","2024-04-12",,,,,,,,,,,,,,,,,,,,,,,,,,,,,,,,,,,,,,,,,,,,,"0009-0001-2150-8968","0009-0001-2150-8968",,,,,"8021aba2-7e11-4649-a01d-7a25d0832939"
"0581bf0f-eaa6-4a3d-9092-1904c28978e6","1fad8a40-9b3b-4bcf-a532-2a00f8de5f45","ONAQ_003.mammalGrid.mam","D15","ONAQ","ONAQ_003","D9","distributed","shrubScrub",40.206225,-112.428493,"WGS84",45.4,1604.6,0.2,"6 - trap set and empty","ShermanXLK","2024-04-12","2024-04-12",,,,,,,,,,,,,,,,,,,,,,,,,,,,,,,,,,,,,,,,,,,,,"0009-0000-7236-0361","0009-0001-2150-8968",,,,,"228836eb-4233-492c-ba60-fd2bfc2033f1"
"f58aca29-18e7-49e9-a0a8-0262cee350a3","1fad8a40-9b3b-4bcf-a532-2a00f8de5f45","ONAQ_003.mammalGrid.mam","D15","ONAQ","ONAQ_003","C5","distributed","shrubScrub",40.206225,-112.428493,"WGS84",45.4,1604.6,0.2,"5 - capture","ShermanXLK","2024-04-12","2024-04-12","NEON.MAM.D15.R5716",,"DIORDIMI","Dipodomys ordii/microps","speciesGroup",,,,,"N","M","Y","processed",,"adult","scrotal",,,,,,,,,"U","U","U",,"did not check","dry ice",,,,,,,,,,,,,,,"0009-0000-7236-0361","0009-0001-2150-8968",,,,,"39fa7c8d-fcfc-4b84-b1f8-5ce5d35737ff"
"674dc440-056e-4fdd-abbf-dfc47c422dbf","65dac64e-3317-4e8c-864a-9b8f9439f440","ONAQ_019.mammalGrid.mam","D15","ONAQ","ONAQ_019","I4","distributed","shrubScrub",40.174342,-112.480716,"WGS84",45.1,1724.4,0.1,"1 - trap not set","ShermanXLK","2024-04-12","2024-04-12",,,,,,,,,,,,,,,,,,,,,,,,,,,,,,,,,,,,,,,,,,,,,"0009-0001-2150-8968","0009-0001-2150-8968",,,,,"e1eaebf0-613f-46e5-883c-4993b4c8e36e"
"246be566-2c86-4973-ad92-ac594854b2d8","694f0351-35af-4538-a55b-6152e8c33959","ONAQ_023.mammalGrid.mam","D15","ONAQ","ONAQ_023","A1","distributed","evergreenForest",40.195079,-112.504944,"WGS84",45.1,1881.2,0.1,"1 - trap not set","ShermanXLK","2024-04-12","2024-04-12",,,,,,,,,,,,,,,,,,,,,,,,,,,,,,,,,,,,,,,,,,,,,"0009-0001-2150-8968","0009-0001-2150-8968",,,,,"4e67b479-f850-4cf8-a850-1b0dc50bba4e"
"2857fbad-7fab-4c3f-ae27-b12ceb7b62d3","0b6bf725-c8b2-4ddc-8dbc-b265a54d3f72","ONAQ_005.mammalGrid.mam","D15","ONAQ","ONAQ_005","J4","distributed","shrubScrub",40.180753,-112.429727,"WGS84",45.3,1607.9,0.4,"5 - capture","ShermanXLK","2024-04-12","2024-04-12","NEON.MAM.D15.R4911",,"PEMA","Peromyscus maniculatus","species",,,,,"N","U","Y","processed",,"unknown",,,,,,,,,,"U","U","U",,"did not check","dry ice",,,,,,,,,,,,,,,"0009-0001-2150-8968","0009-0000-7236-0361",,,,,"5f45c404-2e8c-4a1b-8f97-aaf40b97b860"
"f2cca3d9-3a95-4993-ac96-62f540342342","1fad8a40-9b3b-4bcf-a532-2a00f8de5f45","ONAQ_003.mammalGrid.mam","D15","ONAQ","ONAQ_003","J9","distributed","shrubScrub",40.206225,-112.428493,"WGS84",45.4,1604.6,0.2,"5 - capture","ShermanXLK","2024-04-12","2024-04-12","NEON.MAM.D15.R4943",,"DIORDIMI","Dipodomys ordii/microps","speciesGroup",,,,,"N","M","Y","processed",,"adult","scrotal",,,,,,,,,"U","U","U",,"did not check","dry ice",,,,,,,,,,,,,,,"0009-0000-7236-0361","0009-0001-2150-8968",,,,,"e21c4111-8d3e-48a6-a085-025c3320547e"
"5b404833-79f8-4c21-9b8a-eb1169514233","6a52ab3b-f583-4c40-a237-1d54fbe3a4c4","ONAQ_004.mammalGrid.mam","D15","ONAQ","ONAQ_004","J9","distributed","shrubScrub",40.186515,-112.474083,"WGS84",45.1,1718.1,0.1,"1 - trap not set","ShermanXLK","2024-04-12","2024-04-12",,,,,,,,,,,,,,,,,,,,,,,,,,,,,,,,,,,,,,,,,,,,,"0009-0001-2150-8968","0009-0001-2150-8968",,,,,"51c5b054-0074-4820-ac1b-f19ecba59131"
"36f8190d-9e89-466a-8f97-4eee8ab0950e","0b6bf725-c8b2-4ddc-8dbc-b265a54d3f72","ONAQ_005.mammalGrid.mam","D15","ONAQ","ONAQ_005","E6","distributed","shrubScrub",40.180753,-112.429727,"WGS84",45.3,1607.9,0.4,"1 - trap not set","ShermanXLK","2024-04-12","2024-04-12",,,,,,,,,,,,,,,,,,,,,,,,,,,,,"did not check","dry ice",,,,,,,,,,,,,,,"0009-0001-2150-8968","0009-0000-7236-0361",,,,,"0ed696ee-3284-42e3-b421-8c68763aac7b"
"34ea5da3-3345-45d4-9cde-074f70b0d1cf","5fc1a4da-69be-47d1-8579-eacaf40176e2","ONAQ_020.mammalGrid.mam","D15","ONAQ","ONAQ_020","G2","distributed","shrubScrub",40.183889,-112.436683,"WGS84",45.1,1627.6,0.1,"1 - trap not set","ShermanXLK","2024-04-12","2024-04-12",,,,,,,,,,,,,,,,,,,,,,,,,,,,,"did not check","dry ice",,,,,,,,,,,,,,,"0009-0001-5608-8465","0009-0005-2133-045X",,,,,"1ef5e3db-a22c-414e-b532-80cd6d880b65"
"06b50075-f8c8-452b-b385-602067f8036d","0b6bf725-c8b2-4ddc-8dbc-b265a54d3f72","ONAQ_005.mammalGrid.mam","D15","ONAQ","ONAQ_005","C7","distributed","shrubScrub",40.180753,-112.429727,"WGS84",45.3,1607.9,0.4,"6 - trap set and empty","ShermanXLK","2024-04-12","2024-04-12",,,,,,,,,,,,,,,,,,,,,,,,,,,,,,,,,,,,,,,,,,,,,"0009-0001-2150-8968","0009-0000-7236-0361",,,,,"44c965a6-3261-47c4-bb81-28b2eaa0d1f2"
"1a3d5fcd-9686-472a-9e81-5b85e4234cb2","694f0351-35af-4538-a55b-6152e8c33959","ONAQ_023.mammalGrid.mam","D15","ONAQ","ONAQ_023","J8","distributed","evergreenForest",40.195079,-112.504944,"WGS84",45.1,1881.2,0.1,"1 - trap not set","ShermanXLK","2024-04-12","2024-04-12",,,,,,,,,,,,,,,,,,,,,,,,,,,,,,,,,,,,,,,,,,,,,"0009-0001-2150-8968","0009-0001-2150-8968",,,,,"eb8e111a-99e4-4ee3-bd0d-4b5a6608130d"
"455557a1-7eb0-4e81-9cca-40ef86f4f99e","6a52ab3b-f583-4c40-a237-1d54fbe3a4c4","ONAQ_004.mammalGrid.mam","D15","ONAQ","ONAQ_004","F8","distributed","shrubScrub",40.186515,-112.474083,"WGS84",45.1,1718.1,0.1,"1 - trap not set","ShermanXLK","2024-04-12","2024-04-12",,,,,,,,,,,,,,,,,,,,,,,,,,,,,,,,,,,,,,,,,,,,,"0009-0001-2150-8968","0009-0001-2150-8968",,,,,"96798ab4-9a18-4b1f-a8af-64953dfb669d"
"73139d03-9e0a-4e51-8518-8601686f8679","694f0351-35af-4538-a55b-6152e8c33959","ONAQ_023.mammalGrid.mam","D15","ONAQ","ONAQ_023","E9","distributed","evergreenForest",40.195079,-112.504944,"WGS84",45.1,1881.2,0.1,"1 - trap not set","ShermanXLK","2024-04-12","2024-04-12",,,,,,,,,,,,,,,,,,,,,,,,,,,,,,,,,,,,,,,,,,,,,"0009-0001-2150-8968","0009-0001-2150-8968",,,,,"81d7cc6f-6232-42dc-acc2-a770f6bbe06c"
"a17fd3ab-08dd-47ae-ba6b-cec93e70e564","1fad8a40-9b3b-4bcf-a532-2a00f8de5f45","ONAQ_003.mammalGrid.mam","D15","ONAQ","ONAQ_003","B1","distributed","shrubScrub",40.206225,-112.428493,"WGS84",45.4,1604.6,0.2,"5 - capture","ShermanXLK","2024-04-12","2024-04-12","NEON.MAM.D15.R5795",,"PEMA","Peromyscus maniculatus","species",,,,,"N","M","Y","processed",,"adult","scrotal",,,,,,,,,"U","U","U",,"did not check","dry ice",,,,,,,,,,,,,,,"0009-0000-7236-0361","0009-0001-2150-8968",,,,,"795af4ae-3ab5-49d4-b6cd-2a1e3c3c5733"
"f7ff1a14-0d84-427b-a27b-db251d62f578","5fc1a4da-69be-47d1-8579-eacaf40176e2","ONAQ_020.mammalGrid.mam","D15","ONAQ","ONAQ_020","A4","distributed","shrubScrub",40.183889,-112.436683,"WGS84",45.1,1627.6,0.1,"5 - capture","ShermanXLK","2024-04-12","2024-04-12","NEON.MAM.D15.O020A420240412",,"PEMA","Peromyscus maniculatus","species",,,,,"N","U","U","escaped",,"unknown",,,,,,,,,,"U","U","U",,"did not check","dry ice",,,,,,,,,,,,,,,"0009-0001-5608-8465","0009-0005-2133-045X",,,,,"9de9241f-8c45-4f84-9c80-be5f58ed1e71"
"68c69677-fa26-415d-a81d-0f627dd66733","6a52ab3b-f583-4c40-a237-1d54fbe3a4c4","ONAQ_004.mammalGrid.mam","D15","ONAQ","ONAQ_004","J3","distributed","shrubScrub",40.186515,-112.474083,"WGS84",45.1,1718.1,0.1,"1 - trap not set","ShermanXLK","2024-04-12","2024-04-12",,,,,,,,,,,,,,,,,,,,,,,,,,,,,,,,,,,,,,,,,,,,,"0009-0001-2150-8968","0009-0001-2150-8968",,,,,"9307110b-67b5-4f43-9f14-a9366f629b70"
"fe8a9bb0-647c-4cae-90a0-4b32c35e7982","6a52ab3b-f583-4c40-a237-1d54fbe3a4c4","ONAQ_004.mammalGrid.mam","D15","ONAQ","ONAQ_004","G8","distributed","shrubScrub",40.186515,-112.474083,"WGS84",45.1,1718.1,0.1,"1 - trap not set","ShermanXLK","2024-04-12","2024-04-12",,,,,,,,,,,,,,,,,,,,,,,,,,,,,,,,,,,,,,,,,,,,,"0009-0001-2150-8968","0009-0001-2150-8968",,,,,"91359236-cb2b-4259-881a-f6a0af85fff0"
"74ac3156-536e-4676-9593-c4eebca05ae4","694f0351-35af-4538-a55b-6152e8c33959","ONAQ_023.mammalGrid.mam","D15","ONAQ","ONAQ_023","E1","distributed","evergreenForest",40.195079,-112.504944,"WGS84",45.1,1881.2,0.1,"1 - trap not set","ShermanXLK","2024-04-12","2024-04-12",,,,,,,,,,,,,,,,,,,,,,,,,,,,,,,,,,,,,,,,,,,,,"0009-0001-2150-8968","0009-0001-2150-8968",,,,,"f6aa749e-dfb4-4edf-87db-f2a0b002c0e8"
"bebd00b1-78fe-4e28-a6a2-7fd8ab6ba6a2","1fad8a40-9b3b-4bcf-a532-2a00f8de5f45","ONAQ_003.mammalGrid.mam","D15","ONAQ","ONAQ_003","H2","distributed","shrubScrub",40.206225,-112.428493,"WGS84",45.4,1604.6,0.2,"5 - capture","ShermanXLK","2024-04-12","2024-04-12","NEON.MAM.D15.526721",,"PEPA","Perognathus parvus","species",,,,,"N","M","Y","processed",,"adult","nonscrotal",,,,,,,,,"U","U","U",,"did not check","dry ice",,,,,,,,,,,,,,,"0009-0000-7236-0361","0009-0001-2150-8968",,,,,"fc423f5e-4162-425b-8ad4-0a3d00dfd99c"
"9842ffeb-344a-4ffd-8de0-cc50f27f868d","5fc1a4da-69be-47d1-8579-eacaf40176e2","ONAQ_020.mammalGrid.mam","D15","ONAQ","ONAQ_020","G5","distributed","shrubScrub",40.183889,-112.436683,"WGS84",45.1,1627.6,0.1,"1 - trap not set","ShermanXLK","2024-04-12","2024-04-12",,,,,,,,,,,,,,,,,,,,,,,,,,,,,"did not check","dry ice",,,,,,,,,,,,,,,"0009-0001-5608-8465","0009-0005-2133-045X",,,,,"d2d254c5-0bef-41d0-8985-e1169e45581e"
"4bdf26ad-5c09-4bdb-9e45-d4c71f32ed70","694f0351-35af-4538-a55b-6152e8c33959","ONAQ_023.mammalGrid.mam","D15","ONAQ","ONAQ_023","D2","distributed","evergreenForest",40.195079,-112.504944,"WGS84",45.1,1881.2,0.1,"1 - trap not set","ShermanXLK","2024-04-12","2024-04-12",,,,,,,,,,,,,,,,,,,,,,,,,,,,,,,,,,,,,,,,,,,,,"0009-0001-2150-8968","0009-0001-2150-8968",,,,,"10cae5a5-e90b-4fc0-9e94-f5aed0583c7a"
"569febc7-0e08-4892-97da-e3ca723aa443","5fc1a4da-69be-47d1-8579-eacaf40176e2","ONAQ_020.mammalGrid.mam","D15","ONAQ","ONAQ_020","G6","distributed","shrubScrub",40.183889,-112.436683,"WGS84",45.1,1627.6,0.1,"1 - trap not set","ShermanXLK","2024-04-12","2024-04-12",,,,,,,,,,,,,,,,,,,,,,,,,,,,,"did not check","dry ice",,,,,,,,,,,,,,,"0009-0001-5608-8465","0009-0005-2133-045X",,,,,"cb795380-977c-4d72-b82b-4595af739ea2"
"9e78991c-026f-4221-9be9-5f19bacb96c1","1fad8a40-9b3b-4bcf-a532-2a00f8de5f45","ONAQ_003.mammalGrid.mam","D15","ONAQ","ONAQ_003","F5","distributed","shrubScrub",40.206225,-112.428493,"WGS84",45.4,1604.6,0.2,"5 - capture","ShermanXLK","2024-04-12","2024-04-12","NEON.MAM.D15.R5557",,"DIORDIMI","Dipodomys ordii/microps","speciesGroup",,,,,"N","F","Y","processed",,"adult",,"enlarged","not","swollen",,,,,,"U","U","U",,"did not check","dry ice",,,,,,,,,,,,,,,"0009-0000-7236-0361","0009-0001-2150-8968",,,,,"9ee29729-0d61-4fc8-939d-a59f6b59c15c"
"73cbbfbf-603e-4bd3-9ccc-0006ab9c1061","5fc1a4da-69be-47d1-8579-eacaf40176e2","ONAQ_020.mammalGrid.mam","D15","ONAQ","ONAQ_020","I7","distributed","shrubScrub",40.183889,-112.436683,"WGS84",45.1,1627.6,0.1,"5 - capture","ShermanXLK","2024-04-12","2024-04-12","NEON.MAM.D15.441793",,"PEPA","Perognathus parvus","species",,,,,"N","M","Y","processed",,"adult","nonscrotal",,,,,,,,19,"U","U","U",,"did not check","dry ice",,,,,,,,,,,,,,,"0009-0001-5608-8465","0009-0005-2133-045X",,,,,"217fe9c5-48e3-4679-8eb5-9dc69be01f81"
"3e67e444-2713-4f9b-ab60-39f4b874c552","65dac64e-3317-4e8c-864a-9b8f9439f440","ONAQ_019.mammalGrid.mam","D15","ONAQ","ONAQ_019","B6","distributed","shrubScrub",40.174342,-112.480716,"WGS84",45.1,1724.4,0.1,"1 - trap not set","ShermanXLK","2024-04-12","2024-04-12",,,,,,,,,,,,,,,,,,,,,,,,,,,,,,,,,,,,,,,,,,,,,"0009-0001-2150-8968","0009-0001-2150-8968",,,,,"537a9cd5-ce63-451e-a2b7-6463b124e6ee"
"5c2aacf3-b7eb-4337-b6d4-8fc833a5011d","694f0351-35af-4538-a55b-6152e8c33959","ONAQ_023.mammalGrid.mam","D15","ONAQ","ONAQ_023","B10","distributed","evergreenForest",40.195079,-112.504944,"WGS84",45.1,1881.2,0.1,"1 - trap not set","ShermanXLK","2024-04-12","2024-04-12",,,,,,,,,,,,,,,,,,,,,,,,,,,,,,,,,,,,,,,,,,,,,"0009-0001-2150-8968","0009-0001-2150-8968",,,,,"47747b89-3080-4267-889d-1024d1e0297a"
"ed5810a5-978b-4825-8ab5-6763208ece3a","0b6bf725-c8b2-4ddc-8dbc-b265a54d3f72","ONAQ_005.mammalGrid.mam","D15","ONAQ","ONAQ_005","H3","distributed","shrubScrub",40.180753,-112.429727,"WGS84",45.3,1607.9,0.4,"6 - trap set and empty","ShermanXLK","2024-04-12","2024-04-12",,,,,,,,,,,,,,,,,,,,,,,,,,,,,,,,,,,,,,,,,,,,,"0009-0001-2150-8968","0009-0000-7236-0361",,,,,"714707f6-3114-4987-a9dd-63711eaee8f8"
"a1b2d800-3cb9-40c0-bd14-2413b74defde","0b6bf725-c8b2-4ddc-8dbc-b265a54d3f72","ONAQ_005.mammalGrid.mam","D15","ONAQ","ONAQ_005","F2","distributed","shrubScrub",40.180753,-112.429727,"WGS84",45.3,1607.9,0.4,"6 - trap set and empty","ShermanXLK","2024-04-12","2024-04-12",,,,,,,,,,,,,,,,,,,,,,,,,,,,,,,,,,,,,,,,,,,,,"0009-0001-2150-8968","0009-0000-7236-0361",,,,,"d33c7bcd-994f-4f36-9167-368ba1e6b5e9"
"d50958c0-d9e4-4c51-b1ae-3067ee6b236e","694f0351-35af-4538-a55b-6152e8c33959","ONAQ_023.mammalGrid.mam","D15","ONAQ","ONAQ_023","I2","distributed","evergreenForest",40.195079,-112.504944,"WGS84",45.1,1881.2,0.1,"1 - trap not set","ShermanXLK","2024-04-12","2024-04-12",,,,,,,,,,,,,,,,,,,,,,,,,,,,,,,,,,,,,,,,,,,,,"0009-0001-2150-8968","0009-0001-2150-8968",,,,,"4af99942-fbfa-4ead-a206-c9c58c616461"
"1dd3f43e-f0ae-4974-a084-01e30df2033a","1fad8a40-9b3b-4bcf-a532-2a00f8de5f45","ONAQ_003.mammalGrid.mam","D15","ONAQ","ONAQ_003","C8","distributed","shrubScrub",40.206225,-112.428493,"WGS84",45.4,1604.6,0.2,"5 - capture","ShermanXLK","2024-04-12","2024-04-12","NEON.MAM.D15.442495",,"PEPA","Perognathus parvus","species",,,,,"N","M","Y","processed",,"adult","scrotal",,,,,,,,,"U","U","U",,"did not check","dry ice",,,,,,,,,,,,,,,"0009-0000-7236-0361","0009-0001-2150-8968",,,,,"656ee899-01b9-4d4f-a10c-2f05955e8bc6"
"3cd1d082-2368-486f-88f6-7f4860321c44","6a52ab3b-f583-4c40-a237-1d54fbe3a4c4","ONAQ_004.mammalGrid.mam","D15","ONAQ","ONAQ_004","E7","distributed","shrubScrub",40.186515,-112.474083,"WGS84",45.1,1718.1,0.1,"1 - trap not set","ShermanXLK","2024-04-12","2024-04-12",,,,,,,,,,,,,,,,,,,,,,,,,,,,,,,,,,,,,,,,,,,,,"0009-0001-2150-8968","0009-0001-2150-8968",,,,,"89d705ae-a010-49b8-952d-2ba9160660a5"
"08599215-f985-4e50-adc2-e7970ba0a5f1","1fad8a40-9b3b-4bcf-a532-2a00f8de5f45","ONAQ_003.mammalGrid.mam","D15","ONAQ","ONAQ_003","G10","distributed","shrubScrub",40.206225,-112.428493,"WGS84",45.4,1604.6,0.2,"1 - trap not set","ShermanXLK","2024-04-12","2024-04-12",,,,,,,,,,,,,,,,,,,,,,,,,,,,,"did not check","dry ice",,,,,,,,,,,,,,,"0009-0000-7236-0361","0009-0001-2150-8968",,,,,"7745c34c-588b-4953-bd39-177c22c5d3f1"
"b92c9cf8-90da-4009-bfde-e7ccadd35844","0b6bf725-c8b2-4ddc-8dbc-b265a54d3f72","ONAQ_005.mammalGrid.mam","D15","ONAQ","ONAQ_005","B5","distributed","shrubScrub",40.180753,-112.429727,"WGS84",45.3,1607.9,0.4,"5 - capture","ShermanXLK","2024-04-12","2024-04-12","NEON.MAM.D15.R5812",,"PEMA","Peromyscus maniculatus","species",,,,,"N","U","Y","processed",,"adult",,,,,,,,,,"U","U","U",,"did not check","dry ice",,,,,,,,,,,,,,,"0009-0001-2150-8968","0009-0000-7236-0361",,,,,"cd6a8586-a44f-4b7e-98c0-69343e8f7ddf"
"5aab1de2-48a6-42f5-83d7-2447d71fbc81","5fc1a4da-69be-47d1-8579-eacaf40176e2","ONAQ_020.mammalGrid.mam","D15","ONAQ","ONAQ_020","F7","distributed","shrubScrub",40.183889,-112.436683,"WGS84",45.1,1627.6,0.1,"6 - trap set and empty","ShermanXLK","2024-04-12","2024-04-12",,,,,,,,,,,,,,,,,,,,,,,,,,,,,,,,,,,,,,,,,,,,,"0009-0001-5608-8465","0009-0005-2133-045X",,,,,"a220a2c3-d6ff-4ead-b84e-4e4699093364"
"b23ed164-76fe-4da7-a1f3-309ed8ce7744","694f0351-35af-4538-a55b-6152e8c33959","ONAQ_023.mammalGrid.mam","D15","ONAQ","ONAQ_023","D5","distributed","evergreenForest",40.195079,-112.504944,"WGS84",45.1,1881.2,0.1,"1 - trap not set","ShermanXLK","2024-04-12","2024-04-12",,,,,,,,,,,,,,,,,,,,,,,,,,,,,,,,,,,,,,,,,,,,,"0009-0001-2150-8968","0009-0001-2150-8968",,,,,"188b6610-a83c-4159-8e98-c2f5541c1dc3"
"e44d5f81-2228-4725-ac6b-d1b86091dc81","6a52ab3b-f583-4c40-a237-1d54fbe3a4c4","ONAQ_004.mammalGrid.mam","D15","ONAQ","ONAQ_004","D10","distributed","shrubScrub",40.186515,-112.474083,"WGS84",45.1,1718.1,0.1,"1 - trap not set","ShermanXLK","2024-04-12","2024-04-12",,,,,,,,,,,,,,,,,,,,,,,,,,,,,,,,,,,,,,,,,,,,,"0009-0001-2150-8968","0009-0001-2150-8968",,,,,"1307136c-2296-4a30-8abe-32b59549e829"
"04d618d2-5d63-4c5d-a403-3f08b72a94dc","6a52ab3b-f583-4c40-a237-1d54fbe3a4c4","ONAQ_004.mammalGrid.mam","D15","ONAQ","ONAQ_004","E5","distributed","shrubScrub",40.186515,-112.474083,"WGS84",45.1,1718.1,0.1,"1 - trap not set","ShermanXLK","2024-04-12","2024-04-12",,,,,,,,,,,,,,,,,,,,,,,,,,,,,,,,,,,,,,,,,,,,,"0009-0001-2150-8968","0009-0001-2150-8968",,,,,"73041a4b-7d00-4c79-8a33-22c1c9f99f3f"
"234fa3f2-b6fb-4a1c-b8b5-78c7527a7880","1fad8a40-9b3b-4bcf-a532-2a00f8de5f45","ONAQ_003.mammalGrid.mam","D15","ONAQ","ONAQ_003","F1","distributed","shrubScrub",40.206225,-112.428493,"WGS84",45.4,1604.6,0.2,"6 - trap set and empty","ShermanXLK","2024-04-12","2024-04-12",,,,,,,,,,,,,,,,,,,,,,,,,,,,,,,,,,,,,,,,,,,,,"0009-0000-7236-0361","0009-0001-2150-8968",,,,,"139165d8-d7f9-4127-a4b3-9934658a6854"
"971fd036-ed22-4eee-b34c-1dbc3bd5b7ec","694f0351-35af-4538-a55b-6152e8c33959","ONAQ_023.mammalGrid.mam","D15","ONAQ","ONAQ_023","C4","distributed","evergreenForest",40.195079,-112.504944,"WGS84",45.1,1881.2,0.1,"1 - trap not set","ShermanXLK","2024-04-12","2024-04-12",,,,,,,,,,,,,,,,,,,,,,,,,,,,,,,,,,,,,,,,,,,,,"0009-0001-2150-8968","0009-0001-2150-8968",,,,,"494865e7-2914-4657-b56e-fb6c43937abb"
"36590086-88dc-4ba3-aa48-1fe1e65b82cf","1fad8a40-9b3b-4bcf-a532-2a00f8de5f45","ONAQ_003.mammalGrid.mam","D15","ONAQ","ONAQ_003","J2","distributed","shrubScrub",40.206225,-112.428493,"WGS84",45.4,1604.6,0.2,"5 - capture","ShermanXLK","2024-04-12","2024-04-12","NEON.MAM.D15.R4917",,"DIORDIMI","Dipodomys ordii/microps","speciesGroup",,,,,"N","M","Y","processed",,"adult","scrotal",,,,,,,,,"U","U","U",,"did not check","dry ice",,,,,,,,,,,,,,,"0009-0000-7236-0361","0009-0001-2150-8968",,,,,"14d19b67-faf9-40f8-981e-8ed066d0e3c8"
"586fca82-71ca-4a4d-a0fc-458be8b472d2","5fc1a4da-69be-47d1-8579-eacaf40176e2","ONAQ_020.mammalGrid.mam","D15","ONAQ","ONAQ_020","F9","distributed","shrubScrub",40.183889,-112.436683,"WGS84",45.1,1627.6,0.1,"6 - trap set and empty","ShermanXLK","2024-04-12","2024-04-12",,,,,,,,,,,,,,,,,,,,,,,,,,,,,,,,,,,,,,,,,,,,,"0009-0001-5608-8465","0009-0005-2133-045X",,,,,"24f660b5-973f-4d95-976c-4d6852a7eaa3"
"db610fa1-cc7f-4917-b7c6-269f3ebd9504","0b6bf725-c8b2-4ddc-8dbc-b265a54d3f72","ONAQ_005.mammalGrid.mam","D15","ONAQ","ONAQ_005","G6","distributed","shrubScrub",40.180753,-112.429727,"WGS84",45.3,1607.9,0.4,"1 - trap not set","ShermanXLK","2024-04-12","2024-04-12",,,,,,,,,,,,,,,,,,,,,,,,,,,,,"did not check","dry ice",,,,,,,,,,,,,,,"0009-0001-2150-8968","0009-0000-7236-0361",,,,,"a1232fae-cdea-4a8c-932c-2d728354228e"
"4f7cb8d6-dfb1-4107-8595-30abed5da8f0","694f0351-35af-4538-a55b-6152e8c33959","ONAQ_023.mammalGrid.mam","D15","ONAQ","ONAQ_023","C10","distributed","evergreenForest",40.195079,-112.504944,"WGS84",45.1,1881.2,0.1,"1 - trap not set","ShermanXLK","2024-04-12","2024-04-12",,,,,,,,,,,,,,,,,,,,,,,,,,,,,,,,,,,,,,,,,,,,,"0009-0001-2150-8968","0009-0001-2150-8968",,,,,"d9b903dc-4b0d-4243-b963-a94c6bf2f149"
"27dfad21-1c63-4ac5-9603-8f51ed10e474","1fad8a40-9b3b-4bcf-a532-2a00f8de5f45","ONAQ_003.mammalGrid.mam","D15","ONAQ","ONAQ_003","B5","distributed","shrubScrub",40.206225,-112.428493,"WGS84",45.4,1604.6,0.2,"6 - trap set and empty","ShermanXLK","2024-04-12","2024-04-12",,,,,,,,,,,,,,,,,,,,,,,,,,,,,,,,,,,,,,,,,,,,,"0009-0000-7236-0361","0009-0001-2150-8968",,,,,"c6b25fab-c77d-490c-a46c-6b5c5c17984b"
"ce5b0ef9-5e7d-40ab-98f0-aa711153baad","6a52ab3b-f583-4c40-a237-1d54fbe3a4c4","ONAQ_004.mammalGrid.mam","D15","ONAQ","ONAQ_004","A7","distributed","shrubScrub",40.186515,-112.474083,"WGS84",45.1,1718.1,0.1,"1 - trap not set","ShermanXLK","2024-04-12","2024-04-12",,,,,,,,,,,,,,,,,,,,,,,,,,,,,,,,,,,,,,,,,,,,,"0009-0001-2150-8968","0009-0001-2150-8968",,,,,"fead3f50-1271-4750-8950-a0a378b7d44e"
"e1fa403e-f8d0-4ae7-8f06-0f4cd99d1865","6a52ab3b-f583-4c40-a237-1d54fbe3a4c4","ONAQ_004.mammalGrid.mam","D15","ONAQ","ONAQ_004","H7","distributed","shrubScrub",40.186515,-112.474083,"WGS84",45.1,1718.1,0.1,"1 - trap not set","ShermanXLK","2024-04-12","2024-04-12",,,,,,,,,,,,,,,,,,,,,,,,,,,,,,,,,,,,,,,,,,,,,"0009-0001-2150-8968","0009-0001-2150-8968",,,,,"602360ae-9c2e-4585-ac10-31d8b4866fe0"
"37867949-bb62-41ce-8a39-52860fce01a6","65dac64e-3317-4e8c-864a-9b8f9439f440","ONAQ_019.mammalGrid.mam","D15","ONAQ","ONAQ_019","G5","distributed","shrubScrub",40.174342,-112.480716,"WGS84",45.1,1724.4,0.1,"1 - trap not set","ShermanXLK","2024-04-12","2024-04-12",,,,,,,,,,,,,,,,,,,,,,,,,,,,,,,,,,,,,,,,,,,,,"0009-0001-2150-8968","0009-0001-2150-8968",,,,,"467f0c40-8c3e-49bc-acd6-37f1e700cfbb"
"89984714-9b28-49b5-b3e0-3f928ca1c2a2","5fc1a4da-69be-47d1-8579-eacaf40176e2","ONAQ_020.mammalGrid.mam","D15","ONAQ","ONAQ_020","A3","distributed","shrubScrub",40.183889,-112.436683,"WGS84",45.1,1627.6,0.1,"6 - trap set and empty","ShermanXLK","2024-04-12","2024-04-12",,,,,,,,,,,,,,,,,,,,,,,,,,,,,,,,,,,,,,,,,,,,,"0009-0001-5608-8465","0009-0005-2133-045X",,,,,"7807a5ae-fd70-474a-9d2b-63f9e54270c4"
"e83c2965-a616-460f-93d7-26904ef61e8a","5fc1a4da-69be-47d1-8579-eacaf40176e2","ONAQ_020.mammalGrid.mam","D15","ONAQ","ONAQ_020","G9","distributed","shrubScrub",40.183889,-112.436683,"WGS84",45.1,1627.6,0.1,"1 - trap not set","ShermanXLK","2024-04-12","2024-04-12",,,,,,,,,,,,,,,,,,,,,,,,,,,,,"did not check","dry ice",,,,,,,,,,,,,,,"0009-0001-5608-8465","0009-0005-2133-045X",,,,,"70a562be-c0d2-4b83-9a28-14de9d67202f"
"01dbf854-d8aa-4280-9c10-3f80010c5b16","6a52ab3b-f583-4c40-a237-1d54fbe3a4c4","ONAQ_004.mammalGrid.mam","D15","ONAQ","ONAQ_004","F2","distributed","shrubScrub",40.186515,-112.474083,"WGS84",45.1,1718.1,0.1,"1 - trap not set","ShermanXLK","2024-04-12","2024-04-12",,,,,,,,,,,,,,,,,,,,,,,,,,,,,,,,,,,,,,,,,,,,,"0009-0001-2150-8968","0009-0001-2150-8968",,,,,"4019848c-f2fe-444a-875d-ebe8352ec5d1"
"8ae02641-cb6d-45bb-9f51-e9e5d3e0bf10","6a52ab3b-f583-4c40-a237-1d54fbe3a4c4","ONAQ_004.mammalGrid.mam","D15","ONAQ","ONAQ_004","H2","distributed","shrubScrub",40.186515,-112.474083,"WGS84",45.1,1718.1,0.1,"1 - trap not set","ShermanXLK","2024-04-12","2024-04-12",,,,,,,,,,,,,,,,,,,,,,,,,,,,,,,,,,,,,,,,,,,,,"0009-0001-2150-8968","0009-0001-2150-8968",,,,,"3a75f08d-e17c-4e52-bd4c-ede150042a9c"
"78265490-b59f-4413-aa1c-3c931c6be31c","65dac64e-3317-4e8c-864a-9b8f9439f440","ONAQ_019.mammalGrid.mam","D15","ONAQ","ONAQ_019","F2","distributed","shrubScrub",40.174342,-112.480716,"WGS84",45.1,1724.4,0.1,"1 - trap not set","ShermanXLK","2024-04-12","2024-04-12",,,,,,,,,,,,,,,,,,,,,,,,,,,,,,,,,,,,,,,,,,,,,"0009-0001-2150-8968","0009-0001-2150-8968",,,,,"88587b32-57fe-412f-8989-b749d24ab0b8"
"34986732-9c01-4f7f-a416-902311d28c0c","65dac64e-3317-4e8c-864a-9b8f9439f440","ONAQ_019.mammalGrid.mam","D15","ONAQ","ONAQ_019","H5","distributed","shrubScrub",40.174342,-112.480716,"WGS84",45.1,1724.4,0.1,"1 - trap not set","ShermanXLK","2024-04-12","2024-04-12",,,,,,,,,,,,,,,,,,,,,,,,,,,,,,,,,,,,,,,,,,,,,"0009-0001-2150-8968","0009-0001-2150-8968",,,,,"d5918d09-7006-47bf-aff2-ed854f677ee2"
"a5f1de84-3852-43ff-b8a4-831dbe2de2ce","694f0351-35af-4538-a55b-6152e8c33959","ONAQ_023.mammalGrid.mam","D15","ONAQ","ONAQ_023","I5","distributed","evergreenForest",40.195079,-112.504944,"WGS84",45.1,1881.2,0.1,"1 - trap not set","ShermanXLK","2024-04-12","2024-04-12",,,,,,,,,,,,,,,,,,,,,,,,,,,,,,,,,,,,,,,,,,,,,"0009-0001-2150-8968","0009-0001-2150-8968",,,,,"9f723c87-a0e3-49f5-9b82-6e6e796fe299"
"2a4bfa7a-920c-4460-86e9-7e3e45299a8f","1fad8a40-9b3b-4bcf-a532-2a00f8de5f45","ONAQ_003.mammalGrid.mam","D15","ONAQ","ONAQ_003","H10","distributed","shrubScrub",40.206225,-112.428493,"WGS84",45.4,1604.6,0.2,"5 - capture","ShermanXLK","2024-04-12","2024-04-12","NEON.MAM.D15.443293",,"PEPA","Perognathus parvus","species",,,,,"N","M","Y","processed",,"adult","nonscrotal",,,,,,,,,"U","U","U",,"did not check","dry ice",,,,,,,,,,,,,,,"0009-0000-7236-0361","0009-0001-2150-8968",,,,,"d00a1d9e-e728-4d02-9443-ee99a65fa825"
"32a7c91b-bf6e-430e-ac37-f0522d210f62","6a52ab3b-f583-4c40-a237-1d54fbe3a4c4","ONAQ_004.mammalGrid.mam","D15","ONAQ","ONAQ_004","E9","distributed","shrubScrub",40.186515,-112.474083,"WGS84",45.1,1718.1,0.1,"1 - trap not set","ShermanXLK","2024-04-12","2024-04-12",,,,,,,,,,,,,,,,,,,,,,,,,,,,,,,,,,,,,,,,,,,,,"0009-0001-2150-8968","0009-0001-2150-8968",,,,,"f84fb366-4620-440e-8125-3208bf6e0015"
"ccf7b37a-3d4f-4a82-bda5-3f71a21b6209","694f0351-35af-4538-a55b-6152e8c33959","ONAQ_023.mammalGrid.mam","D15","ONAQ","ONAQ_023","J6","distributed","evergreenForest",40.195079,-112.504944,"WGS84",45.1,1881.2,0.1,"1 - trap not set","ShermanXLK","2024-04-12","2024-04-12",,,,,,,,,,,,,,,,,,,,,,,,,,,,,,,,,,,,,,,,,,,,,"0009-0001-2150-8968","0009-0001-2150-8968",,,,,"02dabb8b-4a02-4e73-9a74-7254d440f46f"
"1e740105-1ce9-4463-9836-b78327ca5e7c","0b6bf725-c8b2-4ddc-8dbc-b265a54d3f72","ONAQ_005.mammalGrid.mam","D15","ONAQ","ONAQ_005","B10","distributed","shrubScrub",40.180753,-112.429727,"WGS84",45.3,1607.9,0.4,"6 - trap set and empty","ShermanXLK","2024-04-12","2024-04-12",,,,,,,,,,,,,,,,,,,,,,,,,,,,,,,,,,,,,,,,,,,,,"0009-0001-2150-8968","0009-0000-7236-0361",,,,,"1141967b-58ab-4df2-83a5-41875f53dc73"
"966cffd3-ba95-40b0-959b-984ebb5ea5be","6a52ab3b-f583-4c40-a237-1d54fbe3a4c4","ONAQ_004.mammalGrid.mam","D15","ONAQ","ONAQ_004","I1","distributed","shrubScrub",40.186515,-112.474083,"WGS84",45.1,1718.1,0.1,"1 - trap not set","ShermanXLK","2024-04-12","2024-04-12",,,,,,,,,,,,,,,,,,,,,,,,,,,,,,,,,,,,,,,,,,,,,"0009-0001-2150-8968","0009-0001-2150-8968",,,,,"02274de1-41e5-4c9d-ab33-64efbeaa872b"
"a7a5d1a4-0602-4034-b83e-0d84248da934","694f0351-35af-4538-a55b-6152e8c33959","ONAQ_023.mammalGrid.mam","D15","ONAQ","ONAQ_023","J9","distributed","evergreenForest",40.195079,-112.504944,"WGS84",45.1,1881.2,0.1,"1 - trap not set","ShermanXLK","2024-04-12","2024-04-12",,,,,,,,,,,,,,,,,,,,,,,,,,,,,,,,,,,,,,,,,,,,,"0009-0001-2150-8968","0009-0001-2150-8968",,,,,"db6953c8-eaef-499c-8618-f1cea0c03547"
"e47f5a9d-3c8f-4d6f-85d0-011ae1d2c54f","5fc1a4da-69be-47d1-8579-eacaf40176e2","ONAQ_020.mammalGrid.mam","D15","ONAQ","ONAQ_020","H10","distributed","shrubScrub",40.183889,-112.436683,"WGS84",45.1,1627.6,0.1,"5 - capture","ShermanXLK","2024-04-12","2024-04-12","NEON.MAM.D15.L4927",,"PEMA","Peromyscus maniculatus","species",,,,,"N","M","Y","processed",,"adult","nonscrotal",,,,,,,,22,"U","U","U",,"did not check","dry ice",,,,,,,,,,,,,,,"0009-0001-5608-8465","0009-0005-2133-045X",,,,,"bf18c468-668d-4900-a526-c499fbbbcd26"
"11e1948d-c02e-48fb-b629-96f5d261b9bd","5fc1a4da-69be-47d1-8579-eacaf40176e2","ONAQ_020.mammalGrid.mam","D15","ONAQ","ONAQ_020","D7","distributed","shrubScrub",40.183889,-112.436683,"WGS84",45.1,1627.6,0.1,"5 - capture","ShermanXLK","2024-04-12","2024-04-12","NEON.MAM.D15.443127",,"PEPA","Perognathus parvus","species",,,,,"N","M","Y","processed",,"adult","nonscrotal",,,,,,,,17,"U","U","U",,"did not check","dry ice",,,,,,,,,,,,,,,"0009-0001-5608-8465","0009-0005-2133-045X",,,,,"328fddbd-c7bf-468c-b28b-86db0672a974"
"38289742-555b-4142-9172-de803ab3262f","1fad8a40-9b3b-4bcf-a532-2a00f8de5f45","ONAQ_003.mammalGrid.mam","D15","ONAQ","ONAQ_003","A8","distributed","shrubScrub",40.206225,-112.428493,"WGS84",45.4,1604.6,0.2,"5 - capture","ShermanXLK","2024-04-12","2024-04-12","NEON.MAM.D15.R4690",,"DIORDIMI","Dipodomys ordii/microps","speciesGroup",,,,,"N","M","Y","processed",,"adult","scrotal",,,,,,,,,"U","U","U",,"did not check","dry ice",,,,,,,,,,,,,,,"0009-0000-7236-0361","0009-0001-2150-8968",,,,,"e8de9af3-fbe2-402d-8de1-f829daa1e456"
"4a569542-ace1-448a-944e-220b1b12d063","5fc1a4da-69be-47d1-8579-eacaf40176e2","ONAQ_020.mammalGrid.mam","D15","ONAQ","ONAQ_020","I10","distributed","shrubScrub",40.183889,-112.436683,"WGS84",45.1,1627.6,0.1,"5 - capture","ShermanXLK","2024-04-12","2024-04-12","NEON.MAM.D15.R4929",,"PEMA","Peromyscus maniculatus","species",,,,,"N","M","Y","processed",,"adult","nonscrotal",,,,,,,,21,"U","U","U",,"did not check","dry ice",,,,,,,,,,,,,,,"0009-0001-5608-8465","0009-0005-2133-045X",,,,,"6a2b357e-6e7f-4810-bbca-8492945721d9"
"4202173a-ffde-49bf-8dea-f92f03040f75","6a52ab3b-f583-4c40-a237-1d54fbe3a4c4","ONAQ_004.mammalGrid.mam","D15","ONAQ","ONAQ_004","C10","distributed","shrubScrub",40.186515,-112.474083,"WGS84",45.1,1718.1,0.1,"1 - trap not set","ShermanXLK","2024-04-12","2024-04-12",,,,,,,,,,,,,,,,,,,,,,,,,,,,,,,,,,,,,,,,,,,,,"0009-0001-2150-8968","0009-0001-2150-8968",,,,,"1a8c88a2-eb71-4b9f-a3b5-82b9fab11d18"
"bdcc4629-b1bd-4966-8992-49a4a3babc83","6a52ab3b-f583-4c40-a237-1d54fbe3a4c4","ONAQ_004.mammalGrid.mam","D15","ONAQ","ONAQ_004","C5","distributed","shrubScrub",40.186515,-112.474083,"WGS84",45.1,1718.1,0.1,"1 - trap not set","ShermanXLK","2024-04-12","2024-04-12",,,,,,,,,,,,,,,,,,,,,,,,,,,,,,,,,,,,,,,,,,,,,"0009-0001-2150-8968","0009-0001-2150-8968",,,,,"b09fb804-ae3f-4b44-912f-9af420e96ac6"
"2613ad0b-0e89-474a-a0ff-5e153d95a1eb","6a52ab3b-f583-4c40-a237-1d54fbe3a4c4","ONAQ_004.mammalGrid.mam","D15","ONAQ","ONAQ_004","B1","distributed","shrubScrub",40.186515,-112.474083,"WGS84",45.1,1718.1,0.1,"1 - trap not set","ShermanXLK","2024-04-12","2024-04-12",,,,,,,,,,,,,,,,,,,,,,,,,,,,,,,,,,,,,,,,,,,,,"0009-0001-2150-8968","0009-0001-2150-8968",,,,,"22d77683-4ff4-496c-b48d-80110a6b4d40"
"6a1790bc-c3c3-4696-ab7b-166f828b9cda","1fad8a40-9b3b-4bcf-a532-2a00f8de5f45","ONAQ_003.mammalGrid.mam","D15","ONAQ","ONAQ_003","G3","distributed","shrubScrub",40.206225,-112.428493,"WGS84",45.4,1604.6,0.2,"1 - trap not set","ShermanXLK","2024-04-12","2024-04-12",,,,,,,,,,,,,,,,,,,,,,,,,,,,,"did not check","dry ice",,,,,,,,,,,,,,,"0009-0000-7236-0361","0009-0001-2150-8968",,,,,"c0658212-aed9-413f-b742-0f05948ef084"
"971d24b8-e388-4a31-8c92-69afcd8967d6","6a52ab3b-f583-4c40-a237-1d54fbe3a4c4","ONAQ_004.mammalGrid.mam","D15","ONAQ","ONAQ_004","E10","distributed","shrubScrub",40.186515,-112.474083,"WGS84",45.1,1718.1,0.1,"1 - trap not set","ShermanXLK","2024-04-12","2024-04-12",,,,,,,,,,,,,,,,,,,,,,,,,,,,,,,,,,,,,,,,,,,,,"0009-0001-2150-8968","0009-0001-2150-8968",,,,,"86127999-08a2-432d-9a08-b906a67f5047"
"c5208837-a5f7-4d84-ac75-d55019fd878a","694f0351-35af-4538-a55b-6152e8c33959","ONAQ_023.mammalGrid.mam","D15","ONAQ","ONAQ_023","I8","distributed","evergreenForest",40.195079,-112.504944,"WGS84",45.1,1881.2,0.1,"1 - trap not set","ShermanXLK","2024-04-12","2024-04-12",,,,,,,,,,,,,,,,,,,,,,,,,,,,,,,,,,,,,,,,,,,,,"0009-0001-2150-8968","0009-0001-2150-8968",,,,,"46f8d06c-de20-478b-b547-182a118b371f"
"742f8375-bc28-4ce9-9a96-e762fe0deac2","694f0351-35af-4538-a55b-6152e8c33959","ONAQ_023.mammalGrid.mam","D15","ONAQ","ONAQ_023","C8","distributed","evergreenForest",40.195079,-112.504944,"WGS84",45.1,1881.2,0.1,"1 - trap not set","ShermanXLK","2024-04-12","2024-04-12",,,,,,,,,,,,,,,,,,,,,,,,,,,,,,,,,,,,,,,,,,,,,"0009-0001-2150-8968","0009-0001-2150-8968",,,,,"e806cc53-e460-450a-a804-8a7fff1af309"
"17dd4b41-c10a-4209-b9af-6016d3b6d5b3","5fc1a4da-69be-47d1-8579-eacaf40176e2","ONAQ_020.mammalGrid.mam","D15","ONAQ","ONAQ_020","D8","distributed","shrubScrub",40.183889,-112.436683,"WGS84",45.1,1627.6,0.1,"5 - capture","ShermanXLK","2024-04-12","2024-04-12","NEON.MAM.D15.R4928",,"PEMA","Peromyscus maniculatus","species",,,,,"N","M","Y","processed",,"adult","nonscrotal",,,,,,,,20,"U","U","U",,"did not check","dry ice",,,,,,,,,,,,,,,"0009-0001-5608-8465","0009-0005-2133-045X",,,,,"3b22f267-fa35-4fbc-b62b-4e376436d5bd"
"14f83098-f78d-4f64-800a-60a6a3ba7840","5fc1a4da-69be-47d1-8579-eacaf40176e2","ONAQ_020.mammalGrid.mam","D15","ONAQ","ONAQ_020","G8","distributed","shrubScrub",40.183889,-112.436683,"WGS84",45.1,1627.6,0.1,"1 - trap not set","ShermanXLK","2024-04-12","2024-04-12",,,,,,,,,,,,,,,,,,,,,,,,,,,,,"did not check","dry ice",,,,,,,,,,,,,,,"0009-0001-5608-8465","0009-0005-2133-045X",,,,,"1f435096-c93b-4300-abf4-f9d3ac251660"
"a1e81489-9d13-4d31-9143-a5974a94a1b5","694f0351-35af-4538-a55b-6152e8c33959","ONAQ_023.mammalGrid.mam","D15","ONAQ","ONAQ_023","A8","distributed","evergreenForest",40.195079,-112.504944,"WGS84",45.1,1881.2,0.1,"1 - trap not set","ShermanXLK","2024-04-12","2024-04-12",,,,,,,,,,,,,,,,,,,,,,,,,,,,,,,,,,,,,,,,,,,,,"0009-0001-2150-8968","0009-0001-2150-8968",,,,,"24fe61c8-065b-4e71-b588-95667d5ef32c"
"6a59334a-f709-46e1-9bed-e4fcadcd0db6","1fad8a40-9b3b-4bcf-a532-2a00f8de5f45","ONAQ_003.mammalGrid.mam","D15","ONAQ","ONAQ_003","H1","distributed","shrubScrub",40.206225,-112.428493,"WGS84",45.4,1604.6,0.2,"5 - capture","ShermanXLK","2024-04-12","2024-04-12","NEON.MAM.D15.R5606",,"DIORDIMI","Dipodomys ordii/microps","speciesGroup",,,,,"N","F","N","processed",,"adult",,"enlarged","not","swollen",,,,,,"U","U","U",,"did not check","dry ice",,,,,,,,,,,,,,,"0009-0000-7236-0361","0009-0001-2150-8968",,,,,"384efbd5-c23f-4cc0-b06a-81b91469b317"
"e4995aa5-d2af-4b97-b1ab-6d87463319f6","1fad8a40-9b3b-4bcf-a532-2a00f8de5f45","ONAQ_003.mammalGrid.mam","D15","ONAQ","ONAQ_003","F7","distributed","shrubScrub",40.206225,-112.428493,"WGS84",45.4,1604.6,0.2,"5 - capture","ShermanXLK","2024-04-12","2024-04-12","NEON.MAM.D15.R4914",,"PEMA","Peromyscus maniculatus","species",,,,,"N","F","Y","processed",,"adult",,"enlarged","not","neither",,,,,,"U","U","U",,"did not check","dry ice",,,,,,,,,,,,,,,"0009-0000-7236-0361","0009-0001-2150-8968",,,,,"105ebeb7-f390-4e88-9952-51027b5550d6"
"7734fcaa-9c06-4b4d-b1d4-2d203aecbc64","0b6bf725-c8b2-4ddc-8dbc-b265a54d3f72","ONAQ_005.mammalGrid.mam","D15","ONAQ","ONAQ_005","G5","distributed","shrubScrub",40.180753,-112.429727,"WGS84",45.3,1607.9,0.4,"1 - trap not set","ShermanXLK","2024-04-12","2024-04-12",,,,,,,,,,,,,,,,,,,,,,,,,,,,,"did not check","dry ice",,,,,,,,,,,,,,,"0009-0001-2150-8968","0009-0000-7236-0361",,,,,"00417b89-316c-4995-972d-da4e9ec70fac"
"c4e54e5e-3f52-4ca8-a378-8cb77bb17f47","5fc1a4da-69be-47d1-8579-eacaf40176e2","ONAQ_020.mammalGrid.mam","D15","ONAQ","ONAQ_020","H4","distributed","shrubScrub",40.183889,-112.436683,"WGS84",45.1,1627.6,0.1,"6 - trap set and empty","ShermanXLK","2024-04-12","2024-04-12",,,,,,,,,,,,,,,,,,,,,,,,,,,,,,,,,,,,,,,,,,,,,"0009-0001-5608-8465","0009-0005-2133-045X",,,,,"d974bfde-e8c7-45c6-ae84-64caf986e941"
"c9e5708f-d98c-4629-b38d-5c0b9611469b","1fad8a40-9b3b-4bcf-a532-2a00f8de5f45","ONAQ_003.mammalGrid.mam","D15","ONAQ","ONAQ_003","I4","distributed","shrubScrub",40.206225,-112.428493,"WGS84",45.4,1604.6,0.2,"6 - trap set and empty","ShermanXLK","2024-04-12","2024-04-12",,,,,,,,,,,,,,,,,,,,,,,,,,,,,,,,,,,,,,,,,,,,,"0009-0000-7236-0361","0009-0001-2150-8968",,,,,"65e191b1-7e33-4cdd-a26f-c6c3baf413d9"
"20b3e608-b537-4516-9e53-671a3090b9c8","0b6bf725-c8b2-4ddc-8dbc-b265a54d3f72","ONAQ_005.mammalGrid.mam","D15","ONAQ","ONAQ_005","A3","distributed","shrubScrub",40.180753,-112.429727,"WGS84",45.3,1607.9,0.4,"5 - capture","ShermanXLK","2024-04-12","2024-04-12","NEON.MAM.D15.R5818",,"PEMA","Peromyscus maniculatus","species",,,,,"N","M","Y","processed",,"adult","nonscrotal",,,,,,,,16,"U","U","U",,"did not check","dry ice",,,,,,,,,,,,,,,"0009-0001-2150-8968","0009-0000-7236-0361",,,,,"c1adc993-2a4b-45b1-bb54-2c41391ad9d0"
"1c07a55c-cf13-4c00-b480-6af3014ce8a9","694f0351-35af-4538-a55b-6152e8c33959","ONAQ_023.mammalGrid.mam","D15","ONAQ","ONAQ_023","I4","distributed","evergreenForest",40.195079,-112.504944,"WGS84",45.1,1881.2,0.1,"1 - trap not set","ShermanXLK","2024-04-12","2024-04-12",,,,,,,,,,,,,,,,,,,,,,,,,,,,,,,,,,,,,,,,,,,,,"0009-0001-2150-8968","0009-0001-2150-8968",,,,,"493863f4-c5fa-431a-8542-a220d2af05bc"
"52bc0bdd-cb13-469e-a691-c79054d85c11","1fad8a40-9b3b-4bcf-a532-2a00f8de5f45","ONAQ_003.mammalGrid.mam","D15","ONAQ","ONAQ_003","A5","distributed","shrubScrub",40.206225,-112.428493,"WGS84",45.4,1604.6,0.2,"6 - trap set and empty","ShermanXLK","2024-04-12","2024-04-12",,,,,,,,,,,,,,,,,,,,,,,,,,,,,,,,,,,,,,,,,,,,,"0009-0000-7236-0361","0009-0001-2150-8968",,,,,"8d031223-db9d-4ff8-9820-a465ca9edb5a"
"48ba1143-3bfb-4bc6-b12e-397a995e014d","5fc1a4da-69be-47d1-8579-eacaf40176e2","ONAQ_020.mammalGrid.mam","D15","ONAQ","ONAQ_020","E7","distributed","shrubScrub",40.183889,-112.436683,"WGS84",45.1,1627.6,0.1,"1 - trap not set","ShermanXLK","2024-04-12","2024-04-12",,,,,,,,,,,,,,,,,,,,,,,,,,,,,"did not check","dry ice",,,,,,,,,,,,,,,"0009-0001-5608-8465","0009-0005-2133-045X",,,,,"802fda00-e8fb-441f-864f-48b475ddf9aa"
"a9b2b126-4ef7-489e-ad91-c20185e60c22","1fad8a40-9b3b-4bcf-a532-2a00f8de5f45","ONAQ_003.mammalGrid.mam","D15","ONAQ","ONAQ_003","I3","distributed","shrubScrub",40.206225,-112.428493,"WGS84",45.4,1604.6,0.2,"5 - capture","ShermanXLK","2024-04-12","2024-04-12","NEON.MAM.D15.R5553",,"DIORDIMI","Dipodomys ordii/microps","speciesGroup",,,,,"N","F","Y","processed",,"adult",,"enlarged","not","swollen",,,,,,"U","U","U",,"did not check","dry ice",,,,,,,,,,,,,,,"0009-0000-7236-0361","0009-0001-2150-8968",,,,,"10b750c4-2055-45a3-bf3c-eb293c76c095"
"64447584-fd88-4ae1-86f2-5e5601aa5e8e","5fc1a4da-69be-47d1-8579-eacaf40176e2","ONAQ_020.mammalGrid.mam","D15","ONAQ","ONAQ_020","H7","distributed","shrubScrub",40.183889,-112.436683,"WGS84",45.1,1627.6,0.1,"6 - trap set and empty","ShermanXLK","2024-04-12","2024-04-12",,,,,,,,,,,,,,,,,,,,,,,,,,,,,,,,,,,,,,,,,,,,,"0009-0001-5608-8465","0009-0005-2133-045X",,,,,"9d1c364e-26ca-471e-897e-c93bd9acaaab"
"07b791d9-b66f-488b-b7b7-e9786e43d41f","694f0351-35af-4538-a55b-6152e8c33959","ONAQ_023.mammalGrid.mam","D15","ONAQ","ONAQ_023","B5","distributed","evergreenForest",40.195079,-112.504944,"WGS84",45.1,1881.2,0.1,"1 - trap not set","ShermanXLK","2024-04-12","2024-04-12",,,,,,,,,,,,,,,,,,,,,,,,,,,,,,,,,,,,,,,,,,,,,"0009-0001-2150-8968","0009-0001-2150-8968",,,,,"a7582224-da24-4ada-946e-d5c640ac2ef7"
"aeea6684-a76b-4b35-b5b3-f60a6b4de015","1fad8a40-9b3b-4bcf-a532-2a00f8de5f45","ONAQ_003.mammalGrid.mam","D15","ONAQ","ONAQ_003","B6","distributed","shrubScrub",40.206225,-112.428493,"WGS84",45.4,1604.6,0.2,"5 - capture","ShermanXLK","2024-04-12","2024-04-12","NEON.MAM.D15.441600",,"PEPA","Perognathus parvus","species",,,,,"N","M","Y","processed",,"adult","scrotal",,,,,,,,,"U","U","U",,"did not check","dry ice",,,,,,,,,,,,,,,"0009-0000-7236-0361","0009-0001-2150-8968",,,,,"6f383897-9d5b-43e6-8b8c-0644f33bbb7a"
"e7a86da4-f2e7-4cf1-bab2-91e6648dd975","65dac64e-3317-4e8c-864a-9b8f9439f440","ONAQ_019.mammalGrid.mam","D15","ONAQ","ONAQ_019","A5","distributed","shrubScrub",40.174342,-112.480716,"WGS84",45.1,1724.4,0.1,"1 - trap not set","ShermanXLK","2024-04-12","2024-04-12",,,,,,,,,,,,,,,,,,,,,,,,,,,,,,,,,,,,,,,,,,,,,"0009-0001-2150-8968","0009-0001-2150-8968",,,,,"237438f1-eca5-4ae7-ae75-8cc3ee21efe5"
"d0f5e292-d43e-4b77-94c9-fe1a6919ebcc","5fc1a4da-69be-47d1-8579-eacaf40176e2","ONAQ_020.mammalGrid.mam","D15","ONAQ","ONAQ_020","D4","distributed","shrubScrub",40.183889,-112.436683,"WGS84",45.1,1627.6,0.1,"5 - capture","ShermanXLK","2024-04-12","2024-04-12","NEON.MAM.D15.R5767",,"PEMA","Peromyscus maniculatus","species",,,,,"N","F","Y","processed",,"adult",,"nonenlarged","not","neither",,,,,19,"U","U","U",,"did not check","dry ice",,,,,,,,,,,,,,,"0009-0001-5608-8465","0009-0005-2133-045X",,,,,"55063b08-da94-46b4-8db6-d44a41d505b1"
"e7868432-d530-4c8b-b278-a7de22c3cc4c","5fc1a4da-69be-47d1-8579-eacaf40176e2","ONAQ_020.mammalGrid.mam","D15","ONAQ","ONAQ_020","D10","distributed","shrubScrub",40.183889,-112.436683,"WGS84",45.1,1627.6,0.1,"6 - trap set and empty","ShermanXLK","2024-04-12","2024-04-12",,,,,,,,,,,,,,,,,,,,,,,,,,,,,,,,,,,,,,,,,,,,,"0009-0001-5608-8465","0009-0005-2133-045X",,,,,"f6e17871-5287-4049-9e10-a38d8aaf7271"
"ee8be6a5-6524-4204-ac15-738bda8ee4d1","0b6bf725-c8b2-4ddc-8dbc-b265a54d3f72","ONAQ_005.mammalGrid.mam","D15","ONAQ","ONAQ_005","I6","distributed","shrubScrub",40.180753,-112.429727,"WGS84",45.3,1607.9,0.4,"5 - capture","ShermanXLK","2024-04-12","2024-04-12","NEON.MAM.D15.R6094",,"PEMA","Peromyscus maniculatus","species",,,,,"N","U","Y","processed",,"adult",,,,,,,,,,"U","U","U",,"did not check","dry ice",,,,,,,,,,,,,,,"0009-0001-2150-8968","0009-0000-7236-0361",,,,,"762ab9ce-edb9-4528-a66c-dcc85d59304d"
"4af26d2d-c0af-4152-bac5-6eea36a61977","6a52ab3b-f583-4c40-a237-1d54fbe3a4c4","ONAQ_004.mammalGrid.mam","D15","ONAQ","ONAQ_004","E2","distributed","shrubScrub",40.186515,-112.474083,"WGS84",45.1,1718.1,0.1,"1 - trap not set","ShermanXLK","2024-04-12","2024-04-12",,,,,,,,,,,,,,,,,,,,,,,,,,,,,,,,,,,,,,,,,,,,,"0009-0001-2150-8968","0009-0001-2150-8968",,,,,"f0ba984a-4515-444e-b0cd-25aad3067bb7"
"103f77ff-1a4a-410d-9d0d-34bb961f25ba","6a52ab3b-f583-4c40-a237-1d54fbe3a4c4","ONAQ_004.mammalGrid.mam","D15","ONAQ","ONAQ_004","E8","distributed","shrubScrub",40.186515,-112.474083,"WGS84",45.1,1718.1,0.1,"1 - trap not set","ShermanXLK","2024-04-12","2024-04-12",,,,,,,,,,,,,,,,,,,,,,,,,,,,,,,,,,,,,,,,,,,,,"0009-0001-2150-8968","0009-0001-2150-8968",,,,,"18c6027b-d529-461d-ac32-dd9a467c89dd"
"83569dea-5907-4982-af65-ac77327982c4","0b6bf725-c8b2-4ddc-8dbc-b265a54d3f72","ONAQ_005.mammalGrid.mam","D15","ONAQ","ONAQ_005","C1","distributed","shrubScrub",40.180753,-112.429727,"WGS84",45.3,1607.9,0.4,"5 - capture","ShermanXLK","2024-04-12","2024-04-12","NEON.MAM.D15.R5749",,"PEMA","Peromyscus maniculatus","species",,,,,"N","U","Y","processed",,"unknown",,,,,,,,,,"U","U","U",,"did not check","dry ice",,,,,,,,,,,,,,,"0009-0001-2150-8968","0009-0000-7236-0361",,,,,"405bd3d6-c377-4bb2-9b12-4dc8f886b4c7"
"1a4d1edf-452d-42eb-84f8-9220fd064022","6a52ab3b-f583-4c40-a237-1d54fbe3a4c4","ONAQ_004.mammalGrid.mam","D15","ONAQ","ONAQ_004","A3","distributed","shrubScrub",40.186515,-112.474083,"WGS84",45.1,1718.1,0.1,"1 - trap not set","ShermanXLK","2024-04-12","2024-04-12",,,,,,,,,,,,,,,,,,,,,,,,,,,,,,,,,,,,,,,,,,,,,"0009-0001-2150-8968","0009-0001-2150-8968",,,,,"def55cb2-e32f-411e-810e-b7918efe6092"
"ec3dfad9-53e6-4dc6-aa08-1252597a3555","6a52ab3b-f583-4c40-a237-1d54fbe3a4c4","ONAQ_004.mammalGrid.mam","D15","ONAQ","ONAQ_004","C3","distributed","shrubScrub",40.186515,-112.474083,"WGS84",45.1,1718.1,0.1,"1 - trap not set","ShermanXLK","2024-04-12","2024-04-12",,,,,,,,,,,,,,,,,,,,,,,,,,,,,,,,,,,,,,,,,,,,,"0009-0001-2150-8968","0009-0001-2150-8968",,,,,"69a24fe3-561a-42e8-8988-5c3e1ff9876b"
"4a9de0df-15cf-40ef-9343-2eba59c7c77f","0b6bf725-c8b2-4ddc-8dbc-b265a54d3f72","ONAQ_005.mammalGrid.mam","D15","ONAQ","ONAQ_005","B4","distributed","shrubScrub",40.180753,-112.429727,"WGS84",45.3,1607.9,0.4,"6 - trap set and empty","ShermanXLK","2024-04-12","2024-04-12",,,,,,,,,,,,,,,,,,,,,,,,,,,,,,,,,,,,,,,,,,,,,"0009-0001-2150-8968","0009-0000-7236-0361",,,,,"05e7cc44-d217-43c5-87f0-1d257676ee35"
"7ffd5aef-c460-4d8d-ad1e-66a6277005d9","65dac64e-3317-4e8c-864a-9b8f9439f440","ONAQ_019.mammalGrid.mam","D15","ONAQ","ONAQ_019","E4","distributed","shrubScrub",40.174342,-112.480716,"WGS84",45.1,1724.4,0.1,"1 - trap not set","ShermanXLK","2024-04-12","2024-04-12",,,,,,,,,,,,,,,,,,,,,,,,,,,,,,,,,,,,,,,,,,,,,"0009-0001-2150-8968","0009-0001-2150-8968",,,,,"853ab5b8-5bba-490b-879f-84c87878b516"
"8ce6206b-5e4a-4a24-930d-19f055cc461b","6a52ab3b-f583-4c40-a237-1d54fbe3a4c4","ONAQ_004.mammalGrid.mam","D15","ONAQ","ONAQ_004","I5","distributed","shrubScrub",40.186515,-112.474083,"WGS84",45.1,1718.1,0.1,"1 - trap not set","ShermanXLK","2024-04-12","2024-04-12",,,,,,,,,,,,,,,,,,,,,,,,,,,,,,,,,,,,,,,,,,,,,"0009-0001-2150-8968","0009-0001-2150-8968",,,,,"01bd8f63-f25f-4559-897e-a2dac031119e"
"dac6b9d3-25d0-4054-add6-4813639c501c","1fad8a40-9b3b-4bcf-a532-2a00f8de5f45","ONAQ_003.mammalGrid.mam","D15","ONAQ","ONAQ_003","I7","distributed","shrubScrub",40.206225,-112.428493,"WGS84",45.4,1604.6,0.2,"6 - trap set and empty","ShermanXLK","2024-04-12","2024-04-12",,,,,,,,,,,,,,,,,,,,,,,,,,,,,,,,,,,,,,,,,,,,,"0009-0000-7236-0361","0009-0001-2150-8968",,,,,"7ba99d79-d4ad-4310-af9e-e98947e48f87"
"d1335e04-bb35-41b5-85cf-663236d6b2d8","1fad8a40-9b3b-4bcf-a532-2a00f8de5f45","ONAQ_003.mammalGrid.mam","D15","ONAQ","ONAQ_003","H8","distributed","shrubScrub",40.206225,-112.428493,"WGS84",45.4,1604.6,0.2,"5 - capture","ShermanXLK","2024-04-12","2024-04-12","NEON.MAM.D15.441909",,"PEPA","Perognathus parvus","species",,,,,"N","M","N","processed",,"adult","scrotal",,,,,,,,,"U","U","U",,"did not check","dry ice",,,,,,,,,,,,,,,"0009-0000-7236-0361","0009-0001-2150-8968",,,,,"969aefee-4c75-4869-8914-d6a3025300d3"
"e4987408-d203-4487-876a-532e321545e6","5fc1a4da-69be-47d1-8579-eacaf40176e2","ONAQ_020.mammalGrid.mam","D15","ONAQ","ONAQ_020","A2","distributed","shrubScrub",40.183889,-112.436683,"WGS84",45.1,1627.6,0.1,"6 - trap set and empty","ShermanXLK","2024-04-12","2024-04-12",,,,,,,,,,,,,,,,,,,,,,,,,,,,,,,,,,,,,,,,,,,,,"0009-0001-5608-8465","0009-0005-2133-045X",,,,,"950e6f27-db05-4412-89e5-a31d12e82183"
"09d87830-00a9-47a2-a2b4-9c185d4c8e68","0b6bf725-c8b2-4ddc-8dbc-b265a54d3f72","ONAQ_005.mammalGrid.mam","D15","ONAQ","ONAQ_005","C4","distributed","shrubScrub",40.180753,-112.429727,"WGS84",45.3,1607.9,0.4,"6 - trap set and empty","ShermanXLK","2024-04-12","2024-04-12",,,,,,,,,,,,,,,,,,,,,,,,,,,,,,,,,,,,,,,,,,,,,"0009-0001-2150-8968","0009-0000-7236-0361",,,,,"1acb70f6-2927-4ac8-b5fa-691122771ce3"
"386d24c3-1c88-49e5-ad8c-e07dbdb28927","65dac64e-3317-4e8c-864a-9b8f9439f440","ONAQ_019.mammalGrid.mam","D15","ONAQ","ONAQ_019","F1","distributed","shrubScrub",40.174342,-112.480716,"WGS84",45.1,1724.4,0.1,"1 - trap not set","ShermanXLK","2024-04-12","2024-04-12",,,,,,,,,,,,,,,,,,,,,,,,,,,,,,,,,,,,,,,,,,,,,"0009-0001-2150-8968","0009-0001-2150-8968",,,,,"bf4c48f4-2213-432a-9a77-886e2c951347"
"5d1731f1-b01f-4dd3-84cd-cf327862b231","694f0351-35af-4538-a55b-6152e8c33959","ONAQ_023.mammalGrid.mam","D15","ONAQ","ONAQ_023","D4","distributed","evergreenForest",40.195079,-112.504944,"WGS84",45.1,1881.2,0.1,"1 - trap not set","ShermanXLK","2024-04-12","2024-04-12",,,,,,,,,,,,,,,,,,,,,,,,,,,,,,,,,,,,,,,,,,,,,"0009-0001-2150-8968","0009-0001-2150-8968",,,,,"35242503-22f3-4ba8-804c-2c98e800efc6"
"e5c0f275-9506-49f2-8911-67f1ae3f5e56","0b6bf725-c8b2-4ddc-8dbc-b265a54d3f72","ONAQ_005.mammalGrid.mam","D15","ONAQ","ONAQ_005","J6","distributed","shrubScrub",40.180753,-112.429727,"WGS84",45.3,1607.9,0.4,"5 - capture","ShermanXLK","2024-04-12","2024-04-12","NEON.MAM.D15.R6000",,"PEMA","Peromyscus maniculatus","species",,,,,"N","U","Y","processed",,"unknown",,,,,,,,,,"U","U","U",,"did not check","dry ice",,,,,,,,,,,,,,,"0009-0001-2150-8968","0009-0000-7236-0361",,,,,"fe57a45c-5212-49db-817d-c770abc36ea9"
"3b1ee95b-80f2-4ddb-b514-ecfbc4f88c5d","6a52ab3b-f583-4c40-a237-1d54fbe3a4c4","ONAQ_004.mammalGrid.mam","D15","ONAQ","ONAQ_004","D9","distributed","shrubScrub",40.186515,-112.474083,"WGS84",45.1,1718.1,0.1,"1 - trap not set","ShermanXLK","2024-04-12","2024-04-12",,,,,,,,,,,,,,,,,,,,,,,,,,,,,,,,,,,,,,,,,,,,,"0009-0001-2150-8968","0009-0001-2150-8968",,,,,"8c0b24b0-97c4-4b14-a7ef-378946f9a9fe"
"3fbf6541-15b8-4f3f-8961-bd7ad1f09988","65dac64e-3317-4e8c-864a-9b8f9439f440","ONAQ_019.mammalGrid.mam","D15","ONAQ","ONAQ_019","F7","distributed","shrubScrub",40.174342,-112.480716,"WGS84",45.1,1724.4,0.1,"1 - trap not set","ShermanXLK","2024-04-12","2024-04-12",,,,,,,,,,,,,,,,,,,,,,,,,,,,,,,,,,,,,,,,,,,,,"0009-0001-2150-8968","0009-0001-2150-8968",,,,,"0df9123f-e16f-4a11-93ef-1c88af49cb70"
"2764cacc-56e4-45bd-a4ba-cc1ab030c862","6a52ab3b-f583-4c40-a237-1d54fbe3a4c4","ONAQ_004.mammalGrid.mam","D15","ONAQ","ONAQ_004","J4","distributed","shrubScrub",40.186515,-112.474083,"WGS84",45.1,1718.1,0.1,"1 - trap not set","ShermanXLK","2024-04-12","2024-04-12",,,,,,,,,,,,,,,,,,,,,,,,,,,,,,,,,,,,,,,,,,,,,"0009-0001-2150-8968","0009-0001-2150-8968",,,,,"f4eccfee-76bc-49aa-b559-fadb53006d68"
"244503a3-7e95-430f-827d-4e291d7bf6f2","5fc1a4da-69be-47d1-8579-eacaf40176e2","ONAQ_020.mammalGrid.mam","D15","ONAQ","ONAQ_020","F8","distributed","shrubScrub",40.183889,-112.436683,"WGS84",45.1,1627.6,0.1,"5 - capture","ShermanXLK","2024-04-12","2024-04-12","NEON.MAM.D15.R5740",,"DIORDIMI","Dipodomys ordii/microps","speciesGroup",,,,,"N","F","N","processed",,"adult",,"enlarged","not","swollen",,,,,58,"U","U","U",,"did not check","dry ice",,,,,,,,,,,,,,,"0009-0001-5608-8465","0009-0005-2133-045X",,,,,"4474ad39-7f50-4d16-9ba0-09f897717a16"
"10f76c42-aa82-478e-aa6d-d4ad3d5ef437","6a52ab3b-f583-4c40-a237-1d54fbe3a4c4","ONAQ_004.mammalGrid.mam","D15","ONAQ","ONAQ_004","G5","distributed","shrubScrub",40.186515,-112.474083,"WGS84",45.1,1718.1,0.1,"1 - trap not set","ShermanXLK","2024-04-12","2024-04-12",,,,,,,,,,,,,,,,,,,,,,,,,,,,,,,,,,,,,,,,,,,,,"0009-0001-2150-8968","0009-0001-2150-8968",,,,,"403297a5-f1bc-4ba0-8eca-07366a99e41a"
"692f575a-3a5c-4c42-90d7-a223b176f8f4","694f0351-35af-4538-a55b-6152e8c33959","ONAQ_023.mammalGrid.mam","D15","ONAQ","ONAQ_023","B3","distributed","evergreenForest",40.195079,-112.504944,"WGS84",45.1,1881.2,0.1,"1 - trap not set","ShermanXLK","2024-04-12","2024-04-12",,,,,,,,,,,,,,,,,,,,,,,,,,,,,,,,,,,,,,,,,,,,,"0009-0001-2150-8968","0009-0001-2150-8968",,,,,"faab9133-fad8-42fd-b55d-51dade1d62d2"
"f2dace34-b115-4d8f-a0cb-f6388d6aa9eb","6a52ab3b-f583-4c40-a237-1d54fbe3a4c4","ONAQ_004.mammalGrid.mam","D15","ONAQ","ONAQ_004","G4","distributed","shrubScrub",40.186515,-112.474083,"WGS84",45.1,1718.1,0.1,"1 - trap not set","ShermanXLK","2024-04-12","2024-04-12",,,,,,,,,,,,,,,,,,,,,,,,,,,,,,,,,,,,,,,,,,,,,"0009-0001-2150-8968","0009-0001-2150-8968",,,,,"48edd243-5714-4c3e-8ff0-841b2d13a553"
"377833b5-3aaf-4905-bce8-53f8cef5407d","694f0351-35af-4538-a55b-6152e8c33959","ONAQ_023.mammalGrid.mam","D15","ONAQ","ONAQ_023","H8","distributed","evergreenForest",40.195079,-112.504944,"WGS84",45.1,1881.2,0.1,"1 - trap not set","ShermanXLK","2024-04-12","2024-04-12",,,,,,,,,,,,,,,,,,,,,,,,,,,,,,,,,,,,,,,,,,,,,"0009-0001-2150-8968","0009-0001-2150-8968",,,,,"18eb6b37-4c7b-4d74-a195-d0a61b183898"
"3cb768be-4200-447a-89b8-c5d455fc36c7","0b6bf725-c8b2-4ddc-8dbc-b265a54d3f72","ONAQ_005.mammalGrid.mam","D15","ONAQ","ONAQ_005","A7","distributed","shrubScrub",40.180753,-112.429727,"WGS84",45.3,1607.9,0.4,"6 - trap set and empty","ShermanXLK","2024-04-12","2024-04-12",,,,,,,,,,,,,,,,,,,,,,,,,,,,,,,,,,,,,,,,,,,,,"0009-0001-2150-8968","0009-0000-7236-0361",,,,,"cac6f0d0-2fa1-4e94-9bb6-818c36cdb9dc"
"d00345ee-9526-4c85-b6f0-42ff7b3e6596","6a52ab3b-f583-4c40-a237-1d54fbe3a4c4","ONAQ_004.mammalGrid.mam","D15","ONAQ","ONAQ_004","D2","distributed","shrubScrub",40.186515,-112.474083,"WGS84",45.1,1718.1,0.1,"1 - trap not set","ShermanXLK","2024-04-12","2024-04-12",,,,,,,,,,,,,,,,,,,,,,,,,,,,,,,,,,,,,,,,,,,,,"0009-0001-2150-8968","0009-0001-2150-8968",,,,,"cd7918b9-57b5-45fa-b384-e1f5d9d8380e"
"ff17efdd-00ae-4dd2-ad6c-6e4986595330","1fad8a40-9b3b-4bcf-a532-2a00f8de5f45","ONAQ_003.mammalGrid.mam","D15","ONAQ","ONAQ_003","D4","distributed","shrubScrub",40.206225,-112.428493,"WGS84",45.4,1604.6,0.2,"5 - capture","ShermanXLK","2024-04-12","2024-04-12","NEON.MAM.D15.R4934",,"DIORDIMI","Dipodomys ordii/microps","speciesGroup",,,,,"N","M","Y","processed",,"adult","nonscrotal",,,,,,,,,"U","U","U",,"did not check","dry ice",,,,,,,,,,,,,,,"0009-0000-7236-0361","0009-0001-2150-8968",,,,,"100a5d1a-cff8-4668-b63a-b3ca3a012b51"
"b034b1dc-0c49-4e3c-bc4d-d62b0a6e0439","5fc1a4da-69be-47d1-8579-eacaf40176e2","ONAQ_020.mammalGrid.mam","D15","ONAQ","ONAQ_020","A7","distributed","shrubScrub",40.183889,-112.436683,"WGS84",45.1,1627.6,0.1,"6 - trap set and empty","ShermanXLK","2024-04-12","2024-04-12",,,,,,,,,,,,,,,,,,,,,,,,,,,,,,,,,,,,,,,,,,,,,"0009-0001-5608-8465","0009-0005-2133-045X",,,,,"e1bb9c31-2281-404d-a511-cf71bbcfde84"
"85d37199-67c0-47b9-9a76-567ab380d7a1","65dac64e-3317-4e8c-864a-9b8f9439f440","ONAQ_019.mammalGrid.mam","D15","ONAQ","ONAQ_019","J1","distributed","shrubScrub",40.174342,-112.480716,"WGS84",45.1,1724.4,0.1,"1 - trap not set","ShermanXLK","2024-04-12","2024-04-12",,,,,,,,,,,,,,,,,,,,,,,,,,,,,,,,,,,,,,,,,,,,,"0009-0001-2150-8968","0009-0001-2150-8968",,,,,"acf49d96-f780-4c41-a48a-17bbfa48d7f9"
"6225ead3-5656-439d-9df8-417a6535b5c2","65dac64e-3317-4e8c-864a-9b8f9439f440","ONAQ_019.mammalGrid.mam","D15","ONAQ","ONAQ_019","F10","distributed","shrubScrub",40.174342,-112.480716,"WGS84",45.1,1724.4,0.1,"1 - trap not set","ShermanXLK","2024-04-12","2024-04-12",,,,,,,,,,,,,,,,,,,,,,,,,,,,,,,,,,,,,,,,,,,,,"0009-0001-2150-8968","0009-0001-2150-8968",,,,,"d31bd22f-ea00-43bf-9bba-af5d6e3f3f3d"
"eea84cbd-25dd-4237-9cc2-143ad7f8b9d0","65dac64e-3317-4e8c-864a-9b8f9439f440","ONAQ_019.mammalGrid.mam","D15","ONAQ","ONAQ_019","J5","distributed","shrubScrub",40.174342,-112.480716,"WGS84",45.1,1724.4,0.1,"1 - trap not set","ShermanXLK","2024-04-12","2024-04-12",,,,,,,,,,,,,,,,,,,,,,,,,,,,,,,,,,,,,,,,,,,,,"0009-0001-2150-8968","0009-0001-2150-8968",,,,,"56abae6e-d668-449d-bd89-5e56782dd003"
"0a6191f8-f363-4cbf-94e9-994c3d7d4439","1fad8a40-9b3b-4bcf-a532-2a00f8de5f45","ONAQ_003.mammalGrid.mam","D15","ONAQ","ONAQ_003","B7","distributed","shrubScrub",40.206225,-112.428493,"WGS84",45.4,1604.6,0.2,"6 - trap set and empty","ShermanXLK","2024-04-12","2024-04-12",,,,,,,,,,,,,,,,,,,,,,,,,,,,,,,,,,,,,,,,,,,,,"0009-0000-7236-0361","0009-0001-2150-8968",,,,,"fab57d63-28c7-4def-b20b-68f0ab653a45"
"8e2b2cc7-2803-4e8b-9918-ead9a58be4c3","0b6bf725-c8b2-4ddc-8dbc-b265a54d3f72","ONAQ_005.mammalGrid.mam","D15","ONAQ","ONAQ_005","I5","distributed","shrubScrub",40.180753,-112.429727,"WGS84",45.3,1607.9,0.4,"5 - capture","ShermanXLK","2024-04-12","2024-04-12","NEON.MAM.D15.R5648",,"DIORDIMI","Dipodomys ordii/microps","speciesGroup",,,,,"N","U","Y","processed",,"unknown",,,,,,,,,,"U","U","U",,"did not check","dry ice",,,,,,,,,,,,,,,"0009-0001-2150-8968","0009-0000-7236-0361",,,,,"57955ddb-0a0f-4eff-a87f-1fa6dd49d30f"
"dba81615-781e-423a-b2cf-f3d69fa7f6d0","5fc1a4da-69be-47d1-8579-eacaf40176e2","ONAQ_020.mammalGrid.mam","D15","ONAQ","ONAQ_020","A5","distributed","shrubScrub",40.183889,-112.436683,"WGS84",45.1,1627.6,0.1,"6 - trap set and empty","ShermanXLK","2024-04-12","2024-04-12",,,,,,,,,,,,,,,,,,,,,,,,,,,,,,,,,,,,,,,,,,,,,"0009-0001-5608-8465","0009-0005-2133-045X",,,,,"9fe164b5-81cd-4343-b833-458b8406f757"
"17623b51-b3c3-475c-8047-188be727ffc1","1fad8a40-9b3b-4bcf-a532-2a00f8de5f45","ONAQ_003.mammalGrid.mam","D15","ONAQ","ONAQ_003","A4","distributed","shrubScrub",40.206225,-112.428493,"WGS84",45.4,1604.6,0.2,"5 - capture","ShermanXLK","2024-04-12","2024-04-12","NEON.MAM.D15.R5846",,"PEMA","Peromyscus maniculatus","species",,,,,"N","M","N","processed",,"adult","nonscrotal",,,,,,,,,"U","U","U",,"did not check","dry ice","ONAQ.20240412.R5846.B","D00000141310","mandibular",,,,,,,,,,,,"0009-0000-7236-0361","0009-0001-2150-8968",,,,,"c2237f4a-7376-42f7-98fa-ed5f8a2c6188"
"4a1e1049-171f-4171-a12c-e42315721e32","6a52ab3b-f583-4c40-a237-1d54fbe3a4c4","ONAQ_004.mammalGrid.mam","D15","ONAQ","ONAQ_004","E6","distributed","shrubScrub",40.186515,-112.474083,"WGS84",45.1,1718.1,0.1,"1 - trap not set","ShermanXLK","2024-04-12","2024-04-12",,,,,,,,,,,,,,,,,,,,,,,,,,,,,,,,,,,,,,,,,,,,,"0009-0001-2150-8968","0009-0001-2150-8968",,,,,"444b10a1-41f8-428f-9ddd-16090bac9ebc"
"5e852fbf-b5c4-4d55-a648-5a8b467ab591","65dac64e-3317-4e8c-864a-9b8f9439f440","ONAQ_019.mammalGrid.mam","D15","ONAQ","ONAQ_019","C10","distributed","shrubScrub",40.174342,-112.480716,"WGS84",45.1,1724.4,0.1,"1 - trap not set","ShermanXLK","2024-04-12","2024-04-12",,,,,,,,,,,,,,,,,,,,,,,,,,,,,,,,,,,,,,,,,,,,,"0009-0001-2150-8968","0009-0001-2150-8968",,,,,"fbb340ca-c303-4654-88b6-f57e9a2217c4"
"ef1da405-9052-49e7-9591-4ed9f7af5eee","65dac64e-3317-4e8c-864a-9b8f9439f440","ONAQ_019.mammalGrid.mam","D15","ONAQ","ONAQ_019","B3","distributed","shrubScrub",40.174342,-112.480716,"WGS84",45.1,1724.4,0.1,"1 - trap not set","ShermanXLK","2024-04-12","2024-04-12",,,,,,,,,,,,,,,,,,,,,,,,,,,,,,,,,,,,,,,,,,,,,"0009-0001-2150-8968","0009-0001-2150-8968",,,,,"645ffa45-46f6-4933-848f-c698d083816a"
"56a1c0b7-2394-49ec-a210-856714a370a2","694f0351-35af-4538-a55b-6152e8c33959","ONAQ_023.mammalGrid.mam","D15","ONAQ","ONAQ_023","I10","distributed","evergreenForest",40.195079,-112.504944,"WGS84",45.1,1881.2,0.1,"1 - trap not set","ShermanXLK","2024-04-12","2024-04-12",,,,,,,,,,,,,,,,,,,,,,,,,,,,,,,,,,,,,,,,,,,,,"0009-0001-2150-8968","0009-0001-2150-8968",,,,,"164b7046-fca3-4124-afc4-3b90b55e3bf9"
"3c5a67c9-b5f7-47d1-a12e-1e6170c5c470","5fc1a4da-69be-47d1-8579-eacaf40176e2","ONAQ_020.mammalGrid.mam","D15","ONAQ","ONAQ_020","E6","distributed","shrubScrub",40.183889,-112.436683,"WGS84",45.1,1627.6,0.1,"1 - trap not set","ShermanXLK","2024-04-12","2024-04-12",,,,,,,,,,,,,,,,,,,,,,,,,,,,,"did not check","dry ice",,,,,,,,,,,,,,,"0009-0001-5608-8465","0009-0005-2133-045X",,,,,"c37c47c6-5b07-4063-8cee-29fe023899b4"
"f757416a-c82a-4cab-afe5-b03a1999b680","5fc1a4da-69be-47d1-8579-eacaf40176e2","ONAQ_020.mammalGrid.mam","D15","ONAQ","ONAQ_020","I5","distributed","shrubScrub",40.183889,-112.436683,"WGS84",45.1,1627.6,0.1,"6 - trap set and empty","ShermanXLK","2024-04-12","2024-04-12",,,,,,,,,,,,,,,,,,,,,,,,,,,,,,,,,,,,,,,,,,,,,"0009-0001-5608-8465","0009-0005-2133-045X",,,,,"dc8280a3-5af2-46cd-9b41-bcbc604e9cd4"
"02bafd47-efe1-4454-8ce8-e64bd594c430","694f0351-35af-4538-a55b-6152e8c33959","ONAQ_023.mammalGrid.mam","D15","ONAQ","ONAQ_023","D3","distributed","evergreenForest",40.195079,-112.504944,"WGS84",45.1,1881.2,0.1,"1 - trap not set","ShermanXLK","2024-04-12","2024-04-12",,,,,,,,,,,,,,,,,,,,,,,,,,,,,,,,,,,,,,,,,,,,,"0009-0001-2150-8968","0009-0001-2150-8968",,,,,"8e673b85-70b1-4872-8d97-d840e99d7e0c"
"491bcaab-1e2d-48a5-ba63-823aef121719","694f0351-35af-4538-a55b-6152e8c33959","ONAQ_023.mammalGrid.mam","D15","ONAQ","ONAQ_023","D10","distributed","evergreenForest",40.195079,-112.504944,"WGS84",45.1,1881.2,0.1,"1 - trap not set","ShermanXLK","2024-04-12","2024-04-12",,,,,,,,,,,,,,,,,,,,,,,,,,,,,,,,,,,,,,,,,,,,,"0009-0001-2150-8968","0009-0001-2150-8968",,,,,"e4fc92aa-10ac-427b-99b1-c8c29ee3b877"
"c97f4b35-5b48-40f3-a59e-755e383d9e6a","0b6bf725-c8b2-4ddc-8dbc-b265a54d3f72","ONAQ_005.mammalGrid.mam","D15","ONAQ","ONAQ_005","F9","distributed","shrubScrub",40.180753,-112.429727,"WGS84",45.3,1607.9,0.4,"5 - capture","ShermanXLK","2024-04-12","2024-04-12","NEON.MAM.D15.R5613",,"PEMA","Peromyscus maniculatus","species",,,,,"N","U","N","processed",,"juvenile",,,"not",,,,,,,"U","U","U",,"did not check","dry ice",,,,,,,,,,,,,,,"0009-0001-2150-8968","0009-0000-7236-0361",,,,,"9a3bce45-d31f-43bb-9e20-84c39d60bfce"
"dc8d65bb-2f54-4823-952e-7cc934cdf5d0","1fad8a40-9b3b-4bcf-a532-2a00f8de5f45","ONAQ_003.mammalGrid.mam","D15","ONAQ","ONAQ_003","A7","distributed","shrubScrub",40.206225,-112.428493,"WGS84",45.4,1604.6,0.2,"5 - capture","ShermanXLK","2024-04-12","2024-04-12","NEON.MAM.D15.R3816",,"DIORDIMI","Dipodomys ordii/microps","speciesGroup",,,,,"N","F","Y","processed",,"adult",,"enlarged","not","swollen",,,,,,"U","U","U",,"did not check","dry ice",,,,,,,,,,,,,,,"0009-0000-7236-0361","0009-0001-2150-8968",,,,,"00eed264-9a51-4722-8182-a535cface4de"
"74b1dfd2-cf68-4cef-b023-3cd1935e4884","1fad8a40-9b3b-4bcf-a532-2a00f8de5f45","ONAQ_003.mammalGrid.mam","D15","ONAQ","ONAQ_003","F9","distributed","shrubScrub",40.206225,-112.428493,"WGS84",45.4,1604.6,0.2,"6 - trap set and empty","ShermanXLK","2024-04-12","2024-04-12",,,,,,,,,,,,,,,,,,,,,,,,,,,,,,,,,,,,,,,,,,,,,"0009-0000-7236-0361","0009-0001-2150-8968",,,,,"011fee32-f185-4e4e-842c-d3b783253ce1"
"8b6fdf34-240d-4559-a518-7c805a636aed","65dac64e-3317-4e8c-864a-9b8f9439f440","ONAQ_019.mammalGrid.mam","D15","ONAQ","ONAQ_019","E9","distributed","shrubScrub",40.174342,-112.480716,"WGS84",45.1,1724.4,0.1,"1 - trap not set","ShermanXLK","2024-04-12","2024-04-12",,,,,,,,,,,,,,,,,,,,,,,,,,,,,,,,,,,,,,,,,,,,,"0009-0001-2150-8968","0009-0001-2150-8968",,,,,"9877a14a-8e59-4569-bc1a-b7a265f91943"
"4ee8c387-e94c-4c1b-94e7-f9bc97bb362d","5fc1a4da-69be-47d1-8579-eacaf40176e2","ONAQ_020.mammalGrid.mam","D15","ONAQ","ONAQ_020","A9","distributed","shrubScrub",40.183889,-112.436683,"WGS84",45.1,1627.6,0.1,"2 - trap disturbed/door closed but empty","ShermanXLK","2024-04-12","2024-04-12",,,,,,,,,,,,,,,,,,,,,,,,,,,,,"did not check","dry ice",,,,,,,,,,,,,,,"0009-0001-5608-8465","0009-0005-2133-045X",,,,,"a19efc8f-5442-4e9a-a316-37f3deb75bc2"
"65b91a8f-fa92-46bf-8f22-12532db51d30","5fc1a4da-69be-47d1-8579-eacaf40176e2","ONAQ_020.mammalGrid.mam","D15","ONAQ","ONAQ_020","J6","distributed","shrubScrub",40.183889,-112.436683,"WGS84",45.1,1627.6,0.1,"5 - capture","ShermanXLK","2024-04-12","2024-04-12","NEON.MAM.D15.441505",,"PEPA","Perognathus parvus","species",,,,,"N","M","Y","processed",,"adult","nonscrotal",,,,,,,,20,"U","U","U",,"did not check","dry ice",,,,,,,,,,,,,,,"0009-0001-5608-8465","0009-0005-2133-045X",,,,,"383afd15-0eab-4257-a545-a9738eceeb80"
"b766739b-6458-4bc1-8eed-33f08392f2ad","6a52ab3b-f583-4c40-a237-1d54fbe3a4c4","ONAQ_004.mammalGrid.mam","D15","ONAQ","ONAQ_004","D1","distributed","shrubScrub",40.186515,-112.474083,"WGS84",45.1,1718.1,0.1,"1 - trap not set","ShermanXLK","2024-04-12","2024-04-12",,,,,,,,,,,,,,,,,,,,,,,,,,,,,,,,,,,,,,,,,,,,,"0009-0001-2150-8968","0009-0001-2150-8968",,,,,"d49fef0e-6d3c-4cf1-93b1-505f78f8644a"
"716f2e3a-903f-4de5-9c95-8495fe6cc60b","694f0351-35af-4538-a55b-6152e8c33959","ONAQ_023.mammalGrid.mam","D15","ONAQ","ONAQ_023","H3","distributed","evergreenForest",40.195079,-112.504944,"WGS84",45.1,1881.2,0.1,"1 - trap not set","ShermanXLK","2024-04-12","2024-04-12",,,,,,,,,,,,,,,,,,,,,,,,,,,,,,,,,,,,,,,,,,,,,"0009-0001-2150-8968","0009-0001-2150-8968",,,,,"c5166d12-2f08-45f9-9751-f4dacab228a9"
"b91c706b-cb89-4810-8d32-f15963ca5a54","1fad8a40-9b3b-4bcf-a532-2a00f8de5f45","ONAQ_003.mammalGrid.mam","D15","ONAQ","ONAQ_003","E6","distributed","shrubScrub",40.206225,-112.428493,"WGS84",45.4,1604.6,0.2,"1 - trap not set","ShermanXLK","2024-04-12","2024-04-12",,,,,,,,,,,,,,,,,,,,,,,,,,,,,"did not check","dry ice",,,,,,,,,,,,,,,"0009-0000-7236-0361","0009-0001-2150-8968",,,,,"50183a6b-1ee7-4ffc-a0a7-129c14e40512"
"112c794f-0b65-4506-84c6-9b31978662bc","1fad8a40-9b3b-4bcf-a532-2a00f8de5f45","ONAQ_003.mammalGrid.mam","D15","ONAQ","ONAQ_003","F2","distributed","shrubScrub",40.206225,-112.428493,"WGS84",45.4,1604.6,0.2,"5 - capture","ShermanXLK","2024-04-12","2024-04-12","NEON.MAM.D15.R5604",,"DIORDIMI","Dipodomys ordii/microps","speciesGroup",,,,,"N","M","N","processed",,"adult","scrotal",,,,,,,,,"U","U","U",,"did not check","dry ice",,,,,,,,,,,,,,,"0009-0000-7236-0361","0009-0001-2150-8968",,,,,"1f6aa1ee-0e1b-41de-a60b-0db4306fa237"
"a565c831-b733-43c1-a243-8ed4c10a29ce","65dac64e-3317-4e8c-864a-9b8f9439f440","ONAQ_019.mammalGrid.mam","D15","ONAQ","ONAQ_019","A9","distributed","shrubScrub",40.174342,-112.480716,"WGS84",45.1,1724.4,0.1,"1 - trap not set","ShermanXLK","2024-04-12","2024-04-12",,,,,,,,,,,,,,,,,,,,,,,,,,,,,,,,,,,,,,,,,,,,,"0009-0001-2150-8968","0009-0001-2150-8968",,,,,"5ccebd06-d4cd-43c2-9368-18d09aa2081a"
"c5611236-dbb1-4f66-ac00-c751a7311f45","0b6bf725-c8b2-4ddc-8dbc-b265a54d3f72","ONAQ_005.mammalGrid.mam","D15","ONAQ","ONAQ_005","I9","distributed","shrubScrub",40.180753,-112.429727,"WGS84",45.3,1607.9,0.4,"5 - capture","ShermanXLK","2024-04-12","2024-04-12","NEON.MAM.D15.R5778",,"DIORDIMI","Dipodomys ordii/microps","speciesGroup",,,,,"N","U","N","processed",,"unknown",,,,,,,,,,"U","U","U",,"did not check","dry ice",,,,,,,,,,,,,,,"0009-0001-2150-8968","0009-0000-7236-0361",,,,,"bbc2a8a2-4b13-4ed1-b83e-73299e6216d4"
"f09adcc0-f253-4914-be53-01a6b4cd6ae2","65dac64e-3317-4e8c-864a-9b8f9439f440","ONAQ_019.mammalGrid.mam","D15","ONAQ","ONAQ_019","J3","distributed","shrubScrub",40.174342,-112.480716,"WGS84",45.1,1724.4,0.1,"1 - trap not set","ShermanXLK","2024-04-12","2024-04-12",,,,,,,,,,,,,,,,,,,,,,,,,,,,,,,,,,,,,,,,,,,,,"0009-0001-2150-8968","0009-0001-2150-8968",,,,,"109449be-6a7b-455b-8f4b-fe0016fca9a1"
"7f6cc6b2-fc2e-4eb8-a90f-56269fa5b996","1fad8a40-9b3b-4bcf-a532-2a00f8de5f45","ONAQ_003.mammalGrid.mam","D15","ONAQ","ONAQ_003","A10","distributed","shrubScrub",40.206225,-112.428493,"WGS84",45.4,1604.6,0.2,"5 - capture","ShermanXLK","2024-04-12","2024-04-12","NEON.MAM.D15.R4939",,"PEMA","Peromyscus maniculatus","species",,,,,"N","F","Y","processed",,"adult",,"nonenlarged","not","neither",,,,,,"U","U","U",,"did not check","dry ice",,,,,,,,,,,,,,,"0009-0000-7236-0361","0009-0001-2150-8968",,,,,"0ccbb34c-812d-4c0b-aa8d-e993a644f0c5"
"68dbddb9-6d63-4e0c-ba7f-ff00e99dc3e1","694f0351-35af-4538-a55b-6152e8c33959","ONAQ_023.mammalGrid.mam","D15","ONAQ","ONAQ_023","H2","distributed","evergreenForest",40.195079,-112.504944,"WGS84",45.1,1881.2,0.1,"1 - trap not set","ShermanXLK","2024-04-12","2024-04-12",,,,,,,,,,,,,,,,,,,,,,,,,,,,,,,,,,,,,,,,,,,,,"0009-0001-2150-8968","0009-0001-2150-8968",,,,,"b00a4729-abaf-47fe-b18d-ef6ba913a568"
"d7d7ab17-a2a1-4058-8886-9de76b6fe70d","5fc1a4da-69be-47d1-8579-eacaf40176e2","ONAQ_020.mammalGrid.mam","D15","ONAQ","ONAQ_020","H8","distributed","shrubScrub",40.183889,-112.436683,"WGS84",45.1,1627.6,0.1,"6 - trap set and empty","ShermanXLK","2024-04-12","2024-04-12",,,,,,,,,,,,,,,,,,,,,,,,,,,,,,,,,,,,,,,,,,,,,"0009-0001-5608-8465","0009-0005-2133-045X",,,,,"f45b7b4f-ddaf-41c4-8a97-1c9d8f96c60b"
"881eaecb-ff77-46ab-b65a-80e10fb96384","1fad8a40-9b3b-4bcf-a532-2a00f8de5f45","ONAQ_003.mammalGrid.mam","D15","ONAQ","ONAQ_003","C4","distributed","shrubScrub",40.206225,-112.428493,"WGS84",45.4,1604.6,0.2,"5 - capture","ShermanXLK","2024-04-12","2024-04-12","NEON.MAM.D15.443201",,"PEPA","Perognathus parvus","species",,,,,"N","M","Y","processed",,"adult","scrotal",,,,,,,,,"U","U","U",,"did not check","dry ice",,,,,,,,,,,,,,,"0009-0000-7236-0361","0009-0001-2150-8968",,,,,"384523a2-4a60-4f79-9e74-565ac6a9b6cd"
"08892665-9c45-4020-8269-c0421ad6282a","694f0351-35af-4538-a55b-6152e8c33959","ONAQ_023.mammalGrid.mam","D15","ONAQ","ONAQ_023","F9","distributed","evergreenForest",40.195079,-112.504944,"WGS84",45.1,1881.2,0.1,"1 - trap not set","ShermanXLK","2024-04-12","2024-04-12",,,,,,,,,,,,,,,,,,,,,,,,,,,,,,,,,,,,,,,,,,,,,"0009-0001-2150-8968","0009-0001-2150-8968",,,,,"0d5c1a08-08f7-451f-b371-1737fa0061f1"
"d83b679c-6e31-496a-9de1-450b7274d2dd","6a52ab3b-f583-4c40-a237-1d54fbe3a4c4","ONAQ_004.mammalGrid.mam","D15","ONAQ","ONAQ_004","A1","distributed","shrubScrub",40.186515,-112.474083,"WGS84",45.1,1718.1,0.1,"1 - trap not set","ShermanXLK","2024-04-12","2024-04-12",,,,,,,,,,,,,,,,,,,,,,,,,,,,,,,,,,,,,,,,,,,,,"0009-0001-2150-8968","0009-0001-2150-8968",,,,,"728ecb06-27bc-4f33-af93-e9431a475110"
"fd6b0e58-9cbe-4727-b55f-9afa84748c0a","6a52ab3b-f583-4c40-a237-1d54fbe3a4c4","ONAQ_004.mammalGrid.mam","D15","ONAQ","ONAQ_004","J6","distributed","shrubScrub",40.186515,-112.474083,"WGS84",45.1,1718.1,0.1,"1 - trap not set","ShermanXLK","2024-04-12","2024-04-12",,,,,,,,,,,,,,,,,,,,,,,,,,,,,,,,,,,,,,,,,,,,,"0009-0001-2150-8968","0009-0001-2150-8968",,,,,"6f551fe3-7562-4145-ad84-349e8da781da"
"91962cf7-1c27-4247-843e-c4a9888aa17a","694f0351-35af-4538-a55b-6152e8c33959","ONAQ_023.mammalGrid.mam","D15","ONAQ","ONAQ_023","J2","distributed","evergreenForest",40.195079,-112.504944,"WGS84",45.1,1881.2,0.1,"1 - trap not set","ShermanXLK","2024-04-12","2024-04-12",,,,,,,,,,,,,,,,,,,,,,,,,,,,,,,,,,,,,,,,,,,,,"0009-0001-2150-8968","0009-0001-2150-8968",,,,,"70fc4a8b-a627-4686-a15c-c8a1a85215b8"
"2c0fcd31-2d88-49b9-bd50-f1c50207161b","65dac64e-3317-4e8c-864a-9b8f9439f440","ONAQ_019.mammalGrid.mam","D15","ONAQ","ONAQ_019","A7","distributed","shrubScrub",40.174342,-112.480716,"WGS84",45.1,1724.4,0.1,"1 - trap not set","ShermanXLK","2024-04-12","2024-04-12",,,,,,,,,,,,,,,,,,,,,,,,,,,,,,,,,,,,,,,,,,,,,"0009-0001-2150-8968","0009-0001-2150-8968",,,,,"372eed39-828b-4f60-8b60-28e18448dac1"
"dbeb69af-cae3-4573-82ea-3100f7dc41c5","5fc1a4da-69be-47d1-8579-eacaf40176e2","ONAQ_020.mammalGrid.mam","D15","ONAQ","ONAQ_020","D9","distributed","shrubScrub",40.183889,-112.436683,"WGS84",45.1,1627.6,0.1,"5 - capture","ShermanXLK","2024-04-12","2024-04-12","NEON.MAM.D15.442276",,"PEPA","Perognathus parvus","species",,,,,"N","M","Y","processed",,"adult","nonscrotal",,,,,,,,17,"U","U","U",,"did not check","dry ice",,,,,,,,,,,,,,,"0009-0001-5608-8465","0009-0005-2133-045X",,,,,"2098bfbd-5637-42bb-9769-4e7cc5de2bc5"
"8c6eaa7a-ef9d-4834-8a98-e063a7c5806c","65dac64e-3317-4e8c-864a-9b8f9439f440","ONAQ_019.mammalGrid.mam","D15","ONAQ","ONAQ_019","A8","distributed","shrubScrub",40.174342,-112.480716,"WGS84",45.1,1724.4,0.1,"1 - trap not set","ShermanXLK","2024-04-12","2024-04-12",,,,,,,,,,,,,,,,,,,,,,,,,,,,,,,,,,,,,,,,,,,,,"0009-0001-2150-8968","0009-0001-2150-8968",,,,,"d8fd49b0-dea3-45da-8cd9-6341e706771e"
"f0fd09c8-4754-4069-b488-226dcd117f2d","694f0351-35af-4538-a55b-6152e8c33959","ONAQ_023.mammalGrid.mam","D15","ONAQ","ONAQ_023","E3","distributed","evergreenForest",40.195079,-112.504944,"WGS84",45.1,1881.2,0.1,"1 - trap not set","ShermanXLK","2024-04-12","2024-04-12",,,,,,,,,,,,,,,,,,,,,,,,,,,,,,,,,,,,,,,,,,,,,"0009-0001-2150-8968","0009-0001-2150-8968",,,,,"73946a3b-2015-474a-a092-8b6abcb2efc8"
"acd8b0da-1561-4c55-8239-7adfe33835a5","694f0351-35af-4538-a55b-6152e8c33959","ONAQ_023.mammalGrid.mam","D15","ONAQ","ONAQ_023","E5","distributed","evergreenForest",40.195079,-112.504944,"WGS84",45.1,1881.2,0.1,"1 - trap not set","ShermanXLK","2024-04-12","2024-04-12",,,,,,,,,,,,,,,,,,,,,,,,,,,,,,,,,,,,,,,,,,,,,"0009-0001-2150-8968","0009-0001-2150-8968",,,,,"02463fac-6557-4100-bfbb-0c0db90b3762"
"36779f9d-de4c-460a-a00b-e13af658fa1b","65dac64e-3317-4e8c-864a-9b8f9439f440","ONAQ_019.mammalGrid.mam","D15","ONAQ","ONAQ_019","F4","distributed","shrubScrub",40.174342,-112.480716,"WGS84",45.1,1724.4,0.1,"1 - trap not set","ShermanXLK","2024-04-12","2024-04-12",,,,,,,,,,,,,,,,,,,,,,,,,,,,,,,,,,,,,,,,,,,,,"0009-0001-2150-8968","0009-0001-2150-8968",,,,,"9e877743-539a-415c-b264-be647ddaafc8"
"29519b9e-c774-482a-b368-d8f94ffb0e3c","5fc1a4da-69be-47d1-8579-eacaf40176e2","ONAQ_020.mammalGrid.mam","D15","ONAQ","ONAQ_020","G3","distributed","shrubScrub",40.183889,-112.436683,"WGS84",45.1,1627.6,0.1,"1 - trap not set","ShermanXLK","2024-04-12","2024-04-12",,,,,,,,,,,,,,,,,,,,,,,,,,,,,"did not check","dry ice",,,,,,,,,,,,,,,"0009-0001-5608-8465","0009-0005-2133-045X",,,,,"382a56aa-ecf5-46fd-8bdc-33641d9fc867"
"78e885dd-0ea6-4694-b3af-00fc39882046","694f0351-35af-4538-a55b-6152e8c33959","ONAQ_023.mammalGrid.mam","D15","ONAQ","ONAQ_023","F5","distributed","evergreenForest",40.195079,-112.504944,"WGS84",45.1,1881.2,0.1,"1 - trap not set","ShermanXLK","2024-04-12","2024-04-12",,,,,,,,,,,,,,,,,,,,,,,,,,,,,,,,,,,,,,,,,,,,,"0009-0001-2150-8968","0009-0001-2150-8968",,,,,"2a8f48f5-e1b4-4d5b-9799-254a7da4b035"
"524df560-3f68-4293-a6f5-cc88537d1077","0b6bf725-c8b2-4ddc-8dbc-b265a54d3f72","ONAQ_005.mammalGrid.mam","D15","ONAQ","ONAQ_005","D7","distributed","shrubScrub",40.180753,-112.429727,"WGS84",45.3,1607.9,0.4,"6 - trap set and empty","ShermanXLK","2024-04-12","2024-04-12",,,,,,,,,,,,,,,,,,,,,,,,,,,,,,,,,,,,,,,,,,,,,"0009-0001-2150-8968","0009-0000-7236-0361",,,,,"b9e97c3b-a969-45d4-82f8-6e184522db9e"
"ea8b17ef-9ced-41cc-9665-48d10391a021","6a52ab3b-f583-4c40-a237-1d54fbe3a4c4","ONAQ_004.mammalGrid.mam","D15","ONAQ","ONAQ_004","C7","distributed","shrubScrub",40.186515,-112.474083,"WGS84",45.1,1718.1,0.1,"1 - trap not set","ShermanXLK","2024-04-12","2024-04-12",,,,,,,,,,,,,,,,,,,,,,,,,,,,,,,,,,,,,,,,,,,,,"0009-0001-2150-8968","0009-0001-2150-8968",,,,,"3cb4f420-92ba-4779-a6a3-1f1be0e0d92e"
"1af5a8dc-613f-4286-8cec-2f3e0f6c0a86","0b6bf725-c8b2-4ddc-8dbc-b265a54d3f72","ONAQ_005.mammalGrid.mam","D15","ONAQ","ONAQ_005","C10","distributed","shrubScrub",40.180753,-112.429727,"WGS84",45.3,1607.9,0.4,"5 - capture","ShermanXLK","2024-04-12","2024-04-12","NEON.MAM.D15.R4680",,"DIORDIMI","Dipodomys ordii/microps","speciesGroup",,,,,"N","F","Y","processed",,"adult",,"enlarged","not","swollen",,,,,60,"U","U","U",,"did not check","dry ice",,,,,,,,,,,,,,,"0009-0001-2150-8968","0009-0000-7236-0361",,,,,"29f5f5b2-8f0c-41eb-9b13-47d9aa61750d"
"2ef8724a-b089-4b0c-84b6-5831aa032b91","0b6bf725-c8b2-4ddc-8dbc-b265a54d3f72","ONAQ_005.mammalGrid.mam","D15","ONAQ","ONAQ_005","D1","distributed","shrubScrub",40.180753,-112.429727,"WGS84",45.3,1607.9,0.4,"5 - capture","ShermanXLK","2024-04-12","2024-04-12","NEON.MAM.D15.R4924",,"PEMA","Peromyscus maniculatus","species",,,,,"N","U","Y","processed",,"adult",,,,,,,,,,"U","U","U",,"did not check","dry ice",,,,,,,,,,,,,,,"0009-0001-2150-8968","0009-0000-7236-0361",,,,,"6c4a1cc8-5ee9-4538-9ffe-55f1af10b015"
"f803b4f2-85f2-47bc-acc5-42f126ba65be","65dac64e-3317-4e8c-864a-9b8f9439f440","ONAQ_019.mammalGrid.mam","D15","ONAQ","ONAQ_019","E7","distributed","shrubScrub",40.174342,-112.480716,"WGS84",45.1,1724.4,0.1,"1 - trap not set","ShermanXLK","2024-04-12","2024-04-12",,,,,,,,,,,,,,,,,,,,,,,,,,,,,,,,,,,,,,,,,,,,,"0009-0001-2150-8968","0009-0001-2150-8968",,,,,"a2a138ba-ec1e-4a45-a979-eb66f3641705"
"cb3d91f3-1d30-44f2-ac40-c851beb67fe8","65dac64e-3317-4e8c-864a-9b8f9439f440","ONAQ_019.mammalGrid.mam","D15","ONAQ","ONAQ_019","I8","distributed","shrubScrub",40.174342,-112.480716,"WGS84",45.1,1724.4,0.1,"1 - trap not set","ShermanXLK","2024-04-12","2024-04-12",,,,,,,,,,,,,,,,,,,,,,,,,,,,,,,,,,,,,,,,,,,,,"0009-0001-2150-8968","0009-0001-2150-8968",,,,,"25432e06-f5cb-40fb-b0d3-e0d854378faf"
"3ed060f1-f207-4d82-8b15-4b91225a07aa","65dac64e-3317-4e8c-864a-9b8f9439f440","ONAQ_019.mammalGrid.mam","D15","ONAQ","ONAQ_019","H6","distributed","shrubScrub",40.174342,-112.480716,"WGS84",45.1,1724.4,0.1,"1 - trap not set","ShermanXLK","2024-04-12","2024-04-12",,,,,,,,,,,,,,,,,,,,,,,,,,,,,,,,,,,,,,,,,,,,,"0009-0001-2150-8968","0009-0001-2150-8968",,,,,"1fa1ba67-977d-4d42-b53a-19ce3dbaaeaa"
"1ae32eb6-e3a1-49d2-b70b-2574da210bff","5fc1a4da-69be-47d1-8579-eacaf40176e2","ONAQ_020.mammalGrid.mam","D15","ONAQ","ONAQ_020","J8","distributed","shrubScrub",40.183889,-112.436683,"WGS84",45.1,1627.6,0.1,"5 - capture","ShermanXLK","2024-04-12","2024-04-12","NEON.MAM.D15.R5755",,"PEMA","Peromyscus maniculatus","species",,,,,"N","F","Y","processed",,"adult",,"enlarged","not","neither",,,,,20,"U","U","U",,"did not check","dry ice",,,,,,,,,,,,,,,"0009-0001-5608-8465","0009-0005-2133-045X",,,,,"36c3a400-c8a0-4f8a-ae34-1ab401a0e92f"
"ae0e4a5e-303e-47c3-b152-4b93058464c9","1fad8a40-9b3b-4bcf-a532-2a00f8de5f45","ONAQ_003.mammalGrid.mam","D15","ONAQ","ONAQ_003","E2","distributed","shrubScrub",40.206225,-112.428493,"WGS84",45.4,1604.6,0.2,"1 - trap not set","ShermanXLK","2024-04-12","2024-04-12",,,,,,,,,,,,,,,,,,,,,,,,,,,,,"did not check","dry ice",,,,,,,,,,,,,,,"0009-0000-7236-0361","0009-0001-2150-8968",,,,,"d7c8366b-432b-439d-b69c-e21538b75d98"
"2739cb2f-8ba9-4c04-bf10-d35f1355bd2c","5fc1a4da-69be-47d1-8579-eacaf40176e2","ONAQ_020.mammalGrid.mam","D15","ONAQ","ONAQ_020","H2","distributed","shrubScrub",40.183889,-112.436683,"WGS84",45.1,1627.6,0.1,"6 - trap set and empty","ShermanXLK","2024-04-12","2024-04-12",,,,,,,,,,,,,,,,,,,,,,,,,,,,,,,,,,,,,,,,,,,,,"0009-0001-5608-8465","0009-0005-2133-045X",,,,,"acbb8d03-1b4a-48f5-9497-03561136e0c2"
"e8370043-6f8c-44a0-bf18-71ac151cf47c","5fc1a4da-69be-47d1-8579-eacaf40176e2","ONAQ_020.mammalGrid.mam","D15","ONAQ","ONAQ_020","I9","distributed","shrubScrub",40.183889,-112.436683,"WGS84",45.1,1627.6,0.1,"5 - capture","ShermanXLK","2024-04-12","2024-04-12","NEON.MAM.D15.R5808",,"PEMA","Peromyscus maniculatus","species",,,,,"N","F","Y","processed",,"adult",,"enlarged","unknown","neither",,,,,22,"U","U","U",,"did not check","dry ice",,,,,,,,,,,,,,,"0009-0001-5608-8465","0009-0005-2133-045X",,,,,"a1b6b17a-4f8b-4030-a5a4-f3cba4f25474"
"5afa5193-689d-4f99-8f45-b252514a6848","65dac64e-3317-4e8c-864a-9b8f9439f440","ONAQ_019.mammalGrid.mam","D15","ONAQ","ONAQ_019","E6","distributed","shrubScrub",40.174342,-112.480716,"WGS84",45.1,1724.4,0.1,"1 - trap not set","ShermanXLK","2024-04-12","2024-04-12",,,,,,,,,,,,,,,,,,,,,,,,,,,,,,,,,,,,,,,,,,,,,"0009-0001-2150-8968","0009-0001-2150-8968",,,,,"b8e40629-a62a-44cd-a37c-4b10bbbf4f4b"
"01fce3f8-aa70-4c1e-81f5-e957d615e152","5fc1a4da-69be-47d1-8579-eacaf40176e2","ONAQ_020.mammalGrid.mam","D15","ONAQ","ONAQ_020","F4","distributed","shrubScrub",40.183889,-112.436683,"WGS84",45.1,1627.6,0.1,"6 - trap set and empty","ShermanXLK","2024-04-12","2024-04-12",,,,,,,,,,,,,,,,,,,,,,,,,,,,,,,,,,,,,,,,,,,,,"0009-0001-5608-8465","0009-0005-2133-045X",,,,,"ce2c5d5f-0dc1-4e70-ae33-8ceb47f80d79"
"623984e2-4e13-4367-9cf9-56c3ae213ef8","1fad8a40-9b3b-4bcf-a532-2a00f8de5f45","ONAQ_003.mammalGrid.mam","D15","ONAQ","ONAQ_003","A6","distributed","shrubScrub",40.206225,-112.428493,"WGS84",45.4,1604.6,0.2,"5 - capture","ShermanXLK","2024-04-12","2024-04-12","NEON.MAM.D15.R6087",,"PEMA","Peromyscus maniculatus","species",,,,,"N","F","Y","processed",,"adult",,"enlarged","not","plugged",,,,,,"U","U","U",,"did not check","dry ice",,,,,,,,,,,,,,,"0009-0000-7236-0361","0009-0001-2150-8968",,,,,"77a1b7bb-cd18-4a08-ace3-bc0bc6bd1e48"
"75ab0960-1de3-4a7c-853c-6c39e11366f1","1fad8a40-9b3b-4bcf-a532-2a00f8de5f45","ONAQ_003.mammalGrid.mam","D15","ONAQ","ONAQ_003","F4","distributed","shrubScrub",40.206225,-112.428493,"WGS84",45.4,1604.6,0.2,"6 - trap set and empty","ShermanXLK","2024-04-12","2024-04-12",,,,,,,,,,,,,,,,,,,,,,,,,,,,,,,,,,,,,,,,,,,,,"0009-0000-7236-0361","0009-0001-2150-8968",,,,,"83ca8873-c46e-479e-8153-9f9c52423cf2"
"02d0ab03-9c9f-428b-8c27-ebcad1cc0668","6a52ab3b-f583-4c40-a237-1d54fbe3a4c4","ONAQ_004.mammalGrid.mam","D15","ONAQ","ONAQ_004","G3","distributed","shrubScrub",40.186515,-112.474083,"WGS84",45.1,1718.1,0.1,"1 - trap not set","ShermanXLK","2024-04-12","2024-04-12",,,,,,,,,,,,,,,,,,,,,,,,,,,,,,,,,,,,,,,,,,,,,"0009-0001-2150-8968","0009-0001-2150-8968",,,,,"d71ee591-54d8-4aa4-a7a2-ea188f8ee7c0"
"60071d1b-b15a-4aaa-bfd9-0833a8739e20","1fad8a40-9b3b-4bcf-a532-2a00f8de5f45","ONAQ_003.mammalGrid.mam","D15","ONAQ","ONAQ_003","J1","distributed","shrubScrub",40.206225,-112.428493,"WGS84",45.4,1604.6,0.2,"5 - capture","ShermanXLK","2024-04-12","2024-04-12","NEON.MAM.D15.R5624",,"DIORDIMI","Dipodomys ordii/microps","speciesGroup",,,,,"N","M","N","processed",,"adult","scrotal",,,,,,,,,"N","N","N",,"none","dry ice",,,,,,,,,,,,,,,"0009-0000-7236-0361","0009-0001-2150-8968",,,,,"7ad722e3-7791-48cc-9ec0-11cc6e192c46"
"24ad1e90-b686-4ef7-8b89-74030dd4d00b","65dac64e-3317-4e8c-864a-9b8f9439f440","ONAQ_019.mammalGrid.mam","D15","ONAQ","ONAQ_019","H2","distributed","shrubScrub",40.174342,-112.480716,"WGS84",45.1,1724.4,0.1,"1 - trap not set","ShermanXLK","2024-04-12","2024-04-12",,,,,,,,,,,,,,,,,,,,,,,,,,,,,,,,,,,,,,,,,,,,,"0009-0001-2150-8968","0009-0001-2150-8968",,,,,"81c94fce-947a-4013-9c5f-c60b8df706b0"
"a4b1daac-6c54-495b-9c81-a886b08f2a2b","5fc1a4da-69be-47d1-8579-eacaf40176e2","ONAQ_020.mammalGrid.mam","D15","ONAQ","ONAQ_020","A6","distributed","shrubScrub",40.183889,-112.436683,"WGS84",45.1,1627.6,0.1,"6 - trap set and empty","ShermanXLK","2024-04-12","2024-04-12",,,,,,,,,,,,,,,,,,,,,,,,,,,,,,,,,,,,,,,,,,,,,"0009-0001-5608-8465","0009-0005-2133-045X",,,,,"24615a3e-b904-433c-86f1-f53fd049a58f"
"288266a9-a4fa-450a-a3b4-1f2b902de538","1fad8a40-9b3b-4bcf-a532-2a00f8de5f45","ONAQ_003.mammalGrid.mam","D15","ONAQ","ONAQ_003","B8","distributed","shrubScrub",40.206225,-112.428493,"WGS84",45.4,1604.6,0.2,"5 - capture","ShermanXLK","2024-04-12","2024-04-12","NEON.MAM.D15.R4942",,"PEMA","Peromyscus maniculatus","species",,,,,"N","M","Y","processed",,"adult","nonscrotal",,,,,,,,,"U","U","U",,"did not check","dry ice",,,,,,,,,,,,,,,"0009-0000-7236-0361","0009-0001-2150-8968",,,,,"27f06450-8fc5-4911-9a8c-978429c8347f"
"6e4872c0-700f-4ed4-aca2-8a11504dfb74","0b6bf725-c8b2-4ddc-8dbc-b265a54d3f72","ONAQ_005.mammalGrid.mam","D15","ONAQ","ONAQ_005","F10","distributed","shrubScrub",40.180753,-112.429727,"WGS84",45.3,1607.9,0.4,"5 - capture","ShermanXLK","2024-04-12","2024-04-12","NEON.MAM.D15.R5612",,"PEMA","Peromyscus maniculatus","species",,,,,"N","F","N","processed",,"adult",,"enlarged","pregnant","not plugged",,,,,,"U","U","U",,"did not check","dry ice",,,,,,,,,,,,,,,"0009-0001-2150-8968","0009-0000-7236-0361",,,,,"a5acc104-6071-4dda-a26a-a272c2944b03"
"5b736a43-07e5-4ba8-bdfc-7d5336c91b1b","5fc1a4da-69be-47d1-8579-eacaf40176e2","ONAQ_020.mammalGrid.mam","D15","ONAQ","ONAQ_020","C9","distributed","shrubScrub",40.183889,-112.436683,"WGS84",45.1,1627.6,0.1,"6 - trap set and empty","ShermanXLK","2024-04-12","2024-04-12",,,,,,,,,,,,,,,,,,,,,,,,,,,,,,,,,,,,,,,,,,,,,"0009-0001-5608-8465","0009-0005-2133-045X",,,,,"c1cc2d20-2734-41e4-86e8-243a84182606"
"d4445b45-2394-4788-9d54-9bd047d743c9","5fc1a4da-69be-47d1-8579-eacaf40176e2","ONAQ_020.mammalGrid.mam","D15","ONAQ","ONAQ_020","G7","distributed","shrubScrub",40.183889,-112.436683,"WGS84",45.1,1627.6,0.1,"1 - trap not set","ShermanXLK","2024-04-12","2024-04-12",,,,,,,,,,,,,,,,,,,,,,,,,,,,,"did not check","dry ice",,,,,,,,,,,,,,,"0009-0001-5608-8465","0009-0005-2133-045X",,,,,"ec7e3eec-f250-4b92-be85-ef9a066fef1e"
"2674ee2a-8878-48a8-aa7f-15e2c0a2e3c9","1fad8a40-9b3b-4bcf-a532-2a00f8de5f45","ONAQ_003.mammalGrid.mam","D15","ONAQ","ONAQ_003","J5","distributed","shrubScrub",40.206225,-112.428493,"WGS84",45.4,1604.6,0.2,"5 - capture","ShermanXLK","2024-04-12","2024-04-12","NEON.MAM.D15.R5528",,"DIORDIMI","Dipodomys ordii/microps","speciesGroup",,,,,"N","F","Y","processed",,"adult",,"nonenlarged","not","swollen",,,,,,"U","U","U",,"did not check","dry ice",,,,,,,,,,,,,,,"0009-0000-7236-0361","0009-0001-2150-8968",,,,,"32baff66-aa0a-4617-8511-185a8608db27"
"f7079252-428f-422c-98f2-d58521ff5f17","0b6bf725-c8b2-4ddc-8dbc-b265a54d3f72","ONAQ_005.mammalGrid.mam","D15","ONAQ","ONAQ_005","E4","distributed","shrubScrub",40.180753,-112.429727,"WGS84",45.3,1607.9,0.4,"1 - trap not set","ShermanXLK","2024-04-12","2024-04-12",,,,,,,,,,,,,,,,,,,,,,,,,,,,,"did not check","dry ice",,,,,,,,,,,,,,,"0009-0001-2150-8968","0009-0000-7236-0361",,,,,"8c4800a2-2041-41bb-b17a-9778c9866dae"
"3db678ed-1581-4d65-802c-037adb92e49b","0b6bf725-c8b2-4ddc-8dbc-b265a54d3f72","ONAQ_005.mammalGrid.mam","D15","ONAQ","ONAQ_005","D10","distributed","shrubScrub",40.180753,-112.429727,"WGS84",45.3,1607.9,0.4,"5 - capture","ShermanXLK","2024-04-12","2024-04-12","NEON.MAM.D15.R5738",,"DIORDIMI","Dipodomys ordii/microps","speciesGroup",,,,,"N","M","N","processed",,"adult","scrotal",,,,,,,,71,"U","U","U",,"did not check","dry ice",,,,,,,,,,,,,,,"0009-0001-2150-8968","0009-0000-7236-0361",,,,,"229bbce8-1dc1-4804-910a-9dc8d65ca81e"
"9c996817-4c20-4f24-a01d-33e08afbf0fe","6a52ab3b-f583-4c40-a237-1d54fbe3a4c4","ONAQ_004.mammalGrid.mam","D15","ONAQ","ONAQ_004","B6","distributed","shrubScrub",40.186515,-112.474083,"WGS84",45.1,1718.1,0.1,"1 - trap not set","ShermanXLK","2024-04-12","2024-04-12",,,,,,,,,,,,,,,,,,,,,,,,,,,,,,,,,,,,,,,,,,,,,"0009-0001-2150-8968","0009-0001-2150-8968",,,,,"915c0f7f-9172-4f26-8d92-04879a51d254"
"7397cecb-b35d-436d-bac8-635eeacfc7df","65dac64e-3317-4e8c-864a-9b8f9439f440","ONAQ_019.mammalGrid.mam","D15","ONAQ","ONAQ_019","B8","distributed","shrubScrub",40.174342,-112.480716,"WGS84",45.1,1724.4,0.1,"1 - trap not set","ShermanXLK","2024-04-12","2024-04-12",,,,,,,,,,,,,,,,,,,,,,,,,,,,,,,,,,,,,,,,,,,,,"0009-0001-2150-8968","0009-0001-2150-8968",,,,,"3f2d45ef-09b0-4356-aefb-7543d031895a"
"47659a6d-a657-4c19-8e25-3e360de45b9b","0b6bf725-c8b2-4ddc-8dbc-b265a54d3f72","ONAQ_005.mammalGrid.mam","D15","ONAQ","ONAQ_005","D2","distributed","shrubScrub",40.180753,-112.429727,"WGS84",45.3,1607.9,0.4,"5 - capture","ShermanXLK","2024-04-12","2024-04-12","NEON.MAM.D15.R5731",,"DIORDIMI","Dipodomys ordii/microps","speciesGroup",,,,,"N","F","N","processed",,"adult",,"enlarged",,"swollen",,,,,51,"U","U","U",,"did not check","dry ice",,,,,,,,,,,,,,,"0009-0001-2150-8968","0009-0000-7236-0361",,,,,"39818514-6291-436f-b341-3960dba96ac3"
"f01b2532-72af-40ef-9dde-50fd1a687b4e","694f0351-35af-4538-a55b-6152e8c33959","ONAQ_023.mammalGrid.mam","D15","ONAQ","ONAQ_023","J3","distributed","evergreenForest",40.195079,-112.504944,"WGS84",45.1,1881.2,0.1,"1 - trap not set","ShermanXLK","2024-04-12","2024-04-12",,,,,,,,,,,,,,,,,,,,,,,,,,,,,,,,,,,,,,,,,,,,,"0009-0001-2150-8968","0009-0001-2150-8968",,,,,"31e541fd-897d-45cb-889c-8269c98641a9"
"d6ab0db3-0117-4350-bb64-472f2d50e497","1fad8a40-9b3b-4bcf-a532-2a00f8de5f45","ONAQ_003.mammalGrid.mam","D15","ONAQ","ONAQ_003","G6","distributed","shrubScrub",40.206225,-112.428493,"WGS84",45.4,1604.6,0.2,"1 - trap not set","ShermanXLK","2024-04-12","2024-04-12",,,,,,,,,,,,,,,,,,,,,,,,,,,,,"did not check","dry ice",,,,,,,,,,,,,,,"0009-0000-7236-0361","0009-0001-2150-8968",,,,,"2add4b3f-2a7f-4fc9-af02-aea93de8bb69"
"f690096a-7b24-435d-b804-9451359b2b30","694f0351-35af-4538-a55b-6152e8c33959","ONAQ_023.mammalGrid.mam","D15","ONAQ","ONAQ_023","H7","distributed","evergreenForest",40.195079,-112.504944,"WGS84",45.1,1881.2,0.1,"1 - trap not set","ShermanXLK","2024-04-12","2024-04-12",,,,,,,,,,,,,,,,,,,,,,,,,,,,,,,,,,,,,,,,,,,,,"0009-0001-2150-8968","0009-0001-2150-8968",,,,,"44db12af-d659-43f5-b3a5-53e760a17cd2"
"f67d825b-a7aa-4b73-8928-b471438723fc","1fad8a40-9b3b-4bcf-a532-2a00f8de5f45","ONAQ_003.mammalGrid.mam","D15","ONAQ","ONAQ_003","J8","distributed","shrubScrub",40.206225,-112.428493,"WGS84",45.4,1604.6,0.2,"5 - capture","ShermanXLK","2024-04-12","2024-04-12","NEON.MAM.D15.R6077",,"DIORDIMI","Dipodomys ordii/microps","speciesGroup",,,,,"N","M","Y","processed",,"adult","scrotal",,,,,,,,,"U","U","U",,"did not check","dry ice",,,,,,,,,,,,,,,"0009-0000-7236-0361","0009-0001-2150-8968",,,,,"7ceeab45-2aad-4c94-836e-93d84b23d90a"
"30db93f4-09b8-4c77-a781-2dd1ed9503db","65dac64e-3317-4e8c-864a-9b8f9439f440","ONAQ_019.mammalGrid.mam","D15","ONAQ","ONAQ_019","B9","distributed","shrubScrub",40.174342,-112.480716,"WGS84",45.1,1724.4,0.1,"1 - trap not set","ShermanXLK","2024-04-12","2024-04-12",,,,,,,,,,,,,,,,,,,,,,,,,,,,,,,,,,,,,,,,,,,,,"0009-0001-2150-8968","0009-0001-2150-8968",,,,,"27477811-a380-4b0d-b78d-3bb1cd59b018"
"08dddb4d-610a-4459-9ad7-893f5c2dfb5b","694f0351-35af-4538-a55b-6152e8c33959","ONAQ_023.mammalGrid.mam","D15","ONAQ","ONAQ_023","G1","distributed","evergreenForest",40.195079,-112.504944,"WGS84",45.1,1881.2,0.1,"1 - trap not set","ShermanXLK","2024-04-12","2024-04-12",,,,,,,,,,,,,,,,,,,,,,,,,,,,,,,,,,,,,,,,,,,,,"0009-0001-2150-8968","0009-0001-2150-8968",,,,,"566767e5-df5a-4892-a51e-105f0e2ac18d"
"c88de55c-bd76-48ec-91d4-d327c563d210","5fc1a4da-69be-47d1-8579-eacaf40176e2","ONAQ_020.mammalGrid.mam","D15","ONAQ","ONAQ_020","F1","distributed","shrubScrub",40.183889,-112.436683,"WGS84",45.1,1627.6,0.1,"5 - capture","ShermanXLK","2024-04-12","2024-04-12","NEON.MAM.D15.R5758",,"PEMA","Peromyscus maniculatus","species",,,,,"N","M","Y","processed",,"adult","nonscrotal",,,,,,,,20,"U","U","U",,"did not check","dry ice","ONAQ.20240412.R5758.B","D00000139888","mandibular",,,,,,,,,,,,"0009-0001-5608-8465","0009-0005-2133-045X",,,,,"891beaa5-752b-4155-89d0-07a6dce52e05"
"aaba32d6-fe4a-40d2-a180-73dca24e346f","0b6bf725-c8b2-4ddc-8dbc-b265a54d3f72","ONAQ_005.mammalGrid.mam","D15","ONAQ","ONAQ_005","G10","distributed","shrubScrub",40.180753,-112.429727,"WGS84",45.3,1607.9,0.4,"1 - trap not set","ShermanXLK","2024-04-12","2024-04-12",,,,,,,,,,,,,,,,,,,,,,,,,,,,,"did not check","dry ice",,,,,,,,,,,,,,,"0009-0001-2150-8968","0009-0000-7236-0361",,,,,"9abb9732-2f86-473c-a6d7-774702d848cb"
"359cd9f1-c14c-48f3-b97c-803678d4f2c6","1fad8a40-9b3b-4bcf-a532-2a00f8de5f45","ONAQ_003.mammalGrid.mam","D15","ONAQ","ONAQ_003","D2","distributed","shrubScrub",40.206225,-112.428493,"WGS84",45.4,1604.6,0.2,"5 - capture","ShermanXLK","2024-04-12","2024-04-12","NEON.MAM.D15.441856",,"PEPA","Perognathus parvus","species",,,,,"N","M","N","processed",,"adult","scrotal",,,,,,,,,"U","U","U",,"did not check","dry ice",,,,,,,,,,,,,,,"0009-0000-7236-0361","0009-0001-2150-8968",,,,,"e8d8f596-5393-4397-84e4-f419300d9068"
"6096e733-0f22-4433-a075-ec3787a16331","5fc1a4da-69be-47d1-8579-eacaf40176e2","ONAQ_020.mammalGrid.mam","D15","ONAQ","ONAQ_020","G1","distributed","shrubScrub",40.183889,-112.436683,"WGS84",45.1,1627.6,0.1,"1 - trap not set","ShermanXLK","2024-04-12","2024-04-12",,,,,,,,,,,,,,,,,,,,,,,,,,,,,"did not check","dry ice",,,,,,,,,,,,,,,"0009-0001-5608-8465","0009-0005-2133-045X",,,,,"ccb7f789-8b4e-4485-bf36-a59c434b25d9"
"d27e658c-ae50-427d-a614-664d7378c6e5","6a52ab3b-f583-4c40-a237-1d54fbe3a4c4","ONAQ_004.mammalGrid.mam","D15","ONAQ","ONAQ_004","A10","distributed","shrubScrub",40.186515,-112.474083,"WGS84",45.1,1718.1,0.1,"1 - trap not set","ShermanXLK","2024-04-12","2024-04-12",,,,,,,,,,,,,,,,,,,,,,,,,,,,,,,,,,,,,,,,,,,,,"0009-0001-2150-8968","0009-0001-2150-8968",,,,,"2a96a640-e78d-4485-8960-1ea3f9375716"
"d43abafe-1312-4351-a092-9208262f9be3","6a52ab3b-f583-4c40-a237-1d54fbe3a4c4","ONAQ_004.mammalGrid.mam","D15","ONAQ","ONAQ_004","C2","distributed","shrubScrub",40.186515,-112.474083,"WGS84",45.1,1718.1,0.1,"1 - trap not set","ShermanXLK","2024-04-12","2024-04-12",,,,,,,,,,,,,,,,,,,,,,,,,,,,,,,,,,,,,,,,,,,,,"0009-0001-2150-8968","0009-0001-2150-8968",,,,,"269819cd-972a-4109-877e-7559aec57a79"
"0210dbff-1b7f-4a98-93ec-95a64629f11b","0b6bf725-c8b2-4ddc-8dbc-b265a54d3f72","ONAQ_005.mammalGrid.mam","D15","ONAQ","ONAQ_005","E2","distributed","shrubScrub",40.180753,-112.429727,"WGS84",45.3,1607.9,0.4,"1 - trap not set","ShermanXLK","2024-04-12","2024-04-12",,,,,,,,,,,,,,,,,,,,,,,,,,,,,"did not check","dry ice",,,,,,,,,,,,,,,"0009-0001-2150-8968","0009-0000-7236-0361",,,,,"1fa95141-e4b9-45b5-b345-0b288725fa3a"
"2e8f3aa1-1e7c-4fad-b0e9-7bdb11fa1c17","1fad8a40-9b3b-4bcf-a532-2a00f8de5f45","ONAQ_003.mammalGrid.mam","D15","ONAQ","ONAQ_003","G1","distributed","shrubScrub",40.206225,-112.428493,"WGS84",45.4,1604.6,0.2,"1 - trap not set","ShermanXLK","2024-04-12","2024-04-12",,,,,,,,,,,,,,,,,,,,,,,,,,,,,"did not check","dry ice",,,,,,,,,,,,,,,"0009-0000-7236-0361","0009-0001-2150-8968",,,,,"ccc0c86c-b806-40c1-90c6-33ae7b672ab4"
"d12fb378-67fa-4135-b985-4a4d3e8b45b5","5fc1a4da-69be-47d1-8579-eacaf40176e2","ONAQ_020.mammalGrid.mam","D15","ONAQ","ONAQ_020","B8","distributed","shrubScrub",40.183889,-112.436683,"WGS84",45.1,1627.6,0.1,"5 - capture","ShermanXLK","2024-04-12","2024-04-12","NEON.MAM.D15.R5824",,"PEMA","Peromyscus maniculatus","species",,,,,"N","F","Y","processed",,"adult",,"enlarged","not","neither",,,,,19,"U","U","U",,"did not check","dry ice",,,,,,,,,,,,,,,"0009-0001-5608-8465","0009-0005-2133-045X",,,,,"a7323561-97a8-4bc7-8360-e89ac0c7deab"
"db152303-26d0-4a5d-9010-0d00d26a8b13","694f0351-35af-4538-a55b-6152e8c33959","ONAQ_023.mammalGrid.mam","D15","ONAQ","ONAQ_023","G3","distributed","evergreenForest",40.195079,-112.504944,"WGS84",45.1,1881.2,0.1,"1 - trap not set","ShermanXLK","2024-04-12","2024-04-12",,,,,,,,,,,,,,,,,,,,,,,,,,,,,,,,,,,,,,,,,,,,,"0009-0001-2150-8968","0009-0001-2150-8968",,,,,"2fda4d09-81e9-4646-ac92-750717f84e85"
"eef26b01-8b90-449c-a954-ac0c3a6d62b1","5fc1a4da-69be-47d1-8579-eacaf40176e2","ONAQ_020.mammalGrid.mam","D15","ONAQ","ONAQ_020","G4","distributed","shrubScrub",40.183889,-112.436683,"WGS84",45.1,1627.6,0.1,"1 - trap not set","ShermanXLK","2024-04-12","2024-04-12",,,,,,,,,,,,,,,,,,,,,,,,,,,,,"did not check","dry ice",,,,,,,,,,,,,,,"0009-0001-5608-8465","0009-0005-2133-045X",,,,,"c15d516e-8d24-4b0f-b3f2-dd6583a9d6ec"
"9f1c905b-e3a0-4a22-9916-2c09afab56ea","5fc1a4da-69be-47d1-8579-eacaf40176e2","ONAQ_020.mammalGrid.mam","D15","ONAQ","ONAQ_020","F6","distributed","shrubScrub",40.183889,-112.436683,"WGS84",45.1,1627.6,0.1,"6 - trap set and empty","ShermanXLK","2024-04-12","2024-04-12",,,,,,,,,,,,,,,,,,,,,,,,,,,,,,,,,,,,,,,,,,,,,"0009-0001-5608-8465","0009-0005-2133-045X",,,,,"7d09a49a-1c3b-456a-8558-a9efc57bb6aa"
"485de237-96a6-4193-9502-583e34442e80","5fc1a4da-69be-47d1-8579-eacaf40176e2","ONAQ_020.mammalGrid.mam","D15","ONAQ","ONAQ_020","I4","distributed","shrubScrub",40.183889,-112.436683,"WGS84",45.1,1627.6,0.1,"5 - capture","ShermanXLK","2024-04-12","2024-04-12","NEON.MAM.D15.R5730",,"PEMA","Peromyscus maniculatus","species",,,,,"N","M","N","processed",,"juvenile","nonscrotal",,,,,,,,14,"U","U","U",,"did not check","dry ice",,,,,,,,,,,,,,,"0009-0001-5608-8465","0009-0005-2133-045X",,,,,"7b7c4f9e-1752-409d-9f9f-812b7266f40f"
"7bdfbc81-e975-487e-ad7d-123042761127","0b6bf725-c8b2-4ddc-8dbc-b265a54d3f72","ONAQ_005.mammalGrid.mam","D15","ONAQ","ONAQ_005","C6","distributed","shrubScrub",40.180753,-112.429727,"WGS84",45.3,1607.9,0.4,"5 - capture","ShermanXLK","2024-04-12","2024-04-12","NEON.MAM.D15.442806",,"PEPA","Perognathus parvus","species",,,,,"N","M","N","processed",,"adult","nonscrotal",,,,,,,,24,"U","U","U",,"did not check","dry ice",,,,,,,,,,,,,,,"0009-0001-2150-8968","0009-0000-7236-0361",,,,,"9c33cf9f-5c25-4ed9-97fb-3cfc8f1be1f6"
"90f95a95-36eb-479c-ae00-ce70801e055d","0b6bf725-c8b2-4ddc-8dbc-b265a54d3f72","ONAQ_005.mammalGrid.mam","D15","ONAQ","ONAQ_005","G1","distributed","shrubScrub",40.180753,-112.429727,"WGS84",45.3,1607.9,0.4,"1 - trap not set","ShermanXLK","2024-04-12","2024-04-12",,,,,,,,,,,,,,,,,,,,,,,,,,,,,"did not check","dry ice",,,,,,,,,,,,,,,"0009-0001-2150-8968","0009-0000-7236-0361",,,,,"90b06420-d8b6-4d19-8fce-5c79d7e2fd95"
"d9165106-975f-45cc-b977-c5df2d4bf481","0b6bf725-c8b2-4ddc-8dbc-b265a54d3f72","ONAQ_005.mammalGrid.mam","D15","ONAQ","ONAQ_005","E5","distributed","shrubScrub",40.180753,-112.429727,"WGS84",45.3,1607.9,0.4,"1 - trap not set","ShermanXLK","2024-04-12","2024-04-12",,,,,,,,,,,,,,,,,,,,,,,,,,,,,"did not check","dry ice",,,,,,,,,,,,,,,"0009-0001-2150-8968","0009-0000-7236-0361",,,,,"2d360072-a517-4df2-961d-a0321ae06c6b"
"f0612cc3-ded4-46f3-a936-400876a4123f","1fad8a40-9b3b-4bcf-a532-2a00f8de5f45","ONAQ_003.mammalGrid.mam","D15","ONAQ","ONAQ_003","E3","distributed","shrubScrub",40.206225,-112.428493,"WGS84",45.4,1604.6,0.2,"1 - trap not set","ShermanXLK","2024-04-12","2024-04-12",,,,,,,,,,,,,,,,,,,,,,,,,,,,,"did not check","dry ice",,,,,,,,,,,,,,,"0009-0000-7236-0361","0009-0001-2150-8968",,,,,"a8e19455-6835-4270-97a2-88fdc39e43ce"
"3556901c-0220-4633-a32e-324113ae334c","0b6bf725-c8b2-4ddc-8dbc-b265a54d3f72","ONAQ_005.mammalGrid.mam","D15","ONAQ","ONAQ_005","C5","distributed","shrubScrub",40.180753,-112.429727,"WGS84",45.3,1607.9,0.4,"5 - capture","ShermanXLK","2024-04-12","2024-04-12","NEON.MAM.D15.R5842",,"PEMA","Peromyscus maniculatus","species",,,,,"N","U","N","processed",,"adult",,,,,,,,,,"U","U","U",,"did not check","dry ice",,,,,,,,,,,,,,,"0009-0001-2150-8968","0009-0000-7236-0361",,,,,"7ce039f3-b573-41f4-846e-980591224289"
"225276e8-8c71-451f-ae4a-e3dd75d26065","65dac64e-3317-4e8c-864a-9b8f9439f440","ONAQ_019.mammalGrid.mam","D15","ONAQ","ONAQ_019","D4","distributed","shrubScrub",40.174342,-112.480716,"WGS84",45.1,1724.4,0.1,"1 - trap not set","ShermanXLK","2024-04-12","2024-04-12",,,,,,,,,,,,,,,,,,,,,,,,,,,,,,,,,,,,,,,,,,,,,"0009-0001-2150-8968","0009-0001-2150-8968",,,,,"ec18d5fe-b8cd-4336-9ef6-2bee88dd09fc"
"acff85e9-5cac-4897-b77e-c0d41fc0af16","65dac64e-3317-4e8c-864a-9b8f9439f440","ONAQ_019.mammalGrid.mam","D15","ONAQ","ONAQ_019","H8","distributed","shrubScrub",40.174342,-112.480716,"WGS84",45.1,1724.4,0.1,"1 - trap not set","ShermanXLK","2024-04-12","2024-04-12",,,,,,,,,,,,,,,,,,,,,,,,,,,,,,,,,,,,,,,,,,,,,"0009-0001-2150-8968","0009-0001-2150-8968",,,,,"5f80a3a0-892b-468f-b41e-20ea21d818d0"
"4a39308b-68b3-48ee-9ca8-9dc9a02c0137","65dac64e-3317-4e8c-864a-9b8f9439f440","ONAQ_019.mammalGrid.mam","D15","ONAQ","ONAQ_019","G7","distributed","shrubScrub",40.174342,-112.480716,"WGS84",45.1,1724.4,0.1,"1 - trap not set","ShermanXLK","2024-04-12","2024-04-12",,,,,,,,,,,,,,,,,,,,,,,,,,,,,,,,,,,,,,,,,,,,,"0009-0001-2150-8968","0009-0001-2150-8968",,,,,"41e5f55c-df95-4adc-949b-3b13c2f38023"
"c12c2e51-1534-43a3-9ef2-d82ae4fda109","65dac64e-3317-4e8c-864a-9b8f9439f440","ONAQ_019.mammalGrid.mam","D15","ONAQ","ONAQ_019","I1","distributed","shrubScrub",40.174342,-112.480716,"WGS84",45.1,1724.4,0.1,"1 - trap not set","ShermanXLK","2024-04-12","2024-04-12",,,,,,,,,,,,,,,,,,,,,,,,,,,,,,,,,,,,,,,,,,,,,"0009-0001-2150-8968","0009-0001-2150-8968",,,,,"965584a0-75d8-4174-9f36-199a72fbebeb"
"27667ef0-5ace-43ff-9a64-c1baabb454c3","6a52ab3b-f583-4c40-a237-1d54fbe3a4c4","ONAQ_004.mammalGrid.mam","D15","ONAQ","ONAQ_004","H3","distributed","shrubScrub",40.186515,-112.474083,"WGS84",45.1,1718.1,0.1,"1 - trap not set","ShermanXLK","2024-04-12","2024-04-12",,,,,,,,,,,,,,,,,,,,,,,,,,,,,,,,,,,,,,,,,,,,,"0009-0001-2150-8968","0009-0001-2150-8968",,,,,"897ee97a-923b-4a28-8452-6aa994211529"
"59c5b5ed-9797-4efc-b0a0-5d2f4c003543","1fad8a40-9b3b-4bcf-a532-2a00f8de5f45","ONAQ_003.mammalGrid.mam","D15","ONAQ","ONAQ_003","E7","distributed","shrubScrub",40.206225,-112.428493,"WGS84",45.4,1604.6,0.2,"1 - trap not set","ShermanXLK","2024-04-12","2024-04-12",,,,,,,,,,,,,,,,,,,,,,,,,,,,,"did not check","dry ice",,,,,,,,,,,,,,,"0009-0000-7236-0361","0009-0001-2150-8968",,,,,"5658a689-b309-4f47-89a1-32d6d33baaa5"
"b1d459a4-e2f9-45e3-b108-3d81d857934e","1fad8a40-9b3b-4bcf-a532-2a00f8de5f45","ONAQ_003.mammalGrid.mam","D15","ONAQ","ONAQ_003","I9","distributed","shrubScrub",40.206225,-112.428493,"WGS84",45.4,1604.6,0.2,"6 - trap set and empty","ShermanXLK","2024-04-12","2024-04-12",,,,,,,,,,,,,,,,,,,,,,,,,,,,,,,,,,,,,,,,,,,,,"0009-0000-7236-0361","0009-0001-2150-8968",,,,,"242dbdac-2a10-4c73-baea-e0798034d519"
"0b54fc81-e99a-4575-9276-cacacbf48bf8","0b6bf725-c8b2-4ddc-8dbc-b265a54d3f72","ONAQ_005.mammalGrid.mam","D15","ONAQ","ONAQ_005","F5","distributed","shrubScrub",40.180753,-112.429727,"WGS84",45.3,1607.9,0.4,"6 - trap set and empty","ShermanXLK","2024-04-12","2024-04-12",,,,,,,,,,,,,,,,,,,,,,,,,,,,,,,,,,,,,,,,,,,,,"0009-0001-2150-8968","0009-0000-7236-0361",,,,,"62c84fd0-1c9d-47c2-82fd-d452f62034fd"
"df6aaca5-f8e3-4a6c-83cf-1bd51da9d57f","0b6bf725-c8b2-4ddc-8dbc-b265a54d3f72","ONAQ_005.mammalGrid.mam","D15","ONAQ","ONAQ_005","J8","distributed","shrubScrub",40.180753,-112.429727,"WGS84",45.3,1607.9,0.4,"6 - trap set and empty","ShermanXLK","2024-04-12","2024-04-12",,,,,,,,,,,,,,,,,,,,,,,,,,,,,,,,,,,,,,,,,,,,,"0009-0001-2150-8968","0009-0000-7236-0361",,,,,"fa63244a-9db0-4efa-9aad-8b16ed1a50dd"
"d097f39a-e14b-4648-962e-76fe2097d2b7","6a52ab3b-f583-4c40-a237-1d54fbe3a4c4","ONAQ_004.mammalGrid.mam","D15","ONAQ","ONAQ_004","G10","distributed","shrubScrub",40.186515,-112.474083,"WGS84",45.1,1718.1,0.1,"1 - trap not set","ShermanXLK","2024-04-12","2024-04-12",,,,,,,,,,,,,,,,,,,,,,,,,,,,,,,,,,,,,,,,,,,,,"0009-0001-2150-8968","0009-0001-2150-8968",,,,,"48ca25d9-9388-4e1d-9183-a0aafe70a009"
"566df71c-ea53-417b-8205-dbc2693097fd","65dac64e-3317-4e8c-864a-9b8f9439f440","ONAQ_019.mammalGrid.mam","D15","ONAQ","ONAQ_019","A4","distributed","shrubScrub",40.174342,-112.480716,"WGS84",45.1,1724.4,0.1,"1 - trap not set","ShermanXLK","2024-04-12","2024-04-12",,,,,,,,,,,,,,,,,,,,,,,,,,,,,,,,,,,,,,,,,,,,,"0009-0001-2150-8968","0009-0001-2150-8968",,,,,"6cb4e573-da11-432b-b929-3b7a756e5939"
"276228fe-f1f4-4223-99d6-45208dc28a25","6a52ab3b-f583-4c40-a237-1d54fbe3a4c4","ONAQ_004.mammalGrid.mam","D15","ONAQ","ONAQ_004","F1","distributed","shrubScrub",40.186515,-112.474083,"WGS84",45.1,1718.1,0.1,"1 - trap not set","ShermanXLK","2024-04-12","2024-04-12",,,,,,,,,,,,,,,,,,,,,,,,,,,,,,,,,,,,,,,,,,,,,"0009-0001-2150-8968","0009-0001-2150-8968",,,,,"273029a0-7a15-4cfa-9062-74ea65ccef73"
"5241beee-5596-4971-bf6a-1e30ec8f727f","5fc1a4da-69be-47d1-8579-eacaf40176e2","ONAQ_020.mammalGrid.mam","D15","ONAQ","ONAQ_020","I3","distributed","shrubScrub",40.183889,-112.436683,"WGS84",45.1,1627.6,0.1,"6 - trap set and empty","ShermanXLK","2024-04-12","2024-04-12",,,,,,,,,,,,,,,,,,,,,,,,,,,,,,,,,,,,,,,,,,,,,"0009-0001-5608-8465","0009-0005-2133-045X",,,,,"45082f31-75c5-4c55-950b-193aa22bbe34"
"32ca840c-e872-4c4d-aab4-b96b7fce289c","6a52ab3b-f583-4c40-a237-1d54fbe3a4c4","ONAQ_004.mammalGrid.mam","D15","ONAQ","ONAQ_004","F6","distributed","shrubScrub",40.186515,-112.474083,"WGS84",45.1,1718.1,0.1,"1 - trap not set","ShermanXLK","2024-04-12","2024-04-12",,,,,,,,,,,,,,,,,,,,,,,,,,,,,,,,,,,,,,,,,,,,,"0009-0001-2150-8968","0009-0001-2150-8968",,,,,"256b85eb-cd27-4699-baf2-b8f71bc640d8"
"485b5a75-edd8-4f58-ad6f-0661db6e0cb8","65dac64e-3317-4e8c-864a-9b8f9439f440","ONAQ_019.mammalGrid.mam","D15","ONAQ","ONAQ_019","J7","distributed","shrubScrub",40.174342,-112.480716,"WGS84",45.1,1724.4,0.1,"1 - trap not set","ShermanXLK","2024-04-12","2024-04-12",,,,,,,,,,,,,,,,,,,,,,,,,,,,,,,,,,,,,,,,,,,,,"0009-0001-2150-8968","0009-0001-2150-8968",,,,,"b26bbe5b-8842-45c1-874e-c7014c2b687d"
"c5422830-8866-4e90-b0b8-708c095e0ce5","5fc1a4da-69be-47d1-8579-eacaf40176e2","ONAQ_020.mammalGrid.mam","D15","ONAQ","ONAQ_020","D5","distributed","shrubScrub",40.183889,-112.436683,"WGS84",45.1,1627.6,0.1,"5 - capture","ShermanXLK","2024-04-12","2024-04-12","NEON.MAM.D15.R5742",,"PEMA","Peromyscus maniculatus","species","cf. species",,,,"N","M","N","processed",,"subadult","nonscrotal",,,,,,,,11,"U","U","U",,"did not check","dry ice",,,,,,,,,,,,,,,"0009-0001-5608-8465","0009-0005-2133-045X",,,,,"4c7397e2-049a-4d0b-9ea2-2c1490ab7750"
"753a6d87-8011-40a7-b8c2-24feacc2914f","5fc1a4da-69be-47d1-8579-eacaf40176e2","ONAQ_020.mammalGrid.mam","D15","ONAQ","ONAQ_020","E5","distributed","shrubScrub",40.183889,-112.436683,"WGS84",45.1,1627.6,0.1,"1 - trap not set","ShermanXLK","2024-04-12","2024-04-12",,,,,,,,,,,,,,,,,,,,,,,,,,,,,"did not check","dry ice",,,,,,,,,,,,,,,"0009-0001-5608-8465","0009-0005-2133-045X",,,,,"a0653b88-4cb8-4018-acce-29acc6a2615f"
"4f1c7998-4979-4b52-8b62-d668a3f65541","0b6bf725-c8b2-4ddc-8dbc-b265a54d3f72","ONAQ_005.mammalGrid.mam","D15","ONAQ","ONAQ_005","G4","distributed","shrubScrub",40.180753,-112.429727,"WGS84",45.3,1607.9,0.4,"1 - trap not set","ShermanXLK","2024-04-12","2024-04-12",,,,,,,,,,,,,,,,,,,,,,,,,,,,,"did not check","dry ice",,,,,,,,,,,,,,,"0009-0001-2150-8968","0009-0000-7236-0361",,,,,"a3779cdf-2877-4c41-96ad-118cd49a5e60"
"3364952c-603b-4775-9466-75f2497e8ca1","5fc1a4da-69be-47d1-8579-eacaf40176e2","ONAQ_020.mammalGrid.mam","D15","ONAQ","ONAQ_020","F5","distributed","shrubScrub",40.183889,-112.436683,"WGS84",45.1,1627.6,0.1,"6 - trap set and empty","ShermanXLK","2024-04-12","2024-04-12",,,,,,,,,,,,,,,,,,,,,,,,,,,,,,,,,,,,,,,,,,,,,"0009-0001-5608-8465","0009-0005-2133-045X",,,,,"333c9d12-80df-4817-aecd-eb2a56919fe2"
"cde2b87c-ae89-40b1-85bc-f10a2cfac481","0b6bf725-c8b2-4ddc-8dbc-b265a54d3f72","ONAQ_005.mammalGrid.mam","D15","ONAQ","ONAQ_005","G9","distributed","shrubScrub",40.180753,-112.429727,"WGS84",45.3,1607.9,0.4,"1 - trap not set","ShermanXLK","2024-04-12","2024-04-12",,,,,,,,,,,,,,,,,,,,,,,,,,,,,"did not check","dry ice",,,,,,,,,,,,,,,"0009-0001-2150-8968","0009-0000-7236-0361",,,,,"53eed5b4-f5c6-4be5-9f1b-ca3ca710d41c"
"f9b0e7e3-a796-4a48-86fb-ca69ff302a5d","0b6bf725-c8b2-4ddc-8dbc-b265a54d3f72","ONAQ_005.mammalGrid.mam","D15","ONAQ","ONAQ_005","A4","distributed","shrubScrub",40.180753,-112.429727,"WGS84",45.3,1607.9,0.4,"6 - trap set and empty","ShermanXLK","2024-04-12","2024-04-12",,,,,,,,,,,,,,,,,,,,,,,,,,,,,,,,,,,,,,,,,,,,,"0009-0001-2150-8968","0009-0000-7236-0361",,,,,"597e154d-7b0b-4166-a978-645ba5605fe1"
"ee3834fd-7ddc-41f9-b528-a700430e4a72","6a52ab3b-f583-4c40-a237-1d54fbe3a4c4","ONAQ_004.mammalGrid.mam","D15","ONAQ","ONAQ_004","H5","distributed","shrubScrub",40.186515,-112.474083,"WGS84",45.1,1718.1,0.1,"1 - trap not set","ShermanXLK","2024-04-12","2024-04-12",,,,,,,,,,,,,,,,,,,,,,,,,,,,,,,,,,,,,,,,,,,,,"0009-0001-2150-8968","0009-0001-2150-8968",,,,,"5dd0521e-c2c3-488a-80e9-7c444635fe89"
"5f7764f9-7dee-4439-a307-3ad7cd963aed","0b6bf725-c8b2-4ddc-8dbc-b265a54d3f72","ONAQ_005.mammalGrid.mam","D15","ONAQ","ONAQ_005","I8","distributed","shrubScrub",40.180753,-112.429727,"WGS84",45.3,1607.9,0.4,"5 - capture","ShermanXLK","2024-04-12","2024-04-12","NEON.MAM.D15.R5748",,"PEMA","Peromyscus maniculatus","species",,,,,"N","U","Y","processed",,"unknown",,,,,,,,,,"U","U","U",,"did not check","dry ice",,,,,,,,,,,,,,,"0009-0001-2150-8968","0009-0000-7236-0361",,,,,"e4ddbd35-82cf-480e-8a88-ddab4d5e5e4f"
"c2ef86ef-43ab-4536-b8f0-35c7349fb330","0b6bf725-c8b2-4ddc-8dbc-b265a54d3f72","ONAQ_005.mammalGrid.mam","D15","ONAQ","ONAQ_005","F8","distributed","shrubScrub",40.180753,-112.429727,"WGS84",45.3,1607.9,0.4,"5 - capture","ShermanXLK","2024-04-12","2024-04-12","NEON.MAM.D15.R4907",,"PEMA","Peromyscus maniculatus","species",,,,,"N","M","Y","processed",,"adult","nonscrotal",,,,,,,,18,"U","U","U",,"did not check","dry ice",,,,,,,,,,,,,,,"0009-0001-2150-8968","0009-0000-7236-0361",,,,,"e761264b-c395-4a2f-b544-6f04f1b66f35"
"f5f98d45-76ff-44c0-92a5-96c9edd85a30","694f0351-35af-4538-a55b-6152e8c33959","ONAQ_023.mammalGrid.mam","D15","ONAQ","ONAQ_023","H1","distributed","evergreenForest",40.195079,-112.504944,"WGS84",45.1,1881.2,0.1,"1 - trap not set","ShermanXLK","2024-04-12","2024-04-12",,,,,,,,,,,,,,,,,,,,,,,,,,,,,,,,,,,,,,,,,,,,,"0009-0001-2150-8968","0009-0001-2150-8968",,,,,"4a75f881-ff98-41e5-8cc6-03ed39b0d1f9"
"11bdcc73-9962-4bca-9d79-585b4f31a9ca","0b6bf725-c8b2-4ddc-8dbc-b265a54d3f72","ONAQ_005.mammalGrid.mam","D15","ONAQ","ONAQ_005","C9","distributed","shrubScrub",40.180753,-112.429727,"WGS84",45.3,1607.9,0.4,"5 - capture","ShermanXLK","2024-04-12","2024-04-12","NEON.MAM.D15.R5732",,"DIORDIMI","Dipodomys ordii/microps","speciesGroup",,,,,"N","M","N","processed",,"adult","scrotal",,,,,,,,50,"U","U","U",,"did not check","dry ice",,,,,,,,,,,,,,,"0009-0001-2150-8968","0009-0000-7236-0361",,,,,"f359f4f6-a928-4fb8-a111-539724db6703"
"a579d011-3ce6-4995-9487-7926c77b385e","65dac64e-3317-4e8c-864a-9b8f9439f440","ONAQ_019.mammalGrid.mam","D15","ONAQ","ONAQ_019","D7","distributed","shrubScrub",40.174342,-112.480716,"WGS84",45.1,1724.4,0.1,"1 - trap not set","ShermanXLK","2024-04-12","2024-04-12",,,,,,,,,,,,,,,,,,,,,,,,,,,,,,,,,,,,,,,,,,,,,"0009-0001-2150-8968","0009-0001-2150-8968",,,,,"dcd47288-921f-43bc-9f6e-14b248866bf3"
"b0b0dc74-dbb1-4324-a82e-62cb3e58f242","694f0351-35af-4538-a55b-6152e8c33959","ONAQ_023.mammalGrid.mam","D15","ONAQ","ONAQ_023","A2","distributed","evergreenForest",40.195079,-112.504944,"WGS84",45.1,1881.2,0.1,"1 - trap not set","ShermanXLK","2024-04-12","2024-04-12",,,,,,,,,,,,,,,,,,,,,,,,,,,,,,,,,,,,,,,,,,,,,"0009-0001-2150-8968","0009-0001-2150-8968",,,,,"c63a7be5-6b9a-4ad7-8449-179aca21ba34"
"7995d307-33f5-4dd3-8f1d-7bf23dd94667","6a52ab3b-f583-4c40-a237-1d54fbe3a4c4","ONAQ_004.mammalGrid.mam","D15","ONAQ","ONAQ_004","J10","distributed","shrubScrub",40.186515,-112.474083,"WGS84",45.1,1718.1,0.1,"1 - trap not set","ShermanXLK","2024-04-12","2024-04-12",,,,,,,,,,,,,,,,,,,,,,,,,,,,,,,,,,,,,,,,,,,,,"0009-0001-2150-8968","0009-0001-2150-8968",,,,,"7e3308f1-4bb8-4620-a8fe-39e7119e4732"
"adc2a06b-2f4c-462a-ba4b-e5ebfd17c915","6a52ab3b-f583-4c40-a237-1d54fbe3a4c4","ONAQ_004.mammalGrid.mam","D15","ONAQ","ONAQ_004","C9","distributed","shrubScrub",40.186515,-112.474083,"WGS84",45.1,1718.1,0.1,"1 - trap not set","ShermanXLK","2024-04-12","2024-04-12",,,,,,,,,,,,,,,,,,,,,,,,,,,,,,,,,,,,,,,,,,,,,"0009-0001-2150-8968","0009-0001-2150-8968",,,,,"d2ed73d8-7ade-4077-84fb-49e985566e0c"
"16111ee6-30be-4850-b01f-256f70e8a28b","5fc1a4da-69be-47d1-8579-eacaf40176e2","ONAQ_020.mammalGrid.mam","D15","ONAQ","ONAQ_020","C4","distributed","shrubScrub",40.183889,-112.436683,"WGS84",45.1,1627.6,0.1,"6 - trap set and empty","ShermanXLK","2024-04-12","2024-04-12",,,,,,,,,,,,,,,,,,,,,,,,,,,,,,,,,,,,,,,,,,,,,"0009-0001-5608-8465","0009-0005-2133-045X",,,,,"35d4d3ed-e6b4-4f73-a333-775e4d0cba32"
"d9039ec5-2049-45fb-b669-2a47a9ac095d","65dac64e-3317-4e8c-864a-9b8f9439f440","ONAQ_019.mammalGrid.mam","D15","ONAQ","ONAQ_019","B10","distributed","shrubScrub",40.174342,-112.480716,"WGS84",45.1,1724.4,0.1,"1 - trap not set","ShermanXLK","2024-04-12","2024-04-12",,,,,,,,,,,,,,,,,,,,,,,,,,,,,,,,,,,,,,,,,,,,,"0009-0001-2150-8968","0009-0001-2150-8968",,,,,"782a9dd7-d5e7-46cd-bd10-68a8075c838c"
"0090e668-6165-4abe-8a1d-f1eb1f2bb82c","0b6bf725-c8b2-4ddc-8dbc-b265a54d3f72","ONAQ_005.mammalGrid.mam","D15","ONAQ","ONAQ_005","H1","distributed","shrubScrub",40.180753,-112.429727,"WGS84",45.3,1607.9,0.4,"6 - trap set and empty","ShermanXLK","2024-04-12","2024-04-12",,,,,,,,,,,,,,,,,,,,,,,,,,,,,,,,,,,,,,,,,,,,,"0009-0001-2150-8968","0009-0000-7236-0361",,,,,"b00d6c04-1749-4786-81e1-ade39be06b4f"
"6d01e625-1e77-44be-b67a-5cd6f625200c","65dac64e-3317-4e8c-864a-9b8f9439f440","ONAQ_019.mammalGrid.mam","D15","ONAQ","ONAQ_019","J6","distributed","shrubScrub",40.174342,-112.480716,"WGS84",45.1,1724.4,0.1,"1 - trap not set","ShermanXLK","2024-04-12","2024-04-12",,,,,,,,,,,,,,,,,,,,,,,,,,,,,,,,,,,,,,,,,,,,,"0009-0001-2150-8968","0009-0001-2150-8968",,,,,"30351832-d73e-42fb-a128-d6340c6e4b68"
"8c00110b-acc2-487f-ba9e-3d273c18c8dc","0b6bf725-c8b2-4ddc-8dbc-b265a54d3f72","ONAQ_005.mammalGrid.mam","D15","ONAQ","ONAQ_005","I2","distributed","shrubScrub",40.180753,-112.429727,"WGS84",45.3,1607.9,0.4,"6 - trap set and empty","ShermanXLK","2024-04-12","2024-04-12",,,,,,,,,,,,,,,,,,,,,,,,,,,,,,,,,,,,,,,,,,,,,"0009-0001-2150-8968","0009-0000-7236-0361",,,,,"27d579bf-36df-4582-9a00-850bb592c7ba"
"9b5bf1a1-c2bd-48f3-bf96-30180600982d","65dac64e-3317-4e8c-864a-9b8f9439f440","ONAQ_019.mammalGrid.mam","D15","ONAQ","ONAQ_019","J4","distributed","shrubScrub",40.174342,-112.480716,"WGS84",45.1,1724.4,0.1,"1 - trap not set","ShermanXLK","2024-04-12","2024-04-12",,,,,,,,,,,,,,,,,,,,,,,,,,,,,,,,,,,,,,,,,,,,,"0009-0001-2150-8968","0009-0001-2150-8968",,,,,"d5b3d892-f0f9-4375-a66c-47b412063c44"
"9ba53ed4-d21b-4523-b28c-bbeaca55d549","5fc1a4da-69be-47d1-8579-eacaf40176e2","ONAQ_020.mammalGrid.mam","D15","ONAQ","ONAQ_020","C2","distributed","shrubScrub",40.183889,-112.436683,"WGS84",45.1,1627.6,0.1,"5 - capture","ShermanXLK","2024-04-12","2024-04-12","NEON.MAM.D15.R5764",,"PEMA","Peromyscus maniculatus","species",,,,,"N","M","Y","processed",,"adult","nonscrotal",,,,,,,,25,"U","U","U",,"did not check","dry ice",,,,,,,,,,,,,,,"0009-0001-5608-8465","0009-0005-2133-045X",,,,,"cced1328-a919-4864-8376-bc912294179f"
"80ae9187-6d7f-40ce-b226-1250afc48d4c","694f0351-35af-4538-a55b-6152e8c33959","ONAQ_023.mammalGrid.mam","D15","ONAQ","ONAQ_023","B8","distributed","evergreenForest",40.195079,-112.504944,"WGS84",45.1,1881.2,0.1,"1 - trap not set","ShermanXLK","2024-04-12","2024-04-12",,,,,,,,,,,,,,,,,,,,,,,,,,,,,,,,,,,,,,,,,,,,,"0009-0001-2150-8968","0009-0001-2150-8968",,,,,"2940fcae-df96-466b-ba41-eda4f28f5550"
"3eabd2cb-2935-4d2b-b89a-bebdeb53ef02","65dac64e-3317-4e8c-864a-9b8f9439f440","ONAQ_019.mammalGrid.mam","D15","ONAQ","ONAQ_019","F5","distributed","shrubScrub",40.174342,-112.480716,"WGS84",45.1,1724.4,0.1,"1 - trap not set","ShermanXLK","2024-04-12","2024-04-12",,,,,,,,,,,,,,,,,,,,,,,,,,,,,,,,,,,,,,,,,,,,,"0009-0001-2150-8968","0009-0001-2150-8968",,,,,"dd7e6d2a-f906-4f2b-b904-23d62af14a5d"
"a4f10264-76f7-485a-b3bc-ac9d0ed1c7ef","5fc1a4da-69be-47d1-8579-eacaf40176e2","ONAQ_020.mammalGrid.mam","D15","ONAQ","ONAQ_020","B3","distributed","shrubScrub",40.183889,-112.436683,"WGS84",45.1,1627.6,0.1,"6 - trap set and empty","ShermanXLK","2024-04-12","2024-04-12",,,,,,,,,,,,,,,,,,,,,,,,,,,,,,,,,,,,,,,,,,,,,"0009-0001-5608-8465","0009-0005-2133-045X",,,,,"277354f8-a4f6-4638-9122-167d6f09f2c3"
"114071c0-8727-404d-b609-83fc1cd9ee96","5fc1a4da-69be-47d1-8579-eacaf40176e2","ONAQ_020.mammalGrid.mam","D15","ONAQ","ONAQ_020","H3","distributed","shrubScrub",40.183889,-112.436683,"WGS84",45.1,1627.6,0.1,"6 - trap set and empty","ShermanXLK","2024-04-12","2024-04-12",,,,,,,,,,,,,,,,,,,,,,,,,,,,,,,,,,,,,,,,,,,,,"0009-0001-5608-8465","0009-0005-2133-045X",,,,,"982fe6e5-3c40-407c-a01b-e98b2d43e790"
"01209b2c-a5ea-4c1f-bef4-f40cd7a2b196","1fad8a40-9b3b-4bcf-a532-2a00f8de5f45","ONAQ_003.mammalGrid.mam","D15","ONAQ","ONAQ_003","H3","distributed","shrubScrub",40.206225,-112.428493,"WGS84",45.4,1604.6,0.2,"6 - trap set and empty","ShermanXLK","2024-04-12","2024-04-12",,,,,,,,,,,,,,,,,,,,,,,,,,,,,,,,,,,,,,,,,,,,,"0009-0000-7236-0361","0009-0001-2150-8968",,,,,"37762d29-09f1-48cb-8bce-68eab4771329"
"81a1a6b6-42d5-479a-878c-e6173501a723","65dac64e-3317-4e8c-864a-9b8f9439f440","ONAQ_019.mammalGrid.mam","D15","ONAQ","ONAQ_019","A2","distributed","shrubScrub",40.174342,-112.480716,"WGS84",45.1,1724.4,0.1,"1 - trap not set","ShermanXLK","2024-04-12","2024-04-12",,,,,,,,,,,,,,,,,,,,,,,,,,,,,,,,,,,,,,,,,,,,,"0009-0001-2150-8968","0009-0001-2150-8968",,,,,"4c8e2d7b-8b9a-4d38-8981-caaccfee69a8"
"89264f99-0f69-4284-96bb-ac70cdd7a79d","0b6bf725-c8b2-4ddc-8dbc-b265a54d3f72","ONAQ_005.mammalGrid.mam","D15","ONAQ","ONAQ_005","A10","distributed","shrubScrub",40.180753,-112.429727,"WGS84",45.3,1607.9,0.4,"6 - trap set and empty","ShermanXLK","2024-04-12","2024-04-12",,,,,,,,,,,,,,,,,,,,,,,,,,,,,,,,,,,,,,,,,,,,,"0009-0001-2150-8968","0009-0000-7236-0361",,,,,"74a38399-c184-41b0-a664-6d5a577e6447"
"b2ad5075-e8b1-474a-b3b3-a2b25ebc03e8","5fc1a4da-69be-47d1-8579-eacaf40176e2","ONAQ_020.mammalGrid.mam","D15","ONAQ","ONAQ_020","F3","distributed","shrubScrub",40.183889,-112.436683,"WGS84",45.1,1627.6,0.1,"6 - trap set and empty","ShermanXLK","2024-04-12","2024-04-12",,,,,,,,,,,,,,,,,,,,,,,,,,,,,,,,,,,,,,,,,,,,,"0009-0001-5608-8465","0009-0005-2133-045X",,,,,"ec05c9b5-f7a0-4d6d-82ae-5362e6abf6f1"
"07f58adb-7d58-434a-b1dd-70ebc307c3a6","5fc1a4da-69be-47d1-8579-eacaf40176e2","ONAQ_020.mammalGrid.mam","D15","ONAQ","ONAQ_020","G10","distributed","shrubScrub",40.183889,-112.436683,"WGS84",45.1,1627.6,0.1,"1 - trap not set","ShermanXLK","2024-04-12","2024-04-12",,,,,,,,,,,,,,,,,,,,,,,,,,,,,"did not check","dry ice",,,,,,,,,,,,,,,"0009-0001-5608-8465","0009-0005-2133-045X",,,,,"02816cff-51f8-4854-a69d-d1b0875bceaa"
"a2634c0b-50cd-45e7-bed9-0ce42cba17ec","0b6bf725-c8b2-4ddc-8dbc-b265a54d3f72","ONAQ_005.mammalGrid.mam","D15","ONAQ","ONAQ_005","G8","distributed","shrubScrub",40.180753,-112.429727,"WGS84",45.3,1607.9,0.4,"1 - trap not set","ShermanXLK","2024-04-12","2024-04-12",,,,,,,,,,,,,,,,,,,,,,,,,,,,,"did not check","dry ice",,,,,,,,,,,,,,,"0009-0001-2150-8968","0009-0000-7236-0361",,,,,"73fe78fa-a89a-4c6b-9e2d-bcdcbe014a2b"
"5d024e42-7df2-496b-a40b-f887f3906782","65dac64e-3317-4e8c-864a-9b8f9439f440","ONAQ_019.mammalGrid.mam","D15","ONAQ","ONAQ_019","F8","distributed","shrubScrub",40.174342,-112.480716,"WGS84",45.1,1724.4,0.1,"1 - trap not set","ShermanXLK","2024-04-12","2024-04-12",,,,,,,,,,,,,,,,,,,,,,,,,,,,,,,,,,,,,,,,,,,,,"0009-0001-2150-8968","0009-0001-2150-8968",,,,,"50ef38c7-51b3-46dd-accb-3261a6f4c8e1"
"505feb0a-ae96-4fdb-aeb8-8a918ea5a4a6","65dac64e-3317-4e8c-864a-9b8f9439f440","ONAQ_019.mammalGrid.mam","D15","ONAQ","ONAQ_019","E5","distributed","shrubScrub",40.174342,-112.480716,"WGS84",45.1,1724.4,0.1,"1 - trap not set","ShermanXLK","2024-04-12","2024-04-12",,,,,,,,,,,,,,,,,,,,,,,,,,,,,,,,,,,,,,,,,,,,,"0009-0001-2150-8968","0009-0001-2150-8968",,,,,"ce7a5a0b-e226-463c-bf38-6f733a109cc6"
"ed05824e-66e3-4db8-9f54-4042f4e4acb9","0b6bf725-c8b2-4ddc-8dbc-b265a54d3f72","ONAQ_005.mammalGrid.mam","D15","ONAQ","ONAQ_005","G7","distributed","shrubScrub",40.180753,-112.429727,"WGS84",45.3,1607.9,0.4,"1 - trap not set","ShermanXLK","2024-04-12","2024-04-12",,,,,,,,,,,,,,,,,,,,,,,,,,,,,"did not check","dry ice",,,,,,,,,,,,,,,"0009-0001-2150-8968","0009-0000-7236-0361",,,,,"bdcfffd2-5a76-4be9-a078-ff84d261e642"
"28f5084e-eb34-4e3b-bc10-6685cccf4e2f","0b6bf725-c8b2-4ddc-8dbc-b265a54d3f72","ONAQ_005.mammalGrid.mam","D15","ONAQ","ONAQ_005","J7","distributed","shrubScrub",40.180753,-112.429727,"WGS84",45.3,1607.9,0.4,"6 - trap set and empty","ShermanXLK","2024-04-12","2024-04-12",,,,,,,,,,,,,,,,,,,,,,,,,,,,,,,,,,,,,,,,,,,,,"0009-0001-2150-8968","0009-0000-7236-0361",,,,,"83f720cd-147a-4b0f-bc4d-9451bfa001cb"
"fb098d5b-3284-45a6-b51d-7896795a53d2","694f0351-35af-4538-a55b-6152e8c33959","ONAQ_023.mammalGrid.mam","D15","ONAQ","ONAQ_023","A3","distributed","evergreenForest",40.195079,-112.504944,"WGS84",45.1,1881.2,0.1,"1 - trap not set","ShermanXLK","2024-04-12","2024-04-12",,,,,,,,,,,,,,,,,,,,,,,,,,,,,,,,,,,,,,,,,,,,,"0009-0001-2150-8968","0009-0001-2150-8968",,,,,"97934e7d-b075-4a04-80b6-a15f6b77d1b4"
"49487873-fa87-4518-85ae-1098658126a3","1fad8a40-9b3b-4bcf-a532-2a00f8de5f45","ONAQ_003.mammalGrid.mam","D15","ONAQ","ONAQ_003","F10","distributed","shrubScrub",40.206225,-112.428493,"WGS84",45.4,1604.6,0.2,"5 - capture","ShermanXLK","2024-04-12","2024-04-12","NEON.MAM.D15.R5796",,"DIORDIMI","Dipodomys ordii/microps","speciesGroup",,,,,"N","M","Y","processed",,"adult","scrotal",,,,,,,,,"U","U","U",,"did not check","dry ice",,,,,,,,,,,,,,,"0009-0000-7236-0361","0009-0001-2150-8968",,,,,"3520c6d8-2264-403e-ac8d-422bb8e1c448"
"9984dce6-91a4-4584-a257-62d380bb0582","694f0351-35af-4538-a55b-6152e8c33959","ONAQ_023.mammalGrid.mam","D15","ONAQ","ONAQ_023","E4","distributed","evergreenForest",40.195079,-112.504944,"WGS84",45.1,1881.2,0.1,"1 - trap not set","ShermanXLK","2024-04-12","2024-04-12",,,,,,,,,,,,,,,,,,,,,,,,,,,,,,,,,,,,,,,,,,,,,"0009-0001-2150-8968","0009-0001-2150-8968",,,,,"2b456ea3-fd08-4dfe-ac71-bc481086a9ba"
"e7ec7f33-7a69-41a7-ad27-45ea5b686a61","5fc1a4da-69be-47d1-8579-eacaf40176e2","ONAQ_020.mammalGrid.mam","D15","ONAQ","ONAQ_020","H5","distributed","shrubScrub",40.183889,-112.436683,"WGS84",45.1,1627.6,0.1,"6 - trap set and empty","ShermanXLK","2024-04-12","2024-04-12",,,,,,,,,,,,,,,,,,,,,,,,,,,,,,,,,,,,,,,,,,,,,"0009-0001-5608-8465","0009-0005-2133-045X",,,,,"da43358f-c2b1-4df8-b650-9f42580ede3c"
"85e8edbc-54aa-4e0b-862c-6a8f89b600f9","694f0351-35af-4538-a55b-6152e8c33959","ONAQ_023.mammalGrid.mam","D15","ONAQ","ONAQ_023","J10","distributed","evergreenForest",40.195079,-112.504944,"WGS84",45.1,1881.2,0.1,"1 - trap not set","ShermanXLK","2024-04-12","2024-04-12",,,,,,,,,,,,,,,,,,,,,,,,,,,,,,,,,,,,,,,,,,,,,"0009-0001-2150-8968","0009-0001-2150-8968",,,,,"2b2c2ced-c375-4c49-93f4-26ad5f15c403"
"365ddd33-1620-4d4c-b4f4-c0ab8d3a2689","65dac64e-3317-4e8c-864a-9b8f9439f440","ONAQ_019.mammalGrid.mam","D15","ONAQ","ONAQ_019","G2","distributed","shrubScrub",40.174342,-112.480716,"WGS84",45.1,1724.4,0.1,"1 - trap not set","ShermanXLK","2024-04-12","2024-04-12",,,,,,,,,,,,,,,,,,,,,,,,,,,,,,,,,,,,,,,,,,,,,"0009-0001-2150-8968","0009-0001-2150-8968",,,,,"c0ed1023-0633-4179-893a-eb8e6fcb256e"
"46b0754a-42d7-4198-8355-7b2195ca51cb","694f0351-35af-4538-a55b-6152e8c33959","ONAQ_023.mammalGrid.mam","D15","ONAQ","ONAQ_023","G2","distributed","evergreenForest",40.195079,-112.504944,"WGS84",45.1,1881.2,0.1,"1 - trap not set","ShermanXLK","2024-04-12","2024-04-12",,,,,,,,,,,,,,,,,,,,,,,,,,,,,,,,,,,,,,,,,,,,,"0009-0001-2150-8968","0009-0001-2150-8968",,,,,"dd36fad1-0b5c-443a-9a99-3f71322b0673"
"f2493aea-df88-4fb2-98b4-aa860f342729","694f0351-35af-4538-a55b-6152e8c33959","ONAQ_023.mammalGrid.mam","D15","ONAQ","ONAQ_023","H6","distributed","evergreenForest",40.195079,-112.504944,"WGS84",45.1,1881.2,0.1,"1 - trap not set","ShermanXLK","2024-04-12","2024-04-12",,,,,,,,,,,,,,,,,,,,,,,,,,,,,,,,,,,,,,,,,,,,,"0009-0001-2150-8968","0009-0001-2150-8968",,,,,"33671063-b8c0-492c-b5b6-7ca34901c182"
"da966529-0794-49ba-bf00-7c7626a545b4","5fc1a4da-69be-47d1-8579-eacaf40176e2","ONAQ_020.mammalGrid.mam","D15","ONAQ","ONAQ_020","E2","distributed","shrubScrub",40.183889,-112.436683,"WGS84",45.1,1627.6,0.1,"1 - trap not set","ShermanXLK","2024-04-12","2024-04-12",,,,,,,,,,,,,,,,,,,,,,,,,,,,,"did not check","dry ice",,,,,,,,,,,,,,,"0009-0001-5608-8465","0009-0005-2133-045X",,,,,"3424d8f9-ff53-42d9-afa2-4d323c72a81a"
"3b6861b7-54ef-4ec4-a734-8c95026e43d0","5fc1a4da-69be-47d1-8579-eacaf40176e2","ONAQ_020.mammalGrid.mam","D15","ONAQ","ONAQ_020","A8","distributed","shrubScrub",40.183889,-112.436683,"WGS84",45.1,1627.6,0.1,"6 - trap set and empty","ShermanXLK","2024-04-12","2024-04-12",,,,,,,,,,,,,,,,,,,,,,,,,,,,,,,,,,,,,,,,,,,,,"0009-0001-5608-8465","0009-0005-2133-045X",,,,,"657b6c93-cf01-48a7-8d72-6da4b9e1da20"
"14936123-c514-40c7-87dd-c8ec0fd40feb","0b6bf725-c8b2-4ddc-8dbc-b265a54d3f72","ONAQ_005.mammalGrid.mam","D15","ONAQ","ONAQ_005","E9","distributed","shrubScrub",40.180753,-112.429727,"WGS84",45.3,1607.9,0.4,"1 - trap not set","ShermanXLK","2024-04-12","2024-04-12",,,,,,,,,,,,,,,,,,,,,,,,,,,,,"did not check","dry ice",,,,,,,,,,,,,,,"0009-0001-2150-8968","0009-0000-7236-0361",,,,,"946608a9-9736-4d62-9e4e-995780783204"
"fb01c52f-fb0f-4d63-9b36-110b67a7838a","694f0351-35af-4538-a55b-6152e8c33959","ONAQ_023.mammalGrid.mam","D15","ONAQ","ONAQ_023","D9","distributed","evergreenForest",40.195079,-112.504944,"WGS84",45.1,1881.2,0.1,"1 - trap not set","ShermanXLK","2024-04-12","2024-04-12",,,,,,,,,,,,,,,,,,,,,,,,,,,,,,,,,,,,,,,,,,,,,"0009-0001-2150-8968","0009-0001-2150-8968",,,,,"9dc74e58-0077-4e40-a5c0-f4e8e9d34c58"
"91d7c558-d12b-45b0-b78a-96e3ba2448a2","6a52ab3b-f583-4c40-a237-1d54fbe3a4c4","ONAQ_004.mammalGrid.mam","D15","ONAQ","ONAQ_004","D6","distributed","shrubScrub",40.186515,-112.474083,"WGS84",45.1,1718.1,0.1,"1 - trap not set","ShermanXLK","2024-04-12","2024-04-12",,,,,,,,,,,,,,,,,,,,,,,,,,,,,,,,,,,,,,,,,,,,,"0009-0001-2150-8968","0009-0001-2150-8968",,,,,"ffaab0d1-63d8-42b0-af29-2750c074b4f0"
"292fdf0a-0ca6-4d9e-84a0-28e76918e527","694f0351-35af-4538-a55b-6152e8c33959","ONAQ_023.mammalGrid.mam","D15","ONAQ","ONAQ_023","J5","distributed","evergreenForest",40.195079,-112.504944,"WGS84",45.1,1881.2,0.1,"1 - trap not set","ShermanXLK","2024-04-12","2024-04-12",,,,,,,,,,,,,,,,,,,,,,,,,,,,,,,,,,,,,,,,,,,,,"0009-0001-2150-8968","0009-0001-2150-8968",,,,,"8de616c2-2c1a-49d4-870b-bd737bf8ba85"
"efecefcd-de7a-49f1-9bb0-db2e15f69a13","1fad8a40-9b3b-4bcf-a532-2a00f8de5f45","ONAQ_003.mammalGrid.mam","D15","ONAQ","ONAQ_003","E5","distributed","shrubScrub",40.206225,-112.428493,"WGS84",45.4,1604.6,0.2,"1 - trap not set","ShermanXLK","2024-04-12","2024-04-12",,,,,,,,,,,,,,,,,,,,,,,,,,,,,"did not check","dry ice",,,,,,,,,,,,,,,"0009-0000-7236-0361","0009-0001-2150-8968",,,,,"8d0b5446-0b17-46ab-b795-098df0df8d19"
"4fad1490-96aa-4d73-bae9-b071f10eeafa","5fc1a4da-69be-47d1-8579-eacaf40176e2","ONAQ_020.mammalGrid.mam","D15","ONAQ","ONAQ_020","A10","distributed","shrubScrub",40.183889,-112.436683,"WGS84",45.1,1627.6,0.1,"5 - capture","ShermanXLK","2024-04-12","2024-04-12","NEON.MAM.D15.441771",,"PEPA","Perognathus parvus","species",,,,,"N","M","Y","processed",,"adult","nonscrotal",,,,,,,,18,"U","U","U",,"did not check","dry ice",,,,,,,,,,,,,,,"0009-0001-5608-8465","0009-0005-2133-045X",,,,,"cb29aabf-b2fb-493d-a4a9-910d8ab93380"
"adc56e9e-042b-41c7-964d-305d52ce3432","694f0351-35af-4538-a55b-6152e8c33959","ONAQ_023.mammalGrid.mam","D15","ONAQ","ONAQ_023","D6","distributed","evergreenForest",40.195079,-112.504944,"WGS84",45.1,1881.2,0.1,"1 - trap not set","ShermanXLK","2024-04-12","2024-04-12",,,,,,,,,,,,,,,,,,,,,,,,,,,,,,,,,,,,,,,,,,,,,"0009-0001-2150-8968","0009-0001-2150-8968",,,,,"7663aeff-e6ba-4829-9fbd-3532f9f77ac1"
"1002a572-0883-488f-820f-03a84c0ad022","6a52ab3b-f583-4c40-a237-1d54fbe3a4c4","ONAQ_004.mammalGrid.mam","D15","ONAQ","ONAQ_004","B5","distributed","shrubScrub",40.186515,-112.474083,"WGS84",45.1,1718.1,0.1,"1 - trap not set","ShermanXLK","2024-04-12","2024-04-12",,,,,,,,,,,,,,,,,,,,,,,,,,,,,,,,,,,,,,,,,,,,,"0009-0001-2150-8968","0009-0001-2150-8968",,,,,"e4aceef7-3b51-40ee-bd65-2ce8cc2b7468"
"73d98c7b-cb26-44c4-8821-901f6ec918eb","0b6bf725-c8b2-4ddc-8dbc-b265a54d3f72","ONAQ_005.mammalGrid.mam","D15","ONAQ","ONAQ_005","I3","distributed","shrubScrub",40.180753,-112.429727,"WGS84",45.3,1607.9,0.4,"6 - trap set and empty","ShermanXLK","2024-04-12","2024-04-12",,,,,,,,,,,,,,,,,,,,,,,,,,,,,,,,,,,,,,,,,,,,,"0009-0001-2150-8968","0009-0000-7236-0361",,,,,"c35d504d-3495-4ef2-a074-8fcc5e12adfd"
"3b6a5352-590c-4f24-9763-f1c5c67a51d8","5fc1a4da-69be-47d1-8579-eacaf40176e2","ONAQ_020.mammalGrid.mam","D15","ONAQ","ONAQ_020","A1","distributed","shrubScrub",40.183889,-112.436683,"WGS84",45.1,1627.6,0.1,"6 - trap set and empty","ShermanXLK","2024-04-12","2024-04-12",,,,,,,,,,,,,,,,,,,,,,,,,,,,,,,,,,,,,,,,,,,,,"0009-0001-5608-8465","0009-0005-2133-045X",,,,,"57466fdd-5d7a-4432-b0f4-c7d6f92f47c9"
"969288e4-bb34-4165-bffa-720f80957197","5fc1a4da-69be-47d1-8579-eacaf40176e2","ONAQ_020.mammalGrid.mam","D15","ONAQ","ONAQ_020","E3","distributed","shrubScrub",40.183889,-112.436683,"WGS84",45.1,1627.6,0.1,"1 - trap not set","ShermanXLK","2024-04-12","2024-04-12",,,,,,,,,,,,,,,,,,,,,,,,,,,,,"did not check","dry ice",,,,,,,,,,,,,,,"0009-0001-5608-8465","0009-0005-2133-045X",,,,,"6d7d0948-bb98-4633-9a88-443b960ace18"
"49c450bf-5a09-4753-929b-5aec56442a21","0b6bf725-c8b2-4ddc-8dbc-b265a54d3f72","ONAQ_005.mammalGrid.mam","D15","ONAQ","ONAQ_005","D8","distributed","shrubScrub",40.180753,-112.429727,"WGS84",45.3,1607.9,0.4,"6 - trap set and empty","ShermanXLK","2024-04-12","2024-04-12",,,,,,,,,,,,,,,,,,,,,,,,,,,,,,,,,,,,,,,,,,,,,"0009-0001-2150-8968","0009-0000-7236-0361",,,,,"5dcc57e0-09df-4975-a117-1a41ec3ecb2a"
"fc07eb1d-eb45-4735-b431-8b586f73362e","0b6bf725-c8b2-4ddc-8dbc-b265a54d3f72","ONAQ_005.mammalGrid.mam","D15","ONAQ","ONAQ_005","A6","distributed","shrubScrub",40.180753,-112.429727,"WGS84",45.3,1607.9,0.4,"5 - capture","ShermanXLK","2024-04-12","2024-04-12","NEON.MAM.D15.R5735",,"DIORDIMI","Dipodomys ordii/microps","speciesGroup",,,,,"N","U","N","processed",,"unknown",,,,,,,,,,"U","U","U",,"did not check","dry ice",,,,,,,,,,,,,,,"0009-0001-2150-8968","0009-0000-7236-0361",,,,,"a104f45b-9b4d-491b-9e08-e890d63aefd0"
"6e225bba-0b6b-4b02-a052-1938eeb68e4b","0b6bf725-c8b2-4ddc-8dbc-b265a54d3f72","ONAQ_005.mammalGrid.mam","D15","ONAQ","ONAQ_005","B1","distributed","shrubScrub",40.180753,-112.429727,"WGS84",45.3,1607.9,0.4,"5 - capture","ShermanXLK","2024-04-12","2024-04-12","NEON.MAM.D15.R5736",,"DIORDIMI","Dipodomys ordii/microps","speciesGroup",,,,,"N","U","N","processed",,"unknown",,,,,,,,,,"U","U","U",,"did not check","dry ice",,,,,,,,,,,,,,,"0009-0001-2150-8968","0009-0000-7236-0361",,,,,"4bb0339f-3d1c-4377-a6f6-51cb2ce46793"
"cae01e19-1c39-4689-bd8e-e8a7fcb1a1c1","1fad8a40-9b3b-4bcf-a532-2a00f8de5f45","ONAQ_003.mammalGrid.mam","D15","ONAQ","ONAQ_003","I6","distributed","shrubScrub",40.206225,-112.428493,"WGS84",45.4,1604.6,0.2,"5 - capture","ShermanXLK","2024-04-12","2024-04-12","NEON.MAM.D15.R9432",,"DIORDIMI","Dipodomys ordii/microps","speciesGroup",,,,,"N","M","N","processed",,"adult","scrotal",,,,,,,,,"U","U","U",,"did not check","dry ice",,,,,,,,,,,,,,,"0009-0000-7236-0361","0009-0001-2150-8968",,,,,"dbef4d10-8312-4fcb-819c-5dc1f2a55b7e"
"58e65a2f-e623-4911-8a52-e755294e0e62","6a52ab3b-f583-4c40-a237-1d54fbe3a4c4","ONAQ_004.mammalGrid.mam","D15","ONAQ","ONAQ_004","F5","distributed","shrubScrub",40.186515,-112.474083,"WGS84",45.1,1718.1,0.1,"1 - trap not set","ShermanXLK","2024-04-12","2024-04-12",,,,,,,,,,,,,,,,,,,,,,,,,,,,,,,,,,,,,,,,,,,,,"0009-0001-2150-8968","0009-0001-2150-8968",,,,,"51f47495-edfe-4608-bfb3-e7d2f7c6f631"
"0dba905b-ecac-4113-82af-323b85ce212e","5fc1a4da-69be-47d1-8579-eacaf40176e2","ONAQ_020.mammalGrid.mam","D15","ONAQ","ONAQ_020","E8","distributed","shrubScrub",40.183889,-112.436683,"WGS84",45.1,1627.6,0.1,"1 - trap not set","ShermanXLK","2024-04-12","2024-04-12",,,,,,,,,,,,,,,,,,,,,,,,,,,,,"did not check","dry ice",,,,,,,,,,,,,,,"0009-0001-5608-8465","0009-0005-2133-045X",,,,,"958925a9-2ba8-4d45-b9e2-c6a2facc4234"
"7b9fbc51-54f1-4eb6-a841-14714e1d2a62","1fad8a40-9b3b-4bcf-a532-2a00f8de5f45","ONAQ_003.mammalGrid.mam","D15","ONAQ","ONAQ_003","D1","distributed","shrubScrub",40.206225,-112.428493,"WGS84",45.4,1604.6,0.2,"5 - capture","ShermanXLK","2024-04-12","2024-04-12","NEON.MAM.D15.R5753",,"PEMA","Peromyscus maniculatus","species",,,,,"N","F","Y","processed",,"adult",,"enlarged","not","neither",,,,,20,"U","U","U",,"did not check","dry ice",,,,,,,,,,,,,,,"0009-0000-7236-0361","0009-0001-2150-8968",,,,,"ee6f1b69-33f1-4492-bf02-17c28739b145"
"204d022b-3171-4cb4-b5d9-dd506720ef1c","1fad8a40-9b3b-4bcf-a532-2a00f8de5f45","ONAQ_003.mammalGrid.mam","D15","ONAQ","ONAQ_003","H9","distributed","shrubScrub",40.206225,-112.428493,"WGS84",45.4,1604.6,0.2,"5 - capture","ShermanXLK","2024-04-12","2024-04-12","NEON.MAM.D15.R4916",,"PEMA","Peromyscus maniculatus","species",,,,,"N","M","Y","processed",,"subadult","nonscrotal",,,,,,,,12,"U","U","U",,"did not check","dry ice",,,,,,,,,,,,,,,"0009-0000-7236-0361","0009-0001-2150-8968",,,,,"48c5be39-8bb9-4fbf-98ee-eb7ec961283d"
"8c595b0f-bb77-4d5e-b264-81181756bdae","694f0351-35af-4538-a55b-6152e8c33959","ONAQ_023.mammalGrid.mam","D15","ONAQ","ONAQ_023","C3","distributed","evergreenForest",40.195079,-112.504944,"WGS84",45.1,1881.2,0.1,"1 - trap not set","ShermanXLK","2024-04-12","2024-04-12",,,,,,,,,,,,,,,,,,,,,,,,,,,,,,,,,,,,,,,,,,,,,"0009-0001-2150-8968","0009-0001-2150-8968",,,,,"fc27d3f8-3695-4a5a-95e7-e0c548020dd6"
"d1219297-278f-4cc8-a8a8-c71a35750111","65dac64e-3317-4e8c-864a-9b8f9439f440","ONAQ_019.mammalGrid.mam","D15","ONAQ","ONAQ_019","D3","distributed","shrubScrub",40.174342,-112.480716,"WGS84",45.1,1724.4,0.1,"1 - trap not set","ShermanXLK","2024-04-12","2024-04-12",,,,,,,,,,,,,,,,,,,,,,,,,,,,,,,,,,,,,,,,,,,,,"0009-0001-2150-8968","0009-0001-2150-8968",,,,,"34ebacc7-8817-4851-8254-564e538aa9fd"
"7e428678-1285-47ab-8bb2-9cb0dbec0bac","6a52ab3b-f583-4c40-a237-1d54fbe3a4c4","ONAQ_004.mammalGrid.mam","D15","ONAQ","ONAQ_004","F4","distributed","shrubScrub",40.186515,-112.474083,"WGS84",45.1,1718.1,0.1,"1 - trap not set","ShermanXLK","2024-04-12","2024-04-12",,,,,,,,,,,,,,,,,,,,,,,,,,,,,,,,,,,,,,,,,,,,,"0009-0001-2150-8968","0009-0001-2150-8968",,,,,"e24fa87c-05b2-4fed-b6bb-dadcf94bd76d"
"9f523601-9a26-4040-8792-629832d10bef","0b6bf725-c8b2-4ddc-8dbc-b265a54d3f72","ONAQ_005.mammalGrid.mam","D15","ONAQ","ONAQ_005","E7","distributed","shrubScrub",40.180753,-112.429727,"WGS84",45.3,1607.9,0.4,"1 - trap not set","ShermanXLK","2024-04-12","2024-04-12",,,,,,,,,,,,,,,,,,,,,,,,,,,,,"did not check","dry ice",,,,,,,,,,,,,,,"0009-0001-2150-8968","0009-0000-7236-0361",,,,,"0e3a628e-c6b5-40b7-a201-2c33984976fd"
"f394ead2-06a9-413c-bf16-17ad1292aecb","65dac64e-3317-4e8c-864a-9b8f9439f440","ONAQ_019.mammalGrid.mam","D15","ONAQ","ONAQ_019","I6","distributed","shrubScrub",40.174342,-112.480716,"WGS84",45.1,1724.4,0.1,"1 - trap not set","ShermanXLK","2024-04-12","2024-04-12",,,,,,,,,,,,,,,,,,,,,,,,,,,,,,,,,,,,,,,,,,,,,"0009-0001-2150-8968","0009-0001-2150-8968",,,,,"9f049090-f919-45fd-a6f5-669be3396bbd"
"99d67157-b65f-454d-b32e-03441e40df48","0b6bf725-c8b2-4ddc-8dbc-b265a54d3f72","ONAQ_005.mammalGrid.mam","D15","ONAQ","ONAQ_005","H6","distributed","shrubScrub",40.180753,-112.429727,"WGS84",45.3,1607.9,0.4,"5 - capture","ShermanXLK","2024-04-12","2024-04-12","NEON.MAM.D15.O005H620240412",,"PEMA","Peromyscus maniculatus","species",,,,,"N","F","N","processed",,"adult",,"unknown","unknown","unknown",,,,,,"U","U","U",,"did not check","dry ice",,,,,,,,,,,,,,,"0009-0001-2150-8968","0009-0000-7236-0361",,,"Birth in trap",,"e161048e-6374-4b8c-9085-6327cf8d5bbe"
"07a43896-b93c-482d-be8e-7b29eb41e4fc","65dac64e-3317-4e8c-864a-9b8f9439f440","ONAQ_019.mammalGrid.mam","D15","ONAQ","ONAQ_019","G8","distributed","shrubScrub",40.174342,-112.480716,"WGS84",45.1,1724.4,0.1,"1 - trap not set","ShermanXLK","2024-04-12","2024-04-12",,,,,,,,,,,,,,,,,,,,,,,,,,,,,,,,,,,,,,,,,,,,,"0009-0001-2150-8968","0009-0001-2150-8968",,,,,"bf07e01c-70de-44b4-b781-d172179fc09a"
"727660cf-c3b7-4acd-95c1-dd5c55df5694","5fc1a4da-69be-47d1-8579-eacaf40176e2","ONAQ_020.mammalGrid.mam","D15","ONAQ","ONAQ_020","C6","distributed","shrubScrub",40.183889,-112.436683,"WGS84",45.1,1627.6,0.1,"6 - trap set and empty","ShermanXLK","2024-04-12","2024-04-12",,,,,,,,,,,,,,,,,,,,,,,,,,,,,,,,,,,,,,,,,,,,,"0009-0001-5608-8465","0009-0005-2133-045X",,,,,"49bdea5a-c8f8-4d71-b0df-ed35771ba0cf"
"244d28bb-5092-46af-b915-ea6c28326ae8","5fc1a4da-69be-47d1-8579-eacaf40176e2","ONAQ_020.mammalGrid.mam","D15","ONAQ","ONAQ_020","B10","distributed","shrubScrub",40.183889,-112.436683,"WGS84",45.1,1627.6,0.1,"5 - capture","ShermanXLK","2024-04-12","2024-04-12","NEON.MAM.D15.R5817",,"PEMA","Peromyscus maniculatus","species",,,,,"N","M","Y","processed",,"adult","nonscrotal",,,,,,,,20,"U","U","U",,"did not check","dry ice","ONAQ.20240412.R5817.B","D00000140055","mandibular - QNS",,,,,,,,,,,,"0009-0001-5608-8465","0009-0005-2133-045X",,,,,"f3eb5426-d35a-4551-9092-8ac4c5a64991"
"4044bf33-417d-48ea-85aa-249b2830e7a3","694f0351-35af-4538-a55b-6152e8c33959","ONAQ_023.mammalGrid.mam","D15","ONAQ","ONAQ_023","G4","distributed","evergreenForest",40.195079,-112.504944,"WGS84",45.1,1881.2,0.1,"1 - trap not set","ShermanXLK","2024-04-12","2024-04-12",,,,,,,,,,,,,,,,,,,,,,,,,,,,,,,,,,,,,,,,,,,,,"0009-0001-2150-8968","0009-0001-2150-8968",,,,,"272b2314-ac23-4f72-824e-b823c8de58e1"
"4127291a-d8be-42e1-9aa1-e5e523690aae","5fc1a4da-69be-47d1-8579-eacaf40176e2","ONAQ_020.mammalGrid.mam","D15","ONAQ","ONAQ_020","D3","distributed","shrubScrub",40.183889,-112.436683,"WGS84",45.1,1627.6,0.1,"6 - trap set and empty","ShermanXLK","2024-04-12","2024-04-12",,,,,,,,,,,,,,,,,,,,,,,,,,,,,,,,,,,,,,,,,,,,,"0009-0001-5608-8465","0009-0005-2133-045X",,,,,"d21ece11-2b2e-4577-a572-54943f188b29"
"58ce2a89-71bd-4ac6-9bbf-9c8244f6ab14","694f0351-35af-4538-a55b-6152e8c33959","ONAQ_023.mammalGrid.mam","D15","ONAQ","ONAQ_023","D8","distributed","evergreenForest",40.195079,-112.504944,"WGS84",45.1,1881.2,0.1,"1 - trap not set","ShermanXLK","2024-04-12","2024-04-12",,,,,,,,,,,,,,,,,,,,,,,,,,,,,,,,,,,,,,,,,,,,,"0009-0001-2150-8968","0009-0001-2150-8968",,,,,"b4742b56-601b-4943-930c-24551f447790"
"5d992ba4-097e-4af3-8062-3894e790c65d","694f0351-35af-4538-a55b-6152e8c33959","ONAQ_023.mammalGrid.mam","D15","ONAQ","ONAQ_023","F10","distributed","evergreenForest",40.195079,-112.504944,"WGS84",45.1,1881.2,0.1,"1 - trap not set","ShermanXLK","2024-04-12","2024-04-12",,,,,,,,,,,,,,,,,,,,,,,,,,,,,,,,,,,,,,,,,,,,,"0009-0001-2150-8968","0009-0001-2150-8968",,,,,"01ac7d74-1a30-4693-94fc-a5aeb72c0542"
"e68f2391-7a32-4b1b-94d3-930ad26f0ea9","1fad8a40-9b3b-4bcf-a532-2a00f8de5f45","ONAQ_003.mammalGrid.mam","D15","ONAQ","ONAQ_003","H5","distributed","shrubScrub",40.206225,-112.428493,"WGS84",45.4,1604.6,0.2,"5 - capture","ShermanXLK","2024-04-12","2024-04-12","NEON.MAM.D15.R4941",,"DIORDIMI","Dipodomys ordii/microps","speciesGroup",,,,,"N","F","Y","processed",,"adult",,"nonenlarged","not","swollen",,,,,,"U","U","U",,"did not check","dry ice",,,,,,,,,,,,,,,"0009-0000-7236-0361","0009-0001-2150-8968",,,,,"38ee1b68-830a-4ae7-be65-277b552d66e6"
"51997762-48ad-4ebf-a647-fdc6c0e1e4bf","65dac64e-3317-4e8c-864a-9b8f9439f440","ONAQ_019.mammalGrid.mam","D15","ONAQ","ONAQ_019","F9","distributed","shrubScrub",40.174342,-112.480716,"WGS84",45.1,1724.4,0.1,"1 - trap not set","ShermanXLK","2024-04-12","2024-04-12",,,,,,,,,,,,,,,,,,,,,,,,,,,,,,,,,,,,,,,,,,,,,"0009-0001-2150-8968","0009-0001-2150-8968",,,,,"bab54099-9a1e-4596-b39b-decfb1340310"
"e0d14d6b-16b4-4056-a590-2011d6d1f4bc","0b6bf725-c8b2-4ddc-8dbc-b265a54d3f72","ONAQ_005.mammalGrid.mam","D15","ONAQ","ONAQ_005","F6","distributed","shrubScrub",40.180753,-112.429727,"WGS84",45.3,1607.9,0.4,"6 - trap set and empty","ShermanXLK","2024-04-12","2024-04-12",,,,,,,,,,,,,,,,,,,,,,,,,,,,,,,,,,,,,,,,,,,,,"0009-0001-2150-8968","0009-0000-7236-0361",,,,,"a9a8830c-6b85-41d6-b160-bbf8ec05339a"
"069db0c9-846c-41a4-8e90-97650ac8f46e","1fad8a40-9b3b-4bcf-a532-2a00f8de5f45","ONAQ_003.mammalGrid.mam","D15","ONAQ","ONAQ_003","J4","distributed","shrubScrub",40.206225,-112.428493,"WGS84",45.4,1604.6,0.2,"5 - capture","ShermanXLK","2024-04-12","2024-04-12","NEON.MAM.D15.R5610",,"DIORDIMI","Dipodomys ordii/microps","speciesGroup",,,,,"N","M","N","processed",,"adult","nonscrotal",,,,,,,,,"U","U","U",,"did not check","dry ice",,,,,,,,,,,,,,,"0009-0000-7236-0361","0009-0001-2150-8968",,,,,"8bf08b60-3691-431b-8258-460a57d524e8"
"712765e9-1ea8-441a-88cf-2a60d116be4c","0b6bf725-c8b2-4ddc-8dbc-b265a54d3f72","ONAQ_005.mammalGrid.mam","D15","ONAQ","ONAQ_005","J5","distributed","shrubScrub",40.180753,-112.429727,"WGS84",45.3,1607.9,0.4,"5 - capture","ShermanXLK","2024-04-12","2024-04-12","NEON.MAM.D15.R5717",,"PEMA","Peromyscus maniculatus","species",,,,,"N","U","Y","processed",,"unknown",,,,,,,,,,"U","U","U",,"did not check","dry ice",,,,,,,,,,,,,,,"0009-0001-2150-8968","0009-0000-7236-0361",,,,,"6816cd21-fb7c-4ef6-ab63-316acaf3d5ff"
"ca5b1426-422f-4a4a-9b28-074591595b45","6a52ab3b-f583-4c40-a237-1d54fbe3a4c4","ONAQ_004.mammalGrid.mam","D15","ONAQ","ONAQ_004","F3","distributed","shrubScrub",40.186515,-112.474083,"WGS84",45.1,1718.1,0.1,"1 - trap not set","ShermanXLK","2024-04-12","2024-04-12",,,,,,,,,,,,,,,,,,,,,,,,,,,,,,,,,,,,,,,,,,,,,"0009-0001-2150-8968","0009-0001-2150-8968",,,,,"0f5cc2e3-20f9-4a64-8fc3-8ee1c338e07b"
"432ea36d-0146-49a7-8bb6-5c9160c61867","65dac64e-3317-4e8c-864a-9b8f9439f440","ONAQ_019.mammalGrid.mam","D15","ONAQ","ONAQ_019","C9","distributed","shrubScrub",40.174342,-112.480716,"WGS84",45.1,1724.4,0.1,"1 - trap not set","ShermanXLK","2024-04-12","2024-04-12",,,,,,,,,,,,,,,,,,,,,,,,,,,,,,,,,,,,,,,,,,,,,"0009-0001-2150-8968","0009-0001-2150-8968",,,,,"338c491d-4645-4e97-b813-a50d4309926c"
"989e6974-b043-4821-b8b5-85c7cda465fb","0b6bf725-c8b2-4ddc-8dbc-b265a54d3f72","ONAQ_005.mammalGrid.mam","D15","ONAQ","ONAQ_005","I10","distributed","shrubScrub",40.180753,-112.429727,"WGS84",45.3,1607.9,0.4,"6 - trap set and empty","ShermanXLK","2024-04-12","2024-04-12",,,,,,,,,,,,,,,,,,,,,,,,,,,,,,,,,,,,,,,,,,,,,"0009-0001-2150-8968","0009-0000-7236-0361",,,,,"8a48b63d-ed66-491f-b6da-2a4e7a314b99"
"6e1ab12b-f791-4f52-b4d0-960cae497f43","6a52ab3b-f583-4c40-a237-1d54fbe3a4c4","ONAQ_004.mammalGrid.mam","D15","ONAQ","ONAQ_004","J8","distributed","shrubScrub",40.186515,-112.474083,"WGS84",45.1,1718.1,0.1,"1 - trap not set","ShermanXLK","2024-04-12","2024-04-12",,,,,,,,,,,,,,,,,,,,,,,,,,,,,,,,,,,,,,,,,,,,,"0009-0001-2150-8968","0009-0001-2150-8968",,,,,"80c84e1a-26b4-422c-a9e2-9e430aca66a9"
"786f10fb-39ea-49a1-ad30-8f68a949fd31","694f0351-35af-4538-a55b-6152e8c33959","ONAQ_023.mammalGrid.mam","D15","ONAQ","ONAQ_023","A7","distributed","evergreenForest",40.195079,-112.504944,"WGS84",45.1,1881.2,0.1,"1 - trap not set","ShermanXLK","2024-04-12","2024-04-12",,,,,,,,,,,,,,,,,,,,,,,,,,,,,,,,,,,,,,,,,,,,,"0009-0001-2150-8968","0009-0001-2150-8968",,,,,"2e763bda-bc20-4679-a1e8-fd3dd500a2d5"
"c75191c9-f8e5-444a-91e2-897f405e27ca","1fad8a40-9b3b-4bcf-a532-2a00f8de5f45","ONAQ_003.mammalGrid.mam","D15","ONAQ","ONAQ_003","G5","distributed","shrubScrub",40.206225,-112.428493,"WGS84",45.4,1604.6,0.2,"1 - trap not set","ShermanXLK","2024-04-12","2024-04-12",,,,,,,,,,,,,,,,,,,,,,,,,,,,,"did not check","dry ice",,,,,,,,,,,,,,,"0009-0000-7236-0361","0009-0001-2150-8968",,,,,"34981ba7-f55e-4f42-a8b0-07653a43b073"
"c65935ba-aedb-4d06-a08e-b624f01987f1","1fad8a40-9b3b-4bcf-a532-2a00f8de5f45","ONAQ_003.mammalGrid.mam","D15","ONAQ","ONAQ_003","I10","distributed","shrubScrub",40.206225,-112.428493,"WGS84",45.4,1604.6,0.2,"6 - trap set and empty","ShermanXLK","2024-04-12","2024-04-12",,,,,,,,,,,,,,,,,,,,,,,,,,,,,,,,,,,,,,,,,,,,,"0009-0000-7236-0361","0009-0001-2150-8968",,,,,"eb8dcaf3-f574-4076-9d20-d06ec232c8b1"
"cd341de2-2590-46d2-a8bd-70f865c5e6d1","6a52ab3b-f583-4c40-a237-1d54fbe3a4c4","ONAQ_004.mammalGrid.mam","D15","ONAQ","ONAQ_004","G9","distributed","shrubScrub",40.186515,-112.474083,"WGS84",45.1,1718.1,0.1,"1 - trap not set","ShermanXLK","2024-04-12","2024-04-12",,,,,,,,,,,,,,,,,,,,,,,,,,,,,,,,,,,,,,,,,,,,,"0009-0001-2150-8968","0009-0001-2150-8968",,,,,"9d976c9f-3fab-4ae0-bff0-5993dc703539"
"b3bdceb2-b2be-462c-aa40-c1408a4b47bb","694f0351-35af-4538-a55b-6152e8c33959","ONAQ_023.mammalGrid.mam","D15","ONAQ","ONAQ_023","G9","distributed","evergreenForest",40.195079,-112.504944,"WGS84",45.1,1881.2,0.1,"1 - trap not set","ShermanXLK","2024-04-12","2024-04-12",,,,,,,,,,,,,,,,,,,,,,,,,,,,,,,,,,,,,,,,,,,,,"0009-0001-2150-8968","0009-0001-2150-8968",,,,,"1b37a6cf-8d53-41ea-9785-16779d8935b3"
"eeb98a6c-12f0-494c-979b-4c7703d591a3","0b6bf725-c8b2-4ddc-8dbc-b265a54d3f72","ONAQ_005.mammalGrid.mam","D15","ONAQ","ONAQ_005","B3","distributed","shrubScrub",40.180753,-112.429727,"WGS84",45.3,1607.9,0.4,"6 - trap set and empty","ShermanXLK","2024-04-12","2024-04-12",,,,,,,,,,,,,,,,,,,,,,,,,,,,,,,,,,,,,,,,,,,,,"0009-0001-2150-8968","0009-0000-7236-0361",,,,,"1b9abb32-e8a2-4526-9f05-2d5fd5f48ab9"
"86ffc6cd-6117-4974-b8d9-ae408767752f","65dac64e-3317-4e8c-864a-9b8f9439f440","ONAQ_019.mammalGrid.mam","D15","ONAQ","ONAQ_019","H9","distributed","shrubScrub",40.174342,-112.480716,"WGS84",45.1,1724.4,0.1,"1 - trap not set","ShermanXLK","2024-04-12","2024-04-12",,,,,,,,,,,,,,,,,,,,,,,,,,,,,,,,,,,,,,,,,,,,,"0009-0001-2150-8968","0009-0001-2150-8968",,,,,"5366fb74-d1b3-48da-a0af-d010d6a2770c"
"1a0c3562-69f0-46f1-899f-806bfe68dd0e","5fc1a4da-69be-47d1-8579-eacaf40176e2","ONAQ_020.mammalGrid.mam","D15","ONAQ","ONAQ_020","B2","distributed","shrubScrub",40.183889,-112.436683,"WGS84",45.1,1627.6,0.1,"5 - capture","ShermanXLK","2024-04-12","2024-04-12","NEON.MAM.D15.R5743",,"DIORDIMI","Dipodomys ordii/microps","speciesGroup",,,,,"N","F","N","processed",,"adult",,"nonenlarged","not","neither",,,,,50,"U","U","U",,"did not check","dry ice",,,,,,,,,,,,,,,"0009-0001-5608-8465","0009-0005-2133-045X",,,,,"c4835201-c476-4673-98c3-4f9dc64b7ec6"
"37a9ebff-2c60-4b35-912d-07a95cae2ca8","5fc1a4da-69be-47d1-8579-eacaf40176e2","ONAQ_020.mammalGrid.mam","D15","ONAQ","ONAQ_020","C3","distributed","shrubScrub",40.183889,-112.436683,"WGS84",45.1,1627.6,0.1,"6 - trap set and empty","ShermanXLK","2024-04-12","2024-04-12",,,,,,,,,,,,,,,,,,,,,,,,,,,,,,,,,,,,,,,,,,,,,"0009-0001-5608-8465","0009-0005-2133-045X",,,,,"f4034a43-22fe-4cfc-ad02-4493caddc840"
"e7167db9-cd9e-4808-ac96-fe737eb773fc","6a52ab3b-f583-4c40-a237-1d54fbe3a4c4","ONAQ_004.mammalGrid.mam","D15","ONAQ","ONAQ_004","D5","distributed","shrubScrub",40.186515,-112.474083,"WGS84",45.1,1718.1,0.1,"1 - trap not set","ShermanXLK","2024-04-12","2024-04-12",,,,,,,,,,,,,,,,,,,,,,,,,,,,,,,,,,,,,,,,,,,,,"0009-0001-2150-8968","0009-0001-2150-8968",,,,,"6ccd7f00-7fcf-47eb-a9ea-a4584b5190f5"
"8e8a48cf-91e0-483e-9300-ee226236e7eb","694f0351-35af-4538-a55b-6152e8c33959","ONAQ_023.mammalGrid.mam","D15","ONAQ","ONAQ_023","E10","distributed","evergreenForest",40.195079,-112.504944,"WGS84",45.1,1881.2,0.1,"1 - trap not set","ShermanXLK","2024-04-12","2024-04-12",,,,,,,,,,,,,,,,,,,,,,,,,,,,,,,,,,,,,,,,,,,,,"0009-0001-2150-8968","0009-0001-2150-8968",,,,,"d1195194-6acc-438d-a87b-9e02a85dc69a"
"3ce251bd-6694-4dda-952e-5ab5fbc650f5","1fad8a40-9b3b-4bcf-a532-2a00f8de5f45","ONAQ_003.mammalGrid.mam","D15","ONAQ","ONAQ_003","C2","distributed","shrubScrub",40.206225,-112.428493,"WGS84",45.4,1604.6,0.2,"5 - capture","ShermanXLK","2024-04-12","2024-04-12","NEON.MAM.D15.R5843",,"DIORDIMI","Dipodomys ordii/microps","speciesGroup",,,,,"N","M","N","processed",,"adult","scrotal",,,,,,,,,"U","U","U",,"did not check","dry ice",,,,,,,,,,,,,,,"0009-0000-7236-0361","0009-0001-2150-8968",,,,,"e36b8721-4278-4897-8392-bdd89f312ff8"
"14fd8408-4dad-473c-a4a5-4e6918237699","1fad8a40-9b3b-4bcf-a532-2a00f8de5f45","ONAQ_003.mammalGrid.mam","D15","ONAQ","ONAQ_003","C9","distributed","shrubScrub",40.206225,-112.428493,"WGS84",45.4,1604.6,0.2,"5 - capture","ShermanXLK","2024-04-12","2024-04-12","NEON.MAM.D15.R4940",,"DIORDIMI","Dipodomys ordii/microps","speciesGroup",,,,,"N","F","Y","processed",,"adult",,"enlarged","not","neither",,,,,,"U","U","U",,"did not check","dry ice",,,,,,,,,,,,,,,"0009-0000-7236-0361","0009-0001-2150-8968",,,,,"ea6d26ad-8321-4d25-8768-9397e2a193b1"
"1d6a4558-fb4a-446a-ad0b-1e93734c67c0","694f0351-35af-4538-a55b-6152e8c33959","ONAQ_023.mammalGrid.mam","D15","ONAQ","ONAQ_023","E8","distributed","evergreenForest",40.195079,-112.504944,"WGS84",45.1,1881.2,0.1,"1 - trap not set","ShermanXLK","2024-04-12","2024-04-12",,,,,,,,,,,,,,,,,,,,,,,,,,,,,,,,,,,,,,,,,,,,,"0009-0001-2150-8968","0009-0001-2150-8968",,,,,"e8bdc19e-c68e-4982-9a5d-74778b7ab5a6"
"a73a46fe-0a39-40ef-b03f-4e843083e943","5fc1a4da-69be-47d1-8579-eacaf40176e2","ONAQ_020.mammalGrid.mam","D15","ONAQ","ONAQ_020","J2","distributed","shrubScrub",40.183889,-112.436683,"WGS84",45.1,1627.6,0.1,"5 - capture","ShermanXLK","2024-04-12","2024-04-12","NEON.MAM.D15.R5805",,"PEMA","Peromyscus maniculatus","species",,,,,"N","F","Y","processed",,"adult",,"enlarged","not","swollen",,,,,23,"U","U","U",,"did not check","dry ice",,,,,,,,,,,,,,,"0009-0001-5608-8465","0009-0005-2133-045X",,,,,"b645f2c4-e34a-4022-bc3a-162cb28bea4e"
"29972728-81d4-4df3-9e08-3c5195cc9221","6a52ab3b-f583-4c40-a237-1d54fbe3a4c4","ONAQ_004.mammalGrid.mam","D15","ONAQ","ONAQ_004","J5","distributed","shrubScrub",40.186515,-112.474083,"WGS84",45.1,1718.1,0.1,"1 - trap not set","ShermanXLK","2024-04-12","2024-04-12",,,,,,,,,,,,,,,,,,,,,,,,,,,,,,,,,,,,,,,,,,,,,"0009-0001-2150-8968","0009-0001-2150-8968",,,,,"72e16220-7a6e-4173-8257-b70d7fc36714"
"30119754-a78d-4186-a484-51be0bc082a5","694f0351-35af-4538-a55b-6152e8c33959","ONAQ_023.mammalGrid.mam","D15","ONAQ","ONAQ_023","J4","distributed","evergreenForest",40.195079,-112.504944,"WGS84",45.1,1881.2,0.1,"1 - trap not set","ShermanXLK","2024-04-12","2024-04-12",,,,,,,,,,,,,,,,,,,,,,,,,,,,,,,,,,,,,,,,,,,,,"0009-0001-2150-8968","0009-0001-2150-8968",,,,,"583e070c-8a58-4200-af31-9ec8851697b0"
"181c018d-83d9-4167-95e1-0a3cadf3d971","694f0351-35af-4538-a55b-6152e8c33959","ONAQ_023.mammalGrid.mam","D15","ONAQ","ONAQ_023","H5","distributed","evergreenForest",40.195079,-112.504944,"WGS84",45.1,1881.2,0.1,"1 - trap not set","ShermanXLK","2024-04-12","2024-04-12",,,,,,,,,,,,,,,,,,,,,,,,,,,,,,,,,,,,,,,,,,,,,"0009-0001-2150-8968","0009-0001-2150-8968",,,,,"d934e1fd-b908-4405-ad79-82aafa6ac9ca"
"1ebc7206-8fb4-4549-b6df-b2d47b82d727","5fc1a4da-69be-47d1-8579-eacaf40176e2","ONAQ_020.mammalGrid.mam","D15","ONAQ","ONAQ_020","E10","distributed","shrubScrub",40.183889,-112.436683,"WGS84",45.1,1627.6,0.1,"1 - trap not set","ShermanXLK","2024-04-12","2024-04-12",,,,,,,,,,,,,,,,,,,,,,,,,,,,,"did not check","dry ice",,,,,,,,,,,,,,,"0009-0001-5608-8465","0009-0005-2133-045X",,,,,"41836b1a-fde9-4c65-8b40-9621af250134"
"148769d4-1d9d-4540-bf8c-f10290bbafe2","1fad8a40-9b3b-4bcf-a532-2a00f8de5f45","ONAQ_003.mammalGrid.mam","D15","ONAQ","ONAQ_003","A9","distributed","shrubScrub",40.206225,-112.428493,"WGS84",45.4,1604.6,0.2,"5 - capture","ShermanXLK","2024-04-12","2024-04-12","NEON.MAM.D15.R4945",,"DIORDIMI","Dipodomys ordii/microps","speciesGroup",,,,,"N","M","Y","processed",,"adult","scrotal",,,,,,,,,"U","U","U",,"did not check","dry ice",,,,,,,,,,,,,,,"0009-0000-7236-0361","0009-0001-2150-8968",,,,,"4aca4ced-1a00-40c4-afa3-8998e84128e8"
"b8814bb1-39a1-441b-9824-60fe7269f0a7","694f0351-35af-4538-a55b-6152e8c33959","ONAQ_023.mammalGrid.mam","D15","ONAQ","ONAQ_023","E7","distributed","evergreenForest",40.195079,-112.504944,"WGS84",45.1,1881.2,0.1,"1 - trap not set","ShermanXLK","2024-04-12","2024-04-12",,,,,,,,,,,,,,,,,,,,,,,,,,,,,,,,,,,,,,,,,,,,,"0009-0001-2150-8968","0009-0001-2150-8968",,,,,"c97a2600-9911-49cf-a475-a314253d3e77"
"2702271d-9287-4941-83b0-ffa31fb637a5","0b6bf725-c8b2-4ddc-8dbc-b265a54d3f72","ONAQ_005.mammalGrid.mam","D15","ONAQ","ONAQ_005","F4","distributed","shrubScrub",40.180753,-112.429727,"WGS84",45.3,1607.9,0.4,"5 - capture","ShermanXLK","2024-04-12","2024-04-12","NEON.MAM.D15.R5645",,"DIORDIMI","Dipodomys ordii/microps","speciesGroup",,,,,"N","M","N","processed",,"adult","scrotal",,,,,,,,56,"U","U","U",,"did not check","dry ice",,,,,,,,,,,,,,,"0009-0001-2150-8968","0009-0000-7236-0361",,,,,"426d4834-ca07-4d20-b420-d6d04b253b8e"
"8dc22a9f-4f99-48f7-83e1-8b90b3a2846e","5fc1a4da-69be-47d1-8579-eacaf40176e2","ONAQ_020.mammalGrid.mam","D15","ONAQ","ONAQ_020","B6","distributed","shrubScrub",40.183889,-112.436683,"WGS84",45.1,1627.6,0.1,"6 - trap set and empty","ShermanXLK","2024-04-12","2024-04-12",,,,,,,,,,,,,,,,,,,,,,,,,,,,,,,,,,,,,,,,,,,,,"0009-0001-5608-8465","0009-0005-2133-045X",,,,,"7483286a-ec68-471e-94aa-b6b8d07a1856"
"551a24d9-cdaf-4efb-a083-41150edabbd8","1fad8a40-9b3b-4bcf-a532-2a00f8de5f45","ONAQ_003.mammalGrid.mam","D15","ONAQ","ONAQ_003","E1","distributed","shrubScrub",40.206225,-112.428493,"WGS84",45.4,1604.6,0.2,"1 - trap not set","ShermanXLK","2024-04-12","2024-04-12",,,,,,,,,,,,,,,,,,,,,,,,,,,,,"did not check","dry ice",,,,,,,,,,,,,,,"0009-0000-7236-0361","0009-0001-2150-8968",,,,,"0fe96297-90a2-439a-a1e5-4d6dc61dced8"
"bda88a21-f4f7-4928-8fb1-4c7d36450dc1","5fc1a4da-69be-47d1-8579-eacaf40176e2","ONAQ_020.mammalGrid.mam","D15","ONAQ","ONAQ_020","J5","distributed","shrubScrub",40.183889,-112.436683,"WGS84",45.1,1627.6,0.1,"5 - capture","ShermanXLK","2024-04-12","2024-04-12","NEON.MAM.D15.R5734",,"TAMI","Tamias minimus","species","cf. species",,,,"N","F","N","processed",,"adult",,"enlarged","not","neither",,,,,51,"U","U","U",,"did not check","dry ice",,,,,,,,,,,,,,,"0009-0001-5608-8465","0009-0005-2133-045X",,,,,"7d5ff682-932d-46bd-a75b-1bce84a8c0f0"
"995b85b3-5dd4-4112-8e0d-f66d50ad7692","5fc1a4da-69be-47d1-8579-eacaf40176e2","ONAQ_020.mammalGrid.mam","D15","ONAQ","ONAQ_020","J7","distributed","shrubScrub",40.183889,-112.436683,"WGS84",45.1,1627.6,0.1,"5 - capture","ShermanXLK","2024-04-12","2024-04-12","NEON.MAM.D15.R5756",,"PEMA","Peromyscus maniculatus","species",,,,,"N","M","Y","processed",,"adult","nonscrotal",,,,,,,,22,"U","U","U",,"did not check","dry ice",,,,,,,,,,,,,,,"0009-0001-5608-8465","0009-0005-2133-045X",,,,,"1cb2e4d8-8de3-491d-aa0e-26c1b93a96b9"
"069ce4b0-360a-4c71-b3b1-bdaeb194b8ec","6a52ab3b-f583-4c40-a237-1d54fbe3a4c4","ONAQ_004.mammalGrid.mam","D15","ONAQ","ONAQ_004","A2","distributed","shrubScrub",40.186515,-112.474083,"WGS84",45.1,1718.1,0.1,"1 - trap not set","ShermanXLK","2024-04-12","2024-04-12",,,,,,,,,,,,,,,,,,,,,,,,,,,,,,,,,,,,,,,,,,,,,"0009-0001-2150-8968","0009-0001-2150-8968",,,,,"d4a21afe-c1c3-4016-a5d8-40e356cd339a"
"9a0c5213-5c0c-4447-8dd4-9ebc0bdaadc0","6a52ab3b-f583-4c40-a237-1d54fbe3a4c4","ONAQ_004.mammalGrid.mam","D15","ONAQ","ONAQ_004","C6","distributed","shrubScrub",40.186515,-112.474083,"WGS84",45.1,1718.1,0.1,"1 - trap not set","ShermanXLK","2024-04-12","2024-04-12",,,,,,,,,,,,,,,,,,,,,,,,,,,,,,,,,,,,,,,,,,,,,"0009-0001-2150-8968","0009-0001-2150-8968",,,,,"24a76a24-87c0-4a63-a6a3-fcf560342442"
"16e20d40-e9a7-40f4-a717-a0e3feccf3ac","694f0351-35af-4538-a55b-6152e8c33959","ONAQ_023.mammalGrid.mam","D15","ONAQ","ONAQ_023","H4","distributed","evergreenForest",40.195079,-112.504944,"WGS84",45.1,1881.2,0.1,"1 - trap not set","ShermanXLK","2024-04-12","2024-04-12",,,,,,,,,,,,,,,,,,,,,,,,,,,,,,,,,,,,,,,,,,,,,"0009-0001-2150-8968","0009-0001-2150-8968",,,,,"10e95374-948e-49ae-904b-b6b1ff108804"
"fd482bc7-a3ce-4690-ad48-f7868bb9d02a","694f0351-35af-4538-a55b-6152e8c33959","ONAQ_023.mammalGrid.mam","D15","ONAQ","ONAQ_023","E6","distributed","evergreenForest",40.195079,-112.504944,"WGS84",45.1,1881.2,0.1,"1 - trap not set","ShermanXLK","2024-04-12","2024-04-12",,,,,,,,,,,,,,,,,,,,,,,,,,,,,,,,,,,,,,,,,,,,,"0009-0001-2150-8968","0009-0001-2150-8968",,,,,"7e5ebe37-fedc-45df-9517-0e7a8b270cd2"
"799c8c7a-5f40-418a-b55e-270eeaef783d","0b6bf725-c8b2-4ddc-8dbc-b265a54d3f72","ONAQ_005.mammalGrid.mam","D15","ONAQ","ONAQ_005","B8","distributed","shrubScrub",40.180753,-112.429727,"WGS84",45.3,1607.9,0.4,"5 - capture","ShermanXLK","2024-04-12","2024-04-12","NEON.MAM.D15.R5602",,"PEMA","Peromyscus maniculatus","species",,,,,"N","U","Y","processed",,"adult",,,,,,,,,,"U","U","U",,"did not check","dry ice",,,,,,,,,,,,,,,"0009-0001-2150-8968","0009-0000-7236-0361",,,,,"172feb55-8fe0-42a6-b887-f9294b856a66"
"9b63181a-5624-459d-a31f-8b1a49bd0475","5fc1a4da-69be-47d1-8579-eacaf40176e2","ONAQ_020.mammalGrid.mam","D15","ONAQ","ONAQ_020","J1","distributed","shrubScrub",40.183889,-112.436683,"WGS84",45.1,1627.6,0.1,"5 - capture","ShermanXLK","2024-04-12","2024-04-12","NEON.MAM.D15.R5768",,"PEMA","Peromyscus maniculatus","species",,,,,"N","F","Y","processed",,"adult",,"unknown","not","neither",,,,,17,"U","U","U",,"did not check","dry ice",,,,,,,,,,,,,,,"0009-0001-5608-8465","0009-0005-2133-045X",,,,,"4d539133-05eb-4188-b92f-40b8f1da1984"
"f7f3c053-a02a-48a9-8991-cc8d53d12a18","65dac64e-3317-4e8c-864a-9b8f9439f440","ONAQ_019.mammalGrid.mam","D15","ONAQ","ONAQ_019","G4","distributed","shrubScrub",40.174342,-112.480716,"WGS84",45.1,1724.4,0.1,"1 - trap not set","ShermanXLK","2024-04-12","2024-04-12",,,,,,,,,,,,,,,,,,,,,,,,,,,,,,,,,,,,,,,,,,,,,"0009-0001-2150-8968","0009-0001-2150-8968",,,,,"cf99d8ed-99bd-43f5-9145-6100ba8738c8"
"d5da1e51-ab40-4806-8b74-e7206ebc4c22","65dac64e-3317-4e8c-864a-9b8f9439f440","ONAQ_019.mammalGrid.mam","D15","ONAQ","ONAQ_019","C4","distributed","shrubScrub",40.174342,-112.480716,"WGS84",45.1,1724.4,0.1,"1 - trap not set","ShermanXLK","2024-04-12","2024-04-12",,,,,,,,,,,,,,,,,,,,,,,,,,,,,,,,,,,,,,,,,,,,,"0009-0001-2150-8968","0009-0001-2150-8968",,,,,"74220448-d20b-4021-9758-d7847b9a93c1"
"528ee75b-925b-41c2-a1fd-c50db71bc3f5","694f0351-35af-4538-a55b-6152e8c33959","ONAQ_023.mammalGrid.mam","D15","ONAQ","ONAQ_023","I9","distributed","evergreenForest",40.195079,-112.504944,"WGS84",45.1,1881.2,0.1,"1 - trap not set","ShermanXLK","2024-04-12","2024-04-12",,,,,,,,,,,,,,,,,,,,,,,,,,,,,,,,,,,,,,,,,,,,,"0009-0001-2150-8968","0009-0001-2150-8968",,,,,"f3d550bc-56ac-4897-9624-7c2c36ca405d"
"6e023771-cc9f-4b35-8272-a473268a4cdb","694f0351-35af-4538-a55b-6152e8c33959","ONAQ_023.mammalGrid.mam","D15","ONAQ","ONAQ_023","F1","distributed","evergreenForest",40.195079,-112.504944,"WGS84",45.1,1881.2,0.1,"1 - trap not set","ShermanXLK","2024-04-12","2024-04-12",,,,,,,,,,,,,,,,,,,,,,,,,,,,,,,,,,,,,,,,,,,,,"0009-0001-2150-8968","0009-0001-2150-8968",,,,,"758d59be-bd54-483c-a02b-f141f29d7e39"
"5a47d6b8-3032-416b-851f-325cb6757eab","65dac64e-3317-4e8c-864a-9b8f9439f440","ONAQ_019.mammalGrid.mam","D15","ONAQ","ONAQ_019","G1","distributed","shrubScrub",40.174342,-112.480716,"WGS84",45.1,1724.4,0.1,"1 - trap not set","ShermanXLK","2024-04-12","2024-04-12",,,,,,,,,,,,,,,,,,,,,,,,,,,,,,,,,,,,,,,,,,,,,"0009-0001-2150-8968","0009-0001-2150-8968",,,,,"5f859b17-f4fd-4a77-90c9-441207f27378"
"d92018d7-7063-48f0-8f59-62d83fdfad60","5fc1a4da-69be-47d1-8579-eacaf40176e2","ONAQ_020.mammalGrid.mam","D15","ONAQ","ONAQ_020","C10","distributed","shrubScrub",40.183889,-112.436683,"WGS84",45.1,1627.6,0.1,"6 - trap set and empty","ShermanXLK","2024-04-12","2024-04-12",,,,,,,,,,,,,,,,,,,,,,,,,,,,,,,,,,,,,,,,,,,,,"0009-0001-5608-8465","0009-0005-2133-045X",,,,,"2427f47d-77ee-4c37-93ae-f5313ff166a4"
"6b730c40-c969-429e-a5ce-f0c9bed0b07b","5fc1a4da-69be-47d1-8579-eacaf40176e2","ONAQ_020.mammalGrid.mam","D15","ONAQ","ONAQ_020","I6","distributed","shrubScrub",40.183889,-112.436683,"WGS84",45.1,1627.6,0.1,"5 - capture","ShermanXLK","2024-04-12","2024-04-12","NEON.MAM.D15.R5752",,"PEMA","Peromyscus maniculatus","species",,,,,"N","M","Y","processed",,"adult","nonscrotal",,,,,,,,17,"U","U","U",,"did not check","dry ice",,,,,,,,,,,,,,,"0009-0001-5608-8465","0009-0005-2133-045X",,,,,"3efcfa4f-1b70-4b73-aa3f-f61b05f63954"
"ed118081-e96d-4951-bc4b-f652ff038c28","65dac64e-3317-4e8c-864a-9b8f9439f440","ONAQ_019.mammalGrid.mam","D15","ONAQ","ONAQ_019","H4","distributed","shrubScrub",40.174342,-112.480716,"WGS84",45.1,1724.4,0.1,"1 - trap not set","ShermanXLK","2024-04-12","2024-04-12",,,,,,,,,,,,,,,,,,,,,,,,,,,,,,,,,,,,,,,,,,,,,"0009-0001-2150-8968","0009-0001-2150-8968",,,,,"8c733c5f-4f14-4eba-8855-1abb981f7db7"
"47e1cb44-fccc-424b-b7a4-5d0d82dce095","1fad8a40-9b3b-4bcf-a532-2a00f8de5f45","ONAQ_003.mammalGrid.mam","D15","ONAQ","ONAQ_003","B3","distributed","shrubScrub",40.206225,-112.428493,"WGS84",45.4,1604.6,0.2,"6 - trap set and empty","ShermanXLK","2024-04-12","2024-04-12",,,,,,,,,,,,,,,,,,,,,,,,,,,,,,,,,,,,,,,,,,,,,"0009-0000-7236-0361","0009-0001-2150-8968",,,,,"fbb68902-1f5b-44a5-925b-3f43c9b1ca16"
"640fe6b8-7b47-4d77-b74e-7bd9b9ac3b8d","65dac64e-3317-4e8c-864a-9b8f9439f440","ONAQ_019.mammalGrid.mam","D15","ONAQ","ONAQ_019","G10","distributed","shrubScrub",40.174342,-112.480716,"WGS84",45.1,1724.4,0.1,"1 - trap not set","ShermanXLK","2024-04-12","2024-04-12",,,,,,,,,,,,,,,,,,,,,,,,,,,,,,,,,,,,,,,,,,,,,"0009-0001-2150-8968","0009-0001-2150-8968",,,,,"713d08dd-329c-4382-b544-3c5f13409732"
"6a6f3cf3-947a-4b04-923a-010771471d8d","0b6bf725-c8b2-4ddc-8dbc-b265a54d3f72","ONAQ_005.mammalGrid.mam","D15","ONAQ","ONAQ_005","D5","distributed","shrubScrub",40.180753,-112.429727,"WGS84",45.3,1607.9,0.4,"6 - trap set and empty","ShermanXLK","2024-04-12","2024-04-12",,,,,,,,,,,,,,,,,,,,,,,,,,,,,,,,,,,,,,,,,,,,,"0009-0001-2150-8968","0009-0000-7236-0361",,,,,"60cdc2cd-7da2-46de-8ab3-97b327578fb3"
"9c37e26b-8e71-43d1-88a2-ff42d250cc5a","65dac64e-3317-4e8c-864a-9b8f9439f440","ONAQ_019.mammalGrid.mam","D15","ONAQ","ONAQ_019","I9","distributed","shrubScrub",40.174342,-112.480716,"WGS84",45.1,1724.4,0.1,"1 - trap not set","ShermanXLK","2024-04-12","2024-04-12",,,,,,,,,,,,,,,,,,,,,,,,,,,,,,,,,,,,,,,,,,,,,"0009-0001-2150-8968","0009-0001-2150-8968",,,,,"83a2871c-9691-4e0c-bcf1-a6b9aa97351c"
"8aa3f834-b527-4719-a6b6-538f94c1d1c6","65dac64e-3317-4e8c-864a-9b8f9439f440","ONAQ_019.mammalGrid.mam","D15","ONAQ","ONAQ_019","B4","distributed","shrubScrub",40.174342,-112.480716,"WGS84",45.1,1724.4,0.1,"1 - trap not set","ShermanXLK","2024-04-12","2024-04-12",,,,,,,,,,,,,,,,,,,,,,,,,,,,,,,,,,,,,,,,,,,,,"0009-0001-2150-8968","0009-0001-2150-8968",,,,,"ec3a315b-6b22-4994-9d88-d744c87b0aca"
"77a74573-1056-40ad-b596-a5a3a508a46c","1fad8a40-9b3b-4bcf-a532-2a00f8de5f45","ONAQ_003.mammalGrid.mam","D15","ONAQ","ONAQ_003","I8","distributed","shrubScrub",40.206225,-112.428493,"WGS84",45.4,1604.6,0.2,"5 - capture","ShermanXLK","2024-04-12","2024-04-12","NEON.MAM.D15.R6093",,"PEMA","Peromyscus maniculatus","species",,,,,"N","F","Y","processed",,"adult",,"nonenlarged","not","neither",,,,,,"U","U","U",,"did not check","dry ice",,,,,,,,,,,,,,,"0009-0000-7236-0361","0009-0001-2150-8968",,,,,"dd56c043-fe77-4055-8ccf-dac6da61485a"
"02005f79-5bca-43ca-ac39-f76610c4cd47","6a52ab3b-f583-4c40-a237-1d54fbe3a4c4","ONAQ_004.mammalGrid.mam","D15","ONAQ","ONAQ_004","D4","distributed","shrubScrub",40.186515,-112.474083,"WGS84",45.1,1718.1,0.1,"1 - trap not set","ShermanXLK","2024-04-12","2024-04-12",,,,,,,,,,,,,,,,,,,,,,,,,,,,,,,,,,,,,,,,,,,,,"0009-0001-2150-8968","0009-0001-2150-8968",,,,,"d37dfd8c-32dd-4fef-99c5-778249bd21c4"
"db010ef5-6258-4ebb-95ea-b8f0efedd421","5fc1a4da-69be-47d1-8579-eacaf40176e2","ONAQ_020.mammalGrid.mam","D15","ONAQ","ONAQ_020","B7","distributed","shrubScrub",40.183889,-112.436683,"WGS84",45.1,1627.6,0.1,"6 - trap set and empty","ShermanXLK","2024-04-12","2024-04-12",,,,,,,,,,,,,,,,,,,,,,,,,,,,,,,,,,,,,,,,,,,,,"0009-0001-5608-8465","0009-0005-2133-045X",,,,,"3ea6af9d-8962-417c-8818-c26a2e39877c"
"d724457e-743c-4fd5-bf73-32d9b387debc","0b6bf725-c8b2-4ddc-8dbc-b265a54d3f72","ONAQ_005.mammalGrid.mam","D15","ONAQ","ONAQ_005","E8","distributed","shrubScrub",40.180753,-112.429727,"WGS84",45.3,1607.9,0.4,"1 - trap not set","ShermanXLK","2024-04-12","2024-04-12",,,,,,,,,,,,,,,,,,,,,,,,,,,,,"did not check","dry ice",,,,,,,,,,,,,,,"0009-0001-2150-8968","0009-0000-7236-0361",,,,,"fd05dcf5-b9ce-45e1-a0d5-dba1e94521ac"
"68fb78c6-0add-40ed-860a-2d6bc8e4bf5a","0b6bf725-c8b2-4ddc-8dbc-b265a54d3f72","ONAQ_005.mammalGrid.mam","D15","ONAQ","ONAQ_005","F7","distributed","shrubScrub",40.180753,-112.429727,"WGS84",45.3,1607.9,0.4,"5 - capture","ShermanXLK","2024-04-12","2024-04-12","NEON.MAM.D15.442813",,"PEPA","Perognathus parvus","species",,,,,"N","U","Y","processed",,"adult",,,,,,,,,,"U","U","U",,"did not check","dry ice",,,,,,,,,,,,,,,"0009-0001-2150-8968","0009-0000-7236-0361",,,,,"f883b9ab-534e-4bde-9438-92c442d6aaac"
"9e5f7fca-3097-49d4-9340-71e6583e6d44","6a52ab3b-f583-4c40-a237-1d54fbe3a4c4","ONAQ_004.mammalGrid.mam","D15","ONAQ","ONAQ_004","I10","distributed","shrubScrub",40.186515,-112.474083,"WGS84",45.1,1718.1,0.1,"1 - trap not set","ShermanXLK","2024-04-12","2024-04-12",,,,,,,,,,,,,,,,,,,,,,,,,,,,,,,,,,,,,,,,,,,,,"0009-0001-2150-8968","0009-0001-2150-8968",,,,,"f36c5809-cc69-40b7-ae69-806e94363965"
"a80a9a9c-56bd-498b-bf74-8463565612d0","694f0351-35af-4538-a55b-6152e8c33959","ONAQ_023.mammalGrid.mam","D15","ONAQ","ONAQ_023","I7","distributed","evergreenForest",40.195079,-112.504944,"WGS84",45.1,1881.2,0.1,"1 - trap not set","ShermanXLK","2024-04-12","2024-04-12",,,,,,,,,,,,,,,,,,,,,,,,,,,,,,,,,,,,,,,,,,,,,"0009-0001-2150-8968","0009-0001-2150-8968",,,,,"9d79f020-2718-4d6b-bd8c-bcdb3083adbd"
"2eb628b1-1bf4-4cf7-b5b9-2bd6546e970c","65dac64e-3317-4e8c-864a-9b8f9439f440","ONAQ_019.mammalGrid.mam","D15","ONAQ","ONAQ_019","I2","distributed","shrubScrub",40.174342,-112.480716,"WGS84",45.1,1724.4,0.1,"1 - trap not set","ShermanXLK","2024-04-12","2024-04-12",,,,,,,,,,,,,,,,,,,,,,,,,,,,,,,,,,,,,,,,,,,,,"0009-0001-2150-8968","0009-0001-2150-8968",,,,,"00d08f99-86b4-49c5-b594-cafc490700a2"
"ffed8943-7115-47f4-a931-97ed5864471c","6a52ab3b-f583-4c40-a237-1d54fbe3a4c4","ONAQ_004.mammalGrid.mam","D15","ONAQ","ONAQ_004","H9","distributed","shrubScrub",40.186515,-112.474083,"WGS84",45.1,1718.1,0.1,"1 - trap not set","ShermanXLK","2024-04-12","2024-04-12",,,,,,,,,,,,,,,,,,,,,,,,,,,,,,,,,,,,,,,,,,,,,"0009-0001-2150-8968","0009-0001-2150-8968",,,,,"2f8206a8-d2c4-4f6d-acc7-926b15d02013"
"8ab90b74-1dcc-44b7-a20d-9b9016d22f6e","1fad8a40-9b3b-4bcf-a532-2a00f8de5f45","ONAQ_003.mammalGrid.mam","D15","ONAQ","ONAQ_003","J7","distributed","shrubScrub",40.206225,-112.428493,"WGS84",45.4,1604.6,0.2,"5 - capture","ShermanXLK","2024-04-12","2024-04-12","NEON.MAM.D15.R5681",,"DIORDIMI","Dipodomys ordii/microps","speciesGroup",,,,,"N","M","Y","processed",,"adult","scrotal",,,,,,,,,"U","U","U",,"did not check","dry ice",,,,,,,,,,,,,,,"0009-0000-7236-0361","0009-0001-2150-8968",,,,,"ecbd9d07-6650-4df2-84f3-fbf95afdcc3b"
"291ba8ca-6739-4941-aa4e-f1054f6f27a1","65dac64e-3317-4e8c-864a-9b8f9439f440","ONAQ_019.mammalGrid.mam","D15","ONAQ","ONAQ_019","J2","distributed","shrubScrub",40.174342,-112.480716,"WGS84",45.1,1724.4,0.1,"1 - trap not set","ShermanXLK","2024-04-12","2024-04-12",,,,,,,,,,,,,,,,,,,,,,,,,,,,,,,,,,,,,,,,,,,,,"0009-0001-2150-8968","0009-0001-2150-8968",,,,,"146a6426-36d3-4390-88e3-92e4e60606b6"
"4594e210-88fe-4446-a411-2b14e43dd990","1fad8a40-9b3b-4bcf-a532-2a00f8de5f45","ONAQ_003.mammalGrid.mam","D15","ONAQ","ONAQ_003","E8","distributed","shrubScrub",40.206225,-112.428493,"WGS84",45.4,1604.6,0.2,"1 - trap not set","ShermanXLK","2024-04-12","2024-04-12",,,,,,,,,,,,,,,,,,,,,,,,,,,,,"did not check","dry ice",,,,,,,,,,,,,,,"0009-0000-7236-0361","0009-0001-2150-8968",,,,,"56669b15-8581-47c7-a0b2-466a723bbf21"
"8226662f-751f-4f7a-824e-2c474b99c86f","6a52ab3b-f583-4c40-a237-1d54fbe3a4c4","ONAQ_004.mammalGrid.mam","D15","ONAQ","ONAQ_004","A8","distributed","shrubScrub",40.186515,-112.474083,"WGS84",45.1,1718.1,0.1,"1 - trap not set","ShermanXLK","2024-04-12","2024-04-12",,,,,,,,,,,,,,,,,,,,,,,,,,,,,,,,,,,,,,,,,,,,,"0009-0001-2150-8968","0009-0001-2150-8968",,,,,"69e8973d-a5f8-42bc-9995-bda44d8bf727"
"bb3adf02-0a0b-45ba-bccc-b61268254d60","1fad8a40-9b3b-4bcf-a532-2a00f8de5f45","ONAQ_003.mammalGrid.mam","D15","ONAQ","ONAQ_003","I5","distributed","shrubScrub",40.206225,-112.428493,"WGS84",45.4,1604.6,0.2,"5 - capture","ShermanXLK","2024-04-12","2024-04-12","NEON.MAM.D15.R5605",,"DIORDIMI","Dipodomys ordii/microps","speciesGroup",,,,,"N","F","N","processed",,"adult",,"enlarged","not","swollen",,,,,,"U","U","U",,"did not check","dry ice",,,,,,,,,,,,,,,"0009-0000-7236-0361","0009-0001-2150-8968",,,,,"ad7e2b3b-4dcb-4f48-952e-0e588ec0b9e1"
"daf94ca0-5b60-4545-9e9c-510ae92beac0","6a52ab3b-f583-4c40-a237-1d54fbe3a4c4","ONAQ_004.mammalGrid.mam","D15","ONAQ","ONAQ_004","B9","distributed","shrubScrub",40.186515,-112.474083,"WGS84",45.1,1718.1,0.1,"1 - trap not set","ShermanXLK","2024-04-12","2024-04-12",,,,,,,,,,,,,,,,,,,,,,,,,,,,,,,,,,,,,,,,,,,,,"0009-0001-2150-8968","0009-0001-2150-8968",,,,,"f988c16b-609b-4571-a634-93eea911bc44"
"d10b542f-ebb5-47ae-b562-03b3bde82ee2","0b6bf725-c8b2-4ddc-8dbc-b265a54d3f72","ONAQ_005.mammalGrid.mam","D15","ONAQ","ONAQ_005","A2","distributed","shrubScrub",40.180753,-112.429727,"WGS84",45.3,1607.9,0.4,"5 - capture","ShermanXLK","2024-04-12","2024-04-12","NEON.MAM.D15.R5779",,"DIORDIMI","Dipodomys ordii/microps","speciesGroup",,,,,"N","U","N","processed",,"unknown",,,,,,,,,,"U","U","U",,"did not check","dry ice",,,,,,,,,,,,,,,"0009-0001-2150-8968","0009-0000-7236-0361",,,,,"ce4b6aaa-9eb5-447b-b048-6933bf95af92"
"dfe733f5-f685-4697-85d2-2909f9be7902","65dac64e-3317-4e8c-864a-9b8f9439f440","ONAQ_019.mammalGrid.mam","D15","ONAQ","ONAQ_019","E8","distributed","shrubScrub",40.174342,-112.480716,"WGS84",45.1,1724.4,0.1,"1 - trap not set","ShermanXLK","2024-04-12","2024-04-12",,,,,,,,,,,,,,,,,,,,,,,,,,,,,,,,,,,,,,,,,,,,,"0009-0001-2150-8968","0009-0001-2150-8968",,,,,"860081bb-6bf4-4a14-a332-97dce0bf7947"
"f27dff96-2f3a-4952-8e03-6fd752510b35","6a52ab3b-f583-4c40-a237-1d54fbe3a4c4","ONAQ_004.mammalGrid.mam","D15","ONAQ","ONAQ_004","B2","distributed","shrubScrub",40.186515,-112.474083,"WGS84",45.1,1718.1,0.1,"1 - trap not set","ShermanXLK","2024-04-12","2024-04-12",,,,,,,,,,,,,,,,,,,,,,,,,,,,,,,,,,,,,,,,,,,,,"0009-0001-2150-8968","0009-0001-2150-8968",,,,,"f8b81c15-8d51-4746-9024-a8f4edac9c6f"
"1d712770-143d-4ae8-ad0d-3b1a131b96be","1fad8a40-9b3b-4bcf-a532-2a00f8de5f45","ONAQ_003.mammalGrid.mam","D15","ONAQ","ONAQ_003","A3","distributed","shrubScrub",40.206225,-112.428493,"WGS84",45.4,1604.6,0.2,"6 - trap set and empty","ShermanXLK","2024-04-12","2024-04-12",,,,,,,,,,,,,,,,,,,,,,,,,,,,,,,,,,,,,,,,,,,,,"0009-0000-7236-0361","0009-0001-2150-8968",,,,,"e37c76bb-ba8c-499c-a464-fe586bc226cb"
"2793f540-a821-4e77-a65e-912d935c287f","6a52ab3b-f583-4c40-a237-1d54fbe3a4c4","ONAQ_004.mammalGrid.mam","D15","ONAQ","ONAQ_004","B4","distributed","shrubScrub",40.186515,-112.474083,"WGS84",45.1,1718.1,0.1,"1 - trap not set","ShermanXLK","2024-04-12","2024-04-12",,,,,,,,,,,,,,,,,,,,,,,,,,,,,,,,,,,,,,,,,,,,,"0009-0001-2150-8968","0009-0001-2150-8968",,,,,"cd5e3dcd-d4b4-4e79-962b-7cf48e87c509"
"54387e09-0c68-4e6f-980a-902d955396a2","1fad8a40-9b3b-4bcf-a532-2a00f8de5f45","ONAQ_003.mammalGrid.mam","D15","ONAQ","ONAQ_003","C1","distributed","shrubScrub",40.206225,-112.428493,"WGS84",45.4,1604.6,0.2,"6 - trap set and empty","ShermanXLK","2024-04-12","2024-04-12",,,,,,,,,,,,,,,,,,,,,,,,,,,,,,,,,,,,,,,,,,,,,"0009-0000-7236-0361","0009-0001-2150-8968",,,,,"d458f60e-915f-4377-bea6-bed13bc11095"
"6928f071-cc2a-47c7-b396-364d31d285b6","65dac64e-3317-4e8c-864a-9b8f9439f440","ONAQ_019.mammalGrid.mam","D15","ONAQ","ONAQ_019","H10","distributed","shrubScrub",40.174342,-112.480716,"WGS84",45.1,1724.4,0.1,"1 - trap not set","ShermanXLK","2024-04-12","2024-04-12",,,,,,,,,,,,,,,,,,,,,,,,,,,,,,,,,,,,,,,,,,,,,"0009-0001-2150-8968","0009-0001-2150-8968",,,,,"729b5a20-8a4f-403d-a5df-7eb3c0c9277b"
"d7d43e93-c72c-4e4a-b77d-54d11a57f832","65dac64e-3317-4e8c-864a-9b8f9439f440","ONAQ_019.mammalGrid.mam","D15","ONAQ","ONAQ_019","B1","distributed","shrubScrub",40.174342,-112.480716,"WGS84",45.1,1724.4,0.1,"1 - trap not set","ShermanXLK","2024-04-12","2024-04-12",,,,,,,,,,,,,,,,,,,,,,,,,,,,,,,,,,,,,,,,,,,,,"0009-0001-2150-8968","0009-0001-2150-8968",,,,,"e62182d0-c6b5-4a10-b2c0-67e48a7b5d00"
"af885b38-a171-4ca8-bd3c-6f19d6940020","0b6bf725-c8b2-4ddc-8dbc-b265a54d3f72","ONAQ_005.mammalGrid.mam","D15","ONAQ","ONAQ_005","J1","distributed","shrubScrub",40.180753,-112.429727,"WGS84",45.3,1607.9,0.4,"5 - capture","ShermanXLK","2024-04-12","2024-04-12","NEON.MAM.D15.R5733",,"DIORDIMI","Dipodomys ordii/microps","speciesGroup",,,,,"N","M","N","processed",,"adult","nonscrotal",,,,,,,,42,"U","U","U",,"did not check","dry ice",,,,,,,,,,,,,,,"0009-0001-2150-8968","0009-0000-7236-0361",,,,,"472e93a7-2f76-43e3-a01d-f9fc254e5e80"
"e603e107-fcdb-4711-9f3b-df9be40dda8e","5fc1a4da-69be-47d1-8579-eacaf40176e2","ONAQ_020.mammalGrid.mam","D15","ONAQ","ONAQ_020","H9","distributed","shrubScrub",40.183889,-112.436683,"WGS84",45.1,1627.6,0.1,"6 - trap set and empty","ShermanXLK","2024-04-12","2024-04-12",,,,,,,,,,,,,,,,,,,,,,,,,,,,,,,,,,,,,,,,,,,,,"0009-0001-5608-8465","0009-0005-2133-045X",,,,,"87861654-19ff-46b0-bbef-507aa719f0fe"
"b35f7155-62ee-4f53-a069-185b30be9d6a","5fc1a4da-69be-47d1-8579-eacaf40176e2","ONAQ_020.mammalGrid.mam","D15","ONAQ","ONAQ_020","E1","distributed","shrubScrub",40.183889,-112.436683,"WGS84",45.1,1627.6,0.1,"1 - trap not set","ShermanXLK","2024-04-12","2024-04-12",,,,,,,,,,,,,,,,,,,,,,,,,,,,,"did not check","dry ice",,,,,,,,,,,,,,,"0009-0001-5608-8465","0009-0005-2133-045X",,,,,"1156524f-2633-4042-88da-6dfeae6734a0"
"5383ba7e-aa03-4dc6-adb1-d62a222415f0","6a52ab3b-f583-4c40-a237-1d54fbe3a4c4","ONAQ_004.mammalGrid.mam","D15","ONAQ","ONAQ_004","D8","distributed","shrubScrub",40.186515,-112.474083,"WGS84",45.1,1718.1,0.1,"1 - trap not set","ShermanXLK","2024-04-12","2024-04-12",,,,,,,,,,,,,,,,,,,,,,,,,,,,,,,,,,,,,,,,,,,,,"0009-0001-2150-8968","0009-0001-2150-8968",,,,,"06919258-0279-4c26-964d-6cfdb8beb363"
"b51cd9d1-24ab-4cc0-8d34-542d47f1da5a","1fad8a40-9b3b-4bcf-a532-2a00f8de5f45","ONAQ_003.mammalGrid.mam","D15","ONAQ","ONAQ_003","D6","distributed","shrubScrub",40.206225,-112.428493,"WGS84",45.4,1604.6,0.2,"5 - capture","ShermanXLK","2024-04-12","2024-04-12","NEON.MAM.D15.R4936",,"DIORDIMI","Dipodomys ordii/microps","speciesGroup",,,,,"N","M","Y","processed",,"adult","nonscrotal",,,,,,,,,"U","U","U",,"did not check","dry ice",,,,,,,,,,,,,,,"0009-0000-7236-0361","0009-0001-2150-8968",,,,,"e0f5d67d-3caa-4e25-97f6-8c7806b0dd84"
"d8ab1e85-0e99-44a2-8099-86e339fb8584","1fad8a40-9b3b-4bcf-a532-2a00f8de5f45","ONAQ_003.mammalGrid.mam","D15","ONAQ","ONAQ_003","F8","distributed","shrubScrub",40.206225,-112.428493,"WGS84",45.4,1604.6,0.2,"5 - capture","ShermanXLK","2024-04-12","2024-04-12","NEON.MAM.D15.R6082",,"DIORDIMI","Dipodomys ordii/microps","speciesGroup",,,,,"N","F","Y","processed",,"adult",,"nonenlarged","not","swollen",,,,,,"U","U","U",,"did not check","dry ice",,,,,,,,,,,,,,,"0009-0000-7236-0361","0009-0001-2150-8968",,,,,"eaae0189-336c-4291-b756-6a6211c59644"
"ed00b8a8-c8e7-43bb-b6e2-4837dea6b14a","5fc1a4da-69be-47d1-8579-eacaf40176e2","ONAQ_020.mammalGrid.mam","D15","ONAQ","ONAQ_020","J9","distributed","shrubScrub",40.183889,-112.436683,"WGS84",45.1,1627.6,0.1,"5 - capture","ShermanXLK","2024-04-12","2024-04-12","NEON.MAM.D15.R5806",,"PEMA","Peromyscus maniculatus","species",,,,,"N","F","Y","processed",,"subadult",,"nonenlarged","not","neither",,,,,13,"U","U","U",,"did not check","dry ice",,,,,,,,,,,,,,,"0009-0001-5608-8465","0009-0005-2133-045X",,,,,"36d59d30-f56d-420a-a760-b644304782af"
"104bcdbc-902f-4458-927f-e96d15adfcdb","694f0351-35af-4538-a55b-6152e8c33959","ONAQ_023.mammalGrid.mam","D15","ONAQ","ONAQ_023","G7","distributed","evergreenForest",40.195079,-112.504944,"WGS84",45.1,1881.2,0.1,"1 - trap not set","ShermanXLK","2024-04-12","2024-04-12",,,,,,,,,,,,,,,,,,,,,,,,,,,,,,,,,,,,,,,,,,,,,"0009-0001-2150-8968","0009-0001-2150-8968",,,,,"ca1503ac-c9c5-420a-8c90-d73d9aaed9de"
"03f5932a-821d-456a-8389-3fc0dd040469","5fc1a4da-69be-47d1-8579-eacaf40176e2","ONAQ_020.mammalGrid.mam","D15","ONAQ","ONAQ_020","J10","distributed","shrubScrub",40.183889,-112.436683,"WGS84",45.1,1627.6,0.1,"5 - capture","ShermanXLK","2024-04-12","2024-04-12","NEON.MAM.D15.R5760",,"PEMA","Peromyscus maniculatus","species",,,,,"N","F","Y","processed",,"adult",,"enlarged","not","swollen",,,,,19,"U","U","U",,"did not check","dry ice",,,,,,,,,,,,,,,"0009-0001-5608-8465","0009-0005-2133-045X",,,,,"1cf70d57-d20d-4ea4-a449-48f6c6e0d6e9"
"d3dfca41-036a-49f0-89b3-647935f540bb","65dac64e-3317-4e8c-864a-9b8f9439f440","ONAQ_019.mammalGrid.mam","D15","ONAQ","ONAQ_019","A1","distributed","shrubScrub",40.174342,-112.480716,"WGS84",45.1,1724.4,0.1,"1 - trap not set","ShermanXLK","2024-04-12","2024-04-12",,,,,,,,,,,,,,,,,,,,,,,,,,,,,,,,,,,,,,,,,,,,,"0009-0001-2150-8968","0009-0001-2150-8968",,,,,"c059eb58-824e-48fc-ac54-6cbb29554e53"
"55763798-7268-4001-a262-015781518f6e","1fad8a40-9b3b-4bcf-a532-2a00f8de5f45","ONAQ_003.mammalGrid.mam","D15","ONAQ","ONAQ_003","D10","distributed","shrubScrub",40.206225,-112.428493,"WGS84",45.4,1604.6,0.2,"5 - capture","ShermanXLK","2024-04-12","2024-04-12","NEON.MAM.D15.R5609",,"PEMA","Peromyscus maniculatus","species",,,,,"N","F","N","processed",,"juvenile",,"nonenlarged","not","neither",,,,,9,"U","U","U",,"did not check","dry ice",,,,,,,,,,,,,,,"0009-0000-7236-0361","0009-0001-2150-8968",,,,,"a18212fe-8010-4f3a-b3b0-b739cf58dffd"
"6352b9ca-def1-4802-94d4-c2283f93466d","694f0351-35af-4538-a55b-6152e8c33959","ONAQ_023.mammalGrid.mam","D15","ONAQ","ONAQ_023","F6","distributed","evergreenForest",40.195079,-112.504944,"WGS84",45.1,1881.2,0.1,"1 - trap not set","ShermanXLK","2024-04-12","2024-04-12",,,,,,,,,,,,,,,,,,,,,,,,,,,,,,,,,,,,,,,,,,,,,"0009-0001-2150-8968","0009-0001-2150-8968",,,,,"b58cfbdd-e106-4d6e-a311-7cbaf915f10d"
"9c9b0232-6c1e-4395-84ae-b4d3528eac85","1fad8a40-9b3b-4bcf-a532-2a00f8de5f45","ONAQ_003.mammalGrid.mam","D15","ONAQ","ONAQ_003","I2","distributed","shrubScrub",40.206225,-112.428493,"WGS84",45.4,1604.6,0.2,"5 - capture","ShermanXLK","2024-04-12","2024-04-12","NEON.MAM.D15.R4944",,"PEMA","Peromyscus maniculatus","species",,,,,"N","M","Y","processed",,"adult","nonscrotal",,,,,,,,,"U","U","U",,"did not check","dry ice",,,,,,,,,,,,,,,"0009-0000-7236-0361","0009-0001-2150-8968",,,,,"9c498afd-9667-4b35-97b6-00a3d7eef0c9"
"3f1ff48e-fcf8-401c-9857-11ced7aa887a","1fad8a40-9b3b-4bcf-a532-2a00f8de5f45","ONAQ_003.mammalGrid.mam","D15","ONAQ","ONAQ_003","C7","distributed","shrubScrub",40.206225,-112.428493,"WGS84",45.4,1604.6,0.2,"5 - capture","ShermanXLK","2024-04-12","2024-04-12","NEON.MAM.D15.R5849",,"DIORDIMI","Dipodomys ordii/microps","speciesGroup",,,,,"N","F","N","processed",,"adult",,"nonenlarged","not","neither",,,,,,"U","U","U",,"did not check","dry ice",,,,,,,,,,,,,,,"0009-0000-7236-0361","0009-0001-2150-8968",,,,,"c5b9f2e0-432c-463d-9129-5fd2c1c8033f"
"88e4a80b-fc1a-4799-a038-3f405adfb7d9","1fad8a40-9b3b-4bcf-a532-2a00f8de5f45","ONAQ_003.mammalGrid.mam","D15","ONAQ","ONAQ_003","D7","distributed","shrubScrub",40.206225,-112.428493,"WGS84",45.4,1604.6,0.2,"6 - trap set and empty","ShermanXLK","2024-04-12","2024-04-12",,,,,,,,,,,,,,,,,,,,,,,,,,,,,,,,,,,,,,,,,,,,,"0009-0000-7236-0361","0009-0001-2150-8968",,,,,"1c4fe545-c99e-4b7f-a864-2ab7fdf51b3c"
"6179f3b8-0e4b-4c42-94c4-1315137e7703","0b6bf725-c8b2-4ddc-8dbc-b265a54d3f72","ONAQ_005.mammalGrid.mam","D15","ONAQ","ONAQ_005","D3","distributed","shrubScrub",40.180753,-112.429727,"WGS84",45.3,1607.9,0.4,"6 - trap set and empty","ShermanXLK","2024-04-12","2024-04-12",,,,,,,,,,,,,,,,,,,,,,,,,,,,,,,,,,,,,,,,,,,,,"0009-0001-2150-8968","0009-0000-7236-0361",,,,,"94664688-df6c-450c-8e3f-e493345f293f"
"731a4273-9541-4d3a-a8cc-a226fabcc690","5fc1a4da-69be-47d1-8579-eacaf40176e2","ONAQ_020.mammalGrid.mam","D15","ONAQ","ONAQ_020","D6","distributed","shrubScrub",40.183889,-112.436683,"WGS84",45.1,1627.6,0.1,"3 - trap door open or closed w/ spoor left","ShermanXLK","2024-04-12","2024-04-12",,,,,,,,,,,,,,,,,,,,,,,,,,,,,"did not check","dry ice",,,,,,,,,,,,,,,"0009-0001-5608-8465","0009-0005-2133-045X",,,,,"d2298b2c-8f18-4262-9bbb-0172b6a47ad3"
"729559c2-a655-42b7-a857-84faae12badd","6a52ab3b-f583-4c40-a237-1d54fbe3a4c4","ONAQ_004.mammalGrid.mam","D15","ONAQ","ONAQ_004","C1","distributed","shrubScrub",40.186515,-112.474083,"WGS84",45.1,1718.1,0.1,"1 - trap not set","ShermanXLK","2024-04-12","2024-04-12",,,,,,,,,,,,,,,,,,,,,,,,,,,,,,,,,,,,,,,,,,,,,"0009-0001-2150-8968","0009-0001-2150-8968",,,,,"0b491d4a-8c6a-4d71-b136-420436f2a9d1"
"63f75b65-ecc3-4a75-8f33-8e899c2e84fc","0b6bf725-c8b2-4ddc-8dbc-b265a54d3f72","ONAQ_005.mammalGrid.mam","D15","ONAQ","ONAQ_005","A5","distributed","shrubScrub",40.180753,-112.429727,"WGS84",45.3,1607.9,0.4,"5 - capture","ShermanXLK","2024-04-12","2024-04-12","NEON.MAM.D15.R5601",,"PEMA","Peromyscus maniculatus","species",,,,,"N","U","Y","processed",,"adult",,,,,,,,,,"U","U","U",,"did not check","dry ice",,,,,,,,,,,,,,,"0009-0001-2150-8968","0009-0000-7236-0361",,,,,"04fe0250-5fc0-4144-9423-0c8ca1c40749"
"e6d0d933-8b93-4372-8d5e-a66783374c86","65dac64e-3317-4e8c-864a-9b8f9439f440","ONAQ_019.mammalGrid.mam","D15","ONAQ","ONAQ_019","D9","distributed","shrubScrub",40.174342,-112.480716,"WGS84",45.1,1724.4,0.1,"1 - trap not set","ShermanXLK","2024-04-12","2024-04-12",,,,,,,,,,,,,,,,,,,,,,,,,,,,,,,,,,,,,,,,,,,,,"0009-0001-2150-8968","0009-0001-2150-8968",,,,,"6c7cee27-e153-4141-86f3-4fdd1c019109"
"72e9fd41-fcf3-4af6-95c2-f29741cb4f02","694f0351-35af-4538-a55b-6152e8c33959","ONAQ_023.mammalGrid.mam","D15","ONAQ","ONAQ_023","B4","distributed","evergreenForest",40.195079,-112.504944,"WGS84",45.1,1881.2,0.1,"1 - trap not set","ShermanXLK","2024-04-12","2024-04-12",,,,,,,,,,,,,,,,,,,,,,,,,,,,,,,,,,,,,,,,,,,,,"0009-0001-2150-8968","0009-0001-2150-8968",,,,,"987035f5-d4ad-4fd3-aa90-36c1ad3b6c1b"
"ab150db7-7e38-44e9-acc8-0128bebabdd5","694f0351-35af-4538-a55b-6152e8c33959","ONAQ_023.mammalGrid.mam","D15","ONAQ","ONAQ_023","C6","distributed","evergreenForest",40.195079,-112.504944,"WGS84",45.1,1881.2,0.1,"1 - trap not set","ShermanXLK","2024-04-12","2024-04-12",,,,,,,,,,,,,,,,,,,,,,,,,,,,,,,,,,,,,,,,,,,,,"0009-0001-2150-8968","0009-0001-2150-8968",,,,,"b7bfb05d-c5b8-44d5-9530-8582316f8978"
"41ceef42-8c19-4a8f-8e9c-cae8ced2502e","5fc1a4da-69be-47d1-8579-eacaf40176e2","ONAQ_020.mammalGrid.mam","D15","ONAQ","ONAQ_020","C5","distributed","shrubScrub",40.183889,-112.436683,"WGS84",45.1,1627.6,0.1,"6 - trap set and empty","ShermanXLK","2024-04-12","2024-04-12",,,,,,,,,,,,,,,,,,,,,,,,,,,,,,,,,,,,,,,,,,,,,"0009-0001-5608-8465","0009-0005-2133-045X",,,,,"2d35d15b-3dc5-410e-8b8f-684fc562b357"
"8d6a8645-d7cb-4b6e-8ec6-eb53e8b56d9b","6a52ab3b-f583-4c40-a237-1d54fbe3a4c4","ONAQ_004.mammalGrid.mam","D15","ONAQ","ONAQ_004","B10","distributed","shrubScrub",40.186515,-112.474083,"WGS84",45.1,1718.1,0.1,"1 - trap not set","ShermanXLK","2024-04-12","2024-04-12",,,,,,,,,,,,,,,,,,,,,,,,,,,,,,,,,,,,,,,,,,,,,"0009-0001-2150-8968","0009-0001-2150-8968",,,,,"649311a1-332c-4f0f-b1f9-3cd8b1ddd3cd"
"2352ea46-297e-4cf1-8333-68fa714153bb","6a52ab3b-f583-4c40-a237-1d54fbe3a4c4","ONAQ_004.mammalGrid.mam","D15","ONAQ","ONAQ_004","I7","distributed","shrubScrub",40.186515,-112.474083,"WGS84",45.1,1718.1,0.1,"1 - trap not set","ShermanXLK","2024-04-12","2024-04-12",,,,,,,,,,,,,,,,,,,,,,,,,,,,,,,,,,,,,,,,,,,,,"0009-0001-2150-8968","0009-0001-2150-8968",,,,,"592d181c-7499-432d-a38f-94da33cc54a0"
"b4aa54c9-39c2-44e6-a5c5-9c1552498ab8","6a52ab3b-f583-4c40-a237-1d54fbe3a4c4","ONAQ_004.mammalGrid.mam","D15","ONAQ","ONAQ_004","H4","distributed","shrubScrub",40.186515,-112.474083,"WGS84",45.1,1718.1,0.1,"1 - trap not set","ShermanXLK","2024-04-12","2024-04-12",,,,,,,,,,,,,,,,,,,,,,,,,,,,,,,,,,,,,,,,,,,,,"0009-0001-2150-8968","0009-0001-2150-8968",,,,,"57030b9d-97cd-46b5-a82a-5d50175164fb"
"ea433610-c8c3-470a-b2a2-af92a1dc46ea","65dac64e-3317-4e8c-864a-9b8f9439f440","ONAQ_019.mammalGrid.mam","D15","ONAQ","ONAQ_019","H7","distributed","shrubScrub",40.174342,-112.480716,"WGS84",45.1,1724.4,0.1,"1 - trap not set","ShermanXLK","2024-04-12","2024-04-12",,,,,,,,,,,,,,,,,,,,,,,,,,,,,,,,,,,,,,,,,,,,,"0009-0001-2150-8968","0009-0001-2150-8968",,,,,"f64f61ca-d28a-483f-b455-1b7a90c067b8"
"03b20242-b3aa-43c1-b3f0-f2062d47fd4e","0b6bf725-c8b2-4ddc-8dbc-b265a54d3f72","ONAQ_005.mammalGrid.mam","D15","ONAQ","ONAQ_005","C3","distributed","shrubScrub",40.180753,-112.429727,"WGS84",45.3,1607.9,0.4,"6 - trap set and empty","ShermanXLK","2024-04-12","2024-04-12",,,,,,,,,,,,,,,,,,,,,,,,,,,,,,,,,,,,,,,,,,,,,"0009-0001-2150-8968","0009-0000-7236-0361",,,,,"a580eb1d-c438-44c0-827b-abcadf5192cf"
"9d3d90f2-edd0-46a3-8e48-e4d6ce926b15","1fad8a40-9b3b-4bcf-a532-2a00f8de5f45","ONAQ_003.mammalGrid.mam","D15","ONAQ","ONAQ_003","A1","distributed","shrubScrub",40.206225,-112.428493,"WGS84",45.4,1604.6,0.2,"5 - capture","ShermanXLK","2024-04-12","2024-04-12","NEON.MAM.D15.R4915",,"PEMA","Peromyscus maniculatus","species",,,,,"N","F","Y","processed",,"juvenile",,"nonenlarged","not","neither",,,,,,"U","U","U",,"did not check","dry ice",,,,,,,,,,,,,,,"0009-0000-7236-0361","0009-0001-2150-8968",,,,,"766baf2a-4a05-43fd-97d6-9156b64408e9"
"104273ad-97d2-4e12-8381-f2fc6cc54781","5fc1a4da-69be-47d1-8579-eacaf40176e2","ONAQ_020.mammalGrid.mam","D15","ONAQ","ONAQ_020","F10","distributed","shrubScrub",40.183889,-112.436683,"WGS84",45.1,1627.6,0.1,"5 - capture","ShermanXLK","2024-04-12","2024-04-12","NEON.MAM.D15.R5729",,"PEMA","Peromyscus maniculatus","species",,,,,"N","F","N","processed",,"juvenile",,"nonenlarged","not","neither",,,,,10,"U","U","U",,"did not check","dry ice",,,,,,,,,,,,,,,"0009-0001-5608-8465","0009-0005-2133-045X",,,,,"349e61f5-3fc5-4c63-b4d1-87db6d5c2934"
"e1de5581-3574-43cc-a1c5-b519862269ad","0b6bf725-c8b2-4ddc-8dbc-b265a54d3f72","ONAQ_005.mammalGrid.mam","D15","ONAQ","ONAQ_005","A1","distributed","shrubScrub",40.180753,-112.429727,"WGS84",45.3,1607.9,0.4,"6 - trap set and empty","ShermanXLK","2024-04-12","2024-04-12",,,,,,,,,,,,,,,,,,,,,,,,,,,,,,,,,,,,,,,,,,,,,"0009-0001-2150-8968","0009-0000-7236-0361",,,,,"5018be4b-6c55-4647-828b-4dbcf470c808"
"e0514529-83d1-404b-a11f-b763ecfd9d3e","0b6bf725-c8b2-4ddc-8dbc-b265a54d3f72","ONAQ_005.mammalGrid.mam","D15","ONAQ","ONAQ_005","E10","distributed","shrubScrub",40.180753,-112.429727,"WGS84",45.3,1607.9,0.4,"1 - trap not set","ShermanXLK","2024-04-12","2024-04-12",,,,,,,,,,,,,,,,,,,,,,,,,,,,,"did not check","dry ice",,,,,,,,,,,,,,,"0009-0001-2150-8968","0009-0000-7236-0361",,,,,"ac41108b-a71d-49bb-b058-4bafe01a4716"
"8995a6be-ffd8-4877-921e-a9c5da5d256a","65dac64e-3317-4e8c-864a-9b8f9439f440","ONAQ_019.mammalGrid.mam","D15","ONAQ","ONAQ_019","G6","distributed","shrubScrub",40.174342,-112.480716,"WGS84",45.1,1724.4,0.1,"1 - trap not set","ShermanXLK","2024-04-12","2024-04-12",,,,,,,,,,,,,,,,,,,,,,,,,,,,,,,,,,,,,,,,,,,,,"0009-0001-2150-8968","0009-0001-2150-8968",,,,,"a23d7738-d735-4ae2-8ade-399fefe614ae"
"af96ba4f-cd08-4d16-9878-3aad77bc4503","6a52ab3b-f583-4c40-a237-1d54fbe3a4c4","ONAQ_004.mammalGrid.mam","D15","ONAQ","ONAQ_004","I8","distributed","shrubScrub",40.186515,-112.474083,"WGS84",45.1,1718.1,0.1,"1 - trap not set","ShermanXLK","2024-04-12","2024-04-12",,,,,,,,,,,,,,,,,,,,,,,,,,,,,,,,,,,,,,,,,,,,,"0009-0001-2150-8968","0009-0001-2150-8968",,,,,"a5a02178-f7ce-4d6a-80dc-76f5f574592d"
"b0a44682-4934-45a0-b471-3b3a8519938e","6a52ab3b-f583-4c40-a237-1d54fbe3a4c4","ONAQ_004.mammalGrid.mam","D15","ONAQ","ONAQ_004","H8","distributed","shrubScrub",40.186515,-112.474083,"WGS84",45.1,1718.1,0.1,"1 - trap not set","ShermanXLK","2024-04-12","2024-04-12",,,,,,,,,,,,,,,,,,,,,,,,,,,,,,,,,,,,,,,,,,,,,"0009-0001-2150-8968","0009-0001-2150-8968",,,,,"0444ea36-eb1f-4253-a9ce-b3a82e44488d"
"7ab5cdd1-a5a3-4532-acb2-8704f2b17cf4","694f0351-35af-4538-a55b-6152e8c33959","ONAQ_023.mammalGrid.mam","D15","ONAQ","ONAQ_023","A10","distributed","evergreenForest",40.195079,-112.504944,"WGS84",45.1,1881.2,0.1,"1 - trap not set","ShermanXLK","2024-04-12","2024-04-12",,,,,,,,,,,,,,,,,,,,,,,,,,,,,,,,,,,,,,,,,,,,,"0009-0001-2150-8968","0009-0001-2150-8968",,,,,"e795f94a-c5dc-473f-882f-b6f98c494df1"
"e8e014d0-ad09-4d17-92c1-f11b21ed7f74","6a52ab3b-f583-4c40-a237-1d54fbe3a4c4","ONAQ_004.mammalGrid.mam","D15","ONAQ","ONAQ_004","E3","distributed","shrubScrub",40.186515,-112.474083,"WGS84",45.1,1718.1,0.1,"1 - trap not set","ShermanXLK","2024-04-12","2024-04-12",,,,,,,,,,,,,,,,,,,,,,,,,,,,,,,,,,,,,,,,,,,,,"0009-0001-2150-8968","0009-0001-2150-8968",,,,,"9007b6ec-28ac-4604-9636-1bbff98ca04e"
"f1daf40b-c460-46bc-9e29-890a4f789111","694f0351-35af-4538-a55b-6152e8c33959","ONAQ_023.mammalGrid.mam","D15","ONAQ","ONAQ_023","H10","distributed","evergreenForest",40.195079,-112.504944,"WGS84",45.1,1881.2,0.1,"1 - trap not set","ShermanXLK","2024-04-12","2024-04-12",,,,,,,,,,,,,,,,,,,,,,,,,,,,,,,,,,,,,,,,,,,,,"0009-0001-2150-8968","0009-0001-2150-8968",,,,,"9717722c-aadc-45eb-ac34-6c01dc612a2e"
"f1993bf1-68bb-4b86-80e7-36dfd49be717","65dac64e-3317-4e8c-864a-9b8f9439f440","ONAQ_019.mammalGrid.mam","D15","ONAQ","ONAQ_019","G3","distributed","shrubScrub",40.174342,-112.480716,"WGS84",45.1,1724.4,0.1,"1 - trap not set","ShermanXLK","2024-04-12","2024-04-12",,,,,,,,,,,,,,,,,,,,,,,,,,,,,,,,,,,,,,,,,,,,,"0009-0001-2150-8968","0009-0001-2150-8968",,,,,"02eb8961-78da-4793-8f02-9bb7f52dbe3a"
"f65cd07a-68cb-4265-a89a-93699a67010f","694f0351-35af-4538-a55b-6152e8c33959","ONAQ_023.mammalGrid.mam","D15","ONAQ","ONAQ_023","A5","distributed","evergreenForest",40.195079,-112.504944,"WGS84",45.1,1881.2,0.1,"1 - trap not set","ShermanXLK","2024-04-12","2024-04-12",,,,,,,,,,,,,,,,,,,,,,,,,,,,,,,,,,,,,,,,,,,,,"0009-0001-2150-8968","0009-0001-2150-8968",,,,,"3ac672ab-afe9-44c3-bd78-9aa1f994043e"
"5b26c6f6-474d-475e-862c-765bfb8569e2","694f0351-35af-4538-a55b-6152e8c33959","ONAQ_023.mammalGrid.mam","D15","ONAQ","ONAQ_023","C1","distributed","evergreenForest",40.195079,-112.504944,"WGS84",45.1,1881.2,0.1,"1 - trap not set","ShermanXLK","2024-04-12","2024-04-12",,,,,,,,,,,,,,,,,,,,,,,,,,,,,,,,,,,,,,,,,,,,,"0009-0001-2150-8968","0009-0001-2150-8968",,,,,"8c095fa2-6028-4c75-bf54-7139b5c3fdf2"
"80251608-f4c5-4687-9421-60472ebd3204","0b6bf725-c8b2-4ddc-8dbc-b265a54d3f72","ONAQ_005.mammalGrid.mam","D15","ONAQ","ONAQ_005","I7","distributed","shrubScrub",40.180753,-112.429727,"WGS84",45.3,1607.9,0.4,"5 - capture","ShermanXLK","2024-04-12","2024-04-12","NEON.MAM.D15.R5747",,"DIORDIMI","Dipodomys ordii/microps","speciesGroup",,,,,"N","U","N","processed",,"unknown",,,,,,,,,,"U","U","U",,"did not check","dry ice",,,,,,,,,,,,,,,"0009-0001-2150-8968","0009-0000-7236-0361",,,,,"e078a238-4b32-468f-8d1f-70d56a18649a"
"4dc28b19-9b41-4a74-9912-3477a6d4565a","1fad8a40-9b3b-4bcf-a532-2a00f8de5f45","ONAQ_003.mammalGrid.mam","D15","ONAQ","ONAQ_003","D3","distributed","shrubScrub",40.206225,-112.428493,"WGS84",45.4,1604.6,0.2,"6 - trap set and empty","ShermanXLK","2024-04-12","2024-04-12",,,,,,,,,,,,,,,,,,,,,,,,,,,,,,,,,,,,,,,,,,,,,"0009-0000-7236-0361","0009-0001-2150-8968",,,,,"84e07b60-2c6d-48b6-89e2-38c224e9d9f7"
"2291374e-a8b5-4287-a979-e3e3eefcdaa6","65dac64e-3317-4e8c-864a-9b8f9439f440","ONAQ_019.mammalGrid.mam","D15","ONAQ","ONAQ_019","A3","distributed","shrubScrub",40.174342,-112.480716,"WGS84",45.1,1724.4,0.1,"1 - trap not set","ShermanXLK","2024-04-12","2024-04-12",,,,,,,,,,,,,,,,,,,,,,,,,,,,,,,,,,,,,,,,,,,,,"0009-0001-2150-8968","0009-0001-2150-8968",,,,,"7e1a6c6c-2a31-4486-afad-98c070c3bf1c"
"88aa70ee-c80f-4b89-8fa5-3b5e86f4a2bd","5fc1a4da-69be-47d1-8579-eacaf40176e2","ONAQ_020.mammalGrid.mam","D15","ONAQ","ONAQ_020","H6","distributed","shrubScrub",40.183889,-112.436683,"WGS84",45.1,1627.6,0.1,"6 - trap set and empty","ShermanXLK","2024-04-12","2024-04-12",,,,,,,,,,,,,,,,,,,,,,,,,,,,,,,,,,,,,,,,,,,,,"0009-0001-5608-8465","0009-0005-2133-045X",,,,,"f1e54f9a-3e32-49be-a2b6-b9281d719b15"
"74a477f3-34ed-48ce-8f32-ba3e37407b55","0b6bf725-c8b2-4ddc-8dbc-b265a54d3f72","ONAQ_005.mammalGrid.mam","D15","ONAQ","ONAQ_005","G2","distributed","shrubScrub",40.180753,-112.429727,"WGS84",45.3,1607.9,0.4,"1 - trap not set","ShermanXLK","2024-04-12","2024-04-12",,,,,,,,,,,,,,,,,,,,,,,,,,,,,"did not check","dry ice",,,,,,,,,,,,,,,"0009-0001-2150-8968","0009-0000-7236-0361",,,,,"2a6a54da-7962-47d8-97e6-ddf05d91e9e4"
"a7850f94-3450-4603-b10e-62edf3b54f9d","65dac64e-3317-4e8c-864a-9b8f9439f440","ONAQ_019.mammalGrid.mam","D15","ONAQ","ONAQ_019","H1","distributed","shrubScrub",40.174342,-112.480716,"WGS84",45.1,1724.4,0.1,"1 - trap not set","ShermanXLK","2024-04-12","2024-04-12",,,,,,,,,,,,,,,,,,,,,,,,,,,,,,,,,,,,,,,,,,,,,"0009-0001-2150-8968","0009-0001-2150-8968",,,,,"e30b8160-5993-4f1f-a9d0-36a206fea049"
"7bc20f6e-ef6e-4eb8-b6e1-ea8eac810114","694f0351-35af-4538-a55b-6152e8c33959","ONAQ_023.mammalGrid.mam","D15","ONAQ","ONAQ_023","B7","distributed","evergreenForest",40.195079,-112.504944,"WGS84",45.1,1881.2,0.1,"1 - trap not set","ShermanXLK","2024-04-12","2024-04-12",,,,,,,,,,,,,,,,,,,,,,,,,,,,,,,,,,,,,,,,,,,,,"0009-0001-2150-8968","0009-0001-2150-8968",,,,,"0711e6d1-8486-4f09-82fc-a730444e687a"
"ac5e3190-d6a6-4924-8cf0-53b96d614abd","1fad8a40-9b3b-4bcf-a532-2a00f8de5f45","ONAQ_003.mammalGrid.mam","D15","ONAQ","ONAQ_003","D8","distributed","shrubScrub",40.206225,-112.428493,"WGS84",45.4,1604.6,0.2,"5 - capture","ShermanXLK","2024-04-12","2024-04-12","NEON.MAM.D15.R6080",,"PEMA","Peromyscus maniculatus","species",,,,,"N","F","Y","processed",,"adult",,"nonenlarged","not","neither",,,,,,"U","U","U",,"did not check","dry ice",,,,,,,,,,,,,,,"0009-0000-7236-0361","0009-0001-2150-8968",,,,,"acad102f-f526-42f6-a68f-7f21d47afd3a"
"4db3e07e-8656-46e1-b6c4-4327a2c27da1","1fad8a40-9b3b-4bcf-a532-2a00f8de5f45","ONAQ_003.mammalGrid.mam","D15","ONAQ","ONAQ_003","G2","distributed","shrubScrub",40.206225,-112.428493,"WGS84",45.4,1604.6,0.2,"1 - trap not set","ShermanXLK","2024-04-12","2024-04-12",,,,,,,,,,,,,,,,,,,,,,,,,,,,,"did not check","dry ice",,,,,,,,,,,,,,,"0009-0000-7236-0361","0009-0001-2150-8968",,,,,"ed04a00d-7f30-45ae-a56d-b6bc87cc5f87"
"5b0fdbdc-6ff9-4aa5-a43b-941da9390432","6a52ab3b-f583-4c40-a237-1d54fbe3a4c4","ONAQ_004.mammalGrid.mam","D15","ONAQ","ONAQ_004","I4","distributed","shrubScrub",40.186515,-112.474083,"WGS84",45.1,1718.1,0.1,"1 - trap not set","ShermanXLK","2024-04-12","2024-04-12",,,,,,,,,,,,,,,,,,,,,,,,,,,,,,,,,,,,,,,,,,,,,"0009-0001-2150-8968","0009-0001-2150-8968",,,,,"14b6d2a7-d10e-475e-9672-1aabaa60d915"
"87371d8e-a3d7-4b28-ae24-6290d47f8984","6a52ab3b-f583-4c40-a237-1d54fbe3a4c4","ONAQ_004.mammalGrid.mam","D15","ONAQ","ONAQ_004","B8","distributed","shrubScrub",40.186515,-112.474083,"WGS84",45.1,1718.1,0.1,"1 - trap not set","ShermanXLK","2024-04-12","2024-04-12",,,,,,,,,,,,,,,,,,,,,,,,,,,,,,,,,,,,,,,,,,,,,"0009-0001-2150-8968","0009-0001-2150-8968",,,,,"01561d87-fe49-4ccf-a85d-84f72d60fb6d"
"5b09b8c4-8fe1-4334-8887-226c641e1695","5fc1a4da-69be-47d1-8579-eacaf40176e2","ONAQ_020.mammalGrid.mam","D15","ONAQ","ONAQ_020","C8","distributed","shrubScrub",40.183889,-112.436683,"WGS84",45.1,1627.6,0.1,"6 - trap set and empty","ShermanXLK","2024-04-12","2024-04-12",,,,,,,,,,,,,,,,,,,,,,,,,,,,,,,,,,,,,,,,,,,,,"0009-0001-5608-8465","0009-0005-2133-045X",,,,,"f7083998-06a8-42d0-9344-2ca517288c42"
"3c31ba6a-2fad-486c-91ab-ce5908feb640","1fad8a40-9b3b-4bcf-a532-2a00f8de5f45","ONAQ_003.mammalGrid.mam","D15","ONAQ","ONAQ_003","E9","distributed","shrubScrub",40.206225,-112.428493,"WGS84",45.4,1604.6,0.2,"1 - trap not set","ShermanXLK","2024-04-12","2024-04-12",,,,,,,,,,,,,,,,,,,,,,,,,,,,,"did not check","dry ice",,,,,,,,,,,,,,,"0009-0000-7236-0361","0009-0001-2150-8968",,,,,"f35fcc18-c3ae-43a2-90c1-3bf993f52794"
"ac53b8cd-fc1a-4aae-86a7-3360fe75d680","0b6bf725-c8b2-4ddc-8dbc-b265a54d3f72","ONAQ_005.mammalGrid.mam","D15","ONAQ","ONAQ_005","A9","distributed","shrubScrub",40.180753,-112.429727,"WGS84",45.3,1607.9,0.4,"6 - trap set and empty","ShermanXLK","2024-04-12","2024-04-12",,,,,,,,,,,,,,,,,,,,,,,,,,,,,,,,,,,,,,,,,,,,,"0009-0001-2150-8968","0009-0000-7236-0361",,,,,"0467893e-bc25-44be-948b-04df8c34427f"
"77f67d39-ef48-4e11-b75a-ee089a3ee754","6a52ab3b-f583-4c40-a237-1d54fbe3a4c4","ONAQ_004.mammalGrid.mam","D15","ONAQ","ONAQ_004","H6","distributed","shrubScrub",40.186515,-112.474083,"WGS84",45.1,1718.1,0.1,"1 - trap not set","ShermanXLK","2024-04-12","2024-04-12",,,,,,,,,,,,,,,,,,,,,,,,,,,,,,,,,,,,,,,,,,,,,"0009-0001-2150-8968","0009-0001-2150-8968",,,,,"f1b056ef-1046-43df-8e84-cf71b50291d9"
"e9dffe11-880c-4421-9220-d69f4bd8eb6c","0b6bf725-c8b2-4ddc-8dbc-b265a54d3f72","ONAQ_005.mammalGrid.mam","D15","ONAQ","ONAQ_005","J2","distributed","shrubScrub",40.180753,-112.429727,"WGS84",45.3,1607.9,0.4,"5 - capture","ShermanXLK","2024-04-12","2024-04-12","NEON.MAM.D15.R6096",,"PEMA","Peromyscus maniculatus","species",,,,,"N","U","Y","processed",,"unknown",,,,,,,,,,"U","U","U",,"did not check","dry ice",,,,,,,,,,,,,,,"0009-0001-2150-8968","0009-0000-7236-0361",,,,,"4bcda495-169a-41a1-a71b-94b415c504e2"
"a57ea54a-d10d-4566-ac94-e21dbc2c5af1","0b6bf725-c8b2-4ddc-8dbc-b265a54d3f72","ONAQ_005.mammalGrid.mam","D15","ONAQ","ONAQ_005","C8","distributed","shrubScrub",40.180753,-112.429727,"WGS84",45.3,1607.9,0.4,"5 - capture","ShermanXLK","2024-04-12","2024-04-12","NEON.MAM.D15.283205",,"PEPA","Perognathus parvus","species",,,,,"N","F","Y","processed",,"adult",,"nonenlarged","not","neither",,,,,17,"U","U","U",,"did not check","dry ice",,,,,,,,,,,,,,,"0009-0001-2150-8968","0009-0000-7236-0361",,,,,"c9632c38-bcfb-4db7-82b1-3afbdc7054e9"
"57ac7050-d55b-46e4-bbd9-725ae68cc180","1fad8a40-9b3b-4bcf-a532-2a00f8de5f45","ONAQ_003.mammalGrid.mam","D15","ONAQ","ONAQ_003","H4","distributed","shrubScrub",40.206225,-112.428493,"WGS84",45.4,1604.6,0.2,"6 - trap set and empty","ShermanXLK","2024-04-12","2024-04-12",,,,,,,,,,,,,,,,,,,,,,,,,,,,,,,,,,,,,,,,,,,,,"0009-0000-7236-0361","0009-0001-2150-8968",,,,,"c2c6d5e4-b843-4432-836f-274ac5ca5e10"
"8e76f48b-f3d7-45e1-879c-b0939bb6f178","694f0351-35af-4538-a55b-6152e8c33959","ONAQ_023.mammalGrid.mam","D15","ONAQ","ONAQ_023","A9","distributed","evergreenForest",40.195079,-112.504944,"WGS84",45.1,1881.2,0.1,"1 - trap not set","ShermanXLK","2024-04-12","2024-04-12",,,,,,,,,,,,,,,,,,,,,,,,,,,,,,,,,,,,,,,,,,,,,"0009-0001-2150-8968","0009-0001-2150-8968",,,,,"9859c3f6-3249-4d34-ad0e-773d6d4d68c3"
"45eb9581-33d0-4997-80f4-ce478a770f46","65dac64e-3317-4e8c-864a-9b8f9439f440","ONAQ_019.mammalGrid.mam","D15","ONAQ","ONAQ_019","I7","distributed","shrubScrub",40.174342,-112.480716,"WGS84",45.1,1724.4,0.1,"1 - trap not set","ShermanXLK","2024-04-12","2024-04-12",,,,,,,,,,,,,,,,,,,,,,,,,,,,,,,,,,,,,,,,,,,,,"0009-0001-2150-8968","0009-0001-2150-8968",,,,,"c29ebd20-ff51-4c85-bc37-b8071c019691"
"96230c9f-3923-4baf-afdf-edc676bdf4ed","5fc1a4da-69be-47d1-8579-eacaf40176e2","ONAQ_020.mammalGrid.mam","D15","ONAQ","ONAQ_020","B9","distributed","shrubScrub",40.183889,-112.436683,"WGS84",45.1,1627.6,0.1,"6 - trap set and empty","ShermanXLK","2024-04-12","2024-04-12",,,,,,,,,,,,,,,,,,,,,,,,,,,,,,,,,,,,,,,,,,,,,"0009-0001-5608-8465","0009-0005-2133-045X",,,,,"9b07366a-5d54-489e-b89d-1e175c8c4c56"
"1b8bf91b-6970-4ac6-b693-dd7aecea2ffa","0b6bf725-c8b2-4ddc-8dbc-b265a54d3f72","ONAQ_005.mammalGrid.mam","D15","ONAQ","ONAQ_005","D9","distributed","shrubScrub",40.180753,-112.429727,"WGS84",45.3,1607.9,0.4,"6 - trap set and empty","ShermanXLK","2024-04-12","2024-04-12",,,,,,,,,,,,,,,,,,,,,,,,,,,,,,,,,,,,,,,,,,,,,"0009-0001-2150-8968","0009-0000-7236-0361",,,,,"3630b05c-ac18-40f2-b7ac-d7a726ac5e44"
"369883ac-0814-44e9-9570-6df781296c1d","65dac64e-3317-4e8c-864a-9b8f9439f440","ONAQ_019.mammalGrid.mam","D15","ONAQ","ONAQ_019","D6","distributed","shrubScrub",40.174342,-112.480716,"WGS84",45.1,1724.4,0.1,"1 - trap not set","ShermanXLK","2024-04-12","2024-04-12",,,,,,,,,,,,,,,,,,,,,,,,,,,,,,,,,,,,,,,,,,,,,"0009-0001-2150-8968","0009-0001-2150-8968",,,,,"c14c843c-62bb-45ec-96ed-1210fd999d9d"
"2147645d-754e-418b-973b-e044ed8e9f45","1fad8a40-9b3b-4bcf-a532-2a00f8de5f45","ONAQ_003.mammalGrid.mam","D15","ONAQ","ONAQ_003","C3","distributed","shrubScrub",40.206225,-112.428493,"WGS84",45.4,1604.6,0.2,"5 - capture","ShermanXLK","2024-04-12","2024-04-12","NEON.MAM.D15.R4933",,"PEMA","Peromyscus maniculatus","species",,,,,"N","M","Y","processed",,"adult","nonscrotal",,,,,,,,,"U","U","U",,"did not check","dry ice",,,,,,,,,,,,,,,"0009-0000-7236-0361","0009-0001-2150-8968",,,,,"a3137370-955e-424e-b2c1-f5c9ef55f525"
"17acae17-12de-4532-9231-c73e231920aa","1fad8a40-9b3b-4bcf-a532-2a00f8de5f45","ONAQ_003.mammalGrid.mam","D15","ONAQ","ONAQ_003","J6","distributed","shrubScrub",40.206225,-112.428493,"WGS84",45.4,1604.6,0.2,"6 - trap set and empty","ShermanXLK","2024-04-12","2024-04-12",,,,,,,,,,,,,,,,,,,,,,,,,,,,,,,,,,,,,,,,,,,,,"0009-0000-7236-0361","0009-0001-2150-8968",,,,,"57581f02-4660-4b3c-998d-8b9ec33eb09c"
"11beecb2-713c-4ea9-bdd0-1bdd24089a84","65dac64e-3317-4e8c-864a-9b8f9439f440","ONAQ_019.mammalGrid.mam","D15","ONAQ","ONAQ_019","F6","distributed","shrubScrub",40.174342,-112.480716,"WGS84",45.1,1724.4,0.1,"1 - trap not set","ShermanXLK","2024-04-12","2024-04-12",,,,,,,,,,,,,,,,,,,,,,,,,,,,,,,,,,,,,,,,,,,,,"0009-0001-2150-8968","0009-0001-2150-8968",,,,,"c2b02aa9-17a9-4117-a9d4-012205007afb"
"804b93d4-cf54-45ed-b67e-9357e48a197c","5fc1a4da-69be-47d1-8579-eacaf40176e2","ONAQ_020.mammalGrid.mam","D15","ONAQ","ONAQ_020","C1","distributed","shrubScrub",40.183889,-112.436683,"WGS84",45.1,1627.6,0.1,"5 - capture","ShermanXLK","2024-04-12","2024-04-12","NEON.MAM.D15.R6075",,"PEMA","Peromyscus maniculatus","species","cf. species",,,,"N","M","Y","processed",,"adult","nonscrotal",,,,,,,,20,"U","U","U",,"did not check","dry ice",,,,,,,,,,,,,,,"0009-0001-5608-8465","0009-0005-2133-045X",,,,,"bbe459a7-0358-40e8-b5e7-ee12e3470fae"
"7fd67fd8-57bc-47ea-94e1-0a13a963b02a","1fad8a40-9b3b-4bcf-a532-2a00f8de5f45","ONAQ_003.mammalGrid.mam","D15","ONAQ","ONAQ_003","F3","distributed","shrubScrub",40.206225,-112.428493,"WGS84",45.4,1604.6,0.2,"6 - trap set and empty","ShermanXLK","2024-04-12","2024-04-12",,,,,,,,,,,,,,,,,,,,,,,,,,,,,,,,,,,,,,,,,,,,,"0009-0000-7236-0361","0009-0001-2150-8968",,,,,"d1081fd0-85a4-48d0-81a4-ee8137bd0c91"
"79b09dc7-81c1-4a5f-812b-7a319b9d4362","65dac64e-3317-4e8c-864a-9b8f9439f440","ONAQ_019.mammalGrid.mam","D15","ONAQ","ONAQ_019","I10","distributed","shrubScrub",40.174342,-112.480716,"WGS84",45.1,1724.4,0.1,"1 - trap not set","ShermanXLK","2024-04-12","2024-04-12",,,,,,,,,,,,,,,,,,,,,,,,,,,,,,,,,,,,,,,,,,,,,"0009-0001-2150-8968","0009-0001-2150-8968",,,,,"d5dd3c1e-ab79-4bf3-8d9f-4e069d39192a"
"1a5547dd-8218-4869-aca9-ac99fd2f8fdb","5fc1a4da-69be-47d1-8579-eacaf40176e2","ONAQ_020.mammalGrid.mam","D15","ONAQ","ONAQ_020","C7","distributed","shrubScrub",40.183889,-112.436683,"WGS84",45.1,1627.6,0.1,"6 - trap set and empty","ShermanXLK","2024-04-12","2024-04-12",,,,,,,,,,,,,,,,,,,,,,,,,,,,,,,,,,,,,,,,,,,,,"0009-0001-5608-8465","0009-0005-2133-045X",,,,,"4ab75fe4-f762-4345-8855-7bbf2a66018f"
"79550e44-928b-4dd3-a640-45ec6c9b5887","65dac64e-3317-4e8c-864a-9b8f9439f440","ONAQ_019.mammalGrid.mam","D15","ONAQ","ONAQ_019","D10","distributed","shrubScrub",40.174342,-112.480716,"WGS84",45.1,1724.4,0.1,"1 - trap not set","ShermanXLK","2024-04-12","2024-04-12",,,,,,,,,,,,,,,,,,,,,,,,,,,,,,,,,,,,,,,,,,,,,"0009-0001-2150-8968","0009-0001-2150-8968",,,,,"3d017b1c-4f82-48eb-af62-32652db18762"
"b8ee3aa8-445e-4f8a-84c6-0f4156399987","1fad8a40-9b3b-4bcf-a532-2a00f8de5f45","ONAQ_003.mammalGrid.mam","D15","ONAQ","ONAQ_003","J3","distributed","shrubScrub",40.206225,-112.428493,"WGS84",45.4,1604.6,0.2,"5 - capture","ShermanXLK","2024-04-12","2024-04-12","NEON.MAM.D15.R5579",,"DIORDIMI","Dipodomys ordii/microps","speciesGroup",,,,,"N","F","Y","processed",,"adult",,"enlarged","not","swollen",,,,,,"U","U","U",,"did not check","dry ice",,,,,,,,,,,,,,,"0009-0000-7236-0361","0009-0001-2150-8968",,,,,"3bffca7c-d1b8-4b43-b744-67d2db692952"
"540ad630-e3a3-4e31-96ba-a2ace927da02","6a52ab3b-f583-4c40-a237-1d54fbe3a4c4","ONAQ_004.mammalGrid.mam","D15","ONAQ","ONAQ_004","E4","distributed","shrubScrub",40.186515,-112.474083,"WGS84",45.1,1718.1,0.1,"1 - trap not set","ShermanXLK","2024-04-12","2024-04-12",,,,,,,,,,,,,,,,,,,,,,,,,,,,,,,,,,,,,,,,,,,,,"0009-0001-2150-8968","0009-0001-2150-8968",,,,,"b97c660c-2127-46e6-a642-ba6b561d2271"
"8827810a-b511-4ac0-9675-2a2549e264ab","0b6bf725-c8b2-4ddc-8dbc-b265a54d3f72","ONAQ_005.mammalGrid.mam","D15","ONAQ","ONAQ_005","J3","distributed","shrubScrub",40.180753,-112.429727,"WGS84",45.3,1607.9,0.4,"6 - trap set and empty","ShermanXLK","2024-04-12","2024-04-12",,,,,,,,,,,,,,,,,,,,,,,,,,,,,,,,,,,,,,,,,,,,,"0009-0001-2150-8968","0009-0000-7236-0361",,,,,"9c5e5ee5-08bd-40c6-aec9-8912e62d2eea"
"a28c0507-b801-40a5-bdb9-9c4acf5a42cb","5fc1a4da-69be-47d1-8579-eacaf40176e2","ONAQ_020.mammalGrid.mam","D15","ONAQ","ONAQ_020","J4","distributed","shrubScrub",40.183889,-112.436683,"WGS84",45.1,1627.6,0.1,"5 - capture","ShermanXLK","2024-04-12","2024-04-12","NEON.MAM.D15.R5803",,"DIORDIMI","Dipodomys ordii/microps","speciesGroup",,,,,"N","F","Y","processed",,"adult",,"enlarged","pregnant","swollen",,,,,72,"U","U","U",,"did not check","dry ice",,,,,,,,,,,,,,,"0009-0001-5608-8465","0009-0005-2133-045X",,,,,"4a729cee-da13-455f-8c37-1a9aca12f34d"
"2ddfd1fe-e448-4f8d-a049-49c840bf58a7","65dac64e-3317-4e8c-864a-9b8f9439f440","ONAQ_019.mammalGrid.mam","D15","ONAQ","ONAQ_019","E2","distributed","shrubScrub",40.174342,-112.480716,"WGS84",45.1,1724.4,0.1,"1 - trap not set","ShermanXLK","2024-04-12","2024-04-12",,,,,,,,,,,,,,,,,,,,,,,,,,,,,,,,,,,,,,,,,,,,,"0009-0001-2150-8968","0009-0001-2150-8968",,,,,"fe38e13e-18ed-408b-9399-5db56ec982dc"
"00985f0b-7512-4004-94fa-b12980723044","0b6bf725-c8b2-4ddc-8dbc-b265a54d3f72","ONAQ_005.mammalGrid.mam","D15","ONAQ","ONAQ_005","D6","distributed","shrubScrub",40.180753,-112.429727,"WGS84",45.3,1607.9,0.4,"6 - trap set and empty","ShermanXLK","2024-04-12","2024-04-12",,,,,,,,,,,,,,,,,,,,,,,,,,,,,,,,,,,,,,,,,,,,,"0009-0001-2150-8968","0009-0000-7236-0361",,,,,"ce4c1d45-60cd-4f06-829a-3bd295ce42ab"
"2cef586e-2082-49da-a065-372108f72db6","694f0351-35af-4538-a55b-6152e8c33959","ONAQ_023.mammalGrid.mam","D15","ONAQ","ONAQ_023","I1","distributed","evergreenForest",40.195079,-112.504944,"WGS84",45.1,1881.2,0.1,"1 - trap not set","ShermanXLK","2024-04-12","2024-04-12",,,,,,,,,,,,,,,,,,,,,,,,,,,,,,,,,,,,,,,,,,,,,"0009-0001-2150-8968","0009-0001-2150-8968",,,,,"3b113a58-5b5e-4f68-b389-83159ce79df5"
"1ba1cc2e-8451-4c4b-ada3-81a3d0bfe98c","694f0351-35af-4538-a55b-6152e8c33959","ONAQ_023.mammalGrid.mam","D15","ONAQ","ONAQ_023","B2","distributed","evergreenForest",40.195079,-112.504944,"WGS84",45.1,1881.2,0.1,"1 - trap not set","ShermanXLK","2024-04-12","2024-04-12",,,,,,,,,,,,,,,,,,,,,,,,,,,,,,,,,,,,,,,,,,,,,"0009-0001-2150-8968","0009-0001-2150-8968",,,,,"24056fae-946e-4bd9-8838-423e2cc67509"
"992ed115-b21b-4f58-9348-a0a730b1b469","0b6bf725-c8b2-4ddc-8dbc-b265a54d3f72","ONAQ_005.mammalGrid.mam","D15","ONAQ","ONAQ_005","H5","distributed","shrubScrub",40.180753,-112.429727,"WGS84",45.3,1607.9,0.4,"5 - capture","ShermanXLK","2024-04-12","2024-04-12","NEON.MAM.D15.R5600",,"PEMA","Peromyscus maniculatus","species","cf. species",,,,"N","U","Y","processed",,"adult",,,,,,,,,,"U","U","U",,"did not check","dry ice",,,,,,,,,,,,,,,"0009-0001-2150-8968","0009-0000-7236-0361",,,,,"e9fe07a7-f55f-43ab-8fef-b0a53f4cb157"
"f7854efe-da4c-4e0a-b8c9-fd97e9a626f3","5fc1a4da-69be-47d1-8579-eacaf40176e2","ONAQ_020.mammalGrid.mam","D15","ONAQ","ONAQ_020","D1","distributed","shrubScrub",40.183889,-112.436683,"WGS84",45.1,1627.6,0.1,"6 - trap set and empty","ShermanXLK","2024-04-12","2024-04-12",,,,,,,,,,,,,,,,,,,,,,,,,,,,,,,,,,,,,,,,,,,,,"0009-0001-5608-8465","0009-0005-2133-045X",,,,,"6e412f01-e291-4331-a927-34bca4aa5e2f"
"83fd3971-400f-477a-95ae-d96acfdcd661","6a52ab3b-f583-4c40-a237-1d54fbe3a4c4","ONAQ_004.mammalGrid.mam","D15","ONAQ","ONAQ_004","I3","distributed","shrubScrub",40.186515,-112.474083,"WGS84",45.1,1718.1,0.1,"1 - trap not set","ShermanXLK","2024-04-12","2024-04-12",,,,,,,,,,,,,,,,,,,,,,,,,,,,,,,,,,,,,,,,,,,,,"0009-0001-2150-8968","0009-0001-2150-8968",,,,,"b3ad8437-b246-49fc-9b94-c0e0eaaefd97"
"b7d69f35-30ef-4c54-9115-878554b5f106","5fc1a4da-69be-47d1-8579-eacaf40176e2","ONAQ_020.mammalGrid.mam","D15","ONAQ","ONAQ_020","D2","distributed","shrubScrub",40.183889,-112.436683,"WGS84",45.1,1627.6,0.1,"6 - trap set and empty","ShermanXLK","2024-04-12","2024-04-12",,,,,,,,,,,,,,,,,,,,,,,,,,,,,,,,,,,,,,,,,,,,,"0009-0001-5608-8465","0009-0005-2133-045X",,,,,"c2759014-5e55-482a-a3f4-6ca8533f9ca4"
"e8dc11a5-a678-4515-b043-b079cadab201","65dac64e-3317-4e8c-864a-9b8f9439f440","ONAQ_019.mammalGrid.mam","D15","ONAQ","ONAQ_019","D2","distributed","shrubScrub",40.174342,-112.480716,"WGS84",45.1,1724.4,0.1,"1 - trap not set","ShermanXLK","2024-04-12","2024-04-12",,,,,,,,,,,,,,,,,,,,,,,,,,,,,,,,,,,,,,,,,,,,,"0009-0001-2150-8968","0009-0001-2150-8968",,,,,"9a97ce2c-6e9b-42f9-b86b-0438c6e6bcc9"
"77eba6dd-d48e-457f-969e-f7ec9ba7b307","1fad8a40-9b3b-4bcf-a532-2a00f8de5f45","ONAQ_003.mammalGrid.mam","D15","ONAQ","ONAQ_003","H6","distributed","shrubScrub",40.206225,-112.428493,"WGS84",45.4,1604.6,0.2,"5 - capture","ShermanXLK","2024-04-12","2024-04-12","NEON.MAM.D15.R5603",,"DIORDIMI","Dipodomys ordii/microps","speciesGroup",,,,,"N","M","N","processed",,"adult","scrotal",,,,,,,,,"U","U","U",,"did not check","dry ice",,,,,,,,,,,,,,,"0009-0000-7236-0361","0009-0001-2150-8968",,,,,"821b24de-eab0-466d-8574-9430f676cb2a"
"f151cb90-2338-4958-a657-60a7e2269b43","5fc1a4da-69be-47d1-8579-eacaf40176e2","ONAQ_020.mammalGrid.mam","D15","ONAQ","ONAQ_020","B1","distributed","shrubScrub",40.183889,-112.436683,"WGS84",45.1,1627.6,0.1,"6 - trap set and empty","ShermanXLK","2024-04-12","2024-04-12",,,,,,,,,,,,,,,,,,,,,,,,,,,,,,,,,,,,,,,,,,,,,"0009-0001-5608-8465","0009-0005-2133-045X",,,,,"0cfbfeab-9e27-4c62-90f6-120df2af0426"
"7fa6cf67-8d7b-41f2-955d-1d800aa83991","694f0351-35af-4538-a55b-6152e8c33959","ONAQ_023.mammalGrid.mam","D15","ONAQ","ONAQ_023","B6","distributed","evergreenForest",40.195079,-112.504944,"WGS84",45.1,1881.2,0.1,"1 - trap not set","ShermanXLK","2024-04-12","2024-04-12",,,,,,,,,,,,,,,,,,,,,,,,,,,,,,,,,,,,,,,,,,,,,"0009-0001-2150-8968","0009-0001-2150-8968",,,,,"82813282-bf04-489a-87ea-ebabd7548bf7"
"ee34db2b-a5ee-4133-9b15-b9a821d0d66f","694f0351-35af-4538-a55b-6152e8c33959","ONAQ_023.mammalGrid.mam","D15","ONAQ","ONAQ_023","J7","distributed","evergreenForest",40.195079,-112.504944,"WGS84",45.1,1881.2,0.1,"1 - trap not set","ShermanXLK","2024-04-12","2024-04-12",,,,,,,,,,,,,,,,,,,,,,,,,,,,,,,,,,,,,,,,,,,,,"0009-0001-2150-8968","0009-0001-2150-8968",,,,,"66752153-10bd-4ec6-9638-a129cdd6eb31"
"4bc835f2-a955-47b9-8870-76bbc1d6fa91","0b6bf725-c8b2-4ddc-8dbc-b265a54d3f72","ONAQ_005.mammalGrid.mam","D15","ONAQ","ONAQ_005","B6","distributed","shrubScrub",40.180753,-112.429727,"WGS84",45.3,1607.9,0.4,"6 - trap set and empty","ShermanXLK","2024-04-12","2024-04-12",,,,,,,,,,,,,,,,,,,,,,,,,,,,,,,,,,,,,,,,,,,,,"0009-0001-2150-8968","0009-0000-7236-0361",,,,,"e1d3fd87-1d8a-4792-bc94-d26156e62e19"
"01fc8253-824c-4bac-8507-da03c034e701","0b6bf725-c8b2-4ddc-8dbc-b265a54d3f72","ONAQ_005.mammalGrid.mam","D15","ONAQ","ONAQ_005","I4","distributed","shrubScrub",40.180753,-112.429727,"WGS84",45.3,1607.9,0.4,"5 - capture","ShermanXLK","2024-04-12","2024-04-12","NEON.MAM.D15.R5776",,"DIORDIMI","Dipodomys ordii/microps","speciesGroup",,,,,"N","U","N","processed",,"unknown",,,,,,,,,,"U","U","U",,"did not check","dry ice",,,,,,,,,,,,,,,"0009-0001-2150-8968","0009-0000-7236-0361",,,,,"def7f0b6-912c-4314-8c40-b0c55fb08ce2"
"dcd5ac61-7c31-4384-9ed6-84da53a5bc5a","6a52ab3b-f583-4c40-a237-1d54fbe3a4c4","ONAQ_004.mammalGrid.mam","D15","ONAQ","ONAQ_004","G7","distributed","shrubScrub",40.186515,-112.474083,"WGS84",45.1,1718.1,0.1,"1 - trap not set","ShermanXLK","2024-04-12","2024-04-12",,,,,,,,,,,,,,,,,,,,,,,,,,,,,,,,,,,,,,,,,,,,,"0009-0001-2150-8968","0009-0001-2150-8968",,,,,"e69f19a5-3864-4b12-aa16-70f7e084b5fc"
"8fa445ee-473d-43f9-8134-f96d48ad4aac","65dac64e-3317-4e8c-864a-9b8f9439f440","ONAQ_019.mammalGrid.mam","D15","ONAQ","ONAQ_019","G9","distributed","shrubScrub",40.174342,-112.480716,"WGS84",45.1,1724.4,0.1,"1 - trap not set","ShermanXLK","2024-04-12","2024-04-12",,,,,,,,,,,,,,,,,,,,,,,,,,,,,,,,,,,,,,,,,,,,,"0009-0001-2150-8968","0009-0001-2150-8968",,,,,"04034f01-cd46-41e5-8168-6d4c324b6f64"
"96b7701a-605c-4b33-ac88-e00484be9b39","6a52ab3b-f583-4c40-a237-1d54fbe3a4c4","ONAQ_004.mammalGrid.mam","D15","ONAQ","ONAQ_004","B7","distributed","shrubScrub",40.186515,-112.474083,"WGS84",45.1,1718.1,0.1,"1 - trap not set","ShermanXLK","2024-04-12","2024-04-12",,,,,,,,,,,,,,,,,,,,,,,,,,,,,,,,,,,,,,,,,,,,,"0009-0001-2150-8968","0009-0001-2150-8968",,,,,"a8f247b9-ae07-489a-8ea2-3b773b05cf32"
"e4b695ee-e1be-4bf3-a2d8-6b1048a810df","694f0351-35af-4538-a55b-6152e8c33959","ONAQ_023.mammalGrid.mam","D15","ONAQ","ONAQ_023","C7","distributed","evergreenForest",40.195079,-112.504944,"WGS84",45.1,1881.2,0.1,"1 - trap not set","ShermanXLK","2024-04-12","2024-04-12",,,,,,,,,,,,,,,,,,,,,,,,,,,,,,,,,,,,,,,,,,,,,"0009-0001-2150-8968","0009-0001-2150-8968",,,,,"4442e343-2321-468e-ab57-86a796d8eedf"
"e79bf155-34ad-428d-8c3a-509d7e2ce897","0b6bf725-c8b2-4ddc-8dbc-b265a54d3f72","ONAQ_005.mammalGrid.mam","D15","ONAQ","ONAQ_005","E1","distributed","shrubScrub",40.180753,-112.429727,"WGS84",45.3,1607.9,0.4,"1 - trap not set","ShermanXLK","2024-04-12","2024-04-12",,,,,,,,,,,,,,,,,,,,,,,,,,,,,"did not check","dry ice",,,,,,,,,,,,,,,"0009-0001-2150-8968","0009-0000-7236-0361",,,,,"22772e7e-d772-4d31-a4cc-8cdf800d5adf"
